Scan Number,RAW File,Ion Injection Time (ms),Total Number of Peaks,Total Ion Current,Retention Time (s),Base Peak Intensity,Base Peak Mass,Multi Inject Info,Multiple Injection
1,Ref 1,50.000,74388,31989262.0,0.0028503431,1927269.0,391.2845896,IT=25;25 ,ii
4,Ref 1,28.579,57908,31528392.0,0.010773306,1808278.8,391.2832411,IT=14;14 ,ii
5,Ref 1,15.311,43476,35459704.0,0.014692026,2351231.5,391.2833226,IT=7.7;7.7 ,ii
6,Ref 1,13.303,37152,33112044.0,0.018783606,2414230.2,391.283369,IT=6.7;6.7 ,ii
7,Ref 1,15.481,39372,27029352.0,0.022912774,1565104.5,391.2834586,IT=7.7;7.7 ,ii
8,Ref 1,14.044,39188,31857964.0,0.026921007,2175080.2,391.2835619,IT=7;7 ,ii
9,Ref 1,17.465,42636,29449106.0,0.03081484,1879561.4,391.2834781,IT=8.7;8.7 ,ii
10,Ref 1,17.146,39564,27478132.0,0.034862659,1670513.2,391.2835107,IT=8.6;8.6 ,ii
11,Ref 1,16.572,42856,32974612.0,0.038912659,2120704.8,391.2834289,IT=8.3;8.3 ,ii
12,Ref 1,19.025,48840,34579764.0,0.042993841,2249860.2,391.2834789,IT=9.5;9.5 ,ii
13,Ref 1,14.438,40724,33399528.0,0.046812623,1981822.6,391.2835072,IT=7.2;7.2 ,ii
15,Ref 1,17.782,45392,32095592.0,0.052733442,2089346.6,391.2834689,IT=8.9;8.9 ,ii
16,Ref 1,15.276,41904,32769476.0,0.056747907,2258763.5,391.283504,IT=7.6;7.6 ,ii
17,Ref 1,20.980,50164,32497996.0,0.06087289,1952350.4,391.2834861,IT=10;10 ,ii
18,Ref 1,19.441,48568,35227976.0,0.064922859,2237015.5,391.2834586,IT=9.7;9.7 ,ii
19,Ref 1,25.172,56940,34335940.0,0.068920777,2051321.0,391.2834427,IT=13;13 ,ii
20,Ref 1,17.204,45736,31963740.0,0.072883357,1861960.9,391.2835468,IT=8.6;8.6 ,ii
22,Ref 1,24.804,51684,31463912.0,0.077051991,1899097.0,391.2834212,IT=12;12 ,ii
23,Ref 1,18.728,48444,35155520.0,0.081043606,2388131.0,391.283419,IT=9.4;9.4 ,ii
24,Ref 1,29.067,55576,29193400.0,0.085112327,1694485.2,391.2831985,IT=15;15 ,ii
25,Ref 1,15.874,43860,34334028.0,0.089010208,2306625.5,391.2833854,IT=7.9;7.9 ,ii
26,Ref 1,14.964,42092,34270336.0,0.093049742,2259551.2,391.283421,IT=7.5;7.5 ,ii
27,Ref 1,21.307,51428,32089394.0,0.097180992,1875078.4,391.283431,IT=11;11 ,ii
28,Ref 1,19.205,49580,34705400.0,0.10104762,2147478.0,391.2834251,IT=9.6;9.6 ,ii
29,Ref 1,14.341,42604,36280232.0,0.10503929,2398544.5,391.28346,IT=7.2;7.2 ,ii
30,Ref 1,29.209,59640,36481504.0,0.10930383,2159421.5,391.2834346,IT=15;15 ,ii
31,Ref 1,17.357,46252,33766024.0,0.11323089,2080317.4,391.2834496,IT=8.7;8.7 ,ii
32,Ref 1,17.716,46192,32879764.0,0.11713088,2155964.5,391.2834327,IT=8.9;8.9 ,ii
33,Ref 1,21.300,53552,34468548.0,0.12124544,2106368.5,391.2834167,IT=11;11 ,ii
34,Ref 1,12.488,36476,33154704.0,0.12516832,2217280.5,391.2834646,IT=6.2;6.2 ,ii
35,Ref 1,18.466,48060,34064472.0,0.12923706,2271368.2,391.2833711,IT=9.2;9.2 ,ii
36,Ref 1,17.094,43244,32122180.0,0.13311831,2061740.5,391.2834339,IT=8.5;8.5 ,ii
37,Ref 1,19.797,43604,27681518.0,0.13721201,1608899.6,391.2834793,IT=9.9;9.9 ,ii
38,Ref 1,30.588,60296,35087388.0,0.14144944,2166430.2,391.2833621,IT=15;15 ,ii
39,Ref 1,17.782,45116,34399932.0,0.14535776,2267722.5,391.283464,IT=8.9;8.9 ,ii
40,Ref 1,15.022,39524,31796066.0,0.14920362,1900362.8,391.2834827,IT=7.5;7.5 ,ii
41,Ref 1,21.035,51972,34874860.0,0.15332858,2199886.0,391.2833742,IT=11;11 ,ii
42,Ref 1,18.689,46920,32755708.0,0.15735767,2147295.5,391.2834357,IT=9.3;9.3 ,ii
43,Ref 1,17.956,45928,34512472.0,0.16140142,2054706.0,391.2834787,IT=9;9 ,ii
44,Ref 1,14.008,42192,36160692.0,0.16523269,2282572.5,391.2835254,IT=7;7 ,ii
45,Ref 1,13.391,42484,37570104.0,0.16922839,2512964.0,391.2835025,IT=6.7;6.7 ,ii
46,Ref 1,20.807,51136,33173038.0,0.17334091,1910091.6,391.2834607,IT=10;10 ,ii
47,Ref 1,20.602,48488,31935222.0,0.17740756,1982340.0,391.2834619,IT=10;10 ,ii
48,Ref 1,25.640,57984,33627160.0,0.18139091,2067372.1,391.2835149,IT=13;13 ,ii
49,Ref 1,24.293,55840,32984264.0,0.18546798,1879962.1,391.2834333,IT=12;12 ,ii
50,Ref 1,15.820,42956,30739446.0,0.18941163,1968144.6,391.2835915,IT=7.9;7.9 ,ii
51,Ref 1,16.070,44080,34352504.0,0.19345331,2354802.0,391.2834977,IT=8;8 ,ii
52,Ref 1,14.838,39884,30866998.0,0.19747621,1882700.5,391.2835804,IT=7.4;7.4 ,ii
53,Ref 1,29.266,60724,34659504.0,0.20157617,2049783.6,391.2835273,IT=15;15 ,ii
54,Ref 1,17.267,50744,39910484.0,0.20549278,2582374.8,391.2834867,IT=8.6;8.6 ,ii
55,Ref 1,32.340,63016,34010704.0,0.20979271,1944052.5,391.2835119,IT=16;16 ,ii
56,Ref 1,23.231,54716,33301616.0,0.21377184,2027417.5,391.2834629,IT=12;12 ,ii
57,Ref 1,21.969,51236,32027036.0,0.21767191,1966258.6,391.2834937,IT=11;11 ,ii
58,Ref 1,11.491,35168,33933560.0,0.22157393,2155605.2,391.2837294,IT=5.7;5.7 ,ii
59,Ref 1,18.866,47664,34610284.0,0.22564684,2139651.2,391.2834742,IT=9.4;9.4 ,ii
60,Ref 1,21.246,49788,32357558.0,0.22974258,2144166.8,391.283494,IT=11;11 ,ii
61,Ref 1,21.684,50832,31763526.0,0.23365723,1873009.1,391.283469,IT=11;11 ,ii
62,Ref 1,34.202,64300,33160112.0,0.23793217,1873996.9,391.2833906,IT=17;17 ,ii
63,Ref 1,18.999,47776,32739224.0,0.24181748,2007069.1,391.2835101,IT=9.5;9.5 ,ii
64,Ref 1,15.777,43804,35172576.0,0.24582789,2187125.8,391.2834909,IT=7.9;7.9 ,ii
65,Ref 1,22.746,51176,32428414.0,0.24981338,1881524.2,391.2834962,IT=11;11 ,ii
66,Ref 1,16.412,43024,33215538.0,0.25378201,2171773.0,391.2835236,IT=8.2;8.2 ,ii
67,Ref 1,31.053,63312,34723196.0,0.25806737,2065966.6,391.2834409,IT=16;16 ,ii
68,Ref 1,27.961,61120,37085536.0,0.26214029,2080760.0,391.2834402,IT=14;14 ,ii
69,Ref 1,24.925,58216,35339008.0,0.26603826,2151429.5,391.2834429,IT=12;12 ,ii
70,Ref 1,22.204,50768,33393330.0,0.27008406,2123845.0,391.2835202,IT=11;11 ,ii
71,Ref 1,20.823,49180,29205512.0,0.27413602,1738381.9,391.2835034,IT=10;10 ,ii
72,Ref 1,22.023,51292,30374794.0,0.27822146,1912021.2,391.2835684,IT=11;11 ,ii
73,Ref 1,21.405,55476,38394712.0,0.28211941,2419370.8,391.2834781,IT=11;11 ,ii
74,Ref 1,24.019,52596,30507106.0,0.28623812,1762247.2,391.2834629,IT=12;12 ,ii
75,Ref 1,26.934,61100,35963988.0,0.29036929,2170590.8,391.2832834,IT=13;13 ,ii
76,Ref 1,19.266,48960,33875224.0,0.29434219,2163658.5,391.2835879,IT=9.6;9.6 ,ii
77,Ref 1,24.128,53968,35134848.0,0.29832556,2073810.9,391.2834127,IT=12;12 ,ii
78,Ref 1,14.653,39824,31385348.0,0.30225676,1938634.2,391.283661,IT=7.3;7.3 ,ii
79,Ref 1,25.785,56016,33693812.0,0.30646089,2075541.4,391.2835951,IT=13;13 ,ii
80,Ref 1,31.934,62008,33768388.0,0.31065459,1883721.6,391.2835008,IT=16;16 ,ii
81,Ref 1,21.245,50908,32862762.0,0.31443168,1975642.6,391.2834885,IT=11;11 ,ii
82,Ref 1,24.721,57256,35028992.0,0.31856707,2158053.0,391.2834559,IT=12;12 ,ii
83,Ref 1,21.288,50892,32361944.0,0.32260034,1897171.5,391.2834084,IT=11;11 ,ii
84,Ref 1,33.573,64804,32423434.0,0.32686911,1883747.5,391.2834833,IT=17;17 ,ii
85,Ref 1,21.289,51916,33455570.0,0.33062947,2175577.8,391.283419,IT=11;11 ,ii
86,Ref 1,20.032,51104,36019420.0,0.33468571,2014912.9,391.2835102,IT=10;10 ,ii
87,Ref 1,16.383,41648,30531228.0,0.33868977,1813504.1,391.2835683,IT=8.2;8.2 ,ii
88,Ref 1,19.724,50260,32366850.0,0.34278772,2106606.2,391.2834584,IT=9.9;9.9 ,ii
89,Ref 1,19.540,52408,36048672.0,0.34668772,2098605.5,391.283442,IT=9.8;9.8 ,ii
90,Ref 1,15.369,41920,30803664.0,0.35068559,1833597.2,391.2835416,IT=7.7;7.7 ,ii
91,Ref 1,17.760,46564,32648140.0,0.35476056,2025759.4,391.2834524,IT=8.9;8.9 ,ii
92,Ref 1,31.670,63224,34138148.0,0.35904387,1997161.8,391.2835024,IT=16;16 ,ii
93,Ref 1,20.070,50052,32574384.0,0.36298334,1965485.5,391.2834227,IT=10;10 ,ii
94,Ref 1,22.103,53936,34453088.0,0.36691259,2045165.2,391.2835083,IT=11;11 ,ii
95,Ref 1,24.108,54180,33738064.0,0.37102711,2060175.8,391.2835371,IT=12;12 ,ii
96,Ref 1,28.375,59948,35141132.0,0.37517699,2005431.2,391.2835262,IT=14;14 ,ii
97,Ref 1,25.777,57228,34050716.0,0.37923949,2112347.2,391.2835419,IT=13;13 ,ii
98,Ref 1,18.882,49392,36983652.0,0.38305414,2211727.0,391.2835279,IT=9.4;9.4 ,ii
99,Ref 1,30.972,61604,35695092.0,0.38731866,2099637.0,391.2835104,IT=15;15 ,ii
100,Ref 1,17.166,46064,34762560.0,0.39122272,2160882.8,391.2835389,IT=8.6;8.6 ,ii
101,Ref 1,28.104,59532,35760900.0,0.39544772,2117362.0,391.2835692,IT=14;14 ,ii
102,Ref 1,14.103,40636,30662416.0,0.39932069,1774583.6,391.2837307,IT=7.1;7.1 ,ii
103,Ref 1,17.824,49980,35748504.0,0.40338941,2286951.0,391.2834538,IT=8.9;8.9 ,ii
104,Ref 1,20.124,48924,31364318.0,0.40747681,1884190.5,391.2835399,IT=10;10 ,ii
105,Ref 1,11.528,41624,42582356.0,0.41139763,2616839.0,391.283603,IT=5.8;5.8 ,ii
106,Ref 1,21.544,53060,35254320.0,0.41534352,2182882.5,391.2835377,IT=11;11 ,ii
107,Ref 1,25.111,59400,37972176.0,0.41947467,2398432.5,391.2835013,IT=13;13 ,ii
108,Ref 1,19.291,47488,31269148.0,0.42347046,1841272.6,391.2835873,IT=9.6;9.6 ,ii
109,Ref 1,29.752,61596,34360840.0,0.42770587,2013639.2,391.2835817,IT=15;15 ,ii
110,Ref 1,21.775,52240,35165000.0,0.43152256,2062771.4,391.2834271,IT=11;11 ,ii
111,Ref 1,20.415,48176,30051374.0,0.43558294,1702007.9,391.2835419,IT=10;10 ,ii
112,Ref 1,37.638,69972,34003816.0,0.43993913,1922513.9,391.2835299,IT=19;19 ,ii
113,Ref 1,19.452,51328,32723896.0,0.44378913,1948699.0,391.2835529,IT=9.7;9.7 ,ii
114,Ref 1,25.444,57856,35282704.0,0.44779336,2030463.8,391.283623,IT=13;13 ,ii
116,Ref 1,19.092,49676,33696064.0,0.45190579,2049331.0,391.2835534,IT=9.5;9.5 ,ii
117,Ref 1,18.598,52980,38591884.0,0.45595987,2454698.8,391.2835157,IT=9.3;9.3 ,ii
118,Ref 1,21.474,47956,27877772.0,0.46006402,1551116.2,391.2835403,IT=11;11 ,ii
119,Ref 1,20.701,49672,29226210.0,0.46395986,1680381.2,391.2835753,IT=10;10 ,ii
120,Ref 1,27.244,59048,35472956.0,0.46814937,2135532.5,391.2836024,IT=14;14 ,ii
121,Ref 1,16.658,47500,38333900.0,0.47207849,2233752.0,391.2836048,IT=8.3;8.3 ,ii
122,Ref 1,32.027,63508,35903352.0,0.47638267,2059678.6,391.283496,IT=16;16 ,ii
123,Ref 1,21.358,53520,34279588.0,0.48034297,2035196.6,391.2835648,IT=11;11 ,ii
124,Ref 1,24.911,55960,33266012.0,0.48431178,1914862.8,391.2835357,IT=12;12 ,ii
125,Ref 1,34.727,66900,35386996.0,0.48857009,2067821.9,391.2835159,IT=17;17 ,ii
126,Ref 1,24.071,55632,34212180.0,0.49253038,2072436.8,391.2836096,IT=12;12 ,ii
127,Ref 1,23.384,56556,37278660.0,0.49660954,2072405.4,391.2835152,IT=12;12 ,ii
128,Ref 1,30.836,60924,33201164.0,0.50081991,1883366.4,391.2835426,IT=15;15 ,ii
129,Ref 1,19.789,51620,35888532.0,0.50475741,2257324.0,391.283613,IT=9.9;9.9 ,ii
130,Ref 1,19.675,53032,39440292.0,0.50883031,2336059.8,391.2836517,IT=9.8;9.8 ,ii
133,Ref 1,16.574,44676,31873192.0,0.51445529,2033043.4,391.2835941,IT=8.3;8.3 ,ii
134,Ref 1,31.430,64776,35645152.0,0.51875947,2206667.0,391.2835133,IT=16;16 ,ii
135,Ref 1,20.942,51180,32615268.0,0.52255534,1876706.6,391.2835269,IT=10;10 ,ii
136,Ref 1,17.297,52760,41488540.0,0.52658234,2496411.5,391.283503,IT=8.6;8.6 ,ii
137,Ref 1,24.081,56420,35329704.0,0.53076139,2172132.2,391.283585,IT=12;12 ,ii
138,Ref 1,22.760,57076,36736768.0,0.53483846,2184420.2,391.2834988,IT=11;11 ,ii
139,Ref 1,24.254,57100,33532514.0,0.53879678,1995912.4,391.2835263,IT=12;12 ,ii
140,Ref 1,22.007,54204,38058672.0,0.54285924,2356482.0,391.2834836,IT=11;11 ,ii
141,Ref 1,17.681,51500,39381704.0,0.54688216,2287212.0,391.2835718,IT=8.8;8.8 ,ii
142,Ref 1,24.623,56600,34389276.0,0.55105719,1987511.6,391.2836144,IT=12;12 ,ii
144,Ref 1,18.500,48400,34615920.0,0.55529251,2166328.2,391.2836103,IT=9.2;9.2 ,ii
145,Ref 1,21.095,50376,31455338.0,0.55922798,1815630.1,391.2835835,IT=11;11 ,ii
146,Ref 1,21.118,51744,32171262.0,0.56331121,1822408.4,391.2835345,IT=11;11 ,ii
147,Ref 1,21.212,49336,31322128.0,0.56738406,1920811.2,391.2835378,IT=11;11 ,ii
148,Ref 1,24.076,53476,31790190.0,0.57151113,1885285.1,391.2835626,IT=12;12 ,ii
149,Ref 1,34.278,66636,31794416.0,0.57561529,1753947.5,391.2835522,IT=17;17 ,ii
150,Ref 1,27.558,60340,35807744.0,0.57965276,2165753.2,391.2836218,IT=14;14 ,ii
151,Ref 1,22.205,56156,39185152.0,0.58367981,2424450.8,391.2835272,IT=11;11 ,ii
152,Ref 1,22.545,52960,34984068.0,0.58776937,1956913.4,391.2835356,IT=11;11 ,ii
153,Ref 1,29.680,62112,36552280.0,0.59197559,2210503.0,391.2835227,IT=15;15 ,ii
154,Ref 1,21.502,53552,34850160.0,0.59596932,2105727.5,391.2835133,IT=11;11 ,ii
155,Ref 1,21.191,53304,38151232.0,0.60005054,2195917.5,391.2834874,IT=11;11 ,ii
156,Ref 1,19.138,48476,34811896.0,0.60409637,2301502.2,391.283719,IT=9.6;9.6 ,ii
158,Ref 1,21.916,59008,37951328.0,0.60822961,2257949.5,391.2835931,IT=11;11 ,ii
159,Ref 1,34.754,66500,33198854.0,0.61236089,1826401.0,391.2836497,IT=17;17 ,ii
160,Ref 1,18.995,52416,35359068.0,0.61624628,2208176.2,391.2836485,IT=9.5;9.5 ,ii
161,Ref 1,18.323,44904,33030788.0,0.62029832,2099606.8,391.283677,IT=9.2;9.2 ,ii
162,Ref 1,31.688,64004,32909038.0,0.62457536,1811510.9,391.2835149,IT=16;16 ,ii
163,Ref 1,15.802,45380,34921392.0,0.62826921,2306474.0,391.2836186,IT=7.9;7.9 ,ii
164,Ref 1,28.065,60976,34034524.0,0.63251701,2042786.6,391.2835606,IT=14;14 ,ii
165,Ref 1,25.949,59700,35732180.0,0.63659194,2010587.8,391.2835078,IT=13;13 ,ii
166,Ref 1,21.950,51616,33840332.0,0.64062319,2007786.0,391.283577,IT=11;11 ,ii
167,Ref 1,14.591,47332,38303556.0,0.64457734,2386496.8,391.2835992,IT=7.3;7.3 ,ii
168,Ref 1,28.538,61948,34836048.0,0.64883773,1934119.5,391.2835841,IT=14;14 ,ii
169,Ref 1,19.887,52132,33888352.0,0.65280434,2035872.1,391.2834801,IT=9.9;9.9 ,ii
170,Ref 1,19.919,50012,34510936.0,0.65687726,2191751.0,391.283602,IT=10;10 ,ii
171,Ref 1,27.460,62684,34865288.0,0.66091061,1911947.9,391.2835385,IT=14;14 ,ii
172,Ref 1,22.214,50816,31122376.0,0.66492929,1762787.2,391.2835478,IT=11;11 ,ii
173,Ref 1,25.037,58412,35208448.0,0.66906259,2132567.5,391.2836355,IT=13;13 ,ii
174,Ref 1,16.678,51696,42627244.0,0.67301256,2504228.0,391.2834843,IT=8.3;8.3 ,ii
175,Ref 1,30.708,60892,31654280.0,0.67729592,1835679.4,391.2836003,IT=15;15 ,ii
176,Ref 1,29.296,62484,35939900.0,0.68140214,2095059.0,391.2836572,IT=15;15 ,ii
177,Ref 1,30.618,62968,32991416.0,0.68554584,1789567.8,391.2835702,IT=15;15 ,ii
178,Ref 1,19.420,47416,31237412.0,0.68948331,1875068.0,391.2836072,IT=9.7;9.7 ,ii
179,Ref 1,19.399,48632,33807044.0,0.69339378,2053888.1,391.2834879,IT=9.7;9.7 ,ii
180,Ref 1,22.993,57232,35912888.0,0.69752077,2075516.6,391.2834985,IT=11;11 ,ii
181,Ref 1,28.417,61412,36045792.0,0.70169574,2063009.4,391.2834569,IT=14;14 ,ii
182,Ref 1,29.996,64528,34877368.0,0.70583936,2084732.9,391.2835284,IT=15;15 ,ii
183,Ref 1,22.203,52924,35273388.0,0.70983937,2036402.9,391.2834499,IT=11;11 ,ii
184,Ref 1,25.707,57544,35429652.0,0.71381441,2105302.5,391.2835272,IT=13;13 ,ii
185,Ref 1,25.152,58556,34745408.0,0.71790387,2024841.9,391.2834352,IT=13;13 ,ii
186,Ref 1,20.346,51128,34429156.0,0.72191636,2096738.0,391.2835551,IT=10;10 ,ii
187,Ref 1,21.403,50400,29157386.0,0.72600799,1654812.4,391.2835903,IT=11;11 ,ii
188,Ref 1,22.399,54484,33471158.0,0.73009756,1984297.9,391.2834925,IT=11;11 ,ii
189,Ref 1,21.198,52480,34791440.0,0.73415376,2058089.8,391.2834624,IT=11;11 ,ii
190,Ref 1,28.965,59884,32947712.0,0.73835582,1835512.1,391.283461,IT=14;14 ,ii
191,Ref 1,20.745,53312,36440636.0,0.74233496,2204944.2,391.2834865,IT=10;10 ,ii
192,Ref 1,39.704,70400,34342636.0,0.74655584,1944020.1,391.2835257,IT=20;20 ,ii
193,Ref 1,21.572,55308,36262192.0,0.75042867,2100885.8,391.2834603,IT=11;11 ,ii
194,Ref 1,23.275,56840,36430300.0,0.75453494,2195102.0,391.2834044,IT=12;12 ,ii
195,Ref 1,17.358,50904,40399808.0,0.75852654,2437254.0,391.2834391,IT=8.7;8.7 ,ii
196,Ref 1,19.651,50184,34577292.0,0.76245163,2015780.9,391.2835214,IT=9.8;9.8 ,ii
197,Ref 1,26.121,60856,36766764.0,0.76662659,2221892.5,391.2834863,IT=13;13 ,ii
198,Ref 1,17.737,45424,29614202.0,0.77058693,1734032.1,391.2837031,IT=8.9;8.9 ,ii
199,Ref 1,19.567,49424,34763544.0,0.77466811,1946682.8,391.2834931,IT=9.8;9.8 ,ii
200,Ref 1,19.499,53232,39435248.0,0.77857641,2413368.8,391.2835091,IT=9.7;9.7 ,ii
201,Ref 1,22.082,54444,33859024.0,0.78268683,2103898.2,391.2835525,IT=11;11 ,ii
202,Ref 1,27.890,61984,34921644.0,0.78687221,1926648.6,391.2835171,IT=14;14 ,ii
203,Ref 1,19.840,51640,36268540.0,0.79084718,2226350.8,391.2834961,IT=9.9;9.9 ,ii
204,Ref 1,22.326,55704,37946204.0,0.79479507,2367144.5,391.2835695,IT=11;11 ,ii
205,Ref 1,24.946,57516,33245542.0,0.79875753,1804822.6,391.2835444,IT=12;12 ,ii
206,Ref 1,32.416,69076,37048212.0,0.80297632,2103092.5,391.2834958,IT=16;16 ,ii
207,Ref 1,17.704,49308,37542304.0,0.80686794,2345592.5,391.2834962,IT=8.9;8.9 ,ii
208,Ref 1,29.049,64260,37514316.0,0.81111996,2042701.6,391.2835239,IT=15;15 ,ii
209,Ref 1,22.475,52772,30149256.0,0.81495541,1782797.9,391.2835904,IT=11;11 ,ii
210,Ref 1,17.410,46828,36294908.0,0.81895534,2351699.5,391.2835826,IT=8.7;8.7 ,ii
211,Ref 1,26.230,61232,37613016.0,0.82315538,2087413.8,391.2836473,IT=13;13 ,ii
212,Ref 1,27.013,59456,35386480.0,0.82726778,2081562.6,391.2835937,IT=14;14 ,ii
213,Ref 1,25.212,58488,33052098.0,0.83117823,1927913.0,391.2835324,IT=13;13 ,ii
214,Ref 1,24.347,57344,38223768.0,0.83526149,2189547.5,391.2835658,IT=12;12 ,ii
215,Ref 1,18.724,50308,32747546.0,0.83925724,1842236.5,391.2836287,IT=9.4;9.4 ,ii
216,Ref 1,18.475,50268,36897276.0,0.84331141,2257631.5,391.2835711,IT=9.2;9.2 ,ii
217,Ref 1,24.773,57508,35288380.0,0.84730931,2005648.6,391.2836017,IT=12;12 ,ii
218,Ref 1,27.127,62196,33918332.0,0.85144682,1854816.9,391.2835469,IT=14;14 ,ii
219,Ref 1,26.698,60260,34778432.0,0.85553841,2064310.6,391.283675,IT=13;13 ,ii
220,Ref 1,16.135,45712,33107612.0,0.85946339,1937433.4,391.2836676,IT=8.1;8.1 ,ii
221,Ref 1,17.772,47140,32905178.0,0.86336552,1913454.8,391.2836282,IT=8.9;8.9 ,ii
222,Ref 1,25.866,57772,34494148.0,0.86755297,2107383.5,391.2836561,IT=13;13 ,ii
223,Ref 1,22.238,54620,37200632.0,0.87158622,2186644.0,391.2836258,IT=11;11 ,ii
224,Ref 1,20.934,51700,33699784.0,0.87564037,1969703.9,391.2836023,IT=10;10 ,ii
225,Ref 1,28.552,62864,34071288.0,0.87966958,1939336.1,391.2836436,IT=14;14 ,ii
226,Ref 1,28.638,60376,34538540.0,0.88378414,1964305.0,391.2836362,IT=14;14 ,ii
227,Ref 1,24.488,56680,31331888.0,0.88782363,1709276.4,391.2835485,IT=12;12 ,ii
228,Ref 1,29.009,58460,33006900.0,0.89198818,1916375.9,391.2836,IT=15;15 ,ii
229,Ref 1,17.503,49208,36182112.0,0.89591109,2238858.0,391.2836087,IT=8.8;8.8 ,ii
230,Ref 1,24.943,60572,37831260.0,0.90008819,2084015.8,391.2836299,IT=12;12 ,ii
231,Ref 1,20.093,53676,37822688.0,0.90410688,2334288.8,391.2836201,IT=10;10 ,ii
232,Ref 1,23.694,59920,36992416.0,0.90822976,2143889.5,391.2835531,IT=12;12 ,ii
233,Ref 1,34.936,68248,36149448.0,0.91233801,1944392.6,391.2835538,IT=17;17 ,ii
234,Ref 1,24.819,58208,35401420.0,0.91631309,2145067.8,391.2835384,IT=12;12 ,ii
235,Ref 1,25.944,61196,35081944.0,0.92042966,2047738.2,391.2835847,IT=13;13 ,ii
236,Ref 1,22.323,53700,33703988.0,0.92446092,1880050.4,391.283613,IT=11;11 ,ii
237,Ref 1,26.531,59360,35129180.0,0.92861083,1958294.2,391.2835853,IT=13;13 ,ii
238,Ref 1,21.628,52056,33770048.0,0.93246503,2085831.8,391.283601,IT=11;11 ,ii
239,Ref 1,35.856,71332,34599240.0,0.93677961,1811526.9,391.2835903,IT=18;18 ,ii
240,Ref 1,22.870,54532,34667612.0,0.94072116,2063477.8,391.2835339,IT=11;11 ,ii
241,Ref 1,17.196,48412,36499700.0,0.94470449,2227982.8,391.2836159,IT=8.6;8.6 ,ii
242,Ref 1,22.639,55816,36182652.0,0.94868161,2038831.1,391.2835281,IT=11;11 ,ii
243,Ref 1,20.092,50284,34212052.0,0.95271909,2065351.1,391.2836107,IT=10;10 ,ii
244,Ref 1,26.186,60088,35314248.0,0.95688564,2208047.5,391.2835785,IT=13;13 ,ii
245,Ref 1,21.471,58128,37415736.0,0.96090441,2096832.8,391.2836919,IT=11;11 ,ii
246,Ref 1,21.526,50908,31529838.0,0.96481691,1872434.9,391.2836301,IT=11;11 ,ii
247,Ref 1,20.983,53404,33332464.0,0.96888769,1977573.8,391.2836905,IT=10;10 ,ii
248,Ref 1,22.407,56892,37220988.0,0.97298348,2052938.4,391.2837162,IT=11;11 ,ii
249,Ref 1,24.875,57308,33175466.0,0.97710431,1928044.8,391.2837238,IT=12;12 ,ii
250,Ref 1,20.528,51616,35865080.0,0.98095638,2187475.8,391.2837436,IT=10;10 ,ii
251,Ref 1,25.489,61480,37661892.0,0.98511266,2068900.1,391.2837006,IT=13;13 ,ii
252,Ref 1,25.563,59180,36255664.0,0.98921044,2073047.4,391.2837086,IT=13;13 ,ii
253,Ref 1,20.267,52296,35789376.0,0.99321878,2150941.0,391.2837111,IT=10;10 ,ii
254,Ref 1,19.858,52032,37023472.0,0.99711256,2121223.2,391.283685,IT=9.9;9.9 ,ii
255,Ref 1,29.813,61840,33194902.0,1.0013479,1778354.2,391.2836807,IT=15;15 ,ii
256,Ref 1,18.870,47464,33331818.0,1.0052916,2020892.8,391.2837799,IT=9.4;9.4 ,ii
257,Ref 1,19.721,53220,36233740.0,1.0093708,2160093.5,391.2837025,IT=9.9;9.9 ,ii
258,Ref 1,20.534,52952,32587672.0,1.0134562,1902194.4,391.2838382,IT=10;10 ,ii
261,Ref 1,20.873,52700,34533412.0,1.0191498,2212870.8,391.283768,IT=10;10 ,ii
262,Ref 1,21.079,53956,36819480.0,1.0230811,2029674.6,391.2836009,IT=11;11 ,ii
263,Ref 1,30.049,62876,35468940.0,1.0273082,1966622.4,391.2836406,IT=15;15 ,ii
264,Ref 1,28.281,64568,36958804.0,1.0314122,2187246.5,391.2836063,IT=14;14 ,ii
265,Ref 1,22.917,54816,34271848.0,1.0354476,1962553.8,391.2836033,IT=11;11 ,ii
266,Ref 1,32.052,69904,38007260.0,1.0395331,2073177.8,391.2836307,IT=16;16 ,ii
267,Ref 1,21.054,52844,36135860.0,1.0434935,2086825.9,391.2835385,IT=11;11 ,ii
268,Ref 1,32.800,67148,34443980.0,1.0477725,1865353.2,391.2836402,IT=16;16 ,ii
269,Ref 1,16.471,43724,29268246.0,1.0516496,1665674.9,391.2837259,IT=8.2;8.2 ,ii
270,Ref 1,30.311,64128,35498760.0,1.0557767,2045669.6,391.2835827,IT=15;15 ,ii
271,Ref 1,20.134,51108,33181778.0,1.0597434,1896250.2,391.2835809,IT=10;10 ,ii
272,Ref 1,19.431,50820,36384692.0,1.0638162,2166739.8,391.2835483,IT=9.7;9.7 ,ii
273,Ref 1,20.746,50612,32083080.0,1.0679079,1984124.2,391.2838063,IT=10;10 ,ii
275,Ref 1,18.535,50412,36254080.0,1.0719787,2128509.8,391.2836257,IT=9.3;9.3 ,ii
276,Ref 1,26.504,61936,35325212.0,1.0761808,1940428.6,391.2836241,IT=13;13 ,ii
277,Ref 1,25.629,59548,33669760.0,1.0802744,1995266.6,391.2836011,IT=13;13 ,ii
278,Ref 1,27.173,63172,37328696.0,1.0844036,2108271.2,391.2836573,IT=14;14 ,ii
279,Ref 1,20.467,53396,33788752.0,1.0884139,1859982.2,391.2836944,IT=10;10 ,ii
280,Ref 1,21.102,55220,38843204.0,1.0924931,2302349.5,391.2836817,IT=11;11 ,ii
281,Ref 1,23.315,57092,34106524.0,1.0966014,1936841.4,391.2837255,IT=12;12 ,ii
282,Ref 1,20.150,58436,40403580.0,1.1006388,2289918.5,391.2836768,IT=10;10 ,ii
283,Ref 1,25.376,61324,35004540.0,1.1047909,1940877.2,391.2837508,IT=13;13 ,ii
284,Ref 1,22.380,56588,38249420.0,1.1086743,2215519.5,391.2837348,IT=11;11 ,ii
285,Ref 1,20.602,52376,32905692.0,1.1127347,1779446.9,391.283688,IT=10;10 ,ii
286,Ref 1,18.962,53612,39965724.0,1.1167721,2265519.0,391.2836583,IT=9.5;9.5 ,ii
287,Ref 1,21.200,57076,36701752.0,1.1208679,2215355.5,391.2836861,IT=11;11 ,ii
288,Ref 1,20.064,52380,35747824.0,1.1247554,2058609.8,391.283697,IT=10;10 ,ii
289,Ref 1,26.117,59100,35713936.0,1.1289283,2044101.8,391.2836884,IT=13;13 ,ii
290,Ref 1,22.717,55472,33628460.0,1.1329699,2047484.6,391.2837093,IT=11;11 ,ii
291,Ref 1,28.553,62208,33996160.0,1.1371491,1853820.8,391.2836351,IT=14;14 ,ii
292,Ref 1,18.628,49560,36127060.0,1.1409241,2269650.0,391.2836988,IT=9.3;9.3 ,ii
293,Ref 1,27.471,60108,34111156.0,1.1451366,1991550.4,391.2836821,IT=14;14 ,ii
294,Ref 1,17.570,46936,33850072.0,1.1490719,1943243.6,391.2837111,IT=8.8;8.8 ,ii
295,Ref 1,14.091,40344,30853210.0,1.1530677,1766445.2,391.283853,IT=7;7 ,ii
296,Ref 1,25.925,60936,36748800.0,1.1571073,2160355.0,391.2836558,IT=13;13 ,ii
297,Ref 1,25.695,60316,35802980.0,1.1611948,1930017.8,391.2836367,IT=13;13 ,ii
298,Ref 1,23.056,56580,33466444.0,1.1652488,1870841.4,391.2836359,IT=12;12 ,ii
299,Ref 1,23.070,56876,32605024.0,1.1693342,1819544.0,391.2836225,IT=12;12 ,ii
300,Ref 1,27.890,62080,35288912.0,1.1734947,1919695.1,391.283615,IT=14;14 ,ii
301,Ref 1,24.915,57764,35307140.0,1.1775634,1999811.0,391.2836278,IT=12;12 ,ii
302,Ref 1,26.391,64484,38737368.0,1.181678,2202252.8,391.2835917,IT=13;13 ,ii
303,Ref 1,21.684,53524,34292624.0,1.1856967,1835810.4,391.2836174,IT=11;11 ,ii
304,Ref 1,30.259,66784,36832064.0,1.1899132,1997471.9,391.2836118,IT=15;15 ,ii
305,Ref 1,18.846,50704,36335728.0,1.1936696,2173316.5,391.2837331,IT=9.4;9.4 ,ii
306,Ref 1,22.622,56664,36342228.0,1.1977966,2013970.1,391.2836772,IT=11;11 ,ii
307,Ref 1,25.808,56736,31874118.0,1.2019257,1761982.8,391.2836371,IT=13;13 ,ii
308,Ref 1,21.140,52860,34404188.0,1.2059444,2188849.8,391.2836476,IT=11;11 ,ii
309,Ref 1,19.247,50796,35765816.0,1.2098174,2174471.0,391.2836821,IT=9.6;9.6 ,ii
310,Ref 1,30.669,61440,29987798.0,1.2140715,1618047.1,391.2836482,IT=15;15 ,ii
311,Ref 1,19.446,51824,36344456.0,1.2180047,2211122.0,391.2836702,IT=9.7;9.7 ,ii
312,Ref 1,28.718,67552,39543260.0,1.2222235,2229083.8,391.283803,IT=14;14 ,ii
313,Ref 1,18.486,47720,30840930.0,1.226161,1677710.5,391.2837667,IT=9.2;9.2 ,ii
314,Ref 1,22.847,58936,37532200.0,1.2302901,2188308.8,391.2837201,IT=11;11 ,ii
315,Ref 1,20.885,51840,32314100.0,1.2343359,1875109.0,391.2837506,IT=10;10 ,ii
316,Ref 1,29.245,61612,32780824.0,1.2385442,1785367.1,391.2836821,IT=15;15 ,ii
317,Ref 1,28.115,60456,31954046.0,1.2424734,1850676.1,391.2836693,IT=14;14 ,ii
318,Ref 1,20.494,54340,37247608.0,1.2464546,2210960.0,391.2836595,IT=10;10 ,ii
319,Ref 1,26.417,57816,32346196.0,1.2506233,1744745.4,391.2837078,IT=13;13 ,ii
320,Ref 1,32.970,67776,35554892.0,1.2548295,1989404.4,391.2836371,IT=16;16 ,ii
321,Ref 1,20.898,53192,35128816.0,1.258765,2105480.2,391.2836804,IT=10;10 ,ii
322,Ref 1,18.980,53612,38187968.0,1.2628045,2090993.4,391.2836802,IT=9.5;9.5 ,ii
323,Ref 1,18.369,53892,39042024.0,1.2668523,2247550.2,391.2836306,IT=9.2;9.2 ,ii
324,Ref 1,29.100,62196,36048424.0,1.2710835,1989417.4,391.2835946,IT=15;15 ,ii
325,Ref 1,24.328,58996,37950272.0,1.2749544,2135351.5,391.2835535,IT=12;12 ,ii
326,Ref 1,20.796,55416,37892796.0,1.2788272,2317031.0,391.2835375,IT=10;10 ,ii
327,Ref 1,20.945,55928,37115448.0,1.2829023,2170125.0,391.2836128,IT=10;10 ,ii
328,Ref 1,23.425,58496,38031180.0,1.2870148,2056762.9,391.2834937,IT=12;12 ,ii
329,Ref 1,32.932,66056,33641592.0,1.2912542,1852584.0,391.2836267,IT=16;16 ,ii
330,Ref 1,20.130,53872,36421644.0,1.2950085,2283219.2,391.2836065,IT=10;10 ,ii
331,Ref 1,31.007,67236,39434356.0,1.2992626,2127489.8,391.2836148,IT=16;16 ,ii
332,Ref 1,23.533,54376,31162532.0,1.3032625,1729280.0,391.2835316,IT=12;12 ,ii
333,Ref 1,22.916,55988,36059740.0,1.3073437,2232966.0,391.2836508,IT=11;11 ,ii
334,Ref 1,16.553,50096,39847396.0,1.311325,2302490.8,391.2836638,IT=8.3;8.3 ,ii
335,Ref 1,34.378,68624,35278796.0,1.3156687,1951462.1,391.2836223,IT=17;17 ,ii
336,Ref 1,25.795,61912,37668956.0,1.3196666,2316062.0,391.2836041,IT=13;13 ,ii
337,Ref 1,30.433,66780,36260580.0,1.3238499,1941475.4,391.2836074,IT=15;15 ,ii
338,Ref 1,21.421,56804,38524344.0,1.3278166,2246396.2,391.2836002,IT=11;11 ,ii
339,Ref 1,22.317,55052,35338520.0,1.3319082,2076915.8,391.2836471,IT=11;11 ,ii
340,Ref 1,25.339,59248,36485204.0,1.3360414,2010508.0,391.283674,IT=13;13 ,ii
341,Ref 1,18.604,52300,36240700.0,1.3400247,2051832.2,391.28366,IT=9.3;9.3 ,ii
342,Ref 1,21.349,57716,37393636.0,1.3439685,2146276.5,391.2836832,IT=11;11 ,ii
343,Ref 1,39.695,72552,34745424.0,1.3483497,1869963.2,391.2837175,IT=20;20 ,ii
344,Ref 1,21.487,57568,37559476.0,1.3522184,2172351.2,391.2836498,IT=11;11 ,ii
345,Ref 1,15.280,44668,34074156.0,1.3561914,2212064.5,391.2838354,IT=7.6;7.6 ,ii
346,Ref 1,27.621,60376,36264628.0,1.3602685,2033105.9,391.2837005,IT=14;14 ,ii
347,Ref 1,23.819,55552,31749288.0,1.3641497,1757216.1,391.2835733,IT=12;12 ,ii
348,Ref 1,22.721,52384,34916980.0,1.3682183,2166937.8,391.2835976,IT=11;11 ,ii
349,Ref 1,17.939,46532,33709400.0,1.3722204,2019589.2,391.283695,IT=9;9 ,ii
350,Ref 1,29.687,64216,35518000.0,1.3763078,1907563.9,391.2836279,IT=15;15 ,ii
351,Ref 1,18.247,50568,35315676.0,1.3802412,2132277.0,391.2835809,IT=9.1;9.1 ,ii
352,Ref 1,24.859,57464,36157912.0,1.3844078,2140853.8,391.2835689,IT=12;12 ,ii
353,Ref 1,20.278,56128,40336180.0,1.3884266,2208490.5,391.2836223,IT=10;10 ,ii
354,Ref 1,23.179,53208,30847754.0,1.392539,1741900.5,391.2835449,IT=12;12 ,ii
355,Ref 1,24.951,60296,39136620.0,1.3966495,2261013.8,391.2835917,IT=12;12 ,ii
356,Ref 1,30.746,64524,35289660.0,1.400839,1841771.0,391.283613,IT=15;15 ,ii
357,Ref 1,22.699,52916,32959582.0,1.4048264,1923748.5,391.2835907,IT=11;11 ,ii
358,Ref 1,22.103,55400,36095232.0,1.4089014,1969355.5,391.2836186,IT=11;11 ,ii
359,Ref 1,27.458,64308,36715120.0,1.4129035,1950143.2,391.2835496,IT=14;14 ,ii
360,Ref 1,28.093,62472,36517564.0,1.4170222,2118136.2,391.2836393,IT=14;14 ,ii
361,Ref 1,22.067,57472,39105864.0,1.4210325,2294631.5,391.2835816,IT=11;11 ,ii
362,Ref 1,26.248,58696,32785028.0,1.4251805,1761061.4,391.2835651,IT=13;13 ,ii
363,Ref 1,23.531,54196,31986034.0,1.4290722,1884141.1,391.2836638,IT=12;12 ,ii
364,Ref 1,22.891,59220,38705648.0,1.4331513,2286185.8,391.2834957,IT=11;11 ,ii
365,Ref 1,25.348,61772,40457112.0,1.437272,2234882.5,391.2835205,IT=13;13 ,ii
366,Ref 1,26.566,61044,36499564.0,1.4413846,2081226.9,391.2834605,IT=13;13 ,ii
367,Ref 1,25.379,59904,38312288.0,1.4453033,2231536.2,391.2835333,IT=13;13 ,ii
368,Ref 1,17.956,49420,34359476.0,1.4492824,1842135.6,391.2836005,IT=9;9 ,ii
369,Ref 1,20.237,53484,35732108.0,1.4533782,2050158.2,391.2834587,IT=10;10 ,ii
370,Ref 1,24.100,57848,36645756.0,1.4575053,2131167.8,391.283446,IT=12;12 ,ii
371,Ref 1,22.867,56140,34734016.0,1.4614053,1823833.4,391.283479,IT=11;11 ,ii
372,Ref 1,19.872,53704,36450320.0,1.4654406,1982377.5,391.2834198,IT=9.9;9.9 ,ii
373,Ref 1,27.770,60912,32972550.0,1.4696427,1935363.1,391.2834884,IT=14;14 ,ii
374,Ref 1,19.448,57152,42411328.0,1.4736114,2334683.5,391.283467,IT=9.7;9.7 ,ii
375,Ref 1,21.279,55032,35220692.0,1.4777092,2009584.9,391.2834988,IT=11;11 ,ii
376,Ref 1,20.783,56080,35420320.0,1.4817781,2024972.6,391.2835112,IT=10;10 ,ii
377,Ref 1,22.937,58660,39994292.0,1.4858801,2237481.5,391.2834715,IT=11;11 ,ii
378,Ref 1,24.441,54684,30335976.0,1.4899862,1697839.0,391.2836406,IT=12;12 ,ii
379,Ref 1,26.882,63004,37887232.0,1.4941154,2227737.5,391.2836377,IT=13;13 ,ii
380,Ref 1,27.933,61204,34927480.0,1.4980695,1970763.4,391.2836438,IT=14;14 ,ii
381,Ref 1,24.094,60752,40112692.0,1.502132,2280264.2,391.2836678,IT=12;12 ,ii
382,Ref 1,34.133,67668,33237882.0,1.5063841,1883625.0,391.2835939,IT=17;17 ,ii
383,Ref 1,22.058,54924,37619644.0,1.5103424,2092937.0,391.28357,IT=11;11 ,ii
384,Ref 1,21.767,57684,39519668.0,1.5142528,2261312.8,391.2835268,IT=11;11 ,ii
385,Ref 1,24.274,58520,35040740.0,1.5183757,2023088.4,391.2836321,IT=12;12 ,ii
388,Ref 1,19.155,53336,36925048.0,1.5240465,2015689.0,391.2835529,IT=9.6;9.6 ,ii
389,Ref 1,27.193,61176,32693730.0,1.5282485,1838504.4,391.283549,IT=14;14 ,ii
390,Ref 1,34.152,69468,35121972.0,1.5324798,2060148.8,391.2835822,IT=17;17 ,ii
391,Ref 1,20.540,54916,35723924.0,1.5362402,1948884.4,391.2835471,IT=10;10 ,ii
392,Ref 1,27.684,61948,33188948.0,1.5404443,1843350.1,391.2835316,IT=14;14 ,ii
393,Ref 1,21.802,56564,36701500.0,1.5444693,2249890.2,391.2835272,IT=11;11 ,ii
394,Ref 1,21.198,58696,40464752.0,1.548538,2308907.2,391.2835472,IT=11;11 ,ii
395,Ref 1,19.091,54696,38397900.0,1.5525879,2252706.5,391.2835153,IT=9.5;9.5 ,ii
396,Ref 1,30.023,63832,35586284.0,1.5566755,2080175.1,391.2835852,IT=15;15 ,ii
397,Ref 1,18.314,50448,36022808.0,1.560615,2114551.8,391.2836104,IT=9.2;9.2 ,ii
398,Ref 1,31.350,66012,36351044.0,1.5649045,1902070.6,391.2834692,IT=16;16 ,ii
399,Ref 1,27.817,61844,34071044.0,1.5689858,1959361.9,391.2836651,IT=14;14 ,ii
400,Ref 1,31.127,65776,36778300.0,1.5729899,2037762.6,391.2836442,IT=16;16 ,ii
401,Ref 1,19.972,53352,36142416.0,1.5769441,1983867.2,391.2835963,IT=10;10 ,ii
402,Ref 1,32.839,72280,40063840.0,1.5812377,2225144.2,391.2836655,IT=16;16 ,ii
404,Ref 1,22.105,57036,36730556.0,1.5855377,2124624.0,391.2835827,IT=11;11 ,ii
405,Ref 1,19.986,52308,34780436.0,1.5894189,2007652.1,391.2835899,IT=10;10 ,ii
406,Ref 1,24.937,59536,36587712.0,1.5935773,2169232.2,391.2835587,IT=12;12 ,ii
407,Ref 1,22.885,56700,37549376.0,1.5976335,2195851.5,391.2835676,IT=11;11 ,ii
408,Ref 1,20.759,54876,36405560.0,1.6016772,2028331.4,391.2835836,IT=10;10 ,ii
409,Ref 1,34.489,69060,35710680.0,1.6059875,2047700.8,391.2835719,IT=17;17 ,ii
410,Ref 1,22.994,58132,36542640.0,1.609771,2106266.2,391.2835993,IT=11;11 ,ii
411,Ref 1,26.860,62876,36670712.0,1.6139209,1934062.2,391.2835873,IT=13;13 ,ii
412,Ref 1,21.671,51408,33730624.0,1.6179459,1917428.9,391.2835277,IT=11;11 ,ii
413,Ref 1,26.286,63772,35098872.0,1.6221041,2027694.0,391.2835833,IT=13;13 ,ii
414,Ref 1,25.941,55272,30818056.0,1.6260354,1615542.2,391.2835647,IT=13;13 ,ii
415,Ref 1,22.942,55012,36140176.0,1.6300854,2140776.8,391.2835264,IT=11;11 ,ii
416,Ref 1,20.280,53228,36094608.0,1.6341249,2142265.0,391.2834811,IT=10;10 ,ii
417,Ref 1,18.362,53900,42096808.0,1.6381582,2400323.2,391.2835049,IT=9.2;9.2 ,ii
418,Ref 1,22.974,56812,35319232.0,1.6422915,2026897.2,391.2834921,IT=11;11 ,ii
419,Ref 1,22.008,56032,35184360.0,1.6463603,2013330.8,391.2834894,IT=11;11 ,ii
420,Ref 1,15.323,43708,31908704.0,1.6503289,1813408.1,391.2836493,IT=7.7;7.7 ,ii
421,Ref 1,18.286,50932,35182668.0,1.6544123,2103830.8,391.2835698,IT=9.1;9.1 ,ii
422,Ref 1,16.824,49300,35329480.0,1.6582768,2100856.2,391.2835997,IT=8.4;8.4 ,ii
423,Ref 1,43.064,76248,35182948.0,1.6627644,1810878.6,391.2836473,IT=22;22 ,ii
424,Ref 1,23.652,61488,39430740.0,1.6666163,2202783.2,391.2835422,IT=12;12 ,ii
425,Ref 1,21.900,58524,39054960.0,1.6706726,2358545.5,391.2835452,IT=11;11 ,ii
426,Ref 1,23.401,59804,39407288.0,1.6747747,2250530.5,391.2835817,IT=12;12 ,ii
427,Ref 1,23.093,56988,34878384.0,1.6788538,1915826.2,391.2835307,IT=12;12 ,ii
428,Ref 1,17.035,51076,37230960.0,1.682835,2149706.8,391.283615,IT=8.5;8.5 ,ii
429,Ref 1,29.415,61084,35190808.0,1.6870892,1940396.9,391.2835502,IT=15;15 ,ii
430,Ref 1,23.779,58348,35879596.0,1.6909558,2026853.5,391.2835663,IT=12;12 ,ii
431,Ref 1,24.846,59976,36619484.0,1.695062,2097053.5,391.2836071,IT=12;12 ,ii
432,Ref 1,19.740,54308,40294440.0,1.6990682,2249942.2,391.2835343,IT=9.9;9.9 ,ii
433,Ref 1,28.801,64936,34968212.0,1.703287,1903308.5,391.2836102,IT=14;14 ,ii
434,Ref 1,27.595,60468,33562848.0,1.7073786,1955355.8,391.2836228,IT=14;14 ,ii
435,Ref 1,21.437,52064,34126720.0,1.7112224,2040872.5,391.2836572,IT=11;11 ,ii
436,Ref 1,26.339,57420,32470616.0,1.7153827,1760529.1,391.2835807,IT=13;13 ,ii
437,Ref 1,32.559,68000,35819860.0,1.7195889,2030636.2,391.2835964,IT=16;16 ,ii
438,Ref 1,22.255,56216,37442620.0,1.7235576,2148323.0,391.2835356,IT=11;11 ,ii
439,Ref 1,29.689,62592,34987392.0,1.7277618,1882810.9,391.2835149,IT=15;15 ,ii
440,Ref 1,21.661,52720,32306752.0,1.7317472,1848225.4,391.2835555,IT=11;11 ,ii
441,Ref 1,23.506,55608,34874100.0,1.7358596,1944648.8,391.2835229,IT=12;12 ,ii
442,Ref 1,18.865,52304,36199320.0,1.7398659,1961135.2,391.2834863,IT=9.4;9.4 ,ii
443,Ref 1,31.568,68180,38745968.0,1.743968,2242334.0,391.2834764,IT=16;16 ,ii
444,Ref 1,19.512,50712,35194808.0,1.7479012,1995690.6,391.2836553,IT=9.8;9.8 ,ii
445,Ref 1,21.498,55712,36346204.0,1.7520033,2025445.0,391.2835255,IT=11;11 ,ii
446,Ref 1,19.442,50640,34619948.0,1.7560428,2055259.2,391.2836284,IT=9.7;9.7 ,ii
447,Ref 1,26.857,61248,36452524.0,1.7602345,2122884.5,391.2836057,IT=13;13 ,ii
448,Ref 1,23.611,55924,32108164.0,1.7642824,1724764.5,391.2835545,IT=12;12 ,ii
449,Ref 1,20.459,53256,35616728.0,1.7683136,2114124.8,391.2835651,IT=10;10 ,ii
450,Ref 1,22.828,57060,36371948.0,1.7724198,2246629.8,391.2835405,IT=11;11 ,ii
451,Ref 1,21.969,53628,34243312.0,1.7764947,1885339.5,391.2834886,IT=11;11 ,ii
452,Ref 1,18.265,52656,38047764.0,1.7803428,2235181.8,391.283614,IT=9.1;9.1 ,ii
453,Ref 1,25.174,60156,39372212.0,1.7845239,2417656.0,391.2835137,IT=13;13 ,ii
454,Ref 1,25.733,60084,34828024.0,1.7886218,1808309.6,391.2835455,IT=13;13 ,ii
455,Ref 1,20.890,52944,35558684.0,1.7926384,2008029.4,391.2835479,IT=10;10 ,ii
456,Ref 1,16.895,44788,30831164.0,1.7964843,1899761.2,391.2836638,IT=8.4;8.4 ,ii
457,Ref 1,20.962,58484,40014724.0,1.8006009,2143391.8,391.2834779,IT=10;10 ,ii
458,Ref 1,26.202,63732,39068908.0,1.804757,2180196.0,391.2834674,IT=13;13 ,ii
459,Ref 1,29.711,62840,36250732.0,1.8089195,2046223.1,391.2835953,IT=15;15 ,ii
460,Ref 1,28.922,64092,38992072.0,1.812855,2145229.8,391.2836266,IT=14;14 ,ii
461,Ref 1,30.020,68128,36610604.0,1.8169945,2015983.2,391.2835582,IT=15;15 ,ii
462,Ref 1,27.151,62404,38029612.0,1.8210778,2126431.5,391.2835966,IT=14;14 ,ii
463,Ref 1,31.319,61324,31677184.0,1.8252528,1639376.1,391.283574,IT=16;16 ,ii
464,Ref 1,27.217,61568,35103664.0,1.8291445,1953305.5,391.2836379,IT=14;14 ,ii
465,Ref 1,23.780,59068,38544448.0,1.8331945,2234412.2,391.2835719,IT=12;12 ,ii
466,Ref 1,18.201,50184,34589924.0,1.837186,1885181.9,391.2836548,IT=9.1;9.1 ,ii
467,Ref 1,23.931,54212,29832944.0,1.8413402,1631265.8,391.2836226,IT=12;12 ,ii
468,Ref 1,32.797,71828,38447892.0,1.8454069,2197482.0,391.2835556,IT=16;16 ,ii
469,Ref 1,28.455,64744,36691316.0,1.8494756,1880958.6,391.2835608,IT=14;14 ,ii
470,Ref 1,30.154,62392,33960420.0,1.8536193,1858788.5,391.2835543,IT=15;15 ,ii
471,Ref 1,23.357,63328,41529600.0,1.8576359,2394631.0,391.2835447,IT=12;12 ,ii
472,Ref 1,23.525,55620,35293728.0,1.861563,1979552.1,391.283621,IT=12;12 ,ii
473,Ref 1,26.622,62012,35909820.0,1.8657046,1946892.0,391.2835133,IT=13;13 ,ii
474,Ref 1,25.999,65216,39710220.0,1.8697942,2184699.5,391.2835576,IT=13;13 ,ii
475,Ref 1,25.286,59876,35451696.0,1.8738837,1938575.8,391.283519,IT=13;13 ,ii
476,Ref 1,30.354,64132,35131472.0,1.8780587,1826669.0,391.2835272,IT=15;15 ,ii
477,Ref 1,31.503,68508,36747828.0,1.8820316,2058064.2,391.283574,IT=16;16 ,ii
478,Ref 1,20.148,53480,36039672.0,1.8859753,2075311.9,391.2835332,IT=10;10 ,ii
479,Ref 1,20.064,53652,38131016.0,1.8900482,2095312.6,391.2835303,IT=10;10 ,ii
480,Ref 1,30.339,62728,35925856.0,1.8942919,1954108.1,391.283552,IT=15;15 ,ii
481,Ref 1,23.621,60392,35720080.0,1.8983024,1905299.1,391.2833852,IT=12;12 ,ii
482,Ref 1,37.609,71712,34128256.0,1.9026294,1802586.1,391.2835318,IT=19;19 ,ii
483,Ref 1,20.169,53240,36429788.0,1.9065043,2063845.5,391.2835167,IT=10;10 ,ii
484,Ref 1,20.759,53924,38362928.0,1.9105814,2247456.0,391.2835352,IT=10;10 ,ii
485,Ref 1,21.129,53772,33896996.0,1.9144918,1745903.5,391.283498,IT=11;11 ,ii
486,Ref 1,28.303,65220,35461612.0,1.9186835,2119344.8,391.2834979,IT=14;14 ,ii
487,Ref 1,22.501,57012,36632352.0,1.922698,2147214.2,391.283581,IT=11;11 ,ii
488,Ref 1,32.474,65760,35684592.0,1.9269438,1900602.8,391.2835216,IT=16;16 ,ii
489,Ref 1,24.778,59296,35962216.0,1.9307792,2114017.5,391.2834819,IT=12;12 ,ii
490,Ref 1,23.723,59560,38576672.0,1.9348542,2246676.8,391.2835173,IT=12;12 ,ii
491,Ref 1,27.173,63984,35701240.0,1.9390062,1830408.0,391.283494,IT=14;14 ,ii
492,Ref 1,34.589,70212,35736596.0,1.9432354,1955201.1,391.2835885,IT=17;17 ,ii
493,Ref 1,23.018,56088,35558612.0,1.9470187,2083580.4,391.2835255,IT=12;12 ,ii
494,Ref 1,37.114,70756,35927008.0,1.9511749,1812771.4,391.2835334,IT=19;19 ,ii
495,Ref 1,27.716,63340,36453192.0,1.955179,2056374.4,391.2834969,IT=14;14 ,ii
496,Ref 1,22.288,57988,38859284.0,1.9592082,2261331.0,391.2835201,IT=11;11 ,ii
497,Ref 1,23.274,53884,32718120.0,1.9632998,1784680.4,391.2835084,IT=12;12 ,ii
498,Ref 1,21.277,54588,35728524.0,1.9671894,2059116.6,391.2834553,IT=11;11 ,ii
499,Ref 1,26.768,63048,38890560.0,1.9713498,2245727.8,391.2834398,IT=13;13 ,ii
500,Ref 1,27.816,65700,40948724.0,1.9754705,2169941.0,391.2833875,IT=14;14 ,ii
501,Ref 1,26.063,56832,29667670.0,1.9795622,1623253.1,391.2835166,IT=13;13 ,ii
502,Ref 1,17.443,50684,38631680.0,1.9833476,2177281.8,391.283553,IT=8.7;8.7 ,ii
503,Ref 1,24.641,61132,38619696.0,1.9875288,2027736.5,391.2834917,IT=12;12 ,ii
504,Ref 1,22.067,54792,32110040.0,1.9915725,1700837.6,391.2836398,IT=11;11 ,ii
505,Ref 1,23.223,57440,37948264.0,1.9956704,2203943.2,391.2835581,IT=12;12 ,ii
506,Ref 1,20.021,53508,36567408.0,1.9995392,2045830.9,391.2836095,IT=10;10 ,ii
507,Ref 1,26.881,59804,34107076.0,2.0037286,1886062.1,391.2835678,IT=13;13 ,ii
508,Ref 1,24.395,57440,33248552.0,2.007789,1858057.2,391.2836028,IT=12;12 ,ii
509,Ref 1,20.752,53648,36908976.0,2.0118161,2071484.6,391.2835787,IT=10;10 ,ii
510,Ref 1,48.769,82676,35037644.0,2.0163536,1742121.9,391.2837103,IT=24;24 ,ii
511,Ref 1,26.867,62816,38331112.0,2.020162,2129124.8,391.2837355,IT=13;13 ,ii
513,Ref 1,26.103,61952,36620024.0,2.024389,1999781.4,391.2837446,IT=13;13 ,ii
515,Ref 1,28.187,63240,33630892.0,2.0288555,1830872.2,391.2837458,IT=14;14 ,ii
516,Ref 1,27.731,63240,39125332.0,2.0329556,2204044.5,391.2836037,IT=14;14 ,ii
517,Ref 1,22.559,54556,32473370.0,2.0368077,1753246.1,391.2836359,IT=11;11 ,ii
518,Ref 1,37.461,72544,33369726.0,2.0411368,1741543.5,391.2835242,IT=19;19 ,ii
519,Ref 1,20.668,52920,34047284.0,2.0450138,2010022.6,391.2836087,IT=10;10 ,ii
520,Ref 1,22.482,60008,40457132.0,2.0491159,2389219.5,391.2835284,IT=11;11 ,ii
521,Ref 1,27.914,65876,37929152.0,2.053118,2020909.9,391.2834976,IT=14;14 ,ii
522,Ref 1,17.818,50628,36629096.0,2.0570575,2129660.5,391.2835495,IT=8.9;8.9 ,ii
523,Ref 1,23.442,57004,35238784.0,2.0612074,1919449.5,391.2835608,IT=12;12 ,ii
524,Ref 1,22.063,52864,33088092.0,2.0652595,1798132.4,391.2835825,IT=11;11 ,ii
525,Ref 1,20.885,55536,35094652.0,2.0691512,1985756.0,391.2836365,IT=10;10 ,ii
526,Ref 1,26.181,61000,38554664.0,2.0733116,2183907.5,391.2835933,IT=13;13 ,ii
527,Ref 1,21.642,53580,32750236.0,2.0773323,1772857.5,391.2836732,IT=11;11 ,ii
528,Ref 1,21.244,57976,38630500.0,2.0814053,2158762.2,391.2835258,IT=11;11 ,ii
529,Ref 1,35.243,69252,36919396.0,2.0855407,2164313.0,391.2837353,IT=18;18 ,ii
531,Ref 1,22.370,59772,38057308.0,2.0897031,2093041.1,391.2834983,IT=11;11 ,ii
532,Ref 1,28.463,63616,35978672.0,2.0938823,2012874.1,391.2835811,IT=14;14 ,ii
533,Ref 1,28.137,60932,35079544.0,2.0979864,2018646.0,391.2835743,IT=14;14 ,ii
534,Ref 1,24.659,59704,37109880.0,2.1020384,1929759.8,391.2835427,IT=12;12 ,ii
535,Ref 1,23.000,59124,36696568.0,2.1059364,2028900.2,391.2835582,IT=11;11 ,ii
536,Ref 1,24.228,56272,31813706.0,2.1100384,1834340.6,391.2836029,IT=12;12 ,ii
537,Ref 1,17.687,51228,37526756.0,2.1140175,2114202.8,391.2835399,IT=8.8;8.8 ,ii
538,Ref 1,34.041,67688,33183644.0,2.1183383,1770324.4,391.28361,IT=17;17 ,ii
539,Ref 1,24.320,60256,37016532.0,2.1221467,2115162.5,391.2834657,IT=12;12 ,ii
540,Ref 1,24.459,59824,34438040.0,2.1262383,1758415.4,391.2834865,IT=12;12 ,ii
541,Ref 1,23.236,58048,34587684.0,2.1303028,1858185.0,391.2835225,IT=12;12 ,ii
542,Ref 1,25.881,67224,41579424.0,2.1344236,2421764.5,391.283499,IT=13;13 ,ii
543,Ref 1,39.647,75760,36905140.0,2.1385799,1838505.9,391.2834519,IT=20;20 ,ii
544,Ref 1,23.647,59388,35431412.0,2.1424861,1946107.0,391.2834888,IT=12;12 ,ii
545,Ref 1,22.563,57036,37621428.0,2.1465527,2132920.5,391.2835476,IT=11;11 ,ii
546,Ref 1,23.919,57924,34385120.0,2.1506485,1715534.0,391.2836052,IT=12;12 ,ii
547,Ref 1,34.036,70984,35744404.0,2.1548986,1885054.9,391.2835728,IT=17;17 ,ii
548,Ref 1,23.759,62828,41230360.0,2.1588673,2337515.0,391.2834889,IT=12;12 ,ii
549,Ref 1,18.441,49932,34464316.0,2.1628672,1936605.5,391.2836344,IT=9.2;9.2 ,ii
550,Ref 1,24.090,61624,38437908.0,2.1670151,2134462.0,391.2835134,IT=12;12 ,ii
551,Ref 1,33.518,70924,37967100.0,2.1710879,2095572.2,391.2836035,IT=17;17 ,ii
552,Ref 1,20.521,52004,35571124.0,2.1750151,1953795.5,391.2835817,IT=10;10 ,ii
553,Ref 1,23.370,56456,34377188.0,2.1791379,1882037.5,391.2834981,IT=12;12 ,ii
554,Ref 1,27.085,63836,38854568.0,2.1832838,2287124.2,391.2835508,IT=14;14 ,ii
555,Ref 1,29.532,64760,36406652.0,2.1874295,1984040.1,391.2836161,IT=15;15 ,ii
556,Ref 1,36.528,71680,35437272.0,2.1914983,1868953.6,391.2835754,IT=18;18 ,ii
557,Ref 1,22.848,58488,35202360.0,2.1954316,2005272.1,391.2835619,IT=11;11 ,ii
558,Ref 1,21.399,54976,36403592.0,2.199494,2091863.5,391.283578,IT=11;11 ,ii
559,Ref 1,25.286,59824,34040292.0,2.2036294,1768702.9,391.2836024,IT=13;13 ,ii
560,Ref 1,20.917,52176,33189706.0,2.2074857,1941468.6,391.2836209,IT=10;10 ,ii
561,Ref 1,21.706,54756,35396472.0,2.2115752,2071232.8,391.2836167,IT=11;11 ,ii
562,Ref 1,38.408,72680,33944428.0,2.2159294,1727221.9,391.2835391,IT=19;19 ,ii
563,Ref 1,22.032,56240,36180972.0,2.2198231,2061266.9,391.2836287,IT=11;11 ,ii
564,Ref 1,23.105,60956,39503220.0,2.2237564,2235005.5,391.2834979,IT=12;12 ,ii
565,Ref 1,24.337,60728,38375180.0,2.2278627,2031978.8,391.2835399,IT=12;12 ,ii
566,Ref 1,20.850,56428,37279676.0,2.2318917,2097887.2,391.2835006,IT=10;10 ,ii
567,Ref 1,32.357,68460,35599364.0,2.2361563,1856378.9,391.2836447,IT=16;16 ,ii
568,Ref 1,21.464,59504,40748300.0,2.2399376,2129053.0,391.2834875,IT=11;11 ,ii
569,Ref 1,17.569,52192,39324104.0,2.2439501,2359270.2,391.2836127,IT=8.8;8.8 ,ii
570,Ref 1,24.263,60404,37257704.0,2.2481166,2079584.9,391.2835956,IT=12;12 ,ii
571,Ref 1,30.314,69908,39238832.0,2.2522999,2041518.5,391.2835483,IT=15;15 ,ii
572,Ref 1,25.343,54672,29286160.0,2.2561686,1622135.6,391.2836699,IT=13;13 ,ii
573,Ref 1,22.993,60300,38218792.0,2.260225,2106522.5,391.2836365,IT=11;11 ,ii
574,Ref 1,39.608,75432,36101332.0,2.2645874,1863345.6,391.2835738,IT=20;20 ,ii
575,Ref 1,33.773,69760,36062760.0,2.2686603,1960276.8,391.2836634,IT=17;17 ,ii
576,Ref 1,24.966,60788,37545304.0,2.2726456,2046357.2,391.2835575,IT=12;12 ,ii
577,Ref 1,32.055,67808,36152548.0,2.2766894,1851338.4,391.2836629,IT=16;16 ,ii
578,Ref 1,20.951,56716,40191356.0,2.2806373,2336944.8,391.2836332,IT=10;10 ,ii
579,Ref 1,34.070,70584,37814548.0,2.2849309,2136553.2,391.2837319,IT=17;17 ,ii
580,Ref 1,19.629,55932,39250736.0,2.2888288,2081395.5,391.283592,IT=9.8;9.8 ,ii
581,Ref 1,24.252,65044,39188624.0,2.2928143,2024774.2,391.2836623,IT=12;12 ,ii
582,Ref 1,23.059,62296,38743808.0,2.2968872,2103663.0,391.2836073,IT=12;12 ,ii
583,Ref 1,20.196,56688,38500928.0,2.3009162,1986638.9,391.2836353,IT=10;10 ,ii
584,Ref 1,33.984,70204,36616924.0,2.3052121,1941187.4,391.2837082,IT=17;17 ,ii
585,Ref 1,20.417,57516,39313672.0,2.3091225,2162185.5,391.2837122,IT=10;10 ,ii
586,Ref 1,20.872,56388,38668720.0,2.3132038,2145044.5,391.2836781,IT=10;10 ,ii
587,Ref 1,21.708,57472,39246216.0,2.3172787,2171679.2,391.2836261,IT=11;11 ,ii
588,Ref 1,27.339,62232,36915376.0,2.3214453,2056414.9,391.2836043,IT=14;14 ,ii
589,Ref 1,24.153,60004,36676752.0,2.3253328,1915850.6,391.2835761,IT=12;12 ,ii
590,Ref 1,23.107,56948,34340440.0,2.3294037,1809657.9,391.2835599,IT=12;12 ,ii
591,Ref 1,25.786,60796,36273748.0,2.3335265,2109442.2,391.2836659,IT=13;13 ,ii
592,Ref 1,22.137,60736,41619076.0,2.3375577,2298550.5,391.2835865,IT=11;11 ,ii
593,Ref 1,24.855,61332,36114788.0,2.341514,1872237.0,391.2835639,IT=12;12 ,ii
594,Ref 1,19.033,51672,34771960.0,2.3455077,2055167.1,391.2837349,IT=9.5;9.5 ,ii
595,Ref 1,29.173,62888,35352332.0,2.3497472,1810778.8,391.283657,IT=15;15 ,ii
596,Ref 1,32.418,69060,37976452.0,2.3539139,2024513.8,391.2836284,IT=16;16 ,ii
597,Ref 1,18.334,48364,33027272.0,2.3576472,1920574.9,391.2837273,IT=9.2;9.2 ,ii
598,Ref 1,25.486,60892,36587356.0,2.3616701,1995843.1,391.2835755,IT=13;13 ,ii
599,Ref 1,21.780,59324,39049532.0,2.3657033,2149507.8,391.2835081,IT=11;11 ,ii
600,Ref 1,26.021,64376,39257860.0,2.3698492,2194096.8,391.2836023,IT=13;13 ,ii
601,Ref 1,26.571,63768,38514312.0,2.3739574,2041559.1,391.283697,IT=13;13 ,ii
602,Ref 1,21.958,56072,36190652.0,2.3778116,1889019.1,391.2836129,IT=11;11 ,ii
603,Ref 1,31.571,69964,38027480.0,2.382047,2043433.9,391.2836436,IT=16;16 ,ii
604,Ref 1,23.163,61480,40850600.0,2.3860345,2346566.2,391.2836224,IT=12;12 ,ii
605,Ref 1,25.266,62160,35930264.0,2.3901511,1854022.2,391.283631,IT=13;13 ,ii
606,Ref 1,24.751,60388,38720556.0,2.3940636,2131170.2,391.2835945,IT=12;12 ,ii
607,Ref 1,24.735,64480,42004436.0,2.3981594,2327559.5,391.2835808,IT=12;12 ,ii
608,Ref 1,23.584,60756,37998728.0,2.4022447,1946185.9,391.2835734,IT=12;12 ,ii
609,Ref 1,21.515,57924,41237484.0,2.4062802,2348737.0,391.2835276,IT=11;11 ,ii
610,Ref 1,25.847,65096,39177500.0,2.4102614,2206051.0,391.2835596,IT=13;13 ,ii
611,Ref 1,23.563,57856,36778284.0,2.4143155,1923797.4,391.2834651,IT=12;12 ,ii
612,Ref 1,22.539,57524,33941056.0,2.41838,1825976.1,391.2835354,IT=11;11 ,ii
613,Ref 1,32.239,67832,38104720.0,2.4226196,2089713.1,391.2835327,IT=16;16 ,ii
614,Ref 1,21.886,58432,37826692.0,2.426578,1963537.9,391.2835774,IT=11;11 ,ii
615,Ref 1,28.206,61884,35552188.0,2.430753,1943902.6,391.2835683,IT=14;14 ,ii
616,Ref 1,21.146,52928,34718264.0,2.4347425,2049077.5,391.2836173,IT=11;11 ,ii
617,Ref 1,25.274,64060,39620768.0,2.438882,2066010.4,391.2835733,IT=13;13 ,ii
618,Ref 1,17.339,49500,34276872.0,2.4426737,1975920.0,391.2836091,IT=8.7;8.7 ,ii
619,Ref 1,22.034,58376,38486144.0,2.4468029,2132080.2,391.2835971,IT=11;11 ,ii
620,Ref 1,26.075,63824,39617612.0,2.4509424,2148733.5,391.2836844,IT=13;13 ,ii
621,Ref 1,28.359,65652,38070864.0,2.4550757,2009969.8,391.2835456,IT=14;14 ,ii
622,Ref 1,32.827,73012,37628832.0,2.4590943,2143276.0,391.2835586,IT=16;16 ,ii
623,Ref 1,21.606,58068,38693852.0,2.4630444,2116636.2,391.2835424,IT=11;11 ,ii
624,Ref 1,39.729,76272,37228432.0,2.4674235,1866718.0,391.283647,IT=20;20 ,ii
625,Ref 1,23.612,59708,37730592.0,2.4713194,2036082.1,391.2836254,IT=12;12 ,ii
626,Ref 1,23.324,57476,35943032.0,2.4754005,1993800.9,391.2836704,IT=12;12 ,ii
627,Ref 1,37.533,73556,37172816.0,2.4797235,1912477.0,391.2836569,IT=19;19 ,ii
628,Ref 1,21.890,54996,35263608.0,2.4836214,1997242.8,391.2836211,IT=11;11 ,ii
629,Ref 1,21.447,59372,38627976.0,2.48769,2130706.8,391.2836106,IT=11;11 ,ii
630,Ref 1,24.147,64856,40037136.0,2.4918025,2112960.5,391.2835691,IT=12;12 ,ii
631,Ref 1,25.695,62912,39055512.0,2.4957442,2209074.5,391.2835996,IT=13;13 ,ii
632,Ref 1,25.816,62536,37129212.0,2.4998421,2077215.0,391.28369,IT=13;13 ,ii
633,Ref 1,22.230,55676,31804606.0,2.5038795,1691515.6,391.2836498,IT=11;11 ,ii
634,Ref 1,22.344,56616,37439248.0,2.5079566,2130709.8,391.2836922,IT=11;11 ,ii
635,Ref 1,24.910,59952,38004536.0,2.5119066,2130429.5,391.2837227,IT=12;12 ,ii
636,Ref 1,30.926,67692,38808040.0,2.5160982,1957388.9,391.2836814,IT=15;15 ,ii
637,Ref 1,21.906,57292,37442720.0,2.5200711,2102851.5,391.2836198,IT=11;11 ,ii
638,Ref 1,18.875,55320,38432224.0,2.524096,2262729.5,391.2837847,IT=9.4;9.4 ,ii
640,Ref 1,26.956,61796,35489196.0,2.5283232,1772757.0,391.2837872,IT=13;13 ,ii
642,Ref 1,27.248,63528,38261128.0,2.5326085,2071096.1,391.2837773,IT=14;14 ,ii
643,Ref 1,23.206,58840,37468984.0,2.5366522,2137043.2,391.2836908,IT=12;12 ,ii
644,Ref 1,28.068,63752,35525084.0,2.5408167,1799548.1,391.2836729,IT=14;14 ,ii
645,Ref 1,25.667,61420,37036216.0,2.5448834,2071514.0,391.2836696,IT=13;13 ,ii
646,Ref 1,22.451,57772,36127932.0,2.5487584,1920969.8,391.2837011,IT=11;11 ,ii
647,Ref 1,17.964,55284,41145088.0,2.5527605,2259679.0,391.2837022,IT=9;9 ,ii
648,Ref 1,33.089,68212,35224756.0,2.5570666,1966369.2,391.2836898,IT=17;17 ,ii
649,Ref 1,27.106,63480,37931832.0,2.5610979,2063904.1,391.2836832,IT=14;14 ,ii
650,Ref 1,34.930,67352,34516948.0,2.5653312,1699771.9,391.2836223,IT=17;17 ,ii
651,Ref 1,27.965,66480,38034212.0,2.5693583,2003422.9,391.2836245,IT=14;14 ,ii
652,Ref 1,27.643,68272,39868312.0,2.5734666,2221023.5,391.2836214,IT=14;14 ,ii
653,Ref 1,24.251,62788,39061876.0,2.5775186,1960874.8,391.2835838,IT=12;12 ,ii
654,Ref 1,33.577,71076,37079804.0,2.5815915,1951826.6,391.28362,IT=17;17 ,ii
655,Ref 1,24.120,62168,38533524.0,2.5855728,2205538.0,391.283588,IT=12;12 ,ii
656,Ref 1,23.718,59860,35577744.0,2.589656,1809990.2,391.2836259,IT=12;12 ,ii
658,Ref 1,23.356,57988,38063180.0,2.5955477,2124253.8,391.2836245,IT=12;12 ,ii
659,Ref 1,23.813,58948,38676928.0,2.5996413,2242515.8,391.2836289,IT=12;12 ,ii
660,Ref 1,23.250,57728,36373872.0,2.6037163,1823400.9,391.2836592,IT=12;12 ,ii
661,Ref 1,27.691,65012,36521908.0,2.6077018,1976854.6,391.2837106,IT=14;14 ,ii
662,Ref 1,20.339,54328,36899312.0,2.6116872,2096226.5,391.2837291,IT=10;10 ,ii
663,Ref 1,29.204,69792,39483804.0,2.6159037,1939208.4,391.2836762,IT=15;15 ,ii
664,Ref 1,21.222,55788,37370412.0,2.619885,2116255.2,391.2837587,IT=11;11 ,ii
665,Ref 1,13.775,49784,44274708.0,2.6236934,2508607.5,391.2838968,IT=6.9;6.9 ,ii
666,Ref 1,18.342,50432,35023720.0,2.6277683,1828183.5,391.2838988,IT=9.2;9.2 ,ii
667,Ref 1,23.149,60180,38162532.0,2.6319099,2079220.5,391.2837354,IT=12;12 ,ii
668,Ref 1,19.843,56304,38173396.0,2.6359453,2217897.0,391.2837197,IT=9.9;9.9 ,ii
669,Ref 1,15.864,45496,31168464.0,2.6397912,1679133.9,391.2839372,IT=7.9;7.9 ,ii
670,Ref 1,30.292,61724,33200232.0,2.6440787,1773601.2,391.2838008,IT=15;15 ,ii
671,Ref 1,27.348,65524,40447396.0,2.6481639,2198523.2,391.2838172,IT=14;14 ,ii
672,Ref 1,33.656,68036,36020692.0,2.6523744,1816395.1,391.2838112,IT=17;17 ,ii
673,Ref 1,19.672,52312,33830936.0,2.6561181,1794252.0,391.283887,IT=9.8;9.8 ,ii
674,Ref 1,21.512,55596,36121152.0,2.6602264,2089685.0,391.2837839,IT=11;11 ,ii
675,Ref 1,23.134,58872,38004800.0,2.6643451,1962251.9,391.28375,IT=12;12 ,ii
676,Ref 1,29.714,66052,38073460.0,2.6685409,2052118.4,391.2837894,IT=15;15 ,ii
677,Ref 1,22.571,59120,38712460.0,2.6723846,2093067.9,391.283752,IT=11;11 ,ii
678,Ref 1,32.407,71224,37703980.0,2.676643,2002401.8,391.2837696,IT=16;16 ,ii
679,Ref 1,19.215,52468,35730776.0,2.68057,2009376.5,391.2838469,IT=9.6;9.6 ,ii
680,Ref 1,20.989,56404,37140260.0,2.68467,2117918.8,391.2839069,IT=10;10 ,ii
681,Ref 1,23.709,60204,37632044.0,2.6887845,2011345.8,391.2837735,IT=12;12 ,ii
682,Ref 1,28.983,67240,36928780.0,2.6927845,1904853.0,391.2837798,IT=14;14 ,ii
683,Ref 1,22.547,59652,38222340.0,2.6967928,2229213.8,391.2837981,IT=11;11 ,ii
684,Ref 1,22.663,58304,38607060.0,2.700874,1948350.0,391.2838174,IT=11;11 ,ii
685,Ref 1,28.881,63308,35482952.0,2.7050532,1815186.9,391.2838114,IT=14;14 ,ii
686,Ref 1,23.741,63964,41326948.0,2.7089136,2255790.2,391.2837562,IT=12;12 ,ii
687,Ref 1,24.476,63120,38842196.0,2.7130094,2070609.6,391.2836753,IT=12;12 ,ii
688,Ref 1,19.284,49864,34581720.0,2.7170135,1804294.1,391.2838394,IT=9.6;9.6 ,ii
689,Ref 1,31.210,70264,38139756.0,2.7212718,2029001.8,391.2837932,IT=16;16 ,ii
690,Ref 1,20.319,54076,37673244.0,2.7252156,2136997.5,391.2837778,IT=10;10 ,ii
691,Ref 1,38.425,74388,35088624.0,2.7295885,1692227.6,391.2837589,IT=19;19 ,ii
692,Ref 1,23.635,57568,36484740.0,2.7335051,2026895.8,391.2837214,IT=12;12 ,ii
693,Ref 1,24.293,57184,35469676.0,2.737603,1959188.9,391.2837364,IT=12;12 ,ii
694,Ref 1,24.932,60420,35889892.0,2.7415259,1879468.5,391.2837294,IT=12;12 ,ii
695,Ref 1,25.588,61632,37042140.0,2.7456321,2053952.8,391.2836923,IT=13;13 ,ii
696,Ref 1,31.272,71380,40633420.0,2.7498175,2161086.8,391.2837557,IT=16;16 ,ii
697,Ref 1,21.178,55228,35674412.0,2.7537778,1918822.6,391.2838094,IT=11;11 ,ii
698,Ref 1,41.043,75400,35940376.0,2.7581798,1886567.5,391.2837672,IT=21;21 ,ii
699,Ref 1,21.437,58100,37356972.0,2.7618508,2051944.2,391.2837399,IT=11;11 ,ii
700,Ref 1,30.500,64772,34951560.0,2.7660778,1705590.0,391.2837133,IT=15;15 ,ii
701,Ref 1,28.657,63500,35786680.0,2.7701673,1932719.8,391.2838257,IT=14;14 ,ii
702,Ref 1,24.793,65872,41683628.0,2.7742173,2258573.5,391.2836966,IT=12;12 ,ii
703,Ref 1,28.454,64004,35218936.0,2.7782006,1777683.5,391.2837306,IT=14;14 ,ii
704,Ref 1,27.568,65068,39571336.0,2.7823006,2050320.0,391.283775,IT=14;14 ,ii
705,Ref 1,23.638,60996,40879012.0,2.7863443,2289163.0,391.2837348,IT=12;12 ,ii
706,Ref 1,25.896,62092,37815384.0,2.7904651,1988421.6,391.2837034,IT=13;13 ,ii
707,Ref 1,33.368,70420,34846388.0,2.7945172,1808472.2,391.2836638,IT=17;17 ,ii
708,Ref 1,24.137,61368,38671544.0,2.7984984,2144954.0,391.2836694,IT=12;12 ,ii
709,Ref 1,24.913,58940,33700144.0,2.8026004,1721640.5,391.2836833,IT=12;12 ,ii
710,Ref 1,26.255,64060,38949288.0,2.8067108,2077786.6,391.2836268,IT=13;13 ,ii
711,Ref 1,25.741,62800,37994008.0,2.8108004,2006963.4,391.2837368,IT=13;13 ,ii
712,Ref 1,29.062,68904,39495904.0,2.8149525,2002060.0,391.2836743,IT=15;15 ,ii
713,Ref 1,23.875,58836,36255828.0,2.8189795,1870750.6,391.2837499,IT=12;12 ,ii
714,Ref 1,25.094,64616,40838520.0,2.8230878,2289391.5,391.2838129,IT=13;13 ,ii
715,Ref 1,27.850,61448,32208582.0,2.8270566,1613086.0,391.2837337,IT=14;14 ,ii
716,Ref 1,28.814,68380,37384480.0,2.8311836,1856621.4,391.2837186,IT=14;14 ,ii
717,Ref 1,23.443,58936,36190280.0,2.8352065,2035118.9,391.283711,IT=12;12 ,ii
718,Ref 1,26.508,64844,38945000.0,2.8393501,2037650.6,391.2837047,IT=13;13 ,ii
719,Ref 1,20.117,55540,37968604.0,2.8433376,2143365.2,391.2837878,IT=10;10 ,ii
720,Ref 1,24.721,60928,36301692.0,2.8473148,1952229.0,391.2837065,IT=12;12 ,ii
721,Ref 1,18.845,52356,33145132.0,2.8513022,1729930.4,391.28368,IT=9.4;9.4 ,ii
722,Ref 1,36.572,71440,35217056.0,2.8556542,1777186.0,391.2836923,IT=18;18 ,ii
723,Ref 1,23.651,61104,38383960.0,2.8595917,2206424.8,391.2836381,IT=12;12 ,ii
724,Ref 1,34.909,72404,38567744.0,2.8636959,1988784.1,391.2836694,IT=17;17 ,ii
725,Ref 1,25.448,60952,38235960.0,2.8676855,2002007.8,391.2836111,IT=13;13 ,ii
726,Ref 1,20.630,55552,37494256.0,2.8716999,2222743.8,391.2837348,IT=10;10 ,ii
727,Ref 1,28.288,68524,39822448.0,2.8758999,2061175.6,391.2836188,IT=14;14 ,ii
728,Ref 1,26.919,62940,36004864.0,2.8798229,1852431.0,391.2836907,IT=13;13 ,ii
729,Ref 1,24.182,60516,36891428.0,2.883877,1997469.1,391.2836659,IT=12;12 ,ii
730,Ref 1,24.052,62296,36455972.0,2.8879644,1973054.9,391.2835958,IT=12;12 ,ii
731,Ref 1,36.917,72280,36470492.0,2.8922603,1831143.0,391.2836861,IT=18;18 ,ii
732,Ref 1,22.668,58516,35799720.0,2.896179,2029021.6,391.2836715,IT=11;11 ,ii
733,Ref 1,25.522,61540,39700356.0,2.9003103,2187251.2,391.2836803,IT=13;13 ,ii
734,Ref 1,24.799,56260,34849424.0,2.9043852,1849904.8,391.2836559,IT=12;12 ,ii
735,Ref 1,27.345,65344,36293492.0,2.9085143,1938996.9,391.2836596,IT=14;14 ,ii
736,Ref 1,22.982,62380,40672996.0,2.9123872,2168699.0,391.2836988,IT=11;11 ,ii
737,Ref 1,33.456,68436,36989860.0,2.9166456,1870750.4,391.2836601,IT=17;17 ,ii
738,Ref 1,26.794,63176,36873836.0,2.9206746,1979769.1,391.2836645,IT=13;13 ,ii
739,Ref 1,22.935,57756,33897772.0,2.9247101,1833965.4,391.2837105,IT=11;11 ,ii
740,Ref 1,19.416,59120,43882848.0,2.9287308,2321629.0,391.2836809,IT=9.7;9.7 ,ii
741,Ref 1,16.783,48364,34506512.0,2.9325934,1923978.5,391.2838761,IT=8.4;8.4 ,ii
742,Ref 1,22.935,58592,36879808.0,2.9367371,2014554.0,391.2837351,IT=11;11 ,ii
743,Ref 1,17.572,48276,35182528.0,2.9407245,1861663.0,391.2838498,IT=8.8;8.8 ,ii
744,Ref 1,30.084,69352,39149792.0,2.9449807,2093687.6,391.2836705,IT=15;15 ,ii
745,Ref 1,25.327,60244,37429372.0,2.9488495,2111789.5,391.2837018,IT=13;13 ,ii
746,Ref 1,27.509,62616,36468544.0,2.9529828,1862154.1,391.2837592,IT=14;14 ,ii
747,Ref 1,21.417,60364,42736200.0,2.9569848,2298064.0,391.2836567,IT=11;11 ,ii
748,Ref 1,27.307,63640,38347984.0,2.9611598,2071306.2,391.2836958,IT=14;14 ,ii
749,Ref 1,19.924,60316,44125076.0,2.9649744,2245042.8,391.2836187,IT=10;10 ,ii
750,Ref 1,28.308,68920,40525008.0,2.9691806,2131319.5,391.2836095,IT=14;14 ,ii
751,Ref 1,28.187,68988,38614852.0,2.9732847,2157332.0,391.2836732,IT=14;14 ,ii
752,Ref 1,28.717,66512,35026844.0,2.9774055,1743381.2,391.2835819,IT=14;14 ,ii
753,Ref 1,24.520,59836,34849528.0,2.9812847,1823995.4,391.2836781,IT=12;12 ,ii
754,Ref 1,24.540,60836,36820208.0,2.9853722,2090179.8,391.2835866,IT=12;12 ,ii
755,Ref 1,41.188,77376,36430464.0,2.9897346,1781117.6,391.2837014,IT=21;21 ,ii
756,Ref 1,27.126,63140,37239280.0,2.9936825,1982130.9,391.2836705,IT=14;14 ,ii
757,Ref 1,25.967,63836,38844560.0,2.9976054,2118142.0,391.283615,IT=13;13 ,ii
758,Ref 1,29.379,66792,38165924.0,3.0017658,1954571.9,391.2835538,IT=15;15 ,ii
759,Ref 1,25.759,61232,35769876.0,3.0058261,1859453.2,391.2836048,IT=13;13 ,ii
760,Ref 1,27.038,63480,38186420.0,3.009947,2021049.5,391.2835692,IT=14;14 ,ii
761,Ref 1,24.601,61104,38354000.0,3.0140136,2038532.5,391.2835973,IT=12;12 ,ii
762,Ref 1,20.784,54976,34843648.0,3.0178637,1802524.9,391.2835844,IT=10;10 ,ii
763,Ref 1,43.576,80200,37493056.0,3.0223157,1977799.5,391.283712,IT=22;22 ,ii
764,Ref 1,21.641,57120,38332712.0,3.0261197,2049059.5,391.2837169,IT=11;11 ,ii
766,Ref 1,25.325,63784,40099080.0,3.0304927,2090012.6,391.283599,IT=13;13 ,ii
768,Ref 1,22.166,61832,39102272.0,3.0346927,2295426.0,391.283604,IT=11;11 ,ii
769,Ref 1,30.546,70772,41185976.0,3.0389093,2086283.6,391.2836309,IT=15;15 ,ii
770,Ref 1,30.363,65660,34657216.0,3.0430322,1772538.4,391.2835972,IT=15;15 ,ii
771,Ref 1,32.233,68096,37489960.0,3.0471822,2016981.1,391.2835876,IT=16;16 ,ii
772,Ref 1,28.735,69596,36270508.0,3.0510822,1864164.4,391.2835487,IT=14;14 ,ii
773,Ref 1,22.804,57256,32931802.0,3.0550988,1642638.9,391.2836718,IT=11;11 ,ii
774,Ref 1,24.104,60764,37811880.0,3.0592008,2106552.5,391.2835468,IT=12;12 ,ii
775,Ref 1,24.535,59504,35021576.0,3.0632925,1828453.1,391.2836323,IT=12;12 ,ii
776,Ref 1,24.582,57956,33180992.0,3.0673757,1655152.9,391.2835785,IT=12;12 ,ii
777,Ref 1,28.665,67452,41227004.0,3.0713654,2241583.5,391.2835858,IT=14;14 ,ii
778,Ref 1,23.539,60596,38727368.0,3.0753903,2081438.2,391.2835742,IT=12;12 ,ii
779,Ref 1,28.385,66308,39182536.0,3.0795569,1978851.1,391.2835965,IT=14;14 ,ii
780,Ref 1,22.924,59732,35873712.0,3.0835715,1983141.9,391.2835653,IT=11;11 ,ii
781,Ref 1,15.358,46552,39188392.0,3.0873652,2410443.8,391.2836925,IT=7.7;7.7 ,ii
782,Ref 1,20.403,54828,35973756.0,3.0914923,1883212.1,391.2835769,IT=10;10 ,ii
784,Ref 1,25.890,64920,39014532.0,3.0957068,2043570.2,391.2834431,IT=13;13 ,ii
785,Ref 1,19.350,53168,36229932.0,3.0996984,1936875.1,391.2835946,IT=9.7;9.7 ,ii
786,Ref 1,27.159,60644,34979700.0,3.1037297,1744072.9,391.2836065,IT=14;14 ,ii
787,Ref 1,34.002,67260,36337192.0,3.1079485,1913003.2,391.2835908,IT=17;17 ,ii
788,Ref 1,23.190,59344,37453636.0,3.1119046,2152788.2,391.2835808,IT=12;12 ,ii
789,Ref 1,21.847,58212,40054740.0,3.1159692,1990913.6,391.2835197,IT=11;11 ,ii
790,Ref 1,26.147,60716,34888904.0,3.1199484,1886438.1,391.2835467,IT=13;13 ,ii
791,Ref 1,25.170,64008,38248696.0,3.1240296,2118869.8,391.2835123,IT=13;13 ,ii
792,Ref 1,22.069,55812,36274364.0,3.1280691,1833401.8,391.2835472,IT=11;11 ,ii
793,Ref 1,29.239,67504,39413880.0,3.1322628,2057276.4,391.2835357,IT=15;15 ,ii
794,Ref 1,18.902,55320,38046608.0,3.1360358,2076601.4,391.2836236,IT=9.5;9.5 ,ii
795,Ref 1,29.540,69380,38446744.0,3.1402753,1921955.9,391.2835995,IT=15;15 ,ii
796,Ref 1,28.055,64528,38079784.0,3.1443711,2008420.9,391.2835929,IT=14;14 ,ii
797,Ref 1,19.018,51996,37897036.0,3.1483315,2236515.5,391.2836086,IT=9.5;9.5 ,ii
798,Ref 1,22.214,56580,33791428.0,3.1522815,1745949.8,391.2836372,IT=11;11 ,ii
799,Ref 1,24.250,61576,39113080.0,3.1563919,2079675.1,391.2836244,IT=12;12 ,ii
800,Ref 1,24.163,61804,39364908.0,3.1604751,2108751.5,391.283666,IT=12;12 ,ii
801,Ref 1,20.988,57932,38538052.0,3.1645064,2062043.4,391.2836131,IT=10;10 ,ii
802,Ref 1,24.392,59424,33028948.0,3.1684647,1740296.8,391.2837212,IT=12;12 ,ii
803,Ref 1,28.192,66244,37265648.0,3.1724479,2021840.0,391.2836832,IT=14;14 ,ii
804,Ref 1,21.097,55180,36645380.0,3.1764438,2085665.4,391.2837777,IT=11;11 ,ii
805,Ref 1,24.316,59948,31649722.0,3.1805709,1602689.2,391.2837547,IT=12;12 ,ii
806,Ref 1,31.162,72052,38588628.0,3.1847687,2060698.9,391.2836641,IT=16;16 ,ii
807,Ref 1,23.489,60520,37572232.0,3.1885958,1987182.8,391.2837667,IT=12;12 ,ii
808,Ref 1,27.758,62496,35493624.0,3.192752,1844192.9,391.2836855,IT=14;14 ,ii
809,Ref 1,20.490,59244,41429036.0,3.1967353,2296773.8,391.2836855,IT=10;10 ,ii
810,Ref 1,22.245,61012,40862060.0,3.2008311,2234512.0,391.2836712,IT=11;11 ,ii
811,Ref 1,25.568,62796,38361500.0,3.2047936,1928013.1,391.2836758,IT=13;13 ,ii
812,Ref 1,25.483,61804,38199544.0,3.2088894,2100066.2,391.283655,IT=13;13 ,ii
813,Ref 1,22.959,62644,40296536.0,3.2129393,2221972.5,391.2837042,IT=11;11 ,ii
814,Ref 1,18.415,48020,32250660.0,3.2169414,1727902.5,391.2837785,IT=9.2;9.2 ,ii
815,Ref 1,20.811,55488,38717848.0,3.2208686,2123279.0,391.2837032,IT=10;10 ,ii
816,Ref 1,25.203,63084,39194420.0,3.2250164,2052929.6,391.2836426,IT=13;13 ,ii
817,Ref 1,20.091,57216,40266416.0,3.2290142,2079567.9,391.2836474,IT=10;10 ,ii
818,Ref 1,29.204,65940,37864488.0,3.2332434,2007640.2,391.2836572,IT=15;15 ,ii
819,Ref 1,19.874,55684,37211100.0,3.2370372,2115857.8,391.2836927,IT=9.9;9.9 ,ii
820,Ref 1,21.989,60072,42521212.0,3.2411434,2141155.5,391.2836054,IT=11;11 ,ii
821,Ref 1,45.498,78572,34158512.0,3.24561,1810114.9,391.2836698,IT=23;23 ,ii
822,Ref 1,19.719,54652,37146124.0,3.2493495,2157992.0,391.2835728,IT=9.9;9.9 ,ii
823,Ref 1,21.067,55856,34885440.0,3.2532786,1810265.1,391.2837027,IT=11;11 ,ii
824,Ref 1,22.489,62512,42860752.0,3.2573766,2258131.8,391.2835953,IT=11;11 ,ii
825,Ref 1,20.887,59460,39368800.0,3.2614223,2243137.5,391.2837157,IT=10;10 ,ii
826,Ref 1,19.291,55868,39974028.0,3.2654619,2171552.2,391.2836884,IT=9.6;9.6 ,ii
827,Ref 1,25.734,63216,40453888.0,3.2694661,2110583.0,391.2836228,IT=13;13 ,ii
828,Ref 1,24.967,64092,39339276.0,3.2735536,2224388.8,391.2835819,IT=12;12 ,ii
829,Ref 1,26.172,61612,36096300.0,3.2776618,1872295.2,391.2835531,IT=13;13 ,ii
830,Ref 1,27.307,65848,37507520.0,3.2817743,2033973.9,391.2835473,IT=14;14 ,ii
831,Ref 1,26.782,64724,36399076.0,3.2857119,2009491.4,391.2835842,IT=13;13 ,ii
832,Ref 1,27.926,65924,38380008.0,3.2898326,1901487.8,391.2836624,IT=14;14 ,ii
833,Ref 1,24.910,60628,35828912.0,3.2938909,1792248.6,391.2835748,IT=12;12 ,ii
834,Ref 1,24.966,64704,40710368.0,3.2979826,2105530.5,391.2835543,IT=12;12 ,ii
835,Ref 1,32.527,71360,37737672.0,3.3021991,1951401.2,391.2835638,IT=16;16 ,ii
836,Ref 1,26.649,64964,38426512.0,3.3060679,1915253.5,391.2835423,IT=13;13 ,ii
837,Ref 1,25.751,64348,38239320.0,3.3101492,2134259.8,391.2836065,IT=13;13 ,ii
838,Ref 1,23.555,58660,36690248.0,3.3142053,1971103.6,391.283593,IT=12;12 ,ii
839,Ref 1,28.439,65192,37167628.0,3.3183678,1920944.2,391.2835004,IT=14;14 ,ii
840,Ref 1,23.136,59128,38081036.0,3.322222,2160340.8,391.2835487,IT=12;12 ,ii
841,Ref 1,23.745,61528,39685764.0,3.3263178,2177278.5,391.2835705,IT=12;12 ,ii
842,Ref 1,28.130,65324,38072668.0,3.3304719,1942733.1,391.2835623,IT=14;14 ,ii
843,Ref 1,28.140,66864,39403480.0,3.3345781,2050214.0,391.2836458,IT=14;14 ,ii
844,Ref 1,19.013,58596,40458200.0,3.3383739,2143490.0,391.2836501,IT=9.5;9.5 ,ii
845,Ref 1,33.897,70192,35017192.0,3.3426865,1682783.4,391.2836239,IT=17;17 ,ii
846,Ref 1,23.642,61368,40635000.0,3.346651,2279049.5,391.2834751,IT=12;12 ,ii
847,Ref 1,24.620,60624,39433596.0,3.350751,2184021.5,391.2835728,IT=12;12 ,ii
848,Ref 1,23.590,56596,35353016.0,3.3546531,1824730.5,391.2837665,IT=12;12 ,ii
849,Ref 1,19.059,52808,37549148.0,3.3586655,2108823.8,391.2837779,IT=9.5;9.5 ,ii
850,Ref 1,32.550,70324,36882176.0,3.3629467,1955283.6,391.283678,IT=16;16 ,ii
851,Ref 1,29.725,70448,40429404.0,3.3670279,1999880.6,391.2836537,IT=15;15 ,ii
852,Ref 1,36.815,75172,36130488.0,3.3710925,1787566.5,391.2836886,IT=18;18 ,ii
853,Ref 1,20.872,55204,36318144.0,3.3749883,1949108.8,391.2837429,IT=10;10 ,ii
854,Ref 1,25.600,59612,33139486.0,3.3791424,1668395.5,391.2836672,IT=13;13 ,ii
855,Ref 1,28.632,65528,35083452.0,3.3832862,1833926.6,391.2836241,IT=14;14 ,ii
856,Ref 1,17.411,49628,36893264.0,3.3870466,2176599.0,391.28368,IT=8.7;8.7 ,ii
857,Ref 1,33.938,71504,37548976.0,3.3913737,1816875.8,391.2835466,IT=17;17 ,ii
858,Ref 1,24.641,57992,34003572.0,3.3953548,1804812.0,391.2836845,IT=12;12 ,ii
859,Ref 1,21.073,57056,36072684.0,3.3993861,2011021.4,391.283727,IT=11;11 ,ii
860,Ref 1,18.096,55376,42807716.0,3.4034068,2310193.5,391.2836616,IT=9;9 ,ii
861,Ref 1,21.166,54896,33725512.0,3.4073444,1826415.5,391.2836997,IT=11;11 ,ii
862,Ref 1,28.507,65436,36461132.0,3.411536,2031306.5,391.2836523,IT=14;14 ,ii
863,Ref 1,22.450,60428,41441392.0,3.41554,2180570.0,391.2836676,IT=11;11 ,ii
864,Ref 1,39.563,76456,36943984.0,3.4199067,1923697.4,391.2837899,IT=20;20 ,ii
865,Ref 1,23.423,62768,42727152.0,3.4239172,2303543.8,391.2837022,IT=12;12 ,ii
866,Ref 1,29.494,65672,36531028.0,3.4281026,1849848.2,391.2837526,IT=15;15 ,ii
867,Ref 1,32.547,69756,36719992.0,3.4322692,1816997.9,391.2837038,IT=16;16 ,ii
868,Ref 1,24.099,62672,40302576.0,3.4362566,2230683.0,391.2836348,IT=12;12 ,ii
869,Ref 1,32.782,72476,37083668.0,3.4403192,1861180.4,391.2837427,IT=16;16 ,ii
870,Ref 1,24.930,60636,37764048.0,3.4443296,1972104.8,391.2837224,IT=12;12 ,ii
871,Ref 1,18.933,53600,38260360.0,3.4483253,2232508.0,391.2838472,IT=9.5;9.5 ,ii
872,Ref 1,19.307,57924,41398516.0,3.4523919,2195341.0,391.2837884,IT=9.7;9.7 ,ii
873,Ref 1,42.004,76588,36378216.0,3.4566689,1745396.6,391.2838395,IT=21;21 ,ii
874,Ref 1,25.817,62332,35996324.0,3.4605836,2015140.1,391.283779,IT=13;13 ,ii
875,Ref 1,36.428,71840,36467792.0,3.4648606,1794527.4,391.2837707,IT=18;18 ,ii
876,Ref 1,23.279,60716,37763292.0,3.468796,1917984.1,391.2837157,IT=12;12 ,ii
877,Ref 1,22.716,58784,36904944.0,3.472873,2017899.1,391.2838179,IT=11;11 ,ii
878,Ref 1,27.407,64672,40970836.0,3.4770272,2183488.0,391.2837076,IT=14;14 ,ii
879,Ref 1,30.873,67280,37332592.0,3.4811876,1861142.8,391.2837552,IT=15;15 ,ii
880,Ref 1,24.977,63904,38329524.0,3.4852125,2095476.9,391.2836872,IT=12;12 ,ii
881,Ref 1,29.350,64616,37915112.0,3.4893813,2067702.6,391.2837074,IT=15;15 ,ii
882,Ref 1,27.088,66776,42065768.0,3.4932855,2172872.0,391.2836497,IT=14;14 ,ii
883,Ref 1,27.680,65324,38791668.0,3.4974042,2087857.0,391.283735,IT=14;14 ,ii
884,Ref 1,31.671,71236,39136604.0,3.501577,1974488.2,391.2837148,IT=16;16 ,ii
885,Ref 1,22.555,61292,38572940.0,3.5055541,1999126.8,391.2836721,IT=11;11 ,ii
886,Ref 1,38.111,71860,37666396.0,3.5098998,2040713.4,391.2837558,IT=19;19 ,ii
887,Ref 1,23.597,61220,39962852.0,3.5138124,2065008.8,391.2836393,IT=12;12 ,ii
888,Ref 1,21.202,56132,37840496.0,3.5178582,1987073.1,391.2836698,IT=11;11 ,ii
889,Ref 1,29.653,67724,39001208.0,3.5220665,2046952.9,391.2836241,IT=15;15 ,ii
890,Ref 1,23.752,65116,41511216.0,3.5260872,2204260.5,391.2836699,IT=12;12 ,ii
891,Ref 1,35.947,69508,36042408.0,3.530204,1759429.5,391.2837814,IT=18;18 ,ii
893,Ref 1,30.394,67572,39855200.0,3.5344956,2084061.6,391.2837971,IT=15;15 ,ii
895,Ref 1,21.308,55756,35233084.0,3.5386893,1953500.0,391.2837763,IT=11;11 ,ii
896,Ref 1,27.688,63968,37125392.0,3.5428663,1872636.2,391.2837137,IT=14;14 ,ii
897,Ref 1,39.189,76284,37674984.0,3.5470039,1966161.5,391.2838156,IT=20;20 ,ii
898,Ref 1,26.448,66752,40481944.0,3.550958,2232432.5,391.2836902,IT=13;13 ,ii
899,Ref 1,21.401,63936,42751728.0,3.5549725,2179404.8,391.2836989,IT=11;11 ,ii
900,Ref 1,29.578,71160,40853556.0,3.5591891,2174797.2,391.2837482,IT=15;15 ,ii
901,Ref 1,18.322,53992,38799412.0,3.5631162,2165694.0,391.2837894,IT=9.2;9.2 ,ii
902,Ref 1,31.427,69400,38870596.0,3.5672287,1992905.8,391.2837358,IT=16;16 ,ii
903,Ref 1,23.683,62828,39124048.0,3.5712307,2123129.8,391.2836869,IT=12;12 ,ii
904,Ref 1,28.854,65180,38063352.0,3.5753995,2084326.5,391.2837365,IT=14;14 ,ii
905,Ref 1,31.892,67164,34692392.0,3.5795619,1659139.9,391.2836979,IT=16;16 ,ii
906,Ref 1,27.324,61900,36598592.0,3.5834432,1951024.5,391.2837058,IT=14;14 ,ii
907,Ref 1,23.830,64220,44434620.0,3.587491,2475147.8,391.2836869,IT=12;12 ,ii
908,Ref 1,21.001,57640,41432856.0,3.5915305,2098054.5,391.2837183,IT=11;11 ,ii
909,Ref 1,22.451,54448,32909452.0,3.5956222,1745962.5,391.2838741,IT=11;11 ,ii
911,Ref 1,19.675,58952,44195328.0,3.5997348,2440711.0,391.283696,IT=9.8;9.8 ,ii
912,Ref 1,26.201,66472,40432440.0,3.6039097,2049034.5,391.2836907,IT=13;13 ,ii
913,Ref 1,46.495,81788,35409556.0,3.6083409,1737885.6,391.2837864,IT=23;23 ,ii
914,Ref 1,23.237,58256,34627124.0,3.6121242,1874527.1,391.2837634,IT=12;12 ,ii
915,Ref 1,30.379,71388,42959572.0,3.6163284,2210476.5,391.2837878,IT=15;15 ,ii
916,Ref 1,21.604,55228,33914152.0,3.6203013,1808974.1,391.2838561,IT=11;11 ,ii
917,Ref 1,23.994,59436,38484696.0,3.6244158,2158684.5,391.2836693,IT=12;12 ,ii
918,Ref 1,25.569,66772,41259704.0,3.628522,2044858.2,391.2837763,IT=13;13 ,ii
919,Ref 1,20.126,58360,38426308.0,3.6323575,1979358.9,391.2837594,IT=10;10 ,ii
920,Ref 1,22.044,57948,40167292.0,3.6364574,2200626.5,391.2836969,IT=11;11 ,ii
921,Ref 1,32.753,68544,36049548.0,3.6407094,1846447.6,391.2837449,IT=16;16 ,ii
922,Ref 1,25.379,61720,36478016.0,3.6447157,1806889.0,391.2837121,IT=13;13 ,ii
923,Ref 1,29.611,64800,35236148.0,3.6488802,1880132.9,391.2838142,IT=15;15 ,ii
924,Ref 1,23.957,62208,41856568.0,3.6527406,2152667.0,391.2836894,IT=12;12 ,ii
925,Ref 1,30.206,68736,37122964.0,3.6569239,1888801.6,391.2836882,IT=15;15 ,ii
926,Ref 1,22.120,59664,41936836.0,3.6609134,2365865.5,391.2837614,IT=11;11 ,ii
927,Ref 1,26.299,64212,40608344.0,3.6650593,2118330.8,391.2837507,IT=13;13 ,ii
928,Ref 1,44.800,77532,34791236.0,3.6692968,1683353.2,391.2837941,IT=22;22 ,ii
929,Ref 1,24.779,61048,39312304.0,3.6731404,2165540.2,391.2837557,IT=12;12 ,ii
930,Ref 1,17.133,54780,41071824.0,3.6771071,2230558.2,391.2838056,IT=8.6;8.6 ,ii
931,Ref 1,48.357,86492,38804536.0,3.6816758,1885787.9,391.2838487,IT=24;24 ,ii
932,Ref 1,27.903,64700,37958512.0,3.68533,1979871.0,391.2837098,IT=14;14 ,ii
933,Ref 1,24.953,69012,46372520.0,3.6893925,2541110.2,391.2836982,IT=12;12 ,ii
934,Ref 1,28.114,66516,39578376.0,3.6935382,2077762.2,391.2836922,IT=14;14 ,ii
935,Ref 1,30.473,67656,37024644.0,3.6976841,1895958.4,391.2837062,IT=15;15 ,ii
936,Ref 1,25.577,62976,39215500.0,3.7015528,2208335.0,391.2836813,IT=13;13 ,ii
937,Ref 1,31.557,70032,40178616.0,3.7057486,1910574.4,391.2836931,IT=16;16 ,ii
938,Ref 1,23.698,60200,38155260.0,3.7097465,2020762.5,391.2837257,IT=12;12 ,ii
939,Ref 1,26.212,63812,39072592.0,3.7138714,2247011.8,391.2836763,IT=13;13 ,ii
940,Ref 1,24.970,64188,40608084.0,3.7177819,1972608.1,391.2836063,IT=12;12 ,ii
941,Ref 1,26.164,68180,42267796.0,3.7218923,2272075.8,391.2836695,IT=13;13 ,ii
942,Ref 1,23.447,57660,35821384.0,3.7259401,2040688.5,391.2837119,IT=12;12 ,ii
943,Ref 1,37.927,73888,36529400.0,3.730265,1775364.5,391.2836982,IT=19;19 ,ii
944,Ref 1,22.927,60692,38181712.0,3.7341754,2037245.2,391.2836462,IT=11;11 ,ii
945,Ref 1,28.158,68936,40239364.0,3.7381776,2184350.8,391.2836594,IT=14;14 ,ii
946,Ref 1,28.251,68852,41180896.0,3.7422879,2054246.0,391.2836709,IT=14;14 ,ii
947,Ref 1,25.981,63064,35001948.0,3.7463628,1755514.9,391.2837259,IT=13;13 ,ii
948,Ref 1,28.032,67568,41689396.0,3.7504941,2281098.8,391.2836805,IT=14;14 ,ii
949,Ref 1,26.307,61020,35955012.0,3.7544065,1920680.4,391.2837363,IT=13;13 ,ii
950,Ref 1,29.128,66664,37639788.0,3.7585566,2004401.8,391.2837387,IT=15;15 ,ii
951,Ref 1,26.011,66796,42478336.0,3.762619,2250211.8,391.2836165,IT=13;13 ,ii
952,Ref 1,24.042,59828,37516836.0,3.7666877,1917012.2,391.283748,IT=12;12 ,ii
953,Ref 1,31.185,70436,38052776.0,3.7707232,1909602.0,391.2836974,IT=16;16 ,ii
954,Ref 1,31.998,69080,37970444.0,3.7748627,2034315.6,391.2837303,IT=16;16 ,ii
955,Ref 1,34.963,74060,38329028.0,3.7790439,1966198.0,391.2837919,IT=17;17 ,ii
956,Ref 1,32.331,72580,38493868.0,3.7831502,1900018.6,391.2837059,IT=16;16 ,ii
957,Ref 1,26.003,64552,38784576.0,3.7870064,2101148.5,391.2836992,IT=13;13 ,ii
958,Ref 1,39.744,79432,38409956.0,3.7913335,1859402.2,391.2838373,IT=20;20 ,ii
959,Ref 1,30.133,68252,38734004.0,3.7953438,1994247.2,391.2836807,IT=15;15 ,ii
960,Ref 1,22.673,59252,38135212.0,3.7993396,2166143.8,391.2836684,IT=11;11 ,ii
961,Ref 1,17.725,53436,38504296.0,3.8033375,2024924.5,391.2837757,IT=8.9;8.9 ,ii
962,Ref 1,27.419,66068,37753816.0,3.8073813,1869193.1,391.2836998,IT=14;14 ,ii
963,Ref 1,27.339,65972,40261180.0,3.8114833,2154925.2,391.2837254,IT=14;14 ,ii
964,Ref 1,27.801,66116,39055252.0,3.8155936,1976915.4,391.2836704,IT=14;14 ,ii
965,Ref 1,18.714,55472,38680376.0,3.8195519,2044252.4,391.2836966,IT=9.4;9.4 ,ii
966,Ref 1,37.390,72888,38449760.0,3.823752,2018093.0,391.2837432,IT=19;19 ,ii
967,Ref 1,25.133,62736,38374248.0,3.8277124,2017515.5,391.2837351,IT=13;13 ,ii
968,Ref 1,24.689,60344,37202956.0,3.8317956,1867423.6,391.2836791,IT=12;12 ,ii
969,Ref 1,23.087,59692,37031800.0,3.835856,1932966.0,391.2837024,IT=12;12 ,ii
970,Ref 1,34.903,72828,37451444.0,3.8401331,1911791.4,391.2837376,IT=17;17 ,ii
971,Ref 1,24.971,65304,40351788.0,3.844106,2061622.4,391.2836334,IT=12;12 ,ii
972,Ref 1,22.143,57144,37494208.0,3.8481518,2122580.8,391.2837541,IT=11;11 ,ii
973,Ref 1,21.930,60192,39208904.0,3.8522205,2215802.2,391.2836894,IT=11;11 ,ii
974,Ref 1,22.292,59736,39379248.0,3.8561351,2018175.8,391.2836793,IT=11;11 ,ii
975,Ref 1,47.680,81448,36695948.0,3.8606372,1831495.6,391.2837549,IT=24;24 ,ii
976,Ref 1,24.840,61204,38582016.0,3.8644267,2159416.0,391.2836986,IT=12;12 ,ii
977,Ref 1,30.973,70264,39270016.0,3.8686225,1932206.9,391.2836811,IT=15;15 ,ii
978,Ref 1,28.924,67456,37360216.0,3.8725392,1923136.5,391.2837271,IT=14;14 ,ii
979,Ref 1,25.568,62268,39196448.0,3.8765996,2131651.5,391.283704,IT=13;13 ,ii
980,Ref 1,26.116,65600,38901368.0,3.8807078,1902789.5,391.2836594,IT=13;13 ,ii
981,Ref 1,26.553,65020,39372236.0,3.8848162,2148339.0,391.2835528,IT=13;13 ,ii
982,Ref 1,23.134,59988,38504736.0,3.8888494,2144650.0,391.2836759,IT=12;12 ,ii
983,Ref 1,46.850,81480,35850552.0,3.8931619,1725628.2,391.2837069,IT=23;23 ,ii
984,Ref 1,23.680,64272,41626892.0,3.8969515,2223664.2,391.2836433,IT=12;12 ,ii
985,Ref 1,29.482,66816,38081336.0,3.9011327,2142779.0,391.2836742,IT=15;15 ,ii
986,Ref 1,30.258,66248,37018200.0,3.9052618,1796360.9,391.2836336,IT=15;15 ,ii
987,Ref 1,30.054,68484,36142268.0,3.9092139,1795599.9,391.2836987,IT=15;15 ,ii
988,Ref 1,41.029,77556,38863592.0,3.9135263,1992741.9,391.2837035,IT=21;21 ,ii
989,Ref 1,22.854,56232,34452184.0,3.9173992,1760774.1,391.2836493,IT=11;11 ,ii
990,Ref 1,30.567,68340,35104312.0,3.9216159,1788324.4,391.2837077,IT=15;15 ,ii
991,Ref 1,26.081,67680,41154316.0,3.9256263,2200486.8,391.283669,IT=13;13 ,ii
992,Ref 1,24.677,61592,40040148.0,3.9297055,2004609.6,391.2836415,IT=12;12 ,ii
993,Ref 1,24.855,62176,37812776.0,3.9337991,1990202.4,391.28371,IT=12;12 ,ii
994,Ref 1,28.122,64576,39001632.0,3.9379408,2116048.8,391.2835233,IT=14;14 ,ii
995,Ref 1,24.421,62352,41855868.0,3.9418199,2292135.5,391.2835605,IT=12;12 ,ii
996,Ref 1,25.210,61452,37388156.0,3.9459241,1940393.8,391.2836333,IT=13;13 ,ii
997,Ref 1,23.972,62184,39476752.0,3.9499907,2271265.8,391.2836773,IT=12;12 ,ii
998,Ref 1,20.859,55896,37350776.0,3.9540282,1864070.2,391.2837114,IT=10;10 ,ii
999,Ref 1,37.147,76720,38928644.0,3.9583656,1946470.1,391.2836045,IT=19;19 ,ii
1000,Ref 1,30.068,66272,36709512.0,3.9622281,1939916.4,391.2836278,IT=15;15 ,ii
1001,Ref 1,34.748,73948,38990416.0,3.9664344,1969576.1,391.2836856,IT=17;17 ,ii
1002,Ref 1,30.239,68872,39661500.0,3.9705051,2005400.4,391.2836791,IT=15;15 ,ii
1003,Ref 1,24.364,67348,40614240.0,3.9745384,2181739.0,391.2835722,IT=12;12 ,ii
1004,Ref 1,29.370,66468,39311888.0,3.9787093,1951250.9,391.283667,IT=15;15 ,ii
1005,Ref 1,34.591,72512,36270768.0,3.9829134,1847671.2,391.2837225,IT=17;17 ,ii
1006,Ref 1,22.513,60380,40948564.0,3.9868571,2213329.0,391.2836176,IT=11;11 ,ii
1007,Ref 1,22.979,58564,36880092.0,3.9909425,1862254.4,391.2837223,IT=11;11 ,ii
1008,Ref 1,44.469,81928,37628856.0,3.9952113,1854571.0,391.2836667,IT=22;22 ,ii
1009,Ref 1,28.917,67048,37095712.0,3.9991279,1957305.5,391.2836059,IT=14;14 ,ii
1010,Ref 1,24.699,63540,41781888.0,4.0031736,2196952.0,391.2836013,IT=12;12 ,ii
1011,Ref 1,26.262,63792,35874248.0,4.0072966,1790193.0,391.2836366,IT=13;13 ,ii
1012,Ref 1,27.065,65712,38158592.0,4.0112424,2045556.1,391.2835707,IT=14;14 ,ii
1013,Ref 1,32.145,71012,39187564.0,4.0154341,2109474.0,391.2836465,IT=16;16 ,ii
1014,Ref 1,22.564,56252,34643296.0,4.0194069,1759914.8,391.2837137,IT=11;11 ,ii
1015,Ref 1,34.173,74388,39804100.0,4.023686,2041313.1,391.283657,IT=17;17 ,ii
1016,Ref 1,22.679,59404,40091616.0,4.0276298,2274584.8,391.2837277,IT=11;11 ,ii
1017,Ref 1,33.614,73436,37948520.0,4.0317277,1806841.9,391.2837977,IT=17;17 ,ii
1019,Ref 1,30.386,68008,37890524.0,4.0360152,2017420.2,391.2838001,IT=15;15 ,ii
1021,Ref 1,28.787,67108,41447876.0,4.0403297,2237839.8,391.2836783,IT=14;14 ,ii
1022,Ref 1,29.747,69652,40142200.0,4.0444672,2000712.9,391.2837962,IT=15;15 ,ii
1023,Ref 1,27.551,69408,38494768.0,4.0483776,1919091.9,391.2837275,IT=14;14 ,ii
1024,Ref 1,24.717,64456,40353472.0,4.0524421,2207235.8,391.2836981,IT=12;12 ,ii
1025,Ref 1,23.675,61992,39452020.0,4.0565171,1892422.9,391.2836896,IT=12;12 ,ii
1026,Ref 1,20.810,57536,37465660.0,4.0605483,2174699.0,391.2837313,IT=10;10 ,ii
1027,Ref 1,31.200,70720,39025660.0,4.064792,2107315.0,391.2837222,IT=16;16 ,ii
1028,Ref 1,35.733,69216,35171428.0,4.0688212,1747966.4,391.2836933,IT=18;18 ,ii
1029,Ref 1,26.985,67324,39357460.0,4.0728316,2122663.2,391.2836488,IT=13;13 ,ii
1030,Ref 1,25.623,66196,41726260.0,4.0769086,2234569.0,391.2836291,IT=13;13 ,ii
1031,Ref 1,26.224,63680,39600916.0,4.0810127,1967037.1,391.2836995,IT=13;13 ,ii
1032,Ref 1,24.163,62540,40396300.0,4.0849086,2175269.0,391.2836138,IT=12;12 ,ii
1033,Ref 1,25.450,63208,38238292.0,4.0890189,2041144.5,391.2837055,IT=13;13 ,ii
1034,Ref 1,22.997,59308,35154152.0,4.0930772,1734051.0,391.2837118,IT=11;11 ,ii
1035,Ref 1,32.838,70120,36472988.0,4.0973147,1839382.5,391.283768,IT=16;16 ,ii
1037,Ref 1,25.511,63104,39691964.0,4.1015252,2145426.2,391.2836572,IT=13;13 ,ii
1038,Ref 1,25.305,65768,39813520.0,4.1056168,1916719.8,391.2836185,IT=13;13 ,ii
1039,Ref 1,28.978,66308,39414364.0,4.1097729,1966952.9,391.2836744,IT=14;14 ,ii
1040,Ref 1,26.671,64988,37408880.0,4.1138459,1963708.1,391.2836988,IT=13;13 ,ii
1041,Ref 1,24.712,60236,37955736.0,4.1177501,1934599.9,391.2836592,IT=12;12 ,ii
1042,Ref 1,24.462,57256,33972144.0,4.1218375,1800673.9,391.2836997,IT=12;12 ,ii
1043,Ref 1,27.380,66820,39923328.0,4.1259708,2227126.0,391.2836361,IT=14;14 ,ii
1044,Ref 1,24.784,62948,39161896.0,4.1300312,2082174.6,391.28365,IT=12;12 ,ii
1045,Ref 1,24.591,62984,37361904.0,4.1341207,2021437.1,391.2835697,IT=12;12 ,ii
1046,Ref 1,23.032,57272,36348928.0,4.1380145,2043644.0,391.2836694,IT=12;12 ,ii
1047,Ref 1,24.468,63688,40604848.0,4.1421228,2123982.8,391.2836088,IT=12;12 ,ii
1048,Ref 1,24.782,58592,34482388.0,4.1462144,1860117.1,391.2836705,IT=12;12 ,ii
1049,Ref 1,19.516,56496,40154780.0,4.1502164,2208163.5,391.283711,IT=9.8;9.8 ,ii
1050,Ref 1,33.550,72240,38303320.0,4.1543519,1959934.1,391.2836765,IT=17;17 ,ii
1051,Ref 1,30.089,70068,39042340.0,4.1584289,1960816.1,391.2836501,IT=15;15 ,ii
1052,Ref 1,26.735,65184,37554468.0,4.1625059,1991224.0,391.2837028,IT=13;13 ,ii
1053,Ref 1,33.341,72060,38851612.0,4.1667163,1914406.8,391.2836357,IT=17;17 ,ii
1054,Ref 1,42.988,80016,36413672.0,4.1708455,1774239.1,391.2836377,IT=21;21 ,ii
1055,Ref 1,25.166,64512,39525960.0,4.1748997,2144158.5,391.2837388,IT=13;13 ,ii
1056,Ref 1,30.803,67648,39288980.0,4.179085,1999019.0,391.2837269,IT=15;15 ,ii
1057,Ref 1,27.124,61268,34221712.0,4.1831475,1717152.4,391.283846,IT=14;14 ,ii
1058,Ref 1,27.071,67676,41489896.0,4.1870871,2290203.8,391.2836732,IT=14;14 ,ii
1059,Ref 1,27.954,63984,38779240.0,4.1912079,2015309.0,391.283717,IT=14;14 ,ii
1060,Ref 1,25.906,63288,38435444.0,4.1952891,1969380.2,391.2836604,IT=13;13 ,ii
1061,Ref 1,27.520,67760,39536184.0,4.199412,2156467.2,391.2836369,IT=14;14 ,ii
1062,Ref 1,25.603,66772,41408072.0,4.2034973,2127883.5,391.2835875,IT=13;13 ,ii
1063,Ref 1,31.297,70424,36978288.0,4.2075161,1819303.1,391.2836326,IT=16;16 ,ii
1064,Ref 1,23.143,58380,34728844.0,4.2115056,1906769.6,391.2836867,IT=12;12 ,ii
1065,Ref 1,22.850,59364,38784528.0,4.2155848,2112679.0,391.2836518,IT=11;11 ,ii
1066,Ref 1,26.279,64888,38411804.0,4.219718,1885990.6,391.2836898,IT=13;13 ,ii
1067,Ref 1,27.687,66668,40775440.0,4.2236764,2135724.8,391.2836348,IT=14;14 ,ii
1068,Ref 1,27.535,66496,39926112.0,4.2277847,2141195.2,391.2836634,IT=14;14 ,ii
1069,Ref 1,23.040,57960,33876312.0,4.2318159,1658054.5,391.2837731,IT=12;12 ,ii
1070,Ref 1,23.141,61620,39819576.0,4.2359013,2048492.9,391.2836858,IT=12;12 ,ii
1071,Ref 1,26.595,66288,41210144.0,4.23987,2200552.0,391.2837452,IT=13;13 ,ii
1072,Ref 1,28.680,67176,39120480.0,4.2440075,1945241.9,391.2835922,IT=14;14 ,ii
1073,Ref 1,34.305,73984,38514296.0,4.2482137,1945979.4,391.2836889,IT=17;17 ,ii
1074,Ref 1,22.181,58696,40518164.0,4.2521491,2251747.8,391.2837651,IT=11;11 ,ii
1075,Ref 1,30.534,71956,43068940.0,4.2562053,2154586.2,391.2837012,IT=15;15 ,ii
1076,Ref 1,34.578,73920,38749248.0,4.2603949,1979037.2,391.2837198,IT=17;17 ,ii
1077,Ref 1,29.244,70316,39417732.0,4.2644511,2082753.0,391.2836956,IT=15;15 ,ii
1078,Ref 1,30.372,66000,35078496.0,4.2685844,1690039.8,391.283661,IT=15;15 ,ii
1079,Ref 1,24.591,60744,36910672.0,4.2724448,2025518.2,391.2837198,IT=12;12 ,ii
1080,Ref 1,25.247,61768,38308608.0,4.276549,2037323.9,391.2837042,IT=13;13 ,ii
1081,Ref 1,30.906,71744,40259436.0,4.2807302,1944090.4,391.2836963,IT=15;15 ,ii
1082,Ref 1,24.178,62608,38499400.0,4.2847385,1935710.2,391.2836087,IT=12;12 ,ii
1083,Ref 1,26.779,67640,40964508.0,4.2888717,2143697.5,391.2837339,IT=13;13 ,ii
1084,Ref 1,28.062,65540,37015248.0,4.2928259,1934401.1,391.2837522,IT=14;14 ,ii
1085,Ref 1,32.011,70128,39497064.0,4.2970071,2072436.1,391.2837527,IT=16;16 ,ii
1086,Ref 1,24.054,64776,40813836.0,4.301005,2202544.0,391.2836862,IT=12;12 ,ii
1087,Ref 1,25.024,62736,39758632.0,4.3051091,2016738.8,391.28375,IT=13;13 ,ii
1088,Ref 1,22.744,60260,35252688.0,4.3091592,1767258.6,391.2838322,IT=11;11 ,ii
1089,Ref 1,30.083,68892,41300888.0,4.3133591,2100855.2,391.2837455,IT=15;15 ,ii
1090,Ref 1,23.956,61740,37852724.0,4.3173715,1884757.9,391.2837501,IT=12;12 ,ii
1091,Ref 1,26.011,61348,37634104.0,4.3215007,1956103.8,391.2837766,IT=13;13 ,ii
1092,Ref 1,26.672,64480,39093876.0,4.325434,2098081.0,391.2836732,IT=13;13 ,ii
1093,Ref 1,25.420,64360,40003024.0,4.3295174,2070971.4,391.2836552,IT=13;13 ,ii
1094,Ref 1,27.742,66736,38268380.0,4.3336506,1883103.1,391.2836985,IT=14;14 ,ii
1095,Ref 1,36.307,75192,38575124.0,4.3378964,2016157.1,391.2836952,IT=18;18 ,ii
1096,Ref 1,31.838,69828,39628552.0,4.3420214,1981852.4,391.2837211,IT=16;16 ,ii
1097,Ref 1,21.817,57996,36580332.0,4.3459881,1881738.9,391.2837757,IT=11;11 ,ii
1098,Ref 1,28.084,67036,41095604.0,4.3501755,2250220.8,391.2836922,IT=14;14 ,ii
1099,Ref 1,47.299,83696,38983976.0,4.3545963,1916209.2,391.2837456,IT=24;24 ,ii
1100,Ref 1,31.545,65828,35856460.0,4.3585067,1750873.9,391.2836306,IT=16;16 ,ii
1101,Ref 1,22.066,59428,39149956.0,4.3623088,2083465.9,391.2836053,IT=11;11 ,ii
1102,Ref 1,22.739,61796,39697452.0,4.3663963,2120034.5,391.2836028,IT=11;11 ,ii
1103,Ref 1,31.511,73752,39602848.0,4.3706212,1944729.6,391.2835687,IT=16;16 ,ii
1104,Ref 1,20.128,58104,42687152.0,4.3745524,2335971.0,391.2835694,IT=10;10 ,ii
1105,Ref 1,25.036,64560,43366268.0,4.3785441,2253278.5,391.2835485,IT=13;13 ,ii
1106,Ref 1,34.749,74440,36999252.0,4.3827983,1788022.4,391.2836318,IT=17;17 ,ii
1107,Ref 1,26.427,63332,37111004.0,4.3868003,1971208.9,391.2836716,IT=13;13 ,ii
1108,Ref 1,26.844,65104,40884164.0,4.3909065,2136369.2,391.283678,IT=13;13 ,ii
1109,Ref 1,41.268,80768,39518472.0,4.3950856,1942832.1,391.2835977,IT=21;21 ,ii
1110,Ref 1,25.270,61488,35861772.0,4.398994,1941027.8,391.2836887,IT=13;13 ,ii
1111,Ref 1,27.357,68536,39751696.0,4.4031252,2027095.9,391.2836413,IT=14;14 ,ii
1112,Ref 1,23.072,59952,36697444.0,4.4071564,1806710.4,391.2836739,IT=12;12 ,ii
1113,Ref 1,41.090,75640,37667280.0,4.411373,1924939.9,391.2836785,IT=21;21 ,ii
1114,Ref 1,25.373,64172,39228056.0,4.4152855,2088550.1,391.2836339,IT=13;13 ,ii
1115,Ref 1,33.141,72672,39328676.0,4.4195083,1858827.9,391.2837436,IT=17;17 ,ii
1116,Ref 1,42.456,78576,36326092.0,4.4238188,1818729.0,391.2838283,IT=21;21 ,ii
1117,Ref 1,25.840,65424,41961752.0,4.4277125,2201671.8,391.2836655,IT=13;13 ,ii
1118,Ref 1,32.017,70116,37788248.0,4.4317479,1827397.1,391.2837087,IT=16;16 ,ii
1119,Ref 1,27.187,65504,37462104.0,4.4358041,1985944.9,391.2837015,IT=14;14 ,ii
1120,Ref 1,26.749,64948,38908044.0,4.439904,2195992.0,391.2836263,IT=13;13 ,ii
1121,Ref 1,21.024,52944,35279976.0,4.4439082,1774207.9,391.283763,IT=11;11 ,ii
1122,Ref 1,28.441,67704,41434236.0,4.4479374,2166802.8,391.2836456,IT=14;14 ,ii
1123,Ref 1,20.271,59276,41350828.0,4.4519124,2266103.2,391.2837386,IT=10;10 ,ii
1124,Ref 1,29.229,69424,41286392.0,4.456131,1992327.9,391.2836261,IT=15;15 ,ii
1125,Ref 1,33.094,73136,38892776.0,4.4603123,1961449.2,391.2836077,IT=17;17 ,ii
1126,Ref 1,29.481,66640,38709848.0,4.4642206,2126487.2,391.2836516,IT=15;15 ,ii
1127,Ref 1,22.535,59140,38426620.0,4.4682227,2016332.4,391.2837017,IT=11;11 ,ii
1128,Ref 1,32.360,74764,38806352.0,4.4724664,1903147.9,391.2836193,IT=16;16 ,ii
1129,Ref 1,22.384,58924,37637568.0,4.4764309,2075466.8,391.2836933,IT=11;11 ,ii
1130,Ref 1,22.527,63072,44448900.0,4.4805101,2176006.8,391.2836907,IT=11;11 ,ii
1131,Ref 1,29.467,69104,39266804.0,4.4847038,1981562.0,391.2836515,IT=15;15 ,ii
1132,Ref 1,29.415,69512,40368220.0,4.4888184,2206387.0,391.2837247,IT=15;15 ,ii
1133,Ref 1,28.780,69260,40578600.0,4.4929246,2042570.1,391.2836959,IT=14;14 ,ii
1134,Ref 1,26.842,66224,39517148.0,4.4970078,2010068.1,391.2835852,IT=13;13 ,ii
1135,Ref 1,28.086,64560,39873600.0,4.5011287,2163135.0,391.2836682,IT=14;14 ,ii
1136,Ref 1,30.242,71692,42933448.0,4.5052745,2126454.0,391.2836054,IT=15;15 ,ii
1137,Ref 1,32.184,71648,38271664.0,4.5094223,1869322.8,391.2836571,IT=16;16 ,ii
1138,Ref 1,24.960,63584,38140556.0,4.513439,2032539.9,391.2837868,IT=12;12 ,ii
1139,Ref 1,32.082,73220,39667004.0,4.5174807,1929025.2,391.2837611,IT=16;16 ,ii
1140,Ref 1,21.637,60500,40825144.0,4.5214411,2103892.0,391.2837515,IT=11;11 ,ii
1141,Ref 1,22.917,60564,39429072.0,4.525541,2202974.5,391.2837982,IT=11;11 ,ii
1142,Ref 1,31.111,68644,38493576.0,4.5297535,1971188.0,391.2837753,IT=16;16 ,ii
1143,Ref 1,29.322,68776,39944508.0,4.5336764,2000274.2,391.2837905,IT=15;15 ,ii
1145,Ref 1,25.080,64024,38062656.0,4.5378764,2096428.8,391.2838661,IT=13;13 ,ii
1147,Ref 1,25.639,63252,39184472.0,4.5421326,1957931.9,391.2837036,IT=13;13 ,ii
1148,Ref 1,21.076,61124,43042832.0,4.5461576,2253370.2,391.283691,IT=11;11 ,ii
1149,Ref 1,19.438,57708,38661836.0,4.5501991,2172045.8,391.2837373,IT=9.7;9.7 ,ii
1150,Ref 1,25.778,66920,40079216.0,4.5542075,2072546.9,391.2836672,IT=13;13 ,ii
1151,Ref 1,19.971,56404,38059092.0,4.5581971,1979721.1,391.2837485,IT=10;10 ,ii
1152,Ref 1,30.693,66628,36224332.0,4.5624449,1880932.9,391.2837943,IT=15;15 ,ii
1153,Ref 1,36.082,71224,37553320.0,4.5666574,1951004.0,391.2836965,IT=18;18 ,ii
1154,Ref 1,40.637,77244,38185856.0,4.5707199,1809467.9,391.2837185,IT=20;20 ,ii
1155,Ref 1,24.446,65476,41900712.0,4.574622,2157854.2,391.283704,IT=12;12 ,ii
1156,Ref 1,23.247,61192,42162788.0,4.5786906,2225468.2,391.283721,IT=12;12 ,ii
1157,Ref 1,25.125,63060,39805916.0,4.582799,2011751.6,391.2836986,IT=13;13 ,ii
1158,Ref 1,33.091,70300,38013068.0,4.5868531,2035524.1,391.2838127,IT=17;17 ,ii
1159,Ref 1,21.094,58816,41242552.0,4.5907927,2127911.8,391.2837729,IT=11;11 ,ii
1160,Ref 1,27.974,66824,40827068.0,4.5949801,2038101.4,391.2836902,IT=14;14 ,ii
1161,Ref 1,29.458,63640,33667216.0,4.5991093,1723973.2,391.2838382,IT=15;15 ,ii
1163,Ref 1,24.502,61984,38856760.0,4.603301,2077880.5,391.2837575,IT=12;12 ,ii
1164,Ref 1,33.106,69696,36325416.0,4.6075343,1762883.8,391.2837574,IT=17;17 ,ii
1165,Ref 1,27.648,64992,36796612.0,4.6115738,1855496.0,391.2838766,IT=14;14 ,ii
1166,Ref 1,19.621,53048,35191964.0,4.6155488,1975034.9,391.2838369,IT=9.8;9.8 ,ii
1167,Ref 1,50.000,83548,34725640.0,4.6201237,1585846.5,391.2837384,IT=25;25 ,ii
1168,Ref 1,28.716,67672,38153456.0,4.6237654,2009870.1,391.2836551,IT=14;14 ,ii
1169,Ref 1,27.557,66796,39379356.0,4.6278591,2066258.6,391.2836443,IT=14;14 ,ii
1170,Ref 1,30.429,69180,38713544.0,4.6320132,1914522.9,391.2836314,IT=15;15 ,ii
1171,Ref 1,28.561,65792,35355768.0,4.6361111,1804922.6,391.2836967,IT=14;14 ,ii
1172,Ref 1,33.262,74808,41794116.0,4.6401403,2240528.5,391.2837066,IT=17;17 ,ii
1173,Ref 1,26.284,64104,38334680.0,4.6441611,1937916.4,391.2836293,IT=13;13 ,ii
1174,Ref 1,34.296,72044,36281048.0,4.6483923,1823589.5,391.2838067,IT=17;17 ,ii
1175,Ref 1,24.476,61028,39185608.0,4.6523673,2066541.8,391.2836287,IT=12;12 ,ii
1176,Ref 1,33.168,77160,40918544.0,4.656436,1990473.1,391.2837794,IT=17;17 ,ii
1177,Ref 1,26.939,67768,39939948.0,4.6604651,2021538.1,391.2836511,IT=13;13 ,ii
1178,Ref 1,23.521,65036,41429036.0,4.664513,2245089.5,391.2837365,IT=12;12 ,ii
1179,Ref 1,25.296,62636,37805104.0,4.6686359,1901531.4,391.2837084,IT=13;13 ,ii
1180,Ref 1,33.140,73084,38941800.0,4.67269,1964005.6,391.2837393,IT=17;17 ,ii
1181,Ref 1,21.175,59908,38592832.0,4.67664,2051520.0,391.2837601,IT=11;11 ,ii
1182,Ref 1,20.034,61208,43028400.0,4.6806942,2173494.8,391.2837663,IT=10;10 ,ii
1183,Ref 1,49.524,84628,36587488.0,4.6852461,1750553.4,391.2837946,IT=25;25 ,ii
1184,Ref 1,29.192,65688,37734848.0,4.6890712,1997029.2,391.2836785,IT=15;15 ,ii
1185,Ref 1,25.974,65144,40314360.0,4.692967,2118919.2,391.283676,IT=13;13 ,ii
1186,Ref 1,30.472,66788,34333432.0,4.6971482,1685343.6,391.2837138,IT=15;15 ,ii
1187,Ref 1,23.498,62072,42963812.0,4.7011502,2321917.8,391.2836771,IT=12;12 ,ii
1188,Ref 1,29.790,67500,40472944.0,4.7053398,2128579.5,391.2837325,IT=15;15 ,ii
1189,Ref 1,32.270,71816,36901356.0,4.7093294,1754382.8,391.2837556,IT=16;16 ,ii
1190,Ref 1,28.827,71336,39018100.0,4.7134044,2064529.8,391.2837363,IT=14;14 ,ii
1191,Ref 1,31.434,72736,40290200.0,4.7175606,2086553.8,391.2836574,IT=16;16 ,ii
1192,Ref 1,28.139,63324,35194788.0,4.7216355,1699581.2,391.2837778,IT=14;14 ,ii
1193,Ref 1,26.236,61464,37967944.0,4.7257168,2030837.0,391.2837082,IT=13;13 ,ii
1194,Ref 1,24.938,61488,40140672.0,4.7298001,2044435.6,391.2836767,IT=12;12 ,ii
1195,Ref 1,19.095,58868,42813624.0,4.7337917,2190695.0,391.2837443,IT=9.5;9.5 ,ii
1196,Ref 1,26.772,63988,40422876.0,4.7379813,2153051.5,391.2837421,IT=13;13 ,ii
1197,Ref 1,29.583,71016,40296240.0,4.7419625,2134397.5,391.2838226,IT=15;15 ,ii
1198,Ref 1,25.642,69220,41338008.0,4.7460187,2036653.2,391.28365,IT=13;13 ,ii
1199,Ref 1,31.095,71124,39451392.0,4.7502062,2051935.9,391.2837463,IT=16;16 ,ii
1200,Ref 1,29.660,69152,42187820.0,4.7543082,2129806.2,391.2837176,IT=15;15 ,ii
1201,Ref 1,38.771,76976,38404212.0,4.7585831,1863321.5,391.2837671,IT=19;19 ,ii
1202,Ref 1,21.413,56400,35485280.0,4.7622853,1899775.8,391.2836037,IT=11;11 ,ii
1203,Ref 1,31.564,68292,38090140.0,4.766529,1961142.4,391.2838038,IT=16;16 ,ii
1204,Ref 1,21.337,62148,42375480.0,4.7704977,2136314.2,391.2838526,IT=11;11 ,ii
1205,Ref 1,21.073,58852,38308284.0,4.7745581,2056327.8,391.2838557,IT=11;11 ,ii
1206,Ref 1,28.943,68060,38668724.0,4.7785956,2031339.6,391.283753,IT=14;14 ,ii
1207,Ref 1,24.035,62968,39731276.0,4.7826227,2014869.4,391.283805,IT=12;12 ,ii
1208,Ref 1,30.076,71632,38100608.0,4.7868122,1989993.6,391.2836618,IT=15;15 ,ii
1209,Ref 1,26.713,64812,40325236.0,4.7908851,2101179.8,391.2836864,IT=13;13 ,ii
1210,Ref 1,27.600,66180,37713260.0,4.7948351,1828837.4,391.283605,IT=14;14 ,ii
1211,Ref 1,40.372,79868,37535380.0,4.7991558,1803027.1,391.2837501,IT=20;20 ,ii
1212,Ref 1,30.958,69076,39652120.0,4.8031683,2005819.0,391.283743,IT=15;15 ,ii
1213,Ref 1,31.010,68344,39810788.0,4.8072996,1981779.4,391.2837467,IT=16;16 ,ii
1214,Ref 1,32.671,69960,36516704.0,4.8114537,1749428.1,391.2837315,IT=16;16 ,ii
1215,Ref 1,26.971,65928,40234612.0,4.8154933,2220245.5,391.283637,IT=13;13 ,ii
1216,Ref 1,26.984,66332,38746120.0,4.8195974,1862312.2,391.2836653,IT=13;13 ,ii
1217,Ref 1,23.187,61280,37106044.0,4.8236349,1965491.9,391.2836732,IT=12;12 ,ii
1218,Ref 1,24.869,64252,41994224.0,4.8277432,2278529.0,391.2836306,IT=12;12 ,ii
1219,Ref 1,25.582,65544,36731648.0,4.8316723,1836296.2,391.2837052,IT=13;13 ,ii
1220,Ref 1,37.312,74996,37054432.0,4.835964,1825375.6,391.2837021,IT=19;19 ,ii
1221,Ref 1,23.671,57772,37533864.0,4.8398951,2172264.0,391.2837061,IT=12;12 ,ii
1222,Ref 1,36.763,74156,37461304.0,4.8441993,1820203.9,391.2836868,IT=18;18 ,ii
1223,Ref 1,32.957,71148,38998036.0,4.8481181,1936583.8,391.2836615,IT=16;16 ,ii
1224,Ref 1,31.875,73300,40081576.0,4.8522368,2055335.0,391.2836528,IT=16;16 ,ii
1225,Ref 1,27.770,69196,42021144.0,4.8562971,2166779.8,391.2837497,IT=14;14 ,ii
1226,Ref 1,26.933,63844,35424132.0,4.860395,1761004.5,391.2837514,IT=13;13 ,ii
1227,Ref 1,45.348,85812,38885924.0,4.8646388,1965815.1,391.2837997,IT=23;23 ,ii
1228,Ref 1,28.339,69100,40454032.0,4.8685242,2148892.0,391.2836967,IT=14;14 ,ii
1229,Ref 1,23.846,59164,37737708.0,4.8725616,1933850.1,391.2837999,IT=12;12 ,ii
1230,Ref 1,40.132,77196,36568484.0,4.8769219,1891055.0,391.2837706,IT=20;20 ,ii
1231,Ref 1,26.916,65180,38820220.0,4.8806948,2066799.8,391.2837339,IT=13;13 ,ii
1232,Ref 1,37.916,80128,40179956.0,4.8849804,1839409.4,391.2837687,IT=19;19 ,ii
1233,Ref 1,26.448,66580,40501556.0,4.888949,2111413.0,391.2837416,IT=13;13 ,ii
1234,Ref 1,37.014,75332,39778916.0,4.8932302,1985288.9,391.2837525,IT=19;19 ,ii
1235,Ref 1,28.104,64668,39028672.0,4.8972385,1895591.2,391.2836631,IT=14;14 ,ii
1236,Ref 1,35.424,73660,40364624.0,4.9013031,2094245.8,391.2837293,IT=18;18 ,ii
1237,Ref 1,20.229,56004,36052072.0,4.905199,1930526.4,391.2838398,IT=10;10 ,ii
1238,Ref 1,28.082,65740,38943376.0,4.9093967,1890178.2,391.2836137,IT=14;14 ,ii
1239,Ref 1,29.607,67048,37022540.0,4.9135301,1916585.1,391.2836655,IT=15;15 ,ii
1240,Ref 1,24.657,62308,39581516.0,4.9174009,2137212.0,391.2836784,IT=12;12 ,ii
1241,Ref 1,27.498,64944,36914604.0,4.9215384,1806846.4,391.2836326,IT=14;14 ,ii
1242,Ref 1,24.554,61532,34760180.0,4.9255925,1807019.6,391.2836303,IT=12;12 ,ii
1243,Ref 1,26.350,68972,41641016.0,4.9297133,2205413.5,391.2836142,IT=13;13 ,ii
1244,Ref 1,29.982,70636,40517544.0,4.9337071,1945661.4,391.283617,IT=15;15 ,ii
1245,Ref 1,25.906,65476,38801080.0,4.9377695,2005398.8,391.2837173,IT=13;13 ,ii
1246,Ref 1,24.821,62744,39674356.0,4.9418466,2149002.5,391.2837452,IT=12;12 ,ii
1247,Ref 1,22.756,63668,41103664.0,4.9459007,2057848.2,391.2836898,IT=11;11 ,ii
1248,Ref 1,19.296,53992,38532776.0,4.9497549,2091428.1,391.2836798,IT=9.6;9.6 ,ii
1249,Ref 1,25.492,64192,40139608.0,4.9539236,2201791.2,391.2836927,IT=13;13 ,ii
1250,Ref 1,30.107,68608,38996660.0,4.9581006,1849415.9,391.2836908,IT=15;15 ,ii
1251,Ref 1,26.389,63000,37522284.0,4.9621527,1959333.4,391.2836563,IT=13;13 ,ii
1252,Ref 1,26.506,68688,41810100.0,4.9662651,2219630.0,391.2835266,IT=13;13 ,ii
1253,Ref 1,27.788,69068,42177776.0,4.9702151,2098391.5,391.2835948,IT=14;14 ,ii
1254,Ref 1,19.310,52440,32784538.0,4.9741901,1674832.1,391.2837843,IT=9.7;9.7 ,ii
1255,Ref 1,27.662,66704,40572484.0,4.9783879,2086247.8,391.2836659,IT=14;14 ,ii
1256,Ref 1,26.744,68164,41813388.0,4.9824754,2097685.2,391.2835732,IT=13;13 ,ii
1257,Ref 1,30.411,71200,40893828.0,4.9864755,2101914.5,391.2835891,IT=15;15 ,ii
1258,Ref 1,20.899,56924,38208436.0,4.99044,2109230.0,391.2837206,IT=10;10 ,ii
1259,Ref 1,30.097,70600,39718192.0,4.9946691,1898247.9,391.2836281,IT=15;15 ,ii
1260,Ref 1,33.342,71692,38114500.0,4.9988337,1851694.1,391.2836598,IT=17;17 ,ii
1261,Ref 1,22.820,60856,39931108.0,5.0026295,2286219.0,391.2836354,IT=11;11 ,ii
1262,Ref 1,24.124,65460,45477540.0,5.0067336,2257981.0,391.2836327,IT=12;12 ,ii
1263,Ref 1,37.357,72688,37194164.0,5.0110378,1805199.1,391.2836683,IT=19;19 ,ii
1264,Ref 1,23.758,59768,37845112.0,5.014969,2101331.2,391.2836675,IT=12;12 ,ii
1265,Ref 1,23.055,61788,41212496.0,5.0188794,2213564.0,391.2836746,IT=12;12 ,ii
1266,Ref 1,42.393,83040,37981236.0,5.0232794,1796637.6,391.2836532,IT=21;21 ,ii
1267,Ref 1,30.347,69080,40619144.0,5.0272481,2204740.8,391.2835722,IT=15;15 ,ii
1268,Ref 1,27.969,70820,42329648.0,5.0313293,2088138.4,391.2836536,IT=14;14 ,ii
1269,Ref 1,29.275,68728,40221236.0,5.0353043,1972835.5,391.2836596,IT=15;15 ,ii
1271,Ref 1,24.225,61140,39393852.0,5.0394918,2134953.5,391.2837561,IT=12;12 ,ii
1273,Ref 1,25.209,65472,40985084.0,5.0437459,2058069.1,391.2836459,IT=13;13 ,ii
1274,Ref 1,24.528,65908,42100932.0,5.0478292,2175592.5,391.2835557,IT=12;12 ,ii
1275,Ref 1,24.029,62744,39556036.0,5.0519125,2078626.0,391.2836921,IT=12;12 ,ii
1276,Ref 1,19.446,57256,40477484.0,5.0557501,2173228.0,391.2836952,IT=9.7;9.7 ,ii
1277,Ref 1,18.107,54308,40591460.0,5.0598021,2117741.5,391.2836665,IT=9.1;9.1 ,ii
1278,Ref 1,32.016,74328,40586032.0,5.0640853,1988223.6,391.2836296,IT=16;16 ,ii
1279,Ref 1,32.726,73612,41416340.0,5.068227,2157159.0,391.2836985,IT=16;16 ,ii
1280,Ref 1,35.582,74984,39018768.0,5.0722395,1874683.2,391.2836785,IT=18;18 ,ii
1281,Ref 1,26.227,64872,39730192.0,5.0762332,2139418.5,391.2836743,IT=13;13 ,ii
1282,Ref 1,26.728,65576,38927932.0,5.0803435,2100504.2,391.2836843,IT=13;13 ,ii
1283,Ref 1,25.960,64260,38737948.0,5.084431,1848179.4,391.283617,IT=13;13 ,ii
1284,Ref 1,27.071,66004,38319812.0,5.0883789,1950155.8,391.2836773,IT=14;14 ,ii
1285,Ref 1,25.816,65108,40337824.0,5.0925539,2143699.8,391.2836954,IT=13;13 ,ii
1286,Ref 1,20.799,60840,45334536.0,5.0965685,2272128.2,391.2836981,IT=10;10 ,ii
1287,Ref 1,39.768,78372,38328244.0,5.1009518,1932604.0,391.2838035,IT=20;20 ,ii
1289,Ref 1,25.686,64944,40227712.0,5.1053309,2233604.0,391.2837654,IT=13;13 ,ii
1290,Ref 1,26.690,66288,40284104.0,5.109283,1939542.9,391.2836689,IT=13;13 ,ii
1291,Ref 1,38.857,74868,38525576.0,5.113587,1992614.4,391.2837534,IT=19;19 ,ii
1292,Ref 1,26.096,67464,41301892.0,5.1175537,2127654.2,391.2837608,IT=13;13 ,ii
1293,Ref 1,29.214,66340,36471116.0,5.1217016,1758362.1,391.2836599,IT=15;15 ,ii
1294,Ref 1,26.453,65996,39551604.0,5.12561,2114769.2,391.2836455,IT=13;13 ,ii
1295,Ref 1,26.813,67716,43854488.0,5.1297141,2329006.8,391.2836452,IT=13;13 ,ii
1296,Ref 1,27.981,71720,43107284.0,5.133837,2113016.2,391.2836876,IT=14;14 ,ii
1298,Ref 1,28.350,69252,42025980.0,5.138262,2199686.5,391.2836848,IT=14;14 ,ii
1299,Ref 1,32.021,70332,38558548.0,5.142439,1987444.4,391.283848,IT=16;16 ,ii
1300,Ref 1,25.845,68288,42359216.0,5.1463056,2003980.8,391.2836883,IT=13;13 ,ii
1301,Ref 1,29.505,71288,39945620.0,5.150466,2068125.4,391.283718,IT=15;15 ,ii
1302,Ref 1,27.708,68240,40331984.0,5.154568,2200753.2,391.2837099,IT=14;14 ,ii
1303,Ref 1,27.794,66360,40079508.0,5.1586868,1901842.6,391.2836981,IT=14;14 ,ii
1304,Ref 1,21.038,57896,37853536.0,5.1625305,1982488.1,391.2837947,IT=11;11 ,ii
1305,Ref 1,31.106,73804,43879792.0,5.1667701,2361834.5,391.2837573,IT=16;16 ,ii
1306,Ref 1,30.928,70792,39566544.0,5.1708909,1864585.2,391.2837763,IT=15;15 ,ii
1307,Ref 1,22.558,57656,36051684.0,5.1749033,1840330.2,391.2838007,IT=11;11 ,ii
1308,Ref 1,37.251,75248,40611296.0,5.1790721,2117206.8,391.2838352,IT=19;19 ,ii
1309,Ref 1,23.129,59732,37838416.0,5.1829991,1839557.1,391.2837861,IT=12;12 ,ii
1310,Ref 1,38.764,79368,38316228.0,5.1873533,1807300.8,391.2838258,IT=19;19 ,ii
1311,Ref 1,29.864,69952,40557828.0,5.1913803,2101234.2,391.2838042,IT=15;15 ,ii
1312,Ref 1,20.393,60380,41727456.0,5.1951845,2102911.5,391.283831,IT=10;10 ,ii
1313,Ref 1,19.110,51788,32041646.0,5.1992449,1568004.1,391.2839195,IT=9.6;9.6 ,ii
1314,Ref 1,34.328,73432,40025208.0,5.2035615,2018136.6,391.2837289,IT=17;17 ,ii
1315,Ref 1,27.069,66696,42398776.0,5.2075761,2142866.2,391.2836948,IT=14;14 ,ii
1316,Ref 1,25.913,65804,39167656.0,5.2116593,1999525.1,391.283761,IT=13;13 ,ii
1317,Ref 1,23.141,64380,42103204.0,5.2155489,2156901.0,391.2837723,IT=12;12 ,ii
1318,Ref 1,27.007,65652,38452648.0,5.2196927,1909400.2,391.2838408,IT=14;14 ,ii
1319,Ref 1,31.288,70172,39790192.0,5.2238655,1888056.6,391.2837878,IT=16;16 ,ii
1320,Ref 1,31.299,71480,40554596.0,5.2279926,2064797.1,391.2838343,IT=16;16 ,ii
1321,Ref 1,25.296,64464,40836192.0,5.2320238,2098997.2,391.2838166,IT=13;13 ,ii
1322,Ref 1,36.272,76388,38220256.0,5.2363009,1771006.6,391.2837259,IT=18;18 ,ii
1323,Ref 1,30.608,70896,39681444.0,5.2403592,2066362.5,391.2838062,IT=15;15 ,ii
1324,Ref 1,24.144,65804,43049864.0,5.2443737,2176862.5,391.2836835,IT=12;12 ,ii
1325,Ref 1,21.635,60980,41350228.0,5.2482529,2021174.2,391.2837582,IT=11;11 ,ii
1326,Ref 1,19.982,57492,39659820.0,5.2523008,2151213.5,391.2838097,IT=10;10 ,ii
1327,Ref 1,31.249,70720,41063724.0,5.2565527,2132296.2,391.2837122,IT=16;16 ,ii
1328,Ref 1,28.398,67336,38302128.0,5.260632,1789265.1,391.283723,IT=14;14 ,ii
1329,Ref 1,30.970,73820,40899316.0,5.2646278,2040612.0,391.2837988,IT=15;15 ,ii
1330,Ref 1,34.801,73396,40790140.0,5.2688152,2011558.9,391.2837034,IT=17;17 ,ii
1331,Ref 1,34.585,71084,36127236.0,5.2729548,1704413.6,391.283743,IT=17;17 ,ii
1332,Ref 1,34.995,74620,39669876.0,5.2771089,2062323.4,391.2837156,IT=17;17 ,ii
1333,Ref 1,27.916,69548,42459780.0,5.2811359,2169680.5,391.2836848,IT=14;14 ,ii
1334,Ref 1,34.316,72980,39104756.0,5.2851901,1804333.2,391.2837052,IT=17;17 ,ii
1335,Ref 1,28.214,70924,44246420.0,5.2892297,2273794.2,391.2837924,IT=14;14 ,ii
1336,Ref 1,24.596,63440,40255920.0,5.2932817,2130045.8,391.2837675,IT=12;12 ,ii
1337,Ref 1,31.912,70068,39217708.0,5.2974963,1891832.4,391.283864,IT=16;16 ,ii
1339,Ref 1,28.228,69776,40295428.0,5.3017483,2067786.2,391.2837007,IT=14;14 ,ii
1340,Ref 1,23.042,65200,43573240.0,5.3057712,2349561.8,391.2837069,IT=12;12 ,ii
1341,Ref 1,36.534,76344,37902896.0,5.3100816,1748675.5,391.2837268,IT=18;18 ,ii
1342,Ref 1,24.247,65104,40054376.0,5.3140316,2079356.1,391.2837126,IT=12;12 ,ii
1343,Ref 1,22.176,59340,40907812.0,5.3179191,2237746.5,391.283807,IT=11;11 ,ii
1344,Ref 1,23.660,63128,41073940.0,5.3220191,1970106.5,391.2836463,IT=12;12 ,ii
1345,Ref 1,33.306,72808,36949676.0,5.3262586,1812140.9,391.283684,IT=17;17 ,ii
1346,Ref 1,25.685,62820,38000812.0,5.3302669,2004251.2,391.2837061,IT=13;13 ,ii
1347,Ref 1,22.404,62072,40007164.0,5.3343085,1979161.1,391.2836064,IT=11;11 ,ii
1348,Ref 1,38.872,79684,40196356.0,5.3384918,2038653.0,391.2836948,IT=19;19 ,ii
1349,Ref 1,26.664,68004,41739296.0,5.3425481,2160497.0,391.2836634,IT=13;13 ,ii
1350,Ref 1,36.801,76592,41522616.0,5.3468251,1916097.8,391.2837117,IT=18;18 ,ii
1351,Ref 1,29.654,71948,39882192.0,5.3508563,2029375.5,391.2837142,IT=15;15 ,ii
1352,Ref 1,28.802,71560,42978224.0,5.354798,2295792.8,391.2837518,IT=14;14 ,ii
1353,Ref 1,30.114,69200,40839108.0,5.3589313,1986386.1,391.2837639,IT=15;15 ,ii
1354,Ref 1,38.036,76588,38735404.0,5.3631917,1957519.2,391.2837441,IT=19;19 ,ii
1355,Ref 1,21.121,59700,42176368.0,5.3670792,2263708.5,391.2838302,IT=11;11 ,ii
1356,Ref 1,31.972,71352,38248600.0,5.3711667,1773995.6,391.2837418,IT=16;16 ,ii
1357,Ref 1,39.201,78628,37735332.0,5.3754208,1782801.4,391.2837286,IT=20;20 ,ii
1358,Ref 1,40.203,81148,40102768.0,5.3796062,1988249.1,391.2837625,IT=20;20 ,ii
1359,Ref 1,25.284,64732,42220592.0,5.3835311,2071176.8,391.2837253,IT=13;13 ,ii
1360,Ref 1,22.682,60560,38850216.0,5.387579,2050538.0,391.2837519,IT=11;11 ,ii
1361,Ref 1,24.851,66560,40705364.0,5.391529,2185312.5,391.2836744,IT=12;12 ,ii
1362,Ref 1,38.980,73920,37952588.0,5.3958539,1825543.6,391.2837679,IT=19;19 ,ii
1363,Ref 1,27.613,69528,43422704.0,5.399831,2262194.2,391.2836722,IT=14;14 ,ii
1364,Ref 1,32.698,74192,41323656.0,5.4040247,2029176.1,391.2837364,IT=16;16 ,ii
1365,Ref 1,28.034,70704,43672652.0,5.4079081,2060329.1,391.2837855,IT=14;14 ,ii
1366,Ref 1,32.033,73124,40033896.0,5.4120851,2024006.6,391.2837448,IT=16;16 ,ii
1367,Ref 1,21.491,60656,41412096.0,5.4160413,2133412.2,391.2837913,IT=11;11 ,ii
1368,Ref 1,24.299,64480,42944348.0,5.4201621,2200060.8,391.2836915,IT=12;12 ,ii
1369,Ref 1,26.172,63368,37987924.0,5.4241434,1895765.9,391.2837821,IT=13;13 ,ii
1370,Ref 1,28.697,70468,43291104.0,5.4282829,2259162.8,391.2836473,IT=14;14 ,ii
1371,Ref 1,29.773,70460,39546424.0,5.432412,1959035.8,391.2836651,IT=15;15 ,ii
1372,Ref 1,35.760,75276,39211760.0,5.4366329,1855856.5,391.2837075,IT=18;18 ,ii
1373,Ref 1,24.269,62780,40859744.0,5.4404266,2205191.0,391.283714,IT=12;12 ,ii
1374,Ref 1,30.063,68952,40708452.0,5.4446099,2064529.1,391.2837037,IT=15;15 ,ii
1375,Ref 1,32.726,76300,43732696.0,5.4487786,2171459.8,391.2837453,IT=16;16 ,ii
1376,Ref 1,34.661,74568,39808168.0,5.4529474,2012246.1,391.2838052,IT=17;17 ,ii
1377,Ref 1,27.698,66884,39065772.0,5.456816,2068704.5,391.2837979,IT=14;14 ,ii
1378,Ref 1,39.713,77192,38027752.0,5.4611244,1804584.5,391.2838054,IT=20;20 ,ii
1379,Ref 1,31.443,68812,39809180.0,5.4651577,2088022.9,391.283766,IT=16;16 ,ii
1380,Ref 1,25.204,66216,42681016.0,5.4691805,2282216.5,391.2838744,IT=13;13 ,ii
1381,Ref 1,24.067,62512,42403356.0,5.4732618,2186045.2,391.2838237,IT=12;12 ,ii
1382,Ref 1,32.960,72472,39699036.0,5.477491,2117668.2,391.2838451,IT=16;16 ,ii
1383,Ref 1,26.290,65544,41627880.0,5.4815159,2312501.0,391.2837768,IT=13;13 ,ii
1384,Ref 1,23.184,61872,42768644.0,5.4855637,2130230.5,391.2838174,IT=12;12 ,ii
1385,Ref 1,29.928,69856,39551312.0,5.4897575,2136971.0,391.2837618,IT=15;15 ,ii
1386,Ref 1,20.119,58164,41540968.0,5.4935429,2289125.2,391.2839393,IT=10;10 ,ii
1387,Ref 1,18.692,54600,38318696.0,5.4975908,1980173.4,391.2838551,IT=9.3;9.3 ,ii
1388,Ref 1,35.246,71668,37447824.0,5.501922,2003149.0,391.2837016,IT=18;18 ,ii
1389,Ref 1,21.616,57864,37708204.0,5.5058428,2125519.5,391.2838644,IT=11;11 ,ii
1390,Ref 1,30.011,68432,39432560.0,5.5100595,1999465.9,391.2837677,IT=15;15 ,ii
1391,Ref 1,28.255,69220,42134444.0,5.5141595,2314951.8,391.2837951,IT=14;14 ,ii
1392,Ref 1,36.304,75928,40285988.0,5.5184136,2129175.0,391.2837804,IT=18;18 ,ii
1393,Ref 1,23.335,57288,35697328.0,5.5223427,1883504.6,391.2838201,IT=12;12 ,ii
1394,Ref 1,24.261,59948,36239924.0,5.5264447,2156424.0,391.2838043,IT=12;12 ,ii
1395,Ref 1,19.146,57432,43829472.0,5.530276,2427586.0,391.2837854,IT=9.6;9.6 ,ii
1396,Ref 1,43.546,76920,34848892.0,5.5347447,1774893.8,391.2838175,IT=22;22 ,ii
1397,Ref 1,33.429,66612,33778896.0,5.5387468,1897536.4,391.2838287,IT=17;17 ,ii
1399,Ref 1,27.771,63560,37359752.0,5.5431613,2113928.0,391.283891,IT=14;14 ,ii
1401,Ref 1,36.786,70460,35364916.0,5.5476029,1853558.5,391.2837479,IT=18;18 ,ii
1402,Ref 1,34.656,72564,36225924.0,5.5517405,1987155.0,391.283706,IT=17;17 ,ii
1403,Ref 1,28.948,63804,35955428.0,5.5557987,2064934.4,391.2837466,IT=14;14 ,ii
1404,Ref 1,26.373,61316,36279136.0,5.5598841,1996605.5,391.2838455,IT=13;13 ,ii
1405,Ref 1,22.984,57540,36430296.0,5.5639424,2122331.0,391.2838472,IT=11;11 ,ii
1406,Ref 1,26.409,58376,33376270.0,5.5679216,2031903.2,391.2838845,IT=13;13 ,ii
1407,Ref 1,31.635,69432,38039596.0,5.5721195,2054915.6,391.2838701,IT=16;16 ,ii
1408,Ref 1,27.275,68388,39470336.0,5.576184,2197282.2,391.2838468,IT=14;14 ,ii
1409,Ref 1,34.375,70236,36916008.0,5.5804194,2129275.5,391.2838938,IT=17;17 ,ii
1410,Ref 1,30.138,69768,40089788.0,5.5843319,2201877.0,391.283892,IT=15;15 ,ii
1411,Ref 1,28.871,62036,33010812.0,5.5884465,1916125.8,391.2839451,IT=14;14 ,ii
1412,Ref 1,28.022,62676,34790744.0,5.5925526,2043716.6,391.2840639,IT=14;14 ,ii
1413,Ref 1,36.588,69940,33325752.0,5.5968172,1812729.0,391.2839669,IT=18;18 ,ii
1414,Ref 1,29.290,64456,32102560.0,5.6006964,1798419.4,391.2839056,IT=15;15 ,ii
1415,Ref 1,43.905,75884,34513812.0,5.6050631,2059201.4,391.2841184,IT=22;22 ,ii
1417,Ref 1,28.488,60372,31242698.0,5.6093213,1806957.1,391.2839786,IT=14;14 ,ii
1418,Ref 1,32.927,64232,30374048.0,5.6135275,1760843.9,391.2839879,IT=16;16 ,ii
1419,Ref 1,31.907,66956,35350044.0,5.6176567,2146308.5,391.2839948,IT=16;16 ,ii
1420,Ref 1,32.815,65148,33875900.0,5.6216442,1946547.0,414.7138598,IT=16;16 ,ii
1421,Ref 1,33.197,67084,32578682.0,5.6257983,1936344.2,391.2840371,IT=17;17 ,ii
1422,Ref 1,33.804,63208,30669860.0,5.6299503,1913101.2,391.2841986,IT=17;17 ,ii
1423,Ref 1,35.397,71360,35577612.0,5.6341253,2044534.1,391.2841461,IT=18;18 ,ii
1424,Ref 1,32.735,65580,31596558.0,5.638092,1846213.0,391.2841116,IT=16;16 ,ii
1425,Ref 1,31.406,66784,36575452.0,5.6422003,2310661.5,414.7140215,IT=16;16 ,ii
1426,Ref 1,35.926,70096,32863218.0,5.6464085,1835074.1,391.28408,IT=18;18 ,ii
1427,Ref 1,30.675,62820,31572756.0,5.6504772,1896573.8,391.2840127,IT=15;15 ,ii
1428,Ref 1,33.120,63276,32182382.0,5.6546606,1947655.6,391.2840304,IT=17;17 ,ii
1429,Ref 1,32.691,66664,33134556.0,5.6586293,1902802.4,414.7139221,IT=16;16 ,ii
1430,Ref 1,32.022,62868,29745598.0,5.662771,1793293.1,391.2840714,IT=16;16 ,ii
1431,Ref 1,33.880,69068,33818608.0,5.6669417,2024606.1,391.2840869,IT=17;17 ,ii
1432,Ref 1,37.814,67112,31374472.0,5.6711625,1964357.5,414.7140929,IT=19;19 ,ii
1433,Ref 1,30.655,61868,30524812.0,5.6752855,1868179.8,391.2840668,IT=15;15 ,ii
1434,Ref 1,26.038,56304,29708178.0,5.67935,1927319.1,391.2842234,IT=13;13 ,ii
1435,Ref 1,28.417,58120,29770846.0,5.6835062,1893570.9,391.2842266,IT=14;14 ,ii
1436,Ref 1,27.655,59604,30478632.0,5.6876125,1872502.6,391.28409,IT=14;14 ,ii
1437,Ref 1,27.056,59708,33713972.0,5.6917165,2169103.8,391.2840553,IT=14;14 ,ii
1438,Ref 1,36.174,66404,33241186.0,5.6958208,2036940.6,414.7141189,IT=18;18 ,ii
1439,Ref 1,37.745,62500,27335988.0,5.7000082,1637033.4,391.2842234,IT=19;19 ,ii
1440,Ref 1,24.379,57244,32092254.0,5.7039498,2082472.8,391.2840738,IT=12;12 ,ii
1441,Ref 1,30.336,61028,32209162.0,5.7081414,2072639.5,414.7140667,IT=15;15 ,ii
1442,Ref 1,33.000,61440,28894012.0,5.7121457,1781192.8,391.2841806,IT=16;16 ,ii
1443,Ref 1,43.748,70244,30668872.0,5.7164623,1933386.1,391.2841165,IT=22;22 ,ii
1444,Ref 1,40.205,65232,29869620.0,5.7205851,1820220.9,391.2841597,IT=20;20 ,ii
1445,Ref 1,29.980,58416,29749944.0,5.7245997,1857315.4,391.2841578,IT=15;15 ,ii
1446,Ref 1,32.740,64304,30868544.0,5.7287808,1947695.9,391.2841609,IT=16;16 ,ii
1447,Ref 1,39.519,66656,30349366.0,5.7330497,1850138.9,391.2842645,IT=20;20 ,ii
1448,Ref 1,45.683,69892,28600858.0,5.7373351,1723544.5,391.2842865,IT=23;23 ,ii
1449,Ref 1,34.019,65764,30797766.0,5.7413245,1993148.4,391.2840438,IT=17;17 ,ii
1450,Ref 1,31.150,59672,33223248.0,5.745435,2084154.6,391.2841493,IT=16;16 ,ii
1451,Ref 1,31.193,60548,30800210.0,5.7493975,1929875.0,391.2841646,IT=16;16 ,ii
1452,Ref 1,37.278,65396,31979408.0,5.7536369,2005487.2,391.2842938,IT=19;19 ,ii
1453,Ref 1,41.869,69656,31623884.0,5.7579432,1979216.4,414.7142414,IT=21;21 ,ii
1454,Ref 1,35.165,63776,29187844.0,5.762014,1746674.2,391.2842119,IT=18;18 ,ii
1455,Ref 1,42.265,67084,30150020.0,5.7661202,1980079.4,391.2843816,IT=21;21 ,ii
1456,Ref 1,31.722,60228,29699122.0,5.7701286,1879971.6,391.2843071,IT=16;16 ,ii
1457,Ref 1,39.074,64064,28991130.0,5.774391,1853581.2,391.2843753,IT=20;20 ,ii
1458,Ref 1,37.679,64000,29219356.0,5.7785493,1848783.2,391.2843115,IT=19;19 ,ii
1459,Ref 1,31.492,63832,33925728.0,5.7826201,2253351.8,391.284234,IT=16;16 ,ii
1460,Ref 1,38.259,65392,30274476.0,5.7867014,1849231.5,391.2843278,IT=19;19 ,ii
1461,Ref 1,42.135,65092,29820920.0,5.7909534,1859988.1,414.7143676,IT=21;21 ,ii
1462,Ref 1,31.847,60300,31245936.0,5.7949575,2038504.4,391.2841886,IT=16;16 ,ii
1463,Ref 1,36.224,60196,29977318.0,5.79917,1961778.0,391.2843084,IT=18;18 ,ii
1464,Ref 1,33.055,63432,32872138.0,5.8031117,2156067.2,414.7141613,IT=17;17 ,ii
1465,Ref 1,33.986,62656,32361108.0,5.8072783,2137898.2,414.7141524,IT=17;17 ,ii
1466,Ref 1,38.495,63676,28480264.0,5.8115137,1720770.6,391.2842746,IT=19;19 ,ii
1467,Ref 1,26.586,57608,32647286.0,5.8154949,2204155.0,391.2842926,IT=13;13 ,ii
1468,Ref 1,39.895,69084,32193284.0,5.8196636,2001868.6,391.2843646,IT=20;20 ,ii
1469,Ref 1,41.930,65428,29656632.0,5.8238844,1821655.9,391.284326,IT=21;21 ,ii
1470,Ref 1,41.173,66036,29722494.0,5.8280594,1915336.8,391.2844281,IT=21;21 ,ii
1471,Ref 1,29.340,59060,33041246.0,5.8320489,2208479.5,391.284302,IT=15;15 ,ii
1472,Ref 1,31.420,57716,28651044.0,5.8362156,1804360.2,391.2843014,IT=16;16 ,ii
1473,Ref 1,31.423,59944,29827804.0,5.8403156,1964834.4,391.2843578,IT=16;16 ,ii
1474,Ref 1,22.525,54780,33947692.0,5.8443093,2210678.5,391.2842351,IT=11;11 ,ii
1475,Ref 1,34.120,61656,28886396.0,5.8485863,1797198.1,391.2843707,IT=17;17 ,ii
1476,Ref 1,38.841,65780,29488842.0,5.8528113,1908865.5,391.2843959,IT=19;19 ,ii
1477,Ref 1,26.867,60496,33308484.0,5.8566155,2142346.8,391.2842678,IT=13;13 ,ii
1478,Ref 1,23.880,52756,31039784.0,5.8606801,1936632.9,391.2843386,IT=12;12 ,ii
1479,Ref 1,39.882,67644,30909204.0,5.8650425,1971449.1,391.2843359,IT=20;20 ,ii
1480,Ref 1,26.778,57504,33621644.0,5.869005,2186037.2,391.2841637,IT=13;13 ,ii
1481,Ref 1,29.392,57796,31886046.0,5.8731653,2050179.5,391.2841587,IT=15;15 ,ii
1482,Ref 1,25.851,55660,31742194.0,5.8770675,2092547.1,391.2842996,IT=13;13 ,ii
1484,Ref 1,29.844,59844,32364458.0,5.8813424,2157432.0,391.2842357,IT=15;15 ,ii
1485,Ref 1,41.630,66436,28843102.0,5.8856715,1795730.1,391.2843184,IT=21;21 ,ii
1486,Ref 1,29.441,59376,30644224.0,5.8896506,1996390.0,414.7142476,IT=15;15 ,ii
1487,Ref 1,32.830,61040,32142236.0,5.8936715,2046770.1,391.2841777,IT=16;16 ,ii
1488,Ref 1,32.768,63668,30343820.0,5.8978069,1884975.1,391.2842283,IT=16;16 ,ii
1489,Ref 1,27.223,56444,30786680.0,5.901861,1983676.8,391.2842027,IT=14;14 ,ii
1490,Ref 1,22.953,54488,32549080.0,5.9059152,2235027.0,391.2841534,IT=11;11 ,ii
1491,Ref 1,34.999,64080,32253714.0,5.9100297,2042691.4,391.2842202,IT=17;17 ,ii
1492,Ref 1,31.709,59388,31887820.0,5.9141193,2024195.2,391.2841469,IT=16;16 ,ii
1493,Ref 1,32.885,64476,33767668.0,5.9182734,2157838.2,391.2841905,IT=16;16 ,ii
1494,Ref 1,35.915,63304,31046054.0,5.9224692,1939921.0,391.2841508,IT=18;18 ,ii
1495,Ref 1,34.529,63276,30896336.0,5.9266566,1996049.0,391.2842108,IT=17;17 ,ii
1496,Ref 1,35.831,65988,32078354.0,5.9308317,2068575.6,391.2843266,IT=18;18 ,ii
1497,Ref 1,30.470,60316,31064576.0,5.9348921,2019468.6,391.2840979,IT=15;15 ,ii
1498,Ref 1,32.374,58088,28421614.0,5.939067,1923483.1,391.2841062,IT=16;16 ,ii
1499,Ref 1,36.385,63588,32071924.0,5.9432795,2072297.6,391.2841985,IT=18;18 ,ii
1500,Ref 1,27.523,59008,32065374.0,5.9471253,2076527.9,391.2840926,IT=14;14 ,ii
1501,Ref 1,33.875,62580,30228936.0,5.9513378,1977685.5,391.2840616,IT=17;17 ,ii
1502,Ref 1,29.189,59884,31171252.0,5.9554127,2144347.8,391.2841553,IT=15;15 ,ii
1503,Ref 1,32.587,63292,32078316.0,5.959596,2039344.9,391.2841232,IT=16;16 ,ii
1504,Ref 1,28.778,59692,30418778.0,5.963498,1931070.5,391.2840734,IT=14;14 ,ii
1505,Ref 1,30.726,62112,33655712.0,5.9676439,2223708.5,391.2841266,IT=15;15 ,ii
1506,Ref 1,29.452,59608,33387464.0,5.971748,2133327.2,391.2840801,IT=15;15 ,ii
1507,Ref 1,26.113,55284,28908912.0,5.9758084,1818043.0,391.2841771,IT=13;13 ,ii
1508,Ref 1,28.399,60580,32043934.0,5.97995,2125251.8,391.2840379,IT=14;14 ,ii
1509,Ref 1,37.991,68184,30350344.0,5.9840543,2003864.0,391.2842792,IT=19;19 ,ii
1510,Ref 1,35.263,64372,31487710.0,5.9881771,1970523.9,391.2841867,IT=18;18 ,ii
1511,Ref 1,22.390,51420,31279780.0,5.9921083,2149386.0,391.2841268,IT=11;11 ,ii
1512,Ref 1,27.535,56388,31869462.0,5.9962708,2102852.0,391.2841533,IT=14;14 ,ii
1513,Ref 1,42.609,66408,28861672.0,6.0004624,1869608.4,391.2842832,IT=21;21 ,ii
1514,Ref 1,31.515,64048,33777016.0,6.0044499,2159081.2,391.2841568,IT=16;16 ,ii
1515,Ref 1,25.222,55736,31862804.0,6.0084749,2195163.0,391.2839706,IT=13;13 ,ii
1516,Ref 1,26.118,56440,31675866.0,6.0125852,2079359.5,391.2839592,IT=13;13 ,ii
1517,Ref 1,38.996,66796,31704512.0,6.0167269,2046370.5,391.2842746,IT=19;19 ,ii
1518,Ref 1,24.551,57140,31872784.0,6.0206644,2092340.2,391.2840786,IT=12;12 ,ii
1519,Ref 1,26.400,56920,30341284.0,6.0247831,1933182.5,391.2840791,IT=13;13 ,ii
1520,Ref 1,29.294,59916,32041082.0,6.0289247,2096170.4,391.2840232,IT=15;15 ,ii
1521,Ref 1,26.649,56228,32819122.0,6.032833,2142959.5,391.2840671,IT=13;13 ,ii
1522,Ref 1,29.401,62108,32681812.0,6.0369809,2072747.6,391.2840988,IT=15;15 ,ii
1523,Ref 1,26.764,58404,31446994.0,6.0410622,2205730.8,391.2841382,IT=13;13 ,ii
1525,Ref 1,24.265,55636,31708898.0,6.0452496,2182090.8,391.2841209,IT=12;12 ,ii
1527,Ref 1,28.860,62152,30184280.0,6.0497287,1900090.6,391.2839449,IT=14;14 ,ii
1528,Ref 1,34.043,64212,32463902.0,6.0537558,2085405.8,391.2840005,IT=17;17 ,ii
1529,Ref 1,27.936,58204,33962984.0,6.0577954,2217326.5,391.2839311,IT=14;14 ,ii
1530,Ref 1,34.974,61884,28445000.0,6.0620203,1753634.5,391.2839801,IT=17;17 ,ii
1531,Ref 1,23.703,55784,32363954.0,6.0659765,2092385.1,391.2839662,IT=12;12 ,ii
1532,Ref 1,28.120,58696,31719076.0,6.0699682,2152338.5,391.2838942,IT=14;14 ,ii
1533,Ref 1,41.797,67948,31102948.0,6.0743077,1971643.9,391.2841937,IT=21;21 ,ii
1534,Ref 1,26.666,58556,32875400.0,6.0782327,2165778.8,391.2839331,IT=13;13 ,ii
1535,Ref 1,24.468,56372,33631656.0,6.0822994,2259208.2,391.2840169,IT=12;12 ,ii
1536,Ref 1,31.273,60160,31648964.0,6.0864972,2002122.6,414.7140513,IT=16;16 ,ii
1537,Ref 1,35.190,64048,29914696.0,6.0906702,1947523.0,391.2841527,IT=18;18 ,ii
1538,Ref 1,23.665,57796,34722136.0,6.0946306,2309124.5,414.7140317,IT=12;12 ,ii
1539,Ref 1,38.359,64360,30301418.0,6.0989576,1908032.6,391.2842717,IT=19;19 ,ii
1540,Ref 1,25.564,56132,31590144.0,6.1029034,2085993.4,391.284033,IT=13;13 ,ii
1541,Ref 1,27.922,59476,34239040.0,6.1068722,2308314.0,414.7140675,IT=14;14 ,ii
1542,Ref 1,32.813,62804,32640812.0,6.1110618,2019649.1,391.2840868,IT=16;16 ,ii
1544,Ref 1,34.580,60912,28736570.0,6.1154012,1886003.8,391.2840497,IT=17;17 ,ii
1545,Ref 1,33.107,63360,31837764.0,6.1195325,2053602.8,391.2840884,IT=17;17 ,ii
1546,Ref 1,23.019,54124,34372012.0,6.1233387,2167898.2,391.2840434,IT=12;12 ,ii
1547,Ref 1,28.133,55564,28247300.0,6.1275241,1840163.2,391.284043,IT=14;14 ,ii
1548,Ref 1,28.858,59752,33137428.0,6.1316532,2117679.8,391.284,IT=14;14 ,ii
1549,Ref 1,25.772,60280,35062928.0,6.1357324,2271555.0,391.2839484,IT=13;13 ,ii
1550,Ref 1,27.977,57644,30366596.0,6.1398552,1917136.0,391.2840466,IT=14;14 ,ii
1551,Ref 1,30.657,60484,32437394.0,6.1440115,2149393.0,391.2840951,IT=15;15 ,ii
1552,Ref 1,26.590,56756,28468730.0,6.1480698,1914738.2,391.2840854,IT=13;13 ,ii
1553,Ref 1,22.706,51812,30969092.0,6.1521051,2021558.2,391.2840768,IT=11;11 ,ii
1554,Ref 1,25.501,57904,34316764.0,6.1562322,2352877.0,391.283976,IT=13;13 ,ii
1555,Ref 1,30.454,59432,31066464.0,6.1602426,2014648.5,391.2840267,IT=15;15 ,ii
1556,Ref 1,29.889,61784,30611960.0,6.1643531,1983829.4,391.2840378,IT=15;15 ,ii
1557,Ref 1,25.389,55576,32142206.0,6.1684051,2209619.8,391.2840162,IT=13;13 ,ii
1558,Ref 1,29.899,60152,33018712.0,6.1725737,2184005.0,391.2840591,IT=15;15 ,ii
1559,Ref 1,41.653,67104,28558144.0,6.1768383,1824496.5,391.284159,IT=21;21 ,ii
1560,Ref 1,28.428,58060,34267632.0,6.1807904,2307571.5,391.2839902,IT=14;14 ,ii
1561,Ref 1,24.742,54292,32258574.0,6.1848487,2192190.5,391.2839982,IT=12;12 ,ii
1562,Ref 1,34.882,61536,29681122.0,6.189107,1886498.1,391.284076,IT=17;17 ,ii
1563,Ref 1,29.123,58108,31229900.0,6.192984,1987100.0,391.2840358,IT=15;15 ,ii
1564,Ref 1,27.612,58416,33187530.0,6.1969112,2091085.5,391.2839759,IT=14;14 ,ii
1565,Ref 1,27.123,58896,31822434.0,6.201009,2003148.1,391.2840397,IT=14;14 ,ii
1566,Ref 1,26.880,56468,32040554.0,6.2051069,2190979.5,391.2841116,IT=13;13 ,ii
1567,Ref 1,23.671,54920,31268934.0,6.2091527,2130626.2,391.2840483,IT=12;12 ,ii
1568,Ref 1,26.806,58348,31076524.0,6.2131235,1999199.9,391.2840076,IT=13;13 ,ii
1569,Ref 1,42.772,66908,29624618.0,6.2174943,1857535.8,391.2841949,IT=21;21 ,ii
1570,Ref 1,30.163,62952,33586196.0,6.2214609,2181532.8,391.2841268,IT=15;15 ,ii
1571,Ref 1,31.140,61516,31983966.0,6.2255963,2030141.1,391.284039,IT=16;16 ,ii
1572,Ref 1,25.841,57196,31993730.0,6.2296297,2112001.8,391.2840248,IT=13;13 ,ii
1573,Ref 1,26.518,59216,33123448.0,6.2337443,2195310.2,391.2839975,IT=13;13 ,ii
1574,Ref 1,29.986,59656,31847916.0,6.2378984,1997287.1,391.2840766,IT=15;15 ,ii
1575,Ref 1,31.111,61256,30621118.0,6.2420317,2032439.9,391.284135,IT=16;16 ,ii
1576,Ref 1,30.865,59288,31604908.0,6.2459837,2072965.6,414.7140621,IT=15;15 ,ii
1577,Ref 1,28.060,56956,30418952.0,6.2500587,1979848.1,391.2839471,IT=14;14 ,ii
1578,Ref 1,23.872,56360,33620924.0,6.2541024,2236403.8,391.2839575,IT=12;12 ,ii
1579,Ref 1,34.659,64004,32165868.0,6.258369,2058499.6,391.2841383,IT=17;17 ,ii
1580,Ref 1,25.253,54484,28975700.0,6.2621815,1869645.6,391.2840443,IT=13;13 ,ii
1581,Ref 1,29.132,60092,31346184.0,6.2663398,2042424.2,391.2840368,IT=15;15 ,ii
1582,Ref 1,25.937,56636,33986248.0,6.2704065,2388769.2,391.2840148,IT=13;13 ,ii
1583,Ref 1,25.155,57776,32311562.0,6.2744835,2134227.0,391.2838949,IT=13;13 ,ii
1584,Ref 1,30.150,58188,29578386.0,6.2786564,1972365.4,391.2839435,IT=15;15 ,ii
1585,Ref 1,24.101,56664,33660224.0,6.2825022,2191566.0,391.2839654,IT=12;12 ,ii
1586,Ref 1,27.742,54748,28870512.0,6.2866522,1899434.5,391.2839851,IT=14;14 ,ii
1587,Ref 1,25.813,57572,30491360.0,6.2907271,1919988.5,391.2839835,IT=13;13 ,ii
1588,Ref 1,24.730,58496,34210848.0,6.2948021,2323278.2,391.2839394,IT=12;12 ,ii
1589,Ref 1,32.513,60144,30704804.0,6.2988563,1918011.0,414.7140704,IT=16;16 ,ii
1590,Ref 1,31.858,62292,32007260.0,6.302975,2060528.1,391.2840885,IT=16;16 ,ii
1591,Ref 1,28.676,60772,33452554.0,6.3070562,2255420.0,391.2840372,IT=14;14 ,ii
1592,Ref 1,33.099,63760,33685024.0,6.3112416,2081940.5,391.2839793,IT=17;17 ,ii
1593,Ref 1,28.156,56828,29647090.0,6.3151228,1962201.1,391.2839946,IT=14;14 ,ii
1594,Ref 1,29.987,59748,32830914.0,6.3192645,2131256.8,391.2840325,IT=15;15 ,ii
1595,Ref 1,27.861,56044,30182568.0,6.3233519,2018338.6,391.284017,IT=14;14 ,ii
1596,Ref 1,30.989,58932,30280488.0,6.3275144,1964194.0,391.2840244,IT=15;15 ,ii
1597,Ref 1,24.001,54216,31588598.0,6.331354,2121927.2,391.2839488,IT=12;12 ,ii
1598,Ref 1,27.344,58276,31169410.0,6.3354915,2061735.9,391.2839458,IT=14;14 ,ii
1599,Ref 1,22.825,50148,27297908.0,6.3395184,1791706.6,391.2839904,IT=11;11 ,ii
1600,Ref 1,21.993,52416,33159832.0,6.3435914,2260647.8,391.2838095,IT=11;11 ,ii
1601,Ref 1,25.765,55404,33365942.0,6.3477351,2168960.5,391.2839726,IT=13;13 ,ii
1602,Ref 1,25.095,56144,32176746.0,6.3516413,2091873.8,391.2838857,IT=13;13 ,ii
1603,Ref 1,49.823,70116,27133760.0,6.3561475,1705417.5,391.2842039,IT=25;25 ,ii
1604,Ref 1,26.662,57032,32780914.0,6.3599287,2136364.2,391.2839679,IT=13;13 ,ii
1605,Ref 1,36.860,62044,28311754.0,6.3641996,1758493.1,391.2840611,IT=18;18 ,ii
1606,Ref 1,24.368,55388,31678366.0,6.3679787,2145023.5,391.2839768,IT=12;12 ,ii
1607,Ref 1,20.114,50024,30468508.0,6.3719954,2065069.6,391.2840179,IT=10;10 ,ii
1608,Ref 1,30.829,60272,31306016.0,6.376239,1984845.5,391.2839788,IT=15;15 ,ii
1609,Ref 1,28.503,58520,32757310.0,6.3803224,2191476.8,391.2839849,IT=14;14 ,ii
1610,Ref 1,26.955,58752,33923592.0,6.3842391,2336953.2,391.2839439,IT=13;13 ,ii
1611,Ref 1,40.066,66252,30006562.0,6.3885599,1881004.4,391.2841043,IT=20;20 ,ii
1612,Ref 1,25.347,56556,31155962.0,6.3924827,2089650.5,391.2839534,IT=13;13 ,ii
1613,Ref 1,22.687,53264,33467832.0,6.3965327,2250678.2,391.2839988,IT=11;11 ,ii
1614,Ref 1,31.195,60892,30724882.0,6.4005889,2028303.0,391.2840443,IT=16;16 ,ii
1615,Ref 1,28.007,58948,31269288.0,6.404666,2012241.5,391.2839897,IT=14;14 ,ii
1616,Ref 1,22.483,55064,33608760.0,6.4086847,2165162.8,391.2839687,IT=11;11 ,ii
1617,Ref 1,30.405,59180,30031656.0,6.4128909,1967646.4,391.2840796,IT=15;15 ,ii
1618,Ref 1,35.687,61884,29963752.0,6.4169242,1919244.4,391.28413,IT=18;18 ,ii
1619,Ref 1,24.051,53584,31413152.0,6.4208867,2009124.8,391.2839979,IT=12;12 ,ii
1620,Ref 1,25.303,57656,32004524.0,6.4249971,2087257.9,391.2840298,IT=13;13 ,ii
1621,Ref 1,30.349,60580,28551538.0,6.42917,1839259.9,391.2840494,IT=15;15 ,ii
1622,Ref 1,25.342,58916,35104016.0,6.4332033,2270753.0,391.2839734,IT=13;13 ,ii
1623,Ref 1,25.730,58912,32229590.0,6.4371366,2002889.0,391.2839713,IT=13;13 ,ii
1624,Ref 1,23.993,56580,32639270.0,6.4412033,2108443.5,391.2839236,IT=12;12 ,ii
1625,Ref 1,24.862,56740,32711324.0,6.4453011,2318836.5,391.2839109,IT=12;12 ,ii
1626,Ref 1,29.329,57308,30052872.0,6.4494636,1864550.6,391.2839954,IT=15;15 ,ii
1627,Ref 1,22.317,52056,31477526.0,6.4532928,2126519.0,391.2839663,IT=11;11 ,ii
1628,Ref 1,27.178,61340,35746600.0,6.4574552,2405966.5,391.2840276,IT=14;14 ,ii
1629,Ref 1,25.609,56232,32959816.0,6.4615302,2094034.9,391.283929,IT=13;13 ,ii
1630,Ref 1,26.746,55124,29381428.0,6.4656427,1885308.2,391.2840819,IT=13;13 ,ii
1631,Ref 1,23.913,54864,32155272.0,6.4695281,2150761.0,391.2840186,IT=12;12 ,ii
1632,Ref 1,24.200,55048,32583288.0,6.4736218,2213878.0,391.2840297,IT=12;12 ,ii
1633,Ref 1,29.896,58644,28712818.0,6.4778071,1849596.9,391.2840518,IT=15;15 ,ii
1634,Ref 1,25.257,56132,31258418.0,6.481855,2184724.5,391.2840047,IT=13;13 ,ii
1635,Ref 1,26.544,59916,33324218.0,6.485803,2184812.0,391.2839564,IT=13;13 ,ii
1636,Ref 1,30.178,59812,29138908.0,6.4899654,1922627.2,391.2839699,IT=15;15 ,ii
1637,Ref 1,21.682,53396,32350976.0,6.4939445,2114103.2,391.2839561,IT=11;11 ,ii
1638,Ref 1,27.137,56968,29714748.0,6.4981133,2024787.6,391.2840546,IT=14;14 ,ii
1639,Ref 1,32.133,61512,29243364.0,6.5022986,1907007.5,391.2840444,IT=16;16 ,ii
1640,Ref 1,24.038,54096,32459698.0,6.5062924,2193780.8,391.2839681,IT=12;12 ,ii
1641,Ref 1,20.765,52028,32841504.0,6.5103298,2232432.5,391.2839445,IT=10;10 ,ii
1642,Ref 1,21.974,51252,29508422.0,6.5144174,1981404.9,391.2839487,IT=11;11 ,ii
1643,Ref 1,26.706,54532,30303210.0,6.5185652,2086586.4,391.2839217,IT=13;13 ,ii
1644,Ref 1,25.435,57548,34919628.0,6.5224777,2306639.0,391.2839207,IT=13;13 ,ii
1645,Ref 1,28.718,58468,30198786.0,6.5266318,1979378.8,391.2838952,IT=14;14 ,ii
1646,Ref 1,23.800,53604,31250092.0,6.5306651,2238302.0,391.2839117,IT=12;12 ,ii
1647,Ref 1,27.725,61016,30901518.0,6.5348172,2098858.8,391.2839444,IT=14;14 ,ii
1648,Ref 1,21.340,53332,33662664.0,6.5386485,2274011.0,391.2839596,IT=11;11 ,ii
1649,Ref 1,22.878,50456,29424046.0,6.5427484,2067407.8,391.2840902,IT=11;11 ,ii
1651,Ref 1,23.915,56056,32344634.0,6.5469129,2187392.5,391.284061,IT=12;12 ,ii
1653,Ref 1,27.269,59588,32794888.0,6.5513588,2149413.2,391.2839425,IT=14;14 ,ii
1654,Ref 1,30.574,60164,31218410.0,6.5553525,2013145.6,391.2840129,IT=15;15 ,ii
1655,Ref 1,23.048,54596,33154884.0,6.5593504,2216197.8,391.2838425,IT=12;12 ,ii
1656,Ref 1,50.000,71736,26556426.0,6.5638899,1611673.8,391.2842589,IT=25;25 ,ii
1657,Ref 1,24.585,56308,29814916.0,6.5676357,1994032.0,391.2839903,IT=12;12 ,ii
1658,Ref 1,24.940,57080,35008628.0,6.5715648,2348110.0,391.2839087,IT=12;12 ,ii
1659,Ref 1,24.609,56284,31109248.0,6.5754836,1960295.5,391.2839819,IT=12;12 ,ii
1660,Ref 1,24.659,54032,28718776.0,6.5795773,2000862.4,391.2840214,IT=12;12 ,ii
1661,Ref 1,24.056,55760,32749898.0,6.5836565,2302848.8,391.283915,IT=12;12 ,ii
1662,Ref 1,33.430,62640,30523372.0,6.5878939,1936612.8,391.284079,IT=17;17 ,ii
1663,Ref 1,33.920,61868,31718660.0,6.5920544,2132165.5,391.28412,IT=17;17 ,ii
1664,Ref 1,28.308,58356,32274804.0,6.5960981,2221296.8,391.2840875,IT=14;14 ,ii
1665,Ref 1,27.219,60004,32865442.0,6.6001938,2092779.8,391.2839866,IT=14;14 ,ii
1666,Ref 1,21.942,53028,33000466.0,6.6042084,2328028.2,391.2839058,IT=11;11 ,ii
1667,Ref 1,23.148,54584,29995412.0,6.6081459,2053542.5,391.2839927,IT=12;12 ,ii
1668,Ref 1,24.917,58448,34732500.0,6.6122563,2274573.0,391.2840096,IT=12;12 ,ii
1669,Ref 1,23.670,55696,29797786.0,6.6163229,2066805.6,391.2840905,IT=12;12 ,ii
1671,Ref 1,26.006,56988,32041966.0,6.6207042,2220612.8,391.2839747,IT=13;13 ,ii
1672,Ref 1,27.040,57660,30447172.0,6.6246562,2018417.8,391.2838903,IT=14;14 ,ii
1673,Ref 1,25.945,55532,30066186.0,6.6287395,2051116.5,391.2838735,IT=13;13 ,ii
1674,Ref 1,29.876,59700,33012546.0,6.6329019,2231682.2,391.2840069,IT=15;15 ,ii
1675,Ref 1,25.267,56740,30297862.0,6.6369478,1962149.6,391.2839355,IT=13;13 ,ii
1676,Ref 1,22.123,52728,30160386.0,6.6408332,2068873.0,391.2838988,IT=11;11 ,ii
1677,Ref 1,33.004,63340,32331076.0,6.6450936,2160338.2,391.2840723,IT=17;17 ,ii
1678,Ref 1,20.846,54220,34070224.0,6.6490227,2332904.2,391.2838408,IT=10;10 ,ii
1679,Ref 1,46.374,67912,28154456.0,6.6535206,1838008.1,391.284089,IT=23;23 ,ii
1680,Ref 1,27.947,60356,32035726.0,6.657383,2194402.2,391.2838524,IT=14;14 ,ii
1681,Ref 1,21.329,52768,31874770.0,6.6612206,2233520.2,391.2838822,IT=11;11 ,ii
1682,Ref 1,24.031,53504,29718038.0,6.6653393,1997831.2,391.2838856,IT=12;12 ,ii
1683,Ref 1,25.902,60328,33966008.0,6.6694579,2324393.8,391.2839368,IT=13;13 ,ii
1684,Ref 1,27.920,59164,31399256.0,6.6735829,2069313.8,391.2839512,IT=14;14 ,ii
1685,Ref 1,27.718,58020,30190752.0,6.6775246,2053964.1,391.2838639,IT=14;14 ,ii
1686,Ref 1,23.700,56312,33060636.0,6.6815663,2144647.8,391.2839072,IT=12;12 ,ii
1687,Ref 1,24.070,56308,32258662.0,6.6856537,2308846.5,391.2838584,IT=12;12 ,ii
1688,Ref 1,30.952,59356,29019934.0,6.6898516,1888087.4,391.2840073,IT=15;15 ,ii
1689,Ref 1,26.153,57028,30491096.0,6.6937224,2129990.0,391.2839507,IT=13;13 ,ii
1690,Ref 1,24.444,55872,30839636.0,6.6977912,2265044.5,391.2838577,IT=12;12 ,ii
1691,Ref 1,29.298,61164,29339656.0,6.7019598,1903619.2,391.2839016,IT=15;15 ,ii
1692,Ref 1,27.439,61220,32098430.0,6.706039,2215036.2,391.2839007,IT=14;14 ,ii
1693,Ref 1,21.742,52080,28889474.0,6.7098869,2018072.0,391.2839668,IT=11;11 ,ii
1694,Ref 1,27.638,58744,30383450.0,6.7140681,2058604.1,391.2839377,IT=14;14 ,ii
1695,Ref 1,37.601,64456,29405032.0,6.7183368,2006553.2,391.2840626,IT=19;19 ,ii
1696,Ref 1,28.128,57624,30903652.0,6.722341,2257206.2,391.2839221,IT=14;14 ,ii
1697,Ref 1,24.856,55156,29800900.0,6.726395,2030794.9,391.2838143,IT=12;12 ,ii
1698,Ref 1,27.874,57320,28713930.0,6.7305347,1957043.8,391.2839982,IT=14;14 ,ii
1699,Ref 1,22.095,53640,32010740.0,6.734543,2356372.0,391.2838684,IT=11;11 ,ii
1700,Ref 1,32.200,65592,31049440.0,6.7387825,2107447.2,391.2839061,IT=16;16 ,ii
1701,Ref 1,24.157,57812,30740204.0,6.7427783,2121307.0,391.2839111,IT=12;12 ,ii
1702,Ref 1,20.943,52984,31316682.0,6.7466429,2319818.5,391.2838432,IT=10;10 ,ii
1703,Ref 1,28.894,54856,28386076.0,6.7508512,1959546.1,391.2839601,IT=14;14 ,ii
1704,Ref 1,25.401,58620,32782542.0,6.7549032,2376401.5,391.2838117,IT=13;13 ,ii
1705,Ref 1,28.920,61756,31755748.0,6.7590594,2185108.0,391.2838292,IT=14;14 ,ii
1706,Ref 1,28.729,57192,28168890.0,6.7629949,1954248.1,391.283876,IT=14;14 ,ii
1707,Ref 1,27.294,59780,30966194.0,6.7670865,2081419.2,391.2838523,IT=14;14 ,ii
1708,Ref 1,19.349,52268,32501862.0,6.7710615,2287151.0,391.2838289,IT=9.7;9.7 ,ii
1709,Ref 1,22.008,52844,29977920.0,6.7751677,2195497.0,391.2838546,IT=11;11 ,ii
1710,Ref 1,24.853,51596,26709224.0,6.7791281,1875948.5,391.2838585,IT=12;12 ,ii
1711,Ref 1,21.420,53528,30808800.0,6.7831552,2260101.2,391.2837366,IT=11;11 ,ii
1712,Ref 1,23.816,57216,33247482.0,6.7872697,2284947.0,391.2837737,IT=12;12 ,ii
1713,Ref 1,37.700,62456,27522146.0,6.7915863,1846881.0,391.2839939,IT=19;19 ,ii
1714,Ref 1,23.753,55452,30060532.0,6.7953384,2127398.5,391.2839382,IT=12;12 ,ii
1715,Ref 1,24.274,53900,29589542.0,6.7994342,2113469.5,391.2839071,IT=12;12 ,ii
1716,Ref 1,22.274,54408,32068082.0,6.80348,2213879.8,391.2838604,IT=11;11 ,ii
1717,Ref 1,36.913,65508,29627400.0,6.8078008,2055516.8,391.2840104,IT=18;18 ,ii
1718,Ref 1,22.520,51316,29403718.0,6.8117153,2116965.0,391.2839159,IT=11;11 ,ii
1719,Ref 1,23.338,51908,26619104.0,6.8156404,1849931.9,391.2839474,IT=12;12 ,ii
1720,Ref 1,33.979,64684,30528742.0,6.8199028,2010431.6,391.2840342,IT=17;17 ,ii
1721,Ref 1,21.691,54152,33009136.0,6.823834,2323316.2,391.2838112,IT=11;11 ,ii
1722,Ref 1,28.860,58696,30204036.0,6.8280298,2035713.2,391.2839265,IT=14;14 ,ii
1723,Ref 1,40.836,71280,30833720.0,6.8321694,2057105.1,391.2840242,IT=20;20 ,ii
1724,Ref 1,29.421,61248,30324050.0,6.836161,2189905.5,391.283901,IT=15;15 ,ii
1725,Ref 1,22.331,53188,32086164.0,6.840161,2258740.5,391.283766,IT=11;11 ,ii
1726,Ref 1,22.025,54812,30556674.0,6.844238,2252117.2,391.2838625,IT=11;11 ,ii
1727,Ref 1,26.428,59316,32303010.0,6.8482256,2301174.5,391.2839135,IT=13;13 ,ii
1728,Ref 1,20.932,52516,30223980.0,6.8522318,2039456.8,391.2839356,IT=10;10 ,ii
1729,Ref 1,29.097,61644,31373380.0,6.85644,2224614.0,391.2839842,IT=15;15 ,ii
1730,Ref 1,25.492,57500,31560990.0,6.8604942,2229626.2,391.2839828,IT=13;13 ,ii
1731,Ref 1,28.984,61176,29958880.0,6.8644775,1993465.9,391.2839133,IT=14;14 ,ii
1732,Ref 1,26.448,56436,29155780.0,6.8685462,2062031.5,391.2838835,IT=13;13 ,ii
1733,Ref 1,25.131,54812,29568054.0,6.8726232,2135638.5,391.2839793,IT=13;13 ,ii
1734,Ref 1,22.134,53316,30995172.0,6.8766711,2176598.2,391.2838733,IT=11;11 ,ii
1735,Ref 1,22.613,53512,28997526.0,6.8805899,2097633.5,391.2839092,IT=11;11 ,ii
1736,Ref 1,26.192,58336,30652452.0,6.8847357,2132743.2,391.2838958,IT=13;13 ,ii
1737,Ref 1,26.087,55244,30192888.0,6.8888252,2008238.5,391.2839765,IT=13;13 ,ii
1738,Ref 1,30.965,61300,28525732.0,6.8930127,2013168.1,391.2841037,IT=15;15 ,ii
1739,Ref 1,28.713,61848,31606668.0,6.8970981,2218619.8,391.283986,IT=14;14 ,ii
1740,Ref 1,24.285,55708,30078460.0,6.9009752,2114221.2,391.283921,IT=12;12 ,ii
1741,Ref 1,22.078,51436,27936350.0,6.9050252,1940577.5,391.2840055,IT=11;11 ,ii
1742,Ref 1,37.030,66236,29692418.0,6.909348,2099809.8,391.2840662,IT=19;19 ,ii
1743,Ref 1,23.031,52816,27843716.0,6.9132709,1987585.1,391.2839826,IT=12;12 ,ii
1744,Ref 1,29.601,61072,28166156.0,6.9172959,1854011.8,391.2839931,IT=15;15 ,ii
1745,Ref 1,31.431,63736,30621482.0,6.9214458,2144828.2,391.2839903,IT=16;16 ,ii
1746,Ref 1,24.855,55876,31153860.0,6.9254729,2202268.5,391.2839267,IT=12;12 ,ii
1747,Ref 1,23.399,51676,27607388.0,6.9295354,1980365.9,391.2839354,IT=12;12 ,ii
1748,Ref 1,21.843,53288,30881904.0,6.9334291,2216515.8,391.2839208,IT=11;11 ,ii
1749,Ref 1,21.224,51948,32043806.0,6.9374895,2305591.0,391.2839606,IT=11;11 ,ii
1750,Ref 1,28.913,54620,26568532.0,6.9416894,1850876.5,391.2841124,IT=14;14 ,ii
1751,Ref 1,32.881,60924,27529668.0,6.9458707,1889211.1,391.2840772,IT=16;16 ,ii
1752,Ref 1,20.786,51548,31122056.0,6.949629,2311256.8,391.2839803,IT=10;10 ,ii
1753,Ref 1,16.699,41436,25348284.0,6.9536311,1830902.8,391.2840465,IT=8.3;8.3 ,ii
1754,Ref 1,37.733,64720,29499386.0,6.9580269,2020284.9,391.284209,IT=19;19 ,ii
1755,Ref 1,24.025,57976,32545868.0,6.9619602,2232623.2,391.2840376,IT=12;12 ,ii
1756,Ref 1,22.174,53008,30252996.0,6.9658456,2093814.9,391.2838555,IT=11;11 ,ii
1757,Ref 1,22.980,53548,29514184.0,6.9699372,2159415.2,391.283888,IT=11;11 ,ii
1758,Ref 1,32.896,62148,29832750.0,6.9741872,2056435.2,391.2839441,IT=16;16 ,ii
1759,Ref 1,29.765,59348,28226800.0,6.9782663,1927502.6,391.2838773,IT=15;15 ,ii
1760,Ref 1,29.514,58660,29040310.0,6.9822121,1991672.2,391.2839315,IT=15;15 ,ii
1761,Ref 1,23.142,54988,31756188.0,6.9862308,2213992.5,391.2838529,IT=12;12 ,ii
1762,Ref 1,25.937,54752,28063784.0,6.99036,1949896.6,391.2839386,IT=13;13 ,ii
1763,Ref 1,23.701,54836,29737062.0,6.9944183,2068386.0,391.2839549,IT=12;12 ,ii
1764,Ref 1,21.006,51148,31010974.0,6.998462,2243922.2,391.2838963,IT=11;11 ,ii
1765,Ref 1,21.857,51736,30087834.0,7.0023703,2116712.5,391.2838202,IT=11;11 ,ii
1766,Ref 1,36.917,62520,27458314.0,7.0066973,1935778.0,391.2840525,IT=18;18 ,ii
1767,Ref 1,25.882,53668,30390196.0,7.0107327,2326255.8,391.283865,IT=13;13 ,ii
1768,Ref 1,26.927,53372,27405296.0,7.0148515,1939665.6,391.2838244,IT=13;13 ,ii
1769,Ref 1,32.238,60760,28315804.0,7.0188681,1931865.4,391.2838827,IT=16;16 ,ii
1770,Ref 1,25.752,52780,27194448.0,7.0228972,1946498.0,391.2838793,IT=13;13 ,ii
1771,Ref 1,23.678,51912,27924216.0,7.0269618,2003957.5,391.2838656,IT=12;12 ,ii
1772,Ref 1,26.943,56224,28653510.0,7.0310972,1986756.8,391.2838686,IT=13;13 ,ii
1773,Ref 1,36.343,59356,27990130.0,7.0351889,1989889.6,391.2839908,IT=18;18 ,ii
1774,Ref 1,26.821,54400,27531552.0,7.0391826,1981391.1,391.2838623,IT=13;13 ,ii
1775,Ref 1,25.551,54588,28610186.0,7.0432617,2001607.8,391.2839296,IT=13;13 ,ii
1776,Ref 1,23.098,53140,29648604.0,7.0473159,2095586.6,391.283983,IT=12;12 ,ii
1778,Ref 1,27.351,59548,32059738.0,7.0515367,2202108.2,391.2841105,IT=14;14 ,ii
1780,Ref 1,21.769,48296,27161564.0,7.0557283,2056872.1,391.2839115,IT=11;11 ,ii
1781,Ref 1,25.098,56580,29099450.0,7.0598574,2089175.8,391.2839158,IT=13;13 ,ii
1782,Ref 1,23.383,52368,28892970.0,7.063922,2063378.5,391.283808,IT=12;12 ,ii
1783,Ref 1,32.282,56032,23956434.0,7.068149,1698141.1,391.2838565,IT=16;16 ,ii
1784,Ref 1,19.651,50160,30856966.0,7.0718949,2415891.2,391.2838181,IT=9.8;9.8 ,ii
1785,Ref 1,26.895,57132,30199112.0,7.0760886,2156187.0,391.2838396,IT=13;13 ,ii
1786,Ref 1,30.013,57528,28955644.0,7.0802427,2069616.5,391.2839403,IT=15;15 ,ii
1787,Ref 1,27.585,55228,28789346.0,7.0843177,2140776.8,391.2839429,IT=14;14 ,ii
1788,Ref 1,27.708,55828,28254106.0,7.0882656,1932011.8,391.2839568,IT=14;14 ,ii
1789,Ref 1,29.006,55356,26510012.0,7.0923947,1855604.5,391.2839119,IT=15;15 ,ii
1790,Ref 1,21.227,49880,29678222.0,7.0963759,2230773.8,391.2839234,IT=11;11 ,ii
1791,Ref 1,30.118,58772,29672064.0,7.1005988,2121978.2,391.2839395,IT=15;15 ,ii
1792,Ref 1,31.756,59212,28642294.0,7.1045717,1951490.4,391.2839952,IT=16;16 ,ii
1793,Ref 1,30.952,56792,27756136.0,7.1086925,2027150.8,391.2839632,IT=15;15 ,ii
1794,Ref 1,23.158,52708,29865732.0,7.1126883,2170744.2,391.2838133,IT=12;12 ,ii
1795,Ref 1,26.047,51244,24776908.0,7.1168175,1706830.4,391.2838672,IT=13;13 ,ii
1796,Ref 1,23.281,51884,29215384.0,7.1207029,2148067.0,391.2837771,IT=12;12 ,ii
1797,Ref 1,21.109,49716,29024098.0,7.1247529,2154577.8,391.2838613,IT=11;11 ,ii
1798,Ref 1,18.712,48760,30833252.0,7.1287799,2318456.5,391.2838417,IT=9.4;9.4 ,ii
1799,Ref 1,35.190,60964,27691374.0,7.1331091,2012413.5,391.2841649,IT=18;18 ,ii
1801,Ref 1,22.948,51580,29411030.0,7.1374444,2051288.6,391.2839129,IT=11;11 ,ii
1802,Ref 1,35.384,60324,25614202.0,7.1415652,1738819.5,391.2840918,IT=18;18 ,ii
1803,Ref 1,26.428,51452,26047440.0,7.1455611,1939247.2,391.2837613,IT=13;13 ,ii
1804,Ref 1,28.472,55820,28068020.0,7.1496985,2038671.0,391.2840155,IT=14;14 ,ii
1805,Ref 1,31.560,55712,25882796.0,7.1538568,1750039.6,391.2840785,IT=16;16 ,ii
1806,Ref 1,30.493,58084,28583102.0,7.1577964,2011705.9,391.2841307,IT=15;15 ,ii
1807,Ref 1,24.835,52984,29069238.0,7.161836,2136210.2,391.2839684,IT=12;12 ,ii
1808,Ref 1,29.820,54456,26748972.0,7.1660046,1909304.4,391.2840706,IT=15;15 ,ii
1809,Ref 1,31.713,57140,27226722.0,7.1701546,1942122.6,391.2841678,IT=16;16 ,ii
1810,Ref 1,23.917,52500,30179320.0,7.1741338,2261950.5,391.2840332,IT=12;12 ,ii
1811,Ref 1,31.088,54700,25554236.0,7.1783338,1820765.4,391.2840922,IT=16;16 ,ii
1812,Ref 1,30.579,56148,27244904.0,7.1824462,1994624.6,391.2840352,IT=15;15 ,ii
1813,Ref 1,22.283,51048,29721568.0,7.1864274,2188088.8,391.2839704,IT=11;11 ,ii
1814,Ref 1,28.616,53348,26359842.0,7.1906148,1867368.9,391.2841391,IT=14;14 ,ii
1815,Ref 1,31.214,58012,27501492.0,7.1946003,1979267.5,391.2841123,IT=16;16 ,ii
1816,Ref 1,22.523,49756,28133580.0,7.1985836,2041900.4,391.2841009,IT=11;11 ,ii
1817,Ref 1,29.916,58952,28317076.0,7.2027856,1935807.6,391.2840454,IT=15;15 ,ii
1818,Ref 1,22.129,48376,26493168.0,7.206771,1987499.4,391.2841147,IT=11;11 ,ii
1819,Ref 1,24.815,52452,29585688.0,7.2107294,2237217.5,391.2841258,IT=12;12 ,ii
1820,Ref 1,21.900,47284,26800350.0,7.2147773,1974125.9,391.2841433,IT=11;11 ,ii
1821,Ref 1,25.376,52344,27274730.0,7.2189022,1963954.8,391.2840288,IT=13;13 ,ii
1822,Ref 1,28.661,54964,27910094.0,7.2230438,2025379.9,391.2841688,IT=14;14 ,ii
1823,Ref 1,20.474,49544,27791964.0,7.2270147,2016037.1,391.2840286,IT=10;10 ,ii
1824,Ref 1,21.017,48432,26980908.0,7.2310959,2023032.8,391.2840455,IT=11;11 ,ii
1825,Ref 1,17.902,47292,30056364.0,7.2351187,2218422.5,391.2839126,IT=9;9 ,ii
1826,Ref 1,31.603,57396,27042820.0,7.2393937,1926931.8,391.284103,IT=16;16 ,ii
1827,Ref 1,29.625,57472,28117604.0,7.2433166,1996221.2,391.2840009,IT=15;15 ,ii
1828,Ref 1,24.562,49912,28057534.0,7.247352,2193414.5,391.2839912,IT=12;12 ,ii
1829,Ref 1,20.792,48040,27948780.0,7.2513853,2041717.6,391.2839759,IT=10;10 ,ii
1830,Ref 1,27.867,52968,27211150.0,7.2555707,1901784.2,391.2839924,IT=14;14 ,ii
1831,Ref 1,27.262,51480,26660542.0,7.2595749,1956374.4,391.2839682,IT=14;14 ,ii
1832,Ref 1,21.596,50792,30199692.0,7.2635853,2302623.0,391.2838804,IT=11;11 ,ii
1833,Ref 1,25.575,50924,25106980.0,7.267729,1807207.8,391.2839683,IT=13;13 ,ii
1834,Ref 1,21.346,49800,28963786.0,7.2717498,2199412.0,391.2838603,IT=11;11 ,ii
1835,Ref 1,25.309,53264,30253562.0,7.2758872,2305317.5,391.2839197,IT=13;13 ,ii
1836,Ref 1,36.102,61732,26606758.0,7.2799872,1844781.6,391.2840872,IT=18;18 ,ii
1837,Ref 1,25.187,51500,28103652.0,7.2839601,2046166.8,391.2839441,IT=13;13 ,ii
1838,Ref 1,23.097,50964,29919534.0,7.2880205,2153618.2,391.2838077,IT=12;12 ,ii
1839,Ref 1,37.684,60672,27296288.0,7.2923392,1976785.0,391.284059,IT=19;19 ,ii
1840,Ref 1,26.344,50180,24996942.0,7.2961372,1817476.5,391.2839885,IT=13;13 ,ii
1841,Ref 1,25.898,56040,30671456.0,7.3002288,2286302.2,391.2840122,IT=13;13 ,ii
1842,Ref 1,24.322,50580,28099120.0,7.3042995,2010661.6,391.2839828,IT=12;12 ,ii
1843,Ref 1,25.533,52736,30571194.0,7.3084058,2276498.5,391.2839261,IT=13;13 ,ii
1844,Ref 1,27.547,58456,30035690.0,7.312362,2131120.0,391.2840196,IT=14;14 ,ii
1845,Ref 1,24.801,49872,26886832.0,7.3164224,1993387.5,391.284007,IT=12;12 ,ii
1846,Ref 1,21.180,47488,28322674.0,7.3204536,2206450.8,391.283993,IT=11;11 ,ii
1847,Ref 1,31.174,54060,28229016.0,7.3246911,2190058.5,391.2840786,IT=16;16 ,ii
1848,Ref 1,21.758,49940,30314640.0,7.3284911,2186074.5,391.2839567,IT=11;11 ,ii
1849,Ref 1,23.979,48844,27122568.0,7.3325994,2042528.8,391.2840223,IT=12;12 ,ii
1850,Ref 1,25.437,51852,28363918.0,7.3367035,2176305.8,391.2839701,IT=13;13 ,ii
1851,Ref 1,22.521,48512,27831892.0,7.3407493,2074578.9,391.2839019,IT=11;11 ,ii
1852,Ref 1,23.551,49200,26618068.0,7.3446785,1957687.8,391.2839048,IT=12;12 ,ii
1853,Ref 1,34.001,59132,28384480.0,7.3489368,2061912.6,391.2841602,IT=17;17 ,ii
1854,Ref 1,26.617,51004,27171446.0,7.3529492,1968278.2,391.2839908,IT=13;13 ,ii
1855,Ref 1,36.661,60428,27034872.0,7.3572138,1958561.6,391.2840846,IT=18;18 ,ii
1856,Ref 1,20.160,48100,28845224.0,7.3609284,2104942.8,391.2839363,IT=10;10 ,ii
1857,Ref 1,23.203,50728,27254484.0,7.3650471,1907797.2,391.2839255,IT=12;12 ,ii
1858,Ref 1,26.399,52944,27721628.0,7.3691783,2040919.5,391.2839959,IT=13;13 ,ii
1859,Ref 1,25.956,54396,29665280.0,7.3732637,2217598.5,391.2839239,IT=13;13 ,ii
1860,Ref 1,22.424,50664,31547982.0,7.3773032,2261719.0,391.2838714,IT=11;11 ,ii
1861,Ref 1,30.233,53896,26276822.0,7.3813491,1916706.1,391.2840037,IT=15;15 ,ii
1863,Ref 1,23.050,50180,28919738.0,7.3855157,2211388.8,391.2839045,IT=12;12 ,ii
1864,Ref 1,14.720,41876,30163228.0,7.3894573,2314857.5,391.2838924,IT=7.4;7.4 ,ii
1865,Ref 1,42.272,63500,25462848.0,7.3939343,1795148.9,391.2841177,IT=21;21 ,ii
1866,Ref 1,21.517,47344,28412016.0,7.3977594,2277920.5,391.2839078,IT=11;11 ,ii
1867,Ref 1,31.194,57160,29370890.0,7.4019927,2131687.5,391.2839948,IT=16;16 ,ii
1868,Ref 1,28.628,53932,25714428.0,7.4060759,1859985.5,391.2839311,IT=14;14 ,ii
1869,Ref 1,18.069,44216,29063064.0,7.4100155,2282918.8,391.2838716,IT=9;9 ,ii
1870,Ref 1,26.744,51928,27553322.0,7.4140551,2029436.8,391.2839966,IT=13;13 ,ii
1871,Ref 1,26.202,52940,27214348.0,7.4181509,2029639.2,391.2839626,IT=13;13 ,ii
1872,Ref 1,31.383,55840,26098810.0,7.4223342,1968108.6,391.2841287,IT=16;16 ,ii
1873,Ref 1,23.774,52900,30089328.0,7.4263321,2212551.0,391.2838993,IT=12;12 ,ii
1874,Ref 1,23.484,45284,22683748.0,7.4302529,1671480.2,391.2839963,IT=12;12 ,ii
1875,Ref 1,23.092,50892,29030138.0,7.4343341,2187756.5,391.2839548,IT=12;12 ,ii
1876,Ref 1,28.197,54340,29733582.0,7.4384966,2195806.0,391.2839064,IT=14;14 ,ii
1877,Ref 1,25.694,50536,25453326.0,7.4425653,1810907.9,391.283944,IT=13;13 ,ii
1878,Ref 1,26.498,53212,28554968.0,7.4466694,2150534.8,391.2839462,IT=13;13 ,ii
1879,Ref 1,25.271,52312,28947468.0,7.4505819,2106663.5,391.2838359,IT=13;13 ,ii
1880,Ref 1,22.668,48280,27844956.0,7.4546298,2004431.0,391.2838071,IT=11;11 ,ii
1881,Ref 1,24.557,52688,29274510.0,7.458736,2209126.0,391.2837247,IT=12;12 ,ii
1882,Ref 1,30.842,56424,28763892.0,7.4629235,2175103.2,391.2839902,IT=15;15 ,ii
1883,Ref 1,25.725,49632,24634400.0,7.4667881,1842295.9,391.2838985,IT=13;13 ,ii
1884,Ref 1,24.414,48128,27003516.0,7.4708651,2028399.4,391.2837916,IT=12;12 ,ii
1885,Ref 1,23.718,49508,27737110.0,7.4749401,2121728.5,391.2838642,IT=12;12 ,ii
1886,Ref 1,28.852,53940,28069600.0,7.4791067,2034454.4,391.2838808,IT=14;14 ,ii
1887,Ref 1,25.509,51912,27505422.0,7.4829943,2090716.4,391.2838696,IT=13;13 ,ii
1888,Ref 1,17.338,44264,29061016.0,7.4869567,2374294.0,391.2837941,IT=8.7;8.7 ,ii
1889,Ref 1,32.800,57464,27061080.0,7.491267,1950442.5,391.2839515,IT=16;16 ,ii
1890,Ref 1,25.853,51576,27372230.0,7.4952774,2001445.6,391.283954,IT=13;13 ,ii
1891,Ref 1,23.684,48008,26667516.0,7.4991712,2103066.5,391.2839178,IT=12;12 ,ii
1892,Ref 1,30.089,55608,27604448.0,7.5033648,1961284.2,391.2840321,IT=15;15 ,ii
1893,Ref 1,25.261,52760,28329940.0,7.5074128,2085609.2,391.2839845,IT=13;13 ,ii
1894,Ref 1,25.932,50032,27324456.0,7.5115148,2042861.9,391.283903,IT=13;13 ,ii
1895,Ref 1,22.161,48700,28024912.0,7.5153773,2078765.6,391.2838914,IT=11;11 ,ii
1896,Ref 1,20.206,47004,26755040.0,7.5194231,1967660.5,391.2837874,IT=10;10 ,ii
1897,Ref 1,36.484,58260,27243922.0,7.5237585,2011521.1,391.2840683,IT=18;18 ,ii
1898,Ref 1,24.595,50780,27836202.0,7.5277127,2084742.0,391.2838201,IT=12;12 ,ii
1899,Ref 1,28.846,53068,25228766.0,7.5317146,1868453.6,391.2838267,IT=14;14 ,ii
1900,Ref 1,22.121,47580,28208300.0,7.5357147,2121647.5,391.2837996,IT=11;11 ,ii
1901,Ref 1,29.567,54468,26184224.0,7.5399209,1941936.1,391.2839296,IT=15;15 ,ii
1902,Ref 1,32.237,53064,25630742.0,7.5440792,1890646.1,391.2839972,IT=16;16 ,ii
1903,Ref 1,23.995,49612,27438680.0,7.548075,2054609.0,391.2838854,IT=12;12 ,ii
1904,Ref 1,26.098,48248,26620846.0,7.5520313,2078028.2,391.2838786,IT=13;13 ,ii
1906,Ref 1,22.605,49500,30402464.0,7.556177,2272100.5,391.2838848,IT=11;11 ,ii
1908,Ref 1,28.234,52836,28151006.0,7.5604728,2187796.8,391.2838688,IT=14;14 ,ii
1909,Ref 1,15.887,40668,28796132.0,7.5643749,2248729.8,391.2837966,IT=7.9;7.9 ,ii
1910,Ref 1,42.315,61556,24551790.0,7.5686957,1764444.8,391.2840544,IT=21;21 ,ii
1911,Ref 1,26.459,51308,28437210.0,7.5725978,2111989.2,391.2839016,IT=13;13 ,ii
1912,Ref 1,28.469,54700,28785620.0,7.576729,2189458.2,391.2838566,IT=14;14 ,ii
1913,Ref 1,31.542,55308,26829780.0,7.5808873,1948233.6,391.283855,IT=16;16 ,ii
1914,Ref 1,18.601,45564,29017210.0,7.5846289,2357058.5,391.283768,IT=9.3;9.3 ,ii
1915,Ref 1,22.750,48388,29024808.0,7.5887643,2192849.5,391.2838546,IT=11;11 ,ii
1916,Ref 1,25.828,50428,26121682.0,7.5928914,1904781.4,391.283889,IT=13;13 ,ii
1917,Ref 1,25.072,52200,28314660.0,7.5969726,2196650.0,391.283945,IT=13;13 ,ii
1918,Ref 1,30.200,55016,27749540.0,7.600981,2088997.8,391.2840096,IT=15;15 ,ii
1919,Ref 1,25.058,50832,25204428.0,7.6050184,1776976.9,391.2839234,IT=13;13 ,ii
1920,Ref 1,24.671,51948,26546984.0,7.6091038,2065702.4,391.2838452,IT=12;12 ,ii
1921,Ref 1,18.975,43964,27241974.0,7.6130954,2129054.2,391.2839141,IT=9.5;9.5 ,ii
1922,Ref 1,33.485,57112,26200950.0,7.6173954,1920482.6,391.2840316,IT=17;17 ,ii
1923,Ref 1,27.503,51512,26714066.0,7.6212621,2011084.6,391.2838959,IT=14;14 ,ii
1924,Ref 1,21.941,49112,28680600.0,7.6252724,2222574.0,391.2838768,IT=11;11 ,ii
1925,Ref 1,26.035,48188,26620004.0,7.629414,1971780.1,391.2838868,IT=13;13 ,ii
1926,Ref 1,23.848,49316,26709422.0,7.6334703,2085304.0,391.2838297,IT=12;12 ,ii
1927,Ref 1,20.232,46532,28842632.0,7.6373265,2344451.8,391.2837871,IT=10;10 ,ii
1928,Ref 1,22.106,50552,28193164.0,7.6414328,2150828.0,391.2838618,IT=11;11 ,ii
1929,Ref 1,22.952,50764,28380280.0,7.6455285,2202697.5,391.2839101,IT=11;11 ,ii
1930,Ref 1,24.963,50660,29006170.0,7.6496327,2130487.5,391.2839903,IT=12;12 ,ii
1931,Ref 1,23.548,47016,26578590.0,7.6535368,1905171.6,391.2840263,IT=12;12 ,ii
1933,Ref 1,29.605,52548,24332882.0,7.6577889,1801640.1,391.2839656,IT=15;15 ,ii
1934,Ref 1,21.276,48532,30291598.0,7.661768,2510393.2,391.2838394,IT=11;11 ,ii
1935,Ref 1,21.269,47392,26942886.0,7.6658409,2070602.9,391.2838978,IT=11;11 ,ii
1936,Ref 1,23.524,48560,29017278.0,7.6697804,2240677.0,391.2838507,IT=12;12 ,ii
1937,Ref 1,32.830,56196,26979314.0,7.67402,2002840.5,391.2841384,IT=16;16 ,ii
1939,Ref 1,19.387,45464,27154340.0,7.6781262,2107029.5,391.2839296,IT=9.7;9.7 ,ii
1940,Ref 1,28.243,52884,26000866.0,7.6823387,2000492.1,391.2838982,IT=14;14 ,ii
1941,Ref 1,23.745,51540,28437226.0,7.6861991,2264501.8,391.2838667,IT=12;12 ,ii
1942,Ref 1,16.287,42876,28050916.0,7.6901658,2202777.2,391.2838892,IT=8.1;8.1 ,ii
1943,Ref 1,33.492,55128,25511734.0,7.694497,1886511.9,391.284013,IT=17;17 ,ii
1944,Ref 1,20.860,47816,28219346.0,7.6984199,2211475.5,391.2838653,IT=10;10 ,ii
1945,Ref 1,24.203,47908,24886206.0,7.7025489,1819800.9,391.2838563,IT=12;12 ,ii
1946,Ref 1,24.611,49164,26236734.0,7.706474,1948299.1,391.2838313,IT=12;12 ,ii
1947,Ref 1,27.762,55124,28537206.0,7.7106198,2159839.8,391.2839214,IT=14;14 ,ii
1948,Ref 1,23.194,46812,27533228.0,7.7146427,2260794.8,391.2839975,IT=12;12 ,ii
1950,Ref 1,22.385,48920,28137772.0,7.7189447,2084981.4,391.2839349,IT=11;11 ,ii
1951,Ref 1,16.571,42336,27336608.0,7.7227635,2187910.5,391.2840002,IT=8.3;8.3 ,ii
1952,Ref 1,24.225,48776,27786988.0,7.7269384,2264802.5,391.2840687,IT=12;12 ,ii
1954,Ref 1,23.443,48520,24331340.0,7.7310904,1814981.0,391.2839325,IT=12;12 ,ii
1955,Ref 1,21.027,47868,26229088.0,7.7351342,2049732.8,391.2840261,IT=11;11 ,ii
1956,Ref 1,21.145,45580,28509482.0,7.7390384,2340776.2,391.2839754,IT=11;11 ,ii
1957,Ref 1,23.230,47476,26358356.0,7.7431425,2029980.1,391.2839855,IT=12;12 ,ii
1958,Ref 1,24.311,50352,25687758.0,7.7472403,1857772.4,391.2839814,IT=12;12 ,ii
1959,Ref 1,21.633,49572,30163426.0,7.7512778,2282682.2,391.2838924,IT=11;11 ,ii
1960,Ref 1,23.790,48764,25248582.0,7.7552216,1809565.5,391.283945,IT=12;12 ,ii
1961,Ref 1,30.271,53528,26554066.0,7.7594111,2041769.1,391.2839998,IT=15;15 ,ii
1962,Ref 1,22.274,49008,29580710.0,7.7633923,2317171.5,391.2838397,IT=11;11 ,ii
1963,Ref 1,29.973,57412,27611770.0,7.7676027,1957788.1,391.2839082,IT=15;15 ,ii
1964,Ref 1,19.382,45888,28514562.0,7.7713715,2161125.2,391.2838571,IT=9.7;9.7 ,ii
1965,Ref 1,26.631,55188,30577022.0,7.7755569,2440342.5,391.2838246,IT=13;13 ,ii
1966,Ref 1,32.021,55368,27986944.0,7.7797422,1999452.6,391.2838732,IT=16;16 ,ii
1967,Ref 1,19.498,45636,28159868.0,7.7836652,2245884.5,391.2838156,IT=9.7;9.7 ,ii
1968,Ref 1,28.140,55536,29656822.0,7.7877234,2206275.0,391.2839037,IT=14;14 ,ii
1969,Ref 1,18.070,45092,30549934.0,7.7916609,2305810.2,391.2837467,IT=9;9 ,ii
1970,Ref 1,38.433,58180,26210520.0,7.7960567,1992460.0,391.2840979,IT=19;19 ,ii
1971,Ref 1,25.703,50368,28314418.0,7.8000004,2242605.8,391.2838653,IT=13;13 ,ii
1972,Ref 1,23.202,51192,28993714.0,7.8040566,2026625.2,391.2837681,IT=12;12 ,ii
1973,Ref 1,24.955,51128,28995530.0,7.8079921,2172408.5,391.2838661,IT=12;12 ,ii
1974,Ref 1,23.029,49212,28767206.0,7.8120545,2201636.5,391.2838232,IT=12;12 ,ii
1975,Ref 1,23.568,51468,30252126.0,7.8161378,2250501.5,391.2838063,IT=12;12 ,ii
1976,Ref 1,22.677,47644,25777212.0,7.8202107,1917136.4,391.2839342,IT=11;11 ,ii
1977,Ref 1,21.441,48644,28211542.0,7.8240961,2183735.8,391.2838644,IT=11;11 ,ii
1978,Ref 1,26.759,54664,29899426.0,7.828269,2208300.2,391.2839005,IT=13;13 ,ii
1979,Ref 1,30.065,54456,27850508.0,7.8324106,1968087.4,391.2839353,IT=15;15 ,ii
1980,Ref 1,23.174,49324,29139860.0,7.836421,2305088.5,391.2838481,IT=12;12 ,ii
1981,Ref 1,24.965,52324,27737890.0,7.8405335,2136100.2,391.2839487,IT=12;12 ,ii
1982,Ref 1,27.899,51904,26353588.0,7.844673,2024852.5,391.2838842,IT=14;14 ,ii
1983,Ref 1,27.596,51952,26994536.0,7.8487751,2172406.5,391.2838641,IT=14;14 ,ii
1984,Ref 1,22.578,48596,28871370.0,7.8528001,2291765.0,391.2838054,IT=11;11 ,ii
1985,Ref 1,34.562,58720,25628460.0,7.8569125,1823820.2,391.2837985,IT=17;17 ,ii
1986,Ref 1,28.225,51944,27507614.0,7.8609542,2091109.2,391.2838563,IT=14;14 ,ii
1987,Ref 1,20.971,48956,29105542.0,7.8649437,2330891.2,391.2837627,IT=10;10 ,ii
1988,Ref 1,17.912,35720,20867552.0,7.8689645,1567710.1,391.2839534,IT=9;9 ,ii
1989,Ref 1,33.555,58100,26561058.0,7.8731165,1968527.0,391.283943,IT=17;17 ,ii
1990,Ref 1,21.432,49476,30714572.0,7.877052,2390491.8,391.2837676,IT=11;11 ,ii
1991,Ref 1,18.002,41432,24609318.0,7.8810728,1891445.0,391.2839453,IT=9;9 ,ii
1992,Ref 1,18.148,43372,28078232.0,7.8851269,2166254.0,391.2837806,IT=9.1;9.1 ,ii
1993,Ref 1,23.603,49796,28912258.0,7.8892685,2265010.2,391.2839168,IT=12;12 ,ii
1994,Ref 1,23.562,49536,27462436.0,7.8931831,1970738.8,391.2838935,IT=12;12 ,ii
1995,Ref 1,19.233,41628,26520034.0,7.8971977,2209633.2,391.2839905,IT=9.6;9.6 ,ii
1997,Ref 1,25.567,51892,27863382.0,7.9013997,2024582.0,391.2839323,IT=13;13 ,ii
1998,Ref 1,21.844,49692,27025870.0,7.9054393,2003312.1,391.2837791,IT=11;11 ,ii
1999,Ref 1,23.369,49460,26700916.0,7.9093747,2012036.2,391.283837,IT=12;12 ,ii
2000,Ref 1,30.655,55480,28408880.0,7.913583,2082580.1,391.2839206,IT=15;15 ,ii
2001,Ref 1,21.208,48476,28441228.0,7.9175454,2025614.5,391.2837935,IT=11;11 ,ii
2002,Ref 1,36.459,60380,26843272.0,7.9218683,1993076.2,391.2840653,IT=18;18 ,ii
2003,Ref 1,25.216,51628,28389512.0,7.92566,2096248.4,391.2839813,IT=13;13 ,ii
2004,Ref 1,26.883,51520,26352506.0,7.9297808,1902144.6,391.2839591,IT=13;13 ,ii
2005,Ref 1,17.856,44604,27002652.0,7.9337307,1994052.1,391.2838857,IT=8.9;8.9 ,ii
2006,Ref 1,28.270,54952,28585366.0,7.9379599,2136496.2,391.2839488,IT=14;14 ,ii
2007,Ref 1,24.167,52396,28477058.0,7.9418349,2075271.6,391.2838163,IT=12;12 ,ii
2008,Ref 1,20.552,46408,26938572.0,7.9458599,2107910.5,391.2838243,IT=10;10 ,ii
2009,Ref 1,26.504,52048,28267018.0,7.9500244,2231705.5,391.2837698,IT=13;13 ,ii
2010,Ref 1,18.785,46732,30825170.0,7.9539911,2428233.2,391.2837535,IT=9.4;9.4 ,ii
2011,Ref 1,33.859,57080,26135958.0,7.9581348,1915740.5,391.2839537,IT=17;17 ,ii
2012,Ref 1,23.308,49336,27640840.0,7.9620952,2190000.5,391.2838846,IT=12;12 ,ii
2013,Ref 1,24.820,51188,28849890.0,7.9662014,2037817.8,391.2838219,IT=12;12 ,ii
2014,Ref 1,17.580,42632,26072602.0,7.970166,1978959.0,391.2839494,IT=8.8;8.8 ,ii
2015,Ref 1,50.000,62820,24908362.0,7.9745971,1846608.6,391.2841661,IT=25;25 ,ii
2016,Ref 1,20.374,48040,27302732.0,7.9782721,2137633.0,391.2839207,IT=10;10 ,ii
2018,Ref 1,19.429,46124,27519176.0,7.9823638,2043073.8,391.2838237,IT=9.7;9.7 ,ii
2019,Ref 1,17.391,43092,28405792.0,7.986395,2369232.0,391.2838478,IT=8.7;8.7 ,ii
2020,Ref 1,23.356,50288,29541078.0,7.9905449,2150437.8,391.2836399,IT=12;12 ,ii
2021,Ref 1,28.121,55516,29036736.0,7.9945367,2186560.2,391.283858,IT=14;14 ,ii
2022,Ref 1,32.647,55340,26064800.0,7.9987241,1902904.0,391.2840346,IT=16;16 ,ii
2023,Ref 1,23.210,52360,31386288.0,8.002697,2338987.5,391.2838406,IT=12;12 ,ii
2024,Ref 1,25.356,53156,27862998.0,8.0068177,2020995.5,391.2838992,IT=13;13 ,ii
2025,Ref 1,21.139,48436,26429498.0,8.010672,1985905.6,391.2838831,IT=11;11 ,ii
2026,Ref 1,17.729,47180,30975748.0,8.0146886,2279626.5,391.2838808,IT=8.9;8.9 ,ii
2027,Ref 1,13.166,38788,28263972.0,8.0186636,2140970.8,391.2839416,IT=6.6;6.6 ,ii
2029,Ref 1,21.543,51436,31341914.0,8.0246447,2349857.5,391.283842,IT=11;11 ,ii
2030,Ref 1,18.911,46244,29714850.0,8.028676,2299902.8,391.2837324,IT=9.5;9.5 ,ii
2031,Ref 1,22.032,51528,29759180.0,8.032626,2240066.0,391.2837884,IT=11;11 ,ii
2032,Ref 1,24.416,48764,27597016.0,8.0367551,2178512.0,391.2837158,IT=12;12 ,ii
2033,Ref 1,21.033,47592,28878760.0,8.040803,2205537.0,391.2836702,IT=11;11 ,ii
2034,Ref 1,24.221,49444,25048974.0,8.0449363,1790458.8,391.2837702,IT=12;12 ,ii
2035,Ref 1,18.286,46152,30640390.0,8.0487696,2487280.0,391.2836984,IT=9.1;9.1 ,ii
2036,Ref 1,34.375,57416,26683588.0,8.0531071,2032214.6,391.2839819,IT=17;17 ,ii
2038,Ref 1,29.877,55244,26366982.0,8.0573612,1904527.2,391.2838978,IT=15;15 ,ii
2040,Ref 1,25.012,51600,27980136.0,8.061582,2130056.2,391.2838477,IT=13;13 ,ii
2041,Ref 1,27.567,52820,27436906.0,8.0657153,2011162.6,391.2838492,IT=14;14 ,ii
2042,Ref 1,20.493,47660,29061608.0,8.0695466,2195459.5,391.2837923,IT=10;10 ,ii
2044,Ref 1,22.047,47016,26949386.0,8.0736695,2128458.2,391.2837172,IT=11;11 ,ii
2045,Ref 1,20.287,44224,28263144.0,8.0777381,2379463.8,391.2836711,IT=10;10 ,ii
2046,Ref 1,23.646,47812,25712286.0,8.081859,1891979.4,391.2837156,IT=12;12 ,ii
2047,Ref 1,30.311,53104,27336142.0,8.0858819,2037539.4,391.2839128,IT=15;15 ,ii
2048,Ref 1,20.762,45472,26711162.0,8.0898443,2094308.6,391.2838095,IT=10;10 ,ii
2049,Ref 1,24.672,49192,25312920.0,8.0939797,1833379.4,391.2838403,IT=12;12 ,ii
2050,Ref 1,26.123,48488,24675452.0,8.0981068,1874689.5,391.283926,IT=13;13 ,ii
2051,Ref 1,21.780,45432,24206612.0,8.1019714,1788068.4,391.283888,IT=11;11 ,ii
2052,Ref 1,19.952,45540,26967788.0,8.1060255,1950557.5,391.2838014,IT=10;10 ,ii
2053,Ref 1,33.476,56960,26753636.0,8.1103212,1937727.2,391.2839137,IT=17;17 ,ii
2054,Ref 1,21.423,48428,28626104.0,8.1142525,2198635.5,391.2837773,IT=11;11 ,ii
2055,Ref 1,28.277,54496,28244144.0,8.1182775,2078149.5,391.2838221,IT=14;14 ,ii
2056,Ref 1,21.734,48088,27017482.0,8.1222796,2087156.0,391.2837453,IT=11;11 ,ii
2057,Ref 1,24.991,51292,28899084.0,8.1264066,2119646.2,391.2837225,IT=12;12 ,ii
2058,Ref 1,26.233,50564,26091976.0,8.1305149,1922917.2,391.2837475,IT=13;13 ,ii
2059,Ref 1,23.708,52680,30040942.0,8.1344065,2238320.2,391.283723,IT=12;12 ,ii
2060,Ref 1,16.288,42244,31242388.0,8.1382003,2472132.0,391.2837321,IT=8.1;8.1 ,ii
2061,Ref 1,22.517,49284,28844012.0,8.1423481,2257179.5,391.2838332,IT=11;11 ,ii
2062,Ref 1,27.028,53416,28128602.0,8.1465002,2092716.6,391.2836894,IT=14;14 ,ii
2063,Ref 1,24.296,51104,28703226.0,8.150398,2189707.2,391.2838382,IT=12;12 ,ii
2064,Ref 1,28.538,53136,27877274.0,8.1545606,2040507.0,391.2838983,IT=14;14 ,ii
2065,Ref 1,24.447,48788,24791634.0,8.1586043,1797578.0,391.2838346,IT=12;12 ,ii
2066,Ref 1,23.310,51096,30004664.0,8.1626689,2265190.2,391.2837251,IT=12;12 ,ii
2067,Ref 1,25.436,53096,29041928.0,8.1667833,2247745.8,391.2837825,IT=13;13 ,ii
2068,Ref 1,22.744,49044,26007278.0,8.1706646,1895852.8,391.2837961,IT=11;11 ,ii
2069,Ref 1,20.371,47896,28596330.0,8.1747042,2120827.0,391.2837989,IT=10;10 ,ii
2071,Ref 1,20.705,48008,30050358.0,8.1788312,2419466.8,391.2837766,IT=10;10 ,ii
2073,Ref 1,23.236,47880,27811350.0,8.1832104,2118177.8,391.2837714,IT=12;12 ,ii
2074,Ref 1,18.578,46572,30353140.0,8.1870458,2422002.0,391.283754,IT=9.3;9.3 ,ii
2075,Ref 1,22.728,48932,27040886.0,8.191177,2133005.5,391.2837792,IT=11;11 ,ii
2076,Ref 1,25.017,49276,24277058.0,8.1952978,1769036.5,391.2838643,IT=13;13 ,ii
2077,Ref 1,26.847,51724,26727400.0,8.1994186,2100425.5,391.2838281,IT=13;13 ,ii
2078,Ref 1,22.382,50044,27717248.0,8.2032769,2156435.8,391.283706,IT=11;11 ,ii
2079,Ref 1,21.718,48216,28084958.0,8.2073457,2036021.8,391.2837087,IT=11;11 ,ii
2080,Ref 1,18.020,43532,27940002.0,8.2113581,2223865.2,391.2837124,IT=9;9 ,ii
2081,Ref 1,22.879,49972,30974810.0,8.2154956,2309202.0,391.2836861,IT=11;11 ,ii
2082,Ref 1,26.401,51592,28220622.0,8.2194644,2080025.4,391.2838397,IT=13;13 ,ii
2084,Ref 1,19.093,41660,25180814.0,8.2235643,1966872.0,391.2837594,IT=9.5;9.5 ,ii
2085,Ref 1,22.894,45444,25183820.0,8.2276892,2054127.1,391.2837813,IT=11;11 ,ii
2086,Ref 1,29.452,54700,28611230.0,8.2318767,2061754.8,391.2838591,IT=15;15 ,ii
2087,Ref 1,28.236,53028,27818760.0,8.235812,2022772.9,391.2838355,IT=14;14 ,ii
2088,Ref 1,24.214,49348,26533010.0,8.2398558,2023169.2,391.2836961,IT=12;12 ,ii
2089,Ref 1,24.905,49620,27470480.0,8.2439621,1979919.2,391.2837923,IT=12;12 ,ii
2090,Ref 1,23.530,46728,25161400.0,8.2480266,1968092.2,391.2837042,IT=12;12 ,ii
2091,Ref 1,22.819,48508,27675628.0,8.2520953,2146494.5,391.2837273,IT=11;11 ,ii
2092,Ref 1,17.323,44256,29629392.0,8.2559183,2213075.0,391.2837278,IT=8.7;8.7 ,ii
2093,Ref 1,43.595,63504,25610336.0,8.2604036,1852974.9,391.2840319,IT=22;22 ,ii
2094,Ref 1,20.208,46228,26739668.0,8.2641827,2164762.0,391.2837733,IT=10;10 ,ii
2095,Ref 1,19.330,46536,28433642.0,8.2682452,2145649.2,391.2837243,IT=9.7;9.7 ,ii
2096,Ref 1,36.108,56628,25530228.0,8.2724203,1863453.9,391.2839366,IT=18;18 ,ii
2097,Ref 1,24.157,52424,28549978.0,8.2763744,2194271.0,391.2837671,IT=12;12 ,ii
2098,Ref 1,20.751,48040,27707712.0,8.2804076,2133179.0,391.283758,IT=10;10 ,ii
2099,Ref 1,26.348,55776,28458204.0,8.2845659,2024351.1,391.2837829,IT=13;13 ,ii
2100,Ref 1,24.223,49556,26890070.0,8.2884639,2019132.8,391.2837943,IT=12;12 ,ii
2101,Ref 1,24.599,51064,27695884.0,8.2925597,2052587.5,391.2837626,IT=12;12 ,ii
2102,Ref 1,24.932,49004,24849310.0,8.2966492,1777310.8,391.2838403,IT=12;12 ,ii
2103,Ref 1,19.440,43872,28772516.0,8.3006471,2277673.5,391.2837065,IT=9.7;9.7 ,ii
2104,Ref 1,30.319,53972,26890324.0,8.3047263,2061929.0,391.2838458,IT=15;15 ,ii
2105,Ref 1,23.536,48928,25638430.0,8.308745,1901125.1,391.2837731,IT=12;12 ,ii
2106,Ref 1,18.927,47432,31164394.0,8.3127532,2281267.5,391.2837349,IT=9.5;9.5 ,ii
2107,Ref 1,23.209,49248,28060594.0,8.3168803,2056373.6,391.2837733,IT=12;12 ,ii
2108,Ref 1,19.338,44932,28683586.0,8.3207282,2181590.2,391.2837662,IT=9.7;9.7 ,ii
2109,Ref 1,15.164,40608,27656344.0,8.3247282,2218587.8,391.2838061,IT=7.6;7.6 ,ii
2110,Ref 1,23.445,49292,29030404.0,8.3288906,2212240.2,391.2837665,IT=12;12 ,ii
2111,Ref 1,22.730,46772,27621690.0,8.3329594,2043433.8,391.2837188,IT=11;11 ,ii
2112,Ref 1,27.495,54320,26727372.0,8.3369531,1955536.8,391.2838773,IT=14;14 ,ii
2113,Ref 1,18.356,46032,29918858.0,8.3409093,2207407.2,391.283794,IT=9.2;9.2 ,ii
2114,Ref 1,30.691,53044,24672878.0,8.3451676,1752174.9,391.2838813,IT=15;15 ,ii
2115,Ref 1,15.859,39940,26448032.0,8.3490405,2029410.0,391.2838629,IT=7.9;7.9 ,ii
2116,Ref 1,34.369,57764,27562214.0,8.3532279,2067793.4,391.2838661,IT=17;17 ,ii
2117,Ref 1,23.151,50376,28260210.0,8.3570113,2112804.0,391.2838523,IT=12;12 ,ii
2118,Ref 1,18.157,40716,25252936.0,8.3610133,2031489.5,391.2838093,IT=9.1;9.1 ,ii
2119,Ref 1,16.334,41324,29119188.0,8.3650342,2306588.5,391.2838318,IT=8.2;8.2 ,ii
2120,Ref 1,17.190,41948,28343414.0,8.3689259,2264881.2,391.2837227,IT=8.6;8.6 ,ii
2121,Ref 1,26.391,51444,26961726.0,8.3731258,2054198.1,391.2838252,IT=13;13 ,ii
2122,Ref 1,22.084,48456,29651604.0,8.3771466,2263888.2,391.283813,IT=11;11 ,ii
2123,Ref 1,20.059,46172,27395174.0,8.3811924,2045884.5,391.2838067,IT=10;10 ,ii
2124,Ref 1,25.881,53036,27538930.0,8.3853527,2069059.4,391.2838245,IT=13;13 ,ii
2125,Ref 1,29.918,51240,27300962.0,8.3893528,2085086.6,391.2839425,IT=15;15 ,ii
2126,Ref 1,22.556,50456,28411150.0,8.3933527,2110618.2,391.2837995,IT=11;11 ,ii
2127,Ref 1,26.015,50300,25940476.0,8.3974922,2002465.4,391.2838674,IT=13;13 ,ii
2128,Ref 1,26.092,52728,28851018.0,8.4015901,2183737.2,391.2838869,IT=13;13 ,ii
2129,Ref 1,18.509,45780,28987454.0,8.4053923,2168452.0,391.2838738,IT=9.3;9.3 ,ii
2131,Ref 1,20.901,47716,29823010.0,8.4095214,2292452.8,391.2838067,IT=10;10 ,ii
2132,Ref 1,16.884,40328,25622438.0,8.4135317,2111665.0,391.2838296,IT=8.4;8.4 ,ii
2133,Ref 1,22.117,45632,27201686.0,8.4176567,2102606.0,391.2838878,IT=11;11 ,ii
2134,Ref 1,28.959,53152,26456192.0,8.4216818,1907205.5,391.2839131,IT=14;14 ,ii
2135,Ref 1,29.232,52624,27182610.0,8.4257983,2067141.2,391.283871,IT=15;15 ,ii
2136,Ref 1,24.850,51032,28150554.0,8.4298399,2154218.5,391.2838769,IT=12;12 ,ii
2137,Ref 1,17.517,44140,28817398.0,8.4338087,2168146.0,391.2838166,IT=8.8;8.8 ,ii
2138,Ref 1,28.874,50580,24488118.0,8.4378816,1865123.2,391.2837896,IT=14;14 ,ii
2139,Ref 1,23.875,50884,28079378.0,8.4419087,2146950.8,391.2838015,IT=12;12 ,ii
2140,Ref 1,40.042,59612,23892750.0,8.4462627,1690009.0,391.2840411,IT=20;20 ,ii
2141,Ref 1,22.010,44612,24076634.0,8.4501274,1876936.0,391.2838644,IT=11;11 ,ii
2142,Ref 1,20.512,48196,30507002.0,8.4540149,2428907.0,391.283768,IT=10;10 ,ii
2143,Ref 1,18.276,41272,26385708.0,8.4580482,2012903.6,391.283804,IT=9.1;9.1 ,ii
2144,Ref 1,20.709,46288,27128730.0,8.462146,2119119.5,391.2838168,IT=10;10 ,ii
2145,Ref 1,24.913,49984,28837476.0,8.4662814,2203449.8,391.2837748,IT=12;12 ,ii
2146,Ref 1,21.372,47900,28487748.0,8.4701418,2085397.0,391.2837236,IT=11;11 ,ii
2147,Ref 1,43.521,61820,24076172.0,8.4745876,1735679.1,391.2840212,IT=22;22 ,ii
2148,Ref 1,23.221,47996,28270674.0,8.4784209,2216146.2,391.2837199,IT=12;12 ,ii
2149,Ref 1,25.438,50224,25194834.0,8.4825397,1883296.0,391.2838317,IT=13;13 ,ii
2151,Ref 1,21.624,50100,30135538.0,8.4868479,2165747.2,391.2837514,IT=11;11 ,ii
2152,Ref 1,23.828,49656,28427912.0,8.4907938,2172351.0,391.2838105,IT=12;12 ,ii
2153,Ref 1,24.578,53680,28648370.0,8.4948979,2024447.9,391.2838002,IT=12;12 ,ii
2154,Ref 1,17.386,40224,23856422.0,8.4988686,1814260.9,391.2838404,IT=8.7;8.7 ,ii
2155,Ref 1,16.679,44016,29946516.0,8.5029082,2470606.8,391.2837083,IT=8.3;8.3 ,ii
2156,Ref 1,25.802,49032,26667022.0,8.507102,2097586.5,391.2837838,IT=13;13 ,ii
2157,Ref 1,26.487,50356,25861422.0,8.5112061,1896223.9,391.28383,IT=13;13 ,ii
2158,Ref 1,26.380,51380,28607216.0,8.5153019,2230963.5,391.283815,IT=13;13 ,ii
2159,Ref 1,29.648,54408,27666194.0,8.519454,2110067.0,391.2838974,IT=15;15 ,ii
2160,Ref 1,30.469,51148,25205032.0,8.5234123,1899170.8,391.2839587,IT=15;15 ,ii
2161,Ref 1,23.008,51248,28310218.0,8.5274123,2028355.5,391.2838092,IT=12;12 ,ii
2162,Ref 1,24.522,48944,26921824.0,8.5315184,2037589.9,391.2837826,IT=12;12 ,ii
2163,Ref 1,27.496,52292,26576566.0,8.5356518,1932424.5,391.283842,IT=14;14 ,ii
2164,Ref 1,25.414,50324,26651672.0,8.5395539,2014521.6,391.2839159,IT=13;13 ,ii
2165,Ref 1,24.511,49836,27923498.0,8.5436372,2145985.5,391.2837838,IT=12;12 ,ii
2166,Ref 1,34.102,55908,25313546.0,8.5478808,1826521.6,391.2839577,IT=17;17 ,ii
2167,Ref 1,25.540,49448,25867330.0,8.5518767,2096878.4,391.2838246,IT=13;13 ,ii
2168,Ref 1,25.193,52356,29377022.0,8.5557995,2270837.8,391.2839659,IT=13;13 ,ii
2170,Ref 1,18.457,44900,26536536.0,8.559885,1995742.5,391.2840357,IT=9.2;9.2 ,ii
2172,Ref 1,20.295,47132,27636486.0,8.5640474,2119390.0,391.2838994,IT=10;10 ,ii
2173,Ref 1,21.840,47040,29093648.0,8.5681411,2354100.5,391.2838693,IT=11;11 ,ii
2174,Ref 1,20.854,45580,27310686.0,8.5721952,1978044.0,391.2838846,IT=10;10 ,ii
2175,Ref 1,26.962,53232,27428724.0,8.5761953,2051037.8,391.2840906,IT=13;13 ,ii
2177,Ref 1,24.349,48084,26485076.0,8.5803932,2002803.6,391.2839572,IT=12;12 ,ii
2178,Ref 1,32.070,58172,28098668.0,8.5846139,1974990.2,391.2839832,IT=16;16 ,ii
2179,Ref 1,25.156,49636,27691176.0,8.5886306,2120849.2,391.283954,IT=13;13 ,ii
2180,Ref 1,25.170,51200,28662660.0,8.5925556,2143093.0,391.2839463,IT=13;13 ,ii
2181,Ref 1,16.510,40732,26259910.0,8.5965077,2056838.4,391.2837072,IT=8.3;8.3 ,ii
2182,Ref 1,41.365,60852,25605676.0,8.6009617,1920542.9,391.2841187,IT=21;21 ,ii
2183,Ref 1,24.566,51512,29160148.0,8.6048513,2143217.0,391.2838233,IT=12;12 ,ii
2184,Ref 1,28.018,54944,27651806.0,8.6088305,2148914.0,391.283804,IT=14;14 ,ii
2185,Ref 1,17.052,45024,30234394.0,8.6127576,2391731.2,391.2838132,IT=8.5;8.5 ,ii
2186,Ref 1,26.933,53648,29708342.0,8.6169658,2284780.5,391.2838556,IT=13;13 ,ii
2187,Ref 1,24.022,51540,28137888.0,8.6210179,2040317.6,391.2837641,IT=12;12 ,ii
2188,Ref 1,30.144,54444,27645474.0,8.6250387,2037146.6,391.2837949,IT=15;15 ,ii
2189,Ref 1,22.759,47312,28036460.0,8.6290428,2163560.8,391.2837323,IT=11;11 ,ii
2190,Ref 1,21.072,46212,26195896.0,8.6330949,2057041.4,391.2837706,IT=11;11 ,ii
2191,Ref 1,33.722,58380,27360512.0,8.6373699,2016476.8,391.2838197,IT=17;17 ,ii
2192,Ref 1,16.741,42184,29265186.0,8.6410553,2581576.0,391.2836786,IT=8.4;8.4 ,ii
2193,Ref 1,21.746,50248,30122060.0,8.6451865,2308047.2,391.2836825,IT=11;11 ,ii
2194,Ref 1,23.499,49740,26608800.0,8.6492864,2000404.5,391.2837122,IT=12;12 ,ii
2195,Ref 1,28.517,52948,27068162.0,8.6534489,2099445.2,391.2838113,IT=14;14 ,ii
2196,Ref 1,22.260,49404,28549806.0,8.6574509,2173903.0,391.2837469,IT=11;11 ,ii
2197,Ref 1,17.984,39904,24904480.0,8.661303,1946227.4,391.2838427,IT=9;9 ,ii
2198,Ref 1,19.931,43796,25994906.0,8.6653822,2113850.8,391.2838206,IT=10;10 ,ii
2199,Ref 1,22.451,48484,29071334.0,8.6694925,2398381.5,391.2837465,IT=11;11 ,ii
2200,Ref 1,27.909,47784,22881422.0,8.6736571,1728423.1,391.2838103,IT=14;14 ,ii
2201,Ref 1,25.235,49228,25274790.0,8.6775571,1956155.2,391.2837764,IT=13;13 ,ii
2202,Ref 1,27.651,49356,25688026.0,8.6816967,2057024.0,391.2839096,IT=14;14 ,ii
2204,Ref 1,25.566,47792,25214584.0,8.6859007,1899520.9,391.2837196,IT=13;13 ,ii
2205,Ref 1,21.439,47596,29843442.0,8.6899278,2295977.2,391.2837706,IT=11;11 ,ii
2206,Ref 1,22.598,49196,31387870.0,8.6938528,2444023.8,391.28373,IT=11;11 ,ii
2207,Ref 1,45.598,63076,24402570.0,8.6983174,1729906.8,391.2840371,IT=23;23 ,ii
2208,Ref 1,20.426,47100,28654632.0,8.7020694,2213804.2,391.283759,IT=10;10 ,ii
2209,Ref 1,18.099,43108,28984738.0,8.7060964,2327959.2,391.2838152,IT=9;9 ,ii
2210,Ref 1,37.070,59620,25434718.0,8.7102965,1798276.0,391.2839826,IT=19;19 ,ii
2211,Ref 1,23.648,46948,25488212.0,8.7142319,1986526.9,391.2838321,IT=12;12 ,ii
2212,Ref 1,24.854,46024,24693914.0,8.7183401,1943875.6,391.2839122,IT=12;12 ,ii
2213,Ref 1,18.414,42680,26446150.0,8.7223151,1942651.0,391.2840432,IT=9.2;9.2 ,ii
2215,Ref 1,26.653,52628,25452862.0,8.7265213,1875280.0,391.2839463,IT=13;13 ,ii
2216,Ref 1,22.458,46468,26363660.0,8.7305526,2061593.0,391.2840039,IT=11;11 ,ii
2217,Ref 1,20.014,44848,27399206.0,8.7345921,2141328.5,391.2838343,IT=10;10 ,ii
2218,Ref 1,33.579,54244,25082102.0,8.7388858,1893896.9,391.2839789,IT=17;17 ,ii
2219,Ref 1,24.736,51596,28542468.0,8.7428712,2062842.0,391.2838182,IT=12;12 ,ii
2220,Ref 1,23.484,46132,27050978.0,8.7467754,1987671.5,391.2839176,IT=12;12 ,ii
2221,Ref 1,16.295,40520,26964410.0,8.750742,2173980.2,391.2839741,IT=8.1;8.1 ,ii
2222,Ref 1,15.381,41112,29958240.0,8.7547712,2490505.2,391.283924,IT=7.7;7.7 ,ii
2223,Ref 1,24.675,50832,28541212.0,8.7589586,2159734.0,391.2839144,IT=12;12 ,ii
2224,Ref 1,18.271,40940,23914920.0,8.7627711,1757546.6,391.2838975,IT=9.1;9.1 ,ii
2225,Ref 1,34.999,57220,26988134.0,8.7671086,2048503.8,391.2839399,IT=17;17 ,ii
2226,Ref 1,17.810,42444,28465486.0,8.7709627,2339638.5,391.2838098,IT=8.9;8.9 ,ii
2227,Ref 1,25.478,51056,25550974.0,8.7751439,1943127.0,391.2838533,IT=13;13 ,ii
2228,Ref 1,25.987,49248,28543004.0,8.7790752,2159876.2,391.2837629,IT=13;13 ,ii
2229,Ref 1,21.940,46924,26907628.0,8.7831064,2110483.0,391.2838267,IT=11;11 ,ii
2230,Ref 1,37.871,56072,24903264.0,8.7874438,1834503.9,391.2839928,IT=19;19 ,ii
2231,Ref 1,24.713,49536,25859752.0,8.7913834,2121406.0,391.2838178,IT=12;12 ,ii
2232,Ref 1,24.645,49868,28136180.0,8.7953084,2216970.8,391.2838218,IT=12;12 ,ii
2233,Ref 1,23.234,46092,25380370.0,8.7993751,2006599.1,391.2837884,IT=12;12 ,ii
2234,Ref 1,24.889,48068,28462464.0,8.8034812,2181399.5,391.2837703,IT=12;12 ,ii
2235,Ref 1,21.336,47796,28581260.0,8.8075083,2278490.5,391.2837794,IT=11;11 ,ii
2236,Ref 1,26.287,50676,25981206.0,8.8116646,1955782.0,391.2838087,IT=13;13 ,ii
2237,Ref 1,26.477,48628,24026092.0,8.8157645,1806109.8,391.2838077,IT=13;13 ,ii
2238,Ref 1,20.198,40152,24845672.0,8.8197582,2080442.6,391.2838362,IT=10;10 ,ii
2239,Ref 1,38.016,57848,25240590.0,8.8241206,1803230.4,391.2839577,IT=19;19 ,ii
2240,Ref 1,22.894,47656,27555940.0,8.827856,2202376.2,391.2838517,IT=11;11 ,ii
2241,Ref 1,23.576,47176,26152828.0,8.8319456,2079801.2,391.2838108,IT=12;12 ,ii
2242,Ref 1,24.739,46628,24988704.0,8.8360497,1892013.5,391.2838498,IT=12;12 ,ii
2243,Ref 1,32.257,55012,26766276.0,8.8402559,2012053.1,391.2838419,IT=16;16 ,ii
2244,Ref 1,23.371,47380,27678450.0,8.8442393,2257840.2,391.2837636,IT=12;12 ,ii
2245,Ref 1,25.537,49844,26173174.0,8.8481935,2048284.0,391.2838235,IT=13;13 ,ii
2246,Ref 1,23.130,47432,26484230.0,8.8522497,2208245.0,391.2837779,IT=12;12 ,ii
2247,Ref 1,26.365,49836,26052396.0,8.8563933,1965040.0,391.2837574,IT=13;13 ,ii
2248,Ref 1,26.035,50036,26906400.0,8.8604746,1986329.2,391.2837515,IT=13;13 ,ii
2249,Ref 1,28.427,50408,25650516.0,8.8644496,2036973.6,391.2837687,IT=14;14 ,ii
2250,Ref 1,31.323,54984,27138556.0,8.8686058,2074282.5,391.283786,IT=16;16 ,ii
2251,Ref 1,24.741,51016,27973882.0,8.8726245,2168996.8,391.283715,IT=12;12 ,ii
2252,Ref 1,50.000,61888,24118036.0,8.877137,1831748.6,391.2840445,IT=25;25 ,ii
2253,Ref 1,20.878,46700,29868000.0,8.8806474,2491073.8,391.2837666,IT=10;10 ,ii
2254,Ref 1,22.021,46056,26571730.0,8.8847391,2108961.0,391.2836912,IT=11;11 ,ii
2255,Ref 1,20.340,45128,26281722.0,8.8887827,2199546.2,391.2837283,IT=10;10 ,ii
2256,Ref 1,19.501,41948,27313144.0,8.892839,2270465.5,391.2837963,IT=9.8;9.8 ,ii
2257,Ref 1,31.176,53044,26522800.0,8.8970973,1973010.0,391.2838629,IT=16;16 ,ii
2258,Ref 1,25.788,48668,25382616.0,8.9011306,2022242.8,391.283781,IT=13;13 ,ii
2259,Ref 1,20.649,47936,27501856.0,8.905141,2147644.0,391.2837522,IT=10;10 ,ii
2260,Ref 1,17.189,41316,28224684.0,8.9091493,2339255.5,391.283807,IT=8.6;8.6 ,ii
2262,Ref 1,27.791,51096,26826898.0,8.913545,2130888.8,391.283809,IT=14;14 ,ii
2263,Ref 1,21.153,44160,25876838.0,8.9173763,2131015.5,391.2837523,IT=11;11 ,ii
2264,Ref 1,16.193,39952,26540416.0,8.9213659,2261733.8,391.2838526,IT=8.1;8.1 ,ii
2265,Ref 1,33.088,52096,24077052.0,8.9256887,1875607.9,391.2838851,IT=17;17 ,ii
2266,Ref 1,22.950,50396,28007756.0,8.9296553,2224829.0,391.2837189,IT=11;11 ,ii
2267,Ref 1,27.589,51580,27423498.0,8.9336429,2250529.0,391.2837963,IT=14;14 ,ii
2268,Ref 1,28.328,49504,23033748.0,8.9377699,1805737.5,391.2837787,IT=14;14 ,ii
2269,Ref 1,21.590,46936,27903380.0,8.9417636,2271353.2,391.2836701,IT=11;11 ,ii
2270,Ref 1,20.586,43324,25433374.0,8.9458199,2143475.0,391.2836944,IT=10;10 ,ii
2271,Ref 1,32.793,53824,24185848.0,8.949922,1851641.5,391.2839447,IT=16;16 ,ii
2272,Ref 1,22.472,49148,28186644.0,8.9538844,2356838.0,391.2837762,IT=11;11 ,ii
2273,Ref 1,19.996,43976,27995154.0,8.9579239,2272383.8,391.2837994,IT=10;10 ,ii
2274,Ref 1,29.881,51268,25618350.0,8.9621552,2031344.4,391.2838219,IT=15;15 ,ii
2275,Ref 1,22.363,46060,24413866.0,8.9659719,1991803.1,391.2837545,IT=11;11 ,ii
2276,Ref 1,23.352,49660,29571030.0,8.9700676,2438277.5,391.2837329,IT=12;12 ,ii
2277,Ref 1,35.489,56452,24038172.0,8.9743488,1825292.8,391.2839298,IT=18;18 ,ii
2278,Ref 1,27.286,51880,26535998.0,8.9783572,2124527.8,391.2837346,IT=14;14 ,ii
2279,Ref 1,24.635,50160,28160310.0,8.982253,2257034.0,391.2838264,IT=12;12 ,ii
2280,Ref 1,28.821,52912,25717002.0,8.9864155,1990100.4,391.2839146,IT=14;14 ,ii
2282,Ref 1,30.866,50800,24518486.0,8.9907112,1983253.5,391.2839011,IT=15;15 ,ii
2283,Ref 1,19.678,43888,28570928.0,8.9946487,2478256.2,391.2837583,IT=9.8;9.8 ,ii
2284,Ref 1,34.936,54396,24454026.0,8.9989695,1891664.9,391.2838752,IT=17;17 ,ii
2285,Ref 1,27.736,52840,25534828.0,9.0028195,2146427.2,391.2837706,IT=14;14 ,ii
2286,Ref 1,27.907,48744,24846716.0,9.0070174,2136441.0,391.2838724,IT=14;14 ,ii
2287,Ref 1,21.403,47796,26863374.0,9.0110194,2182648.0,391.2837511,IT=11;11 ,ii
2288,Ref 1,17.861,41316,27070696.0,9.015034,2261898.2,391.2838462,IT=8.9;8.9 ,ii
2289,Ref 1,17.698,37912,25043220.0,9.0189173,2291995.2,391.283856,IT=8.8;8.8 ,ii
2290,Ref 1,27.919,49848,25668810.0,9.023136,2090362.8,391.2838527,IT=14;14 ,ii
2291,Ref 1,29.146,49600,25583330.0,9.0272609,2132923.0,391.2838214,IT=15;15 ,ii
2292,Ref 1,24.290,46468,26284744.0,9.0312943,2076116.8,391.2837811,IT=12;12 ,ii
2293,Ref 1,23.175,46376,27057228.0,9.0351964,2216132.5,391.2837946,IT=12;12 ,ii
2294,Ref 1,24.504,47332,24002532.0,9.0392985,1965461.9,391.2839111,IT=12;12 ,ii
2296,Ref 1,22.688,45536,25947732.0,9.0434379,2341415.2,391.2838042,IT=11;11 ,ii
2297,Ref 1,25.437,46880,24439106.0,9.0475671,1989105.8,391.2838912,IT=13;13 ,ii
2298,Ref 1,26.827,51216,26746674.0,9.0515088,2261547.0,391.283876,IT=13;13 ,ii
2299,Ref 1,30.217,49052,24149788.0,9.0556692,1982306.1,391.2839127,IT=15;15 ,ii
2300,Ref 1,27.824,50884,26806574.0,9.0597441,2232751.0,391.2839148,IT=14;14 ,ii
2302,Ref 1,31.993,52736,25467290.0,9.0642065,2050893.4,391.2839436,IT=16;16 ,ii
2304,Ref 1,24.271,45568,25199118.0,9.0686024,2258925.5,391.2837646,IT=12;12 ,ii
2305,Ref 1,27.372,49048,26518510.0,9.0725795,2176915.2,391.2838045,IT=14;14 ,ii
2306,Ref 1,24.109,45148,23683850.0,9.0766294,1953403.4,391.2837964,IT=12;12 ,ii
2307,Ref 1,28.350,49304,24867606.0,9.0807856,2178414.2,391.2838714,IT=14;14 ,ii
2309,Ref 1,22.229,46444,25663152.0,9.0851023,1998532.4,391.2835249,IT=11;11 ,ii
2310,Ref 1,17.518,36828,22389836.0,9.0889356,1864807.4,391.2837688,IT=8.8;8.8 ,ii
2311,Ref 1,21.529,42068,25264616.0,9.0930648,2336547.8,391.2837018,IT=11;11 ,ii
2312,Ref 1,32.841,52972,24824620.0,9.0973209,1990453.9,391.2836953,IT=16;16 ,ii
2313,Ref 1,22.261,44252,24474106.0,9.1012813,2051914.8,391.2836986,IT=11;11 ,ii
2314,Ref 1,23.070,48756,28988650.0,9.105375,2502039.5,391.2836642,IT=12;12 ,ii
2315,Ref 1,23.012,42168,23189736.0,9.1092813,2076157.5,391.2837726,IT=12;12 ,ii
2316,Ref 1,23.594,46344,23109362.0,9.113375,1835334.5,391.2837853,IT=12;12 ,ii
2317,Ref 1,18.944,41660,26460750.0,9.1173833,2283370.0,391.2837921,IT=9.5;9.5 ,ii
2318,Ref 1,33.152,52908,25126718.0,9.1216812,2079274.8,391.2839408,IT=17;17 ,ii
2319,Ref 1,28.177,50848,25261266.0,9.1255604,2129941.8,391.2837655,IT=14;14 ,ii
2320,Ref 1,26.716,45480,22390168.0,9.1296457,1862083.8,391.283713,IT=13;13 ,ii
2321,Ref 1,25.381,47500,25918452.0,9.1337269,2256913.5,391.2837175,IT=13;13 ,ii
2322,Ref 1,37.505,56532,23592826.0,9.1380248,1844090.8,391.2839234,IT=19;19 ,ii
2323,Ref 1,21.868,42868,23020922.0,9.1419144,1929329.8,391.2837746,IT=11;11 ,ii
2324,Ref 1,31.512,50256,24134288.0,9.1461519,2129851.5,391.2838162,IT=16;16 ,ii
2325,Ref 1,20.223,42316,24809888.0,9.1500997,2158087.5,391.2837691,IT=10;10 ,ii
2326,Ref 1,20.848,44900,27469584.0,9.1541935,2244072.2,391.2837717,IT=10;10 ,ii
2327,Ref 1,30.411,51128,24825740.0,9.1582539,2148414.0,391.2836057,IT=15;15 ,ii
2328,Ref 1,27.890,50748,24226406.0,9.1623414,1955709.9,391.2837149,IT=14;14 ,ii
2329,Ref 1,27.172,47616,24442090.0,9.1664371,2102478.5,391.2837077,IT=14;14 ,ii
2330,Ref 1,30.293,51960,25752556.0,9.1705975,2158550.2,391.2838293,IT=15;15 ,ii
2331,Ref 1,18.379,40924,27545902.0,9.1745162,2436117.5,391.2836788,IT=9.2;9.2 ,ii
2332,Ref 1,38.788,54784,23411366.0,9.1787434,1919754.6,391.2840285,IT=19;19 ,ii
2334,Ref 1,24.500,49048,28038602.0,9.1829142,2369192.8,391.2837464,IT=12;12 ,ii
2336,Ref 1,22.066,42384,23621786.0,9.1871057,2006874.0,391.2837461,IT=11;11 ,ii
2337,Ref 1,34.934,52332,23161780.0,9.1913953,1931415.4,391.2838439,IT=17;17 ,ii
2338,Ref 1,25.719,49596,26669636.0,9.1952099,2246168.5,391.2837058,IT=13;13 ,ii
2339,Ref 1,26.021,49664,26338560.0,9.199312,2180196.0,391.2837333,IT=13;13 ,ii
2340,Ref 1,24.809,45208,22214294.0,9.2033869,1806342.4,391.283768,IT=12;12 ,ii
2341,Ref 1,26.323,51860,28253256.0,9.2074973,2290220.2,391.2836715,IT=13;13 ,ii
2342,Ref 1,21.429,43768,25967400.0,9.2113431,2292911.0,391.2836179,IT=11;11 ,ii
2343,Ref 1,40.544,54968,22844298.0,9.2157389,1908544.0,391.283848,IT=20;20 ,ii
2344,Ref 1,26.094,46556,24102186.0,9.2196659,1962869.9,391.2836868,IT=13;13 ,ii
2345,Ref 1,31.843,51004,24151308.0,9.2238597,1981567.6,391.2837948,IT=16;16 ,ii
2347,Ref 1,31.317,49396,22298598.0,9.2283117,1801644.0,391.283714,IT=16;16 ,ii
2348,Ref 1,19.237,41508,26443160.0,9.2322555,2273121.5,391.2836611,IT=9.6;9.6 ,ii
2349,Ref 1,17.021,42468,27958242.0,9.2362846,2311639.5,391.2837242,IT=8.5;8.5 ,ii
2350,Ref 1,33.639,52604,23335178.0,9.2406199,1895704.5,391.2838496,IT=17;17 ,ii
2351,Ref 1,26.048,47096,24515540.0,9.2446283,2024272.0,391.2837205,IT=13;13 ,ii
2352,Ref 1,28.032,51692,27006474.0,9.2486012,2214981.5,391.2837319,IT=14;14 ,ii
2353,Ref 1,31.566,50032,22147834.0,9.2527679,1852886.9,391.2837955,IT=16;16 ,ii
2354,Ref 1,32.720,55412,25401714.0,9.2569136,2159982.2,391.2837082,IT=16;16 ,ii
2355,Ref 1,23.037,43804,24751982.0,9.260899,2161248.5,391.2837557,IT=12;12 ,ii
2356,Ref 1,20.030,43280,26069566.0,9.2647782,2244008.2,391.2837316,IT=10;10 ,ii
2357,Ref 1,24.064,45904,25148446.0,9.2689157,2249293.2,391.2836817,IT=12;12 ,ii
2358,Ref 1,27.273,50292,27039428.0,9.2730531,2362274.2,391.2836723,IT=14;14 ,ii
2359,Ref 1,30.222,49276,23580430.0,9.2772031,2026421.4,391.2837258,IT=15;15 ,ii
2360,Ref 1,25.664,49420,25922964.0,9.2810822,2249180.5,391.2837059,IT=13;13 ,ii
2361,Ref 1,28.817,49908,25884270.0,9.2852281,2229587.0,391.2836853,IT=14;14 ,ii
2362,Ref 1,33.145,51560,22442330.0,9.2894092,1787720.8,391.2837866,IT=17;17 ,ii
2363,Ref 1,22.461,44640,25505088.0,9.2933675,2253832.8,391.2838166,IT=11;11 ,ii
2364,Ref 1,27.044,51432,28536410.0,9.2975237,2365807.5,391.2838003,IT=14;14 ,ii
2365,Ref 1,20.726,44088,24192614.0,9.301355,2024039.4,391.2837672,IT=10;10 ,ii
2366,Ref 1,30.290,50052,24387340.0,9.3055862,2112446.0,391.283879,IT=15;15 ,ii
2367,Ref 1,20.767,44852,26522018.0,9.3095445,2256923.8,391.2837978,IT=10;10 ,ii
2368,Ref 1,21.147,42276,25448522.0,9.3136194,2115671.5,391.2838813,IT=11;11 ,ii
2369,Ref 1,24.719,43500,22799520.0,9.317582,1945024.9,391.2839116,IT=12;12 ,ii
2370,Ref 1,24.676,46224,25041650.0,9.3216736,2225454.8,391.2837923,IT=12;12 ,ii
2371,Ref 1,26.451,45792,24218254.0,9.3257944,2055164.5,391.2837849,IT=13;13 ,ii
2372,Ref 1,25.483,43852,24082236.0,9.3298714,2073770.9,391.283883,IT=13;13 ,ii
2373,Ref 1,18.234,43788,30451450.0,9.3336756,2575717.8,391.2837471,IT=9.1;9.1 ,ii
2374,Ref 1,26.324,46884,24380100.0,9.3378693,2004584.6,391.2838948,IT=13;13 ,ii
2375,Ref 1,22.500,42268,22252328.0,9.3419026,1908488.9,391.2838547,IT=11;11 ,ii
2376,Ref 1,26.580,49104,27079050.0,9.3460443,2347095.2,391.2837256,IT=13;13 ,ii
2377,Ref 1,22.150,42804,25370652.0,9.3499026,2121053.5,391.283781,IT=11;11 ,ii
2378,Ref 1,25.387,46296,24516442.0,9.3540338,2173764.0,391.2837831,IT=13;13 ,ii
2379,Ref 1,27.178,45364,24655304.0,9.3581546,2213059.8,391.2839197,IT=14;14 ,ii
2380,Ref 1,24.267,47036,25077112.0,9.3622067,2053268.0,391.2838405,IT=12;12 ,ii
2381,Ref 1,32.321,49560,21330474.0,9.3662588,1800023.6,391.2839073,IT=16;16 ,ii
2382,Ref 1,31.951,53564,24987678.0,9.3703858,2016800.2,391.2839273,IT=16;16 ,ii
2383,Ref 1,19.487,42404,26357880.0,9.374317,2303597.5,391.2838633,IT=9.7;9.7 ,ii
2384,Ref 1,25.713,48780,24793348.0,9.3784857,2070789.2,391.2838183,IT=13;13 ,ii
2385,Ref 1,29.615,48568,24238374.0,9.3824774,2064000.0,391.2838334,IT=15;15 ,ii
2386,Ref 1,22.755,41324,24086252.0,9.3864878,2188895.2,391.2838445,IT=11;11 ,ii
2387,Ref 1,32.779,52760,23745808.0,9.3907356,1893557.5,391.2838971,IT=16;16 ,ii
2388,Ref 1,30.496,49292,24165756.0,9.3948335,2013436.8,391.2839653,IT=15;15 ,ii
2389,Ref 1,24.232,43736,23098978.0,9.3988501,1972788.6,391.2838997,IT=12;12 ,ii
2390,Ref 1,23.894,46432,23947600.0,9.4027731,1992724.8,391.2837714,IT=12;12 ,ii
2391,Ref 1,16.848,38804,26689568.0,9.4067355,2425832.0,391.283847,IT=8.4;8.4 ,ii
2392,Ref 1,25.238,44640,23539892.0,9.4109188,2094400.1,391.2839562,IT=13;13 ,ii
2394,Ref 1,22.064,43840,26174674.0,9.415223,2208972.2,391.2838467,IT=11;11 ,ii
2395,Ref 1,30.267,50848,25089560.0,9.4192688,2079963.9,391.2839471,IT=15;15 ,ii
2396,Ref 1,26.621,50392,26701894.0,9.423325,2225462.0,391.283758,IT=13;13 ,ii
2397,Ref 1,27.202,46848,23415892.0,9.4274312,1909508.4,391.2838463,IT=14;14 ,ii
2398,Ref 1,39.145,53964,22579240.0,9.4317353,1932995.2,391.2839596,IT=20;20 ,ii
2399,Ref 1,26.625,48720,26175910.0,9.4355145,2134577.5,391.2837916,IT=13;13 ,ii
2400,Ref 1,25.365,45864,24901426.0,9.4395958,2113677.8,391.2838601,IT=13;13 ,ii
2401,Ref 1,26.783,44900,22741864.0,9.4437103,1991489.6,391.2838437,IT=13;13 ,ii
2402,Ref 1,29.708,50656,25645916.0,9.4478603,2247553.8,391.2839243,IT=15;15 ,ii
2403,Ref 1,31.037,50052,24216854.0,9.4518332,1962573.6,391.2838442,IT=16;16 ,ii
2404,Ref 1,19.749,39096,21786204.0,9.4557728,1955238.9,391.2838737,IT=9.9;9.9 ,ii
2405,Ref 1,24.248,48096,24952772.0,9.4599164,2236578.0,391.2837856,IT=12;12 ,ii
2406,Ref 1,29.618,49556,23650800.0,9.4640914,1905798.0,391.2838952,IT=15;15 ,ii
2407,Ref 1,24.588,44320,23725394.0,9.4681247,1999274.2,391.2838704,IT=12;12 ,ii
2408,Ref 1,25.165,48804,25874888.0,9.4720602,2290691.8,391.2838591,IT=13;13 ,ii
2409,Ref 1,33.126,53972,25499544.0,9.4762872,2041635.0,391.2839871,IT=17;17 ,ii
2410,Ref 1,21.393,45120,26520124.0,9.4802246,2266895.0,391.2838279,IT=11;11 ,ii
2411,Ref 1,33.639,53980,26759304.0,9.4845058,2297655.5,391.283933,IT=17;17 ,ii
2412,Ref 1,23.547,42452,24074336.0,9.4883038,2071576.0,391.2838994,IT=12;12 ,ii
2414,Ref 1,32.620,49012,21195618.0,9.49261,1770449.8,391.2838918,IT=16;16 ,ii
2415,Ref 1,24.663,43632,22971740.0,9.4966099,1901419.0,391.283913,IT=12;12 ,ii
2416,Ref 1,35.219,55484,24659678.0,9.5008745,1907249.2,391.2840006,IT=18;18 ,ii
2417,Ref 1,24.933,46376,24565782.0,9.5048453,2052117.5,391.2838858,IT=12;12 ,ii
2418,Ref 1,27.421,50584,26744960.0,9.5089786,2300516.8,391.2838786,IT=14;14 ,ii
2419,Ref 1,27.466,50592,26913418.0,9.5130911,2234932.2,391.2838985,IT=14;14 ,ii
2420,Ref 1,24.679,45508,24229090.0,9.5171494,2019515.2,391.2838729,IT=12;12 ,ii
2421,Ref 1,26.138,47596,24340224.0,9.5210973,2012675.5,391.2838349,IT=13;13 ,ii
2422,Ref 1,22.359,44128,24098218.0,9.5251348,2074365.4,391.2838521,IT=11;11 ,ii
2423,Ref 1,18.190,43000,27091592.0,9.5291368,2189571.8,391.2838437,IT=9.1;9.1 ,ii
2424,Ref 1,19.968,45008,27825684.0,9.5332181,2336838.5,391.2837531,IT=10;10 ,ii
2425,Ref 1,17.036,38420,25825934.0,9.5370785,2352280.0,391.2838734,IT=8.5;8.5 ,ii
2426,Ref 1,33.438,50504,22021398.0,9.5414035,1815629.6,391.2840532,IT=17;17 ,ii
2428,Ref 1,22.523,46052,26494410.0,9.5455596,2320752.0,391.2837793,IT=11;11 ,ii
2429,Ref 1,30.940,49460,26062930.0,9.5497804,2109529.2,391.2840158,IT=15;15 ,ii
2430,Ref 1,25.408,44732,21915430.0,9.5538074,1844727.6,391.2838509,IT=13;13 ,ii
2431,Ref 1,30.461,50256,23497566.0,9.5578221,1902302.9,391.28398,IT=15;15 ,ii
2432,Ref 1,23.568,46340,25695210.0,9.5618345,2150800.8,391.2839003,IT=12;12 ,ii
2434,Ref 1,24.051,47160,24305136.0,9.5660136,1985715.8,391.2838868,IT=12;12 ,ii
2436,Ref 1,27.201,50316,25645526.0,9.5704636,2140567.2,391.2838571,IT=14;14 ,ii
2437,Ref 1,25.359,45396,24597262.0,9.574374,2109063.5,391.2838491,IT=13;13 ,ii
2438,Ref 1,27.720,48188,21357934.0,9.5785094,1784868.1,391.2839638,IT=14;14 ,ii
2439,Ref 1,19.603,41436,25594616.0,9.5824865,2199148.2,391.2838951,IT=9.8;9.8 ,ii
2440,Ref 1,25.996,48692,26659836.0,9.5866593,2341169.8,391.2839165,IT=13;13 ,ii
2441,Ref 1,36.011,53748,23147580.0,9.5907593,1854212.2,391.2841394,IT=18;18 ,ii
2443,Ref 1,21.615,45332,27655160.0,9.5949031,2523978.8,391.2837962,IT=11;11 ,ii
2444,Ref 1,22.527,44264,25753380.0,9.5989947,2209825.8,391.2837544,IT=11;11 ,ii
2445,Ref 1,32.240,51856,23845924.0,9.6032404,1959507.1,391.2838588,IT=16;16 ,ii
2446,Ref 1,23.582,45324,24019268.0,9.6072175,2010311.8,391.2837526,IT=12;12 ,ii
2447,Ref 1,25.256,49240,27213216.0,9.6111655,2257139.0,391.2837081,IT=13;13 ,ii
2448,Ref 1,23.816,48232,25136270.0,9.6152363,2079635.8,391.2836173,IT=12;12 ,ii
2449,Ref 1,22.753,42684,22914172.0,9.6193007,1968608.8,391.2837847,IT=11;11 ,ii
2450,Ref 1,25.673,46444,25401532.0,9.6234236,2219806.2,391.2837636,IT=13;13 ,ii
2451,Ref 1,25.463,45776,23569922.0,9.6273445,1955293.1,391.2837263,IT=13;13 ,ii
2452,Ref 1,26.183,48664,25136864.0,9.6314611,2103739.0,391.2837577,IT=13;13 ,ii
2453,Ref 1,28.471,50700,25852040.0,9.6355923,2237146.5,391.2837477,IT=14;14 ,ii
2454,Ref 1,22.015,41784,23661434.0,9.6395944,2053969.1,391.2837281,IT=11;11 ,ii
2455,Ref 1,28.452,48244,24021872.0,9.6437798,2097086.6,391.2836878,IT=14;14 ,ii
2456,Ref 1,28.209,51544,26465232.0,9.6478861,2238085.5,391.2837149,IT=14;14 ,ii
2457,Ref 1,22.448,42916,23690790.0,9.6519006,2025187.4,391.2836917,IT=11;11 ,ii
2458,Ref 1,32.613,50760,21724602.0,9.6561443,1828393.2,391.2837556,IT=16;16 ,ii
2459,Ref 1,28.986,49764,25644840.0,9.6600442,2222347.2,391.2838219,IT=14;14 ,ii
2460,Ref 1,32.544,50440,23566736.0,9.6640526,1967274.0,391.2838447,IT=16;16 ,ii
2461,Ref 1,27.723,44620,21615414.0,9.6681109,1851168.4,391.2838904,IT=14;14 ,ii
2462,Ref 1,21.370,43268,25031064.0,9.6721213,2219875.5,391.2837438,IT=11;11 ,ii
2463,Ref 1,25.604,48044,24353768.0,9.6762545,2135191.8,391.2837114,IT=13;13 ,ii
2464,Ref 1,31.875,52476,22854358.0,9.6802837,1886597.1,391.2838321,IT=16;16 ,ii
2465,Ref 1,25.652,47612,25056284.0,9.6843108,2274417.2,391.283814,IT=13;13 ,ii
2467,Ref 1,25.631,48620,24471624.0,9.688519,2095213.1,391.2837613,IT=13;13 ,ii
2468,Ref 1,19.712,41032,25122450.0,9.6925211,2203138.5,391.2837874,IT=9.9;9.9 ,ii
2469,Ref 1,16.531,36852,23072268.0,9.6963732,2048359.0,391.2838346,IT=8.3;8.3 ,ii
2470,Ref 1,48.961,61168,23467676.0,9.7009585,1997158.9,391.2839876,IT=24;24 ,ii
2471,Ref 1,26.023,44532,23019230.0,9.7047418,2044029.1,391.2837911,IT=13;13 ,ii
2472,Ref 1,26.344,48156,24821704.0,9.7088439,2148838.0,391.2838108,IT=13;13 ,ii
2473,Ref 1,25.140,47976,26850742.0,9.7127544,2357248.2,391.2837588,IT=13;13 ,ii
2474,Ref 1,40.864,57872,22427158.0,9.7171105,1782550.9,391.2839482,IT=20;20 ,ii
2475,Ref 1,23.108,41232,22351388.0,9.7209834,1992742.8,391.2838857,IT=12;12 ,ii
2476,Ref 1,30.918,52084,25360822.0,9.7251959,2092223.5,391.2839722,IT=15;15 ,ii
2478,Ref 1,35.921,54328,23432892.0,9.7297396,1890751.2,391.2838497,IT=18;18 ,ii
2479,Ref 1,27.432,48644,24273608.0,9.7335792,2115308.8,391.283788,IT=14;14 ,ii
2480,Ref 1,22.985,46672,26878814.0,9.7376105,2415973.2,391.283709,IT=11;11 ,ii
2481,Ref 1,34.695,54340,25410778.0,9.7418916,2147699.8,391.2838223,IT=17;17 ,ii
2482,Ref 1,23.908,44980,24543186.0,9.7458478,2080618.2,391.2837617,IT=12;12 ,ii
2483,Ref 1,23.488,42160,23968244.0,9.7497624,2198466.0,391.283833,IT=12;12 ,ii
2484,Ref 1,20.449,43848,25453854.0,9.7537937,2116837.2,391.2838571,IT=10;10 ,ii
2485,Ref 1,27.119,50288,23914806.0,9.7579727,2034421.9,391.283931,IT=14;14 ,ii
2486,Ref 1,26.203,50792,26632616.0,9.7620561,2353789.0,391.2838907,IT=13;13 ,ii
2487,Ref 1,26.171,48596,25676292.0,9.7659915,2203566.0,391.2839144,IT=13;13 ,ii
2488,Ref 1,26.278,47632,25157544.0,9.7700915,2202953.8,391.2838317,IT=13;13 ,ii
2489,Ref 1,29.981,52140,24947596.0,9.7742476,2124607.0,391.2839651,IT=15;15 ,ii
2490,Ref 1,25.636,48024,23414358.0,9.7782997,2029294.2,391.2839222,IT=13;13 ,ii
2491,Ref 1,29.568,48472,23630560.0,9.7822935,2030095.9,391.2839208,IT=15;15 ,ii
2492,Ref 1,25.412,45860,24756410.0,9.7863455,2221776.5,391.2838579,IT=13;13 ,ii
2493,Ref 1,28.229,50228,24661606.0,9.7904871,2120907.0,391.2839198,IT=14;14 ,ii
2494,Ref 1,22.302,40840,22109566.0,9.7944955,1972033.2,391.2838622,IT=11;11 ,ii
2495,Ref 1,35.385,55376,25859682.0,9.7986266,2167898.2,391.2840554,IT=18;18 ,ii
2496,Ref 1,31.230,48636,23364232.0,9.8027038,1937312.5,391.2840632,IT=16;16 ,ii
2497,Ref 1,20.566,45628,25195852.0,9.8066495,2127040.2,391.2839115,IT=10;10 ,ii
2498,Ref 1,25.890,48028,25475236.0,9.8108141,2093216.1,391.2838658,IT=13;13 ,ii
2499,Ref 1,20.252,39652,22388638.0,9.8148119,1895488.9,391.2839621,IT=10;10 ,ii
2500,Ref 1,48.959,60996,22107906.0,9.8191868,1828841.1,391.2840826,IT=24;24 ,ii
2501,Ref 1,29.887,49760,24215198.0,9.823037,2120895.0,391.2838949,IT=15;15 ,ii
2502,Ref 1,23.707,47516,26653502.0,9.8270577,2278016.0,391.2837357,IT=12;12 ,ii
2503,Ref 1,33.063,50232,23661710.0,9.8312993,2002232.1,391.2838641,IT=17;17 ,ii
2504,Ref 1,26.922,48524,25249006.0,9.835164,2265898.0,391.2838118,IT=13;13 ,ii
2505,Ref 1,21.437,42132,22940288.0,9.8391701,2127237.8,391.2839273,IT=11;11 ,ii
2506,Ref 1,17.621,38840,24964784.0,9.8431805,2209344.5,391.2839022,IT=8.8;8.8 ,ii
2507,Ref 1,24.931,47508,23777214.0,9.8473555,1966958.2,391.283826,IT=12;12 ,ii
2508,Ref 1,37.708,53712,22828342.0,9.8514888,1918821.9,391.2839631,IT=19;19 ,ii
2509,Ref 1,28.322,47656,22665844.0,9.8554972,1938241.6,391.2838821,IT=14;14 ,ii
2510,Ref 1,27.369,49504,24801172.0,9.8595929,2148718.2,391.283881,IT=14;14 ,ii
2511,Ref 1,21.341,43416,26118620.0,9.8635929,2202996.0,391.2838407,IT=11;11 ,ii
2512,Ref 1,22.193,42292,24062956.0,9.8675159,2065662.4,391.2838082,IT=11;11 ,ii
2514,Ref 1,23.350,45720,24294906.0,9.8716637,2134058.2,391.2837573,IT=12;12 ,ii
2515,Ref 1,28.895,49124,25948192.0,9.8758407,2239689.2,391.2838402,IT=14;14 ,ii
2516,Ref 1,36.845,54376,22109088.0,9.8800824,1802696.4,391.2839712,IT=18;18 ,ii
2517,Ref 1,34.593,52344,21483848.0,9.884026,1810169.8,391.2839698,IT=17;17 ,ii
2518,Ref 1,24.133,48936,26770394.0,9.8879949,2229664.8,391.2838158,IT=12;12 ,ii
2519,Ref 1,37.900,53116,21627090.0,9.8923093,1736763.2,391.2839798,IT=19;19 ,ii
2520,Ref 1,23.245,45000,24535824.0,9.8962261,2189738.5,391.2838153,IT=12;12 ,ii
2521,Ref 1,25.609,47316,25444814.0,9.9003468,2259775.5,391.2837982,IT=13;13 ,ii
2522,Ref 1,22.275,44580,25319858.0,9.9042135,2121730.0,391.2838037,IT=11;11 ,ii
2523,Ref 1,22.754,43052,24465928.0,9.908303,2240196.0,391.2839097,IT=11;11 ,ii
2524,Ref 1,25.426,47504,25666284.0,9.9124217,2231587.5,391.2839887,IT=13;13 ,ii
2526,Ref 1,24.709,48056,26555868.0,9.9167634,2303660.5,391.2838035,IT=12;12 ,ii
2527,Ref 1,23.100,47016,26082720.0,9.9206634,2157557.0,391.2838079,IT=12;12 ,ii
2528,Ref 1,28.977,51828,27249108.0,9.9248488,2318919.0,391.2839128,IT=14;14 ,ii
2530,Ref 1,25.175,48052,25319770.0,9.9290487,1953406.2,391.2839067,IT=13;13 ,ii
2531,Ref 1,31.387,48748,22519142.0,9.9332487,2016403.1,391.2838536,IT=16;16 ,ii
2532,Ref 1,30.658,51744,24970736.0,9.9371945,2111639.0,391.2838713,IT=15;15 ,ii
2533,Ref 1,23.947,45880,24088534.0,9.9412007,1987178.4,391.2838285,IT=12;12 ,ii
2534,Ref 1,23.390,45916,26036212.0,9.9452819,2210894.0,391.2837715,IT=12;12 ,ii
2535,Ref 1,26.262,48496,27009976.0,9.949409,2377820.2,391.2838591,IT=13;13 ,ii
2536,Ref 1,32.438,51456,24071462.0,9.9534443,1956811.6,391.2839821,IT=16;16 ,ii
2537,Ref 1,40.002,54672,22076710.0,9.9575277,1819378.1,391.2840509,IT=20;20 ,ii
2538,Ref 1,27.489,47360,24577230.0,9.9614943,2139399.2,391.2838148,IT=14;14 ,ii
2539,Ref 1,26.386,46316,24460238.0,9.9655818,2060513.4,391.2837694,IT=13;13 ,ii
2540,Ref 1,29.197,49576,24287766.0,9.9697276,2045988.9,391.2837701,IT=15;15 ,ii
2541,Ref 1,26.667,50472,27153914.0,9.9736318,2348540.2,391.2837955,IT=13;13 ,ii
2542,Ref 1,23.480,46072,24150694.0,9.9776859,2010913.5,391.2838041,IT=12;12 ,ii
2543,Ref 1,24.302,45408,24412000.0,9.9817817,2122249.8,391.2837546,IT=12;12 ,ii
2544,Ref 1,47.487,59060,22181330.0,9.9862525,1886676.4,391.2840177,IT=24;24 ,ii
2545,Ref 1,18.952,42512,27664224.0,9.9897734,2383061.2,391.2838561,IT=9.5;9.5 ,ii
2547,Ref 1,23.755,43740,23620016.0,9.9939504,2018647.8,391.2837547,IT=12;12 ,ii
2548,Ref 1,25.138,43648,21595808.0,9.9980608,1867471.1,391.2837966,IT=13;13 ,ii
2549,Ref 1,31.353,50216,23673052.0,10.002257,2079315.8,391.2838878,IT=16;16 ,ii
2550,Ref 1,28.743,48268,24322660.0,10.006165,2050101.8,391.2837525,IT=14;14 ,ii
2551,Ref 1,28.536,49732,24810624.0,10.010277,2102171.8,391.2837382,IT=14;14 ,ii
2552,Ref 1,23.583,46852,26623784.0,10.014304,2198353.5,391.2837067,IT=12;12 ,ii
2553,Ref 1,35.125,53324,24365758.0,10.01859,2026253.1,391.2838159,IT=18;18 ,ii
2554,Ref 1,24.361,45452,24217346.0,10.022381,2051743.0,391.2837983,IT=12;12 ,ii
2555,Ref 1,20.184,44000,26437832.0,10.026398,2403098.8,391.2837354,IT=10;10 ,ii
2556,Ref 1,28.277,50244,23933580.0,10.030596,1965416.4,391.2837424,IT=14;14 ,ii
2557,Ref 1,25.142,46248,23986396.0,10.034652,2074897.0,391.2837908,IT=13;13 ,ii
2558,Ref 1,26.849,48728,24960354.0,10.038602,2116288.2,391.2839689,IT=13;13 ,ii
2559,Ref 1,23.486,45552,26296812.0,10.042646,2339814.2,391.2839016,IT=12;12 ,ii
2561,Ref 1,28.858,46620,21409606.0,10.046904,1862688.1,391.2838843,IT=14;14 ,ii
2562,Ref 1,24.434,46784,25728932.0,10.050944,2225651.5,391.2838525,IT=12;12 ,ii
2563,Ref 1,44.378,61248,24358886.0,10.055367,1928341.1,391.283996,IT=22;22 ,ii
2564,Ref 1,31.205,50456,23762528.0,10.059144,2039066.4,391.2838643,IT=16;16 ,ii
2565,Ref 1,22.702,47636,27046794.0,10.063144,2327551.2,391.2837478,IT=11;11 ,ii
2566,Ref 1,22.542,44624,25343950.0,10.067214,2131061.0,391.2837372,IT=11;11 ,ii
2567,Ref 1,28.772,49712,24115868.0,10.071398,2071979.2,391.2839378,IT=14;14 ,ii
2569,Ref 1,23.803,43996,24415840.0,10.075569,2278822.8,391.2838541,IT=12;12 ,ii
2570,Ref 1,24.648,45780,24939330.0,10.079669,2164381.5,391.2837554,IT=12;12 ,ii
2571,Ref 1,41.049,57776,23047674.0,10.084035,1891848.6,391.2839892,IT=21;21 ,ii
2572,Ref 1,23.046,46096,26832192.0,10.087904,2403518.2,391.2837606,IT=12;12 ,ii
2573,Ref 1,30.493,52680,25463988.0,10.091943,2070700.0,391.2840265,IT=15;15 ,ii
2576,Ref 1,19.158,43696,26603284.0,10.0979,2193298.8,391.2838544,IT=9.6;9.6 ,ii
2577,Ref 1,26.610,49984,25461674.0,10.101923,2228994.2,391.2838744,IT=13;13 ,ii
2578,Ref 1,21.391,41356,22415298.0,10.105935,1906093.1,391.2838342,IT=11;11 ,ii
2579,Ref 1,26.180,48152,25229076.0,10.110085,2104379.2,391.2838358,IT=13;13 ,ii
2580,Ref 1,29.078,51060,26009678.0,10.114229,2184632.2,391.2838598,IT=15;15 ,ii
2581,Ref 1,23.840,44652,22654098.0,10.118085,1880305.4,391.2838261,IT=12;12 ,ii
2582,Ref 1,34.018,53132,24162682.0,10.122341,2029553.4,391.283909,IT=17;17 ,ii
2583,Ref 1,23.515,46364,26717298.0,10.126302,2312652.5,391.2837376,IT=12;12 ,ii
2584,Ref 1,20.218,39136,20747778.0,10.130327,1839140.9,391.2838475,IT=10;10 ,ii
2585,Ref 1,24.252,45620,24188810.0,10.134289,2048607.5,391.2837457,IT=12;12 ,ii
2586,Ref 1,28.472,51080,25774336.0,10.138447,2159248.5,391.2838222,IT=14;14 ,ii
2587,Ref 1,27.750,47332,23660302.0,10.142564,1965494.5,391.2838436,IT=14;14 ,ii
2588,Ref 1,27.470,46324,22393392.0,10.146668,1917639.1,391.283822,IT=14;14 ,ii
2589,Ref 1,23.925,46544,26522772.0,10.150549,2193141.0,391.2837499,IT=12;12 ,ii
2590,Ref 1,27.735,50184,26841932.0,10.154704,2210554.8,391.2837521,IT=14;14 ,ii
2591,Ref 1,26.193,45956,23746078.0,10.158776,2096653.2,391.2838539,IT=13;13 ,ii
2592,Ref 1,26.613,49024,25355876.0,10.162891,2143436.8,391.2838255,IT=13;13 ,ii
2593,Ref 1,30.652,49932,23085634.0,10.167049,1967143.5,391.2838458,IT=15;15 ,ii
2594,Ref 1,27.389,49376,24776322.0,10.170966,2107777.2,391.2837822,IT=14;14 ,ii
2595,Ref 1,31.533,52620,25965770.0,10.175143,2191718.2,391.2837231,IT=16;16 ,ii
2596,Ref 1,25.548,47688,25536520.0,10.179168,2203225.8,391.2837517,IT=13;13 ,ii
2597,Ref 1,39.905,56264,23775920.0,10.183511,1950311.4,391.2839356,IT=20;20 ,ii
2598,Ref 1,24.940,43808,23179472.0,10.187262,2001866.2,391.2838322,IT=12;12 ,ii
2600,Ref 1,23.059,42788,22618082.0,10.191426,1939571.4,391.2838813,IT=12;12 ,ii
2601,Ref 1,32.360,50008,22748528.0,10.195664,1942530.9,391.2839175,IT=16;16 ,ii
2602,Ref 1,23.663,45892,25532804.0,10.199649,2178709.0,391.2838293,IT=12;12 ,ii
2603,Ref 1,30.288,48644,23882688.0,10.203674,2069564.0,391.2838005,IT=15;15 ,ii
2604,Ref 1,26.986,45556,22747648.0,10.207736,1902447.4,391.2838319,IT=13;13 ,ii
2605,Ref 1,23.562,44696,25269474.0,10.211782,2209191.5,391.2837879,IT=12;12 ,ii
2606,Ref 1,27.930,50344,25834510.0,10.215936,2152925.8,391.2838362,IT=14;14 ,ii
2607,Ref 1,22.968,45172,25228256.0,10.219791,2198702.8,391.2837557,IT=11;11 ,ii
2608,Ref 1,32.293,50412,22935414.0,10.224028,2013871.8,391.2839142,IT=16;16 ,ii
2609,Ref 1,19.224,39580,25746232.0,10.22794,2433226.2,391.2838818,IT=9.6;9.6 ,ii
2611,Ref 1,26.367,45464,22650482.0,10.232145,1859431.0,391.2838122,IT=13;13 ,ii
2612,Ref 1,27.290,50340,25746224.0,10.236261,2217598.0,391.283822,IT=14;14 ,ii
2613,Ref 1,31.441,52920,25224866.0,10.240278,2079448.5,391.2838151,IT=16;16 ,ii
2614,Ref 1,27.481,47384,24782644.0,10.244336,2055291.2,391.2838364,IT=14;14 ,ii
2615,Ref 1,20.954,43732,26201948.0,10.248336,2324390.2,391.2838345,IT=10;10 ,ii
2616,Ref 1,23.002,47408,26846742.0,10.25244,2360932.0,391.2837395,IT=12;12 ,ii
2617,Ref 1,31.289,50536,23426936.0,10.256488,1923956.4,391.2838961,IT=16;16 ,ii
2618,Ref 1,26.110,46992,22944982.0,10.260534,1888222.9,391.2838475,IT=13;13 ,ii
2619,Ref 1,31.501,50696,25069900.0,10.264719,2132867.5,391.2839186,IT=16;16 ,ii
2620,Ref 1,25.825,48584,25866096.0,10.268751,2078831.1,391.2837904,IT=13;13 ,ii
2621,Ref 1,23.746,45024,23404594.0,10.272646,2038753.1,391.2837827,IT=12;12 ,ii
2622,Ref 1,29.679,50324,23831468.0,10.27683,2035328.6,391.2838655,IT=15;15 ,ii
2623,Ref 1,26.108,46076,23811316.0,10.28089,2047525.4,391.2839197,IT=13;13 ,ii
2624,Ref 1,31.494,49612,22093180.0,10.28508,1832470.1,391.2838098,IT=16;16 ,ii
2625,Ref 1,24.173,46824,24814074.0,10.288911,2161159.5,391.2837581,IT=12;12 ,ii
2626,Ref 1,18.123,39484,23899328.0,10.292898,1949063.8,391.2838637,IT=9.1;9.1 ,ii
2627,Ref 1,21.130,41680,23032474.0,10.297,2013545.6,391.2837976,IT=11;11 ,ii
2628,Ref 1,31.908,52020,24918520.0,10.30125,2200695.5,391.2839377,IT=16;16 ,ii
2629,Ref 1,23.980,47064,26440386.0,10.305069,2190226.5,391.2837653,IT=12;12 ,ii
2630,Ref 1,35.325,55964,24011120.0,10.309344,2017025.2,391.2840128,IT=18;18 ,ii
2631,Ref 1,22.303,44564,25765882.0,10.313271,2221440.5,391.2838003,IT=11;11 ,ii
2632,Ref 1,20.556,43648,27052720.0,10.317321,2432034.0,391.2837729,IT=10;10 ,ii
2633,Ref 1,33.554,51548,22950908.0,10.321444,1896608.9,391.2838359,IT=17;17 ,ii
2634,Ref 1,22.511,45452,26001824.0,10.325396,2308380.2,391.2837742,IT=11;11 ,ii
2635,Ref 1,32.327,53136,26140758.0,10.329638,2251630.8,391.2839248,IT=16;16 ,ii
2636,Ref 1,21.099,45596,25845050.0,10.333581,2145933.0,391.2837786,IT=11;11 ,ii
2637,Ref 1,22.985,45744,25422946.0,10.337686,2174284.0,391.2837504,IT=11;11 ,ii
2639,Ref 1,29.553,51072,24856486.0,10.342706,1997955.9,391.2838447,IT=15;15 ,ii
2640,Ref 1,27.079,47796,22885548.0,10.346783,1933894.2,391.283809,IT=14;14 ,ii
2641,Ref 1,18.229,42532,26751398.0,10.35074,2266351.2,391.2839037,IT=9.1;9.1 ,ii
2642,Ref 1,22.854,44936,24941286.0,10.354881,2278304.8,391.2838471,IT=11;11 ,ii
2643,Ref 1,22.671,46160,26480406.0,10.358946,2236591.0,391.2838074,IT=11;11 ,ii
2644,Ref 1,17.053,38872,25990202.0,10.362758,2265154.8,391.2837805,IT=8.5;8.5 ,ii
2645,Ref 1,28.243,48392,24612408.0,10.366996,2209929.5,391.2838412,IT=14;14 ,ii
2646,Ref 1,22.808,46496,25886250.0,10.37101,2166055.8,391.2837929,IT=11;11 ,ii
2647,Ref 1,23.950,45580,25463972.0,10.375114,2162182.2,391.2837859,IT=12;12 ,ii
2648,Ref 1,27.655,50728,25132136.0,10.37909,2148929.2,391.2837887,IT=14;14 ,ii
2649,Ref 1,33.070,48700,20048528.0,10.383289,1673302.6,391.2838378,IT=17;17 ,ii
2650,Ref 1,24.636,47844,25117056.0,10.387281,2229283.0,391.2837924,IT=12;12 ,ii
2651,Ref 1,25.350,48516,26371116.0,10.391387,2212090.2,391.2837784,IT=13;13 ,ii
2652,Ref 1,25.893,46872,23924726.0,10.395325,1984755.2,391.2837842,IT=13;13 ,ii
2653,Ref 1,30.077,47128,22219272.0,10.399491,1873266.6,391.2838582,IT=15;15 ,ii
2654,Ref 1,19.580,44052,26217196.0,10.403429,2383205.5,391.283702,IT=9.8;9.8 ,ii
2655,Ref 1,21.945,43752,23339318.0,10.407539,1863713.1,391.2838173,IT=11;11 ,ii
2656,Ref 1,34.068,51532,22267674.0,10.411646,1910475.1,391.2838443,IT=17;17 ,ii
2657,Ref 1,22.255,47536,27425946.0,10.415587,2231004.8,391.2837111,IT=11;11 ,ii
2658,Ref 1,27.904,49496,24459410.0,10.41976,2018436.4,391.283837,IT=14;14 ,ii
2661,Ref 1,29.440,48948,24303492.0,10.425602,2170454.5,391.2838443,IT=15;15 ,ii
2662,Ref 1,25.302,45308,22611700.0,10.429645,2019514.2,391.2838473,IT=13;13 ,ii
2663,Ref 1,28.743,47808,23169354.0,10.433797,1932947.4,391.2836257,IT=14;14 ,ii
2664,Ref 1,26.259,48308,25411114.0,10.437697,2131323.8,391.2837521,IT=13;13 ,ii
2665,Ref 1,23.520,49700,25988030.0,10.441758,2154171.5,391.2837938,IT=12;12 ,ii
2666,Ref 1,27.350,44336,21304422.0,10.445918,1779033.8,391.2838618,IT=14;14 ,ii
2667,Ref 1,33.188,52640,23140242.0,10.450126,1988820.0,391.2838395,IT=17;17 ,ii
2668,Ref 1,23.513,45920,27533470.0,10.453939,2445195.5,391.2837891,IT=12;12 ,ii
2669,Ref 1,28.821,48696,22144384.0,10.458122,1836011.0,391.2838507,IT=14;14 ,ii
2670,Ref 1,25.734,49160,24348048.0,10.462193,2179780.8,391.2837743,IT=13;13 ,ii
2671,Ref 1,36.995,58528,25492164.0,10.466487,2147512.8,391.2838729,IT=18;18 ,ii
2672,Ref 1,24.159,42756,22071228.0,10.470266,1919510.0,391.2838007,IT=12;12 ,ii
2673,Ref 1,27.242,47972,24258022.0,10.474406,2101086.8,391.283792,IT=14;14 ,ii
2674,Ref 1,21.925,47732,28142736.0,10.478437,2364549.0,391.2837647,IT=11;11 ,ii
2675,Ref 1,24.401,45136,23820446.0,10.482564,2055069.8,391.2837622,IT=12;12 ,ii
2676,Ref 1,37.695,53112,23355658.0,10.486716,1938739.0,391.2839639,IT=19;19 ,ii
2677,Ref 1,19.459,43268,27197660.0,10.490585,2399597.8,391.2837524,IT=9.7;9.7 ,ii
2678,Ref 1,19.811,40604,24528028.0,10.494655,2109542.0,391.2838869,IT=9.9;9.9 ,ii
2680,Ref 1,28.075,49088,23502356.0,10.498876,1962393.2,391.2839089,IT=14;14 ,ii
2681,Ref 1,24.042,44664,24794146.0,10.502918,2215826.2,391.2838004,IT=12;12 ,ii
2682,Ref 1,18.728,43920,27558512.0,10.506916,2300533.2,391.2837639,IT=9.4;9.4 ,ii
2683,Ref 1,30.115,49064,21619710.0,10.511172,1837720.8,391.2838021,IT=15;15 ,ii
2684,Ref 1,22.043,45888,25760204.0,10.515151,2200398.0,391.2836784,IT=11;11 ,ii
2685,Ref 1,24.258,45944,23938334.0,10.519278,2053395.4,391.2836141,IT=12;12 ,ii
2686,Ref 1,27.590,47192,23989534.0,10.523251,2080929.0,391.2837625,IT=14;14 ,ii
2687,Ref 1,28.984,48616,23381262.0,10.52738,1973939.2,391.2837778,IT=14;14 ,ii
2688,Ref 1,22.739,43308,24329156.0,10.531386,2047225.6,391.283757,IT=11;11 ,ii
2689,Ref 1,39.720,55312,22008956.0,10.535751,1779988.4,391.2839148,IT=20;20 ,ii
2690,Ref 1,23.648,45052,25247818.0,10.539474,2119124.0,391.2837647,IT=12;12 ,ii
2691,Ref 1,40.683,55352,22430344.0,10.54384,1936209.8,391.2839202,IT=20;20 ,ii
2692,Ref 1,31.500,51540,24303660.0,10.547857,1980055.4,391.2838448,IT=16;16 ,ii
2694,Ref 1,26.217,50116,27793746.0,10.552245,2347674.2,391.2837211,IT=13;13 ,ii
2695,Ref 1,23.961,44816,23015540.0,10.556301,1941936.0,391.2837457,IT=12;12 ,ii
2696,Ref 1,20.490,45288,24627878.0,10.560161,2007495.9,391.2838131,IT=10;10 ,ii
2697,Ref 1,27.651,48316,23746240.0,10.564351,1973796.2,391.2838345,IT=14;14 ,ii
2698,Ref 1,29.616,49680,24538278.0,10.568488,2125527.0,391.2838352,IT=15;15 ,ii
2699,Ref 1,24.045,44664,22530206.0,10.572515,1891848.1,391.283878,IT=12;12 ,ii
2701,Ref 1,26.082,45876,24264138.0,10.576711,2084835.1,391.2837524,IT=13;13 ,ii
2702,Ref 1,33.070,54416,24986820.0,10.580924,2026987.2,391.2838663,IT=17;17 ,ii
2703,Ref 1,23.581,48992,24231164.0,10.584905,2053750.1,391.283761,IT=12;12 ,ii
2704,Ref 1,30.016,51380,24248302.0,10.589094,2169569.8,391.2838041,IT=15;15 ,ii
2705,Ref 1,21.112,43492,27063992.0,10.592894,2392442.2,391.2837334,IT=11;11 ,ii
2706,Ref 1,21.969,42920,25104046.0,10.59698,2156683.8,391.2836982,IT=11;11 ,ii
2707,Ref 1,42.601,59216,24046518.0,10.601394,1944217.9,391.2840009,IT=21;21 ,ii
2709,Ref 1,24.904,49784,28220218.0,10.605761,2350035.8,391.2837811,IT=12;12 ,ii
2710,Ref 1,28.195,48168,24271640.0,10.609915,1955103.6,391.2838884,IT=14;14 ,ii
2712,Ref 1,25.781,49308,27099946.0,10.614105,2363834.2,391.2838435,IT=13;13 ,ii
2713,Ref 1,22.929,44176,23464914.0,10.618165,2005739.4,391.2837809,IT=11;11 ,ii
2714,Ref 1,31.840,49324,22511932.0,10.6224,1884135.6,391.2838129,IT=16;16 ,ii
2715,Ref 1,23.595,45588,24494498.0,10.626402,2109565.8,391.2838535,IT=12;12 ,ii
2716,Ref 1,28.628,49700,25489272.0,10.630417,2165235.5,391.2838344,IT=14;14 ,ii
2717,Ref 1,26.289,45980,22341018.0,10.634502,1843211.9,391.2838871,IT=13;13 ,ii
2718,Ref 1,24.108,45592,25089472.0,10.638575,2192772.2,391.2838,IT=12;12 ,ii
2719,Ref 1,24.237,46608,27526794.0,10.642675,2295418.5,391.2837624,IT=12;12 ,ii
2720,Ref 1,26.975,48572,24398042.0,10.646804,1987809.5,391.2838994,IT=13;13 ,ii
2721,Ref 1,24.601,47452,24989050.0,10.650702,2075754.8,391.2838721,IT=12;12 ,ii
2722,Ref 1,20.343,43340,26825708.0,10.654723,2401116.2,391.2837641,IT=10;10 ,ii
2723,Ref 1,27.194,48328,24304746.0,10.658923,1980238.1,391.2838067,IT=14;14 ,ii
2724,Ref 1,41.071,54688,22378476.0,10.663265,1877742.2,391.2839706,IT=21;21 ,ii
2725,Ref 1,35.577,53300,23851584.0,10.667183,2020798.4,391.2839324,IT=18;18 ,ii
2726,Ref 1,22.486,46512,25626780.0,10.671113,1984419.4,391.2836883,IT=11;11 ,ii
2727,Ref 1,22.076,42856,24265228.0,10.675194,2215388.2,391.2837875,IT=11;11 ,ii
2728,Ref 1,25.097,43104,25209460.0,10.679312,2202115.0,391.2838158,IT=13;13 ,ii
2729,Ref 1,21.524,42392,23704274.0,10.683177,2056355.8,391.2837571,IT=11;11 ,ii
2730,Ref 1,36.777,52564,22174128.0,10.687502,1832717.8,391.2839052,IT=18;18 ,ii
2731,Ref 1,24.864,45736,24772354.0,10.691456,2259594.8,391.283875,IT=12;12 ,ii
2733,Ref 1,25.187,46448,25207356.0,10.695796,2080394.2,391.2838406,IT=13;13 ,ii
2734,Ref 1,38.978,54616,22385288.0,10.699956,1864264.2,391.2840388,IT=19;19 ,ii
2735,Ref 1,23.223,45124,24348688.0,10.703864,2077372.2,391.2837949,IT=12;12 ,ii
2736,Ref 1,30.161,47632,23985964.0,10.708062,2070775.5,391.2837996,IT=15;15 ,ii
2737,Ref 1,34.382,52184,23398424.0,10.71225,1963149.4,391.2838656,IT=17;17 ,ii
2738,Ref 1,27.032,48704,24470486.0,10.716114,2117420.5,391.2839468,IT=14;14 ,ii
2739,Ref 1,24.092,48524,26401422.0,10.720168,2218056.5,391.28378,IT=12;12 ,ii
2740,Ref 1,23.303,46888,26223136.0,10.724243,2200063.0,391.2837501,IT=12;12 ,ii
2741,Ref 1,22.197,42044,23934060.0,10.728298,2037471.5,391.2837208,IT=11;11 ,ii
2742,Ref 1,26.793,49548,27201016.0,10.73245,2266518.5,391.28389,IT=13;13 ,ii
2745,Ref 1,23.813,43432,22655492.0,10.738208,1918647.9,391.2837775,IT=12;12 ,ii
2746,Ref 1,22.177,46220,26671338.0,10.742102,2377481.0,391.2836722,IT=11;11 ,ii
2747,Ref 1,20.941,40996,23374508.0,10.74616,2032157.2,391.2837263,IT=10;10 ,ii
2748,Ref 1,23.406,45116,24292730.0,10.750268,2118192.0,391.2836511,IT=12;12 ,ii
2749,Ref 1,31.739,51884,24568646.0,10.754487,2126210.2,391.2838687,IT=16;16 ,ii
2750,Ref 1,27.721,52064,25895072.0,10.758374,2087412.9,391.283788,IT=14;14 ,ii
2751,Ref 1,29.548,48228,23980470.0,10.762524,2020068.5,391.2839143,IT=15;15 ,ii
2753,Ref 1,24.955,45580,23674886.0,10.766695,1988371.2,391.2838397,IT=12;12 ,ii
2754,Ref 1,23.932,44500,24498596.0,10.770768,2207874.8,391.2838695,IT=12;12 ,ii
2755,Ref 1,31.615,50280,22078388.0,10.77482,1816847.2,391.2839394,IT=16;16 ,ii
2756,Ref 1,28.150,45536,23192788.0,10.778893,2076163.1,391.2839126,IT=14;14 ,ii
2757,Ref 1,26.180,47056,23332776.0,10.782968,2012601.9,391.2838283,IT=13;13 ,ii
2758,Ref 1,40.024,53656,20611378.0,10.787297,1697715.5,391.2839835,IT=20;20 ,ii
2759,Ref 1,28.380,46328,22605698.0,10.791295,1966554.6,391.283875,IT=14;14 ,ii
2760,Ref 1,22.226,44436,25425998.0,10.795143,2249952.2,391.2837475,IT=11;11 ,ii
2761,Ref 1,18.438,39504,24400146.0,10.79916,2190468.2,391.2837568,IT=9.2;9.2 ,ii
2762,Ref 1,36.991,54884,24522834.0,10.803535,2091155.1,391.2839174,IT=18;18 ,ii
2763,Ref 1,26.126,50768,28009788.0,10.807518,2439534.2,391.2837244,IT=13;13 ,ii
2764,Ref 1,28.751,47936,22512552.0,10.811664,1857066.1,391.2838265,IT=14;14 ,ii
2765,Ref 1,33.028,51996,22494034.0,10.815847,1930935.6,391.2838398,IT=17;17 ,ii
2766,Ref 1,22.972,46652,26418068.0,10.819816,2285500.8,391.2837441,IT=11;11 ,ii
2767,Ref 1,31.152,49276,22037214.0,10.824034,1802620.4,391.2838344,IT=16;16 ,ii
2768,Ref 1,26.928,46752,22592726.0,10.82792,1931972.0,391.2838623,IT=13;13 ,ii
2769,Ref 1,22.095,46444,26991608.0,10.831953,2312286.2,391.2837672,IT=11;11 ,ii
2770,Ref 1,27.067,47272,23242612.0,10.836113,1888169.4,391.2837308,IT=14;14 ,ii
2771,Ref 1,28.450,51064,24062062.0,10.840234,1985010.6,391.2837976,IT=14;14 ,ii
2772,Ref 1,27.110,51192,26050660.0,10.844322,2225585.8,391.2838295,IT=14;14 ,ii
2773,Ref 1,23.184,44940,24672670.0,10.848197,2152242.5,391.283779,IT=12;12 ,ii
2774,Ref 1,21.133,41712,23495818.0,10.852253,1999843.8,391.283795,IT=11;11 ,ii
2775,Ref 1,30.844,53324,27582844.0,10.85648,2312786.2,391.2838172,IT=15;15 ,ii
2776,Ref 1,20.396,45368,24615052.0,10.860426,1995462.6,391.2838001,IT=10;10 ,ii
2777,Ref 1,22.101,43056,22773634.0,10.864355,1987442.1,391.2839009,IT=11;11 ,ii
2778,Ref 1,21.894,42760,24013710.0,10.868428,2201745.5,391.2838447,IT=11;11 ,ii
2779,Ref 1,37.907,54748,23294982.0,10.872767,1898417.9,391.2839184,IT=19;19 ,ii
2780,Ref 1,26.599,46788,23708872.0,10.876738,2051834.2,391.2839072,IT=13;13 ,ii
2781,Ref 1,25.541,47104,25073054.0,10.880655,2152094.0,391.2838553,IT=13;13 ,ii
2782,Ref 1,29.915,49404,23755840.0,10.884824,1991135.5,391.2838829,IT=15;15 ,ii
2783,Ref 1,27.716,50476,24407200.0,10.888903,2024439.1,391.283849,IT=14;14 ,ii
2784,Ref 1,21.496,43092,24877804.0,10.892909,2101655.0,391.2838785,IT=11;11 ,ii
2785,Ref 1,46.101,60240,23519528.0,10.897388,1806076.6,391.2840943,IT=23;23 ,ii
2786,Ref 1,27.373,48596,24039236.0,10.901246,1993319.2,391.2839011,IT=14;14 ,ii
2787,Ref 1,27.122,47896,26083526.0,10.905346,2265657.8,391.2839302,IT=14;14 ,ii
2788,Ref 1,23.735,45132,25314902.0,10.909392,2152135.8,391.2839087,IT=12;12 ,ii
2789,Ref 1,18.187,39588,25083092.0,10.913215,2210948.5,391.2839346,IT=9.1;9.1 ,ii
2791,Ref 1,24.613,48080,25999080.0,10.917382,2156194.5,391.28386,IT=12;12 ,ii
2792,Ref 1,20.191,43064,26726840.0,10.921398,2215147.2,391.2838929,IT=10;10 ,ii
2794,Ref 1,24.352,44396,22228374.0,10.925584,1767491.8,391.2839293,IT=12;12 ,ii
2796,Ref 1,25.697,48320,26445494.0,10.930005,2339647.8,391.283793,IT=13;13 ,ii
2797,Ref 1,19.700,42620,26901142.0,10.933842,2448156.2,391.2837687,IT=9.9;9.9 ,ii
2798,Ref 1,26.608,47320,22802684.0,10.938023,1855093.8,391.283866,IT=13;13 ,ii
2799,Ref 1,25.295,47304,24847160.0,10.942098,2146292.5,391.2839274,IT=13;13 ,ii
2800,Ref 1,32.943,56648,26040740.0,10.946317,2134099.0,391.2838551,IT=16;16 ,ii
2801,Ref 1,27.165,47264,22525782.0,10.950181,1821339.5,391.2838647,IT=14;14 ,ii
2802,Ref 1,26.840,49336,24802490.0,10.954279,2090099.6,391.2837971,IT=13;13 ,ii
2803,Ref 1,22.470,42400,22243326.0,10.958306,1908686.8,391.2837034,IT=11;11 ,ii
2804,Ref 1,30.410,49460,23460864.0,10.962515,1977121.8,391.2837634,IT=15;15 ,ii
2806,Ref 1,28.007,49948,24713700.0,10.966763,2171270.5,391.2836818,IT=14;14 ,ii
2807,Ref 1,25.829,51556,27332302.0,10.970831,2313597.0,391.2836651,IT=13;13 ,ii
2808,Ref 1,25.508,44340,21360588.0,10.97495,1800774.1,391.2837867,IT=13;13 ,ii
2809,Ref 1,29.397,52472,23719230.0,10.979104,1920547.6,391.2838125,IT=15;15 ,ii
2810,Ref 1,22.078,44176,24322338.0,10.983096,2040528.9,391.2837981,IT=11;11 ,ii
2811,Ref 1,31.262,48756,20283250.0,10.987158,1580066.5,391.2839301,IT=16;16 ,ii
2812,Ref 1,23.966,42948,21831584.0,10.99116,1929130.6,391.2838783,IT=12;12 ,ii
2813,Ref 1,25.253,47972,27500442.0,10.995273,2401886.2,391.2837186,IT=13;13 ,ii
2814,Ref 1,22.168,42292,21892750.0,10.999308,1904121.2,391.283849,IT=11;11 ,ii
2816,Ref 1,21.055,44840,25189570.0,11.003435,2121080.5,391.283719,IT=11;11 ,ii
2817,Ref 1,20.864,45504,29132338.0,11.007504,2706476.8,391.2837069,IT=10;10 ,ii
2818,Ref 1,20.999,44624,25931316.0,11.011575,2173351.8,391.28369,IT=10;10 ,ii
2819,Ref 1,37.429,57164,23427602.0,11.015919,1868221.0,391.2838833,IT=19;19 ,ii
2820,Ref 1,23.893,43340,24673028.0,11.019675,2393751.5,391.2837942,IT=12;12 ,ii
2821,Ref 1,24.203,44564,23224134.0,11.023769,1913468.0,391.2837377,IT=12;12 ,ii
2822,Ref 1,22.565,44060,23303966.0,11.027825,2061397.2,391.2838045,IT=11;11 ,ii
2823,Ref 1,15.257,36688,26088996.0,11.031785,2362380.5,391.2838354,IT=7.6;7.6 ,ii
2824,Ref 1,15.903,35380,23031548.0,11.035658,2127655.0,391.2837669,IT=8;8 ,ii
2825,Ref 1,24.074,44044,21061054.0,11.039841,1766510.9,391.2838389,IT=12;12 ,ii
2826,Ref 1,19.880,44984,30316590.0,11.043858,2537709.8,391.283757,IT=9.9;9.9 ,ii
2827,Ref 1,25.260,47536,24856926.0,11.048004,1902352.9,391.2837913,IT=13;13 ,ii
2828,Ref 1,27.537,46584,23488348.0,11.051964,1970573.9,391.2839216,IT=14;14 ,ii
2830,Ref 1,19.304,41008,24752856.0,11.056072,2309818.8,391.2838321,IT=9.7;9.7 ,ii
2831,Ref 1,22.136,47520,27916598.0,11.060181,2341112.5,391.2837784,IT=11;11 ,ii
2832,Ref 1,35.418,55388,23105282.0,11.064472,1920743.4,391.2838309,IT=18;18 ,ii
2833,Ref 1,25.334,47220,25935178.0,11.068451,2254785.5,391.2837706,IT=13;13 ,ii
2834,Ref 1,23.140,44828,26727182.0,11.072341,2412765.8,391.2837858,IT=12;12 ,ii
2835,Ref 1,46.976,61060,21609264.0,11.076824,1692745.6,391.2839792,IT=23;23 ,ii
2836,Ref 1,28.030,48928,24108678.0,11.080689,2063905.1,391.2837415,IT=14;14 ,ii
2837,Ref 1,24.461,47964,27739198.0,11.084726,2364641.0,391.2836861,IT=12;12 ,ii
2838,Ref 1,22.670,46236,23899002.0,11.08862,1951937.6,391.2837365,IT=11;11 ,ii
2839,Ref 1,36.099,55620,23580906.0,11.092922,1935949.6,391.2837979,IT=18;18 ,ii
2840,Ref 1,23.295,46212,25716776.0,11.09686,2137929.8,391.2836815,IT=12;12 ,ii
2841,Ref 1,20.802,41056,21217682.0,11.100899,1748150.5,391.2837609,IT=10;10 ,ii
2842,Ref 1,40.136,56328,24336382.0,11.105126,2038325.6,391.2839423,IT=20;20 ,ii
2843,Ref 1,23.908,43524,23965648.0,11.109028,2132297.0,391.2837755,IT=12;12 ,ii
2844,Ref 1,28.280,50040,23528544.0,11.113187,1870372.6,391.2837279,IT=14;14 ,ii
2845,Ref 1,22.905,43984,22772056.0,11.11721,1933063.6,391.2837608,IT=11;11 ,ii
2846,Ref 1,17.267,39060,26706298.0,11.121028,2467128.8,391.2837702,IT=8.6;8.6 ,ii
2847,Ref 1,24.629,46468,24464296.0,11.125214,2030133.6,391.2837612,IT=12;12 ,ii
2848,Ref 1,39.573,54516,23266884.0,11.129547,1928615.6,391.2839899,IT=20;20 ,ii
2849,Ref 1,25.328,49192,26012346.0,11.133482,2198062.2,391.2836976,IT=13;13 ,ii
2850,Ref 1,30.627,50604,23461754.0,11.137507,1855806.0,391.2837559,IT=15;15 ,ii
2851,Ref 1,27.288,49208,24218174.0,11.14157,1979322.8,391.2837684,IT=14;14 ,ii
2852,Ref 1,24.941,47388,25882328.0,11.145639,2290050.8,391.283699,IT=12;12 ,ii
2853,Ref 1,24.018,50168,27657748.0,11.149711,2253253.2,391.2836742,IT=12;12 ,ii
2854,Ref 1,25.430,45496,22547866.0,11.153818,1951811.5,391.2836883,IT=13;13 ,ii
2855,Ref 1,22.642,44532,25164338.0,11.157693,2243285.0,391.2837296,IT=11;11 ,ii
2856,Ref 1,21.283,43268,24123638.0,11.161753,2112767.2,391.2837335,IT=11;11 ,ii
2857,Ref 1,22.843,50328,28836716.0,11.165853,2413708.2,391.2836397,IT=11;11 ,ii
2858,Ref 1,32.786,52140,24514434.0,11.170103,2028476.6,391.2839053,IT=16;16 ,ii
2859,Ref 1,26.747,50852,27593208.0,11.174128,2201965.5,391.2837003,IT=13;13 ,ii
2860,Ref 1,21.173,43604,24173076.0,11.178134,1910861.2,391.2837572,IT=11;11 ,ii
2861,Ref 1,26.541,47908,24921436.0,11.182299,2067058.4,391.2838142,IT=13;13 ,ii
2862,Ref 1,19.059,44336,27201362.0,11.186274,2341918.5,391.2837031,IT=9.5;9.5 ,ii
2863,Ref 1,22.770,43832,23738104.0,11.190228,1946457.0,391.2837812,IT=11;11 ,ii
2864,Ref 1,25.112,47348,26277856.0,11.194347,2169567.8,391.2839216,IT=13;13 ,ii
2867,Ref 1,21.185,45640,25634568.0,11.200044,1911263.4,391.2838561,IT=11;11 ,ii
2868,Ref 1,24.960,46612,24194596.0,11.204182,1971203.5,391.2837664,IT=12;12 ,ii
2869,Ref 1,33.202,55968,27031204.0,11.208421,2179026.2,391.283961,IT=17;17 ,ii
2870,Ref 1,24.171,48284,24160034.0,11.212423,1915935.4,391.2837996,IT=12;12 ,ii
2871,Ref 1,20.313,42684,24547438.0,11.216301,1903193.6,391.2838115,IT=10;10 ,ii
2872,Ref 1,24.310,49068,26789926.0,11.220436,2213326.0,391.2837657,IT=12;12 ,ii
2873,Ref 1,28.714,51296,24878814.0,11.224607,2055770.5,391.283803,IT=14;14 ,ii
2874,Ref 1,30.354,49896,23876520.0,11.228763,1864363.2,391.283897,IT=15;15 ,ii
2875,Ref 1,21.555,45572,26342462.0,11.232753,2263965.2,391.2837146,IT=11;11 ,ii
2876,Ref 1,28.412,54976,29515342.0,11.236957,2103332.5,391.2839607,IT=14;14 ,ii
2879,Ref 1,1.417,120180,2510515500.0,11.242348,128828280.0,472.2811388,IT=0.71;0.71 ,ii
2890,Ref 1,0.268,61304,2913342200.0,11.255163,225085820.0,352.1895132,IT=0.13;0.13 ,ii
2901,Ref 1,0.223,45376,2239090200.0,11.264827,242738850.0,352.1895242,IT=0.11;0.11 ,ii
2912,Ref 1,0.274,49676,1966212100.0,11.274879,158673470.0,352.189616,IT=0.14;0.14 ,ii
2923,Ref 1,0.342,49660,1484373200.0,11.285244,65667252.0,416.2858618,IT=0.17;0.17 ,ii
2931,Ref 1,0.422,51576,1251328800.0,11.294954,41625996.0,408.221378,IT=0.21;0.21 ,ii
2939,Ref 1,0.461,51240,1056161000.0,11.304662,32720074.0,408.221337,IT=0.23;0.23 ,ii
2950,Ref 1,0.569,53648,994958660.0,11.316566,23893520.0,408.221174,IT=0.28;0.28 ,ii
2961,Ref 1,0.667,52844,816696960.0,11.329852,18985546.0,551.2724856,IT=0.33;0.33 ,ii
2964,Ref 1,0.708,57376,838911170.0,11.334879,22316052.0,551.2725107,IT=0.35;0.35 ,ii
2973,Ref 1,0.859,53848,693970820.0,11.346393,17313338.0,551.272622,IT=0.43;0.43 ,ii
2979,Ref 1,0.927,52260,561570430.0,11.355195,12723676.0,417.704194,IT=0.46;0.46 ,ii
2987,Ref 1,1.343,57592,455157180.0,11.366131,15199259.0,359.1793419,IT=0.67;0.67 ,ii
2995,Ref 1,1.475,54292,379121380.0,11.376629,20236966.0,359.1792384,IT=0.74;0.74 ,ii
3000,Ref 1,1.729,54800,341058340.0,11.385545,20977152.0,359.179221,IT=0.86;0.86 ,ii
3010,Ref 1,2.562,57480,250997250.0,11.403647,19427594.0,359.1792566,IT=1.3;1.3 ,ii
3015,Ref 1,2.800,54896,190540030.0,11.412505,12460005.0,359.1792991,IT=1.4;1.4 ,ii
3020,Ref 1,3.265,57512,175662980.0,11.420855,10376714.0,359.1792656,IT=1.6;1.6 ,ii
3025,Ref 1,3.388,57156,178097360.0,11.431276,10835000.0,359.1794147,IT=1.7;1.7 ,ii
3028,Ref 1,4.956,64968,161104720.0,11.436703,8970544.0,359.1794682,IT=2.5;2.5 ,ii
3033,Ref 1,4.752,56824,139967220.0,11.445774,8156473.0,359.1794063,IT=2.4;2.4 ,ii
3035,Ref 1,5.099,64644,163053790.0,11.451526,9381595.0,359.1792992,IT=2.5;2.5 ,ii
3036,Ref 1,8.523,69416,129871710.0,11.455449,6599512.5,359.1793786,IT=4.3;4.3 ,ii
3037,Ref 1,5.362,61696,138605340.0,11.459293,7324533.5,359.1793296,IT=2.7;2.7 ,ii
3039,Ref 1,4.926,58040,136399410.0,11.465001,8000311.5,359.1792764,IT=2.5;2.5 ,ii
3040,Ref 1,6.442,63260,130555690.0,11.468884,6976303.5,359.1793168,IT=3.2;3.2 ,ii
3043,Ref 1,5.593,58436,133130680.0,11.476461,7960922.5,359.1792454,IT=2.8;2.8 ,ii
3045,Ref 1,5.666,58680,126300220.0,11.482224,6721483.0,359.1793821,IT=2.8;2.8 ,ii
3047,Ref 1,4.881,52336,122072710.0,11.487993,7624812.5,359.1794172,IT=2.4;2.4 ,ii
3048,Ref 1,3.942,53080,140433280.0,11.491832,9540860.0,359.1793214,IT=2;2 ,ii
3049,Ref 1,7.339,61648,117491990.0,11.495876,6224510.0,359.1793267,IT=3.7;3.7 ,ii
3050,Ref 1,7.111,63156,128951150.0,11.499565,7225027.0,359.1793644,IT=3.6;3.6 ,ii
3052,Ref 1,6.369,58512,108282800.0,11.505292,5617711.5,359.1794346,IT=3.2;3.2 ,ii
3053,Ref 1,7.128,61860,114794750.0,11.509199,6343211.0,359.1793623,IT=3.6;3.6 ,ii
3054,Ref 1,6.281,57960,113389650.0,11.513057,6039094.5,359.1794545,IT=3.1;3.1 ,ii
3055,Ref 1,9.815,70204,112460810.0,11.516961,5533943.5,359.1793494,IT=4.9;4.9 ,ii
3056,Ref 1,7.371,60068,104759560.0,11.52068,4873831.5,359.1793902,IT=3.7;3.7 ,ii
3057,Ref 1,7.821,62824,103790690.0,11.524561,4305683.5,359.1793517,IT=3.9;3.9 ,ii
3058,Ref 1,6.379,58856,111719880.0,11.528417,5655041.5,359.1793864,IT=3.2;3.2 ,ii
3060,Ref 1,7.617,59564,98682888.0,11.534161,4181211.0,359.1794413,IT=3.8;3.8 ,ii
3061,Ref 1,7.834,60564,101959090.0,11.538082,4488132.0,359.1793605,IT=3.9;3.9 ,ii
3063,Ref 1,8.008,58968,94417728.0,11.543842,3659175.5,359.179395,IT=4;4 ,ii
3065,Ref 1,7.882,57708,88966616.0,11.549638,3064903.8,359.179407,IT=3.9;3.9 ,ii
3066,Ref 1,10.206,68636,95450448.0,11.553602,3307989.2,359.1795299,IT=5.1;5.1 ,ii
3069,Ref 1,7.835,59260,94144600.0,11.561194,2702675.0,359.1794918,IT=3.9;3.9 ,ii
3070,Ref 1,8.574,59916,92084368.0,11.565127,2707539.0,359.1795341,IT=4.3;4.3 ,ii
3071,Ref 1,7.952,60264,91088200.0,11.568848,2799190.2,359.1794401,IT=4;4 ,ii
3073,Ref 1,8.621,64128,101648530.0,11.574617,2818655.2,391.2835043,IT=4.3;4.3 ,ii
3075,Ref 1,8.350,57992,84403840.0,11.580429,2159906.0,407.2282996,IT=4.2;4.2 ,ii
3077,Ref 1,8.393,58128,82922576.0,11.586236,2418301.0,391.2836125,IT=4.2;4.2 ,ii
3078,Ref 1,6.669,53536,86180256.0,11.590138,2377484.2,407.2283792,IT=3.3;3.3 ,ii
3079,Ref 1,12.732,67960,83575552.0,11.59409,2232077.5,391.2835816,IT=6.4;6.4 ,ii
3081,Ref 1,8.927,62260,86225352.0,11.599886,2388098.8,407.2282994,IT=4.5;4.5 ,ii
3082,Ref 1,11.845,65784,79142056.0,11.603875,2124109.5,407.228402,IT=5.9;5.9 ,ii
3083,Ref 1,8.924,58396,71473080.0,11.607804,1974472.8,391.2836194,IT=4.5;4.5 ,ii
3084,Ref 1,8.455,62944,90717016.0,11.611533,2521891.2,391.2835184,IT=4.2;4.2 ,ii
3085,Ref 1,9.819,60964,81544432.0,11.615448,2487947.8,391.2836361,IT=4.9;4.9 ,ii
3086,Ref 1,10.457,62344,81684032.0,11.619375,2222641.2,391.2836744,IT=5.2;5.2 ,ii
3087,Ref 1,11.844,65240,77938832.0,11.623333,2263698.0,391.283699,IT=5.9;5.9 ,ii
3088,Ref 1,11.220,66372,91051328.0,11.627127,2565009.5,391.2836157,IT=5.6;5.6 ,ii
3089,Ref 1,8.914,55688,68854240.0,11.631044,2165625.0,391.2837193,IT=4.5;4.5 ,ii
3091,Ref 1,9.257,56768,75297520.0,11.636846,2511604.5,391.2837198,IT=4.6;4.6 ,ii
3093,Ref 1,10.871,61104,63205620.0,11.642698,1674491.8,391.2836495,IT=5.4;5.4 ,ii
3095,Ref 1,10.064,56112,68297856.0,11.648535,2017156.4,391.2836435,IT=5;5 ,ii
3097,Ref 1,10.166,57552,66570456.0,11.654412,1981568.6,391.2836901,IT=5.1;5.1 ,ii
3098,Ref 1,11.609,63240,76351640.0,11.658414,2250854.8,391.2836697,IT=5.8;5.8 ,ii
3099,Ref 1,12.719,63776,73574344.0,11.6624,2232199.2,391.2836969,IT=6.4;6.4 ,ii
3100,Ref 1,9.655,59020,74820824.0,11.666337,2195523.0,391.2836218,IT=4.8;4.8 ,ii
3101,Ref 1,12.175,61740,71870384.0,11.670127,2117838.0,391.28369,IT=6.1;6.1 ,ii
3103,Ref 1,10.194,56220,74662280.0,11.675943,2239169.2,391.2836421,IT=5.1;5.1 ,ii
3104,Ref 1,11.539,61536,71610976.0,11.679939,2207800.2,391.2836669,IT=5.8;5.8 ,ii
3105,Ref 1,11.611,60860,69845384.0,11.683895,2236774.5,391.2835944,IT=5.8;5.8 ,ii
3107,Ref 1,10.279,57660,71486784.0,11.689687,2142990.8,391.2836982,IT=5.1;5.1 ,ii
3109,Ref 1,10.208,58608,76561424.0,11.695527,2316440.0,391.2836179,IT=5.1;5.1 ,ii
3113,Ref 1,10.838,58732,73164632.0,11.705022,2265325.5,391.2836629,IT=5.4;5.4 ,ii
3117,Ref 1,9.988,61012,88100376.0,11.712691,2633597.5,391.2836658,IT=5;5 ,ii
3118,Ref 1,13.424,62600,69302600.0,11.716718,2092617.1,407.2283995,IT=6.7;6.7 ,ii
3119,Ref 1,10.473,56332,69508376.0,11.72067,2246798.8,391.2835933,IT=5.2;5.2 ,ii
3120,Ref 1,12.438,58992,65679456.0,11.724641,2153655.0,391.2836658,IT=6.2;6.2 ,ii
3121,Ref 1,8.892,58744,82702120.0,11.728391,2576751.5,391.2835934,IT=4.4;4.4 ,ii
3125,Ref 1,10.662,55544,64483532.0,11.737833,2012360.5,391.2836792,IT=5.3;5.3 ,ii
3126,Ref 1,14.794,65932,71109992.0,11.741893,2050395.8,391.2836713,IT=7.4;7.4 ,ii
3127,Ref 1,11.203,59232,72278752.0,11.745864,2226421.2,361.1805037,IT=5.6;5.6 ,ii
3130,Ref 1,10.406,55788,71810200.0,11.751655,2347060.8,361.1804661,IT=5.2;5.2 ,ii
3131,Ref 1,10.383,57172,66769516.0,11.755468,2107405.8,361.1805029,IT=5.2;5.2 ,ii
3132,Ref 1,9.537,54496,68240952.0,11.759389,2066325.4,361.1804345,IT=4.8;4.8 ,ii
3134,Ref 1,10.319,54480,71931368.0,11.765186,2261622.2,391.2835719,IT=5.2;5.2 ,ii
3135,Ref 1,11.751,55656,63605596.0,11.769197,2105717.8,361.1805478,IT=5.9;5.9 ,ii
3136,Ref 1,12.734,59628,71013528.0,11.773172,2319091.8,361.1806129,IT=6.4;6.4 ,ii
3138,Ref 1,9.871,57768,76931080.0,11.777126,2915402.8,361.1805002,IT=4.9;4.9 ,ii
3140,Ref 1,12.633,58956,66801936.0,11.783005,2156705.0,391.2837203,IT=6.3;6.3 ,ii
3143,Ref 1,10.430,54144,67115480.0,11.788857,2269667.5,391.2835432,IT=5.2;5.2 ,ii
3145,Ref 1,11.303,52848,62374308.0,11.794711,2137910.0,361.1804447,IT=5.7;5.7 ,ii
3146,Ref 1,7.835,49140,72927936.0,11.798488,2516283.2,391.2837047,IT=3.9;3.9 ,ii
3149,Ref 1,10.613,54724,65839112.0,11.806095,2199357.8,361.1805479,IT=5.3;5.3 ,ii
3152,Ref 1,11.413,59156,71586872.0,11.81163,2504201.2,361.1805521,IT=5.7;5.7 ,ii
3153,Ref 1,9.977,53148,72320408.0,11.815607,2560561.5,391.2837041,IT=5;5 ,ii
3154,Ref 1,10.200,52656,69612512.0,11.819363,2378388.5,361.180553,IT=5.1;5.1 ,ii
3155,Ref 1,13.630,62828,69315272.0,11.823349,2339474.8,391.2837096,IT=6.8;6.8 ,ii
3157,Ref 1,12.221,57064,69492352.0,11.829194,2361494.8,361.1805315,IT=6.1;6.1 ,ii
3159,Ref 1,11.061,52012,63172708.0,11.835067,2168174.5,391.2836702,IT=5.5;5.5 ,ii
3161,Ref 1,10.205,55860,72531456.0,11.840903,2415003.2,361.1804407,IT=5.1;5.1 ,ii
3162,Ref 1,13.650,61988,68654976.0,11.844932,2133065.0,391.2836467,IT=6.8;6.8 ,ii
3163,Ref 1,12.924,56088,59701376.0,11.848919,1861151.4,391.2836137,IT=6.5;6.5 ,ii
3165,Ref 1,10.458,55196,78576728.0,11.854715,2676900.2,361.1805234,IT=5.2;5.2 ,ii
3167,Ref 1,11.077,57856,76574048.0,11.860586,2607818.5,361.1805155,IT=5.5;5.5 ,ii
3169,Ref 1,11.058,55364,71422832.0,11.864584,2548204.2,361.1805457,IT=5.5;5.5 ,ii
3172,Ref 1,11.022,55864,71839648.0,11.870113,2395695.8,391.2835746,IT=5.5;5.5 ,ii
3173,Ref 1,16.510,64936,71549104.0,11.874194,2445406.2,391.2837503,IT=8.3;8.3 ,ii
3175,Ref 1,9.918,53780,73099128.0,11.878144,2703002.2,391.2836035,IT=5;5 ,ii
3176,Ref 1,8.577,48000,63548580.0,11.882088,2094900.9,391.2836165,IT=4.3;4.3 ,ii
3177,Ref 1,11.684,52912,65360588.0,11.886031,2092111.6,391.2835524,IT=5.8;5.8 ,ii
3179,Ref 1,10.682,49432,63005160.0,11.891831,2086281.1,391.2836465,IT=5.3;5.3 ,ii
3180,Ref 1,15.063,56992,58788436.0,11.89589,1919809.5,391.2835592,IT=7.5;7.5 ,ii
3181,Ref 1,10.376,51972,67893840.0,11.899675,2376199.0,391.2835455,IT=5.2;5.2 ,ii
3183,Ref 1,11.459,51952,66156184.0,11.905483,2215834.0,391.2835359,IT=5.7;5.7 ,ii
3184,Ref 1,17.263,62988,64603232.0,11.909406,2074287.9,391.2836838,IT=8.6;8.6 ,ii
3185,Ref 1,11.141,53480,64566588.0,11.913352,2137624.8,391.2836164,IT=5.6;5.6 ,ii
3187,Ref 1,13.954,57100,63582484.0,11.919225,2092511.2,391.2835413,IT=7;7 ,ii
3188,Ref 1,13.624,57096,65933600.0,11.923344,2293675.8,391.2835802,IT=6.8;6.8 ,ii
3189,Ref 1,11.239,53928,69154968.0,11.927308,2402607.0,391.2837163,IT=5.6;5.6 ,ii
3192,Ref 1,13.770,57460,65022268.0,11.933167,2267163.0,391.2836127,IT=6.9;6.9 ,ii
3193,Ref 1,15.530,59116,67977768.0,11.937062,2352289.2,361.1805281,IT=7.8;7.8 ,ii
3194,Ref 1,10.558,48936,63571248.0,11.941017,2319828.2,391.2837246,IT=5.3;5.3 ,ii
3197,Ref 1,11.546,56132,68802656.0,11.946839,2375908.5,391.2836377,IT=5.8;5.8 ,ii
3199,Ref 1,11.416,53600,72888568.0,11.952694,2723962.2,391.2837057,IT=5.7;5.7 ,ii
3202,Ref 1,11.825,54284,67972496.0,11.960389,2221892.8,391.2835781,IT=5.9;5.9 ,ii
3203,Ref 1,11.539,54804,70477856.0,11.964396,2479044.0,391.2835862,IT=5.8;5.8 ,ii
3204,Ref 1,13.687,55700,63966816.0,11.968216,2217524.8,361.1804257,IT=6.8;6.8 ,ii
3205,Ref 1,11.625,52508,63664972.0,11.972189,2112242.5,391.2835199,IT=5.8;5.8 ,ii
3206,Ref 1,11.611,53476,66835220.0,11.976143,2682581.0,391.2835379,IT=5.8;5.8 ,ii
3207,Ref 1,12.073,55896,69109760.0,11.98011,2484324.2,361.1803883,IT=6;6 ,ii
3208,Ref 1,11.876,54996,65147868.0,11.983908,2279070.2,361.1802977,IT=5.9;5.9 ,ii
3209,Ref 1,14.380,55576,62334932.0,11.98792,2166489.8,391.2835817,IT=7.2;7.2 ,ii
3210,Ref 1,13.313,52684,59910824.0,11.991935,2183472.2,391.2836133,IT=6.7;6.7 ,ii
3211,Ref 1,14.530,55204,60022892.0,11.995793,2043380.2,361.1804946,IT=7.3;7.3 ,ii
3212,Ref 1,18.575,63324,68954856.0,11.999887,2361681.0,361.1805571,IT=9.3;9.3 ,ii
3213,Ref 1,9.660,46508,60303828.0,12.003806,2085059.8,391.2837279,IT=4.8;4.8 ,ii
3216,Ref 1,14.692,55776,61384388.0,12.01137,2208951.5,391.2836562,IT=7.3;7.3 ,ii
3217,Ref 1,12.773,57048,66368916.0,12.015379,2319536.0,391.2836553,IT=6.4;6.4 ,ii
3218,Ref 1,8.802,45756,68169808.0,12.019297,2491774.0,391.2835858,IT=4.4;4.4 ,ii
3219,Ref 1,16.381,59596,67269064.0,12.023318,2297719.0,361.180431,IT=8.2;8.2 ,ii
3220,Ref 1,13.099,53532,63401900.0,12.027141,2383211.2,361.1804452,IT=6.5;6.5 ,ii
3221,Ref 1,8.024,42792,59757872.0,12.031049,2233532.2,391.2836783,IT=4;4 ,ii
3223,Ref 1,13.961,55424,61769572.0,12.036899,2269021.0,391.2836248,IT=7;7 ,ii
3224,Ref 1,13.921,53932,59342864.0,12.040939,2334760.2,391.2835831,IT=7;7 ,ii
3225,Ref 1,11.972,49652,60179172.0,12.044918,2204382.5,391.2835608,IT=6;6 ,ii
3227,Ref 1,12.013,50220,58851420.0,12.050737,2296323.0,391.2836523,IT=6;6 ,ii
3229,Ref 1,10.995,50036,60176336.0,12.056597,2187724.8,391.2836333,IT=5.5;5.5 ,ii
3230,Ref 1,16.372,57836,62734044.0,12.060678,2103782.5,391.2837681,IT=8.2;8.2 ,ii
3233,Ref 1,12.215,51272,62737332.0,12.066503,2330034.2,391.2836003,IT=6.1;6.1 ,ii
3235,Ref 1,11.617,53064,65504264.0,12.072368,2331990.0,391.2835972,IT=5.8;5.8 ,ii
3236,Ref 1,9.116,48204,73655704.0,12.076328,2704818.8,391.2836893,IT=4.6;4.6 ,ii
3238,Ref 1,11.943,50840,62686728.0,12.080284,2299651.2,391.2836119,IT=6;6 ,ii
3239,Ref 1,11.847,46220,49323692.0,12.084291,1671274.8,391.2837759,IT=5.9;5.9 ,ii
3241,Ref 1,11.918,51128,61491132.0,12.090109,2348023.0,391.2835954,IT=6;6 ,ii
3242,Ref 1,8.772,47072,64855532.0,12.094065,2192334.0,391.2836714,IT=4.4;4.4 ,ii
3243,Ref 1,13.404,53976,60330020.0,12.098038,2224287.5,391.2837145,IT=6.7;6.7 ,ii
3245,Ref 1,11.959,54652,67043000.0,12.103865,2484200.0,391.2836024,IT=6;6 ,ii
3246,Ref 1,15.530,56628,60262636.0,12.107768,1999920.9,391.2836342,IT=7.8;7.8 ,ii
3247,Ref 1,15.811,55436,59116488.0,12.111811,2058118.6,391.2836909,IT=7.9;7.9 ,ii
3248,Ref 1,12.112,52688,64155672.0,12.115797,2139848.2,431.2005657,IT=6.1;6.1 ,ii
3249,Ref 1,14.399,53856,58159628.0,12.119805,2038154.5,391.2836715,IT=7.2;7.2 ,ii
3250,Ref 1,13.506,52496,55263988.0,12.12364,2139046.5,391.2836804,IT=6.8;6.8 ,ii
3251,Ref 1,10.773,50376,68289200.0,12.127588,2583914.8,391.2836356,IT=5.4;5.4 ,ii
3253,Ref 1,12.380,52528,61103020.0,12.133417,2221104.5,391.2835928,IT=6.2;6.2 ,ii
3254,Ref 1,11.270,47448,59677592.0,12.137428,2208330.2,391.2836438,IT=5.6;5.6 ,ii
3255,Ref 1,10.592,48228,63364404.0,12.141363,2599570.5,391.2837402,IT=5.3;5.3 ,ii
3257,Ref 1,11.541,46804,54186852.0,12.145338,1986042.2,431.2006306,IT=5.8;5.8 ,ii
3260,Ref 1,14.766,57720,64451184.0,12.152819,2421806.5,431.200608,IT=7.4;7.4 ,ii
3261,Ref 1,12.466,52276,65457516.0,12.156819,2603982.2,431.2005811,IT=6.2;6.2 ,ii
3262,Ref 1,14.679,57228,66055928.0,12.160659,2565158.2,431.200558,IT=7.3;7.3 ,ii
3263,Ref 1,13.186,53868,65622456.0,12.164659,2674817.0,431.2005879,IT=6.6;6.6 ,ii
3265,Ref 1,13.410,51764,61508536.0,12.170523,2677417.2,431.200618,IT=6.7;6.7 ,ii
3266,Ref 1,12.423,49628,58678396.0,12.174542,2680367.5,431.2007722,IT=6.2;6.2 ,ii
3268,Ref 1,12.004,51032,64952976.0,12.178661,2864151.2,431.2006764,IT=6;6 ,ii
3271,Ref 1,15.726,58604,66026904.0,12.186423,3179266.5,431.2007491,IT=7.9;7.9 ,ii
3273,Ref 1,12.218,52096,64178240.0,12.190454,3100514.8,431.2005353,IT=6.1;6.1 ,ii
3274,Ref 1,11.955,50044,59820148.0,12.194465,3006757.8,431.2006096,IT=6;6 ,ii
3276,Ref 1,12.564,48608,57939944.0,12.198461,2842031.0,431.2004835,IT=6.3;6.3 ,ii
3277,Ref 1,12.714,53876,67390920.0,12.202482,3686071.0,431.200451,IT=6.4;6.4 ,ii
3278,Ref 1,16.923,60256,65939888.0,12.206538,3595273.8,431.2006581,IT=8.5;8.5 ,ii
3279,Ref 1,12.025,46224,51762432.0,12.210511,3068677.5,431.2007056,IT=6;6 ,ii
3281,Ref 1,10.583,48100,67329760.0,12.214436,4042667.2,431.2004712,IT=5.3;5.3 ,ii
3282,Ref 1,13.566,52952,58447568.0,12.218467,3496069.8,431.2005016,IT=6.8;6.8 ,ii
3283,Ref 1,8.845,42588,64794392.0,12.222392,4297971.0,431.2006632,IT=4.4;4.4 ,ii
3284,Ref 1,11.920,48640,57735616.0,12.226338,3603313.8,431.200736,IT=6;6 ,ii
3285,Ref 1,13.820,53656,65498596.0,12.230333,4365735.0,431.2005861,IT=6.9;6.9 ,ii
3286,Ref 1,12.908,53188,68270776.0,12.234319,4620140.5,431.2006017,IT=6.5;6.5 ,ii
3288,Ref 1,10.700,49104,71557584.0,12.240121,5560801.5,431.2006372,IT=5.3;5.3 ,ii
3289,Ref 1,9.083,45552,69982720.0,12.244075,5032397.0,431.2007366,IT=4.5;4.5 ,ii
3291,Ref 1,11.018,45784,60949852.0,12.249879,4685839.0,431.2008198,IT=5.5;5.5 ,ii
3292,Ref 1,12.489,52640,68390432.0,12.253904,5278009.0,431.2006334,IT=6.2;6.2 ,ii
3294,Ref 1,10.793,45320,60762856.0,12.258575,4982775.0,431.2007129,IT=5.4;5.4 ,ii
3295,Ref 1,15.772,55880,61369592.0,12.262475,5090424.5,431.2006921,IT=7.9;7.9 ,ii
3296,Ref 1,8.022,42128,72378616.0,12.266404,6135833.5,431.2007127,IT=4;4 ,ii
3297,Ref 1,6.783,40160,74501000.0,12.270258,6698499.0,431.2006419,IT=3.4;3.4 ,ii
3300,Ref 1,11.269,51168,67709296.0,12.277887,6194270.0,431.2006135,IT=5.6;5.6 ,ii
3302,Ref 1,12.374,52156,70468672.0,12.283775,7050828.0,431.2006206,IT=6.2;6.2 ,ii
3303,Ref 1,13.765,50232,61285152.0,12.287827,6186694.5,431.2008393,IT=6.9;6.9 ,ii
3305,Ref 1,11.215,52060,74299592.0,12.291797,7151387.5,431.2006849,IT=5.6;5.6 ,ii
3306,Ref 1,12.778,49256,63637140.0,12.295818,6404898.0,431.2006714,IT=6.4;6.4 ,ii
3307,Ref 1,14.416,55500,67119304.0,12.299662,6820246.5,431.200579,IT=7.2;7.2 ,ii
3309,Ref 1,10.937,49736,73755744.0,12.305464,8056765.5,431.2005859,IT=5.5;5.5 ,ii
3310,Ref 1,11.006,51608,82080032.0,12.309449,9111421.0,431.2006308,IT=5.5;5.5 ,ii
3311,Ref 1,13.756,52828,65088172.0,12.313435,7422996.5,431.2006604,IT=6.9;6.9 ,ii
3312,Ref 1,10.467,48100,71588032.0,12.317376,8330031.5,431.2005807,IT=5.2;5.2 ,ii
3314,Ref 1,11.874,49752,61166204.0,12.323193,7355706.0,431.2007416,IT=5.9;5.9 ,ii
3315,Ref 1,14.246,52212,67392248.0,12.327239,7819681.5,431.2006706,IT=7.1;7.1 ,ii
3317,Ref 1,11.285,51440,70777264.0,12.333049,8393810.0,431.2005461,IT=5.6;5.6 ,ii
3318,Ref 1,15.111,53972,66500336.0,12.336945,8417375.0,431.2007024,IT=7.6;7.6 ,ii
3319,Ref 1,8.544,45200,75302936.0,12.340866,10022902.0,431.2006381,IT=4.3;4.3 ,ii
3320,Ref 1,16.346,57028,70502544.0,12.344885,8643112.0,431.2007943,IT=8.2;8.2 ,ii
3321,Ref 1,9.351,43936,61191616.0,12.348816,8127940.5,431.2007306,IT=4.7;4.7 ,ii
3322,Ref 1,10.055,48932,70655160.0,12.352568,9067529.0,431.2007447,IT=5;5 ,ii
3324,Ref 1,10.480,46268,67552688.0,12.356501,9307240.0,431.2007859,IT=5.2;5.2 ,ii
3327,Ref 1,10.221,47552,69990664.0,12.362368,8966987.0,431.2007519,IT=5.1;5.1 ,ii
3328,Ref 1,13.122,52768,71424544.0,12.366391,9520642.0,431.2007184,IT=6.6;6.6 ,ii
3330,Ref 1,10.790,49780,69428144.0,12.372197,9509259.0,431.200695,IT=5.4;5.4 ,ii
3331,Ref 1,16.014,55308,66003704.0,12.376262,8867836.0,431.2007594,IT=8;8 ,ii
3332,Ref 1,10.248,48460,78747240.0,12.380205,10753958.0,431.2005873,IT=5.1;5.1 ,ii
3334,Ref 1,10.956,48592,72717432.0,12.386009,10438320.0,431.200625,IT=5.5;5.5 ,ii
3336,Ref 1,10.142,47124,67650680.0,12.391845,9468167.0,431.2006721,IT=5.1;5.1 ,ii
3337,Ref 1,17.817,61384,75228968.0,12.395943,10599754.0,431.2007149,IT=8.9;8.9 ,ii
3338,Ref 1,12.042,49912,64805740.0,12.399901,9454614.0,431.2005324,IT=6;6 ,ii
3339,Ref 1,13.012,51420,67437272.0,12.403876,9289915.0,431.2006674,IT=6.5;6.5 ,ii
3341,Ref 1,11.093,48912,74604320.0,12.40798,10381247.0,431.2005687,IT=5.5;5.5 ,ii
3342,Ref 1,9.018,45300,73533536.0,12.411766,10825835.0,431.2005495,IT=4.5;4.5 ,ii
3343,Ref 1,12.698,56372,78222960.0,12.415724,10961311.0,431.2006008,IT=6.3;6.3 ,ii
3344,Ref 1,9.482,44444,74157056.0,12.419653,10532090.0,431.2005836,IT=4.7;4.7 ,ii
3345,Ref 1,14.943,55084,76184800.0,12.423647,10819210.0,431.2006802,IT=7.5;7.5 ,ii
3346,Ref 1,8.977,46832,75877472.0,12.427409,10985991.0,431.2005132,IT=4.5;4.5 ,ii
3347,Ref 1,12.202,52092,74258424.0,12.431359,10455240.0,431.2006117,IT=6.1;6.1 ,ii
3351,Ref 1,11.170,50968,80099016.0,12.438703,11741541.0,431.2005797,IT=5.6;5.6 ,ii
3352,Ref 1,10.824,46112,64288064.0,12.442522,9359493.0,431.2008643,IT=5.4;5.4 ,ii
3354,Ref 1,10.701,47324,75249664.0,12.44648,10925229.0,431.2005376,IT=5.4;5.4 ,ii
3356,Ref 1,11.769,43924,54240744.0,12.451307,8598082.0,431.2006932,IT=5.9;5.9 ,ii
3358,Ref 1,9.413,43636,70845376.0,12.457128,10975279.0,431.2006506,IT=4.7;4.7 ,ii
3360,Ref 1,10.365,47268,72911456.0,12.462963,10697688.0,431.200539,IT=5.2;5.2 ,ii
3361,Ref 1,6.709,35168,64926324.0,12.466876,10314481.0,431.2007315,IT=3.4;3.4 ,ii
3362,Ref 1,11.731,53092,78226912.0,12.470805,11279858.0,431.2006072,IT=5.9;5.9 ,ii
3363,Ref 1,13.569,55080,76427912.0,12.474794,11323659.0,431.20052,IT=6.8;6.8 ,ii
3364,Ref 1,10.406,48468,75409648.0,12.478746,11099665.0,431.2005493,IT=5.2;5.2 ,ii
3365,Ref 1,12.157,54816,87073800.0,12.482705,12958493.0,431.200655,IT=6.1;6.1 ,ii
3366,Ref 1,11.650,49056,79825560.0,12.486505,12562386.0,431.200605,IT=5.8;5.8 ,ii
3367,Ref 1,12.131,53288,76508968.0,12.490477,11709022.0,431.200675,IT=6.1;6.1 ,ii
3368,Ref 1,10.092,47172,80247488.0,12.494413,12592307.0,431.200604,IT=5;5 ,ii
3370,Ref 1,12.810,54976,79419360.0,12.500261,11962715.0,431.2006805,IT=6.4;6.4 ,ii
3372,Ref 1,10.294,49364,80252264.0,12.506098,12464602.0,431.2006557,IT=5.1;5.1 ,ii
3374,Ref 1,10.658,46772,64508136.0,12.511961,10131513.0,431.2008755,IT=5.3;5.3 ,ii
3376,Ref 1,10.529,48616,77305688.0,12.515944,12034684.0,431.2005917,IT=5.3;5.3 ,ii
3377,Ref 1,11.479,52244,81850984.0,12.51995,12839808.0,431.2005625,IT=5.7;5.7 ,ii
3378,Ref 1,11.980,50984,71559544.0,12.52374,11154690.0,431.2006174,IT=6;6 ,ii
3379,Ref 1,12.253,54292,80318760.0,12.527713,12562800.0,431.2005651,IT=6.1;6.1 ,ii
3380,Ref 1,11.026,53496,81972424.0,12.531669,12739277.0,431.2005826,IT=5.5;5.5 ,ii
3381,Ref 1,11.418,51892,78435248.0,12.535621,13231917.0,431.200693,IT=5.7;5.7 ,ii
3384,Ref 1,10.700,50376,76989848.0,12.541456,12543509.0,431.2005629,IT=5.4;5.4 ,ii
3386,Ref 1,10.118,47828,75629576.0,12.547315,12531316.0,431.200572,IT=5.1;5.1 ,ii
3387,Ref 1,10.315,47196,72702904.0,12.551283,12426655.0,431.2006179,IT=5.2;5.2 ,ii
3389,Ref 1,10.319,46848,73081600.0,12.555215,12239206.0,431.2005912,IT=5.2;5.2 ,ii
3391,Ref 1,11.007,52844,85249432.0,12.561062,14478745.0,431.2005891,IT=5.5;5.5 ,ii
3392,Ref 1,12.116,51748,72193424.0,12.565071,11791778.0,431.2006512,IT=6.1;6.1 ,ii
3395,Ref 1,10.223,51916,82476328.0,12.570856,14055875.0,431.2005765,IT=5.1;5.1 ,ii
3396,Ref 1,11.107,48872,72610792.0,12.574839,12415744.0,431.2005553,IT=5.6;5.6 ,ii
3397,Ref 1,11.819,54236,79953376.0,12.578796,13100976.0,431.2006184,IT=5.9;5.9 ,ii
3398,Ref 1,11.204,53056,79500984.0,12.582577,13406248.0,431.2005874,IT=5.6;5.6 ,ii
3400,Ref 1,10.396,48696,70626544.0,12.588379,12000055.0,431.2005389,IT=5.2;5.2 ,ii
3401,Ref 1,12.406,52704,77203416.0,12.5924,13693241.0,431.2005697,IT=6.2;6.2 ,ii
3402,Ref 1,10.036,50688,85592168.0,12.596331,15025463.0,431.2004771,IT=5;5 ,ii
3406,Ref 1,10.802,52236,79327328.0,12.605795,14050945.0,431.2004606,IT=5.4;5.4 ,ii
3409,Ref 1,10.386,51640,81278496.0,12.613525,14530691.0,431.2005074,IT=5.2;5.2 ,ii
3412,Ref 1,10.386,50656,85401232.0,12.621193,15459928.0,431.2005206,IT=5.2;5.2 ,ii
3414,Ref 1,11.400,52416,79624680.0,12.627058,14242534.0,431.2005741,IT=5.7;5.7 ,ii
3415,Ref 1,8.117,43644,79032832.0,12.631016,14787116.0,431.2006635,IT=4.1;4.1 ,ii
3417,Ref 1,10.370,48804,74030224.0,12.636806,14103703.0,431.2006116,IT=5.2;5.2 ,ii
3418,Ref 1,9.226,45888,77469384.0,12.640601,14636870.0,431.2005725,IT=4.6;4.6 ,ii
3420,Ref 1,10.649,50948,84904616.0,12.646401,15850130.0,431.2005497,IT=5.3;5.3 ,ii
3421,Ref 1,13.066,54644,82555048.0,12.650424,15708696.0,431.2006469,IT=6.5;6.5 ,ii
3422,Ref 1,13.652,57196,86211032.0,12.654422,15910774.0,431.2007187,IT=6.8;6.8 ,ii
3424,Ref 1,10.871,51208,83955120.0,12.660222,15636390.0,431.2005788,IT=5.4;5.4 ,ii
3425,Ref 1,10.448,50728,85496912.0,12.664203,16204116.0,431.2006577,IT=5.2;5.2 ,ii
3426,Ref 1,11.431,48444,70756416.0,12.667987,13349789.0,431.2007949,IT=5.7;5.7 ,ii
3429,Ref 1,10.013,49348,85227776.0,12.673772,16278451.0,431.2006191,IT=5;5 ,ii
3430,Ref 1,12.241,50824,78750448.0,12.677772,15056922.0,431.200676,IT=6.1;6.1 ,ii
3431,Ref 1,8.806,43512,74772656.0,12.681689,14108230.0,431.200747,IT=4.4;4.4 ,ii
3433,Ref 1,10.433,47900,78175944.0,12.68748,15505314.0,431.2007283,IT=5.2;5.2 ,ii
3434,Ref 1,9.167,45736,79681944.0,12.691439,14647187.0,431.2006929,IT=4.6;4.6 ,ii
3435,Ref 1,10.431,50956,84475584.0,12.695364,15454750.0,431.2006215,IT=5.2;5.2 ,ii
3436,Ref 1,11.001,51348,78778576.0,12.699143,13941722.0,431.2007082,IT=5.5;5.5 ,ii
3437,Ref 1,8.299,46376,83401368.0,12.703041,15673094.0,431.2006183,IT=4.1;4.1 ,ii
3441,Ref 1,10.664,51500,84552600.0,12.711328,14897782.0,431.2006128,IT=5.3;5.3 ,ii
3444,Ref 1,11.076,52932,83487944.0,12.71899,13709892.0,431.2006844,IT=5.5;5.5 ,ii
3446,Ref 1,9.940,49292,78381784.0,12.724818,12527669.0,431.2005901,IT=5;5 ,ii
3447,Ref 1,17.930,64396,74396128.0,12.728913,11156606.0,431.2008259,IT=9;9 ,ii
3448,Ref 1,11.291,55080,84376248.0,12.732876,12840056.0,431.2006823,IT=5.6;5.6 ,ii
3449,Ref 1,10.978,50216,72059472.0,12.736651,10697126.0,431.2006869,IT=5.5;5.5 ,ii
3450,Ref 1,9.973,52184,83714328.0,12.740586,11772335.0,431.2005578,IT=5;5 ,ii
3451,Ref 1,11.373,51440,69492032.0,12.744534,9313465.0,431.2006593,IT=5.7;5.7 ,ii
3452,Ref 1,11.646,57196,87190480.0,12.748497,11249420.0,431.2005998,IT=5.8;5.8 ,ii
3455,Ref 1,12.355,51644,70561208.0,12.756142,8374607.0,431.2006037,IT=6.2;6.2 ,ii
3456,Ref 1,9.831,47352,66879240.0,12.760119,7473831.5,431.2008367,IT=4.9;4.9 ,ii
3458,Ref 1,10.183,52480,78999512.0,12.764047,8231888.0,431.2005615,IT=5.1;5.1 ,ii
3461,Ref 1,12.028,56448,76003280.0,12.771742,6998528.0,431.2005715,IT=6;6 ,ii
3462,Ref 1,12.617,54968,71068784.0,12.775765,6314994.0,431.2007266,IT=6.3;6.3 ,ii
3465,Ref 1,11.587,56320,72754528.0,12.78158,5836664.0,431.2006746,IT=5.8;5.8 ,ii
3467,Ref 1,10.365,49864,76434208.0,12.787419,5831753.0,431.2005383,IT=5.2;5.2 ,ii
3468,Ref 1,12.697,55120,69970880.0,12.791434,5170761.5,406.2003729,IT=6.3;6.3 ,ii
3469,Ref 1,12.072,55984,73359464.0,12.79524,4968037.0,406.2003453,IT=6;6 ,ii
3472,Ref 1,12.500,51452,61488924.0,12.80294,4349686.0,406.200509,IT=6.3;6.3 ,ii
3473,Ref 1,9.436,51660,79758880.0,12.806907,5718187.0,406.200395,IT=4.7;4.7 ,ii
3474,Ref 1,14.283,61260,75563304.0,12.810904,5641517.0,406.200427,IT=7.1;7.1 ,ii
3475,Ref 1,8.841,46064,63528976.0,12.814825,4948736.0,406.2004906,IT=4.4;4.4 ,ii
3476,Ref 1,11.352,52872,72910472.0,12.818759,5012311.0,406.2003708,IT=5.7;5.7 ,ii
3477,Ref 1,13.831,54976,70390280.0,12.822584,4999192.5,406.2004214,IT=6.9;6.9 ,ii
3479,Ref 1,12.212,56148,78161352.0,12.828415,5644797.5,406.2004749,IT=6.1;6.1 ,ii
3480,Ref 1,13.856,57460,79584400.0,12.832288,5736958.5,406.2004778,IT=6.9;6.9 ,ii
3481,Ref 1,12.470,55612,70941096.0,12.836263,5170933.5,406.2004067,IT=6.2;6.2 ,ii
3482,Ref 1,15.540,56552,64176792.0,12.840294,4733942.5,406.2003756,IT=7.8;7.8 ,ii
3483,Ref 1,10.175,48936,75895696.0,12.844244,5444857.5,406.2005281,IT=5.1;5.1 ,ii
3484,Ref 1,10.820,54256,81758296.0,12.848008,5886047.0,406.200423,IT=5.4;5.4 ,ii
3487,Ref 1,13.247,58100,73553224.0,12.855665,5109215.0,406.2005309,IT=6.6;6.6 ,ii
3489,Ref 1,11.167,55752,83719848.0,12.859654,6059449.5,406.2004423,IT=5.6;5.6 ,ii
3492,Ref 1,13.342,53864,67359392.0,12.867389,4881583.0,406.2004472,IT=6.7;6.7 ,ii
3493,Ref 1,9.971,52744,81414848.0,12.871364,5808643.0,406.2005093,IT=5;5 ,ii
3495,Ref 1,11.546,51504,76218352.0,12.875339,5947422.0,406.2003638,IT=5.8;5.8 ,ii
3496,Ref 1,6.968,46052,97019736.0,12.879264,7575506.0,406.2003538,IT=3.5;3.5 ,ii
3498,Ref 1,11.226,51048,67312360.0,12.885077,5063762.0,406.2004426,IT=5.6;5.6 ,ii
3499,Ref 1,15.576,62488,74086088.0,12.889141,5269410.0,406.2005607,IT=7.8;7.8 ,ii
3500,Ref 1,12.180,52280,68286752.0,12.893127,5181392.5,406.2004771,IT=6.1;6.1 ,ii
3501,Ref 1,11.167,52812,78358176.0,12.897079,5846472.0,406.2004746,IT=5.6;5.6 ,ii
3502,Ref 1,11.664,50908,72063000.0,12.901033,5433826.5,406.200552,IT=5.8;5.8 ,ii
3503,Ref 1,17.737,62796,75982752.0,12.905085,5560024.0,406.2005159,IT=8.9;8.9 ,ii
3504,Ref 1,9.354,50804,84566240.0,12.908995,6421826.0,406.2004522,IT=4.7;4.7 ,ii
3506,Ref 1,10.846,53724,79591840.0,12.914795,6031279.5,406.200487,IT=5.4;5.4 ,ii
3507,Ref 1,10.014,48860,70723504.0,12.9186,5626953.5,406.2005246,IT=5;5 ,ii
3509,Ref 1,10.871,53824,86743856.0,12.924406,6620017.5,406.2003324,IT=5.4;5.4 ,ii
3510,Ref 1,8.217,45640,75128384.0,12.928343,6106829.5,406.2004846,IT=4.1;4.1 ,ii
3511,Ref 1,10.089,54180,91162992.0,12.932254,6983545.5,406.2004019,IT=5;5 ,ii
3513,Ref 1,12.013,54172,79402832.0,12.938089,5969354.0,406.2005623,IT=6;6 ,ii
3516,Ref 1,11.042,53580,77905888.0,12.943958,5780697.5,406.2004852,IT=5.5;5.5 ,ii
3517,Ref 1,7.432,46036,82971976.0,12.947891,6391485.0,406.2004653,IT=3.7;3.7 ,ii
3519,Ref 1,11.740,56244,84146704.0,12.953704,6334037.0,406.2004049,IT=5.9;5.9 ,ii
3522,Ref 1,10.772,54868,85511440.0,12.961366,6374729.0,406.200448,IT=5.4;5.4 ,ii
3526,Ref 1,11.205,52968,78140248.0,12.970899,5704138.5,406.2004796,IT=5.6;5.6 ,ii
3527,Ref 1,13.335,56312,71482296.0,12.974928,5128143.0,406.2005648,IT=6.7;6.7 ,ii
3528,Ref 1,16.686,61296,73936136.0,12.97898,5017029.5,406.2006212,IT=8.3;8.3 ,ii
3529,Ref 1,12.771,58000,79147312.0,12.98296,5398268.0,406.200535,IT=6.4;6.4 ,ii
3531,Ref 1,12.214,58680,86670504.0,12.988807,5788930.5,406.2005443,IT=6.1;6.1 ,ii
3533,Ref 1,11.447,49992,67536632.0,12.994689,4221574.5,406.2006179,IT=5.7;5.7 ,ii
3534,Ref 1,11.611,53364,80742056.0,12.998534,5023073.5,406.2005471,IT=5.8;5.8 ,ii
3536,Ref 1,11.682,53808,74150192.0,13.004355,4496639.0,406.2003153,IT=5.8;5.8 ,ii
3537,Ref 1,10.656,52344,75860592.0,13.008345,3893245.0,406.2005351,IT=5.3;5.3 ,ii
3538,Ref 1,10.608,54100,88198864.0,13.012282,4473415.0,406.2005066,IT=5.3;5.3 ,ii
3541,Ref 1,13.271,58012,76412944.0,13.019936,3597617.8,406.200681,IT=6.6;6.6 ,ii
3544,Ref 1,11.635,53764,76963872.0,13.025795,3446828.2,406.2005683,IT=5.8;5.8 ,ii
3545,Ref 1,18.404,63684,71355520.0,13.029743,3168639.2,367.2135117,IT=9.2;9.2 ,ii
3546,Ref 1,10.509,52632,68201640.0,13.033688,2898929.0,367.2135599,IT=5.3;5.3 ,ii
3548,Ref 1,12.380,58240,78916840.0,13.039518,3510650.5,367.2134402,IT=6.2;6.2 ,ii
3550,Ref 1,13.616,56064,65050700.0,13.043565,2935425.8,367.2135211,IT=6.8;6.8 ,ii
3551,Ref 1,12.847,58192,78995720.0,13.047586,3622034.5,367.2133711,IT=6.4;6.4 ,ii
3553,Ref 1,11.538,54488,76935048.0,13.053401,3535519.2,367.2134095,IT=5.8;5.8 ,ii
3554,Ref 1,14.598,59280,68051152.0,13.05729,3098234.0,367.2134339,IT=7.3;7.3 ,ii
3555,Ref 1,13.644,58368,74690336.0,13.061297,3354894.0,367.2134757,IT=6.8;6.8 ,ii
3556,Ref 1,12.301,57912,81027312.0,13.06528,3865160.5,408.7499081,IT=6.2;6.2 ,ii
3558,Ref 1,11.492,54460,74488120.0,13.071099,3986472.2,367.2133914,IT=5.7;5.7 ,ii
3559,Ref 1,8.200,47388,79045768.0,13.075042,3887295.8,367.2134683,IT=4.1;4.1 ,ii
3561,Ref 1,11.066,51912,68473944.0,13.080867,3374266.0,367.2133834,IT=5.5;5.5 ,ii
3562,Ref 1,12.881,52388,68614480.0,13.084888,3525102.2,367.2133949,IT=6.4;6.4 ,ii
3563,Ref 1,9.103,47476,69301408.0,13.088648,3376068.5,367.2133976,IT=4.6;4.6 ,ii
3565,Ref 1,13.979,54188,63750828.0,13.094507,3248382.2,367.2133759,IT=7;7 ,ii
3566,Ref 1,13.512,54476,67627752.0,13.098534,3366102.2,367.2133789,IT=6.8;6.8 ,ii
3567,Ref 1,11.228,53048,73039728.0,13.102502,3830926.8,367.2133645,IT=5.6;5.6 ,ii
3568,Ref 1,16.659,60448,71124864.0,13.106544,3622355.5,367.2133731,IT=8.3;8.3 ,ii
3569,Ref 1,11.802,51504,69747792.0,13.110342,3599942.2,367.2133389,IT=5.9;5.9 ,ii
3570,Ref 1,13.929,59208,72358520.0,13.114338,3881466.0,367.2134081,IT=7;7 ,ii
3571,Ref 1,16.777,57948,59233692.0,13.118394,2983336.5,367.2134395,IT=8.4;8.4 ,ii
3572,Ref 1,15.618,60292,67014096.0,13.122423,3265352.2,367.2134234,IT=7.8;7.8 ,ii
3573,Ref 1,13.900,58284,70905392.0,13.126269,3464311.0,367.2133523,IT=7;7 ,ii
3575,Ref 1,14.503,54548,65910752.0,13.132136,3329851.0,367.2133331,IT=7.3;7.3 ,ii
3576,Ref 1,13.206,56200,67249688.0,13.136152,3233257.5,367.2134194,IT=6.6;6.6 ,ii
3578,Ref 1,11.849,50672,63664052.0,13.140111,3065304.2,367.2135146,IT=5.9;5.9 ,ii
3579,Ref 1,10.163,51968,72730720.0,13.14409,3738617.5,367.2134188,IT=5.1;5.1 ,ii
3580,Ref 1,9.942,47868,69406584.0,13.14785,3481278.0,367.2134753,IT=5;5 ,ii
3581,Ref 1,12.844,51928,62800232.0,13.151815,3039237.5,367.2134764,IT=6.4;6.4 ,ii
3584,Ref 1,14.803,57728,65361060.0,13.159492,2981585.2,367.2135017,IT=7.4;7.4 ,ii
3587,Ref 1,11.600,51784,70738952.0,13.164858,3439753.5,367.2134367,IT=5.8;5.8 ,ii
3590,Ref 1,12.664,53456,61655064.0,13.172554,2478853.5,391.2838334,IT=6.3;6.3 ,ii
3591,Ref 1,8.649,46824,67169088.0,13.176515,2827905.8,367.21359,IT=4.3;4.3 ,ii
3594,Ref 1,13.952,55488,60143768.0,13.182358,2543179.0,367.2134535,IT=7;7 ,ii
3595,Ref 1,18.307,61384,65817120.0,13.186467,2684106.5,367.2135675,IT=9.2;9.2 ,ii
3597,Ref 1,13.057,54380,69299608.0,13.190464,2727697.0,408.7139718,IT=6.5;6.5 ,ii
3598,Ref 1,10.956,48592,63320624.0,13.194456,2694743.8,408.7139185,IT=5.5;5.5 ,ii
3599,Ref 1,15.937,58456,64167888.0,13.198483,2614351.2,408.713926,IT=8;8 ,ii
3600,Ref 1,13.830,53352,66729880.0,13.202483,2908707.8,408.7139844,IT=6.9;6.9 ,ii
3601,Ref 1,19.880,65148,63046668.0,13.206419,2886277.2,408.7140399,IT=9.9;9.9 ,ii
3602,Ref 1,12.645,53596,64992932.0,13.210366,3031595.0,408.7139358,IT=6.3;6.3 ,ii
3603,Ref 1,16.558,56748,63007928.0,13.214412,3052448.5,408.7139803,IT=8.3;8.3 ,ii
3605,Ref 1,15.345,55980,60503280.0,13.218614,3083368.2,408.7137795,IT=7.7;7.7 ,ii
3606,Ref 1,13.768,55016,67069092.0,13.222473,3543847.2,408.7139508,IT=6.9;6.9 ,ii
3608,Ref 1,16.099,59268,61044572.0,13.226525,3017513.5,408.713831,IT=8;8 ,ii
3609,Ref 1,16.686,59744,61875064.0,13.230583,3588831.5,408.7137656,IT=8.3;8.3 ,ii
3610,Ref 1,18.164,58904,56289636.0,13.234652,3339526.2,408.7138175,IT=9.1;9.1 ,ii
3611,Ref 1,15.065,54744,59836580.0,13.238489,3626121.5,408.7138792,IT=7.5;7.5 ,ii
3612,Ref 1,14.268,55032,67204648.0,13.242506,4253979.0,408.7138209,IT=7.1;7.1 ,ii
3614,Ref 1,14.517,55516,63629408.0,13.248387,4170216.0,408.7137255,IT=7.3;7.3 ,ii
3615,Ref 1,13.156,57432,70388888.0,13.252404,4714477.5,408.7138597,IT=6.6;6.6 ,ii
3618,Ref 1,12.872,55648,69919976.0,13.258254,4827103.5,408.7137738,IT=6.4;6.4 ,ii
3619,Ref 1,13.149,54052,64202928.0,13.262287,4398078.0,408.7138413,IT=6.6;6.6 ,ii
3621,Ref 1,15.654,56536,60205236.0,13.266476,4359144.0,408.7138727,IT=7.8;7.8 ,ii
3622,Ref 1,17.310,57892,61735072.0,13.270374,4546179.5,408.7139223,IT=8.7;8.7 ,ii
3624,Ref 1,13.712,55176,64822280.0,13.274385,5108937.0,408.7138063,IT=6.9;6.9 ,ii
3625,Ref 1,13.644,57316,69868160.0,13.278418,5416244.5,408.7138012,IT=6.8;6.8 ,ii
3626,Ref 1,11.398,47208,56972616.0,13.282387,4765656.5,408.7139513,IT=5.7;5.7 ,ii
3627,Ref 1,18.624,61620,63975876.0,13.286289,5279339.5,408.713879,IT=9.3;9.3 ,ii
3628,Ref 1,10.894,48588,63706660.0,13.290218,5222478.0,408.7137877,IT=5.4;5.4 ,ii
3629,Ref 1,12.276,49512,61105720.0,13.294178,5370866.0,408.7138212,IT=6.1;6.1 ,ii
3630,Ref 1,10.632,49080,66978264.0,13.298122,5726732.0,408.7137461,IT=5.3;5.3 ,ii
3631,Ref 1,11.051,49708,69307744.0,13.301899,6206369.5,408.7137333,IT=5.5;5.5 ,ii
3632,Ref 1,14.007,49916,58574296.0,13.305897,5438684.0,408.7138327,IT=7;7 ,ii
3633,Ref 1,10.357,51092,73866280.0,13.309851,7001157.0,408.7137302,IT=5.2;5.2 ,ii
3634,Ref 1,14.551,54796,66206056.0,13.313849,5746882.5,408.7137147,IT=7.3;7.3 ,ii
3635,Ref 1,14.706,55268,66046716.0,13.317701,6652639.5,408.7136375,IT=7.4;7.4 ,ii
3636,Ref 1,11.999,50576,65414896.0,13.321676,6401570.0,408.7136924,IT=6;6 ,ii
3637,Ref 1,13.486,53140,67489336.0,13.325668,6461445.0,408.7137988,IT=6.7;6.7 ,ii
3639,Ref 1,14.061,51720,66036528.0,13.329834,6544356.0,408.7136801,IT=7;7 ,ii
3640,Ref 1,19.788,61092,60871512.0,13.333797,6101764.0,408.7137693,IT=9.9;9.9 ,ii
3641,Ref 1,12.985,53380,70527552.0,13.337753,7340164.0,408.7136895,IT=6.5;6.5 ,ii
3643,Ref 1,13.979,53896,67757216.0,13.343626,7199405.5,408.7136378,IT=7;7 ,ii
3644,Ref 1,10.936,49288,71467688.0,13.347613,7991044.0,408.713645,IT=5.5;5.5 ,ii
3646,Ref 1,13.310,54720,69095592.0,13.353476,7181016.5,408.7136839,IT=6.7;6.7 ,ii
3647,Ref 1,14.749,56580,71460896.0,13.357532,7722261.0,408.7136675,IT=7.4;7.4 ,ii
3648,Ref 1,13.827,52884,72177040.0,13.361376,8018871.5,408.713781,IT=6.9;6.9 ,ii
3650,Ref 1,13.669,51888,69408888.0,13.365367,8113882.5,408.7136086,IT=6.8;6.8 ,ii
3651,Ref 1,10.301,46280,70427336.0,13.369365,8084321.5,408.7136819,IT=5.2;5.2 ,ii
3652,Ref 1,15.103,54948,71286704.0,13.373374,7979647.0,408.7138098,IT=7.6;7.6 ,ii
3654,Ref 1,12.839,51280,67324688.0,13.377349,7457824.5,408.7137506,IT=6.4;6.4 ,ii
3655,Ref 1,12.583,51272,70705064.0,13.381372,8425586.0,408.7136975,IT=6.3;6.3 ,ii
3657,Ref 1,13.629,52928,71092880.0,13.387222,8496509.0,408.7136613,IT=6.8;6.8 ,ii
3658,Ref 1,12.075,50844,68572808.0,13.391232,8328376.0,408.7137305,IT=6;6 ,ii
3659,Ref 1,16.217,55636,67074588.0,13.395263,8198627.5,408.7138246,IT=8.1;8.1 ,ii
3660,Ref 1,10.892,44200,58922716.0,13.399219,7618171.0,408.713805,IT=5.4;5.4 ,ii
3661,Ref 1,10.026,47276,72842808.0,13.402978,8609360.0,408.7136847,IT=5;5 ,ii
3662,Ref 1,12.523,53092,78640280.0,13.406942,9775101.0,408.7136254,IT=6.3;6.3 ,ii
3663,Ref 1,17.802,58224,66361732.0,13.411009,7732076.5,408.7138578,IT=8.9;8.9 ,ii
3665,Ref 1,14.158,52276,72878368.0,13.41518,9234686.0,408.7137663,IT=7.1;7.1 ,ii
3666,Ref 1,11.027,50384,72060640.0,13.418994,8749742.0,408.7137687,IT=5.5;5.5 ,ii
3667,Ref 1,17.532,56528,68461096.0,13.423042,8237127.5,408.7139776,IT=8.8;8.8 ,ii
3669,Ref 1,12.964,49756,69383224.0,13.427017,8794268.0,408.7137954,IT=6.5;6.5 ,ii
3670,Ref 1,11.261,44444,67955424.0,13.431017,8290285.5,408.7138255,IT=5.6;5.6 ,ii
3671,Ref 1,18.726,58700,66762568.0,13.434921,8032327.0,408.7139387,IT=9.4;9.4 ,ii
3673,Ref 1,13.007,51276,67889872.0,13.438909,8189910.5,408.7137441,IT=6.5;6.5 ,ii
3674,Ref 1,13.187,53612,70886896.0,13.442944,8701859.0,408.7137912,IT=6.6;6.6 ,ii
3676,Ref 1,14.364,55256,70373520.0,13.448811,8714492.0,408.7137721,IT=7.2;7.2 ,ii
3677,Ref 1,11.568,48856,75378976.0,13.452802,9108462.0,408.7137638,IT=5.8;5.8 ,ii
3679,Ref 1,13.333,49704,67929600.0,13.458644,8428687.0,408.7137038,IT=6.7;6.7 ,ii
3680,Ref 1,11.492,49328,72648672.0,13.462483,8733042.0,408.7137214,IT=5.7;5.7 ,ii
3682,Ref 1,15.011,56188,73464064.0,13.468369,8656725.0,408.7136756,IT=7.5;7.5 ,ii
3683,Ref 1,15.399,55048,69708344.0,13.472267,7959476.5,408.713768,IT=7.7;7.7 ,ii
3685,Ref 1,12.771,54064,74205048.0,13.476246,7997883.5,408.7137271,IT=6.4;6.4 ,ii
3688,Ref 1,13.876,55624,74915048.0,13.483973,7965214.5,408.7136778,IT=6.9;6.9 ,ii
3689,Ref 1,9.847,47436,72357360.0,13.487771,7751059.5,408.7137305,IT=4.9;4.9 ,ii
3691,Ref 1,13.312,54624,71999000.0,13.493615,7364416.0,408.7137137,IT=6.7;6.7 ,ii
3692,Ref 1,10.773,47648,65475276.0,13.497612,6661478.0,408.713819,IT=5.4;5.4 ,ii
3693,Ref 1,16.849,58136,67182880.0,13.501652,6108010.0,408.7138702,IT=8.4;8.4 ,ii
3695,Ref 1,12.642,54612,76594128.0,13.505625,6909794.5,408.7137866,IT=6.3;6.3 ,ii
3696,Ref 1,19.454,58188,63536436.0,13.509764,5531118.0,408.7138992,IT=9.7;9.7 ,ii
3697,Ref 1,15.767,56488,72432288.0,13.513771,6259315.5,408.7138158,IT=7.9;7.9 ,ii
3699,Ref 1,12.974,51128,70247752.0,13.519539,5550304.5,408.7137653,IT=6.5;6.5 ,ii
3702,Ref 1,14.577,54272,66045352.0,13.527275,4636672.0,408.7137664,IT=7.3;7.3 ,ii
3703,Ref 1,15.917,54608,64160316.0,13.531168,4103270.0,408.7139103,IT=8;8 ,ii
3705,Ref 1,15.450,54792,60918596.0,13.535191,3954834.0,408.7138642,IT=7.7;7.7 ,ii
3707,Ref 1,15.838,56380,73823280.0,13.53926,4596111.0,408.7138251,IT=7.9;7.9 ,ii
3708,Ref 1,14.611,54504,65065432.0,13.543285,3724514.0,408.7137841,IT=7.3;7.3 ,ii
3709,Ref 1,15.131,53816,69009960.0,13.547152,3843516.5,408.7137573,IT=7.6;7.6 ,ii
3710,Ref 1,16.557,53676,60238596.0,13.551214,2865984.5,408.7138666,IT=8.3;8.3 ,ii
3713,Ref 1,12.660,53048,69978008.0,13.557039,3278672.0,408.7137178,IT=6.3;6.3 ,ii
3714,Ref 1,20.977,62812,63005208.0,13.561202,2589868.2,408.7138854,IT=10;10 ,ii
3715,Ref 1,15.509,54056,65793396.0,13.565181,2660569.2,408.7138756,IT=7.8;7.8 ,ii
3716,Ref 1,14.497,53048,66411536.0,13.569039,2494416.0,391.2839022,IT=7.2;7.2 ,ii
3717,Ref 1,14.259,51340,63795812.0,13.573054,2438637.2,401.2186947,IT=7.1;7.1 ,ii
3718,Ref 1,15.555,54356,64655148.0,13.577087,2429800.2,391.2838667,IT=7.8;7.8 ,ii
3719,Ref 1,15.315,54932,66644500.0,13.58112,2558477.5,401.2187302,IT=7.7;7.7 ,ii
3720,Ref 1,9.770,43380,61434036.0,13.584899,2649163.8,401.2187045,IT=4.9;4.9 ,ii
3721,Ref 1,14.183,49520,60134664.0,13.588887,2517704.0,401.2187727,IT=7.1;7.1 ,ii
3722,Ref 1,15.428,52948,65746052.0,13.59292,2784500.8,401.2186308,IT=7.7;7.7 ,ii
3724,Ref 1,13.924,52568,61864924.0,13.598776,2775723.0,401.2187278,IT=7;7 ,ii
3725,Ref 1,10.455,49176,73925656.0,13.602755,3294498.0,401.2187381,IT=5.2;5.2 ,ii
3728,Ref 1,15.824,51560,58623160.0,13.61047,3050269.8,401.2187537,IT=7.9;7.9 ,ii
3729,Ref 1,16.098,51868,55230984.0,13.614522,2810401.0,401.218709,IT=8;8 ,ii
3730,Ref 1,11.749,46360,61144964.0,13.618491,2937625.0,401.2187569,IT=5.9;5.9 ,ii
3731,Ref 1,20.765,60504,62016120.0,13.622428,2937015.5,401.2187568,IT=10;10 ,ii
3732,Ref 1,18.705,56096,61901876.0,13.626464,2988769.8,401.2187565,IT=9.4;9.4 ,ii
3733,Ref 1,16.305,52324,59408672.0,13.630503,2919609.2,401.2187286,IT=8.2;8.2 ,ii
3734,Ref 1,18.520,58192,62439012.0,13.634595,3088919.0,401.2186827,IT=9.3;9.3 ,ii
3735,Ref 1,17.704,57828,61432592.0,13.638474,2930588.0,401.2187078,IT=8.9;8.9 ,ii
3736,Ref 1,16.257,54792,63517424.0,13.642505,3161011.8,401.2186779,IT=8.1;8.1 ,ii
3737,Ref 1,17.276,55496,63733704.0,13.646566,3354264.2,401.2188277,IT=8.6;8.6 ,ii
3739,Ref 1,12.424,49396,62653612.0,13.650716,3518730.8,401.2187106,IT=6.2;6.2 ,ii
3740,Ref 1,15.825,55624,65216260.0,13.654616,3481776.8,401.2186665,IT=7.9;7.9 ,ii
3741,Ref 1,13.219,51568,64838128.0,13.658611,3222070.8,401.2187923,IT=6.6;6.6 ,ii
3744,Ref 1,16.258,53972,61242860.0,13.664247,3113652.0,401.2187772,IT=8.1;8.1 ,ii
3745,Ref 1,15.613,54616,63728656.0,13.668284,3461611.2,401.2188003,IT=7.8;7.8 ,ii
3747,Ref 1,15.154,54096,60161868.0,13.672461,3183108.0,401.2187624,IT=7.6;7.6 ,ii
3748,Ref 1,16.137,54848,60163324.0,13.676519,3228466.2,401.218765,IT=8.1;8.1 ,ii
3749,Ref 1,15.304,54244,64030604.0,13.680378,3130975.0,401.2187841,IT=7.7;7.7 ,ii
3752,Ref 1,17.967,54616,57210064.0,13.688113,2949694.8,401.2188501,IT=9;9 ,ii
3753,Ref 1,14.781,53396,62036396.0,13.691949,2986635.2,401.2188365,IT=7.4;7.4 ,ii
3754,Ref 1,16.099,53356,58981808.0,13.696001,3005552.2,401.2187754,IT=8;8 ,ii
3755,Ref 1,17.050,59092,59865260.0,13.700061,2969637.2,401.2187262,IT=8.5;8.5 ,ii
3756,Ref 1,18.699,57524,60654492.0,13.704142,2696693.0,401.2187853,IT=9.3;9.3 ,ii
3757,Ref 1,14.302,50640,56630672.0,13.707959,2693898.5,401.21887,IT=7.2;7.2 ,ii
3758,Ref 1,16.899,53040,50408364.0,13.712015,2207948.2,401.21889,IT=8.4;8.4 ,ii
3759,Ref 1,18.835,59036,59417824.0,13.716098,2478079.2,401.2188736,IT=9.4;9.4 ,ii
3760,Ref 1,17.567,57276,57312980.0,13.72014,2433100.0,391.2839369,IT=8.8;8.8 ,ii
3761,Ref 1,17.774,55088,54986640.0,13.724021,2193223.0,409.7160786,IT=8.9;8.9 ,ii
3762,Ref 1,11.576,44620,51099504.0,13.727977,2181084.8,401.2189615,IT=5.8;5.8 ,ii
3764,Ref 1,18.459,58152,55274996.0,13.732044,2341619.0,391.2839321,IT=9.2;9.2 ,ii
3765,Ref 1,21.002,59396,56353028.0,13.73615,2319851.2,409.7161184,IT=11;11 ,ii
3766,Ref 1,15.870,54028,52835200.0,13.739969,2396574.8,391.284023,IT=7.9;7.9 ,ii
3768,Ref 1,13.472,51344,59331184.0,13.743973,2497544.2,391.2839705,IT=6.7;6.7 ,ii
3769,Ref 1,18.406,52616,44535080.0,13.748094,1827374.4,409.7162169,IT=9.2;9.2 ,ii
3770,Ref 1,17.960,55124,52037300.0,13.752142,2122113.0,391.2837449,IT=9;9 ,ii
3771,Ref 1,15.363,50784,55048160.0,13.755988,2440398.0,391.2839097,IT=7.7;7.7 ,ii
3773,Ref 1,16.616,51940,49297704.0,13.761779,2055319.2,391.2838638,IT=8.3;8.3 ,ii
3774,Ref 1,18.904,57220,52239980.0,13.765702,2311931.2,391.2839474,IT=9.5;9.5 ,ii
3776,Ref 1,18.034,58664,58366848.0,13.769763,2321239.2,391.2838454,IT=9;9 ,ii
3777,Ref 1,20.007,58936,49975392.0,13.773852,2108381.2,391.2839424,IT=10;10 ,ii
3780,Ref 1,24.065,64188,52431132.0,13.779613,2299802.5,391.283963,IT=12;12 ,ii
3781,Ref 1,19.392,59188,52629540.0,13.783627,2241108.2,391.2838402,IT=9.7;9.7 ,ii
3782,Ref 1,25.273,62060,47786548.0,13.787636,1960119.4,391.2838978,IT=13;13 ,ii
3783,Ref 1,16.059,51948,50599776.0,13.791569,2248659.0,391.2839286,IT=8;8 ,ii
3784,Ref 1,19.853,58176,53646128.0,13.795673,2340697.8,391.2838844,IT=9.9;9.9 ,ii
3785,Ref 1,17.247,54552,48040712.0,13.799696,2015175.8,391.2840743,IT=8.6;8.6 ,ii
3788,Ref 1,19.027,57432,46378996.0,13.805358,2108581.8,391.2839392,IT=9.5;9.5 ,ii
3789,Ref 1,18.090,56748,47521824.0,13.80941,2103789.0,391.2838741,IT=9;9 ,ii
3790,Ref 1,17.674,56232,49568336.0,13.813454,2180563.2,391.2839514,IT=8.8;8.8 ,ii
3792,Ref 1,18.376,58000,53391536.0,13.817525,2539981.8,391.2838176,IT=9.2;9.2 ,ii
3793,Ref 1,20.681,59528,47135620.0,13.821631,1990051.1,391.2838823,IT=10;10 ,ii
3794,Ref 1,20.013,55576,43566516.0,13.825521,1960101.8,391.2838846,IT=10;10 ,ii
3795,Ref 1,22.181,62296,46750608.0,13.829623,2298146.0,391.2839231,IT=11;11 ,ii
3797,Ref 1,19.417,59044,48866944.0,13.833731,2359847.0,391.283853,IT=9.7;9.7 ,ii
3798,Ref 1,21.699,58728,43065744.0,13.837833,1938787.1,391.2839155,IT=11;11 ,ii
3799,Ref 1,17.905,55884,47716456.0,13.841848,2258861.0,391.2838529,IT=9;9 ,ii
3800,Ref 1,21.027,60988,46903324.0,13.845791,2270327.8,391.2838565,IT=11;11 ,ii
3801,Ref 1,28.335,64288,41086840.0,13.849996,1831130.5,391.2840537,IT=14;14 ,ii
3803,Ref 1,21.570,59612,42875892.0,13.854118,2090400.1,391.2838553,IT=11;11 ,ii
3804,Ref 1,24.310,67408,46983040.0,13.858239,2160016.5,391.2839052,IT=12;12 ,ii
3805,Ref 1,20.600,59724,42318120.0,13.862102,1896691.5,391.2838623,IT=10;10 ,ii
3806,Ref 1,18.101,54988,43697152.0,13.866133,2309753.8,391.2837863,IT=9.1;9.1 ,ii
3807,Ref 1,22.934,61504,47092484.0,13.870277,2306717.0,391.2839348,IT=11;11 ,ii
3809,Ref 1,19.448,56224,42266892.0,13.874552,2072688.0,391.2839694,IT=9.7;9.7 ,ii
3811,Ref 1,22.016,59704,41650916.0,13.878724,1946952.0,391.2839002,IT=11;11 ,ii
3812,Ref 1,17.845,55336,46271932.0,13.882747,2403884.2,391.2839578,IT=8.9;8.9 ,ii
3815,Ref 1,24.021,62528,40435076.0,13.888514,1952812.5,391.2839394,IT=12;12 ,ii
3816,Ref 1,18.813,59988,48837640.0,13.892522,2450080.5,391.2839067,IT=9.4;9.4 ,ii
3817,Ref 1,17.452,56992,49894216.0,13.896566,2418965.0,391.2839653,IT=8.7;8.7 ,ii
3820,Ref 1,22.492,57232,37437348.0,13.902289,1863202.6,391.283998,IT=11;11 ,ii
3821,Ref 1,24.126,62364,45784420.0,13.906399,2386720.2,391.2839766,IT=12;12 ,ii
3822,Ref 1,21.735,62220,44059948.0,13.91028,2232389.5,391.2840747,IT=11;11 ,ii
3824,Ref 1,24.537,63476,41083068.0,13.914451,1978650.5,391.2840382,IT=12;12 ,ii
3826,Ref 1,24.399,64748,44363384.0,13.918682,2302090.0,391.284027,IT=12;12 ,ii
3827,Ref 1,21.536,57224,40978256.0,13.922728,2025882.6,391.2840278,IT=11;11 ,ii
3828,Ref 1,20.910,61344,47252080.0,13.926889,2338948.2,391.2839892,IT=10;10 ,ii
3830,Ref 1,22.783,60608,42076892.0,13.931028,2027582.1,391.2839032,IT=11;11 ,ii
3831,Ref 1,21.393,58276,42911048.0,13.935087,2296021.0,391.2839671,IT=11;11 ,ii
3832,Ref 1,17.860,54680,44273180.0,13.939099,2227713.8,391.2840389,IT=8.9;8.9 ,ii
3834,Ref 1,23.141,60096,39876960.0,13.943434,2173077.2,391.2839485,IT=12;12 ,ii
3835,Ref 1,24.092,62164,44210536.0,13.947366,2202552.5,391.2840074,IT=12;12 ,ii
3837,Ref 1,18.226,52996,39910640.0,13.951428,2029347.1,391.2839774,IT=9.1;9.1 ,ii
3838,Ref 1,18.949,56844,43971656.0,13.955497,2382164.5,391.2839827,IT=9.5;9.5 ,ii
3839,Ref 1,21.774,60000,42290072.0,13.959607,2323305.5,391.2840708,IT=11;11 ,ii
3841,Ref 1,23.101,61084,44127820.0,13.963772,2210060.0,391.2838678,IT=12;12 ,ii
3842,Ref 1,23.258,64192,48651536.0,13.967863,2427214.0,391.2838786,IT=12;12 ,ii
3843,Ref 1,22.884,61012,45682576.0,13.971934,2241536.2,391.2839591,IT=11;11 ,ii
3845,Ref 1,27.857,67608,41672036.0,13.976336,1991377.5,391.2840364,IT=14;14 ,ii
3846,Ref 1,17.083,54924,45770488.0,13.980101,2330044.0,391.2839352,IT=8.5;8.5 ,ii
3847,Ref 1,23.292,62772,43720228.0,13.984267,2315579.8,391.2839223,IT=12;12 ,ii
3848,Ref 1,20.058,57156,41008176.0,13.988288,2035216.2,391.2839702,IT=10;10 ,ii
3849,Ref 1,28.351,63552,42091680.0,13.99249,2129806.0,391.283999,IT=14;14 ,ii
3850,Ref 1,23.461,64216,46233160.0,13.996367,2234438.5,391.2839495,IT=12;12 ,ii
3851,Ref 1,23.752,64604,42702620.0,14.000457,1990749.0,391.2840011,IT=12;12 ,ii
3852,Ref 1,21.080,63240,48351360.0,14.004496,2298123.8,391.2839807,IT=11;11 ,ii
3855,Ref 1,24.095,63788,45463760.0,14.012132,2093440.0,391.2838546,IT=12;12 ,ii
3856,Ref 1,26.632,64116,42016100.0,14.016107,2051277.4,391.283959,IT=13;13 ,ii
3857,Ref 1,22.252,61648,46104400.0,14.020138,2426520.2,391.2838771,IT=11;11 ,ii
3858,Ref 1,18.420,58452,49463504.0,14.024153,2462406.5,391.2839479,IT=9.2;9.2 ,ii
3860,Ref 1,21.267,60624,46663572.0,14.028267,2292760.5,391.2838272,IT=11;11 ,ii
3861,Ref 1,24.547,61708,44295308.0,14.032401,2178596.2,391.2838239,IT=12;12 ,ii
3862,Ref 1,18.083,54920,44532252.0,14.03638,2188045.2,391.2838538,IT=9;9 ,ii
3863,Ref 1,24.349,64140,46964724.0,14.040536,2242676.8,391.2839066,IT=12;12 ,ii
3864,Ref 1,23.661,64540,47996732.0,14.044444,2308518.5,391.2838526,IT=12;12 ,ii
3865,Ref 1,21.509,60616,48809320.0,14.048334,2325667.2,391.2838436,IT=11;11 ,ii
3866,Ref 1,22.199,61308,45881900.0,14.052425,2211599.0,391.2838831,IT=11;11 ,ii
3867,Ref 1,19.636,57356,46341400.0,14.056463,2174070.2,391.2839696,IT=9.8;9.8 ,ii
3869,Ref 1,20.757,62224,48243836.0,14.060734,2201205.2,391.2838997,IT=10;10 ,ii
3870,Ref 1,26.210,63968,43620392.0,14.064892,2066581.8,391.2839332,IT=13;13 ,ii
3871,Ref 1,27.485,66732,43937452.0,14.069017,2092521.1,391.2839999,IT=14;14 ,ii
3872,Ref 1,20.453,57384,45429944.0,14.073013,2176836.8,391.2837767,IT=10;10 ,ii
3873,Ref 1,31.000,67528,44184952.0,14.077258,2087540.8,391.2839753,IT=15;15 ,ii
3874,Ref 1,21.517,57216,43287932.0,14.081061,2125072.8,391.2838624,IT=11;11 ,ii
3875,Ref 1,18.934,54208,43113600.0,14.085096,2235970.8,391.2839106,IT=9.5;9.5 ,ii
3876,Ref 1,17.278,56124,47303540.0,14.089129,2190658.5,391.2838025,IT=8.6;8.6 ,ii
3877,Ref 1,25.406,64640,46402552.0,14.093323,2224722.5,391.2838845,IT=13;13 ,ii
3878,Ref 1,17.026,57428,50771056.0,14.097113,2531027.5,391.2838322,IT=8.5;8.5 ,ii
3879,Ref 1,18.464,58404,49336756.0,14.101185,2224122.0,438.7187839,IT=9.2;9.2 ,ii
3880,Ref 1,17.343,57224,50959460.0,14.105225,2481277.8,391.283717,IT=8.7;8.7 ,ii
3882,Ref 1,20.183,58212,42750872.0,14.109485,2113065.2,391.2838405,IT=10;10 ,ii
3883,Ref 1,28.530,63416,43083152.0,14.113531,2054960.9,391.2838925,IT=14;14 ,ii
3884,Ref 1,15.344,53092,49297596.0,14.117431,2280947.8,391.2837499,IT=7.7;7.7 ,ii
3885,Ref 1,18.370,55504,41552884.0,14.121521,2006128.8,438.7188634,IT=9.2;9.2 ,ii
3886,Ref 1,22.756,61124,49645104.0,14.125646,2322788.5,438.7187678,IT=11;11 ,ii
3887,Ref 1,20.911,58136,44986536.0,14.129531,2175295.8,438.7188311,IT=10;10 ,ii
3888,Ref 1,22.862,63176,48934300.0,14.133639,2338630.8,391.2837915,IT=11;11 ,ii
3889,Ref 1,20.015,58804,45340664.0,14.137681,2086281.2,438.7189241,IT=10;10 ,ii
3891,Ref 1,19.186,56348,46463652.0,14.141954,2238158.2,391.2837994,IT=9.6;9.6 ,ii
3892,Ref 1,25.250,61472,43999508.0,14.146112,2164058.0,391.2838684,IT=13;13 ,ii
3893,Ref 1,16.847,53724,47784152.0,14.149896,2299951.8,391.2838123,IT=8.4;8.4 ,ii
3894,Ref 1,22.819,58192,42853032.0,14.154043,2065632.9,438.7190007,IT=11;11 ,ii
3896,Ref 1,21.191,57180,44925748.0,14.158154,2178026.8,391.2838852,IT=11;11 ,ii
3897,Ref 1,18.669,57124,49618744.0,14.162183,2462029.0,438.7188061,IT=9.3;9.3 ,ii
3898,Ref 1,14.850,52872,45782492.0,14.16601,2309700.2,391.2839682,IT=7.4;7.4 ,ii
3899,Ref 1,25.177,64000,45015312.0,14.17021,2231347.8,391.2839678,IT=13;13 ,ii
3900,Ref 1,17.485,54584,47209704.0,14.174177,2401399.2,438.719068,IT=8.7;8.7 ,ii
3902,Ref 1,22.060,60868,47955052.0,14.178493,2246691.2,438.718969,IT=11;11 ,ii
3903,Ref 1,23.347,62960,45462476.0,14.182431,2295434.2,391.2838942,IT=12;12 ,ii
3904,Ref 1,22.059,60108,49825768.0,14.186497,2486229.2,438.7189305,IT=11;11 ,ii
3906,Ref 1,19.558,58956,46928708.0,14.190593,2413916.8,438.7188781,IT=9.8;9.8 ,ii
3907,Ref 1,20.507,58772,47501760.0,14.194674,2609718.2,438.7188583,IT=10;10 ,ii
3910,Ref 1,24.726,62628,46528000.0,14.200449,2450865.8,438.718847,IT=12;12 ,ii
3911,Ref 1,26.870,60332,40024352.0,14.204433,2053994.8,438.7188822,IT=13;13 ,ii
3912,Ref 1,17.309,57364,52268704.0,14.208383,2777514.8,438.7187869,IT=8.7;8.7 ,ii
3913,Ref 1,21.299,63064,52361540.0,14.212514,2685737.8,438.7187936,IT=11;11 ,ii
3914,Ref 1,28.636,62940,41425728.0,14.216728,2162173.2,438.7189326,IT=14;14 ,ii
3915,Ref 1,23.327,59012,43385888.0,14.220758,2175161.0,391.2837796,IT=12;12 ,ii
3916,Ref 1,14.895,50740,44286256.0,14.224551,2439887.2,438.7189691,IT=7.4;7.4 ,ii
3918,Ref 1,16.338,52200,45298572.0,14.228576,2581848.8,438.7188106,IT=8.2;8.2 ,ii
3919,Ref 1,17.902,53948,49035312.0,14.23266,2687279.5,438.7187939,IT=9;9 ,ii
3920,Ref 1,18.578,54556,48180396.0,14.236741,2687665.5,438.7187059,IT=9.3;9.3 ,ii
3921,Ref 1,27.173,64732,43720160.0,14.240774,2285413.5,438.7189076,IT=14;14 ,ii
3922,Ref 1,20.571,59736,46050272.0,14.244778,2403309.2,391.2838891,IT=10;10 ,ii
3923,Ref 1,16.113,53680,48931696.0,14.248787,2995394.5,438.7188671,IT=8.1;8.1 ,ii
3924,Ref 1,25.362,60616,44885396.0,14.252984,2379350.2,438.7190212,IT=13;13 ,ii
3926,Ref 1,16.914,53392,46406468.0,14.257024,2629838.8,438.7188147,IT=8.5;8.5 ,ii
3927,Ref 1,22.905,62272,47139656.0,14.261186,2759974.2,438.7188426,IT=11;11 ,ii
3928,Ref 1,23.818,59052,42564648.0,14.265291,2350757.5,438.7188871,IT=12;12 ,ii
3929,Ref 1,28.566,65300,44783344.0,14.269466,2532495.5,438.718961,IT=14;14 ,ii
3930,Ref 1,21.764,59132,46285480.0,14.273324,2655649.2,438.7188815,IT=11;11 ,ii
3931,Ref 1,21.871,59424,46168268.0,14.277401,2821976.2,438.7190348,IT=11;11 ,ii
3934,Ref 1,21.018,55696,44288964.0,14.283382,2727788.5,438.7188646,IT=11;11 ,ii
3935,Ref 1,17.402,57440,52536584.0,14.287395,3312609.5,438.7188334,IT=8.7;8.7 ,ii
3936,Ref 1,13.691,47764,44618104.0,14.291386,2752630.5,438.7191033,IT=6.8;6.8 ,ii
3938,Ref 1,15.867,51748,46449184.0,14.295603,2867963.2,438.7190182,IT=7.9;7.9 ,ii
3939,Ref 1,23.127,61748,49467728.0,14.299609,3120799.5,438.7189001,IT=12;12 ,ii
3940,Ref 1,24.157,60616,45113632.0,14.303722,2845584.2,438.7190917,IT=12;12 ,ii
3943,Ref 1,14.751,51148,50358080.0,14.309315,3371814.2,438.7188083,IT=7.4;7.4 ,ii
3944,Ref 1,20.664,60236,46737548.0,14.313455,3104322.2,438.7189003,IT=10;10 ,ii
3945,Ref 1,18.582,54996,47718796.0,14.317497,3002099.8,438.7188852,IT=9.3;9.3 ,ii
3946,Ref 1,18.203,55368,47745760.0,14.32138,3090715.5,438.7190407,IT=9.1;9.1 ,ii
3948,Ref 1,20.627,57108,46250648.0,14.325484,3033187.0,438.7188488,IT=10;10 ,ii
3949,Ref 1,22.239,58300,42283732.0,14.32958,2762808.0,438.7189079,IT=11;11 ,ii
3950,Ref 1,18.316,52776,44409976.0,14.33359,2774283.5,438.7189291,IT=9.2;9.2 ,ii
3951,Ref 1,21.118,59012,51667396.0,14.337532,3535774.2,438.7188734,IT=11;11 ,ii
3952,Ref 1,18.007,53372,44455288.0,14.341555,3087119.5,438.7191094,IT=9;9 ,ii
3954,Ref 1,19.408,57180,48662000.0,14.34564,3141839.0,438.7188424,IT=9.7;9.7 ,ii
3955,Ref 1,25.533,60308,44256700.0,14.349807,2897095.2,438.7190121,IT=13;13 ,ii
3956,Ref 1,16.429,52228,47590284.0,14.353582,3334794.0,438.7188802,IT=8.2;8.2 ,ii
3957,Ref 1,27.806,62204,44452560.0,14.357817,3147774.0,438.7191141,IT=14;14 ,ii
3959,Ref 1,22.485,61692,44858564.0,14.361955,3023465.0,438.718869,IT=11;11 ,ii
3960,Ref 1,18.206,53592,43644496.0,14.365967,3051094.2,438.7189329,IT=9.1;9.1 ,ii
3961,Ref 1,30.985,65956,44823372.0,14.370229,3064144.8,438.7191088,IT=15;15 ,ii
3962,Ref 1,17.755,52000,43229000.0,14.373961,2957447.2,438.718897,IT=8.9;8.9 ,ii
3963,Ref 1,20.307,57404,49755584.0,14.378054,3669344.5,438.7189134,IT=10;10 ,ii
3964,Ref 1,24.448,59492,42764424.0,14.382192,2950648.8,438.7191697,IT=12;12 ,ii
3966,Ref 1,23.743,60384,45069000.0,14.386511,3046678.5,438.7190442,IT=12;12 ,ii
3967,Ref 1,20.380,55652,47283552.0,14.390392,3546303.0,438.7189741,IT=10;10 ,ii
3968,Ref 1,20.021,55940,43515328.0,14.394463,3059784.2,438.7190277,IT=10;10 ,ii
3969,Ref 1,19.643,54496,47341232.0,14.398531,3265941.0,438.7189968,IT=9.8;9.8 ,ii
3970,Ref 1,21.187,53916,40589444.0,14.402625,2924466.2,438.7189857,IT=11;11 ,ii
3971,Ref 1,20.480,57900,44227276.0,14.406519,3154865.2,438.7190146,IT=10;10 ,ii
3972,Ref 1,23.138,57984,45792840.0,14.410633,3230625.2,438.7191137,IT=12;12 ,ii
3974,Ref 1,20.111,56356,48845248.0,14.414731,3566764.5,438.7188996,IT=10;10 ,ii
3975,Ref 1,23.524,57516,42601280.0,14.41886,2944735.5,438.7189425,IT=12;12 ,ii
3976,Ref 1,21.270,57276,44383544.0,14.422735,3060597.5,438.7189282,IT=11;11 ,ii
3977,Ref 1,21.516,61256,50587940.0,14.426815,3541438.2,438.7188564,IT=11;11 ,ii
3978,Ref 1,24.380,57172,40559816.0,14.430939,2823562.2,438.7189917,IT=12;12 ,ii
3979,Ref 1,18.611,53484,43904664.0,14.434927,3016603.0,438.7190185,IT=9.3;9.3 ,ii
3980,Ref 1,25.692,59160,44934188.0,14.438935,3004873.8,438.7190214,IT=13;13 ,ii
3981,Ref 1,21.224,53784,39185156.0,14.442962,2734580.5,438.7189911,IT=11;11 ,ii
3982,Ref 1,20.450,54368,42583760.0,14.447016,2910215.0,438.7189709,IT=10;10 ,ii
3983,Ref 1,20.105,55708,46005992.0,14.451077,3007267.5,438.7189338,IT=10;10 ,ii
3984,Ref 1,21.164,57068,44663536.0,14.455002,3057516.5,438.7190149,IT=11;11 ,ii
3986,Ref 1,27.592,64388,44646476.0,14.459221,2751436.5,438.7190246,IT=14;14 ,ii
3987,Ref 1,19.696,52696,45491448.0,14.463204,3049258.0,438.7190124,IT=9.8;9.8 ,ii
3989,Ref 1,25.571,57520,38131416.0,14.4674,2399423.8,438.7189676,IT=13;13 ,ii
3990,Ref 1,26.753,59424,39384868.0,14.471516,2464783.2,438.7191724,IT=13;13 ,ii
3992,Ref 1,22.557,57732,46282336.0,14.475843,3025300.8,438.7189802,IT=11;11 ,ii
3993,Ref 1,25.789,60116,44107556.0,14.479981,2673688.5,438.7190574,IT=13;13 ,ii
3994,Ref 1,26.345,60072,41315408.0,14.484083,2412868.8,438.7190901,IT=13;13 ,ii
3996,Ref 1,18.908,51108,44124460.0,14.488347,2748903.2,438.7188987,IT=9.5;9.5 ,ii
3997,Ref 1,20.708,54956,44365160.0,14.492275,2611629.8,438.7189284,IT=10;10 ,ii
3998,Ref 1,19.259,51276,40917032.0,14.496327,2268243.8,438.718932,IT=9.6;9.6 ,ii
3999,Ref 1,24.098,60632,44360968.0,14.500472,2456476.0,438.7189463,IT=12;12 ,ii
4000,Ref 1,23.006,57836,42510444.0,14.504539,2472024.2,438.7189189,IT=12;12 ,ii
4001,Ref 1,24.847,58228,41261172.0,14.508654,2351547.5,438.7191615,IT=12;12 ,ii
4004,Ref 1,20.719,54388,42204332.0,14.514349,2413505.0,391.2839454,IT=10;10 ,ii
4005,Ref 1,19.216,55984,44394112.0,14.518233,2303240.2,438.7190033,IT=9.6;9.6 ,ii
4006,Ref 1,23.187,56424,39938984.0,14.522366,2138081.8,391.2840806,IT=12;12 ,ii
4009,Ref 1,18.212,51420,39389896.0,14.528016,2098380.0,391.2840928,IT=9.1;9.1 ,ii
4011,Ref 1,25.088,59300,42020796.0,14.532241,2125775.0,438.7190428,IT=13;13 ,ii
4012,Ref 1,22.872,56928,43645588.0,14.536305,2372174.2,391.2840012,IT=11;11 ,ii
4014,Ref 1,23.114,59348,44736380.0,14.540474,2312653.0,391.2838697,IT=12;12 ,ii
4015,Ref 1,24.348,58152,42870040.0,14.544583,2133748.2,391.2838792,IT=12;12 ,ii
4016,Ref 1,18.047,48536,39367088.0,14.548568,2041511.9,391.2839579,IT=9;9 ,ii
4017,Ref 1,20.245,56476,44534840.0,14.552666,2395990.0,391.2838214,IT=10;10 ,ii
4018,Ref 1,22.997,58136,43642416.0,14.556774,2206275.5,391.2837884,IT=11;11 ,ii
4019,Ref 1,16.549,53448,45460852.0,14.560584,2207522.5,391.2838725,IT=8.3;8.3 ,ii
4024,Ref 1,22.310,55620,42379004.0,14.569926,2049499.0,391.2839471,IT=11;11 ,ii
4025,Ref 1,21.953,55784,44082428.0,14.573999,2230507.2,391.283899,IT=11;11 ,ii
4026,Ref 1,23.959,59952,44642032.0,14.578109,2210293.5,391.2840141,IT=12;12 ,ii
4028,Ref 1,22.752,57356,42239000.0,14.582282,2069521.0,391.2838395,IT=11;11 ,ii
4029,Ref 1,24.289,58460,43225904.0,14.586393,2184531.2,391.283974,IT=12;12 ,ii
4031,Ref 1,21.026,52988,42674092.0,14.590513,2301300.8,391.2839698,IT=11;11 ,ii
4032,Ref 1,23.307,57696,43009296.0,14.594624,2169862.8,391.2838547,IT=12;12 ,ii
4033,Ref 1,26.695,60988,43714164.0,14.598595,2169504.5,391.283945,IT=13;13 ,ii
4034,Ref 1,18.673,56208,50589484.0,14.60257,2559782.5,391.2838876,IT=9.3;9.3 ,ii
4035,Ref 1,18.078,50956,40992336.0,14.606622,2010921.4,391.2839456,IT=9;9 ,ii
4036,Ref 1,26.256,60884,43346284.0,14.610815,2047335.0,391.2839959,IT=13;13 ,ii
4037,Ref 1,17.238,50568,43005328.0,14.614603,2169740.8,391.2839086,IT=8.6;8.6 ,ii
4038,Ref 1,23.452,58776,44813556.0,14.618759,2093419.2,391.2838924,IT=12;12 ,ii
4039,Ref 1,19.838,55880,48844700.0,14.622786,2396571.2,391.2838273,IT=9.9;9.9 ,ii
4040,Ref 1,27.583,62796,45578184.0,14.626988,2232672.5,391.2839389,IT=14;14 ,ii
4041,Ref 1,19.428,56140,47443760.0,14.630801,2313737.8,391.2838987,IT=9.7;9.7 ,ii
4042,Ref 1,23.491,55204,41546596.0,14.634944,2034828.1,391.2839404,IT=12;12 ,ii
4043,Ref 1,18.977,54752,49302256.0,14.638955,2314787.2,391.2838205,IT=9.5;9.5 ,ii
4044,Ref 1,27.416,63764,44615384.0,14.643178,2217413.0,391.2839183,IT=14;14 ,ii
4045,Ref 1,20.279,55120,44341516.0,14.647176,2216004.2,391.2838554,IT=10;10 ,ii
4046,Ref 1,22.113,56864,45322696.0,14.651123,2448522.8,391.2838944,IT=11;11 ,ii
4047,Ref 1,26.217,61516,44852532.0,14.655269,2105494.5,391.2839896,IT=13;13 ,ii
4049,Ref 1,21.929,57236,46104096.0,14.659419,2380565.8,391.283775,IT=11;11 ,ii
4050,Ref 1,18.929,50964,40889620.0,14.663452,2215868.0,391.2838342,IT=9.5;9.5 ,ii
4051,Ref 1,17.703,55552,50808084.0,14.66733,2534403.2,391.2837011,IT=8.9;8.9 ,ii
4052,Ref 1,32.316,63356,40803004.0,14.67163,1882001.8,391.2840268,IT=16;16 ,ii
4053,Ref 1,20.040,56308,48198424.0,14.675559,2370272.0,391.2838523,IT=10;10 ,ii
4054,Ref 1,16.721,49048,42458456.0,14.67959,2277219.5,391.2839174,IT=8.4;8.4 ,ii
4055,Ref 1,16.041,49480,48770660.0,14.68345,2620630.2,391.2838395,IT=8;8 ,ii
4056,Ref 1,16.781,51784,49307128.0,14.687509,2386190.5,391.2838917,IT=8.4;8.4 ,ii
4058,Ref 1,18.745,55060,46726676.0,14.691584,2263806.5,391.2838759,IT=9.4;9.4 ,ii
4059,Ref 1,20.506,53760,44413480.0,14.695673,2171776.0,391.2839376,IT=10;10 ,ii
4061,Ref 1,21.968,56572,49010196.0,14.699817,2413031.0,391.2838671,IT=11;11 ,ii
4062,Ref 1,16.863,53960,50453264.0,14.703811,2541074.8,391.2838328,IT=8.4;8.4 ,ii
4063,Ref 1,25.840,62432,45828020.0,14.708004,2015009.0,391.2839087,IT=13;13 ,ii
4064,Ref 1,21.465,56416,43544672.0,14.712029,2119766.8,391.2838465,IT=11;11 ,ii
4065,Ref 1,15.005,48180,46078980.0,14.715829,2412101.2,391.2838744,IT=7.5;7.5 ,ii
4069,Ref 1,21.453,56336,46963204.0,14.725452,2268778.8,391.28382,IT=11;11 ,ii
4070,Ref 1,20.271,55180,46274960.0,14.729519,2164206.0,391.2838752,IT=10;10 ,ii
4071,Ref 1,19.168,54852,43965972.0,14.733577,2057507.1,391.2838558,IT=9.6;9.6 ,ii
4072,Ref 1,22.033,56820,47632804.0,14.737527,2261004.8,391.2838048,IT=11;11 ,ii
4073,Ref 1,17.160,52952,50300796.0,14.741533,2331208.5,391.2837445,IT=8.6;8.6 ,ii
4074,Ref 1,22.265,58940,49746628.0,14.745679,2250949.2,391.2837587,IT=11;11 ,ii
4075,Ref 1,17.717,50580,47748996.0,14.749696,2482415.0,391.2838274,IT=8.9;8.9 ,ii
4076,Ref 1,16.265,47856,43823676.0,14.75356,2244608.8,391.2839465,IT=8.1;8.1 ,ii
4077,Ref 1,29.797,66280,47320676.0,14.757831,2135988.0,391.2839129,IT=15;15 ,ii
4078,Ref 1,21.877,58040,48477096.0,14.761829,2373492.8,391.2838357,IT=11;11 ,ii
4079,Ref 1,18.394,52744,44964992.0,14.765862,2254698.5,391.2838143,IT=9.2;9.2 ,ii
4080,Ref 1,16.154,48020,44073036.0,14.769883,2105772.8,391.2838485,IT=8.1;8.1 ,ii
4081,Ref 1,18.313,51072,43473696.0,14.773806,2164029.2,391.2838192,IT=9.2;9.2 ,ii
4082,Ref 1,17.717,50324,46632800.0,14.777856,2410062.2,391.2838471,IT=8.9;8.9 ,ii
4085,Ref 1,24.361,59296,44744472.0,14.783875,2045571.9,391.2839268,IT=12;12 ,ii
4089,Ref 1,24.252,60720,50137296.0,14.791439,2253408.8,352.202529,IT=12;12 ,ii
4090,Ref 1,19.078,54512,47953588.0,14.795277,2209553.5,391.2837993,IT=9.5;9.5 ,ii
4091,Ref 1,15.628,47464,43189636.0,14.799285,2064943.0,391.2838293,IT=7.8;7.8 ,ii
4092,Ref 1,22.907,58936,47210384.0,14.80345,2419359.5,391.2837897,IT=11;11 ,ii
4093,Ref 1,21.300,56404,45320916.0,14.807514,2145286.5,391.2838736,IT=11;11 ,ii
4095,Ref 1,18.823,54252,47594152.0,14.811587,2321625.2,391.2837734,IT=9.4;9.4 ,ii
4096,Ref 1,14.382,47392,47095972.0,14.815579,2553294.0,391.2838604,IT=7.2;7.2 ,ii
4097,Ref 1,20.143,54592,47014800.0,14.819699,2244634.0,391.2837348,IT=10;10 ,ii
4098,Ref 1,21.769,59128,46673104.0,14.823797,2269269.5,391.2838739,IT=11;11 ,ii
4100,Ref 1,18.217,52172,46284028.0,14.827868,2534167.2,391.2838084,IT=9.1;9.1 ,ii
4101,Ref 1,28.145,61608,44422928.0,14.832099,2084064.9,391.2840169,IT=14;14 ,ii
4103,Ref 1,20.556,56196,45361460.0,14.836206,2301604.0,391.2838998,IT=10;10 ,ii
4104,Ref 1,19.886,54244,47802228.0,14.840278,2391657.5,391.2838955,IT=9.9;9.9 ,ii
4106,Ref 1,20.972,56824,46737712.0,14.844385,2277542.0,391.2838434,IT=10;10 ,ii
4107,Ref 1,26.708,61936,47872116.0,14.848564,2317866.0,391.2838174,IT=13;13 ,ii
4108,Ref 1,17.303,49984,42363364.0,14.85252,2300395.5,391.283891,IT=8.7;8.7 ,ii
4109,Ref 1,16.687,49892,48176672.0,14.85657,2324423.5,391.2837879,IT=8.3;8.3 ,ii
4110,Ref 1,22.159,56008,46091376.0,14.860714,2329217.0,391.2838069,IT=11;11 ,ii
4111,Ref 1,16.948,55044,52220704.0,14.864547,2501545.0,391.2837484,IT=8.5;8.5 ,ii
4112,Ref 1,18.068,52072,46248092.0,14.868626,2291129.8,391.2839612,IT=9;9 ,ii
4114,Ref 1,22.228,56420,44729636.0,14.872762,2124942.2,391.2838169,IT=11;11 ,ii
4115,Ref 1,18.730,51104,43653844.0,14.876778,2251938.0,391.283842,IT=9.4;9.4 ,ii
4116,Ref 1,20.904,55492,45052632.0,14.880703,2486537.0,391.2838293,IT=10;10 ,ii
4117,Ref 1,23.368,56820,43603008.0,14.884822,2136121.0,391.2837745,IT=12;12 ,ii
4118,Ref 1,24.889,60784,44264060.0,14.888926,2212484.0,352.202556,IT=12;12 ,ii
4119,Ref 1,21.082,53840,41937340.0,14.892951,2143898.0,391.2838768,IT=11;11 ,ii
4120,Ref 1,20.527,50236,39258588.0,14.897022,1936152.6,391.2839388,IT=10;10 ,ii
4121,Ref 1,21.661,52900,42810700.0,14.901099,2281309.8,391.2838741,IT=11;11 ,ii
4122,Ref 1,19.939,53648,45487632.0,14.90514,2263042.0,352.2024853,IT=10;10 ,ii
4123,Ref 1,18.078,52512,41184668.0,14.909176,2119117.2,352.2026068,IT=9;9 ,ii
4125,Ref 1,19.565,53960,44426656.0,14.913284,2195075.5,352.2026027,IT=9.8;9.8 ,ii
4128,Ref 1,19.421,52240,45208056.0,14.919295,2242480.2,391.2838064,IT=9.7;9.7 ,ii
4129,Ref 1,26.467,60500,42759496.0,14.923313,2183248.5,352.2026403,IT=13;13 ,ii
4130,Ref 1,24.916,58928,43612516.0,14.927388,2273252.5,391.2839699,IT=12;12 ,ii
4131,Ref 1,21.945,56676,48145664.0,14.931451,2544153.2,352.2025526,IT=11;11 ,ii
4132,Ref 1,21.313,54956,41749596.0,14.935517,2101845.8,352.2026245,IT=11;11 ,ii
4133,Ref 1,26.584,60216,43452456.0,14.939536,2219641.5,352.2026704,IT=13;13 ,ii
4134,Ref 1,23.409,60440,48317892.0,14.943588,2504976.2,352.2025723,IT=12;12 ,ii
4135,Ref 1,27.242,59784,40069072.0,14.94774,2012316.8,352.2026986,IT=14;14 ,ii
4136,Ref 1,18.644,52300,44898640.0,14.951707,2286247.0,391.2839032,IT=9.3;9.3 ,ii
4137,Ref 1,21.112,59132,51769984.0,14.955649,2717521.5,352.2025748,IT=11;11 ,ii
4138,Ref 1,24.131,56144,39658504.0,14.95978,2099667.8,352.2027086,IT=12;12 ,ii
4140,Ref 1,23.068,56304,42343408.0,14.963919,2187340.5,352.202619,IT=12;12 ,ii
4141,Ref 1,21.481,55880,41513360.0,14.967994,2255738.2,391.2839704,IT=11;11 ,ii
4142,Ref 1,22.591,58540,47351068.0,14.971921,2375012.2,352.2025571,IT=11;11 ,ii
4143,Ref 1,23.650,58604,41444392.0,14.976034,2122570.8,391.2840121,IT=12;12 ,ii
4145,Ref 1,22.054,56180,42347364.0,14.980161,2303200.0,391.2839467,IT=11;11 ,ii
4146,Ref 1,19.197,54588,44549120.0,14.98419,2395391.8,352.202564,IT=9.6;9.6 ,ii
4147,Ref 1,31.769,63592,41232232.0,14.9883,2160783.0,352.2026869,IT=16;16 ,ii
4148,Ref 1,23.738,57764,45457504.0,14.992307,2458848.5,391.2839122,IT=12;12 ,ii
4149,Ref 1,20.289,53688,40298540.0,14.99634,2216338.8,352.202617,IT=10;10 ,ii
4150,Ref 1,27.584,59672,38755180.0,15.000532,2028157.9,352.202614,IT=14;14 ,ii
4151,Ref 1,15.623,48120,45237516.0,15.004284,2568890.5,391.2838512,IT=7.8;7.8 ,ii
4153,Ref 1,23.956,57920,42552920.0,15.010298,2262114.2,352.2025787,IT=12;12 ,ii
4154,Ref 1,20.154,56188,44442920.0,15.014321,2420148.0,391.2839578,IT=10;10 ,ii
4157,Ref 1,19.112,52340,40590044.0,15.019986,2238698.2,391.2839839,IT=9.6;9.6 ,ii
4158,Ref 1,26.189,58664,40139632.0,15.024165,2229836.2,352.2025985,IT=13;13 ,ii
4159,Ref 1,22.313,55768,41329268.0,15.028196,2185839.0,352.2026188,IT=11;11 ,ii
4162,Ref 1,19.262,57024,49991112.0,15.033863,2685040.2,352.2025868,IT=9.6;9.6 ,ii
4163,Ref 1,19.767,52588,38808128.0,15.037933,2108456.8,352.2026407,IT=9.9;9.9 ,ii
4164,Ref 1,22.516,56748,46273812.0,15.042046,2542269.8,352.202602,IT=11;11 ,ii
4165,Ref 1,23.261,56452,40962168.0,15.045969,2364935.0,352.202598,IT=12;12 ,ii
4166,Ref 1,29.352,62648,40476696.0,15.05016,2188880.0,352.2026407,IT=15;15 ,ii
4167,Ref 1,20.150,52004,40926184.0,15.054121,2256207.2,391.2839659,IT=10;10 ,ii
4168,Ref 1,27.975,62564,41838280.0,15.058317,2263134.5,352.2026227,IT=14;14 ,ii
4169,Ref 1,23.362,58684,43130796.0,15.062185,2379781.2,352.202624,IT=12;12 ,ii
4172,Ref 1,22.210,57120,44900264.0,15.068179,2498377.8,352.2025391,IT=11;11 ,ii
4173,Ref 1,24.009,58712,41746392.0,15.072294,2332623.5,352.2026472,IT=12;12 ,ii
4175,Ref 1,20.327,53712,41701248.0,15.076396,2231802.8,352.2025729,IT=10;10 ,ii
4176,Ref 1,15.556,49976,46107084.0,15.080383,2811950.0,352.2025798,IT=7.8;7.8 ,ii
4177,Ref 1,24.329,57724,41816328.0,15.084398,2326263.8,352.2025255,IT=12;12 ,ii
4178,Ref 1,17.368,48924,43034448.0,15.088371,2619685.2,352.2025654,IT=8.7;8.7 ,ii
4179,Ref 1,22.202,57404,44204904.0,15.0925,2524769.5,352.20252,IT=11;11 ,ii
4180,Ref 1,19.988,50848,37510868.0,15.096543,2235314.5,352.2026203,IT=10;10 ,ii
4181,Ref 1,17.287,50664,39134928.0,15.100406,2203502.0,352.2026129,IT=8.6;8.6 ,ii
4182,Ref 1,32.281,64640,40036900.0,15.104708,2211285.8,352.2027387,IT=16;16 ,ii
4183,Ref 1,19.053,54848,43996956.0,15.108618,2422819.8,352.2025099,IT=9.5;9.5 ,ii
4184,Ref 1,30.897,65652,41265112.0,15.112883,2287675.0,352.2027088,IT=15;15 ,ii
4185,Ref 1,22.162,58708,44564520.0,15.116862,2394355.5,352.2024812,IT=11;11 ,ii
4186,Ref 1,23.980,59056,45940964.0,15.120808,2703776.8,352.2025073,IT=12;12 ,ii
4187,Ref 1,18.157,54180,46310592.0,15.124797,2677255.2,352.2025399,IT=9.1;9.1 ,ii
4188,Ref 1,16.817,53488,51496408.0,15.128829,3109130.5,352.2023944,IT=8.4;8.4 ,ii
4189,Ref 1,29.630,62180,40952636.0,15.133099,2326797.0,352.2026907,IT=15;15 ,ii
4191,Ref 1,20.838,56640,43945756.0,15.137204,2508239.8,352.2025685,IT=10;10 ,ii
4192,Ref 1,20.248,55068,42247656.0,15.141266,2372034.2,352.2025799,IT=10;10 ,ii
4193,Ref 1,24.656,59816,44623208.0,15.145416,2580837.0,352.2026154,IT=12;12 ,ii
4194,Ref 1,28.796,61196,38396056.0,15.149583,2178177.5,352.2027126,IT=14;14 ,ii
4195,Ref 1,20.867,54772,40362304.0,15.153397,2211792.0,352.2026053,IT=10;10 ,ii
4196,Ref 1,15.313,49496,50334100.0,15.157389,3127207.5,352.2026133,IT=7.7;7.7 ,ii
4197,Ref 1,32.578,65544,41888432.0,15.161705,2259769.5,352.2027181,IT=16;16 ,ii
4198,Ref 1,19.549,54948,42378776.0,15.165626,2388661.8,352.2027144,IT=9.8;9.8 ,ii
4199,Ref 1,18.065,51172,41100756.0,15.169501,2340261.2,391.2840482,IT=9;9 ,ii
4200,Ref 1,28.949,63392,42413676.0,15.173745,2370149.0,352.2026619,IT=14;14 ,ii
4201,Ref 1,28.090,60916,41684140.0,15.177841,2177328.8,352.2026304,IT=14;14 ,ii
4202,Ref 1,16.996,51476,44983180.0,15.18178,2458817.5,391.2839826,IT=8.5;8.5 ,ii
4203,Ref 1,19.432,54272,43949544.0,15.185699,2310904.5,352.2026513,IT=9.7;9.7 ,ii
4205,Ref 1,25.708,59292,39788572.0,15.189893,2050547.0,391.2841587,IT=13;13 ,ii
4207,Ref 1,21.174,56464,43932412.0,15.194076,2331252.8,391.2838541,IT=11;11 ,ii
4208,Ref 1,21.603,57756,45293880.0,15.198155,2439020.2,352.2025443,IT=11;11 ,ii
4209,Ref 1,25.587,61196,43058452.0,15.202293,2150145.8,352.2025481,IT=13;13 ,ii
4210,Ref 1,27.808,60548,41717696.0,15.206253,2169164.0,391.2838935,IT=14;14 ,ii
4211,Ref 1,22.253,57432,42146468.0,15.210272,2183311.5,391.2838932,IT=11;11 ,ii
4212,Ref 1,16.218,50124,44762208.0,15.214245,2327483.2,391.2839292,IT=8.1;8.1 ,ii
4213,Ref 1,20.546,57392,45676184.0,15.218357,2448238.5,391.2837923,IT=10;10 ,ii
4215,Ref 1,23.427,58620,45999064.0,15.222511,2460990.0,391.2838369,IT=12;12 ,ii
4216,Ref 1,19.315,52112,39221904.0,15.226528,2116688.8,391.2839518,IT=9.7;9.7 ,ii
4219,Ref 1,23.368,60780,44232144.0,15.232282,2275929.8,391.2837493,IT=12;12 ,ii
4220,Ref 1,24.019,57184,39638992.0,15.236382,1906034.4,391.2838842,IT=12;12 ,ii
4221,Ref 1,27.557,61940,40436552.0,15.240534,2125736.8,391.2838849,IT=14;14 ,ii
4222,Ref 1,19.646,55136,44379724.0,15.244357,2308942.5,391.2838357,IT=9.8;9.8 ,ii
4223,Ref 1,13.515,47460,44719660.0,15.248332,2299381.0,391.2838298,IT=6.8;6.8 ,ii
4224,Ref 1,22.176,57708,43197112.0,15.25248,2089058.6,391.283887,IT=11;11 ,ii
4225,Ref 1,18.701,55684,46756576.0,15.256513,2632256.0,391.2838509,IT=9.4;9.4 ,ii
4226,Ref 1,14.680,49324,40592036.0,15.260349,2262563.5,391.2839243,IT=7.3;7.3 ,ii
4227,Ref 1,25.445,55148,34871888.0,15.264547,1969813.0,391.2840052,IT=13;13 ,ii
4228,Ref 1,22.457,57140,41898680.0,15.268601,2220473.8,391.2839477,IT=11;11 ,ii
4229,Ref 1,19.463,57164,43442868.0,15.272634,2066706.4,391.2839788,IT=9.7;9.7 ,ii
4230,Ref 1,19.378,55676,44637492.0,15.276711,2474958.8,391.2839513,IT=9.7;9.7 ,ii
4231,Ref 1,24.805,57288,40766424.0,15.280705,2053875.5,391.2838556,IT=12;12 ,ii
4232,Ref 1,19.105,52144,40930376.0,15.284703,2228319.5,391.2839603,IT=9.6;9.6 ,ii
4234,Ref 1,25.598,63920,41561636.0,15.288913,2223950.0,391.2840727,IT=13;13 ,ii
4236,Ref 1,20.924,57848,42621064.0,15.29324,2251976.0,391.2839709,IT=10;10 ,ii
4237,Ref 1,22.860,61592,44209288.0,15.29719,2166300.2,391.2839345,IT=11;11 ,ii
4238,Ref 1,29.207,61504,36289396.0,15.301388,1876750.9,391.2840456,IT=15;15 ,ii
4239,Ref 1,24.635,61896,42819664.0,15.305436,2153537.8,391.2839355,IT=12;12 ,ii
4240,Ref 1,22.897,59428,40455528.0,15.309509,2412432.5,391.2840004,IT=11;11 ,ii
4242,Ref 1,19.572,53492,37150324.0,15.313596,1943954.9,391.2839625,IT=9.8;9.8 ,ii
4243,Ref 1,30.425,67812,41639956.0,15.317861,2182477.5,391.2839914,IT=15;15 ,ii
4244,Ref 1,21.314,57692,43538300.0,15.321827,2517364.2,391.2839973,IT=11;11 ,ii
4245,Ref 1,27.160,62988,39915556.0,15.326009,2039604.4,391.2839587,IT=14;14 ,ii
4246,Ref 1,22.351,57596,39700796.0,15.329871,2115086.8,391.2839212,IT=11;11 ,ii
4247,Ref 1,28.640,64796,41291176.0,15.334054,2189396.5,391.2840133,IT=14;14 ,ii
4248,Ref 1,23.844,57996,38653944.0,15.338079,2016594.4,391.2839382,IT=12;12 ,ii
4249,Ref 1,21.202,55276,39095700.0,15.342133,2112756.8,391.2839377,IT=11;11 ,ii
4250,Ref 1,20.389,55732,40875156.0,15.346181,2419701.8,391.2839293,IT=10;10 ,ii
4251,Ref 1,18.563,54628,42753380.0,15.350046,2300177.5,391.2839303,IT=9.3;9.3 ,ii
4252,Ref 1,24.982,61736,40131312.0,15.354215,2150006.2,391.2839931,IT=12;12 ,ii
4253,Ref 1,26.810,60832,40628828.0,15.358333,2146462.5,391.284132,IT=13;13 ,ii
4255,Ref 1,27.189,61440,36234736.0,15.362721,1850668.5,391.2840186,IT=14;14 ,ii
4256,Ref 1,30.536,66564,38630700.0,15.366719,2067385.1,391.2840495,IT=15;15 ,ii
4257,Ref 1,23.711,58144,39857404.0,15.370729,2257111.8,391.2841138,IT=12;12 ,ii
4260,Ref 1,23.989,59776,37432292.0,15.37675,1944322.9,391.2839328,IT=12;12 ,ii
4261,Ref 1,20.437,56820,40051388.0,15.380785,2196646.2,391.2839336,IT=10;10 ,ii
4262,Ref 1,22.327,57664,41672412.0,15.384879,2164806.0,391.2839644,IT=11;11 ,ii
4265,Ref 1,30.707,64288,37120316.0,15.390754,1990534.1,391.283989,IT=15;15 ,ii
4266,Ref 1,24.661,58640,38937724.0,15.394775,2257062.5,391.2838863,IT=12;12 ,ii
4267,Ref 1,25.580,60340,38840852.0,15.398879,2148773.2,391.2839816,IT=13;13 ,ii
4268,Ref 1,28.909,62444,39489156.0,15.403031,2186641.2,391.2839519,IT=14;14 ,ii
4269,Ref 1,29.214,65500,38900564.0,15.407148,1985090.1,391.2840105,IT=15;15 ,ii
4270,Ref 1,21.966,57576,39500764.0,15.411143,2164774.0,391.2840231,IT=11;11 ,ii
4272,Ref 1,22.033,56004,37823484.0,15.415279,2098311.2,391.2840731,IT=11;11 ,ii
4274,Ref 1,22.411,57640,39050692.0,15.419485,2235239.2,391.2840287,IT=11;11 ,ii
4275,Ref 1,24.134,56576,35405840.0,15.423585,1940844.2,391.284083,IT=12;12 ,ii
4276,Ref 1,33.928,65260,34484000.0,15.427835,1890195.8,391.284164,IT=17;17 ,ii
4277,Ref 1,25.508,62220,40672744.0,15.431835,2326923.2,391.2840318,IT=13;13 ,ii
4278,Ref 1,26.616,59696,36342328.0,15.435781,2022819.2,391.2840958,IT=13;13 ,ii
4280,Ref 1,28.499,61772,35430284.0,15.440018,1976979.2,391.2840359,IT=14;14 ,ii
4281,Ref 1,25.001,60128,37694388.0,15.444072,2128991.8,391.2839763,IT=13;13 ,ii
4282,Ref 1,25.511,60396,39307372.0,15.448174,2085834.0,391.2840429,IT=13;13 ,ii
4284,Ref 1,22.634,58868,37709984.0,15.452335,2081719.5,391.2839361,IT=11;11 ,ii
4285,Ref 1,24.315,59604,40122660.0,15.456443,2325931.2,391.2838989,IT=12;12 ,ii
4286,Ref 1,24.087,57676,38051736.0,15.460524,2270246.2,391.2839694,IT=12;12 ,ii
4287,Ref 1,21.327,55844,39829324.0,15.464562,2223329.5,391.2838964,IT=11;11 ,ii
4288,Ref 1,22.578,57580,37620580.0,15.468487,2162342.2,391.2839638,IT=11;11 ,ii
4289,Ref 1,26.314,62052,40069536.0,15.472643,2073007.8,391.2839174,IT=13;13 ,ii
4290,Ref 1,23.073,58060,40649836.0,15.476689,2138616.8,391.2839953,IT=12;12 ,ii
4291,Ref 1,37.131,69144,35518032.0,15.481003,1935350.9,391.2841127,IT=19;19 ,ii
4292,Ref 1,26.753,59076,36375776.0,15.485001,2059496.8,391.2839824,IT=13;13 ,ii
4293,Ref 1,23.711,58788,38641264.0,15.488887,2164625.0,391.2840141,IT=12;12 ,ii
4294,Ref 1,21.878,60060,39470896.0,15.492943,2259768.5,391.2839189,IT=11;11 ,ii
4295,Ref 1,29.352,63332,39411848.0,15.497145,2188829.5,391.2839919,IT=15;15 ,ii
4296,Ref 1,28.657,62656,37279208.0,15.501249,1994811.6,391.2840129,IT=14;14 ,ii
4297,Ref 1,31.285,63620,36171440.0,15.505403,2071373.4,391.2840425,IT=16;16 ,ii
4298,Ref 1,21.064,55712,39723780.0,15.509364,2345409.8,391.2838912,IT=11;11 ,ii
4299,Ref 1,24.584,58056,36737236.0,15.513501,2025181.5,391.283944,IT=12;12 ,ii
4300,Ref 1,22.188,54956,35614260.0,15.517545,2118081.8,391.2839076,IT=11;11 ,ii
4301,Ref 1,39.293,73144,37346180.0,15.521741,2076286.5,391.2841828,IT=20;20 ,ii
4303,Ref 1,22.788,56376,35295232.0,15.525905,1975605.9,391.2839894,IT=11;11 ,ii
4304,Ref 1,26.911,59064,36288564.0,15.530055,2006770.2,391.2838752,IT=13;13 ,ii
4305,Ref 1,32.828,63868,36168804.0,15.534255,1978414.8,391.2841138,IT=16;16 ,ii
4307,Ref 1,24.345,62164,38236672.0,15.538586,2106073.5,391.2838366,IT=12;12 ,ii
4308,Ref 1,33.192,66204,35869688.0,15.542672,1990616.0,391.2839396,IT=17;17 ,ii
4309,Ref 1,28.230,63460,38649652.0,15.546722,2123775.0,391.2840148,IT=14;14 ,ii
4312,Ref 1,24.934,57872,34411224.0,15.552757,1811225.5,391.2839266,IT=12;12 ,ii
4313,Ref 1,32.565,63160,34875856.0,15.556978,2014501.0,391.2839961,IT=16;16 ,ii
4314,Ref 1,25.612,58084,36188800.0,15.561001,2128126.5,391.2839476,IT=13;13 ,ii
4315,Ref 1,29.153,64648,38182336.0,15.565155,2139462.0,391.2840087,IT=15;15 ,ii
4317,Ref 1,25.654,58996,35525168.0,15.569365,1941229.6,391.284098,IT=13;13 ,ii
4319,Ref 1,25.252,61096,38393352.0,15.573615,2091508.5,391.2839183,IT=13;13 ,ii
4320,Ref 1,31.130,66248,33987936.0,15.577805,1767925.2,391.2841241,IT=16;16 ,ii
4322,Ref 1,22.696,58712,37781604.0,15.582134,2123657.8,391.2839378,IT=11;11 ,ii
4323,Ref 1,27.323,60812,37148144.0,15.586294,2218094.8,391.2840368,IT=14;14 ,ii
4324,Ref 1,23.979,56436,34543256.0,15.590342,2034383.2,391.283964,IT=12;12 ,ii
4325,Ref 1,31.923,64212,35283696.0,15.594559,1961024.6,391.2840673,IT=16;16 ,ii
4326,Ref 1,30.532,66736,38238020.0,15.598665,2129404.2,391.2840454,IT=15;15 ,ii
4327,Ref 1,23.180,56272,33828244.0,15.602665,1825744.4,391.283994,IT=12;12 ,ii
4328,Ref 1,27.499,61528,39538996.0,15.606653,2315415.8,391.2840195,IT=14;14 ,ii
4329,Ref 1,20.488,56076,38572668.0,15.610644,2100212.5,391.2839132,IT=10;10 ,ii
4330,Ref 1,23.880,58372,37749160.0,15.614767,2122232.2,391.2839122,IT=12;12 ,ii
4331,Ref 1,37.957,65608,32569166.0,15.619082,1803851.0,391.2841996,IT=19;19 ,ii
4333,Ref 1,22.549,59292,39435324.0,15.623221,2356581.5,391.2838999,IT=11;11 ,ii
4334,Ref 1,26.385,57960,35045892.0,15.627365,1911851.5,391.2839931,IT=13;13 ,ii
4335,Ref 1,21.101,57484,37752988.0,15.631375,2106937.0,391.2839546,IT=11;11 ,ii
4336,Ref 1,26.465,60544,35570340.0,15.635546,2173078.0,391.2840484,IT=13;13 ,ii
4337,Ref 1,24.765,56564,35305660.0,15.639606,2007366.1,391.2839719,IT=12;12 ,ii
4338,Ref 1,24.237,55616,32524222.0,15.64369,1852555.2,391.2841287,IT=12;12 ,ii
4340,Ref 1,23.400,58132,39280820.0,15.647863,2034200.8,391.2838669,IT=12;12 ,ii
4341,Ref 1,37.690,67904,34536884.0,15.652188,1900774.6,391.2840802,IT=19;19 ,ii
4343,Ref 1,24.620,55708,35611420.0,15.656529,1988296.6,391.2838403,IT=12;12 ,ii
4344,Ref 1,27.878,60540,37812008.0,15.660517,2176712.5,391.2838208,IT=14;14 ,ii
4345,Ref 1,34.282,64440,34446232.0,15.664754,1856782.6,391.2840553,IT=17;17 ,ii
4346,Ref 1,22.137,57424,38688556.0,15.66871,2115137.2,391.2838802,IT=11;11 ,ii
4347,Ref 1,21.369,55024,37139696.0,15.672783,2151742.8,391.2838819,IT=11;11 ,ii
4348,Ref 1,18.068,51688,38139136.0,15.676812,2263964.2,391.2840576,IT=9;9 ,ii
4350,Ref 1,32.208,62228,35170560.0,15.681102,1970360.4,391.2838466,IT=16;16 ,ii
4351,Ref 1,26.276,59696,37888492.0,15.685152,2109493.5,391.2838232,IT=13;13 ,ii
4352,Ref 1,20.419,51528,34273872.0,15.689164,2059911.6,391.2839545,IT=10;10 ,ii
4354,Ref 1,31.779,65272,33898248.0,15.693619,1814904.5,391.2839959,IT=16;16 ,ii
4356,Ref 1,28.658,61780,37594608.0,15.697908,2060788.6,391.2839496,IT=14;14 ,ii
4357,Ref 1,29.377,61816,37797636.0,15.702033,2047984.8,391.2839735,IT=15;15 ,ii
4358,Ref 1,32.157,60392,32072888.0,15.706198,1861768.6,391.2840184,IT=16;16 ,ii
4359,Ref 1,26.000,58896,37716076.0,15.710233,2090994.4,391.2840023,IT=13;13 ,ii
4360,Ref 1,29.856,65004,38518188.0,15.714398,2066810.4,391.2839513,IT=15;15 ,ii
4361,Ref 1,26.318,58484,35700468.0,15.71831,1957098.1,391.2840413,IT=13;13 ,ii
4363,Ref 1,19.851,54684,39892608.0,15.722404,2384477.2,391.2839217,IT=9.9;9.9 ,ii
4364,Ref 1,25.920,57584,36815944.0,15.726572,1965736.4,391.2838755,IT=13;13 ,ii
4365,Ref 1,35.440,68244,35256976.0,15.730837,1949153.4,391.2840352,IT=18;18 ,ii
4366,Ref 1,23.389,60364,40377096.0,15.734623,2266337.8,391.2838285,IT=12;12 ,ii
4367,Ref 1,26.867,60780,36559416.0,15.738772,2142045.5,391.2839534,IT=13;13 ,ii
4368,Ref 1,22.838,56728,35261780.0,15.742804,1961810.9,391.2839035,IT=11;11 ,ii
4369,Ref 1,29.683,63256,39463984.0,15.747004,2176854.2,391.2839771,IT=15;15 ,ii
4370,Ref 1,25.740,57424,36892524.0,15.750887,2181761.5,391.283879,IT=13;13 ,ii
4371,Ref 1,34.353,64932,34153576.0,15.755127,1804847.2,391.2839147,IT=17;17 ,ii
4372,Ref 1,20.838,56112,40695436.0,15.759056,2241789.5,391.28387,IT=10;10 ,ii
4373,Ref 1,20.533,52016,35994196.0,15.763124,2042829.4,391.283901,IT=10;10 ,ii
4375,Ref 1,26.106,56692,35666420.0,15.767314,1977750.9,391.2838692,IT=13;13 ,ii
4376,Ref 1,25.433,57608,38265504.0,15.77141,2167898.8,391.2839155,IT=13;13 ,ii
4377,Ref 1,26.398,59364,38610624.0,15.77552,2194416.8,391.2838495,IT=13;13 ,ii
4378,Ref 1,18.740,53700,40370796.0,15.779499,2150414.5,391.2838243,IT=9.4;9.4 ,ii
4379,Ref 1,25.404,57748,37974228.0,15.783674,2103340.0,391.2838388,IT=13;13 ,ii
4380,Ref 1,28.265,61672,38756916.0,15.787645,2207475.0,391.2840248,IT=14;14 ,ii
4382,Ref 1,23.442,60172,41477632.0,15.791822,2295496.2,391.2839751,IT=12;12 ,ii
4385,Ref 1,28.751,63088,38500656.0,15.797989,2111468.5,391.2839378,IT=14;14 ,ii
4386,Ref 1,25.057,56408,36229804.0,15.802045,2030089.8,391.2839867,IT=13;13 ,ii
4387,Ref 1,41.527,69956,34205200.0,15.806412,1878629.0,391.284097,IT=21;21 ,ii
4388,Ref 1,26.170,59664,37706144.0,15.810328,2074463.8,391.283889,IT=13;13 ,ii
4389,Ref 1,22.705,58076,42296372.0,15.814207,2260392.0,391.2839378,IT=11;11 ,ii
4391,Ref 1,24.340,54924,33263612.0,15.818372,1781798.1,391.2839534,IT=12;12 ,ii
4392,Ref 1,42.669,73792,35143260.0,15.822768,1946172.1,391.2840975,IT=21;21 ,ii
4393,Ref 1,24.444,62516,39905704.0,15.826636,2269957.2,391.2838797,IT=12;12 ,ii
4394,Ref 1,29.779,62060,37687056.0,15.830649,2017543.6,391.2838731,IT=15;15 ,ii
4395,Ref 1,33.380,64240,37356056.0,15.834832,2092617.6,391.2840954,IT=17;17 ,ii
4396,Ref 1,24.422,57700,38584796.0,15.838822,2170654.0,391.283959,IT=12;12 ,ii
4398,Ref 1,27.353,60472,36468144.0,15.844828,2067989.5,391.2839501,IT=14;14 ,ii
4399,Ref 1,23.878,56760,38753880.0,15.848886,2244549.0,391.2839474,IT=12;12 ,ii
4400,Ref 1,25.244,61088,40422200.0,15.85299,2238946.2,391.2838535,IT=13;13 ,ii
4401,Ref 1,35.348,62508,33467372.0,15.857082,1778526.2,359.2104434,IT=18;18 ,ii
4402,Ref 1,23.534,60328,40585972.0,15.861034,2183772.5,391.283821,IT=12;12 ,ii
4403,Ref 1,27.870,60584,38357164.0,15.86519,2073905.4,391.2838951,IT=14;14 ,ii
4404,Ref 1,25.957,55940,34130612.0,15.869263,1900616.8,359.2102486,IT=13;13 ,ii
4405,Ref 1,20.110,53092,39992288.0,15.873101,2258087.0,391.2838314,IT=10;10 ,ii
4406,Ref 1,17.441,51532,39729292.0,15.877124,2263721.8,359.2102018,IT=8.7;8.7 ,ii
4407,Ref 1,28.328,60332,36208532.0,15.881353,2048698.1,359.2103108,IT=14;14 ,ii
4409,Ref 1,20.503,52620,38879668.0,15.885646,2286917.2,391.2838718,IT=10;10 ,ii
4410,Ref 1,17.592,48928,37767876.0,15.889505,2218045.0,359.2102463,IT=8.8;8.8 ,ii
4411,Ref 1,24.143,57264,38314148.0,15.893678,2191995.0,359.2102598,IT=12;12 ,ii
4412,Ref 1,28.554,61952,39578988.0,15.897838,2202909.2,359.2103018,IT=14;14 ,ii
4413,Ref 1,16.946,48044,39030344.0,15.901753,2374362.0,391.2839817,IT=8.5;8.5 ,ii
4415,Ref 1,23.445,56392,36561072.0,15.905896,2125444.8,359.210307,IT=12;12 ,ii
4416,Ref 1,21.487,54908,39403788.0,15.909951,2305945.8,359.2103909,IT=11;11 ,ii
4418,Ref 1,24.211,56156,39122648.0,15.914109,2320241.8,359.210311,IT=12;12 ,ii
4419,Ref 1,15.707,45776,33793428.0,15.918059,2027715.4,359.2102615,IT=7.9;7.9 ,ii
4420,Ref 1,15.032,44864,37336304.0,15.92209,2255098.2,359.2102807,IT=7.5;7.5 ,ii
4422,Ref 1,23.421,58524,41664536.0,15.928104,2327462.5,359.2102681,IT=12;12 ,ii
4423,Ref 1,25.721,58744,36952876.0,15.932063,2149305.5,359.2102657,IT=13;13 ,ii
4424,Ref 1,21.150,54588,39045812.0,15.936084,2340680.2,391.2839916,IT=11;11 ,ii
4425,Ref 1,19.485,53720,39297068.0,15.940144,2281757.5,359.210306,IT=9.7;9.7 ,ii
4426,Ref 1,22.670,54336,37811336.0,15.944263,2253883.5,359.2102945,IT=11;11 ,ii
4427,Ref 1,27.744,60796,38653332.0,15.948269,2275005.2,359.210376,IT=14;14 ,ii
4428,Ref 1,20.071,50388,36141416.0,15.95225,2086218.9,391.2840214,IT=10;10 ,ii
4429,Ref 1,27.526,63020,41760108.0,15.956452,2350487.0,359.210398,IT=14;14 ,ii
4431,Ref 1,22.825,58544,42993188.0,15.960756,2738338.0,359.210333,IT=11;11 ,ii
4432,Ref 1,27.448,62620,41813748.0,15.964923,2383324.0,359.2104573,IT=14;14 ,ii
4434,Ref 1,25.527,59748,39960244.0,15.969131,2474159.0,359.2102609,IT=13;13 ,ii
4435,Ref 1,19.444,51984,40597848.0,15.973131,2414375.5,359.2102865,IT=9.7;9.7 ,ii
4436,Ref 1,23.476,61336,44078432.0,15.977267,2478537.2,359.2101867,IT=12;12 ,ii
4437,Ref 1,27.540,58380,37060000.0,15.981437,2231509.8,359.2103359,IT=14;14 ,ii
4438,Ref 1,26.858,57880,39269280.0,15.985369,2296061.2,359.2102145,IT=13;13 ,ii
4439,Ref 1,21.233,54768,39705196.0,15.989377,2289250.8,391.2838374,IT=11;11 ,ii
4440,Ref 1,18.604,49608,38701732.0,15.993406,2453257.0,359.2102882,IT=9.3;9.3 ,ii
4441,Ref 1,15.567,46604,39741200.0,15.997415,2476635.5,359.2102904,IT=7.8;7.8 ,ii
4442,Ref 1,23.795,56608,39497076.0,16.001425,2315746.8,359.2103161,IT=12;12 ,ii
4443,Ref 1,32.611,63564,37805108.0,16.005654,2199901.2,359.2103425,IT=16;16 ,ii
4444,Ref 1,25.063,57836,40779356.0,16.009681,2447688.0,359.2102704,IT=13;13 ,ii
4445,Ref 1,19.856,55656,46883300.0,16.013691,2912631.0,359.2102207,IT=9.9;9.9 ,ii
4446,Ref 1,28.968,63052,40932380.0,16.017746,2375532.8,359.2102921,IT=14;14 ,ii
4447,Ref 1,26.382,60648,41235572.0,16.021814,2486823.5,359.2100881,IT=13;13 ,ii
4448,Ref 1,22.984,58288,41673224.0,16.025862,2454193.5,359.2101762,IT=11;11 ,ii
4450,Ref 1,22.921,53236,38200548.0,16.030193,2346021.2,359.2101659,IT=11;11 ,ii
4451,Ref 1,22.176,57200,40632472.0,16.034262,2495288.5,359.2101676,IT=11;11 ,ii
4452,Ref 1,23.411,61392,43979836.0,16.038193,2541523.8,359.21019,IT=12;12 ,ii
4453,Ref 1,27.134,62072,41846676.0,16.042343,2514235.2,359.21027,IT=14;14 ,ii
4454,Ref 1,23.347,56556,40759012.0,16.046383,2464111.5,359.2101455,IT=12;12 ,ii
4455,Ref 1,21.562,58124,43842000.0,16.050435,2498213.8,359.2101845,IT=11;11 ,ii
4456,Ref 1,25.253,60732,44222604.0,16.054406,2582503.2,359.2102773,IT=13;13 ,ii
4457,Ref 1,28.142,61016,38356364.0,16.058545,2262546.0,359.2103368,IT=14;14 ,ii
4460,Ref 1,21.118,55316,43292176.0,16.064262,2496782.0,359.2103186,IT=11;11 ,ii
4461,Ref 1,19.028,56056,45220160.0,16.068299,2712596.0,359.2102817,IT=9.5;9.5 ,ii
4462,Ref 1,19.143,52956,38087204.0,16.072374,2327225.5,359.2102989,IT=9.6;9.6 ,ii
4463,Ref 1,21.121,58452,47422340.0,16.07631,2936911.5,359.2100762,IT=11;11 ,ii
4464,Ref 1,21.934,54556,40089692.0,16.080412,2413211.2,359.2102704,IT=11;11 ,ii
4466,Ref 1,22.007,55744,43686948.0,16.084537,2672721.0,359.2101778,IT=11;11 ,ii
4467,Ref 1,23.404,58888,42800520.0,16.088637,2438043.2,359.2102521,IT=12;12 ,ii
4468,Ref 1,17.727,47964,33886500.0,16.092468,2000627.0,359.2103828,IT=8.9;8.9 ,ii
4469,Ref 1,16.705,47736,39714384.0,16.096516,2612568.5,359.2102723,IT=8.4;8.4 ,ii
4470,Ref 1,18.959,53284,41882416.0,16.10061,2606542.8,359.2102358,IT=9.5;9.5 ,ii
4471,Ref 1,17.310,52196,43694240.0,16.104649,2563321.5,359.2102794,IT=8.7;8.7 ,ii
4474,Ref 1,25.936,58144,40089160.0,16.110443,2326687.5,359.2102752,IT=13;13 ,ii
4475,Ref 1,19.047,53212,43664088.0,16.114428,2690716.0,359.2101381,IT=9.5;9.5 ,ii
4476,Ref 1,24.221,60788,43478504.0,16.118407,2658652.8,359.2101665,IT=12;12 ,ii
4478,Ref 1,23.059,58136,41960100.0,16.122576,2507636.0,359.2102954,IT=12;12 ,ii
4480,Ref 1,19.238,53204,43083032.0,16.126707,2606570.8,359.2102404,IT=9.6;9.6 ,ii
4481,Ref 1,25.734,62372,44314624.0,16.130882,2578100.0,359.2101576,IT=13;13 ,ii
4482,Ref 1,21.818,52480,38397552.0,16.134747,2309221.5,359.2102522,IT=11;11 ,ii
4484,Ref 1,20.096,55188,39843900.0,16.138847,2452241.0,359.2102004,IT=10;10 ,ii
4485,Ref 1,19.925,56680,43277168.0,16.142913,2481018.5,359.210074,IT=10;10 ,ii
4486,Ref 1,22.034,55976,39807812.0,16.147016,2337686.8,359.2101573,IT=11;11 ,ii
4487,Ref 1,26.111,57668,39299372.0,16.150999,2393917.0,359.2101204,IT=13;13 ,ii
4488,Ref 1,23.648,58032,41463276.0,16.155057,2363201.5,359.2101805,IT=12;12 ,ii
4489,Ref 1,22.940,56616,39382492.0,16.15913,2409110.5,359.2101714,IT=11;11 ,ii
4490,Ref 1,25.688,58780,42038136.0,16.163259,2549398.0,359.2101341,IT=13;13 ,ii
4491,Ref 1,17.343,49372,41805336.0,16.167065,2800439.8,359.2102446,IT=8.7;8.7 ,ii
4495,Ref 1,19.578,54456,44242152.0,16.174565,2563468.8,359.2100772,IT=9.8;9.8 ,ii
4496,Ref 1,25.928,59944,41004428.0,16.178738,2348199.2,359.2100615,IT=13;13 ,ii
4497,Ref 1,19.253,51884,39384488.0,16.182557,2468017.8,359.2101665,IT=9.6;9.6 ,ii
4498,Ref 1,25.831,59228,38536728.0,16.18673,2316865.5,359.2100803,IT=13;13 ,ii
4499,Ref 1,17.582,51420,42609372.0,16.190688,2621818.0,359.210219,IT=8.8;8.8 ,ii
4500,Ref 1,34.040,65928,39095992.0,16.195009,2320476.5,359.2102949,IT=17;17 ,ii
4502,Ref 1,19.062,51688,39110024.0,16.199115,2231415.0,359.2102773,IT=9.5;9.5 ,ii
4503,Ref 1,29.606,61956,40920812.0,16.203355,2344325.8,359.210213,IT=15;15 ,ii
4505,Ref 1,23.423,58680,42587556.0,16.207509,2496793.5,359.210101,IT=12;12 ,ii
4506,Ref 1,31.964,62312,38724760.0,16.211734,2240619.2,359.2102662,IT=16;16 ,ii
4508,Ref 1,23.339,59320,42606928.0,16.216073,2585949.5,359.2101056,IT=12;12 ,ii
4509,Ref 1,18.606,52932,41614828.0,16.219911,2477903.0,359.2102543,IT=9.3;9.3 ,ii
4513,Ref 1,22.181,55968,40820476.0,16.22744,2311535.8,391.2837489,IT=11;11 ,ii
4514,Ref 1,18.653,48376,38096640.0,16.231463,2231225.0,359.2101587,IT=9.3;9.3 ,ii
4515,Ref 1,22.774,56692,41130276.0,16.235423,2404872.0,359.2100917,IT=11;11 ,ii
4518,Ref 1,22.229,55672,41578784.0,16.241434,2515775.2,359.2100631,IT=11;11 ,ii
4519,Ref 1,29.319,62224,38367380.0,16.245642,2407736.0,359.2100673,IT=15;15 ,ii
4520,Ref 1,20.756,55168,39685024.0,16.249621,2391251.5,359.2101939,IT=10;10 ,ii
4521,Ref 1,33.101,65068,40685476.0,16.253917,2330567.5,359.2099196,IT=17;17 ,ii
4522,Ref 1,21.618,57376,41809940.0,16.257698,2557440.5,359.2100562,IT=11;11 ,ii
4523,Ref 1,21.390,55012,41060156.0,16.261784,2488060.2,359.2102137,IT=11;11 ,ii
4525,Ref 1,20.567,54684,41628384.0,16.265906,2552155.5,359.2100871,IT=10;10 ,ii
4526,Ref 1,20.887,53532,37626668.0,16.269996,2370969.2,359.2101827,IT=10;10 ,ii
4527,Ref 1,27.986,59896,36437708.0,16.274015,2026315.5,359.2101332,IT=14;14 ,ii
4528,Ref 1,20.314,54536,44208540.0,16.277998,2688672.5,359.2100505,IT=10;10 ,ii
4529,Ref 1,25.216,59180,38793512.0,16.28215,2325244.8,359.2100841,IT=13;13 ,ii
4531,Ref 1,20.517,54264,37952552.0,16.286254,2315951.5,359.2101613,IT=10;10 ,ii
4532,Ref 1,27.521,61736,41864112.0,16.290437,2572994.0,359.2099512,IT=14;14 ,ii
4534,Ref 1,19.980,54684,43402056.0,16.294535,2728627.5,359.2101233,IT=10;10 ,ii
4536,Ref 1,20.391,52940,41453680.0,16.298683,2502319.5,359.2100125,IT=10;10 ,ii
4537,Ref 1,20.109,53812,41862364.0,16.302771,2432893.5,391.2838833,IT=10;10 ,ii
4538,Ref 1,20.011,53328,39285144.0,16.306835,2325502.0,359.2101478,IT=10;10 ,ii
4539,Ref 1,22.090,52588,36792852.0,16.310954,2292894.0,359.2100098,IT=11;11 ,ii
4540,Ref 1,18.923,51940,41947592.0,16.314979,2661339.8,359.2100246,IT=9.5;9.5 ,ii
4541,Ref 1,31.234,61732,40340280.0,16.319256,2580635.5,359.2097631,IT=16;16 ,ii
4543,Ref 1,23.211,56536,40043468.0,16.323571,2395781.5,359.2098331,IT=12;12 ,ii
4544,Ref 1,28.326,59464,39635380.0,16.327737,2297416.0,359.2098578,IT=14;14 ,ii
4546,Ref 1,23.292,60664,46084820.0,16.331914,2921655.5,359.2097294,IT=12;12 ,ii
4547,Ref 1,20.845,53052,38849588.0,16.335952,2275189.5,359.2100942,IT=10;10 ,ii
4548,Ref 1,20.887,55356,45380072.0,16.340031,2791979.2,359.2098885,IT=10;10 ,ii
4550,Ref 1,23.362,56328,39981416.0,16.34435,2509973.8,359.2098347,IT=12;12 ,ii
4551,Ref 1,25.321,58360,39478532.0,16.348306,2402033.5,359.2096984,IT=13;13 ,ii
4552,Ref 1,22.218,55468,40458692.0,16.352348,2222180.0,391.2838261,IT=11;11 ,ii
4553,Ref 1,18.521,51080,36826516.0,16.356377,2127474.5,359.210347,IT=9.3;9.3 ,ii
4555,Ref 1,21.626,53288,38348012.0,16.360687,2301032.0,359.2100445,IT=11;11 ,ii
4556,Ref 1,18.593,50632,40377808.0,16.364548,2376728.0,359.2099883,IT=9.3;9.3 ,ii
4557,Ref 1,31.400,64740,42065536.0,16.368829,2473438.0,359.2096191,IT=16;16 ,ii
4558,Ref 1,24.011,55692,35751236.0,16.372839,2141281.2,359.2099406,IT=12;12 ,ii
4559,Ref 1,19.571,53856,41645964.0,16.376862,2417791.5,359.2098948,IT=9.8;9.8 ,ii
4560,Ref 1,14.429,47420,46643712.0,16.380845,2943303.2,359.2099521,IT=7.2;7.2 ,ii
4561,Ref 1,24.829,58228,40247580.0,16.38487,2314640.8,359.2098151,IT=12;12 ,ii
4562,Ref 1,29.276,61056,40930104.0,16.389031,2394321.8,359.2096289,IT=15;15 ,ii
4563,Ref 1,20.599,54264,43884816.0,16.392999,2443781.0,359.2097368,IT=10;10 ,ii
4564,Ref 1,19.603,52396,36233612.0,16.397058,2107687.8,359.2102207,IT=9.8;9.8 ,ii
4566,Ref 1,20.423,54448,41408588.0,16.40116,2265425.2,359.2099482,IT=10;10 ,ii
4567,Ref 1,25.330,58284,41567408.0,16.405308,2277714.8,391.2839526,IT=13;13 ,ii
4569,Ref 1,25.065,56480,38183596.0,16.409493,2196490.0,359.2097464,IT=13;13 ,ii
4570,Ref 1,20.328,53792,42819632.0,16.41352,2353078.5,359.2100339,IT=10;10 ,ii
4572,Ref 1,24.271,59656,44256980.0,16.417716,2365512.2,391.2838664,IT=12;12 ,ii
4573,Ref 1,25.486,60680,42277540.0,16.421826,2196245.8,391.2838281,IT=13;13 ,ii
4574,Ref 1,18.264,52116,41383928.0,16.425803,2292686.2,391.2838786,IT=9.1;9.1 ,ii
4575,Ref 1,25.634,59872,41071144.0,16.429982,2165316.2,391.2838912,IT=13;13 ,ii
4576,Ref 1,20.867,55136,39010296.0,16.43383,1948227.5,391.283914,IT=10;10 ,ii
4577,Ref 1,18.032,51184,41164220.0,16.437855,2216503.0,391.2838827,IT=9;9 ,ii
4578,Ref 1,22.647,58828,45086420.0,16.441993,2384055.8,391.2837793,IT=11;11 ,ii
4579,Ref 1,24.143,60028,41397496.0,16.446095,2054720.6,391.2838381,IT=12;12 ,ii
4580,Ref 1,26.841,57136,38858104.0,16.450059,2028016.4,391.2839439,IT=13;13 ,ii
4581,Ref 1,18.179,47160,36527464.0,16.454018,2052098.5,391.284032,IT=9.1;9.1 ,ii
4582,Ref 1,15.617,49072,42867720.0,16.45803,2125179.0,391.2840638,IT=7.8;7.8 ,ii
4585,Ref 1,26.107,56224,36648252.0,16.464101,1939685.1,391.2839821,IT=13;13 ,ii
4586,Ref 1,17.929,52288,44992732.0,16.468068,2428290.5,391.2840331,IT=9;9 ,ii
4588,Ref 1,28.540,61544,39212316.0,16.472465,2065256.9,391.2840149,IT=14;14 ,ii
4589,Ref 1,22.092,57176,39198908.0,16.47647,2048849.9,391.2840132,IT=11;11 ,ii
4590,Ref 1,16.211,52504,45491936.0,16.480455,2257148.8,391.2838863,IT=8.1;8.1 ,ii
4591,Ref 1,20.020,52720,36806136.0,16.484557,1932619.8,391.2839893,IT=10;10 ,ii
4592,Ref 1,24.166,56976,40753056.0,16.488686,2195938.0,391.2839208,IT=12;12 ,ii
4593,Ref 1,23.518,58416,42664868.0,16.492592,2172071.5,391.2839474,IT=12;12 ,ii
4594,Ref 1,22.596,53784,35681348.0,16.49668,1879183.6,391.2840191,IT=11;11 ,ii
4595,Ref 1,32.857,63288,38554780.0,16.50093,1972482.4,391.2840682,IT=16;16 ,ii
4596,Ref 1,21.151,56040,41552752.0,16.50489,2340199.0,391.2839668,IT=11;11 ,ii
4597,Ref 1,26.710,62596,41759832.0,16.509055,2075206.4,391.2839187,IT=13;13 ,ii
4598,Ref 1,24.446,55088,34947140.0,16.512978,1832231.4,391.283934,IT=12;12 ,ii
4599,Ref 1,25.609,57268,37861940.0,16.51708,2123725.2,391.2840493,IT=13;13 ,ii
4600,Ref 1,20.998,51516,37838852.0,16.521107,2010214.1,391.2840179,IT=10;10 ,ii
4601,Ref 1,26.051,57116,37719304.0,16.525267,1956215.1,391.2841243,IT=13;13 ,ii
4603,Ref 1,24.087,55816,38266064.0,16.529426,2157594.2,391.2840512,IT=12;12 ,ii
4605,Ref 1,21.953,56528,37935604.0,16.533596,2036621.5,391.2839311,IT=11;11 ,ii
4606,Ref 1,21.301,54044,37989820.0,16.537659,2193006.0,391.283979,IT=11;11 ,ii
4607,Ref 1,23.767,55948,39120132.0,16.541769,2179222.0,391.2839455,IT=12;12 ,ii
4608,Ref 1,20.164,54388,42258260.0,16.545628,2161730.2,391.284036,IT=10;10 ,ii
4609,Ref 1,35.667,68724,37982684.0,16.549955,1955363.8,391.2841675,IT=18;18 ,ii
4611,Ref 1,19.745,50492,37831896.0,16.554057,2328937.0,391.2840841,IT=9.9;9.9 ,ii
4612,Ref 1,28.823,62128,38685812.0,16.558271,2108712.5,391.2841333,IT=14;14 ,ii
4613,Ref 1,20.817,53072,37722580.0,16.56225,1975205.1,391.2841501,IT=10;10 ,ii
4615,Ref 1,22.855,56424,38963392.0,16.566417,2269710.8,391.2840077,IT=11;11 ,ii
4616,Ref 1,21.887,54108,37498336.0,16.57049,2207300.0,391.2840025,IT=11;11 ,ii
4617,Ref 1,25.233,61576,41301344.0,16.574631,2287762.2,391.2840126,IT=13;13 ,ii
4619,Ref 1,25.194,58348,39139116.0,16.578986,2157773.0,391.2839726,IT=13;13 ,ii
4620,Ref 1,27.195,62560,42164000.0,16.582948,2284125.8,391.2839812,IT=14;14 ,ii
4621,Ref 1,34.941,66852,37660600.0,16.587186,1892089.9,391.284085,IT=17;17 ,ii
4622,Ref 1,25.406,58524,38396824.0,16.591173,2123620.2,391.2840449,IT=13;13 ,ii
4624,Ref 1,21.936,53640,37344212.0,16.595465,2062337.5,391.2839763,IT=11;11 ,ii
4625,Ref 1,25.427,58688,38454492.0,16.599612,1894701.9,391.283915,IT=13;13 ,ii
4626,Ref 1,36.200,68600,38899512.0,16.603742,2058372.0,391.2840517,IT=18;18 ,ii
4627,Ref 1,22.529,55680,41230152.0,16.607675,2184221.2,391.2840146,IT=11;11 ,ii
4629,Ref 1,22.237,53500,36988532.0,16.611802,1868107.9,391.2840149,IT=11;11 ,ii
4631,Ref 1,22.923,56924,39120172.0,16.616158,2163557.5,391.2839911,IT=11;11 ,ii
4632,Ref 1,22.592,55652,37321068.0,16.620079,2206194.8,391.2840128,IT=11;11 ,ii
4634,Ref 1,23.528,56452,39110596.0,16.62425,2034992.4,391.2839135,IT=12;12 ,ii
4635,Ref 1,18.107,49724,38371960.0,16.62825,2057452.8,391.2839801,IT=9.1;9.1 ,ii
4636,Ref 1,22.607,59660,44592748.0,16.632377,2264533.0,391.2838787,IT=11;11 ,ii
4637,Ref 1,32.227,62256,35974812.0,16.636458,1721581.4,391.2841546,IT=16;16 ,ii
4639,Ref 1,25.263,56968,39911116.0,16.640637,2061233.8,391.2839209,IT=13;13 ,ii
4640,Ref 1,23.817,56696,40165236.0,16.644725,2239710.0,391.2839664,IT=12;12 ,ii
4641,Ref 1,17.526,48012,37054152.0,16.64871,2087696.0,391.2840288,IT=8.8;8.8 ,ii
4642,Ref 1,16.802,49812,38927848.0,16.652591,2040308.1,391.2841542,IT=8.4;8.4 ,ii
4643,Ref 1,38.506,71888,39929356.0,16.657014,2088945.4,391.2841888,IT=19;19 ,ii
4644,Ref 1,21.507,52100,37043100.0,16.6609,2098412.5,391.2839413,IT=11;11 ,ii
4645,Ref 1,25.572,58652,39446064.0,16.665048,2003950.4,391.2839433,IT=13;13 ,ii
4646,Ref 1,29.588,67860,43454848.0,16.66922,2123466.8,391.2840042,IT=15;15 ,ii
4647,Ref 1,15.016,47800,42935236.0,16.673102,2286341.8,391.2841482,IT=7.5;7.5 ,ii
4650,Ref 1,22.698,54852,40740876.0,16.679112,2175449.5,391.2839097,IT=11;11 ,ii
4651,Ref 1,21.403,55296,41913280.0,16.683177,2290088.8,391.2840165,IT=11;11 ,ii
4653,Ref 1,27.192,62852,41522900.0,16.687389,1962647.2,391.2840039,IT=14;14 ,ii
4654,Ref 1,27.608,59132,38911444.0,16.691499,2074227.8,391.2841476,IT=14;14 ,ii
4655,Ref 1,19.798,54708,44070452.0,16.695306,2368387.2,391.283983,IT=9.9;9.9 ,ii
4656,Ref 1,23.343,57408,40494568.0,16.699435,1992341.0,391.283989,IT=12;12 ,ii
4657,Ref 1,22.423,55200,40291784.0,16.703501,2124734.8,391.2840048,IT=11;11 ,ii
4658,Ref 1,23.421,54176,40263436.0,16.707618,2250030.8,391.2838986,IT=12;12 ,ii
4659,Ref 1,22.853,57016,43460844.0,16.711699,2236970.0,391.283839,IT=11;11 ,ii
4660,Ref 1,27.050,58916,38724996.0,16.715681,2056254.5,391.2839922,IT=14;14 ,ii
4661,Ref 1,21.394,53708,42670576.0,16.719708,2417749.0,391.2839815,IT=11;11 ,ii
4662,Ref 1,20.369,54364,45604736.0,16.723768,2139865.5,391.2839681,IT=10;10 ,ii
4664,Ref 1,26.031,61356,43386548.0,16.728126,2108878.0,391.2839873,IT=13;13 ,ii
4667,Ref 1,22.183,56572,44001444.0,16.734155,2099707.8,391.2839011,IT=11;11 ,ii
4668,Ref 1,23.812,56780,39043556.0,16.738262,1873452.8,391.28387,IT=12;12 ,ii
4669,Ref 1,26.652,57280,39381524.0,16.742228,2051566.0,391.284005,IT=13;13 ,ii
4672,Ref 1,19.980,55820,42237460.0,16.748187,1998362.8,391.2839486,IT=10;10 ,ii
4673,Ref 1,21.705,56836,43219368.0,16.752289,2131219.0,391.2839643,IT=11;11 ,ii
4674,Ref 1,21.468,58336,45075128.0,16.756368,2504380.5,391.2838743,IT=11;11 ,ii
4675,Ref 1,16.834,52932,45322008.0,16.760366,2362189.8,391.283847,IT=8.4;8.4 ,ii
4676,Ref 1,16.849,49356,40798252.0,16.764253,2099776.5,391.2840013,IT=8.4;8.4 ,ii
4678,Ref 1,28.915,59028,38368556.0,16.768489,2007034.6,391.2840065,IT=14;14 ,ii
4679,Ref 1,23.698,56216,41815680.0,16.772524,2115564.0,391.283984,IT=12;12 ,ii
4680,Ref 1,28.186,59872,38814828.0,16.776691,1867471.2,391.2840333,IT=14;14 ,ii
4681,Ref 1,22.184,55516,42064012.0,16.780534,2252352.0,391.2839949,IT=11;11 ,ii
4682,Ref 1,17.914,50724,43279572.0,16.784541,2317247.2,391.2839038,IT=9;9 ,ii
4683,Ref 1,27.004,59736,42034684.0,16.788757,2034124.6,391.2841089,IT=14;14 ,ii
4685,Ref 1,19.793,52768,44876584.0,16.79304,2387828.5,391.2839302,IT=9.9;9.9 ,ii
4686,Ref 1,17.079,48788,41412964.0,16.797065,2179958.0,391.2838837,IT=8.5;8.5 ,ii
4687,Ref 1,15.995,48676,41444492.0,16.800932,2056771.0,391.2838658,IT=8;8 ,ii
4688,Ref 1,23.903,56756,46041572.0,16.805101,2326967.0,391.2838432,IT=12;12 ,ii
4689,Ref 1,17.488,50104,43438108.0,16.809076,2243434.8,391.2839428,IT=8.7;8.7 ,ii
4690,Ref 1,31.359,62856,42612844.0,16.813357,2017366.2,391.2840118,IT=16;16 ,ii
4691,Ref 1,24.132,58728,46700592.0,16.81719,2285677.2,391.2839052,IT=12;12 ,ii
4692,Ref 1,15.029,47544,44133492.0,16.821128,2505142.2,391.2839119,IT=7.5;7.5 ,ii
4694,Ref 1,22.419,53228,39445740.0,16.827138,1995914.0,391.2839085,IT=11;11 ,ii
4695,Ref 1,20.254,52568,44180064.0,16.831186,2256820.0,391.2838814,IT=10;10 ,ii
4696,Ref 1,18.171,51684,46063440.0,16.835217,2393910.5,391.2839556,IT=9.1;9.1 ,ii
4697,Ref 1,21.523,55448,42456880.0,16.839167,2205669.8,391.2839347,IT=11;11 ,ii
4698,Ref 1,22.715,52484,41519248.0,16.843271,2277314.5,391.2838781,IT=11;11 ,ii
4699,Ref 1,23.304,56528,43249624.0,16.847369,2126681.5,391.2839001,IT=12;12 ,ii
4700,Ref 1,19.614,54220,41059168.0,16.851398,1953543.9,391.2839486,IT=9.8;9.8 ,ii
4701,Ref 1,28.484,59420,41875504.0,16.855467,1975194.2,391.28396,IT=14;14 ,ii
4702,Ref 1,20.258,55404,47478740.0,16.859453,2413686.5,391.2838305,IT=10;10 ,ii
4703,Ref 1,19.203,54376,45947656.0,16.863525,2202291.8,391.2838781,IT=9.6;9.6 ,ii
4704,Ref 1,18.694,51620,43495108.0,16.867582,2215295.5,391.283984,IT=9.3;9.3 ,ii
4706,Ref 1,21.079,55912,44586428.0,16.871852,2263365.2,391.2838472,IT=11;11 ,ii
4707,Ref 1,26.308,59084,42665824.0,16.875863,1984162.1,391.2839703,IT=13;13 ,ii
4708,Ref 1,20.026,53812,44954156.0,16.879863,2114164.2,391.2838549,IT=10;10 ,ii
4709,Ref 1,16.055,49020,45285568.0,16.883867,2393539.2,391.2839693,IT=8;8 ,ii
4710,Ref 1,23.560,56636,41168512.0,16.88804,2000002.5,391.2839177,IT=12;12 ,ii
4711,Ref 1,18.035,49664,39185696.0,16.891884,2054949.5,391.2839374,IT=9;9 ,ii
4712,Ref 1,23.801,58484,44293784.0,16.896038,2128806.5,391.2839544,IT=12;12 ,ii
4713,Ref 1,21.920,54720,42153608.0,16.900104,2004300.4,391.2840247,IT=11;11 ,ii
4716,Ref 1,22.486,57576,47633012.0,16.905842,2364167.5,391.283878,IT=11;11 ,ii
4717,Ref 1,19.095,54028,46161436.0,16.909867,2220299.8,391.2839346,IT=9.5;9.5 ,ii
4720,Ref 1,21.721,53540,39480376.0,16.915885,1939737.6,391.2839404,IT=11;11 ,ii
4721,Ref 1,22.646,57160,43966656.0,16.919981,2313571.5,391.283814,IT=11;11 ,ii
4722,Ref 1,22.928,59452,46596220.0,16.923902,2214773.2,391.283944,IT=11;11 ,ii
4724,Ref 1,22.929,57124,43917452.0,16.928052,2134142.8,391.2839445,IT=11;11 ,ii
4725,Ref 1,22.653,55028,42544756.0,16.932131,2346286.8,391.2838134,IT=11;11 ,ii
4726,Ref 1,21.843,56292,45898712.0,16.9362,2199211.0,391.2838366,IT=11;11 ,ii
4727,Ref 1,25.705,56536,38026304.0,16.940181,1774354.1,391.2838045,IT=13;13 ,ii
4728,Ref 1,20.541,53424,41669908.0,16.944196,2117183.2,391.2838375,IT=10;10 ,ii
4729,Ref 1,18.068,50980,43383840.0,16.948223,2047012.6,391.2838411,IT=9;9 ,ii
4730,Ref 1,19.126,50588,39446908.0,16.952298,1972301.0,391.2839207,IT=9.6;9.6 ,ii
4731,Ref 1,23.801,57264,39644364.0,16.956273,2041661.1,391.2839147,IT=12;12 ,ii
4732,Ref 1,21.876,54236,39938796.0,16.960329,2151867.2,391.2839875,IT=11;11 ,ii
4734,Ref 1,19.626,53704,40178824.0,16.964439,1955114.6,391.2839571,IT=9.8;9.8 ,ii
4735,Ref 1,26.026,57580,40276700.0,16.968612,2161250.0,391.283983,IT=13;13 ,ii
4736,Ref 1,21.616,52908,41476764.0,16.972475,2330363.2,391.2839107,IT=11;11 ,ii
4737,Ref 1,26.044,61992,43110924.0,16.976627,2052520.6,391.283914,IT=13;13 ,ii
4738,Ref 1,22.127,54172,41440192.0,16.980662,2051956.0,391.2839359,IT=11;11 ,ii
4740,Ref 1,22.202,55636,41178480.0,16.984987,2231941.8,391.2839829,IT=11;11 ,ii
4741,Ref 1,20.719,54028,42385868.0,16.989037,2051267.5,391.2838713,IT=10;10 ,ii
4742,Ref 1,29.086,60632,38904660.0,16.993083,2009187.6,391.284087,IT=15;15 ,ii
4743,Ref 1,20.930,52044,41515028.0,16.997066,2255286.5,391.2839246,IT=10;10 ,ii
4744,Ref 1,24.600,56776,39964732.0,17.001222,1980989.6,391.2840305,IT=12;12 ,ii
4745,Ref 1,21.530,51404,36487980.0,17.005268,1866060.9,391.2839761,IT=11;11 ,ii
4746,Ref 1,32.056,64084,42010856.0,17.009529,2089874.8,391.2840477,IT=16;16 ,ii
4747,Ref 1,25.492,57500,41582640.0,17.013554,2063592.4,391.2839866,IT=13;13 ,ii
4748,Ref 1,20.357,51352,38082604.0,17.017566,1867674.4,391.2840672,IT=10;10 ,ii
4749,Ref 1,21.574,55728,44821216.0,17.021656,2312572.8,391.2841628,IT=11;11 ,ii
4752,Ref 1,21.151,55524,43667928.0,17.027622,2059847.5,391.283826,IT=11;11 ,ii
4753,Ref 1,17.056,52992,44206876.0,17.031633,2271460.2,391.2839136,IT=8.5;8.5 ,ii
4754,Ref 1,30.862,66300,44860912.0,17.035741,2182341.0,391.2840529,IT=15;15 ,ii
4755,Ref 1,20.501,52840,38814520.0,17.039689,1805544.0,391.2839704,IT=10;10 ,ii
4756,Ref 1,27.253,61136,42397028.0,17.043874,2164416.5,391.2841042,IT=14;14 ,ii
4757,Ref 1,21.998,52780,40199388.0,17.047893,2167020.5,391.2839308,IT=11;11 ,ii
4758,Ref 1,18.613,50812,38977776.0,17.051749,1965456.4,391.2841561,IT=9.3;9.3 ,ii
4761,Ref 1,23.983,58608,40887536.0,17.057495,2052736.8,391.2840743,IT=12;12 ,ii
4762,Ref 1,25.038,56972,39580588.0,17.061603,2264831.2,391.2840599,IT=13;13 ,ii
4763,Ref 1,22.680,56680,39660828.0,17.065661,1991077.0,391.2840295,IT=11;11 ,ii
4764,Ref 1,25.988,60848,41123656.0,17.069795,2195904.8,391.2840817,IT=13;13 ,ii
4766,Ref 1,20.562,58340,44481516.0,17.073926,2252338.5,391.2839293,IT=10;10 ,ii
4767,Ref 1,24.939,60516,41639052.0,17.07808,2082524.2,391.2839432,IT=12;12 ,ii
4768,Ref 1,19.210,51996,39984000.0,17.082082,2248839.8,391.2839014,IT=9.6;9.6 ,ii
4769,Ref 1,23.850,57616,42455020.0,17.086222,2011833.8,391.2839083,IT=12;12 ,ii
4770,Ref 1,29.667,59288,36841212.0,17.090418,1806736.2,391.2840095,IT=15;15 ,ii
4771,Ref 1,21.122,55728,41574092.0,17.094401,2187445.2,391.283906,IT=11;11 ,ii
4772,Ref 1,15.468,50440,44459772.0,17.098382,2425962.2,391.2839899,IT=7.7;7.7 ,ii
4774,Ref 1,24.643,58628,39270300.0,17.104438,1933487.8,391.2839764,IT=12;12 ,ii
4775,Ref 1,20.303,54252,39938484.0,17.108463,2091508.4,391.2839537,IT=10;10 ,ii
4776,Ref 1,17.201,54360,46385688.0,17.112492,2272885.0,391.2839646,IT=8.6;8.6 ,ii
4779,Ref 1,26.503,60792,39604752.0,17.118551,2026722.6,391.284089,IT=13;13 ,ii
4781,Ref 1,24.509,61728,41149884.0,17.122955,2085956.6,391.2840448,IT=12;12 ,ii
4784,Ref 1,26.511,63368,43529620.0,17.129078,2125631.8,391.2839779,IT=13;13 ,ii
4785,Ref 1,21.428,54468,42579144.0,17.133096,2403788.8,391.2840406,IT=11;11 ,ii
4786,Ref 1,32.964,66864,41081572.0,17.137199,2038819.0,391.2841337,IT=16;16 ,ii
4787,Ref 1,23.974,59832,42440480.0,17.141188,2100274.5,391.2839758,IT=12;12 ,ii
4788,Ref 1,22.487,60752,42757360.0,17.145248,2162463.5,391.2839034,IT=11;11 ,ii
4789,Ref 1,20.414,56892,44812740.0,17.14929,2177842.0,391.2839039,IT=10;10 ,ii
4790,Ref 1,20.417,53468,38752020.0,17.153203,1865053.1,391.2840579,IT=10;10 ,ii
4792,Ref 1,21.788,56168,40896372.0,17.157321,2142645.8,391.2839529,IT=11;11 ,ii
4793,Ref 1,19.210,54424,42897220.0,17.161355,2334714.8,391.2839872,IT=9.6;9.6 ,ii
4794,Ref 1,22.328,60720,41500584.0,17.165471,1996155.9,391.2840247,IT=11;11 ,ii
4796,Ref 1,23.080,60064,43051304.0,17.169611,2138453.8,391.2839663,IT=12;12 ,ii
4797,Ref 1,20.447,57312,44443100.0,17.173655,2488747.5,391.2839563,IT=10;10 ,ii
4798,Ref 1,20.968,56844,39129692.0,17.177723,1964100.0,391.2840899,IT=10;10 ,ii
4800,Ref 1,22.732,58176,39611356.0,17.182023,2160663.5,391.2839776,IT=11;11 ,ii
4801,Ref 1,19.307,54896,41353904.0,17.185884,2165065.2,391.2840078,IT=9.7;9.7 ,ii
4802,Ref 1,24.421,58992,39408980.0,17.190036,1888197.9,391.2839124,IT=12;12 ,ii
4803,Ref 1,22.955,57664,42644424.0,17.194109,2137587.0,391.2840432,IT=11;11 ,ii
4806,Ref 1,18.988,57556,43948160.0,17.200065,2363245.8,391.2838613,IT=9.5;9.5 ,ii
4807,Ref 1,28.981,66620,39405176.0,17.204294,1920585.4,391.2840193,IT=14;14 ,ii
4808,Ref 1,21.906,56868,41679320.0,17.208288,1954383.8,391.283857,IT=11;11 ,ii
4809,Ref 1,22.194,60480,43771792.0,17.212217,2213322.5,391.2840035,IT=11;11 ,ii
4811,Ref 1,17.847,53240,38539084.0,17.216302,1931515.0,391.2838833,IT=8.9;8.9 ,ii
4812,Ref 1,21.594,59384,46164988.0,17.220417,2314425.8,391.2838654,IT=11;11 ,ii
4813,Ref 1,21.493,58728,43597476.0,17.224494,2183486.8,391.2839849,IT=11;11 ,ii
4815,Ref 1,20.555,55804,38853032.0,17.228604,1859427.0,391.2840086,IT=10;10 ,ii
4818,Ref 1,18.822,55472,41353032.0,17.234604,2246795.5,391.2840146,IT=9.4;9.4 ,ii
4819,Ref 1,25.722,64968,45901392.0,17.238612,2147803.5,391.2841247,IT=13;13 ,ii
4820,Ref 1,21.810,59352,40174364.0,17.242656,1964477.0,391.2839698,IT=11;11 ,ii
4821,Ref 1,21.860,56204,38824292.0,17.246727,1930633.5,391.283973,IT=11;11 ,ii
4822,Ref 1,18.055,54952,39625532.0,17.250739,2046528.2,391.2841652,IT=9;9 ,ii
4824,Ref 1,19.310,54468,38062780.0,17.254819,1984449.9,391.2839841,IT=9.7;9.7 ,ii
4825,Ref 1,24.502,64036,42612080.0,17.258971,2112463.5,391.2840602,IT=12;12 ,ii
4827,Ref 1,22.645,62520,42780236.0,17.263129,2187704.0,391.2838308,IT=11;11 ,ii
4828,Ref 1,29.286,69040,40124616.0,17.267321,1857064.1,391.2841025,IT=15;15 ,ii
4830,Ref 1,19.404,58996,43459524.0,17.271412,2243464.8,391.2839189,IT=9.7;9.7 ,ii
4831,Ref 1,16.659,51700,40316140.0,17.275431,2080482.8,391.2840316,IT=8.3;8.3 ,ii
4834,Ref 1,22.992,61628,41281260.0,17.281443,2014111.5,391.283959,IT=11;11 ,ii
4835,Ref 1,20.861,59380,42704548.0,17.285493,2181253.8,391.2837473,IT=10;10 ,ii
4836,Ref 1,22.746,63056,43649392.0,17.289591,2063140.6,391.2839295,IT=11;11 ,ii
4837,Ref 1,22.750,59676,39323152.0,17.293685,1908842.5,391.2839513,IT=11;11 ,ii
4838,Ref 1,20.512,58864,42318504.0,17.297556,2119633.2,391.2840122,IT=10;10 ,ii
4839,Ref 1,26.094,66412,43204656.0,17.301725,2057779.2,391.2840494,IT=13;13 ,ii
4840,Ref 1,18.763,59832,45110604.0,17.305695,2095249.1,391.2840996,IT=9.4;9.4 ,ii
4843,Ref 1,22.766,65440,44891388.0,17.311729,2148467.8,391.2839882,IT=11;11 ,ii
4844,Ref 1,26.083,64140,43649036.0,17.315866,1974889.0,391.2841243,IT=13;13 ,ii
4846,Ref 1,20.831,61088,43062480.0,17.320145,2107311.8,391.283936,IT=10;10 ,ii
4847,Ref 1,15.451,51664,41405420.0,17.323985,1989107.4,391.2841542,IT=7.7;7.7 ,ii
4849,Ref 1,21.325,61276,42134344.0,17.328104,2008594.5,391.2839141,IT=11;11 ,ii
4850,Ref 1,24.301,64764,44665364.0,17.332228,1982792.5,391.2839603,IT=12;12 ,ii
4851,Ref 1,22.443,65276,47461868.0,17.336281,2268192.0,391.2839397,IT=11;11 ,ii
4852,Ref 1,24.510,65300,45041792.0,17.340226,1914099.2,391.2841494,IT=12;12 ,ii
4855,Ref 1,21.595,64840,46262316.0,17.346222,2066633.9,391.2839602,IT=11;11 ,ii
4856,Ref 1,18.764,57060,46376832.0,17.35011,2317176.2,391.2840092,IT=9.4;9.4 ,ii
4858,Ref 1,22.906,66708,44571376.0,17.354249,1906775.1,391.2839714,IT=11;11 ,ii
4859,Ref 1,28.668,71108,47846536.0,17.358451,2090731.2,391.2840794,IT=14;14 ,ii
4862,Ref 1,19.600,60520,45066896.0,17.364395,1925959.1,391.2839245,IT=9.8;9.8 ,ii
4863,Ref 1,21.316,63480,44842612.0,17.368489,1874780.5,391.2839315,IT=11;11 ,ii
4864,Ref 1,20.161,61696,46710052.0,17.372374,2120991.0,391.2839293,IT=10;10 ,ii
4865,Ref 1,20.239,62592,51486720.0,17.376451,2325508.5,391.2840627,IT=10;10 ,ii
4867,Ref 1,18.807,60208,46840788.0,17.380526,1927827.9,391.283889,IT=9.4;9.4 ,ii
4868,Ref 1,22.746,65592,49218948.0,17.384655,2151801.0,391.2839415,IT=11;11 ,ii
4869,Ref 1,25.998,70088,50628668.0,17.388632,2116751.8,391.2839347,IT=13;13 ,ii
4870,Ref 1,19.485,63972,50245032.0,17.392634,2023360.1,391.283857,IT=9.7;9.7 ,ii
4871,Ref 1,24.036,64384,45649292.0,17.396791,1995128.8,391.2840191,IT=12;12 ,ii
4874,Ref 1,19.512,65436,51526816.0,17.402751,1913013.5,391.2840457,IT=9.8;9.8 ,ii
4876,Ref 1,19.301,59868,47434748.0,17.406899,2047244.1,391.2838571,IT=9.7;9.7 ,ii
4877,Ref 1,19.713,63608,52590160.0,17.410972,2180194.0,391.2837879,IT=9.9;9.9 ,ii
4878,Ref 1,16.554,60868,54431180.0,17.414836,2233986.8,391.2839879,IT=8.3;8.3 ,ii
4880,Ref 1,20.332,63472,50934180.0,17.418934,1998983.6,391.2839573,IT=10;10 ,ii
4881,Ref 1,23.484,65892,45166740.0,17.423059,1885821.1,391.2840737,IT=12;12 ,ii
4882,Ref 1,17.977,64980,56165364.0,17.427051,2106713.5,391.2838727,IT=9;9 ,ii
4883,Ref 1,19.685,62512,48730948.0,17.430974,1875841.6,391.2839058,IT=9.8;9.8 ,ii
4884,Ref 1,13.859,57044,54601340.0,17.434953,2269781.5,391.283932,IT=6.9;6.9 ,ii
4885,Ref 1,19.527,65504,54130600.0,17.439053,2230971.2,391.2839439,IT=9.8;9.8 ,ii
4886,Ref 1,19.602,62384,49499320.0,17.443113,1884114.5,391.2838738,IT=9.8;9.8 ,ii
4887,Ref 1,23.447,68392,52619900.0,17.44708,2141374.8,391.2840128,IT=12;12 ,ii
4888,Ref 1,19.830,63956,52351608.0,17.451103,2083159.8,391.2838943,IT=9.9;9.9 ,ii
4889,Ref 1,13.618,54048,49546812.0,17.455065,1916251.1,391.2839696,IT=6.8;6.8 ,ii
4890,Ref 1,19.133,63896,51963408.0,17.459159,2055924.0,391.2839437,IT=9.6;9.6 ,ii
4891,Ref 1,16.144,60028,55354420.0,17.463005,2211282.2,391.2840085,IT=8.1;8.1 ,ii
4896,Ref 1,16.600,58832,49872636.0,17.472542,1806800.0,391.2840021,IT=8.3;8.3 ,ii
4897,Ref 1,15.523,60408,54695280.0,17.476575,2160743.0,391.2839654,IT=7.8;7.8 ,ii
4899,Ref 1,17.677,62844,56890312.0,17.480819,2013982.8,391.2838875,IT=8.8;8.8 ,ii
4900,Ref 1,19.343,66088,55267400.0,17.484738,2211654.5,391.2839832,IT=9.7;9.7 ,ii
4901,Ref 1,13.304,60136,62374572.0,17.488542,2333255.0,391.2838095,IT=6.7;6.7 ,ii
4904,Ref 1,15.191,65528,62129296.0,17.496229,2211106.8,391.2837551,IT=7.6;7.6 ,ii
4905,Ref 1,15.603,63508,59784024.0,17.500117,2139383.5,391.2839758,IT=7.8;7.8 ,ii
4907,Ref 1,16.207,62120,53194360.0,17.504313,1852342.9,391.2838916,IT=8.1;8.1 ,ii
4908,Ref 1,19.313,67004,60253036.0,17.508413,2073835.0,430.754526,IT=9.7;9.7 ,ii
4909,Ref 1,16.923,65936,65472776.0,17.512438,2345075.2,430.7545506,IT=8.5;8.5 ,ii
4910,Ref 1,14.771,60912,61754508.0,17.516284,2412598.2,430.7545825,IT=7.4;7.4 ,ii
4912,Ref 1,14.130,61680,67703872.0,17.522144,2918891.5,430.7545546,IT=7.1;7.1 ,ii
4913,Ref 1,14.467,64096,68366648.0,17.526017,3112907.5,430.7546325,IT=7.2;7.2 ,ii
4918,Ref 1,13.641,61292,71245672.0,17.535519,3946907.8,430.7544737,IT=6.8;6.8 ,ii
4919,Ref 1,13.548,63824,75204160.0,17.539548,4522952.0,430.7546468,IT=6.8;6.8 ,ii
4922,Ref 1,13.098,64012,84784416.0,17.545115,6052232.0,430.75443,IT=6.5;6.5 ,ii
4923,Ref 1,12.575,62592,81310784.0,17.549135,5957940.5,430.7544786,IT=6.3;6.3 ,ii
4926,Ref 1,10.887,58796,86875824.0,17.554681,7448365.0,430.7543181,IT=5.4;5.4 ,ii
4927,Ref 1,15.775,65472,75639176.0,17.558594,5999524.0,430.7544412,IT=7.9;7.9 ,ii
4928,Ref 1,10.532,53756,69355472.0,17.56255,5805212.5,430.7544219,IT=5.3;5.3 ,ii
4929,Ref 1,13.200,60112,80184368.0,17.566533,6760673.0,430.754402,IT=6.6;6.6 ,ii
4930,Ref 1,12.562,58684,80381864.0,17.570521,6865394.0,430.7543791,IT=6.3;6.3 ,ii
4931,Ref 1,12.329,60708,84249184.0,17.574329,7276805.0,430.7544497,IT=6.2;6.2 ,ii
4933,Ref 1,9.058,58016,103013870.0,17.580104,8615066.0,430.7543439,IT=4.5;4.5 ,ii
4934,Ref 1,9.170,58392,101080220.0,17.584052,8636883.0,430.7543593,IT=4.6;4.6 ,ii
4938,Ref 1,9.353,57256,92224600.0,17.593475,6918149.5,533.2697952,IT=4.7;4.7 ,ii
4940,Ref 1,8.296,55480,101368840.0,17.599302,8196251.5,533.2696922,IT=4.1;4.1 ,ii
4942,Ref 1,8.476,55980,100177520.0,17.60511,7702760.5,533.2696853,IT=4.2;4.2 ,ii
4943,Ref 1,10.172,63648,99678080.0,17.609072,7697196.5,533.2696095,IT=5.1;5.1 ,ii
4945,Ref 1,8.886,57156,99626176.0,17.614845,8392167.0,533.2697142,IT=4.4;4.4 ,ii
4947,Ref 1,10.386,62176,101174620.0,17.620699,8384009.5,533.2697141,IT=5.2;5.2 ,ii
4951,Ref 1,8.813,57064,100112220.0,17.62836,8675879.0,533.2697704,IT=4.4;4.4 ,ii
4957,Ref 1,8.355,57556,109217870.0,17.639351,9379792.0,533.2696663,IT=4.2;4.2 ,ii
4960,Ref 1,9.115,65944,110572490.0,17.646987,9065172.0,533.2696323,IT=4.6;4.6 ,ii
4965,Ref 1,8.848,61768,104671010.0,17.656139,8167302.5,533.2697922,IT=4.4;4.4 ,ii
4970,Ref 1,8.321,63840,121733240.0,17.665347,9659966.0,533.2696015,IT=4.2;4.2 ,ii
4974,Ref 1,8.714,62348,115869020.0,17.674882,8835319.0,533.2696826,IT=4.4;4.4 ,ii
4977,Ref 1,7.733,60856,114482300.0,17.682497,8683009.0,533.2696251,IT=3.9;3.9 ,ii
4978,Ref 1,7.410,58604,108296760.0,17.686249,7947339.5,533.2697563,IT=3.7;3.7 ,ii
4980,Ref 1,8.349,63204,111130880.0,17.692007,7710005.0,533.2696024,IT=4.2;4.2 ,ii
4983,Ref 1,8.525,66236,121118680.0,17.699674,7323823.5,533.2697249,IT=4.3;4.3 ,ii
4989,Ref 1,8.283,64884,115525750.0,17.71063,6322532.0,533.269664,IT=4.1;4.1 ,ii
4993,Ref 1,7.989,63176,120250140.0,17.717957,6023670.5,533.2696819,IT=4;4 ,ii
4996,Ref 1,7.432,64556,122520130.0,17.725563,5322023.0,533.2698052,IT=3.7;3.7 ,ii
4998,Ref 1,7.761,65356,125159420.0,17.731365,5231113.0,533.2697694,IT=3.9;3.9 ,ii
5002,Ref 1,7.822,65744,122863260.0,17.739049,4424996.5,533.2696677,IT=3.9;3.9 ,ii
5005,Ref 1,8.188,65072,117976910.0,17.746686,3547645.8,533.2697388,IT=4.1;4.1 ,ii
5008,Ref 1,7.298,64240,132504060.0,17.754315,5011340.5,488.5342695,IT=3.6;3.6 ,ii
5011,Ref 1,7.507,68112,159034020.0,17.761942,7920003.0,488.5343908,IT=3.8;3.8 ,ii
5016,Ref 1,7.129,62564,149370030.0,17.771051,9793840.0,488.5343718,IT=3.6;3.6 ,ii
5022,Ref 1,5.730,58168,152392690.0,17.781932,10159951.0,488.5342527,IT=2.9;2.9 ,ii
5026,Ref 1,6.234,61572,154499780.0,17.791344,10744231.0,488.5342572,IT=3.1;3.1 ,ii
5029,Ref 1,6.395,60680,155457300.0,17.798982,9896371.0,488.5342567,IT=3.2;3.2 ,ii
5032,Ref 1,6.510,60972,136914480.0,17.806598,8120143.0,488.5343745,IT=3.3;3.3 ,ii
5037,Ref 1,6.425,65992,166572690.0,17.815725,7357347.5,456.2140825,IT=3.2;3.2 ,ii
5040,Ref 1,6.726,64564,145218780.0,17.821275,6646475.0,456.2140048,IT=3.4;3.4 ,ii
5043,Ref 1,6.964,64536,148520190.0,17.828906,6508366.0,456.2141578,IT=3.5;3.5 ,ii
5047,Ref 1,7.352,65420,152094690.0,17.836552,6396990.5,456.2140181,IT=3.7;3.7 ,ii
5052,Ref 1,7.604,72120,167160620.0,17.847863,5903239.0,456.2141983,IT=3.8;3.8 ,ii
5057,Ref 1,6.561,68956,186217340.0,17.856602,6917693.0,396.5265409,IT=3.3;3.3 ,ii
5067,Ref 1,6.049,65724,185558750.0,17.874852,7062624.0,396.5263975,IT=3;3 ,ii
5072,Ref 1,6.567,66684,163210350.0,17.883967,6550813.5,396.5264475,IT=3.3;3.3 ,ii
5077,Ref 1,5.813,63468,170614060.0,17.89305,5871589.5,396.5264769,IT=2.9;2.9 ,ii
5082,Ref 1,6.271,68740,196563500.0,17.902204,6015552.0,396.5264217,IT=3.1;3.1 ,ii
5088,Ref 1,6.239,70684,186751440.0,17.915235,5352737.5,369.182091,IT=3.1;3.1 ,ii
5094,Ref 1,6.846,69936,163165980.0,17.926181,5275539.0,369.1820576,IT=3.4;3.4 ,ii
5097,Ref 1,7.654,69692,145354980.0,17.933791,5314907.5,369.1821358,IT=3.8;3.8 ,ii
5103,Ref 1,6.761,72540,153044800.0,17.944689,5989025.5,369.1822142,IT=3.4;3.4 ,ii
5108,Ref 1,6.699,70544,150042240.0,17.953787,6279352.5,369.1822332,IT=3.3;3.3 ,ii
5114,Ref 1,7.354,73752,157700110.0,17.964729,8093225.5,369.1820232,IT=3.7;3.7 ,ii
5118,Ref 1,7.294,73320,158813810.0,17.974164,8013406.0,369.1819739,IT=3.6;3.6 ,ii
5122,Ref 1,7.057,72460,170749900.0,17.983357,10007682.0,369.1820023,IT=3.5;3.5 ,ii
5128,Ref 1,7.584,71056,143577220.0,17.994349,8474086.0,369.1819471,IT=3.8;3.8 ,ii
5133,Ref 1,6.326,67160,174678450.0,18.005601,11530513.0,369.1819764,IT=3.2;3.2 ,ii
5141,Ref 1,6.606,70672,160547460.0,18.022143,11257070.0,369.1820852,IT=3.3;3.3 ,ii
5148,Ref 1,6.414,65156,163927280.0,18.033753,13170309.0,369.1821504,IT=3.2;3.2 ,ii
5154,Ref 1,6.134,69128,184672140.0,18.044661,13877798.0,369.18213,IT=3.1;3.1 ,ii
5160,Ref 1,5.771,69524,204978620.0,18.055582,16504197.0,369.1821371,IT=2.9;2.9 ,ii
5169,Ref 1,5.935,68756,195012320.0,18.071515,15190935.0,369.1820246,IT=3;3 ,ii
5174,Ref 1,6.283,72844,208257410.0,18.08063,15232472.0,369.1820932,IT=3.1;3.1 ,ii
5181,Ref 1,5.830,68700,184398430.0,18.092957,12648777.0,369.1820624,IT=2.9;2.9 ,ii
5188,Ref 1,6.836,75716,179659650.0,18.1077,10060502.0,369.1821067,IT=3.4;3.4 ,ii
5194,Ref 1,5.682,71036,183936240.0,18.118617,8541017.0,351.1733177,IT=2.8;2.8 ,ii
5200,Ref 1,6.304,75372,186941170.0,18.129527,9235711.0,351.1732756,IT=3.2;3.2 ,ii
5210,Ref 1,5.934,70956,181776380.0,18.149986,8584680.0,351.1733712,IT=3;3 ,ii
5213,Ref 1,5.816,75348,194108980.0,18.155444,8744404.0,351.1732352,IT=2.9;2.9 ,ii
5219,Ref 1,6.189,77796,199344530.0,18.165606,7958213.0,351.1732942,IT=3.1;3.1 ,ii
5224,Ref 1,5.927,73912,204768530.0,18.174735,6842623.0,351.173166,IT=3;3 ,ii
5229,Ref 1,6.557,76612,219366480.0,18.18586,8971089.0,489.5792703,IT=3.3;3.3 ,ii
5234,Ref 1,5.421,71308,213517220.0,18.195,11186779.0,489.5792387,IT=2.7;2.7 ,ii
5237,Ref 1,5.485,72064,220866670.0,18.202606,11191585.0,489.5792044,IT=2.7;2.7 ,ii
5242,Ref 1,5.727,75548,225590190.0,18.211727,10956799.0,489.5789668,IT=2.9;2.9 ,ii
5246,Ref 1,4.690,68924,229470290.0,18.220847,10238459.0,489.5791688,IT=2.3;2.3 ,ii
5251,Ref 1,5.279,72568,242297570.0,18.229725,8629286.0,489.5789497,IT=2.6;2.6 ,ii
5257,Ref 1,5.051,71700,251966750.0,18.242162,6593085.5,365.2158223,IT=2.5;2.5 ,ii
5262,Ref 1,5.361,75468,257012480.0,18.251243,6181040.5,506.7746388,IT=2.7;2.7 ,ii
5272,Ref 1,5.028,72004,251092670.0,18.267218,10665119.0,506.7744069,IT=2.5;2.5 ,ii
5278,Ref 1,5.363,72660,255854240.0,18.279118,11666665.0,506.7747172,IT=2.7;2.7 ,ii
5289,Ref 1,4.040,66820,340505090.0,18.297387,15024682.0,390.2028344,IT=2;2 ,ii
5299,Ref 1,2.744,55552,449910080.0,18.314539,47713000.0,390.2028149,IT=1.4;1.4 ,ii
5310,Ref 1,1.982,50284,663470400.0,18.333497,122899360.0,390.2028276,IT=0.99;0.99 ,ii
5321,Ref 1,1.523,43484,777172100.0,18.353417,170022850.0,390.202787,IT=0.76;0.76 ,ii
5332,Ref 1,1.827,46740,637098370.0,18.374369,130558230.0,390.2029594,IT=0.91;0.91 ,ii
5334,Ref 1,1.927,46996,630898430.0,18.377934,132311220.0,390.2029348,IT=0.96;0.96 ,ii
5344,Ref 1,2.225,52052,502375230.0,18.394436,69693344.0,390.2028423,IT=1.1;1.1 ,ii
5352,Ref 1,2.483,59980,508346080.0,18.408292,40407984.0,390.2028987,IT=1.2;1.2 ,ii
5363,Ref 1,2.056,53852,490324320.0,18.426088,37903564.0,489.2118597,IT=1;1 ,ii
5365,Ref 1,2.348,59444,574523010.0,18.43159,48357096.0,489.2120238,IT=1.2;1.2 ,ii
5371,Ref 1,2.452,60332,516647100.0,18.442429,49872260.0,489.2120339,IT=1.2;1.2 ,ii
5379,Ref 1,2.540,61676,545233920.0,18.455783,50345516.0,489.2120054,IT=1.3;1.3 ,ii
5390,Ref 1,2.912,61676,399855650.0,18.475696,21431120.0,489.2121519,IT=1.5;1.5 ,ii
5400,Ref 1,3.096,68548,442291100.0,18.493414,31101984.0,370.1842587,IT=1.5;1.5 ,ii
5411,Ref 1,2.854,70916,481504800.0,18.511123,36738332.0,370.1841201,IT=1.4;1.4 ,ii
5414,Ref 1,3.112,69344,427714780.0,18.517033,30302316.0,370.1843017,IT=1.6;1.6 ,ii
5425,Ref 1,2.877,66516,399786020.0,18.535116,23963316.0,370.1843685,IT=1.4;1.4 ,ii
5436,Ref 1,3.305,75912,417428610.0,18.552164,17854808.0,370.1842894,IT=1.7;1.7 ,ii
5446,Ref 1,3.806,72480,327778180.0,18.569497,13232548.0,383.6950455,IT=1.9;1.9 ,ii
5457,Ref 1,4.330,81188,353255070.0,18.588124,19946820.0,383.6949492,IT=2.2;2.2 ,ii
5468,Ref 1,4.013,76600,344409760.0,18.608116,13767929.0,383.6953699,IT=2;2 ,ii
5479,Ref 1,3.870,71328,287631970.0,18.624993,8689454.0,471.7719716,IT=1.9;1.9 ,ii
5490,Ref 1,4.396,78356,323681600.0,18.642936,10192300.0,471.7719701,IT=2.2;2.2 ,ii
5501,Ref 1,4.308,78372,363885440.0,18.661561,11288903.0,410.7129735,IT=2.2;2.2 ,ii
5512,Ref 1,4.169,78272,385661060.0,18.679019,19139080.0,512.2279758,IT=2.1;2.1 ,ii
5523,Ref 1,4.299,72616,330107620.0,18.699796,18543240.0,512.2281676,IT=2.1;2.1 ,ii
5526,Ref 1,3.735,70872,374039970.0,18.705236,19170748.0,512.2281339,IT=1.9;1.9 ,ii
5537,Ref 1,4.271,78128,353626850.0,18.721244,10992422.0,512.2281372,IT=2.1;2.1 ,ii
5540,Ref 1,4.537,79316,344192800.0,18.726705,9441375.0,360.1912642,IT=2.3;2.3 ,ii
5551,Ref 1,4.541,77692,317295970.0,18.7463,7517409.0,392.6861134,IT=2.3;2.3 ,ii
5553,Ref 1,4.503,74624,285142080.0,18.749907,6456222.5,392.6861065,IT=2.3;2.3 ,ii
5564,Ref 1,4.687,79036,303363230.0,18.769517,6723633.0,392.6860403,IT=2.3;2.3 ,ii
5575,Ref 1,5.462,84316,340725790.0,18.789035,8253070.5,396.5264268,IT=2.7;2.7 ,ii
5586,Ref 1,4.162,76160,376905060.0,18.807637,11205617.0,387.7210973,IT=2.1;2.1 ,ii
5597,Ref 1,3.890,71524,346193920.0,18.826458,10806707.0,387.7209727,IT=1.9;1.9 ,ii
5600,Ref 1,4.394,77876,376152740.0,18.831893,10768519.0,387.7210264,IT=2.2;2.2 ,ii
5609,Ref 1,4.334,78000,379505920.0,18.848302,17201418.0,359.8485735,IT=2.2;2.2 ,ii
5620,Ref 1,4.558,76848,343433380.0,18.867814,21248158.0,359.8486229,IT=2.3;2.3 ,ii
5623,Ref 1,4.416,77912,367169950.0,18.873252,24170772.0,359.8487111,IT=2.2;2.2 ,ii
5633,Ref 1,4.871,79508,343290820.0,18.891495,17346410.0,359.8486488,IT=2.4;2.4 ,ii
5644,Ref 1,4.861,81280,330659580.0,18.909872,11578901.0,379.7236334,IT=2.4;2.4 ,ii
5655,Ref 1,5.687,83920,301111810.0,18.927926,9605278.0,534.7243112,IT=2.8;2.8 ,ii
5664,Ref 1,5.566,85272,314239900.0,18.944113,7733313.5,365.2286265,IT=2.8;2.8 ,ii
5675,Ref 1,5.165,83048,302781540.0,18.962055,9458317.0,381.1911669,IT=2.6;2.6 ,ii
5686,Ref 1,4.730,81616,292259300.0,18.979943,9749082.0,381.1913287,IT=2.4;2.4 ,ii
5697,Ref 1,5.274,86788,329847620.0,18.997163,7155664.5,381.1913532,IT=2.6;2.6 ,ii
5708,Ref 1,4.758,83896,336536060.0,19.01488,9046402.0,404.1991897,IT=2.4;2.4 ,ii
5710,Ref 1,4.500,79664,343431870.0,19.020121,9796933.0,404.1992071,IT=2.2;2.2 ,ii
5721,Ref 1,4.379,81236,385217310.0,19.037975,12801068.0,489.7901746,IT=2.2;2.2 ,ii
5732,Ref 1,3.951,76028,342286750.0,19.056029,11222410.0,489.7901803,IT=2;2 ,ii
5743,Ref 1,4.945,86948,337281730.0,19.074019,9828241.0,489.7901658,IT=2.5;2.5 ,ii
5746,Ref 1,5.160,87928,312659650.0,19.079469,8057619.5,489.790245,IT=2.6;2.6 ,ii
5757,Ref 1,5.471,91364,317083330.0,19.095883,8834537.0,416.7238745,IT=2.7;2.7 ,ii
5768,Ref 1,5.425,93056,319131230.0,19.116179,10707648.0,416.7240156,IT=2.7;2.7 ,ii
5779,Ref 1,5.162,91320,358710660.0,19.134496,14072982.0,469.234893,IT=2.6;2.6 ,ii
5790,Ref 1,3.941,83312,379709410.0,19.15355,13585266.0,445.253029,IT=2;2 ,ii
5801,Ref 1,4.732,89424,392293020.0,19.168039,16610865.0,445.2529757,IT=2.4;2.4 ,ii
5812,Ref 1,3.734,85212,446521280.0,19.187651,20390164.0,403.7071255,IT=1.9;1.9 ,ii
5823,Ref 1,4.941,85400,386423040.0,19.205199,15033815.0,379.7236138,IT=2.5;2.5 ,ii
5834,Ref 1,3.209,75500,516165310.0,19.223624,26572366.0,378.8522507,IT=1.6;1.6 ,ii
5845,Ref 1,2.592,70820,667804290.0,19.240428,62926284.0,378.8522263,IT=1.3;1.3 ,ii
5856,Ref 1,2.257,63288,810918270.0,19.257288,96012888.0,378.852117,IT=1.1;1.1 ,ii
5867,Ref 1,2.535,70508,735272510.0,19.277403,79292800.0,378.8521544,IT=1.3;1.3 ,ii
5878,Ref 1,4.074,82684,514749120.0,19.297211,32031904.0,378.8521495,IT=2;2 ,ii
5889,Ref 1,4.024,82100,445196740.0,19.31668,20663858.0,468.7611666,IT=2;2 ,ii
5900,Ref 1,3.840,82516,424932260.0,19.331642,18248812.0,468.7610845,IT=1.9;1.9 ,ii
5911,Ref 1,4.054,79772,444494620.0,19.349332,13829969.0,355.1684553,IT=2;2 ,ii
5913,Ref 1,4.250,82136,429050180.0,19.354944,12622420.0,355.1683952,IT=2.1;2.1 ,ii
5924,Ref 1,4.284,84456,400482780.0,19.373958,13100306.0,352.7040408,IT=2.1;2.1 ,ii
5935,Ref 1,4.338,82220,416142660.0,19.392202,25667258.0,352.7040245,IT=2.2;2.2 ,ii
5946,Ref 1,4.111,80604,426006340.0,19.410729,29600452.0,352.7039879,IT=2.1;2.1 ,ii
5957,Ref 1,3.646,76276,511675360.0,19.427304,34417340.0,352.7038284,IT=1.8;1.8 ,ii
5968,Ref 1,3.034,70588,532267940.0,19.446821,36596316.0,422.7568785,IT=1.5;1.5 ,ii
5979,Ref 1,3.575,77364,524078180.0,19.466304,48604400.0,422.7569794,IT=1.8;1.8 ,ii
5990,Ref 1,4.101,80940,483676580.0,19.484222,39194824.0,422.7570935,IT=2.1;2.1 ,ii
6001,Ref 1,4.102,84428,457734020.0,19.503331,33109368.0,352.7038807,IT=2.1;2.1 ,ii
6012,Ref 1,5.283,93080,376734940.0,19.523756,15562603.0,352.7040536,IT=2.6;2.6 ,ii
6023,Ref 1,5.286,95788,379467970.0,19.542105,11925943.0,402.2277067,IT=2.6;2.6 ,ii
6034,Ref 1,5.917,98860,370568100.0,19.560416,11475208.0,402.2276733,IT=3;3 ,ii
6045,Ref 1,5.938,96916,363246460.0,19.579089,7130019.0,630.5411146,IT=3;3 ,ii
6056,Ref 1,5.592,95576,346739040.0,19.596997,8767548.0,397.8837806,IT=2.8;2.8 ,ii
6067,Ref 1,5.425,93672,399553500.0,19.616899,19432002.0,450.7667527,IT=2.7;2.7 ,ii
6078,Ref 1,4.116,78544,464623940.0,19.635838,51115492.0,450.7667654,IT=2.1;2.1 ,ii
6089,Ref 1,3.415,71728,528919840.0,19.653755,70219400.0,450.7667328,IT=1.7;1.7 ,ii
6100,Ref 1,3.750,75732,588828420.0,19.672634,71948200.0,394.2133783,IT=1.9;1.9 ,ii
6111,Ref 1,2.714,67524,655251140.0,19.691775,94637512.0,394.2135029,IT=1.4;1.4 ,ii
6122,Ref 1,2.720,63584,647526720.0,19.710815,76233784.0,394.2134515,IT=1.4;1.4 ,ii
6133,Ref 1,2.697,63688,717601920.0,19.729758,60584524.0,437.2373199,IT=1.3;1.3 ,ii
6144,Ref 1,3.309,67104,571595330.0,19.747108,42203836.0,480.753606,IT=1.7;1.7 ,ii
6155,Ref 1,4.009,74216,454389500.0,19.764791,25770642.0,480.7535584,IT=2;2 ,ii
6158,Ref 1,4.202,76936,427014980.0,19.771793,20498230.0,453.73765,IT=2.1;2.1 ,ii
6168,Ref 1,4.474,77168,469808740.0,19.787431,38142692.0,453.7376241,IT=2.2;2.2 ,ii
6179,Ref 1,3.033,61612,626320510.0,19.806579,116788620.0,408.7321024,IT=1.5;1.5 ,ii
6190,Ref 1,2.498,54532,748165570.0,19.823976,194552340.0,408.7321308,IT=1.2;1.2 ,ii
6201,Ref 1,2.435,58224,783270140.0,19.839318,218162850.0,408.7321255,IT=1.2;1.2 ,ii
6212,Ref 1,2.682,60488,707172670.0,19.859537,164054580.0,408.7322218,IT=1.3;1.3 ,ii
6223,Ref 1,3.514,72488,625778300.0,19.876305,85144632.0,408.7322227,IT=1.8;1.8 ,ii
6226,Ref 1,3.277,68756,564310660.0,19.881724,62174488.0,408.7321454,IT=1.6;1.6 ,ii
6237,Ref 1,3.810,78388,572192130.0,19.900734,40377992.0,374.2046357,IT=1.9;1.9 ,ii
6248,Ref 1,3.626,78936,539167680.0,19.918974,35332260.0,374.2047109,IT=1.8;1.8 ,ii
6259,Ref 1,4.799,82620,447502370.0,19.936907,15350610.0,374.2048199,IT=2.4;2.4 ,ii
6270,Ref 1,4.489,84304,452578940.0,19.953251,10446445.0,489.5699732,IT=2.2;2.2 ,ii
6281,Ref 1,4.472,81188,445926370.0,19.970753,18593610.0,402.7265953,IT=2.2;2.2 ,ii
6292,Ref 1,4.825,86160,473387010.0,19.988159,26967366.0,402.726671,IT=2.4;2.4 ,ii
6303,Ref 1,3.479,74964,547140480.0,20.008292,81022824.0,408.7140334,IT=1.7;1.7 ,ii
6313,Ref 1,3.876,75740,558158210.0,20.028048,118038370.0,408.7141519,IT=1.9;1.9 ,ii
6324,Ref 1,3.405,69928,503369310.0,20.047308,99932872.0,408.7140944,IT=1.7;1.7 ,ii
6335,Ref 1,3.577,75104,460853570.0,20.066754,54701088.0,408.7141271,IT=1.8;1.8 ,ii
6346,Ref 1,4.799,88952,425571740.0,20.083948,21842754.0,408.7142956,IT=2.4;2.4 ,ii
6357,Ref 1,4.510,86312,436193410.0,20.103195,11696711.0,372.7342974,IT=2.3;2.3 ,ii
6368,Ref 1,4.266,85588,482486530.0,20.11962,16947688.0,383.2107588,IT=2.1;2.1 ,ii
6379,Ref 1,4.647,89072,443060030.0,20.139099,16905918.0,383.2107489,IT=2.3;2.3 ,ii
6390,Ref 1,4.540,88980,440848380.0,20.156281,12530273.0,383.2107023,IT=2.3;2.3 ,ii
6401,Ref 1,4.633,90364,437616860.0,20.172339,11027682.0,507.254782,IT=2.3;2.3 ,ii
6412,Ref 1,4.800,93976,455507140.0,20.190195,15712550.0,394.7161952,IT=2.4;2.4 ,ii
6423,Ref 1,4.054,87524,476950300.0,20.209324,16120635.0,394.7165942,IT=2;2 ,ii
6434,Ref 1,4.904,94816,443898430.0,20.22489,12694748.0,492.753849,IT=2.5;2.5 ,ii
6445,Ref 1,5.303,97632,430662850.0,20.243092,10833845.0,492.7539308,IT=2.7;2.7 ,ii
6456,Ref 1,5.276,94628,416906690.0,20.259701,7937160.5,496.7380653,IT=2.6;2.6 ,ii
6467,Ref 1,5.444,100860,418020290.0,20.278821,10673973.0,496.7382355,IT=2.7;2.7 ,ii
6478,Ref 1,5.038,95724,434953500.0,20.296405,10045865.0,566.2679966,IT=2.5;2.5 ,ii
6489,Ref 1,4.578,89912,420709730.0,20.312088,14779566.0,577.8122294,IT=2.3;2.3 ,ii
6500,Ref 1,4.407,90380,490452800.0,20.329254,48816000.0,577.8123431,IT=2.2;2.2 ,ii
6511,Ref 1,3.908,84888,590415040.0,20.344902,93084400.0,577.8124405,IT=2;2 ,ii
6522,Ref 1,3.643,77840,590446020.0,20.360702,105125640.0,577.8121674,IT=1.8;1.8 ,ii
6533,Ref 1,3.439,77452,619341060.0,20.379483,110801620.0,577.812403,IT=1.7;1.7 ,ii
6544,Ref 1,4.147,84984,530359650.0,20.396835,72408704.0,577.8123792,IT=2.1;2.1 ,ii
6555,Ref 1,4.946,91356,459881120.0,20.411671,46878024.0,577.8122675,IT=2.5;2.5 ,ii
6566,Ref 1,5.934,98188,384945950.0,20.430014,27220844.0,577.812263,IT=3;3 ,ii
6577,Ref 1,6.987,105660,302085280.0,20.450403,14798800.0,577.8125481,IT=3.5;3.5 ,ii
6580,Ref 1,6.815,104876,326505440.0,20.455881,15323920.0,577.8125201,IT=3.4;3.4 ,ii
6591,Ref 1,7.047,98772,309661220.0,20.474099,9701392.0,577.8126204,IT=3.5;3.5 ,ii
6602,Ref 1,7.259,103020,336971940.0,20.491468,13237174.0,366.2185623,IT=3.6;3.6 ,ii
6613,Ref 1,5.897,92860,383059900.0,20.510409,22025570.0,452.2610991,IT=2.9;2.9 ,ii
6624,Ref 1,5.881,93716,400149340.0,20.527538,27438842.0,452.2610091,IT=2.9;2.9 ,ii
6635,Ref 1,5.373,93012,410211650.0,20.543557,21382262.0,452.2610388,IT=2.7;2.7 ,ii
6646,Ref 1,5.909,91636,408562270.0,20.562457,13638860.0,458.7584666,IT=3;3 ,ii
6657,Ref 1,4.172,85760,516351300.0,20.581467,18370338.0,466.7379444,IT=2.1;2.1 ,ii
6668,Ref 1,3.631,79544,620986370.0,20.59794,40397568.0,466.7377326,IT=1.8;1.8 ,ii
6679,Ref 1,3.827,79756,657001540.0,20.614915,51617896.0,466.7379459,IT=1.9;1.9 ,ii
6690,Ref 1,2.983,69988,797619200.0,20.631394,69607600.0,440.7241708,IT=1.5;1.5 ,ii
6701,Ref 1,2.903,71708,743788540.0,20.6503,49519868.0,440.7241115,IT=1.5;1.5 ,ii
6712,Ref 1,3.053,76812,750681730.0,20.66489,49668160.0,452.7345345,IT=1.5;1.5 ,ii
6723,Ref 1,3.375,78368,683177980.0,20.684125,39245700.0,452.7345341,IT=1.7;1.7 ,ii
6734,Ref 1,3.605,78008,540275710.0,20.703314,19538188.0,366.1925461,IT=1.8;1.8 ,ii
6736,Ref 1,3.795,82224,618977540.0,20.706912,23339416.0,366.192557,IT=1.9;1.9 ,ii
6747,Ref 1,4.216,82856,576659010.0,20.723422,18290226.0,366.1925433,IT=2.1;2.1 ,ii
6758,Ref 1,3.665,82672,596826820.0,20.740908,15486295.0,516.8014189,IT=1.8;1.8 ,ii
6769,Ref 1,3.914,88664,616815740.0,20.759356,43440560.0,516.8013232,IT=2;2 ,ii
6780,Ref 1,4.221,89684,545084100.0,20.779293,59599432.0,516.801425,IT=2.1;2.1 ,ii
6791,Ref 1,4.522,93648,508244320.0,20.794751,50701608.0,516.801588,IT=2.3;2.3 ,ii
6802,Ref 1,5.123,96372,392784220.0,20.813476,22936230.0,516.8015883,IT=2.6;2.6 ,ii
6813,Ref 1,5.770,99720,387956770.0,20.829278,10005273.0,516.8016628,IT=2.9;2.9 ,ii
6824,Ref 1,5.056,94872,412642560.0,20.846661,8776447.0,451.7451831,IT=2.5;2.5 ,ii
6835,Ref 1,4.942,93540,447091740.0,20.863355,15028957.0,451.7453257,IT=2.5;2.5 ,ii
6846,Ref 1,4.583,92192,486432450.0,20.882617,19833676.0,373.2262673,IT=2.3;2.3 ,ii
6857,Ref 1,4.113,84908,515092000.0,20.900871,43351412.0,373.2263267,IT=2.1;2.1 ,ii
6868,Ref 1,4.138,85256,593043460.0,20.917242,62284124.0,373.2262063,IT=2.1;2.1 ,ii
6879,Ref 1,3.157,76380,678061700.0,20.934211,57692220.0,389.1814408,IT=1.6;1.6 ,ii
6890,Ref 1,2.989,73712,685908290.0,20.952433,93643096.0,389.1814847,IT=1.5;1.5 ,ii
6901,Ref 1,3.511,79160,655328380.0,20.96869,85883528.0,389.1814979,IT=1.8;1.8 ,ii
6912,Ref 1,3.451,80676,646482050.0,20.9868,58320328.0,389.1813967,IT=1.7;1.7 ,ii
6923,Ref 1,4.134,88892,627957570.0,21.003685,40084392.0,466.2400967,IT=2.1;2.1 ,ii
6934,Ref 1,3.702,83024,636965820.0,21.023539,70858232.0,599.7650474,IT=1.9;1.9 ,ii
6945,Ref 1,4.064,82692,593303740.0,21.041412,87234312.0,599.7652612,IT=2;2 ,ii
6956,Ref 1,4.249,84496,532980960.0,21.056966,73694200.0,599.7653387,IT=2.1;2.1 ,ii
6967,Ref 1,5.126,88336,424859620.0,21.074237,37669556.0,599.7652419,IT=2.6;2.6 ,ii
6978,Ref 1,6.127,96588,377595870.0,21.092391,12811465.0,599.7652351,IT=3.1;3.1 ,ii
6989,Ref 1,5.543,94948,390587840.0,21.112878,8717463.0,380.7136272,IT=2.8;2.8 ,ii
7000,Ref 1,5.184,88940,387874180.0,21.128776,13179064.0,380.7135682,IT=2.6;2.6 ,ii
7011,Ref 1,4.835,87164,448563940.0,21.146359,22606066.0,366.2002341,IT=2.4;2.4 ,ii
7022,Ref 1,5.198,90392,484685280.0,21.165182,38598448.0,366.2003039,IT=2.6;2.6 ,ii
7033,Ref 1,5.142,89708,435653020.0,21.181622,34633204.0,366.2003647,IT=2.6;2.6 ,ii
7044,Ref 1,4.893,88248,496332160.0,21.201559,32184648.0,366.2005889,IT=2.4;2.4 ,ii
7055,Ref 1,4.784,86908,471071230.0,21.219157,52270264.0,458.2485743,IT=2.4;2.4 ,ii
7066,Ref 1,4.022,84172,552370560.0,21.235638,78819832.0,458.2485698,IT=2;2 ,ii
7077,Ref 1,3.691,77508,529764860.0,21.251923,67520296.0,458.2485436,IT=1.8;1.8 ,ii
7088,Ref 1,4.660,84412,510974180.0,21.268135,44862232.0,458.2484701,IT=2.3;2.3 ,ii
7099,Ref 1,3.639,78624,568134270.0,21.289754,47427636.0,390.7102975,IT=1.8;1.8 ,ii
7110,Ref 1,4.542,80776,473839810.0,21.306835,46040508.0,390.7103798,IT=2.3;2.3 ,ii
7121,Ref 1,5.380,90540,498502530.0,21.324098,40969280.0,390.710388,IT=2.7;2.7 ,ii
7132,Ref 1,5.174,86396,447424320.0,21.342429,20416090.0,390.710375,IT=2.6;2.6 ,ii
7143,Ref 1,5.420,93140,458625280.0,21.357275,23976982.0,428.7479283,IT=2.7;2.7 ,ii
7154,Ref 1,6.217,90240,405644380.0,21.376722,20706146.0,428.7481772,IT=3.1;3.1 ,ii
7163,Ref 1,6.833,92376,369548860.0,21.39143,17476556.0,569.7534096,IT=3.4;3.4 ,ii
7172,Ref 1,7.415,96208,314028450.0,21.407041,12090703.0,569.7534029,IT=3.7;3.7 ,ii
7181,Ref 1,7.441,99040,287585340.0,21.422749,11261247.0,358.2210512,IT=3.7;3.7 ,ii
7192,Ref 1,7.929,98072,308140540.0,21.44228,13635522.0,495.7592493,IT=4;4 ,ii
7195,Ref 1,6.627,94552,296146720.0,21.447755,15808711.0,495.7592545,IT=3.3;3.3 ,ii
7204,Ref 1,6.845,93824,358678620.0,21.46419,23725166.0,495.7592507,IT=3.4;3.4 ,ii
7214,Ref 1,5.795,87400,414416580.0,21.481524,35561064.0,401.6813299,IT=2.9;2.9 ,ii
7225,Ref 1,5.220,80100,492297820.0,21.499547,54410272.0,401.6812102,IT=2.6;2.6 ,ii
7236,Ref 1,4.438,77804,495500510.0,21.517755,52187736.0,401.6810908,IT=2.2;2.2 ,ii
7246,Ref 1,5.586,80984,451904130.0,21.538009,32526112.0,401.6811621,IT=2.8;2.8 ,ii
7256,Ref 1,5.920,83280,427353820.0,21.555304,39764716.0,488.7281631,IT=3;3 ,ii
7266,Ref 1,5.690,82516,502791330.0,21.572059,77075960.0,488.7280942,IT=2.8;2.8 ,ii
7277,Ref 1,4.881,72760,524682110.0,21.5908,97019104.0,488.7279017,IT=2.4;2.4 ,ii
7280,Ref 1,5.328,73904,484596260.0,21.598221,92191696.0,488.7280841,IT=2.7;2.7 ,ii
7290,Ref 1,4.802,72708,494425120.0,21.614221,82797792.0,488.7280203,IT=2.4;2.4 ,ii
7301,Ref 1,5.737,80460,461141180.0,21.633171,55945056.0,488.7280973,IT=2.9;2.9 ,ii
7312,Ref 1,6.744,86928,359067940.0,21.652237,30035238.0,374.2160107,IT=3.4;3.4 ,ii
7322,Ref 1,7.172,90400,309990400.0,21.670591,16388880.0,374.2158378,IT=3.6;3.6 ,ii
7330,Ref 1,6.833,89704,333473310.0,21.687218,9457891.0,374.2159128,IT=3.4;3.4 ,ii
7333,Ref 1,6.190,85864,333948670.0,21.692624,10745588.0,474.2924377,IT=3.1;3.1 ,ii
7344,Ref 1,5.780,80944,340926780.0,21.710464,16306162.0,474.2923465,IT=2.9;2.9 ,ii
7355,Ref 1,6.354,85668,375431390.0,21.72972,22139950.0,474.2923849,IT=3.2;3.2 ,ii
7366,Ref 1,6.312,82268,343226880.0,21.74753,24006168.0,474.2924257,IT=3.2;3.2 ,ii
7377,Ref 1,6.875,83932,360338370.0,21.766326,26800970.0,474.2924951,IT=3.4;3.4 ,ii
7388,Ref 1,6.554,78664,293789730.0,21.784501,21398064.0,474.2923403,IT=3.3;3.3 ,ii
7390,Ref 1,5.900,80004,354019230.0,21.788136,26795732.0,474.2924057,IT=3;3 ,ii
7401,Ref 1,6.912,85688,354759010.0,21.807419,19577352.0,474.2923368,IT=3.5;3.5 ,ii
7409,Ref 1,6.707,83520,322342240.0,21.821388,13935296.0,474.2922724,IT=3.4;3.4 ,ii
7416,Ref 1,6.982,84144,325886940.0,21.832117,10054029.0,459.2688937,IT=3.5;3.5 ,ii
7422,Ref 1,6.613,83948,352287620.0,21.843061,9674403.0,468.2092153,IT=3.3;3.3 ,ii
7427,Ref 1,6.733,86032,357498620.0,21.852827,13040882.0,468.2092835,IT=3.4;3.4 ,ii
7432,Ref 1,7.335,85544,345704540.0,21.861975,16185869.0,468.2092121,IT=3.7;3.7 ,ii
7440,Ref 1,5.639,74868,385897760.0,21.876244,23090492.0,468.2091129,IT=2.8;2.8 ,ii
7445,Ref 1,5.378,81312,497124420.0,21.884648,29072474.0,468.2089724,IT=2.7;2.7 ,ii
7448,Ref 1,5.895,79876,439315330.0,21.891106,26059194.0,468.2090815,IT=2.9;2.9 ,ii
7453,Ref 1,5.618,77496,439326270.0,21.900244,24853788.0,468.2091786,IT=2.8;2.8 ,ii
7458,Ref 1,4.457,74316,458942140.0,21.909119,23034298.0,468.2092043,IT=2.2;2.2 ,ii
7464,Ref 1,5.415,81304,452013380.0,21.920052,19393442.0,468.2091346,IT=2.7;2.7 ,ii
7472,Ref 1,6.073,83780,428654980.0,21.933554,13907062.0,569.2902471,IT=3;3 ,ii
7475,Ref 1,6.380,82896,394426430.0,21.939033,15357543.0,569.2903673,IT=3.2;3.2 ,ii
7484,Ref 1,6.720,85296,377383460.0,21.955418,14897889.0,569.2901132,IT=3.4;3.4 ,ii
7495,Ref 1,6.095,85268,369498660.0,21.973631,17054910.0,567.7863623,IT=3;3 ,ii
7498,Ref 1,5.614,83900,419785150.0,21.979089,21569852.0,567.7862643,IT=2.8;2.8 ,ii
7509,Ref 1,6.071,85372,430439680.0,21.997945,28234516.0,567.7861666,IT=3;3 ,ii
7520,Ref 1,5.516,85080,482123520.0,22.01732,27675294.0,567.7858443,IT=2.8;2.8 ,ii
7531,Ref 1,5.738,84748,474421980.0,22.03542,18677158.0,567.7860178,IT=2.9;2.9 ,ii
7533,Ref 1,6.430,84564,415338300.0,22.039062,16161612.0,523.2806305,IT=3.2;3.2 ,ii
7543,Ref 1,5.170,79004,439140960.0,22.055955,19505366.0,353.2182778,IT=2.6;2.6 ,ii
7554,Ref 1,5.147,80452,438397660.0,22.074238,29710734.0,353.2183503,IT=2.6;2.6 ,ii
7556,Ref 1,5.562,81828,452514430.0,22.077878,33508762.0,353.21829,IT=2.8;2.8 ,ii
7560,Ref 1,5.216,81404,456117920.0,22.085138,32660620.0,353.2182777,IT=2.6;2.6 ,ii
7567,Ref 1,5.958,84512,405664580.0,22.097963,30366948.0,353.2182837,IT=3;3 ,ii
7577,Ref 1,6.409,82096,399553310.0,22.117322,23954162.0,353.2183034,IT=3.2;3.2 ,ii
7588,Ref 1,5.615,81112,374214370.0,22.13699,39593296.0,398.2398414,IT=2.8;2.8 ,ii
7591,Ref 1,6.146,83076,385331420.0,22.142473,50525976.0,398.2398792,IT=3.1;3.1 ,ii
7601,Ref 1,6.390,83020,419999260.0,22.160594,88872568.0,398.2399412,IT=3.2;3.2 ,ii
7612,Ref 1,5.194,75724,451289310.0,22.179496,115648740.0,398.2399229,IT=2.6;2.6 ,ii
7623,Ref 1,5.731,78952,441377950.0,22.198277,111255860.0,398.2400315,IT=2.9;2.9 ,ii
7634,Ref 1,6.303,83632,391154460.0,22.217285,72782608.0,398.2399498,IT=3.2;3.2 ,ii
7645,Ref 1,5.401,77040,454559070.0,22.237427,49480048.0,398.2398936,IT=2.7;2.7 ,ii
7656,Ref 1,4.890,73280,513518820.0,22.255014,89553760.0,444.7430521,IT=2.4;2.4 ,ii
7667,Ref 1,3.490,64544,768345410.0,22.275254,166486990.0,444.7430572,IT=1.7;1.7 ,ii
7678,Ref 1,2.965,61792,840232060.0,22.291795,172605570.0,444.742991,IT=1.5;1.5 ,ii
7689,Ref 1,2.865,56264,834444160.0,22.309879,143132420.0,444.7429702,IT=1.4;1.4 ,ii
7700,Ref 1,3.269,60892,755279550.0,22.327737,93314888.0,444.7430214,IT=1.6;1.6 ,ii
7711,Ref 1,3.380,64196,691267710.0,22.34776,50165152.0,444.7428414,IT=1.7;1.7 ,ii
7722,Ref 1,3.910,67612,621221760.0,22.367811,31060744.0,728.3938513,IT=2;2 ,ii
7733,Ref 1,4.094,71052,626266430.0,22.386401,44009016.0,381.8767631,IT=2;2 ,ii
7744,Ref 1,4.506,73636,585836350.0,22.405938,64562920.0,424.220591,IT=2.3;2.3 ,ii
7755,Ref 1,3.680,68028,618861120.0,22.425163,84377664.0,424.2205115,IT=1.8;1.8 ,ii
7766,Ref 1,5.232,77820,510069890.0,22.445319,64711364.0,424.2207379,IT=2.6;2.6 ,ii
7777,Ref 1,5.286,80336,424903490.0,22.463915,43228160.0,424.2207349,IT=2.6;2.6 ,ii
7788,Ref 1,7.889,93216,326600190.0,22.483898,19351270.0,424.2209089,IT=3.9;3.9 ,ii
7799,Ref 1,8.545,96092,280733790.0,22.501681,8820956.0,424.2208413,IT=4.3;4.3 ,ii
7810,Ref 1,8.201,92740,307811200.0,22.520354,12225980.0,379.5645262,IT=4.1;4.1 ,ii
7821,Ref 1,8.397,90848,329588030.0,22.541148,14934337.0,379.5645277,IT=4.2;4.2 ,ii
7832,Ref 1,5.847,80068,410657950.0,22.561244,31694882.0,420.2290991,IT=2.9;2.9 ,ii
7843,Ref 1,5.389,74764,430488640.0,22.580358,45547768.0,420.2292322,IT=2.7;2.7 ,ii
7853,Ref 1,5.204,77116,527462530.0,22.59731,60589252.0,420.229253,IT=2.6;2.6 ,ii
7864,Ref 1,5.658,79856,479996960.0,22.615643,44996308.0,420.2292732,IT=2.8;2.8 ,ii
7875,Ref 1,6.412,85596,447177340.0,22.635554,25248834.0,420.2292428,IT=3.2;3.2 ,ii
7886,Ref 1,6.265,88808,427462210.0,22.654918,24220758.0,540.260038,IT=3.1;3.1 ,ii
7888,Ref 1,6.177,85040,417908540.0,22.658553,23906344.0,540.260074,IT=3.1;3.1 ,ii
7899,Ref 1,5.542,83916,450058910.0,22.677957,22478826.0,445.2406485,IT=2.8;2.8 ,ii
7910,Ref 1,5.710,88612,433200130.0,22.699974,25748786.0,445.2407216,IT=2.9;2.9 ,ii
7921,Ref 1,6.691,88716,380343710.0,22.716545,18540802.0,445.240812,IT=3.3;3.3 ,ii
7932,Ref 1,6.902,86532,340829340.0,22.735597,10258401.0,445.2410112,IT=3.5;3.5 ,ii
7943,Ref 1,8.289,96416,337700830.0,22.754719,10429710.0,567.2781503,IT=4.1;4.1 ,ii
7954,Ref 1,8.075,96260,319488860.0,22.775696,8314414.5,567.2781719,IT=4;4 ,ii
7965,Ref 1,8.952,100920,314420860.0,22.793432,7485528.5,404.2036192,IT=4.5;4.5 ,ii
7976,Ref 1,7.739,96500,322464190.0,22.813536,7709056.5,404.2036455,IT=3.9;3.9 ,ii
7987,Ref 1,10.153,102908,319894590.0,22.830823,8853323.0,397.2265791,IT=5.1;5.1 ,ii
7998,Ref 1,7.106,91864,352014240.0,22.84979,9831721.0,397.2265675,IT=3.6;3.6 ,ii
8009,Ref 1,7.569,92204,346982460.0,22.866925,12747809.0,622.8156432,IT=3.8;3.8 ,ii
8020,Ref 1,6.947,91140,382086050.0,22.885335,15664761.0,622.815545,IT=3.5;3.5 ,ii
8031,Ref 1,8.263,93712,366862620.0,22.904112,14240489.0,622.8155669,IT=4.1;4.1 ,ii
8042,Ref 1,7.159,89136,336546620.0,22.923772,10196874.0,681.3494718,IT=3.6;3.6 ,ii
8053,Ref 1,9.387,96640,309675070.0,22.945891,10640441.0,681.3498069,IT=4.7;4.7 ,ii
8064,Ref 1,9.045,93600,304758530.0,22.963693,14104236.0,425.7664441,IT=4.5;4.5 ,ii
8069,Ref 1,9.317,91868,301695900.0,22.972841,20133338.0,425.7661446,IT=4.7;4.7 ,ii
8075,Ref 1,8.285,86800,320886560.0,22.98321,29588800.0,425.7657096,IT=4.1;4.1 ,ii
8086,Ref 1,7.877,83112,400582590.0,23.001824,48327968.0,425.7641947,IT=3.9;3.9 ,ii
8097,Ref 1,6.282,75896,492547170.0,23.020782,75737928.0,425.7214378,IT=3.1;3.1 ,ii
8099,Ref 1,6.243,76940,531613120.0,23.024424,83210848.0,425.7213278,IT=3.1;3.1 ,ii
8110,Ref 1,4.062,64888,687779650.0,23.043582,118099380.0,425.720998,IT=2;2 ,ii
8113,Ref 1,4.420,63292,687204540.0,23.048826,115048180.0,425.7209592,IT=2.2;2.2 ,ii
8124,Ref 1,3.316,54092,728409090.0,23.068634,104929700.0,425.7204866,IT=1.7;1.7 ,ii
8135,Ref 1,3.449,58856,774378050.0,23.087455,78913920.0,425.7202288,IT=1.7;1.7 ,ii
8146,Ref 1,3.460,62288,812748290.0,23.106196,81413216.0,425.7649302,IT=1.7;1.7 ,ii
8157,Ref 1,3.725,61528,589004220.0,23.125634,49968108.0,425.7657247,IT=1.9;1.9 ,ii
8160,Ref 1,4.046,63584,604216960.0,23.131071,53384336.0,425.7657512,IT=2;2 ,ii
8170,Ref 1,5.116,71328,499345660.0,23.149333,38174296.0,425.7661298,IT=2.6;2.6 ,ii
8181,Ref 1,4.263,68860,443469310.0,23.169377,31509618.0,425.7661816,IT=2.1;2.1 ,ii
8187,Ref 1,6.373,78016,364784450.0,23.18231,23320934.0,425.7663938,IT=3.2;3.2 ,ii
8192,Ref 1,6.126,80524,358907550.0,23.191433,20763204.0,425.7663968,IT=3.1;3.1 ,ii
8197,Ref 1,8.150,85820,324748380.0,23.200283,18177110.0,425.7663408,IT=4.1;4.1 ,ii
8201,Ref 1,6.448,82024,302053600.0,23.209698,15591228.0,425.7664537,IT=3.2;3.2 ,ii
8207,Ref 1,7.759,86612,289430910.0,23.22166,13206696.0,425.7665205,IT=3.9;3.9 ,ii
8213,Ref 1,8.105,88544,284299490.0,23.232664,11415363.0,425.7664583,IT=4.1;4.1 ,ii
8218,Ref 1,7.610,85276,291365410.0,23.243164,14774585.0,430.7399715,IT=3.8;3.8 ,ii
8225,Ref 1,8.331,87360,293582560.0,23.255997,23124454.0,430.7399825,IT=4.2;4.2 ,ii
8233,Ref 1,7.629,85884,324585440.0,23.27037,35392040.0,430.7398514,IT=3.8;3.8 ,ii
8244,Ref 1,7.020,82008,333328030.0,23.289635,45900092.0,430.7395406,IT=3.5;3.5 ,ii
8246,Ref 1,7.042,80008,343746660.0,23.293289,47735004.0,430.7396432,IT=3.5;3.5 ,ii
8257,Ref 1,6.955,79528,343431070.0,23.312589,44625580.0,430.739454,IT=3.5;3.5 ,ii
8268,Ref 1,7.025,81844,384701860.0,23.331668,35827856.0,430.7389797,IT=3.5;3.5 ,ii
8279,Ref 1,5.996,76348,380397340.0,23.348834,20948230.0,430.7393324,IT=3;3 ,ii
8289,Ref 1,5.736,78040,461622270.0,23.369051,26120900.0,506.2397595,IT=2.9;2.9 ,ii
8292,Ref 1,5.509,77384,432126500.0,23.374511,27310116.0,506.2397728,IT=2.8;2.8 ,ii
8302,Ref 1,4.887,73044,500404900.0,23.392753,45626588.0,506.2398916,IT=2.4;2.4 ,ii
8313,Ref 1,5.021,75368,510180860.0,23.411386,54077300.0,506.2401175,IT=2.5;2.5 ,ii
8322,Ref 1,5.552,73844,489056930.0,23.427732,55915676.0,506.2402259,IT=2.8;2.8 ,ii
8332,Ref 1,5.869,81112,478535870.0,23.446,49163156.0,506.2401912,IT=2.9;2.9 ,ii
8340,Ref 1,6.381,83952,415448000.0,23.45974,35746796.0,506.2400579,IT=3.2;3.2 ,ii
8349,Ref 1,6.412,85008,356149630.0,23.474633,22830654.0,506.2397786,IT=3.2;3.2 ,ii
8357,Ref 1,8.400,87840,307465120.0,23.48826,13587941.0,506.2399088,IT=4.2;4.2 ,ii
8364,Ref 1,8.388,91296,307064610.0,23.501083,10044716.0,405.2240728,IT=4.2;4.2 ,ii
8375,Ref 1,7.874,90388,302054660.0,23.520681,13015396.0,405.2238941,IT=3.9;3.9 ,ii
8386,Ref 1,7.471,88832,296290080.0,23.540183,12414494.0,405.2239466,IT=3.7;3.7 ,ii
8397,Ref 1,7.071,87956,361679840.0,23.559302,14701381.0,402.7268137,IT=3.5;3.5 ,ii
8408,Ref 1,5.866,81608,362120480.0,23.576693,25700524.0,402.7267689,IT=2.9;2.9 ,ii
8419,Ref 1,6.131,82128,449190140.0,23.596803,41985712.0,402.7264506,IT=3.1;3.1 ,ii
8430,Ref 1,5.319,76028,475163900.0,23.617707,47668832.0,402.7265321,IT=2.7;2.7 ,ii
8441,Ref 1,6.045,78092,453897410.0,23.636226,39697632.0,402.7264137,IT=3;3 ,ii
8452,Ref 1,6.547,78940,408407390.0,23.65617,30376792.0,400.8843321,IT=3.3;3.3 ,ii
8455,Ref 1,6.336,82212,454634300.0,23.661659,34897492.0,400.8842799,IT=3.2;3.2 ,ii
8465,Ref 1,6.164,80904,389060000.0,23.679215,24766926.0,400.8841669,IT=3.1;3.1 ,ii
8472,Ref 1,7.467,85320,358506590.0,23.691586,19387156.0,400.8841673,IT=3.7;3.7 ,ii
8483,Ref 1,7.754,86228,345913250.0,23.711336,16719009.0,483.2385039,IT=3.9;3.9 ,ii
8485,Ref 1,7.146,87136,323954560.0,23.714992,16296938.0,483.2384004,IT=3.6;3.6 ,ii
8491,Ref 1,9.445,93676,325963300.0,23.726021,18524580.0,483.2384728,IT=4.7;4.7 ,ii
8499,Ref 1,9.633,91292,299161280.0,23.74068,17736706.0,483.2386192,IT=4.8;4.8 ,ii
8507,Ref 1,8.525,89092,312125440.0,23.755336,17277562.0,366.2002672,IT=4.3;4.3 ,ii
8514,Ref 1,8.719,91676,318508580.0,23.769152,15202497.0,366.2003071,IT=4.4;4.4 ,ii
8524,Ref 1,8.463,86868,312528900.0,23.786738,20372036.0,523.7780542,IT=4.2;4.2 ,ii
8530,Ref 1,7.755,83956,323831620.0,23.797692,23607578.0,523.7781878,IT=3.9;3.9 ,ii
8536,Ref 1,7.712,88092,337823170.0,23.808687,24750754.0,523.7781505,IT=3.9;3.9 ,ii
8544,Ref 1,7.708,86768,350780860.0,23.823304,26218256.0,576.2832094,IT=3.9;3.9 ,ii
8555,Ref 1,7.106,84968,337680540.0,23.841995,24615556.0,576.2834071,IT=3.6;3.6 ,ii
8566,Ref 1,7.925,90104,323494750.0,23.861989,16302973.0,576.2833058,IT=4;4 ,ii
8577,Ref 1,7.321,87064,333141220.0,23.880806,10841223.0,546.7885165,IT=3.7;3.7 ,ii
8588,Ref 1,8.253,86160,331537250.0,23.900949,12455311.0,462.71618,IT=4.1;4.1 ,ii
8599,Ref 1,7.142,83068,335370720.0,23.920497,12519409.0,462.7160323,IT=3.6;3.6 ,ii
8610,Ref 1,6.815,80960,318782140.0,23.938459,11573090.0,386.2036155,IT=3.4;3.4 ,ii
8621,Ref 1,7.077,86708,331164900.0,23.957295,10187364.0,386.2036324,IT=3.5;3.5 ,ii
8632,Ref 1,6.551,80616,331725860.0,23.976036,10626217.0,372.2187052,IT=3.3;3.3 ,ii
8643,Ref 1,6.839,84120,336965540.0,23.995242,10940860.0,372.2186806,IT=3.4;3.4 ,ii
8654,Ref 1,8.683,91352,338695650.0,24.015409,9567279.0,372.2185534,IT=4.3;4.3 ,ii
8665,Ref 1,7.704,87636,321601600.0,24.034715,12323929.0,472.7657109,IT=3.9;3.9 ,ii
8676,Ref 1,7.753,84056,271005700.0,24.05289,12190625.0,472.7656265,IT=3.9;3.9 ,ii
8687,Ref 1,9.549,93800,270101570.0,24.071134,12402714.0,472.7658426,IT=4.8;4.8 ,ii
8698,Ref 1,10.143,98012,289458210.0,24.091348,10594995.0,472.7657459,IT=5.1;5.1 ,ii
8701,Ref 1,9.384,94688,288071620.0,24.097856,10147989.0,614.8184756,IT=4.7;4.7 ,ii
8712,Ref 1,6.839,79784,304266940.0,24.116889,20254104.0,614.8185929,IT=3.4;3.4 ,ii
8723,Ref 1,6.973,84276,385722270.0,24.135743,34237100.0,614.8184231,IT=3.5;3.5 ,ii
8734,Ref 1,5.402,78696,404368900.0,24.1558,38307964.0,614.8183957,IT=2.7;2.7 ,ii
8745,Ref 1,7.149,86068,386328190.0,24.175743,29710238.0,614.8182576,IT=3.6;3.6 ,ii
8756,Ref 1,7.060,84608,363190430.0,24.195705,26258122.0,383.6902376,IT=3.5;3.5 ,ii
8767,Ref 1,7.677,88584,308508100.0,24.215401,20887378.0,383.6902341,IT=3.8;3.8 ,ii
8778,Ref 1,9.012,91164,283599810.0,24.234234,13278958.0,383.6902473,IT=4.5;4.5 ,ii
8789,Ref 1,8.868,91628,272166430.0,24.253528,11300940.0,403.235056,IT=4.4;4.4 ,ii
8800,Ref 1,7.772,91644,335772770.0,24.273405,22344400.0,403.2352831,IT=3.9;3.9 ,ii
8811,Ref 1,6.786,82560,362215840.0,24.292815,31806398.0,403.2353157,IT=3.4;3.4 ,ii
8822,Ref 1,6.359,82820,395205540.0,24.31289,36645784.0,403.23533,IT=3.2;3.2 ,ii
8833,Ref 1,6.644,82648,388868770.0,24.329857,30765576.0,403.2352494,IT=3.3;3.3 ,ii
8836,Ref 1,6.419,80872,380659330.0,24.335357,29665824.0,403.2353346,IT=3.2;3.2 ,ii
8847,Ref 1,7.743,86108,353942980.0,24.3552,19488968.0,403.2350275,IT=3.9;3.9 ,ii
8858,Ref 1,7.168,86236,313908350.0,24.375665,11607082.0,497.2538049,IT=3.6;3.6 ,ii
8869,Ref 1,8.429,88152,291932740.0,24.395471,9506254.0,403.2201158,IT=4.2;4.2 ,ii
8872,Ref 1,7.190,87252,319131900.0,24.400935,12881755.0,403.2199515,IT=3.6;3.6 ,ii
8880,Ref 1,7.801,90512,319128290.0,24.415585,20374586.0,403.2199527,IT=3.9;3.9 ,ii
8891,Ref 1,8.619,91148,299596700.0,24.433514,24314556.0,403.2198969,IT=4.3;4.3 ,ii
8902,Ref 1,7.261,84008,306195490.0,24.451193,25049302.0,403.2197518,IT=3.6;3.6 ,ii
8911,Ref 1,9.174,97560,315245820.0,24.467745,21397328.0,403.2198176,IT=4.6;4.6 ,ii
8920,Ref 1,8.197,90396,291298300.0,24.482258,14970804.0,403.219796,IT=4.1;4.1 ,ii
8926,Ref 1,8.498,91816,282123040.0,24.493231,10930817.0,403.219697,IT=4.2;4.2 ,ii
8929,Ref 1,9.392,93620,271538110.0,24.500883,10046963.0,470.3340216,IT=4.7;4.7 ,ii
8939,Ref 1,10.779,98832,232064050.0,24.521385,7752232.0,494.7753042,IT=5.4;5.4 ,ii
8946,Ref 1,13.445,107512,220277260.0,24.53626,7364624.5,494.7755621,IT=6.7;6.7 ,ii
8949,Ref 1,12.075,102456,211724700.0,24.541849,6759753.0,494.7754348,IT=6;6 ,ii
8960,Ref 1,12.318,105380,197306640.0,24.561739,4343311.0,362.2294896,IT=6.2;6.2 ,ii
8971,Ref 1,11.755,104940,210860880.0,24.580499,4088455.0,362.229408,IT=5.9;5.9 ,ii
8982,Ref 1,12.966,108332,219191650.0,24.600113,4903364.5,511.2881085,IT=6.5;6.5 ,ii
8993,Ref 1,10.422,98296,215542430.0,24.622026,7569333.5,543.7472486,IT=5.2;5.2 ,ii
9004,Ref 1,9.712,96836,248164240.0,24.641309,11465406.0,543.7471357,IT=4.9;4.9 ,ii
9007,Ref 1,9.951,96408,260772350.0,24.646823,12231384.0,543.7472274,IT=5;5 ,ii
9018,Ref 1,8.083,90648,275914140.0,24.666736,14069196.0,362.6942775,IT=4;4 ,ii
9029,Ref 1,11.099,98380,265318660.0,24.686838,17142532.0,362.6942924,IT=5.5;5.5 ,ii
9040,Ref 1,8.914,92008,257596740.0,24.70795,17719578.0,362.694349,IT=4.5;4.5 ,ii
9051,Ref 1,8.839,92844,253485520.0,24.728083,14251765.0,362.6943656,IT=4.4;4.4 ,ii
9062,Ref 1,9.484,98644,245389580.0,24.747712,9946776.0,362.6942984,IT=4.7;4.7 ,ii
9065,Ref 1,8.197,91984,232320530.0,24.753212,7765076.0,491.2486505,IT=4.1;4.1 ,ii
9074,Ref 1,11.913,106104,230310460.0,24.769468,6055174.0,790.8877281,IT=6;6 ,ii
9085,Ref 1,8.955,96352,253324340.0,24.789627,8720573.0,790.8876396,IT=4.5;4.5 ,ii
9088,Ref 1,10.489,100652,250312210.0,24.795189,8886917.0,790.8877218,IT=5.2;5.2 ,ii
9099,Ref 1,8.990,95588,280485380.0,24.814501,10010639.0,507.7651423,IT=4.5;4.5 ,ii
9110,Ref 1,9.974,98508,258798610.0,24.834685,10468847.0,507.7650697,IT=5;5 ,ii
9113,Ref 1,8.411,90964,269533440.0,24.840218,10770083.0,507.7649763,IT=4.2;4.2 ,ii
9123,Ref 1,8.774,92652,262262780.0,24.860487,11877746.0,395.2395047,IT=4.4;4.4 ,ii
9134,Ref 1,8.207,89712,292628610.0,24.880295,20616812.0,395.2386164,IT=4.1;4.1 ,ii
9145,Ref 1,8.519,92392,300460670.0,24.900105,21734436.0,395.2385547,IT=4.3;4.3 ,ii
9156,Ref 1,7.048,86168,338956800.0,24.919809,18401058.0,395.2393759,IT=3.5;3.5 ,ii
9167,Ref 1,5.816,80144,379130500.0,24.937922,15786695.0,611.8019498,IT=2.9;2.9 ,ii
9178,Ref 1,4.778,77108,509967330.0,24.957032,44232748.0,358.2083913,IT=2.4;2.4 ,ii
9189,Ref 1,4.137,71920,640397570.0,24.975411,84942672.0,358.2083163,IT=2.1;2.1 ,ii
9200,Ref 1,2.785,59176,754230460.0,24.994598,148540770.0,358.2083067,IT=1.4;1.4 ,ii
9211,Ref 1,3.356,65348,784572100.0,25.013238,167155570.0,358.2083235,IT=1.7;1.7 ,ii
9222,Ref 1,3.061,61828,752932670.0,25.033423,171110050.0,358.2084028,IT=1.5;1.5 ,ii
9233,Ref 1,4.297,67036,511125020.0,25.0522,98190952.0,358.2084792,IT=2.1;2.1 ,ii
9244,Ref 1,5.303,82272,489615870.0,25.07221,76543904.0,358.2084746,IT=2.7;2.7 ,ii
9255,Ref 1,7.294,87776,340533660.0,25.090991,34796976.0,358.2084967,IT=3.6;3.6 ,ii
9266,Ref 1,7.891,88772,258775490.0,25.113077,15005043.0,358.208703,IT=3.9;3.9 ,ii
9277,Ref 1,7.883,88748,243333870.0,25.13266,9584380.0,358.2086226,IT=3.9;3.9 ,ii
9280,Ref 1,9.922,98708,256171200.0,25.138197,9129223.0,358.2087461,IT=5;5 ,ii
9291,Ref 1,8.459,91644,263280610.0,25.156416,8836123.0,364.5222218,IT=4.2;4.2 ,ii
9302,Ref 1,9.303,93088,253552180.0,25.175507,7402298.5,364.5222593,IT=4.7;4.7 ,ii
9313,Ref 1,9.052,94436,243418610.0,25.195691,6177285.5,523.7693705,IT=4.5;4.5 ,ii
9324,Ref 1,9.559,100292,260033020.0,25.214843,8390600.0,379.7240146,IT=4.8;4.8 ,ii
9334,Ref 1,7.482,90464,274914140.0,25.23248,14722602.0,379.7239378,IT=3.7;3.7 ,ii
9345,Ref 1,8.791,91664,284654270.0,25.251526,18396080.0,379.7239694,IT=4.4;4.4 ,ii
9354,Ref 1,8.176,93852,301812130.0,25.268026,18497826.0,379.7239099,IT=4.1;4.1 ,ii
9365,Ref 1,6.373,87472,315753890.0,25.289323,14078009.0,379.723905,IT=3.2;3.2 ,ii
9376,Ref 1,7.581,92628,354748220.0,25.309419,18979676.0,359.2288507,IT=3.8;3.8 ,ii
9387,Ref 1,6.774,86488,380312640.0,25.329229,27842126.0,359.228737,IT=3.4;3.4 ,ii
9398,Ref 1,5.591,72240,426290240.0,25.349294,33888012.0,359.2286229,IT=2.8;2.8 ,ii
9400,Ref 1,5.468,77284,462432100.0,25.352931,38322668.0,541.2801136,IT=2.7;2.7 ,ii
9411,Ref 1,5.052,69888,482812990.0,25.372102,51773040.0,350.7338473,IT=2.5;2.5 ,ii
9422,Ref 1,5.504,68800,461394050.0,25.390933,55509804.0,350.7337751,IT=2.8;2.8 ,ii
9433,Ref 1,5.802,74276,456859260.0,25.410862,55781676.0,350.7338343,IT=2.9;2.9 ,ii
9444,Ref 1,6.515,80352,407751070.0,25.429749,41136412.0,350.7338016,IT=3.3;3.3 ,ii
9455,Ref 1,6.468,78648,285322050.0,25.45071,17074830.0,350.7337105,IT=3.2;3.2 ,ii
9466,Ref 1,8.312,87776,311239140.0,25.467466,11843151.0,350.7338153,IT=4.2;4.2 ,ii
9477,Ref 1,8.788,90012,294276220.0,25.487472,15134740.0,392.2235749,IT=4.4;4.4 ,ii
9488,Ref 1,6.807,84436,350987170.0,25.507538,22215932.0,392.2235747,IT=3.4;3.4 ,ii
9491,Ref 1,7.292,88532,345988380.0,25.515014,21509314.0,392.2235976,IT=3.6;3.6 ,ii
9502,Ref 1,6.550,84720,343014780.0,25.534407,17333804.0,392.2236563,IT=3.3;3.3 ,ii
9513,Ref 1,6.175,82392,373220510.0,25.554201,19307820.0,486.7775413,IT=3.1;3.1 ,ii
9524,Ref 1,6.363,81844,402819970.0,25.574115,35640452.0,508.7437786,IT=3.2;3.2 ,ii
9527,Ref 1,5.940,76872,368220350.0,25.579538,36862416.0,508.743758,IT=3;3 ,ii
9538,Ref 1,5.561,73792,366141920.0,25.598667,49830744.0,508.743966,IT=2.8;2.8 ,ii
9549,Ref 1,8.061,85920,350079260.0,25.61875,50837084.0,508.7440677,IT=4;4 ,ii
9560,Ref 1,7.082,83800,327362980.0,25.63884,42714168.0,508.7440247,IT=3.5;3.5 ,ii
9571,Ref 1,7.990,86724,302152290.0,25.656848,25876720.0,508.7440177,IT=4;4 ,ii
9582,Ref 1,5.789,73424,308513060.0,25.676902,28929872.0,404.2033688,IT=2.9;2.9 ,ii
9593,Ref 1,6.745,78800,362530460.0,25.698881,34564132.0,404.2034148,IT=3.4;3.4 ,ii
9604,Ref 1,8.819,83016,339014110.0,25.718668,35223976.0,551.2809353,IT=4.4;4.4 ,ii
9615,Ref 1,6.499,75576,342435200.0,25.738841,30674326.0,551.2808785,IT=3.2;3.2 ,ii
9626,Ref 1,7.228,82520,354894590.0,25.758522,21667280.0,551.2810343,IT=3.6;3.6 ,ii
9637,Ref 1,5.349,75824,396247650.0,25.77856,35648532.0,435.2582567,IT=2.7;2.7 ,ii
9648,Ref 1,5.878,74420,402570080.0,25.798322,43249044.0,435.2582178,IT=2.9;2.9 ,ii
9659,Ref 1,6.255,75272,385288290.0,25.818139,39399284.0,435.2582378,IT=3.1;3.1 ,ii
9670,Ref 1,5.602,75772,403494720.0,25.838218,35487300.0,435.2579869,IT=2.8;2.8 ,ii
9681,Ref 1,6.622,81868,388258880.0,25.858865,22307574.0,435.2583024,IT=3.3;3.3 ,ii
9692,Ref 1,7.350,86664,347222530.0,25.879107,18649834.0,461.7476709,IT=3.7;3.7 ,ii
9703,Ref 1,6.612,86328,350312770.0,25.898069,14729994.0,461.7477645,IT=3.3;3.3 ,ii
9706,Ref 1,7.662,90836,334261220.0,25.903571,13175476.0,625.3129012,IT=3.8;3.8 ,ii
9715,Ref 1,7.653,91364,326293500.0,25.918511,10904996.0,625.3128025,IT=3.8;3.8 ,ii
9725,Ref 1,7.610,91124,343498660.0,25.935598,22436422.0,435.7740496,IT=3.8;3.8 ,ii
9736,Ref 1,6.103,79220,347837280.0,25.95494,38959352.0,435.7740715,IT=3.1;3.1 ,ii
9738,Ref 1,6.352,85064,384491970.0,25.958583,46007796.0,435.7739685,IT=3.2;3.2 ,ii
9749,Ref 1,6.290,82324,366524290.0,25.975417,53592084.0,435.7741367,IT=3.1;3.1 ,ii
9760,Ref 1,5.347,77584,349998750.0,25.994369,51936436.0,435.7739874,IT=2.7;2.7 ,ii
9771,Ref 1,8.017,88964,323852350.0,26.014256,39074208.0,435.7740956,IT=4;4 ,ii
9782,Ref 1,9.378,97996,298452260.0,26.034812,24049448.0,435.774171,IT=4.7;4.7 ,ii
9785,Ref 1,7.406,92208,292574370.0,26.040302,20043526.0,435.7742248,IT=3.7;3.7 ,ii
9796,Ref 1,10.090,104068,270728420.0,26.060508,8756505.0,435.7742924,IT=5;5 ,ii
9798,Ref 1,9.453,100252,254775840.0,26.064212,7750200.0,495.2765363,IT=4.7;4.7 ,ii
9809,Ref 1,10.054,101680,259629090.0,26.084406,7563681.5,661.8205772,IT=5;5 ,ii
9820,Ref 1,8.979,101500,278001700.0,26.104455,8769487.0,443.0411073,IT=4.5;4.5 ,ii
9831,Ref 1,8.132,97732,313829860.0,26.124155,11554189.0,443.0411275,IT=4.1;4.1 ,ii
9842,Ref 1,6.202,84176,345317600.0,26.14404,17470670.0,566.7676961,IT=3.1;3.1 ,ii
9853,Ref 1,5.259,80160,490892860.0,26.16368,47615356.0,566.7676986,IT=2.6;2.6 ,ii
9864,Ref 1,4.497,77136,610441980.0,26.182413,81705632.0,566.7675113,IT=2.2;2.2 ,ii
9875,Ref 1,3.373,65388,719545090.0,26.2022,106645330.0,566.7676475,IT=1.7;1.7 ,ii
9886,Ref 1,2.901,64316,831668480.0,26.220217,113526640.0,566.76754,IT=1.5;1.5 ,ii
9897,Ref 1,3.564,67916,716560380.0,26.238,81395632.0,566.7676041,IT=1.8;1.8 ,ii
9908,Ref 1,4.506,74296,595141310.0,26.256342,48884924.0,457.7869461,IT=2.3;2.3 ,ii
9919,Ref 1,4.648,75412,541295490.0,26.27599,32099582.0,373.2445713,IT=2.3;2.3 ,ii
9930,Ref 1,6.706,87664,487654370.0,26.2961,38904200.0,373.2445445,IT=3.4;3.4 ,ii
9941,Ref 1,5.293,86168,492459710.0,26.316146,39738944.0,373.2445088,IT=2.6;2.6 ,ii
9952,Ref 1,5.746,85260,418597150.0,26.335631,29519346.0,554.2880137,IT=2.9;2.9 ,ii
9963,Ref 1,5.950,86476,455144450.0,26.357049,57644852.0,554.2881611,IT=3;3 ,ii
9974,Ref 1,6.019,84584,436583230.0,26.376985,65136656.0,554.2881349,IT=3;3 ,ii
9985,Ref 1,6.428,81152,340090210.0,26.395897,45110968.0,554.2880079,IT=3.2;3.2 ,ii
9996,Ref 1,7.065,91084,399447360.0,26.41327,38036972.0,554.2880979,IT=3.5;3.5 ,ii
10007,Ref 1,7.925,95084,365574980.0,26.432818,18221724.0,554.2880865,IT=4;4 ,ii
10018,Ref 1,8.318,97464,333870270.0,26.452984,10432495.0,494.5022994,IT=4.2;4.2 ,ii
10029,Ref 1,8.291,92432,306372160.0,26.473007,15626250.0,446.2459016,IT=4.1;4.1 ,ii
10040,Ref 1,6.582,84832,339974560.0,26.492701,29898838.0,446.245985,IT=3.3;3.3 ,ii
10051,Ref 1,6.785,82040,347515010.0,26.511365,36028144.0,446.2459007,IT=3.4;3.4 ,ii
10062,Ref 1,5.593,80924,386409310.0,26.532155,36941448.0,446.2458755,IT=2.8;2.8 ,ii
10073,Ref 1,6.287,82128,406274910.0,26.551115,34494868.0,421.7585777,IT=3.1;3.1 ,ii
10084,Ref 1,6.255,83940,427580510.0,26.569525,48011716.0,421.7585933,IT=3.1;3.1 ,ii
10095,Ref 1,5.867,80392,434610850.0,26.58924,57435364.0,421.7585403,IT=2.9;2.9 ,ii
10106,Ref 1,5.431,79936,461757820.0,26.608267,60658104.0,421.7584034,IT=2.7;2.7 ,ii
10117,Ref 1,5.362,81876,478090270.0,26.62836,50740720.0,421.7585619,IT=2.7;2.7 ,ii
10128,Ref 1,5.376,79908,493466460.0,26.6481,38061136.0,421.7584581,IT=2.7;2.7 ,ii
10139,Ref 1,4.980,82564,490945660.0,26.668275,25971918.0,365.7264821,IT=2.5;2.5 ,ii
10150,Ref 1,5.224,79332,489146460.0,26.687701,32681368.0,365.7264549,IT=2.6;2.6 ,ii
10161,Ref 1,5.299,82604,449254430.0,26.705841,26439224.0,365.7265068,IT=2.6;2.6 ,ii
10172,Ref 1,6.713,91348,418325890.0,26.724966,22089280.0,365.7266141,IT=3.4;3.4 ,ii
10183,Ref 1,6.558,93492,352733660.0,26.744522,11934090.0,365.7266,IT=3.3;3.3 ,ii
10194,Ref 1,7.919,95560,322176640.0,26.763986,5689002.5,516.2692184,IT=4;4 ,ii
10205,Ref 1,8.002,95756,305518880.0,26.784817,6590869.5,516.2693695,IT=4;4 ,ii
10216,Ref 1,7.163,89764,338462850.0,26.803332,14709841.0,374.2237084,IT=3.6;3.6 ,ii
10227,Ref 1,6.107,80308,383093020.0,26.822696,27219732.0,374.2235354,IT=3.1;3.1 ,ii
10238,Ref 1,6.292,79640,398392480.0,26.842802,39723980.0,374.2237229,IT=3.1;3.1 ,ii
10249,Ref 1,5.548,76708,391224990.0,26.86109,46859748.0,374.2236722,IT=2.8;2.8 ,ii
10260,Ref 1,6.508,80816,395631010.0,26.880877,49011964.0,374.2237207,IT=3.3;3.3 ,ii
10271,Ref 1,7.925,83112,332925020.0,26.900433,38325632.0,374.2237738,IT=4;4 ,ii
10282,Ref 1,7.480,85428,310018140.0,26.920589,28004116.0,374.2236238,IT=3.7;3.7 ,ii
10293,Ref 1,9.891,96380,291231710.0,26.942727,16153415.0,374.2237942,IT=4.9;4.9 ,ii
10304,Ref 1,9.159,93180,280838880.0,26.961625,14079231.0,540.2731337,IT=4.6;4.6 ,ii
10315,Ref 1,8.399,93600,301650430.0,26.981356,17309656.0,540.2730634,IT=4.2;4.2 ,ii
10326,Ref 1,8.942,95384,308373120.0,27.001533,17802248.0,589.3111669,IT=4.5;4.5 ,ii
10337,Ref 1,7.850,91148,341749410.0,27.021431,20372638.0,589.3110713,IT=3.9;3.9 ,ii
10348,Ref 1,6.751,87036,371184770.0,27.041489,26200734.0,402.6989424,IT=3.4;3.4 ,ii
10359,Ref 1,5.757,82444,424307010.0,27.061643,37058884.0,450.2816156,IT=2.9;2.9 ,ii
10370,Ref 1,6.144,85032,384315070.0,27.081055,37614956.0,450.2816828,IT=3.1;3.1 ,ii
10381,Ref 1,6.762,85340,347793280.0,27.099771,33199738.0,450.2815138,IT=3.4;3.4 ,ii
10392,Ref 1,6.868,84324,365943810.0,27.119328,28567840.0,450.2815394,IT=3.4;3.4 ,ii
10403,Ref 1,7.585,86916,343901220.0,27.138251,18831926.0,450.2816044,IT=3.8;3.8 ,ii
10414,Ref 1,7.249,89256,363348350.0,27.157975,14768333.0,656.2893182,IT=3.6;3.6 ,ii
10425,Ref 1,9.102,95396,379558690.0,27.177509,16551029.0,656.2893228,IT=4.6;4.6 ,ii
10436,Ref 1,8.071,84036,314933120.0,27.197736,13418031.0,656.2895159,IT=4;4 ,ii
10447,Ref 1,7.859,83700,329464580.0,27.216798,20293270.0,420.768519,IT=3.9;3.9 ,ii
10458,Ref 1,7.273,85012,357514820.0,27.236104,31671842.0,420.7687112,IT=3.6;3.6 ,ii
10469,Ref 1,7.818,85072,377048060.0,27.2556,40036460.0,420.7686233,IT=3.9;3.9 ,ii
10480,Ref 1,6.200,78140,357364350.0,27.275525,33598936.0,420.7687081,IT=3.1;3.1 ,ii
10491,Ref 1,8.041,85840,332643230.0,27.295083,22030212.0,420.7687817,IT=4;4 ,ii
10494,Ref 1,8.026,85916,337631230.0,27.300585,20598454.0,420.7688951,IT=4;4 ,ii
10505,Ref 1,9.692,95544,323229220.0,27.320806,15885930.0,424.7110512,IT=4.8;4.8 ,ii
10516,Ref 1,11.030,103176,308990400.0,27.34011,13256747.0,424.7112118,IT=5.5;5.5 ,ii
10527,Ref 1,8.371,94544,305364700.0,27.360282,10049836.0,424.7111462,IT=4.2;4.2 ,ii
10538,Ref 1,7.622,88464,306093180.0,27.380216,10545536.0,504.2548121,IT=3.8;3.8 ,ii
10549,Ref 1,9.082,95956,309495420.0,27.398332,17664244.0,504.254681,IT=4.5;4.5 ,ii
10560,Ref 1,7.261,83688,303704610.0,27.418142,26527558.0,504.2547749,IT=3.6;3.6 ,ii
10571,Ref 1,9.558,93816,330289790.0,27.438111,32824536.0,504.2547669,IT=4.8;4.8 ,ii
10582,Ref 1,8.512,87884,317951170.0,27.458542,29638410.0,504.2547667,IT=4.3;4.3 ,ii
10593,Ref 1,8.877,93284,289880540.0,27.478217,19399864.0,504.2548404,IT=4.4;4.4 ,ii
10604,Ref 1,9.498,91600,285227170.0,27.498061,12059657.0,504.2547005,IT=4.7;4.7 ,ii
10615,Ref 1,9.001,89932,259429760.0,27.517463,6369885.0,547.2679315,IT=4.5;4.5 ,ii
10626,Ref 1,10.276,96068,259791620.0,27.537415,5283163.0,626.82555,IT=5.1;5.1 ,ii
10628,Ref 1,10.125,91712,235725470.0,27.541114,4890083.0,691.3527824,IT=5.1;5.1 ,ii
10639,Ref 1,10.104,96640,264416300.0,27.560769,7183341.0,507.2259796,IT=5.1;5.1 ,ii
10650,Ref 1,10.148,96580,254851810.0,27.580593,10611986.0,646.8343845,IT=5.1;5.1 ,ii
10661,Ref 1,10.294,97836,279895680.0,27.600785,14329345.0,646.8342572,IT=5.1;5.1 ,ii
10672,Ref 1,10.227,97752,294440860.0,27.620095,14662700.0,646.834446,IT=5.1;5.1 ,ii
10683,Ref 1,9.309,98088,303281020.0,27.639428,11858255.0,646.834602,IT=4.7;4.7 ,ii
10694,Ref 1,9.023,93780,287287170.0,27.659007,8237259.0,654.3115843,IT=4.5;4.5 ,ii
10705,Ref 1,9.354,94296,305291680.0,27.678011,10706457.0,363.2135453,IT=4.7;4.7 ,ii
10716,Ref 1,7.393,86688,341488480.0,27.69737,14221035.0,398.2128009,IT=3.7;3.7 ,ii
10727,Ref 1,6.795,86040,385675900.0,27.716457,22072200.0,398.2126975,IT=3.4;3.4 ,ii
10738,Ref 1,8.442,88740,355385980.0,27.735667,20288702.0,398.2127717,IT=4.2;4.2 ,ii
10749,Ref 1,8.044,90044,318669340.0,27.75534,15528298.0,398.2126918,IT=4;4 ,ii
10760,Ref 1,9.298,94032,303543140.0,27.77619,11868038.0,422.7513848,IT=4.6;4.6 ,ii
10771,Ref 1,10.580,103704,273521220.0,27.7947,8554717.0,422.7516223,IT=5.3;5.3 ,ii
10782,Ref 1,9.589,98196,260752610.0,27.814798,6905122.0,664.8284539,IT=4.8;4.8 ,ii
10793,Ref 1,10.247,99364,260901680.0,27.834815,10517635.0,664.8283851,IT=5.1;5.1 ,ii
10804,Ref 1,9.066,94232,268950460.0,27.853906,11084632.0,664.8283679,IT=4.5;4.5 ,ii
10815,Ref 1,10.852,104980,278617570.0,27.873593,8845349.0,473.2667069,IT=5.4;5.4 ,ii
10826,Ref 1,11.687,105720,267160830.0,27.893835,11126101.0,473.2666895,IT=5.8;5.8 ,ii
10837,Ref 1,10.492,100240,253323600.0,27.914004,9917660.0,473.2667249,IT=5.2;5.2 ,ii
10848,Ref 1,10.130,94280,232122770.0,27.93381,11560827.0,651.323067,IT=5.1;5.1 ,ii
10859,Ref 1,13.506,107780,239159090.0,27.954876,12893120.0,651.3234616,IT=6.8;6.8 ,ii
10870,Ref 1,12.827,103420,228764210.0,27.975087,10307314.0,651.323425,IT=6.4;6.4 ,ii
10881,Ref 1,12.903,103528,196619630.0,27.995307,5564825.0,558.2891065,IT=6.5;6.5 ,ii
10892,Ref 1,12.812,108276,216060660.0,28.014782,4378629.5,558.2890308,IT=6.4;6.4 ,ii
10903,Ref 1,11.906,105512,218127570.0,28.036853,4248713.5,617.8259303,IT=6;6 ,ii
10914,Ref 1,11.459,103452,215394130.0,28.056094,4542893.0,617.8259862,IT=5.7;5.7 ,ii
10925,Ref 1,12.712,104424,225991040.0,28.076413,5280645.0,363.7005585,IT=6.4;6.4 ,ii
10936,Ref 1,10.281,97476,220988220.0,28.096321,5457887.5,363.7004417,IT=5.1;5.1 ,ii
10947,Ref 1,12.028,108700,238683440.0,28.116727,6798004.0,615.9743169,IT=6;6 ,ii
10958,Ref 1,12.840,107700,221084940.0,28.136296,7812923.0,615.640135,IT=6.4;6.4 ,ii
10969,Ref 1,11.019,105616,222544020.0,28.156471,7898000.5,615.6401387,IT=5.5;5.5 ,ii
10980,Ref 1,10.599,95340,200979490.0,28.176189,7080095.5,615.6401037,IT=5.3;5.3 ,ii
10991,Ref 1,10.843,96088,235015890.0,28.194762,7186358.0,451.2715504,IT=5.4;5.4 ,ii
11002,Ref 1,9.484,87848,251559380.0,28.214962,11770243.0,451.2714555,IT=4.7;4.7 ,ii
11013,Ref 1,10.088,81224,242638140.0,28.234372,14073296.0,508.2933024,IT=5;5 ,ii
11021,Ref 1,8.502,82812,275130690.0,28.249112,17216836.0,508.2933826,IT=4.3;4.3 ,ii
11032,Ref 1,9.359,88180,273846460.0,28.268649,15056923.0,508.2933792,IT=4.7;4.7 ,ii
11043,Ref 1,9.488,91128,270801600.0,28.29038,9721476.0,508.2934204,IT=4.7;4.7 ,ii
11046,Ref 1,9.964,95704,273267580.0,28.295953,10381236.0,440.7245332,IT=5;5 ,ii
11057,Ref 1,9.939,96012,276690720.0,28.316118,11371108.0,440.7244219,IT=5;5 ,ii
11060,Ref 1,9.274,89652,253164900.0,28.321618,10930207.0,440.7244813,IT=4.6;4.6 ,ii
11071,Ref 1,10.660,97384,246642220.0,28.341384,7594036.0,440.7245828,IT=5.3;5.3 ,ii
11082,Ref 1,10.164,95832,238452460.0,28.361578,7050258.0,530.7517156,IT=5.1;5.1 ,ii
11093,Ref 1,10.149,98368,266624190.0,28.378696,9432843.0,530.7516414,IT=5.1;5.1 ,ii
11104,Ref 1,8.540,88120,293606080.0,28.39845,10214660.0,367.2338942,IT=4.3;4.3 ,ii
11115,Ref 1,6.926,79428,298434780.0,28.418359,15674234.0,367.2339994,IT=3.5;3.5 ,ii
11126,Ref 1,7.843,82924,316589500.0,28.437446,21321920.0,367.2339503,IT=3.9;3.9 ,ii
11137,Ref 1,6.762,78120,380004130.0,28.457327,32676788.0,416.2504198,IT=3.4;3.4 ,ii
11148,Ref 1,6.444,70304,400125630.0,28.477194,64216588.0,416.2504158,IT=3.2;3.2 ,ii
11159,Ref 1,5.007,58884,474505310.0,28.497056,110088500.0,416.2504042,IT=2.5;2.5 ,ii
11170,Ref 1,4.004,54240,566658620.0,28.516389,154547010.0,416.2503856,IT=2;2 ,ii
11172,Ref 1,3.761,50380,541650050.0,28.519985,147629940.0,416.2503951,IT=1.9;1.9 ,ii
11183,Ref 1,3.711,48496,513173630.0,28.538143,145185020.0,416.2504587,IT=1.9;1.9 ,ii
11194,Ref 1,4.732,61540,525034400.0,28.558085,134235070.0,416.2504651,IT=2.4;2.4 ,ii
11205,Ref 1,6.440,69852,371293150.0,28.577843,70560072.0,416.2504452,IT=3.2;3.2 ,ii
11216,Ref 1,8.490,81444,292230560.0,28.59808,34041804.0,416.2503155,IT=4.2;4.2 ,ii
11227,Ref 1,8.588,89844,278944900.0,28.618997,18521938.0,416.2504419,IT=4.3;4.3 ,ii
11238,Ref 1,9.917,94840,223326940.0,28.639186,10341510.0,431.2288463,IT=5;5 ,ii
11249,Ref 1,11.718,99656,206979090.0,28.658751,7386593.5,431.2290369,IT=5.9;5.9 ,ii
11260,Ref 1,13.611,104264,197155580.0,28.678951,4034589.2,416.2508419,IT=6.8;6.8 ,ii
11271,Ref 1,10.957,104724,230285470.0,28.699123,8182061.5,533.2832434,IT=5.5;5.5 ,ii
11282,Ref 1,9.233,91524,259635100.0,28.719165,12905247.0,533.2831653,IT=4.6;4.6 ,ii
11293,Ref 1,10.142,93816,269248510.0,28.739111,13676597.0,533.2831586,IT=5.1;5.1 ,ii
11304,Ref 1,8.879,82872,253317630.0,28.759294,9849929.0,533.2830895,IT=4.4;4.4 ,ii
11315,Ref 1,10.441,93452,246843340.0,28.780273,11517665.0,660.3393413,IT=5.2;5.2 ,ii
11326,Ref 1,10.185,95624,243659010.0,28.798298,12444426.0,660.3395562,IT=5.1;5.1 ,ii
11337,Ref 1,12.071,96664,229403230.0,28.818571,10049351.0,660.3398577,IT=6;6 ,ii
11348,Ref 1,11.258,95752,236898080.0,28.838254,6759467.0,450.5737264,IT=5.6;5.6 ,ii
11359,Ref 1,9.551,89428,226748830.0,28.858435,8573887.0,450.5737532,IT=4.8;4.8 ,ii
11370,Ref 1,11.256,96196,240064500.0,28.878345,8829933.0,450.573877,IT=5.6;5.6 ,ii
11381,Ref 1,10.494,98496,245025420.0,28.898295,7344815.0,433.23735,IT=5.2;5.2 ,ii
11392,Ref 1,11.207,100400,256567010.0,28.918482,4723044.5,433.2372483,IT=5.6;5.6 ,ii
11403,Ref 1,10.950,98040,247949760.0,28.936276,6860401.5,442.7298171,IT=5.5;5.5 ,ii
11414,Ref 1,9.425,96208,272614240.0,28.957322,10390239.0,442.7296847,IT=4.7;4.7 ,ii
11425,Ref 1,8.808,92184,266409010.0,28.977501,9972202.0,442.7298136,IT=4.4;4.4 ,ii
11436,Ref 1,10.646,99292,238829100.0,28.997101,6955186.5,442.7297987,IT=5.3;5.3 ,ii
11447,Ref 1,11.409,97720,229896370.0,29.017325,5359736.0,430.7532677,IT=5.7;5.7 ,ii
11458,Ref 1,10.377,101440,228803900.0,29.038673,4156562.8,392.704811,IT=5.2;5.2 ,ii
11469,Ref 1,9.949,94084,226728210.0,29.05874,5323186.5,392.704736,IT=5;5 ,ii
11480,Ref 1,8.663,92868,246566080.0,29.078142,5146750.0,392.7047337,IT=4.3;4.3 ,ii
11491,Ref 1,7.360,87824,288547810.0,29.097246,11150411.0,356.5451644,IT=3.7;3.7 ,ii
11502,Ref 1,6.474,82820,333274340.0,29.114096,22644102.0,356.5452228,IT=3.2;3.2 ,ii
11513,Ref 1,7.105,82236,337727620.0,29.132593,22837138.0,356.5452257,IT=3.6;3.6 ,ii
11524,Ref 1,5.829,79676,391579740.0,29.152581,26323240.0,356.5452588,IT=2.9;2.9 ,ii
11535,Ref 1,5.932,81152,382567460.0,29.172058,24786324.0,383.2199255,IT=3;3 ,ii
11546,Ref 1,7.469,82352,351925730.0,29.19363,35096904.0,420.7870439,IT=3.7;3.7 ,ii
11557,Ref 1,7.566,80896,354985180.0,29.213789,46645824.0,420.7871526,IT=3.8;3.8 ,ii
11568,Ref 1,8.810,89540,295084900.0,29.233949,38141752.0,420.7872302,IT=4.4;4.4 ,ii
11579,Ref 1,8.725,92292,260006290.0,29.252553,28256134.0,420.7871742,IT=4.4;4.4 ,ii
11590,Ref 1,9.846,95860,224666820.0,29.272699,15923150.0,420.787245,IT=4.9;4.9 ,ii
11601,Ref 1,11.366,100412,227613260.0,29.292122,9893581.0,420.7871274,IT=5.7;5.7 ,ii
11612,Ref 1,9.683,95020,217014060.0,29.311309,5101713.0,488.2670361,IT=4.8;4.8 ,ii
11623,Ref 1,9.893,93420,223824140.0,29.330811,6763745.5,488.2670287,IT=4.9;4.9 ,ii
11634,Ref 1,9.875,97352,261744080.0,29.350946,13153274.0,423.2581974,IT=4.9;4.9 ,ii
11645,Ref 1,9.283,92996,275628990.0,29.37109,23122692.0,423.2583213,IT=4.6;4.6 ,ii
11656,Ref 1,7.829,87556,309533660.0,29.389902,31169732.0,423.2582807,IT=3.9;3.9 ,ii
11667,Ref 1,8.388,91356,332935230.0,29.410023,34134648.0,423.2582668,IT=4.2;4.2 ,ii
11678,Ref 1,9.348,90116,308315040.0,29.430239,25101280.0,423.2582088,IT=4.7;4.7 ,ii
11689,Ref 1,7.927,88628,294662370.0,29.450379,17025956.0,569.2937058,IT=4;4 ,ii
11700,Ref 1,8.589,88196,261695810.0,29.470464,13861613.0,569.2936694,IT=4.3;4.3 ,ii
11711,Ref 1,10.406,89392,213188560.0,29.490249,9038534.0,497.2664724,IT=5.2;5.2 ,ii
11722,Ref 1,11.342,97428,192298060.0,29.509564,6182134.5,497.2661508,IT=5.7;5.7 ,ii
11733,Ref 1,13.735,103368,203393360.0,29.530264,7462762.0,410.2400922,IT=6.9;6.9 ,ii
11735,Ref 1,10.534,92720,194327600.0,29.533974,7010200.5,410.2399952,IT=5.3;5.3 ,ii
11745,Ref 1,11.301,101268,221676320.0,29.55232,7310474.5,410.2398106,IT=5.7;5.7 ,ii
11756,Ref 1,12.050,99976,226689620.0,29.571563,6465569.5,608.3332645,IT=6;6 ,ii
11767,Ref 1,9.562,88588,243052990.0,29.590165,8078120.0,500.7875698,IT=4.8;4.8 ,ii
11778,Ref 1,9.918,91360,268134770.0,29.611513,15348663.0,500.7875538,IT=5;5 ,ii
11781,Ref 1,10.184,91924,266059180.0,29.617076,16058581.0,500.7876442,IT=5.1;5.1 ,ii
11792,Ref 1,9.454,88208,267469250.0,29.636826,18581026.0,500.7876698,IT=4.7;4.7 ,ii
11803,Ref 1,10.634,91908,235212430.0,29.656984,15139805.0,500.7876821,IT=5.3;5.3 ,ii
11814,Ref 1,8.919,87560,239108830.0,29.676586,11093762.0,500.7876527,IT=4.5;4.5 ,ii
11817,Ref 1,8.891,87248,234477020.0,29.682079,9306340.0,500.7875951,IT=4.4;4.4 ,ii
11828,Ref 1,9.316,85552,227976820.0,29.701381,10631518.0,478.8947451,IT=4.7;4.7 ,ii
11839,Ref 1,11.187,93344,228798480.0,29.721396,11047829.0,478.8948275,IT=5.6;5.6 ,ii
11850,Ref 1,10.264,88224,241943420.0,29.741558,12879798.0,367.2340219,IT=5.1;5.1 ,ii
11861,Ref 1,9.415,87192,239407950.0,29.761673,15137184.0,367.2339905,IT=4.7;4.7 ,ii
11872,Ref 1,9.687,89988,247050050.0,29.783766,16505127.0,367.2340132,IT=4.8;4.8 ,ii
11883,Ref 1,12.297,93560,222469580.0,29.804026,13548804.0,400.2404204,IT=6.1;6.1 ,ii
11894,Ref 1,10.903,87144,193409550.0,29.82341,10193206.0,400.2403253,IT=5.5;5.5 ,ii
11905,Ref 1,13.568,100224,235276720.0,29.842935,10592632.0,400.2404932,IT=6.8;6.8 ,ii
11916,Ref 1,11.754,95556,221705300.0,29.863147,8271604.5,723.8492008,IT=5.9;5.9 ,ii
11927,Ref 1,11.387,93340,226840690.0,29.883005,8110237.0,723.8493644,IT=5.7;5.7 ,ii
11938,Ref 1,12.717,99804,220461840.0,29.902553,5733041.5,723.8492368,IT=6.4;6.4 ,ii
11949,Ref 1,10.231,93076,204123660.0,29.922765,4838384.0,542.2832907,IT=5.1;5.1 ,ii
11958,Ref 1,13.507,98648,199041870.0,29.939573,4926689.5,542.283404,IT=6.8;6.8 ,ii
11967,Ref 1,14.571,105364,191842500.0,29.956171,4898601.5,518.8900127,IT=7.3;7.3 ,ii
11978,Ref 1,14.365,106300,180761700.0,29.976432,4601551.5,518.8899779,IT=7.2;7.2 ,ii
11981,Ref 1,12.656,96784,180406620.0,29.982009,4715176.5,518.8899479,IT=6.3;6.3 ,ii
11992,Ref 1,13.554,101292,197030320.0,30.001509,5316285.5,490.2557193,IT=6.8;6.8 ,ii
12003,Ref 1,11.107,91068,207163410.0,30.021217,8680005.0,666.854843,IT=5.6;5.6 ,ii
12014,Ref 1,11.974,100296,227548530.0,30.041479,10653786.0,666.8547423,IT=6;6 ,ii
12025,Ref 1,14.086,99576,203330060.0,30.061725,7923376.5,666.8548051,IT=7;7 ,ii
12036,Ref 1,11.478,90828,198331280.0,30.08191,5219706.0,580.7959581,IT=5.7;5.7 ,ii
12047,Ref 1,14.405,100160,206518460.0,30.102158,7312971.5,580.7959009,IT=7.2;7.2 ,ii
12058,Ref 1,10.889,94948,238159760.0,30.122439,9063896.0,580.7957945,IT=5.4;5.4 ,ii
12069,Ref 1,10.436,95964,257379660.0,30.142585,13589056.0,564.7902821,IT=5.2;5.2 ,ii
12080,Ref 1,9.847,88960,246560960.0,30.162033,17158302.0,564.7902732,IT=4.9;4.9 ,ii
12091,Ref 1,9.759,91140,263968370.0,30.182251,16173140.0,564.7902651,IT=4.9;4.9 ,ii
12102,Ref 1,10.824,92096,234705660.0,30.202013,10363782.0,564.7901429,IT=5.4;5.4 ,ii
12113,Ref 1,9.953,89536,251322740.0,30.222095,6513947.0,564.7900397,IT=5;5 ,ii
12124,Ref 1,10.396,93120,228499220.0,30.242319,4409603.0,674.3733301,IT=5.2;5.2 ,ii
12135,Ref 1,10.395,94524,263633460.0,30.262509,5547745.5,570.8407937,IT=5.2;5.2 ,ii
12146,Ref 1,8.768,88976,282761340.0,30.28198,6547991.5,570.8408273,IT=4.4;4.4 ,ii
12157,Ref 1,8.625,81472,297602210.0,30.300784,10013806.0,457.2950705,IT=4.3;4.3 ,ii
12168,Ref 1,8.231,83880,313938850.0,30.320604,12182061.0,457.2950693,IT=4.1;4.1 ,ii
12179,Ref 1,8.586,87872,304773760.0,30.340777,10407637.0,457.2951229,IT=4.3;4.3 ,ii
12190,Ref 1,9.311,89416,295241250.0,30.360808,9847356.0,573.6329843,IT=4.7;4.7 ,ii
12201,Ref 1,9.970,87912,281873120.0,30.380993,12277137.0,573.6331675,IT=5;5 ,ii
12212,Ref 1,8.232,87008,283125060.0,30.401127,12589563.0,573.6329215,IT=4.1;4.1 ,ii
12223,Ref 1,9.510,90660,306031140.0,30.420162,11114922.0,573.6330569,IT=4.8;4.8 ,ii
12234,Ref 1,8.943,89000,284340060.0,30.441274,13217094.0,441.2296095,IT=4.5;4.5 ,ii
12245,Ref 1,10.441,94396,239061300.0,30.461505,12529123.0,510.2621247,IT=5.2;5.2 ,ii
12256,Ref 1,10.610,96928,268873860.0,30.481632,17118706.0,510.2622229,IT=5.3;5.3 ,ii
12259,Ref 1,9.620,91052,246534380.0,30.487143,15362148.0,510.2622351,IT=4.8;4.8 ,ii
12270,Ref 1,9.804,91228,246258240.0,30.507253,15308209.0,513.3090357,IT=4.9;4.9 ,ii
12281,Ref 1,7.809,83712,308205700.0,30.529286,34279240.0,513.309122,IT=3.9;3.9 ,ii
12292,Ref 1,8.037,82936,304167230.0,30.549334,40868596.0,513.3092161,IT=4;4 ,ii
12303,Ref 1,7.994,81740,308964990.0,30.569442,39620428.0,513.3091304,IT=4;4 ,ii
12314,Ref 1,7.523,83208,324001860.0,30.58859,33440914.0,513.3091447,IT=3.8;3.8 ,ii
12325,Ref 1,7.092,81056,305734020.0,30.608667,19218350.0,513.3091053,IT=3.5;3.5 ,ii
12336,Ref 1,6.859,81012,333576320.0,30.628525,11808541.0,456.797768,IT=3.4;3.4 ,ii
12347,Ref 1,8.489,85772,290260800.0,30.648736,15224010.0,414.2186073,IT=4.2;4.2 ,ii
12358,Ref 1,10.189,94212,252943230.0,30.667704,20651260.0,414.2187343,IT=5.1;5.1 ,ii
12369,Ref 1,10.035,94404,240213020.0,30.687854,23572808.0,414.2187555,IT=5;5 ,ii
12380,Ref 1,10.887,96124,215178860.0,30.7094,18324824.0,414.2187695,IT=5.4;5.4 ,ii
12391,Ref 1,10.249,96396,229349970.0,30.729599,12577217.0,414.218583,IT=5.1;5.1 ,ii
12402,Ref 1,10.617,96800,275920640.0,30.749793,19232482.0,569.2773962,IT=5.3;5.3 ,ii
12413,Ref 1,7.084,80792,327898620.0,30.769883,40613768.0,569.2774451,IT=3.5;3.5 ,ii
12424,Ref 1,6.717,83092,391497950.0,30.790012,63056472.0,569.2774239,IT=3.4;3.4 ,ii
12435,Ref 1,6.636,76104,377445250.0,30.810082,62390192.0,569.2773693,IT=3.3;3.3 ,ii
12446,Ref 1,6.205,75940,368465500.0,30.829959,48559712.0,569.2772118,IT=3.1;3.1 ,ii
12457,Ref 1,6.741,74360,327609950.0,30.849597,26795920.0,569.2771221,IT=3.4;3.4 ,ii
12468,Ref 1,6.555,74792,348833540.0,30.870705,33004352.0,502.3235842,IT=3.3;3.3 ,ii
12479,Ref 1,6.835,77964,336487300.0,30.889155,30757218.0,502.3235115,IT=3.4;3.4 ,ii
12490,Ref 1,7.827,83036,284846400.0,30.909186,24234116.0,502.323696,IT=3.9;3.9 ,ii
12501,Ref 1,7.172,83276,314442820.0,30.928288,17737924.0,502.3236698,IT=3.6;3.6 ,ii
12512,Ref 1,8.887,88860,290258050.0,30.948488,9758463.0,510.3288918,IT=4.4;4.4 ,ii
12523,Ref 1,7.473,90552,350127580.0,30.965831,17011078.0,521.3065498,IT=3.7;3.7 ,ii
12534,Ref 1,8.067,86244,316832420.0,30.984966,16804040.0,521.306428,IT=4;4 ,ii
12545,Ref 1,5.312,75764,393775840.0,31.005127,20358824.0,581.3129405,IT=2.7;2.7 ,ii
12556,Ref 1,5.503,72024,387772800.0,31.025279,34022820.0,581.3130654,IT=2.8;2.8 ,ii
12567,Ref 1,5.611,75552,431703870.0,31.04452,49925512.0,581.3131983,IT=2.8;2.8 ,ii
12578,Ref 1,6.418,81540,409666980.0,31.06391,51735136.0,581.3131727,IT=3.2;3.2 ,ii
12589,Ref 1,7.281,82112,327222300.0,31.083183,38355284.0,581.313074,IT=3.6;3.6 ,ii
12600,Ref 1,8.804,92368,282762460.0,31.10297,24482526.0,581.3128287,IT=4.4;4.4 ,ii
12611,Ref 1,10.530,93604,243813820.0,31.124301,11758435.0,581.3127739,IT=5.3;5.3 ,ii
12622,Ref 1,9.918,97944,250550700.0,31.144526,8557344.0,452.7445463,IT=5;5 ,ii
12633,Ref 1,9.907,96940,252299460.0,31.164676,9706188.0,556.2806437,IT=5;5 ,ii
12644,Ref 1,9.833,97228,249766140.0,31.183699,10179932.0,556.2806956,IT=4.9;4.9 ,ii
12655,Ref 1,10.461,97084,248692510.0,31.203878,7999068.5,556.2808185,IT=5.2;5.2 ,ii
12666,Ref 1,10.163,95284,233314500.0,31.223102,5715497.0,447.9054949,IT=5.1;5.1 ,ii
12677,Ref 1,10.768,104980,240155790.0,31.241867,5192548.0,447.9055271,IT=5.4;5.4 ,ii
12688,Ref 1,13.119,109164,242304700.0,31.262125,5660956.0,631.8053003,IT=6.6;6.6 ,ii
12699,Ref 1,8.952,95320,270909600.0,31.282794,11981516.0,638.3256814,IT=4.5;4.5 ,ii
12710,Ref 1,8.032,90504,292266370.0,31.302294,16328988.0,638.3254958,IT=4;4 ,ii
12721,Ref 1,9.231,95488,334152900.0,31.322456,17542250.0,638.3256855,IT=4.6;4.6 ,ii
12732,Ref 1,8.673,92048,296153220.0,31.341027,12771782.0,638.3255845,IT=4.3;4.3 ,ii
12743,Ref 1,9.367,96444,260292100.0,31.361208,6655430.0,371.2526356,IT=4.7;4.7 ,ii
12754,Ref 1,10.475,98340,241038620.0,31.381318,9200912.0,538.8034973,IT=5.2;5.2 ,ii
12765,Ref 1,11.958,100048,219552130.0,31.400533,9730216.0,538.8035124,IT=6;6 ,ii
12776,Ref 1,10.725,95540,222095540.0,31.420689,10361918.0,538.8035917,IT=5.4;5.4 ,ii
12787,Ref 1,12.058,96920,208689860.0,31.440741,7496207.5,538.8037026,IT=6;6 ,ii
12798,Ref 1,10.751,97648,218421980.0,31.460874,9439694.0,554.3066252,IT=5.4;5.4 ,ii
12809,Ref 1,10.914,99408,247629970.0,31.480409,10149036.0,554.3062253,IT=5.5;5.5 ,ii
12820,Ref 1,8.478,86632,251889150.0,31.499871,7949120.5,488.2795721,IT=4.2;4.2 ,ii
12831,Ref 1,8.574,85556,298068450.0,31.520055,16641283.0,488.2794993,IT=4.3;4.3 ,ii
12842,Ref 1,7.294,78876,327601570.0,31.540182,27450744.0,488.2794874,IT=3.6;3.6 ,ii
12853,Ref 1,6.748,77108,358275010.0,31.560334,38679224.0,488.2795317,IT=3.4;3.4 ,ii
12864,Ref 1,5.968,72892,364003100.0,31.580448,48533388.0,488.2793996,IT=3;3 ,ii
12875,Ref 1,7.604,79360,343075740.0,31.600521,47954044.0,488.2793856,IT=3.8;3.8 ,ii
12886,Ref 1,7.377,80892,329302750.0,31.621279,42743704.0,488.2795146,IT=3.7;3.7 ,ii
12897,Ref 1,8.436,85352,279620640.0,31.64142,28241648.0,488.2795011,IT=4.2;4.2 ,ii
12908,Ref 1,9.670,92672,254726480.0,31.660866,16460859.0,488.2794508,IT=4.8;4.8 ,ii
12919,Ref 1,10.530,93840,226168770.0,31.681037,8233565.0,488.2795,IT=5.3;5.3 ,ii
12930,Ref 1,11.426,100392,222784820.0,31.703174,6505947.0,599.2955935,IT=5.7;5.7 ,ii
12941,Ref 1,10.349,91880,232740660.0,31.723374,10683916.0,599.2954773,IT=5.2;5.2 ,ii
12952,Ref 1,11.931,95500,223119120.0,31.743501,11854067.0,599.295583,IT=6;6 ,ii
12963,Ref 1,12.025,99140,222838670.0,31.762178,10058781.0,599.2957032,IT=6;6 ,ii
12974,Ref 1,13.483,104184,218347390.0,31.782403,8729256.0,441.2948148,IT=6.7;6.7 ,ii
12985,Ref 1,10.975,94460,208887920.0,31.802661,11025866.0,441.2948563,IT=5.5;5.5 ,ii
12996,Ref 1,11.052,93060,252139780.0,31.821894,14436373.0,441.2948206,IT=5.5;5.5 ,ii
13007,Ref 1,9.724,88468,269408100.0,31.842065,13415133.0,680.3566382,IT=4.9;4.9 ,ii
13018,Ref 1,8.487,89332,307494820.0,31.864186,22066666.0,680.3567573,IT=4.2;4.2 ,ii
13029,Ref 1,9.500,88972,290907650.0,31.884104,23327430.0,680.356998,IT=4.7;4.7 ,ii
13040,Ref 1,9.778,87956,268115100.0,31.904023,20695658.0,680.3569188,IT=4.9;4.9 ,ii
13051,Ref 1,10.487,93176,271278080.0,31.924258,15545101.0,680.3569431,IT=5.2;5.2 ,ii
13062,Ref 1,11.708,93372,227786960.0,31.944487,7972726.5,680.3568884,IT=5.9;5.9 ,ii
13073,Ref 1,10.238,91748,239994380.0,31.964631,7710920.0,422.7604832,IT=5.1;5.1 ,ii
13084,Ref 1,9.653,88004,240638370.0,31.98431,12348189.0,817.4149748,IT=4.8;4.8 ,ii
13095,Ref 1,9.152,86052,269571170.0,32.003766,17558512.0,817.4149129,IT=4.6;4.6 ,ii
13106,Ref 1,8.248,80740,313109980.0,32.024937,20796528.0,817.4151449,IT=4.1;4.1 ,ii
13117,Ref 1,7.132,74864,346220100.0,32.045093,39012836.0,590.814675,IT=3.6;3.6 ,ii
13128,Ref 1,5.134,65408,400072190.0,32.065143,63025640.0,590.8146555,IT=2.6;2.6 ,ii
13139,Ref 1,5.966,71088,430385120.0,32.084255,73829752.0,590.814779,IT=3;3 ,ii
13150,Ref 1,5.521,64004,386399360.0,32.103665,65725452.0,590.8146159,IT=2.8;2.8 ,ii
13161,Ref 1,6.831,72796,340313280.0,32.12374,48294932.0,590.8146593,IT=3.4;3.4 ,ii
13164,Ref 1,7.260,75252,331184610.0,32.129242,42364740.0,590.8146142,IT=3.6;3.6 ,ii
13175,Ref 1,7.978,80648,269587070.0,32.149328,31510746.0,454.266198,IT=4;4 ,ii
13186,Ref 1,10.122,87672,258444780.0,32.169515,34601400.0,454.2661054,IT=5.1;5.1 ,ii
13197,Ref 1,9.532,85344,239419040.0,32.190119,29537738.0,454.2663383,IT=4.8;4.8 ,ii
13208,Ref 1,12.308,94280,257584380.0,32.210371,26723560.0,454.2662874,IT=6.2;6.2 ,ii
13219,Ref 1,10.450,92576,242715870.0,32.230539,15913798.0,454.2662165,IT=5.2;5.2 ,ii
13230,Ref 1,11.932,95528,230988880.0,32.250735,8943199.0,708.8234749,IT=6;6 ,ii
13241,Ref 1,11.325,92784,206932850.0,32.270964,5052750.5,708.8234689,IT=5.7;5.7 ,ii
13252,Ref 1,8.877,88272,246257140.0,32.290502,6393950.5,599.8381785,IT=4.4;4.4 ,ii
13263,Ref 1,10.034,88132,241604860.0,32.309801,10595016.0,632.8433988,IT=5;5 ,ii
13274,Ref 1,9.795,91384,260387500.0,32.329941,16760582.0,632.8435758,IT=4.9;4.9 ,ii
13285,Ref 1,8.479,86184,299882300.0,32.350099,23529656.0,599.8380523,IT=4.2;4.2 ,ii
13296,Ref 1,7.823,81108,297769730.0,32.371295,30610962.0,599.83814,IT=3.9;3.9 ,ii
13307,Ref 1,7.832,79196,311826110.0,32.391409,37737448.0,599.8381787,IT=3.9;3.9 ,ii
13318,Ref 1,8.224,84200,338415170.0,32.411169,42837712.0,599.83809,IT=4.1;4.1 ,ii
13329,Ref 1,7.739,80512,320145280.0,32.430761,39429292.0,599.8381098,IT=3.9;3.9 ,ii
13340,Ref 1,8.265,80444,322643520.0,32.450209,35177596.0,599.837988,IT=4.1;4.1 ,ii
13351,Ref 1,6.672,77780,328720510.0,32.469513,27767346.0,599.8378999,IT=3.3;3.3 ,ii
13362,Ref 1,7.435,84216,356399490.0,32.489121,18518176.0,599.8378824,IT=3.7;3.7 ,ii
13373,Ref 1,7.173,79828,340217500.0,32.509275,14817520.0,791.4279233,IT=3.6;3.6 ,ii
13384,Ref 1,6.779,80700,391424160.0,32.528998,16179119.0,515.7879217,IT=3.4;3.4 ,ii
13395,Ref 1,7.868,82220,323093410.0,32.549125,13784882.0,515.7880682,IT=3.9;3.9 ,ii
13406,Ref 1,8.007,83300,310858720.0,32.569271,10333789.0,515.7880497,IT=4;4 ,ii
13417,Ref 1,8.619,87000,291058850.0,32.58891,6711803.5,423.2349316,IT=4.3;4.3 ,ii
13428,Ref 1,8.428,89424,292275620.0,32.610793,7249948.5,500.7931939,IT=4.2;4.2 ,ii
13439,Ref 1,9.893,89532,286308100.0,32.629418,8039876.5,500.7932778,IT=4.9;4.9 ,ii
13450,Ref 1,8.244,83136,296855140.0,32.649035,14841384.0,400.6949708,IT=4.1;4.1 ,ii
13461,Ref 1,8.515,81460,275924060.0,32.669176,19285798.0,400.6950052,IT=4.3;4.3 ,ii
13472,Ref 1,9.440,86968,279157890.0,32.689103,22754398.0,400.6949274,IT=4.7;4.7 ,ii
13483,Ref 1,10.504,92912,267869700.0,32.708726,20797954.0,400.6948127,IT=5.3;5.3 ,ii
13494,Ref 1,11.699,94696,219098370.0,32.728526,10822284.0,400.694897,IT=5.8;5.8 ,ii
13505,Ref 1,12.224,102024,232587150.0,32.748759,6843301.5,400.6948997,IT=6.1;6.1 ,ii
13516,Ref 1,12.030,96764,207743250.0,32.768378,6460214.5,589.7887548,IT=6;6 ,ii
13527,Ref 1,11.797,97600,193551260.0,32.790532,4855279.0,589.7887476,IT=5.9;5.9 ,ii
13538,Ref 1,12.740,98576,199137860.0,32.810783,3526537.8,367.2339713,IT=6.4;6.4 ,ii
13549,Ref 1,13.247,100336,207647280.0,32.831029,4540711.5,367.2340614,IT=6.6;6.6 ,ii
13560,Ref 1,11.159,90416,186589220.0,32.850556,3683794.8,461.2377155,IT=5.6;5.6 ,ii
13571,Ref 1,14.805,107296,194605020.0,32.87061,4561068.5,461.23773,IT=7.4;7.4 ,ii
13582,Ref 1,13.218,100844,204778780.0,32.890864,5102583.0,461.2377066,IT=6.6;6.6 ,ii
13593,Ref 1,13.877,102680,212452690.0,32.911154,6835800.0,917.4642401,IT=6.9;6.9 ,ii
13604,Ref 1,12.183,92932,244537010.0,32.931331,13209358.0,917.4643189,IT=6.1;6.1 ,ii
13615,Ref 1,11.418,96692,268810210.0,32.951651,18609848.0,917.4646162,IT=5.7;5.7 ,ii
13626,Ref 1,9.005,85332,276948420.0,32.971762,19432238.0,917.4644654,IT=4.5;4.5 ,ii
13637,Ref 1,12.056,96648,242682700.0,32.991807,14376468.0,917.4643782,IT=6;6 ,ii
13648,Ref 1,12.252,94612,213668340.0,33.012009,8635063.0,917.4645194,IT=6.1;6.1 ,ii
13659,Ref 1,13.348,97364,212158960.0,33.031215,6556176.0,546.2963325,IT=6.7;6.7 ,ii
13670,Ref 1,11.080,92576,219478540.0,33.051386,8943453.0,546.2964099,IT=5.5;5.5 ,ii
13681,Ref 1,11.942,96384,226629360.0,33.071553,8612660.0,546.2965434,IT=6;6 ,ii
13692,Ref 1,10.184,91208,225715920.0,33.091686,13324377.0,508.2933168,IT=5.1;5.1 ,ii
13703,Ref 1,10.290,89420,233352960.0,33.112852,20757680.0,508.2934794,IT=5.1;5.1 ,ii
13714,Ref 1,9.302,88808,228887630.0,33.133008,23093540.0,508.2933652,IT=4.7;4.7 ,ii
13725,Ref 1,9.916,89328,219563440.0,33.153137,18911762.0,508.2933828,IT=5;5 ,ii
13736,Ref 1,11.576,96172,221660940.0,33.173202,12979778.0,508.2935657,IT=5.8;5.8 ,ii
13747,Ref 1,12.260,99204,213370130.0,33.193429,7161845.5,733.8472775,IT=6.1;6.1 ,ii
13758,Ref 1,12.272,101288,233197280.0,33.213462,7867038.5,733.8475452,IT=6.1;6.1 ,ii
13769,Ref 1,10.756,95516,250808860.0,33.233314,11074223.0,576.2853215,IT=5.4;5.4 ,ii
13780,Ref 1,9.229,90692,274058750.0,33.253516,19320982.0,576.2850841,IT=4.6;4.6 ,ii
13791,Ref 1,9.006,88744,291073020.0,33.27466,24007040.0,576.2853733,IT=4.5;4.5 ,ii
13802,Ref 1,11.790,99136,279330050.0,33.294847,20898942.0,576.2853645,IT=5.9;5.9 ,ii
13813,Ref 1,10.871,96000,258363170.0,33.315093,13482412.0,576.2851528,IT=5.4;5.4 ,ii
13824,Ref 1,10.351,96872,225880340.0,33.335318,6452148.0,576.2852651,IT=5.2;5.2 ,ii
13835,Ref 1,10.401,98208,231336500.0,33.355232,5872781.0,444.2929789,IT=5.2;5.2 ,ii
13846,Ref 1,10.802,96056,245450240.0,33.375455,5634375.5,514.7909046,IT=5.4;5.4 ,ii
13857,Ref 1,9.574,89364,254686620.0,33.395057,7948993.5,744.3549737,IT=4.8;4.8 ,ii
13868,Ref 1,8.445,88084,304384740.0,33.415154,14024098.0,744.3548619,IT=4.2;4.2 ,ii
13879,Ref 1,8.879,87264,287066340.0,33.435323,16078796.0,744.3549272,IT=4.4;4.4 ,ii
13890,Ref 1,8.693,89972,286401440.0,33.455104,14688102.0,744.3548198,IT=4.3;4.3 ,ii
13901,Ref 1,10.997,97320,238181280.0,33.475114,9246483.0,744.355006,IT=5.5;5.5 ,ii
13912,Ref 1,10.958,97780,234216990.0,33.494858,5538641.5,744.3549868,IT=5.5;5.5 ,ii
13923,Ref 1,9.248,91272,236425100.0,33.514516,4501194.0,565.80189,IT=4.6;4.6 ,ii
13934,Ref 1,12.932,101036,221522750.0,33.533649,5454212.5,472.7697573,IT=6.5;6.5 ,ii
13945,Ref 1,10.030,92252,251286430.0,33.552822,17654554.0,472.7697601,IT=5;5 ,ii
13956,Ref 1,8.965,82916,263767780.0,33.572808,37910240.0,472.7697715,IT=4.5;4.5 ,ii
13967,Ref 1,7.912,81876,343859360.0,33.592897,75551208.0,472.7698192,IT=4;4 ,ii
13978,Ref 1,5.682,68500,413245700.0,33.613787,113341950.0,472.7698161,IT=2.8;2.8 ,ii
13989,Ref 1,5.612,63488,414326980.0,33.633684,120128520.0,472.7696387,IT=2.8;2.8 ,ii
14000,Ref 1,5.231,64936,423990980.0,33.65378,115776630.0,472.7697437,IT=2.6;2.6 ,ii
14011,Ref 1,6.097,68252,375463810.0,33.673974,86637112.0,472.7698211,IT=3;3 ,ii
14022,Ref 1,8.261,78800,330040160.0,33.694049,56230088.0,472.7697836,IT=4.1;4.1 ,ii
14033,Ref 1,9.138,83164,273400480.0,33.714184,28833630.0,472.7696418,IT=4.6;4.6 ,ii
14036,Ref 1,9.797,84332,264005380.0,33.719746,24503188.0,472.7695661,IT=4.9;4.9 ,ii
14046,Ref 1,10.793,91568,229163330.0,33.737654,12349438.0,472.769596,IT=5.4;5.4 ,ii
14057,Ref 1,12.915,97152,220010270.0,33.758002,6810710.0,472.7695483,IT=6.5;6.5 ,ii
14068,Ref 1,12.912,98336,202098450.0,33.779319,4100264.2,472.7696494,IT=6.5;6.5 ,ii
14079,Ref 1,13.874,98720,182667310.0,33.799562,3563925.8,545.7899973,IT=6.9;6.9 ,ii
14090,Ref 1,14.418,99844,180587070.0,33.819,7381426.0,565.3150221,IT=7.2;7.2 ,ii
14101,Ref 1,12.329,97752,199884610.0,33.839237,13144377.0,565.3150396,IT=6.2;6.2 ,ii
14112,Ref 1,15.150,100684,193383410.0,33.859502,15256708.0,565.3149999,IT=7.6;7.6 ,ii
14123,Ref 1,11.779,98148,220541920.0,33.879699,17007608.0,565.3149354,IT=5.9;5.9 ,ii
14134,Ref 1,12.961,100384,213816510.0,33.899912,12764184.0,565.3150968,IT=6.5;6.5 ,ii
14145,Ref 1,13.643,100160,206959100.0,33.920191,7479880.0,565.3149318,IT=6.8;6.8 ,ii
14156,Ref 1,11.148,94400,228122320.0,33.940903,5549230.0,791.9316678,IT=5.6;5.6 ,ii
14167,Ref 1,10.584,91844,230336260.0,33.961093,7273401.0,791.9314364,IT=5.3;5.3 ,ii
14178,Ref 1,10.631,93396,244408300.0,33.981226,7443645.5,791.9316319,IT=5.3;5.3 ,ii
14189,Ref 1,11.007,89956,231000900.0,34.001419,6943242.0,473.9031031,IT=5.5;5.5 ,ii
14192,Ref 1,10.803,94936,235761920.0,34.006953,6281212.0,473.9030349,IT=5.4;5.4 ,ii
14203,Ref 1,12.027,91700,204692900.0,34.026825,5356739.0,473.9031153,IT=6;6 ,ii
14214,Ref 1,12.103,96076,230628690.0,34.045754,5529329.5,509.9201084,IT=6.1;6.1 ,ii
14225,Ref 1,12.948,94276,217621460.0,34.066046,8599596.0,509.9202396,IT=6.5;6.5 ,ii
14236,Ref 1,11.954,97996,245598350.0,34.086283,11442060.0,509.9201576,IT=6;6 ,ii
14247,Ref 1,12.019,91448,216423600.0,34.107444,9274210.0,509.9202225,IT=6;6 ,ii
14258,Ref 1,15.577,106500,221068900.0,34.12736,7077528.0,509.920408,IT=7.8;7.8 ,ii
14269,Ref 1,14.079,103296,203322420.0,34.147662,7763307.5,854.4227871,IT=7;7 ,ii
14280,Ref 1,15.425,105800,199470110.0,34.167864,6373073.5,854.4230313,IT=7.7;7.7 ,ii
14291,Ref 1,11.342,91060,210540560.0,34.188106,13011056.0,652.3613959,IT=5.7;5.7 ,ii
14302,Ref 1,9.260,81500,253311010.0,34.207866,27632564.0,652.3611339,IT=4.6;4.6 ,ii
14313,Ref 1,7.828,74380,340124220.0,34.228012,50325112.0,652.3607172,IT=3.9;3.9 ,ii
14324,Ref 1,5.344,62532,444218880.0,34.248068,72209592.0,652.3606969,IT=2.7;2.7 ,ii
14335,Ref 1,4.165,55612,507022500.0,34.267503,89729232.0,652.3605034,IT=2.1;2.1 ,ii
14346,Ref 1,4.855,63564,583356610.0,34.288484,97063288.0,652.3605362,IT=2.4;2.4 ,ii
14357,Ref 1,5.215,62096,478143100.0,34.308588,77964352.0,652.3606624,IT=2.6;2.6 ,ii
14368,Ref 1,5.852,63388,378117410.0,34.326805,55860076.0,652.3607101,IT=2.9;2.9 ,ii
14379,Ref 1,6.022,65316,363882210.0,34.346911,38923896.0,652.360797,IT=3;3 ,ii
14390,Ref 1,7.064,69688,338100610.0,34.369046,25093916.0,584.2902236,IT=3.5;3.5 ,ii
14401,Ref 1,5.879,69948,395853790.0,34.388537,22727986.0,584.289928,IT=2.9;2.9 ,ii
14412,Ref 1,5.162,64812,462380740.0,34.408631,47753844.0,737.923011,IT=2.6;2.6 ,ii
14423,Ref 1,5.573,67500,529289020.0,34.428333,69680776.0,737.9228708,IT=2.8;2.8 ,ii
14434,Ref 1,4.761,64920,556239490.0,34.450002,81872840.0,737.9231394,IT=2.4;2.4 ,ii
14445,Ref 1,4.783,64652,542162370.0,34.468872,67576736.0,737.9228613,IT=2.4;2.4 ,ii
14456,Ref 1,5.125,66832,545104320.0,34.488354,51336160.0,737.9226962,IT=2.6;2.6 ,ii
14467,Ref 1,4.566,62888,546623040.0,34.507616,57451712.0,536.8056655,IT=2.3;2.3 ,ii
14478,Ref 1,4.989,61400,501789150.0,34.52843,72028920.0,536.8061434,IT=2.5;2.5 ,ii
14489,Ref 1,5.413,66968,458604000.0,34.548563,65999076.0,536.806312,IT=2.7;2.7 ,ii
14500,Ref 1,7.545,75252,404033700.0,34.568074,48802644.0,536.8059954,IT=3.8;3.8 ,ii
14511,Ref 1,7.107,78320,349341310.0,34.586992,27506750.0,536.8058841,IT=3.6;3.6 ,ii
14522,Ref 1,8.833,81140,314287330.0,34.60834,11248139.0,536.8061477,IT=4.4;4.4 ,ii
14533,Ref 1,8.459,82048,330289020.0,34.628423,11392119.0,668.8234043,IT=4.2;4.2 ,ii
14544,Ref 1,8.375,84796,361255520.0,34.64805,15504469.0,668.8234038,IT=4.2;4.2 ,ii
14555,Ref 1,7.983,75096,285154780.0,34.667365,14021012.0,668.8234026,IT=4;4 ,ii
14566,Ref 1,10.056,84596,287569060.0,34.687513,12013066.0,668.82378,IT=5;5 ,ii
14577,Ref 1,13.183,96576,264900580.0,34.706529,8526555.0,668.823849,IT=6.6;6.6 ,ii
14588,Ref 1,11.806,94700,241683860.0,34.726319,6681004.5,599.3284752,IT=5.9;5.9 ,ii
14599,Ref 1,12.303,95216,216122690.0,34.746556,8901571.0,599.3284897,IT=6.2;6.2 ,ii
14610,Ref 1,13.096,98380,225375470.0,34.765887,11952231.0,599.3283586,IT=6.5;6.5 ,ii
14621,Ref 1,10.656,89572,249150880.0,34.78817,15154663.0,599.3282784,IT=5.3;5.3 ,ii
14632,Ref 1,11.325,90584,257881970.0,34.808504,16156904.0,599.3283641,IT=5.7;5.7 ,ii
14643,Ref 1,11.055,89204,241660690.0,34.828705,14592466.0,599.328429,IT=5.5;5.5 ,ii
14654,Ref 1,10.831,89472,241209580.0,34.84787,13718511.0,599.3281594,IT=5.4;5.4 ,ii
14665,Ref 1,12.435,94404,230815950.0,34.869416,11096222.0,599.3283574,IT=6.2;6.2 ,ii
14676,Ref 1,11.916,92160,215160320.0,34.88962,8239399.0,599.3282819,IT=6;6 ,ii
14687,Ref 1,14.759,99844,213705870.0,34.909324,6044198.5,599.3284758,IT=7.4;7.4 ,ii
14698,Ref 1,12.709,93344,205262530.0,34.929599,4774146.5,622.3312634,IT=6.4;6.4 ,ii
14709,Ref 1,13.587,93048,199692820.0,34.94895,4332791.5,444.2206656,IT=6.8;6.8 ,ii
14720,Ref 1,14.106,97432,200829310.0,34.967342,6996127.5,444.220566,IT=7.1;7.1 ,ii
14723,Ref 1,14.140,93440,191515940.0,34.972925,6764624.0,444.2206564,IT=7.1;7.1 ,ii
14734,Ref 1,15.294,99172,197047520.0,34.993294,7678454.5,444.2206758,IT=7.6;7.6 ,ii
14745,Ref 1,17.282,101576,184969040.0,35.013115,6351023.0,513.8016879,IT=8.6;8.6 ,ii
14756,Ref 1,16.005,99760,184950530.0,35.035383,5140002.0,622.8182047,IT=8;8 ,ii
14767,Ref 1,18.346,111336,174643840.0,35.055729,4287062.0,556.3285986,IT=9.2;9.2 ,ii
14778,Ref 1,17.210,108028,177434720.0,35.076075,3262321.0,556.3287061,IT=8.6;8.6 ,ii
14789,Ref 1,17.248,109280,179177550.0,35.096389,3696308.2,925.8176181,IT=8.6;8.6 ,ii
14800,Ref 1,15.318,107504,210709260.0,35.118658,5221860.0,925.8178815,IT=7.7;7.7 ,ii
14811,Ref 1,15.953,102352,199479170.0,35.13896,6100628.0,415.2554639,IT=8;8 ,ii
14822,Ref 1,13.566,97364,179630260.0,35.159247,5912263.0,415.2552826,IT=6.8;6.8 ,ii
14833,Ref 1,17.406,109392,166301300.0,35.179382,4396133.5,415.2553775,IT=8.7;8.7 ,ii
14844,Ref 1,19.257,111356,155467870.0,35.201736,2652992.2,391.2844841,IT=9.6;9.6 ,ii
14855,Ref 1,17.737,107060,145214860.0,35.22208,2362965.5,391.2844288,IT=8.9;8.9 ,ii
14866,Ref 1,18.839,107596,147438020.0,35.242386,2635152.2,391.2845807,IT=9.4;9.4 ,ii
14877,Ref 1,18.540,108196,143381540.0,35.262732,2397791.8,391.2843004,IT=9.3;9.3 ,ii
14888,Ref 1,16.445,100848,145436530.0,35.285017,2279452.2,391.2845534,IT=8.2;8.2 ,ii
14899,Ref 1,17.143,106848,157388220.0,35.305327,3477716.0,407.2021246,IT=8.6;8.6 ,ii
14910,Ref 1,17.783,101160,145372460.0,35.325717,3971109.2,407.2022575,IT=8.9;8.9 ,ii
14921,Ref 1,17.407,102364,143700190.0,35.346017,4213769.0,407.2020689,IT=8.7;8.7 ,ii
14932,Ref 1,16.646,105196,159804460.0,35.368304,4048103.0,525.2803475,IT=8.3;8.3 ,ii
14943,Ref 1,17.470,104956,155408450.0,35.388652,5462030.0,525.2802906,IT=8.7;8.7 ,ii
14954,Ref 1,15.167,98224,165929900.0,35.408949,5460373.5,525.280232,IT=7.6;7.6 ,ii
14965,Ref 1,14.562,97736,201621490.0,35.428664,7548098.0,630.3197044,IT=7.3;7.3 ,ii
14976,Ref 1,11.793,85060,213897330.0,35.450176,11291358.0,630.3196574,IT=5.9;5.9 ,ii
14987,Ref 1,9.669,82068,251950620.0,35.470443,13996574.0,630.319595,IT=4.8;4.8 ,ii
14998,Ref 1,10.636,87020,258376660.0,35.490672,12212188.0,630.3194225,IT=5.3;5.3 ,ii
15009,Ref 1,10.565,84536,225358990.0,35.51082,7787102.5,630.319554,IT=5.3;5.3 ,ii
15020,Ref 1,11.639,90740,214481600.0,35.530805,5661341.5,546.7882876,IT=5.8;5.8 ,ii
15031,Ref 1,12.398,93164,214036370.0,35.550605,7955832.0,598.8199328,IT=6.2;6.2 ,ii
15042,Ref 1,11.381,92696,227675870.0,35.570796,12773187.0,598.819945,IT=5.7;5.7 ,ii
15053,Ref 1,12.040,89500,219178700.0,35.591086,15609613.0,598.8197731,IT=6;6 ,ii
15064,Ref 1,9.875,85424,224590830.0,35.613261,14123917.0,598.8196976,IT=4.9;4.9 ,ii
15075,Ref 1,13.959,95112,210086720.0,35.63324,9622065.0,598.8198465,IT=7;7 ,ii
15086,Ref 1,12.890,90992,201305440.0,35.653485,5556907.0,711.3519958,IT=6.4;6.4 ,ii
15097,Ref 1,14.751,97368,201328240.0,35.673256,4059584.0,689.8622095,IT=7.4;7.4 ,ii
15108,Ref 1,13.980,94408,192645070.0,35.6935,5369150.0,634.3348547,IT=7;7 ,ii
15119,Ref 1,13.693,95244,193537310.0,35.713656,6462953.0,634.3347526,IT=6.8;6.8 ,ii
15130,Ref 1,13.382,90708,186178800.0,35.733939,5182880.0,634.3349638,IT=6.7;6.7 ,ii
15141,Ref 1,12.204,85596,191405500.0,35.754153,4467312.0,658.8230299,IT=6.1;6.1 ,ii
15152,Ref 1,14.024,98360,208359230.0,35.775432,5480115.5,658.8231811,IT=7;7 ,ii
15163,Ref 1,13.683,94716,190565550.0,35.795691,4873000.0,702.8552246,IT=6.8;6.8 ,ii
15174,Ref 1,14.734,94628,181425280.0,35.816064,4856526.5,702.8551129,IT=7.4;7.4 ,ii
15185,Ref 1,14.634,94716,175639600.0,35.836313,4596058.5,702.8550957,IT=7.3;7.3 ,ii
15196,Ref 1,17.857,102792,164829420.0,35.856576,4306979.0,461.2743334,IT=8.9;8.9 ,ii
15207,Ref 1,15.070,94028,148951890.0,35.876882,4110008.8,461.2742222,IT=7.5;7.5 ,ii
15218,Ref 1,18.650,104684,149321570.0,35.897203,4622196.5,613.8601558,IT=9.3;9.3 ,ii
15229,Ref 1,16.705,95944,135299460.0,35.917584,4041930.8,613.8600019,IT=8.4;8.4 ,ii
15239,Ref 1,17.045,98160,141736220.0,35.936058,3330594.8,613.8597908,IT=8.5;8.5 ,ii
15250,Ref 1,21.407,110200,146653790.0,35.957475,3756179.8,487.7712665,IT=11;11 ,ii
15259,Ref 1,15.842,99368,152422660.0,35.974062,3665423.0,487.7712859,IT=7.9;7.9 ,ii
15269,Ref 1,17.729,96736,146941140.0,35.992593,3071281.2,515.3029886,IT=8.9;8.9 ,ii
15276,Ref 1,15.091,91848,149981500.0,36.004687,4636179.0,515.3021735,IT=7.5;7.5 ,ii
15284,Ref 1,17.503,95224,141928420.0,36.021602,6673900.5,515.3015655,IT=8.8;8.8 ,ii
15293,Ref 1,14.354,85948,143912260.0,36.038216,8754357.0,515.3014714,IT=7.2;7.2 ,ii
15304,Ref 1,15.830,90324,165974620.0,36.058489,10547836.0,515.3012165,IT=7.9;7.9 ,ii
15315,Ref 1,15.056,91572,201246340.0,36.078722,13886278.0,473.2799979,IT=7.5;7.5 ,ii
15322,Ref 1,12.545,85724,224001860.0,36.091591,21971254.0,473.2798525,IT=6.3;6.3 ,ii
15332,Ref 1,10.299,74544,236087900.0,36.111924,32982904.0,473.2799496,IT=5.1;5.1 ,ii
15343,Ref 1,9.045,68668,258796370.0,36.131257,46241332.0,473.2799237,IT=4.5;4.5 ,ii
15354,Ref 1,7.874,66048,304283580.0,36.151459,63559936.0,473.2798023,IT=3.9;3.9 ,ii
15365,Ref 1,9.295,72260,312820900.0,36.171665,69068304.0,473.2798452,IT=4.6;4.6 ,ii
15376,Ref 1,7.432,68032,337523260.0,36.191757,74928424.0,473.2798336,IT=3.7;3.7 ,ii
15387,Ref 1,9.564,72336,305273570.0,36.211886,55081152.0,473.2798833,IT=4.8;4.8 ,ii
15390,Ref 1,8.038,70196,290515070.0,36.217405,47780396.0,473.27973,IT=4;4 ,ii
15399,Ref 1,8.404,76228,306666460.0,36.233919,37434344.0,473.2796548,IT=4.2;4.2 ,ii
15409,Ref 1,8.240,69128,272273340.0,36.252256,20516618.0,473.2795099,IT=4.1;4.1 ,ii
15420,Ref 1,8.405,76840,309425820.0,36.274181,17768602.0,571.3091308,IT=4.2;4.2 ,ii
15422,Ref 1,8.944,80248,297513790.0,36.277894,17992114.0,571.3090306,IT=4.5;4.5 ,ii
15433,Ref 1,10.129,83560,296824510.0,36.298087,22230716.0,571.3093183,IT=5.1;5.1 ,ii
15444,Ref 1,9.907,84604,264731260.0,36.317904,19788130.0,571.3091467,IT=5;5 ,ii
15455,Ref 1,11.267,94656,251082270.0,36.337245,13767308.0,571.309298,IT=5.6;5.6 ,ii
15466,Ref 1,11.724,92548,224603980.0,36.35692,8148989.0,571.3092684,IT=5.9;5.9 ,ii
15477,Ref 1,14.222,104752,224468900.0,36.377179,4978991.5,536.7700148,IT=7.1;7.1 ,ii
15488,Ref 1,12.332,97260,219837390.0,36.397233,3841937.0,943.4669137,IT=6.2;6.2 ,ii
15499,Ref 1,11.917,97896,223068740.0,36.417189,5147169.5,677.3867622,IT=6;6 ,ii
15510,Ref 1,10.241,91420,239385540.0,36.437249,10024954.0,582.3194615,IT=5.1;5.1 ,ii
15512,Ref 1,11.019,89008,242094510.0,36.441972,11595321.0,582.3195811,IT=5.5;5.5 ,ii
15523,Ref 1,9.666,84168,253586610.0,36.462222,16759163.0,582.3195866,IT=4.8;4.8 ,ii
15534,Ref 1,9.694,82252,253463340.0,36.482426,18911230.0,582.3196247,IT=4.8;4.8 ,ii
15545,Ref 1,9.320,80992,238447820.0,36.502605,15033682.0,582.3196987,IT=4.7;4.7 ,ii
15556,Ref 1,11.450,92720,247091330.0,36.52213,10889312.0,582.3196205,IT=5.7;5.7 ,ii
15567,Ref 1,10.562,87856,238500960.0,36.542432,6565322.5,423.2399998,IT=5.3;5.3 ,ii
15578,Ref 1,13.205,97532,243829100.0,36.562356,7743230.0,423.2401505,IT=6.6;6.6 ,ii
15589,Ref 1,10.750,93880,244410530.0,36.582581,6601850.0,423.2400403,IT=5.4;5.4 ,ii
15600,Ref 1,11.822,94804,247200540.0,36.602802,6632045.5,669.3649723,IT=5.9;5.9 ,ii
15611,Ref 1,12.942,95756,217364560.0,36.624091,6492393.0,669.3652106,IT=6.5;6.5 ,ii
15622,Ref 1,11.791,89444,191228460.0,36.644252,6052553.5,783.8954088,IT=5.9;5.9 ,ii
15633,Ref 1,14.786,102056,168975620.0,36.664637,4892484.0,783.8957268,IT=7.4;7.4 ,ii
15644,Ref 1,14.738,98536,150012480.0,36.684839,3349082.8,783.8957657,IT=7.4;7.4 ,ii
15655,Ref 1,17.738,107608,134079320.0,36.705182,2319044.0,391.2844444,IT=8.9;8.9 ,ii
15666,Ref 1,20.722,112924,123598190.0,36.725532,2397569.0,474.2829099,IT=10;10 ,ii
15677,Ref 1,18.048,111396,149561890.0,36.745743,5174873.5,474.282494,IT=9;9 ,ii
15688,Ref 1,15.340,99508,165027920.0,36.765807,6989734.5,474.2820897,IT=7.7;7.7 ,ii
15699,Ref 1,15.347,103928,205273940.0,36.787182,8464682.0,474.282213,IT=7.7;7.7 ,ii
15710,Ref 1,13.022,95144,228190370.0,36.807365,7745392.5,893.4175904,IT=6.5;6.5 ,ii
15721,Ref 1,10.492,88804,279392740.0,36.827632,24797660.0,477.3053431,IT=5.2;5.2 ,ii
15732,Ref 1,7.565,80620,336591940.0,36.847804,56548372.0,477.3053578,IT=3.8;3.8 ,ii
15743,Ref 1,5.034,61940,446865340.0,36.869769,115295160.0,477.3054351,IT=2.5;2.5 ,ii
15754,Ref 1,3.795,51696,560858050.0,36.888167,174849230.0,477.3054086,IT=1.9;1.9 ,ii
15765,Ref 1,3.378,49188,641928320.0,36.908279,211036370.0,477.3054118,IT=1.7;1.7 ,ii
15776,Ref 1,3.097,45964,657018750.0,36.927583,223646160.0,477.305214,IT=1.5;1.5 ,ii
15787,Ref 1,3.578,49752,548877630.0,36.949493,172294080.0,477.3054541,IT=1.8;1.8 ,ii
15798,Ref 1,4.214,54148,455747710.0,36.969683,125379020.0,477.3055051,IT=2.1;2.1 ,ii
15809,Ref 1,7.563,71848,349565790.0,36.989931,69629800.0,477.3055787,IT=3.8;3.8 ,ii
15820,Ref 1,9.284,77188,281993820.0,37.009795,37760040.0,477.3055289,IT=4.6;4.6 ,ii
15831,Ref 1,9.411,81736,250705740.0,37.031062,20958850.0,477.3055241,IT=4.7;4.7 ,ii
15842,Ref 1,10.592,82684,234930110.0,37.051268,15873317.0,445.7530768,IT=5.3;5.3 ,ii
15853,Ref 1,9.895,81200,267755760.0,37.071457,26782794.0,445.7532957,IT=4.9;4.9 ,ii
15864,Ref 1,8.343,79968,274510590.0,37.090947,29611740.0,445.7531286,IT=4.2;4.2 ,ii
15875,Ref 1,8.979,76576,270022980.0,37.110642,22536370.0,445.7530023,IT=4.5;4.5 ,ii
15886,Ref 1,8.032,71216,306342590.0,37.130792,29583506.0,765.9015922,IT=4;4 ,ii
15897,Ref 1,6.880,68460,351633950.0,37.150992,42448784.0,765.9016335,IT=3.4;3.4 ,ii
15908,Ref 1,7.652,70372,348196000.0,37.170723,45302404.0,765.9012763,IT=3.8;3.8 ,ii
15919,Ref 1,8.117,70144,314180540.0,37.1928,38520416.0,765.9017396,IT=4.1;4.1 ,ii
15930,Ref 1,8.303,72656,309632190.0,37.212979,29295656.0,765.9016361,IT=4.2;4.2 ,ii
15941,Ref 1,11.089,85188,268646560.0,37.233298,18183676.0,765.9018214,IT=5.5;5.5 ,ii
15952,Ref 1,10.271,88840,266709410.0,37.25351,10436567.0,758.3872421,IT=5.1;5.1 ,ii
15963,Ref 1,12.045,91716,232321570.0,37.275795,12151622.0,654.6437206,IT=6;6 ,ii
15974,Ref 1,14.356,98276,219272460.0,37.296062,11437136.0,654.6439961,IT=7.2;7.2 ,ii
15985,Ref 1,12.758,100616,225441890.0,37.316272,10407204.0,654.3098509,IT=6.4;6.4 ,ii
15996,Ref 1,12.975,94836,226795300.0,37.336593,8744806.0,654.6434114,IT=6.5;6.5 ,ii
16007,Ref 1,12.912,89684,215847950.0,37.357918,8489579.0,501.7958515,IT=6.5;6.5 ,ii
16018,Ref 1,12.772,92508,240176000.0,37.37822,9361458.0,536.2721029,IT=6.4;6.4 ,ii
16029,Ref 1,12.338,88212,235732400.0,37.398507,10923580.0,536.2720232,IT=6.2;6.2 ,ii
16032,Ref 1,11.962,90304,245272480.0,37.404097,9801399.0,536.2721375,IT=6;6 ,ii
16043,Ref 1,11.850,85248,225669300.0,37.424355,8831718.0,536.2721047,IT=5.9;5.9 ,ii
16054,Ref 1,10.740,87620,242637820.0,37.444528,8892250.0,544.3037082,IT=5.4;5.4 ,ii
16065,Ref 1,11.080,86032,244543730.0,37.463763,10587790.0,544.3036168,IT=5.5;5.5 ,ii
16076,Ref 1,10.863,84188,247598720.0,37.484025,12391676.0,522.7977282,IT=5.4;5.4 ,ii
16087,Ref 1,9.953,83504,258868080.0,37.504183,13915141.0,607.3149331,IT=5;5 ,ii
16098,Ref 1,11.124,85840,241663540.0,37.526369,13333920.0,607.3150572,IT=5.6;5.6 ,ii
16109,Ref 1,11.434,91712,247375260.0,37.546304,10943591.0,607.315041,IT=5.7;5.7 ,ii
16120,Ref 1,14.130,97992,204596620.0,37.566579,5584404.0,607.3150776,IT=7.1;7.1 ,ii
16131,Ref 1,16.067,103100,186803340.0,37.586902,4179892.0,464.2566119,IT=8;8 ,ii
16142,Ref 1,14.403,102700,178027540.0,37.607214,4310359.0,418.2375366,IT=7.2;7.2 ,ii
16153,Ref 1,14.627,101088,177231470.0,37.627449,5253110.0,418.2374914,IT=7.3;7.3 ,ii
16164,Ref 1,14.880,96584,181854860.0,37.647397,5368685.5,418.2375567,IT=7.4;7.4 ,ii
16175,Ref 1,14.140,94536,196951620.0,37.66767,5313331.5,378.2388217,IT=7.1;7.1 ,ii
16186,Ref 1,11.122,87240,223003920.0,37.687853,7111192.5,378.2386942,IT=5.6;5.6 ,ii
16197,Ref 1,11.187,87296,211510660.0,37.708213,6424204.0,579.8360301,IT=5.6;5.6 ,ii
16208,Ref 1,13.461,91596,199815010.0,37.728415,6238691.5,579.8360271,IT=6.7;6.7 ,ii
16219,Ref 1,15.258,99956,204277980.0,37.748692,5111828.0,579.8364018,IT=7.6;7.6 ,ii
16230,Ref 1,12.452,95232,203265300.0,37.769028,5291523.5,591.298246,IT=6.2;6.2 ,ii
16240,Ref 1,13.212,97896,205228180.0,37.787569,7288071.5,591.2982,IT=6.6;6.6 ,ii
16251,Ref 1,10.779,86976,227226540.0,37.807773,10247202.0,495.2930909,IT=5.4;5.4 ,ii
16262,Ref 1,9.276,80184,272596510.0,37.827986,32324300.0,495.2931343,IT=4.6;4.6 ,ii
16273,Ref 1,6.636,67832,360761920.0,37.848237,77784888.0,495.2928668,IT=3.3;3.3 ,ii
16284,Ref 1,5.178,57252,461335170.0,37.868033,130360380.0,495.2930097,IT=2.6;2.6 ,ii
16295,Ref 1,4.138,48288,547463230.0,37.888158,180364830.0,495.29287,IT=2.1;2.1 ,ii
16306,Ref 1,4.340,51120,547819330.0,37.908185,184259980.0,495.2927086,IT=2.2;2.2 ,ii
16317,Ref 1,4.032,45804,436833570.0,37.928354,142677600.0,495.2927325,IT=2;2 ,ii
16328,Ref 1,6.283,59736,344144290.0,37.950547,96848416.0,495.2928861,IT=3.1;3.1 ,ii
16339,Ref 1,9.436,75352,290200030.0,37.970672,63351452.0,495.2932228,IT=4.7;4.7 ,ii
16350,Ref 1,12.830,87972,210291780.0,37.990899,30550264.0,495.2932335,IT=6.4;6.4 ,ii
16361,Ref 1,15.147,93108,183795260.0,38.011157,18562558.0,495.2932335,IT=7.6;7.6 ,ii
16372,Ref 1,16.277,100860,178156830.0,38.031567,13437462.0,495.293306,IT=8.1;8.1 ,ii
16374,Ref 1,15.325,95840,183642560.0,38.035359,13660834.0,495.2932759,IT=7.7;7.7 ,ii
16385,Ref 1,18.861,105700,166263120.0,38.055665,9333000.0,495.2935422,IT=9.4;9.4 ,ii
16388,Ref 1,15.708,95564,163426350.0,38.061326,9218594.0,495.293476,IT=7.9;7.9 ,ii
16399,Ref 1,14.409,97228,175357840.0,38.08155,8653786.0,495.2937788,IT=7.2;7.2 ,ii
16410,Ref 1,15.056,100928,181768540.0,38.101879,8073195.5,495.293669,IT=7.5;7.5 ,ii
16421,Ref 1,15.207,96584,188192050.0,38.1241,8265933.0,495.2940046,IT=7.6;7.6 ,ii
16432,Ref 1,15.744,97892,182171260.0,38.144373,7622522.0,495.2942779,IT=7.9;7.9 ,ii
16443,Ref 1,18.005,99868,168333020.0,38.164769,6564415.5,495.2942609,IT=9;9 ,ii
16454,Ref 1,16.480,98528,169754130.0,38.185096,6127022.0,495.2944176,IT=8.2;8.2 ,ii
16465,Ref 1,16.065,96436,174892220.0,38.207412,6940993.0,577.7912405,IT=8;8 ,ii
16476,Ref 1,13.395,90244,191579900.0,38.227695,14479150.0,577.7909874,IT=6.7;6.7 ,ii
16487,Ref 1,11.326,84416,235484620.0,38.247899,24387440.0,577.7909985,IT=5.7;5.7 ,ii
16498,Ref 1,12.033,85096,258104430.0,38.268116,28734324.0,577.7905946,IT=6;6 ,ii
16509,Ref 1,9.407,81360,310771040.0,38.290232,30660866.0,577.7903656,IT=4.7;4.7 ,ii
16520,Ref 1,9.666,81408,290522110.0,38.310422,23641888.0,572.8149393,IT=4.8;4.8 ,ii
16531,Ref 1,8.739,76152,273723300.0,38.330684,22550974.0,572.8147298,IT=4.4;4.4 ,ii
16542,Ref 1,9.773,80092,261729540.0,38.350732,17121080.0,572.8145552,IT=4.9;4.9 ,ii
16553,Ref 1,11.420,86816,243012670.0,38.370846,10590728.0,560.271851,IT=5.7;5.7 ,ii
16564,Ref 1,11.821,84256,199163580.0,38.391123,8498242.0,601.3348312,IT=5.9;5.9 ,ii
16575,Ref 1,14.194,98144,199292930.0,38.411448,6312231.0,601.3349944,IT=7.1;7.1 ,ii
16586,Ref 1,17.204,99236,183099540.0,38.431748,3829980.8,663.8533854,IT=8.6;8.6 ,ii
16597,Ref 1,16.250,100680,177169090.0,38.454158,3085467.5,663.8535967,IT=8.1;8.1 ,ii
16608,Ref 1,16.118,100728,189925710.0,38.47456,3445069.0,658.875972,IT=8.1;8.1 ,ii
16619,Ref 1,15.283,95504,178084670.0,38.494908,2730770.0,658.8757072,IT=7.6;7.6 ,ii
16630,Ref 1,15.035,101168,201214420.0,38.514535,4803658.0,783.3623114,IT=7.5;7.5 ,ii
16641,Ref 1,11.934,94940,225118380.0,38.536589,6615966.5,783.3623196,IT=6;6 ,ii
16652,Ref 1,12.101,92088,212923950.0,38.556841,6636048.0,783.3621993,IT=6.1;6.1 ,ii
16663,Ref 1,10.931,90612,240692620.0,38.577068,6538323.5,538.3115834,IT=5.5;5.5 ,ii
16674,Ref 1,12.882,90672,224274960.0,38.597089,4299786.5,783.3624902,IT=6.4;6.4 ,ii
16685,Ref 1,11.492,91196,237997920.0,38.617091,4464269.5,534.8067454,IT=5.7;5.7 ,ii
16696,Ref 1,9.405,83880,250328460.0,38.636945,6614521.5,534.8067263,IT=4.7;4.7 ,ii
16707,Ref 1,9.008,82396,279286720.0,38.656263,14438683.0,621.8570486,IT=4.5;4.5 ,ii
16718,Ref 1,7.287,74336,308978500.0,38.676423,26751408.0,621.8567567,IT=3.6;3.6 ,ii
16729,Ref 1,8.857,78344,336356260.0,38.698644,35713012.0,621.857111,IT=4.4;4.4 ,ii
16740,Ref 1,6.364,66256,363402140.0,38.718144,34813608.0,621.8569533,IT=3.2;3.2 ,ii
16751,Ref 1,6.812,72504,407975230.0,38.737827,27535800.0,621.8568858,IT=3.4;3.4 ,ii
16762,Ref 1,6.329,71596,450080830.0,38.756825,43603080.0,492.785114,IT=3.2;3.2 ,ii
16773,Ref 1,6.033,69300,420017150.0,38.776975,47988320.0,492.7852727,IT=3;3 ,ii
16784,Ref 1,5.867,67564,367438820.0,38.796944,44321924.0,492.785255,IT=2.9;2.9 ,ii
16795,Ref 1,7.287,75580,349426530.0,38.817133,37429008.0,492.7854058,IT=3.6;3.6 ,ii
16806,Ref 1,7.919,80696,320160900.0,38.836568,25693106.0,492.7852746,IT=4;4 ,ii
16817,Ref 1,9.861,81120,239287100.0,38.857839,10972292.0,492.7856161,IT=4.9;4.9 ,ii
16828,Ref 1,11.615,92384,242146960.0,38.878095,11345498.0,493.307762,IT=5.8;5.8 ,ii
16839,Ref 1,10.255,88932,236550580.0,38.896818,9572619.0,493.3075378,IT=5.1;5.1 ,ii
16850,Ref 1,11.779,85516,213453950.0,38.917039,5403997.0,493.3076728,IT=5.9;5.9 ,ii
16861,Ref 1,11.990,91216,202820290.0,38.937314,5463226.0,504.2820357,IT=6;6 ,ii
16872,Ref 1,12.696,97836,221979120.0,38.957613,8552660.0,504.2822059,IT=6.3;6.3 ,ii
16883,Ref 1,14.624,100416,210350750.0,38.977309,8580686.0,735.8841428,IT=7.3;7.3 ,ii
16894,Ref 1,12.464,91304,199579860.0,38.997444,8753305.0,466.7767356,IT=6.2;6.2 ,ii
16905,Ref 1,13.608,94140,205826050.0,39.017738,11499904.0,466.7767519,IT=6.8;6.8 ,ii
16916,Ref 1,12.886,90640,178513100.0,39.038948,10126598.0,466.7767722,IT=6.4;6.4 ,ii
16927,Ref 1,17.097,106300,162518080.0,39.059319,6632212.0,466.7768653,IT=8.5;8.5 ,ii
16938,Ref 1,15.800,93052,147403630.0,39.07959,3809600.5,663.8535526,IT=7.9;7.9 ,ii
16949,Ref 1,18.467,101584,164399710.0,39.100033,6258304.0,467.2650157,IT=9.2;9.2 ,ii
16960,Ref 1,14.156,96676,200629420.0,39.119202,11243048.0,467.2653296,IT=7.1;7.1 ,ii
16971,Ref 1,11.877,89024,193499380.0,39.139433,12206174.0,467.2652858,IT=5.9;5.9 ,ii
16982,Ref 1,11.936,83048,207145580.0,39.159718,15356594.0,467.2653975,IT=6;6 ,ii
16985,Ref 1,11.595,84296,226054850.0,39.165291,17547664.0,467.2654324,IT=5.8;5.8 ,ii
16996,Ref 1,12.257,88068,234185730.0,39.185593,19503986.0,467.2653026,IT=6.1;6.1 ,ii
17007,Ref 1,12.525,85948,210118860.0,39.206909,15914837.0,467.2654913,IT=6.3;6.3 ,ii
17018,Ref 1,14.156,86784,198346750.0,39.227237,12774351.0,467.2654677,IT=7.1;7.1 ,ii
17029,Ref 1,12.755,91164,201002180.0,39.247582,10091146.0,467.2653292,IT=6.4;6.4 ,ii
17040,Ref 1,14.821,90920,192143010.0,39.267861,7867884.0,544.8220173,IT=7.4;7.4 ,ii
17043,Ref 1,15.203,92260,182642290.0,39.273524,6964812.0,544.8219315,IT=7.6;7.6 ,ii
17054,Ref 1,14.012,91516,195006000.0,39.293888,5555853.0,544.8219496,IT=7;7 ,ii
17065,Ref 1,11.906,86896,221309780.0,39.314119,8945916.0,624.3487375,IT=6;6 ,ii
17076,Ref 1,13.513,88620,199812340.0,39.334413,12441559.0,624.3485525,IT=6.8;6.8 ,ii
17087,Ref 1,10.429,79536,195981600.0,39.354654,14202900.0,624.3485373,IT=5.2;5.2 ,ii
17098,Ref 1,12.888,88732,211325580.0,39.375994,13222485.0,624.3486975,IT=6.4;6.4 ,ii
17108,Ref 1,12.057,85148,221696110.0,39.394527,9285851.0,624.3486057,IT=6;6 ,ii
17118,Ref 1,11.390,87620,237219330.0,39.412723,15280700.0,533.3249894,IT=5.7;5.7 ,ii
17129,Ref 1,10.616,80804,242630780.0,39.432966,21321636.0,533.3250782,IT=5.3;5.3 ,ii
17138,Ref 1,10.804,82072,241408220.0,39.451564,24857268.0,533.3251304,IT=5.4;5.4 ,ii
17147,Ref 1,11.709,79364,218184460.0,39.468135,22125072.0,533.325186,IT=5.9;5.9 ,ii
17150,Ref 1,11.091,82556,212290130.0,39.473695,20399422.0,533.3251569,IT=5.5;5.5 ,ii
17161,Ref 1,13.691,84960,191367710.0,39.493997,14083032.0,533.3251687,IT=6.8;6.8 ,ii
17168,Ref 1,14.337,88868,180985220.0,39.50677,10685295.0,367.7262022,IT=7.2;7.2 ,ii
17178,Ref 1,13.334,89652,190633730.0,39.525239,14975397.0,367.7262818,IT=6.7;6.7 ,ii
17187,Ref 1,15.804,94004,199653760.0,39.541145,15035236.0,367.726283,IT=7.9;7.9 ,ii
17198,Ref 1,13.260,92468,211180590.0,39.561411,12954478.0,703.8630461,IT=6.6;6.6 ,ii
17209,Ref 1,11.450,83140,222791740.0,39.581726,14353232.0,703.8627918,IT=5.7;5.7 ,ii
17220,Ref 1,10.570,79192,238921380.0,39.601896,11866100.0,703.8626036,IT=5.3;5.3 ,ii
17231,Ref 1,9.691,78540,262897010.0,39.624163,9066801.0,710.3784899,IT=4.8;4.8 ,ii
17242,Ref 1,8.730,75560,267594510.0,39.643879,11168603.0,710.3784141,IT=4.4;4.4 ,ii
17253,Ref 1,8.815,76776,305212580.0,39.663598,11845996.0,507.7448135,IT=4.4;4.4 ,ii
17264,Ref 1,9.576,73620,310411070.0,39.68315,20650924.0,894.4683775,IT=4.8;4.8 ,ii
17275,Ref 1,7.954,70644,289486240.0,39.703433,25217920.0,894.4684524,IT=4;4 ,ii
17286,Ref 1,9.070,75212,295442210.0,39.723285,24406456.0,894.4685173,IT=4.5;4.5 ,ii
17297,Ref 1,9.794,77944,280217700.0,39.742602,17607580.0,894.4684254,IT=4.9;4.9 ,ii
17308,Ref 1,10.133,76748,261472860.0,39.761852,16565959.0,594.8278124,IT=5.1;5.1 ,ii
17319,Ref 1,10.709,75924,242637250.0,39.781999,18356132.0,594.8276396,IT=5.4;5.4 ,ii
17330,Ref 1,11.359,81288,241950640.0,39.802297,16995860.0,594.8280506,IT=5.7;5.7 ,ii
17341,Ref 1,10.556,79200,228579660.0,39.822508,11754209.0,594.8281769,IT=5.3;5.3 ,ii
17352,Ref 1,13.907,90936,197792460.0,39.842812,5804893.5,594.8280377,IT=7;7 ,ii
17363,Ref 1,14.408,93596,198068700.0,39.863091,4345307.0,489.2693786,IT=7.2;7.2 ,ii
17374,Ref 1,14.620,89888,175215780.0,39.883388,4434166.5,748.386571,IT=7.3;7.3 ,ii
17385,Ref 1,13.631,91680,182643440.0,39.903753,4879492.5,748.3867413,IT=6.8;6.8 ,ii
17396,Ref 1,13.264,88108,183781780.0,39.924065,5837805.0,408.7527166,IT=6.6;6.6 ,ii
17407,Ref 1,13.575,90344,179532380.0,39.945421,5888036.5,408.7528712,IT=6.8;6.8 ,ii
17418,Ref 1,14.949,90548,175948110.0,39.965738,4618792.5,408.7528613,IT=7.5;7.5 ,ii
17429,Ref 1,17.582,104224,170787260.0,39.98604,3381228.0,531.3039243,IT=8.8;8.8 ,ii
17440,Ref 1,17.681,97212,146778270.0,40.00634,2695159.8,391.2843766,IT=8.8;8.8 ,ii
17451,Ref 1,19.814,103272,133784970.0,40.028717,2724707.2,391.2845376,IT=9.9;9.9 ,ii
17462,Ref 1,21.726,107236,136394290.0,40.049183,2511373.5,391.2846057,IT=11;11 ,ii
17473,Ref 1,16.839,98536,132051390.0,40.069462,2516975.0,391.2845782,IT=8.4;8.4 ,ii
17484,Ref 1,18.983,101656,136474270.0,40.089791,3381528.8,675.3720689,IT=9.5;9.5 ,ii
17487,Ref 1,19.776,104820,143762140.0,40.097483,3848523.2,675.3721337,IT=9.9;9.9 ,ii
17498,Ref 1,17.147,99740,143710540.0,40.117735,5331545.0,675.3722264,IT=8.6;8.6 ,ii
17509,Ref 1,19.675,103796,146133150.0,40.138145,5251637.5,675.3721564,IT=9.8;9.8 ,ii
17520,Ref 1,14.923,94876,160280740.0,40.158426,9462724.0,460.7585219,IT=7.5;7.5 ,ii
17531,Ref 1,15.981,92012,171104370.0,40.178868,13659728.0,460.7585294,IT=8;8 ,ii
17542,Ref 1,14.803,90932,185089010.0,40.201159,18399956.0,460.7585617,IT=7.4;7.4 ,ii
17553,Ref 1,15.395,88772,170728430.0,40.221465,15349792.0,460.7585104,IT=7.7;7.7 ,ii
17556,Ref 1,14.735,92024,186583900.0,40.227073,16211730.0,460.7585762,IT=7.4;7.4 ,ii
17567,Ref 1,14.857,92744,164927150.0,40.247369,10560438.0,460.7584019,IT=7.4;7.4 ,ii
17569,Ref 1,16.128,94544,162364220.0,40.251186,9631889.0,460.7583574,IT=8.1;8.1 ,ii
17580,Ref 1,15.768,94904,169573390.0,40.271473,7979102.5,476.813484,IT=7.9;7.9 ,ii
17591,Ref 1,14.546,90224,174140540.0,40.293633,6807404.5,476.8134851,IT=7.3;7.3 ,ii
17602,Ref 1,13.640,85208,182772060.0,40.313979,6889902.5,543.279845,IT=6.8;6.8 ,ii
17613,Ref 1,12.650,86172,196004960.0,40.334194,8683125.0,541.2884399,IT=6.3;6.3 ,ii
17624,Ref 1,14.288,86600,197148050.0,40.354467,8452026.0,541.2883293,IT=7.1;7.1 ,ii
17635,Ref 1,12.825,80676,196706430.0,40.374825,6951344.5,913.4983322,IT=6.4;6.4 ,ii
17643,Ref 1,11.630,77860,191928260.0,40.389595,8200627.0,913.4980456,IT=5.8;5.8 ,ii
17654,Ref 1,11.647,79788,221028450.0,40.409866,11683836.0,635.3280563,IT=5.8;5.8 ,ii
17657,Ref 1,11.816,80560,223435660.0,40.415447,14014792.0,635.3279265,IT=5.9;5.9 ,ii
17668,Ref 1,10.633,76044,246301820.0,40.435739,24847268.0,635.3280673,IT=5.3;5.3 ,ii
17679,Ref 1,9.755,70048,253006350.0,40.457955,32384400.0,635.3281718,IT=4.9;4.9 ,ii
17690,Ref 1,9.191,69256,225045570.0,40.478168,30496914.0,635.3281593,IT=4.6;4.6 ,ii
17701,Ref 1,10.650,73672,224788880.0,40.498511,26541284.0,635.3283891,IT=5.3;5.3 ,ii
17712,Ref 1,11.115,74056,197029760.0,40.518534,17720682.0,635.3282367,IT=5.6;5.6 ,ii
17715,Ref 1,12.011,78152,192760290.0,40.524119,15001525.0,635.32835,IT=6;6 ,ii
17725,Ref 1,13.639,83276,170330420.0,40.542569,8454952.0,635.3283073,IT=6.8;6.8 ,ii
17728,Ref 1,13.936,85708,173767010.0,40.548178,7453690.5,635.3283059,IT=7;7 ,ii
17739,Ref 1,15.218,86108,154997470.0,40.568451,4177285.8,594.8323036,IT=7.6;7.6 ,ii
17745,Ref 1,14.582,79684,146231440.0,40.579582,4272009.5,594.8322988,IT=7.3;7.3 ,ii
17751,Ref 1,17.044,91276,159246930.0,40.590725,4689776.5,851.4105043,IT=8.5;8.5 ,ii
17760,Ref 1,14.689,89044,165621950.0,40.60834,5986776.0,851.4106752,IT=7.3;7.3 ,ii
17766,Ref 1,14.564,84580,153384060.0,40.618925,5691332.5,851.9120085,IT=7.3;7.3 ,ii
17774,Ref 1,14.795,88252,155691630.0,40.633681,5506052.5,851.4106716,IT=7.4;7.4 ,ii
17782,Ref 1,14.370,87624,142227980.0,40.648508,4183649.8,851.4106215,IT=7.2;7.2 ,ii
17790,Ref 1,18.781,97328,143448780.0,40.663414,2880292.5,851.410546,IT=9.4;9.4 ,ii
17796,Ref 1,17.695,96792,140209150.0,40.674604,2641498.8,391.2844192,IT=8.8;8.8 ,ii
17806,Ref 1,19.835,100808,146603980.0,40.695214,5070083.5,589.8199625,IT=9.9;9.9 ,ii
17817,Ref 1,15.451,91208,170264260.0,40.715552,14689907.0,589.819758,IT=7.7;7.7 ,ii
17828,Ref 1,13.185,82092,192980910.0,40.735845,29110112.0,589.8198334,IT=6.6;6.6 ,ii
17836,Ref 1,11.671,79268,215163540.0,40.750593,40943044.0,589.8198784,IT=5.8;5.8 ,ii
17846,Ref 1,11.426,76556,234483890.0,40.769053,51597376.0,589.8197757,IT=5.7;5.7 ,ii
17857,Ref 1,9.864,71600,234891680.0,40.791286,51014868.0,589.8196677,IT=4.9;4.9 ,ii
17868,Ref 1,12.612,79804,206653500.0,40.81153,34811840.0,589.8196496,IT=6.3;6.3 ,ii
17871,Ref 1,12.367,76940,196229950.0,40.817099,30735694.0,589.8196864,IT=6.2;6.2 ,ii
17882,Ref 1,13.190,81792,185462370.0,40.837338,17949770.0,589.8195612,IT=6.6;6.6 ,ii
17893,Ref 1,14.494,85236,181414130.0,40.85763,10282677.0,589.8195173,IT=7.2;7.2 ,ii
17904,Ref 1,13.481,80248,194425310.0,40.878007,10940143.0,684.8787047,IT=6.7;6.7 ,ii
17915,Ref 1,9.512,68108,226669660.0,40.898125,12646879.0,757.3971724,IT=4.8;4.8 ,ii
17917,Ref 1,10.173,72960,234670640.0,40.901827,14900927.0,757.3972505,IT=5.1;5.1 ,ii
17928,Ref 1,8.618,66428,260616540.0,40.921579,24212012.0,757.3969129,IT=4.3;4.3 ,ii
17939,Ref 1,8.450,74648,324052640.0,40.943719,32992810.0,757.3973307,IT=4.2;4.2 ,ii
17950,Ref 1,9.316,71048,251514610.0,40.963921,24314724.0,757.3972799,IT=4.7;4.7 ,ii
17961,Ref 1,11.504,77144,213196460.0,40.983912,14335489.0,757.3972849,IT=5.8;5.8 ,ii
17972,Ref 1,13.719,83268,188188960.0,41.004189,7449914.0,757.3972535,IT=6.9;6.9 ,ii
17983,Ref 1,16.087,94416,165846660.0,41.026543,4223989.5,467.784507,IT=8;8 ,ii
17994,Ref 1,17.749,95528,151667520.0,41.046893,4760356.0,714.3465263,IT=8.9;8.9 ,ii
18005,Ref 1,14.703,90852,173616940.0,41.067232,12269667.0,714.3465412,IT=7.4;7.4 ,ii
18016,Ref 1,11.900,88680,217509360.0,41.087459,26585302.0,714.3464349,IT=5.9;5.9 ,ii
18027,Ref 1,9.816,74104,243363490.0,41.107595,43018708.0,714.3462885,IT=4.9;4.9 ,ii
18038,Ref 1,8.580,69740,287112100.0,41.127807,55986304.0,714.3460524,IT=4.3;4.3 ,ii
18049,Ref 1,8.594,72096,308698300.0,41.148003,60249584.0,714.3459814,IT=4.3;4.3 ,ii
18060,Ref 1,7.784,67140,315401630.0,41.168234,55589464.0,714.3458652,IT=3.9;3.9 ,ii
18071,Ref 1,8.084,64944,270887650.0,41.188465,39714912.0,714.3459452,IT=4;4 ,ii
18082,Ref 1,11.761,76452,226566640.0,41.210706,28073754.0,714.3462194,IT=5.9;5.9 ,ii
18093,Ref 1,13.041,84448,205748350.0,41.230967,21685540.0,714.3464999,IT=6.5;6.5 ,ii
18104,Ref 1,15.885,88004,163893980.0,41.251281,16256393.0,714.346489,IT=7.9;7.9 ,ii
18115,Ref 1,17.400,93540,160575520.0,41.271529,12138252.0,714.3467934,IT=8.7;8.7 ,ii
18126,Ref 1,17.773,91300,149732770.0,41.29191,9949205.0,714.3468412,IT=8.9;8.9 ,ii
18137,Ref 1,16.552,87172,154718110.0,41.312352,8026833.5,714.346805,IT=8.3;8.3 ,ii
18148,Ref 1,16.203,92192,166133340.0,41.332714,6616693.0,714.3468179,IT=8.1;8.1 ,ii
18150,Ref 1,14.260,89828,175309040.0,41.336487,6760667.0,714.3466882,IT=7.1;7.1 ,ii
18161,Ref 1,16.500,90964,159724700.0,41.357806,5216975.0,714.3468719,IT=8.2;8.2 ,ii
18172,Ref 1,16.621,89912,165195310.0,41.378139,5239900.0,627.3835015,IT=8.3;8.3 ,ii
18183,Ref 1,15.789,95516,167269440.0,41.398457,4204598.5,627.3833934,IT=7.9;7.9 ,ii
18194,Ref 1,15.970,93580,178194660.0,41.41837,3687026.2,714.3467163,IT=8;8 ,ii
18203,Ref 1,14.453,91420,195380510.0,41.435101,3672432.5,729.3681877,IT=7.2;7.2 ,ii
18214,Ref 1,15.698,87564,195445200.0,41.454132,5661456.0,818.950007,IT=7.8;7.8 ,ii
18225,Ref 1,14.217,86236,219550990.0,41.474153,10402962.0,818.9499797,IT=7.1;7.1 ,ii
18236,Ref 1,11.888,76780,218114450.0,41.494417,15359014.0,818.9498106,IT=5.9;5.9 ,ii
18247,Ref 1,12.257,82596,225472780.0,41.514029,18112068.0,818.9498843,IT=6.1;6.1 ,ii
18258,Ref 1,10.920,76944,230184690.0,41.535334,16979346.0,818.9500876,IT=5.5;5.5 ,ii
18269,Ref 1,9.751,73580,234279970.0,41.555615,13677290.0,818.9497615,IT=4.9;4.9 ,ii
18280,Ref 1,9.378,71508,250819340.0,41.57529,11085208.0,830.4517529,IT=4.7;4.7 ,ii
18291,Ref 1,9.580,69004,251583440.0,41.595521,14886564.0,830.4517271,IT=4.8;4.8 ,ii
18302,Ref 1,10.028,67356,228044590.0,41.615727,15292597.0,830.4519161,IT=5;5 ,ii
18312,Ref 1,9.319,67104,246467600.0,41.634187,14556617.0,830.4518406,IT=4.7;4.7 ,ii
18320,Ref 1,8.977,68324,231334260.0,41.648883,13493611.0,528.2743834,IT=4.5;4.5 ,ii
18330,Ref 1,9.990,66604,202416820.0,41.667274,16283260.0,528.2745284,IT=5;5 ,ii
18336,Ref 1,11.837,73988,201908750.0,41.678414,17932350.0,528.2744701,IT=5.9;5.9 ,ii
18345,Ref 1,13.067,78132,190593220.0,41.695828,17171486.0,528.2745501,IT=6.5;6.5 ,ii
18354,Ref 1,15.788,81892,160682930.0,41.71247,12538248.0,528.2747621,IT=7.9;7.9 ,ii
18362,Ref 1,16.102,85276,145461980.0,41.727243,8979902.0,528.2746459,IT=8.1;8.1 ,ii
18367,Ref 1,18.556,83044,135544240.0,41.736611,6774935.5,528.2746706,IT=9.3;9.3 ,ii
18372,Ref 1,18.670,88668,129595770.0,41.746024,5522923.0,799.8776095,IT=9.3;9.3 ,ii
18378,Ref 1,18.733,88652,128051590.0,41.757186,4747528.0,799.8774017,IT=9.4;9.4 ,ii
18379,Ref 1,20.716,89288,126700140.0,41.761293,4396367.5,799.8775547,IT=10;10 ,ii
18382,Ref 1,19.284,89124,130691580.0,41.76702,4526293.5,699.3991878,IT=9.6;9.6 ,ii
18388,Ref 1,19.527,92532,132832880.0,41.778263,5735405.5,699.3993021,IT=9.8;9.8 ,ii
18391,Ref 1,18.220,84976,121363810.0,41.784305,6045460.0,699.3989994,IT=9.1;9.1 ,ii
18392,Ref 1,16.888,85004,129110760.0,41.788344,6714464.0,699.399235,IT=8.4;8.4 ,ii
18395,Ref 1,19.137,82840,111572860.0,41.794026,6331347.0,699.3992597,IT=9.6;9.6 ,ii
18397,Ref 1,19.922,89704,125996550.0,41.798334,7290822.0,699.3991514,IT=10;10 ,ii
18398,Ref 1,18.570,88436,126008960.0,41.802215,7668370.0,699.3991818,IT=9.3;9.3 ,ii
18403,Ref 1,18.958,84216,124529230.0,41.811571,8034194.5,699.3992715,IT=9.5;9.5 ,ii
18410,Ref 1,21.115,90024,123125050.0,41.824671,7835845.5,699.399466,IT=11;11 ,ii
18415,Ref 1,21.629,94412,128581860.0,41.834044,7467755.0,699.3993341,IT=11;11 ,ii
18425,Ref 1,17.517,90488,126989220.0,41.852525,5531269.0,699.399112,IT=8.8;8.8 ,ii
18436,Ref 1,19.547,91912,122824320.0,41.873942,3329063.8,699.3992599,IT=9.8;9.8 ,ii
18444,Ref 1,17.985,87232,124436560.0,41.888808,3450647.2,675.3578219,IT=9;9 ,ii
18452,Ref 1,17.635,91308,139261060.0,41.903675,4549754.5,675.3576491,IT=8.8;8.8 ,ii
18459,Ref 1,18.296,94660,148609760.0,41.916698,5387665.0,675.3578958,IT=9.1;9.1 ,ii
18465,Ref 1,18.051,87056,138976590.0,41.92795,5164907.5,675.3575951,IT=9;9 ,ii
18471,Ref 1,18.212,88252,138985420.0,41.941133,4626593.5,675.3580512,IT=9.1;9.1 ,ii
18474,Ref 1,17.882,85920,134217780.0,41.946827,4110948.8,675.3578514,IT=8.9;8.9 ,ii
18480,Ref 1,19.777,97304,137020000.0,41.958043,3476962.8,675.3578536,IT=9.9;9.9 ,ii
18486,Ref 1,17.719,89120,131816380.0,41.969222,3250457.0,681.3551795,IT=8.9;8.9 ,ii
18489,Ref 1,17.110,86000,131899820.0,41.974881,3613349.2,681.3550894,IT=8.6;8.6 ,ii
18494,Ref 1,20.762,92732,124541900.0,41.984303,3530462.5,681.3551624,IT=10;10 ,ii
18500,Ref 1,22.037,96344,124841200.0,41.995553,3673691.0,681.3545911,IT=11;11 ,ii
18506,Ref 1,18.962,90916,120623970.0,42.00678,3354591.5,681.3542785,IT=9.5;9.5 ,ii
18514,Ref 1,19.581,90324,123927810.0,42.023655,3621387.2,681.3540099,IT=9.8;9.8 ,ii
18520,Ref 1,19.097,90840,116167140.0,42.03483,3211773.8,681.3534854,IT=9.5;9.5 ,ii
18525,Ref 1,20.873,94644,117589920.0,42.044282,2992629.5,681.3531766,IT=10;10 ,ii
18529,Ref 1,20.341,98012,116170180.0,42.052195,2625185.8,391.2843546,IT=10;10 ,ii
18530,Ref 1,24.604,99540,108694910.0,42.056345,2414903.8,391.2844964,IT=12;12 ,ii
18535,Ref 1,24.337,102676,108517010.0,42.065822,2479442.5,391.2845419,IT=12;12 ,ii
18542,Ref 1,22.005,100124,109730710.0,42.078895,3051619.0,501.7776139,IT=11;11 ,ii
18547,Ref 1,23.948,103816,110378740.0,42.088363,3425546.8,501.7775448,IT=12;12 ,ii
18552,Ref 1,22.137,101516,114510870.0,42.099836,3943391.5,501.7777414,IT=11;11 ,ii
18560,Ref 1,19.428,92884,115969560.0,42.114711,3553110.2,501.7776822,IT=9.7;9.7 ,ii
18571,Ref 1,20.123,99164,137553870.0,42.134673,3328321.5,501.7775271,IT=10;10 ,ii
18573,Ref 1,16.749,94796,145093410.0,42.138486,3097431.0,501.7773872,IT=8.4;8.4 ,ii
18584,Ref 1,16.205,95544,175739520.0,42.158873,5665594.5,648.8805747,IT=8.1;8.1 ,ii
18595,Ref 1,13.575,85532,170001220.0,42.1791,7599524.0,648.8803284,IT=6.8;6.8 ,ii
18605,Ref 1,15.535,90736,171287020.0,42.199529,8441924.0,648.8807229,IT=7.8;7.8 ,ii
18608,Ref 1,14.663,86968,167590080.0,42.205135,8147782.0,648.8808653,IT=7.3;7.3 ,ii
18619,Ref 1,15.608,85824,141966180.0,42.225469,5768812.5,648.8808243,IT=7.8;7.8 ,ii
18622,Ref 1,16.410,89640,146514110.0,42.231104,5379669.5,648.8807305,IT=8.2;8.2 ,ii
18633,Ref 1,18.164,93928,134549660.0,42.251468,3091592.8,658.3041674,IT=9.1;9.1 ,ii
18644,Ref 1,17.190,94884,132339900.0,42.271875,3220729.2,870.9796881,IT=8.6;8.6 ,ii
18655,Ref 1,19.627,96612,131080550.0,42.292349,3755331.8,870.9798138,IT=9.8;9.8 ,ii
18666,Ref 1,18.749,93752,122704980.0,42.312437,3246660.2,870.9799309,IT=9.4;9.4 ,ii
18668,Ref 1,20.674,101496,128564020.0,42.316343,3446219.5,521.7589276,IT=10;10 ,ii
18679,Ref 1,18.402,90844,115939790.0,42.336757,3801151.0,521.7586886,IT=9.2;9.2 ,ii
18690,Ref 1,18.155,90476,117552970.0,42.359097,4153312.0,609.8246343,IT=9.1;9.1 ,ii
18701,Ref 1,17.370,90372,121411440.0,42.379418,4187657.0,609.8246465,IT=8.7;8.7 ,ii
18712,Ref 1,15.375,86264,130650580.0,42.399759,3287026.0,609.824294,IT=7.7;7.7 ,ii
18714,Ref 1,18.679,95948,135262290.0,42.403615,3048937.5,609.8244745,IT=9.3;9.3 ,ii
18725,Ref 1,17.131,91124,144398780.0,42.423951,2892856.2,877.8983251,IT=8.6;8.6 ,ii
18736,Ref 1,12.849,80252,160782350.0,42.446207,4617093.0,635.3280752,IT=6.4;6.4 ,ii
18747,Ref 1,12.152,78584,192102350.0,42.466473,8161089.5,635.3279169,IT=6.1;6.1 ,ii
18758,Ref 1,8.881,67096,207034450.0,42.486711,9696792.0,635.3280246,IT=4.4;4.4 ,ii
18769,Ref 1,9.192,68168,237563730.0,42.506927,13319781.0,600.3413486,IT=4.6;4.6 ,ii
18780,Ref 1,9.572,70320,227576370.0,42.527117,14706388.0,600.3410499,IT=4.8;4.8 ,ii
18791,Ref 1,11.997,76104,182570320.0,42.547452,9644855.0,600.3413385,IT=6;6 ,ii
18802,Ref 1,14.593,83312,161781090.0,42.567887,5702827.5,600.34133,IT=7.3;7.3 ,ii
18813,Ref 1,14.080,82292,148882540.0,42.588158,7770995.5,628.8464515,IT=7;7 ,ii
18819,Ref 1,14.080,82396,159733200.0,42.601254,9608716.0,628.846476,IT=7;7 ,ii
18827,Ref 1,16.836,88540,150573970.0,42.616099,9427419.0,628.8465181,IT=8.4;8.4 ,ii
18838,Ref 1,18.475,90704,137819860.0,42.636518,7424419.0,628.8467928,IT=9.2;9.2 ,ii
18849,Ref 1,18.532,91384,129549300.0,42.656826,5002940.0,628.8468422,IT=9.3;9.3 ,ii
18860,Ref 1,20.330,96404,112322660.0,42.677259,2641528.2,628.8467428,IT=10;10 ,ii
18862,Ref 1,20.232,96992,115597440.0,42.681143,2577883.5,391.2844822,IT=10;10 ,ii
18873,Ref 1,23.511,104920,109091830.0,42.701574,2613437.2,391.2844941,IT=12;12 ,ii
18875,Ref 1,21.131,100212,109806950.0,42.705461,2448413.5,391.2844766,IT=11;11 ,ii
18883,Ref 1,24.886,101888,101915640.0,42.720455,2572495.8,391.2845748,IT=12;12 ,ii
18886,Ref 1,25.046,100332,102064900.0,42.726234,2360250.5,391.2845278,IT=13;13 ,ii
18896,Ref 1,23.629,97376,100241280.0,42.744867,2314864.8,391.2845065,IT=12;12 ,ii
18907,Ref 1,24.747,101840,102725060.0,42.765448,2496775.5,391.2843714,IT=12;12 ,ii
18916,Ref 1,27.370,101612,99160072.0,42.783327,2497700.2,391.2846441,IT=14;14 ,ii
18921,Ref 1,26.846,101916,96440560.0,42.7928,2289149.8,391.2844969,IT=13;13 ,ii
18924,Ref 1,29.798,105708,99163000.0,42.798694,2521190.0,608.844089,IT=15;15 ,ii
18925,Ref 1,25.090,96040,94631392.0,42.80274,2554499.0,608.8440526,IT=13;13 ,ii
18930,Ref 1,24.246,98712,101327580.0,42.812223,2939097.0,608.8439954,IT=12;12 ,ii
18936,Ref 1,25.525,97848,103199640.0,42.823564,3605635.2,895.9509315,IT=13;13 ,ii
18937,Ref 1,23.200,95808,103976100.0,42.827625,4224790.0,895.9511315,IT=12;12 ,ii
18943,Ref 1,24.612,96880,111978700.0,42.838975,6081983.5,895.9507701,IT=12;12 ,ii
18949,Ref 1,20.675,90324,122889090.0,42.852106,8666134.0,895.9509958,IT=10;10 ,ii
18958,Ref 1,19.594,89000,140740560.0,42.868856,13518535.0,895.9511651,IT=9.8;9.8 ,ii
18964,Ref 1,16.036,81296,151834030.0,42.88002,16882630.0,895.9504639,IT=8;8 ,ii
18965,Ref 1,16.744,83452,159297540.0,42.883914,18131676.0,895.9506764,IT=8.4;8.4 ,ii
18976,Ref 1,14.465,77764,172867940.0,42.904254,23389420.0,895.9506839,IT=7.2;7.2 ,ii
18987,Ref 1,12.066,70756,194540860.0,42.924578,26556472.0,895.9501612,IT=6;6 ,ii
18989,Ref 1,14.121,71248,180245360.0,42.930351,27171076.0,895.9505571,IT=7.1;7.1 ,ii
18994,Ref 1,12.453,67720,182312020.0,42.939601,26676356.0,895.9506958,IT=6.2;6.2 ,ii
18999,Ref 1,12.211,69384,186849250.0,42.948853,25407978.0,895.9504396,IT=6.1;6.1 ,ii
19002,Ref 1,12.475,68572,167378000.0,42.956622,23076538.0,895.9507859,IT=6.2;6.2 ,ii
19008,Ref 1,13.238,72656,174487220.0,42.96773,21819356.0,895.9507442,IT=6.6;6.6 ,ii
19013,Ref 1,14.027,69520,155319230.0,42.977028,17912534.0,895.9504829,IT=7;7 ,ii
19014,Ref 1,16.810,82448,157447380.0,42.980943,16784988.0,895.9508258,IT=8.4;8.4 ,ii
19019,Ref 1,14.539,74480,142420780.0,42.990282,13763224.0,895.9506007,IT=7.3;7.3 ,ii
19024,Ref 1,14.240,73500,140051980.0,42.999576,11102837.0,895.9506271,IT=7.1;7.1 ,ii
19032,Ref 1,16.606,82736,135785200.0,43.014432,7348949.5,895.9503826,IT=8.3;8.3 ,ii
19037,Ref 1,15.778,80948,133711250.0,43.025769,6338646.5,454.2555824,IT=7.9;7.9 ,ii
19040,Ref 1,14.269,75028,131914850.0,43.031376,6749003.5,454.2555917,IT=7.1;7.1 ,ii
19048,Ref 1,16.665,83168,130289470.0,43.046246,6379335.0,454.2555817,IT=8.3;8.3 ,ii
19051,Ref 1,15.048,81020,135378130.0,43.051874,6789390.5,454.2556356,IT=7.5;7.5 ,ii
19054,Ref 1,16.495,77372,123483400.0,43.057513,6137584.5,454.255692,IT=8.2;8.2 ,ii
19061,Ref 1,16.682,83804,131949780.0,43.070532,6012267.0,454.2555699,IT=8.3;8.3 ,ii
19069,Ref 1,15.736,80072,139855440.0,43.085328,5268053.5,454.2556677,IT=7.9;7.9 ,ii
19072,Ref 1,15.416,81516,134598690.0,43.090959,4193719.5,454.2555742,IT=7.7;7.7 ,ii
19081,Ref 1,16.804,84756,137332820.0,43.107709,4363153.5,424.2680721,IT=8.4;8.4 ,ii
19091,Ref 1,14.745,80680,149530140.0,43.126183,4853302.0,640.6968332,IT=7.4;7.4 ,ii
19102,Ref 1,13.118,80424,157279250.0,43.146456,5542405.0,640.6965965,IT=6.6;6.6 ,ii
19113,Ref 1,13.191,78804,165457140.0,43.166804,5419890.5,640.6967597,IT=6.6;6.6 ,ii
19115,Ref 1,14.482,80764,157694820.0,43.170591,5400920.0,640.6966306,IT=7.2;7.2 ,ii
19126,Ref 1,12.786,79812,177999900.0,43.192825,7207736.5,658.9010271,IT=6.4;6.4 ,ii
19129,Ref 1,11.073,74384,191099250.0,43.198395,8393009.0,658.9007998,IT=5.5;5.5 ,ii
19140,Ref 1,10.961,72744,192246020.0,43.218685,8105603.0,658.9008299,IT=5.5;5.5 ,ii
19150,Ref 1,12.406,77324,182727120.0,43.237068,6737302.0,634.8832376,IT=6.2;6.2 ,ii
19161,Ref 1,12.006,73308,171212420.0,43.257374,5811778.5,467.2741077,IT=6;6 ,ii
19164,Ref 1,13.262,76664,177362340.0,43.262985,7088373.0,467.274166,IT=6.6;6.6 ,ii
19175,Ref 1,13.449,74936,157730830.0,43.283339,5927101.5,467.2740967,IT=6.7;6.7 ,ii
19178,Ref 1,14.947,77876,152900060.0,43.288953,5558455.5,467.2741248,IT=7.5;7.5 ,ii
19181,Ref 1,14.978,82032,155754560.0,43.294568,6582931.0,890.4424996,IT=7.5;7.5 ,ii
19192,Ref 1,15.837,84996,144676980.0,43.314863,8907801.0,890.4426101,IT=7.9;7.9 ,ii
19198,Ref 1,18.507,84124,128181050.0,43.326011,9171706.0,890.4426285,IT=9.3;9.3 ,ii
19203,Ref 1,19.307,89836,127839500.0,43.335392,8905018.0,890.4427959,IT=9.7;9.7 ,ii
19209,Ref 1,18.017,86396,132266010.0,43.346657,8395828.0,890.4425395,IT=9;9 ,ii
19218,Ref 1,19.634,91256,129618020.0,43.364411,6111202.5,890.4426216,IT=9.8;9.8 ,ii
19229,Ref 1,17.380,87044,143908780.0,43.384732,3711642.2,890.442638,IT=8.7;8.7 ,ii
19238,Ref 1,16.519,81536,151479140.0,43.401419,5163563.5,981.4681007,IT=8.3;8.3 ,ii
19241,Ref 1,15.051,77620,144988290.0,43.407034,6128385.0,981.4680876,IT=7.5;7.5 ,ii
19251,Ref 1,16.293,87460,172663550.0,43.425542,7965151.0,981.4677897,IT=8.1;8.1 ,ii
19262,Ref 1,15.532,80204,165070130.0,43.444965,8547953.0,980.9669764,IT=7.8;7.8 ,ii
19272,Ref 1,15.937,75016,143937090.0,43.463448,6999555.0,980.9670498,IT=8;8 ,ii
19279,Ref 1,15.654,76696,145399540.0,43.47645,5333591.5,981.4682094,IT=7.8;7.8 ,ii
19286,Ref 1,14.987,76460,128217420.0,43.489466,4281493.0,466.2846045,IT=7.5;7.5 ,ii
19292,Ref 1,17.881,83664,124898470.0,43.500727,4985924.5,466.2845067,IT=8.9;8.9 ,ii
19293,Ref 1,17.089,84648,130052220.0,43.504777,5589038.0,466.2844765,IT=8.5;8.5 ,ii
19303,Ref 1,16.548,81780,130909260.0,43.524333,6367391.5,466.2846118,IT=8.3;8.3 ,ii
19313,Ref 1,16.109,81828,141327460.0,43.542839,6856618.0,466.2847004,IT=8.1;8.1 ,ii
19319,Ref 1,15.227,76860,136833650.0,43.55402,6267104.0,466.2846286,IT=7.6;7.6 ,ii
19328,Ref 1,15.100,80768,147993420.0,43.570708,9564050.0,713.3677836,IT=7.6;7.6 ,ii
19336,Ref 1,13.469,76200,160786300.0,43.585512,13873113.0,713.3674233,IT=6.7;6.7 ,ii
19339,Ref 1,12.807,74516,164389040.0,43.591111,15857256.0,713.3674162,IT=6.4;6.4 ,ii
19348,Ref 1,11.033,65548,179577980.0,43.607659,20261774.0,713.3672786,IT=5.5;5.5 ,ii
19359,Ref 1,10.455,67496,204838880.0,43.62794,24822416.0,713.3673305,IT=5.2;5.2 ,ii
19369,Ref 1,11.112,67288,199522260.0,43.646359,24708524.0,713.3673934,IT=5.6;5.6 ,ii
19375,Ref 1,11.468,74132,193372420.0,43.657465,22361980.0,713.3669931,IT=5.7;5.7 ,ii
19378,Ref 1,11.792,69732,166943470.0,43.66519,18973250.0,713.367473,IT=5.9;5.9 ,ii
19384,Ref 1,13.453,77116,161240770.0,43.67633,15973706.0,713.3672463,IT=6.7;6.7 ,ii
19385,Ref 1,15.044,79872,153309340.0,43.680384,14555089.0,713.3674315,IT=7.5;7.5 ,ii
19392,Ref 1,15.862,81840,131154190.0,43.693344,9974535.0,713.3676132,IT=7.9;7.9 ,ii
19398,Ref 1,17.806,85040,127845620.0,43.70453,7801328.5,713.3676145,IT=8.9;8.9 ,ii
19399,Ref 1,18.460,84972,125280420.0,43.708598,6809523.5,713.3677958,IT=9.2;9.2 ,ii
19402,Ref 1,19.188,85196,118375950.0,43.714294,6659036.0,727.42322,IT=9.6;9.6 ,ii
19405,Ref 1,19.372,92012,122492780.0,43.720002,6664811.5,727.423289,IT=9.7;9.7 ,ii
19409,Ref 1,17.292,88584,122248640.0,43.727496,7020503.0,727.4232165,IT=8.6;8.6 ,ii
19417,Ref 1,19.248,88564,100571540.0,43.742077,5590072.5,727.4232929,IT=9.6;9.6 ,ii
19426,Ref 1,23.606,99056,102198120.0,43.758892,4207873.5,727.4235326,IT=12;12 ,ii
19437,Ref 1,21.066,87724,100011860.0,43.779314,2599265.8,391.2843295,IT=11;11 ,ii
19440,Ref 1,23.512,93696,102986540.0,43.785133,2810471.5,610.3386261,IT=12;12 ,ii
19450,Ref 1,19.457,84400,106134610.0,43.803683,4444333.5,610.3385553,IT=9.7;9.7 ,ii
19460,Ref 1,19.655,88924,120082690.0,43.822302,5604083.5,610.3386176,IT=9.8;9.8 ,ii
19468,Ref 1,18.970,84076,129000020.0,43.837214,7647260.5,543.3036801,IT=9.5;9.5 ,ii
19475,Ref 1,16.598,79428,135553570.0,43.851281,9622840.0,543.3037399,IT=8.3;8.3 ,ii
19485,Ref 1,15.524,79184,143161840.0,43.869708,10848104.0,543.3037612,IT=7.8;7.8 ,ii
19496,Ref 1,15.607,79252,152815570.0,43.889935,10949761.0,543.3035103,IT=7.8;7.8 ,ii
19507,Ref 1,14.531,78500,155932260.0,43.910224,7950455.5,543.3036598,IT=7.3;7.3 ,ii
19510,Ref 1,15.269,81772,155113040.0,43.915857,7617076.0,543.3036271,IT=7.6;7.6 ,ii
19521,Ref 1,16.444,85792,147367740.0,43.93619,4471449.0,636.3778283,IT=8.2;8.2 ,ii
19532,Ref 1,18.080,85976,131089930.0,43.956659,4736812.0,811.9334502,IT=9;9 ,ii
19543,Ref 1,19.001,90032,129727590.0,43.977097,4831084.5,811.9334744,IT=9.5;9.5 ,ii
19545,Ref 1,19.941,85928,114392330.0,43.980978,4326718.0,811.9335251,IT=10;10 ,ii
19555,Ref 1,20.466,85468,111275350.0,43.999561,3354623.5,808.8982459,IT=10;10 ,ii
19563,Ref 1,21.710,91380,106932540.0,44.014492,3341065.0,808.8968252,IT=11;11 ,ii
19569,Ref 1,23.508,92024,97923928.0,44.026746,2870579.2,808.8950629,IT=12;12 ,ii
19570,Ref 1,28.409,94476,95604808.0,44.030748,2678643.8,808.8946564,IT=14;14 ,ii
19576,Ref 1,23.966,94296,95460096.0,44.042054,2451547.0,391.2843607,IT=12;12 ,ii
19584,Ref 1,24.927,92312,92333616.0,44.057029,3492546.2,808.4232842,IT=12;12 ,ii
19591,Ref 1,24.690,92472,94033856.0,44.069323,4566263.0,808.4231809,IT=12;12 ,ii
19597,Ref 1,22.067,86788,98280936.0,44.080573,5707031.0,808.4230335,IT=11;11 ,ii
19598,Ref 1,23.285,87400,96529896.0,44.084506,5644775.5,808.4233327,IT=12;12 ,ii
19602,Ref 1,19.805,81032,104220780.0,44.092054,6085399.5,808.4228583,IT=9.9;9.9 ,ii
19607,Ref 1,22.291,88460,104606010.0,44.103423,6012873.0,808.422984,IT=11;11 ,ii
19610,Ref 1,20.726,87068,105417020.0,44.109129,6138367.5,637.8675093,IT=10;10 ,ii
19613,Ref 1,20.807,87608,110902780.0,44.114852,7494554.5,637.8676626,IT=10;10 ,ii
19616,Ref 1,21.024,82156,111841740.0,44.120608,8853895.0,637.8674388,IT=11;11 ,ii
19621,Ref 1,19.141,81944,113643400.0,44.130008,10628118.0,637.8675017,IT=9.6;9.6 ,ii
19626,Ref 1,19.586,82084,111797500.0,44.13941,11945314.0,637.8674727,IT=9.8;9.8 ,ii
19630,Ref 1,19.137,79864,117422430.0,44.146935,14031601.0,637.867374,IT=9.6;9.6 ,ii
19631,Ref 1,20.672,82124,112555380.0,44.151024,13646204.0,637.8676022,IT=10;10 ,ii
19636,Ref 1,18.114,78556,112575970.0,44.160385,14643842.0,637.8675696,IT=9.1;9.1 ,ii
19641,Ref 1,18.347,79376,110761100.0,44.169731,14417536.0,637.8674323,IT=9.2;9.2 ,ii
19642,Ref 1,22.289,81992,109184420.0,44.173943,13969320.0,637.8676552,IT=11;11 ,ii
19646,Ref 1,23.493,86040,110847690.0,44.18151,13908367.0,637.8674763,IT=12;12 ,ii
19650,Ref 1,21.629,83944,108009820.0,44.189458,12548226.0,637.8674927,IT=11;11 ,ii
19654,Ref 1,20.213,77140,96251168.0,44.197016,10621317.0,637.8670063,IT=10;10 ,ii
19655,Ref 1,18.197,78008,107011140.0,44.201057,11113388.0,637.8673868,IT=9.1;9.1 ,ii
19660,Ref 1,23.094,87080,107266020.0,44.210499,9883911.0,637.8674155,IT=12;12 ,ii
19661,Ref 1,18.802,83380,109607740.0,44.214514,9201821.0,637.8672883,IT=9.4;9.4 ,ii
19666,Ref 1,21.543,84752,103413460.0,44.223932,7536139.0,637.8675534,IT=11;11 ,ii
19672,Ref 1,20.452,84292,105440160.0,44.235168,5912188.0,637.8673469,IT=10;10 ,ii
19673,Ref 1,23.784,87616,103450180.0,44.23913,5175278.5,637.8674236,IT=12;12 ,ii
19681,Ref 1,21.578,88212,115359900.0,44.254072,4170507.5,585.361287,IT=11;11 ,ii
19692,Ref 1,19.611,77744,120772070.0,44.276509,6639218.5,421.2551075,IT=9.8;9.8 ,ii
19694,Ref 1,17.356,79980,124467860.0,44.280332,7061920.5,421.2550425,IT=8.7;8.7 ,ii
19705,Ref 1,18.528,79660,140134830.0,44.300713,11404578.0,421.2551259,IT=9.3;9.3 ,ii
19707,Ref 1,17.832,77064,139082660.0,44.30459,12018059.0,421.2551181,IT=8.9;8.9 ,ii
19714,Ref 1,17.457,73236,129759030.0,44.317652,10005689.0,421.2550554,IT=8.7;8.7 ,ii
19721,Ref 1,17.928,77344,139171300.0,44.330736,12644611.0,421.2549852,IT=9;9 ,ii
19726,Ref 1,17.407,76184,122967310.0,44.340084,8844279.0,421.2549726,IT=8.7;8.7 ,ii
19729,Ref 1,16.938,75296,120650710.0,44.34609,9681584.0,421.2549675,IT=8.5;8.5 ,ii
19730,Ref 1,21.502,83112,119878860.0,44.350221,8683113.0,421.2552017,IT=11;11 ,ii
19735,Ref 1,20.583,84784,112679170.0,44.35964,8017276.0,421.2550181,IT=10;10 ,ii
19736,Ref 1,22.771,84160,111826510.0,44.363748,7552240.5,421.2552873,IT=11;11 ,ii
19742,Ref 1,23.970,86468,97560984.0,44.37504,5093977.0,421.255065,IT=12;12 ,ii
19746,Ref 1,25.420,93056,97028648.0,44.382679,4427429.5,421.2550238,IT=13;13 ,ii
19747,Ref 1,26.133,94772,93923760.0,44.386792,3897126.2,421.255163,IT=13;13 ,ii
19751,Ref 1,24.714,90492,87225576.0,44.394406,2912085.0,421.255014,IT=12;12 ,ii
19752,Ref 1,27.218,92652,83751472.0,44.398544,2591808.5,421.2551933,IT=14;14 ,ii
19755,Ref 1,31.823,98892,78303888.0,44.404437,2289907.5,391.2843011,IT=16;16 ,ii
19756,Ref 1,31.590,95552,76878344.0,44.40856,2305441.0,391.2844151,IT=16;16 ,ii
19761,Ref 1,34.405,98828,76269360.0,44.418248,2150547.5,391.2844562,IT=17;17 ,ii
19762,Ref 1,33.585,96056,72732376.0,44.422381,2217722.8,391.2843313,IT=17;17 ,ii
19768,Ref 1,30.991,92692,76920216.0,44.435773,2219036.0,391.2843814,IT=15;15 ,ii
19772,Ref 1,29.357,95888,78068992.0,44.443818,2270042.2,391.284296,IT=15;15 ,ii
19773,Ref 1,36.137,103188,75688208.0,44.447881,1920950.6,391.2843497,IT=18;18 ,ii
19774,Ref 1,29.970,96276,79699696.0,44.451933,2398795.8,391.2843549,IT=15;15 ,ii
19779,Ref 1,26.775,91148,82256168.0,44.461447,2371957.2,391.2842964,IT=13;13 ,ii
19780,Ref 1,29.693,91460,84601920.0,44.465602,2668051.2,391.2844656,IT=15;15 ,ii
19784,Ref 1,27.249,92088,80711416.0,44.473289,2373031.8,391.2842867,IT=14;14 ,ii
19785,Ref 1,28.168,91768,85341256.0,44.477418,2622975.0,391.2841918,IT=14;14 ,ii
19786,Ref 1,27.655,97500,87058656.0,44.481526,2696163.2,707.8998165,IT=14;14 ,ii
19793,Ref 1,25.911,88540,87283872.0,44.494735,3625270.5,707.8997583,IT=13;13 ,ii
19799,Ref 1,21.912,87552,92839328.0,44.506003,4364133.0,707.8995708,IT=11;11 ,ii
19804,Ref 1,19.060,79288,89910496.0,44.517339,4922174.0,707.8997131,IT=9.5;9.5 ,ii
19810,Ref 1,22.777,85884,88706840.0,44.528574,4684884.5,707.8997684,IT=11;11 ,ii
19816,Ref 1,22.626,83432,85725648.0,44.539824,4651001.0,707.8997267,IT=11;11 ,ii
19817,Ref 1,28.846,97728,89524256.0,44.543843,4658573.0,707.9000624,IT=14;14 ,ii
19822,Ref 1,23.649,86976,86894192.0,44.553309,4044757.8,707.8998176,IT=12;12 ,ii
19828,Ref 1,25.341,91180,86855768.0,44.564657,3418306.2,707.8997505,IT=13;13 ,ii
19835,Ref 1,24.558,89456,86874864.0,44.577751,3197068.0,440.7686885,IT=12;12 ,ii
19843,Ref 1,26.251,93468,83437832.0,44.592755,3220634.8,440.7684744,IT=13;13 ,ii
19850,Ref 1,25.022,92556,84222200.0,44.607921,3292140.8,440.7685514,IT=13;13 ,ii
19856,Ref 1,27.136,95708,88393616.0,44.619246,3324989.2,440.7685904,IT=14;14 ,ii
19861,Ref 1,25.278,90956,87755464.0,44.628732,2729493.8,440.7685167,IT=13;13 ,ii
19866,Ref 1,21.578,86780,83365816.0,44.638113,2391006.2,391.2842933,IT=11;11 ,ii
19869,Ref 1,25.454,93584,90402536.0,44.64393,2705621.0,391.2841792,IT=13;13 ,ii
19870,Ref 1,26.997,95476,86939344.0,44.648055,2445884.0,391.2843434,IT=13;13 ,ii
19874,Ref 1,26.032,95264,92720928.0,44.655715,2676780.2,391.2842707,IT=13;13 ,ii
19875,Ref 1,21.092,85996,88285200.0,44.659732,2431330.2,391.2843247,IT=11;11 ,ii
19879,Ref 1,25.342,94812,86277872.0,44.667359,2597504.8,391.2843102,IT=13;13 ,ii
19880,Ref 1,27.892,97164,83271648.0,44.67134,2433614.8,391.2842613,IT=14;14 ,ii
19881,Ref 1,30.017,98832,83122144.0,44.675486,2377906.8,391.2842541,IT=15;15 ,ii
19882,Ref 1,27.035,90996,80812944.0,44.679563,2603121.0,391.2843474,IT=14;14 ,ii
19884,Ref 1,30.928,99324,79577448.0,44.684021,2302592.0,391.2843851,IT=15;15 ,ii
19885,Ref 1,25.340,89884,78502816.0,44.68789,2299832.8,391.2842699,IT=13;13 ,ii
19889,Ref 1,26.882,90584,79928968.0,44.695877,2299124.5,391.2842002,IT=13;13 ,ii
19890,Ref 1,27.133,92432,82307608.0,44.69999,2506693.8,391.28427,IT=14;14 ,ii
19893,Ref 1,27.433,94160,80741832.0,44.705831,2492600.2,391.2842192,IT=14;14 ,ii
19894,Ref 1,25.647,91332,83055960.0,44.709921,2490946.2,391.2842154,IT=13;13 ,ii
19899,Ref 1,26.344,89400,83540096.0,44.719431,3291096.2,655.8556464,IT=13;13 ,ii
19900,Ref 1,23.178,86796,86895320.0,44.723483,4305678.5,655.8558277,IT=12;12 ,ii
19905,Ref 1,23.526,88276,92597648.0,44.732902,7221557.0,655.855964,IT=12;12 ,ii
19910,Ref 1,20.031,75480,102146570.0,44.742612,11678506.0,655.8557776,IT=10;10 ,ii
19911,Ref 1,16.833,71508,104553730.0,44.746468,13548115.0,655.855771,IT=8.4;8.4 ,ii
19919,Ref 1,14.135,66080,138785870.0,44.761335,25294242.0,655.855531,IT=7.1;7.1 ,ii
19927,Ref 1,10.202,60220,195996800.0,44.778114,44047264.0,655.8558014,IT=5.1;5.1 ,ii
19932,Ref 1,7.990,51328,196122770.0,44.787316,49618648.0,655.8554433,IT=4;4 ,ii
19938,Ref 1,7.379,49572,246336820.0,44.798362,67207240.0,655.8555538,IT=3.7;3.7 ,ii
19949,Ref 1,6.711,45832,258276740.0,44.818524,72309832.0,655.8554944,IT=3.4;3.4 ,ii
19952,Ref 1,6.695,46712,268883100.0,44.824024,76780528.0,655.8553829,IT=3.3;3.3 ,ii
19960,Ref 1,7.072,44540,228848190.0,44.838716,64590696.0,655.8553881,IT=3.5;3.5 ,ii
19968,Ref 1,8.126,49100,212994210.0,44.853389,56696000.0,655.8557236,IT=4.1;4.1 ,ii
19973,Ref 1,9.022,50544,181044700.0,44.862622,45577808.0,655.8557807,IT=4.5;4.5 ,ii
19979,Ref 1,9.987,58544,196050880.0,44.873659,44472968.0,655.8555857,IT=5;5 ,ii
19983,Ref 1,11.041,61152,176710400.0,44.883224,34529060.0,655.8558436,IT=5.5;5.5 ,ii
19991,Ref 1,12.773,63176,152939010.0,44.89799,24538120.0,655.8558278,IT=6.4;6.4 ,ii
19997,Ref 1,14.639,67424,150794770.0,44.90918,20218194.0,655.8556289,IT=7.3;7.3 ,ii
19998,Ref 1,14.975,72536,148529300.0,44.913234,20536516.0,655.8558502,IT=7.5;7.5 ,ii
20001,Ref 1,15.469,74708,140790860.0,44.918859,16869960.0,655.8558132,IT=7.7;7.7 ,ii
20006,Ref 1,17.324,79216,135226030.0,44.928217,14651594.0,655.8558366,IT=8.7;8.7 ,ii
20007,Ref 1,15.748,72956,125486080.0,44.932251,13266635.0,655.8558535,IT=7.9;7.9 ,ii
20012,Ref 1,17.358,74504,117516500.0,44.941528,10818107.0,655.8557909,IT=8.7;8.7 ,ii
20018,Ref 1,16.424,75856,117461440.0,44.9527,10061116.0,655.8558238,IT=8.2;8.2 ,ii
20029,Ref 1,17.486,83492,122152460.0,44.973065,8246183.0,655.8558002,IT=8.7;8.7 ,ii
20040,Ref 1,19.055,83916,118894340.0,44.993483,6589841.0,655.8557184,IT=9.5;9.5 ,ii
20042,Ref 1,17.013,77656,126805410.0,44.997315,6598009.5,655.85576,IT=8.5;8.5 ,ii
20046,Ref 1,16.796,76920,130553410.0,45.004821,6593501.0,655.8555975,IT=8.4;8.4 ,ii
20052,Ref 1,14.783,72352,132236390.0,45.015958,9403402.0,499.7471865,IT=7.4;7.4 ,ii
20060,Ref 1,14.363,74080,149307540.0,45.030804,16518557.0,499.7471264,IT=7.2;7.2 ,ii
20071,Ref 1,10.396,64248,186776740.0,45.051131,29951818.0,499.7471709,IT=5.2;5.2 ,ii
20082,Ref 1,9.601,62280,197641180.0,45.071373,36866252.0,499.7470935,IT=4.8;4.8 ,ii
20093,Ref 1,9.280,61884,182010900.0,45.091589,32166246.0,499.7469866,IT=4.6;4.6 ,ii
20095,Ref 1,10.763,61132,175080080.0,45.096341,29767056.0,499.747101,IT=5.4;5.4 ,ii
20102,Ref 1,11.807,64396,164678530.0,45.109295,26007082.0,499.7471693,IT=5.9;5.9 ,ii
20113,Ref 1,14.308,69728,126813540.0,45.129622,13811506.0,499.7472086,IT=7.2;7.2 ,ii
20121,Ref 1,17.656,83388,134279890.0,45.144512,10610738.0,499.7472468,IT=8.8;8.8 ,ii
20131,Ref 1,19.334,86652,119934010.0,45.163182,5991505.0,499.7473844,IT=9.7;9.7 ,ii
20140,Ref 1,21.298,88436,108197360.0,45.179965,4287537.0,430.7189425,IT=11;11 ,ii
20146,Ref 1,19.492,85340,109654380.0,45.193203,4172596.2,430.7189459,IT=9.7;9.7 ,ii
20152,Ref 1,20.577,88704,101829200.0,45.204774,3101140.8,430.7189499,IT=10;10 ,ii
20157,Ref 1,20.387,88452,107341620.0,45.214201,2808537.5,430.7190485,IT=10;10 ,ii
20161,Ref 1,21.049,89712,108369970.0,45.221782,2584248.2,391.2842489,IT=11;11 ,ii
20162,Ref 1,20.528,86248,106681340.0,45.225847,2721894.5,391.2843189,IT=10;10 ,ii
20168,Ref 1,20.007,86412,104400130.0,45.237067,2995769.0,848.9210223,IT=10;10 ,ii
20169,Ref 1,22.954,93636,110254760.0,45.241182,3486427.5,848.921169,IT=11;11 ,ii
20175,Ref 1,20.606,92648,110674430.0,45.252417,3745453.5,848.9210408,IT=10;10 ,ii
20181,Ref 1,18.011,86752,109192820.0,45.263638,3666976.2,848.9207122,IT=9;9 ,ii
20182,Ref 1,22.543,87404,105084910.0,45.267771,3295477.2,848.9210173,IT=11;11 ,ii
20188,Ref 1,20.874,90120,110957700.0,45.279052,3031643.0,848.9208614,IT=10;10 ,ii
20189,Ref 1,24.506,91096,103514440.0,45.283179,2880840.2,797.409553,IT=12;12 ,ii
20197,Ref 1,18.974,85128,105141710.0,45.298092,3525811.8,709.8683085,IT=9.5;9.5 ,ii
20202,Ref 1,17.959,77944,99512168.0,45.307442,4508799.0,709.8682785,IT=9;9 ,ii
20207,Ref 1,18.045,82984,111966370.0,45.316802,6262626.0,709.8683791,IT=9;9 ,ii
20213,Ref 1,19.037,82184,106619070.0,45.328019,7059364.0,709.8681636,IT=9.5;9.5 ,ii
20214,Ref 1,19.683,80964,97955664.0,45.331933,6576963.0,709.8683637,IT=9.8;9.8 ,ii
20219,Ref 1,20.524,77460,94734096.0,45.341352,6716243.0,709.8683377,IT=10;10 ,ii
20224,Ref 1,18.829,80032,101376670.0,45.352712,6565852.5,709.8683055,IT=9.4;9.4 ,ii
20233,Ref 1,21.992,81240,91872072.0,45.369493,4466490.5,709.868784,IT=11;11 ,ii
20239,Ref 1,23.720,84572,91233072.0,45.380829,3508903.5,709.8683949,IT=12;12 ,ii
20240,Ref 1,25.726,82448,91892496.0,45.38495,3326912.5,508.3010179,IT=13;13 ,ii
20241,Ref 1,24.717,84196,94362304.0,45.389029,3450194.8,508.3010761,IT=12;12 ,ii
20246,Ref 1,24.209,82268,89403944.0,45.398537,3473205.8,508.3009565,IT=12;12 ,ii
20247,Ref 1,25.160,86008,86997656.0,45.402481,3446174.8,508.301106,IT=13;13 ,ii
20253,Ref 1,25.772,87920,87958264.0,45.413795,3670046.5,508.3008858,IT=13;13 ,ii
20254,Ref 1,26.659,87952,89133584.0,45.417751,4030840.5,508.3010284,IT=13;13 ,ii
20258,Ref 1,25.912,92120,87963616.0,45.425374,3565131.8,508.3008576,IT=13;13 ,ii
20259,Ref 1,28.809,92608,88734248.0,45.42941,3571006.5,1004.952831,IT=14;14 ,ii
20264,Ref 1,29.963,91748,82874176.0,45.438968,3720170.5,1004.95267,IT=15;15 ,ii
20267,Ref 1,32.253,100096,81295840.0,45.444878,3607222.2,1004.952278,IT=16;16 ,ii
20268,Ref 1,26.865,87672,78932384.0,45.448918,3597478.8,1004.952466,IT=13;13 ,ii
20269,Ref 1,29.535,90856,82463712.0,45.453066,3497638.5,1004.952718,IT=15;15 ,ii
20272,Ref 1,32.994,96152,76843960.0,45.459016,3284327.8,1004.952867,IT=16;16 ,ii
20273,Ref 1,28.876,93112,79662040.0,45.463087,3288923.0,1004.953063,IT=14;14 ,ii
20276,Ref 1,28.116,87376,75253776.0,45.469201,3003805.5,1004.952623,IT=14;14 ,ii
20277,Ref 1,28.559,90088,76762576.0,45.473318,2709977.5,1004.952374,IT=14;14 ,ii
20283,Ref 1,28.052,90256,80242056.0,45.484691,2761041.0,697.3785858,IT=14;14 ,ii
20284,Ref 1,22.647,83384,81007192.0,45.48872,2944303.8,697.3785742,IT=11;11 ,ii
20287,Ref 1,25.192,86308,80931800.0,45.494515,3463805.5,697.3783855,IT=13;13 ,ii
20291,Ref 1,23.175,87488,92696880.0,45.502117,4020941.2,697.3784736,IT=12;12 ,ii
20296,Ref 1,21.842,83436,94094392.0,45.511824,4763303.0,697.378343,IT=11;11 ,ii
20303,Ref 1,17.483,74948,100664060.0,45.526788,5319078.0,697.3781719,IT=8.7;8.7 ,ii
20308,Ref 1,18.201,80956,108511210.0,45.536149,5674227.5,697.378183,IT=9.1;9.1 ,ii
20314,Ref 1,19.118,76096,99667600.0,45.547409,4866399.5,697.3780954,IT=9.6;9.6 ,ii
20315,Ref 1,16.641,73424,105287070.0,45.551265,4927287.5,697.3782584,IT=8.3;8.3 ,ii
20321,Ref 1,19.085,74736,94484688.0,45.562486,4083027.2,697.378093,IT=9.5;9.5 ,ii
20322,Ref 1,14.564,66500,92945752.0,45.566315,3680022.8,697.3781894,IT=7.3;7.3 ,ii
20329,Ref 1,19.155,78864,102238770.0,45.579342,3275585.5,697.3782615,IT=9.6;9.6 ,ii
20336,Ref 1,17.628,76584,100767120.0,45.592413,2548095.8,391.2842203,IT=8.8;8.8 ,ii
20343,Ref 1,16.857,75120,109795490.0,45.60744,5200064.0,659.8672047,IT=8.4;8.4 ,ii
20349,Ref 1,14.288,69036,116598230.0,45.618558,7915042.0,659.8670836,IT=7.1;7.1 ,ii
20355,Ref 1,14.274,67472,134611180.0,45.629658,12451677.0,659.8669428,IT=7.1;7.1 ,ii
20361,Ref 1,13.535,64656,138893340.0,45.640762,16189998.0,659.8668379,IT=6.8;6.8 ,ii
20362,Ref 1,12.863,64456,142659740.0,45.644785,17837370.0,659.8670094,IT=6.4;6.4 ,ii
20367,Ref 1,13.327,61412,147533170.0,45.6541,20009232.0,659.8669697,IT=6.7;6.7 ,ii
20368,Ref 1,11.643,57440,139024430.0,45.657937,19639146.0,659.8670276,IT=5.8;5.8 ,ii
20372,Ref 1,13.621,65732,148712720.0,45.665379,20920940.0,659.8670462,IT=6.8;6.8 ,ii
20373,Ref 1,13.190,65796,149130380.0,45.669239,21717586.0,659.8669451,IT=6.6;6.6 ,ii
20377,Ref 1,13.728,59212,127579780.0,45.676714,18727960.0,659.8669084,IT=6.9;6.9 ,ii
20378,Ref 1,15.412,66220,140126180.0,45.680775,20047474.0,659.8672609,IT=7.7;7.7 ,ii
20382,Ref 1,14.397,64564,128842800.0,45.688514,17746824.0,659.8671363,IT=7.2;7.2 ,ii
20388,Ref 1,16.530,70664,125437610.0,45.699704,14775296.0,659.8671389,IT=8.3;8.3 ,ii
20393,Ref 1,19.419,74268,109452110.0,45.709391,10801837.0,659.8673346,IT=9.7;9.7 ,ii
20398,Ref 1,19.177,74172,104963480.0,45.718774,8410185.0,659.867143,IT=9.6;9.6 ,ii
20403,Ref 1,21.401,79300,99764440.0,45.728185,6085195.0,659.8671483,IT=11;11 ,ii
20404,Ref 1,20.865,81464,100872350.0,45.732251,5253989.0,659.8673183,IT=10;10 ,ii
20410,Ref 1,20.701,79376,98942896.0,45.743474,4772451.0,884.973449,IT=10;10 ,ii
20411,Ref 1,24.656,87092,94778928.0,45.747614,4813471.0,884.9736694,IT=12;12 ,ii
20416,Ref 1,22.546,81948,92989224.0,45.757043,4516664.5,884.9735394,IT=11;11 ,ii
20417,Ref 1,26.314,85740,89147400.0,45.761187,4195430.5,884.9739605,IT=13;13 ,ii
20422,Ref 1,24.062,85688,88069032.0,45.770987,3814574.0,884.9734772,IT=12;12 ,ii
20423,Ref 1,28.043,91004,83166328.0,45.774976,3413324.2,884.9735076,IT=14;14 ,ii
20424,Ref 1,28.636,91192,82151200.0,45.779099,3237022.0,884.973506,IT=14;14 ,ii
20429,Ref 1,26.587,87796,78437160.0,45.788874,2852183.5,734.8436438,IT=13;13 ,ii
20430,Ref 1,31.745,95240,77700848.0,45.793068,2685644.0,734.8442526,IT=16;16 ,ii
20433,Ref 1,30.123,88796,68446048.0,45.798953,2308053.2,391.2843386,IT=15;15 ,ii
20434,Ref 1,36.454,96348,67838768.0,45.803011,2237610.0,391.2844974,IT=18;18 ,ii
20436,Ref 1,32.126,93644,70732184.0,45.807334,2410015.2,391.2843811,IT=16;16 ,ii
20437,Ref 1,33.434,94708,67061872.0,45.811488,2334677.8,391.2844954,IT=17;17 ,ii
20440,Ref 1,35.530,95380,63173248.0,45.817753,2314760.5,391.284476,IT=18;18 ,ii
20441,Ref 1,34.248,95112,62448152.0,45.821895,2258697.8,391.2845129,IT=17;17 ,ii
20445,Ref 1,39.280,101024,56996164.0,45.829724,2134878.0,391.2845131,IT=20;20 ,ii
20446,Ref 1,35.262,96932,59632188.0,45.833655,2337820.0,391.2844083,IT=18;18 ,ii
20447,Ref 1,36.928,98488,53803636.0,45.837836,2128038.5,391.2844263,IT=18;18 ,ii
20448,Ref 1,46.063,96812,44838548.0,45.842149,1347897.6,391.2845615,IT=23;23 ,ii
20449,Ref 1,45.778,102664,45075544.0,45.846319,1464800.4,391.2846004,IT=23;23 ,ii
20450,Ref 1,48.701,101292,42254548.0,45.850369,1162292.5,391.2846194,IT=24;24 ,ii
20452,Ref 1,44.375,98224,44458504.0,45.854888,1634368.2,391.2844639,IT=22;22 ,ii
20453,Ref 1,44.663,101784,44841120.0,45.859076,1573067.4,391.2845703,IT=22;22 ,ii
20454,Ref 1,46.986,97912,42394344.0,45.863296,1507897.1,391.2845306,IT=23;23 ,ii
20455,Ref 1,44.424,101376,44025228.0,45.867261,1744369.9,391.2846272,IT=22;22 ,ii
20459,Ref 1,50.000,98344,38517032.0,45.875305,1083114.6,391.2845513,IT=25;25 ,ii
20460,Ref 1,47.932,95132,39247880.0,45.879442,1226656.0,391.2847084,IT=24;24 ,ii
20464,Ref 1,50.000,97424,37563944.0,45.887509,1098863.2,391.2845677,IT=25;25 ,ii
20465,Ref 1,46.385,97696,42557228.0,45.891623,1509259.5,391.2845107,IT=23;23 ,ii
20470,Ref 1,46.422,95848,42120264.0,45.901692,1409394.2,391.2844452,IT=23;23 ,ii
20471,Ref 1,49.083,96844,40004584.0,45.905915,1092986.9,391.2845706,IT=25;25 ,ii
20474,Ref 1,50.000,94364,38785304.0,45.912146,971971.5,391.2844218,IT=25;25 ,ii
20476,Ref 1,38.492,92844,50072720.0,45.91679,2170159.2,391.2845027,IT=19;19 ,ii
20477,Ref 1,42.524,96968,49379888.0,45.921021,1900118.4,391.2844151,IT=21;21 ,ii
20480,Ref 1,48.435,95640,41928696.0,45.92825,1133413.6,391.2845123,IT=24;24 ,ii
20481,Ref 1,38.908,97192,55188540.0,45.932262,2239179.5,391.2844233,IT=19;19 ,ii
20482,Ref 1,43.422,100732,52084964.0,45.936331,1763360.5,391.2844617,IT=22;22 ,ii
20485,Ref 1,38.283,96904,55212188.0,45.94235,2293847.2,391.2843225,IT=19;19 ,ii
20486,Ref 1,35.461,94616,60252296.0,45.946288,2303216.0,391.2844061,IT=18;18 ,ii
20491,Ref 1,38.854,93192,57380128.0,45.956021,2062429.9,391.2845224,IT=19;19 ,ii
20496,Ref 1,35.366,98672,62146772.0,45.965648,2259541.5,391.284538,IT=18;18 ,ii
20502,Ref 1,39.054,95992,61774084.0,45.977169,2018178.9,391.2845038,IT=20;20 ,ii
20503,Ref 1,32.220,94036,68149992.0,45.981223,2467892.0,391.2845241,IT=16;16 ,ii
20510,Ref 1,31.321,96060,71722840.0,45.994437,2345458.8,391.2844243,IT=16;16 ,ii
20516,Ref 1,35.017,99524,70687608.0,46.00595,2329234.5,391.2843864,IT=18;18 ,ii
20520,Ref 1,25.925,86140,75895144.0,46.015608,2524601.5,391.2842734,IT=13;13 ,ii
20525,Ref 1,34.857,94296,70593128.0,46.025237,2150776.8,391.2841923,IT=17;17 ,ii
20526,Ref 1,31.955,90772,74878920.0,46.029335,2310101.2,391.2842868,IT=16;16 ,ii
20530,Ref 1,26.826,85832,79563456.0,46.036968,2370934.0,391.2841054,IT=13;13 ,ii
20531,Ref 1,26.540,88712,87353512.0,46.041072,3091134.0,803.0323811,IT=13;13 ,ii
20534,Ref 1,24.240,83216,87629112.0,46.046862,3473535.8,803.0321062,IT=12;12 ,ii
20540,Ref 1,25.456,80664,91561584.0,46.058206,4495106.0,413.2759161,IT=13;13 ,ii
20544,Ref 1,24.084,80172,94574272.0,46.066203,4716749.5,413.2758155,IT=12;12 ,ii
20545,Ref 1,23.345,79300,103088970.0,46.070283,6183981.5,413.2757791,IT=12;12 ,ii
20548,Ref 1,22.471,77784,96378568.0,46.076045,5479773.5,413.2758317,IT=11;11 ,ii
20553,Ref 1,22.003,77232,112545640.0,46.085451,8344134.0,413.2757182,IT=11;11 ,ii
20556,Ref 1,20.098,72924,112194660.0,46.091172,8069803.5,413.2756343,IT=10;10 ,ii
20557,Ref 1,19.177,69348,113144140.0,46.095224,8653765.0,413.2757428,IT=9.6;9.6 ,ii
20561,Ref 1,19.723,75352,108597620.0,46.102778,6818250.5,413.275654,IT=9.9;9.9 ,ii
20562,Ref 1,18.355,73428,117629950.0,46.106657,8207789.5,413.2757531,IT=9.2;9.2 ,ii
20564,Ref 1,18.539,70420,118487980.0,46.110736,8191961.5,413.2756274,IT=9.3;9.3 ,ii
20565,Ref 1,20.323,70476,109208280.0,46.114841,7415277.5,413.2758469,IT=10;10 ,ii
20567,Ref 1,19.121,74300,117210760.0,46.119099,7337794.5,413.275738,IT=9.6;9.6 ,ii
20568,Ref 1,18.556,72628,118951650.0,46.123151,7831073.0,413.2758027,IT=9.3;9.3 ,ii
20572,Ref 1,14.486,62668,113006180.0,46.130611,6754175.5,803.0323031,IT=7.2;7.2 ,ii
20577,Ref 1,19.048,70912,108579600.0,46.140005,6399185.5,803.0323359,IT=9.5;9.5 ,ii
20582,Ref 1,15.651,68456,115821300.0,46.149328,6375886.0,803.0323192,IT=7.8;7.8 ,ii
20586,Ref 1,16.659,70316,113474820.0,46.156824,6423338.5,803.0321324,IT=8.3;8.3 ,ii
20587,Ref 1,14.384,61572,98945768.0,46.160836,5361570.0,730.903906,IT=7.2;7.2 ,ii
20589,Ref 1,20.258,80052,106128460.0,46.16684,5687799.5,803.0320475,IT=10;10 ,ii
20590,Ref 1,19.587,78192,101545420.0,46.170736,5100495.5,730.9044095,IT=9.8;9.8 ,ii
20594,Ref 1,18.739,76380,100403220.0,46.178273,4774421.0,730.9040572,IT=9.4;9.4 ,ii
20595,Ref 1,19.609,73920,93863336.0,46.182348,4494740.0,730.9044583,IT=9.8;9.8 ,ii
20598,Ref 1,20.043,77484,94581384.0,46.188321,4346406.5,730.9042169,IT=10;10 ,ii
20599,Ref 1,22.418,81008,92613824.0,46.192432,3748937.2,730.9042521,IT=11;11 ,ii
20602,Ref 1,18.765,74908,93328824.0,46.198148,3428166.5,730.904204,IT=9.4;9.4 ,ii
20603,Ref 1,22.166,81516,91186136.0,46.202105,3379922.8,651.3487189,IT=11;11 ,ii
20609,Ref 1,23.255,85900,91548768.0,46.213379,4054761.8,651.3486886,IT=12;12 ,ii
20616,Ref 1,21.481,79524,84869648.0,46.226465,3800021.5,651.34859,IT=11;11 ,ii
20622,Ref 1,24.984,90892,81246896.0,46.237777,3154185.2,651.3483429,IT=12;12 ,ii
20623,Ref 1,27.916,90580,78887192.0,46.241921,2848185.0,651.3488674,IT=14;14 ,ii
20628,Ref 1,24.113,87380,76084480.0,46.251656,2443358.8,651.3483921,IT=12;12 ,ii
20629,Ref 1,32.892,94924,73654112.0,46.255738,2341970.0,391.2842262,IT=16;16 ,ii
20634,Ref 1,26.490,90416,74557848.0,46.267217,2544000.8,391.2842023,IT=13;13 ,ii
20635,Ref 1,26.466,87428,70656328.0,46.271146,2526386.8,391.2843108,IT=13;13 ,ii
20639,Ref 1,30.954,95380,68729736.0,46.278902,2201336.0,391.2842542,IT=15;15 ,ii
20640,Ref 1,29.950,93776,70346296.0,46.282839,2470451.8,391.2843625,IT=15;15 ,ii
20643,Ref 1,30.495,98360,68241912.0,46.289025,2233275.8,391.2843064,IT=15;15 ,ii
20644,Ref 1,32.857,97304,65471992.0,46.293016,2192536.5,391.2844297,IT=16;16 ,ii
20646,Ref 1,29.946,94644,65993356.0,46.297287,2498746.8,391.2842922,IT=15;15 ,ii
20647,Ref 1,38.407,102948,64614968.0,46.301564,2085628.8,391.2843573,IT=19;19 ,ii
20648,Ref 1,33.575,99048,64058368.0,46.305656,2223988.2,391.2843141,IT=17;17 ,ii
20651,Ref 1,29.723,98396,65624668.0,46.311804,2482801.2,391.2843167,IT=15;15 ,ii
20652,Ref 1,32.075,96448,63318772.0,46.315966,2241995.8,391.2844014,IT=16;16 ,ii
20657,Ref 1,36.103,102312,62506092.0,46.325645,2199873.8,391.2844873,IT=18;18 ,ii
20661,Ref 1,35.949,94876,60167348.0,46.333441,2332196.2,391.284394,IT=18;18 ,ii
20662,Ref 1,31.221,98228,64780356.0,46.337518,2374672.5,391.2843614,IT=16;16 ,ii
20667,Ref 1,32.914,97740,64700288.0,46.349158,2402265.2,391.2843843,IT=16;16 ,ii
20668,Ref 1,34.880,99904,66165128.0,46.353324,2376615.2,391.2845054,IT=17;17 ,ii
20672,Ref 1,24.574,88392,71179688.0,46.360924,2853728.0,718.3761011,IT=12;12 ,ii
20673,Ref 1,27.107,87680,69311848.0,46.365064,3186801.0,718.3764212,IT=14;14 ,ii
20678,Ref 1,26.795,85288,70544640.0,46.374547,3742416.5,718.3762787,IT=13;13 ,ii
20684,Ref 1,23.973,80436,74437016.0,46.38591,4563011.5,718.3761821,IT=12;12 ,ii
20685,Ref 1,24.237,82304,75434856.0,46.390003,4771168.5,718.3761491,IT=12;12 ,ii
20689,Ref 1,24.184,84988,84091952.0,46.397645,5171311.5,718.3760583,IT=12;12 ,ii
20690,Ref 1,23.077,83232,81043456.0,46.401718,5165099.0,718.3762543,IT=12;12 ,ii
20695,Ref 1,21.173,82008,87127672.0,46.411159,5458483.5,718.3759801,IT=11;11 ,ii
20696,Ref 1,22.548,81560,78428440.0,46.415099,4865492.5,718.3761283,IT=11;11 ,ii
20699,Ref 1,23.303,86720,85701776.0,46.420859,5037218.0,718.3759355,IT=12;12 ,ii
20704,Ref 1,22.619,82148,84678928.0,46.432268,4097036.0,718.3759782,IT=11;11 ,ii
20708,Ref 1,21.911,79592,88490104.0,46.439865,3719920.0,718.3759159,IT=11;11 ,ii
20709,Ref 1,24.288,80048,83774904.0,46.443982,3288309.0,718.3761095,IT=12;12 ,ii
20713,Ref 1,22.652,78200,89008592.0,46.451609,2846321.8,718.3760129,IT=11;11 ,ii
20714,Ref 1,18.298,74180,90699072.0,46.455624,2951255.8,812.9497349,IT=9.1;9.1 ,ii
20720,Ref 1,21.249,77920,88677472.0,46.466828,3329458.5,812.9494031,IT=11;11 ,ii
20721,Ref 1,20.446,77208,92639064.0,46.470888,3542251.0,812.9495582,IT=10;10 ,ii
20725,Ref 1,19.428,76148,95447328.0,46.478488,3774791.0,812.9494905,IT=9.7;9.7 ,ii
20729,Ref 1,18.849,73664,95659824.0,46.485998,3709892.5,812.9494386,IT=9.4;9.4 ,ii
20730,Ref 1,20.781,78856,98688824.0,46.489926,3668951.5,812.9496523,IT=10;10 ,ii
20735,Ref 1,22.062,78580,95628632.0,46.499346,3732277.8,804.9413149,IT=11;11 ,ii
20740,Ref 1,19.709,78896,96208528.0,46.50875,4214988.5,804.9411323,IT=9.9;9.9 ,ii
20745,Ref 1,19.261,78752,92139048.0,46.518457,4363486.5,804.9414303,IT=9.6;9.6 ,ii
20750,Ref 1,20.343,79036,85694656.0,46.527842,3904828.2,804.9412654,IT=10;10 ,ii
20756,Ref 1,22.083,80112,87674816.0,46.539148,3831517.0,804.9411245,IT=11;11 ,ii
20757,Ref 1,28.532,87224,81753736.0,46.543161,3550456.5,804.9414064,IT=14;14 ,ii
20761,Ref 1,25.274,89072,85117672.0,46.550777,3255437.2,804.9415393,IT=13;13 ,ii
20765,Ref 1,24.629,83448,74657920.0,46.558763,2573650.8,804.9415616,IT=12;12 ,ii
20770,Ref 1,28.372,90232,75754368.0,46.568302,2608691.2,680.8525048,IT=14;14 ,ii
20771,Ref 1,25.579,86948,75454208.0,46.572367,2725229.8,680.8523252,IT=13;13 ,ii
20772,Ref 1,28.980,90496,72367400.0,46.576356,2671275.8,680.8525626,IT=14;14 ,ii
20775,Ref 1,29.700,91608,70696928.0,46.58251,2910771.5,680.8524632,IT=15;15 ,ii
20776,Ref 1,28.896,91444,71506576.0,46.586448,2954597.8,680.8526021,IT=14;14 ,ii
20778,Ref 1,33.795,101944,69056736.0,46.592639,3164378.0,680.8526316,IT=17;17 ,ii
20779,Ref 1,29.634,90744,68052304.0,46.596535,3052227.8,680.852534,IT=15;15 ,ii
20780,Ref 1,29.834,93084,70531928.0,46.600658,3109995.0,680.8527529,IT=15;15 ,ii
20783,Ref 1,31.915,94508,68397904.0,46.606585,2935447.2,680.8526469,IT=16;16 ,ii
20784,Ref 1,30.577,92712,68123824.0,46.610702,2744622.8,680.8528796,IT=15;15 ,ii
20786,Ref 1,25.803,84136,70193696.0,46.615096,2676492.5,680.8525066,IT=13;13 ,ii
20787,Ref 1,27.071,87920,69465272.0,46.619056,2474011.5,680.8526337,IT=14;14 ,ii
20790,Ref 1,26.002,83380,73534200.0,46.62515,2687320.2,391.2843186,IT=13;13 ,ii
20791,Ref 1,25.065,87824,79907984.0,46.629073,2885298.5,543.3144763,IT=13;13 ,ii
20797,Ref 1,20.465,75232,81199640.0,46.640312,3833077.2,543.31432,IT=10;10 ,ii
20802,Ref 1,21.580,74032,88086736.0,46.649772,5405554.5,543.3143498,IT=11;11 ,ii
20807,Ref 1,19.090,73136,97765032.0,46.659201,7028084.5,543.3141449,IT=9.5;9.5 ,ii
20808,Ref 1,16.580,69532,106596090.0,46.663216,8498295.0,543.3141847,IT=8.3;8.3 ,ii
20811,Ref 1,15.496,66620,112009850.0,46.668878,9647300.0,543.3140224,IT=7.7;7.7 ,ii
20812,Ref 1,16.000,65060,106809250.0,46.672928,8935576.0,543.3141243,IT=8;8 ,ii
20817,Ref 1,15.003,68988,124102140.0,46.684016,11541138.0,543.3142081,IT=7.5;7.5 ,ii
20822,Ref 1,14.083,61368,120553710.0,46.693343,10451288.0,543.3142084,IT=7;7 ,ii
20827,Ref 1,12.337,56160,126014150.0,46.70263,10557820.0,543.3140224,IT=6.2;6.2 ,ii
20829,Ref 1,14.242,63560,123230740.0,46.70858,10168996.0,543.3139953,IT=7.1;7.1 ,ii
20832,Ref 1,14.873,66448,120259680.0,46.714543,9016566.0,543.3139574,IT=7.4;7.4 ,ii
20833,Ref 1,14.756,64644,113976780.0,46.718582,7910153.5,543.3141633,IT=7.4;7.4 ,ii
20838,Ref 1,14.371,63724,120401440.0,46.727855,7782586.5,543.3142137,IT=7.2;7.2 ,ii
20843,Ref 1,16.518,67676,115245840.0,46.737211,5734301.0,543.314049,IT=8.3;8.3 ,ii
20847,Ref 1,15.915,66312,107645460.0,46.744674,4833811.5,543.3140563,IT=8;8 ,ii
20848,Ref 1,18.428,73500,111629980.0,46.748763,4535130.0,543.3140959,IT=9.2;9.2 ,ii
20854,Ref 1,17.350,70380,103857350.0,46.759963,4820097.5,830.4519204,IT=8.7;8.7 ,ii
20857,Ref 1,16.870,73644,106963990.0,46.765607,4995991.5,830.4518599,IT=8.4;8.4 ,ii
20858,Ref 1,19.860,76676,100535020.0,46.769713,4896373.5,830.4519406,IT=9.9;9.9 ,ii
20862,Ref 1,17.639,72948,100592430.0,46.777213,4950431.5,830.4521598,IT=8.8;8.8 ,ii
20863,Ref 1,20.746,79144,100567650.0,46.781326,5176974.5,830.452348,IT=10;10 ,ii
20866,Ref 1,18.745,72828,94914352.0,46.787298,5141712.5,830.4520463,IT=9.4;9.4 ,ii
20867,Ref 1,18.799,77264,99092256.0,46.791367,5026675.5,830.4522644,IT=9.4;9.4 ,ii
20869,Ref 1,17.565,73148,95881976.0,46.795613,5277980.0,830.452106,IT=8.8;8.8 ,ii
20870,Ref 1,19.432,72968,89489920.0,46.799534,4861208.0,830.4523288,IT=9.7;9.7 ,ii
20873,Ref 1,18.953,74772,90539600.0,46.805532,4868268.5,830.4520179,IT=9.5;9.5 ,ii
20874,Ref 1,18.925,77528,92586480.0,46.809592,4878346.5,830.4521727,IT=9.5;9.5 ,ii
20879,Ref 1,18.406,73848,91224552.0,46.818942,4437466.5,830.4520867,IT=9.2;9.2 ,ii
20880,Ref 1,21.739,79220,92777056.0,46.823059,4660909.0,830.4523867,IT=11;11 ,ii
20886,Ref 1,19.243,72584,87690688.0,46.834269,4017721.5,830.4520846,IT=9.6;9.6 ,ii
20887,Ref 1,16.305,65764,91406288.0,46.83829,4017310.5,830.4520827,IT=8.2;8.2 ,ii
20891,Ref 1,18.187,75848,100060340.0,46.847807,3819546.8,830.451887,IT=9.1;9.1 ,ii
20892,Ref 1,20.167,77772,93167432.0,46.8519,3478611.2,830.4521546,IT=10;10 ,ii
20897,Ref 1,18.200,73156,92355200.0,46.861229,2831283.5,830.4516395,IT=9.1;9.1 ,ii
20901,Ref 1,20.030,73680,93569120.0,46.869096,2706896.8,391.284096,IT=10;10 ,ii
20902,Ref 1,21.161,75512,90212872.0,46.873183,2598505.5,879.4598739,IT=11;11 ,ii
20907,Ref 1,18.003,67184,88836392.0,46.882829,2413908.2,391.2840652,IT=9;9 ,ii
20908,Ref 1,20.173,73044,90462464.0,46.886923,2593359.5,391.2842202,IT=10;10 ,ii
20913,Ref 1,18.044,69184,90413808.0,46.896602,3835342.8,560.3245813,IT=9;9 ,ii
20914,Ref 1,19.096,76840,101316580.0,46.900506,4663442.5,560.3246821,IT=9.5;9.5 ,ii
20918,Ref 1,18.276,70860,95172336.0,46.90805,5429288.5,560.3247252,IT=9.1;9.1 ,ii
20923,Ref 1,16.707,66460,104420460.0,46.917406,7579096.5,560.3245378,IT=8.4;8.4 ,ii
20924,Ref 1,16.099,67836,106751560.0,46.921448,8733865.0,560.324643,IT=8;8 ,ii
20927,Ref 1,15.341,64024,111397500.0,46.927085,9986522.0,560.3245853,IT=7.7;7.7 ,ii
20930,Ref 1,14.798,66100,122533040.0,46.9327,12328369.0,560.3245932,IT=7.4;7.4 ,ii
20935,Ref 1,14.225,60512,120864980.0,46.941997,13836689.0,560.3246794,IT=7.1;7.1 ,ii
20940,Ref 1,13.640,55556,116446710.0,46.951314,13665586.0,560.3244246,IT=6.8;6.8 ,ii
20941,Ref 1,13.281,60444,118600280.0,46.955339,13582416.0,560.3244513,IT=6.6;6.6 ,ii
20944,Ref 1,15.143,59580,112928740.0,46.960972,12588026.0,560.3243694,IT=7.6;7.6 ,ii
20945,Ref 1,13.671,57940,123069980.0,46.96482,14690416.0,560.3244048,IT=6.8;6.8 ,ii
20948,Ref 1,12.388,60048,140447360.0,46.970412,17558856.0,560.3243104,IT=6.2;6.2 ,ii
20952,Ref 1,13.326,59500,134792400.0,46.978185,16308315.0,560.324326,IT=6.7;6.7 ,ii
20956,Ref 1,13.968,60280,123441660.0,46.985966,13255905.0,560.3244547,IT=7;7 ,ii
20961,Ref 1,13.365,58232,112033000.0,46.99561,10976153.0,560.3242013,IT=6.7;6.7 ,ii
20962,Ref 1,15.394,63588,123251340.0,46.999678,11819549.0,560.3243116,IT=7.7;7.7 ,ii
20963,Ref 1,15.526,64228,115087820.0,47.003722,9826600.0,560.3244137,IT=7.8;7.8 ,ii
20968,Ref 1,16.904,66280,107353740.0,47.014062,7350327.5,560.3242814,IT=8.5;8.5 ,ii
20969,Ref 1,18.967,71780,101854990.0,47.017989,6580266.5,560.3244941,IT=9.5;9.5 ,ii
20973,Ref 1,15.824,64104,99434912.0,47.025466,5704438.5,560.3244219,IT=7.9;7.9 ,ii
20974,Ref 1,19.596,72488,101038680.0,47.029418,5378873.0,560.3246503,IT=9.8;9.8 ,ii
20976,Ref 1,20.527,72896,90713456.0,47.033545,4164229.8,560.3245044,IT=10;10 ,ii
20979,Ref 1,20.665,73832,93299480.0,47.039597,3752587.2,560.3244012,IT=10;10 ,ii
20980,Ref 1,19.683,69544,91675784.0,47.043666,3482312.2,560.3245027,IT=9.8;9.8 ,ii
20984,Ref 1,21.109,72404,84827360.0,47.05127,2673275.8,560.3243447,IT=11;11 ,ii
20985,Ref 1,22.500,78884,90663088.0,47.055207,2756654.2,391.2841462,IT=11;11 ,ii
20990,Ref 1,20.953,75784,84352176.0,47.064599,2598373.0,391.2840206,IT=10;10 ,ii
20991,Ref 1,21.072,73916,82576008.0,47.068668,2343932.2,391.2841093,IT=11;11 ,ii
20995,Ref 1,21.885,76232,94056656.0,47.076272,2981116.5,807.4549992,IT=11;11 ,ii
21000,Ref 1,21.135,75716,87412816.0,47.086024,3818862.0,807.4547454,IT=11;11 ,ii
21001,Ref 1,20.288,73648,90129952.0,47.090084,4198700.5,807.4548705,IT=10;10 ,ii
21007,Ref 1,19.772,71500,97801072.0,47.101288,5950307.5,807.4548228,IT=9.9;9.9 ,ii
21008,Ref 1,18.612,72272,100229090.0,47.105338,6376379.0,807.4549835,IT=9.3;9.3 ,ii
21011,Ref 1,15.655,61924,95577168.0,47.110974,7112353.5,807.4549279,IT=7.8;7.8 ,ii
21014,Ref 1,15.648,68656,105336450.0,47.116603,8452711.0,807.4548202,IT=7.8;7.8 ,ii
21017,Ref 1,16.985,67056,103191810.0,47.12228,8949699.0,807.4548982,IT=8.5;8.5 ,ii
21020,Ref 1,15.719,63068,102910870.0,47.127905,9357797.0,807.454864,IT=7.9;7.9 ,ii
21024,Ref 1,16.006,66124,108578650.0,47.13539,10730357.0,807.4547232,IT=8;8 ,ii
21025,Ref 1,16.896,65064,107861370.0,47.139455,11231838.0,807.4548971,IT=8.4;8.4 ,ii
21030,Ref 1,15.562,66460,118508650.0,47.148742,12682421.0,807.4545812,IT=7.8;7.8 ,ii
21031,Ref 1,16.096,62316,105852870.0,47.152802,12025159.0,807.4549297,IT=8;8 ,ii
21034,Ref 1,16.429,67256,111620660.0,47.158423,12261211.0,807.4546891,IT=8.2;8.2 ,ii
21035,Ref 1,14.510,63156,110826640.0,47.162275,12422386.0,807.4547531,IT=7.3;7.3 ,ii
21037,Ref 1,14.986,61440,111122990.0,47.166284,12462828.0,807.4547486,IT=7.5;7.5 ,ii
21038,Ref 1,14.091,62388,113731060.0,47.170311,12559862.0,807.4547352,IT=7;7 ,ii
21041,Ref 1,15.641,63736,110453440.0,47.176996,12122044.0,807.4548367,IT=7.8;7.8 ,ii
21042,Ref 1,15.351,60812,103328260.0,47.181035,11089462.0,807.4547529,IT=7.7;7.7 ,ii
21043,Ref 1,15.960,64556,105671950.0,47.185083,11202330.0,807.4546572,IT=8;8 ,ii
21044,Ref 1,17.211,72128,113891210.0,47.18899,10970311.0,807.4549932,IT=8.6;8.6 ,ii
21048,Ref 1,16.549,66712,104480550.0,47.196454,9809581.0,807.4550605,IT=8.3;8.3 ,ii
21050,Ref 1,16.702,64648,96158248.0,47.200727,8901044.0,807.4549404,IT=8.4;8.4 ,ii
21054,Ref 1,14.601,63632,105691060.0,47.208485,8330955.5,660.8399503,IT=7.3;7.3 ,ii
21055,Ref 1,16.467,65088,96349448.0,47.21256,8068728.5,660.8401326,IT=8.2;8.2 ,ii
21060,Ref 1,16.749,63012,95780688.0,47.221887,9265480.0,660.8400548,IT=8.4;8.4 ,ii
21061,Ref 1,13.960,59920,97037264.0,47.225894,9757103.0,660.8404482,IT=7;7 ,ii
21064,Ref 1,17.617,68924,95454528.0,47.231552,9794365.0,660.8402403,IT=8.8;8.8 ,ii
21066,Ref 1,17.574,67540,96075624.0,47.235656,10203591.0,660.8400297,IT=8.8;8.8 ,ii
21067,Ref 1,19.306,69880,96976616.0,47.239735,10777043.0,660.840186,IT=9.7;9.7 ,ii
21068,Ref 1,18.635,69780,94365904.0,47.243787,10146485.0,660.8403366,IT=9.3;9.3 ,ii
21070,Ref 1,18.109,68552,88954800.0,47.247868,9554869.0,660.8400884,IT=9.1;9.1 ,ii
21071,Ref 1,23.978,76188,96155936.0,47.252039,10280478.0,660.840448,IT=12;12 ,ii
21075,Ref 1,19.917,71596,89174528.0,47.259862,8816079.0,660.8400282,IT=10;10 ,ii
21076,Ref 1,23.040,73244,88481136.0,47.263981,8582870.0,660.8402251,IT=12;12 ,ii
21077,Ref 1,18.052,68152,94130456.0,47.267977,9033410.0,660.8401194,IT=9;9 ,ii
21080,Ref 1,21.289,74160,87042536.0,47.273977,7550839.5,660.8399449,IT=11;11 ,ii
21081,Ref 1,21.537,72872,90504608.0,47.278051,7257607.5,660.8402609,IT=11;11 ,ii
21085,Ref 1,19.416,66716,91277752.0,47.285589,6794667.5,660.8402025,IT=9.7;9.7 ,ii
21086,Ref 1,17.280,68080,87343536.0,47.289456,5735703.0,660.8402514,IT=8.6;8.6 ,ii
21091,Ref 1,19.145,69812,88017208.0,47.29881,5947140.5,547.8632384,IT=9.6;9.6 ,ii
21092,Ref 1,21.662,70576,81590072.0,47.302916,5304236.0,547.8633231,IT=11;11 ,ii
21093,Ref 1,19.461,66372,83924992.0,47.306795,5597324.5,547.8635384,IT=9.7;9.7 ,ii
21096,Ref 1,21.460,69836,80536920.0,47.312795,5673178.0,547.8632994,IT=11;11 ,ii
21097,Ref 1,25.382,74304,79939832.0,47.31677,5404935.0,547.8634805,IT=13;13 ,ii
21098,Ref 1,23.424,73096,78381232.0,47.320837,5449205.0,547.8635233,IT=12;12 ,ii
21100,Ref 1,24.931,78260,83109944.0,47.325055,5883698.0,547.8633559,IT=12;12 ,ii
21101,Ref 1,23.619,73456,75849128.0,47.32913,4886730.0,547.8634678,IT=12;12 ,ii
21103,Ref 1,22.575,71980,73936792.0,47.333268,4650877.5,547.863314,IT=11;11 ,ii
21104,Ref 1,26.151,78808,78904808.0,47.33741,5131052.5,547.863588,IT=13;13 ,ii
21106,Ref 1,23.719,77944,76140576.0,47.341603,4540373.5,547.863481,IT=12;12 ,ii
21107,Ref 1,19.937,68600,72949832.0,47.345624,4061366.0,547.8635883,IT=10;10 ,ii
21111,Ref 1,28.065,83072,71668896.0,47.353339,3755274.0,547.8634525,IT=14;14 ,ii
21112,Ref 1,26.461,76600,67762896.0,47.357418,3646137.2,469.2771962,IT=13;13 ,ii
21115,Ref 1,28.020,81840,70086592.0,47.36328,3626976.8,469.2770661,IT=14;14 ,ii
21119,Ref 1,28.208,81424,68231872.0,47.371286,3470596.5,469.2772597,IT=14;14 ,ii
21122,Ref 1,28.512,79684,64090132.0,47.377478,3412988.8,469.277139,IT=14;14 ,ii
21123,Ref 1,34.995,86628,64464856.0,47.38153,3277848.5,469.2773098,IT=17;17 ,ii
21127,Ref 1,32.198,83572,62319636.0,47.38959,3058155.0,469.2771654,IT=16;16 ,ii
21128,Ref 1,30.278,83004,63111776.0,47.393697,3139254.5,469.2774202,IT=15;15 ,ii
21134,Ref 1,32.296,86984,61479780.0,47.405165,2713182.0,469.277258,IT=16;16 ,ii
21135,Ref 1,30.450,83352,61679312.0,47.409272,2686358.5,469.2772903,IT=15;15 ,ii
21138,Ref 1,32.349,83896,59663200.0,47.415496,2532091.0,469.2772378,IT=16;16 ,ii
21139,Ref 1,30.030,83572,60341460.0,47.41959,2443279.2,391.2842966,IT=15;15 ,ii
21141,Ref 1,36.911,91448,60547416.0,47.425759,2363414.2,391.2843254,IT=18;18 ,ii
21142,Ref 1,33.894,91336,59209844.0,47.429694,2354745.5,391.2843327,IT=17;17 ,ii
21147,Ref 1,34.912,85804,56862296.0,47.43963,2146838.0,391.2843273,IT=17;17 ,ii
21148,Ref 1,32.964,85996,60297788.0,47.443746,2518987.2,391.2843055,IT=16;16 ,ii
21150,Ref 1,37.248,90312,58713392.0,47.44815,2338065.5,391.2843779,IT=19;19 ,ii
21151,Ref 1,37.628,98404,62124436.0,47.452321,2292107.5,391.2844325,IT=19;19 ,ii
21154,Ref 1,33.494,86460,56989024.0,47.458554,2292929.0,391.2843466,IT=17;17 ,ii
21155,Ref 1,35.517,95096,61967288.0,47.46274,2336086.0,391.2844472,IT=18;18 ,ii
21158,Ref 1,34.424,91352,62227916.0,47.4687,2503158.0,391.2843786,IT=17;17 ,ii
21159,Ref 1,34.206,87424,59516952.0,47.472675,2389064.0,391.284446,IT=17;17 ,ii
21163,Ref 1,27.392,80916,63466836.0,47.480646,2526523.2,391.2842501,IT=14;14 ,ii
21164,Ref 1,35.059,92676,63631044.0,47.484902,2359589.8,391.2844062,IT=18;18 ,ii
21169,Ref 1,32.451,86972,68224296.0,47.494515,2602789.2,391.2844833,IT=16;16 ,ii
21174,Ref 1,32.138,86672,67327216.0,47.504135,2339066.2,391.2843263,IT=16;16 ,ii
21175,Ref 1,29.784,82352,72352200.0,47.508233,2645483.5,391.2843915,IT=15;15 ,ii
21178,Ref 1,25.612,78692,73000656.0,47.514325,2515035.2,391.284216,IT=13;13 ,ii
21179,Ref 1,30.744,83800,74854104.0,47.51851,2444281.5,391.2843656,IT=15;15 ,ii
21182,Ref 1,26.379,76192,78123184.0,47.524633,2640531.8,391.2842402,IT=13;13 ,ii
21183,Ref 1,21.236,75576,83647240.0,47.528658,2688185.0,391.2843084,IT=11;11 ,ii
21186,Ref 1,23.146,72076,85043856.0,47.534706,2729643.2,391.2842498,IT=12;12 ,ii
21187,Ref 1,22.363,73224,90114064.0,47.538779,2565996.0,726.0460005,IT=11;11 ,ii
21190,Ref 1,22.062,70384,92191400.0,47.544852,2673081.0,391.2840823,IT=11;11 ,ii
21191,Ref 1,18.596,69672,99271088.0,47.548877,2804418.0,726.0457527,IT=9.3;9.3 ,ii
21192,Ref 1,18.507,67936,97915136.0,47.552933,3017488.0,801.9487661,IT=9.3;9.3 ,ii
21195,Ref 1,18.371,68168,99498296.0,47.558893,3192095.0,690.9090138,IT=9.2;9.2 ,ii
21196,Ref 1,15.230,62696,101808540.0,47.562918,3591763.8,801.948928,IT=7.6;7.6 ,ii
21201,Ref 1,17.520,65728,103143220.0,47.572266,3640538.2,801.9489008,IT=8.8;8.8 ,ii
21205,Ref 1,17.289,69288,110465920.0,47.580091,4110787.0,690.9090601,IT=8.6;8.6 ,ii
21206,Ref 1,12.773,56700,105789900.0,47.58392,4122746.8,801.9490879,IT=6.4;6.4 ,ii
21211,Ref 1,17.367,65460,101300250.0,47.593283,3727522.0,690.9090598,IT=8.7;8.7 ,ii
21215,Ref 1,16.263,63400,97609640.0,47.602747,3654482.8,690.9091969,IT=8.1;8.1 ,ii
21216,Ref 1,15.127,62940,98287416.0,47.606778,3373149.2,690.9093055,IT=7.6;7.6 ,ii
21220,Ref 1,17.890,67912,96044288.0,47.614618,3307636.0,690.9091299,IT=8.9;8.9 ,ii
21221,Ref 1,15.066,62624,91581176.0,47.618624,2792831.0,690.909119,IT=7.5;7.5 ,ii
21224,Ref 1,15.801,63336,90815080.0,47.624285,2735996.2,391.2841026,IT=7.9;7.9 ,ii
21225,Ref 1,20.949,73064,90434048.0,47.628416,2592014.0,690.90952,IT=10;10 ,ii
21229,Ref 1,18.998,71464,89740944.0,47.636226,2841827.0,572.7516377,IT=9.5;9.5 ,ii
21234,Ref 1,20.605,72604,83706744.0,47.64597,2949178.8,572.7516467,IT=10;10 ,ii
21238,Ref 1,20.743,72972,71885560.0,47.65353,2673066.5,572.7516228,IT=10;10 ,ii
21239,Ref 1,18.454,71980,83735448.0,47.657405,3230853.0,572.7516132,IT=9.2;9.2 ,ii
21240,Ref 1,24.702,79340,78390664.0,47.661576,2973825.8,572.7517753,IT=12;12 ,ii
21242,Ref 1,24.628,79636,74255296.0,47.665934,3043105.5,572.7515861,IT=12;12 ,ii
21243,Ref 1,23.318,75492,73673632.0,47.670016,2847777.0,572.7516515,IT=12;12 ,ii
21244,Ref 1,24.307,78900,74458664.0,47.673951,2987965.8,572.7518914,IT=12;12 ,ii
21248,Ref 1,26.607,79516,66547368.0,47.681901,2469932.8,572.7517738,IT=13;13 ,ii
21249,Ref 1,24.123,78448,67757040.0,47.685807,2535106.5,572.75182,IT=12;12 ,ii
21253,Ref 1,28.198,86896,66288968.0,47.693499,2390865.0,391.2843453,IT=14;14 ,ii
21256,Ref 1,29.654,86156,64952348.0,47.699724,2437855.8,391.2843572,IT=15;15 ,ii
21257,Ref 1,23.097,76740,63714948.0,47.70374,2389963.2,391.2844073,IT=12;12 ,ii
21259,Ref 1,33.349,87532,61864420.0,47.708251,2543223.8,391.2843982,IT=17;17 ,ii
21260,Ref 1,28.423,84172,62128196.0,47.71214,2518772.8,391.2844005,IT=14;14 ,ii
21261,Ref 1,30.214,90368,62478944.0,47.716288,2425413.5,391.2845085,IT=15;15 ,ii
21264,Ref 1,32.552,90724,60318432.0,47.722505,2473417.0,391.2844278,IT=16;16 ,ii
21265,Ref 1,32.327,91060,59364944.0,47.726634,2474456.2,391.2845385,IT=16;16 ,ii
21269,Ref 1,32.877,93268,58687536.0,47.734394,2418497.2,391.2844026,IT=16;16 ,ii
21270,Ref 1,31.817,85112,56300976.0,47.738346,2325572.5,391.2844971,IT=16;16 ,ii
21273,Ref 1,36.374,92092,56577448.0,47.744625,2272740.0,391.2844502,IT=18;18 ,ii
21274,Ref 1,28.978,82632,56727440.0,47.748663,2483495.5,391.284425,IT=14;14 ,ii
21275,Ref 1,33.746,88840,55089612.0,47.752869,2168436.5,391.284487,IT=17;17 ,ii
21277,Ref 1,32.684,84064,55353492.0,47.75895,2271461.5,391.2845854,IT=16;16 ,ii
21280,Ref 1,31.092,92336,59906764.0,47.765155,2488969.0,654.3564221,IT=16;16 ,ii
21281,Ref 1,40.187,98912,56044272.0,47.76944,2510989.2,654.3566023,IT=20;20 ,ii
21283,Ref 1,34.161,89844,61646280.0,47.773811,3225453.0,654.3565181,IT=17;17 ,ii
21284,Ref 1,29.218,86288,61597448.0,47.77789,3532839.8,654.3563315,IT=15;15 ,ii
21285,Ref 1,33.634,87780,62641044.0,47.781917,3778550.0,654.3566101,IT=17;17 ,ii
21286,Ref 1,29.173,84264,66356276.0,47.785986,4134014.5,654.3566136,IT=15;15 ,ii
21290,Ref 1,29.202,85360,65197176.0,47.793717,4263891.5,654.356388,IT=15;15 ,ii
21291,Ref 1,24.719,76328,63927932.0,47.797592,4455429.0,654.3563629,IT=12;12 ,ii
21295,Ref 1,30.990,88064,69310048.0,47.805617,4988200.5,654.3562354,IT=15;15 ,ii
21296,Ref 1,25.396,77224,67087328.0,47.809658,4799302.5,654.356272,IT=13;13 ,ii
21300,Ref 1,24.783,78804,70115872.0,47.817294,5081780.0,654.3562014,IT=12;12 ,ii
21301,Ref 1,27.483,79256,74007088.0,47.821435,5284717.0,654.356371,IT=14;14 ,ii
21305,Ref 1,23.133,73856,71094192.0,47.829048,4778955.0,654.3559649,IT=12;12 ,ii
21306,Ref 1,27.081,77932,70776984.0,47.8332,4724088.0,654.3561841,IT=14;14 ,ii
21310,Ref 1,27.560,84980,73736208.0,47.840885,4445133.5,654.3561466,IT=14;14 ,ii
21311,Ref 1,23.440,76752,71045864.0,47.844839,4119512.5,654.3560737,IT=12;12 ,ii
21316,Ref 1,25.701,79964,73146016.0,47.85431,4048252.5,654.3558438,IT=13;13 ,ii
21317,Ref 1,24.063,75836,67403128.0,47.858393,3406781.8,654.3561716,IT=12;12 ,ii
21320,Ref 1,28.176,82848,68462640.0,47.864241,3125526.5,496.2770646,IT=14;14 ,ii
21321,Ref 1,26.943,85312,73950320.0,47.868337,3673276.0,496.2771294,IT=13;13 ,ii
21323,Ref 1,25.458,80560,66050988.0,47.872535,2968873.0,496.2770202,IT=13;13 ,ii
21324,Ref 1,27.331,81880,67550704.0,47.876675,3325522.5,496.2772543,IT=14;14 ,ii
21327,Ref 1,30.695,86732,66516972.0,47.882845,3210833.2,496.2772153,IT=15;15 ,ii
21328,Ref 1,28.358,82076,63414664.0,47.886933,2614971.0,496.2772402,IT=14;14 ,ii
21330,Ref 1,30.058,84944,62766760.0,47.891204,2495619.2,496.2770519,IT=15;15 ,ii
21331,Ref 1,28.374,82752,62617824.0,47.895299,2545493.2,496.2771766,IT=14;14 ,ii
21335,Ref 1,28.884,84360,62233572.0,47.903291,2489409.5,391.2842558,IT=14;14 ,ii
21336,Ref 1,31.654,86660,64932004.0,47.907458,2455688.2,391.2844072,IT=16;16 ,ii
21339,Ref 1,27.924,83884,64016940.0,47.913591,2544205.2,391.2842627,IT=14;14 ,ii
21340,Ref 1,31.544,85988,66143132.0,47.917766,2540780.0,582.3744739,IT=16;16 ,ii
21341,Ref 1,26.949,82596,67522000.0,47.921818,2760170.2,582.374279,IT=13;13 ,ii
21342,Ref 1,28.138,79708,66151616.0,47.925778,2867283.8,582.3744676,IT=14;14 ,ii
21344,Ref 1,24.958,80596,69896632.0,47.929968,3503356.2,710.3785612,IT=12;12 ,ii
21345,Ref 1,26.993,74836,66646608.0,47.934095,4086598.5,710.3787762,IT=13;13 ,ii
21348,Ref 1,21.978,68092,69890384.0,47.940097,5213183.5,710.378485,IT=11;11 ,ii
21349,Ref 1,22.397,68524,70665296.0,47.944191,5597104.0,710.3787326,IT=11;11 ,ii
21352,Ref 1,22.946,72532,77891080.0,47.950262,6940367.0,710.3784699,IT=11;11 ,ii
21353,Ref 1,22.380,69948,77953176.0,47.954345,7519441.5,710.3785777,IT=11;11 ,ii
21355,Ref 1,22.394,67704,80294240.0,47.958657,8309847.5,710.3783025,IT=11;11 ,ii
21356,Ref 1,21.187,68732,82551352.0,47.962555,8968039.0,710.3784716,IT=11;11 ,ii
21360,Ref 1,19.710,68296,82810912.0,47.970099,9179448.0,710.3781716,IT=9.9;9.9 ,ii
21361,Ref 1,19.208,66264,84275688.0,47.974161,10151523.0,710.3784672,IT=9.6;9.6 ,ii
21367,Ref 1,19.955,66580,86420080.0,47.98542,10302750.0,710.3781938,IT=10;10 ,ii
21368,Ref 1,19.767,67444,87119592.0,47.989322,10152458.0,710.3782808,IT=9.9;9.9 ,ii
21371,Ref 1,23.918,70864,81283392.0,47.995115,9511822.0,710.378183,IT=12;12 ,ii
21372,Ref 1,20.052,65464,83048736.0,47.998972,9793673.0,710.3784258,IT=10;10 ,ii
21375,Ref 1,22.099,67924,80398576.0,48.005015,8833918.0,710.3783127,IT=11;11 ,ii
21376,Ref 1,22.469,67228,74386640.0,48.009101,7981062.5,710.3783925,IT=11;11 ,ii
21377,Ref 1,24.995,73424,76271496.0,48.013222,7947208.0,710.3786084,IT=12;12 ,ii
21383,Ref 1,23.304,69188,69192056.0,48.02448,5809346.0,710.3784539,IT=12;12 ,ii
21384,Ref 1,29.004,76976,69346544.0,48.028661,5597710.5,710.3789425,IT=15;15 ,ii
21389,Ref 1,30.047,79108,64524804.0,48.038251,4076316.0,710.3787534,IT=15;15 ,ii
21393,Ref 1,32.220,82888,59570296.0,48.046017,3052684.2,710.3786451,IT=16;16 ,ii
21394,Ref 1,32.455,83848,60737396.0,48.050161,2701938.0,710.3787931,IT=16;16 ,ii
21395,Ref 1,29.000,83896,61614184.0,48.054251,2543575.5,391.2843671,IT=14;14 ,ii
21400,Ref 1,30.756,80816,56838580.0,48.06408,2360738.5,391.2843816,IT=15;15 ,ii
21401,Ref 1,31.706,85760,57577824.0,48.068221,2302022.8,391.284444,IT=16;16 ,ii
21404,Ref 1,37.803,95432,56782296.0,48.074277,2427098.0,391.2844308,IT=19;19 ,ii
21405,Ref 1,34.123,92364,56334888.0,48.078377,2478604.8,391.2843356,IT=17;17 ,ii
21406,Ref 1,37.885,92748,55019508.0,48.082582,2292808.5,391.2845472,IT=19;19 ,ii
21410,Ref 1,35.576,91108,55443104.0,48.090446,2441918.5,391.2844187,IT=18;18 ,ii
21411,Ref 1,33.612,91732,57693772.0,48.094569,2397189.2,391.2843338,IT=17;17 ,ii
21412,Ref 1,31.589,85276,56108356.0,48.098688,2472145.2,391.284415,IT=16;16 ,ii
21414,Ref 1,28.832,83356,56749296.0,48.103125,2669753.0,391.2843332,IT=14;14 ,ii
21415,Ref 1,32.296,82220,51924788.0,48.10714,2403227.8,659.810349,IT=16;16 ,ii
21416,Ref 1,34.026,87464,54984236.0,48.111306,2413481.8,659.8104268,IT=17;17 ,ii
21417,Ref 1,34.154,89152,55357072.0,48.115454,2589321.0,659.8106502,IT=17;17 ,ii
21418,Ref 1,38.205,94032,54759624.0,48.119669,2693011.5,659.8109399,IT=19;19 ,ii
21419,Ref 1,35.916,90988,52896908.0,48.123802,2485128.5,659.8108862,IT=18;18 ,ii
21423,Ref 1,36.127,94076,53478232.0,48.131646,2435609.2,659.8107302,IT=18;18 ,ii
21424,Ref 1,29.555,82828,51051452.0,48.135694,2326057.0,659.8104518,IT=15;15 ,ii
21425,Ref 1,36.039,92440,52011616.0,48.139931,2364369.8,391.2845243,IT=18;18 ,ii
21426,Ref 1,37.290,89776,49038884.0,48.144102,2186486.2,391.2846194,IT=19;19 ,ii
21429,Ref 1,41.329,96136,47682480.0,48.150175,2181070.5,391.2844989,IT=21;21 ,ii
21430,Ref 1,40.448,91264,46555752.0,48.154169,2118673.5,391.2844907,IT=20;20 ,ii
21431,Ref 1,44.520,93372,43460676.0,48.158414,1847809.1,391.2844917,IT=22;22 ,ii
21432,Ref 1,40.161,93156,46531592.0,48.162521,2188945.5,391.2845062,IT=20;20 ,ii
21433,Ref 1,41.470,95380,46363764.0,48.166723,2230323.8,391.2844701,IT=21;21 ,ii
21434,Ref 1,43.205,98260,43638856.0,48.170756,2035042.9,391.2844679,IT=22;22 ,ii
21435,Ref 1,50.000,94448,38598016.0,48.175048,1604031.6,391.2845545,IT=25;25 ,ii
21436,Ref 1,43.015,92424,42419660.0,48.179106,2172348.8,391.2844829,IT=22;22 ,ii
21437,Ref 1,50.000,97032,37993420.0,48.183395,1619408.8,391.2845947,IT=25;25 ,ii
21439,Ref 1,48.686,96580,38527624.0,48.188148,1835507.5,391.2845112,IT=24;24 ,ii
21440,Ref 1,48.452,96016,39799404.0,48.192152,1899112.2,391.2846483,IT=24;24 ,ii
21442,Ref 1,47.097,101276,39911064.0,48.196745,1935498.4,391.2845978,IT=24;24 ,ii
21443,Ref 1,47.809,98936,39241944.0,48.200935,1949662.0,391.2845957,IT=24;24 ,ii
21444,Ref 1,50.000,95552,35854972.0,48.205139,1765709.2,391.2846189,IT=25;25 ,ii
21445,Ref 1,50.000,97912,36638280.0,48.209312,1677253.4,391.2845991,IT=25;25 ,ii
21446,Ref 1,50.000,95536,35606332.0,48.213312,1653246.9,391.28472,IT=25;25 ,ii
21448,Ref 1,50.000,99556,36395760.0,48.217945,1677077.0,391.2846231,IT=25;25 ,ii
21449,Ref 1,50.000,99452,35710320.0,48.222118,1760596.4,391.2846738,IT=25;25 ,ii
21453,Ref 1,50.000,96228,36186108.0,48.230191,1693815.8,391.2845949,IT=25;25 ,ii
21454,Ref 1,50.000,99740,37579744.0,48.234193,1782177.2,391.2847045,IT=25;25 ,ii
21458,Ref 1,49.349,97836,36783616.0,48.242545,1769534.2,391.2844928,IT=25;25 ,ii
21459,Ref 1,45.334,96228,39234552.0,48.246647,2053635.0,391.2845587,IT=23;23 ,ii
21462,Ref 1,48.446,92160,37198380.0,48.253141,1947192.2,391.2845661,IT=24;24 ,ii
21463,Ref 1,40.296,90280,41302580.0,48.257437,2102013.0,391.2844045,IT=20;20 ,ii
21464,Ref 1,50.000,95808,37515308.0,48.261782,1728569.1,391.2845828,IT=25;25 ,ii
21467,Ref 1,48.473,90760,38634220.0,48.267976,1823931.0,391.2844303,IT=24;24 ,ii
21468,Ref 1,50.000,88832,38786576.0,48.272007,1839974.8,782.3820399,IT=25;25 ,ii
21469,Ref 1,36.586,83360,44133580.0,48.275957,2315725.0,391.2843888,IT=18;18 ,ii
21470,Ref 1,40.166,91988,46388224.0,48.280174,2407626.0,782.3820667,IT=20;20 ,ii
21476,Ref 1,39.778,88948,47622924.0,48.291705,3021029.0,782.3820653,IT=20;20 ,ii
21477,Ref 1,36.918,84860,45885264.0,48.29583,3217945.5,782.3822852,IT=18;18 ,ii
21480,Ref 1,35.080,80608,47054540.0,48.30179,3268391.0,782.3819539,IT=18;18 ,ii
21481,Ref 1,39.349,85960,47687424.0,48.306016,3528401.5,782.3821969,IT=20;20 ,ii
21482,Ref 1,37.891,82508,46741024.0,48.310176,3680941.8,782.3821123,IT=19;19 ,ii
21484,Ref 1,34.420,81732,47474692.0,48.314538,3669253.2,782.3819517,IT=17;17 ,ii
21485,Ref 1,37.691,83320,46246436.0,48.31874,3487478.8,782.3820206,IT=19;19 ,ii
21486,Ref 1,45.468,88956,44673928.0,48.32304,3272576.8,782.3824318,IT=23;23 ,ii
21488,Ref 1,38.897,87736,47873712.0,48.327642,3435487.2,782.3820608,IT=19;19 ,ii
21489,Ref 1,38.414,85196,46073948.0,48.331805,3369295.0,782.3821802,IT=19;19 ,ii
21492,Ref 1,38.950,84208,44305320.0,48.338107,2869047.8,782.3818635,IT=19;19 ,ii
21493,Ref 1,41.501,82376,41975216.0,48.342424,2826541.5,782.3821277,IT=21;21 ,ii
21495,Ref 1,43.456,87320,42711464.0,48.346928,2693995.0,782.3820758,IT=22;22 ,ii
21496,Ref 1,43.150,90984,42661912.0,48.351092,2502984.8,782.3820993,IT=22;22 ,ii
21497,Ref 1,45.445,89172,41180636.0,48.355307,2214770.2,782.3821713,IT=23;23 ,ii
21499,Ref 1,38.475,82564,41979436.0,48.359907,2212630.8,391.2843512,IT=19;19 ,ii
21500,Ref 1,42.636,87292,40487916.0,48.36414,2183590.2,391.2844053,IT=21;21 ,ii
21501,Ref 1,48.385,87008,36603096.0,48.368236,1844780.9,391.2844101,IT=24;24 ,ii
21502,Ref 1,49.940,93636,36637348.0,48.372432,1874801.6,391.2843936,IT=25;25 ,ii
21503,Ref 1,50.000,93852,35435608.0,48.376603,1803191.2,391.2845042,IT=25;25 ,ii
21506,Ref 1,50.000,92612,35524600.0,48.383123,1845776.6,391.2843558,IT=25;25 ,ii
21507,Ref 1,50.000,91908,34206124.0,48.387311,1849638.4,391.284478,IT=25;25 ,ii
21511,Ref 1,50.000,92812,34583252.0,48.395359,1899679.9,391.2845139,IT=25;25 ,ii
21515,Ref 1,50.000,89864,33429740.0,48.403767,1914618.8,391.2844305,IT=25;25 ,ii
21516,Ref 1,50.000,95104,33837288.0,48.407938,1777652.0,391.2845587,IT=25;25 ,ii
21519,Ref 1,50.000,90608,34003628.0,48.414456,1811978.8,391.2843592,IT=25;25 ,ii
21520,Ref 1,50.000,92764,33636520.0,48.418625,1919090.2,391.2845249,IT=25;25 ,ii
21521,Ref 1,50.000,94192,33938564.0,48.422819,1891463.5,391.284441,IT=25;25 ,ii
21522,Ref 1,50.000,95084,34122416.0,48.427285,1890923.4,391.2844358,IT=25;25 ,ii
21523,Ref 1,50.000,97828,34590272.0,48.431452,1907369.2,391.2844763,IT=25;25 ,ii
21524,Ref 1,50.000,96680,34722060.0,48.435621,1853595.1,391.2844973,IT=25;25 ,ii
21525,Ref 1,50.000,97680,34315344.0,48.439792,1874833.0,391.2845938,IT=25;25 ,ii
21526,Ref 1,50.000,97052,34237664.0,48.443962,1857605.6,391.284749,IT=25;25 ,ii
21528,Ref 1,50.000,94104,34038320.0,48.448583,1792650.5,391.2845713,IT=25;25 ,ii
21529,Ref 1,50.000,93780,34148080.0,48.452754,1863587.9,391.2846676,IT=25;25 ,ii
21533,Ref 1,50.000,97624,34266584.0,48.460812,1790736.9,391.2845285,IT=25;25 ,ii
21534,Ref 1,43.096,92264,37023236.0,48.464704,2162390.0,391.2845868,IT=22;22 ,ii
21536,Ref 1,50.000,98952,35403768.0,48.469329,1923765.0,391.2843533,IT=25;25 ,ii
21537,Ref 1,45.433,96108,34920284.0,48.473423,1979882.1,391.2844657,IT=23;23 ,ii
21538,Ref 1,45.465,95532,36856116.0,48.4776,2161681.5,391.2845337,IT=23;23 ,ii
21541,Ref 1,50.000,99428,35506368.0,48.483843,1827250.0,391.2844476,IT=25;25 ,ii
21542,Ref 1,50.000,95216,34981504.0,48.488012,1867975.8,391.2845148,IT=25;25 ,ii
21543,Ref 1,50.000,94300,35520836.0,48.492187,1805264.6,391.2845826,IT=25;25 ,ii
21544,Ref 1,48.100,94368,36087628.0,48.496154,1952586.5,391.2845711,IT=24;24 ,ii
21545,Ref 1,48.390,96720,37583544.0,48.500329,2005915.2,391.2845303,IT=24;24 ,ii
21546,Ref 1,48.166,97820,36348272.0,48.504495,1962532.8,391.2845503,IT=24;24 ,ii
21550,Ref 1,45.438,101548,39769756.0,48.514449,2018490.6,391.2845077,IT=23;23 ,ii
21551,Ref 1,49.022,96836,37475376.0,48.518685,1973637.9,391.2845719,IT=25;25 ,ii
21556,Ref 1,47.287,97500,39326744.0,48.528518,1952928.6,391.2844763,IT=24;24 ,ii
21557,Ref 1,40.760,94836,41602788.0,48.532583,2197178.2,391.2845806,IT=20;20 ,ii
21561,Ref 1,41.594,91104,40849764.0,48.540508,2199141.5,391.2844649,IT=21;21 ,ii
21562,Ref 1,42.408,94644,42423684.0,48.544522,2200356.5,391.2844602,IT=21;21 ,ii
21563,Ref 1,42.793,95304,44250112.0,48.548712,2160607.5,391.2844477,IT=21;21 ,ii
21564,Ref 1,42.605,95576,42381608.0,48.552893,2116777.8,391.2844294,IT=21;21 ,ii
21565,Ref 1,41.196,93072,44134188.0,48.557041,2274428.2,391.2844366,IT=21;21 ,ii
21566,Ref 1,36.638,86528,42685940.0,48.561141,2041370.2,391.284498,IT=18;18 ,ii
21570,Ref 1,43.175,91872,43519624.0,48.569103,2251660.2,391.2844516,IT=22;22 ,ii
21571,Ref 1,39.080,88860,44342952.0,48.573212,2275748.8,391.2844453,IT=20;20 ,ii
21574,Ref 1,40.475,91324,45020312.0,48.579266,2261702.0,391.2844347,IT=20;20 ,ii
21575,Ref 1,41.494,95168,46658868.0,48.583455,2268977.5,391.2845729,IT=21;21 ,ii
21577,Ref 1,44.083,91904,44436712.0,48.588132,2078607.0,391.2844597,IT=22;22 ,ii
21578,Ref 1,36.375,89860,48269392.0,48.592359,2382850.8,391.2844424,IT=18;18 ,ii
21583,Ref 1,37.876,85648,46715636.0,48.602059,2170794.0,391.2844445,IT=19;19 ,ii
21589,Ref 1,34.276,87884,51329712.0,48.613515,2363799.2,391.2844505,IT=17;17 ,ii
21594,Ref 1,33.952,83620,50873116.0,48.623153,2459998.5,391.2843647,IT=17;17 ,ii
21595,Ref 1,35.333,83904,51865536.0,48.62732,2445284.8,391.2844802,IT=18;18 ,ii
21598,Ref 1,34.061,82032,51634472.0,48.633297,2585416.5,391.2843224,IT=17;17 ,ii
21599,Ref 1,31.302,79644,48899628.0,48.637395,2264608.8,391.2843749,IT=16;16 ,ii
21602,Ref 1,33.710,82276,51838380.0,48.643636,2408249.8,391.2842341,IT=17;17 ,ii
21603,Ref 1,25.492,70780,51723232.0,48.647651,2320715.2,391.2842362,IT=13;13 ,ii
21607,Ref 1,34.023,83740,52932920.0,48.655421,2360695.5,391.2842571,IT=17;17 ,ii
21608,Ref 1,29.214,78012,53519708.0,48.65948,2406169.0,391.2843139,IT=15;15 ,ii
21612,Ref 1,36.989,86624,53904040.0,48.66729,2348613.2,391.2843097,IT=18;18 ,ii
21613,Ref 1,30.362,80720,54831184.0,48.671169,2486652.2,391.2842594,IT=15;15 ,ii
21616,Ref 1,31.157,78112,55633476.0,48.67908,2428550.8,391.2842997,IT=16;16 ,ii
21617,Ref 1,29.651,78256,56761064.0,48.68303,2540177.2,391.2844063,IT=15;15 ,ii
21620,Ref 1,28.349,76328,56899028.0,48.688886,2375455.5,391.2841662,IT=14;14 ,ii
21621,Ref 1,27.558,73132,56731988.0,48.692819,2621521.2,391.2843159,IT=14;14 ,ii
21623,Ref 1,26.644,71668,55775520.0,48.697057,2478102.5,391.2841927,IT=13;13 ,ii
21624,Ref 1,27.376,76780,57149600.0,48.701186,2413499.0,391.284237,IT=14;14 ,ii
21627,Ref 1,26.135,70428,55983992.0,48.707277,2391886.0,391.2842496,IT=13;13 ,ii
21628,Ref 1,26.372,74056,59004320.0,48.711379,2409353.0,391.2841633,IT=13;13 ,ii
21629,Ref 1,28.995,75760,56573148.0,48.715361,2371132.5,391.2842417,IT=14;14 ,ii
21631,Ref 1,29.081,73996,59112348.0,48.719609,2610041.0,391.2842408,IT=15;15 ,ii
21632,Ref 1,30.906,79912,59681248.0,48.723754,2365026.5,391.2842509,IT=15;15 ,ii
21633,Ref 1,32.092,77956,57407648.0,48.727898,2220200.0,391.2843188,IT=16;16 ,ii
21636,Ref 1,29.454,73960,58116820.0,48.733798,2612912.5,391.2841898,IT=15;15 ,ii
21637,Ref 1,26.502,70928,58844212.0,48.737869,2256279.0,391.2841318,IT=13;13 ,ii
21638,Ref 1,31.605,81832,61016388.0,48.74189,2552179.8,391.2842289,IT=16;16 ,ii
21643,Ref 1,27.916,76416,60521984.0,48.751388,2588094.0,391.284178,IT=14;14 ,ii
21644,Ref 1,30.886,78604,59079608.0,48.755554,2434285.2,391.284133,IT=15;15 ,ii
21646,Ref 1,33.090,82196,57901704.0,48.761612,2474699.2,391.2841973,IT=17;17 ,ii
21647,Ref 1,30.034,76100,55147256.0,48.765698,2270248.5,391.2842841,IT=15;15 ,ii
21649,Ref 1,29.139,76736,57344444.0,48.770127,2443476.2,391.284155,IT=15;15 ,ii
21650,Ref 1,29.920,77208,54031992.0,48.774256,2347218.2,391.2842611,IT=15;15 ,ii
21653,Ref 1,32.370,81960,54852540.0,48.780214,2412348.8,391.2843036,IT=16;16 ,ii
21654,Ref 1,31.316,80440,58254812.0,48.784168,2668318.5,391.2841584,IT=16;16 ,ii
21655,Ref 1,29.272,77804,55347252.0,48.788262,2425324.2,391.2842264,IT=15;15 ,ii
21658,Ref 1,30.098,77316,54103488.0,48.794156,2436224.5,391.2843373,IT=15;15 ,ii
21659,Ref 1,33.957,86752,56178892.0,48.798343,2498769.2,391.2844706,IT=17;17 ,ii
21661,Ref 1,33.252,82356,52972396.0,48.802679,2295561.2,391.2842946,IT=17;17 ,ii
21662,Ref 1,32.941,84164,53695728.0,48.80681,2393605.2,391.2843582,IT=16;16 ,ii
21664,Ref 1,34.086,85548,53051952.0,48.811162,2379426.2,391.2842081,IT=17;17 ,ii
21665,Ref 1,40.107,91220,51757356.0,48.815425,2252772.5,391.2843868,IT=20;20 ,ii
21670,Ref 1,34.989,82748,52140652.0,48.825072,2488323.8,391.2842733,IT=17;17 ,ii
21671,Ref 1,38.659,92184,50251128.0,48.829295,2299424.5,391.2843525,IT=19;19 ,ii
21674,Ref 1,33.542,83744,50365300.0,48.835235,2425710.0,391.2843207,IT=17;17 ,ii
21675,Ref 1,41.379,91400,48724912.0,48.839504,2224119.2,391.2842891,IT=21;21 ,ii
21676,Ref 1,34.755,86132,47593908.0,48.843399,2281358.0,391.2842919,IT=17;17 ,ii
21677,Ref 1,35.324,88332,49236540.0,48.847551,2393749.5,391.2843535,IT=18;18 ,ii
21679,Ref 1,40.032,90340,47954052.0,48.851989,2184586.2,391.2843054,IT=20;20 ,ii
21680,Ref 1,37.909,87072,45997712.0,48.856122,2314003.2,391.2843566,IT=19;19 ,ii
21683,Ref 1,37.919,87848,45481224.0,48.862412,2306773.0,391.2843071,IT=19;19 ,ii
21684,Ref 1,38.211,84712,39922900.0,48.866576,1990438.4,391.2843218,IT=19;19 ,ii
21685,Ref 1,39.740,89452,45720692.0,48.87077,2359591.2,391.2844126,IT=20;20 ,ii
21686,Ref 1,36.263,84424,44134980.0,48.874705,2393165.8,391.2842906,IT=18;18 ,ii
21687,Ref 1,42.607,88664,42748940.0,48.878968,2130186.8,391.2845075,IT=21;21 ,ii
21690,Ref 1,38.075,82352,43797808.0,48.885283,2398981.0,391.2843565,IT=19;19 ,ii
21691,Ref 1,38.194,84416,42237192.0,48.889449,2200590.0,391.2844222,IT=19;19 ,ii
21696,Ref 1,41.612,86344,42385496.0,48.899184,2274321.8,391.2843419,IT=21;21 ,ii
21697,Ref 1,41.339,86016,40255552.0,48.903353,2070166.2,391.284321,IT=21;21 ,ii
21698,Ref 1,29.861,71296,42909956.0,48.907166,2372424.0,391.2843165,IT=15;15 ,ii
21699,Ref 1,36.762,78836,41663448.0,48.911407,2365155.0,391.2844977,IT=18;18 ,ii
21701,Ref 1,39.280,85332,44375188.0,48.915843,2472780.2,642.3306668,IT=20;20 ,ii
21702,Ref 1,40.445,83252,41736628.0,48.92003,2487305.8,642.3307222,IT=20;20 ,ii
21703,Ref 1,42.914,87720,43147364.0,48.924372,2750360.0,642.3307661,IT=21;21 ,ii
21704,Ref 1,45.350,85436,41408288.0,48.928584,2970286.5,642.330869,IT=23;23 ,ii
21706,Ref 1,40.626,84264,44299784.0,48.933034,3330731.5,642.3307212,IT=20;20 ,ii
21707,Ref 1,34.563,73940,43703304.0,48.937103,3438375.0,642.3305629,IT=17;17 ,ii
21708,Ref 1,35.357,80444,45063304.0,48.941261,3905428.0,642.3304263,IT=18;18 ,ii
21709,Ref 1,36.096,79316,47157400.0,48.94542,4184905.2,642.3305587,IT=18;18 ,ii
21710,Ref 1,36.493,80652,46976888.0,48.949409,4273022.0,642.3305594,IT=18;18 ,ii
21711,Ref 1,31.518,79072,48649640.0,48.953486,4438674.0,642.3304761,IT=16;16 ,ii
21712,Ref 1,36.529,76920,45169148.0,48.957707,4250726.0,642.3306557,IT=18;18 ,ii
21713,Ref 1,33.000,73428,46433740.0,48.961807,4311473.5,642.3306541,IT=17;17 ,ii
21714,Ref 1,35.879,82688,46211176.0,48.965832,4179076.5,642.3307127,IT=18;18 ,ii
21716,Ref 1,40.642,86844,44894520.0,48.970282,3875530.8,642.3307645,IT=20;20 ,ii
21717,Ref 1,33.051,77824,46545980.0,48.974328,3908631.8,642.3305749,IT=17;17 ,ii
21718,Ref 1,33.098,81876,46867260.0,48.978473,3758444.5,642.3306398,IT=17;17 ,ii
21722,Ref 1,35.378,79392,46234748.0,48.986557,3302652.0,642.3306748,IT=18;18 ,ii
21723,Ref 1,39.249,82652,44255452.0,48.990778,3052604.5,642.3307731,IT=20;20 ,ii
21727,Ref 1,35.061,79500,47459852.0,48.998615,2626137.5,642.3305419,IT=18;18 ,ii
21728,Ref 1,33.624,77144,46252804.0,49.002569,2339811.5,642.3304887,IT=17;17 ,ii
21730,Ref 1,35.427,79616,47676032.0,49.006932,2331072.2,391.2843299,IT=18;18 ,ii
21731,Ref 1,32.834,80260,53282396.0,49.011202,2901538.2,851.4576676,IT=16;16 ,ii
21735,Ref 1,30.124,79172,56355356.0,49.018919,3838252.2,851.4573587,IT=15;15 ,ii
21736,Ref 1,26.550,72196,58635340.0,49.022992,4566645.5,851.4574032,IT=13;13 ,ii
21740,Ref 1,24.609,69884,62720056.0,49.030936,5607126.5,851.4572813,IT=12;12 ,ii
21741,Ref 1,25.030,70408,66799628.0,49.034869,6273125.0,851.4575458,IT=13;13 ,ii
21745,Ref 1,24.551,65332,67425688.0,49.042525,7179583.0,851.4573713,IT=12;12 ,ii
21746,Ref 1,19.649,59012,72095872.0,49.046527,7974576.5,851.4573371,IT=9.8;9.8 ,ii
21749,Ref 1,20.292,61576,78141544.0,49.052258,8433352.0,851.4569723,IT=10;10 ,ii
21750,Ref 1,20.625,65316,78143224.0,49.056179,8700495.0,851.4574287,IT=10;10 ,ii
21756,Ref 1,17.770,60220,75467192.0,49.067354,8434698.0,851.4573019,IT=8.9;8.9 ,ii
21762,Ref 1,20.256,66948,80114280.0,49.078592,7855790.5,851.4570273,IT=10;10 ,ii
21763,Ref 1,17.647,54968,69947608.0,49.08246,7077014.0,851.4574008,IT=8.8;8.8 ,ii
21768,Ref 1,22.109,64572,73089560.0,49.091902,5803588.0,851.4567791,IT=11;11 ,ii
21773,Ref 1,21.571,71372,78775952.0,49.10331,5083650.0,851.4567777,IT=11;11 ,ii
21774,Ref 1,18.993,63216,73014056.0,49.107346,4223806.5,851.4570621,IT=9.5;9.5 ,ii
21777,Ref 1,22.563,69052,72322896.0,49.113106,3356048.2,851.4569933,IT=11;11 ,ii
21781,Ref 1,24.978,76044,70558088.0,49.121081,2608702.2,851.4568825,IT=12;12 ,ii
21787,Ref 1,30.728,78336,64383408.0,49.13252,2325180.5,391.2839499,IT=15;15 ,ii
21788,Ref 1,25.892,75716,67330264.0,49.1364,2477274.5,391.2840145,IT=13;13 ,ii
21791,Ref 1,28.305,77240,65463468.0,49.142566,2533303.5,391.2839492,IT=14;14 ,ii
21792,Ref 1,29.646,81808,62918708.0,49.146535,2450131.0,391.2840799,IT=15;15 ,ii
21795,Ref 1,27.057,78268,64997836.0,49.152362,2553965.0,391.2840277,IT=14;14 ,ii
21796,Ref 1,26.846,75048,62475044.0,49.156472,2315800.0,391.2840811,IT=13;13 ,ii
21800,Ref 1,31.885,81664,60361356.0,49.164197,2459635.2,391.2840959,IT=16;16 ,ii
21801,Ref 1,28.972,80060,59485568.0,49.168112,2341359.0,391.2839982,IT=14;14 ,ii
21802,Ref 1,24.336,70356,56183092.0,49.172154,2322207.8,391.2840654,IT=12;12 ,ii
21804,Ref 1,30.850,82132,56330136.0,49.176435,2503760.5,391.2840752,IT=15;15 ,ii
21805,Ref 1,30.055,78248,54031512.0,49.180556,2222075.0,391.2841534,IT=15;15 ,ii
21809,Ref 1,31.849,81540,53801620.0,49.188316,2460936.0,391.2841211,IT=16;16 ,ii
21810,Ref 1,30.074,82664,54127736.0,49.192418,2371255.0,391.2842052,IT=15;15 ,ii
21814,Ref 1,29.472,74084,50825248.0,49.200103,2399807.0,391.2840193,IT=15;15 ,ii
21815,Ref 1,30.964,80420,51113500.0,49.204253,2364894.5,391.2842202,IT=15;15 ,ii
21818,Ref 1,27.017,73140,47442212.0,49.210362,2539991.8,670.9062018,IT=14;14 ,ii
21819,Ref 1,30.508,76836,50994924.0,49.214528,2878428.5,670.9064005,IT=15;15 ,ii
21822,Ref 1,26.831,76668,51678304.0,49.220368,3129586.0,670.9059595,IT=13;13 ,ii
21823,Ref 1,26.846,73904,52114324.0,49.224478,3671323.8,670.9059164,IT=13;13 ,ii
21824,Ref 1,29.362,77464,53831496.0,49.228624,3863490.2,670.9063091,IT=15;15 ,ii
21826,Ref 1,31.758,79620,54563592.0,49.233086,4185449.8,670.9060081,IT=16;16 ,ii
21827,Ref 1,25.971,72372,55659652.0,49.236949,4263411.0,670.9060697,IT=13;13 ,ii
21828,Ref 1,25.453,73132,56727480.0,49.241041,4458849.5,670.9059508,IT=13;13 ,ii
21829,Ref 1,29.847,77076,55700108.0,49.245211,4568643.0,670.9060892,IT=15;15 ,ii
21830,Ref 1,28.339,72880,54153944.0,49.249307,4417917.0,670.9061382,IT=14;14 ,ii
21833,Ref 1,29.564,77996,59473440.0,49.255428,4907787.5,670.9058784,IT=15;15 ,ii
21834,Ref 1,28.307,75464,58983596.0,49.259465,4772392.0,670.9061036,IT=14;14 ,ii
21838,Ref 1,22.637,68920,63178204.0,49.267069,5076774.5,670.9057776,IT=11;11 ,ii
21839,Ref 1,29.698,77668,63580256.0,49.271274,4963882.5,670.9060543,IT=15;15 ,ii
21843,Ref 1,24.986,72024,64724704.0,49.27893,4967147.0,636.8564235,IT=12;12 ,ii
21844,Ref 1,29.695,78640,61234708.0,49.283103,4482890.5,636.8566382,IT=15;15 ,ii
21849,Ref 1,24.108,66716,54796148.0,49.292826,3845768.2,636.8564091,IT=12;12 ,ii
21850,Ref 1,33.666,81140,59404660.0,49.297076,3973878.2,636.8568705,IT=17;17 ,ii
21854,Ref 1,22.590,68980,60309452.0,49.304642,3864620.2,636.8564875,IT=11;11 ,ii
21855,Ref 1,27.614,77964,59023408.0,49.308809,3616264.2,636.8566739,IT=14;14 ,ii
21858,Ref 1,27.778,74208,54307988.0,49.314667,2789733.8,636.8563384,IT=14;14 ,ii
21859,Ref 1,22.103,70332,56697096.0,49.318677,2814571.0,670.9057611,IT=11;11 ,ii
21860,Ref 1,39.061,87924,52546936.0,49.322873,2370591.2,670.9064699,IT=20;20 ,ii
21863,Ref 1,29.873,79984,56930784.0,49.329038,2637976.0,391.2840254,IT=15;15 ,ii
21864,Ref 1,27.214,80248,57135496.0,49.332944,2530970.0,391.2840409,IT=14;14 ,ii
21867,Ref 1,32.137,80152,50770168.0,49.339161,2268568.8,391.2840522,IT=16;16 ,ii
21868,Ref 1,34.227,83060,53004708.0,49.343329,2481145.2,391.2841523,IT=17;17 ,ii
21871,Ref 1,37.803,89116,51316372.0,49.349669,2286167.0,391.284168,IT=19;19 ,ii
21872,Ref 1,31.586,80696,50618392.0,49.353721,2515357.5,391.2842028,IT=16;16 ,ii
21874,Ref 1,29.487,79684,46303272.0,49.357998,2091806.8,391.2839511,IT=15;15 ,ii
21875,Ref 1,35.650,82940,50352456.0,49.362221,2408886.2,391.2842336,IT=18;18 ,ii
21879,Ref 1,30.896,81860,53070400.0,49.37024,2435881.0,807.9468445,IT=15;15 ,ii
21880,Ref 1,35.529,85560,53018240.0,49.374458,2487134.2,807.9471826,IT=18;18 ,ii
21882,Ref 1,31.678,79416,52537088.0,49.378754,2660620.0,807.9469612,IT=16;16 ,ii
21883,Ref 1,30.535,81072,55230152.0,49.382875,2877125.5,807.9468385,IT=15;15 ,ii
21886,Ref 1,30.897,77984,52875660.0,49.388783,2848569.5,807.9466,IT=15;15 ,ii
21887,Ref 1,28.675,74452,52039672.0,49.392702,2953213.5,807.9466675,IT=14;14 ,ii
21888,Ref 1,30.640,74148,49409640.0,49.396856,2731924.8,807.946666,IT=15;15 ,ii
21889,Ref 1,32.923,78624,51074860.0,49.401014,2729301.2,807.9469324,IT=16;16 ,ii
21891,Ref 1,29.880,71860,53060604.0,49.405285,2967038.8,807.9468288,IT=15;15 ,ii
21892,Ref 1,39.697,89180,52958372.0,49.409568,2714548.2,807.9473006,IT=20;20 ,ii
21893,Ref 1,29.077,73396,52435812.0,49.413389,2652949.5,807.9469028,IT=15;15 ,ii
21894,Ref 1,31.516,78928,52142704.0,49.417556,2524988.5,807.9471496,IT=16;16 ,ii
21898,Ref 1,33.932,79364,50123584.0,49.425345,2454963.2,391.2841219,IT=17;17 ,ii
21899,Ref 1,30.252,75768,50189860.0,49.429427,2424872.5,391.284177,IT=15;15 ,ii
21902,Ref 1,31.451,78036,48957240.0,49.435343,2336314.5,391.2840876,IT=16;16 ,ii
21903,Ref 1,34.904,84384,50142676.0,49.439358,2435320.8,391.2840552,IT=17;17 ,ii
21904,Ref 1,31.746,80112,50282940.0,49.443454,2388367.2,391.2840949,IT=16;16 ,ii
21907,Ref 1,33.504,78044,47874988.0,49.44965,2221414.0,391.2839934,IT=17;17 ,ii
21908,Ref 1,33.677,80504,49020852.0,49.453791,2399839.2,391.2841879,IT=17;17 ,ii
21912,Ref 1,34.119,78076,45058800.0,49.461599,2224604.0,391.2841294,IT=17;17 ,ii
21913,Ref 1,35.813,80232,46373536.0,49.465785,2191361.2,391.2841643,IT=18;18 ,ii
21914,Ref 1,35.177,83340,48039476.0,49.469929,2116537.8,391.2842466,IT=18;18 ,ii
21915,Ref 1,31.079,77144,46734324.0,49.474031,2234799.5,391.2841654,IT=16;16 ,ii
21916,Ref 1,35.995,81396,46952504.0,49.478247,2351466.8,391.2842558,IT=18;18 ,ii
21918,Ref 1,32.714,77064,46619332.0,49.482574,2260639.2,391.2841691,IT=16;16 ,ii
21919,Ref 1,32.188,75108,45804744.0,49.486703,2142559.0,391.2841157,IT=16;16 ,ii
21920,Ref 1,32.383,77556,47709900.0,49.490845,2391436.0,391.2841624,IT=16;16 ,ii
21921,Ref 1,34.343,77604,48327348.0,49.49502,2383780.5,391.2842401,IT=17;17 ,ii
21923,Ref 1,31.197,74592,46714656.0,49.499337,2232065.2,391.2840422,IT=16;16 ,ii
21924,Ref 1,30.790,74944,49314860.0,49.50347,2517201.0,391.2840886,IT=15;15 ,ii
21925,Ref 1,34.099,78216,49045140.0,49.507657,2300748.2,391.2842263,IT=17;17 ,ii
21928,Ref 1,31.167,73776,47854080.0,49.513555,2361300.8,391.2839704,IT=16;16 ,ii
21929,Ref 1,31.711,75264,49623980.0,49.517691,2429484.8,391.2840414,IT=16;16 ,ii
21930,Ref 1,26.286,68312,48154920.0,49.521734,2367373.8,391.2841643,IT=13;13 ,ii
21932,Ref 1,33.085,77568,50303468.0,49.526051,2408716.8,391.2839826,IT=17;17 ,ii
21933,Ref 1,30.648,72360,49491940.0,49.530157,2417962.2,391.2841791,IT=15;15 ,ii
21935,Ref 1,31.477,78016,50112160.0,49.534447,2427908.0,391.2839466,IT=16;16 ,ii
21936,Ref 1,29.033,69564,46956476.0,49.538545,2337822.8,391.2841731,IT=15;15 ,ii
21938,Ref 1,33.402,75356,48074556.0,49.543063,2283478.8,391.2840645,IT=17;17 ,ii
21939,Ref 1,30.352,74988,46971316.0,49.546982,2149862.8,391.2840314,IT=15;15 ,ii
21940,Ref 1,33.051,74084,44288304.0,49.551149,2077717.4,391.2841011,IT=17;17 ,ii
21942,Ref 1,26.656,71292,50001072.0,49.555376,2628152.8,391.2840237,IT=13;13 ,ii
21943,Ref 1,31.283,72628,48433984.0,49.559557,2337261.8,391.2841733,IT=16;16 ,ii
21946,Ref 1,34.837,81608,48723788.0,49.565799,2442215.8,391.2841119,IT=17;17 ,ii
21947,Ref 1,32.227,78620,48421532.0,49.569905,2348520.8,391.2840549,IT=16;16 ,ii
21948,Ref 1,33.042,79824,45896576.0,49.57388,2132685.8,391.2841239,IT=17;17 ,ii
21949,Ref 1,32.941,78716,47163004.0,49.578038,2431692.0,391.2842009,IT=16;16 ,ii
21950,Ref 1,38.484,86104,47662888.0,49.58228,2331591.8,391.284222,IT=19;19 ,ii
21951,Ref 1,38.875,84964,45339792.0,49.586455,2115721.0,391.2842128,IT=19;19 ,ii
21952,Ref 1,36.768,79668,44553172.0,49.590686,2365713.5,391.2842781,IT=18;18 ,ii
21954,Ref 1,33.264,81720,46351560.0,49.595021,2358181.2,391.2840994,IT=17;17 ,ii
21955,Ref 1,38.418,84608,44608940.0,49.599242,2221357.8,391.2842681,IT=19;19 ,ii
21956,Ref 1,38.410,81488,43292636.0,49.603413,2283056.0,391.2842374,IT=19;19 ,ii
21957,Ref 1,36.264,78396,42431588.0,49.607557,2262041.0,391.2842243,IT=18;18 ,ii
21958,Ref 1,34.140,80572,42367468.0,49.611509,2175301.0,391.2842863,IT=17;17 ,ii
21961,Ref 1,41.843,82312,38967212.0,49.617569,2105568.8,391.2842505,IT=21;21 ,ii
21962,Ref 1,44.543,87940,41265868.0,49.621636,2162768.8,391.2843738,IT=22;22 ,ii
21965,Ref 1,43.917,87776,38998880.0,49.627777,2110914.0,391.2843155,IT=22;22 ,ii
21966,Ref 1,39.661,84848,39724796.0,49.631713,2299559.8,391.2843087,IT=20;20 ,ii
21967,Ref 1,36.573,81080,38880640.0,49.635823,2084830.9,391.284214,IT=18;18 ,ii
21968,Ref 1,49.131,94112,37799792.0,49.640188,2074201.9,391.2843838,IT=25;25 ,ii
21972,Ref 1,47.400,92688,36216700.0,49.648169,1898798.5,391.2842935,IT=24;24 ,ii
21973,Ref 1,47.485,90532,36763740.0,49.652342,2103205.0,391.2844084,IT=24;24 ,ii
21975,Ref 1,39.738,85576,37921324.0,49.656798,2242892.2,391.2842399,IT=20;20 ,ii
21976,Ref 1,43.741,89320,35854788.0,49.661033,1999994.4,391.2843717,IT=22;22 ,ii
21978,Ref 1,43.967,88232,35767708.0,49.665721,2136575.2,391.2842774,IT=22;22 ,ii
21979,Ref 1,42.245,90212,38588484.0,49.669692,2348557.2,391.2842186,IT=21;21 ,ii
21981,Ref 1,50.000,93656,34447636.0,49.676054,1963816.8,391.2843143,IT=25;25 ,ii
21982,Ref 1,50.000,92488,34975052.0,49.680052,1999223.8,391.2843547,IT=25;25 ,ii
21983,Ref 1,42.613,92620,37642908.0,49.684098,2247434.2,391.2842385,IT=21;21 ,ii
21984,Ref 1,49.860,89812,34928004.0,49.688392,2019418.2,391.2843339,IT=25;25 ,ii
21985,Ref 1,42.690,83672,34246480.0,49.692444,2060920.2,391.2843447,IT=21;21 ,ii
21986,Ref 1,50.000,89112,34745144.0,49.696564,2117585.0,391.2843245,IT=25;25 ,ii
21987,Ref 1,40.173,85528,35139348.0,49.700571,2059677.6,391.2842617,IT=20;20 ,ii
21988,Ref 1,46.710,88400,34523688.0,49.704852,2033983.6,391.2844121,IT=23;23 ,ii
21990,Ref 1,43.484,87564,35376904.0,49.709537,2117475.0,391.2842019,IT=22;22 ,ii
21991,Ref 1,46.820,85740,34230204.0,49.713781,2001374.5,391.2843288,IT=23;23 ,ii
21993,Ref 1,44.854,84384,35392912.0,49.718298,2212461.2,391.2842677,IT=22;22 ,ii
21994,Ref 1,47.728,90688,35685872.0,49.722521,2098137.2,391.2843561,IT=24;24 ,ii
21995,Ref 1,41.881,85592,35496508.0,49.726598,2177358.2,391.2842003,IT=21;21 ,ii
21996,Ref 1,46.023,82796,33863572.0,49.73085,2081672.8,391.2843982,IT=23;23 ,ii
21997,Ref 1,49.142,91120,35251596.0,49.735085,2047542.2,391.2844392,IT=25;25 ,ii
21998,Ref 1,46.835,85440,35255820.0,49.739045,2126220.5,391.2845596,IT=23;23 ,ii
22001,Ref 1,48.116,86148,34567768.0,49.745537,2091918.9,391.2843104,IT=24;24 ,ii
22002,Ref 1,45.002,92084,37131548.0,49.749485,2164293.2,391.2843853,IT=23;23 ,ii
22005,Ref 1,47.598,86956,35567840.0,49.755954,2054225.4,391.2843097,IT=24;24 ,ii
22006,Ref 1,44.629,84372,35725584.0,49.760329,2007159.4,391.2843385,IT=22;22 ,ii
22009,Ref 1,39.765,83960,37463080.0,49.766354,2244704.5,391.2842099,IT=20;20 ,ii
22010,Ref 1,42.247,88952,38123300.0,49.770402,2276864.8,391.2843165,IT=21;21 ,ii
22014,Ref 1,45.329,89068,37486436.0,49.778683,2110829.5,391.2842537,IT=23;23 ,ii
22015,Ref 1,40.409,85180,38043008.0,49.782776,2215168.8,391.2843045,IT=20;20 ,ii
22017,Ref 1,40.795,87240,40586232.0,49.787235,2152284.8,391.2842117,IT=20;20 ,ii
22018,Ref 1,34.642,79184,40329944.0,49.791316,2317349.0,391.2843204,IT=17;17 ,ii
22022,Ref 1,39.865,86416,42199168.0,49.799222,2206298.8,391.2842039,IT=20;20 ,ii
22023,Ref 1,41.279,88328,42501352.0,49.803241,2219689.5,391.2843505,IT=21;21 ,ii
22028,Ref 1,33.373,79416,45070068.0,49.812845,2175655.0,391.2841888,IT=17;17 ,ii
22029,Ref 1,37.245,84376,46694648.0,49.817053,2386984.0,391.2843517,IT=19;19 ,ii
22032,Ref 1,31.117,75828,46375212.0,49.822934,2345596.2,391.2842148,IT=16;16 ,ii
22033,Ref 1,32.187,76740,48041996.0,49.827082,2411157.2,391.2841867,IT=16;16 ,ii
22034,Ref 1,37.150,85284,50681812.0,49.831299,2410621.5,391.2842079,IT=19;19 ,ii
22035,Ref 1,30.278,81456,52641932.0,49.835174,2491939.8,391.2841401,IT=15;15 ,ii
22038,Ref 1,31.254,81532,54575992.0,49.841072,2538178.8,391.2841169,IT=16;16 ,ii
22039,Ref 1,25.933,71740,54245564.0,49.845095,2565619.8,391.2841569,IT=13;13 ,ii
22042,Ref 1,29.776,76468,54029464.0,49.850982,2203242.2,391.2839386,IT=15;15 ,ii
22043,Ref 1,28.686,78808,59196796.0,49.85508,2655510.2,391.2839081,IT=14;14 ,ii
22044,Ref 1,29.966,75488,54997872.0,49.859213,2409164.8,391.2839556,IT=15;15 ,ii
22046,Ref 1,27.819,75208,59975092.0,49.863609,2457980.0,391.2839032,IT=14;14 ,ii
22047,Ref 1,26.342,72612,58009412.0,49.867703,2566202.8,391.283949,IT=13;13 ,ii
22050,Ref 1,23.609,65856,56537300.0,49.873461,2460123.8,391.2838831,IT=12;12 ,ii
22051,Ref 1,29.820,76808,52720528.0,49.877488,2082542.2,391.2840545,IT=15;15 ,ii
22053,Ref 1,23.822,64244,56421908.0,49.881667,2539064.8,391.2839534,IT=12;12 ,ii
22054,Ref 1,26.103,71704,57340060.0,49.885797,2555974.2,391.2839517,IT=13;13 ,ii
22055,Ref 1,27.674,70200,55242100.0,49.889928,2456791.5,391.2840432,IT=14;14 ,ii
22056,Ref 1,26.905,69552,54069188.0,49.893851,2469577.2,391.284016,IT=13;13 ,ii
22057,Ref 1,26.487,69548,56466916.0,49.897949,2730395.8,493.7977764,IT=13;13 ,ii
22062,Ref 1,28.972,72412,51135596.0,49.907492,2388932.8,493.7977562,IT=14;14 ,ii
22063,Ref 1,26.659,69604,54323788.0,49.911574,2842258.0,493.7979366,IT=13;13 ,ii
22066,Ref 1,31.137,74712,49186464.0,49.917776,2441307.0,493.7978353,IT=16;16 ,ii
22067,Ref 1,30.905,76516,49592192.0,49.921903,2452846.8,391.2840694,IT=15;15 ,ii
22068,Ref 1,29.693,72168,46080012.0,49.925846,2285578.2,391.2840518,IT=15;15 ,ii
22069,Ref 1,29.156,71436,44899728.0,49.929971,2345947.8,391.2841369,IT=15;15 ,ii
22070,Ref 1,33.496,74872,45410712.0,49.934163,2484543.2,391.2841099,IT=17;17 ,ii
22071,Ref 1,34.732,80424,44961648.0,49.938321,2240190.2,391.2841543,IT=17;17 ,ii
22072,Ref 1,39.291,82052,42078380.0,49.942373,2125255.0,391.2840901,IT=20;20 ,ii
22073,Ref 1,42.807,86216,41839672.0,49.946615,2299342.8,391.2842583,IT=21;21 ,ii
22076,Ref 1,38.975,80940,38873256.0,49.952948,2096651.2,391.2841151,IT=19;19 ,ii
22077,Ref 1,36.304,79612,37616204.0,49.957073,2153122.2,391.284177,IT=18;18 ,ii
22078,Ref 1,39.011,81152,36252084.0,49.961269,2085005.2,391.284369,IT=20;20 ,ii
22080,Ref 1,47.761,86736,34716192.0,49.965844,2003838.6,391.2842688,IT=24;24 ,ii
22081,Ref 1,46.877,85116,35149288.0,49.97,2107835.0,391.2842562,IT=23;23 ,ii
22082,Ref 1,49.449,90268,34661256.0,49.974042,2026461.8,391.2844027,IT=25;25 ,ii
22085,Ref 1,48.114,90464,34186036.0,49.980242,2024414.1,391.2842758,IT=24;24 ,ii
22086,Ref 1,46.989,89416,34220316.0,49.984221,2180441.5,391.2842545,IT=23;23 ,ii
22087,Ref 1,40.877,82916,34282312.0,49.988296,2071703.1,391.2842283,IT=20;20 ,ii
22088,Ref 1,46.158,85796,32742636.0,49.992556,2043290.9,391.2842992,IT=23;23 ,ii
22089,Ref 1,50.000,92028,34831740.0,49.996796,2180347.8,391.2843304,IT=25;25 ,ii
22091,Ref 1,50.000,91172,32224816.0,50.001592,1853988.4,391.2843558,IT=25;25 ,ii
22092,Ref 1,50.000,88776,30600434.0,50.005594,1972877.2,391.2843169,IT=25;25 ,ii
22093,Ref 1,46.768,88928,33040860.0,50.01,2129735.5,391.2843287,IT=23;23 ,ii
22094,Ref 1,48.539,85116,29426228.0,50.014216,1863276.9,391.2843316,IT=24;24 ,ii
22095,Ref 1,50.000,92544,31901270.0,50.01841,1977228.5,391.2843303,IT=25;25 ,ii
22096,Ref 1,50.000,85076,31638814.0,50.022412,2117027.2,391.2844662,IT=25;25 ,ii
22098,Ref 1,50.000,91664,31873592.0,50.02705,1858355.8,391.2844019,IT=25;25 ,ii
22099,Ref 1,50.000,93100,33038092.0,50.031208,2062173.6,391.2843315,IT=25;25 ,ii
22100,Ref 1,50.000,88488,31842980.0,50.035379,1963045.2,391.2844391,IT=25;25 ,ii
22103,Ref 1,50.000,90524,32557260.0,50.041598,1998999.6,391.2844399,IT=25;25 ,ii
22104,Ref 1,43.541,86608,33156234.0,50.045658,2176936.0,391.2843814,IT=22;22 ,ii
22105,Ref 1,45.045,84820,32514944.0,50.049858,2156572.2,391.2843501,IT=23;23 ,ii
22106,Ref 1,49.151,90940,30992962.0,50.053927,1880925.8,391.2844544,IT=25;25 ,ii
22108,Ref 1,46.653,86296,32553708.0,50.058518,2112155.0,391.2843576,IT=23;23 ,ii
22109,Ref 1,45.011,88976,33696308.0,50.062658,2120441.5,391.2842947,IT=23;23 ,ii
22110,Ref 1,50.000,89200,32227598.0,50.066916,1905474.2,391.2842984,IT=25;25 ,ii
22111,Ref 1,40.160,79640,33723240.0,50.07092,2126437.2,391.2844119,IT=20;20 ,ii
22115,Ref 1,46.882,88484,33419234.0,50.079168,2060090.6,391.2842115,IT=23;23 ,ii
22116,Ref 1,39.846,84152,34368336.0,50.083235,2175662.5,391.2841909,IT=20;20 ,ii
22117,Ref 1,42.050,82860,35303060.0,50.087456,2237960.8,391.284211,IT=21;21 ,ii
22118,Ref 1,50.000,86604,32134102.0,50.091941,1905218.0,391.2842868,IT=25;25 ,ii
22119,Ref 1,44.800,82144,33626324.0,50.096024,2134148.0,391.2842245,IT=22;22 ,ii
22120,Ref 1,44.791,83908,33180258.0,50.100199,1970581.6,391.2842443,IT=22;22 ,ii
22121,Ref 1,50.000,89240,30870742.0,50.104462,1877594.8,391.284325,IT=25;25 ,ii
22122,Ref 1,47.615,85616,33699212.0,50.108589,2117279.8,391.2842605,IT=24;24 ,ii
22123,Ref 1,44.176,81312,33712724.0,50.112533,2128674.0,391.2843146,IT=22;22 ,ii
22125,Ref 1,50.000,86984,32311098.0,50.117141,1925115.8,391.284335,IT=25;25 ,ii
22127,Ref 1,45.647,85964,34066280.0,50.121749,2207940.0,391.284241,IT=23;23 ,ii
22128,Ref 1,44.568,85972,33032714.0,50.12591,2083315.0,391.2843694,IT=22;22 ,ii
22130,Ref 1,47.475,84464,31265516.0,50.130643,1942602.6,391.2842264,IT=24;24 ,ii
22131,Ref 1,48.597,90112,33484478.0,50.134841,2111881.0,391.2842667,IT=24;24 ,ii
22132,Ref 1,44.334,85256,33920368.0,50.138774,2151809.5,391.2843376,IT=22;22 ,ii
22133,Ref 1,44.901,86896,32510390.0,50.142966,2018954.1,391.2842271,IT=22;22 ,ii
22134,Ref 1,47.058,82332,31627458.0,50.147182,2078309.2,391.2843714,IT=24;24 ,ii
22135,Ref 1,47.019,89084,33840960.0,50.151362,2131512.8,391.2844529,IT=24;24 ,ii
22138,Ref 1,50.000,88944,32491852.0,50.157861,1923332.6,391.284399,IT=25;25 ,ii
22139,Ref 1,48.671,87212,33794216.0,50.16202,2033269.2,391.2843251,IT=24;24 ,ii
22143,Ref 1,47.480,86532,35035768.0,50.170322,2117574.5,391.2843231,IT=24;24 ,ii
22144,Ref 1,45.394,88672,36214840.0,50.174711,2241901.0,391.2843381,IT=23;23 ,ii
22147,Ref 1,43.472,88572,36824888.0,50.180799,2121331.5,391.2842253,IT=22;22 ,ii
22148,Ref 1,47.930,85928,36522536.0,50.185045,2040707.0,391.2843518,IT=24;24 ,ii
22153,Ref 1,43.004,86432,39757388.0,50.194815,2203375.5,391.2843225,IT=22;22 ,ii
22156,Ref 1,36.842,83528,42423276.0,50.200822,2335542.8,391.284169,IT=18;18 ,ii
22157,Ref 1,40.961,83244,39515196.0,50.205051,1999006.2,391.2841999,IT=20;20 ,ii
22158,Ref 1,42.086,88456,42869700.0,50.209071,2196778.2,391.284219,IT=21;21 ,ii
22159,Ref 1,34.109,81128,45595356.0,50.213115,2232009.2,391.284252,IT=17;17 ,ii
22161,Ref 1,35.538,82296,46438048.0,50.217474,2236601.8,391.2842088,IT=18;18 ,ii
22162,Ref 1,36.083,84732,47568000.0,50.221634,2322903.2,391.2841837,IT=18;18 ,ii
22165,Ref 1,31.836,75380,49978708.0,50.227557,2421160.2,391.2840891,IT=16;16 ,ii
22166,Ref 1,28.732,74628,51406212.0,50.231638,2447640.8,391.284145,IT=14;14 ,ii
22170,Ref 1,30.364,74328,50743348.0,50.239628,2467950.8,391.284028,IT=15;15 ,ii
22171,Ref 1,30.572,76168,51761228.0,50.243759,2355284.5,391.2839929,IT=15;15 ,ii
22172,Ref 1,30.068,75136,51207312.0,50.247873,2273838.5,391.2840396,IT=15;15 ,ii
22173,Ref 1,28.618,73372,52984680.0,50.25198,2315603.8,391.2839749,IT=14;14 ,ii
22177,Ref 1,28.917,72912,52496764.0,50.259936,2367855.2,391.2839582,IT=14;14 ,ii
22178,Ref 1,27.344,71612,53112140.0,50.264038,2453118.8,391.2840565,IT=14;14 ,ii
22183,Ref 1,26.274,72088,53407084.0,50.273561,2371230.0,391.2839421,IT=13;13 ,ii
22184,Ref 1,27.821,72872,54235200.0,50.277523,2396409.5,391.2839556,IT=14;14 ,ii
22188,Ref 1,24.460,68648,54700912.0,50.285444,2456343.0,391.2839151,IT=12;12 ,ii
22189,Ref 1,25.001,72332,56367880.0,50.289544,2468704.0,391.2839706,IT=13;13 ,ii
22191,Ref 1,24.100,68760,59075136.0,50.293721,2545951.8,391.283944,IT=12;12 ,ii
22192,Ref 1,27.166,70924,54203456.0,50.297861,2321662.8,391.2841673,IT=14;14 ,ii
22194,Ref 1,25.907,71148,57223288.0,50.30206,2541483.8,391.2839293,IT=13;13 ,ii
22195,Ref 1,25.667,72904,58153032.0,50.306154,2462592.8,391.2840194,IT=13;13 ,ii
22197,Ref 1,28.947,73640,53668852.0,50.310585,2334039.0,391.2839846,IT=14;14 ,ii
22198,Ref 1,26.115,71304,54606800.0,50.314483,2468573.5,391.284021,IT=13;13 ,ii
22200,Ref 1,26.082,74072,57238460.0,50.318698,2834502.0,552.2923134,IT=13;13 ,ii
22201,Ref 1,27.964,76524,56186936.0,50.322839,2914965.2,552.292373,IT=14;14 ,ii
22205,Ref 1,23.108,67128,50371248.0,50.330746,2613872.8,552.2923258,IT=12;12 ,ii
22206,Ref 1,34.721,74172,46457336.0,50.335037,2289599.8,552.2924362,IT=17;17 ,ii
22209,Ref 1,27.722,72216,50370024.0,50.341181,2582775.8,552.2922175,IT=14;14 ,ii
22210,Ref 1,28.859,66928,45705452.0,50.345323,2395291.0,552.292539,IT=14;14 ,ii
22212,Ref 1,29.606,72276,48521264.0,50.349602,2610882.8,552.2923654,IT=15;15 ,ii
22213,Ref 1,28.532,75160,50178688.0,50.353716,2693124.5,552.2922746,IT=14;14 ,ii
22214,Ref 1,30.602,71636,42869920.0,50.357702,2270093.8,391.284233,IT=15;15 ,ii
22217,Ref 1,27.279,68524,42044100.0,50.36352,2333476.5,391.2841783,IT=14;14 ,ii
22218,Ref 1,25.184,65880,42132764.0,50.367425,2322342.0,391.2840823,IT=13;13 ,ii
22219,Ref 1,39.360,78104,39994796.0,50.371754,2075950.0,391.2843081,IT=20;20 ,ii
22223,Ref 1,30.774,69440,38488844.0,50.379752,2170795.8,391.2842039,IT=15;15 ,ii
22224,Ref 1,29.708,73004,38855136.0,50.383687,2183383.0,391.2841923,IT=15;15 ,ii
22227,Ref 1,37.872,80820,39267136.0,50.390012,2277531.5,391.284209,IT=19;19 ,ii
22228,Ref 1,38.870,80240,38174248.0,50.394199,2164158.5,391.2841877,IT=19;19 ,ii
22229,Ref 1,38.737,77992,37093188.0,50.39837,2147267.5,391.2842244,IT=19;19 ,ii
22230,Ref 1,39.064,80860,37621344.0,50.402547,2269373.2,391.2842764,IT=20;20 ,ii
22231,Ref 1,36.883,74052,35615284.0,50.406685,2076299.8,391.2842903,IT=18;18 ,ii
22232,Ref 1,40.619,83316,37437200.0,50.410741,2135751.8,391.2842726,IT=20;20 ,ii
22233,Ref 1,37.657,80596,38141320.0,50.414874,2214852.5,391.2843355,IT=19;19 ,ii
22236,Ref 1,44.650,83864,35310476.0,50.421258,2008340.1,391.2843069,IT=22;22 ,ii
22237,Ref 1,33.094,70380,37396516.0,50.425441,2271228.5,391.2842527,IT=17;17 ,ii
22238,Ref 1,38.369,79960,37376104.0,50.429678,2021102.4,391.2842947,IT=19;19 ,ii
22239,Ref 1,34.929,72452,34063324.0,50.433795,1946261.4,391.2842539,IT=17;17 ,ii
22240,Ref 1,36.772,77260,39401336.0,50.437803,2299852.0,391.2844502,IT=18;18 ,ii
22243,Ref 1,38.891,77252,37385800.0,50.44412,2128409.8,391.2843257,IT=19;19 ,ii
22244,Ref 1,41.385,83232,37581292.0,50.448151,2160364.5,391.284351,IT=21;21 ,ii
22245,Ref 1,35.741,78312,39587028.0,50.45223,2306538.0,391.2842951,IT=18;18 ,ii
22247,Ref 1,41.338,83192,37197828.0,50.456705,2104602.0,391.2843531,IT=21;21 ,ii
22248,Ref 1,46.106,83520,36621320.0,50.460957,2078872.6,391.2843492,IT=23;23 ,ii
22249,Ref 1,36.867,80656,38432416.0,50.464805,2241453.2,391.2841647,IT=18;18 ,ii
22251,Ref 1,40.697,81848,38172388.0,50.469272,2080005.0,391.2843258,IT=20;20 ,ii
22252,Ref 1,39.111,79944,34924752.0,50.473422,2070037.9,391.2844009,IT=20;20 ,ii
22255,Ref 1,40.951,85244,39175568.0,50.479768,2264355.8,391.2843339,IT=20;20 ,ii
22256,Ref 1,33.968,72580,33297670.0,50.483824,1959958.1,391.2842513,IT=17;17 ,ii
22257,Ref 1,44.651,82940,35057736.0,50.48814,2060032.6,391.2844944,IT=22;22 ,ii
22259,Ref 1,38.245,79256,36581412.0,50.492722,2272501.8,391.2843961,IT=19;19 ,ii
22260,Ref 1,35.247,76896,35171372.0,50.496661,2094842.5,391.2843119,IT=18;18 ,ii
22261,Ref 1,40.296,82300,36872816.0,50.500899,2190282.2,391.2843118,IT=20;20 ,ii
22262,Ref 1,37.625,79020,36852056.0,50.505028,2083190.1,391.2842596,IT=19;19 ,ii
22266,Ref 1,36.397,78988,37930300.0,50.514842,2316700.5,391.2842688,IT=18;18 ,ii
22267,Ref 1,34.701,76336,38656412.0,50.518972,2263707.0,391.2842946,IT=17;17 ,ii
22268,Ref 1,37.316,81932,39993220.0,50.52299,2294368.0,391.2844175,IT=19;19 ,ii
22272,Ref 1,34.286,81096,41261312.0,50.530805,2264334.2,391.2842224,IT=17;17 ,ii
22273,Ref 1,42.014,80952,38460028.0,50.535082,2041434.6,391.2843858,IT=21;21 ,ii
22276,Ref 1,32.554,72724,41934932.0,50.541269,2338010.5,391.2842748,IT=16;16 ,ii
22277,Ref 1,30.834,69676,40691836.0,50.545384,2182133.5,391.2842699,IT=15;15 ,ii
22278,Ref 1,29.083,70076,40924772.0,50.549315,2119671.0,391.2843015,IT=15;15 ,ii
22281,Ref 1,31.914,74000,44831928.0,50.555503,2450628.2,391.2841747,IT=16;16 ,ii
22282,Ref 1,26.185,64036,40840832.0,50.55954,2236302.0,391.2842139,IT=13;13 ,ii
22283,Ref 1,31.585,71100,42555292.0,50.56373,2315267.2,391.2842642,IT=16;16 ,ii
22284,Ref 1,32.502,74760,44470620.0,50.567875,2305330.2,391.2842915,IT=16;16 ,ii
22285,Ref 1,31.948,71064,44697152.0,50.572002,2362082.5,391.2842977,IT=16;16 ,ii
22288,Ref 1,33.608,72576,42077016.0,50.578223,2250800.2,391.2842167,IT=17;17 ,ii
22289,Ref 1,31.160,71552,42610592.0,50.582152,2113732.2,391.2842279,IT=16;16 ,ii
22290,Ref 1,28.386,68080,42315312.0,50.586236,2367497.5,391.2841191,IT=14;14 ,ii
22293,Ref 1,29.463,73352,44081416.0,50.594107,2319308.2,391.2841623,IT=15;15 ,ii
22294,Ref 1,33.552,79584,43726636.0,50.598127,2323360.5,391.284193,IT=17;17 ,ii
22297,Ref 1,36.233,81296,43545160.0,50.604369,2303866.8,391.2842505,IT=18;18 ,ii
22298,Ref 1,33.520,79420,42833024.0,50.608306,2148505.5,391.28417,IT=17;17 ,ii
22299,Ref 1,29.816,69716,40063540.0,50.612381,2159706.2,391.2841176,IT=15;15 ,ii
22300,Ref 1,32.158,71484,42226504.0,50.616546,2423418.5,391.2842301,IT=16;16 ,ii
22304,Ref 1,32.987,72820,38653240.0,50.624606,2103889.0,391.2842159,IT=16;16 ,ii
22305,Ref 1,35.063,73920,40434228.0,50.628773,2365665.0,391.2841877,IT=18;18 ,ii
22306,Ref 1,40.978,84104,39814960.0,50.633019,2158623.2,391.2842363,IT=20;20 ,ii
22307,Ref 1,37.965,75928,37405664.0,50.637167,2008915.8,391.2842251,IT=19;19 ,ii
22308,Ref 1,43.031,89588,41153256.0,50.641408,2227208.2,391.2843937,IT=22;22 ,ii
22312,Ref 1,43.600,85084,38428132.0,50.64935,2031934.2,391.2842138,IT=22;22 ,ii
22313,Ref 1,37.149,78840,39536784.0,50.653419,2221137.5,391.2842725,IT=19;19 ,ii
22318,Ref 1,41.031,84196,39218144.0,50.663452,2213866.0,391.2843163,IT=21;21 ,ii
22319,Ref 1,37.736,82484,40323344.0,50.6674,2259657.8,391.2843782,IT=19;19 ,ii
22322,Ref 1,40.421,81288,37939612.0,50.673727,2110700.2,391.2842647,IT=20;20 ,ii
22323,Ref 1,38.759,80892,39053636.0,50.678,2245495.5,391.2843372,IT=19;19 ,ii
22325,Ref 1,34.737,79916,41458936.0,50.682345,2251733.0,391.2842502,IT=17;17 ,ii
22326,Ref 1,38.967,79556,38163072.0,50.68656,2127926.5,391.2843296,IT=19;19 ,ii
22329,Ref 1,34.033,72796,37274216.0,50.692491,2110378.2,391.2842784,IT=17;17 ,ii
22330,Ref 1,41.406,83576,39028716.0,50.696756,2116485.0,391.2843692,IT=21;21 ,ii
22334,Ref 1,35.995,85156,41477424.0,50.70486,2295547.8,391.2842171,IT=18;18 ,ii
22335,Ref 1,38.392,85228,40985720.0,50.708889,2211714.5,391.2842993,IT=19;19 ,ii
22336,Ref 1,37.742,85324,40487004.0,50.713047,2137649.2,391.2843665,IT=19;19 ,ii
22338,Ref 1,35.511,75600,39410980.0,50.717589,2285590.8,391.2842561,IT=18;18 ,ii
22339,Ref 1,36.888,79312,39605296.0,50.721766,2017023.9,391.2843023,IT=18;18 ,ii
22342,Ref 1,35.923,81016,41707744.0,50.728035,2238438.5,391.2842651,IT=18;18 ,ii
22343,Ref 1,33.929,75600,40145672.0,50.732172,2192678.5,391.2842707,IT=17;17 ,ii
22346,Ref 1,34.721,77232,40221700.0,50.738406,2109470.2,391.2842611,IT=17;17 ,ii
22347,Ref 1,32.864,78240,43440784.0,50.742362,2364358.8,391.284366,IT=16;16 ,ii
22350,Ref 1,36.033,81424,40288628.0,50.748601,2045098.0,391.2841558,IT=18;18 ,ii
22351,Ref 1,33.923,81408,44530052.0,50.752547,2262322.8,391.2842535,IT=17;17 ,ii
22354,Ref 1,30.158,78196,46558316.0,50.758732,2289952.5,391.284135,IT=15;15 ,ii
22355,Ref 1,34.598,79084,47282836.0,50.762884,2222388.0,391.2841911,IT=17;17 ,ii
22358,Ref 1,30.123,74316,49926244.0,50.768751,2418585.0,391.2839877,IT=15;15 ,ii
22359,Ref 1,28.482,76400,52310624.0,50.772674,2290680.5,391.2840002,IT=14;14 ,ii
22360,Ref 1,28.009,73100,55612284.0,50.776778,2403284.8,391.2840946,IT=14;14 ,ii
22361,Ref 1,20.026,60856,56670988.0,50.780766,2803620.8,391.283988,IT=10;10 ,ii
22362,Ref 1,22.128,63380,52227384.0,50.784697,2515496.2,738.8762267,IT=11;11 ,ii
22366,Ref 1,23.279,62724,57345384.0,50.792584,3222290.2,738.875932,IT=12;12 ,ii
22367,Ref 1,24.726,67152,60521764.0,50.79669,3417384.0,738.8760636,IT=12;12 ,ii
22368,Ref 1,15.553,52860,60142172.0,50.800474,3774070.2,738.8759497,IT=7.8;7.8 ,ii
22372,Ref 1,19.713,55056,58726572.0,50.808286,3878571.0,738.875893,IT=9.9;9.9 ,ii
22373,Ref 1,18.499,58420,64530468.0,50.812353,4151560.5,738.8760558,IT=9.2;9.2 ,ii
22375,Ref 1,20.022,57828,60668580.0,50.816445,4122197.2,738.8760416,IT=10;10 ,ii
22376,Ref 1,18.078,61592,69931568.0,50.820478,4490870.0,738.8759084,IT=9;9 ,ii
22377,Ref 1,23.970,64868,59952736.0,50.824634,4195066.5,738.8759558,IT=12;12 ,ii
22378,Ref 1,23.530,61748,57053288.0,50.828707,3901351.5,738.8760262,IT=12;12 ,ii
22379,Ref 1,22.343,62628,60004688.0,50.832605,4022108.5,738.8761058,IT=11;11 ,ii
22380,Ref 1,22.344,63620,58282348.0,50.836684,3888958.0,738.8759527,IT=11;11 ,ii
22381,Ref 1,18.035,51772,51305536.0,50.840692,3372035.5,738.8761455,IT=9;9 ,ii
22384,Ref 1,22.360,59008,48244760.0,50.84644,2944990.8,738.8761266,IT=11;11 ,ii
22385,Ref 1,26.552,63704,47143560.0,50.85059,2686578.2,738.8764098,IT=13;13 ,ii
22387,Ref 1,26.989,68220,50772508.0,50.854971,2610042.8,738.8762079,IT=13;13 ,ii
22388,Ref 1,31.079,74292,48815748.0,50.858971,2429192.8,738.8763977,IT=16;16 ,ii
22389,Ref 1,30.983,77252,47790972.0,50.8631,2323984.0,391.2842016,IT=15;15 ,ii
22392,Ref 1,32.236,78440,46629580.0,50.8693,2381474.8,391.2842,IT=16;16 ,ii
22393,Ref 1,32.043,75572,46275504.0,50.873428,2245636.0,391.2841727,IT=16;16 ,ii
22398,Ref 1,30.610,75832,43194160.0,50.883246,2234494.5,391.2841047,IT=15;15 ,ii
22399,Ref 1,34.807,83464,43031472.0,50.887442,2135851.2,391.2841736,IT=17;17 ,ii
22400,Ref 1,33.202,83852,45361356.0,50.891394,2299285.2,391.2841614,IT=17;17 ,ii
22401,Ref 1,31.343,78432,41640864.0,50.895513,2248180.0,391.2842116,IT=16;16 ,ii
22404,Ref 1,35.970,86140,41961960.0,50.901494,2197017.8,391.2841924,IT=18;18 ,ii
22408,Ref 1,36.296,84860,43220124.0,50.909338,2245581.8,391.2841487,IT=18;18 ,ii
22409,Ref 1,31.620,82172,44094064.0,50.913417,2125076.2,391.2841569,IT=16;16 ,ii
22411,Ref 1,37.407,89952,47119452.0,50.917815,2454262.0,391.2842032,IT=19;19 ,ii
22412,Ref 1,32.470,86868,45269880.0,50.921892,2234894.2,391.2841508,IT=16;16 ,ii
22417,Ref 1,30.807,81600,45957584.0,50.933433,2216162.0,391.2841914,IT=15;15 ,ii
22418,Ref 1,28.748,73292,43683648.0,50.937529,2140913.0,391.28421,IT=14;14 ,ii
22421,Ref 1,29.864,81180,48007244.0,50.943402,2230871.2,391.2841818,IT=15;15 ,ii
22422,Ref 1,29.044,78460,48010384.0,50.947512,2309018.8,391.2842047,IT=15;15 ,ii
22426,Ref 1,32.705,78952,45708500.0,50.955331,2196442.2,391.2841286,IT=16;16 ,ii
22427,Ref 1,28.826,77648,47465648.0,50.959402,2369276.8,391.284198,IT=14;14 ,ii
22430,Ref 1,32.836,81940,46734424.0,50.96536,2093982.1,391.28409,IT=16;16 ,ii
22431,Ref 1,30.009,77580,48940184.0,50.969446,2520835.2,391.2841861,IT=15;15 ,ii
22435,Ref 1,30.846,80388,48615816.0,50.977468,2339008.0,391.2841346,IT=15;15 ,ii
22436,Ref 1,28.620,75260,47171328.0,50.981385,2316046.2,391.284138,IT=14;14 ,ii
22440,Ref 1,28.581,78876,48669168.0,50.989368,2363546.2,391.2840979,IT=14;14 ,ii
22441,Ref 1,33.167,81052,46821248.0,50.993558,2347448.8,391.2842088,IT=17;17 ,ii
22444,Ref 1,30.657,77816,47433840.0,50.999708,2260817.0,391.28409,IT=15;15 ,ii
22445,Ref 1,34.190,83176,46411456.0,51.003727,2249209.5,391.2840732,IT=17;17 ,ii
22449,Ref 1,32.220,85148,46527252.0,51.013464,2173093.5,391.2839641,IT=16;16 ,ii
22450,Ref 1,34.527,84940,45929668.0,51.017633,2165092.2,391.284147,IT=17;17 ,ii
22454,Ref 1,34.315,85540,47592416.0,51.02546,2214981.2,391.2840906,IT=17;17 ,ii
22455,Ref 1,29.893,78084,44710204.0,51.02936,2255204.0,391.2841778,IT=15;15 ,ii
22459,Ref 1,34.551,83836,43903812.0,51.037193,2182600.5,391.2841463,IT=17;17 ,ii
22460,Ref 1,41.807,88380,43499776.0,51.041462,2054038.8,391.2842356,IT=21;21 ,ii
22463,Ref 1,33.165,82768,44092792.0,51.047703,2285386.0,391.2840264,IT=17;17 ,ii
22464,Ref 1,45.610,94612,43012056.0,51.051878,2049853.1,391.2842989,IT=23;23 ,ii
22467,Ref 1,31.176,79772,44455244.0,51.058064,2347317.0,391.2841239,IT=16;16 ,ii
22468,Ref 1,38.943,85524,42444092.0,51.062151,2175338.2,391.2841244,IT=19;19 ,ii
22469,Ref 1,40.170,87476,40652864.0,51.066343,2065763.9,391.2842299,IT=20;20 ,ii
22470,Ref 1,31.193,77856,42897312.0,51.070378,2166188.2,391.284189,IT=16;16 ,ii
22475,Ref 1,33.296,83968,42951944.0,51.080022,2227608.2,391.2841622,IT=17;17 ,ii
22476,Ref 1,34.456,84268,42924692.0,51.084182,2271856.0,391.2843518,IT=17;17 ,ii
22479,Ref 1,32.840,82784,41995548.0,51.090374,2069371.1,391.2841331,IT=16;16 ,ii
22480,Ref 1,33.383,83472,42446040.0,51.094522,2260902.0,391.2841908,IT=17;17 ,ii
22484,Ref 1,33.114,82568,42008696.0,51.102263,2211576.8,391.2840686,IT=17;17 ,ii
22485,Ref 1,41.774,94204,42653044.0,51.106543,2153400.0,391.2843454,IT=21;21 ,ii
22488,Ref 1,34.849,80596,42802472.0,51.112788,2229981.0,391.2840718,IT=17;17 ,ii
22489,Ref 1,35.650,83304,42703592.0,51.116953,2129877.2,391.2841427,IT=18;18 ,ii
22490,Ref 1,31.403,81300,44799076.0,51.120874,2199128.8,391.2840122,IT=16;16 ,ii
22491,Ref 1,26.010,74396,44602840.0,51.124922,2224879.2,391.2841871,IT=13;13 ,ii
22495,Ref 1,34.638,85932,46530784.0,51.132738,2289971.5,391.2841453,IT=17;17 ,ii
22496,Ref 1,30.538,79492,45974264.0,51.136642,2263957.5,391.2841575,IT=15;15 ,ii
22497,Ref 1,25.224,77964,51177080.0,51.140701,2370416.0,391.2840681,IT=13;13 ,ii
22501,Ref 1,27.214,78504,49587680.0,51.148642,2309114.2,391.284101,IT=14;14 ,ii
22502,Ref 1,30.563,83140,49972936.0,51.152638,2279553.5,559.8448319,IT=15;15 ,ii
22503,Ref 1,26.913,73520,48203284.0,51.156705,2202403.0,391.2841132,IT=13;13 ,ii
22506,Ref 1,29.389,84436,52780000.0,51.162869,2345535.2,559.8448053,IT=15;15 ,ii
22507,Ref 1,26.338,77872,53051096.0,51.166936,2313989.8,391.2841304,IT=13;13 ,ii
22511,Ref 1,25.371,78028,52448268.0,51.174838,2279486.5,391.2841091,IT=13;13 ,ii
22517,Ref 1,30.006,85444,51956136.0,51.188315,2196278.2,391.2840538,IT=15;15 ,ii
22518,Ref 1,33.917,91344,52137020.0,51.192507,2094854.5,391.28439,IT=17;17 ,ii
22523,Ref 1,29.495,85204,50503088.0,51.202105,2230296.2,391.2843051,IT=15;15 ,ii
22528,Ref 1,31.887,87488,50126796.0,51.211669,2382968.8,391.2842143,IT=16;16 ,ii
22529,Ref 1,30.664,86452,47489588.0,51.215617,2174253.2,391.284191,IT=15;15 ,ii
22533,Ref 1,33.371,83540,47027448.0,51.223444,2223684.8,391.2842126,IT=17;17 ,ii
22534,Ref 1,28.632,81936,46075128.0,51.227502,2184106.5,391.2843414,IT=14;14 ,ii
22537,Ref 1,31.857,86184,46549772.0,51.233688,2200332.8,391.2842505,IT=16;16 ,ii
22538,Ref 1,35.962,90028,46917456.0,51.237719,2307130.5,391.284373,IT=18;18 ,ii
22541,Ref 1,31.023,83184,45264068.0,51.243908,2132883.0,391.2841513,IT=16;16 ,ii
22542,Ref 1,30.188,82280,45117672.0,51.247858,2283591.8,391.28427,IT=15;15 ,ii
22545,Ref 1,29.353,82456,43201160.0,51.254025,2060726.9,391.2841719,IT=15;15 ,ii
22546,Ref 1,38.365,91588,42971748.0,51.258308,2186191.8,391.2843617,IT=19;19 ,ii
22549,Ref 1,36.696,91684,43208876.0,51.264317,2243099.8,391.2842287,IT=18;18 ,ii
22550,Ref 1,37.465,92512,41295904.0,51.268481,2082832.4,391.284306,IT=19;19 ,ii
22553,Ref 1,36.188,93124,43719260.0,51.27446,2324402.8,391.2842833,IT=18;18 ,ii
22554,Ref 1,39.970,92744,40031244.0,51.278687,1971865.8,391.2843033,IT=20;20 ,ii
22555,Ref 1,33.269,87740,43291460.0,51.28275,2240744.5,391.2843478,IT=17;17 ,ii
22561,Ref 1,36.577,91676,43433232.0,51.294264,2060389.9,391.2843404,IT=18;18 ,ii
22562,Ref 1,32.880,88504,48273236.0,51.298362,2228751.5,391.2843004,IT=16;16 ,ii
22569,Ref 1,30.283,87484,49260844.0,51.311543,2309860.2,391.2842518,IT=15;15 ,ii
22575,Ref 1,29.886,89152,53222900.0,51.322933,2254907.5,391.2841843,IT=15;15 ,ii
22576,Ref 1,25.564,85016,53895736.0,51.326991,2353541.5,391.2841794,IT=13;13 ,ii
22585,Ref 1,27.059,86044,55595072.0,51.343847,2219223.2,391.2840544,IT=14;14 ,ii
22591,Ref 1,27.546,84144,54872496.0,51.357183,2129359.8,391.2840953,IT=14;14 ,ii
22592,Ref 1,24.436,82024,56305392.0,51.361231,2413561.0,391.2842471,IT=12;12 ,ii
22597,Ref 1,25.187,80376,52871176.0,51.370716,2334766.0,391.2840707,IT=13;13 ,ii
22600,Ref 1,22.676,77320,53226188.0,51.376457,2259088.5,391.2840979,IT=11;11 ,ii
22601,Ref 1,23.825,78292,52001348.0,51.380558,2155710.0,391.2840471,IT=12;12 ,ii
22602,Ref 1,26.095,82700,54330468.0,51.38468,2334611.5,391.2841819,IT=13;13 ,ii
22606,Ref 1,28.575,85932,51954272.0,51.392691,2116688.8,391.2840778,IT=14;14 ,ii
22607,Ref 1,28.150,85836,55277936.0,51.396797,2529120.2,391.2841052,IT=14;14 ,ii
22610,Ref 1,27.818,86996,51955504.0,51.402655,2305669.2,391.2841586,IT=14;14 ,ii
22615,Ref 1,33.186,89644,49786608.0,51.412284,2294665.2,391.284202,IT=17;17 ,ii
22616,Ref 1,27.853,83176,47567360.0,51.416332,2093250.4,391.2842102,IT=14;14 ,ii
22620,Ref 1,29.714,85840,49232200.0,51.424049,2283071.8,391.284119,IT=15;15 ,ii
22621,Ref 1,35.344,93024,48262700.0,51.428265,2264267.2,391.2842265,IT=18;18 ,ii
22624,Ref 1,31.358,84196,45552264.0,51.434168,2133722.5,391.2842797,IT=16;16 ,ii
22630,Ref 1,33.987,93592,50018144.0,51.445665,2274937.0,391.2841854,IT=17;17 ,ii
22631,Ref 1,31.940,88388,51520504.0,51.449774,2424621.5,391.2842473,IT=16;16 ,ii
22634,Ref 1,30.951,89280,51220768.0,51.455703,2117106.8,391.2840067,IT=15;15 ,ii
22635,Ref 1,28.947,84440,55398336.0,51.459799,2388448.8,391.2842411,IT=14;14 ,ii
22638,Ref 1,24.775,74592,57991048.0,51.465605,2309673.5,966.5901337,IT=12;12 ,ii
22644,Ref 1,20.786,71880,77069368.0,51.476853,4776507.0,966.5897093,IT=10;10 ,ii
22650,Ref 1,14.895,63164,105033580.0,51.487934,8583410.0,966.589255,IT=7.4;7.4 ,ii
22651,Ref 1,12.060,56324,113617570.0,51.491932,10834648.0,966.5890276,IT=6;6 ,ii
22659,Ref 1,9.883,48332,137612820.0,51.506713,15894106.0,966.5888462,IT=4.9;4.9 ,ii
22664,Ref 1,8.708,47312,164189570.0,51.516911,19503426.0,966.5889342,IT=4.4;4.4 ,ii
22669,Ref 1,8.418,45936,164077940.0,51.52614,19272924.0,966.5889503,IT=4.2;4.2 ,ii
22676,Ref 1,9.547,50052,137971360.0,51.539092,14479608.0,966.5890248,IT=4.8;4.8 ,ii
22685,Ref 1,14.825,64388,103352960.0,51.555806,7598028.0,966.5893542,IT=7.4;7.4 ,ii
22693,Ref 1,17.159,68104,74948688.0,51.570708,3465294.8,966.5897391,IT=8.6;8.6 ,ii
22698,Ref 1,19.668,78056,72195504.0,51.58011,2626920.8,391.2840695,IT=9.8;9.8 ,ii
22703,Ref 1,20.256,73256,60188588.0,51.589541,2256227.8,391.2839203,IT=10;10 ,ii
22704,Ref 1,18.264,72588,65529428.0,51.593577,2603792.5,391.2841274,IT=9.1;9.1 ,ii
22707,Ref 1,21.757,76844,59947140.0,51.59935,2348600.0,391.2839608,IT=11;11 ,ii
22708,Ref 1,23.140,83284,62408028.0,51.603452,2642576.2,391.2841808,IT=12;12 ,ii
22713,Ref 1,21.698,76264,54794708.0,51.61287,2339424.2,391.2841339,IT=11;11 ,ii
22714,Ref 1,29.062,87376,53579036.0,51.61691,2347329.5,391.2842343,IT=15;15 ,ii
22716,Ref 1,25.587,81788,52124664.0,51.621102,2238400.2,391.2840786,IT=13;13 ,ii
22717,Ref 1,27.284,86088,55125148.0,51.625229,2391122.5,391.2842909,IT=14;14 ,ii
22721,Ref 1,21.794,75392,49515596.0,51.632833,2038404.0,391.2841409,IT=11;11 ,ii
22726,Ref 1,20.742,75144,55693828.0,51.642583,2426301.8,391.2839973,IT=10;10 ,ii
22727,Ref 1,22.558,73760,56875900.0,51.646687,2661688.5,549.3141649,IT=11;11 ,ii
22730,Ref 1,21.494,73548,59659172.0,51.65241,3932426.5,549.3141083,IT=11;11 ,ii
22734,Ref 1,17.272,65952,67918616.0,51.659889,6610155.0,549.3139999,IT=8.6;8.6 ,ii
22735,Ref 1,12.341,53972,72868032.0,51.663701,8585527.0,549.3140896,IT=6.2;6.2 ,ii
22741,Ref 1,12.405,52528,92075392.0,51.674814,15177735.0,549.3141066,IT=6.2;6.2 ,ii
22747,Ref 1,11.136,45612,94279232.0,51.685899,18325488.0,549.3139946,IT=5.6;5.6 ,ii
22750,Ref 1,10.445,47432,98847056.0,51.693609,19080662.0,549.3140161,IT=5.2;5.2 ,ii
22751,Ref 1,11.379,54972,113316280.0,51.697601,21565278.0,549.3139473,IT=5.7;5.7 ,ii
22755,Ref 1,13.000,52576,95160824.0,51.706018,17579478.0,549.3139722,IT=6.5;6.5 ,ii
22756,Ref 1,17.427,61104,81158312.0,51.710118,12720930.0,549.3141023,IT=8.7;8.7 ,ii
22759,Ref 1,15.697,61480,81205848.0,51.715805,11672581.0,549.3139525,IT=7.8;7.8 ,ii
22760,Ref 1,14.315,61236,76855096.0,51.71983,9600944.0,549.3142179,IT=7.2;7.2 ,ii
22763,Ref 1,19.830,72736,78358064.0,51.725534,8362693.0,549.3140887,IT=9.9;9.9 ,ii
22764,Ref 1,19.455,75160,78703464.0,51.729595,6954098.0,549.3142912,IT=9.7;9.7 ,ii
22770,Ref 1,21.151,75588,70245464.0,51.740878,3219730.2,549.314129,IT=11;11 ,ii
22771,Ref 1,22.463,78952,72212416.0,51.744803,3480743.2,919.4016121,IT=11;11 ,ii
22776,Ref 1,24.270,82188,71130864.0,51.754278,3781125.2,919.4014764,IT=12;12 ,ii
22782,Ref 1,26.990,84412,66396244.0,51.767638,3897957.0,919.4017724,IT=13;13 ,ii
22783,Ref 1,21.146,76192,65584324.0,51.77148,3923777.0,919.4012852,IT=11;11 ,ii
22784,Ref 1,23.717,79100,62509196.0,51.775594,3489397.0,919.401748,IT=12;12 ,ii
22785,Ref 1,22.976,82340,61814888.0,51.779667,3333086.0,919.4017179,IT=11;11 ,ii
22790,Ref 1,23.827,83636,59411908.0,51.789149,2687125.2,919.4015902,IT=12;12 ,ii
22794,Ref 1,28.834,86332,55218536.0,51.797184,2143158.8,391.2841316,IT=14;14 ,ii
22795,Ref 1,34.547,95084,55081912.0,51.801394,2219574.2,391.2842692,IT=17;17 ,ii
22800,Ref 1,26.593,83352,49703492.0,51.811152,2091577.5,391.2840603,IT=13;13 ,ii
22801,Ref 1,31.733,90636,53340604.0,51.815344,2319108.8,391.2842051,IT=16;16 ,ii
22807,Ref 1,28.696,91204,52886040.0,51.826725,2319911.8,391.2841509,IT=14;14 ,ii
22808,Ref 1,31.259,88484,51752072.0,51.83089,2346029.8,391.2842576,IT=16;16 ,ii
22811,Ref 1,35.421,93572,49645176.0,51.836875,2141173.8,391.2842346,IT=18;18 ,ii
22812,Ref 1,28.957,87236,51066072.0,51.840746,2315889.8,391.2842574,IT=14;14 ,ii
22816,Ref 1,28.997,84928,50446000.0,51.848736,2134652.5,391.2842548,IT=14;14 ,ii
22822,Ref 1,29.590,89624,49041220.0,51.860129,2112235.8,391.2842485,IT=15;15 ,ii
22828,Ref 1,27.192,94812,52855064.0,51.871486,2218390.0,391.2841874,IT=14;14 ,ii
22832,Ref 1,21.650,74448,51937252.0,51.879056,2487371.2,391.2840578,IT=11;11 ,ii
22833,Ref 1,27.826,83032,50717136.0,51.883067,2262819.5,391.2841614,IT=14;14 ,ii
22839,Ref 1,24.128,82704,54127920.0,51.894348,2437105.2,391.2840479,IT=12;12 ,ii
22846,Ref 1,27.525,83132,50381984.0,51.907564,2327433.5,391.2841304,IT=14;14 ,ii
22851,Ref 1,27.841,85736,49966748.0,51.917066,2218817.5,391.2840843,IT=14;14 ,ii
22856,Ref 1,33.787,91404,44203364.0,51.926681,2043566.5,391.2841652,IT=17;17 ,ii
22860,Ref 1,37.085,98056,43219268.0,51.935512,2132175.8,391.284126,IT=19;19 ,ii
22861,Ref 1,36.928,95256,43866864.0,51.939677,2207104.5,391.2843135,IT=18;18 ,ii
22864,Ref 1,32.622,90304,42889608.0,51.945864,2197089.5,391.2841696,IT=16;16 ,ii
22865,Ref 1,34.711,95328,44400384.0,51.950031,2144915.5,391.2841411,IT=17;17 ,ii
22866,Ref 1,44.562,101044,42888860.0,51.954339,2064057.6,391.2844031,IT=22;22 ,ii
22870,Ref 1,34.702,88964,47334744.0,51.962408,2237592.2,694.3883542,IT=17;17 ,ii
22871,Ref 1,25.921,78756,50721100.0,51.96641,2628721.0,694.388184,IT=13;13 ,ii
22877,Ref 1,20.649,68332,65039348.0,51.977622,3872583.8,694.3881221,IT=10;10 ,ii
22883,Ref 1,16.509,62976,80900792.0,51.988733,9318016.0,595.3340762,IT=8.3;8.3 ,ii
22884,Ref 1,12.285,53200,87963936.0,51.992724,12216422.0,595.3343235,IT=6.1;6.1 ,ii
22887,Ref 1,10.262,51984,118137340.0,51.998255,19756814.0,595.3342478,IT=5.1;5.1 ,ii
22896,Ref 1,10.865,49016,108209360.0,52.014826,22806562.0,595.3340214,IT=5.4;5.4 ,ii
22903,Ref 1,11.188,48884,98453712.0,52.029739,19795782.0,595.3340925,IT=5.6;5.6 ,ii
22909,Ref 1,14.619,55280,74144216.0,52.040863,11449409.0,595.3343195,IT=7.3;7.3 ,ii
22915,Ref 1,14.916,60736,70583440.0,52.051995,8385922.5,595.334144,IT=7.5;7.5 ,ii
22916,Ref 1,18.705,63160,59882584.0,52.056109,5769747.0,595.3343634,IT=9.4;9.4 ,ii
22918,Ref 1,19.882,66172,58423912.0,52.06037,4742049.5,595.3344252,IT=9.9;9.9 ,ii
22919,Ref 1,19.423,66184,54319864.0,52.064432,3965363.2,595.3345726,IT=9.7;9.7 ,ii
22921,Ref 1,26.381,78144,53062108.0,52.068636,3125549.2,595.3346214,IT=13;13 ,ii
22922,Ref 1,27.083,75740,50555864.0,52.072749,2590853.2,595.33453,IT=14;14 ,ii
22923,Ref 1,28.298,84608,54023872.0,52.076876,2488866.2,391.2839858,IT=14;14 ,ii
22924,Ref 1,30.083,81984,49847708.0,52.080855,2192101.0,391.2841215,IT=15;15 ,ii
22927,Ref 1,29.699,86728,49175860.0,52.086726,2181406.5,391.2840121,IT=15;15 ,ii
22928,Ref 1,32.741,85440,46779352.0,52.090842,2172143.2,391.2841045,IT=16;16 ,ii
22929,Ref 1,34.330,88040,45793876.0,52.095003,2280890.5,391.2840873,IT=17;17 ,ii
22930,Ref 1,47.810,100784,43737508.0,52.099373,1896086.0,391.2843172,IT=24;24 ,ii
22932,Ref 1,40.316,91316,42712452.0,52.104005,2060675.9,391.2842312,IT=20;20 ,ii
22933,Ref 1,34.773,90108,45558576.0,52.107915,2393621.0,391.2843055,IT=17;17 ,ii
22937,Ref 1,36.988,85916,41005396.0,52.115746,2063170.0,391.284242,IT=18;18 ,ii
22938,Ref 1,37.392,91728,42710904.0,52.119921,2318124.2,391.2843116,IT=19;19 ,ii
22940,Ref 1,31.860,89020,42923432.0,52.124405,2059544.6,391.2842403,IT=16;16 ,ii
22941,Ref 1,33.834,87684,41194684.0,52.128398,2112178.0,391.2842263,IT=17;17 ,ii
22942,Ref 1,38.610,88360,41146396.0,52.132619,2267005.8,391.2843963,IT=19;19 ,ii
22946,Ref 1,50.000,102252,38251372.0,52.14069,1839861.9,391.2843485,IT=25;25 ,ii
22947,Ref 1,39.840,93068,40304364.0,52.14469,2143679.0,391.2843348,IT=20;20 ,ii
22950,Ref 1,39.389,92000,40748204.0,52.150709,2121942.5,391.284192,IT=20;20 ,ii
22951,Ref 1,34.922,89152,40412976.0,52.154632,2145162.0,391.2841565,IT=17;17 ,ii
22952,Ref 1,34.829,95624,44157012.0,52.158771,2341497.0,391.2843178,IT=17;17 ,ii
22955,Ref 1,34.993,90436,41586688.0,52.165017,2128531.5,391.2841772,IT=17;17 ,ii
22956,Ref 1,41.340,94584,42371652.0,52.169265,2124071.8,391.2843566,IT=21;21 ,ii
22961,Ref 1,33.921,92292,42976560.0,52.17919,2003743.0,391.2841552,IT=17;17 ,ii
22962,Ref 1,33.840,90688,46897588.0,52.183325,2354188.0,391.2843648,IT=17;17 ,ii
22967,Ref 1,38.165,94908,45784648.0,52.192998,2149538.2,391.2841995,IT=19;19 ,ii
22968,Ref 1,30.728,86308,48335808.0,52.196862,2551238.8,391.2842785,IT=15;15 ,ii
22972,Ref 1,33.807,86184,43093752.0,52.204646,2230955.8,391.2841875,IT=17;17 ,ii
22973,Ref 1,35.229,89324,43138024.0,52.208639,2191859.0,391.2842524,IT=18;18 ,ii
22976,Ref 1,35.110,87124,39800584.0,52.214885,2017590.6,391.2840418,IT=18;18 ,ii
22977,Ref 1,34.235,86540,38864452.0,52.21885,2082094.9,391.2842329,IT=17;17 ,ii
22979,Ref 1,39.086,95764,40447172.0,52.223269,2208158.5,391.2841813,IT=20;20 ,ii
22980,Ref 1,36.708,94736,38822108.0,52.227406,2023484.4,391.2841027,IT=18;18 ,ii
22981,Ref 1,45.458,100348,37188228.0,52.23171,2105199.5,391.2842501,IT=23;23 ,ii
22983,Ref 1,42.160,95484,37662192.0,52.236379,2219608.8,391.2842212,IT=21;21 ,ii
22984,Ref 1,43.715,100616,36841072.0,52.240406,2021575.2,391.2842266,IT=22;22 ,ii
22985,Ref 1,48.058,98056,35326300.0,52.244664,2119123.2,391.2843059,IT=24;24 ,ii
22986,Ref 1,42.775,92912,35702364.0,52.248748,2214161.0,391.2843184,IT=21;21 ,ii
22988,Ref 1,50.000,103596,34161536.0,52.253529,1895502.6,391.2843065,IT=25;25 ,ii
22989,Ref 1,40.741,95704,35688876.0,52.257835,2057045.4,391.2842179,IT=20;20 ,ii
22990,Ref 1,39.397,89188,34796136.0,52.261989,1969425.5,391.2842619,IT=20;20 ,ii
22991,Ref 1,41.531,94416,36309404.0,52.266195,2051025.1,391.2843578,IT=21;21 ,ii
22996,Ref 1,37.426,94384,38285620.0,52.276143,2066823.6,391.2842351,IT=19;19 ,ii
22997,Ref 1,38.553,93136,40545744.0,52.280322,2268623.2,391.2842144,IT=19;19 ,ii
23000,Ref 1,43.271,97936,39544144.0,52.286408,2162166.8,391.2844183,IT=22;22 ,ii
23005,Ref 1,39.324,94844,41626312.0,52.296112,2218149.5,391.2843682,IT=20;20 ,ii
23010,Ref 1,42.668,91228,38035428.0,52.305874,1951484.0,391.2842549,IT=21;21 ,ii
23011,Ref 1,36.013,91464,42503976.0,52.309939,2224749.2,391.2841218,IT=18;18 ,ii
23012,Ref 1,45.237,97024,41579864.0,52.314247,2096290.4,391.2843269,IT=23;23 ,ii
23015,Ref 1,38.860,91608,41446452.0,52.320603,2196543.5,391.2842617,IT=19;19 ,ii
23016,Ref 1,36.566,91476,43557960.0,52.324728,2291485.2,391.2842883,IT=18;18 ,ii
23017,Ref 1,32.057,79356,38948488.0,52.328809,2044186.5,391.2842603,IT=16;16 ,ii
23019,Ref 1,36.410,84128,39863792.0,52.333359,2172941.5,391.2842646,IT=18;18 ,ii
23020,Ref 1,34.291,81944,40193712.0,52.337472,2171212.2,391.2839917,IT=17;17 ,ii
23023,Ref 1,28.695,78696,42606852.0,52.345343,2242365.8,391.2841672,IT=14;14 ,ii
23024,Ref 1,34.992,82472,41175608.0,52.349561,2364590.5,771.9052702,IT=17;17 ,ii
23028,Ref 1,33.016,81300,42339752.0,52.357322,2523689.0,771.9050058,IT=17;17 ,ii
23029,Ref 1,30.630,79404,41958528.0,52.361416,2587869.8,771.9051737,IT=15;15 ,ii
23032,Ref 1,37.237,83620,40346500.0,52.367716,2466969.8,771.9049888,IT=19;19 ,ii
23033,Ref 1,32.503,81208,41026692.0,52.371813,2324093.2,771.905184,IT=16;16 ,ii
23034,Ref 1,32.262,83080,40964684.0,52.375943,2205407.8,391.2841473,IT=16;16 ,ii
23036,Ref 1,30.732,79460,38847212.0,52.380413,2189078.0,391.2841553,IT=15;15 ,ii
23037,Ref 1,32.400,80200,37993972.0,52.384397,2187516.8,391.2842251,IT=16;16 ,ii
23038,Ref 1,37.420,91568,39274484.0,52.388615,2234930.8,391.284221,IT=19;19 ,ii
23039,Ref 1,32.956,79864,35968560.0,52.392707,2016142.8,391.2843037,IT=16;16 ,ii
23041,Ref 1,36.492,85692,37303112.0,52.397267,2048626.5,391.2843178,IT=18;18 ,ii
23042,Ref 1,40.027,93504,38431136.0,52.401324,2105917.5,391.2843254,IT=20;20 ,ii
23045,Ref 1,44.870,94168,36178888.0,52.407469,1979973.9,391.284372,IT=22;22 ,ii
23048,Ref 1,39.252,93480,39235144.0,52.413519,2141552.8,391.2842804,IT=20;20 ,ii
23049,Ref 1,42.080,98868,40539036.0,52.417734,2112205.8,391.2843591,IT=21;21 ,ii
23054,Ref 1,40.500,99712,40995728.0,52.427421,2063506.2,391.2842508,IT=20;20 ,ii
23059,Ref 1,33.160,90256,42347504.0,52.438969,2232465.2,391.284139,IT=17;17 ,ii
23060,Ref 1,40.254,99812,42252380.0,52.443057,2155953.8,391.2842908,IT=20;20 ,ii
23065,Ref 1,40.155,97668,41587908.0,52.452782,2069570.9,391.2841269,IT=20;20 ,ii
23066,Ref 1,32.739,91132,42949644.0,52.456832,2102051.0,391.2842174,IT=16;16 ,ii
23072,Ref 1,40.998,97808,41265600.0,52.468421,2033437.4,391.2842118,IT=20;20 ,ii
23073,Ref 1,39.951,99204,44587676.0,52.472575,2314707.2,391.2843193,IT=20;20 ,ii
23076,Ref 1,34.199,91396,43791704.0,52.478806,2147199.5,391.2841311,IT=17;17 ,ii
23077,Ref 1,35.886,91856,43936308.0,52.482979,2101838.8,391.2842198,IT=18;18 ,ii
23079,Ref 1,36.209,94432,43719696.0,52.487529,2244642.2,391.2841576,IT=18;18 ,ii
23080,Ref 1,34.941,92668,44334992.0,52.49149,2062860.4,391.2841452,IT=17;17 ,ii
23081,Ref 1,35.539,93132,43680508.0,52.495646,2064973.1,391.2841614,IT=18;18 ,ii
23085,Ref 1,31.746,85524,44192620.0,52.503402,2077711.8,391.2841696,IT=16;16 ,ii
23086,Ref 1,39.056,93572,45848020.0,52.507635,2168623.0,391.284209,IT=20;20 ,ii
23090,Ref 1,34.273,90872,46136668.0,52.515421,2186673.0,391.2842111,IT=17;17 ,ii
23094,Ref 1,34.809,92344,47021984.0,52.523242,2288955.5,391.2841396,IT=17;17 ,ii
23095,Ref 1,34.014,87620,46831480.0,52.527381,2333430.5,391.2842147,IT=17;17 ,ii
23099,Ref 1,28.987,86388,47706392.0,52.535098,2346316.5,391.2840138,IT=14;14 ,ii
23100,Ref 1,30.108,85792,47963316.0,52.53906,2315059.5,391.2841626,IT=15;15 ,ii
23103,Ref 1,31.038,86360,48198704.0,52.54526,2162611.5,391.2840496,IT=16;16 ,ii
23104,Ref 1,22.688,73680,51436344.0,52.549079,2268654.0,391.2841184,IT=11;11 ,ii
23107,Ref 1,29.225,83948,50710240.0,52.554943,2168260.5,391.2840471,IT=15;15 ,ii
23108,Ref 1,27.783,78288,51378556.0,52.559037,2252799.8,391.2841209,IT=14;14 ,ii
23112,Ref 1,23.655,69856,47840688.0,52.566647,2218416.2,483.7521283,IT=12;12 ,ii
23113,Ref 1,30.970,84260,49782084.0,52.570693,2435546.8,483.7523583,IT=15;15 ,ii
23115,Ref 1,21.238,69672,54424912.0,52.574835,2902112.2,483.7521577,IT=11;11 ,ii
23116,Ref 1,30.027,81692,50527404.0,52.579054,2483481.2,483.7523086,IT=15;15 ,ii
23117,Ref 1,31.295,81980,51447528.0,52.58321,2417554.2,483.7523954,IT=16;16 ,ii
23119,Ref 1,28.220,81616,49149160.0,52.587466,2329694.8,391.2841073,IT=14;14 ,ii
23120,Ref 1,25.797,81380,51818056.0,52.591541,2448833.8,391.2841487,IT=13;13 ,ii
23124,Ref 1,27.542,80676,46479732.0,52.599489,2277879.5,391.2841545,IT=14;14 ,ii
23125,Ref 1,28.660,80840,44876312.0,52.603445,2438323.5,391.2841941,IT=14;14 ,ii
23129,Ref 1,32.253,86740,42774468.0,52.611208,2297749.0,391.2841732,IT=16;16 ,ii
23130,Ref 1,34.833,86896,40844140.0,52.615383,2183834.8,391.2843307,IT=17;17 ,ii
23133,Ref 1,34.790,86988,38001236.0,52.621624,2011747.6,391.28419,IT=17;17 ,ii
23134,Ref 1,32.301,89288,41977984.0,52.625741,2390652.5,391.2843209,IT=16;16 ,ii
23140,Ref 1,36.764,91084,37882268.0,52.637243,2007461.8,391.2842493,IT=18;18 ,ii
23141,Ref 1,34.957,86900,39245884.0,52.641199,2038399.1,391.2842345,IT=17;17 ,ii
23142,Ref 1,32.192,81476,36655976.0,52.645299,1889225.9,391.28427,IT=16;16 ,ii
23143,Ref 1,35.141,91380,40242240.0,52.649482,2179233.8,391.2843341,IT=18;18 ,ii
23147,Ref 1,36.672,90528,37398084.0,52.657566,1902080.1,391.2841649,IT=18;18 ,ii
23148,Ref 1,36.947,92012,40076576.0,52.661557,2076521.8,391.2842285,IT=18;18 ,ii
23151,Ref 1,33.841,91808,44403812.0,52.667763,2362535.2,391.2841479,IT=17;17 ,ii
23152,Ref 1,37.373,85008,36220524.0,52.671976,1875380.0,391.284231,IT=19;19 ,ii
23155,Ref 1,29.860,83264,43737872.0,52.677841,2270661.5,391.2840778,IT=15;15 ,ii
23160,Ref 1,24.465,75488,47245088.0,52.687324,2174173.5,391.2840686,IT=12;12 ,ii
23161,Ref 1,23.771,71956,57844700.0,52.691405,3062957.2,493.805498,IT=12;12 ,ii
23163,Ref 1,22.257,70936,61820364.0,52.695709,3739582.0,493.8052361,IT=11;11 ,ii
23164,Ref 1,18.962,66116,70175400.0,52.699565,4906515.0,493.8055185,IT=9.5;9.5 ,ii
23168,Ref 1,15.035,58152,87924400.0,52.707046,6501868.0,493.8053106,IT=7.5;7.5 ,ii
23169,Ref 1,16.060,65808,114481690.0,52.711103,8968791.0,493.8054378,IT=8;8 ,ii
23174,Ref 1,10.467,49492,115367830.0,52.720317,9949324.0,911.4032009,IT=5.2;5.2 ,ii
23177,Ref 1,10.815,50160,132924530.0,52.728021,11832663.0,911.4035021,IT=5.4;5.4 ,ii
23184,Ref 1,11.380,47100,107677300.0,52.740955,9960591.0,911.4033999,IT=5.7;5.7 ,ii
23190,Ref 1,13.486,57196,103654550.0,52.752044,8942023.0,498.8077529,IT=6.7;6.7 ,ii
23191,Ref 1,19.644,65432,85695224.0,52.756186,6516136.0,498.808003,IT=9.8;9.8 ,ii
23193,Ref 1,20.601,64036,70045704.0,52.762042,4041052.0,498.8080144,IT=10;10 ,ii
23194,Ref 1,22.589,72672,67379928.0,52.766159,3460924.0,498.8080256,IT=11;11 ,ii
23195,Ref 1,26.215,75956,57696924.0,52.770304,2495372.2,498.8081202,IT=13;13 ,ii
23196,Ref 1,25.432,74952,56282436.0,52.774223,2505694.2,391.2841413,IT=13;13 ,ii
23200,Ref 1,28.997,81188,49837628.0,52.781931,2331739.2,391.2840203,IT=14;14 ,ii
23201,Ref 1,24.176,73992,50038360.0,52.785969,2605439.8,391.2841483,IT=12;12 ,ii
23203,Ref 1,35.219,88596,46476044.0,52.790344,2439757.5,391.2841046,IT=18;18 ,ii
23204,Ref 1,26.013,76284,42182996.0,52.794346,2166299.2,391.2841098,IT=13;13 ,ii
23205,Ref 1,30.240,80044,40734408.0,52.798515,2130258.8,391.2841212,IT=15;15 ,ii
23206,Ref 1,42.582,95824,41331496.0,52.802854,2251046.8,391.2842377,IT=21;21 ,ii
23207,Ref 1,34.430,86428,40705160.0,52.806892,2199862.5,391.2843073,IT=17;17 ,ii
23209,Ref 1,42.488,92620,37258316.0,52.811387,1973255.1,391.2840859,IT=21;21 ,ii
23210,Ref 1,36.929,89512,39065492.0,52.815469,2176644.2,391.2843112,IT=18;18 ,ii
23213,Ref 1,42.653,98604,39078988.0,52.821842,2054214.9,391.2842458,IT=21;21 ,ii
23214,Ref 1,37.370,94012,41223436.0,52.825929,2381761.0,391.2841619,IT=19;19 ,ii
23215,Ref 1,33.961,87056,39443524.0,52.830037,2246074.8,391.2842978,IT=17;17 ,ii
23218,Ref 1,38.495,94696,39390620.0,52.836362,2100405.8,391.2842633,IT=19;19 ,ii
23219,Ref 1,30.460,83720,38344352.0,52.840485,2128785.0,391.284224,IT=15;15 ,ii
23220,Ref 1,33.875,87916,39328880.0,52.844677,2154428.8,391.2843153,IT=17;17 ,ii
23224,Ref 1,27.155,80404,41382240.0,52.852331,2359378.5,391.2840322,IT=14;14 ,ii
23225,Ref 1,39.863,95016,45281724.0,52.856656,2308507.2,391.2842362,IT=20;20 ,ii
23228,Ref 1,38.171,92692,43249784.0,52.862654,2101659.0,391.2843091,IT=19;19 ,ii
23233,Ref 1,28.891,83460,47493508.0,52.872197,2297699.0,391.2840447,IT=14;14 ,ii
23234,Ref 1,25.855,77916,44133812.0,52.876264,2245232.2,391.2841549,IT=13;13 ,ii
23238,Ref 1,29.648,81312,42707908.0,52.884018,2014288.4,391.284059,IT=15;15 ,ii
23239,Ref 1,35.229,86552,41581284.0,52.888231,2131695.5,391.2842759,IT=18;18 ,ii
23241,Ref 1,31.362,81780,41030168.0,52.892697,2281229.5,391.2841759,IT=16;16 ,ii
23242,Ref 1,40.655,88296,36977640.0,52.896979,2013024.9,391.2843158,IT=20;20 ,ii
23245,Ref 1,31.822,81096,40092512.0,52.902874,2310118.0,391.2841392,IT=16;16 ,ii
23246,Ref 1,35.266,89444,41758120.0,52.906891,2427443.5,391.2841052,IT=18;18 ,ii
23247,Ref 1,31.274,80368,40346180.0,52.91097,2236900.5,391.2841469,IT=16;16 ,ii
23252,Ref 1,34.882,81088,37165056.0,52.92092,2035834.5,391.2840617,IT=17;17 ,ii
23253,Ref 1,36.755,84332,38316712.0,52.925131,2185443.8,391.284144,IT=18;18 ,ii
23257,Ref 1,23.707,73316,46297824.0,52.932739,2606297.2,572.8114667,IT=12;12 ,ii
23258,Ref 1,30.637,76324,39989608.0,52.936941,2426099.8,572.811571,IT=15;15 ,ii
23262,Ref 1,30.779,76240,42762248.0,52.94467,2402286.5,572.8114346,IT=15;15 ,ii
23263,Ref 1,30.314,85280,48606256.0,52.948789,2540557.2,572.811335,IT=15;15 ,ii
23264,Ref 1,23.310,72848,45030816.0,52.952793,2393428.0,391.2841411,IT=12;12 ,ii
23266,Ref 1,31.165,80264,41527960.0,52.957272,2122618.0,391.2839749,IT=16;16 ,ii
23267,Ref 1,32.251,78804,38885700.0,52.961251,2015174.6,391.2841273,IT=16;16 ,ii
23270,Ref 1,32.389,83068,42466216.0,52.967172,2307353.2,391.283995,IT=16;16 ,ii
23271,Ref 1,29.982,79016,39136784.0,52.971099,2170160.8,391.2842206,IT=15;15 ,ii
23274,Ref 1,44.686,92492,39390256.0,52.977207,2115387.8,391.2842676,IT=22;22 ,ii
23277,Ref 1,37.672,86192,38286804.0,52.983247,2074806.1,391.2840793,IT=19;19 ,ii
23278,Ref 1,36.311,83512,39908672.0,52.987209,1992000.5,391.2839822,IT=18;18 ,ii
23279,Ref 1,32.592,83524,42842656.0,52.991301,2314456.5,391.2841384,IT=16;16 ,ii
23281,Ref 1,41.343,90808,42166292.0,52.99579,2177443.8,391.2840643,IT=21;21 ,ii
23282,Ref 1,30.831,80504,39656152.0,52.999788,1943721.5,391.2840214,IT=15;15 ,ii
23283,Ref 1,27.841,78384,45431096.0,53.003697,2386268.2,391.2840273,IT=14;14 ,ii
23288,Ref 1,35.133,91180,49662440.0,53.015324,2491437.2,391.2840111,IT=18;18 ,ii
23289,Ref 1,29.904,79596,46875072.0,53.01922,2430641.0,391.2840422,IT=15;15 ,ii
23291,Ref 1,34.230,86552,45996040.0,53.02358,2146632.0,391.2840467,IT=17;17 ,ii
23292,Ref 1,35.456,90392,46172520.0,53.027744,2263852.5,391.2840747,IT=18;18 ,ii
23293,Ref 1,29.236,82960,46896984.0,53.031792,2392488.5,391.283886,IT=15;15 ,ii
23294,Ref 1,35.063,93472,46562648.0,53.035838,2260127.0,391.2840896,IT=18;18 ,ii
23298,Ref 1,26.680,79584,45212208.0,53.043757,2420685.2,391.2839141,IT=13;13 ,ii
23299,Ref 1,34.600,92388,45682232.0,53.047992,2283740.8,391.2840575,IT=17;17 ,ii
23303,Ref 1,34.072,91056,44815296.0,53.055803,2381903.2,391.2839244,IT=17;17 ,ii
23304,Ref 1,34.605,94412,43650096.0,53.059957,2181808.2,391.284093,IT=17;17 ,ii
23308,Ref 1,35.949,95652,43995500.0,53.0678,2234323.5,391.2839948,IT=18;18 ,ii
23309,Ref 1,37.025,97992,43577900.0,53.071805,2193492.2,391.2840829,IT=19;19 ,ii
23312,Ref 1,31.275,93396,44725580.0,53.077715,2404163.2,391.2840915,IT=16;16 ,ii
23317,Ref 1,33.180,92372,43616148.0,53.08735,2260082.0,391.2840078,IT=17;17 ,ii
23318,Ref 1,31.303,87864,42548904.0,53.091456,2298875.0,391.2839167,IT=16;16 ,ii
23319,Ref 1,32.455,85968,40494376.0,53.095604,2252299.5,391.2839966,IT=16;16 ,ii
23320,Ref 1,32.681,89140,40789856.0,53.099573,2131538.0,391.2839311,IT=16;16 ,ii
23321,Ref 1,27.441,79336,41205232.0,53.103619,2223805.0,391.2839251,IT=14;14 ,ii
23322,Ref 1,34.074,86348,39830692.0,53.10784,2234747.8,391.2841454,IT=17;17 ,ii
23324,Ref 1,36.153,89576,40262996.0,53.112377,2133241.2,391.2841343,IT=18;18 ,ii
23325,Ref 1,33.644,86512,38932872.0,53.116494,2216442.0,391.2842156,IT=17;17 ,ii
23327,Ref 1,37.476,88896,36416476.0,53.120888,2169923.0,391.2840875,IT=19;19 ,ii
23328,Ref 1,36.097,86332,37227952.0,53.125025,2065117.6,391.2839964,IT=18;18 ,ii
23329,Ref 1,44.144,95172,36180440.0,53.129319,2093936.9,391.2843083,IT=22;22 ,ii
23331,Ref 1,34.583,87108,36863288.0,53.13385,2116188.8,391.2840914,IT=17;17 ,ii
23332,Ref 1,47.217,101512,35837940.0,53.138206,1950149.2,391.2843746,IT=24;24 ,ii
23335,Ref 1,42.218,92164,35633640.0,53.144606,2208510.0,391.2840919,IT=21;21 ,ii
23336,Ref 1,39.050,89856,36470120.0,53.148725,2259387.8,391.2841629,IT=20;20 ,ii
23337,Ref 1,42.402,93408,33040932.0,53.152773,1921228.6,391.2842106,IT=21;21 ,ii
23338,Ref 1,42.184,95976,36009924.0,53.156941,2217840.5,391.2842033,IT=21;21 ,ii
23339,Ref 1,40.902,91244,35511316.0,53.161098,2146789.5,391.284265,IT=20;20 ,ii
23343,Ref 1,38.680,88604,35106372.0,53.168939,2062353.8,391.284161,IT=19;19 ,ii
23344,Ref 1,38.213,86828,35488060.0,53.173093,2121608.0,391.2841359,IT=19;19 ,ii
23345,Ref 1,50.000,100736,36560076.0,53.177543,2162962.2,391.2842277,IT=25;25 ,ii
23346,Ref 1,38.928,89016,37168876.0,53.181531,2224669.8,391.2841021,IT=19;19 ,ii
23347,Ref 1,33.752,86112,39303052.0,53.185616,2198170.2,391.284188,IT=17;17 ,ii
23350,Ref 1,32.834,82964,40173100.0,53.191829,2184486.5,391.2839655,IT=16;16 ,ii
23351,Ref 1,30.916,84120,41230740.0,53.195766,2362721.8,391.2840082,IT=15;15 ,ii
23354,Ref 1,34.668,90144,44400300.0,53.201724,2316668.8,391.2838962,IT=17;17 ,ii
23355,Ref 1,33.357,85660,41900868.0,53.205677,2279258.8,391.2839834,IT=17;17 ,ii
23356,Ref 1,31.351,86728,44062512.0,53.209791,2453054.8,391.2838904,IT=16;16 ,ii
23357,Ref 1,33.125,84120,39567932.0,53.213945,2058553.1,391.283985,IT=17;17 ,ii
23359,Ref 1,30.157,81268,42280424.0,53.218406,2317905.2,391.283879,IT=15;15 ,ii
23360,Ref 1,32.202,86820,42978780.0,53.222397,2342375.5,391.2840024,IT=16;16 ,ii
23362,Ref 1,32.654,85824,41065492.0,53.226728,2003639.6,391.2838727,IT=16;16 ,ii
23363,Ref 1,40.889,95228,42375028.0,53.230995,2238366.5,391.2840484,IT=20;20 ,ii
23364,Ref 1,32.420,87948,42392652.0,53.235028,2292275.8,391.2839363,IT=16;16 ,ii
23365,Ref 1,33.717,84472,39432548.0,53.239185,2088653.4,391.2839005,IT=17;17 ,ii
23366,Ref 1,33.304,86020,42593976.0,53.243164,2345984.2,391.2839456,IT=17;17 ,ii
23367,Ref 1,32.737,84344,42817964.0,53.247282,2394051.0,391.2840274,IT=16;16 ,ii
23368,Ref 1,46.091,100376,41293172.0,53.251645,2102953.2,391.2841596,IT=23;23 ,ii
23371,Ref 1,36.138,88640,40280020.0,53.257614,2321542.2,391.2841193,IT=18;18 ,ii
23374,Ref 1,34.021,85832,37865628.0,53.263545,2093758.5,391.2839734,IT=17;17 ,ii
23375,Ref 1,43.467,95476,38542316.0,53.267849,2247731.0,391.284156,IT=22;22 ,ii
23376,Ref 1,40.922,93688,37639872.0,53.271991,2218071.5,391.2842772,IT=20;20 ,ii
23379,Ref 1,37.023,90368,36741668.0,53.278259,2111200.5,391.284046,IT=19;19 ,ii
23380,Ref 1,37.269,85952,35982364.0,53.282424,2132495.0,391.2841134,IT=19;19 ,ii
23382,Ref 1,38.936,92424,37279676.0,53.287022,2155883.0,391.2840494,IT=19;19 ,ii
23383,Ref 1,47.064,93300,34523976.0,53.291155,1916514.1,391.2841624,IT=24;24 ,ii
23385,Ref 1,41.483,92272,36898984.0,53.295649,2211244.8,391.284081,IT=21;21 ,ii
23386,Ref 1,30.432,76672,34487632.0,53.299638,2143097.0,391.2840161,IT=15;15 ,ii
23387,Ref 1,33.315,86336,38053168.0,53.303822,2338572.0,391.2841204,IT=17;17 ,ii
23392,Ref 1,41.270,92300,34467088.0,53.313861,1998527.1,391.2839983,IT=21;21 ,ii
23393,Ref 1,46.733,93736,32906762.0,53.317951,1944273.1,391.2841304,IT=23;23 ,ii
23396,Ref 1,37.542,87952,34707380.0,53.323947,2124481.0,391.283991,IT=19;19 ,ii
23397,Ref 1,41.173,89236,34658668.0,53.327994,2092494.0,391.2840299,IT=21;21 ,ii
23398,Ref 1,39.594,86564,34552572.0,53.332149,2136215.2,391.284028,IT=20;20 ,ii
23399,Ref 1,40.762,91516,34359996.0,53.336338,2113913.0,391.2840576,IT=20;20 ,ii
23400,Ref 1,40.265,89528,32770030.0,53.340503,2034818.6,391.2841874,IT=20;20 ,ii
23404,Ref 1,46.290,91836,32972776.0,53.348809,2164556.5,391.2841771,IT=23;23 ,ii
23405,Ref 1,41.363,94008,34773008.0,53.352903,2135046.8,391.2842022,IT=21;21 ,ii
23407,Ref 1,44.921,93816,33048164.0,53.357607,2000968.9,391.2841794,IT=22;22 ,ii
23408,Ref 1,37.543,87580,33018984.0,53.361659,2071190.1,391.2840617,IT=19;19 ,ii
23409,Ref 1,39.641,89988,33647564.0,53.365682,2054464.9,391.2840458,IT=20;20 ,ii
23410,Ref 1,38.907,89808,35732208.0,53.36984,2197462.5,391.2840014,IT=19;19 ,ii
23411,Ref 1,37.909,87248,36079968.0,53.374007,2184229.0,391.2841175,IT=19;19 ,ii
23413,Ref 1,37.396,85972,35641896.0,53.378567,2042283.1,391.2839669,IT=19;19 ,ii
23414,Ref 1,36.805,86056,36272580.0,53.38255,2149137.8,391.2841519,IT=18;18 ,ii
23418,Ref 1,36.608,89096,39436872.0,53.390409,2112104.0,391.2839931,IT=18;18 ,ii
23419,Ref 1,32.885,81704,41807340.0,53.394509,2238178.0,391.2839675,IT=16;16 ,ii
23422,Ref 1,33.050,85516,44864924.0,53.400438,2363543.5,391.2839488,IT=17;17 ,ii
23423,Ref 1,21.965,68404,44766192.0,53.404386,2326505.5,516.7956881,IT=11;11 ,ii
23425,Ref 1,25.079,75520,50121624.0,53.408586,3228492.5,516.7955569,IT=13;13 ,ii
23426,Ref 1,27.018,74904,49262820.0,53.412719,3836877.5,516.7954444,IT=14;14 ,ii
23427,Ref 1,22.198,70720,54358540.0,53.416736,5083684.0,516.7954934,IT=11;11 ,ii
23428,Ref 1,18.188,64012,53485556.0,53.420748,5955559.5,516.7957388,IT=9.1;9.1 ,ii
23430,Ref 1,26.328,74364,52680476.0,53.426713,5373494.5,516.7956842,IT=13;13 ,ii
23431,Ref 1,32.126,79572,51191436.0,53.430917,5082526.0,516.795836,IT=16;16 ,ii
23434,Ref 1,28.901,75720,51276916.0,53.437042,5811979.0,516.7957066,IT=14;14 ,ii
23435,Ref 1,24.329,70376,50070500.0,53.440908,5236126.0,516.795778,IT=12;12 ,ii
23439,Ref 1,34.039,79832,44512608.0,53.448719,3330152.2,516.7957472,IT=17;17 ,ii
23440,Ref 1,29.823,77524,42781176.0,53.452792,2786133.2,516.7959338,IT=15;15 ,ii
23442,Ref 1,33.805,78924,40032320.0,53.457116,2212652.0,391.2839448,IT=17;17 ,ii
23443,Ref 1,33.557,82772,39555588.0,53.461252,2267960.8,391.284113,IT=17;17 ,ii
23445,Ref 1,40.889,91672,38131560.0,53.4657,2034939.9,391.2840102,IT=20;20 ,ii
23446,Ref 1,41.283,90476,37445184.0,53.469881,2173751.8,391.2841558,IT=21;21 ,ii
23448,Ref 1,38.555,88436,37007836.0,53.474473,2275768.8,391.2840018,IT=19;19 ,ii
23449,Ref 1,34.038,88016,39355620.0,53.478562,2342709.0,391.2840781,IT=17;17 ,ii
23451,Ref 1,42.002,89132,35030316.0,53.483029,2186358.0,391.2840516,IT=21;21 ,ii
23452,Ref 1,50.000,94864,34093068.0,53.487337,2174399.5,391.2841015,IT=25;25 ,ii
23453,Ref 1,40.580,89280,34905292.0,53.49135,2113291.5,391.2841348,IT=20;20 ,ii
23455,Ref 1,50.000,94300,33050706.0,53.496137,2073546.4,391.2841652,IT=25;25 ,ii
23456,Ref 1,40.124,86084,33874388.0,53.499979,2241444.2,391.2839778,IT=20;20 ,ii
23457,Ref 1,41.336,91948,33961012.0,53.504195,2038424.9,391.2839641,IT=21;21 ,ii
23458,Ref 1,35.646,81748,32743142.0,53.508422,2099403.5,391.2841204,IT=18;18 ,ii
23460,Ref 1,34.006,81536,34251800.0,53.512941,2230968.0,391.2840452,IT=17;17 ,ii
23461,Ref 1,37.661,87156,33168072.0,53.517145,1960294.0,391.2839529,IT=19;19 ,ii
23462,Ref 1,36.525,81708,31290152.0,53.521116,2006216.1,391.2840941,IT=18;18 ,ii
23464,Ref 1,43.193,87616,33188604.0,53.525606,2099760.2,391.2840302,IT=22;22 ,ii
23465,Ref 1,38.721,83656,33818156.0,53.529706,2060433.6,391.2839124,IT=19;19 ,ii
23466,Ref 1,39.393,84036,31807788.0,53.533887,1969797.8,391.2837615,IT=20;20 ,ii
23467,Ref 1,37.665,85400,35009300.0,53.538029,2196972.0,391.2840798,IT=19;19 ,ii
23470,Ref 1,37.526,83064,35217196.0,53.544341,2121340.5,391.2839245,IT=19;19 ,ii
23471,Ref 1,44.363,90344,34710948.0,53.548616,2083708.0,391.2840542,IT=22;22 ,ii
23474,Ref 1,40.671,87128,36065684.0,53.554955,2121406.0,391.2839005,IT=20;20 ,ii
23475,Ref 1,45.038,87196,35195944.0,53.559203,2112666.8,391.2841897,IT=23;23 ,ii
23478,Ref 1,36.282,83624,35258984.0,53.565474,2119508.0,391.2839848,IT=18;18 ,ii
23479,Ref 1,32.702,73848,32551452.0,53.569587,1988599.1,391.2840317,IT=16;16 ,ii
23480,Ref 1,31.450,75340,36078908.0,53.573532,2324013.8,391.2839546,IT=16;16 ,ii
23481,Ref 1,37.527,90264,38397704.0,53.577762,2292701.8,391.2840681,IT=19;19 ,ii
23482,Ref 1,35.060,82288,37078928.0,53.581899,2158312.2,391.2840797,IT=18;18 ,ii
23486,Ref 1,34.838,82468,37842476.0,53.589693,2291101.2,391.2839463,IT=17;17 ,ii
23487,Ref 1,33.373,84092,38945236.0,53.593982,2085579.5,391.2840739,IT=17;17 ,ii
23493,Ref 1,32.943,84008,40897660.0,53.605453,2118559.5,391.2839827,IT=16;16 ,ii
23494,Ref 1,28.181,78928,42967992.0,53.609503,2449094.2,391.2840802,IT=14;14 ,ii
23498,Ref 1,27.690,78968,42008400.0,53.617176,2164917.5,391.2839392,IT=14;14 ,ii
23499,Ref 1,38.374,88980,41156380.0,53.621295,2155361.2,391.2839871,IT=19;19 ,ii
23500,Ref 1,28.200,78432,44122200.0,53.625297,2539509.5,391.2839856,IT=14;14 ,ii
23503,Ref 1,32.866,81592,39817584.0,53.631467,2100883.5,391.2838865,IT=16;16 ,ii
23504,Ref 1,30.779,77892,39069996.0,53.635563,2109922.0,391.2840698,IT=15;15 ,ii
23506,Ref 1,36.291,83272,38001596.0,53.640111,2197276.5,391.2838911,IT=18;18 ,ii
23507,Ref 1,30.943,81368,40526592.0,53.64418,2099814.2,391.2840671,IT=15;15 ,ii
23512,Ref 1,30.849,79000,44256260.0,53.653776,2342070.8,391.2839464,IT=15;15 ,ii
23513,Ref 1,33.063,80980,44514500.0,53.65794,2634120.5,497.3081339,IT=17;17 ,ii
23514,Ref 1,33.406,82580,48714480.0,53.662084,3489588.0,497.3082043,IT=17;17 ,ii
23517,Ref 1,24.723,72800,52869900.0,53.667892,4626094.0,497.3079776,IT=12;12 ,ii
23518,Ref 1,34.338,80456,54055728.0,53.672151,5251785.0,497.3082121,IT=17;17 ,ii
23521,Ref 1,22.086,67604,60804624.0,53.678205,6395862.5,497.3078794,IT=11;11 ,ii
23522,Ref 1,23.757,65592,57878772.0,53.682311,6208177.0,497.3079117,IT=12;12 ,ii
23523,Ref 1,19.723,65200,62888864.0,53.686159,7086289.5,497.3079612,IT=9.9;9.9 ,ii
23525,Ref 1,22.521,69300,62734724.0,53.690292,6658326.5,497.3078825,IT=11;11 ,ii
23526,Ref 1,18.376,65952,66008072.0,53.694302,7112150.5,497.3077442,IT=9.2;9.2 ,ii
23527,Ref 1,22.430,68332,56444184.0,53.698438,5776131.0,497.3078436,IT=11;11 ,ii
23528,Ref 1,20.806,63984,56194620.0,53.702323,5861382.0,497.307774,IT=10;10 ,ii
23529,Ref 1,20.735,66576,54272960.0,53.706388,5286501.0,497.3077967,IT=10;10 ,ii
23530,Ref 1,24.353,71756,50484804.0,53.710515,4823717.0,497.3080155,IT=12;12 ,ii
23532,Ref 1,23.907,73256,49324488.0,53.714846,4263122.5,497.3079116,IT=12;12 ,ii
23533,Ref 1,26.537,74820,46782796.0,53.718977,4084366.0,497.3079464,IT=13;13 ,ii
23535,Ref 1,26.589,74688,45076116.0,53.723204,3664529.8,497.3078956,IT=13;13 ,ii
23536,Ref 1,30.106,77856,44325728.0,53.727367,3492721.2,497.3080212,IT=15;15 ,ii
23537,Ref 1,33.414,85148,41956592.0,53.73154,3073671.2,497.3082827,IT=17;17 ,ii
23540,Ref 1,33.718,80100,42080436.0,53.737758,3085252.5,497.3081597,IT=17;17 ,ii
23541,Ref 1,29.571,74724,43062344.0,53.741837,2900225.8,497.3080922,IT=15;15 ,ii
23542,Ref 1,26.622,72044,40550980.0,53.745904,2682506.0,497.3081672,IT=13;13 ,ii
23546,Ref 1,28.069,75812,44752760.0,53.753575,2722535.8,497.3079734,IT=14;14 ,ii
23547,Ref 1,26.289,74700,52911604.0,53.757658,3151168.0,497.3078995,IT=13;13 ,ii
23548,Ref 1,24.681,68300,43432776.0,53.76175,2471723.8,497.3080388,IT=12;12 ,ii
23549,Ref 1,32.720,77184,43876308.0,53.765802,2386116.5,651.3770538,IT=16;16 ,ii
23550,Ref 1,26.603,74640,48444460.0,53.769837,2674721.5,651.3770479,IT=13;13 ,ii
23551,Ref 1,21.365,68736,49885112.0,53.773864,2823996.5,391.2839272,IT=11;11 ,ii
23552,Ref 1,30.566,77244,43331316.0,53.778091,2428576.0,391.28396,IT=15;15 ,ii
23553,Ref 1,32.101,77596,42983908.0,53.782066,2314942.8,497.3080931,IT=16;16 ,ii
23554,Ref 1,22.484,68832,45000592.0,53.78606,2627243.0,391.283969,IT=11;11 ,ii
23555,Ref 1,24.176,69540,40508832.0,53.790164,2457245.2,391.2839577,IT=12;12 ,ii
23556,Ref 1,29.720,76712,38235780.0,53.794341,2189685.8,391.2839745,IT=15;15 ,ii
23557,Ref 1,48.001,93644,36894728.0,53.798591,2099139.8,391.2840345,IT=24;24 ,ii
23558,Ref 1,36.978,83992,37557408.0,53.802585,2333287.5,391.2839147,IT=18;18 ,ii
23559,Ref 1,36.241,83116,38463896.0,53.806733,2260712.8,391.2839269,IT=18;18 ,ii
23560,Ref 1,37.089,81388,36520616.0,53.810902,2300059.2,391.2841575,IT=19;19 ,ii
23562,Ref 1,32.766,79400,37226732.0,53.815397,2340573.8,391.2840171,IT=16;16 ,ii
23563,Ref 1,35.286,84188,37407280.0,53.819408,2188237.2,391.2841316,IT=18;18 ,ii
23566,Ref 1,40.333,86092,37877420.0,53.825441,2334740.2,391.2841454,IT=20;20 ,ii
23567,Ref 1,36.475,81512,37179568.0,53.829374,2288939.0,391.2840867,IT=18;18 ,ii
23569,Ref 1,32.327,79016,38201088.0,53.833683,2207095.0,391.2839568,IT=16;16 ,ii
23570,Ref 1,33.969,82364,37368088.0,53.837845,2246185.0,391.283907,IT=17;17 ,ii
23571,Ref 1,36.635,82368,37353084.0,53.842031,2373346.5,391.2839841,IT=18;18 ,ii
23572,Ref 1,30.441,75876,35968160.0,53.84591,2132878.8,391.2840803,IT=15;15 ,ii
23574,Ref 1,40.704,83908,37332320.0,53.85037,2234314.2,391.2839448,IT=20;20 ,ii
23575,Ref 1,33.888,82216,38407100.0,53.854431,2340174.8,391.2838389,IT=17;17 ,ii
23576,Ref 1,22.377,66916,36704760.0,53.858381,2214627.5,391.2840374,IT=11;11 ,ii
23579,Ref 1,32.772,82404,38899428.0,53.864583,2318678.2,391.2839246,IT=16;16 ,ii
23580,Ref 1,34.850,77472,36559116.0,53.868762,2190379.2,391.2840458,IT=17;17 ,ii
23583,Ref 1,31.597,78588,39389596.0,53.874672,2356253.5,391.2838363,IT=16;16 ,ii
23584,Ref 1,29.509,75560,38365396.0,53.878599,2319393.5,391.2840308,IT=15;15 ,ii
23586,Ref 1,33.238,81044,39360016.0,53.882926,2203050.2,391.2839209,IT=17;17 ,ii
23587,Ref 1,29.422,77376,42143892.0,53.886997,2490920.2,391.2839648,IT=15;15 ,ii
23588,Ref 1,31.888,78384,39595584.0,53.891157,2287189.5,391.2838984,IT=16;16 ,ii
23589,Ref 1,27.929,75800,41090296.0,53.895226,2315959.0,391.2839438,IT=14;14 ,ii
23590,Ref 1,33.221,80840,39233440.0,53.899424,2122543.8,391.2840077,IT=17;17 ,ii
23592,Ref 1,30.122,76508,40871512.0,53.903711,2377158.5,391.2839837,IT=15;15 ,ii
23593,Ref 1,32.540,81984,43645968.0,53.907878,2390882.0,391.28406,IT=16;16 ,ii
23596,Ref 1,40.498,85720,38721084.0,53.913947,2207292.0,391.2839795,IT=20;20 ,ii
23597,Ref 1,30.975,77728,39916944.0,53.917957,2355759.2,391.2839602,IT=15;15 ,ii
23598,Ref 1,31.707,77948,39880436.0,53.922095,2231725.2,391.2839623,IT=16;16 ,ii
23599,Ref 1,27.904,73404,37232616.0,53.926161,2267491.0,391.2841855,IT=14;14 ,ii
23601,Ref 1,32.610,78832,37414100.0,53.930488,2314835.8,391.2839855,IT=16;16 ,ii
23602,Ref 1,28.853,76608,38398004.0,53.934557,2259694.8,391.2840318,IT=14;14 ,ii
23603,Ref 1,28.643,76512,39376372.0,53.938668,2462188.8,391.2840624,IT=14;14 ,ii
23604,Ref 1,40.855,85248,35967840.0,53.94283,2256715.0,391.2841447,IT=20;20 ,ii
23605,Ref 1,35.959,79396,34557688.0,53.946922,2110287.0,391.2841182,IT=18;18 ,ii
23606,Ref 1,40.790,89508,37024308.0,53.951153,2287667.5,391.2842004,IT=20;20 ,ii
23607,Ref 1,34.780,79056,35743404.0,53.955234,2322758.8,391.2842372,IT=17;17 ,ii
23608,Ref 1,31.139,76052,35252040.0,53.959322,2183857.2,391.2841729,IT=16;16 ,ii
23609,Ref 1,34.539,84180,37667128.0,53.963338,2349319.5,391.2840977,IT=17;17 ,ii
23610,Ref 1,38.135,82204,35359792.0,53.967542,2303639.5,391.2841655,IT=19;19 ,ii
23611,Ref 1,37.256,82396,35293300.0,53.971692,2155911.2,391.2840433,IT=19;19 ,ii
23612,Ref 1,41.904,84780,34187488.0,53.975932,2060856.4,391.2841611,IT=21;21 ,ii
23615,Ref 1,37.180,85088,35393680.0,53.981913,2281446.8,391.2840258,IT=19;19 ,ii
23616,Ref 1,37.568,84264,34195564.0,53.986084,2070334.9,391.2840227,IT=19;19 ,ii
23617,Ref 1,32.959,78400,33990644.0,53.990009,2196885.0,391.2840332,IT=16;16 ,ii
23618,Ref 1,39.771,82876,33804592.0,53.994267,2177686.0,391.2841213,IT=20;20 ,ii
23619,Ref 1,50.000,91960,33861120.0,53.998609,2068853.8,391.2840982,IT=25;25 ,ii
23620,Ref 1,37.448,84324,34420428.0,54.002571,2151132.5,391.2839994,IT=19;19 ,ii
23621,Ref 1,36.988,83104,35431924.0,54.006554,2271607.0,391.284023,IT=18;18 ,ii
23622,Ref 1,38.660,83112,32781834.0,54.010807,2036673.5,391.2840703,IT=19;19 ,ii
23624,Ref 1,47.035,91312,33733728.0,54.015377,2108480.0,391.2839948,IT=24;24 ,ii
23625,Ref 1,35.365,80988,35516948.0,54.019359,2310646.0,391.2840246,IT=18;18 ,ii
23626,Ref 1,31.576,79512,35837772.0,54.023446,2162524.8,391.2839852,IT=16;16 ,ii
23627,Ref 1,31.540,79672,35746560.0,54.027406,2243882.8,391.2839914,IT=16;16 ,ii
23628,Ref 1,34.843,81168,35583120.0,54.031594,2286665.8,391.2839998,IT=17;17 ,ii
23629,Ref 1,37.203,82036,33786364.0,54.035775,2032126.5,391.283811,IT=19;19 ,ii
23630,Ref 1,40.912,85988,34350024.0,54.040006,2084950.5,391.2841404,IT=20;20 ,ii
23631,Ref 1,44.871,88424,35034808.0,54.044081,2171995.8,391.2840574,IT=22;22 ,ii
23632,Ref 1,33.513,80880,36187860.0,54.048069,2116622.2,391.2840487,IT=17;17 ,ii
23633,Ref 1,45.445,91492,35300128.0,54.052402,2131242.5,391.2841962,IT=23;23 ,ii
23634,Ref 1,33.275,81464,39400800.0,54.056379,2456871.8,391.2840643,IT=17;17 ,ii
23635,Ref 1,29.919,74280,37886036.0,54.060458,2296970.5,391.2841044,IT=15;15 ,ii
23636,Ref 1,29.785,78264,40667772.0,54.064581,2411364.2,391.2840501,IT=15;15 ,ii
23637,Ref 1,31.718,75708,38179408.0,54.068735,2302773.5,391.2840655,IT=16;16 ,ii
23638,Ref 1,29.225,76968,38442048.0,54.072831,2158885.0,391.2840213,IT=15;15 ,ii
23639,Ref 1,26.490,69488,40327348.0,54.0769,2425273.0,391.2839011,IT=13;13 ,ii
23640,Ref 1,33.903,81180,43483992.0,54.080962,2550412.8,391.2839658,IT=17;17 ,ii
23641,Ref 1,31.040,79264,43225632.0,54.085064,2436185.2,391.2838985,IT=16;16 ,ii
23642,Ref 1,28.069,75020,38551860.0,54.089162,2209632.0,391.2840945,IT=14;14 ,ii
23643,Ref 1,29.683,73636,39528728.0,54.09331,2407161.0,391.2839814,IT=15;15 ,ii
23644,Ref 1,30.074,79488,40322408.0,54.097275,2330563.8,391.2839041,IT=15;15 ,ii
23645,Ref 1,41.576,86900,39107692.0,54.10161,2334449.0,391.2840841,IT=21;21 ,ii
23648,Ref 1,31.979,82768,38850504.0,54.107787,2427318.8,391.2838918,IT=16;16 ,ii
23649,Ref 1,35.694,85292,39482392.0,54.111979,2329391.0,391.2840157,IT=18;18 ,ii
23650,Ref 1,39.286,82676,36284092.0,54.116195,2237481.2,391.2841028,IT=20;20 ,ii
23652,Ref 1,34.688,81180,36451112.0,54.120725,2316557.8,391.2839949,IT=17;17 ,ii
23653,Ref 1,35.789,88108,38203232.0,54.124891,2277338.8,391.283931,IT=18;18 ,ii
23654,Ref 1,35.782,78848,32328802.0,54.128877,2037529.2,391.2840045,IT=18;18 ,ii
23655,Ref 1,37.259,84316,35215408.0,54.133049,2324518.2,391.2839551,IT=19;19 ,ii
23656,Ref 1,34.873,79504,33505484.0,54.13717,2120760.0,391.283958,IT=17;17 ,ii
23657,Ref 1,35.920,80964,34985528.0,54.141331,2161741.8,391.2839625,IT=18;18 ,ii
23658,Ref 1,37.149,81560,36536040.0,54.145512,2364857.8,391.2840269,IT=19;19 ,ii
23659,Ref 1,30.273,75916,37401048.0,54.149558,2392725.0,391.2841435,IT=15;15 ,ii
23663,Ref 1,35.206,84680,36497280.0,54.157583,2393163.2,391.2839125,IT=18;18 ,ii
23664,Ref 1,42.284,89144,35912972.0,54.161853,2127587.8,391.2840183,IT=21;21 ,ii
23665,Ref 1,47.412,89520,34766536.0,54.165939,2091393.6,391.2840053,IT=24;24 ,ii
23666,Ref 1,31.939,78124,36201416.0,54.16986,2359985.2,391.283983,IT=16;16 ,ii
23667,Ref 1,38.393,85888,36385392.0,54.174097,2175561.0,391.2839596,IT=19;19 ,ii
23668,Ref 1,37.159,84688,36126184.0,54.178245,2307487.0,391.2839816,IT=19;19 ,ii
23669,Ref 1,33.493,81340,36384432.0,54.182172,2406299.5,391.2840294,IT=17;17 ,ii
23670,Ref 1,36.528,83456,35083280.0,54.186357,2232471.0,391.2840214,IT=18;18 ,ii
23671,Ref 1,50.000,92496,35143880.0,54.190739,2179024.0,391.2841708,IT=25;25 ,ii
23672,Ref 1,34.717,78040,33242044.0,54.194653,2166314.5,391.2840367,IT=17;17 ,ii
23673,Ref 1,32.748,79424,35648668.0,54.198597,2305343.8,391.2841075,IT=16;16 ,ii
23674,Ref 1,36.468,79900,33449114.0,54.202807,2085865.8,391.2841301,IT=18;18 ,ii
23675,Ref 1,38.029,83840,35102800.0,54.206991,2279983.0,391.2841178,IT=19;19 ,ii
23676,Ref 1,34.572,79876,34989408.0,54.211114,2271738.8,391.2841105,IT=17;17 ,ii
23677,Ref 1,38.846,86700,33528368.0,54.215326,2059590.6,391.284099,IT=19;19 ,ii
23678,Ref 1,34.519,80092,35138744.0,54.219251,2276021.0,391.2840334,IT=17;17 ,ii
23679,Ref 1,35.877,86448,36171536.0,54.223418,2317866.5,391.2840845,IT=18;18 ,ii
23681,Ref 1,49.718,91988,32077998.0,54.22803,1984375.0,391.2841261,IT=25;25 ,ii
23682,Ref 1,34.557,79628,33060452.0,54.231957,2177939.2,391.2840785,IT=17;17 ,ii
23683,Ref 1,37.077,87140,36581328.0,54.235988,2373603.5,391.2839927,IT=19;19 ,ii
23684,Ref 1,30.373,72956,30798630.0,54.240047,2022986.2,391.2841428,IT=15;15 ,ii
23686,Ref 1,38.229,86940,34818740.0,54.244449,2232398.8,391.2840074,IT=19;19 ,ii
23687,Ref 1,34.477,78400,34405092.0,54.248551,2201639.5,391.2840487,IT=17;17 ,ii
23688,Ref 1,27.573,68696,28863726.0,54.252578,1843404.2,391.284066,IT=14;14 ,ii
23689,Ref 1,35.990,84196,35297136.0,54.256674,2324502.0,391.2840576,IT=18;18 ,ii
23690,Ref 1,35.213,84128,36760340.0,54.260811,2402172.2,391.2840022,IT=18;18 ,ii
23691,Ref 1,26.479,72588,33285424.0,54.264828,2137646.5,391.2840336,IT=13;13 ,ii
23692,Ref 1,31.452,78212,34909096.0,54.269007,2346217.5,391.2840337,IT=16;16 ,ii
23693,Ref 1,33.311,83752,36098296.0,54.273003,2401542.0,391.2839945,IT=17;17 ,ii
23694,Ref 1,47.920,93748,32618508.0,54.277399,1995284.9,391.2840388,IT=24;24 ,ii
23695,Ref 1,35.093,82212,34328656.0,54.281367,2275110.2,391.2840263,IT=18;18 ,ii
23696,Ref 1,34.317,80028,35060820.0,54.285507,2371136.5,391.2840052,IT=17;17 ,ii
23697,Ref 1,37.984,90968,36902564.0,54.289555,2276962.5,391.2839313,IT=19;19 ,ii
23698,Ref 1,34.598,80848,35110720.0,54.293492,2283933.8,391.2839389,IT=17;17 ,ii
23699,Ref 1,35.159,78448,34669760.0,54.297653,2315143.2,391.2839859,IT=18;18 ,ii
23701,Ref 1,39.900,87944,35171568.0,54.302082,2176662.5,391.2839881,IT=20;20 ,ii
23702,Ref 1,36.047,84396,36026420.0,54.306196,2332914.0,391.2840751,IT=18;18 ,ii
23704,Ref 1,34.351,81484,37206044.0,54.310555,2448305.8,391.2839393,IT=17;17 ,ii
23705,Ref 1,32.859,84612,38530868.0,54.31468,2343906.2,391.2840085,IT=16;16 ,ii
23707,Ref 1,36.578,83428,36515472.0,54.31905,2309418.2,391.2839806,IT=18;18 ,ii
23708,Ref 1,32.457,80976,37109028.0,54.323161,2444495.0,391.2839742,IT=16;16 ,ii
23709,Ref 1,36.739,85236,37984692.0,54.327371,2320829.2,391.2839659,IT=18;18 ,ii
23711,Ref 1,36.123,83620,36355836.0,54.33174,2309248.0,391.2839879,IT=18;18 ,ii
23712,Ref 1,34.412,80448,35987332.0,54.335867,2291517.5,391.2840166,IT=17;17 ,ii
23713,Ref 1,34.032,83916,36509740.0,54.340021,2200111.2,391.2839999,IT=17;17 ,ii
23715,Ref 1,40.826,87460,35894724.0,54.345246,2306844.5,391.2840177,IT=20;20 ,ii
23716,Ref 1,35.101,82924,36422320.0,54.349325,2356086.0,391.2839341,IT=18;18 ,ii
23717,Ref 1,29.614,77280,36306056.0,54.353219,2193637.2,391.2839876,IT=15;15 ,ii
23718,Ref 1,31.339,73556,34597392.0,54.357371,2285393.8,391.2839312,IT=16;16 ,ii
23719,Ref 1,28.307,75944,37078988.0,54.361448,2454234.8,391.2839114,IT=14;14 ,ii
23720,Ref 1,31.423,76844,37592888.0,54.365612,2374864.5,391.2839583,IT=16;16 ,ii
23721,Ref 1,29.682,74208,36539444.0,54.36971,2315487.2,391.2839616,IT=15;15 ,ii
23722,Ref 1,31.446,76940,37300072.0,54.373687,2418794.0,391.2840021,IT=16;16 ,ii
23723,Ref 1,36.438,81284,34144288.0,54.377898,2127377.5,391.2839765,IT=18;18 ,ii
23724,Ref 1,37.779,80432,34475412.0,54.382077,2224553.5,391.2839612,IT=19;19 ,ii
23725,Ref 1,34.367,79640,35679760.0,54.386185,2357193.0,391.2839626,IT=17;17 ,ii
23726,Ref 1,30.560,77864,36746824.0,54.390092,2239785.5,391.2840423,IT=15;15 ,ii
23727,Ref 1,50.000,90928,33353288.0,54.394546,2049731.8,391.2840822,IT=25;25 ,ii
23728,Ref 1,33.513,79660,35852652.0,54.398439,2403598.2,391.283958,IT=17;17 ,ii
23729,Ref 1,34.443,80360,34791796.0,54.402598,2160743.8,391.2839432,IT=17;17 ,ii
23730,Ref 1,38.191,85932,34654732.0,54.406637,2179149.0,391.283931,IT=19;19 ,ii
23731,Ref 1,37.356,83664,35039900.0,54.410789,2292892.8,391.283951,IT=19;19 ,ii
23732,Ref 1,35.569,81192,32454362.0,54.414939,2035032.6,391.2840377,IT=18;18 ,ii
23733,Ref 1,40.192,87044,35527016.0,54.419162,2264391.8,391.283906,IT=20;20 ,ii
23734,Ref 1,40.153,87064,36053732.0,54.423335,2308711.2,391.2839556,IT=20;20 ,ii
23735,Ref 1,34.097,84388,36161380.0,54.427527,2306319.0,391.283901,IT=17;17 ,ii
23736,Ref 1,42.119,85408,34675544.0,54.431804,2184156.5,391.2840436,IT=21;21 ,ii
23738,Ref 1,37.459,85036,36346728.0,54.4362,2311157.8,391.2838703,IT=19;19 ,ii
23739,Ref 1,35.000,83512,37982780.0,54.44032,2368436.5,391.2838229,IT=18;18 ,ii
23740,Ref 1,41.753,87308,35599672.0,54.444581,2216954.2,391.2838621,IT=21;21 ,ii
23741,Ref 1,31.734,79000,36623492.0,54.448424,2460711.2,391.2838732,IT=16;16 ,ii
23742,Ref 1,35.726,83692,37666848.0,54.452622,2338752.2,391.2840274,IT=18;18 ,ii
23744,Ref 1,38.885,83108,34349420.0,54.457035,2099512.8,391.2839177,IT=19;19 ,ii
23745,Ref 1,33.295,81296,37273440.0,54.461106,2381802.8,391.2838788,IT=17;17 ,ii
23746,Ref 1,35.778,85804,37517284.0,54.465114,2187646.2,391.2838714,IT=18;18 ,ii
23747,Ref 1,35.599,85168,39205124.0,54.469262,2407513.0,391.283886,IT=18;18 ,ii
23748,Ref 1,50.000,96156,37387436.0,54.473651,2273958.8,391.2839269,IT=25;25 ,ii
23749,Ref 1,30.848,82528,41014160.0,54.477499,2458562.2,391.2838929,IT=15;15 ,ii
23750,Ref 1,22.112,68452,38086424.0,54.481485,2326515.5,391.2838642,IT=11;11 ,ii
23751,Ref 1,27.312,74144,40440408.0,54.485481,2451487.2,391.2838744,IT=14;14 ,ii
23752,Ref 1,28.435,74972,41258744.0,54.489603,2431007.8,391.2838543,IT=14;14 ,ii
23753,Ref 1,30.325,79636,44185624.0,54.493753,2850985.5,497.3078403,IT=15;15 ,ii
23754,Ref 1,20.126,63304,41581444.0,54.497718,3074767.5,497.3081512,IT=10;10 ,ii
23756,Ref 1,28.270,76236,45002988.0,54.501947,3502246.5,497.3078977,IT=14;14 ,ii
23757,Ref 1,25.828,66504,37120048.0,54.506018,3072473.0,497.3079795,IT=13;13 ,ii
23758,Ref 1,23.570,68624,47203688.0,54.510084,4123579.8,497.3078748,IT=12;12 ,ii
23759,Ref 1,23.506,71092,48879460.0,54.514174,4451780.0,497.3079417,IT=12;12 ,ii
23760,Ref 1,19.138,61200,45790296.0,54.518024,4481245.5,497.3079617,IT=9.6;9.6 ,ii
23761,Ref 1,26.666,76664,53479516.0,54.522222,5170750.5,497.3078186,IT=13;13 ,ii
23762,Ref 1,19.141,63188,49243012.0,54.526205,4943269.0,497.3079112,IT=9.6;9.6 ,ii
23763,Ref 1,26.297,66736,40682048.0,54.530386,4078993.0,497.3079184,IT=13;13 ,ii
23764,Ref 1,23.013,68864,52383568.0,54.534263,5199486.5,497.3078639,IT=12;12 ,ii
23765,Ref 1,22.000,67776,50971388.0,54.538341,5137003.0,497.3079708,IT=11;11 ,ii
23767,Ref 1,25.036,75124,53310308.0,54.542538,5581994.0,497.307804,IT=13;13 ,ii
23768,Ref 1,23.160,68820,49205060.0,54.546601,5019639.0,497.3079084,IT=12;12 ,ii
23769,Ref 1,22.824,71520,51919276.0,54.550511,5079758.5,497.3079827,IT=11;11 ,ii
23771,Ref 1,23.988,74448,51813040.0,54.554682,5295209.5,497.3078092,IT=12;12 ,ii
23772,Ref 1,36.795,82440,47883508.0,54.558986,4811670.5,497.3080149,IT=18;18 ,ii
23773,Ref 1,26.291,72472,48497460.0,54.562967,4635519.0,497.3078345,IT=13;13 ,ii
23777,Ref 1,25.015,71752,45074360.0,54.570867,4325816.0,497.3079612,IT=13;13 ,ii
23778,Ref 1,23.940,74388,50129408.0,54.574938,4601062.5,497.3078793,IT=12;12 ,ii
23779,Ref 1,23.958,73588,48773088.0,54.579024,4512550.5,497.3078894,IT=12;12 ,ii
23780,Ref 1,23.849,75724,51411168.0,54.583105,4620036.0,497.3079798,IT=12;12 ,ii
23782,Ref 1,25.907,75116,45400920.0,54.587319,4008265.5,497.3079814,IT=13;13 ,ii
23783,Ref 1,25.238,76584,48356120.0,54.591415,3930965.2,497.3078449,IT=13;13 ,ii
23784,Ref 1,25.532,77052,45243856.0,54.595519,3693502.0,497.307959,IT=13;13 ,ii
23785,Ref 1,32.403,80596,46229552.0,54.599723,3612967.2,497.3078851,IT=16;16 ,ii
23786,Ref 1,25.986,76132,48093064.0,54.60358,3755615.0,497.3077626,IT=13;13 ,ii
23787,Ref 1,22.729,70128,46093652.0,54.607623,3514632.0,497.3079172,IT=11;11 ,ii
23789,Ref 1,26.488,74812,46345512.0,54.61184,3463376.0,497.3077727,IT=13;13 ,ii
23790,Ref 1,26.990,76556,47825340.0,54.615957,3329452.2,497.3079845,IT=13;13 ,ii
23792,Ref 1,33.131,84176,45223756.0,54.62045,3120047.0,497.3079558,IT=17;17 ,ii
23793,Ref 1,24.704,74860,48829180.0,54.624277,3240216.8,497.3078404,IT=12;12 ,ii
23794,Ref 1,26.395,76440,47860036.0,54.628398,3160291.5,497.3077917,IT=13;13 ,ii
23795,Ref 1,29.086,81020,48711960.0,54.63254,3195602.8,497.3079046,IT=15;15 ,ii
23798,Ref 1,25.443,75112,47398368.0,54.638617,2911037.5,497.3079222,IT=13;13 ,ii
23799,Ref 1,29.786,82728,48284340.0,54.642788,2928621.8,497.3079525,IT=15;15 ,ii
23800,Ref 1,26.873,76776,44980980.0,54.646867,2773068.2,497.3078466,IT=13;13 ,ii
23801,Ref 1,27.304,79052,45081388.0,54.650811,2696109.0,497.3079274,IT=14;14 ,ii
23802,Ref 1,27.841,78944,45362560.0,54.654927,2747531.2,497.307983,IT=14;14 ,ii
23804,Ref 1,28.989,80564,44416372.0,54.659177,2725591.8,497.3079636,IT=14;14 ,ii
23805,Ref 1,29.735,81412,45139344.0,54.663304,2626837.5,497.3080341,IT=15;15 ,ii
23806,Ref 1,24.014,74772,47313976.0,54.667161,2692641.8,497.3079254,IT=12;12 ,ii
23807,Ref 1,30.030,82372,44642016.0,54.671344,2567045.8,497.3079646,IT=15;15 ,ii
23808,Ref 1,24.561,74552,45116624.0,54.675377,2552037.5,497.307864,IT=12;12 ,ii
23809,Ref 1,24.947,77348,46296912.0,54.679473,2640582.0,497.3080038,IT=12;12 ,ii
23810,Ref 1,46.533,97272,43191096.0,54.683752,2412022.2,497.3082433,IT=23;23 ,ii
23811,Ref 1,26.478,81140,48241100.0,54.687594,2554003.2,497.3081789,IT=13;13 ,ii
23814,Ref 1,26.248,80664,45776372.0,54.693394,2533732.2,497.3080059,IT=13;13 ,ii
23815,Ref 1,32.332,90240,45630832.0,54.6976,2711894.8,497.3080544,IT=16;16 ,ii
23816,Ref 1,24.592,90648,53192188.0,54.7016,3804810.8,497.3080934,IT=12;12 ,ii
23817,Ref 1,1.441,80688,2801616600.0,54.705308,124476300.0,626.4833103,IT=0.72;0.72 ,ii
23828,Ref 1,0.889,51256,872295170.0,54.71611,30544016.0,626.4834749,IT=0.44;0.44 ,ii
23839,Ref 1,4.741,104828,366188060.0,54.729173,5223776.5,626.4833367,IT=2.4;2.4 ,ii
23850,Ref 1,5.221,101388,272510020.0,54.748237,4384213.5,458.3836194,IT=2.6;2.6 ,ii
23861,Ref 1,9.242,121824,197733150.0,54.768329,4685806.5,458.3836975,IT=4.6;4.6 ,ii
23863,Ref 1,9.735,118080,185985580.0,54.77302,4715523.5,458.3837996,IT=4.9;4.9 ,ii
23866,Ref 1,9.860,123356,183667410.0,54.778895,4732971.5,458.3837507,IT=4.9;4.9 ,ii
23867,Ref 1,8.984,115252,182364450.0,54.782868,4773015.0,458.3836988,IT=4.5;4.5 ,ii
23868,Ref 1,9.309,112460,172439580.0,54.786789,4744358.5,458.3835963,IT=4.7;4.7 ,ii
23869,Ref 1,9.376,113264,170194030.0,54.79072,4814278.5,458.3836684,IT=4.7;4.7 ,ii
23870,Ref 1,8.498,108624,170580900.0,54.794468,4984732.5,458.3836815,IT=4.2;4.2 ,ii
23871,Ref 1,9.138,113580,168388740.0,54.798389,4738683.0,458.3836513,IT=4.6;4.6 ,ii
23873,Ref 1,9.148,110664,166673860.0,54.804205,4671240.0,458.3837631,IT=4.6;4.6 ,ii
23874,Ref 1,8.302,108868,171141310.0,54.80816,5039270.5,458.3837002,IT=4.2;4.2 ,ii
23875,Ref 1,8.850,106740,165951500.0,54.812076,5069824.5,458.3836942,IT=4.4;4.4 ,ii
23876,Ref 1,8.404,108764,166576420.0,54.815818,4792722.5,458.3836694,IT=4.2;4.2 ,ii
23877,Ref 1,8.226,105456,170434910.0,54.819716,5009627.5,458.3836922,IT=4.1;4.1 ,ii
23878,Ref 1,8.652,107564,167674640.0,54.823628,5034811.0,458.383606,IT=4.3;4.3 ,ii
23879,Ref 1,8.487,106456,165757420.0,54.827366,4960070.5,458.3835612,IT=4.2;4.2 ,ii
23880,Ref 1,8.597,106152,167492990.0,54.831274,5148452.5,458.383605,IT=4.3;4.3 ,ii
23881,Ref 1,8.124,103816,163974430.0,54.83517,5160643.0,458.3835652,IT=4.1;4.1 ,ii
23882,Ref 1,8.824,102416,158401760.0,54.839076,4939074.0,458.3836197,IT=4.4;4.4 ,ii
23883,Ref 1,8.454,105516,164025380.0,54.842982,5161443.5,458.3835971,IT=4.2;4.2 ,ii
23884,Ref 1,8.516,106388,162656110.0,54.84688,5241123.0,458.3836881,IT=4.3;4.3 ,ii
23885,Ref 1,8.354,104088,161216300.0,54.850776,5092739.0,458.3836789,IT=4.2;4.2 ,ii
23886,Ref 1,8.390,105364,162480990.0,54.85468,5198507.5,458.3836937,IT=4.2;4.2 ,ii
23887,Ref 1,8.213,101216,158856130.0,54.858413,5220560.5,458.3836742,IT=4.1;4.1 ,ii
23888,Ref 1,8.526,102988,158908370.0,54.862313,5073822.0,458.3837244,IT=4.3;4.3 ,ii
23889,Ref 1,8.321,99568,155897330.0,54.866205,5045359.0,458.3836986,IT=4.2;4.2 ,ii
23890,Ref 1,8.261,104704,163988990.0,54.869934,5242942.5,458.3836622,IT=4.1;4.1 ,ii
23891,Ref 1,8.104,102020,161734780.0,54.87383,5283593.0,458.3836628,IT=4.1;4.1 ,ii
23892,Ref 1,8.206,100244,158133280.0,54.877719,5308484.0,458.3838373,IT=4.1;4.1 ,ii
23893,Ref 1,8.524,104744,161448690.0,54.88162,5231561.0,458.3837245,IT=4.3;4.3 ,ii
23894,Ref 1,8.254,101540,162738850.0,54.885349,5224869.5,458.383816,IT=4.1;4.1 ,ii
23895,Ref 1,7.999,99836,161814880.0,54.889244,5413942.5,458.3837845,IT=4;4 ,ii
23896,Ref 1,8.575,103320,161942300.0,54.893153,5297766.0,480.3658295,IT=4.3;4.3 ,ii
23897,Ref 1,8.062,101524,163865870.0,54.897046,5550737.0,458.3837409,IT=4;4 ,ii
23898,Ref 1,8.182,100960,162106110.0,54.900778,5433288.0,480.3657331,IT=4.1;4.1 ,ii
23899,Ref 1,8.141,100776,160652110.0,54.904671,5505759.0,480.365856,IT=4.1;4.1 ,ii
23900,Ref 1,8.078,100540,163753900.0,54.908567,5278349.5,480.365787,IT=4;4 ,ii
23901,Ref 1,8.292,104656,167834190.0,54.912296,5863929.5,480.3657901,IT=4.1;4.1 ,ii
23902,Ref 1,8.152,101764,156600640.0,54.916188,5370012.5,480.3658781,IT=4.1;4.1 ,ii
23903,Ref 1,8.017,101300,164612060.0,54.920084,5678785.5,480.3657823,IT=4;4 ,ii
23904,Ref 1,8.572,105612,164010350.0,54.9241,5647354.5,480.3657302,IT=4.3;4.3 ,ii
23905,Ref 1,8.303,102148,165760060.0,54.927836,5998188.5,480.3657009,IT=4.2;4.2 ,ii
23906,Ref 1,8.144,101188,161118290.0,54.931732,5428802.5,480.3658712,IT=4.1;4.1 ,ii
23907,Ref 1,8.378,102172,163672110.0,54.935636,5667925.0,480.3657445,IT=4.2;4.2 ,ii
23908,Ref 1,8.471,99776,156808580.0,54.939369,5597092.5,480.3656997,IT=4.2;4.2 ,ii
23909,Ref 1,8.224,103068,162345440.0,54.943267,5996200.5,480.3657724,IT=4.1;4.1 ,ii
23910,Ref 1,8.279,101916,161176030.0,54.947161,5590024.5,480.3657763,IT=4.1;4.1 ,ii
23911,Ref 1,8.740,97240,152591390.0,54.951065,5691115.0,480.365708,IT=4.4;4.4 ,ii
23912,Ref 1,8.807,101272,158869920.0,54.954807,5928208.5,480.3657435,IT=4.4;4.4 ,ii
23913,Ref 1,9.233,108148,162477780.0,54.958723,5781632.5,480.3656607,IT=4.6;4.6 ,ii
23914,Ref 1,8.414,102068,162369470.0,54.962625,6141430.0,480.3657739,IT=4.2;4.2 ,ii
23915,Ref 1,8.950,106172,157723810.0,54.966529,5915121.0,480.3658547,IT=4.5;4.5 ,ii
23916,Ref 1,8.801,101544,158574000.0,54.970277,5847320.0,480.365755,IT=4.4;4.4 ,ii
23917,Ref 1,8.584,104888,159153710.0,54.974183,5882930.0,480.3657557,IT=4.3;4.3 ,ii
23918,Ref 1,8.338,103412,161545980.0,54.978083,6514406.0,480.3657859,IT=4.2;4.2 ,ii
23919,Ref 1,8.500,103864,159887710.0,54.981817,6217704.0,480.3658438,IT=4.3;4.3 ,ii
23920,Ref 1,8.549,103724,159735310.0,54.985713,5794613.5,480.365848,IT=4.3;4.3 ,ii
23921,Ref 1,9.249,108544,163882640.0,54.989636,6621450.0,480.3658628,IT=4.6;4.6 ,ii
23922,Ref 1,8.629,101832,157986260.0,54.993546,6569093.0,480.3657797,IT=4.3;4.3 ,ii
23923,Ref 1,8.717,101724,156750080.0,54.997283,5877016.5,480.3658621,IT=4.4;4.4 ,ii
23924,Ref 1,8.529,101540,154445180.0,55.001187,5816134.0,480.3658176,IT=4.3;4.3 ,ii
23925,Ref 1,9.316,103844,152029140.0,55.0051,6226981.5,480.3657824,IT=4.7;4.7 ,ii
23926,Ref 1,9.410,105848,149613520.0,55.009019,5634314.0,480.3658413,IT=4.7;4.7 ,ii
23927,Ref 1,8.999,101824,156536560.0,55.012942,5979562.0,480.365819,IT=4.5;4.5 ,ii
23928,Ref 1,8.946,103900,152680560.0,55.016856,5883002.5,480.365765,IT=4.5;4.5 ,ii
23929,Ref 1,8.937,102628,154694740.0,55.020773,5614833.0,480.3657847,IT=4.5;4.5 ,ii
23930,Ref 1,9.919,107392,150274750.0,55.024529,5802435.5,480.3656943,IT=5;5 ,ii
23931,Ref 1,9.633,106692,151261310.0,55.028462,5836169.5,480.3657294,IT=4.8;4.8 ,ii
23932,Ref 1,9.574,103184,153982960.0,55.032387,6230569.0,480.3657999,IT=4.8;4.8 ,ii
23933,Ref 1,9.311,108836,164174180.0,55.03631,6188446.5,480.365739,IT=4.7;4.7 ,ii
23934,Ref 1,11.052,109652,149644480.0,55.040091,5945758.0,480.3657416,IT=5.5;5.5 ,ii
23935,Ref 1,9.789,113304,157698060.0,55.044033,6094927.0,480.3656893,IT=4.9;4.9 ,ii
23936,Ref 1,9.756,105736,155923440.0,55.047964,6051614.0,480.3657892,IT=4.9;4.9 ,ii
23937,Ref 1,10.390,107028,149491260.0,55.051904,5728643.5,480.3657718,IT=5.2;5.2 ,ii
23938,Ref 1,8.939,103724,147983900.0,55.055666,5955440.0,480.3658006,IT=4.5;4.5 ,ii
23939,Ref 1,9.955,108052,147453280.0,55.059593,5453563.0,480.3654998,IT=5;5 ,ii
23940,Ref 1,9.393,104456,152438180.0,55.063522,6018383.0,480.3658065,IT=4.7;4.7 ,ii
23941,Ref 1,10.604,113412,154851170.0,55.067293,6074345.5,480.3657846,IT=5.3;5.3 ,ii
23942,Ref 1,9.087,103732,151371940.0,55.071218,5955215.0,480.3657334,IT=4.5;4.5 ,ii
23943,Ref 1,9.860,108248,149222740.0,55.075145,5497086.0,480.3658732,IT=4.9;4.9 ,ii
23944,Ref 1,9.409,106468,155703540.0,55.07907,5813566.0,480.3658502,IT=4.7;4.7 ,ii
23945,Ref 1,9.347,108628,154379780.0,55.08282,6256905.5,480.3657813,IT=4.7;4.7 ,ii
23946,Ref 1,10.264,115168,166788480.0,55.086754,6537782.5,480.3657774,IT=5.1;5.1 ,ii
23947,Ref 1,9.513,110560,154767500.0,55.090683,5943062.0,480.3657251,IT=4.8;4.8 ,ii
23948,Ref 1,9.830,108380,152878370.0,55.09462,5817425.0,480.3657435,IT=4.9;4.9 ,ii
23949,Ref 1,10.106,109956,149068140.0,55.098395,5633328.5,480.3658024,IT=5.1;5.1 ,ii
23950,Ref 1,10.817,112784,145801340.0,55.102356,5578990.0,480.3657693,IT=5.4;5.4 ,ii
23951,Ref 1,9.763,108740,151100080.0,55.106291,6016149.0,480.3658146,IT=4.9;4.9 ,ii
23952,Ref 1,10.289,109736,151135540.0,55.110062,5331721.0,480.3659046,IT=5.1;5.1 ,ii
23953,Ref 1,8.508,102196,150753700.0,55.113976,5495316.5,480.3658066,IT=4.3;4.3 ,ii
23954,Ref 1,10.495,114804,153887540.0,55.117905,5583627.0,480.3658159,IT=5.2;5.2 ,ii
23955,Ref 1,10.777,110108,149854110.0,55.121862,5302252.5,480.3658745,IT=5.4;5.4 ,ii
23956,Ref 1,9.712,111328,155902510.0,55.125628,5726584.5,480.365767,IT=4.9;4.9 ,ii
23957,Ref 1,10.332,110872,152683230.0,55.129568,5472570.5,480.3658296,IT=5.2;5.2 ,ii
23958,Ref 1,10.081,109460,153498910.0,55.133501,5532890.0,480.3657472,IT=5;5 ,ii
23959,Ref 1,9.643,109984,159346910.0,55.137434,5778372.5,480.3658211,IT=4.8;4.8 ,ii
23960,Ref 1,10.261,111000,154272130.0,55.141378,5540772.0,480.3658373,IT=5.1;5.1 ,ii
23961,Ref 1,10.473,108860,149976350.0,55.145326,5361920.5,480.3658484,IT=5.2;5.2 ,ii
23962,Ref 1,9.891,107688,155132800.0,55.149264,5549040.0,370.3311859,IT=4.9;4.9 ,ii
23963,Ref 1,9.485,106504,154083260.0,55.153034,5760869.0,370.3311225,IT=4.7;4.7 ,ii
23964,Ref 1,9.293,107252,162638050.0,55.156955,6143176.5,370.3312371,IT=4.6;4.6 ,ii
23965,Ref 1,10.702,108916,154517180.0,55.160905,5812387.0,370.3312123,IT=5.4;5.4 ,ii
23966,Ref 1,9.669,110692,160247870.0,55.164836,5845616.5,370.3312381,IT=4.8;4.8 ,ii
23967,Ref 1,9.390,106476,158140750.0,55.168595,5660921.0,370.3312073,IT=4.7;4.7 ,ii
23968,Ref 1,9.880,113444,161348880.0,55.172526,6056374.0,370.3311674,IT=4.9;4.9 ,ii
23969,Ref 1,9.724,110256,154069260.0,55.176457,5879023.5,370.3311877,IT=4.9;4.9 ,ii
23970,Ref 1,10.328,108744,154522420.0,55.180392,5649832.5,370.3312794,IT=5.2;5.2 ,ii
23971,Ref 1,9.862,112708,159249260.0,55.184161,5808998.5,370.3312236,IT=4.9;4.9 ,ii
23972,Ref 1,10.579,112484,154185460.0,55.188105,5820534.5,370.3311829,IT=5.3;5.3 ,ii
23973,Ref 1,13.001,120404,153094140.0,55.192097,5756255.0,370.3312462,IT=6.5;6.5 ,ii
23974,Ref 1,10.020,108748,154944850.0,55.196055,5859611.0,370.3311861,IT=5;5 ,ii
23975,Ref 1,10.483,108840,153318130.0,55.199834,6001879.0,370.3312028,IT=5.2;5.2 ,ii
23976,Ref 1,10.172,111740,151505900.0,55.203774,6019948.5,370.3312261,IT=5.1;5.1 ,ii
23977,Ref 1,10.150,113296,154940290.0,55.207715,5919138.0,370.3313024,IT=5.1;5.1 ,ii
23978,Ref 1,10.512,111196,148159010.0,55.211494,5831942.0,370.3313039,IT=5.3;5.3 ,ii
23979,Ref 1,11.330,111296,146635460.0,55.215463,5405552.0,370.3313545,IT=5.7;5.7 ,ii
23980,Ref 1,10.379,108804,148130510.0,55.219409,5785535.5,370.331309,IT=5.2;5.2 ,ii
23981,Ref 1,10.964,113192,147290000.0,55.223365,5600210.5,370.33127,IT=5.5;5.5 ,ii
23982,Ref 1,10.962,114796,151257300.0,55.227317,5967105.5,370.3312878,IT=5.5;5.5 ,ii
23983,Ref 1,11.170,110572,144093780.0,55.23128,5913159.0,370.3312136,IT=5.6;5.6 ,ii
23984,Ref 1,10.895,115872,151762030.0,55.235236,5961850.5,370.331285,IT=5.4;5.4 ,ii
23985,Ref 1,13.153,117088,145000530.0,55.239238,5715939.0,370.33132,IT=6.6;6.6 ,ii
23986,Ref 1,10.078,110424,148087870.0,55.243038,5768006.0,370.3312602,IT=5;5 ,ii
23987,Ref 1,11.082,116112,149463650.0,55.24699,5780719.0,370.3311693,IT=5.5;5.5 ,ii
23988,Ref 1,11.411,114836,147736140.0,55.250955,5901093.5,370.331297,IT=5.7;5.7 ,ii
23989,Ref 1,12.122,116804,147089440.0,55.254936,5866909.0,370.3312461,IT=6.1;6.1 ,ii
23990,Ref 1,10.503,107516,146105120.0,55.2589,5928207.0,370.3312444,IT=5.3;5.3 ,ii
23991,Ref 1,11.203,113816,148130050.0,55.262863,6132935.0,370.3311989,IT=5.6;5.6 ,ii
23992,Ref 1,10.652,110636,151138750.0,55.266827,6124068.5,370.3312758,IT=5.3;5.3 ,ii
23993,Ref 1,11.162,115544,151553840.0,55.270784,6016801.0,370.3312825,IT=5.6;5.6 ,ii
23994,Ref 1,11.272,114976,150658620.0,55.274582,6246423.0,370.3312267,IT=5.6;5.6 ,ii
23995,Ref 1,11.799,112432,143784340.0,55.278559,5968223.0,370.3312963,IT=5.9;5.9 ,ii
23996,Ref 1,10.548,113224,149043250.0,55.282513,6068411.5,370.3313132,IT=5.3;5.3 ,ii
23997,Ref 1,9.935,110444,155573680.0,55.286283,6401987.0,370.3312149,IT=5;5 ,ii
23998,Ref 1,10.833,113244,150965170.0,55.290233,6185724.5,370.3312372,IT=5.4;5.4 ,ii
23999,Ref 1,11.568,114536,149618770.0,55.294198,6040246.5,370.3311863,IT=5.8;5.8 ,ii
24000,Ref 1,10.630,115784,155247040.0,55.298165,6314474.5,370.3311984,IT=5.3;5.3 ,ii
24001,Ref 1,10.883,113920,150669620.0,55.301956,5891285.0,370.3312372,IT=5.4;5.4 ,ii
24002,Ref 1,11.862,118036,148048800.0,55.305933,5755836.5,370.3312924,IT=5.9;5.9 ,ii
24003,Ref 1,10.600,113660,154023630.0,55.309896,6062109.5,370.3312181,IT=5.3;5.3 ,ii
24004,Ref 1,11.070,114188,152156660.0,55.313858,6156496.0,370.3311708,IT=5.5;5.5 ,ii
24005,Ref 1,9.956,110360,148429060.0,55.317633,5894493.5,370.3312029,IT=5;5 ,ii
24006,Ref 1,10.917,120352,161814660.0,55.32159,6398478.0,370.3312673,IT=5.5;5.5 ,ii
24007,Ref 1,10.573,115104,160911700.0,55.325542,6546697.5,370.3312154,IT=5.3;5.3 ,ii
24008,Ref 1,10.901,113776,150801250.0,55.329504,5831848.5,370.3312744,IT=5.5;5.5 ,ii
24009,Ref 1,10.578,117880,156533570.0,55.333285,6095297.0,370.3313413,IT=5.3;5.3 ,ii
24010,Ref 1,10.376,112548,151803980.0,55.337235,5972267.5,370.3313001,IT=5.2;5.2 ,ii
24011,Ref 1,11.698,119012,150031840.0,55.341206,5819275.5,370.3313186,IT=5.8;5.8 ,ii
24012,Ref 1,11.106,119664,159397380.0,55.345006,6001560.5,370.3312378,IT=5.6;5.6 ,ii
24013,Ref 1,9.974,116844,164383980.0,55.348952,6202997.5,370.3312721,IT=5;5 ,ii
24014,Ref 1,11.477,121628,156702060.0,55.352918,5938477.0,370.3312952,IT=5.7;5.7 ,ii
24015,Ref 1,10.947,113592,149661650.0,55.356881,5535293.0,370.3312749,IT=5.5;5.5 ,ii
24016,Ref 1,11.489,119448,152234300.0,55.360683,5690323.0,370.3313053,IT=5.7;5.7 ,ii
24017,Ref 1,10.725,119148,160459390.0,55.36465,5983705.0,370.3312887,IT=5.4;5.4 ,ii
24018,Ref 1,11.072,115220,151909580.0,55.368612,5621931.0,370.3313173,IT=5.5;5.5 ,ii
24019,Ref 1,11.479,120124,154101920.0,55.372579,5460224.5,370.3313123,IT=5.7;5.7 ,ii
24020,Ref 1,10.553,112760,149434740.0,55.376375,5430353.0,370.3314082,IT=5.3;5.3 ,ii
24021,Ref 1,11.163,116036,146963730.0,55.380335,5356407.5,419.315256,IT=5.6;5.6 ,ii
24022,Ref 1,11.012,114424,147232750.0,55.3843,5415410.5,370.3313309,IT=5.5;5.5 ,ii
24023,Ref 1,10.505,115080,156557310.0,55.388256,5773509.0,419.3152533,IT=5.3;5.3 ,ii
24024,Ref 1,10.645,116476,155353470.0,55.392206,5485634.0,419.3152913,IT=5.3;5.3 ,ii
24025,Ref 1,10.992,119192,155573410.0,55.396166,5513033.0,419.3152976,IT=5.5;5.5 ,ii
24026,Ref 1,10.914,116648,150469900.0,55.400133,5402842.5,419.3152526,IT=5.5;5.5 ,ii
24027,Ref 1,10.989,115844,151007440.0,55.404097,5599876.5,419.315316,IT=5.5;5.5 ,ii
24028,Ref 1,11.679,117804,148969900.0,55.407904,5553335.0,419.3153452,IT=5.8;5.8 ,ii
24029,Ref 1,10.519,115184,153002940.0,55.41186,5718139.5,419.3153068,IT=5.3;5.3 ,ii
24030,Ref 1,11.361,118436,150144500.0,55.415824,5328580.0,419.3153084,IT=5.7;5.7 ,ii
24031,Ref 1,11.080,116544,153487060.0,55.419633,5709558.0,419.3153587,IT=5.5;5.5 ,ii
24032,Ref 1,11.194,118780,154855890.0,55.423601,5813752.0,419.3153575,IT=5.6;5.6 ,ii
24033,Ref 1,11.245,117080,153509360.0,55.427566,5912394.0,419.3152735,IT=5.6;5.6 ,ii
24034,Ref 1,10.999,117420,152053870.0,55.431526,5593168.0,419.315356,IT=5.5;5.5 ,ii
24035,Ref 1,11.207,118552,153792580.0,55.435328,5671747.5,419.315364,IT=5.6;5.6 ,ii
24036,Ref 1,10.098,113288,148967250.0,55.439278,5757575.0,419.3153755,IT=5;5 ,ii
24037,Ref 1,12.050,121996,147300420.0,55.443253,5565009.0,419.3153815,IT=6;6 ,ii
24038,Ref 1,10.901,117760,150503100.0,55.447222,5676458.5,419.3153926,IT=5.5;5.5 ,ii
24039,Ref 1,10.519,115180,152789730.0,55.451005,5883329.5,419.3153407,IT=5.3;5.3 ,ii
24040,Ref 1,10.961,116296,149615440.0,55.454964,5687526.5,419.3152711,IT=5.5;5.5 ,ii
24041,Ref 1,10.892,117796,155235940.0,55.45893,5814892.5,419.3152643,IT=5.4;5.4 ,ii
24042,Ref 1,11.224,118880,150350060.0,55.462897,5709776.0,419.3152917,IT=5.6;5.6 ,ii
24043,Ref 1,12.132,121940,147036720.0,55.466709,5729073.5,419.3152649,IT=6.1;6.1 ,ii
24044,Ref 1,11.102,118964,151574830.0,55.47068,5658820.0,419.3152948,IT=5.6;5.6 ,ii
24045,Ref 1,11.960,126292,155130930.0,55.474661,5782375.0,419.31533,IT=6;6 ,ii
24046,Ref 1,11.597,121232,155956320.0,55.478474,5939036.5,419.3152971,IT=5.8;5.8 ,ii
24047,Ref 1,11.438,119128,146936690.0,55.482441,5561429.5,419.315199,IT=5.7;5.7 ,ii
24048,Ref 1,10.342,116788,155962910.0,55.486395,6086698.0,419.3153318,IT=5.2;5.2 ,ii
24049,Ref 1,11.813,119368,149740580.0,55.490361,5791437.0,419.3152899,IT=5.9;5.9 ,ii
24050,Ref 1,11.683,121668,147859980.0,55.494176,5754441.0,419.3153601,IT=5.8;5.8 ,ii
24051,Ref 1,11.794,120356,151900590.0,55.498155,5870560.5,419.3152893,IT=5.9;5.9 ,ii
24052,Ref 1,11.326,120884,146017410.0,55.50213,5765478.0,419.3153683,IT=5.7;5.7 ,ii
24053,Ref 1,11.837,118184,141742460.0,55.506111,5588877.5,419.3153782,IT=5.9;5.9 ,ii
24054,Ref 1,11.678,119708,151639310.0,55.509919,6064575.0,419.3153599,IT=5.8;5.8 ,ii
24055,Ref 1,10.609,117444,151458770.0,55.513884,6116117.5,419.3153497,IT=5.3;5.3 ,ii
24056,Ref 1,11.588,118436,143243700.0,55.517851,5625283.5,419.3152952,IT=5.8;5.8 ,ii
24057,Ref 1,10.492,115060,147234670.0,55.521811,6049531.0,419.3152,IT=5.2;5.2 ,ii
24058,Ref 1,11.759,123108,155283420.0,55.525617,6037949.0,419.3152472,IT=5.9;5.9 ,ii
24059,Ref 1,11.950,121468,145963630.0,55.529605,6037295.5,419.3151732,IT=6;6 ,ii
24060,Ref 1,11.762,118448,149088880.0,55.533588,6082939.0,419.3152688,IT=5.9;5.9 ,ii
24061,Ref 1,11.375,118580,147662450.0,55.537561,5928854.5,419.3152624,IT=5.7;5.7 ,ii
24062,Ref 1,11.865,117492,144030610.0,55.541376,5884331.5,419.3152704,IT=5.9;5.9 ,ii
24063,Ref 1,11.855,120924,150960080.0,55.545359,5996435.0,419.3152649,IT=5.9;5.9 ,ii
24064,Ref 1,11.657,123612,150696160.0,55.549342,6079347.5,419.3152021,IT=5.8;5.8 ,ii
24065,Ref 1,10.786,116608,149383760.0,55.55314,6269766.0,419.3153093,IT=5.4;5.4 ,ii
24066,Ref 1,11.541,119444,149412740.0,55.556953,6226219.0,419.315244,IT=5.8;5.8 ,ii
24067,Ref 1,11.805,120204,150647860.0,55.560938,6097273.5,419.3152018,IT=5.9;5.9 ,ii
24068,Ref 1,11.981,120480,151143550.0,55.564921,5911140.5,419.3152888,IT=6;6 ,ii
24069,Ref 1,10.459,114400,147691140.0,55.568715,6261545.0,419.3152155,IT=5.2;5.2 ,ii
24070,Ref 1,11.555,122408,155747180.0,55.57269,6036269.0,419.3153287,IT=5.8;5.8 ,ii
24071,Ref 1,12.144,121328,146511790.0,55.576679,6077272.0,419.3153664,IT=6.1;6.1 ,ii
24072,Ref 1,12.261,120024,140321870.0,55.580671,5610525.5,419.3152376,IT=6.1;6.1 ,ii
24073,Ref 1,13.939,126576,145421870.0,55.584523,5931709.0,419.3152761,IT=7;7 ,ii
24074,Ref 1,10.574,116732,154857090.0,55.5885,6398725.5,419.3153101,IT=5.3;5.3 ,ii
24075,Ref 1,13.067,119056,136705230.0,55.592492,5693414.5,419.3153167,IT=6.5;6.5 ,ii
24076,Ref 1,13.651,121816,139819870.0,55.596511,5874785.5,419.315412,IT=6.8;6.8 ,ii
24077,Ref 1,11.182,120248,155848780.0,55.600323,6479774.5,419.3153464,IT=5.6;5.6 ,ii
24078,Ref 1,12.898,125352,145285070.0,55.604321,5909088.0,419.3154201,IT=6.4;6.4 ,ii
24079,Ref 1,12.964,120976,136395790.0,55.608331,5670421.5,419.3152971,IT=6.5;6.5 ,ii
24080,Ref 1,11.746,116392,142939280.0,55.612323,5865172.0,419.3153441,IT=5.9;5.9 ,ii
24081,Ref 1,11.640,117992,143964740.0,55.616138,6072285.5,419.3153528,IT=5.8;5.8 ,ii
24082,Ref 1,13.816,126312,138253410.0,55.620152,5682090.0,419.3153312,IT=6.9;6.9 ,ii
24083,Ref 1,11.168,115652,138992340.0,55.624135,5922794.5,419.3152905,IT=5.6;5.6 ,ii
24084,Ref 1,12.513,120080,142027200.0,55.628127,6039372.0,419.3152854,IT=6.3;6.3 ,ii
24085,Ref 1,12.379,124052,145473630.0,55.631956,5937330.0,419.3152742,IT=6.2;6.2 ,ii
24086,Ref 1,13.430,124952,138820190.0,55.635969,5818306.5,419.3153297,IT=6.7;6.7 ,ii
24087,Ref 1,10.796,120748,151742660.0,55.639948,6344804.0,419.3153103,IT=5.4;5.4 ,ii
24088,Ref 1,12.944,125268,145498110.0,55.643944,6031857.0,419.315279,IT=6.5;6.5 ,ii
24089,Ref 1,12.575,122100,145927340.0,55.647946,6104939.5,419.3152277,IT=6.3;6.3 ,ii
24090,Ref 1,11.806,122124,148565820.0,55.651935,6206867.5,419.3152797,IT=5.9;5.9 ,ii
24091,Ref 1,12.511,122540,142299020.0,55.655927,6034409.0,419.3153225,IT=6.3;6.3 ,ii
24092,Ref 1,11.538,118548,142015870.0,55.659746,6126048.5,419.3153091,IT=5.8;5.8 ,ii
24093,Ref 1,11.796,122272,151871060.0,55.663723,6333452.5,419.3152427,IT=5.9;5.9 ,ii
24094,Ref 1,11.800,125452,156549120.0,55.667702,6653104.5,419.3152959,IT=5.9;5.9 ,ii
24095,Ref 1,11.495,117104,142298050.0,55.671681,6087621.0,419.3152854,IT=5.7;5.7 ,ii
24096,Ref 1,12.454,122132,144713500.0,55.675502,6112985.0,419.3153651,IT=6.2;6.2 ,ii
24097,Ref 1,10.620,114856,151781580.0,55.679468,6644488.5,419.3153153,IT=5.3;5.3 ,ii
24098,Ref 1,11.669,118204,146848450.0,55.683443,6259629.5,419.3152701,IT=5.8;5.8 ,ii
24099,Ref 1,11.710,120828,148397470.0,55.687418,6201150.5,419.3152243,IT=5.9;5.9 ,ii
24100,Ref 1,13.174,122352,144349040.0,55.691256,6240203.5,419.3153033,IT=6.6;6.6 ,ii
24101,Ref 1,10.463,114356,150923870.0,55.695224,6438276.0,419.3153005,IT=5.2;5.2 ,ii
24102,Ref 1,10.380,114548,147193060.0,55.699174,6171141.0,419.315268,IT=5.2;5.2 ,ii
24103,Ref 1,10.902,114980,149924380.0,55.703133,6685327.0,419.3153218,IT=5.5;5.5 ,ii
24104,Ref 1,12.275,119088,145875250.0,55.706949,6243597.5,419.3153419,IT=6.1;6.1 ,ii
24105,Ref 1,10.413,116012,147486320.0,55.71091,6482668.5,419.3152749,IT=5.2;5.2 ,ii
24106,Ref 1,11.137,119020,151077650.0,55.714879,6583870.0,419.3152779,IT=5.6;5.6 ,ii
24107,Ref 1,11.708,121880,149813220.0,55.718862,6687230.5,419.3152544,IT=5.9;5.9 ,ii
24108,Ref 1,11.543,118860,144432830.0,55.722666,6369599.0,419.3150995,IT=5.8;5.8 ,ii
24109,Ref 1,11.913,120868,147896320.0,55.726647,6450939.5,419.3152823,IT=6;6 ,ii
24110,Ref 1,11.759,119328,144383120.0,55.730631,6114205.5,419.3152055,IT=5.9;5.9 ,ii
24111,Ref 1,12.369,121740,146083600.0,55.734455,6512236.0,419.3152858,IT=6.2;6.2 ,ii
24112,Ref 1,10.869,115664,146292590.0,55.738431,6532722.5,419.3151756,IT=5.4;5.4 ,ii
24113,Ref 1,11.817,118556,143954060.0,55.742405,6525958.0,419.3152435,IT=5.9;5.9 ,ii
24114,Ref 1,11.581,117704,140774140.0,55.746385,6206502.5,419.315213,IT=5.8;5.8 ,ii
24115,Ref 1,11.709,121352,148405040.0,55.750197,6396923.5,419.3152175,IT=5.9;5.9 ,ii
24116,Ref 1,10.782,117752,147552350.0,55.754159,6695443.5,419.3152087,IT=5.4;5.4 ,ii
24117,Ref 1,11.153,116240,143222820.0,55.75812,6538026.0,419.3151955,IT=5.6;5.6 ,ii
24118,Ref 1,12.027,119672,145851650.0,55.762103,6394596.5,419.3152215,IT=6;6 ,ii
24119,Ref 1,10.539,116164,154405950.0,55.765893,6741922.0,419.315285,IT=5.3;5.3 ,ii
24120,Ref 1,12.313,122112,147298510.0,55.769878,6760756.5,419.3152356,IT=6.2;6.2 ,ii
24121,Ref 1,11.367,117572,146348220.0,55.773853,6717863.0,419.3152501,IT=5.7;5.7 ,ii
24122,Ref 1,11.383,119464,144451680.0,55.77782,6794685.5,419.3151939,IT=5.7;5.7 ,ii
24123,Ref 1,11.881,121304,145478110.0,55.78163,6638277.0,419.3152803,IT=5.9;5.9 ,ii
24124,Ref 1,11.603,119460,141097970.0,55.785611,6322585.5,419.3152922,IT=5.8;5.8 ,ii
24125,Ref 1,11.746,124412,158204340.0,55.789584,6974298.5,419.3152761,IT=5.9;5.9 ,ii
24126,Ref 1,12.422,122496,143544860.0,55.793578,6631804.0,419.3153924,IT=6.2;6.2 ,ii
24127,Ref 1,11.231,114796,141516290.0,55.797386,6561384.5,419.3153652,IT=5.6;5.6 ,ii
24128,Ref 1,12.462,121540,146923780.0,55.801368,6545190.5,419.3153037,IT=6.2;6.2 ,ii
24129,Ref 1,11.144,114068,141634540.0,55.805336,6736901.0,419.3153428,IT=5.6;5.6 ,ii
24130,Ref 1,12.348,120648,141737710.0,55.809326,6420198.0,419.3152893,IT=6.2;6.2 ,ii
24131,Ref 1,12.244,118624,137411650.0,55.813163,6545507.5,419.3153577,IT=6.1;6.1 ,ii
24132,Ref 1,11.184,112700,142615970.0,55.817147,6794393.0,419.315288,IT=5.6;5.6 ,ii
24133,Ref 1,11.940,123072,147566140.0,55.821122,6871906.5,419.3153202,IT=6;6 ,ii
24134,Ref 1,11.784,120344,146868080.0,55.82494,6888074.5,419.3152621,IT=5.9;5.9 ,ii
24135,Ref 1,11.250,115428,148750590.0,55.828913,6983174.5,419.3152549,IT=5.6;5.6 ,ii
24136,Ref 1,12.155,117384,134154430.0,55.832899,6375715.5,419.3152331,IT=6.1;6.1 ,ii
24137,Ref 1,11.892,121868,140313660.0,55.836886,6639904.5,419.315255,IT=5.9;5.9 ,ii
24138,Ref 1,12.398,118844,142164050.0,55.840709,6703580.5,419.3152997,IT=6.2;6.2 ,ii
24139,Ref 1,11.541,120536,147716820.0,55.844692,7018711.5,419.3153085,IT=5.8;5.8 ,ii
24140,Ref 1,12.903,119360,138932580.0,55.84869,6559948.5,419.3152956,IT=6.5;6.5 ,ii
24141,Ref 1,12.368,123296,152058610.0,55.852682,7044424.0,419.3153217,IT=6.2;6.2 ,ii
24142,Ref 1,12.188,121072,140235710.0,55.856509,6817724.0,419.3152729,IT=6.1;6.1 ,ii
24143,Ref 1,11.916,119772,139121360.0,55.860492,6805398.5,419.3152076,IT=6;6 ,ii
24144,Ref 1,12.866,121784,143384900.0,55.864492,6743410.5,419.3152766,IT=6.4;6.4 ,ii
24145,Ref 1,11.376,118028,143291630.0,55.86848,6733973.5,419.3151716,IT=5.7;5.7 ,ii
24146,Ref 1,12.251,120112,144844100.0,55.872296,6776934.0,419.3152197,IT=6.1;6.1 ,ii
24147,Ref 1,11.614,116168,143443840.0,55.876273,6889524.5,419.3151075,IT=5.8;5.8 ,ii
24148,Ref 1,12.307,119680,143161820.0,55.880263,6937447.0,419.3151733,IT=6.2;6.2 ,ii
24149,Ref 1,12.433,117700,138464800.0,55.884259,6787247.5,419.31526,IT=6.2;6.2 ,ii
24150,Ref 1,12.310,117924,138796030.0,55.888082,6891750.5,419.315295,IT=6.2;6.2 ,ii
24151,Ref 1,14.264,127364,144252130.0,55.892104,6601831.5,419.3152558,IT=7.1;7.1 ,ii
24152,Ref 1,11.112,116172,147840260.0,55.896088,7083647.5,419.3153007,IT=5.6;5.6 ,ii
24153,Ref 1,12.112,121384,144013170.0,55.900067,6857300.0,419.3152281,IT=6.1;6.1 ,ii
24154,Ref 1,12.152,120536,143050290.0,55.90389,6989578.5,419.3151725,IT=6.1;6.1 ,ii
24155,Ref 1,12.373,121440,140859840.0,55.907883,6985321.5,419.3152207,IT=6.2;6.2 ,ii
24156,Ref 1,12.482,117984,141615580.0,55.911879,6728571.0,419.3152265,IT=6.2;6.2 ,ii
24157,Ref 1,11.142,118956,152467870.0,55.915696,7360708.0,419.3153181,IT=5.6;5.6 ,ii
24158,Ref 1,12.218,118436,138210300.0,55.919681,6929586.0,419.3152151,IT=6.1;6.1 ,ii
24159,Ref 1,12.386,120288,141693540.0,55.923683,6995688.5,419.3152186,IT=6.2;6.2 ,ii
24160,Ref 1,11.766,120336,144807940.0,55.927671,7238086.5,419.3152291,IT=5.9;5.9 ,ii
24161,Ref 1,13.063,123584,140640430.0,55.93151,6870697.0,419.3152645,IT=6.5;6.5 ,ii
24162,Ref 1,13.404,123508,136802020.0,55.935533,6608680.5,419.3153393,IT=6.7;6.7 ,ii
24163,Ref 1,10.900,116560,141630540.0,55.939512,6866812.5,419.3151521,IT=5.5;5.5 ,ii
24164,Ref 1,13.026,126880,147855810.0,55.943515,7029051.0,419.3152602,IT=6.5;6.5 ,ii
24165,Ref 1,12.153,119632,142671820.0,55.947344,6995714.0,419.3152568,IT=6.1;6.1 ,ii
24166,Ref 1,11.256,113408,140482260.0,55.951319,7214217.5,419.3152917,IT=5.6;5.6 ,ii
24167,Ref 1,12.625,119864,140678880.0,55.95531,6894193.5,419.3152813,IT=6.3;6.3 ,ii
24168,Ref 1,13.822,123792,137625490.0,55.959325,6710241.5,419.3154008,IT=6.9;6.9 ,ii
24169,Ref 1,11.431,118028,140015730.0,55.963148,7140133.0,419.3153308,IT=5.7;5.7 ,ii
24170,Ref 1,12.556,119296,138724270.0,55.967141,6959686.0,419.3152477,IT=6.3;6.3 ,ii
24171,Ref 1,12.694,118820,133298020.0,55.97115,6695174.0,419.3151949,IT=6.3;6.3 ,ii
24172,Ref 1,10.692,113680,143646910.0,55.975116,7054996.0,419.3151868,IT=5.3;5.3 ,ii
24173,Ref 1,12.433,125476,146492320.0,55.978933,7243189.5,419.315303,IT=6.2;6.2 ,ii
24174,Ref 1,13.454,123572,141183630.0,55.98295,6939358.0,419.3152538,IT=6.7;6.7 ,ii
24175,Ref 1,11.031,116296,144094480.0,55.986933,7120458.5,419.3152412,IT=5.5;5.5 ,ii
24176,Ref 1,12.721,122804,143037730.0,55.990933,6992360.5,419.3152961,IT=6.4;6.4 ,ii
24177,Ref 1,12.515,120752,137061550.0,55.994766,6946530.0,419.3153103,IT=6.3;6.3 ,ii
24178,Ref 1,17.075,129768,131926470.0,55.998839,6492841.0,419.315355,IT=8.5;8.5 ,ii
24179,Ref 1,11.316,120880,150912910.0,56.002802,7473289.5,419.3153348,IT=5.7;5.7 ,ii
24180,Ref 1,12.632,120784,141887070.0,56.006797,7033435.5,419.3153614,IT=6.3;6.3 ,ii
24181,Ref 1,13.683,124028,133551550.0,56.010645,6741947.5,419.3153365,IT=6.8;6.8 ,ii
24182,Ref 1,11.888,116144,136843340.0,56.014641,6904768.5,419.31536,IT=5.9;5.9 ,ii
24183,Ref 1,11.056,115432,141768060.0,56.018606,7074114.0,419.3153049,IT=5.5;5.5 ,ii
24184,Ref 1,12.131,120240,137294450.0,56.022424,7018064.5,419.3152935,IT=6.1;6.1 ,ii
24185,Ref 1,13.101,122248,139574430.0,56.026429,7044499.5,419.3153323,IT=6.6;6.6 ,ii
24186,Ref 1,11.883,123040,142102190.0,56.030422,7175067.0,419.3153482,IT=5.9;5.9 ,ii
24187,Ref 1,12.294,114240,131130380.0,56.034418,6901403.0,419.3152672,IT=6.1;6.1 ,ii
24188,Ref 1,12.666,123912,139705600.0,56.038251,6891074.0,419.3152687,IT=6.3;6.3 ,ii
24189,Ref 1,11.503,121936,148564750.0,56.042239,7211385.0,419.3152482,IT=5.8;5.8 ,ii
24190,Ref 1,13.179,121216,135778780.0,56.046247,7018779.5,419.3153121,IT=6.6;6.6 ,ii
24191,Ref 1,12.966,121588,135387550.0,56.050262,6774580.5,419.315337,IT=6.5;6.5 ,ii
24192,Ref 1,12.078,120340,140636020.0,56.054089,7076192.0,419.3153075,IT=6;6 ,ii
24193,Ref 1,14.044,120612,131706540.0,56.05811,6977127.0,419.315454,IT=7;7 ,ii
24194,Ref 1,12.299,117536,134233380.0,56.062107,7002565.0,419.3153886,IT=6.1;6.1 ,ii
24195,Ref 1,11.923,116516,142335200.0,56.066093,7309435.5,419.3154476,IT=6;6 ,ii
24196,Ref 1,12.476,120148,139394780.0,56.069918,7295928.0,419.3153843,IT=6.2;6.2 ,ii
24197,Ref 1,13.567,122896,135694530.0,56.07393,7016330.5,419.3154228,IT=6.8;6.8 ,ii
24198,Ref 1,11.789,118032,143474190.0,56.077924,7101357.5,419.3153975,IT=5.9;5.9 ,ii
24199,Ref 1,12.955,121868,138803550.0,56.081926,7185956.0,419.3153338,IT=6.5;6.5 ,ii
24200,Ref 1,12.220,118504,136386660.0,56.085751,6973388.5,419.3153324,IT=6.1;6.1 ,ii
24201,Ref 1,12.400,118664,137793410.0,56.089745,7246372.0,419.3153269,IT=6.2;6.2 ,ii
24202,Ref 1,12.203,115520,136540270.0,56.093741,7095490.5,419.3153124,IT=6.1;6.1 ,ii
24203,Ref 1,12.343,116692,134814420.0,56.09773,7082600.5,419.3152809,IT=6.2;6.2 ,ii
24204,Ref 1,12.174,117452,134255600.0,56.101549,6758044.0,419.3151787,IT=6.1;6.1 ,ii
24205,Ref 1,13.515,125792,142543790.0,56.105563,6972562.5,419.3152867,IT=6.8;6.8 ,ii
24206,Ref 1,11.826,119500,140000940.0,56.109551,7227657.5,419.3153105,IT=5.9;5.9 ,ii
24207,Ref 1,12.245,120260,139468850.0,56.11354,7220455.5,419.3152738,IT=6.1;6.1 ,ii
24208,Ref 1,12.597,123132,142815700.0,56.117368,6992645.0,419.3153492,IT=6.3;6.3 ,ii
24209,Ref 1,12.185,115912,135592180.0,56.121359,7242728.5,419.3152828,IT=6.1;6.1 ,ii
24210,Ref 1,12.885,118456,136377840.0,56.125361,6917478.0,419.315293,IT=6.4;6.4 ,ii
24211,Ref 1,12.253,119436,137297940.0,56.129203,7200086.5,419.3152679,IT=6.1;6.1 ,ii
24212,Ref 1,11.526,117528,141527840.0,56.133188,7481081.0,419.315271,IT=5.8;5.8 ,ii
24213,Ref 1,12.445,118540,138714720.0,56.13718,7270408.5,419.3152078,IT=6.2;6.2 ,ii
24214,Ref 1,12.615,120200,139135920.0,56.14118,7145223.0,419.3152723,IT=6.3;6.3 ,ii
24215,Ref 1,13.600,121956,136464540.0,56.145196,6973798.0,419.3152417,IT=6.8;6.8 ,ii
24216,Ref 1,11.127,116072,138112750.0,56.149188,7197703.0,419.3152639,IT=5.6;5.6 ,ii
24217,Ref 1,12.781,119848,137606800.0,56.153182,7153093.0,419.3152486,IT=6.4;6.4 ,ii
24218,Ref 1,11.180,116956,143024290.0,56.157161,7426713.0,419.315255,IT=5.6;5.6 ,ii
24219,Ref 1,12.173,116192,141266190.0,56.160976,7670907.0,419.3152775,IT=6.1;6.1 ,ii
24220,Ref 1,11.854,118704,139619710.0,56.164961,7193403.0,419.3152506,IT=5.9;5.9 ,ii
24221,Ref 1,11.556,120288,144483070.0,56.168938,7766049.0,419.3152469,IT=5.8;5.8 ,ii
24222,Ref 1,12.484,122556,145174690.0,56.17293,7684738.5,419.3153526,IT=6.2;6.2 ,ii
24223,Ref 1,12.573,122232,142970100.0,56.176759,7184421.5,419.3154236,IT=6.3;6.3 ,ii
24224,Ref 1,11.962,117436,139222860.0,56.180746,7183944.5,419.3154175,IT=6;6 ,ii
24225,Ref 1,11.857,118220,146052000.0,56.184723,7809551.5,419.3152884,IT=5.9;5.9 ,ii
24226,Ref 1,12.014,120256,144200140.0,56.188705,7394683.0,419.3153988,IT=6;6 ,ii
24227,Ref 1,13.101,124948,141669760.0,56.192544,7335211.5,419.3153501,IT=6.6;6.6 ,ii
24228,Ref 1,11.929,118948,145971380.0,56.196532,7573222.0,419.3153438,IT=6;6 ,ii
24229,Ref 1,12.256,122440,145712860.0,56.200519,7934554.5,419.3152594,IT=6.1;6.1 ,ii
24230,Ref 1,12.125,122480,143243470.0,56.204515,7370825.5,419.3152553,IT=6.1;6.1 ,ii
24231,Ref 1,12.054,117108,142427600.0,56.208336,7621542.5,419.3152244,IT=6;6 ,ii
24232,Ref 1,10.805,116272,145930500.0,56.212306,7748882.5,419.3152755,IT=5.4;5.4 ,ii
24233,Ref 1,11.889,117204,140060420.0,56.216288,7426323.5,419.3152245,IT=5.9;5.9 ,ii
24234,Ref 1,11.610,119720,145605900.0,56.220271,7923406.0,419.3152844,IT=5.8;5.8 ,ii
24235,Ref 1,11.949,118600,144006660.0,56.224084,7833097.5,419.3152793,IT=6;6 ,ii
24236,Ref 1,12.441,123092,141794880.0,56.228073,7629258.0,419.3152567,IT=6.2;6.2 ,ii
24237,Ref 1,11.574,118108,147303940.0,56.232054,7838949.5,419.3152498,IT=5.8;5.8 ,ii
24238,Ref 1,12.895,118820,141618050.0,56.235898,7818521.5,419.315278,IT=6.4;6.4 ,ii
24239,Ref 1,11.589,120676,146768540.0,56.239881,7770940.0,419.3152279,IT=5.8;5.8 ,ii
24240,Ref 1,12.844,126108,146174910.0,56.243887,7929402.0,419.3153136,IT=6.4;6.4 ,ii
24241,Ref 1,11.867,120516,146888220.0,56.247881,8168450.0,419.3152884,IT=5.9;5.9 ,ii
24242,Ref 1,11.523,122744,153584050.0,56.251694,7957413.0,419.3153524,IT=5.8;5.8 ,ii
24243,Ref 1,11.854,120068,148105980.0,56.255677,7803245.5,419.3153841,IT=5.9;5.9 ,ii
24244,Ref 1,10.642,116792,147276580.0,56.259633,8074754.0,419.315263,IT=5.3;5.3 ,ii
24245,Ref 1,11.803,120196,148881490.0,56.263612,8028957.0,419.3152682,IT=5.9;5.9 ,ii
24246,Ref 1,11.689,114372,141011650.0,56.267427,7821302.5,419.3152655,IT=5.8;5.8 ,ii
24247,Ref 1,11.733,120376,150721740.0,56.2714,8003413.0,419.3153284,IT=5.9;5.9 ,ii
24248,Ref 1,13.099,122128,146672180.0,56.275404,7838526.5,419.3152724,IT=6.5;6.5 ,ii
24249,Ref 1,10.985,115316,146013580.0,56.279383,7934396.5,419.315261,IT=5.5;5.5 ,ii
24250,Ref 1,10.818,117272,148557870.0,56.283173,8074883.0,419.315253,IT=5.4;5.4 ,ii
24251,Ref 1,11.775,116432,148691120.0,56.287148,7902359.5,419.3153085,IT=5.9;5.9 ,ii
24252,Ref 1,11.990,123428,153346590.0,56.291127,7982269.5,419.3152902,IT=6;6 ,ii
24253,Ref 1,10.879,117832,150105650.0,56.295091,8136139.5,419.3152114,IT=5.4;5.4 ,ii
24254,Ref 1,12.662,121108,146502700.0,56.298912,8158272.0,419.3152834,IT=6.3;6.3 ,ii
24255,Ref 1,11.486,118888,150034770.0,56.302893,7974703.5,419.3151723,IT=5.7;5.7 ,ii
24256,Ref 1,12.047,122624,143125810.0,56.30687,7721123.5,419.3152012,IT=6;6 ,ii
24257,Ref 1,11.684,117368,147683040.0,56.310858,8078736.0,419.3151663,IT=5.8;5.8 ,ii
24258,Ref 1,11.788,118792,147449980.0,56.314666,7998837.5,419.3151043,IT=5.9;5.9 ,ii
24259,Ref 1,11.599,121660,149156290.0,56.31865,7893415.0,419.3152163,IT=5.8;5.8 ,ii
24260,Ref 1,10.754,115432,150662270.0,56.322616,8136741.5,419.3152725,IT=5.4;5.4 ,ii
24262,Ref 1,8.848,107136,147900590.0,56.328427,8367561.5,419.3152912,IT=4.4;4.4 ,ii
24263,Ref 1,13.605,124140,145922450.0,56.33247,7943394.5,419.3152977,IT=6.8;6.8 ,ii
24264,Ref 1,11.229,118316,149557970.0,56.336293,8274612.0,419.3152206,IT=5.6;5.6 ,ii
24265,Ref 1,12.347,116504,144415840.0,56.340287,7617923.5,419.3151783,IT=6.2;6.2 ,ii
24266,Ref 1,11.195,117464,152164770.0,56.34427,8081396.5,419.3151624,IT=5.6;5.6 ,ii
24267,Ref 1,12.349,120356,149491380.0,56.348256,8157223.0,419.3151976,IT=6.2;6.2 ,ii
24268,Ref 1,11.006,118064,148576580.0,56.352062,8092506.0,419.315227,IT=5.5;5.5 ,ii
24269,Ref 1,11.973,119668,149767900.0,56.356041,8000384.5,419.3151875,IT=6;6 ,ii
24270,Ref 1,11.217,114512,147406740.0,56.360012,8213993.5,419.3151765,IT=5.6;5.6 ,ii
24271,Ref 1,13.313,125728,146275410.0,56.363849,7830553.0,419.3152475,IT=6.7;6.7 ,ii
24272,Ref 1,11.723,125152,155887180.0,56.367833,8425801.0,419.3151907,IT=5.9;5.9 ,ii
24273,Ref 1,10.910,120556,157909700.0,56.371805,8617132.0,419.3152469,IT=5.5;5.5 ,ii
24274,Ref 1,13.202,125100,146298350.0,56.375805,7821655.0,419.3152608,IT=6.6;6.6 ,ii
24275,Ref 1,11.268,117556,152107570.0,56.379624,8307956.0,419.3152127,IT=5.6;5.6 ,ii
24276,Ref 1,11.480,119668,151427170.0,56.383593,8139430.0,419.315257,IT=5.7;5.7 ,ii
24277,Ref 1,11.195,113188,144289820.0,56.387559,8117234.0,419.3152157,IT=5.6;5.6 ,ii
24278,Ref 1,11.365,120684,150707340.0,56.391528,8233506.5,419.3151977,IT=5.7;5.7 ,ii
24279,Ref 1,11.295,120860,160220660.0,56.395332,8615490.0,419.3152967,IT=5.6;5.6 ,ii
24280,Ref 1,12.944,120992,143601810.0,56.39933,7913673.0,419.3152691,IT=6.5;6.5 ,ii
24281,Ref 1,11.994,121544,146579150.0,56.403324,8109512.0,419.3152788,IT=6;6 ,ii
24282,Ref 1,10.997,118812,156022100.0,56.407291,8328943.0,419.3152959,IT=5.5;5.5 ,ii
24283,Ref 1,12.050,119548,149652850.0,56.411107,8297806.5,419.315273,IT=6;6 ,ii
24284,Ref 1,11.593,119024,150656930.0,56.415086,8132750.0,419.315369,IT=5.8;5.8 ,ii
24286,Ref 1,8.562,111160,165124180.0,56.42089,8995000.0,419.3153246,IT=4.3;4.3 ,ii
24287,Ref 1,12.784,121644,145873020.0,56.424913,8151473.5,419.3154143,IT=6.4;6.4 ,ii
24288,Ref 1,11.234,118564,152094860.0,56.428895,8479642.0,419.315378,IT=5.6;5.6 ,ii
24289,Ref 1,11.480,118512,153458480.0,56.432703,8209554.0,419.3153934,IT=5.7;5.7 ,ii
24290,Ref 1,10.957,118852,149721900.0,56.436667,8014762.5,419.3152927,IT=5.5;5.5 ,ii
24291,Ref 1,12.219,120388,151020900.0,56.440649,8246106.5,419.3152662,IT=6.1;6.1 ,ii
24292,Ref 1,10.061,112908,154831820.0,56.444609,8581179.0,419.3152053,IT=5;5 ,ii
24293,Ref 1,11.851,120536,153134160.0,56.448413,8403299.0,419.3152902,IT=5.9;5.9 ,ii
24294,Ref 1,11.526,116548,146052800.0,56.452397,7948209.5,419.3152923,IT=5.8;5.8 ,ii
24295,Ref 1,10.777,114268,153710050.0,56.456359,8487488.0,419.3152397,IT=5.4;5.4 ,ii
24296,Ref 1,10.923,114588,150974220.0,56.460315,8373878.5,419.3152542,IT=5.5;5.5 ,ii
24297,Ref 1,12.224,117768,140063410.0,56.464132,7900714.0,419.315242,IT=6.1;6.1 ,ii
24298,Ref 1,10.427,113616,152711060.0,56.468092,8324183.0,419.3152127,IT=5.2;5.2 ,ii
24299,Ref 1,12.100,120524,154534240.0,56.472069,8389289.0,419.3151696,IT=6.1;6.1 ,ii
24300,Ref 1,10.834,113772,147418140.0,56.47604,8554043.0,419.3152681,IT=5.4;5.4 ,ii
24301,Ref 1,11.393,113564,144065500.0,56.480007,8277390.5,419.3153009,IT=5.7;5.7 ,ii
24302,Ref 1,11.846,121540,155439620.0,56.483984,8163561.5,419.3152917,IT=5.9;5.9 ,ii
24303,Ref 1,12.257,116184,140963220.0,56.487973,8119684.0,419.3152602,IT=6.1;6.1 ,ii
24304,Ref 1,10.811,115328,147038080.0,56.491769,8155844.0,419.315237,IT=5.4;5.4 ,ii
24305,Ref 1,11.012,120904,152950940.0,56.495738,8591194.0,419.3152276,IT=5.5;5.5 ,ii
24306,Ref 1,12.982,122728,146577020.0,56.49973,8054067.0,419.315294,IT=6.5;6.5 ,ii
24307,Ref 1,11.556,118956,144658370.0,56.503715,8258796.0,419.3150837,IT=5.8;5.8 ,ii
24308,Ref 1,11.940,122880,153997220.0,56.507528,8320431.5,419.3152341,IT=6;6 ,ii
24310,Ref 1,9.607,108900,144369660.0,56.51335,8269464.5,419.3152418,IT=4.8;4.8 ,ii
24311,Ref 1,12.680,124288,148012740.0,56.517211,7995645.0,419.3152542,IT=6.3;6.3 ,ii
24312,Ref 1,11.223,116200,152902670.0,56.521188,8394856.0,419.3151728,IT=5.6;5.6 ,ii
24313,Ref 1,11.091,121236,147602450.0,56.525152,8023276.5,419.3151684,IT=5.5;5.5 ,ii
24314,Ref 1,11.432,116664,143051390.0,56.528963,7919873.0,419.3152158,IT=5.7;5.7 ,ii
24315,Ref 1,12.123,122544,152075630.0,56.532948,8365280.5,419.3152089,IT=6.1;6.1 ,ii
24316,Ref 1,10.729,114180,151004480.0,56.536913,8492823.0,419.3151792,IT=5.4;5.4 ,ii
24317,Ref 1,11.998,121848,143947700.0,56.54089,8040474.0,419.3151886,IT=6;6 ,ii
24318,Ref 1,11.421,122088,153250860.0,56.544704,8409091.0,419.3152373,IT=5.7;5.7 ,ii
24320,Ref 1,9.140,108888,146132270.0,56.550512,8374930.0,419.3152055,IT=4.6;4.6 ,ii
24321,Ref 1,13.072,122188,143995570.0,56.554544,7909659.5,419.3152529,IT=6.5;6.5 ,ii
24322,Ref 1,10.758,118476,155169010.0,56.558512,8619686.0,419.3152817,IT=5.4;5.4 ,ii
24323,Ref 1,10.313,115696,152764260.0,56.562462,8614660.0,419.3152643,IT=5.2;5.2 ,ii
24325,Ref 1,8.716,106932,154927040.0,56.568271,8549184.0,419.3151683,IT=4.4;4.4 ,ii
24326,Ref 1,11.597,121692,157075150.0,56.572273,8644462.0,419.3152049,IT=5.8;5.8 ,ii
24328,Ref 1,9.755,112800,147050290.0,56.5781,8438727.0,419.3151309,IT=4.9;4.9 ,ii
24329,Ref 1,11.840,123252,156920130.0,56.58195,8443403.0,419.3151743,IT=5.9;5.9 ,ii
24330,Ref 1,11.526,120092,155788140.0,56.585925,8379636.5,419.315211,IT=5.8;5.8 ,ii
24331,Ref 1,11.026,118392,149833730.0,56.589893000000004,8176634.0,419.3152373,IT=5.5;5.5 ,ii
24332,Ref 1,11.765,116436,149393650.0,56.593871,8329706.0,419.3151895,IT=5.9;5.9 ,ii
24333,Ref 1,11.250,122216,158384940.0,56.597675,8514353.0,419.315168,IT=5.6;5.6 ,ii
24335,Ref 1,9.376,107992,145075550.0,56.603491,8389215.0,419.3152328,IT=4.7;4.7 ,ii
24336,Ref 1,11.876,121696,151688180.0,56.607508,8233682.0,419.315108,IT=5.9;5.9 ,ii
24337,Ref 1,11.718,117404,148301550.0,56.611487,8169484.5,419.3152579,IT=5.9;5.9 ,ii
24338,Ref 1,11.590,114896,139197790.0,56.61547,7690392.5,419.3151115,IT=5.8;5.8 ,ii
24339,Ref 1,11.398,118420,147888900.0,56.619279,7903501.0,419.3151476,IT=5.7;5.7 ,ii
24340,Ref 1,11.201,116356,146943920.0,56.623247,8477210.0,419.3151557,IT=5.6;5.6 ,ii
24342,Ref 1,9.265,108968,144393440.0,56.629058,8307253.0,419.3151352,IT=4.6;4.6 ,ii
24344,Ref 1,8.925,110284,157752580.0,56.634908,8973276.0,419.3151291,IT=4.5;4.5 ,ii
24345,Ref 1,12.482,119364,140958460.0,56.638935,8222838.5,419.3152242,IT=6.2;6.2 ,ii
24346,Ref 1,11.737,118756,144492050.0,56.642918,8048486.5,419.3152513,IT=5.9;5.9 ,ii
24347,Ref 1,11.868,121440,156185390.0,56.646901,8676728.0,419.3153008,IT=5.9;5.9 ,ii
24348,Ref 1,11.246,119984,152586270.0,56.650708,8596366.0,419.3152152,IT=5.6;5.6 ,ii
24349,Ref 1,11.618,118020,144553980.0,56.654687,8118478.5,419.3152834,IT=5.8;5.8 ,ii
24350,Ref 1,11.527,122624,151083410.0,56.658664,8421305.0,419.3152441,IT=5.8;5.8 ,ii
24351,Ref 1,12.367,122136,149329620.0,56.662491,8427697.0,419.3153418,IT=6.2;6.2 ,ii
24352,Ref 1,11.603,115540,141940160.0,56.666476,8128257.5,419.3153663,IT=5.8;5.8 ,ii
24353,Ref 1,11.411,118704,146886480.0,56.670451,8424202.0,419.3153138,IT=5.7;5.7 ,ii
24354,Ref 1,11.405,120452,154022380.0,56.674426,8365026.5,419.3152469,IT=5.7;5.7 ,ii
24356,Ref 1,9.470,107656,141004770.0,56.680243,8160038.0,419.3151204,IT=4.7;4.7 ,ii
24357,Ref 1,12.237,125128,151482660.0,56.684262,8365199.5,419.3152022,IT=6.1;6.1 ,ii
24358,Ref 1,11.139,114104,144019100.0,56.68807,8059095.5,419.3152232,IT=5.6;5.6 ,ii
24360,Ref 1,9.224,107864,144700350.0,56.693882,8389041.0,419.3151494,IT=4.6;4.6 ,ii
24361,Ref 1,11.472,118284,147334180.0,56.697887,8286024.0,419.3151458,IT=5.7;5.7 ,ii
24362,Ref 1,11.014,113716,142208560.0,56.701864,7984711.5,419.3151291,IT=5.5;5.5 ,ii
24363,Ref 1,11.455,118556,141465950.0,56.705832,7886800.0,419.3151982,IT=5.7;5.7 ,ii
24364,Ref 1,11.485,116604,148650610.0,56.709641,8172829.5,419.3151911,IT=5.7;5.7 ,ii
24365,Ref 1,11.259,121220,153058300.0,56.713614,8297248.0,419.3151259,IT=5.6;5.6 ,ii
24367,Ref 1,8.892,105868,150050960.0,56.71942,8592257.0,419.3151492,IT=4.4;4.4 ,ii
24368,Ref 1,11.519,120628,148652750.0,56.723426,8215537.5,419.315182,IT=5.8;5.8 ,ii
24369,Ref 1,11.443,120828,148942780.0,56.727401,8199759.5,419.3151283,IT=5.7;5.7 ,ii
24370,Ref 1,12.415,118920,140806210.0,56.731395,7929955.0,419.3151373,IT=6.2;6.2 ,ii
24371,Ref 1,11.115,117896,150855250.0,56.73537,8227800.5,419.31521,IT=5.6;5.6 ,ii
24373,Ref 1,9.103,107208,143356460.0,56.741182,8230051.0,419.3151953,IT=4.6;4.6 ,ii
24374,Ref 1,13.185,122560,142195890.0,56.745215,7835671.5,419.3152762,IT=6.6;6.6 ,ii
24375,Ref 1,10.895,118632,151430510.0,56.749195,8088205.5,419.3152251,IT=5.4;5.4 ,ii
24376,Ref 1,15.169,128060,144352930.0,56.753061,7813829.5,419.3152585,IT=7.6;7.6 ,ii
24377,Ref 1,10.854,117312,146147070.0,56.75704,7886763.0,419.3152641,IT=5.4;5.4 ,ii
24379,Ref 1,9.065,107736,150400110.0,56.760986,8336580.5,419.3151742,IT=4.5;4.5 ,ii
24381,Ref 1,10.001,111540,139957420.0,56.766851,8031915.5,419.3151934,IT=5;5 ,ii
24383,Ref 1,9.173,104512,144777010.0,56.772701,8414421.0,419.3152483,IT=4.6;4.6 ,ii
24384,Ref 1,12.261,125536,151466530.0,56.776723,8035181.5,419.3152167,IT=6.1;6.1 ,ii
24385,Ref 1,12.157,120876,142614900.0,56.780711,8064130.5,419.3151827,IT=6.1;6.1 ,ii
24386,Ref 1,11.434,117928,148801810.0,56.784521,8173294.5,419.3152186,IT=5.7;5.7 ,ii
24387,Ref 1,11.379,117416,147412640.0,56.788494,7820461.0,419.3152224,IT=5.7;5.7 ,ii
24388,Ref 1,11.413,116556,141428900.0,56.792465,7964661.0,419.315154,IT=5.7;5.7 ,ii
24389,Ref 1,11.004,116748,143761250.0,56.796434,7830314.5,419.3152507,IT=5.5;5.5 ,ii
24390,Ref 1,10.972,118052,149981170.0,56.800228,7949932.0,419.3152983,IT=5.5;5.5 ,ii
24391,Ref 1,12.443,121440,143365250.0,56.804217,7681547.5,419.31527,IT=6.2;6.2 ,ii
24392,Ref 1,11.338,116400,142260820.0,56.80819,7959198.5,419.3152159,IT=5.7;5.7 ,ii
24393,Ref 1,10.836,115412,145672770.0,56.812159,8026260.0,419.3152083,IT=5.4;5.4 ,ii
24394,Ref 1,11.093,114112,143113740.0,56.815959,7997490.5,419.315306,IT=5.5;5.5 ,ii
24395,Ref 1,12.504,122284,144056640.0,56.819957,7644785.0,419.3152776,IT=6.3;6.3 ,ii
24396,Ref 1,10.532,118756,150896260.0,56.823925,8366969.0,419.3152085,IT=5.3;5.3 ,ii
24398,Ref 1,9.044,105620,138857220.0,56.829732,8094669.5,419.3152489,IT=4.5;4.5 ,ii
24399,Ref 1,12.490,118988,137947410.0,56.833752,7652917.5,419.3152804,IT=6.2;6.2 ,ii
24400,Ref 1,10.601,112400,142979060.0,56.83755,7747722.5,419.315224,IT=5.3;5.3 ,ii
24402,Ref 1,9.324,110752,144932100.0,56.843363,8158587.0,419.3152466,IT=4.7;4.7 ,ii
24404,Ref 1,9.233,108544,145715870.0,56.849215,8014350.0,419.315161,IT=4.6;4.6 ,ii
24406,Ref 1,9.489,103784,134163300.0,56.855073,7824623.5,419.3152379,IT=4.7;4.7 ,ii
24407,Ref 1,13.411,124740,146137460.0,56.858942,7867332.0,419.3152672,IT=6.7;6.7 ,ii
24408,Ref 1,10.950,116028,145866580.0,56.862917,8162572.5,419.31531,IT=5.5;5.5 ,ii
24409,Ref 1,11.556,115924,142312850.0,56.86689,7951756.0,419.3152903,IT=5.8;5.8 ,ii
24410,Ref 1,12.201,119480,146215860.0,56.870875,7810842.0,419.3152495,IT=6.1;6.1 ,ii
24411,Ref 1,11.353,116560,143999620.0,56.874685,7787536.5,419.3151851,IT=5.7;5.7 ,ii
24412,Ref 1,10.877,113212,146796100.0,56.878648,7959632.0,419.3152778,IT=5.4;5.4 ,ii
24413,Ref 1,12.259,123752,146982800.0,56.882631,7737362.0,419.3152034,IT=6.1;6.1 ,ii
24414,Ref 1,11.138,120180,153258960.0,56.886444,7712106.0,419.3152108,IT=5.6;5.6 ,ii
24416,Ref 1,9.148,110652,152448020.0,56.89226,8125361.0,419.3152589,IT=4.6;4.6 ,ii
24417,Ref 1,12.016,120480,147781580.0,56.896273,7726377.0,419.3152232,IT=6;6 ,ii
24418,Ref 1,10.208,111012,149092300.0,56.900227,7986499.0,419.3152751,IT=5.1;5.1 ,ii
24419,Ref 1,12.744,122228,145193180.0,56.904212,7707020.0,419.3153108,IT=6.4;6.4 ,ii
24421,Ref 1,9.041,111056,150527860.0,56.910021,8011664.0,419.3152331,IT=4.5;4.5 ,ii
24422,Ref 1,13.644,124476,146032000.0,56.914064,7354153.0,419.3152004,IT=6.8;6.8 ,ii
24423,Ref 1,10.961,113360,141925120.0,56.917879,7729650.5,419.3153146,IT=5.5;5.5 ,ii
24425,Ref 1,8.817,107188,149199360.0,56.921818,8144690.5,419.3151705,IT=4.4;4.4 ,ii
24426,Ref 1,11.355,115752,144120100.0,56.92582,8014714.5,419.3151064,IT=5.7;5.7 ,ii
24427,Ref 1,10.950,113116,141879490.0,56.929789,7761681.5,419.3151764,IT=5.5;5.5 ,ii
24428,Ref 1,11.290,118280,153320860.0,56.933591,7844710.5,419.3152569,IT=5.6;5.6 ,ii
24429,Ref 1,12.607,123192,147756060.0,56.937589,7737817.0,419.3152658,IT=6.3;6.3 ,ii
24430,Ref 1,9.951,116396,152656480.0,56.941552,8117312.0,419.3151787,IT=5;5 ,ii
24432,Ref 1,8.915,109652,149492400.0,56.947356,8255062.0,419.315226,IT=4.5;4.5 ,ii
24433,Ref 1,11.982,121376,147336780.0,56.951368,7922564.0,419.3152159,IT=6;6 ,ii
24434,Ref 1,11.300,119012,146982880.0,56.955181,7810454.5,419.3152234,IT=5.6;5.6 ,ii
24435,Ref 1,11.362,117416,145164660.0,56.959151,7822772.5,419.3152701,IT=5.7;5.7 ,ii
24437,Ref 1,9.179,107552,149487810.0,56.964966,8144340.5,419.3152499,IT=4.6;4.6 ,ii
24438,Ref 1,12.335,119784,139560750.0,56.968987,7707153.5,419.3153105,IT=6.2;6.2 ,ii
24439,Ref 1,11.366,118316,145754580.0,56.972964,7839496.5,419.3152514,IT=5.7;5.7 ,ii
24441,Ref 1,8.693,106712,151242560.0,56.978768,8443110.0,419.3152475,IT=4.3;4.3 ,ii
24442,Ref 1,14.321,125404,140603230.0,56.982655,7526988.0,419.3152276,IT=7.2;7.2 ,ii
24443,Ref 1,11.897,123132,146483100.0,56.986653,7763963.0,419.3152772,IT=5.9;5.9 ,ii
24444,Ref 1,11.471,120104,149642670.0,56.990632,7957968.5,419.3152698,IT=5.7;5.7 ,ii
24446,Ref 1,9.157,106508,144176820.0,56.996443,8185048.0,419.3151622,IT=4.6;4.6 ,ii
24447,Ref 1,12.820,123616,139554610.0,57.000472,7778216.5,419.3152574,IT=6.4;6.4 ,ii
24449,Ref 1,8.906,105764,141592130.0,57.006284,8389899.0,419.3152773,IT=4.5;4.5 ,ii
24450,Ref 1,12.041,117796,141686700.0,57.010301,7706519.5,419.3153094,IT=6;6 ,ii
24452,Ref 1,8.737,103944,141423100.0,57.014262,7716467.5,419.3152574,IT=4.4;4.4 ,ii
24453,Ref 1,12.094,120908,143521620.0,57.018272,7724943.0,419.3151565,IT=6;6 ,ii
24454,Ref 1,11.549,115620,136255440.0,57.022259,7436398.5,419.3152347,IT=5.8;5.8 ,ii
24455,Ref 1,10.866,116144,140891440.0,57.026226,7656660.5,419.3152272,IT=5.4;5.4 ,ii
24456,Ref 1,12.052,116712,139965660.0,57.030047,7832032.0,419.315265,IT=6;6 ,ii
24457,Ref 1,12.973,125236,142447600.0,57.034053,7825415.0,419.3153472,IT=6.5;6.5 ,ii
24458,Ref 1,10.838,114568,142937900.0,57.03803,7846675.5,419.3151996,IT=5.4;5.4 ,ii
24459,Ref 1,11.456,120768,146758420.0,57.042003,8067857.0,419.3152407,IT=5.7;5.7 ,ii
24460,Ref 1,11.822,120024,142591580.0,57.045824,8127525.5,419.3153581,IT=5.9;5.9 ,ii
24462,Ref 1,8.780,105536,140197520.0,57.049759,7914103.0,419.3152042,IT=4.4;4.4 ,ii
24463,Ref 1,12.053,121024,148048350.0,57.05377,8074566.5,419.3152469,IT=6;6 ,ii
24464,Ref 1,12.477,118036,133996470.0,57.057772,7631501.5,419.3151859,IT=6.2;6.2 ,ii
24465,Ref 1,11.295,116608,142732980.0,57.061584,7896401.0,419.3152256,IT=5.6;5.6 ,ii
24466,Ref 1,11.590,116872,146325470.0,57.065557,7855589.0,419.3152373,IT=5.8;5.8 ,ii
24468,Ref 1,10.200,107668,132782680.0,57.071388,7696181.5,419.3152304,IT=5.1;5.1 ,ii
24469,Ref 1,12.631,124076,144483280.0,57.075419,7937682.0,419.3153191,IT=6.3;6.3 ,ii
24470,Ref 1,11.757,119828,148581860.0,57.079405,8189153.5,419.3152247,IT=5.9;5.9 ,ii
24471,Ref 1,11.708,115252,141448510.0,57.083217,7936601.0,419.3152517,IT=5.9;5.9 ,ii
24473,Ref 1,9.257,106560,144943700.0,57.089034,8075941.0,419.3152642,IT=4.6;4.6 ,ii
24476,Ref 1,10.328,108400,134749540.0,57.096738,7965485.0,419.3151672,IT=5.2;5.2 ,ii
24477,Ref 1,11.454,122096,146895970.0,57.100748,7927284.0,419.315259,IT=5.7;5.7 ,ii
24480,Ref 1,8.863,107616,149242930.0,57.106261,8398807.0,419.3152152,IT=4.4;4.4 ,ii
24481,Ref 1,12.973,120880,142581010.0,57.110125,7744542.5,419.3152566,IT=6.5;6.5 ,ii
24482,Ref 1,11.886,119284,149869840.0,57.114121,7921205.0,419.3151715,IT=5.9;5.9 ,ii
24483,Ref 1,9.801,108632,141602620.0,57.118077,7847236.5,419.3150997,IT=4.9;4.9 ,ii
24484,Ref 1,13.805,119064,132698780.0,57.122084,7271539.5,419.315289,IT=6.9;6.9 ,ii
24485,Ref 1,10.475,115408,148075680.0,57.125894,7786152.0,419.3153013,IT=5.2;5.2 ,ii
24487,Ref 1,8.577,111516,161469330.0,57.129832,8763003.0,419.315101,IT=4.3;4.3 ,ii
24488,Ref 1,13.837,121240,135225680.0,57.133877,7565971.5,419.3152994,IT=6.9;6.9 ,ii
24490,Ref 1,9.096,111212,149095970.0,57.139698,8260228.0,419.3152226,IT=4.5;4.5 ,ii
24491,Ref 1,12.036,120548,153108980.0,57.143721,8185038.0,419.3152087,IT=6;6 ,ii
24492,Ref 1,13.596,122300,135048660.0,57.147577,7572466.0,419.3152284,IT=6.8;6.8 ,ii
24493,Ref 1,10.080,108592,140692160.0,57.15154,7976043.0,419.3152041,IT=5;5 ,ii
24494,Ref 1,10.734,116228,154929790.0,57.155492,8225424.0,419.3151128,IT=5.4;5.4 ,ii
24495,Ref 1,12.796,114392,128978180.0,57.159492,7108818.0,419.3151307,IT=6.4;6.4 ,ii
24497,Ref 1,8.641,108416,153432080.0,57.165279,8522324.0,419.315215,IT=4.3;4.3 ,ii
24498,Ref 1,12.579,119164,151253820.0,57.169129,8175776.0,419.3151209,IT=6.3;6.3 ,ii
24499,Ref 1,12.685,124276,146168860.0,57.173136,7954245.5,419.3150796,IT=6.3;6.3 ,ii
24500,Ref 1,10.847,115844,149257180.0,57.17711,7929627.5,419.3149924,IT=5.4;5.4 ,ii
24501,Ref 1,11.361,119748,156801040.0,57.181079,8292744.5,419.3150726,IT=5.7;5.7 ,ii
24502,Ref 1,12.495,118252,138319840.0,57.184904,7549406.5,419.3151615,IT=6.2;6.2 ,ii
24503,Ref 1,10.181,114904,157076500.0,57.188871,8277232.0,419.3151019,IT=5.1;5.1 ,ii
24505,Ref 1,8.352,101780,150830240.0,57.194671,8448987.0,419.3152357,IT=4.2;4.2 ,ii
24507,Ref 1,9.678,107824,147900800.0,57.198625,8135177.5,419.3150821,IT=4.8;4.8 ,ii
24508,Ref 1,11.237,116756,158017490.0,57.202631,8109097.5,419.3151324,IT=5.6;5.6 ,ii
24510,Ref 1,8.874,100212,141414130.0,57.208446,8121301.0,419.3151613,IT=4.4;4.4 ,ii
24511,Ref 1,11.616,120120,152132260.0,57.21245,8157931.5,419.315184,IT=5.8;5.8 ,ii
24512,Ref 1,10.927,116680,152477390.0,57.21625,8049461.0,419.3152574,IT=5.5;5.5 ,ii
24514,Ref 1,8.195,104048,153676820.0,57.220181,8508387.0,419.3150959,IT=4.1;4.1 ,ii
24516,Ref 1,9.200,109200,155922660.0,57.226029,8534972.0,419.3151265,IT=4.6;4.6 ,ii
24517,Ref 1,10.548,116296,162615220.0,57.23002,8680895.0,419.3151006,IT=5.3;5.3 ,ii
24518,Ref 1,12.004,119068,145781020.0,57.234002,7862425.5,419.3151059,IT=6;6 ,ii
24519,Ref 1,11.211,116564,149523600.0,57.237812,8287748.0,419.3151135,IT=5.6;5.6 ,ii
24520,Ref 1,11.791,120264,155349840.0,57.241795,8323828.5,419.3151202,IT=5.9;5.9 ,ii
24521,Ref 1,11.098,111580,140838720.0,57.245766,7903752.5,419.3151225,IT=5.5;5.5 ,ii
24522,Ref 1,12.541,117928,145517420.0,57.249756,7850151.5,419.3151841,IT=6.3;6.3 ,ii
24523,Ref 1,10.435,113196,151652610.0,57.253554,8263374.5,419.3151382,IT=5.2;5.2 ,ii
24524,Ref 1,10.661,112216,150804830.0,57.257504,8222205.5,419.3151709,IT=5.3;5.3 ,ii
24525,Ref 1,11.688,113700,146035330.0,57.261474,7833673.5,419.3152792,IT=5.8;5.8 ,ii
24527,Ref 1,8.203,104500,156998690.0,57.265414,8473126.0,419.315365,IT=4.1;4.1 ,ii
24529,Ref 1,8.748,106724,156895230.0,57.269354,8343897.5,419.3151727,IT=4.4;4.4 ,ii
24531,Ref 1,9.139,104416,142232830.0,57.273306,8126345.5,419.3150971,IT=4.6;4.6 ,ii
24532,Ref 1,10.994,115108,152548210.0,57.277304,8263286.5,419.3151341,IT=5.5;5.5 ,ii
24533,Ref 1,10.932,111752,148258560.0,57.281095,8171905.5,419.3151479,IT=5.5;5.5 ,ii
24534,Ref 1,11.676,118256,146466500.0,57.285068,7994671.5,419.3150609,IT=5.8;5.8 ,ii
24535,Ref 1,10.787,118016,155865790.0,57.289033,8333834.5,419.3151898,IT=5.4;5.4 ,ii
24536,Ref 1,10.917,116464,158303040.0,57.292993,8161061.5,419.3151837,IT=5.5;5.5 ,ii
24537,Ref 1,12.104,117272,144212420.0,57.29681,8076419.5,419.3151652,IT=6.1;6.1 ,ii
24538,Ref 1,11.460,114588,152872960.0,57.300787,8267494.0,419.3151742,IT=5.7;5.7 ,ii
24539,Ref 1,11.238,114616,154675300.0,57.304755,8585471.0,419.3151404,IT=5.6;5.6 ,ii
24540,Ref 1,10.593,110016,145139390.0,57.308714,8171120.0,419.3152012,IT=5.3;5.3 ,ii
24541,Ref 1,12.982,118844,145630380.0,57.312541,7908151.5,419.3152923,IT=6.5;6.5 ,ii
24543,Ref 1,8.497,101712,150014700.0,57.318324,8413203.0,419.3152365,IT=4.2;4.2 ,ii
24544,Ref 1,11.642,114488,144138930.0,57.322335,8117235.0,419.315212,IT=5.8;5.8 ,ii
24545,Ref 1,11.412,114772,153886320.0,57.326311,8261348.0,419.3152202,IT=5.7;5.7 ,ii
24546,Ref 1,11.084,117584,151974000.0,57.330276,8011577.0,419.3153032,IT=5.5;5.5 ,ii
24547,Ref 1,11.200,113736,152457580.0,57.33408,8515424.0,419.3153259,IT=5.6;5.6 ,ii
24548,Ref 1,11.052,115404,151305660.0,57.338055,8096499.0,419.3153326,IT=5.5;5.5 ,ii
24549,Ref 1,11.614,113168,150375440.0,57.342036,8049286.0,419.3154113,IT=5.8;5.8 ,ii
24550,Ref 1,11.533,113204,148127740.0,57.346018,8200342.0,419.3152781,IT=5.8;5.8 ,ii
24552,Ref 1,8.582,104108,153561600.0,57.35182,8629106.0,419.3152825,IT=4.3;4.3 ,ii
24554,Ref 1,8.992,110648,160752940.0,57.35767,8821988.0,419.3152301,IT=4.5;4.5 ,ii
24555,Ref 1,11.317,114736,148811330.0,57.361676,8279973.5,419.3153561,IT=5.7;5.7 ,ii
24557,Ref 1,8.896,103848,149916720.0,57.367484,8458979.0,419.3152794,IT=4.4;4.4 ,ii
24559,Ref 1,9.698,106972,148243550.0,57.373328,8526018.0,419.3151658,IT=4.8;4.8 ,ii
24561,Ref 1,8.604,102408,151260800.0,57.379159,8417182.0,419.3152525,IT=4.3;4.3 ,ii
24562,Ref 1,10.926,115980,155903870.0,57.383155,8456567.0,419.3151841,IT=5.5;5.5 ,ii
24563,Ref 1,10.565,108860,151133780.0,57.386947,8294139.0,419.3151953,IT=5.3;5.3 ,ii
24564,Ref 1,10.261,108636,148489710.0,57.390901,8240878.0,419.3152307,IT=5.1;5.1 ,ii
24565,Ref 1,11.068,110524,149243330.0,57.394863,8101371.0,419.3152557,IT=5.5;5.5 ,ii
24566,Ref 1,11.031,111812,145382720.0,57.398828,8015237.0,419.3152682,IT=5.5;5.5 ,ii
24568,Ref 1,8.310,100876,153970660.0,57.404611,8833768.0,419.3152109,IT=4.2;4.2 ,ii
24569,Ref 1,10.827,113056,154975650.0,57.408438,8430300.0,419.3153517,IT=5.4;5.4 ,ii
24571,Ref 1,9.022,105756,154082700.0,57.41239,8371774.0,419.3152333,IT=4.5;4.5 ,ii
24572,Ref 1,10.747,113756,155679120.0,57.416384,8297666.0,419.3151892,IT=5.4;5.4 ,ii
24573,Ref 1,11.223,112940,151973890.0,57.420353,8216834.5,419.315223,IT=5.6;5.6 ,ii
24574,Ref 1,9.617,106552,148062990.0,57.424298,8376924.0,419.315226,IT=4.8;4.8 ,ii
24575,Ref 1,10.643,114484,153620620.0,57.42825,8019698.5,419.3152637,IT=5.3;5.3 ,ii
24576,Ref 1,9.637,108968,159670320.0,57.43219,8325344.5,419.3152723,IT=4.8;4.8 ,ii
24577,Ref 1,13.184,115896,144410980.0,57.436023,7781740.5,419.3153653,IT=6.6;6.6 ,ii
24578,Ref 1,9.688,108116,155408620.0,57.439986,8223564.5,419.3152082,IT=4.8;4.8 ,ii
24579,Ref 1,10.240,114660,160922930.0,57.443934,8079637.0,419.3152692,IT=5.1;5.1 ,ii
24580,Ref 1,9.313,108076,164330960.0,57.447867,8517270.0,419.31533,IT=4.7;4.7 ,ii
24581,Ref 1,11.155,115184,156344910.0,57.451663,8094630.0,419.3153046,IT=5.6;5.6 ,ii
24582,Ref 1,9.884,108424,164700220.0,57.455611,8251003.0,419.3153203,IT=4.9;4.9 ,ii
24583,Ref 1,10.731,109396,152708210.0,57.459563,8295655.0,419.3153111,IT=5.4;5.4 ,ii
24584,Ref 1,11.267,110104,148542190.0,57.463529,7959168.0,419.3153128,IT=5.6;5.6 ,ii
24585,Ref 1,9.491,104216,153959150.0,57.467304,8235959.0,419.3152824,IT=4.7;4.7 ,ii
24587,Ref 1,8.498,101052,160183680.0,57.473102,8580512.0,419.3153526,IT=4.2;4.2 ,ii
24589,Ref 1,8.346,105012,165764400.0,57.478929,8461747.0,419.3153007,IT=4.2;4.2 ,ii
24590,Ref 1,11.952,117388,160219310.0,57.482769,8195432.0,419.3153511,IT=6;6 ,ii
24591,Ref 1,9.816,105752,150946960.0,57.486715,8394448.0,419.3152267,IT=4.9;4.9 ,ii
24592,Ref 1,10.654,112180,155223660.0,57.490667,8148804.5,419.3152915,IT=5.3;5.3 ,ii
24593,Ref 1,10.399,109704,156011920.0,57.49445,8281675.5,419.3153909,IT=5.2;5.2 ,ii
24595,Ref 1,8.549,102692,153440510.0,57.498387,8307013.5,419.3152587,IT=4.3;4.3 ,ii
24596,Ref 1,10.977,114116,153765570.0,57.502381,8023085.0,419.3153015,IT=5.5;5.5 ,ii
24598,Ref 1,8.301,97612,152739120.0,57.506477,8566545.0,419.3152316,IT=4.2;4.2 ,ii
24599,Ref 1,10.825,111104,155784620.0,57.5103,8126084.5,419.3152798,IT=5.4;5.4 ,ii
24600,Ref 1,10.944,111932,159961920.0,57.51426,8227930.0,419.3152999,IT=5.5;5.5 ,ii
24601,Ref 1,11.088,116592,162689630.0,57.518223,8351492.0,419.3153447,IT=5.5;5.5 ,ii
24602,Ref 1,10.270,111352,158802820.0,57.522179,8169220.5,419.3153241,IT=5.1;5.1 ,ii
24603,Ref 1,11.314,112600,151500990.0,57.525991,8205301.5,419.3153698,IT=5.7;5.7 ,ii
24604,Ref 1,10.352,111588,158462460.0,57.529958,8208353.0,419.3153177,IT=5.2;5.2 ,ii
24605,Ref 1,9.888,108984,158055070.0,57.533898,8188460.5,419.3153633,IT=4.9;4.9 ,ii
24606,Ref 1,11.611,114884,156429300.0,57.537866,8101777.5,419.3153598,IT=5.8;5.8 ,ii
24607,Ref 1,10.414,110700,155675620.0,57.541664,7853411.0,419.3153523,IT=5.2;5.2 ,ii
24608,Ref 1,10.460,111220,159750060.0,57.54562,8294397.5,419.3154015,IT=5.2;5.2 ,ii
24609,Ref 1,10.495,110720,153585440.0,57.549575,8202418.0,419.3153152,IT=5.2;5.2 ,ii
24610,Ref 1,11.214,113460,157523570.0,57.553375,8098929.0,419.3153229,IT=5.6;5.6 ,ii
24611,Ref 1,10.247,110208,164881300.0,57.557166,8326010.5,419.315322,IT=5.1;5.1 ,ii
24612,Ref 1,10.421,110832,157800350.0,57.561114,8435187.0,419.315351,IT=5.2;5.2 ,ii
24613,Ref 1,11.160,112236,155566160.0,57.565081,7870448.0,419.3153615,IT=5.6;5.6 ,ii
24614,Ref 1,10.569,108336,154499940.0,57.568872,7967426.5,419.3153487,IT=5.3;5.3 ,ii
24615,Ref 1,10.166,109652,161872060.0,57.572825,8451317.0,419.3153043,IT=5.1;5.1 ,ii
24616,Ref 1,11.223,109936,150534700.0,57.576793,7952370.5,419.315333,IT=5.6;5.6 ,ii
24618,Ref 1,8.278,102508,161957200.0,57.582593,8630486.0,419.315355,IT=4.1;4.1 ,ii
24619,Ref 1,12.627,117148,157381120.0,57.586608,7979984.0,419.3154226,IT=6.3;6.3 ,ii
24621,Ref 1,9.201,105104,163727250.0,57.591301,8682241.0,419.3154301,IT=4.6;4.6 ,ii
24623,Ref 1,8.072,99768,159460740.0,57.595231,8508471.0,419.3153579,IT=4;4 ,ii
24624,Ref 1,11.197,112096,159113650.0,57.59922,8264391.5,419.3154302,IT=5.6;5.6 ,ii
24625,Ref 1,9.976,109132,163050770.0,57.60317,8001581.0,419.3153639,IT=5;5 ,ii
24626,Ref 1,9.993,111892,163133950.0,57.60711,8403139.0,419.3154492,IT=5;5 ,ii
24627,Ref 1,9.417,103308,155191170.0,57.610872,8246477.5,419.3153294,IT=4.7;4.7 ,ii
24629,Ref 1,9.247,103184,155818610.0,57.616676,8334402.0,419.3152609,IT=4.6;4.6 ,ii
24630,Ref 1,10.104,109412,160621540.0,57.620662,8417129.0,419.3152531,IT=5.1;5.1 ,ii
24631,Ref 1,9.614,102780,149613870.0,57.624601,7994024.5,419.3152887,IT=4.8;4.8 ,ii
24633,Ref 1,8.532,100552,158499520.0,57.630387,8250539.5,419.3154241,IT=4.3;4.3 ,ii
24635,Ref 1,8.617,101472,159499150.0,57.634478,8456311.0,419.3152501,IT=4.3;4.3 ,ii
24636,Ref 1,11.630,113184,155110770.0,57.638318,8100162.5,419.3153799,IT=5.8;5.8 ,ii
24638,Ref 1,7.979,102460,161503810.0,57.642414,8365931.5,419.3153204,IT=4;4 ,ii
24639,Ref 1,10.732,111416,160108130.0,57.646405,8261796.5,419.3152361,IT=5.4;5.4 ,ii
24640,Ref 1,9.869,106580,154332320.0,57.650353,8102513.0,419.3153317,IT=4.9;4.9 ,ii
24641,Ref 1,10.688,109564,159604140.0,57.654136,8066320.0,419.31524,IT=5.3;5.3 ,ii
24642,Ref 1,9.988,104588,160816080.0,57.658076,8077049.5,419.3152304,IT=5;5 ,ii
24643,Ref 1,9.633,106104,162124050.0,57.662009,8274634.0,419.3152992,IT=4.8;4.8 ,ii
24645,Ref 1,8.643,99660,157828320.0,57.666088,8406562.0,419.315242,IT=4.3;4.3 ,ii
24646,Ref 1,9.771,104804,161189170.0,57.669893,8225490.5,419.3151173,IT=4.9;4.9 ,ii
24648,Ref 1,8.764,99180,152967760.0,57.675692,8129280.5,419.3152673,IT=4.4;4.4 ,ii
24649,Ref 1,11.182,111192,159005060.0,57.679693,8175186.0,419.3153316,IT=5.6;5.6 ,ii
24650,Ref 1,9.236,105268,166994850.0,57.68363,8618403.0,419.3152047,IT=4.6;4.6 ,ii
24651,Ref 1,9.998,104400,159845010.0,57.687563,8162581.0,419.3153103,IT=5;5 ,ii
24652,Ref 1,9.897,103956,156389780.0,57.691334,8147298.5,419.3152668,IT=4.9;4.9 ,ii
24653,Ref 1,10.131,108980,164150670.0,57.695276,8218501.5,419.3151887,IT=5.1;5.1 ,ii
24654,Ref 1,9.299,105764,169395200.0,57.699207,8414991.0,419.315265,IT=4.6;4.6 ,ii
24655,Ref 1,10.580,104852,153278690.0,57.703153,7777730.0,419.3153108,IT=5.3;5.3 ,ii
24656,Ref 1,8.901,103700,171185650.0,57.706907,8569483.0,419.3152503,IT=4.5;4.5 ,ii
24657,Ref 1,9.802,105748,167650400.0,57.71084,8315151.0,419.3151792,IT=4.9;4.9 ,ii
24658,Ref 1,10.792,108236,154878500.0,57.714784,8105325.0,419.3151909,IT=5.4;5.4 ,ii
24659,Ref 1,9.628,103932,162222850.0,57.718557,8126836.0,419.3151567,IT=4.8;4.8 ,ii
24660,Ref 1,9.073,105192,176366240.0,57.722473,8745649.0,419.3152932,IT=4.5;4.5 ,ii
24662,Ref 1,7.960,98504,165668000.0,57.72635,8667113.0,419.315123,IT=4;4 ,ii
24663,Ref 1,10.773,109020,166967250.0,57.730332,8132314.5,419.3150049,IT=5.4;5.4 ,ii
24665,Ref 1,7.833,98396,177793100.0,57.736115,8978694.0,419.3151613,IT=3.9;3.9 ,ii
24667,Ref 1,8.620,101980,171768780.0,57.741967,8481926.0,419.3151583,IT=4.3;4.3 ,ii
24668,Ref 1,9.787,107900,170153220.0,57.745942,8515517.0,419.315222,IT=4.9;4.9 ,ii
24669,Ref 1,9.226,102236,173011020.0,57.749696,8313860.5,419.3152403,IT=4.6;4.6 ,ii
24670,Ref 1,10.406,108208,163085730.0,57.75364,8020561.5,419.3151856,IT=5.2;5.2 ,ii
24671,Ref 1,9.018,102544,167518050.0,57.757561,8621150.0,419.3152127,IT=4.5;4.5 ,ii
24672,Ref 1,9.465,105904,176313890.0,57.761331,8333906.5,419.3152549,IT=4.7;4.7 ,ii
24673,Ref 1,10.160,103824,160939300.0,57.765271,8059807.0,419.3152579,IT=5.1;5.1 ,ii
24674,Ref 1,9.927,106296,169660540.0,57.769213,8185231.5,419.3151743,IT=5;5 ,ii
24676,Ref 1,7.793,99780,176274400.0,57.775,8930987.0,419.3152293,IT=3.9;3.9 ,ii
24677,Ref 1,11.684,110720,162744930.0,57.779,7794315.0,419.3152714,IT=5.8;5.8 ,ii
24678,Ref 1,8.777,103980,172556620.0,57.782933,8287929.5,419.3152176,IT=4.4;4.4 ,ii
24679,Ref 1,9.150,104820,174464660.0,57.786681,8780969.0,419.3151911,IT=4.6;4.6 ,ii
24680,Ref 1,10.151,105816,161007650.0,57.790619,8183626.0,419.3152107,IT=5.1;5.1 ,ii
24682,Ref 1,8.005,99056,172401020.0,57.79639,8515495.0,419.3152725,IT=4;4 ,ii
24683,Ref 1,9.291,105632,179543580.0,57.800348,8778946.0,419.3153047,IT=4.6;4.6 ,ii
24684,Ref 1,10.593,107580,164081500.0,57.804292,7926580.5,419.3153197,IT=5.3;5.3 ,ii
24686,Ref 1,7.892,98960,173057950.0,57.81006,8312805.5,419.3153547,IT=3.9;3.9 ,ii
24687,Ref 1,10.061,105156,167674480.0,57.813871,8241361.5,419.3153376,IT=5;5 ,ii
24688,Ref 1,9.702,105648,170788270.0,57.817802,8305133.5,419.3153596,IT=4.9;4.9 ,ii
24689,Ref 1,9.571,104496,165301780.0,57.821727,8048992.0,419.3152761,IT=4.8;4.8 ,ii
24691,Ref 1,7.947,99288,171760160.0,57.827514,8556821.0,419.3152927,IT=4;4 ,ii
24692,Ref 1,9.441,101112,167596640.0,57.831475,8218334.0,419.3152817,IT=4.7;4.7 ,ii
24693,Ref 1,9.224,103744,170866100.0,57.835231,8197924.0,419.3152685,IT=4.6;4.6 ,ii
24694,Ref 1,8.893,105336,180262850.0,57.83915,8506990.0,419.3152992,IT=4.4;4.4 ,ii
24696,Ref 1,7.982,97356,172623310.0,57.844939,8384366.5,419.3152185,IT=4;4 ,ii
24697,Ref 1,10.143,104972,165891780.0,57.848916,8162854.0,419.3152362,IT=5.1;5.1 ,ii
24699,Ref 1,8.149,98512,168599650.0,57.854708,8368805.5,419.3152586,IT=4.1;4.1 ,ii
24701,Ref 1,7.766,100220,169116530.0,57.860533,8371256.0,419.3152361,IT=3.9;3.9 ,ii
24702,Ref 1,8.939,105896,174969540.0,57.864487,8194993.5,419.3151859,IT=4.5;4.5 ,ii
24703,Ref 1,10.194,105464,162918240.0,57.868427,8003971.0,419.3152068,IT=5.1;5.1 ,ii
24704,Ref 1,8.877,104740,180721090.0,57.872179,8538072.0,419.3151363,IT=4.4;4.4 ,ii
24705,Ref 1,8.808,104680,176622510.0,57.876093,8508550.0,419.3151765,IT=4.4;4.4 ,ii
24706,Ref 1,8.988,101780,164756110.0,57.880008,7985395.0,419.3151765,IT=4.5;4.5 ,ii
24708,Ref 1,7.737,94604,163553970.0,57.885783,8129471.5,419.315154,IT=3.9;3.9 ,ii
24709,Ref 1,10.067,106568,167182670.0,57.889756,8251086.5,419.3151153,IT=5;5 ,ii
24710,Ref 1,10.017,107188,164734210.0,57.893531,7958339.5,419.3151251,IT=5;5 ,ii
24711,Ref 1,8.555,95312,166908830.0,57.897447,8499713.0,419.315179,IT=4.3;4.3 ,ii
24712,Ref 1,8.719,101340,174226590.0,57.901351,8596208.0,419.3152662,IT=4.4;4.4 ,ii
24714,Ref 1,7.960,98012,170088880.0,57.905228,8282667.0,419.3152375,IT=4;4 ,ii
24715,Ref 1,9.498,103728,169409020.0,57.909201,7998942.5,419.3152676,IT=4.7;4.7 ,ii
24716,Ref 1,8.427,97996,170686060.0,57.913112,8232033.5,419.3152179,IT=4.2;4.2 ,ii
24717,Ref 1,9.480,103576,171940300.0,57.917031,8428116.0,419.3152044,IT=4.7;4.7 ,ii
24718,Ref 1,9.384,103480,174827780.0,57.920793,8096829.5,419.315263,IT=4.7;4.7 ,ii
24719,Ref 1,10.113,108868,178830750.0,57.924728,8372529.0,419.3152414,IT=5.1;5.1 ,ii
24720,Ref 1,9.097,103428,165199820.0,57.928666,8253338.5,419.3151822,IT=4.5;4.5 ,ii
24721,Ref 1,9.757,102432,176259570.0,57.932595,8120601.0,419.3151866,IT=4.9;4.9 ,ii
24723,Ref 1,7.612,96388,169101500.0,57.938355,8373715.5,419.3151674,IT=3.8;3.8 ,ii
24725,Ref 1,7.891,97644,173094060.0,57.944174,8036877.0,419.315155,IT=3.9;3.9 ,ii
24726,Ref 1,9.083,101640,168796370.0,57.947972,8259698.5,419.3151562,IT=4.5;4.5 ,ii
24728,Ref 1,7.915,98988,174770220.0,57.953757,8427813.0,419.3152124,IT=4;4 ,ii
24729,Ref 1,10.256,108028,177051280.0,57.957566,8374433.5,419.3152786,IT=5.1;5.1 ,ii
24730,Ref 1,8.873,99612,171835550.0,57.961493,8358708.5,419.3151207,IT=4.4;4.4 ,ii
24731,Ref 1,9.519,105376,175907760.0,57.965418,8290381.0,419.3152182,IT=4.8;4.8 ,ii
24733,Ref 1,7.975,96724,172299760.0,57.971189,8578004.0,419.3152964,IT=4;4 ,ii
24734,Ref 1,9.289,103356,168984000.0,57.975151,7877799.0,419.3151101,IT=4.6;4.6 ,ii
24735,Ref 1,8.844,101624,175479540.0,57.978903,8345470.5,419.3152542,IT=4.4;4.4 ,ii
24736,Ref 1,10.204,103480,167781010.0,57.982834,7794892.0,419.3153146,IT=5.1;5.1 ,ii
24737,Ref 1,8.796,100996,174499230.0,57.986749,7946517.0,419.3151636,IT=4.4;4.4 ,ii
24738,Ref 1,8.958,102412,180261060.0,57.990501,8375934.5,419.3152139,IT=4.5;4.5 ,ii
24739,Ref 1,9.069,97756,167621260.0,57.994415,8231698.0,419.3151378,IT=4.5;4.5 ,ii
24740,Ref 1,9.200,103564,175384160.0,57.998336,8271119.5,419.3152556,IT=4.6;4.6 ,ii
24741,Ref 1,8.931,102748,175218430.0,58.002257,8308632.0,419.3152698,IT=4.5;4.5 ,ii
24742,Ref 1,9.734,102276,168180480.0,58.006024,8134728.0,419.3152402,IT=4.9;4.9 ,ii
24743,Ref 1,9.430,101796,172560320.0,58.009953,8077205.0,419.3152553,IT=4.7;4.7 ,ii
24744,Ref 1,9.838,104492,178573710.0,58.013886,8239663.0,419.3152603,IT=4.9;4.9 ,ii
24745,Ref 1,10.294,106160,168387840.0,58.017834,8093977.0,419.3152499,IT=5.1;5.1 ,ii
24746,Ref 1,8.688,101936,183753010.0,58.021592,8359838.0,419.315181,IT=4.3;4.3 ,ii
24747,Ref 1,9.044,100948,169992850.0,58.025513,7959650.5,419.3152476,IT=4.5;4.5 ,ii
24748,Ref 1,9.177,102104,174668370.0,58.029436,8229018.0,419.3152587,IT=4.6;4.6 ,ii
24749,Ref 1,9.402,103516,177591630.0,58.033201,7842301.5,419.3151983,IT=4.7;4.7 ,ii
24750,Ref 1,9.788,103772,174937660.0,58.037136,8011900.0,419.3152047,IT=4.9;4.9 ,ii
24751,Ref 1,8.758,102048,175855170.0,58.041057,8161069.5,419.3152112,IT=4.4;4.4 ,ii
24752,Ref 1,9.276,100260,169286720.0,58.044984,7869286.5,419.3151556,IT=4.6;4.6 ,ii
24753,Ref 1,8.837,99308,170763250.0,58.048736,7907106.0,419.3151783,IT=4.4;4.4 ,ii
24754,Ref 1,8.832,98864,178250820.0,58.052663,8231153.0,419.3151667,IT=4.4;4.4 ,ii
24755,Ref 1,9.437,102756,179959170.0,58.056588,8069920.0,419.3151903,IT=4.7;4.7 ,ii
24756,Ref 1,8.943,103584,186539120.0,58.060509,8352950.0,419.3151972,IT=4.5;4.5 ,ii
24758,Ref 1,7.596,93380,175947150.0,58.066298,8415247.0,419.3151186,IT=3.8;3.8 ,ii
24759,Ref 1,10.571,105140,168309100.0,58.070109,7684145.0,419.3152502,IT=5.3;5.3 ,ii
24760,Ref 1,8.662,103220,182407730.0,58.07403,8052082.5,419.3151436,IT=4.3;4.3 ,ii
24761,Ref 1,9.133,104236,187937730.0,58.07795,8128563.5,419.315175,IT=4.6;4.6 ,ii
24762,Ref 1,8.589,102036,177421940.0,58.081863,8100137.0,419.3152157,IT=4.3;4.3 ,ii
24763,Ref 1,8.657,100460,180844450.0,58.085606,8349753.5,419.3152267,IT=4.3;4.3 ,ii
24765,Ref 1,7.084,92084,180209280.0,58.091386,8199392.5,419.3151833,IT=3.5;3.5 ,ii
24766,Ref 1,10.608,104120,175156770.0,58.095369,7693515.5,419.3151664,IT=5.3;5.3 ,ii
24767,Ref 1,9.046,98852,171852340.0,58.099296,7770398.5,419.3151738,IT=4.5;4.5 ,ii
24768,Ref 1,8.954,97012,173460240.0,58.103219,7831057.5,419.3151389,IT=4.5;4.5 ,ii
24769,Ref 1,9.631,99924,167217310.0,58.106977,7611002.0,419.3151936,IT=4.8;4.8 ,ii
24770,Ref 1,8.690,98356,176774260.0,58.11089,7752695.0,419.3151931,IT=4.3;4.3 ,ii
24771,Ref 1,10.119,105944,174487070.0,58.114819,7746658.5,419.3152468,IT=5.1;5.1 ,ii
24772,Ref 1,8.370,100752,183130660.0,58.118567,8293214.0,419.3151829,IT=4.2;4.2 ,ii
24773,Ref 1,9.503,102504,173392300.0,58.122492,7867190.5,419.3152315,IT=4.8;4.8 ,ii
24774,Ref 1,9.635,99064,162905890.0,58.126421,7391271.5,419.3151559,IT=4.8;4.8 ,ii
24775,Ref 1,8.568,98792,174193230.0,58.130337,7830919.0,419.31525,IT=4.3;4.3 ,ii
24776,Ref 1,8.290,97212,172531710.0,58.134073,7730131.0,419.3152158,IT=4.1;4.1 ,ii
24778,Ref 1,8.204,96464,170680850.0,58.13986,7676008.0,419.3152645,IT=4.1;4.1 ,ii
24779,Ref 1,10.156,105344,170268340.0,58.143837,7809070.5,419.3151678,IT=5.1;5.1 ,ii
24780,Ref 1,9.720,105488,175714270.0,58.147775,7652502.0,419.3152228,IT=4.9;4.9 ,ii
24781,Ref 1,10.414,107152,167700340.0,58.151721,7147038.5,419.3151558,IT=5.2;5.2 ,ii
24782,Ref 1,9.787,103148,171738830.0,58.155489,7810889.0,419.3152376,IT=4.9;4.9 ,ii
24784,Ref 1,8.275,96544,170772780.0,58.161266,7451084.0,419.3151702,IT=4.1;4.1 ,ii
24785,Ref 1,10.466,107528,170004800.0,58.16525,7363357.0,419.3151603,IT=5.2;5.2 ,ii
24786,Ref 1,10.365,103744,157182240.0,58.169195,7162782.0,419.3152052,IT=5.2;5.2 ,ii
24787,Ref 1,10.172,103500,164783180.0,58.173137,7226252.0,419.3152308,IT=5.1;5.1 ,ii
24788,Ref 1,9.947,102336,162075520.0,58.176912,7265034.0,419.3152398,IT=5;5 ,ii
24789,Ref 1,9.563,103148,168560370.0,58.180841,7662769.0,419.3152427,IT=4.8;4.8 ,ii
24790,Ref 1,10.931,103796,156090900.0,58.184793,6985981.0,419.3152395,IT=5.5;5.5 ,ii
24792,Ref 1,8.670,94080,156323890.0,58.190593,6866101.0,419.3151318,IT=4.3;4.3 ,ii
24793,Ref 1,10.585,105232,154388420.0,58.194581,6864399.5,419.3151314,IT=5.3;5.3 ,ii
24794,Ref 1,9.715,98712,160234260.0,58.198349,7093314.5,419.3150834,IT=4.9;4.9 ,ii
24795,Ref 1,11.159,106324,164637230.0,58.202304,7118130.5,419.3152604,IT=5.6;5.6 ,ii
24796,Ref 1,9.717,101792,160203020.0,58.206247,7136532.0,419.3152313,IT=4.9;4.9 ,ii
24798,Ref 1,8.730,97344,158270530.0,58.212043,7033954.5,419.3151961,IT=4.4;4.4 ,ii
24799,Ref 1,11.092,107068,156505980.0,58.216037,6921111.5,419.3152852,IT=5.5;5.5 ,ii
24800,Ref 1,10.030,104100,155039780.0,58.21982,6984581.0,419.3152724,IT=5;5 ,ii
24801,Ref 1,9.848,99812,148890560.0,58.223758,6765480.5,419.3153084,IT=4.9;4.9 ,ii
24802,Ref 1,9.477,101096,161393710.0,58.227687,7018218.0,419.3153389,IT=4.7;4.7 ,ii
24803,Ref 1,11.161,103356,149965070.0,58.231639,6888171.0,419.3153247,IT=5.6;5.6 ,ii
24804,Ref 1,9.962,101424,157712300.0,58.235418,6939328.0,419.3152594,IT=5;5 ,ii
24805,Ref 1,9.584,102456,163117390.0,58.239366,6963880.5,419.3153406,IT=4.8;4.8 ,ii
24806,Ref 1,9.914,100320,161239820.0,58.243299,7083070.0,419.3152145,IT=5;5 ,ii
24807,Ref 1,11.014,104868,156558430.0,58.247255,6744373.5,419.3153094,IT=5.5;5.5 ,ii
24808,Ref 1,10.203,105184,163572110.0,58.251037,7258527.0,419.3151925,IT=5.1;5.1 ,ii
24809,Ref 1,9.444,100288,160862500.0,58.254966,6953824.0,419.3152633,IT=4.7;4.7 ,ii
24811,Ref 1,9.359,98956,156826910.0,58.260791,6850488.0,419.3151811,IT=4.7;4.7 ,ii
24812,Ref 1,10.732,107620,164857330.0,58.264778,7141009.5,419.3151974,IT=5.4;5.4 ,ii
24813,Ref 1,9.985,103880,161742020.0,58.268726,7147527.5,419.3152707,IT=5;5 ,ii
24814,Ref 1,10.447,100292,148533300.0,58.272512,6549760.5,419.3150755,IT=5.2;5.2 ,ii
24815,Ref 1,9.270,98100,159300500.0,58.276443,6999554.5,419.3153013,IT=4.6;4.6 ,ii
24816,Ref 1,9.779,103528,168219950.0,58.280374,6910922.5,419.3152332,IT=4.9;4.9 ,ii
24817,Ref 1,11.208,103432,150186620.0,58.284336,6670696.0,419.315326,IT=5.6;5.6 ,ii
24818,Ref 1,10.163,105460,159663620.0,58.288116,6890925.5,419.3151912,IT=5.1;5.1 ,ii
24819,Ref 1,9.137,99544,164756110.0,58.292047,7181655.0,419.3152508,IT=4.6;4.6 ,ii
24820,Ref 1,11.212,108660,158525440.0,58.296003,6765375.0,419.3153075,IT=5.6;5.6 ,ii
24821,Ref 1,10.929,107376,170079790.0,58.299795,7099099.0,419.3153932,IT=5.5;5.5 ,ii
24822,Ref 1,9.274,99072,167855870.0,58.303734,7385091.0,419.3153183,IT=4.6;4.6 ,ii
24823,Ref 1,9.920,100224,161242020.0,58.307665,7068133.5,419.3152807,IT=5;5 ,ii
24825,Ref 1,8.589,96340,165913150.0,58.313447,7038843.0,419.3153053,IT=4.3;4.3 ,ii
24826,Ref 1,10.266,105032,170568260.0,58.317424,7353363.5,419.3152286,IT=5.1;5.1 ,ii
24827,Ref 1,9.916,100292,160381650.0,58.321195,6852740.0,419.3152309,IT=5;5 ,ii
24828,Ref 1,10.607,100476,156461070.0,58.325149,6627113.5,419.315295,IT=5.3;5.3 ,ii
24829,Ref 1,9.259,99608,167173660.0,58.329082,7070410.5,419.3153433,IT=4.6;4.6 ,ii
24830,Ref 1,9.811,99556,158144860.0,58.333013,6743553.0,419.3152898,IT=4.9;4.9 ,ii
24831,Ref 1,10.868,106840,165295680.0,58.336792,6942288.0,419.3153945,IT=5.4;5.4 ,ii
24832,Ref 1,10.984,104448,157691020.0,58.340755,6303536.0,419.3152525,IT=5.5;5.5 ,ii
24834,Ref 1,8.250,94668,156440990.0,58.346544,6698009.0,419.3153389,IT=4.1;4.1 ,ii
24835,Ref 1,10.990,108024,168149760.0,58.35053,6839959.0,419.3154015,IT=5.5;5.5 ,ii
24836,Ref 1,10.315,103628,164674350.0,58.35448,6885573.5,419.3153752,IT=5.2;5.2 ,ii
24837,Ref 1,10.612,103756,162128190.0,58.358263,6752115.5,419.3154002,IT=5.3;5.3 ,ii
24838,Ref 1,9.429,100016,165063870.0,58.362198,6620117.5,419.3154372,IT=4.7;4.7 ,ii
24839,Ref 1,10.935,107788,161188690.0,58.366148,6372340.0,419.315374,IT=5.5;5.5 ,ii
24840,Ref 1,10.074,103204,166947620.0,58.370096,6735566.5,419.3154256,IT=5;5 ,ii
24841,Ref 1,10.618,104288,165190400.0,58.373882,6486807.5,419.3154351,IT=5.3;5.3 ,ii
24842,Ref 1,10.612,106420,166264700.0,58.377842,6462047.0,419.3154477,IT=5.3;5.3 ,ii
24843,Ref 1,9.730,101564,161721390.0,58.381773,6697941.5,419.3153467,IT=4.9;4.9 ,ii
24844,Ref 1,10.403,101212,151846820.0,58.385721,6290514.5,419.3154256,IT=5.2;5.2 ,ii
24845,Ref 1,9.493,100216,168239060.0,58.389484,6886363.5,419.3153604,IT=4.7;4.7 ,ii
24846,Ref 1,9.468,101260,168936340.0,58.393423,6742322.0,419.315416,IT=4.7;4.7 ,ii
24848,Ref 1,8.863,96820,158347620.0,58.399202,6522128.5,419.3154215,IT=4.4;4.4 ,ii
24849,Ref 1,10.287,102820,160225820.0,58.40319,6440961.0,419.3153887,IT=5.1;5.1 ,ii
24850,Ref 1,9.409,98236,159106290.0,58.407117,6452921.0,419.3154075,IT=4.7;4.7 ,ii
24851,Ref 1,10.935,101780,152774590.0,58.410896,6305696.5,419.3154281,IT=5.5;5.5 ,ii
24852,Ref 1,10.028,100324,163809460.0,58.414844,6743314.0,419.3154436,IT=5;5 ,ii
24854,Ref 1,8.075,88500,150857680.0,58.420629,6351326.0,419.315402,IT=4;4 ,ii
24855,Ref 1,11.025,99880,152982590.0,58.424621,6225828.5,419.3153534,IT=5.5;5.5 ,ii
24857,Ref 1,8.685,94336,153481150.0,58.430417,6201030.0,419.3153694,IT=4.3;4.3 ,ii
24858,Ref 1,10.988,102556,147176660.0,58.434408,6301619.0,419.3153462,IT=5.5;5.5 ,ii
24859,Ref 1,9.806,102336,159359980.0,58.438181,6717321.5,419.3153461,IT=4.9;4.9 ,ii
24860,Ref 1,10.525,98332,150843790.0,58.442123,6076113.5,419.3153495,IT=5.3;5.3 ,ii
24861,Ref 1,10.029,100048,152518300.0,58.446067,6210886.0,419.3154062,IT=5;5 ,ii
24863,Ref 1,9.130,94156,143490740.0,58.451856,6212188.0,419.3154435,IT=4.6;4.6 ,ii
24864,Ref 1,9.926,98616,157740670.0,58.455835,6416920.0,419.3154299,IT=5;5 ,ii
24865,Ref 1,11.407,104308,149491920.0,58.459629,6143566.5,419.3153854,IT=5.7;5.7 ,ii
24866,Ref 1,9.488,97404,153146830.0,58.463575,6178608.5,419.3154236,IT=4.7;4.7 ,ii
24867,Ref 1,10.418,100188,154261970.0,58.467518,6413306.0,419.3153889,IT=5.2;5.2 ,ii
24868,Ref 1,10.743,97980,146946510.0,58.471471,5899348.0,419.3153648,IT=5.4;5.4 ,ii
24869,Ref 1,10.802,98864,145577920.0,58.475429,5883514.0,419.3152757,IT=5.4;5.4 ,ii
24870,Ref 1,10.203,101008,156131200.0,58.479373,6146508.0,419.3153331,IT=5.1;5.1 ,ii
24871,Ref 1,9.809,98540,151861890.0,58.483304,6159993.5,419.3153482,IT=4.9;4.9 ,ii
24872,Ref 1,10.726,98736,143233950.0,58.487252,5869498.5,419.3153194,IT=5.4;5.4 ,ii
24874,Ref 1,9.356,92428,150247860.0,58.493039,6106132.0,419.315363,IT=4.7;4.7 ,ii
24875,Ref 1,10.085,97712,151202720.0,58.496848,6268270.5,419.3153448,IT=5;5 ,ii
24876,Ref 1,9.571,93368,142343020.0,58.500779,5785495.5,419.3154314,IT=4.8;4.8 ,ii
24877,Ref 1,10.158,96964,155620610.0,58.504718,6171300.0,419.3153981,IT=5.1;5.1 ,ii
24878,Ref 1,9.765,98060,150288060.0,58.508647,6026155.5,419.3152819,IT=4.9;4.9 ,ii
24879,Ref 1,10.125,99048,146755650.0,58.51242,6041101.5,419.3153637,IT=5.1;5.1 ,ii
24881,Ref 1,9.329,96800,152943390.0,58.518224,6007241.5,419.3153243,IT=4.7;4.7 ,ii
24882,Ref 1,10.340,100808,154994750.0,58.522206,6033049.5,419.3153993,IT=5.2;5.2 ,ii
24883,Ref 1,10.459,96672,144912450.0,58.526151,5768055.5,419.3153917,IT=5.2;5.2 ,ii
24884,Ref 1,10.398,97664,157924770.0,58.530101,6251559.5,419.3154112,IT=5.2;5.2 ,ii
24885,Ref 1,9.760,95564,150058770.0,58.533881,6126366.5,419.3153794,IT=4.9;4.9 ,ii
24887,Ref 1,9.707,94996,145592240.0,58.539683,5724179.5,419.3153852,IT=4.9;4.9 ,ii
24888,Ref 1,10.696,96532,148464110.0,58.54367,5885702.0,419.3153786,IT=5.3;5.3 ,ii
24889,Ref 1,10.156,96688,143966590.0,58.547614,5856083.5,419.315301,IT=5.1;5.1 ,ii
24890,Ref 1,10.592,98532,145958940.0,58.551562,5661978.0,419.3153307,IT=5.3;5.3 ,ii
24891,Ref 1,10.535,95536,147209470.0,58.555347,5945522.0,419.3152681,IT=5.3;5.3 ,ii
24892,Ref 1,10.478,97944,144694060.0,58.559295,5807405.0,419.3153304,IT=5.2;5.2 ,ii
24893,Ref 1,11.309,99192,139590000.0,58.563257,5308576.5,419.3152977,IT=5.7;5.7 ,ii
24895,Ref 1,9.493,94972,144682190.0,58.569055,5490135.0,419.315355,IT=4.7;4.7 ,ii
24896,Ref 1,11.201,98684,141040940.0,58.573053,5565447.0,419.3153957,IT=5.6;5.6 ,ii
24897,Ref 1,10.362,97504,146006080.0,58.576837,5883381.5,419.3153865,IT=5.2;5.2 ,ii
24898,Ref 1,10.173,93372,145874720.0,58.580782,5754338.0,419.315454,IT=5.1;5.1 ,ii
24899,Ref 1,10.824,99252,147910820.0,58.584728,5626361.5,419.3154522,IT=5.4;5.4 ,ii
24900,Ref 1,10.643,96676,135591040.0,58.588678,5507002.5,419.3154704,IT=5.3;5.3 ,ii
24901,Ref 1,11.283,101840,140137170.0,58.592649,5372909.0,419.3154891,IT=5.6;5.6 ,ii
24902,Ref 1,9.912,92548,146170610.0,58.596591,5654071.0,419.3153755,IT=5;5 ,ii
24903,Ref 1,10.715,99336,144309730.0,58.600547,5604773.5,419.3154314,IT=5.4;5.4 ,ii
24904,Ref 1,10.554,90648,133869920.0,58.604497,5367298.0,419.3154629,IT=5.3;5.3 ,ii
24905,Ref 1,10.054,96124,147073330.0,58.608268,5598569.5,419.3154441,IT=5;5 ,ii
24906,Ref 1,10.398,93396,136520050.0,58.612213,5367758.0,419.3153636,IT=5.2;5.2 ,ii
24907,Ref 1,11.045,98300,146365390.0,58.616172,5456011.0,419.3154224,IT=5.5;5.5 ,ii
24908,Ref 1,10.572,96472,149627090.0,58.619963,5708104.5,419.3153669,IT=5.3;5.3 ,ii
24909,Ref 1,11.460,95420,131787420.0,58.623926,5157876.5,419.3152723,IT=5.7;5.7 ,ii
24910,Ref 1,10.846,96980,138028540.0,58.627886,5371131.5,419.3153178,IT=5.4;5.4 ,ii
24911,Ref 1,9.181,89648,144062820.0,58.631811,5748582.0,419.315351,IT=4.6;4.6 ,ii
24912,Ref 1,10.748,95292,142488640.0,58.635588,5481869.5,419.3153989,IT=5.4;5.4 ,ii
24914,Ref 1,9.681,95312,155832780.0,58.641405,5727620.0,419.3152765,IT=4.8;4.8 ,ii
24915,Ref 1,10.572,94452,144300620.0,58.645392,5634946.0,419.3152326,IT=5.3;5.3 ,ii
24916,Ref 1,9.806,93116,142801310.0,58.649338,5499990.0,419.3153513,IT=4.9;4.9 ,ii
24917,Ref 1,11.148,97588,146775490.0,58.653294,5467179.0,419.3153508,IT=5.6;5.6 ,ii
24918,Ref 1,10.355,94940,146355380.0,58.657082,5485902.0,419.3152783,IT=5.2;5.2 ,ii
24920,Ref 1,9.851,90236,134561310.0,58.66288,5452597.0,419.3152661,IT=4.9;4.9 ,ii
24921,Ref 1,9.905,93076,143672240.0,58.666855,5389847.5,419.3152584,IT=5;5 ,ii
24922,Ref 1,11.790,100968,146025840.0,58.670832,5372192.5,419.3152625,IT=5.9;5.9 ,ii
24923,Ref 1,10.165,88076,137405460.0,58.674792,5251174.0,419.3153913,IT=5.1;5.1 ,ii
24924,Ref 1,10.964,95440,135787170.0,58.678573,5127788.5,419.3154213,IT=5.5;5.5 ,ii
24925,Ref 1,10.165,90968,136580860.0,58.682519,5155169.5,419.3153874,IT=5.1;5.1 ,ii
24927,Ref 1,9.789,92868,136928050.0,58.688313,5278403.5,419.3153928,IT=4.9;4.9 ,ii
24928,Ref 1,11.531,96836,138042180.0,58.692319,5172538.5,419.3153889,IT=5.8;5.8 ,ii
24929,Ref 1,10.065,91056,139668990.0,58.696263,5401070.5,419.3154166,IT=5;5 ,ii
24930,Ref 1,11.883,98820,143408140.0,58.700069,5382041.0,419.3154267,IT=5.9;5.9 ,ii
24932,Ref 1,10.059,89944,134761090.0,58.705877,5220248.0,419.3154938,IT=5;5 ,ii
24933,Ref 1,9.832,89548,141573940.0,58.709692,5212397.5,419.3154222,IT=4.9;4.9 ,ii
24934,Ref 1,10.820,91828,130530510.0,58.713642,4814682.5,419.3154925,IT=5.4;5.4 ,ii
24935,Ref 1,9.598,88268,126598420.0,58.717573,4890338.0,419.315596,IT=4.8;4.8 ,ii
24937,Ref 1,9.334,87072,136512350.0,58.723379,5213662.0,419.3154412,IT=4.7;4.7 ,ii
24938,Ref 1,10.312,92760,131193660.0,58.727358,4951467.5,419.3154886,IT=5.2;5.2 ,ii
24939,Ref 1,10.642,95160,139420700.0,58.731315,5121837.5,419.3154746,IT=5.3;5.3 ,ii
24940,Ref 1,10.557,92628,142008720.0,58.735265,5274389.5,419.3155529,IT=5.3;5.3 ,ii
24941,Ref 1,10.375,94280,137287390.0,58.739212,5022307.5,419.3155234,IT=5.2;5.2 ,ii
24942,Ref 1,9.624,90016,141325390.0,58.743148,5291175.5,419.315536,IT=4.8;4.8 ,ii
24943,Ref 1,9.584,92020,146260690.0,58.74691,5317363.0,419.3155038,IT=4.8;4.8 ,ii
24944,Ref 1,9.905,90876,147471340.0,58.750839,5184147.0,419.3154799,IT=5;5 ,ii
24945,Ref 1,10.991,89172,130951380.0,58.754794,4607191.0,419.3153755,IT=5.5;5.5 ,ii
24946,Ref 1,9.714,92892,157485310.0,58.758562,5342439.0,419.3154457,IT=4.9;4.9 ,ii
24947,Ref 1,9.706,89476,145970660.0,58.762496,5525600.5,376.2592733,IT=4.9;4.9 ,ii
24948,Ref 1,9.034,87748,161374100.0,58.766408,7296772.0,376.2592644,IT=4.5;4.5 ,ii
24949,Ref 1,8.691,82424,163534940.0,58.770314,9302635.0,376.2591847,IT=4.3;4.3 ,ii
24950,Ref 1,8.887,85096,179451970.0,58.77406,12097318.0,376.2591462,IT=4.4;4.4 ,ii
24951,Ref 1,8.052,78404,169127380.0,58.777952,13796268.0,376.259121,IT=4;4 ,ii
24952,Ref 1,8.882,85212,195306770.0,58.781856,17378876.0,376.2590804,IT=4.4;4.4 ,ii
24955,Ref 1,6.669,71464,200962370.0,58.78945,23442212.0,376.2590512,IT=3.3;3.3 ,ii
24956,Ref 1,6.495,68956,214785390.0,58.79335,27924892.0,376.2590203,IT=3.2;3.2 ,ii
24957,Ref 1,6.677,70208,218734620.0,58.797208,30398246.0,376.2590082,IT=3.3;3.3 ,ii
24958,Ref 1,6.394,70564,230387340.0,58.800891,35411016.0,376.2590268,IT=3.2;3.2 ,ii
24959,Ref 1,5.728,62368,242576370.0,58.804731,38474012.0,376.2587951,IT=2.9;2.9 ,ii
24960,Ref 1,5.459,62960,258758660.0,58.808562,43354036.0,376.258902,IT=2.7;2.7 ,ii
24961,Ref 1,5.655,64380,259515860.0,58.8124,45209252.0,376.2589572,IT=2.8;2.8 ,ii
24962,Ref 1,5.247,60740,255572380.0,58.816066,46072376.0,376.2589543,IT=2.6;2.6 ,ii
24963,Ref 1,5.486,63224,259145900.0,58.819899,48001572.0,376.2588622,IT=2.7;2.7 ,ii
24965,Ref 1,4.461,57200,292749540.0,58.825599,55370628.0,376.2589122,IT=2.2;2.2 ,ii
24966,Ref 1,5.385,63236,266251810.0,58.829464,49344164.0,376.2589285,IT=2.7;2.7 ,ii
24968,Ref 1,4.859,58232,264265280.0,58.835178,48603520.0,376.2589499,IT=2.4;2.4 ,ii
24969,Ref 1,5.160,60844,262951600.0,58.839043,49225900.0,376.2589098,IT=2.6;2.6 ,ii
24970,Ref 1,5.137,59680,253989500.0,58.842866,44214048.0,376.2589521,IT=2.6;2.6 ,ii
24971,Ref 1,5.514,61496,241229780.0,58.846706,42077876.0,376.2589536,IT=2.8;2.8 ,ii
24972,Ref 1,5.884,64640,247352350.0,58.850541,41044100.0,376.2590354,IT=2.9;2.9 ,ii
24973,Ref 1,5.623,64232,226360420.0,58.854208,36306664.0,376.2589967,IT=2.8;2.8 ,ii
24975,Ref 1,6.642,68772,217962350.0,58.859943,31368668.0,376.2590194,IT=3.3;3.3 ,ii
24977,Ref 1,6.191,66544,201730620.0,58.865724,26286926.0,376.2591778,IT=3.1;3.1 ,ii
24978,Ref 1,7.459,73100,196733040.0,58.869468,23010492.0,376.2591374,IT=3.7;3.7 ,ii
24979,Ref 1,7.693,76480,190802660.0,58.873347,19856414.0,376.2591896,IT=3.8;3.8 ,ii
24980,Ref 1,8.742,79716,174231090.0,58.877251,16506032.0,376.2591672,IT=4.4;4.4 ,ii
24981,Ref 1,8.008,78836,172130740.0,58.880978,14436827.0,376.259262,IT=4;4 ,ii
24982,Ref 1,9.675,84972,160704000.0,58.884897,11491219.0,376.2593025,IT=4.8;4.8 ,ii
24983,Ref 1,9.660,82480,156934750.0,58.888824,9607482.0,376.2593018,IT=4.8;4.8 ,ii
24984,Ref 1,10.897,90420,152819250.0,58.892768,7586065.5,376.2592566,IT=5.4;5.4 ,ii
24985,Ref 1,11.035,88504,146061090.0,58.896726,6159382.0,376.2593159,IT=5.5;5.5 ,ii
24986,Ref 1,10.247,88060,139601330.0,58.900672,5049982.5,376.2592689,IT=5.1;5.1 ,ii
24987,Ref 1,10.778,89948,137560690.0,58.904618,4548256.0,419.3154641,IT=5.4;5.4 ,ii
24988,Ref 1,10.794,87152,129232130.0,58.908574,4618272.5,419.3154689,IT=5.4;5.4 ,ii
24989,Ref 1,11.445,89288,136080050.0,58.912372,4787361.0,419.3155112,IT=5.7;5.7 ,ii
24990,Ref 1,10.959,92536,131144340.0,58.91633,4542853.0,419.3155133,IT=5.5;5.5 ,ii
24991,Ref 1,11.091,92660,133378530.0,58.92029,4557206.5,419.315511,IT=5.5;5.5 ,ii
24992,Ref 1,11.779,94072,132049170.0,58.924261,4455035.0,419.3155351,IT=5.9;5.9 ,ii
24993,Ref 1,10.878,89716,128661040.0,58.928055,4487037.5,419.3154955,IT=5.4;5.4 ,ii
24994,Ref 1,11.781,90412,134655900.0,58.932028,4746876.0,419.315426,IT=5.9;5.9 ,ii
24995,Ref 1,11.577,91904,130069500.0,58.936003,4436861.0,419.3154404,IT=5.8;5.8 ,ii
24996,Ref 1,11.577,89292,124510500.0,58.939809,4574711.0,419.3154657,IT=5.8;5.8 ,ii
24997,Ref 1,10.763,90852,130238920.0,58.943778,4629426.0,419.3154408,IT=5.4;5.4 ,ii
24998,Ref 1,11.886,94984,127685960.0,58.947747,4451534.5,419.3155359,IT=5.9;5.9 ,ii
25000,Ref 1,10.372,89236,127450540.0,58.953574,4630038.5,419.315389,IT=5.2;5.2 ,ii
25001,Ref 1,12.103,92016,128899620.0,58.957592,4539531.5,419.3155239,IT=6.1;6.1 ,ii
25002,Ref 1,11.574,93260,130024420.0,58.961407,4510121.5,419.3154629,IT=5.8;5.8 ,ii
25003,Ref 1,12.377,94456,123208820.0,58.965401,4347159.0,419.315495,IT=6.2;6.2 ,ii
25004,Ref 1,12.599,95684,118943940.0,58.969394,4146798.5,484.384665,IT=6.3;6.3 ,ii
25006,Ref 1,11.012,87400,124019180.0,58.975215,4570237.0,419.3154626,IT=5.5;5.5 ,ii
25007,Ref 1,11.988,92876,122644820.0,58.97923,4350329.0,419.3154657,IT=6;6 ,ii
25008,Ref 1,10.175,90676,128840370.0,58.98318,4546794.5,419.3154664,IT=5.1;5.1 ,ii
25009,Ref 1,12.022,95048,127653280.0,58.986984,4510550.5,484.3844275,IT=6;6 ,ii
25010,Ref 1,11.933,91592,125326950.0,58.990967,4436092.0,419.315376,IT=6;6 ,ii
25011,Ref 1,11.853,87648,113550840.0,58.994942,4183563.0,419.3155511,IT=5.9;5.9 ,ii
25012,Ref 1,12.508,93256,121847630.0,58.998763,4278824.5,419.3154772,IT=6.3;6.3 ,ii
25014,Ref 1,11.483,90268,117390030.0,59.00459,4237591.0,419.3155731,IT=5.7;5.7 ,ii
25015,Ref 1,12.745,91740,121107670.0,59.008457,4330870.5,419.3155002,IT=6.4;6.4 ,ii
25016,Ref 1,11.910,93972,124353430.0,59.012442,4415246.0,419.3154613,IT=6;6 ,ii
25017,Ref 1,11.429,87244,114198640.0,59.016413,4376152.5,419.315452,IT=5.7;5.7 ,ii
25018,Ref 1,11.461,90308,118447830.0,59.020215,4157848.0,419.3153968,IT=5.7;5.7 ,ii
25019,Ref 1,12.222,94120,125909810.0,59.024209,4391627.0,419.3155017,IT=6.1;6.1 ,ii
25020,Ref 1,12.818,93832,118736510.0,59.028213,4194323.5,419.3154637,IT=6.4;6.4 ,ii
25021,Ref 1,12.014,97700,127012320.0,59.032209,4297758.5,419.3154151,IT=6;6 ,ii
25022,Ref 1,11.134,87848,120582900.0,59.036008,4228914.0,419.315413,IT=5.6;5.6 ,ii
25023,Ref 1,11.085,87060,121307550.0,59.039971,4385140.5,419.3154624,IT=5.5;5.5 ,ii
25024,Ref 1,13.133,92892,119491850.0,59.043971,4292831.0,419.3154189,IT=6.6;6.6 ,ii
25025,Ref 1,12.344,93152,120344190.0,59.047963,4207924.5,419.3154032,IT=6.2;6.2 ,ii
25026,Ref 1,13.091,92732,117290180.0,59.051794,4089260.2,419.3154789,IT=6.5;6.5 ,ii
25027,Ref 1,12.533,93368,120401660.0,59.055783,4137950.2,419.3154249,IT=6.3;6.3 ,ii
25028,Ref 1,12.096,88260,116550260.0,59.059767,4170657.0,419.3153978,IT=6;6 ,ii
25029,Ref 1,11.686,92704,124070620.0,59.063744,4193845.8,419.3153915,IT=5.8;5.8 ,ii
25030,Ref 1,12.054,88784,119094490.0,59.067558,4105267.2,419.3154033,IT=6;6 ,ii
25031,Ref 1,13.665,96036,116664370.0,59.071565,3940014.8,419.3153738,IT=6.8;6.8 ,ii
25032,Ref 1,13.112,93968,117333890.0,59.075571,4098972.8,419.3155871,IT=6.6;6.6 ,ii
25033,Ref 1,12.348,91172,117759140.0,59.079558,4112365.5,419.3154303,IT=6.2;6.2 ,ii
25034,Ref 1,11.991,91044,117371660.0,59.083377,4108757.8,419.3154292,IT=6;6 ,ii
25035,Ref 1,12.440,91444,117944770.0,59.087364,4073773.2,419.3154633,IT=6.2;6.2 ,ii
25036,Ref 1,12.327,90008,118395210.0,59.091352,4111073.5,419.3154651,IT=6.2;6.2 ,ii
25037,Ref 1,14.200,94608,112006700.0,59.095364,3915164.8,419.3155105,IT=7.1;7.1 ,ii
25038,Ref 1,12.098,89548,118696210.0,59.099191,4001453.0,419.3155193,IT=6;6 ,ii
25039,Ref 1,11.409,87492,120938630.0,59.103162,4118376.2,419.3155954,IT=5.7;5.7 ,ii
25040,Ref 1,10.639,88308,120721150.0,59.10711,4271988.0,419.3154553,IT=5.3;5.3 ,ii
25041,Ref 1,13.425,91768,114109180.0,59.110935,3811139.5,419.3155942,IT=6.7;6.7 ,ii
25042,Ref 1,11.421,87500,117580920.0,59.114748,4266110.0,419.3155071,IT=5.7;5.7 ,ii
25044,Ref 1,11.381,91144,118605540.0,59.120589,3995923.5,419.3155037,IT=5.7;5.7 ,ii
25045,Ref 1,11.647,92016,119345510.0,59.124606,4112933.8,419.315575,IT=5.8;5.8 ,ii
25046,Ref 1,11.175,90356,119245070.0,59.128566,4038150.8,419.3155172,IT=5.6;5.6 ,ii
25047,Ref 1,15.797,99156,106971620.0,59.132604,3752883.2,419.315553,IT=7.9;7.9 ,ii
25048,Ref 1,11.619,83884,109694720.0,59.13641,3986454.5,419.3155659,IT=5.8;5.8 ,ii
25049,Ref 1,12.839,91984,115439730.0,59.140395,4114524.5,419.315573,IT=6.4;6.4 ,ii
25050,Ref 1,12.766,94260,115571160.0,59.144395,3851491.0,419.3154706,IT=6.4;6.4 ,ii
25052,Ref 1,11.442,87932,117055320.0,59.150245,4109211.0,419.3154951,IT=5.7;5.7 ,ii
25053,Ref 1,12.679,91244,110232470.0,59.154279,3863549.5,419.3155833,IT=6.3;6.3 ,ii
25054,Ref 1,11.749,92044,119022280.0,59.158087,3941978.5,419.3154972,IT=5.9;5.9 ,ii
25055,Ref 1,11.460,87740,110637350.0,59.162056,3875713.2,419.3154441,IT=5.7;5.7 ,ii
25056,Ref 1,11.851,87252,112750420.0,59.166033,4110312.5,419.3155088,IT=5.9;5.9 ,ii
25057,Ref 1,13.314,92648,109337310.0,59.170026,3806924.5,419.315464,IT=6.7;6.7 ,ii
25058,Ref 1,11.581,86864,113519770.0,59.174003,3902879.8,419.3154386,IT=5.8;5.8 ,ii
25059,Ref 1,11.750,89144,113162680.0,59.177976,3662843.5,419.3154018,IT=5.9;5.9 ,ii
25060,Ref 1,12.095,85936,117405390.0,59.181953,3998961.5,419.3154642,IT=6;6 ,ii
25061,Ref 1,13.965,91136,110804420.0,59.185968,3831649.5,419.31543,IT=7;7 ,ii
25062,Ref 1,11.814,87624,113644230.0,59.189795,3933052.8,419.3154692,IT=5.9;5.9 ,ii
25063,Ref 1,11.470,89868,116099960.0,59.193759,4050005.8,419.3153885,IT=5.7;5.7 ,ii
25064,Ref 1,14.380,97452,116186740.0,59.197778,3789060.5,419.3154337,IT=7.2;7.2 ,ii
25065,Ref 1,10.879,82412,109354530.0,59.201589,3976307.8,419.3154246,IT=5.4;5.4 ,ii
25066,Ref 1,12.103,87748,114309500.0,59.205399,4083785.0,419.3155608,IT=6.1;6.1 ,ii
25067,Ref 1,14.226,99300,110359890.0,59.209416,3618923.2,419.3155512,IT=7.1;7.1 ,ii
25068,Ref 1,12.784,91544,113910570.0,59.213428,3741318.0,419.3154988,IT=6.4;6.4 ,ii
25069,Ref 1,12.488,90888,115466620.0,59.217253,3906141.0,419.315531,IT=6.2;6.2 ,ii
25070,Ref 1,12.283,89576,111860020.0,59.221243,3743924.0,419.3154606,IT=6.1;6.1 ,ii
25071,Ref 1,12.489,89496,111730060.0,59.225226,3856754.8,419.3154941,IT=6.2;6.2 ,ii
25072,Ref 1,12.690,90564,113982860.0,59.229218,3811489.0,419.3154614,IT=6.3;6.3 ,ii
25073,Ref 1,13.386,91056,107589370.0,59.233063,3629367.5,419.3154637,IT=6.7;6.7 ,ii
25074,Ref 1,11.267,87344,108699890.0,59.237038,3744651.2,419.315482,IT=5.6;5.6 ,ii
25075,Ref 1,12.993,93728,111757110.0,59.241028,3737577.8,419.3155398,IT=6.5;6.5 ,ii
25076,Ref 1,12.190,88352,106725220.0,59.245015,3602254.2,419.3155343,IT=6.1;6.1 ,ii
25077,Ref 1,12.678,91620,109571580.0,59.248851,3763681.2,419.3154749,IT=6.3;6.3 ,ii
25078,Ref 1,12.611,92948,110612320.0,59.252847,3817833.8,419.3154977,IT=6.3;6.3 ,ii
25079,Ref 1,12.092,91520,110627850.0,59.256826,3686581.0,419.3153853,IT=6;6 ,ii
25080,Ref 1,12.691,91872,107904120.0,59.260817,3682549.8,419.3154744,IT=6.3;6.3 ,ii
25081,Ref 1,12.887,88692,108578590.0,59.264657,3766998.5,419.315524,IT=6.4;6.4 ,ii
25082,Ref 1,12.564,90772,108552700.0,59.268651,3666561.8,419.3155075,IT=6.3;6.3 ,ii
25084,Ref 1,12.842,88148,101849420.0,59.274515,3535723.8,419.3155435,IT=6.4;6.4 ,ii
25085,Ref 1,13.437,91612,101658190.0,59.278557,3596062.2,419.315531,IT=6.7;6.7 ,ii
25086,Ref 1,13.485,90144,102301540.0,59.282565,3572803.8,419.3155139,IT=6.7;6.7 ,ii
25088,Ref 1,12.315,86784,108349540.0,59.288428,3696966.0,419.3156585,IT=6.2;6.2 ,ii
25090,Ref 1,12.186,89572,106606350.0,59.292613,3682492.0,419.3155789,IT=6.1;6.1 ,ii
25091,Ref 1,13.224,92124,102388930.0,59.296496,3529422.2,419.3155447,IT=6.6;6.6 ,ii
25092,Ref 1,12.525,86768,101122270.0,59.300492,3554096.0,419.3155947,IT=6.3;6.3 ,ii
25093,Ref 1,13.743,96312,104901300.0,59.304496,3486743.2,419.3155058,IT=6.9;6.9 ,ii
25094,Ref 1,13.971,93872,104949130.0,59.308517,3450728.5,419.3155079,IT=7;7 ,ii
25095,Ref 1,13.781,92928,105530260.0,59.312375,3393680.8,419.3155397,IT=6.9;6.9 ,ii
25096,Ref 1,12.785,89780,104730540.0,59.316377,3685477.5,419.3155072,IT=6.4;6.4 ,ii
25097,Ref 1,13.237,88896,101158360.0,59.320384,3499829.5,419.3154014,IT=6.6;6.6 ,ii
25098,Ref 1,13.468,89452,105335750.0,59.324221,3537921.8,419.3154566,IT=6.7;6.7 ,ii
25099,Ref 1,13.388,90984,103936330.0,59.328227,3617983.2,419.3155291,IT=6.7;6.7 ,ii
25100,Ref 1,13.039,87620,99170360.0,59.332225,3399000.8,419.3155771,IT=6.5;6.5 ,ii
25101,Ref 1,13.558,91776,99995336.0,59.336234,3451798.8,419.3155739,IT=6.8;6.8 ,ii
25102,Ref 1,13.215,93332,104618520.0,59.34024,3664781.2,419.3154852,IT=6.6;6.6 ,ii
25103,Ref 1,13.056,91332,104430650.0,59.344248,3501841.8,419.3154007,IT=6.5;6.5 ,ii
25105,Ref 1,12.746,88792,100726770.0,59.350117,3452292.8,419.3154688,IT=6.4;6.4 ,ii
25106,Ref 1,12.007,87860,99681656.0,59.354136,3605422.5,419.3155921,IT=6;6 ,ii
25107,Ref 1,13.855,94912,97801304.0,59.358146,3376154.8,419.3155525,IT=6.9;6.9 ,ii
25108,Ref 1,13.082,88980,96938920.0,59.362156,3515773.0,419.3155839,IT=6.5;6.5 ,ii
25109,Ref 1,13.491,95724,101981730.0,59.36601,3581869.2,419.3154406,IT=6.7;6.7 ,ii
25110,Ref 1,13.151,92584,98723824.0,59.370015,3476276.8,419.3154586,IT=6.6;6.6 ,ii
25111,Ref 1,13.726,92304,97694168.0,59.374031,3464130.2,419.3154509,IT=6.9;6.9 ,ii
25112,Ref 1,12.561,89524,101015660.0,59.378025,3539873.2,419.3155922,IT=6.3;6.3 ,ii
25113,Ref 1,13.579,90720,97925808.0,59.381869,3448564.0,419.3154063,IT=6.8;6.8 ,ii
25114,Ref 1,12.924,88040,99318448.0,59.385873,3255916.2,419.3153954,IT=6.5;6.5 ,ii
25115,Ref 1,15.016,95556,99799928.0,59.38991,3517374.5,419.3155915,IT=7.5;7.5 ,ii
25116,Ref 1,13.081,88840,100477660.0,59.393921,3556359.5,419.3154743,IT=6.5;6.5 ,ii
25117,Ref 1,13.548,90092,96683648.0,59.397931,3369994.8,419.3154617,IT=6.8;6.8 ,ii
25118,Ref 1,15.102,94836,96904376.0,59.401971,3377120.2,419.3153727,IT=7.6;7.6 ,ii
25119,Ref 1,13.157,89420,97218112.0,59.405987,3429248.5,419.3154553,IT=6.6;6.6 ,ii
25120,Ref 1,13.302,89260,96195112.0,59.409998,3402210.8,419.3155238,IT=6.7;6.7 ,ii
25121,Ref 1,14.254,96980,98490144.0,59.413858,3414461.0,419.3154738,IT=7.1;7.1 ,ii
25122,Ref 1,12.375,87684,98665848.0,59.41786,3376258.2,419.315545,IT=6.2;6.2 ,ii
25123,Ref 1,15.180,93196,92364472.0,59.421893,3221385.5,419.3154977,IT=7.6;7.6 ,ii
25124,Ref 1,13.718,89460,94995032.0,59.425912,3380067.0,419.3154729,IT=6.9;6.9 ,ii
25125,Ref 1,13.743,96212,101313480.0,59.429762,3393573.2,419.3155351,IT=6.9;6.9 ,ii
25126,Ref 1,13.544,92584,98205824.0,59.433777,3436153.2,419.315463,IT=6.8;6.8 ,ii
25127,Ref 1,13.484,92328,99297152.0,59.437787,3449332.2,419.3154426,IT=6.7;6.7 ,ii
25128,Ref 1,13.595,93236,97965608.0,59.441639,3465575.2,419.3155538,IT=6.8;6.8 ,ii
25130,Ref 1,13.030,88996,92952736.0,59.447497,3266175.5,419.315587,IT=6.5;6.5 ,ii
25131,Ref 1,14.895,94664,96535992.0,59.451395,3289346.8,419.3155316,IT=7.4;7.4 ,ii
25132,Ref 1,15.076,94740,95155680.0,59.455441,3204226.8,419.3155686,IT=7.5;7.5 ,ii
25133,Ref 1,12.819,86212,92055800.0,59.459449,3349504.5,419.3155625,IT=6.4;6.4 ,ii
25134,Ref 1,14.032,89436,91925176.0,59.46347,3212396.5,419.3156494,IT=7;7 ,ii
25135,Ref 1,14.623,94280,97060784.0,59.467343,3406908.5,419.3155691,IT=7.3;7.3 ,ii
25136,Ref 1,14.488,92996,94260504.0,59.471376,3246607.2,419.3155004,IT=7.2;7.2 ,ii
25138,Ref 1,14.040,91724,94600152.0,59.477243,3241299.8,419.3156018,IT=7;7 ,ii
25139,Ref 1,14.188,93748,95173672.0,59.481287,3213218.0,419.3154988,IT=7.1;7.1 ,ii
25140,Ref 1,13.989,91020,92203648.0,59.48531,3327462.0,354.3186223,IT=7;7 ,ii
25141,Ref 1,14.505,92236,92872784.0,59.489174,3201652.0,419.3156049,IT=7.3;7.3 ,ii
25142,Ref 1,13.000,97416,100713290.0,59.493187,3362539.5,419.3155184,IT=6.5;6.5 ,ii
25143,Ref 1,13.757,92244,95184296.0,59.497201,3349553.0,354.3186672,IT=6.9;6.9 ,ii
25144,Ref 1,13.894,91124,89874528.0,59.501218,3139215.5,419.3154996,IT=6.9;6.9 ,ii
25145,Ref 1,14.653,93520,91950152.0,59.505078,3136191.0,419.315567,IT=7.3;7.3 ,ii
25146,Ref 1,13.076,91356,97406272.0,59.509087,3424611.0,419.3155096,IT=6.5;6.5 ,ii
25147,Ref 1,15.388,96588,90027280.0,59.513132,3073715.8,419.3155422,IT=7.7;7.7 ,ii
25148,Ref 1,14.374,92900,93126576.0,59.517172,3131126.2,419.3155579,IT=7.2;7.2 ,ii
25149,Ref 1,13.924,92168,92181000.0,59.52103,3157920.2,354.3186356,IT=7;7 ,ii
25150,Ref 1,14.071,92540,94667056.0,59.525053,3161766.2,354.3186925,IT=7;7 ,ii
25151,Ref 1,13.515,91520,94186520.0,59.529066,3119098.5,419.3154643,IT=6.8;6.8 ,ii
25152,Ref 1,12.440,87984,94134776.0,59.533063,3190672.0,419.315499,IT=6.2;6.2 ,ii
25153,Ref 1,14.914,92864,88430352.0,59.536943,2947547.8,354.3185119,IT=7.5;7.5 ,ii
25154,Ref 1,14.914,94756,92154872.0,59.540976,2997161.2,419.3154385,IT=7.5;7.5 ,ii
25155,Ref 1,14.147,92852,93986784.0,59.545003,3107022.5,354.3186037,IT=7.1;7.1 ,ii
25156,Ref 1,14.700,94064,91966784.0,59.549045,3024923.5,354.3186769,IT=7.3;7.3 ,ii
25157,Ref 1,13.838,91708,90303592.0,59.552907,3045235.0,419.3154756,IT=6.9;6.9 ,ii
25158,Ref 1,14.151,93444,90660120.0,59.556932,2984834.0,419.3154084,IT=7.1;7.1 ,ii
25159,Ref 1,13.964,95656,92059168.0,59.560957,3343119.5,354.318639,IT=7;7 ,ii
25160,Ref 1,14.231,90180,86650288.0,59.564986,2923770.0,419.3155267,IT=7.1;7.1 ,ii
25161,Ref 1,13.278,88304,90556912.0,59.568834,3077569.0,419.3155061,IT=6.6;6.6 ,ii
25162,Ref 1,15.125,93856,86857592.0,59.572874,3025033.0,354.3186305,IT=7.6;7.6 ,ii
25163,Ref 1,14.302,92428,88236568.0,59.576901,2856286.8,419.3155778,IT=7.2;7.2 ,ii
25164,Ref 1,14.139,90752,88129744.0,59.580936,2893505.0,419.3155273,IT=7.1;7.1 ,ii
25165,Ref 1,14.862,92184,83729672.0,59.584803,2833649.2,419.3157018,IT=7.4;7.4 ,ii
25166,Ref 1,15.971,94544,82146840.0,59.588863,2694305.8,354.3186977,IT=8;8 ,ii
25167,Ref 1,16.692,92600,79639912.0,59.592919,2555920.2,419.3155682,IT=8.3;8.3 ,ii
25168,Ref 1,15.575,92884,79719808.0,59.596963,2801838.2,354.3186021,IT=7.8;7.8 ,ii
25169,Ref 1,17.563,90736,70661792.0,59.600863,2390999.8,354.3187038,IT=8.8;8.8 ,ii
25171,Ref 1,14.676,91860,81976120.0,59.604901,2525317.8,419.3154771,IT=7.3;7.3 ,ii
25172,Ref 1,14.776,92252,82353440.0,59.60895,2701013.5,354.3185632,IT=7.4;7.4 ,ii
25173,Ref 1,15.114,94908,81538736.0,59.612996,2608653.0,419.3155439,IT=7.6;7.6 ,ii
25174,Ref 1,16.826,101348,80465120.0,59.6169,2506726.2,419.3154802,IT=8.4;8.4 ,ii
25175,Ref 1,14.858,90972,80638936.0,59.620919,2456602.8,419.3155672,IT=7.4;7.4 ,ii
25176,Ref 1,16.349,92008,73906944.0,59.62499,2254409.8,354.3186728,IT=8.2;8.2 ,ii
25177,Ref 1,15.893,93112,77724896.0,59.629023,2329378.2,419.3155404,IT=7.9;7.9 ,ii
25178,Ref 1,16.114,94488,73832704.0,59.632905,2185553.8,419.3156129,IT=8.1;8.1 ,ii
25179,Ref 1,16.366,89552,72274296.0,59.636959,2112379.0,419.3156001,IT=8.2;8.2 ,ii
25180,Ref 1,15.974,96032,77374328.0,59.640996,2143686.5,419.3156518,IT=8;8 ,ii
25183,Ref 1,15.312,94344,76451664.0,59.646902,2128766.0,419.3155494,IT=7.7;7.7 ,ii
25184,Ref 1,17.546,95380,68585440.0,59.65099,1814953.5,419.3156921,IT=8.8;8.8 ,ii
25187,Ref 1,16.626,95452,69080184.0,59.656629,1848426.9,419.3156276,IT=8.3;8.3 ,ii
25188,Ref 1,19.888,95968,62075980.0,59.660742,1605149.9,419.3157462,IT=9.9;9.9 ,ii
25189,Ref 1,19.115,93056,61390948.0,59.664627,1583261.4,419.3158484,IT=9.6;9.6 ,ii
25192,Ref 1,18.026,94704,63729328.0,59.670594,1495107.1,419.315767,IT=9;9 ,ii
25193,Ref 1,19.109,91680,60982912.0,59.674675,1568138.4,419.315865,IT=9.6;9.6 ,ii
25196,Ref 1,18.943,92516,59716912.0,59.680654,1471124.6,419.3158069,IT=9.5;9.5 ,ii
25197,Ref 1,19.906,91444,58195640.0,59.684744,1403535.8,419.3158405,IT=10;10 ,ii
25198,Ref 1,20.761,92820,56530468.0,59.688827,1377025.8,419.315746,IT=10;10 ,ii
25199,Ref 1,21.743,96572,55994656.0,59.692917,1337497.1,419.3157873,IT=11;11 ,ii
25200,Ref 1,21.726,92216,53969632.0,59.696829,1344569.0,419.3158163,IT=11;11 ,ii
25201,Ref 1,22.072,95848,54624960.0,59.700921,1289145.4,419.3157908,IT=11;11 ,ii
25202,Ref 1,22.887,98496,54309672.0,59.705014,1210805.5,419.3158311,IT=11;11 ,ii
25203,Ref 1,22.023,95404,54528600.0,59.709087,1308972.4,419.315777,IT=11;11 ,ii
25204,Ref 1,23.636,94664,51107580.0,59.713031,1212012.0,419.3157198,IT=12;12 ,ii
25205,Ref 1,24.953,96028,50230336.0,59.717141,1143999.9,419.3156622,IT=12;12 ,ii
25206,Ref 1,23.086,97156,54188888.0,59.721208,1223304.4,419.3156769,IT=12;12 ,ii
25207,Ref 1,22.565,99292,55699596.0,59.725285,1238582.2,419.3156444,IT=11;11 ,ii
25208,Ref 1,24.913,95052,50949852.0,59.729404,1141187.6,419.3157278,IT=12;12 ,ii
25209,Ref 1,25.466,98480,51163992.0,59.733508,1138005.9,419.3157207,IT=13;13 ,ii
25211,Ref 1,23.321,97112,53218888.0,59.737695,1192062.6,419.3156402,IT=12;12 ,ii
25212,Ref 1,25.332,97236,51283960.0,59.741816,1149000.0,419.3157496,IT=13;13 ,ii
25213,Ref 1,25.311,99308,51661160.0,59.745754,1198212.9,419.3157758,IT=13;13 ,ii
25214,Ref 1,24.712,93760,50845796.0,59.74985,1188066.6,419.3157067,IT=12;12 ,ii
25215,Ref 1,25.227,95472,51623276.0,59.753958,1162103.6,419.3156417,IT=13;13 ,ii
25216,Ref 1,24.642,98548,52967144.0,59.758045,1200541.2,419.3155399,IT=12;12 ,ii
25217,Ref 1,25.218,99200,52261024.0,59.762156,1157258.0,419.3155956,IT=13;13 ,ii
25218,Ref 1,25.575,102348,53389212.0,59.766097,1144590.4,419.3154852,IT=13;13 ,ii
25219,Ref 1,24.536,96844,53770724.0,59.770183,1187819.2,419.3154283,IT=12;12 ,ii
25220,Ref 1,23.746,95484,52667540.0,59.774272,1208269.6,419.31546,IT=12;12 ,ii
25221,Ref 1,26.204,99040,52628512.0,59.778404,1189952.0,419.3155281,IT=13;13 ,ii
25222,Ref 1,23.364,99404,54416984.0,59.782293,1211311.4,419.3153665,IT=12;12 ,ii
25223,Ref 1,25.312,95528,52397404.0,59.786414,1178221.6,419.3155094,IT=13;13 ,ii
25224,Ref 1,23.272,95072,53827184.0,59.790478,1215366.0,419.3154869,IT=12;12 ,ii
25225,Ref 1,25.048,96236,53145052.0,59.794591,1150747.0,419.3154252,IT=13;13 ,ii
25226,Ref 1,23.421,98276,54742424.0,59.798493,1247769.1,419.315367,IT=12;12 ,ii
25227,Ref 1,24.534,95904,53146420.0,59.802597,1184076.2,419.3154344,IT=12;12 ,ii
25228,Ref 1,23.807,96628,52157204.0,59.806676,1140244.6,419.3154589,IT=12;12 ,ii
25229,Ref 1,25.156,97920,52630896.0,59.810791,1169795.2,419.3155296,IT=13;13 ,ii
25231,Ref 1,22.875,95508,53596648.0,59.814968,1179823.2,419.315369,IT=11;11 ,ii
25232,Ref 1,26.043,94772,51922892.0,59.819107,1150875.6,419.3155033,IT=13;13 ,ii
25233,Ref 1,24.515,95824,51715112.0,59.823184,1156096.8,419.3154284,IT=12;12 ,ii
25234,Ref 1,25.146,95640,51415380.0,59.827289,1145387.9,419.3153994,IT=13;13 ,ii
25235,Ref 1,24.277,95416,52072884.0,59.831203,1148775.1,419.3153789,IT=12;12 ,ii
25236,Ref 1,26.120,99140,51544524.0,59.835328,1151974.4,419.3155119,IT=13;13 ,ii
25237,Ref 1,25.147,96000,51285044.0,59.839411,1181513.5,391.2840865,IT=13;13 ,ii
25238,Ref 1,25.002,95592,51394788.0,59.843511,1238501.1,391.283961,IT=13;13 ,ii
25239,Ref 1,25.803,97784,51629076.0,59.847618,1133380.5,391.2841312,IT=13;13 ,ii
25240,Ref 1,25.833,99592,52246320.0,59.851551,1169509.2,391.2840421,IT=13;13 ,ii
25241,Ref 1,24.364,97988,53140992.0,59.85563,1243468.4,391.2840169,IT=12;12 ,ii
25242,Ref 1,25.262,96940,51576308.0,59.85974,1196070.5,391.2840379,IT=13;13 ,ii
25243,Ref 1,25.240,93768,50567084.0,59.863838,1216029.1,391.2840934,IT=13;13 ,ii
25244,Ref 1,25.507,94488,50608040.0,59.867772,1202101.6,391.2840577,IT=13;13 ,ii
25245,Ref 1,25.446,94392,51528968.0,59.871872,1293071.4,391.2840023,IT=13;13 ,ii
25246,Ref 1,24.836,96440,51034700.0,59.875963,1182609.1,391.2840064,IT=12;12 ,ii
25247,Ref 1,25.290,93440,50623868.0,59.880065,1197407.5,391.2841395,IT=13;13 ,ii
25248,Ref 1,26.213,96652,51077220.0,59.884009,1255928.1,391.2841513,IT=13;13 ,ii
25249,Ref 1,25.069,99700,51922900.0,59.888095,1354678.2,391.2841116,IT=13;13 ,ii
25250,Ref 1,24.766,92124,50757612.0,59.892188,1266781.1,391.2840908,IT=12;12 ,ii
25251,Ref 1,25.861,92932,50118860.0,59.896303,1274194.9,391.2841079,IT=13;13 ,ii
25252,Ref 1,26.165,98472,50928280.0,59.900242,1226739.6,391.2841637,IT=13;13 ,ii
25253,Ref 1,24.464,94740,50896836.0,59.904319,1318186.9,391.2840847,IT=12;12 ,ii
25254,Ref 1,24.899,94612,50712868.0,59.908428,1311942.4,391.2840868,IT=12;12 ,ii
25256,Ref 1,24.024,91392,49941672.0,59.91278,1352010.9,391.2839911,IT=12;12 ,ii
25257,Ref 1,25.373,93856,50188748.0,59.916896,1351967.6,391.2841134,IT=13;13 ,ii
25258,Ref 1,25.833,96808,50601600.0,59.92084,1355747.5,391.2838987,IT=13;13 ,ii
25259,Ref 1,24.958,95020,49950788.0,59.924923,1361349.2,391.2840487,IT=12;12 ,ii
25260,Ref 1,25.105,94500,50453032.0,59.929019,1377319.4,391.28397,IT=13;13 ,ii
25261,Ref 1,24.253,91588,50749540.0,59.933102,1389147.9,391.2839542,IT=12;12 ,ii
25262,Ref 1,25.716,95280,49601684.0,59.93705,1340686.1,391.2840126,IT=13;13 ,ii
25263,Ref 1,25.503,95528,50265812.0,59.94115,1360617.9,391.2839938,IT=13;13 ,ii
25264,Ref 1,25.835,92624,49560900.0,59.945254,1410489.5,391.2840541,IT=13;13 ,ii
25265,Ref 1,25.125,92264,49627352.0,59.949344,1456808.9,391.2840641,IT=13;13 ,ii
25266,Ref 1,24.589,94180,49936876.0,59.953263,1439750.2,391.2839843,IT=12;12 ,ii
25267,Ref 1,25.821,93988,49906500.0,59.957379,1480810.1,391.2839502,IT=13;13 ,ii
25268,Ref 1,26.304,96592,49858944.0,59.961492,1463488.5,391.284034,IT=13;13 ,ii
25269,Ref 1,25.352,94760,49749836.0,59.965575,1437865.5,391.283999,IT=13;13 ,ii
25270,Ref 1,24.573,91028,50058192.0,59.969496,1555871.9,391.2839559,IT=12;12 ,ii
25271,Ref 1,25.871,91944,49046272.0,59.973611,1517071.6,391.2840015,IT=13;13 ,ii
25272,Ref 1,25.187,90892,48822852.0,59.9777,1473627.4,391.2839257,IT=13;13 ,ii
25273,Ref 1,25.428,91056,48684688.0,59.981804,1483996.8,391.2839348,IT=13;13 ,ii
25274,Ref 1,25.562,93176,49330844.0,59.985735,1583841.9,391.2839451,IT=13;13 ,ii
25275,Ref 1,25.351,91596,48187396.0,59.989835,1480933.8,391.2840398,IT=13;13 ,ii
25276,Ref 1,25.809,91312,48452156.0,59.993952,1505323.4,391.2839755,IT=13;13 ,ii
25277,Ref 1,26.491,94228,48933480.0,59.998062,1564967.1,391.2839211,IT=13;13 ,ii
25278,Ref 1,25.328,92928,48524996.0,60.001987,1537414.8,391.2838644,IT=13;13 ,ii
25279,Ref 1,25.706,92056,48237128.0,60.005927,1643015.9,391.2838912,IT=13;13 ,ii
25280,Ref 1,25.420,91892,48722972.0,60.010027,1571357.8,391.2838291,IT=13;13 ,ii
25281,Ref 1,25.040,93176,48779272.0,60.014121,1592331.4,391.2838364,IT=13;13 ,ii
25282,Ref 1,26.163,89724,47316500.0,60.018235,1542712.8,391.283867,IT=13;13 ,ii
25283,Ref 1,26.718,92220,47884180.0,60.022187,1627893.1,391.2838605,IT=13;13 ,ii
25284,Ref 1,25.367,90444,48211764.0,60.026266,1558737.9,391.283782,IT=13;13 ,ii
25285,Ref 1,24.389,90304,48629456.0,60.030348,1695281.5,391.2837543,IT=12;12 ,ii
25286,Ref 1,25.121,91628,47987360.0,60.03445,1645394.8,391.2838504,IT=13;13 ,ii
25287,Ref 1,24.999,90216,48688220.0,60.038375,1661305.8,391.2838797,IT=12;12 ,ii
25288,Ref 1,24.876,90424,48023300.0,60.042473,1638312.5,391.2838996,IT=12;12 ,ii
25289,Ref 1,25.655,89912,47111388.0,60.046579,1687315.8,391.2839327,IT=13;13 ,ii
25290,Ref 1,25.374,91264,47677364.0,60.050677,1655246.0,391.2838217,IT=13;13 ,ii
25291,Ref 1,24.989,88388,48038680.0,60.054602,1675429.2,391.2838086,IT=12;12 ,ii
25292,Ref 1,26.044,91200,47554092.0,60.058714,1700556.6,391.2837836,IT=13;13 ,ii
25293,Ref 1,25.770,92412,48444908.0,60.062808,1724103.4,391.2837736,IT=13;13 ,ii
25294,Ref 1,26.602,95872,48225888.0,60.066922,1763726.8,391.2837938,IT=13;13 ,ii
25295,Ref 1,25.302,90772,47842912.0,60.070843,1704629.4,391.2838708,IT=13;13 ,ii
25296,Ref 1,25.884,90128,47626464.0,60.074952,1772356.9,391.2838395,IT=13;13 ,ii
25297,Ref 1,24.572,92124,48063088.0,60.079026,1819105.4,391.2837857,IT=12;12 ,ii
25298,Ref 1,26.496,90588,47208656.0,60.083154,1725180.9,391.2837464,IT=13;13 ,ii
25299,Ref 1,25.681,86304,44564584.0,60.087078,1668113.9,391.2837655,IT=13;13 ,ii
25300,Ref 1,32.529,98284,45628064.0,60.091293,1638830.0,391.2838644,IT=16;16 ,ii
25301,Ref 1,25.473,90864,46580636.0,60.095329,1776640.1,391.2836483,IT=13;13 ,ii
25302,Ref 1,26.227,91572,46538132.0,60.099443,1721092.4,391.2837823,IT=13;13 ,ii
25303,Ref 1,26.733,92800,46840552.0,60.103551,1720482.9,391.2837129,IT=13;13 ,ii
25304,Ref 1,25.634,91772,47402188.0,60.107478,1739418.8,391.2837706,IT=13;13 ,ii
25305,Ref 1,27.666,93596,46491884.0,60.111612,1726004.2,391.2837601,IT=14;14 ,ii
25306,Ref 1,25.532,89884,46525780.0,60.115689,1769636.0,391.2837311,IT=13;13 ,ii
25307,Ref 1,26.069,88948,45727624.0,60.119791,1736095.0,391.2838016,IT=13;13 ,ii
25309,Ref 1,25.665,89984,46130472.0,60.124008,1836500.9,391.283774,IT=13;13 ,ii
25310,Ref 1,26.566,93536,46441704.0,60.128124,1771855.1,391.2837861,IT=13;13 ,ii
25311,Ref 1,25.708,90544,46392968.0,60.132212,1798309.2,391.2836049,IT=13;13 ,ii
25312,Ref 1,25.946,88984,44894956.0,60.136316,1838028.1,391.2837051,IT=13;13 ,ii
25313,Ref 1,26.141,90420,45933240.0,60.140255,1764137.9,391.2837091,IT=13;13 ,ii
25314,Ref 1,26.829,91520,45800900.0,60.14437,1788039.4,391.2837142,IT=13;13 ,ii
25315,Ref 1,26.331,88800,45456124.0,60.148472,1842689.6,391.2836752,IT=13;13 ,ii
25316,Ref 1,26.647,92972,45853196.0,60.15258,1820800.8,391.283797,IT=13;13 ,ii
25317,Ref 1,26.804,89904,45200720.0,60.156528,1821628.5,391.2837862,IT=13;13 ,ii
25318,Ref 1,26.505,89032,45112316.0,60.160622,1875040.2,391.2837606,IT=13;13 ,ii
25319,Ref 1,25.853,87432,43739916.0,60.164711,1774949.8,391.2837178,IT=13;13 ,ii
25320,Ref 1,26.646,89292,45239048.0,60.168822,1789385.2,391.2837593,IT=13;13 ,ii
25321,Ref 1,26.529,86912,44275548.0,60.17292,1835508.9,391.2838379,IT=13;13 ,ii
25322,Ref 1,27.061,88552,44139608.0,60.176932,1857508.2,391.2837597,IT=14;14 ,ii
25323,Ref 1,27.797,90096,43759316.0,60.181049,1776751.9,391.2838119,IT=14;14 ,ii
25324,Ref 1,27.613,86308,42812692.0,60.185153,1819125.1,391.2836955,IT=14;14 ,ii
25325,Ref 1,27.046,86576,43487940.0,60.189249,1869591.1,391.2837846,IT=14;14 ,ii
25326,Ref 1,28.552,93408,44859448.0,60.193217,1881905.1,391.283781,IT=14;14 ,ii
25327,Ref 1,27.688,88648,42815092.0,60.197315,1794697.2,391.2837742,IT=14;14 ,ii
25328,Ref 1,27.911,89612,43795448.0,60.201428,1877588.9,391.2838229,IT=14;14 ,ii
25329,Ref 1,27.494,90156,43655696.0,60.205534,1897783.8,391.2838684,IT=14;14 ,ii
25330,Ref 1,27.641,89684,43816100.0,60.209467,1885344.4,391.2838263,IT=14;14 ,ii
25331,Ref 1,27.928,89664,43431512.0,60.213582,1881690.2,391.2838781,IT=14;14 ,ii
25332,Ref 1,26.891,88032,43851920.0,60.217671,1879703.8,391.2838614,IT=13;13 ,ii
25333,Ref 1,26.674,87284,43291820.0,60.221769,1909590.4,391.2837893,IT=13;13 ,ii
25334,Ref 1,28.649,91056,43143452.0,60.225905,1876821.6,391.2838516,IT=14;14 ,ii
25335,Ref 1,27.195,90772,43752256.0,60.229988,1901593.4,391.2838544,IT=14;14 ,ii
25336,Ref 1,27.255,92000,43735788.0,60.234094,1896565.4,391.283771,IT=14;14 ,ii
25337,Ref 1,27.345,88540,43312508.0,60.2382,1918525.8,391.2838144,IT=14;14 ,ii
25338,Ref 1,26.648,87292,43201040.0,60.24229,1910735.9,391.2837459,IT=13;13 ,ii
25339,Ref 1,26.501,86716,43180372.0,60.246232,1955122.2,391.283767,IT=13;13 ,ii
25340,Ref 1,26.759,90960,43611844.0,60.250336,1914757.8,391.2837398,IT=13;13 ,ii
25341,Ref 1,28.263,90568,42680708.0,60.254459,1904459.4,391.2837174,IT=14;14 ,ii
25342,Ref 1,27.006,86712,42588276.0,60.258552,1866305.0,391.2838457,IT=14;14 ,ii
25343,Ref 1,28.420,87700,42037128.0,60.262515,1974874.4,391.283776,IT=14;14 ,ii
25344,Ref 1,27.203,87344,42208928.0,60.266606,1861177.4,391.2837845,IT=14;14 ,ii
25345,Ref 1,26.918,87112,42779844.0,60.270711,1984976.0,391.2837594,IT=13;13 ,ii
25346,Ref 1,27.773,88588,41645692.0,60.274825,1859162.2,391.2839051,IT=14;14 ,ii
25347,Ref 1,27.903,86860,41524860.0,60.278769,1883209.0,391.283811,IT=14;14 ,ii
25348,Ref 1,27.581,83876,40740968.0,60.282877,1934779.6,391.2838686,IT=14;14 ,ii
25349,Ref 1,28.041,86984,41325492.0,60.28699,1948684.2,391.2838089,IT=14;14 ,ii
25350,Ref 1,28.632,90444,41816440.0,60.291108,1938656.5,391.2838023,IT=14;14 ,ii
25351,Ref 1,28.808,88172,41151304.0,60.295056,1921196.2,391.2838216,IT=14;14 ,ii
25352,Ref 1,27.819,88892,41330780.0,60.29915,1955272.0,391.2837706,IT=14;14 ,ii
25353,Ref 1,28.012,89852,41120396.0,60.303263,1936664.0,391.2837488,IT=14;14 ,ii
25354,Ref 1,29.816,88568,40370616.0,60.307408,1885844.1,391.2838319,IT=15;15 ,ii
25355,Ref 1,28.397,85456,40334520.0,60.311506,1916819.5,391.2837996,IT=14;14 ,ii
25356,Ref 1,29.277,88108,40776468.0,60.315467,1969042.9,391.2838211,IT=15;15 ,ii
25357,Ref 1,28.797,86608,40317208.0,60.319583,1917431.6,391.283915,IT=14;14 ,ii
25358,Ref 1,28.991,86696,40284832.0,60.323696,1947174.6,391.28382,IT=14;14 ,ii
25359,Ref 1,29.278,86024,40524204.0,60.327812,1995662.1,391.2838536,IT=15;15 ,ii
25360,Ref 1,28.484,86472,40184136.0,60.33175,1936927.4,391.283703,IT=14;14 ,ii
25361,Ref 1,29.517,87200,39610268.0,60.335881,1891055.5,391.283725,IT=15;15 ,ii
25362,Ref 1,29.516,87780,40107392.0,60.340004,1968785.9,391.2837178,IT=15;15 ,ii
25363,Ref 1,28.946,86392,39692916.0,60.344118,1938386.0,391.2837296,IT=14;14 ,ii
25364,Ref 1,28.747,89292,40626664.0,60.348068,1972811.4,391.2837865,IT=14;14 ,ii
25365,Ref 1,29.389,86848,39808404.0,60.3522,2019543.6,391.2837014,IT=15;15 ,ii
25366,Ref 1,28.079,86760,39835808.0,60.356298,1931617.6,391.2836954,IT=14;14 ,ii
25367,Ref 1,28.912,86788,39438176.0,60.360429,1981052.4,391.28374,IT=14;14 ,ii
25368,Ref 1,30.226,88660,39258580.0,60.364404,2004618.9,391.2837454,IT=15;15 ,ii
25369,Ref 1,28.185,87940,40252548.0,60.3685,2002668.1,391.2837145,IT=14;14 ,ii
25370,Ref 1,28.083,86388,39675948.0,60.372612,2025653.4,391.2836833,IT=14;14 ,ii
25371,Ref 1,29.489,87740,38783392.0,60.376749,2032575.2,391.2837151,IT=15;15 ,ii
25372,Ref 1,30.358,83836,38213904.0,60.380718,1928674.8,391.2837336,IT=15;15 ,ii
25373,Ref 1,29.238,83936,38411344.0,60.384833,1960538.1,391.2837346,IT=15;15 ,ii
25374,Ref 1,29.778,86100,38839036.0,60.388962,1994368.2,391.2836383,IT=15;15 ,ii
25375,Ref 1,29.376,88388,39284120.0,60.393081,1983877.6,391.2836951,IT=15;15 ,ii
25376,Ref 1,29.885,88332,38867748.0,60.397214,1954468.9,391.2836093,IT=15;15 ,ii
25377,Ref 1,29.804,88216,39183796.0,60.401166,2071896.8,391.2836431,IT=15;15 ,ii
25378,Ref 1,28.626,82036,38370140.0,60.405278,2071078.8,391.2837031,IT=14;14 ,ii
25379,Ref 1,29.477,85872,38568912.0,60.409403,1966995.9,391.2836682,IT=15;15 ,ii
25380,Ref 1,29.835,86276,38015788.0,60.413533,2006546.8,391.2836821,IT=15;15 ,ii
25381,Ref 1,30.012,86756,38072704.0,60.417491,1948337.8,391.2836866,IT=15;15 ,ii
25382,Ref 1,29.389,86400,38578212.0,60.42161,2000870.5,391.2837227,IT=15;15 ,ii
25383,Ref 1,30.612,86112,38069324.0,60.425751,1995014.2,391.2836592,IT=15;15 ,ii
25384,Ref 1,29.889,83564,38094092.0,60.429864,2037899.5,391.2836402,IT=15;15 ,ii
25385,Ref 1,29.421,87448,38860276.0,60.433812,1945952.4,391.2837342,IT=15;15 ,ii
25386,Ref 1,30.861,86228,37787224.0,60.437959,1969746.4,391.2836927,IT=15;15 ,ii
25387,Ref 1,30.562,84292,37586524.0,60.442076,1975979.0,391.2836192,IT=15;15 ,ii
25388,Ref 1,30.052,87796,38364288.0,60.446191,1970055.6,391.2836958,IT=15;15 ,ii
25389,Ref 1,30.088,86892,38061044.0,60.450326,2042151.8,391.2836637,IT=15;15 ,ii
25390,Ref 1,30.446,88188,37762496.0,60.454297,2008438.4,391.2837879,IT=15;15 ,ii
25391,Ref 1,30.080,87284,38223596.0,60.458414,1937629.4,391.2837418,IT=15;15 ,ii
25392,Ref 1,30.613,89560,38785740.0,60.462553,2078985.0,391.2837284,IT=15;15 ,ii
25393,Ref 1,29.678,83292,37607736.0,60.466661,1992243.9,391.2837148,IT=15;15 ,ii
25394,Ref 1,32.482,86236,37148996.0,60.47068,1892922.5,391.2838226,IT=16;16 ,ii
25395,Ref 1,30.598,85296,37712236.0,60.474778,1988855.1,391.2836128,IT=15;15 ,ii
25396,Ref 1,31.139,84728,37286324.0,60.478928,2003304.4,391.2836964,IT=16;16 ,ii
25397,Ref 1,30.434,84652,37058724.0,60.483045,1919843.5,391.2838202,IT=15;15 ,ii
25398,Ref 1,29.546,85536,37061116.0,60.48699,1985482.9,391.2837274,IT=15;15 ,ii
25399,Ref 1,30.215,82856,37345072.0,60.491126,2101757.0,391.2837128,IT=15;15 ,ii
25400,Ref 1,30.499,84192,37135724.0,60.495267,2006628.9,391.2837783,IT=15;15 ,ii
25401,Ref 1,29.626,84564,36893364.0,60.499374,2008659.2,391.2837434,IT=15;15 ,ii
25402,Ref 1,31.107,88204,37856944.0,60.503355,2097252.8,391.2836668,IT=16;16 ,ii
25403,Ref 1,30.745,86288,37183988.0,60.507482,1976901.1,391.2837914,IT=15;15 ,ii
25404,Ref 1,31.395,87260,37178900.0,60.511626,1998690.9,391.2836414,IT=16;16 ,ii
25405,Ref 1,30.484,84692,36868448.0,60.51574,2043528.1,391.2836691,IT=15;15 ,ii
25406,Ref 1,29.919,81804,36497324.0,60.519865,1979199.9,391.28373,IT=15;15 ,ii
25407,Ref 1,31.526,86784,36452320.0,60.523849,1980723.6,391.2837876,IT=16;16 ,ii
25408,Ref 1,30.667,85016,36794336.0,60.527972,2061828.6,391.2838641,IT=15;15 ,ii
25410,Ref 1,31.909,87460,37026948.0,60.532286,2014794.1,391.2837588,IT=16;16 ,ii
25411,Ref 1,32.446,88384,36613324.0,60.536423,2030096.4,391.2837496,IT=16;16 ,ii
25412,Ref 1,30.806,83780,36002996.0,60.540359,2095653.1,391.2838123,IT=15;15 ,ii
25413,Ref 1,31.067,86340,36898456.0,60.544486,1976507.2,391.2838387,IT=16;16 ,ii
25414,Ref 1,30.933,84384,35983232.0,60.548613,2016404.9,391.2838401,IT=15;15 ,ii
25415,Ref 1,31.158,85804,36408440.0,60.55274,2069612.4,391.2837866,IT=16;16 ,ii
25416,Ref 1,30.820,85844,36176304.0,60.556692,1991964.6,391.2838793,IT=15;15 ,ii
25417,Ref 1,31.297,85824,36035068.0,60.560825,2044578.5,391.2838022,IT=16;16 ,ii
25418,Ref 1,31.953,87512,36547724.0,60.564973,2097256.0,391.2837167,IT=16;16 ,ii
25419,Ref 1,31.576,85184,35705872.0,60.569092,1981945.9,391.2838076,IT=16;16 ,ii
25420,Ref 1,31.890,84104,35743808.0,60.573227,2040752.5,391.2837782,IT=16;16 ,ii
25421,Ref 1,30.686,84048,35913348.0,60.577165,2051774.5,391.2837518,IT=15;15 ,ii
25422,Ref 1,31.672,82608,35513712.0,60.581302,2042941.1,391.2838224,IT=16;16 ,ii
25423,Ref 1,30.851,85912,35857520.0,60.585419,2074615.1,391.283823,IT=15;15 ,ii
25424,Ref 1,30.039,80740,35066368.0,60.589529,2089060.0,391.2838667,IT=15;15 ,ii
25425,Ref 1,30.775,82656,35415048.0,60.593621,2107054.2,391.2838882,IT=15;15 ,ii
25426,Ref 1,31.693,85212,35538244.0,60.597756,2048646.6,391.2838049,IT=16;16 ,ii
25427,Ref 1,31.981,85056,34999928.0,60.601894,2104835.5,391.2838575,IT=16;16 ,ii
25428,Ref 1,32.258,82100,34612600.0,60.606031,2077562.1,391.2838795,IT=16;16 ,ii
25429,Ref 1,30.689,82648,35022212.0,60.609969,1980575.2,391.2838378,IT=15;15 ,ii
25430,Ref 1,31.589,83052,34892872.0,60.61411,2163553.0,391.2837728,IT=16;16 ,ii
25431,Ref 1,33.041,83376,34492628.0,60.618262,2124453.2,391.283728,IT=17;17 ,ii
25432,Ref 1,31.948,82804,33864268.0,60.622379,2037179.0,391.2837826,IT=16;16 ,ii
25433,Ref 1,31.679,84328,35031824.0,60.626506,2043355.2,391.2837121,IT=16;16 ,ii
25434,Ref 1,31.442,81268,32855198.0,60.630464,1979966.9,391.2837822,IT=16;16 ,ii
25435,Ref 1,31.687,83864,34436248.0,60.6346,2010524.6,391.2837881,IT=16;16 ,ii
25436,Ref 1,33.124,81648,32910782.0,60.638756,2073218.5,391.2838033,IT=17;17 ,ii
25437,Ref 1,31.222,79452,32650850.0,60.642862,2050684.0,391.2837364,IT=16;16 ,ii
25438,Ref 1,32.961,85908,34091496.0,60.647023,2108572.0,391.2836933,IT=16;16 ,ii
25439,Ref 1,31.276,80776,33186406.0,60.651131,2108143.0,391.2837316,IT=16;16 ,ii
25440,Ref 1,31.864,77124,32757274.0,60.655277,2171081.5,391.2837978,IT=16;16 ,ii
25441,Ref 1,33.661,85412,33918428.0,60.659435,2075304.0,391.2837651,IT=17;17 ,ii
25442,Ref 1,32.149,80340,32712402.0,60.663379,2027778.8,391.2835412,IT=16;16 ,ii
25443,Ref 1,31.872,79560,32862410.0,60.66751,2117112.2,391.2838462,IT=16;16 ,ii
25444,Ref 1,32.806,83672,33431224.0,60.671664,2061808.2,391.283805,IT=16;16 ,ii
25445,Ref 1,33.825,82188,32651784.0,60.675814,2115159.5,391.283777,IT=17;17 ,ii
25446,Ref 1,32.709,76312,31417474.0,60.679931,2103123.8,391.2838396,IT=16;16 ,ii
25447,Ref 1,30.947,79148,32792280.0,60.683864,2022139.9,391.2838653,IT=15;15 ,ii
25448,Ref 1,31.960,81076,32309008.0,60.688008,2063187.0,391.283939,IT=16;16 ,ii
25449,Ref 1,34.338,79860,32016744.0,60.692177,2184865.2,391.2839017,IT=17;17 ,ii
25450,Ref 1,33.368,81356,32440638.0,60.696299,2099226.8,391.2838395,IT=17;17 ,ii
25451,Ref 1,32.436,79672,32311984.0,60.700251,2068260.2,391.2838479,IT=16;16 ,ii
25452,Ref 1,32.993,76408,31992930.0,60.704397,2178413.8,391.2837382,IT=16;16 ,ii
25453,Ref 1,34.507,78888,30551586.0,60.708558,1991040.0,391.2838928,IT=17;17 ,ii
25454,Ref 1,32.744,78892,32108382.0,60.712672,2133143.2,391.2838806,IT=16;16 ,ii
25455,Ref 1,32.481,80724,31913414.0,60.716803,2205681.5,391.2838151,IT=16;16 ,ii
25456,Ref 1,33.803,82468,31996940.0,60.720962,2092644.0,391.2838472,IT=17;17 ,ii
25457,Ref 1,33.176,77168,30702908.0,60.725091,2069512.9,391.2836743,IT=17;17 ,ii
25458,Ref 1,32.692,75256,30807234.0,60.72923,2188961.8,391.2838765,IT=16;16 ,ii
25459,Ref 1,33.988,78628,31166500.0,60.733403,2108318.2,391.2838528,IT=17;17 ,ii
25460,Ref 1,34.115,78768,31359152.0,60.737385,2132963.8,391.2837715,IT=17;17 ,ii
25461,Ref 1,35.069,78888,31210492.0,60.741537,2141758.0,391.2838309,IT=18;18 ,ii
25462,Ref 1,35.228,80296,31996322.0,60.745689,2120613.8,391.2838342,IT=18;18 ,ii
25463,Ref 1,33.665,79292,31937562.0,60.749807,2168926.0,391.2838096,IT=17;17 ,ii
25464,Ref 1,35.081,78964,31405788.0,60.753801,2089151.4,391.2837746,IT=18;18 ,ii
25465,Ref 1,33.006,79816,31836396.0,60.757914,2146493.2,391.2838361,IT=17;17 ,ii
25466,Ref 1,36.871,81160,31258802.0,60.762116,2121649.0,391.2837567,IT=18;18 ,ii
25467,Ref 1,35.237,77548,29012398.0,60.766257,2036044.0,391.2838285,IT=18;18 ,ii
25468,Ref 1,33.999,73704,29750596.0,60.770228,2197270.0,391.2838536,IT=17;17 ,ii
25469,Ref 1,35.571,78508,30025976.0,60.774395,2106150.2,391.2838323,IT=18;18 ,ii
25470,Ref 1,34.305,74336,29559338.0,60.778522,2101700.0,391.2838647,IT=17;17 ,ii
25471,Ref 1,34.707,74324,29051790.0,60.782682,2116425.2,391.2837999,IT=17;17 ,ii
25472,Ref 1,36.003,81500,30406886.0,60.786857,2077006.2,391.2837489,IT=18;18 ,ii
25473,Ref 1,34.916,77632,28894338.0,60.79083,2078589.4,391.283764,IT=17;17 ,ii
25474,Ref 1,34.531,77828,30141770.0,60.794968,2125676.8,391.2837512,IT=17;17 ,ii
25475,Ref 1,36.661,81208,29895352.0,60.799157,2090906.2,391.2837916,IT=18;18 ,ii
25476,Ref 1,35.287,79100,29733744.0,60.803297,2161379.5,391.2837517,IT=18;18 ,ii
25477,Ref 1,36.493,80392,29493622.0,60.807305,2161414.0,391.2837926,IT=18;18 ,ii
25478,Ref 1,37.276,79700,29716460.0,60.811482,2036567.1,391.2838389,IT=19;19 ,ii
25479,Ref 1,34.931,76876,29674308.0,60.815617,2167975.8,391.2838316,IT=17;17 ,ii
25480,Ref 1,35.424,75452,29047186.0,60.81978,2190534.8,391.2838421,IT=18;18 ,ii
25481,Ref 1,38.061,80496,28841852.0,60.823984,2041023.6,391.2838309,IT=19;19 ,ii
25482,Ref 1,36.377,75312,28404018.0,60.827957,2094521.8,391.2838124,IT=18;18 ,ii
25483,Ref 1,35.543,80140,29253966.0,60.832109,2186699.5,391.2838184,IT=18;18 ,ii
25484,Ref 1,36.754,75376,28586710.0,60.836276,2101813.2,391.2838301,IT=18;18 ,ii
25485,Ref 1,36.279,78788,28922176.0,60.840492,2135575.5,391.2838812,IT=18;18 ,ii
25486,Ref 1,36.898,71784,27753092.0,60.844663,2112726.0,391.2838043,IT=18;18 ,ii
25487,Ref 1,35.306,73440,27984680.0,60.848801,2075142.8,391.28378,IT=18;18 ,ii
25488,Ref 1,36.851,79456,28382990.0,60.852986,2158663.8,391.2838383,IT=18;18 ,ii
25489,Ref 1,37.500,74040,27355260.0,60.857167,2082401.8,391.2837271,IT=19;19 ,ii
25490,Ref 1,37.955,78608,28037602.0,60.861344,2064338.0,391.2838375,IT=19;19 ,ii
25491,Ref 1,37.137,72304,25595924.0,60.86533,1922298.1,391.2839393,IT=19;19 ,ii
25492,Ref 1,37.815,72720,27257856.0,60.869513,2106484.5,391.2839392,IT=19;19 ,ii
25493,Ref 1,37.561,77120,27882794.0,60.87368,2087429.4,391.2838838,IT=19;19 ,ii
25494,Ref 1,38.173,75048,26849732.0,60.877861,2083400.5,391.2839377,IT=19;19 ,ii
25495,Ref 1,37.732,73676,27037474.0,60.881854,2113266.5,391.2838592,IT=19;19 ,ii
25496,Ref 1,37.542,76712,27767822.0,60.886023,2033409.5,391.283902,IT=19;19 ,ii
25497,Ref 1,38.001,74248,26517876.0,60.8902,2031669.9,391.2839162,IT=19;19 ,ii
25498,Ref 1,37.944,72432,26699122.0,60.894375,2170712.0,391.28391,IT=19;19 ,ii
25499,Ref 1,37.672,77096,27824218.0,60.898542,2163629.2,391.2838906,IT=19;19 ,ii
25500,Ref 1,38.585,76812,27304438.0,60.902554,2121442.2,391.28389,IT=19;19 ,ii
25501,Ref 1,39.433,77944,27188496.0,60.906748,2117678.5,391.2838889,IT=20;20 ,ii
25502,Ref 1,38.196,74116,26843118.0,60.910913,2065304.8,391.2838904,IT=19;19 ,ii
25503,Ref 1,37.577,75384,26800352.0,60.915079,2128005.2,391.2839325,IT=19;19 ,ii
25504,Ref 1,38.982,72300,26200006.0,60.9191,2116417.5,391.2838925,IT=19;19 ,ii
25505,Ref 1,37.264,71524,26281148.0,60.923248,2058859.6,391.2839951,IT=19;19 ,ii
25506,Ref 1,38.609,71712,26166942.0,60.927448,2087959.5,391.2838776,IT=19;19 ,ii
25507,Ref 1,39.240,74704,26581866.0,60.931633,2170632.2,391.283951,IT=20;20 ,ii
25508,Ref 1,38.289,73824,26218396.0,60.935621,2106277.5,391.2838903,IT=19;19 ,ii
25509,Ref 1,37.540,70876,26377322.0,60.939785,2163889.8,391.2839797,IT=19;19 ,ii
25510,Ref 1,39.331,74516,25881902.0,60.943985,2120675.5,391.2838908,IT=20;20 ,ii
25511,Ref 1,38.731,72500,25927176.0,60.948152,2098933.5,391.2839155,IT=19;19 ,ii
25512,Ref 1,39.053,76032,26333854.0,60.952337,2125752.8,391.2839044,IT=20;20 ,ii
25513,Ref 1,39.584,69736,24569776.0,60.956352,2073720.2,391.2839009,IT=20;20 ,ii
25514,Ref 1,40.203,71380,25047552.0,60.960544,2113078.5,391.2839187,IT=20;20 ,ii
25515,Ref 1,39.851,72868,25232178.0,60.964723,2126612.0,391.2839219,IT=20;20 ,ii
25516,Ref 1,40.366,71200,25111100.0,60.968914,2181680.2,391.283798,IT=20;20 ,ii
25517,Ref 1,40.932,68264,22668868.0,60.972929,2015385.8,391.2838197,IT=20;20 ,ii
25518,Ref 1,40.725,73504,25114072.0,60.977116,2114489.5,391.2837898,IT=20;20 ,ii
25519,Ref 1,41.294,71552,24658712.0,60.981308,2158410.0,391.2837892,IT=21;21 ,ii
25520,Ref 1,41.664,73028,24829522.0,60.985504,2147309.8,391.2837656,IT=21;21 ,ii
25521,Ref 1,44.508,74892,25026374.0,60.989735,2102472.5,391.2837629,IT=22;22 ,ii
25522,Ref 1,40.423,68168,24435272.0,60.993677,2093006.1,391.2838176,IT=20;20 ,ii
25523,Ref 1,41.472,70240,23923324.0,60.997881,2090473.8,391.2837899,IT=21;21 ,ii
25524,Ref 1,41.153,72408,25450142.0,61.002058,2117291.5,391.2837766,IT=21;21 ,ii
25525,Ref 1,41.770,72012,23437020.0,61.006252,2075759.9,391.2838389,IT=21;21 ,ii
25526,Ref 1,41.633,71576,24717906.0,61.010574,2136544.2,391.2837742,IT=21;21 ,ii
25527,Ref 1,42.616,70924,24132658.0,61.014776,2057113.1,391.2838937,IT=21;21 ,ii
25528,Ref 1,40.557,73072,25060792.0,61.018914,2160854.0,391.2838563,IT=20;20 ,ii
25529,Ref 1,40.987,71900,24827514.0,61.023097,2165906.5,391.2839116,IT=20;20 ,ii
25530,Ref 1,42.099,70860,24575510.0,61.027285,2129375.5,391.2838359,IT=21;21 ,ii
25531,Ref 1,42.116,70340,24212440.0,61.031285,2180295.2,391.283855,IT=21;21 ,ii
25532,Ref 1,40.618,67632,24030474.0,61.03543,2205552.5,391.2838027,IT=20;20 ,ii
25533,Ref 1,41.822,70736,24090680.0,61.039622,2042513.8,391.2838514,IT=21;21 ,ii
25534,Ref 1,41.818,69360,24063580.0,61.043795,2170388.0,391.2838601,IT=21;21 ,ii
25535,Ref 1,42.687,70288,23661634.0,61.04781,2180156.0,391.2838489,IT=21;21 ,ii
25536,Ref 1,43.327,67800,23312794.0,61.051824,2120006.0,391.2838579,IT=22;22 ,ii
25537,Ref 1,43.772,69000,22949652.0,61.055999,2132566.2,391.283888,IT=22;22 ,ii
25538,Ref 1,43.236,70604,23394532.0,61.060164,2198652.2,391.2838721,IT=22;22 ,ii
25539,Ref 1,43.245,70192,23174452.0,61.064343,2147085.0,391.2838263,IT=22;22 ,ii
25540,Ref 1,44.407,67468,23167974.0,61.06837,2152396.2,391.2837954,IT=22;22 ,ii
25541,Ref 1,43.878,67356,23064824.0,61.072536,2199067.2,391.2838633,IT=22;22 ,ii
25542,Ref 1,45.387,71172,23153156.0,61.076745,2114177.0,391.2838351,IT=23;23 ,ii
25543,Ref 1,43.466,64692,21894702.0,61.080905,2114812.2,391.2838933,IT=22;22 ,ii
25544,Ref 1,43.788,68252,22673466.0,61.08493,2187206.2,391.2838426,IT=22;22 ,ii
25545,Ref 1,43.504,69728,23170964.0,61.089116,2133747.0,391.2839043,IT=22;22 ,ii
25546,Ref 1,42.900,66604,22781562.0,61.093286,2157790.8,391.2839864,IT=21;21 ,ii
25547,Ref 1,44.291,65400,22403102.0,61.097493,2193882.0,391.2839147,IT=22;22 ,ii
25548,Ref 1,46.728,70520,22934402.0,61.101713,2139499.0,391.2838723,IT=23;23 ,ii
25549,Ref 1,44.348,67544,22059556.0,61.105684,2125721.5,391.2839241,IT=22;22 ,ii
25550,Ref 1,43.832,66536,22448956.0,61.109861,2187782.8,391.2839146,IT=22;22 ,ii
25551,Ref 1,45.401,69104,22246524.0,61.114072,2084104.4,391.2838735,IT=23;23 ,ii
25552,Ref 1,44.184,67332,21927170.0,61.11824,2124716.8,391.2840021,IT=22;22 ,ii
25553,Ref 1,44.417,64704,21783640.0,61.122263,2097685.0,391.2838363,IT=22;22 ,ii
25554,Ref 1,44.853,68364,22249970.0,61.126465,2109318.8,391.2838814,IT=22;22 ,ii
25555,Ref 1,47.078,65208,21506172.0,61.130678,2099923.0,391.2839335,IT=24;24 ,ii
25556,Ref 1,44.466,63044,21568876.0,61.134819,2209410.8,391.2839061,IT=22;22 ,ii
25557,Ref 1,45.806,69120,21944856.0,61.139024,2085450.6,391.2839854,IT=23;23 ,ii
25558,Ref 1,47.778,66172,20512746.0,61.14324,1988651.2,391.2838887,IT=24;24 ,ii
25559,Ref 1,45.878,62516,21277674.0,61.147392,2168081.2,391.2838607,IT=23;23 ,ii
25560,Ref 1,44.933,66280,22172642.0,61.151546,2144455.5,391.2839575,IT=22;22 ,ii
25561,Ref 1,46.358,67032,21937628.0,61.155744,2169645.8,391.2838278,IT=23;23 ,ii
25562,Ref 1,44.637,64096,21480356.0,61.159713,2156604.2,391.2838525,IT=22;22 ,ii
25563,Ref 1,46.773,67908,21479912.0,61.163919,2055118.4,391.2839112,IT=23;23 ,ii
25564,Ref 1,49.166,66100,21405082.0,61.168136,2141065.8,391.2838872,IT=25;25 ,ii
25565,Ref 1,45.883,63092,21035606.0,61.172248,2126594.5,391.2838785,IT=23;23 ,ii
25566,Ref 1,46.991,67268,21699538.0,61.176444,2131108.5,391.2838155,IT=23;23 ,ii
25567,Ref 1,45.614,65928,21777538.0,61.180423,2191666.5,391.2837995,IT=23;23 ,ii
25568,Ref 1,45.702,63496,21136608.0,61.184596,2187771.0,391.2838474,IT=23;23 ,ii
25569,Ref 1,47.142,68448,21500674.0,61.188796,2076526.8,391.2837442,IT=24;24 ,ii
25570,Ref 1,47.211,65060,21098968.0,61.192981,2145530.0,391.2837805,IT=24;24 ,ii
25571,Ref 1,48.736,65824,21213544.0,61.197013,2150171.2,391.2838203,IT=24;24 ,ii
25572,Ref 1,45.604,63448,21186846.0,61.201142,2168071.8,391.2838514,IT=23;23 ,ii
25573,Ref 1,47.619,63780,21358408.0,61.205346,2192948.0,391.2838288,IT=24;24 ,ii
25574,Ref 1,45.013,60652,20953268.0,61.209475,2221311.0,391.2838413,IT=23;23 ,ii
25575,Ref 1,47.676,66668,21332684.0,61.213702,2150814.2,391.2838574,IT=24;24 ,ii
25576,Ref 1,46.673,65868,21639828.0,61.217694,2216118.8,391.2838535,IT=23;23 ,ii
25577,Ref 1,47.715,66856,20538366.0,61.221883,2149255.0,391.2838682,IT=24;24 ,ii
25578,Ref 1,48.144,62756,20613616.0,61.226075,2128669.2,391.2838272,IT=24;24 ,ii
25579,Ref 1,48.647,69088,21256744.0,61.230267,2181553.5,391.2838059,IT=24;24 ,ii
25580,Ref 1,47.114,65328,20814450.0,61.234252,2131003.8,391.2838219,IT=24;24 ,ii
25581,Ref 1,47.589,64740,20879200.0,61.238442,2182272.2,391.2838439,IT=24;24 ,ii
25582,Ref 1,48.931,65532,20854796.0,61.24265,2123045.8,391.2837393,IT=24;24 ,ii
25583,Ref 1,50.000,66616,21134758.0,61.24685,2225184.8,391.2838123,IT=25;25 ,ii
25584,Ref 1,47.853,60124,20138844.0,61.250996,2144703.2,391.283845,IT=24;24 ,ii
25585,Ref 1,48.031,64888,20783738.0,61.25501,2197565.2,391.2838841,IT=24;24 ,ii
25586,Ref 1,48.143,62132,20501074.0,61.259441,2197605.2,391.2839264,IT=24;24 ,ii
25587,Ref 1,47.643,61208,20232560.0,61.263614,2155518.5,391.2838919,IT=24;24 ,ii
25588,Ref 1,47.691,63820,20573932.0,61.267787,2134513.0,391.283877,IT=24;24 ,ii
25589,Ref 1,47.918,60468,19962576.0,61.271791,2150236.8,391.2838722,IT=24;24 ,ii
25590,Ref 1,48.466,63716,20083382.0,61.275971,2122531.2,391.2839511,IT=24;24 ,ii
25591,Ref 1,49.003,64168,20422338.0,61.28015,2163604.8,391.2838775,IT=25;25 ,ii
25592,Ref 1,48.755,61016,20081786.0,61.284312,2178928.2,391.2838749,IT=24;24 ,ii
25593,Ref 1,49.431,63896,20619096.0,61.288493,2244959.2,391.2838013,IT=25;25 ,ii
25594,Ref 1,48.997,63392,20193666.0,61.292485,2169624.5,391.283832,IT=24;24 ,ii
25595,Ref 1,49.599,59364,19623678.0,61.29666,2198219.0,391.2838528,IT=25;25 ,ii
25596,Ref 1,50.000,62888,19868084.0,61.300835,2206865.2,391.2839377,IT=25;25 ,ii
25597,Ref 1,49.819,63336,20123412.0,61.305,2122394.5,391.2838488,IT=25;25 ,ii
25598,Ref 1,49.934,60180,19588854.0,61.309168,2170397.5,391.2839537,IT=25;25 ,ii
25599,Ref 1,49.805,61232,19915670.0,61.313335,2216151.8,391.2838169,IT=25;25 ,ii
25600,Ref 1,49.182,65984,20223150.0,61.317493,2163332.5,391.2838388,IT=25;25 ,ii
25601,Ref 1,50.000,60328,19515284.0,61.321676,2196682.8,391.283866,IT=25;25 ,ii
25602,Ref 1,49.147,62356,20210342.0,61.325829,2173239.5,391.2838809,IT=25;25 ,ii
25603,Ref 1,50.000,66260,20258724.0,61.329843,2116148.8,391.2838859,IT=25;25 ,ii
25604,Ref 1,48.639,63516,19824754.0,61.333987,2101763.0,391.2839611,IT=24;24 ,ii
25605,Ref 1,49.644,61636,20164564.0,61.338172,2188899.8,391.2839581,IT=25;25 ,ii
25606,Ref 1,50.000,65008,19927486.0,61.342631,2081938.2,391.2839973,IT=25;25 ,ii
25607,Ref 1,50.000,62488,19264110.0,61.346799,2033776.4,391.2840125,IT=25;25 ,ii
25608,Ref 1,47.747,60320,20122496.0,61.350764,2206290.8,391.2839348,IT=24;24 ,ii
25609,Ref 1,49.782,64052,20426418.0,61.354964,2190212.5,391.2838891,IT=25;25 ,ii
25610,Ref 1,50.000,61440,19887744.0,61.359137,2158950.8,391.2839536,IT=25;25 ,ii
25611,Ref 1,49.519,61972,19838228.0,61.363295,2153886.8,391.283971,IT=25;25 ,ii
25612,Ref 1,50.000,61044,19464916.0,61.367303,2084543.2,391.2839781,IT=25;25 ,ii
25613,Ref 1,50.000,64936,19960918.0,61.37147,2127790.8,391.2838298,IT=25;25 ,ii
25614,Ref 1,49.999,59780,19702888.0,61.375639,2203435.2,391.2839362,IT=25;25 ,ii
25615,Ref 1,50.000,62620,19531704.0,61.379807,2078632.5,391.2838694,IT=25;25 ,ii
25616,Ref 1,50.000,61568,19746950.0,61.383807,2171731.0,391.2838476,IT=25;25 ,ii
25617,Ref 1,50.000,60544,19768642.0,61.387974,2213135.5,391.2837899,IT=25;25 ,ii
25618,Ref 1,50.000,61560,19092100.0,61.392141,2022583.2,391.2838924,IT=25;25 ,ii
25619,Ref 1,48.793,60468,19502072.0,61.396286,2145388.5,391.2838079,IT=24;24 ,ii
25620,Ref 1,50.000,57008,19425938.0,61.40048,2198556.5,391.2838435,IT=25;25 ,ii
25621,Ref 1,50.000,60624,19313842.0,61.404488,2129075.8,391.2839066,IT=25;25 ,ii
25622,Ref 1,49.899,61632,19616600.0,61.408655,2142272.8,391.2838485,IT=25;25 ,ii
25623,Ref 1,50.000,58888,19098740.0,61.412835,2136490.8,391.2838511,IT=25;25 ,ii
25624,Ref 1,50.000,60684,19000820.0,61.417011,2058924.1,391.2839506,IT=25;25 ,ii
25625,Ref 1,50.000,60524,19442810.0,61.421022,2130776.8,391.2840021,IT=25;25 ,ii
25626,Ref 1,50.000,58316,19107892.0,61.425486,2204279.5,391.2839089,IT=25;25 ,ii
25627,Ref 1,48.805,61552,19645828.0,61.429632,2163695.0,391.2839054,IT=24;24 ,ii
25628,Ref 1,50.000,60680,19220240.0,61.433822,2130508.0,391.2839201,IT=25;25 ,ii
25629,Ref 1,50.000,56860,18861718.0,61.437992,2205582.0,391.2839078,IT=25;25 ,ii
25630,Ref 1,50.000,62568,19762282.0,61.441999,2186140.8,391.283832,IT=25;25 ,ii
25631,Ref 1,50.000,59544,19302614.0,61.446174,2144235.5,391.2839307,IT=25;25 ,ii
25632,Ref 1,50.000,60244,19670338.0,61.450351,2195841.0,391.283877,IT=25;25 ,ii
25633,Ref 1,50.000,60564,19030340.0,61.454536,2116460.0,391.2838463,IT=25;25 ,ii
25634,Ref 1,50.000,58776,19079216.0,61.458551,2150608.8,391.2838995,IT=25;25 ,ii
25635,Ref 1,50.000,58884,19222792.0,61.462725,2189581.5,391.283861,IT=25;25 ,ii
25636,Ref 1,50.000,57348,18942048.0,61.466905,2144742.2,391.2839216,IT=25;25 ,ii
25637,Ref 1,50.000,61340,19419410.0,61.471094,2220517.8,391.2839103,IT=25;25 ,ii
25638,Ref 1,50.000,59408,19346132.0,61.475269,2246968.2,391.2838411,IT=25;25 ,ii
25639,Ref 1,50.000,57532,18855382.0,61.479438,2205771.2,391.283913,IT=25;25 ,ii
25640,Ref 1,50.000,58040,18433668.0,61.483607,2213372.8,391.2838969,IT=25;25 ,ii
25641,Ref 1,50.000,54480,18616078.0,61.487777,2231961.0,391.2838693,IT=25;25 ,ii
25642,Ref 1,50.000,55572,17990498.0,61.491948,2151877.5,391.2839176,IT=25;25 ,ii
25643,Ref 1,50.000,57520,18424816.0,61.495957,2141078.2,391.2839361,IT=25;25 ,ii
25644,Ref 1,50.000,57468,18995190.0,61.500125,2237773.2,391.28388,IT=25;25 ,ii
25645,Ref 1,50.000,56668,18632930.0,61.504292,2132831.8,391.2838659,IT=25;25 ,ii
25646,Ref 1,50.000,60012,18850694.0,61.508748,2150286.8,391.2839153,IT=25;25 ,ii
25647,Ref 1,50.000,59008,19010552.0,61.512917,2181998.5,391.2838316,IT=25;25 ,ii
25648,Ref 1,50.000,58632,18655714.0,61.517088,2092581.6,391.2838328,IT=25;25 ,ii
25649,Ref 1,50.000,55972,18521100.0,61.521261,2202204.8,391.2838857,IT=25;25 ,ii
25650,Ref 1,50.000,58268,18741532.0,61.525429,2206754.5,391.2839012,IT=25;25 ,ii
25651,Ref 1,50.000,58016,18825358.0,61.5296,2163539.5,391.2838713,IT=25;25 ,ii
25652,Ref 1,50.000,56072,18594268.0,61.533769,2165169.0,391.2838227,IT=25;25 ,ii
25653,Ref 1,50.000,57484,18713238.0,61.537779,2170783.0,391.2838564,IT=25;25 ,ii
25654,Ref 1,50.000,55008,18283482.0,61.541944,2140728.8,391.2839479,IT=25;25 ,ii
25655,Ref 1,50.000,55312,18212704.0,61.54611,2105660.5,391.2838904,IT=25;25 ,ii
25656,Ref 1,50.000,55456,18430720.0,61.550279,2238198.0,391.2839143,IT=25;25 ,ii
25657,Ref 1,50.000,55144,18233786.0,61.554279,2192945.5,391.28398,IT=25;25 ,ii
25658,Ref 1,50.000,54640,17869514.0,61.558448,2134797.2,391.2839564,IT=25;25 ,ii
25659,Ref 1,50.000,53748,17915554.0,61.562627,2202012.2,391.2838832,IT=25;25 ,ii
25660,Ref 1,50.000,52556,17758628.0,61.566794,2171708.2,391.2839424,IT=25;25 ,ii
25661,Ref 1,50.000,55708,17923940.0,61.570964,2152256.0,391.2838457,IT=25;25 ,ii
25662,Ref 1,50.000,55104,18049766.0,61.574962,2147561.0,391.2839185,IT=25;25 ,ii
25663,Ref 1,50.000,55612,18274662.0,61.579131,2168431.5,391.2839072,IT=25;25 ,ii
25664,Ref 1,50.000,54612,17891392.0,61.5833,2179921.0,391.2838703,IT=25;25 ,ii
25665,Ref 1,50.000,52488,17786960.0,61.587471,2219037.5,391.2839318,IT=25;25 ,ii
25666,Ref 1,50.000,53248,18103444.0,61.591923,2211895.2,391.2839146,IT=25;25 ,ii
25667,Ref 1,50.000,54580,18008604.0,61.596091,2206155.0,391.2839648,IT=25;25 ,ii
25668,Ref 1,50.000,55008,17994390.0,61.60026,2162947.0,391.2839322,IT=25;25 ,ii
25669,Ref 1,50.000,54056,17660566.0,61.604443,2176722.2,391.2839376,IT=25;25 ,ii
25670,Ref 1,50.000,52704,17657946.0,61.608602,2146452.5,391.2839404,IT=25;25 ,ii
25671,Ref 1,50.000,53920,17907932.0,61.612606,2212712.2,391.283934,IT=25;25 ,ii
25672,Ref 1,50.000,54320,17483118.0,61.616772,2160606.2,391.2839246,IT=25;25 ,ii
25673,Ref 1,50.000,54432,17625968.0,61.620945,2211316.8,391.2839599,IT=25;25 ,ii
25674,Ref 1,50.000,53172,17716968.0,61.625114,2134676.2,391.283922,IT=25;25 ,ii
25675,Ref 1,50.000,54052,18078012.0,61.629114,2188742.0,391.2839356,IT=25;25 ,ii
25676,Ref 1,50.000,52392,17359962.0,61.633295,2177557.5,391.2839307,IT=25;25 ,ii
25677,Ref 1,50.000,52300,17481068.0,61.637466,2183419.2,391.2839167,IT=25;25 ,ii
25678,Ref 1,50.000,52052,17577566.0,61.641633,2165823.0,391.2839112,IT=25;25 ,ii
25679,Ref 1,50.000,52380,17752576.0,61.645801,2211550.2,391.2839246,IT=25;25 ,ii
25680,Ref 1,50.000,49764,17335548.0,61.64997,2210417.8,391.2838373,IT=25;25 ,ii
25681,Ref 1,50.000,47220,16319581.0,61.654139,2098518.5,391.2839433,IT=25;25 ,ii
25682,Ref 1,50.000,51896,16349793.0,61.658305,2055348.0,391.2838773,IT=25;25 ,ii
25683,Ref 1,50.000,47572,16905302.0,61.662472,2218892.8,391.2838481,IT=25;25 ,ii
25684,Ref 1,50.000,48332,16969634.0,61.666472,2174065.0,391.2838555,IT=25;25 ,ii
25685,Ref 1,50.000,50456,16962582.0,61.670641,2129213.2,391.2838353,IT=25;25 ,ii
25686,Ref 1,50.000,50064,17345564.0,61.675099,2240208.8,391.2837744,IT=25;25 ,ii
25687,Ref 1,50.000,47680,17408172.0,61.679266,2258811.2,391.283843,IT=25;25 ,ii
25688,Ref 1,50.000,50688,17056482.0,61.683434,2200952.5,391.2838397,IT=25;25 ,ii
25689,Ref 1,50.000,47280,16883326.0,61.687432,2222198.8,391.2838777,IT=25;25 ,ii
25690,Ref 1,50.000,48236,17154606.0,61.691601,2255022.2,391.2839633,IT=25;25 ,ii
25691,Ref 1,50.000,50220,16939780.0,61.695774,2145100.8,391.2838599,IT=25;25 ,ii
25692,Ref 1,50.000,48996,17095968.0,61.699941,2219241.2,391.2837858,IT=25;25 ,ii
25693,Ref 1,50.000,50592,17297058.0,61.703936,2266690.8,391.2838031,IT=25;25 ,ii
25694,Ref 1,50.000,48696,16872060.0,61.708105,2220660.0,391.2838068,IT=25;25 ,ii
25695,Ref 1,50.000,46652,16660535.0,61.712274,2283162.2,391.2837873,IT=25;25 ,ii
25696,Ref 1,50.000,46152,16865370.0,61.716455,2246441.8,391.2838802,IT=25;25 ,ii
25697,Ref 1,50.000,48696,16367782.0,61.720609,2163166.2,391.2839145,IT=25;25 ,ii
25698,Ref 1,50.000,48204,16689614.0,61.724609,2224035.0,391.2838941,IT=25;25 ,ii
25699,Ref 1,50.000,44468,16360896.0,61.728782,2249882.0,391.2838656,IT=25;25 ,ii
25700,Ref 1,50.000,48272,15344525.0,61.732951,1984216.4,391.28398,IT=25;25 ,ii
25701,Ref 1,50.000,44064,15812461.0,61.73712,2183576.0,391.2839066,IT=25;25 ,ii
25702,Ref 1,50.000,43748,16047734.0,61.74112,2224535.5,391.2839166,IT=25;25 ,ii
25703,Ref 1,50.000,46224,16182101.0,61.745294,2191707.2,391.2838385,IT=25;25 ,ii
25704,Ref 1,50.000,45688,16582826.0,61.749474,2177125.0,391.2838982,IT=25;25 ,ii
25705,Ref 1,50.000,47092,17051132.0,61.753653,2276591.8,391.2839173,IT=25;25 ,ii
25706,Ref 1,50.000,45444,15616315.0,61.758116,2018538.1,391.2839976,IT=25;25 ,ii
25707,Ref 1,50.000,46200,16466409.0,61.762292,2208518.2,391.2840962,IT=25;25 ,ii
25708,Ref 1,50.000,46140,16408143.0,61.766459,2262968.8,391.284011,IT=25;25 ,ii
25709,Ref 1,50.000,46720,16673106.0,61.770638,2235452.2,391.2840694,IT=25;25 ,ii
25710,Ref 1,50.000,46032,16688431.0,61.774805,2279139.2,391.2840525,IT=25;25 ,ii
25711,Ref 1,50.000,46128,16386124.0,61.778971,2297494.5,391.2839824,IT=25;25 ,ii
25712,Ref 1,50.000,44604,15718520.0,61.782971,2153319.2,391.2840789,IT=25;25 ,ii
25713,Ref 1,50.000,44648,16190105.0,61.78714,2193727.5,391.2840791,IT=25;25 ,ii
25714,Ref 1,50.000,43548,15965654.0,61.791309,2191572.8,391.2840369,IT=25;25 ,ii
25715,Ref 1,50.000,43288,15837224.0,61.795478,2189113.5,391.2839539,IT=25;25 ,ii
25716,Ref 1,50.000,44732,15403082.0,61.799475,2106330.8,391.2839894,IT=25;25 ,ii
25717,Ref 1,50.000,46836,16032344.0,61.803642,2243298.8,391.2840004,IT=25;25 ,ii
25718,Ref 1,50.000,42672,16183203.0,61.807813,2255440.2,391.2839703,IT=25;25 ,ii
25719,Ref 1,50.000,41276,15697432.0,61.811988,2231511.5,391.2839758,IT=25;25 ,ii
25720,Ref 1,50.000,46632,16315280.0,61.815996,2247543.0,391.2839974,IT=25;25 ,ii
25721,Ref 1,50.000,44196,15834799.0,61.820165,2170393.2,391.2840251,IT=25;25 ,ii
25722,Ref 1,50.000,46316,16295542.0,61.824334,2272377.8,391.2839655,IT=25;25 ,ii
25723,Ref 1,50.000,43244,15626899.0,61.8285,2218109.5,391.283989,IT=25;25 ,ii
25724,Ref 1,50.000,42032,15677992.0,61.832669,2226149.2,391.2840045,IT=25;25 ,ii
25725,Ref 1,50.000,42524,15926073.0,61.836669,2261132.5,391.2840193,IT=25;25 ,ii
25726,Ref 1,50.000,41988,16005444.0,61.841125,2291232.8,391.2840087,IT=25;25 ,ii
25727,Ref 1,50.000,41836,15722967.0,61.845292,2219476.8,391.2840611,IT=25;25 ,ii
25728,Ref 1,50.000,45148,16211922.0,61.849458,2287662.5,391.2840486,IT=25;25 ,ii
25729,Ref 1,50.000,40964,15410508.0,61.853629,2195376.8,391.2839274,IT=25;25 ,ii
25730,Ref 1,50.000,40628,14213233.0,61.857631,2009554.4,391.2842067,IT=25;25 ,ii
25731,Ref 1,50.000,42516,15305100.0,61.861806,2159611.8,391.2841162,IT=25;25 ,ii
25732,Ref 1,50.000,42396,15709255.0,61.865983,2243015.8,391.284133,IT=25;25 ,ii
25733,Ref 1,50.000,40932,14968434.0,61.87016,2124518.2,391.2841305,IT=25;25 ,ii
25734,Ref 1,50.000,45628,16059233.0,61.874169,2242119.5,391.2841353,IT=25;25 ,ii
25735,Ref 1,50.000,39596,15481735.0,61.878346,2246761.8,391.2841359,IT=25;25 ,ii
25736,Ref 1,50.000,39860,15505521.0,61.882523,2256004.2,391.284111,IT=25;25 ,ii
25737,Ref 1,50.000,40876,15412382.0,61.886698,2218107.2,391.2841269,IT=25;25 ,ii
25738,Ref 1,50.000,41424,15239154.0,61.890877,2190352.2,391.284152,IT=25;25 ,ii
25739,Ref 1,50.000,41288,14884056.0,61.894887,2123184.5,391.2842491,IT=25;25 ,ii
25740,Ref 1,50.000,40436,15504937.0,61.899058,2292728.0,391.2840584,IT=25;25 ,ii
25741,Ref 1,50.000,38812,15541570.0,61.903233,2273828.5,391.2840343,IT=25;25 ,ii
25742,Ref 1,50.000,41080,14909557.0,61.907412,2163560.2,391.2840461,IT=25;25 ,ii
25743,Ref 1,50.000,40296,15400810.0,61.911423,2237453.8,391.2840409,IT=25;25 ,ii
25744,Ref 1,50.000,39332,15686164.0,61.915589,2286870.0,391.2839307,IT=25;25 ,ii
25745,Ref 1,50.000,41888,15587279.0,61.919773,2230183.8,391.2839568,IT=25;25 ,ii
25746,Ref 1,50.000,40492,15062470.0,61.924227,2201772.8,391.2839654,IT=25;25 ,ii
25747,Ref 1,50.000,37836,14623423.0,61.928406,2128375.5,391.2839992,IT=25;25 ,ii
25748,Ref 1,50.000,40376,15549385.0,61.932404,2264741.5,391.2839042,IT=25;25 ,ii
25749,Ref 1,50.000,41016,15559798.0,61.936572,2205489.2,391.2837851,IT=25;25 ,ii
25750,Ref 1,50.000,42472,15768483.0,61.940749,2281836.0,391.2839588,IT=25;25 ,ii
25751,Ref 1,50.000,41208,15635028.0,61.944931,2246604.0,391.283925,IT=25;25 ,ii
25752,Ref 1,50.000,41972,15174373.0,61.948943,2126433.8,391.2839612,IT=25;25 ,ii
25753,Ref 1,50.000,41412,15168688.0,61.953118,2228598.2,391.2839683,IT=25;25 ,ii
25754,Ref 1,50.000,42880,15978805.0,61.957291,2319116.0,391.2839946,IT=25;25 ,ii
25755,Ref 1,50.000,40128,14633530.0,61.961453,2116200.8,391.2840969,IT=25;25 ,ii
25756,Ref 1,50.000,38992,15020904.0,61.96562,2202530.8,391.2841256,IT=25;25 ,ii
25757,Ref 1,50.000,39540,15455329.0,61.96962,2303153.2,391.284053,IT=25;25 ,ii
25758,Ref 1,50.000,39120,14670536.0,61.973791,2137761.5,391.2840403,IT=25;25 ,ii
25759,Ref 1,50.000,36848,15129273.0,61.977972,2265693.0,391.2840404,IT=25;25 ,ii
25760,Ref 1,50.000,39228,15574246.0,61.982151,2310729.5,391.2840081,IT=25;25 ,ii
25761,Ref 1,50.000,38756,15125597.0,61.986157,2191656.2,391.2840288,IT=25;25 ,ii
25762,Ref 1,50.000,37604,14890801.0,61.990337,2196289.5,391.2840842,IT=25;25 ,ii
25763,Ref 1,50.000,36220,15161227.0,61.994514,2278984.2,391.2840476,IT=25;25 ,ii
25764,Ref 1,50.000,38228,14391216.0,61.998697,2102425.8,391.2840654,IT=25;25 ,ii
25765,Ref 1,50.000,40372,14883749.0,62.002705,2223861.8,391.2841309,IT=25;25 ,ii
25766,Ref 1,50.000,38864,15252381.0,62.00672,2269365.8,391.2841056,IT=25;25 ,ii
25767,Ref 1,50.000,39744,14828376.0,62.01118,2179025.2,391.2840469,IT=25;25 ,ii
25768,Ref 1,50.000,39736,15441178.0,62.015357,2159977.0,391.283985,IT=25;25 ,ii
25769,Ref 1,50.000,40572,15683886.0,62.019526,2245721.5,391.2840284,IT=25;25 ,ii
25770,Ref 1,50.000,42028,15296770.0,62.023536,2150463.2,391.283967,IT=25;25 ,ii
25771,Ref 1,50.000,39324,15311122.0,62.027713,2219742.0,391.284078,IT=25;25 ,ii
25772,Ref 1,50.000,39924,15919472.0,62.031893,2313388.5,391.283998,IT=25;25 ,ii
25773,Ref 1,50.000,40236,14368078.0,62.03607,2026400.8,391.2840599,IT=25;25 ,ii
25774,Ref 1,50.000,39552,15273506.0,62.040247,2180775.5,391.2840112,IT=25;25 ,ii
25775,Ref 1,50.000,39016,15340957.0,62.044257,2234758.0,391.283981,IT=25;25 ,ii
25776,Ref 1,50.000,37440,15045901.0,62.048424,2223445.8,391.2839919,IT=25;25 ,ii
25777,Ref 1,50.000,38928,15198471.0,62.052607,2240070.0,391.2840176,IT=25;25 ,ii
25778,Ref 1,50.000,39412,15265501.0,62.056784,2194943.8,391.2840275,IT=25;25 ,ii
25779,Ref 1,50.000,40508,14489644.0,62.060792,2048232.4,391.2841228,IT=25;25 ,ii
25780,Ref 1,50.000,38528,15352164.0,62.064974,2245612.8,391.2840185,IT=25;25 ,ii
25781,Ref 1,50.000,39676,15693409.0,62.069153,2329817.5,391.2839893,IT=25;25 ,ii
25782,Ref 1,50.000,40636,15111936.0,62.073334,2153841.0,391.2840487,IT=25;25 ,ii
25783,Ref 1,50.000,37124,14769902.0,62.077353,2206588.0,391.2839929,IT=25;25 ,ii
25784,Ref 1,50.000,39140,15506322.0,62.08153,2234257.8,391.2840106,IT=25;25 ,ii
25785,Ref 1,50.000,40168,15312115.0,62.085707,2225907.0,391.284133,IT=25;25 ,ii
25786,Ref 1,50.000,37088,15195078.0,62.089884,2262288.5,391.2840985,IT=25;25 ,ii
25787,Ref 1,50.000,39032,15491729.0,62.094348,2278313.2,391.2840605,IT=25;25 ,ii
25788,Ref 1,50.000,38920,14406727.0,62.09853,2132810.2,391.2840853,IT=25;25 ,ii
25789,Ref 1,50.000,39184,14677776.0,62.102698,2114286.5,391.2840697,IT=25;25 ,ii
25790,Ref 1,50.000,39252,15621240.0,62.106865,2303185.5,391.2839614,IT=25;25 ,ii
25791,Ref 1,50.000,40200,15251782.0,62.111036,2239826.0,391.2840575,IT=25;25 ,ii
25792,Ref 1,50.000,40728,15628623.0,62.115202,2324577.2,391.2840105,IT=25;25 ,ii
25793,Ref 1,50.000,39308,15787514.0,62.119202,2350274.8,391.2839461,IT=25;25 ,ii
25794,Ref 1,50.000,38176,14997371.0,62.123371,2178127.2,391.2839794,IT=25;25 ,ii
25795,Ref 1,50.000,38664,15487060.0,62.12754,2284339.8,391.2839887,IT=25;25 ,ii
25796,Ref 1,50.000,36944,15476031.0,62.131709,2321346.0,391.2840012,IT=25;25 ,ii
25797,Ref 1,50.000,36436,14893544.0,62.135709,2189102.5,391.2839755,IT=25;25 ,ii
25798,Ref 1,50.000,37816,14448677.0,62.139877,2130134.2,391.2840158,IT=25;25 ,ii
25799,Ref 1,50.000,38200,15396413.0,62.144044,2291436.5,391.2839348,IT=25;25 ,ii
25800,Ref 1,50.000,37572,15215245.0,62.148213,2228365.8,391.2839731,IT=25;25 ,ii
25801,Ref 1,50.000,38328,15478492.0,62.152379,2278597.0,391.2840673,IT=25;25 ,ii
25802,Ref 1,50.000,37820,15435034.0,62.156379,2271721.8,391.2840564,IT=25;25 ,ii
25803,Ref 1,50.000,37700,15100159.0,62.160548,2202777.0,391.2840457,IT=25;25 ,ii
25804,Ref 1,50.000,39348,15148487.0,62.164721,2202558.2,391.2841242,IT=25;25 ,ii
25805,Ref 1,50.000,36776,14911722.0,62.168892,2206683.2,391.2840732,IT=25;25 ,ii
25806,Ref 1,50.000,38820,15556903.0,62.172894,2292319.2,391.2839965,IT=25;25 ,ii
25807,Ref 1,50.000,36480,14798994.0,62.177371,2240056.0,391.2840481,IT=25;25 ,ii
25808,Ref 1,50.000,35688,15344473.0,62.181544,2337500.5,391.284007,IT=25;25 ,ii
25809,Ref 1,50.000,38428,15463559.0,62.185712,2323292.8,391.2840502,IT=25;25 ,ii
25810,Ref 1,50.000,37632,14490723.0,62.189879,2131945.2,391.2840103,IT=25;25 ,ii
25811,Ref 1,50.000,36448,14964732.0,62.193879,2243496.5,391.2840169,IT=25;25 ,ii
25812,Ref 1,50.000,39452,16136995.0,62.198048,2358192.0,391.2840607,IT=25;25 ,ii
25813,Ref 1,50.000,35932,14688795.0,62.202227,2182584.0,391.284079,IT=25;25 ,ii
25814,Ref 1,50.000,35988,15054302.0,62.206406,2284725.2,391.2840966,IT=25;25 ,ii
25815,Ref 1,50.000,35624,15795834.0,62.210414,2401731.8,391.2840243,IT=25;25 ,ii
25816,Ref 1,50.000,38060,15198851.0,62.214591,2182822.0,391.2840707,IT=25;25 ,ii
25817,Ref 1,50.000,34144,14785032.0,62.218773,2299103.5,391.2840105,IT=25;25 ,ii
25818,Ref 1,50.000,34672,14463031.0,62.22295,2207888.2,391.2840735,IT=25;25 ,ii
25819,Ref 1,50.000,33940,14410124.0,62.227129,2152275.5,391.2840868,IT=25;25 ,ii
25820,Ref 1,50.000,34876,15083431.0,62.23131,2341916.2,391.2841646,IT=25;25 ,ii
25821,Ref 1,50.000,32356,14409785.0,62.235477,2259911.8,391.2841124,IT=25;25 ,ii
25822,Ref 1,50.000,36524,14083654.0,62.239643,2075423.4,391.2840609,IT=25;25 ,ii
25823,Ref 1,50.000,33864,14610163.0,62.24382,2224848.2,391.2841644,IT=25;25 ,ii
25824,Ref 1,50.000,34232,14411117.0,62.247831,2239532.5,391.2841125,IT=25;25 ,ii
25825,Ref 1,50.000,35856,14519992.0,62.251997,2181024.8,391.2840225,IT=25;25 ,ii
25826,Ref 1,50.000,33176,14544892.0,62.256164,2244922.5,391.2841456,IT=25;25 ,ii
25827,Ref 1,50.000,32764,14500746.0,62.260618,2248454.5,391.2841077,IT=25;25 ,ii
25828,Ref 1,50.000,34232,14449585.0,62.264785,2200953.5,391.2841017,IT=25;25 ,ii
25829,Ref 1,50.000,34952,14693385.0,62.268783,2272776.0,391.2841027,IT=25;25 ,ii
25830,Ref 1,50.000,31180,14436924.0,62.272949,2308765.2,391.2840748,IT=25;25 ,ii
25831,Ref 1,50.000,33956,13416747.0,62.277118,2030030.1,391.2841561,IT=25;25 ,ii
25832,Ref 1,50.000,32536,14685464.0,62.281289,2292027.8,391.284229,IT=25;25 ,ii
25833,Ref 1,50.000,32100,14197022.0,62.285287,2208802.8,391.2841953,IT=25;25 ,ii
25834,Ref 1,50.000,35904,15087713.0,62.289453,2260216.0,391.284046,IT=25;25 ,ii
25835,Ref 1,50.000,32032,14226001.0,62.29362,2211719.8,391.2841571,IT=25;25 ,ii
25836,Ref 1,50.000,31600,14193036.0,62.297791,2187027.0,391.2842067,IT=25;25 ,ii
25837,Ref 1,50.000,33476,13709426.0,62.301957,2099445.5,391.2841732,IT=25;25 ,ii
25838,Ref 1,50.000,33608,14985383.0,62.305957,2316708.2,391.2840221,IT=25;25 ,ii
25839,Ref 1,50.000,33592,14409995.0,62.310124,2290486.5,391.2841511,IT=25;25 ,ii
25840,Ref 1,50.000,33724,13249552.0,62.314293,1987466.0,391.2841036,IT=25;25 ,ii
25841,Ref 1,50.000,30072,13192216.0,62.318459,2038290.5,391.2841652,IT=25;25 ,ii
25842,Ref 1,50.000,31044,14130529.0,62.322457,2230673.0,391.2841216,IT=25;25 ,ii
25843,Ref 1,50.000,34928,14930741.0,62.326628,2283248.2,391.2840714,IT=25;25 ,ii
25844,Ref 1,50.000,30784,14043052.0,62.330809,2212984.8,391.2841391,IT=25;25 ,ii
25845,Ref 1,50.000,29212,13682176.0,62.334988,2138237.5,391.2841243,IT=25;25 ,ii
25846,Ref 1,50.000,35116,14807521.0,62.339166,2215673.5,391.2839973,IT=25;25 ,ii
25847,Ref 1,50.000,32404,14629702.0,62.343624,2226941.0,391.2840912,IT=25;25 ,ii
25848,Ref 1,50.000,31104,14184536.0,62.347793,2257702.8,391.2841259,IT=25;25 ,ii
25849,Ref 1,50.000,33052,14678340.0,62.351961,2205059.2,391.2840603,IT=25;25 ,ii
25850,Ref 1,50.000,33264,13603282.0,62.356128,2125070.0,391.2842114,IT=25;25 ,ii
25851,Ref 1,50.000,29984,14133792.0,62.360297,2240839.0,391.2842404,IT=25;25 ,ii
25852,Ref 1,50.000,32312,13959738.0,62.364297,2162322.5,391.284224,IT=25;25 ,ii
25853,Ref 1,50.000,31088,13693714.0,62.368465,2181737.8,391.2843308,IT=25;25 ,ii
25854,Ref 1,50.000,28380,13776257.0,62.372632,2230340.2,391.2841417,IT=25;25 ,ii
25855,Ref 1,50.000,31316,13509297.0,62.376801,2073768.0,391.2842275,IT=25;25 ,ii
25856,Ref 1,50.000,32776,13806921.0,62.380801,2146705.5,391.2841739,IT=25;25 ,ii
25857,Ref 1,50.000,28324,13902960.0,62.384967,2205135.8,391.2842013,IT=25;25 ,ii
25858,Ref 1,50.000,31868,14109084.0,62.389136,2222218.2,391.2840911,IT=25;25 ,ii
25859,Ref 1,50.000,33424,15480211.0,62.393303,2493821.2,391.284121,IT=25;25 ,ii
25860,Ref 1,50.000,29916,14405128.0,62.397473,2296726.0,391.2841112,IT=25;25 ,ii
25861,Ref 1,50.000,28884,13678252.0,62.401476,2155956.2,391.2841231,IT=25;25 ,ii
25862,Ref 1,50.000,31748,14206572.0,62.405646,2239392.2,391.284076,IT=25;25 ,ii
25863,Ref 1,50.000,28536,14045556.0,62.409821,2281098.0,391.2841687,IT=25;25 ,ii
25864,Ref 1,50.000,30852,13806560.0,62.413998,2142799.5,391.2841927,IT=25;25 ,ii
25865,Ref 1,50.000,30732,13799479.0,62.417998,2172608.5,391.284111,IT=25;25 ,ii
25866,Ref 1,50.000,29848,13768084.0,62.422165,2209712.2,391.2841485,IT=25;25 ,ii
25867,Ref 1,50.000,30200,13090804.0,62.426621,2062088.9,391.2842933,IT=25;25 ,ii
25868,Ref 1,50.000,27748,12363813.0,62.430792,1977723.0,391.2843614,IT=25;25 ,ii
25869,Ref 1,50.000,29332,14079598.0,62.434963,2247966.0,391.2842091,IT=25;25 ,ii
25870,Ref 1,50.000,29568,13096607.0,62.438965,2056488.1,391.2842489,IT=25;25 ,ii
25871,Ref 1,50.000,28552,12783472.0,62.443138,2045827.4,391.2842434,IT=25;25 ,ii
25872,Ref 1,50.000,28044,14266779.0,62.447323,2307858.2,391.2843246,IT=25;25 ,ii
25873,Ref 1,50.000,29272,13839339.0,62.451498,2212497.2,391.2842489,IT=25;25 ,ii
25874,Ref 1,50.000,28408,12332465.0,62.455506,1950740.4,391.2843259,IT=25;25 ,ii
25875,Ref 1,50.000,27728,13516830.0,62.459688,2191980.2,391.2842735,IT=25;25 ,ii
25876,Ref 1,50.000,27048,13204883.0,62.463867,2111509.2,391.2842036,IT=25;25 ,ii
25877,Ref 1,50.000,26476,12397912.0,62.468048,2001908.6,391.2842173,IT=25;25 ,ii
25878,Ref 1,50.000,28196,13462172.0,62.472067,2177864.5,391.2842145,IT=25;25 ,ii
25879,Ref 1,50.000,30180,13979382.0,62.476244,2237059.8,391.2842621,IT=25;25 ,ii
25880,Ref 1,50.000,28244,14195328.0,62.480423,2311176.8,391.2842329,IT=25;25 ,ii
25881,Ref 1,50.000,28132,13456735.0,62.4846,2199338.2,391.2843488,IT=25;25 ,ii
25882,Ref 1,50.000,29192,13576573.0,62.488779,2157021.8,391.2842587,IT=25;25 ,ii
25883,Ref 1,50.000,28132,12855069.0,62.492777,2045436.4,391.2842433,IT=25;25 ,ii
25884,Ref 1,50.000,27208,13788508.0,62.496944,2230039.5,391.284262,IT=25;25 ,ii
25885,Ref 1,50.000,26892,13555718.0,62.501112,2238103.2,391.2841861,IT=25;25 ,ii
25886,Ref 1,50.000,27408,13438309.0,62.505294,2193109.8,391.2841985,IT=25;25 ,ii
25887,Ref 1,50.000,28012,13343988.0,62.509752,2142645.0,391.2842436,IT=25;25 ,ii
25888,Ref 1,50.000,28052,14328668.0,62.513929,2357530.8,391.2841413,IT=25;25 ,ii
25889,Ref 1,50.000,27704,12364702.0,62.518098,1918542.0,391.284336,IT=25;25 ,ii
25890,Ref 1,50.000,26696,13551651.0,62.522264,2226267.5,391.2842584,IT=25;25 ,ii
25891,Ref 1,50.000,27868,13410409.0,62.526433,2180648.8,391.2843589,IT=25;25 ,ii
25892,Ref 1,50.000,28440,12550437.0,62.530433,1962586.2,391.2842456,IT=25;25 ,ii
25893,Ref 1,50.000,25760,13264212.0,62.534602,2149611.2,391.2843053,IT=25;25 ,ii
25894,Ref 1,50.000,26944,13573820.0,62.53877,2196872.2,391.2843032,IT=25;25 ,ii
25895,Ref 1,50.000,26476,11772009.0,62.542937,1863186.2,391.2842832,IT=25;25 ,ii
25896,Ref 1,50.000,26128,13457509.0,62.547106,2224740.2,391.2843556,IT=25;25 ,ii
25897,Ref 1,50.000,26428,13795918.0,62.551106,2265283.5,391.2842875,IT=25;25 ,ii
25898,Ref 1,50.000,28328,13375376.0,62.555277,2126309.5,391.2843461,IT=25;25 ,ii
25899,Ref 1,50.000,26432,13590688.0,62.559447,2226128.0,391.2843523,IT=25;25 ,ii
25900,Ref 1,50.000,27112,13885821.0,62.563616,2288379.8,391.2842967,IT=25;25 ,ii
25901,Ref 1,50.000,28904,14130221.0,62.567618,2339667.5,391.2843314,IT=25;25 ,ii
25902,Ref 1,50.000,27448,13048038.0,62.571791,2080057.0,391.284409,IT=25;25 ,ii
25903,Ref 1,50.000,25512,13745841.0,62.575958,2294630.2,391.2843135,IT=25;25 ,ii
25904,Ref 1,50.000,27632,12775806.0,62.580126,1982372.6,391.2842739,IT=25;25 ,ii
25905,Ref 1,50.000,24828,11897972.0,62.584295,1939368.8,391.2842659,IT=25;25 ,ii
25906,Ref 1,50.000,28436,14191558.0,62.588295,2341221.5,391.2842551,IT=25;25 ,ii
25907,Ref 1,50.000,26256,13328238.0,62.592762,2131217.8,391.2841838,IT=25;25 ,ii
25908,Ref 1,50.000,24176,12228658.0,62.596928,1975127.2,391.2843247,IT=25;25 ,ii
25909,Ref 1,50.000,27020,13501496.0,62.601099,2197313.5,391.2843058,IT=25;25 ,ii
25910,Ref 1,50.000,27320,13389591.0,62.605095,2186661.8,391.2842564,IT=25;25 ,ii
25911,Ref 1,50.000,24176,13818960.0,62.609266,2266071.0,391.2842629,IT=25;25 ,ii
25912,Ref 1,50.000,26076,13918882.0,62.613445,2287935.2,391.2843215,IT=25;25 ,ii
25913,Ref 1,50.000,27696,13952111.0,62.61762,2267676.8,391.2843233,IT=25;25 ,ii
25914,Ref 1,50.000,27804,14246555.0,62.621801,2320366.0,391.2843604,IT=25;25 ,ii
25915,Ref 1,50.000,26500,13805584.0,62.625812,2269590.8,391.2842955,IT=25;25 ,ii
25916,Ref 1,50.000,26948,14907181.0,62.629978,2428109.0,391.2841806,IT=25;25 ,ii
25917,Ref 1,50.000,26592,13879161.0,62.634155,2285466.2,391.284217,IT=25;25 ,ii
25918,Ref 1,50.000,26968,14536022.0,62.63833,2373811.5,391.2841472,IT=25;25 ,ii
25919,Ref 1,50.000,27056,13628532.0,62.642516,2190826.5,391.2841751,IT=25;25 ,ii
25920,Ref 1,50.000,26020,13455128.0,62.646697,2218882.2,391.2842573,IT=25;25 ,ii
25921,Ref 1,50.000,25812,13873635.0,62.650861,2275540.8,391.2841425,IT=25;25 ,ii
25922,Ref 1,50.000,27212,13189698.0,62.65503,2129195.2,391.2842675,IT=25;25 ,ii
25923,Ref 1,50.000,26268,13799980.0,62.659197,2344640.8,391.2842459,IT=25;25 ,ii
25924,Ref 1,50.000,24856,14010946.0,62.663197,2341420.0,391.2841977,IT=25;25 ,ii
25925,Ref 1,50.000,27036,12842437.0,62.66737,2044252.6,391.284298,IT=25;25 ,ii
25926,Ref 1,50.000,26656,14433411.0,62.671534,2343573.0,391.2842515,IT=25;25 ,ii
25927,Ref 1,50.000,28828,14182470.0,62.675992,2294991.0,391.2842574,IT=25;25 ,ii
25928,Ref 1,50.000,26724,12927287.0,62.680161,2070868.9,391.2842458,IT=25;25 ,ii
25929,Ref 1,50.000,24400,13035243.0,62.684159,2170118.5,391.2842704,IT=25;25 ,ii
25930,Ref 1,50.000,24908,14008423.0,62.688326,2309354.8,391.2842006,IT=25;25 ,ii
25931,Ref 1,50.000,28160,14073873.0,62.692492,2263034.0,391.2842936,IT=25;25 ,ii
25932,Ref 1,46.883,25984,12699848.0,62.696609,2015294.1,391.2842023,IT=23;23 ,ii
25933,Ref 1,50.000,25748,13410746.0,62.700659,2192794.0,391.2842207,IT=25;25 ,ii
25934,Ref 1,50.000,26900,14019587.0,62.704828,2263250.5,391.284249,IT=25;25 ,ii
25935,Ref 1,50.000,26508,13207022.0,62.708994,2137780.0,391.2842164,IT=25;25 ,ii
25936,Ref 1,50.000,25360,13979970.0,62.713161,2302628.5,391.2842323,IT=25;25 ,ii
25937,Ref 1,50.000,27100,13126057.0,62.717332,2100386.5,391.2842347,IT=25;25 ,ii
25938,Ref 1,50.000,25872,13164534.0,62.721503,2122572.2,391.2843082,IT=25;25 ,ii
25939,Ref 1,50.000,25484,13878151.0,62.725671,2263924.2,391.2842152,IT=25;25 ,ii
25940,Ref 1,50.000,27776,13887313.0,62.72984,2196682.0,391.2841496,IT=25;25 ,ii
25941,Ref 1,46.676,26560,13761908.0,62.733952,2220951.8,391.2842097,IT=23;23 ,ii
25942,Ref 1,50.000,23576,12619757.0,62.738009,2074893.1,391.284232,IT=25;25 ,ii
25943,Ref 1,50.000,27780,13857571.0,62.742175,2185506.8,391.2842057,IT=25;25 ,ii
25944,Ref 1,50.000,28396,13931764.0,62.746342,2244838.5,391.2842756,IT=25;25 ,ii
25945,Ref 1,50.000,26556,13685728.0,62.750511,2245179.0,391.2842153,IT=25;25 ,ii
25946,Ref 1,50.000,27796,14033690.0,62.754511,2258815.8,391.2842645,IT=25;25 ,ii
25947,Ref 1,50.000,27104,13509826.0,62.758981,2190765.0,391.2842148,IT=25;25 ,ii
25948,Ref 1,50.000,26472,15367271.0,62.763148,2575734.0,391.2842133,IT=25;25 ,ii
25949,Ref 1,50.000,27296,13885087.0,62.767317,2247878.0,391.284213,IT=25;25 ,ii
25950,Ref 1,50.000,25628,12015541.0,62.771488,1938220.9,391.2842096,IT=25;25 ,ii
25951,Ref 1,50.000,24988,13806443.0,62.775486,2264702.2,391.2842024,IT=25;25 ,ii
25952,Ref 1,50.000,27044,13564374.0,62.779652,2132515.0,391.2841614,IT=25;25 ,ii
25953,Ref 1,50.000,27152,13457872.0,62.783819,2165628.0,391.2841556,IT=25;25 ,ii
25954,Ref 1,50.000,24924,13848371.0,62.787988,2276100.0,391.2842588,IT=25;25 ,ii
25955,Ref 1,50.000,27296,13884954.0,62.791985,2231906.5,391.2842094,IT=25;25 ,ii
25956,Ref 1,50.000,26380,14592072.0,62.796152,2376462.0,391.2841566,IT=25;25 ,ii
25957,Ref 1,50.000,25840,13339037.0,62.800319,2191347.8,391.2841675,IT=25;25 ,ii
25958,Ref 1,50.000,27216,13939332.0,62.80449,2250002.8,391.2842229,IT=25;25 ,ii
25959,Ref 1,50.000,24872,12891465.0,62.808658,2096575.0,391.284172,IT=25;25 ,ii
25960,Ref 1,50.000,24756,13553219.0,62.812658,2227178.5,391.2841825,IT=25;25 ,ii
25961,Ref 1,50.000,24600,13485098.0,62.816827,2218173.0,391.2841044,IT=25;25 ,ii
25962,Ref 1,50.000,26252,13086451.0,62.821006,2131067.0,391.284122,IT=25;25 ,ii
25963,Ref 1,50.000,25448,12962916.0,62.825185,2062620.4,391.284157,IT=25;25 ,ii
25964,Ref 1,50.000,24160,13602020.0,62.8292,2229063.5,391.284072,IT=25;25 ,ii
25965,Ref 1,50.000,23648,12486030.0,62.833383,2027855.0,391.2841345,IT=25;25 ,ii
25966,Ref 1,50.000,25716,13868083.0,62.837554,2222536.2,391.2840821,IT=25;25 ,ii
25967,Ref 1,50.000,25596,13493474.0,62.842023,2188339.8,391.2841702,IT=25;25 ,ii
25968,Ref 1,50.000,26456,13466658.0,62.846202,2178781.8,391.2840859,IT=25;25 ,ii
25969,Ref 1,50.000,27436,14926826.0,62.850202,2449918.0,391.2841423,IT=25;25 ,ii
25970,Ref 1,50.000,25748,13521556.0,62.85437,2188133.5,391.2840785,IT=25;25 ,ii
25971,Ref 1,50.000,27636,14113209.0,62.85856,2283886.8,391.284081,IT=25;25 ,ii
25972,Ref 1,50.000,25476,13951466.0,62.862739,2308810.0,391.2841641,IT=25;25 ,ii
25973,Ref 1,50.000,26196,13738564.0,62.866745,2281475.0,391.2841553,IT=25;25 ,ii
25974,Ref 1,50.000,24356,13566851.0,62.870924,2219838.8,391.2841331,IT=25;25 ,ii
25975,Ref 1,50.000,24584,12262453.0,62.875101,1979196.9,391.2842091,IT=25;25 ,ii
25976,Ref 1,50.000,24304,13676416.0,62.879279,2257247.0,391.2841271,IT=25;25 ,ii
25977,Ref 1,50.000,25252,11997546.0,62.883456,1909753.2,391.2841039,IT=25;25 ,ii
25978,Ref 1,50.000,25508,13808789.0,62.887466,2250099.8,391.2841222,IT=25;25 ,ii
25979,Ref 1,50.000,26880,13960739.0,62.891633,2281403.5,391.2840928,IT=25;25 ,ii
25980,Ref 1,50.000,25552,13144779.0,62.895801,2064628.8,391.2841588,IT=25;25 ,ii
25981,Ref 1,49.019,24404,13280366.0,62.899951,2195459.5,391.2841063,IT=25;25 ,ii
25982,Ref 1,50.000,24560,13858173.0,62.90397,2294969.8,391.2841554,IT=25;25 ,ii
25983,Ref 1,50.000,26020,13769333.0,62.908149,2219875.2,391.2841177,IT=25;25 ,ii
25984,Ref 1,50.000,26732,14613556.0,62.912316,2376753.5,391.2840792,IT=25;25 ,ii
25985,Ref 1,50.000,26460,13690132.0,62.916482,2225873.8,391.2841731,IT=25;25 ,ii
25986,Ref 1,50.000,26508,13677959.0,62.920649,2216030.0,391.2840484,IT=25;25 ,ii
25987,Ref 1,50.000,24980,14506429.0,62.925116,2372664.5,391.2840289,IT=25;25 ,ii
25988,Ref 1,50.000,25100,13643650.0,62.929282,2235353.2,391.2841109,IT=25;25 ,ii
25989,Ref 1,50.000,26060,13819096.0,62.933457,2269693.8,391.2840502,IT=25;25 ,ii
25990,Ref 1,50.000,24516,12244777.0,62.937624,1985600.6,391.2839139,IT=25;25 ,ii
25991,Ref 1,50.000,26104,13791560.0,62.941791,2215718.5,391.2841149,IT=25;25 ,ii
25992,Ref 1,50.000,26876,14148446.0,62.945789,2264660.5,391.284023,IT=25;25 ,ii
25993,Ref 1,50.000,24460,13213311.0,62.949957,2195718.5,391.2841304,IT=25;25 ,ii
25994,Ref 1,50.000,23664,13142425.0,62.954124,2168849.0,391.2840514,IT=25;25 ,ii
25995,Ref 1,50.000,26268,13668782.0,62.958293,2223584.5,391.2840867,IT=25;25 ,ii
25996,Ref 1,50.000,22484,11960814.0,62.962293,1945574.4,391.2842469,IT=25;25 ,ii
25997,Ref 1,50.000,26060,14746065.0,62.966461,2448164.0,391.2841462,IT=25;25 ,ii
25998,Ref 1,50.000,25208,12821418.0,62.970628,2047772.5,391.2843062,IT=25;25 ,ii
25999,Ref 1,50.000,26288,13449055.0,62.974797,2187816.5,391.2842975,IT=25;25 ,ii
26000,Ref 1,50.000,23796,13106803.0,62.978963,2156484.8,391.2843033,IT=25;25 ,ii
26001,Ref 1,50.000,25616,13379187.0,62.982963,2164641.0,391.2842392,IT=25;25 ,ii
26002,Ref 1,50.000,25112,13239924.0,62.98713,2213919.0,391.2841927,IT=25;25 ,ii
26003,Ref 1,50.000,24988,13638357.0,62.991297,2281018.8,391.2842069,IT=25;25 ,ii
26004,Ref 1,50.000,24436,12711986.0,62.995463,2038802.2,391.284217,IT=25;25 ,ii
26005,Ref 1,50.000,26008,14791982.0,62.999465,2428769.0,391.2841285,IT=25;25 ,ii
26006,Ref 1,50.000,23576,13718876.0,63.003632,2227696.8,391.2840506,IT=25;25 ,ii
26007,Ref 1,50.000,26020,13577260.0,63.008088,2208725.2,391.2841895,IT=25;25 ,ii
26008,Ref 1,50.000,23588,13724179.0,63.012257,2279810.8,391.284132,IT=25;25 ,ii
26009,Ref 1,50.000,24176,13993633.0,63.016426,2330786.2,391.2841568,IT=25;25 ,ii
26010,Ref 1,50.000,26096,13905837.0,63.020426,2294118.5,391.2841764,IT=25;25 ,ii
26011,Ref 1,50.000,22872,12880146.0,63.024605,2150415.0,391.2842468,IT=25;25 ,ii
26012,Ref 1,50.000,25012,14266226.0,63.02878,2356720.5,391.2842143,IT=25;25 ,ii
26013,Ref 1,50.000,24120,13583208.0,63.032957,2235702.5,391.2842163,IT=25;25 ,ii
26014,Ref 1,50.000,24552,13121316.0,63.036965,2136248.5,391.2842826,IT=25;25 ,ii
26015,Ref 1,50.000,24612,13832467.0,63.041144,2314956.2,391.2841726,IT=25;25 ,ii
26016,Ref 1,50.000,27920,14068276.0,63.045321,2282405.8,391.2842732,IT=25;25 ,ii
26017,Ref 1,50.000,25316,13650753.0,63.049498,2239721.2,391.2842192,IT=25;25 ,ii
26018,Ref 1,50.000,23164,13764228.0,63.053675,2267006.0,391.2841918,IT=25;25 ,ii
26019,Ref 1,50.000,24560,13705375.0,63.057684,2253320.0,391.2842281,IT=25;25 ,ii
26020,Ref 1,50.000,25656,13348095.0,63.06185,2133560.0,391.2842419,IT=25;25 ,ii
26021,Ref 1,50.000,25684,13899843.0,63.066027,2297396.5,391.2842386,IT=25;25 ,ii
26022,Ref 1,50.000,24384,11973224.0,63.070204,1936923.0,391.2843548,IT=25;25 ,ii
26023,Ref 1,50.000,25756,13651262.0,63.074215,2195386.0,391.2841643,IT=25;25 ,ii
26024,Ref 1,50.000,23312,12388134.0,63.078392,2038731.9,391.2841761,IT=25;25 ,ii
26025,Ref 1,50.000,24212,12653049.0,63.082573,2028786.8,391.2843087,IT=25;25 ,ii
26026,Ref 1,50.000,27060,14245215.0,63.086758,2299523.0,391.2841925,IT=25;25 ,ii
26027,Ref 1,50.000,24204,13473934.0,63.091229,2261107.5,391.2841819,IT=25;25 ,ii
26028,Ref 1,50.000,26368,14396243.0,63.095413,2362486.5,391.2841357,IT=25;25 ,ii
26029,Ref 1,50.000,23888,12971583.0,63.099583,2129806.8,391.2841944,IT=25;25 ,ii
26030,Ref 1,50.000,23436,13192795.0,63.103748,2187300.5,391.2841321,IT=25;25 ,ii
26031,Ref 1,50.000,23920,14610361.0,63.107925,2394303.0,391.2841355,IT=25;25 ,ii
26032,Ref 1,50.000,23380,12690823.0,63.111927,2108093.5,391.2842123,IT=25;25 ,ii
26033,Ref 1,50.000,24184,13891481.0,63.1161,2315688.5,391.284146,IT=25;25 ,ii
26034,Ref 1,50.000,25272,13953222.0,63.120262,2267172.0,391.2841524,IT=25;25 ,ii
26035,Ref 1,50.000,26316,13936086.0,63.124431,2232431.8,391.2842194,IT=25;25 ,ii
26036,Ref 1,50.000,24236,13176485.0,63.128604,2168805.0,391.2842888,IT=25;25 ,ii
26037,Ref 1,50.000,24448,12920943.0,63.132602,2129677.2,391.2842419,IT=25;25 ,ii
26038,Ref 1,50.000,25128,14046921.0,63.136769,2305096.0,391.284254,IT=25;25 ,ii
26039,Ref 1,43.452,25096,14571265.0,63.140825,2384824.0,391.2841477,IT=22;22 ,ii
26040,Ref 1,50.000,25488,13897914.0,63.145112,2236294.5,391.2842152,IT=25;25 ,ii
26041,Ref 1,50.000,24260,12891825.0,63.149108,2057750.2,391.2842763,IT=25;25 ,ii
26042,Ref 1,50.000,24464,13828378.0,63.153277,2244309.5,391.2843011,IT=25;25 ,ii
26043,Ref 1,50.000,24788,13013326.0,63.157439,2095800.6,391.284339,IT=25;25 ,ii
26044,Ref 1,50.000,24596,12741021.0,63.161608,2094120.0,391.2842798,IT=25;25 ,ii
26045,Ref 1,50.000,26556,14340334.0,63.165777,2347364.2,391.2842023,IT=25;25 ,ii
26046,Ref 1,50.000,24320,13958574.0,63.169773,2276964.2,391.2842199,IT=25;25 ,ii
26047,Ref 1,50.000,23224,12294193.0,63.174235,1983052.5,391.2843024,IT=25;25 ,ii
26048,Ref 1,50.000,25140,14845080.0,63.178404,2445558.0,391.2842431,IT=25;25 ,ii
26049,Ref 1,50.000,26688,15378710.0,63.182572,2511481.8,391.2841957,IT=25;25 ,ii
26050,Ref 1,50.000,26160,14039794.0,63.186574,2302842.2,391.2842664,IT=25;25 ,ii
26051,Ref 1,50.000,25780,14177528.0,63.190747,2289192.0,391.2843847,IT=25;25 ,ii
26052,Ref 1,50.000,27284,15027274.0,63.194924,2449726.8,391.2842284,IT=25;25 ,ii
26053,Ref 1,50.000,27872,13862255.0,63.199101,2173206.0,391.284425,IT=25;25 ,ii
26054,Ref 1,50.000,25896,14454646.0,63.203287,2348178.0,391.2843246,IT=25;25 ,ii
26055,Ref 1,50.000,27824,14227345.0,63.207301,2279911.8,391.2843996,IT=25;25 ,ii
26056,Ref 1,50.000,26980,14817812.0,63.211462,2457153.5,391.2843419,IT=25;25 ,ii
26057,Ref 1,50.000,26780,14925051.0,63.215647,2430319.8,391.2843559,IT=25;25 ,ii
26058,Ref 1,50.000,24412,14764684.0,63.219824,2413080.0,391.284399,IT=25;25 ,ii
26059,Ref 1,50.000,26344,14023952.0,63.223837,2230864.2,391.2844861,IT=25;25 ,ii
26060,Ref 1,50.000,26092,13839939.0,63.228014,2202569.5,391.2844153,IT=25;25 ,ii
26061,Ref 1,50.000,26648,15875147.0,63.232193,2611815.8,391.2843602,IT=25;25 ,ii
26062,Ref 1,50.000,28288,15317894.0,63.236368,2535600.5,391.2843779,IT=25;25 ,ii
26063,Ref 1,50.000,26692,15747310.0,63.240537,2582467.8,391.2843546,IT=25;25 ,ii
26064,Ref 1,50.000,26584,15295860.0,63.244545,2491042.0,391.284371,IT=25;25 ,ii
26065,Ref 1,50.000,25360,14630183.0,63.248712,2440407.0,391.2843631,IT=25;25 ,ii
26066,Ref 1,50.000,25536,15209731.0,63.252893,2480966.2,391.2843133,IT=25;25 ,ii
26067,Ref 1,50.000,26768,15243586.0,63.257351,2490860.0,391.2843433,IT=25;25 ,ii
26068,Ref 1,50.000,24840,13819653.0,63.261707,2233632.2,391.2842111,IT=25;25 ,ii
26069,Ref 1,50.000,26136,13813381.0,63.265707,2242216.0,391.284397,IT=25;25 ,ii
26070,Ref 1,50.000,26232,15129801.0,63.269874,2427774.5,391.2843324,IT=25;25 ,ii
26071,Ref 1,50.000,25736,15080460.0,63.274043,2473124.8,391.284369,IT=25;25 ,ii
26072,Ref 1,50.000,26000,14774943.0,63.278213,2409566.2,391.2842854,IT=25;25 ,ii
26073,Ref 1,50.000,28228,15289585.0,63.282211,2500798.0,391.284255,IT=25;25 ,ii
26074,Ref 1,50.000,25848,13763332.0,63.286378,2252343.8,391.2844584,IT=25;25 ,ii
26075,Ref 1,50.000,25300,14320167.0,63.290547,2354304.8,391.2844452,IT=25;25 ,ii
26076,Ref 1,50.000,26060,14717339.0,63.294715,2403039.2,391.2845181,IT=25;25 ,ii
26077,Ref 1,50.000,24620,14729104.0,63.298717,2465707.0,391.2843451,IT=25;25 ,ii
26078,Ref 1,44.012,24800,13050210.0,63.302782,2101678.5,391.2843772,IT=22;22 ,ii
26079,Ref 1,50.000,27304,15722706.0,63.307055,2602330.5,391.2842488,IT=25;25 ,ii
26080,Ref 1,50.000,29056,14761862.0,63.311222,2293948.8,391.2844259,IT=25;25 ,ii
26081,Ref 1,50.000,24528,14155554.0,63.31539,2297193.2,391.2844396,IT=25;25 ,ii
26082,Ref 1,50.000,27612,15634137.0,63.31939,2552950.8,391.2843792,IT=25;25 ,ii
26083,Ref 1,50.000,26876,15682924.0,63.323559,2534880.2,391.2843771,IT=25;25 ,ii
26084,Ref 1,42.208,26188,16494365.0,63.327594,2722795.0,391.2842188,IT=21;21 ,ii
26085,Ref 1,45.252,24696,15582398.0,63.331823,2510005.2,391.2842319,IT=23;23 ,ii
26086,Ref 1,50.000,26816,15866022.0,63.335911,2535426.5,391.2843178,IT=25;25 ,ii
26087,Ref 1,50.000,26052,14528473.0,63.340088,2309762.2,391.2842449,IT=25;25 ,ii
26088,Ref 1,45.088,24012,15754314.0,63.344467,2579999.5,391.2841767,IT=23;23 ,ii
26089,Ref 1,50.000,26548,14688015.0,63.348728,2364800.5,391.2842172,IT=25;25 ,ii
26090,Ref 1,50.000,27380,14810207.0,63.352892,2407004.2,391.284212,IT=25;25 ,ii
26091,Ref 1,48.552,27496,14538776.0,63.356867,2329438.0,391.2842564,IT=24;24 ,ii
26092,Ref 1,50.000,26724,12998810.0,63.361069,2070475.5,391.2843934,IT=25;25 ,ii
26093,Ref 1,50.000,25192,12273541.0,63.365248,1930958.0,391.2843618,IT=25;25 ,ii
26094,Ref 1,49.549,24380,12824116.0,63.369417,2090321.9,391.2842954,IT=25;25 ,ii
26095,Ref 1,50.000,25008,12196280.0,63.373438,1909637.8,391.2843212,IT=25;25 ,ii
26096,Ref 1,50.000,27264,12686093.0,63.377613,2048617.8,391.2842714,IT=25;25 ,ii
26097,Ref 1,50.000,25880,13836739.0,63.381788,2258125.5,391.2843818,IT=25;25 ,ii
26098,Ref 1,50.000,26080,13747905.0,63.385969,2247171.8,391.2842114,IT=25;25 ,ii
26099,Ref 1,50.000,26300,13334285.0,63.390146,2171742.8,391.2842576,IT=25;25 ,ii
26100,Ref 1,50.000,24400,13683841.0,63.394156,2229364.8,391.2841912,IT=25;25 ,ii
26101,Ref 1,50.000,24600,12393619.0,63.398325,2005178.0,391.284295,IT=25;25 ,ii
26102,Ref 1,50.000,26492,12565887.0,63.402492,1971030.0,391.2842405,IT=25;25 ,ii
26103,Ref 1,50.000,26320,13662457.0,63.406671,2248928.5,391.2841614,IT=25;25 ,ii
26104,Ref 1,50.000,27140,13146682.0,63.410679,2066924.1,391.2842214,IT=25;25 ,ii
26105,Ref 1,50.000,24288,12513414.0,63.414858,2023376.8,391.2842872,IT=25;25 ,ii
26106,Ref 1,50.000,25692,13591464.0,63.419037,2216695.2,391.2842349,IT=25;25 ,ii
26107,Ref 1,50.000,26592,13245553.0,63.423206,2133106.5,391.2843078,IT=25;25 ,ii
26108,Ref 1,50.000,27960,12858531.0,63.427671,2031445.8,391.2842969,IT=25;25 ,ii
26109,Ref 1,50.000,23772,12636882.0,63.431837,2034441.6,391.2842888,IT=25;25 ,ii
26110,Ref 1,50.000,25584,13583576.0,63.436004,2223414.2,391.2842986,IT=25;25 ,ii
26111,Ref 1,50.000,26452,12912358.0,63.440181,2085556.2,391.2842738,IT=25;25 ,ii
26112,Ref 1,50.000,24636,12869031.0,63.444348,2115718.8,391.28434,IT=25;25 ,ii
26113,Ref 1,50.000,24872,12372597.0,63.448514,1967306.9,391.2843297,IT=25;25 ,ii
26114,Ref 1,50.000,26288,12491902.0,63.452512,2010081.6,391.284279,IT=25;25 ,ii
26115,Ref 1,50.000,25044,13256111.0,63.456679,2186120.5,391.2843174,IT=25;25 ,ii
26116,Ref 1,50.000,25372,12197840.0,63.460846,1945400.1,391.2843196,IT=25;25 ,ii
26117,Ref 1,50.000,24000,12521710.0,63.465014,2009977.9,391.2843153,IT=25;25 ,ii
26118,Ref 1,50.000,25320,14052791.0,63.469014,2363363.0,391.2843236,IT=25;25 ,ii
26119,Ref 1,50.000,26040,13218168.0,63.473181,2111712.2,391.2842761,IT=25;25 ,ii
26120,Ref 1,50.000,23644,12294082.0,63.477348,1930357.8,391.2843016,IT=25;25 ,ii
26121,Ref 1,50.000,25932,12957998.0,63.481518,2088193.4,391.2843224,IT=25;25 ,ii
26122,Ref 1,50.000,25192,13286936.0,63.485522,2165004.8,391.2843117,IT=25;25 ,ii
26123,Ref 1,50.000,23724,11449982.0,63.489689,1815285.5,391.284351,IT=25;25 ,ii
26124,Ref 1,50.000,24124,13471227.0,63.493856,2231558.5,391.2842402,IT=25;25 ,ii
26125,Ref 1,50.000,24304,12221541.0,63.498024,1956253.8,391.2843483,IT=25;25 ,ii
26126,Ref 1,50.000,25948,13281008.0,63.502191,2123652.5,391.2842513,IT=25;25 ,ii
26127,Ref 1,50.000,26696,12349682.0,63.506189,1984443.2,391.2842617,IT=25;25 ,ii
26128,Ref 1,50.000,27208,12982460.0,63.510654,2083002.6,391.2841746,IT=25;25 ,ii
26129,Ref 1,50.000,23736,12360571.0,63.51482,2020176.1,391.2842197,IT=25;25 ,ii
26130,Ref 1,50.000,26180,14187030.0,63.518987,2322458.8,391.284146,IT=25;25 ,ii
26131,Ref 1,50.000,27152,13497738.0,63.523153,2144874.2,391.2842167,IT=25;25 ,ii
26132,Ref 1,50.000,25520,12194697.0,63.527151,1976280.6,391.2843057,IT=25;25 ,ii
26133,Ref 1,50.000,23924,11827774.0,63.531326,1859330.5,391.2843962,IT=25;25 ,ii
26134,Ref 1,50.000,25984,13373976.0,63.535504,2089220.0,391.2843489,IT=25;25 ,ii
26135,Ref 1,50.000,25980,11969528.0,63.539678,1909303.2,391.2842852,IT=25;25 ,ii
26136,Ref 1,50.000,24880,13274631.0,63.543855,2126488.5,391.2843201,IT=25;25 ,ii
26137,Ref 1,50.000,26340,12836587.0,63.548035,2060049.0,391.2842368,IT=25;25 ,ii
26138,Ref 1,50.000,24948,12225630.0,63.552207,1948699.4,391.2842979,IT=25;25 ,ii
26139,Ref 1,50.000,26348,12463028.0,63.556374,1984198.0,391.2843458,IT=25;25 ,ii
26140,Ref 1,50.000,26620,12975614.0,63.560541,2038261.4,391.2843299,IT=25;25 ,ii
26141,Ref 1,50.000,25512,11834665.0,63.564709,1879834.9,391.2843179,IT=25;25 ,ii
26142,Ref 1,50.000,25192,12758497.0,63.568876,2041381.1,391.2843403,IT=25;25 ,ii
26143,Ref 1,50.000,25076,12838050.0,63.573043,2054523.1,391.2844228,IT=25;25 ,ii
26144,Ref 1,50.000,25044,12562260.0,63.577209,2010141.6,391.2843174,IT=25;25 ,ii
26145,Ref 1,50.000,23732,12097809.0,63.581207,1961961.5,391.2843955,IT=25;25 ,ii
26146,Ref 1,50.000,26664,13723426.0,63.585376,2247202.2,391.2842351,IT=25;25 ,ii
26147,Ref 1,50.000,23580,10953719.0,63.589545,1743282.6,391.284354,IT=25;25 ,ii
26148,Ref 1,50.000,25304,13250623.0,63.594009,2154157.5,391.2843432,IT=25;25 ,ii
26149,Ref 1,50.000,27296,13543248.0,63.598168,2152037.5,391.2843527,IT=25;25 ,ii
26150,Ref 1,50.000,28004,13856109.0,63.602165,2249058.5,391.2842762,IT=25;25 ,ii
26151,Ref 1,50.000,26200,13256380.0,63.606332,2139828.8,391.284245,IT=25;25 ,ii
26152,Ref 1,50.000,26112,13418707.0,63.610499,2130177.5,391.2842102,IT=25;25 ,ii
26153,Ref 1,50.000,24300,12663742.0,63.614672,2053828.1,391.2842984,IT=25;25 ,ii
26154,Ref 1,50.000,25268,12839532.0,63.618674,2039458.5,391.284309,IT=25;25 ,ii
26155,Ref 1,50.000,26040,13543438.0,63.62284,2208706.0,391.2843522,IT=25;25 ,ii
26156,Ref 1,50.000,28204,12463252.0,63.627007,1967697.1,391.2844185,IT=25;25 ,ii
26157,Ref 1,50.000,25788,12809493.0,63.631174,2067713.6,391.2843187,IT=25;25 ,ii
26158,Ref 1,50.000,26788,13008746.0,63.635353,2055933.1,391.2843065,IT=25;25 ,ii
26159,Ref 1,50.000,24328,12672746.0,63.639348,2039034.0,391.2843694,IT=25;25 ,ii
26160,Ref 1,50.000,26772,12898429.0,63.643505,2049973.1,391.2843772,IT=25;25 ,ii
26161,Ref 1,50.000,27888,13587470.0,63.647673,2189074.8,391.2843375,IT=25;25 ,ii
26162,Ref 1,50.000,26520,12296538.0,63.65184,1941481.0,391.2843532,IT=25;25 ,ii
26163,Ref 1,50.000,26348,13858955.0,63.655836,2274361.8,391.2842978,IT=25;25 ,ii
26164,Ref 1,50.000,25712,13291405.0,63.660009,2155083.2,391.2842967,IT=25;25 ,ii
26165,Ref 1,50.000,24824,12304926.0,63.664186,1989368.4,391.2843274,IT=25;25 ,ii
26166,Ref 1,50.000,25696,12837832.0,63.668361,2087028.2,391.2843304,IT=25;25 ,ii
26167,Ref 1,50.000,25348,13143755.0,63.67254,2085316.9,391.2843062,IT=25;25 ,ii
26168,Ref 1,50.000,25396,12113755.0,63.676996,1859967.8,391.2843935,IT=25;25 ,ii
26169,Ref 1,50.000,24800,13226807.0,63.681161,2181653.8,391.2842885,IT=25;25 ,ii
26170,Ref 1,50.000,25900,12436238.0,63.685336,1996034.9,391.2843257,IT=25;25 ,ii
26171,Ref 1,50.000,25236,12363538.0,63.689504,1941203.2,391.2843405,IT=25;25 ,ii
26172,Ref 1,50.000,24376,13057696.0,63.6935,2152266.8,391.2843126,IT=25;25 ,ii
26173,Ref 1,50.000,27208,13728857.0,63.697663,2247938.0,391.284328,IT=25;25 ,ii
26174,Ref 1,50.000,27472,13845791.0,63.701829,2180817.0,391.2843819,IT=25;25 ,ii
26175,Ref 1,46.178,24384,13263064.0,63.705931,2150389.0,391.2843962,IT=23;23 ,ii
26176,Ref 1,50.000,27356,13538015.0,63.710169,2175940.2,391.2844148,IT=25;25 ,ii
26177,Ref 1,50.000,24452,11521517.0,63.714177,1812860.4,391.284392,IT=25;25 ,ii
26178,Ref 1,50.000,25680,12919674.0,63.718346,2128569.5,391.2843933,IT=25;25 ,ii
26179,Ref 1,48.560,25540,12516820.0,63.72249,2004118.9,391.2843662,IT=24;24 ,ii
26180,Ref 1,50.000,26864,12752517.0,63.726685,1999560.2,391.2843583,IT=25;25 ,ii
26181,Ref 1,50.000,25896,12415568.0,63.730848,1961277.2,391.2844186,IT=25;25 ,ii
26182,Ref 1,50.000,26648,13718070.0,63.735015,2234247.5,391.2843388,IT=25;25 ,ii
26183,Ref 1,50.000,25140,12057763.0,63.739181,1887965.4,391.2843752,IT=25;25 ,ii
26184,Ref 1,50.000,24812,12101326.0,63.743352,1955351.5,391.2843236,IT=25;25 ,ii
26185,Ref 1,50.000,26008,12918206.0,63.747514,2094174.5,391.2842997,IT=25;25 ,ii
26186,Ref 1,50.000,26144,12262400.0,63.751514,1921539.5,391.284326,IT=25;25 ,ii
26187,Ref 1,50.000,27004,12447377.0,63.755681,1993252.6,391.2843411,IT=25;25 ,ii
26188,Ref 1,50.000,25092,12967273.0,63.760137,2148339.0,391.2843739,IT=25;25 ,ii
26189,Ref 1,50.000,25796,12286565.0,63.764304,1910251.6,391.2843138,IT=25;25 ,ii
26190,Ref 1,50.000,24292,11217267.0,63.768475,1836708.2,391.2843001,IT=25;25 ,ii
26191,Ref 1,50.000,26184,12871377.0,63.772475,2048023.4,391.2842622,IT=25;25 ,ii
26192,Ref 1,50.000,27632,12675102.0,63.776648,1938792.6,391.2844354,IT=25;25 ,ii
26193,Ref 1,50.000,24812,11120454.0,63.78082,1721881.8,391.2843501,IT=25;25 ,ii
26194,Ref 1,50.000,25032,12520400.0,63.784987,2019455.8,391.2842967,IT=25;25 ,ii
26195,Ref 1,50.000,26144,12560006.0,63.788987,2000072.6,391.284263,IT=25;25 ,ii
26196,Ref 1,50.000,27188,12329315.0,63.793154,1924952.0,391.2843137,IT=25;25 ,ii
26197,Ref 1,50.000,25572,13533173.0,63.797327,2211199.2,391.2842805,IT=25;25 ,ii
26198,Ref 1,50.000,25816,13286346.0,63.801502,2072980.2,391.2843349,IT=25;25 ,ii
26199,Ref 1,50.000,24832,12254016.0,63.805502,1970783.4,391.2842244,IT=25;25 ,ii
26200,Ref 1,50.000,26812,13348277.0,63.809664,2139518.5,391.2842888,IT=25;25 ,ii
26201,Ref 1,50.000,26688,13246962.0,63.813831,2102815.5,391.2843413,IT=25;25 ,ii
26202,Ref 1,50.000,26148,13008973.0,63.817999,2053162.4,391.2843561,IT=25;25 ,ii
26203,Ref 1,50.000,27288,12935093.0,63.822172,2045321.6,391.2843172,IT=25;25 ,ii
26204,Ref 1,50.000,25440,12265794.0,63.82617,1892636.5,391.2843463,IT=25;25 ,ii
26205,Ref 1,50.000,25244,11469299.0,63.830337,1794421.0,391.2842998,IT=25;25 ,ii
26206,Ref 1,41.074,22844,12811684.0,63.834366,2070179.2,391.284314,IT=21;21 ,ii
26207,Ref 1,50.000,26412,13101988.0,63.838699,2088215.9,391.2843056,IT=25;25 ,ii
26208,Ref 1,50.000,25776,11904826.0,63.84317,1892789.5,391.2843021,IT=25;25 ,ii
26209,Ref 1,50.000,27244,12646550.0,63.847347,2029867.0,391.2844275,IT=25;25 ,ii
26210,Ref 1,50.000,25052,12710264.0,63.851518,1982865.2,391.2844487,IT=25;25 ,ii
26211,Ref 1,50.000,27252,12611417.0,63.855685,2004049.9,391.2843624,IT=25;25 ,ii
26212,Ref 1,50.000,25864,13271088.0,63.859851,2170657.0,391.2842671,IT=25;25 ,ii
26213,Ref 1,50.000,27528,13349780.0,63.863849,2080304.2,391.2842781,IT=25;25 ,ii
26214,Ref 1,50.000,23980,10544596.0,63.868018,1662430.2,391.2844474,IT=25;25 ,ii
26215,Ref 1,50.000,27352,13591161.0,63.872191,2196081.0,391.2843885,IT=25;25 ,ii
26216,Ref 1,50.000,27064,12408213.0,63.876351,1946037.4,391.2843978,IT=25;25 ,ii
26217,Ref 1,50.000,24036,10963852.0,63.880518,1732213.2,391.2843879,IT=25;25 ,ii
26218,Ref 1,50.000,26856,12141399.0,63.884516,1922562.8,391.2844329,IT=25;25 ,ii
26219,Ref 1,50.000,26472,13204077.0,63.888682,2099848.8,391.2843681,IT=25;25 ,ii
26220,Ref 1,50.000,23908,11806871.0,63.892849,1907819.6,391.284323,IT=25;25 ,ii
26221,Ref 1,50.000,27240,12738434.0,63.897016,2034176.1,391.2842822,IT=25;25 ,ii
26222,Ref 1,46.581,26508,13517324.0,63.900955,2128544.5,391.2843416,IT=23;23 ,ii
26223,Ref 1,47.461,25064,12326734.0,63.905151,1925132.1,391.2843121,IT=24;24 ,ii
26224,Ref 1,50.000,28808,13292284.0,63.909374,2150852.0,391.2843986,IT=25;25 ,ii
26225,Ref 1,50.000,26060,12111267.0,63.913545,1924199.2,391.2844459,IT=25;25 ,ii
26226,Ref 1,50.000,23772,11239009.0,63.917549,1763150.4,391.2844057,IT=25;25 ,ii
26227,Ref 1,50.000,27572,12906342.0,63.92172,2009149.8,391.2843942,IT=25;25 ,ii
26228,Ref 1,50.000,26376,12877636.0,63.926186,2070937.4,391.2843417,IT=25;25 ,ii
26229,Ref 1,50.000,23688,11375955.0,63.930349,1866439.8,391.2843727,IT=25;25 ,ii
26230,Ref 1,50.000,26496,13519484.0,63.934517,2234805.5,391.2843439,IT=25;25 ,ii
26231,Ref 1,49.620,26268,13047184.0,63.938507,2079380.4,391.2842887,IT=25;25 ,ii
26232,Ref 1,50.000,23004,11137469.0,63.942696,1750506.0,391.2843567,IT=25;25 ,ii
26233,Ref 1,50.000,25812,12576094.0,63.946871,2039864.5,391.2843863,IT=25;25 ,ii
26234,Ref 1,50.000,28020,13050188.0,63.951051,2053976.2,391.2843954,IT=25;25 ,ii
26235,Ref 1,50.000,25528,11720934.0,63.95523,1878797.4,391.2843837,IT=25;25 ,ii
26236,Ref 1,46.186,24692,12545802.0,63.959176,2039280.5,391.2843475,IT=23;23 ,ii
26237,Ref 1,50.000,27116,13329007.0,63.963413,2127805.2,391.2842703,IT=25;25 ,ii
26238,Ref 1,50.000,24400,10682729.0,63.96759,1627145.2,391.2843655,IT=25;25 ,ii
26239,Ref 1,39.855,22148,11933023.0,63.971602,1914313.2,391.2842046,IT=20;20 ,ii
26240,Ref 1,50.000,28344,13247474.0,63.975955,2126247.0,391.284211,IT=25;25 ,ii
26241,Ref 1,50.000,24032,11401852.0,63.980132,1743375.6,391.2842144,IT=25;25 ,ii
26242,Ref 1,50.000,26292,12765841.0,63.984298,2047041.0,391.284188,IT=25;25 ,ii
26243,Ref 1,50.000,26192,13017416.0,63.988467,2044639.8,391.2842352,IT=25;25 ,ii
26244,Ref 1,50.000,26052,12122009.0,63.992634,1908766.8,391.2842429,IT=25;25 ,ii
26245,Ref 1,50.000,27012,12226338.0,63.996636,1933196.5,391.2843146,IT=25;25 ,ii
26246,Ref 1,50.000,29596,13706784.0,64.000802,2186572.0,391.2842851,IT=25;25 ,ii
26247,Ref 1,50.000,25128,11989046.0,64.004975,1883400.8,391.2842919,IT=25;25 ,ii
26248,Ref 1,48.474,23600,11861523.0,64.009407,1920438.5,391.2843306,IT=24;24 ,ii
26249,Ref 1,50.000,27368,13527139.0,64.013604,2167291.8,391.2842931,IT=25;25 ,ii
26250,Ref 1,43.202,25848,11857623.0,64.017656,1826858.4,391.2842341,IT=22;22 ,ii
26251,Ref 1,50.000,25112,11530697.0,64.021946,1811663.8,391.2842903,IT=25;25 ,ii
26252,Ref 1,50.000,24716,13077170.0,64.026115,2099105.8,391.2841644,IT=25;25 ,ii
26253,Ref 1,50.000,25040,11669825.0,64.030283,1844833.9,391.2842864,IT=25;25 ,ii
26254,Ref 1,50.000,26468,13049007.0,64.034281,2111512.2,391.2842212,IT=25;25 ,ii
26255,Ref 1,50.000,25916,13556700.0,64.03845,2173722.8,391.284263,IT=25;25 ,ii
26256,Ref 1,50.000,25744,12009415.0,64.042617,1872083.9,391.2843374,IT=25;25 ,ii
26257,Ref 1,50.000,25604,11617814.0,64.046783,1827656.4,391.2842442,IT=25;25 ,ii
26258,Ref 1,50.000,28264,13312258.0,64.050781,2114705.8,391.2842458,IT=25;25 ,ii
26259,Ref 1,50.000,27124,11654111.0,64.054952,1800847.8,391.2843425,IT=25;25 ,ii
26260,Ref 1,47.862,25568,12542955.0,64.059083,2005881.9,391.2842881,IT=24;24 ,ii
26261,Ref 1,46.624,26980,12937700.0,64.063233,2066129.6,391.2842153,IT=23;23 ,ii
26262,Ref 1,50.000,25996,12428142.0,64.067464,1906796.9,391.2842567,IT=25;25 ,ii
26263,Ref 1,50.000,25480,11046196.0,64.071464,1764658.2,391.2842771,IT=25;25 ,ii
26264,Ref 1,50.000,27724,13180549.0,64.075633,2128541.0,391.2842052,IT=25;25 ,ii
26265,Ref 1,50.000,24896,11697560.0,64.0798,1846738.1,391.284239,IT=25;25 ,ii
26266,Ref 1,50.000,25288,11611679.0,64.083966,1851012.4,391.284301,IT=25;25 ,ii
26267,Ref 1,50.000,27876,11720944.0,64.087964,1849377.8,391.284271,IT=25;25 ,ii
26268,Ref 1,48.146,25776,11629176.0,64.092391,1880173.6,391.2842649,IT=24;24 ,ii
26269,Ref 1,50.000,26796,12323764.0,64.096591,1900508.4,391.2842984,IT=25;25 ,ii
26270,Ref 1,49.445,27712,13408759.0,64.100747,2158905.5,391.284204,IT=25;25 ,ii
26271,Ref 1,50.000,26840,12839995.0,64.104927,2051742.5,391.2842784,IT=25;25 ,ii
26272,Ref 1,50.000,27452,12003194.0,64.108925,1890348.0,391.2842716,IT=25;25 ,ii
26273,Ref 1,50.000,25404,12669616.0,64.113093,2003321.1,391.2843156,IT=25;25 ,ii
26274,Ref 1,50.000,24060,11057041.0,64.117272,1765754.5,391.2843492,IT=25;25 ,ii
26275,Ref 1,50.000,25804,11747480.0,64.121452,1853342.1,391.2843577,IT=25;25 ,ii
26276,Ref 1,50.000,27736,13904192.0,64.125464,2233325.5,391.2843208,IT=25;25 ,ii
26277,Ref 1,50.000,25840,11472948.0,64.129647,1756636.4,391.2843653,IT=25;25 ,ii
26278,Ref 1,50.000,25132,10924942.0,64.133822,1721066.8,391.2843234,IT=25;25 ,ii
26279,Ref 1,50.000,25144,11642114.0,64.137999,1851351.1,391.2844098,IT=25;25 ,ii
26280,Ref 1,47.499,27668,12467938.0,64.142139,1910036.1,391.284394,IT=24;24 ,ii
26281,Ref 1,50.000,25340,11795212.0,64.146195,1891699.8,391.2843573,IT=25;25 ,ii
26282,Ref 1,50.000,26816,13003126.0,64.15036,2119805.5,391.2843811,IT=25;25 ,ii
26283,Ref 1,50.000,27092,11382307.0,64.154539,1750990.5,391.2843959,IT=25;25 ,ii
26284,Ref 1,50.000,26944,11547087.0,64.158726,1800172.6,391.2843548,IT=25;25 ,ii
26285,Ref 1,50.000,25672,12360495.0,64.162726,1988938.4,391.2841903,IT=25;25 ,ii
26286,Ref 1,50.000,24900,12428386.0,64.166905,1952427.9,391.2843586,IT=25;25 ,ii
26287,Ref 1,50.000,27016,12472628.0,64.171076,1983908.6,391.2842801,IT=25;25 ,ii
26288,Ref 1,50.000,26028,13174944.0,64.175545,2126085.2,391.284283,IT=25;25 ,ii
26289,Ref 1,50.000,28024,12586742.0,64.179718,1955228.2,391.2842097,IT=25;25 ,ii
26290,Ref 1,50.000,24768,10696651.0,64.183716,1675392.4,391.2843177,IT=25;25 ,ii
26291,Ref 1,50.000,29408,12340919.0,64.187884,1939912.6,391.2843509,IT=25;25 ,ii
26292,Ref 1,43.536,24428,12370902.0,64.191953,1879703.6,391.2843346,IT=22;22 ,ii
26293,Ref 1,50.000,23624,10993266.0,64.196241,1743574.6,391.2843101,IT=25;25 ,ii
26294,Ref 1,50.000,28620,13117894.0,64.200253,2110617.5,391.2842682,IT=25;25 ,ii
26295,Ref 1,50.000,27840,11239495.0,64.20442,1688321.1,391.2844274,IT=25;25 ,ii
26296,Ref 1,50.000,25564,12103486.0,64.208593,1904275.1,391.2843318,IT=25;25 ,ii
26297,Ref 1,50.000,26064,12659176.0,64.212768,2051258.4,391.2843115,IT=25;25 ,ii
26298,Ref 1,47.107,25604,12899346.0,64.21688,2060355.6,391.2843455,IT=24;24 ,ii
26299,Ref 1,50.000,25676,11699495.0,64.22093,1837470.2,391.2843254,IT=25;25 ,ii
26300,Ref 1,44.898,25100,12356069.0,64.225013,2003325.8,391.2842212,IT=22;22 ,ii
26301,Ref 1,50.000,24640,12298402.0,64.229282,1968866.5,391.2842918,IT=25;25 ,ii
26302,Ref 1,50.000,24700,11109182.0,64.233459,1704807.8,391.2842666,IT=25;25 ,ii
26303,Ref 1,50.000,26632,13836685.0,64.237465,2255600.5,391.2841835,IT=25;25 ,ii
26304,Ref 1,50.000,26144,13051818.0,64.241636,2086470.0,391.2842553,IT=25;25 ,ii
26305,Ref 1,50.000,27072,11294332.0,64.245813,1762323.4,391.2842544,IT=25;25 ,ii
26306,Ref 1,50.000,28476,13538299.0,64.24999,2158453.0,391.2842225,IT=25;25 ,ii
26307,Ref 1,50.000,25968,11659256.0,64.254167,1794195.6,391.2843333,IT=25;25 ,ii
26308,Ref 1,50.000,26788,12305153.0,64.258621,1915018.1,391.2842546,IT=25;25 ,ii
26309,Ref 1,45.196,26320,13069541.0,64.262709,2093772.5,391.284275,IT=23;23 ,ii
26310,Ref 1,50.000,27720,13193754.0,64.266963,2037224.2,391.284214,IT=25;25 ,ii
26311,Ref 1,50.000,27736,11401458.0,64.27113,1790510.0,391.2842766,IT=25;25 ,ii
26312,Ref 1,50.000,29084,12656074.0,64.275301,1975024.1,391.2842221,IT=25;25 ,ii
26313,Ref 1,50.000,27508,13499058.0,64.279299,2148515.0,391.2842697,IT=25;25 ,ii
26314,Ref 1,47.423,25220,11865918.0,64.283425,1878463.5,391.2842612,IT=24;24 ,ii
26315,Ref 1,50.000,25688,12896508.0,64.287646,2108854.8,391.2843292,IT=25;25 ,ii
26316,Ref 1,46.011,25828,12905159.0,64.29175,2073099.9,391.2842494,IT=23;23 ,ii
26317,Ref 1,50.000,27268,12683685.0,64.295819,1962906.2,391.2842252,IT=25;25 ,ii
26318,Ref 1,50.000,27316,11896891.0,64.29999,1877109.2,391.2843341,IT=25;25 ,ii
26319,Ref 1,48.789,27412,12639246.0,64.304138,1974008.1,391.2842369,IT=24;24 ,ii
26320,Ref 1,50.000,28628,11951742.0,64.308332,1847322.1,391.2842411,IT=25;25 ,ii
26321,Ref 1,50.000,25768,12608619.0,64.3125,2036357.5,391.2843215,IT=25;25 ,ii
26322,Ref 1,45.744,25980,12590107.0,64.316427,2010970.5,391.284261,IT=23;23 ,ii
26323,Ref 1,50.000,24920,11915300.0,64.320675,1896222.8,391.284252,IT=25;25 ,ii
26324,Ref 1,50.000,25064,11913723.0,64.324842,1951986.0,391.2843729,IT=25;25 ,ii
26325,Ref 1,50.000,26728,13126440.0,64.329009,2096855.8,391.2842593,IT=25;25 ,ii
26326,Ref 1,50.000,26592,11895178.0,64.333008,1855298.5,391.2842898,IT=25;25 ,ii
26327,Ref 1,50.000,25800,12694758.0,64.337175,2020045.4,391.28425,IT=25;25 ,ii
26328,Ref 1,48.812,29304,13556559.0,64.341629,2111739.0,391.2842057,IT=24;24 ,ii
26329,Ref 1,50.000,26452,11669389.0,64.345819,1812367.9,391.2842079,IT=25;25 ,ii
26330,Ref 1,50.000,28008,12735790.0,64.349988,2010090.4,391.2842732,IT=25;25 ,ii
26331,Ref 1,50.000,26664,12929452.0,64.35399,2107234.2,391.284217,IT=25;25 ,ii
26332,Ref 1,50.000,25688,11417660.0,64.358162,1777853.0,391.2843079,IT=25;25 ,ii
26333,Ref 1,50.000,25760,12027782.0,64.362346,1934694.5,391.2842819,IT=25;25 ,ii
26334,Ref 1,50.000,26432,12044081.0,64.366523,1869827.1,391.2842484,IT=25;25 ,ii
26335,Ref 1,49.115,26356,12325736.0,64.370517,1917213.5,391.2842315,IT=25;25 ,ii
26336,Ref 1,50.000,25824,11756557.0,64.374714,1841154.0,391.2843088,IT=25;25 ,ii
26337,Ref 1,50.000,26032,12461592.0,64.378898,2000376.1,391.2843375,IT=25;25 ,ii
26338,Ref 1,50.000,24652,11238005.0,64.383071,1750733.6,391.2842527,IT=25;25 ,ii
26339,Ref 1,50.000,24804,11911372.0,64.387252,1864394.6,391.2842564,IT=25;25 ,ii
26340,Ref 1,49.125,25704,12877915.0,64.391233,2069412.2,391.2841166,IT=25;25 ,ii
26341,Ref 1,50.000,26032,12693026.0,64.395415,1938882.0,391.2842037,IT=25;25 ,ii
26342,Ref 1,50.000,27500,11359534.0,64.399589,1759379.8,391.2842527,IT=25;25 ,ii
26343,Ref 1,50.000,26424,12475409.0,64.403768,1957946.5,391.2842022,IT=25;25 ,ii
26344,Ref 1,49.054,26364,11953449.0,64.40776,1841782.6,391.2841415,IT=25;25 ,ii
26345,Ref 1,50.000,28100,12724918.0,64.411958,2021495.4,391.2841039,IT=25;25 ,ii
26346,Ref 1,47.925,25480,13151652.0,64.416091,2119635.2,391.2841506,IT=24;24 ,ii
26347,Ref 1,50.000,26700,10730883.0,64.420312,1620058.5,391.2842945,IT=25;25 ,ii
26348,Ref 1,50.000,27860,12993283.0,64.424781,2088393.9,391.2841568,IT=25;25 ,ii
26349,Ref 1,50.000,27280,12997080.0,64.428945,2079651.2,391.2841578,IT=25;25 ,ii
26350,Ref 1,50.000,25976,12331035.0,64.433114,1921199.1,391.2842995,IT=25;25 ,ii
26351,Ref 1,50.000,27920,12674333.0,64.437283,1984298.0,391.284135,IT=25;25 ,ii
26352,Ref 1,49.609,27268,13190853.0,64.441445,2100883.0,391.2841467,IT=25;25 ,ii
26353,Ref 1,50.000,26128,12055218.0,64.445454,1865086.8,391.2842833,IT=25;25 ,ii
26354,Ref 1,50.000,25040,11520856.0,64.449635,1815898.5,391.2842776,IT=25;25 ,ii
26355,Ref 1,44.525,25532,14020622.0,64.45371,2302674.5,391.2841145,IT=22;22 ,ii
26356,Ref 1,50.000,27736,13111028.0,64.457976,2041129.0,391.2841683,IT=25;25 ,ii
26357,Ref 1,50.000,27360,12723105.0,64.462143,2053558.6,391.2841731,IT=25;25 ,ii
26358,Ref 1,50.000,27992,13123190.0,64.466145,2090212.9,391.2841851,IT=25;25 ,ii
26359,Ref 1,50.000,25424,11735128.0,64.47031,1830436.4,391.2843045,IT=25;25 ,ii
26360,Ref 1,50.000,28060,12465248.0,64.474478,1960951.9,391.2841962,IT=25;25 ,ii
26361,Ref 1,50.000,26152,12458507.0,64.478647,2001956.9,391.2843073,IT=25;25 ,ii
26362,Ref 1,50.000,27568,12526259.0,64.482814,1921984.8,391.2842886,IT=25;25 ,ii
26363,Ref 1,50.000,25956,11968468.0,64.486978,1936762.6,391.2842606,IT=25;25 ,ii
26364,Ref 1,50.000,27504,13284403.0,64.491145,2087766.9,391.2841881,IT=25;25 ,ii
26365,Ref 1,50.000,26160,12101223.0,64.495314,1859107.9,391.2843151,IT=25;25 ,ii
26366,Ref 1,50.000,26656,11292487.0,64.499482,1715922.1,391.2842147,IT=25;25 ,ii
26367,Ref 1,50.000,27428,13703388.0,64.503482,2229127.2,391.2842553,IT=25;25 ,ii
26368,Ref 1,50.000,26120,12466286.0,64.507939,1935685.4,391.2841697,IT=25;25 ,ii
26369,Ref 1,50.000,25632,11844236.0,64.512107,1865210.1,391.2842242,IT=25;25 ,ii
26370,Ref 1,43.205,24668,12124594.0,64.516161,1919349.8,391.284191,IT=22;22 ,ii
26371,Ref 1,43.196,23136,12345830.0,64.520159,1958628.9,391.2842329,IT=22;22 ,ii
26372,Ref 1,50.000,25476,11391045.0,64.524449,1800728.1,391.2842858,IT=25;25 ,ii
26373,Ref 1,47.906,26420,12702810.0,64.528595,2018027.0,391.2843557,IT=24;24 ,ii
26374,Ref 1,50.000,26384,11975781.0,64.532805,1886099.8,391.2842659,IT=25;25 ,ii
26375,Ref 1,50.000,28180,12832160.0,64.536968,2097178.5,391.2842728,IT=25;25 ,ii
26376,Ref 1,50.000,26332,12380653.0,64.54097,1942571.9,391.2843017,IT=25;25 ,ii
26377,Ref 1,50.000,25008,11928495.0,64.545138,1877787.4,391.2843766,IT=25;25 ,ii
26378,Ref 1,46.432,24796,11143882.0,64.549245,1743737.8,391.2843331,IT=23;23 ,ii
26379,Ref 1,50.000,26312,13006793.0,64.55348,2073102.8,391.2842387,IT=25;25 ,ii
26380,Ref 1,49.063,27436,12632895.0,64.557471,1927399.5,391.2843047,IT=25;25 ,ii
26381,Ref 1,50.000,26844,11512748.0,64.561657,1758345.2,391.2842919,IT=25;25 ,ii
26382,Ref 1,50.000,26964,13209301.0,64.565824,2086501.8,391.2842245,IT=25;25 ,ii
26383,Ref 1,50.000,26040,12331636.0,64.569992,1953103.2,391.2842282,IT=25;25 ,ii
26384,Ref 1,46.659,25536,11500640.0,64.574105,1811142.0,391.2842425,IT=23;23 ,ii
26385,Ref 1,47.365,26504,12764949.0,64.578119,2060006.9,391.2841415,IT=24;24 ,ii
26386,Ref 1,48.759,27484,13129940.0,64.582328,2031035.8,391.28419,IT=24;24 ,ii
26387,Ref 1,48.528,27480,12570046.0,64.586503,1965506.2,391.2842159,IT=24;24 ,ii
26388,Ref 1,50.000,25580,11951303.0,64.590963,1930963.8,391.2842239,IT=25;25 ,ii
26389,Ref 1,45.820,26324,12987971.0,64.595073,2027863.0,391.2842851,IT=23;23 ,ii
26390,Ref 1,50.000,25916,11823244.0,64.599142,1855261.1,391.2843123,IT=25;25 ,ii
26391,Ref 1,49.247,27792,12768731.0,64.603296,1986040.2,391.2842655,IT=25;25 ,ii
26392,Ref 1,50.000,24928,12394593.0,64.607486,1969560.9,391.284291,IT=25;25 ,ii
26393,Ref 1,50.000,24780,11462966.0,64.611663,1778634.0,391.2842589,IT=25;25 ,ii
26394,Ref 1,44.274,25080,11919181.0,64.615565,1937062.4,391.2842533,IT=22;22 ,ii
26395,Ref 1,42.894,23608,13323845.0,64.619715,2112553.2,391.2842825,IT=21;21 ,ii
26396,Ref 1,50.000,26072,11350824.0,64.624017,1762232.5,391.2842756,IT=25;25 ,ii
26397,Ref 1,43.855,26920,13093659.0,64.628096,2082927.5,391.2841828,IT=22;22 ,ii
26398,Ref 1,50.000,27576,12912091.0,64.632209,1993450.4,391.2842017,IT=25;25 ,ii
26399,Ref 1,46.533,25468,12064456.0,64.636325,1900447.6,391.2842119,IT=23;23 ,ii
26400,Ref 1,47.836,26092,12437430.0,64.640529,2004363.5,391.2842186,IT=24;24 ,ii
26401,Ref 1,47.780,26964,12492201.0,64.644715,1910812.8,391.2842637,IT=24;24 ,ii
26402,Ref 1,50.000,27756,12762531.0,64.648938,1937810.4,391.284256,IT=25;25 ,ii
26403,Ref 1,50.000,27168,12621021.0,64.652944,1969807.9,391.2841545,IT=25;25 ,ii
26404,Ref 1,50.000,27344,13195034.0,64.657112,2072620.6,391.2841592,IT=25;25 ,ii
26405,Ref 1,50.000,25828,11909124.0,64.66129,1831114.8,391.2842536,IT=25;25 ,ii
26406,Ref 1,50.000,25372,11870376.0,64.665469,1927470.6,391.2842083,IT=25;25 ,ii
26407,Ref 1,50.000,26964,13457265.0,64.669473,2123423.2,391.2842489,IT=25;25 ,ii
26408,Ref 1,50.000,27540,12689911.0,64.673642,1923061.1,391.2842333,IT=25;25 ,ii
26409,Ref 1,40.225,24624,13644466.0,64.677942,2191969.2,391.2841562,IT=20;20 ,ii
26410,Ref 1,45.731,27220,13888432.0,64.682206,2232129.2,391.2842096,IT=23;23 ,ii
26411,Ref 1,50.000,26448,11595689.0,64.686452,1797011.4,391.2843094,IT=25;25 ,ii
26412,Ref 1,50.000,28944,12474922.0,64.69046,1905891.6,391.2842838,IT=25;25 ,ii
26413,Ref 1,50.000,27428,13979377.0,64.694627,2230406.0,391.2841352,IT=25;25 ,ii
26414,Ref 1,50.000,24376,11460387.0,64.698802,1789539.9,391.2841601,IT=25;25 ,ii
26415,Ref 1,50.000,26868,11835029.0,64.702969,1869464.1,391.284223,IT=25;25 ,ii
26416,Ref 1,48.049,27648,14200619.0,64.706937,2231519.0,391.2841851,IT=24;24 ,ii
26417,Ref 1,45.573,23972,12775861.0,64.711062,1991693.0,391.2842592,IT=23;23 ,ii
26418,Ref 1,50.000,28632,13173472.0,64.71531,2068161.6,391.2842156,IT=25;25 ,ii
26419,Ref 1,46.650,24744,12404291.0,64.719427,1947328.0,391.2841886,IT=23;23 ,ii
26420,Ref 1,39.107,23144,11654725.0,64.723473,1796166.2,391.2842353,IT=20;20 ,ii
26421,Ref 1,37.409,25108,14291560.0,64.727616,2309324.8,391.2841547,IT=19;19 ,ii
26422,Ref 1,50.000,27396,13688917.0,64.731995,2121546.2,391.2842563,IT=25;25 ,ii
26423,Ref 1,50.000,24304,11829967.0,64.736175,1830044.6,391.2842115,IT=25;25 ,ii
26424,Ref 1,45.760,25708,12009377.0,64.740272,1845145.1,391.2842642,IT=23;23 ,ii
26425,Ref 1,50.000,24740,12202278.0,64.744349,1933981.6,391.284284,IT=25;25 ,ii
26426,Ref 1,48.539,25848,12127124.0,64.748495,1896758.4,391.2843022,IT=24;24 ,ii
26427,Ref 1,50.000,27140,13036029.0,64.752689,2049235.5,391.2843,IT=25;25 ,ii
26428,Ref 1,50.000,26840,12653063.0,64.756856,2007981.0,391.2843139,IT=25;25 ,ii
26429,Ref 1,50.000,27504,12602923.0,64.761316,1920715.6,391.2842384,IT=25;25 ,ii
26430,Ref 1,50.000,27844,11723706.0,64.765489,1845234.9,391.2843064,IT=25;25 ,ii
26431,Ref 1,50.000,28112,13286743.0,64.769664,2090490.8,391.2841895,IT=25;25 ,ii
26432,Ref 1,50.000,26988,11896494.0,64.773833,1838616.1,391.2842688,IT=25;25 ,ii
26433,Ref 1,50.000,26816,12116032.0,64.777999,1912730.2,391.2842206,IT=25;25 ,ii
26434,Ref 1,43.173,25148,13762148.0,64.782051,2178035.2,391.2842063,IT=22;22 ,ii
26435,Ref 1,41.395,25736,12484072.0,64.786028,1922042.8,391.2842034,IT=21;21 ,ii
26436,Ref 1,50.000,24576,11954295.0,64.790337,1877956.5,391.2842545,IT=25;25 ,ii
26437,Ref 1,46.821,25336,13023219.0,64.794449,2126000.0,391.2841918,IT=23;23 ,ii
26438,Ref 1,50.000,23984,10949112.0,64.798678,1702379.0,391.2843098,IT=25;25 ,ii
26439,Ref 1,50.000,27980,13083349.0,64.802676,2017495.2,391.2842521,IT=25;25 ,ii
26440,Ref 1,50.000,26332,13546846.0,64.806843,2149757.0,391.2842459,IT=25;25 ,ii
26441,Ref 1,50.000,26328,10964676.0,64.811016,1631442.4,391.2842706,IT=25;25 ,ii
26442,Ref 1,50.000,28096,13639256.0,64.815184,2145517.5,391.2842252,IT=25;25 ,ii
26443,Ref 1,46.364,28008,13064558.0,64.819291,2046642.5,391.2842519,IT=23;23 ,ii
26444,Ref 1,50.000,24080,11160928.0,64.823351,1718896.2,391.2843634,IT=25;25 ,ii
26445,Ref 1,50.000,26560,13013902.0,64.827518,2037534.4,391.2843201,IT=25;25 ,ii
26446,Ref 1,38.572,24548,13117421.0,64.831497,2045765.1,391.2842707,IT=19;19 ,ii
26447,Ref 1,50.000,28172,12521466.0,64.835853,1930716.8,391.2843444,IT=25;25 ,ii
26448,Ref 1,50.000,26876,12396752.0,64.839861,1944803.1,391.2842985,IT=25;25 ,ii
26449,Ref 1,49.017,25948,13100178.0,64.844301,2111419.2,391.2842625,IT=25;25 ,ii
26450,Ref 1,50.000,26368,12305948.0,64.848482,1903857.4,391.2843939,IT=25;25 ,ii
26451,Ref 1,50.000,26292,12087110.0,64.852649,1877621.9,391.2842796,IT=25;25 ,ii
26452,Ref 1,50.000,26716,12835052.0,64.856824,2020000.4,391.2842318,IT=25;25 ,ii
26453,Ref 1,50.000,26152,11600793.0,64.860824,1770247.5,391.2843609,IT=25;25 ,ii
26454,Ref 1,50.000,28392,12195967.0,64.864986,1863325.9,391.284193,IT=25;25 ,ii
26455,Ref 1,46.582,27528,12935298.0,64.869105,2009675.8,391.2841387,IT=23;23 ,ii
26456,Ref 1,50.000,27016,11867714.0,64.873347,1830516.2,391.2841984,IT=25;25 ,ii
26457,Ref 1,45.919,25252,12826166.0,64.877286,2018794.0,391.2841321,IT=23;23 ,ii
26458,Ref 1,50.000,25292,12775880.0,64.881542,2045717.2,391.2842317,IT=25;25 ,ii
26459,Ref 1,50.000,26144,12558856.0,64.885721,1936739.1,391.2842304,IT=25;25 ,ii
26460,Ref 1,50.000,26324,11686610.0,64.889899,1817510.6,391.2841324,IT=25;25 ,ii
26461,Ref 1,41.779,25660,13421043.0,64.893936,2179471.5,391.2841384,IT=21;21 ,ii
26462,Ref 1,42.801,24968,13650114.0,64.898134,2104582.0,391.2842004,IT=21;21 ,ii
26463,Ref 1,50.000,27592,13063568.0,64.902438,2051778.9,391.2842247,IT=25;25 ,ii
26464,Ref 1,46.561,26040,13781413.0,64.906557,2212932.0,391.2841486,IT=23;23 ,ii
26465,Ref 1,50.000,29184,14242506.0,64.910794,2243321.8,391.2841596,IT=25;25 ,ii
26466,Ref 1,50.000,25936,11851319.0,64.914802,1862693.1,391.2841716,IT=25;25 ,ii
26467,Ref 1,36.714,23336,14005718.0,64.918746,2270424.0,391.2841405,IT=18;18 ,ii
26468,Ref 1,39.667,23636,12964579.0,64.92295,2008981.9,391.2842056,IT=20;20 ,ii
26469,Ref 1,50.000,24928,11524074.0,64.927411,1796856.6,391.2841699,IT=25;25 ,ii
26470,Ref 1,50.000,26520,12567347.0,64.931577,1961144.2,391.2841616,IT=25;25 ,ii
26471,Ref 1,44.172,24924,13794801.0,64.935482,2186607.0,391.2840778,IT=22;22 ,ii
26472,Ref 1,50.000,27572,12256101.0,64.939754,1892498.9,391.2841701,IT=25;25 ,ii
26473,Ref 1,44.728,24716,12957151.0,64.943846,2041244.9,391.2842863,IT=22;22 ,ii
26474,Ref 1,39.500,24752,13692142.0,64.947946,2209187.8,391.2842149,IT=20;20 ,ii
26475,Ref 1,50.000,25420,11152027.0,64.952131,1723120.0,391.2843461,IT=25;25 ,ii
26476,Ref 1,45.801,25940,12831849.0,64.956238,1998761.5,391.2841755,IT=23;23 ,ii
26477,Ref 1,42.743,24720,13380195.0,64.960359,2157263.5,391.2840729,IT=21;21 ,ii
26478,Ref 1,46.959,25172,12737348.0,64.964615,1975350.0,391.2841741,IT=23;23 ,ii
26479,Ref 1,42.807,23876,13648332.0,64.968729,2160512.5,391.2841602,IT=21;21 ,ii
26480,Ref 1,47.859,28324,13830523.0,64.972825,2144150.5,391.2840994,IT=24;24 ,ii
26481,Ref 1,50.000,26128,12227911.0,64.977025,1880728.1,391.2841038,IT=25;25 ,ii
26482,Ref 1,50.000,26000,12543200.0,64.981202,2000950.9,391.284214,IT=25;25 ,ii
26483,Ref 1,50.000,27736,13573416.0,64.985373,2086350.2,391.2841748,IT=25;25 ,ii
26484,Ref 1,50.000,24764,11968699.0,64.989371,1867462.1,391.2841715,IT=25;25 ,ii
26485,Ref 1,50.000,27312,13985979.0,64.993539,2173756.8,391.2842218,IT=25;25 ,ii
26486,Ref 1,45.911,27012,13353172.0,64.997648,2063808.0,391.2842421,IT=23;23 ,ii
26487,Ref 1,46.422,25224,11605515.0,65.001841,1797854.5,391.2842071,IT=23;23 ,ii
26488,Ref 1,50.000,25000,12440775.0,65.006085,1988266.1,391.2842123,IT=25;25 ,ii
26489,Ref 1,47.089,25140,12909387.0,65.010489,2036864.4,391.2842244,IT=24;24 ,ii
26490,Ref 1,47.307,23984,11265542.0,65.014677,1729397.1,391.2841399,IT=24;24 ,ii
26491,Ref 1,50.000,25076,11830655.0,65.018896,1873424.2,391.2841472,IT=25;25 ,ii
26492,Ref 1,48.390,27628,12737339.0,65.023035,1959504.8,391.2841983,IT=24;24 ,ii
26493,Ref 1,50.000,25684,11862021.0,65.02706,1799934.1,391.2842742,IT=25;25 ,ii
26494,Ref 1,50.000,25128,11751037.0,65.031064,1810244.1,391.2840954,IT=25;25 ,ii
26495,Ref 1,47.877,27372,13027212.0,65.0352,2046150.0,391.2840984,IT=24;24 ,ii
26496,Ref 1,50.000,26364,12324921.0,65.03941,1886971.0,391.2840783,IT=25;25 ,ii
26497,Ref 1,39.451,22728,13460482.0,65.043402,2133241.8,391.2840279,IT=20;20 ,ii
26498,Ref 1,42.950,24400,12886962.0,65.04746,2043391.5,391.2841945,IT=21;21 ,ii
26499,Ref 1,46.872,27492,12230181.0,65.05171,1863442.4,391.2841032,IT=23;23 ,ii
26500,Ref 1,50.000,26512,13291606.0,65.055945,2093506.5,391.2840719,IT=25;25 ,ii
26501,Ref 1,43.824,26076,14117625.0,65.06001,2286053.0,391.2840656,IT=22;22 ,ii
26502,Ref 1,50.000,28424,13126017.0,65.064285,2022737.6,391.2841362,IT=25;25 ,ii
26503,Ref 1,42.735,24756,12330046.0,65.068343,1894188.8,391.2841124,IT=21;21 ,ii
26504,Ref 1,47.066,27280,13466214.0,65.072589,2118069.8,391.2841685,IT=24;24 ,ii
26505,Ref 1,50.000,25328,11836844.0,65.076814,1818213.1,391.2842449,IT=25;25 ,ii
26506,Ref 1,39.329,24104,12644238.0,65.080803,2007251.0,391.2841556,IT=20;20 ,ii
26507,Ref 1,49.691,26676,13618670.0,65.084972,2171542.2,391.2840555,IT=25;25 ,ii
26508,Ref 1,50.000,28804,12187026.0,65.089143,1835933.1,391.2842638,IT=25;25 ,ii
26509,Ref 1,50.000,24944,12599079.0,65.093608,1975314.0,391.2841135,IT=25;25 ,ii
26510,Ref 1,50.000,28752,13200045.0,65.097774,2071586.8,391.2842052,IT=25;25 ,ii
26511,Ref 1,42.888,24764,12699434.0,65.101824,1958221.2,391.2841088,IT=21;21 ,ii
26512,Ref 1,44.405,25544,12706881.0,65.105847,1999175.4,391.2840869,IT=22;22 ,ii
26513,Ref 1,41.693,25056,13589106.0,65.109974,2132826.8,391.2841046,IT=21;21 ,ii
26514,Ref 1,50.000,29132,13315760.0,65.114295,2097007.2,391.284152,IT=25;25 ,ii
26515,Ref 1,47.931,24772,12138569.0,65.118443,1913466.2,391.2841527,IT=24;24 ,ii
26516,Ref 1,50.000,28740,13983409.0,65.122489,2236528.8,391.2840944,IT=25;25 ,ii
26517,Ref 1,50.000,27268,11844960.0,65.126655,1783034.0,391.2841844,IT=25;25 ,ii
26518,Ref 1,40.366,25416,13098547.0,65.130672,2068074.8,391.2840524,IT=20;20 ,ii
26519,Ref 1,45.668,27064,14206921.0,65.134932,2272190.5,391.2839577,IT=23;23 ,ii
26520,Ref 1,50.000,26444,12623621.0,65.139013,1914405.9,391.2840202,IT=25;25 ,ii
26521,Ref 1,50.000,28728,12615971.0,65.14318,1952217.0,391.2840084,IT=25;25 ,ii
26522,Ref 1,49.287,27756,12836080.0,65.147334,2005273.0,391.284041,IT=25;25 ,ii
26523,Ref 1,50.000,29548,13047757.0,65.151518,2001750.9,391.2840684,IT=25;25 ,ii
26524,Ref 1,50.000,28112,13049535.0,65.15568,2031960.8,391.2839567,IT=25;25 ,ii
26525,Ref 1,50.000,27532,13806438.0,65.159678,2179560.2,391.284118,IT=25;25 ,ii
26526,Ref 1,41.983,26008,13959509.0,65.163711,2174174.5,391.284035,IT=21;21 ,ii
26527,Ref 1,50.000,27420,11956882.0,65.168022,1883979.2,391.2841035,IT=25;25 ,ii
26528,Ref 1,49.714,27620,13436881.0,65.172195,2119213.8,391.2840233,IT=25;25 ,ii
26529,Ref 1,48.606,25768,13060019.0,65.17664,2021849.9,391.2840684,IT=24;24 ,ii
26530,Ref 1,50.000,27588,12046267.0,65.180832,1852448.5,391.2841005,IT=25;25 ,ii
26531,Ref 1,50.000,28224,13766156.0,65.185003,2227346.5,391.2840024,IT=25;25 ,ii
26532,Ref 1,46.118,25564,13176514.0,65.189101,2034714.6,391.2841077,IT=23;23 ,ii
26533,Ref 1,50.000,24636,10963671.0,65.193338,1693730.5,391.284116,IT=25;25 ,ii
26534,Ref 1,49.197,26584,13022331.0,65.197321,2051612.0,391.2839724,IT=25;25 ,ii
26535,Ref 1,50.000,29292,12986757.0,65.201509,1928311.1,391.2840752,IT=25;25 ,ii
26536,Ref 1,50.000,26184,12439653.0,65.205684,1930713.6,391.2840003,IT=25;25 ,ii
26537,Ref 1,50.000,28776,12712039.0,65.209844,1979296.0,391.2840547,IT=25;25 ,ii
26538,Ref 1,50.000,28824,13381323.0,65.214011,2127638.0,391.2840886,IT=25;25 ,ii
26539,Ref 1,50.000,27332,12577487.0,65.218009,1949968.0,391.2841575,IT=25;25 ,ii
26540,Ref 1,40.095,22724,13638392.0,65.222011,2157464.5,391.2840685,IT=20;20 ,ii
26541,Ref 1,40.931,23476,13413746.0,65.226194,2125093.8,391.2840466,IT=20;20 ,ii
26542,Ref 1,50.000,25300,11617723.0,65.230521,1781986.6,391.2840985,IT=25;25 ,ii
26543,Ref 1,40.010,23892,13561378.0,65.234363,2177334.0,391.2840027,IT=20;20 ,ii
26544,Ref 1,37.052,22084,13785357.0,65.238484,2189579.8,391.2840241,IT=19;19 ,ii
26545,Ref 1,50.000,25480,11755741.0,65.242867,1855912.5,391.2841318,IT=25;25 ,ii
26546,Ref 1,50.000,25424,12711315.0,65.247054,2020524.2,391.2840641,IT=25;25 ,ii
26547,Ref 1,41.458,25224,13219804.0,65.250932,2053222.6,391.2840187,IT=21;21 ,ii
26548,Ref 1,46.950,25720,12608982.0,65.25519,1904350.1,391.2841447,IT=23;23 ,ii
26549,Ref 1,38.323,21452,12507185.0,65.259455,2000459.1,391.2840883,IT=19;19 ,ii
26550,Ref 1,50.000,28728,13589244.0,65.263815,2082895.8,391.2840793,IT=25;25 ,ii
26551,Ref 1,50.000,27296,12137649.0,65.267981,1836176.5,391.2841193,IT=25;25 ,ii
26552,Ref 1,50.000,27000,13705456.0,65.271983,2166925.5,391.2840574,IT=25;25 ,ii
26553,Ref 1,35.115,22552,14233409.0,65.275909,2237218.2,391.2840655,IT=18;18 ,ii
26554,Ref 1,42.407,24920,12918529.0,65.280188,1982788.9,391.2840252,IT=21;21 ,ii
26555,Ref 1,50.000,28636,13430468.0,65.284498,2080303.9,391.2840577,IT=25;25 ,ii
26556,Ref 1,36.402,21504,12811221.0,65.28845,2057968.9,391.2840408,IT=18;18 ,ii
26557,Ref 1,50.000,24808,12076297.0,65.292669,1851662.4,391.2840792,IT=25;25 ,ii
26558,Ref 1,37.803,24204,14161963.0,65.296642,2274016.5,391.2839505,IT=19;19 ,ii
26559,Ref 1,34.850,22104,13825311.0,65.300762,2279879.5,391.2840011,IT=17;17 ,ii
26560,Ref 1,38.562,22880,13017120.0,65.304979,2072302.1,391.2840339,IT=19;19 ,ii
26561,Ref 1,40.402,26040,13394200.0,65.309177,2133993.8,391.283957,IT=20;20 ,ii
26562,Ref 1,50.000,26268,13162464.0,65.313523,2052267.4,391.2840129,IT=25;25 ,ii
26563,Ref 1,50.000,26128,11826257.0,65.3177,1798242.1,391.2840147,IT=25;25 ,ii
26564,Ref 1,50.000,25312,11836522.0,65.321869,1884444.4,391.2840096,IT=25;25 ,ii
26565,Ref 1,50.000,27132,12588754.0,65.326035,1982792.1,391.2839242,IT=25;25 ,ii
26566,Ref 1,50.000,28144,12743312.0,65.330035,1962388.6,391.2839727,IT=25;25 ,ii
26567,Ref 1,50.000,26988,11959212.0,65.334204,1837933.4,391.2841005,IT=25;25 ,ii
26568,Ref 1,50.000,27996,13191019.0,65.338373,2085179.0,391.2840825,IT=25;25 ,ii
26569,Ref 1,44.701,24872,12759906.0,65.342744,1986235.8,391.2840745,IT=22;22 ,ii
26570,Ref 1,47.949,27256,13892465.0,65.34697,2207312.8,391.2840945,IT=24;24 ,ii
26571,Ref 1,45.266,26732,13069321.0,65.351098,2027178.1,391.2841088,IT=23;23 ,ii
26572,Ref 1,48.663,25724,12235004.0,65.355331,1874998.9,391.2841246,IT=24;24 ,ii
26573,Ref 1,50.000,26212,12255502.0,65.359525,1938383.4,391.2841471,IT=25;25 ,ii
26574,Ref 1,50.000,27364,13429876.0,65.363693,2115632.0,391.2840409,IT=25;25 ,ii
26575,Ref 1,36.060,20860,12882255.0,65.367456,2102004.8,391.2840895,IT=18;18 ,ii
26576,Ref 1,44.382,23696,12112285.0,65.37175,1926662.2,391.2842077,IT=22;22 ,ii
26577,Ref 1,47.316,26464,14117910.0,65.375972,2156071.2,391.2841615,IT=24;24 ,ii
26578,Ref 1,41.859,24260,11793089.0,65.380062,1819385.4,391.2842248,IT=21;21 ,ii
26579,Ref 1,50.000,26960,12641594.0,65.384199,2018035.9,391.284153,IT=25;25 ,ii
26580,Ref 1,44.784,24464,14120624.0,65.388279,2263371.0,391.2841353,IT=22;22 ,ii
26581,Ref 1,35.310,22280,11872354.0,65.392297,1840754.9,391.2841959,IT=18;18 ,ii
26582,Ref 1,34.297,20520,12604631.0,65.396424,2005555.5,391.2841837,IT=17;17 ,ii
26583,Ref 1,50.000,27064,13376744.0,65.400831,2098230.2,391.2840768,IT=25;25 ,ii
26584,Ref 1,41.988,24332,12969105.0,65.404695,2002952.4,391.2840796,IT=21;21 ,ii
26585,Ref 1,43.761,25084,13130516.0,65.408903,2087724.9,391.2841291,IT=22;22 ,ii
26586,Ref 1,34.926,21388,12955462.0,65.412939,2065041.5,391.2840794,IT=17;17 ,ii
26587,Ref 1,47.593,26628,12885965.0,65.417305,2001932.5,391.2841712,IT=24;24 ,ii
26588,Ref 1,50.000,27128,12297504.0,65.421358,1865800.4,391.2841173,IT=25;25 ,ii
26589,Ref 1,41.035,23328,12223744.0,65.425678,1914257.0,391.2840644,IT=21;21 ,ii
26590,Ref 1,48.391,28752,13897522.0,65.429974,2132489.8,391.2841478,IT=24;24 ,ii
26591,Ref 1,46.558,24536,12289341.0,65.434116,1964404.5,391.2841343,IT=23;23 ,ii
26592,Ref 1,50.000,26376,13935668.0,65.438351,2189503.0,391.2841127,IT=25;25 ,ii
26593,Ref 1,49.799,27408,12512307.0,65.442345,1880744.0,391.284177,IT=25;25 ,ii
26594,Ref 1,44.932,26432,12688295.0,65.446428,1963454.2,391.2841062,IT=22;22 ,ii
26595,Ref 1,41.290,27624,14684209.0,65.450549,2297305.5,391.2841111,IT=21;21 ,ii
26596,Ref 1,37.139,24720,14505839.0,65.45467,2301696.5,391.2840845,IT=19;19 ,ii
26597,Ref 1,40.559,21736,11581633.0,65.458728,1818804.5,391.2840774,IT=20;20 ,ii
26598,Ref 1,38.043,24224,14145721.0,65.46287,2236488.0,391.2840143,IT=19;19 ,ii
26599,Ref 1,39.985,23972,13802334.0,65.467076,2192726.8,391.284078,IT=20;20 ,ii
26600,Ref 1,44.664,25928,12886544.0,65.471336,2004534.9,391.28408,IT=22;22 ,ii
26601,Ref 1,41.395,25480,13457219.0,65.475468,2135443.8,391.2840392,IT=21;21 ,ii
26602,Ref 1,47.511,26168,12513559.0,65.479755,1927417.8,391.284172,IT=24;24 ,ii
26603,Ref 1,46.992,25512,11786850.0,65.48393,1827809.4,391.2840336,IT=23;23 ,ii
26604,Ref 1,36.634,22484,14150605.0,65.48793,2274284.8,391.284072,IT=18;18 ,ii
26605,Ref 1,43.732,26220,12318563.0,65.492203,1870177.1,391.2841765,IT=22;22 ,ii
26606,Ref 1,50.000,25600,12248486.0,65.496307,1921963.2,391.2841505,IT=25;25 ,ii
26607,Ref 1,38.055,22340,13312111.0,65.500284,2101841.8,391.2840955,IT=19;19 ,ii
26608,Ref 1,48.094,28316,13548805.0,65.504607,2050926.5,391.2841018,IT=24;24 ,ii
26609,Ref 1,50.000,25604,12309786.0,65.509076,1926517.4,391.2841732,IT=25;25 ,ii
26610,Ref 1,50.000,25632,13665897.0,65.513244,2112826.0,391.2840578,IT=25;25 ,ii
26611,Ref 1,49.064,26328,13239862.0,65.517394,2042651.6,391.2840388,IT=25;25 ,ii
26612,Ref 1,49.661,24380,11649488.0,65.521573,1805338.4,391.2840609,IT=25;25 ,ii
26613,Ref 1,32.077,21584,13984426.0,65.525463,2249367.8,391.2840051,IT=16;16 ,ii
26614,Ref 1,38.289,23064,13916300.0,65.5297,2194703.5,391.2840995,IT=19;19 ,ii
26615,Ref 1,47.198,24884,12047606.0,65.534013,1878844.0,391.2840667,IT=24;24 ,ii
26616,Ref 1,37.017,23576,13917704.0,65.53784,2251118.2,391.2839579,IT=19;19 ,ii
26617,Ref 1,41.767,24756,13371989.0,65.542086,2109926.0,391.2841026,IT=21;21 ,ii
26618,Ref 1,50.000,25240,12328364.0,65.546392,1920084.4,391.2841334,IT=25;25 ,ii
26619,Ref 1,50.000,26724,12317195.0,65.550561,1924910.5,391.2841489,IT=25;25 ,ii
26620,Ref 1,42.109,24924,13472076.0,65.55443,2122774.8,391.2840021,IT=21;21 ,ii
26621,Ref 1,41.528,22928,11087589.0,65.558594,1739743.4,391.2840278,IT=21;21 ,ii
26622,Ref 1,42.244,24872,13511253.0,65.562782,2140146.8,391.2839913,IT=21;21 ,ii
26623,Ref 1,33.040,21716,13640413.0,65.566813,2150030.8,391.2840685,IT=17;17 ,ii
26624,Ref 1,49.935,26692,12468349.0,65.571069,1898595.1,391.2841313,IT=25;25 ,ii
26625,Ref 1,46.101,25400,13705310.0,65.575179,2152739.2,391.2839287,IT=23;23 ,ii
26626,Ref 1,39.274,24140,12797294.0,65.579246,2002973.4,391.2840364,IT=20;20 ,ii
26627,Ref 1,45.129,26176,12998395.0,65.583527,2011881.8,391.2839413,IT=23;23 ,ii
26628,Ref 1,40.224,22604,13911757.0,65.587625,2210876.8,391.2840086,IT=20;20 ,ii
26629,Ref 1,50.000,27440,12860994.0,65.592083,1933637.4,391.2841315,IT=25;25 ,ii
26630,Ref 1,43.850,27132,12758326.0,65.596152,1898773.2,391.283964,IT=22;22 ,ii
26631,Ref 1,50.000,24724,12224826.0,65.60044,1914128.5,391.2840344,IT=25;25 ,ii
26632,Ref 1,43.523,25108,14035813.0,65.604502,2197820.8,391.2839184,IT=22;22 ,ii
26633,Ref 1,42.134,23624,12646644.0,65.608658,1952099.4,391.2839964,IT=21;21 ,ii
26634,Ref 1,43.489,24572,12311729.0,65.612694,1908118.9,391.2840106,IT=22;22 ,ii
26635,Ref 1,33.013,20496,13442327.0,65.616706,2105032.5,391.2840291,IT=17;17 ,ii
26636,Ref 1,37.662,21772,12172098.0,65.620942,1880628.4,391.2840941,IT=19;19 ,ii
26637,Ref 1,50.000,27740,12984308.0,65.625319,2032481.1,391.2839638,IT=25;25 ,ii
26638,Ref 1,41.492,24976,13774600.0,65.629189,2192365.5,391.2839585,IT=21;21 ,ii
26639,Ref 1,47.692,25188,11883426.0,65.633467,1812131.8,391.283996,IT=24;24 ,ii
26640,Ref 1,50.000,28408,13022351.0,65.637681,2005278.9,391.2840265,IT=25;25 ,ii
26641,Ref 1,50.000,27764,14189118.0,65.641852,2221243.2,391.2840445,IT=25;25 ,ii
26642,Ref 1,39.055,23924,13120998.0,65.645858,2031392.9,391.2840482,IT=20;20 ,ii
26643,Ref 1,50.000,27316,12907474.0,65.650218,2033982.4,391.2840857,IT=25;25 ,ii
26644,Ref 1,43.173,25552,13550193.0,65.654273,2103714.5,391.2840138,IT=22;22 ,ii
26645,Ref 1,50.000,25780,12136127.0,65.65856,1871387.5,391.2839925,IT=25;25 ,ii
26646,Ref 1,48.468,26072,12625266.0,65.662702,1964167.9,391.2839965,IT=24;24 ,ii
26647,Ref 1,39.645,22528,13138342.0,65.666552,2082537.4,391.2840542,IT=20;20 ,ii
26648,Ref 1,50.000,25876,11862092.0,65.6709,1829669.8,391.2840916,IT=25;25 ,ii
26649,Ref 1,43.025,26788,13151499.0,65.675241,2045427.9,391.2840501,IT=22;22 ,ii
26650,Ref 1,43.289,26812,13424041.0,65.679418,2094047.4,391.2840189,IT=22;22 ,ii
26651,Ref 1,50.000,26544,12266313.0,65.683704,1887419.6,391.2840561,IT=25;25 ,ii
26652,Ref 1,42.953,24196,13654523.0,65.687583,2197461.2,391.2840442,IT=21;21 ,ii
26653,Ref 1,47.967,24640,13653386.0,65.691841,2155417.5,391.2840624,IT=24;24 ,ii
26654,Ref 1,45.470,22732,11620813.0,65.69597,1831860.8,391.2841104,IT=23;23 ,ii
26655,Ref 1,45.800,26692,13707671.0,65.700154,2183051.5,391.2839119,IT=23;23 ,ii
26656,Ref 1,44.053,26932,14644562.0,65.704131,2313923.2,391.2839598,IT=22;22 ,ii
26657,Ref 1,44.149,27284,12426082.0,65.708306,1909475.9,391.2839653,IT=22;22 ,ii
26658,Ref 1,45.182,25256,12916622.0,65.712497,2028285.5,391.2840056,IT=23;23 ,ii
26659,Ref 1,43.214,24728,12484779.0,65.716639,1950104.8,391.2839821,IT=22;22 ,ii
26660,Ref 1,50.000,25824,12180724.0,65.720935,1829761.9,391.2840909,IT=25;25 ,ii
26661,Ref 1,50.000,26092,11937656.0,65.724937,1841987.1,391.284031,IT=25;25 ,ii
26662,Ref 1,50.000,27100,13609004.0,65.729091,2141321.2,391.2839795,IT=25;25 ,ii
26663,Ref 1,50.000,27352,13726715.0,65.73326,2141340.2,391.2839971,IT=25;25 ,ii
26664,Ref 1,42.240,25232,12285805.0,65.737299,1891882.6,391.2839193,IT=21;21 ,ii
26665,Ref 1,50.000,28436,14461352.0,65.741428,2270571.5,391.2839863,IT=25;25 ,ii
26666,Ref 1,50.000,25208,12289648.0,65.745601,1871648.0,391.2840913,IT=25;25 ,ii
26667,Ref 1,49.690,24956,11755960.0,65.749784,1834955.2,391.2840985,IT=25;25 ,ii
26668,Ref 1,34.658,23500,13983866.0,65.753703,2188550.2,391.2839523,IT=17;17 ,ii
26669,Ref 1,50.000,29008,13850845.0,65.758134,2126423.2,391.2840376,IT=25;25 ,ii
26670,Ref 1,50.000,27156,12328351.0,65.762145,1921466.1,391.2840808,IT=25;25 ,ii
26671,Ref 1,40.567,23204,14042333.0,65.766162,2308543.8,391.2840837,IT=20;20 ,ii
26672,Ref 1,30.405,20120,13935035.0,65.770176,2213551.0,391.2839922,IT=15;15 ,ii
26673,Ref 1,49.155,23940,11531816.0,65.774624,1803594.6,391.2841783,IT=25;25 ,ii
26674,Ref 1,50.000,27328,13273225.0,65.778649,2084445.2,391.2841145,IT=25;25 ,ii
26675,Ref 1,41.614,22604,12596897.0,65.782686,1980457.9,391.2840446,IT=21;21 ,ii
26676,Ref 1,50.000,25340,12622279.0,65.787009,1944670.0,391.2839408,IT=25;25 ,ii
26677,Ref 1,39.331,23396,14093001.0,65.791011,2278752.8,391.2840879,IT=20;20 ,ii
26678,Ref 1,47.167,29092,13728074.0,65.795322,2104283.8,391.2840798,IT=24;24 ,ii
26679,Ref 1,50.000,26500,12735025.0,65.79938,1991498.9,391.2840112,IT=25;25 ,ii
26680,Ref 1,50.000,26872,13436382.0,65.803563,2158612.8,391.2839604,IT=25;25 ,ii
26681,Ref 1,50.000,24904,12350180.0,65.807744,1895769.0,391.2839929,IT=25;25 ,ii
26682,Ref 1,50.000,25344,12112848.0,65.811919,1838078.4,391.2840447,IT=25;25 ,ii
26683,Ref 1,43.772,25632,12900367.0,65.815828,2055084.9,391.2839249,IT=22;22 ,ii
26684,Ref 1,42.933,25592,13837804.0,65.819999,2175138.2,391.2839709,IT=21;21 ,ii
26685,Ref 1,50.000,26000,12365249.0,65.824299,1919938.6,391.2840765,IT=25;25 ,ii
26686,Ref 1,40.112,23448,13553559.0,65.828311,2146029.2,391.2839787,IT=20;20 ,ii
26687,Ref 1,46.970,25620,13797297.0,65.83243,2157779.0,391.2838606,IT=23;23 ,ii
26688,Ref 1,42.684,24876,12367642.0,65.836538,1915511.1,391.2839231,IT=21;21 ,ii
26689,Ref 1,44.796,25420,13636210.0,65.840909,2159981.5,391.2839443,IT=22;22 ,ii
26690,Ref 1,48.239,25808,12923583.0,65.845155,1999762.6,391.2838774,IT=24;24 ,ii
26691,Ref 1,50.000,24780,11267354.0,65.849367,1727057.5,391.2839693,IT=25;25 ,ii
26692,Ref 1,49.835,25672,12507449.0,65.853361,1957472.8,391.2838922,IT=25;25 ,ii
26693,Ref 1,43.663,24060,13209745.0,65.857438,2048409.2,391.2837192,IT=22;22 ,ii
26694,Ref 1,50.000,26372,12008481.0,65.861729,1873647.2,391.2839392,IT=25;25 ,ii
26695,Ref 1,50.000,28128,12966399.0,65.865907,2002073.5,391.2839111,IT=25;25 ,ii
26696,Ref 1,42.289,25772,14193384.0,65.869946,2227033.5,391.2839651,IT=21;21 ,ii
26697,Ref 1,50.000,25252,11275453.0,65.874086,1707316.2,391.284164,IT=25;25 ,ii
26698,Ref 1,35.852,23048,14331415.0,65.878029,2307804.2,391.2839005,IT=18;18 ,ii
26699,Ref 1,50.000,27008,13095668.0,65.882419,2026650.0,391.2840516,IT=25;25 ,ii
26700,Ref 1,40.339,23272,11122074.0,65.886429,1678838.6,391.2841576,IT=20;20 ,ii
26701,Ref 1,50.000,22560,12116805.0,65.890586,1931288.1,391.2840961,IT=25;25 ,ii
26702,Ref 1,38.177,22168,14376600.0,65.894563,2239788.8,391.2841115,IT=19;19 ,ii
26703,Ref 1,50.000,24408,12118942.0,65.89894,1901543.4,391.2840445,IT=25;25 ,ii
26704,Ref 1,47.716,28116,13911594.0,65.903085,2169842.2,391.2839773,IT=24;24 ,ii
26705,Ref 1,43.423,25064,13537398.0,65.907042,2100865.8,391.284046,IT=22;22 ,ii
26706,Ref 1,35.910,20840,11543120.0,65.91109,1829322.6,391.2840191,IT=18;18 ,ii
26707,Ref 1,50.000,27940,13891718.0,65.915485,2222979.5,391.2840346,IT=25;25 ,ii
26708,Ref 1,50.000,28428,13637480.0,65.919662,2101273.5,391.2840651,IT=25;25 ,ii
26709,Ref 1,37.299,22924,13310806.0,65.923906,2112554.5,391.2840697,IT=19;19 ,ii
26710,Ref 1,50.000,26684,13153300.0,65.928281,2110748.2,391.2840833,IT=25;25 ,ii
26711,Ref 1,43.017,24436,13624849.0,65.932329,2158716.0,391.2840506,IT=22;22 ,ii
26712,Ref 1,48.104,26400,13031866.0,65.936589,1976966.0,391.2841025,IT=24;24 ,ii
26713,Ref 1,39.467,24964,13937106.0,65.940619,2200158.5,391.2840193,IT=20;20 ,ii
26714,Ref 1,40.293,24428,13941842.0,65.944802,2189131.2,391.2840745,IT=20;20 ,ii
26715,Ref 1,45.899,25384,12913462.0,65.948912,1996474.6,391.2840995,IT=23;23 ,ii
26716,Ref 1,50.000,24416,12337599.0,65.953152,1929077.2,391.2840703,IT=25;25 ,ii
26717,Ref 1,44.932,25552,13584523.0,65.957233,2102871.2,391.2840283,IT=22;22 ,ii
26718,Ref 1,42.724,25900,12213066.0,65.961371,1882577.8,391.2840137,IT=21;21 ,ii
26719,Ref 1,38.664,22416,12938730.0,65.965306,2088793.4,391.2839635,IT=19;19 ,ii
26720,Ref 1,41.108,23036,12910469.0,65.969512,2041082.8,391.2839238,IT=21;21 ,ii
26721,Ref 1,43.920,24336,12306255.0,65.973739,1911191.9,391.2840632,IT=22;22 ,ii
26722,Ref 1,36.571,22272,14154902.0,65.977789,2287699.8,391.2839277,IT=18;18 ,ii
26723,Ref 1,39.492,25160,14155439.0,65.981995,2290532.8,391.283925,IT=20;20 ,ii
26724,Ref 1,43.796,23876,12074475.0,65.986058,1896491.1,391.2839333,IT=22;22 ,ii
26725,Ref 1,50.000,26100,12219723.0,65.990335,1944076.6,391.2840667,IT=25;25 ,ii
26726,Ref 1,37.149,22764,14209929.0,65.994291,2286714.8,391.2839384,IT=19;19 ,ii
26727,Ref 1,41.426,24932,12939575.0,65.998531,2021588.8,391.2839346,IT=21;21 ,ii
26728,Ref 1,43.754,25692,13838764.0,66.002579,2176272.2,391.2839069,IT=22;22 ,ii
26729,Ref 1,50.000,26992,13828223.0,66.006858,2188877.8,391.2840052,IT=25;25 ,ii
26730,Ref 1,45.680,25856,12909729.0,66.011241,1986326.8,391.2840117,IT=23;23 ,ii
26731,Ref 1,44.250,22824,11792846.0,66.015397,1863727.5,391.2839763,IT=22;22 ,ii
26732,Ref 1,42.233,25620,13927911.0,66.019539,2190692.2,391.2839083,IT=21;21 ,ii
26733,Ref 1,50.000,27192,12286364.0,66.023672,1895622.9,391.283909,IT=25;25 ,ii
26734,Ref 1,38.644,24152,14003908.0,66.027668,2208344.2,391.2838957,IT=19;19 ,ii
26735,Ref 1,39.691,25264,14475938.0,66.031849,2310009.2,391.2838972,IT=20;20 ,ii
26736,Ref 1,41.636,24956,12230288.0,66.036064,1890811.4,391.2839826,IT=21;21 ,ii
26737,Ref 1,44.926,24396,13252649.0,66.040126,2136075.2,391.2838562,IT=22;22 ,ii
26738,Ref 1,45.704,27008,14046460.0,66.04433,2203441.5,391.2837982,IT=23;23 ,ii
26739,Ref 1,39.511,22140,12964360.0,66.048412,2066667.6,391.2839195,IT=20;20 ,ii
26740,Ref 1,50.000,27080,12919985.0,66.05277,1985819.2,391.2838601,IT=25;25 ,ii
26741,Ref 1,45.597,26428,13715067.0,66.056874,2200220.5,391.2838981,IT=23;23 ,ii
26742,Ref 1,50.000,27244,13026266.0,66.060947,2021239.1,391.283882,IT=25;25 ,ii
26743,Ref 1,46.442,26004,12588169.0,66.065062,1990405.5,391.283824,IT=23;23 ,ii
26744,Ref 1,43.570,26140,13616299.0,66.069182,2138350.2,391.2838374,IT=22;22 ,ii
26745,Ref 1,40.240,22740,13965567.0,66.073297,2208957.2,391.2838731,IT=20;20 ,ii
26746,Ref 1,50.000,23912,11865236.0,66.077453,1835377.2,391.2839063,IT=25;25 ,ii
26747,Ref 1,50.000,29396,13878582.0,66.081624,2165544.8,391.2839259,IT=25;25 ,ii
26748,Ref 1,46.125,25968,11807540.0,66.085728,1805735.8,391.2840892,IT=23;23 ,ii
26749,Ref 1,48.275,25648,12395063.0,66.089943,1949816.8,391.2840127,IT=24;24 ,ii
26750,Ref 1,50.000,25176,12496538.0,66.094399,1990757.0,391.2840366,IT=25;25 ,ii
26751,Ref 1,42.527,25804,13718121.0,66.09844,2157678.5,391.283931,IT=21;21 ,ii
26752,Ref 1,48.857,25692,12128170.0,66.10272,1924421.0,391.2839647,IT=24;24 ,ii
26753,Ref 1,38.547,23368,12753777.0,66.106713,2013036.9,391.2840211,IT=19;19 ,ii
26754,Ref 1,47.770,28284,14237614.0,66.111032,2201975.5,391.2840114,IT=24;24 ,ii
26755,Ref 1,50.000,27764,13037418.0,66.115067,2023003.2,391.2840531,IT=25;25 ,ii
26756,Ref 1,45.807,25332,13562263.0,66.119163,2174707.2,391.2838782,IT=23;23 ,ii
26757,Ref 1,37.988,22876,14049299.0,66.123209,2187336.2,391.2841056,IT=19;19 ,ii
26758,Ref 1,46.102,25380,12536961.0,66.127507,1936042.2,391.2839444,IT=23;23 ,ii
26759,Ref 1,43.515,24272,13169835.0,66.131636,2087267.1,391.2840092,IT=22;22 ,ii
26760,Ref 1,29.024,19884,14371104.0,66.135394,2295730.8,391.2839796,IT=15;15 ,ii
26761,Ref 1,40.992,23344,13199362.0,66.139711,2087519.6,391.2839775,IT=20;20 ,ii
26762,Ref 1,37.504,23780,15586290.0,66.143838,2509268.0,391.2838726,IT=19;19 ,ii
26763,Ref 1,37.416,23040,13736474.0,66.148001,2141113.0,391.2839757,IT=19;19 ,ii
26764,Ref 1,50.000,26624,12401122.0,66.152207,1894564.5,391.2840215,IT=25;25 ,ii
26765,Ref 1,39.531,22680,13768263.0,66.156209,2229432.5,391.2839135,IT=20;20 ,ii
26766,Ref 1,36.679,23712,14106244.0,66.160348,2217420.8,391.2839978,IT=18;18 ,ii
26767,Ref 1,43.383,23744,11461173.0,66.164617,1760108.5,391.2840303,IT=22;22 ,ii
26768,Ref 1,42.344,24176,12740967.0,66.168784,2027566.5,391.284076,IT=21;21 ,ii
26769,Ref 1,43.881,24908,14199455.0,66.172809,2245888.5,391.2839926,IT=22;22 ,ii
26770,Ref 1,40.022,22720,12008196.0,66.177107,1852983.8,391.2841117,IT=20;20 ,ii
26771,Ref 1,50.000,26648,12485891.0,66.18145,1965621.0,391.2840296,IT=25;25 ,ii
26772,Ref 1,38.733,22852,12900324.0,66.185438,1985405.8,391.2840064,IT=19;19 ,ii
26773,Ref 1,50.000,25620,12487347.0,66.189623,1939396.9,391.2839688,IT=25;25 ,ii
26774,Ref 1,49.545,26912,13512402.0,66.193798,2124252.2,391.2839943,IT=25;25 ,ii
26775,Ref 1,38.222,22280,14064981.0,66.197784,2279004.0,391.2840509,IT=19;19 ,ii
26776,Ref 1,41.938,24836,12388420.0,66.202021,1870227.1,391.2840286,IT=21;21 ,ii
26777,Ref 1,50.000,26284,14031273.0,66.20634,2202330.5,391.2840686,IT=25;25 ,ii
26778,Ref 1,37.201,22684,13757662.0,66.210138,2224690.0,391.2840613,IT=19;19 ,ii
26779,Ref 1,50.000,25356,12515506.0,66.21451,1970760.5,391.2840455,IT=25;25 ,ii
26780,Ref 1,42.848,24320,13304011.0,66.218569,2091082.6,391.2839781,IT=21;21 ,ii
26781,Ref 1,43.944,24316,13819017.0,66.222761,2225960.5,391.28392,IT=22;22 ,ii
26782,Ref 1,39.248,22064,12469012.0,66.226865,1975803.9,391.2840211,IT=20;20 ,ii
26783,Ref 1,50.000,27804,14169083.0,66.231221,2249310.5,391.2840547,IT=25;25 ,ii
26784,Ref 1,46.220,24664,13917585.0,66.235325,2203637.8,391.2840408,IT=23;23 ,ii
26785,Ref 1,46.453,24024,11286862.0,66.2395,1742020.8,391.2840997,IT=23;23 ,ii
26786,Ref 1,38.961,22472,12861307.0,66.243548,2053651.0,391.2840852,IT=19;19 ,ii
26787,Ref 1,39.409,23152,15092100.0,66.247548,2473166.2,391.2840144,IT=20;20 ,ii
26788,Ref 1,47.865,27000,12374128.0,66.251856,1951661.6,391.2840393,IT=24;24 ,ii
26789,Ref 1,43.763,23956,13171845.0,66.255956,2102012.0,391.2840565,IT=22;22 ,ii
26790,Ref 1,50.000,29576,14502737.0,66.260414,2205018.5,391.2840614,IT=25;25 ,ii
26791,Ref 1,43.906,25096,12498498.0,66.264481,1918048.9,391.2840127,IT=22;22 ,ii
26792,Ref 1,50.000,27184,12425580.0,66.268585,1920704.6,391.2840151,IT=25;25 ,ii
26793,Ref 1,42.059,23848,13191764.0,66.272621,2098774.8,391.2839726,IT=21;21 ,ii
26794,Ref 1,50.000,27268,12514769.0,66.276931,1931153.6,391.2839842,IT=25;25 ,ii
26795,Ref 1,50.000,25024,12636664.0,66.281118,2005603.2,391.2839314,IT=25;25 ,ii
26796,Ref 1,36.325,21500,12955347.0,66.284885,2025326.2,391.2839937,IT=18;18 ,ii
26797,Ref 1,47.813,24184,12729538.0,66.289233,1979607.5,391.2839496,IT=24;24 ,ii
26798,Ref 1,40.424,23620,13958858.0,66.293293,2249507.8,391.2839167,IT=20;20 ,ii
26799,Ref 1,45.743,23428,13191298.0,66.297558,2119555.5,391.2839486,IT=23;23 ,ii
26800,Ref 1,38.920,24080,12632837.0,66.301464,1937887.8,391.2837711,IT=19;19 ,ii
26801,Ref 1,36.789,20476,11503934.0,66.305608,1815874.8,391.2839719,IT=18;18 ,ii
26802,Ref 1,38.155,22320,13617833.0,66.309789,2134188.2,391.2839585,IT=19;19 ,ii
26803,Ref 1,31.634,19176,12214350.0,66.313854,1893824.6,391.2839214,IT=16;16 ,ii
26804,Ref 1,32.687,19608,12252534.0,66.318008,1947301.1,391.283968,IT=16;16 ,ii
26805,Ref 1,47.856,25012,13405975.0,66.322239,2120398.8,391.2839339,IT=24;24 ,ii
26806,Ref 1,47.601,25696,12566626.0,66.326416,1894174.4,391.2840127,IT=24;24 ,ii
26807,Ref 1,49.150,25988,13034627.0,66.330628,2075088.6,391.2838794,IT=25;25 ,ii
26808,Ref 1,45.891,24816,14212145.0,66.334753,2269028.2,391.2839575,IT=23;23 ,ii
26809,Ref 1,50.000,26888,12985400.0,66.33883,1986685.9,391.2840625,IT=25;25 ,ii
26810,Ref 1,35.109,22728,13545857.0,66.343043,2163430.5,391.2839197,IT=18;18 ,ii
26811,Ref 1,48.554,25932,13535006.0,66.347424,2159092.8,391.2840166,IT=24;24 ,ii
26812,Ref 1,50.000,24552,12486402.0,66.351633,1923936.6,391.2840553,IT=25;25 ,ii
26813,Ref 1,50.000,24948,12023474.0,66.355807,1888450.8,391.2839762,IT=25;25 ,ii
26814,Ref 1,38.302,25504,14807438.0,66.359616,2346684.2,391.2838835,IT=19;19 ,ii
26815,Ref 1,44.786,25736,12825208.0,66.363889,1969447.9,391.2839973,IT=22;22 ,ii
26816,Ref 1,43.061,23824,13011914.0,66.368043,2055697.5,391.2839638,IT=22;22 ,ii
26817,Ref 1,39.989,21172,12652867.0,66.372172,2029443.6,391.2839048,IT=20;20 ,ii
26818,Ref 1,47.238,25672,13036231.0,66.376303,2014130.6,391.2839752,IT=24;24 ,ii
26819,Ref 1,50.000,24188,12067661.0,66.380534,1894599.9,391.2839385,IT=25;25 ,ii
26820,Ref 1,46.288,24752,14492921.0,66.384639,2334483.2,391.2838468,IT=23;23 ,ii
26821,Ref 1,39.980,24948,12663538.0,66.38872,1921129.8,391.2838547,IT=20;20 ,ii
26822,Ref 1,47.830,23544,11658235.0,66.39302,1821830.5,391.2839403,IT=24;24 ,ii
26823,Ref 1,40.711,23980,13354961.0,66.397082,2116035.0,391.284006,IT=20;20 ,ii
26824,Ref 1,41.808,24624,13427704.0,66.401274,2097953.0,391.2839277,IT=21;21 ,ii
26825,Ref 1,46.330,28200,13655727.0,66.405522,2193748.8,391.283905,IT=23;23 ,ii
26826,Ref 1,48.907,26200,13612033.0,66.409738,2133928.8,391.2839541,IT=24;24 ,ii
26827,Ref 1,42.160,24528,12008820.0,66.413624,1833903.5,391.2840231,IT=21;21 ,ii
26828,Ref 1,50.000,25796,12008579.0,66.417928,1899808.2,391.2840302,IT=25;25 ,ii
26829,Ref 1,39.369,21752,13867937.0,66.421917,2268308.8,391.2840602,IT=20;20 ,ii
26830,Ref 1,40.208,24176,14345037.0,66.426205,2258586.0,391.2839351,IT=20;20 ,ii
26831,Ref 1,48.968,26096,12898174.0,66.430534,2031635.6,391.2839711,IT=24;24 ,ii
26832,Ref 1,37.533,20660,12722138.0,66.43434,2021878.5,391.2840659,IT=19;19 ,ii
26833,Ref 1,31.598,18564,13148745.0,66.438401,2103045.2,391.2841173,IT=16;16 ,ii
26834,Ref 1,50.000,25480,11875638.0,66.44284,1851006.1,391.284025,IT=25;25 ,ii
26835,Ref 1,37.004,23096,13719422.0,66.446805,2232341.2,391.2840591,IT=19;19 ,ii
26836,Ref 1,31.404,21924,14780570.0,66.450707,2355982.8,391.284002,IT=16;16 ,ii
26837,Ref 1,46.464,23480,11495259.0,66.455109,1764579.6,391.2840606,IT=23;23 ,ii
26838,Ref 1,30.858,20904,15033043.0,66.459028,2443218.2,391.2839788,IT=15;15 ,ii
26839,Ref 1,39.368,23088,13231479.0,66.463309,2084227.9,391.2839652,IT=20;20 ,ii
26840,Ref 1,42.127,23152,13006036.0,66.467536,2082932.4,391.2839509,IT=21;21 ,ii
26841,Ref 1,48.805,25048,12974047.0,66.471655,2053550.2,391.2839712,IT=24;24 ,ii
26842,Ref 1,45.220,24620,13336072.0,66.475782,2107650.8,391.2839487,IT=23;23 ,ii
26843,Ref 1,50.000,23568,11456641.0,66.480042,1767298.2,391.2839986,IT=25;25 ,ii
26844,Ref 1,36.671,22612,13046330.0,66.483996,2065166.4,391.2840237,IT=18;18 ,ii
26845,Ref 1,44.004,23848,13393507.0,66.488102,2134573.5,391.284001,IT=22;22 ,ii
26846,Ref 1,43.349,20972,11265602.0,66.492273,1767314.8,391.2841156,IT=22;22 ,ii
26847,Ref 1,44.841,24528,13938513.0,66.496482,2239304.8,391.2839816,IT=22;22 ,ii
26848,Ref 1,46.920,26524,13441669.0,66.500698,2082543.0,391.2839956,IT=23;23 ,ii
26849,Ref 1,50.000,25520,11614258.0,66.504931,1798940.0,391.2840049,IT=25;25 ,ii
26850,Ref 1,50.000,26252,12886978.0,66.509388,2018867.4,391.2838992,IT=25;25 ,ii
26851,Ref 1,41.847,25832,14599351.0,66.513419,2278688.2,391.2838739,IT=21;21 ,ii
26852,Ref 1,50.000,26176,11928181.0,66.517727,1796604.1,391.2839626,IT=25;25 ,ii
26853,Ref 1,39.930,23416,13621290.0,66.521729,2172609.8,391.2839615,IT=20;20 ,ii
26854,Ref 1,50.000,24976,13146887.0,66.5259,2081890.4,391.2840128,IT=25;25 ,ii
26855,Ref 1,50.000,25956,12384526.0,66.530077,1898262.2,391.2839611,IT=25;25 ,ii
26856,Ref 1,32.647,19664,13755749.0,66.533956,2254806.5,391.2840451,IT=16;16 ,ii
26857,Ref 1,43.424,23788,13498904.0,66.538273,2128105.2,391.2839695,IT=22;22 ,ii
26858,Ref 1,42.989,22984,11548554.0,66.54245,1759382.4,391.2841815,IT=21;21 ,ii
26859,Ref 1,43.888,24800,11977526.0,66.546462,1929735.8,391.2841445,IT=22;22 ,ii
26860,Ref 1,36.008,22396,14726197.0,66.550502,2398605.2,391.2840622,IT=18;18 ,ii
26861,Ref 1,43.708,24308,12499213.0,66.554781,1973567.4,391.2840607,IT=22;22 ,ii
26862,Ref 1,42.809,22648,11803546.0,66.558939,1834001.9,391.2841168,IT=21;21 ,ii
26863,Ref 1,37.098,22184,13528832.0,66.563023,2156474.2,391.2841317,IT=19;19 ,ii
26864,Ref 1,50.000,26320,12037837.0,66.567396,1832097.9,391.2841844,IT=25;25 ,ii
26865,Ref 1,48.383,25840,12363500.0,66.571535,1905951.1,391.2841377,IT=24;24 ,ii
26866,Ref 1,37.281,23336,13288902.0,66.575523,2138496.0,391.2840913,IT=19;19 ,ii
26867,Ref 1,49.120,25708,12228748.0,66.579879,1915946.8,391.2841537,IT=25;25 ,ii
26868,Ref 1,41.412,24608,12961870.0,66.58375,2061881.1,391.2840805,IT=21;21 ,ii
26869,Ref 1,45.150,26464,13747745.0,66.587981,2175815.5,391.2841382,IT=23;23 ,ii
26870,Ref 1,48.385,25160,13064919.0,66.592423,2022843.0,391.2841399,IT=24;24 ,ii
26871,Ref 1,43.589,23772,12088712.0,66.59651,1884002.8,391.2841544,IT=22;22 ,ii
26872,Ref 1,35.487,22676,14727015.0,66.60055,2352253.8,391.2840204,IT=18;18 ,ii
26873,Ref 1,34.263,21176,13478213.0,66.604506,2136514.8,391.2840153,IT=17;17 ,ii
26874,Ref 1,49.396,26084,12829560.0,66.60891,2014113.6,391.2841407,IT=25;25 ,ii
26875,Ref 1,42.835,25060,13229888.0,66.612979,2087022.0,391.2840567,IT=21;21 ,ii
26876,Ref 1,50.000,27356,12582477.0,66.617281,1979653.8,391.284116,IT=25;25 ,ii
26877,Ref 1,45.099,24796,12249176.0,66.62121,1917062.2,391.284086,IT=23;23 ,ii
26878,Ref 1,44.007,25360,13561671.0,66.625366,2139781.0,391.2840401,IT=22;22 ,ii
26879,Ref 1,37.790,20088,11764571.0,66.629447,1846005.1,391.2840994,IT=19;19 ,ii
26880,Ref 1,40.205,21228,12910911.0,66.633649,2128160.0,391.2840031,IT=20;20 ,ii
26881,Ref 1,38.836,21796,14632843.0,66.637633,2407638.8,391.2839744,IT=19;19 ,ii
26882,Ref 1,50.000,28488,12247054.0,66.641999,1849250.8,391.2841552,IT=25;25 ,ii
26883,Ref 1,38.250,22088,12284071.0,66.645985,1950627.4,391.2841509,IT=19;19 ,ii
26884,Ref 1,35.531,23856,15233990.0,66.650106,2444840.5,391.2840843,IT=18;18 ,ii
26885,Ref 1,41.048,23360,12052469.0,66.654355,1855054.8,391.2841024,IT=21;21 ,ii
26886,Ref 1,42.776,23728,12483360.0,66.658393,1937660.1,391.2839911,IT=21;21 ,ii
26887,Ref 1,39.803,24660,14835388.0,66.662516,2363388.2,391.2839171,IT=20;20 ,ii
26888,Ref 1,50.000,25992,12900510.0,66.66687,2007041.0,391.2840431,IT=25;25 ,ii
26889,Ref 1,48.701,24936,13476601.0,66.671026,2134992.8,391.2839988,IT=24;24 ,ii
26890,Ref 1,38.424,21716,13906919.0,66.675301,2238842.2,391.2839056,IT=19;19 ,ii
26891,Ref 1,49.792,25312,13357675.0,66.679668,2077375.5,391.2840234,IT=25;25 ,ii
26892,Ref 1,48.388,27016,13576824.0,66.683814,2107970.0,391.2840911,IT=24;24 ,ii
26893,Ref 1,39.136,22884,14452102.0,66.687826,2325119.8,391.2839035,IT=20;20 ,ii
26894,Ref 1,42.833,24148,12981700.0,66.692053,2008340.4,391.2839608,IT=21;21 ,ii
26895,Ref 1,34.206,19132,11523767.0,66.695909,1839312.6,391.2840054,IT=17;17 ,ii
26896,Ref 1,50.000,28196,13972430.0,66.70032,2185292.0,391.283883,IT=25;25 ,ii
26897,Ref 1,46.663,25876,13117911.0,66.70443,2062599.8,391.2839696,IT=23;23 ,ii
26898,Ref 1,50.000,26372,12059278.0,66.708659,1897650.5,391.2841233,IT=25;25 ,ii
26899,Ref 1,50.000,25700,12192455.0,66.712828,1934060.0,391.2839798,IT=25;25 ,ii
26900,Ref 1,44.748,25056,13397273.0,66.716915,2157907.5,391.2838471,IT=22;22 ,ii
26901,Ref 1,47.649,25300,12752142.0,66.721136,1965757.0,391.2839995,IT=24;24 ,ii
26902,Ref 1,44.344,25556,14005333.0,66.725253,2258230.0,391.284015,IT=22;22 ,ii
26903,Ref 1,46.101,24968,11824396.0,66.729457,1810410.4,391.2841465,IT=23;23 ,ii
26904,Ref 1,50.000,24492,11318568.0,66.733524,1735352.5,391.2841092,IT=25;25 ,ii
26905,Ref 1,45.524,23448,13332654.0,66.737626,2160595.8,391.2838983,IT=23;23 ,ii
26906,Ref 1,35.133,21792,12259499.0,66.741624,1879587.0,391.2840639,IT=18;18 ,ii
26907,Ref 1,40.322,24316,13617678.0,66.745859,2127497.5,391.2839699,IT=20;20 ,ii
26908,Ref 1,42.880,24880,13515334.0,66.75008,2117931.8,391.2839223,IT=21;21 ,ii
26909,Ref 1,46.833,27800,13495311.0,66.754149,2070530.4,391.2840696,IT=23;23 ,ii
26910,Ref 1,50.000,23636,11089412.0,66.758386,1793109.5,391.2841225,IT=25;25 ,ii
26911,Ref 1,40.054,23920,12698776.0,66.762384,2056291.1,391.2839759,IT=20;20 ,ii
26912,Ref 1,46.357,23264,13011179.0,66.766665,2070846.4,391.2839716,IT=23;23 ,ii
26913,Ref 1,47.077,24164,12256563.0,66.770678,1926695.8,391.2839388,IT=24;24 ,ii
26914,Ref 1,50.000,26028,13450018.0,66.774905,2082535.0,391.2839678,IT=25;25 ,ii
26915,Ref 1,46.512,23464,10956740.0,66.77903,1688377.2,391.2840469,IT=23;23 ,ii
26916,Ref 1,42.387,21972,11962234.0,66.783144,1884968.8,391.2840168,IT=21;21 ,ii
26917,Ref 1,45.687,25360,13630559.0,66.787207,2188687.0,391.2837972,IT=23;23 ,ii
26918,Ref 1,46.352,24308,13193504.0,66.791232,2075247.6,391.283966,IT=23;23 ,ii
26919,Ref 1,50.000,25204,12234372.0,66.795482,1939235.4,391.2840151,IT=25;25 ,ii
26920,Ref 1,48.119,25400,13679161.0,66.799638,2188134.8,391.283857,IT=24;24 ,ii
26921,Ref 1,35.108,19892,12987029.0,66.803604,2141721.2,391.2839318,IT=18;18 ,ii
26922,Ref 1,37.506,22432,11406857.0,66.807629,1786956.5,391.2839903,IT=19;19 ,ii
26923,Ref 1,50.000,25148,12730179.0,66.812013,2016292.6,391.2839361,IT=25;25 ,ii
26924,Ref 1,43.425,23352,14307225.0,66.816081,2282794.8,391.2838202,IT=22;22 ,ii
26925,Ref 1,36.150,21604,13183047.0,66.820148,2102534.0,391.2838824,IT=18;18 ,ii
26926,Ref 1,34.175,21140,14332458.0,66.824115,2390749.8,391.2837718,IT=17;17 ,ii
26927,Ref 1,50.000,24952,12821894.0,66.828533,2038479.2,391.2840496,IT=25;25 ,ii
26928,Ref 1,37.202,21704,13179265.0,66.832494,2035125.1,391.2839716,IT=19;19 ,ii
26929,Ref 1,42.820,24156,13189096.0,66.83676,2096575.5,391.2840328,IT=21;21 ,ii
26930,Ref 1,49.411,26748,12249482.0,66.841206,1876221.5,391.2840465,IT=25;25 ,ii
26931,Ref 1,39.974,24156,12678879.0,66.845229,1951765.1,391.2839079,IT=20;20 ,ii
26932,Ref 1,38.053,22624,13137265.0,66.849379,2101776.2,391.2838899,IT=19;19 ,ii
26933,Ref 1,49.209,25144,13140101.0,66.853737,2083600.9,391.2840079,IT=25;25 ,ii
26934,Ref 1,40.597,21832,12540896.0,66.857775,2012398.1,391.2839184,IT=20;20 ,ii
26935,Ref 1,39.496,23808,13433720.0,66.861765,2140291.8,391.2838981,IT=20;20 ,ii
26936,Ref 1,48.780,26280,13943757.0,66.866098,2201787.8,391.2839052,IT=24;24 ,ii
26937,Ref 1,44.729,21936,12028822.0,66.87021,1848600.9,391.2839453,IT=22;22 ,ii
26938,Ref 1,44.519,24024,14486506.0,66.874394,2297004.2,391.2838233,IT=22;22 ,ii
26939,Ref 1,41.519,23636,13286062.0,66.878527,2097961.2,391.2837834,IT=21;21 ,ii
26940,Ref 1,41.222,23096,12652144.0,66.882531,1966373.1,391.2839066,IT=21;21 ,ii
26941,Ref 1,50.000,25500,12677121.0,66.886852,2016692.4,391.2839735,IT=25;25 ,ii
26942,Ref 1,50.000,27608,14541811.0,66.891021,2322339.5,391.2839012,IT=25;25 ,ii
26943,Ref 1,37.890,24168,13705906.0,66.894985,2145004.8,391.2839758,IT=19;19 ,ii
26944,Ref 1,50.000,23704,12786443.0,66.899358,2057064.6,391.2840385,IT=25;25 ,ii
26945,Ref 1,36.807,22580,14598435.0,66.903137,2366259.5,391.2840138,IT=18;18 ,ii
26946,Ref 1,43.533,24996,12527479.0,66.907404,1920124.8,391.2840522,IT=22;22 ,ii
26947,Ref 1,49.537,25300,12637002.0,66.911691,1999557.9,391.2839804,IT=25;25 ,ii
26948,Ref 1,41.110,23168,14449297.0,66.915718,2338385.2,391.2839548,IT=21;21 ,ii
26949,Ref 1,50.000,27192,13532745.0,66.919872,2097400.8,391.2839112,IT=25;25 ,ii
26950,Ref 1,46.769,23216,11501325.0,66.924272,1787439.6,391.2840224,IT=23;23 ,ii
26951,Ref 1,50.000,26732,13638443.0,66.928497,2173825.0,391.2839076,IT=25;25 ,ii
26952,Ref 1,50.000,25872,12976330.0,66.93267,1954513.2,391.2839788,IT=25;25 ,ii
26953,Ref 1,42.152,24128,12999209.0,66.93671,2062916.0,391.2839006,IT=21;21 ,ii
26954,Ref 1,50.000,27476,13351466.0,66.940843,2099960.0,391.2839129,IT=25;25 ,ii
26955,Ref 1,37.743,23368,12615056.0,66.94481,1991594.1,391.2838663,IT=19;19 ,ii
26956,Ref 1,48.666,25404,13228411.0,66.94916,2067081.1,391.2838083,IT=24;24 ,ii
26957,Ref 1,42.220,23904,13481495.0,66.953237,2150090.2,391.2838294,IT=21;21 ,ii
26958,Ref 1,50.000,25324,12840840.0,66.957372,1984729.4,391.2838859,IT=25;25 ,ii
26959,Ref 1,50.000,24832,12381127.0,66.961541,1911998.2,391.2838494,IT=25;25 ,ii
26960,Ref 1,50.000,26748,13682441.0,66.965728,2142846.8,391.2838346,IT=25;25 ,ii
26961,Ref 1,40.116,22388,12776164.0,66.969728,2004427.4,391.2838248,IT=20;20 ,ii
26962,Ref 1,33.453,18616,11640463.0,66.973616,1843223.8,391.2839017,IT=17;17 ,ii
26963,Ref 1,43.026,25992,13878836.0,66.977924,2239297.2,391.2837597,IT=22;22 ,ii
26964,Ref 1,36.463,20688,12787083.0,66.981995,2007611.9,391.2838135,IT=18;18 ,ii
26965,Ref 1,50.000,25760,12617102.0,66.986385,2009536.2,391.2838084,IT=25;25 ,ii
26966,Ref 1,41.022,24148,13497567.0,66.990412,2184772.5,391.2837991,IT=21;21 ,ii
26967,Ref 1,43.589,22840,10976556.0,66.994451,1680465.6,391.283892,IT=22;22 ,ii
26968,Ref 1,41.905,23108,12503678.0,66.998607,1950112.6,391.2837254,IT=21;21 ,ii
