Scan Number,RAW File,Ion Injection Time (ms),Total Number of Peaks,Total Ion Current,Retention Time (s),Base Peak Intensity,Base Peak Mass,Multi Inject Info,Multiple Injection
1,Ref 2,50.000,82196,36122152.0,0.0028413945,1868128.4,391.2847665,IT=25;25 ,ii
5,Ref 2,33.636,68852,35529676.0,0.012676844,1929221.2,391.2836144,IT=17;17 ,ii
6,Ref 2,15.433,49428,43171828.0,0.016341326,2577204.8,391.2836507,IT=7.7;7.7 ,ii
7,Ref 2,18.816,50024,33379912.0,0.020535125,1809696.4,391.2836193,IT=9.4;9.4 ,ii
8,Ref 2,15.667,46648,38984648.0,0.024614228,2494962.0,391.2836321,IT=7.8;7.8 ,ii
9,Ref 2,14.498,44664,36431532.0,0.028724676,2146310.0,391.283702,IT=7.2;7.2 ,ii
10,Ref 2,35.410,70780,37634732.0,0.033099577,1998918.2,391.2835886,IT=18;18 ,ii
11,Ref 2,16.752,47268,33006106.0,0.036762108,1945888.5,391.2836613,IT=8.4;8.4 ,ii
12,Ref 2,23.569,57608,36229276.0,0.040924558,2021767.2,391.2836125,IT=12;12 ,ii
13,Ref 2,22.058,57684,36161824.0,0.04498706,1906185.5,391.2835073,IT=11;11 ,ii
14,Ref 2,17.336,49720,35057424.0,0.048976558,2024240.9,391.283672,IT=8.7;8.7 ,ii
15,Ref 2,18.551,51648,39031932.0,0.052880761,2254010.5,391.2835881,IT=9.3;9.3 ,ii
16,Ref 2,28.103,58460,31752162.0,0.057101509,1639109.6,391.2834952,IT=14;14 ,ii
17,Ref 2,15.188,47456,39742128.0,0.06099736,2385623.5,391.283547,IT=7.6;7.6 ,ii
18,Ref 2,21.079,50848,30302620.0,0.065128542,1667467.4,391.2835574,IT=11;11 ,ii
19,Ref 2,20.812,53264,33124324.0,0.069028542,1686939.0,391.2834369,IT=10;10 ,ii
20,Ref 2,36.590,70772,34381684.0,0.073363925,1872057.9,391.2834927,IT=18;18 ,ii
21,Ref 2,17.450,52164,39212424.0,0.077207575,2263237.0,391.2834744,IT=8.7;8.7 ,ii
22,Ref 2,23.131,55000,33392350.0,0.081357627,1677283.5,391.2834457,IT=12;12 ,ii
23,Ref 2,18.594,53576,40559388.0,0.085203458,2325665.0,391.2834051,IT=9.3;9.3 ,ii
24,Ref 2,27.540,62308,35352212.0,0.089411661,1985229.2,391.2834701,IT=14;14 ,ii
25,Ref 2,18.962,50932,33995376.0,0.093382475,1887561.1,391.2835655,IT=9.5;9.5 ,ii
26,Ref 2,18.959,48072,30318796.0,0.097451259,1701435.8,391.283639,IT=9.5;9.5 ,ii
27,Ref 2,17.826,51572,36590920.0,0.10132626,2133344.8,391.2835869,IT=8.9;8.9 ,ii
28,Ref 2,25.674,61060,38065408.0,0.10551791,2078305.9,391.2834629,IT=13;13 ,ii
29,Ref 2,21.504,58452,39220280.0,0.10954489,2202975.5,391.2834378,IT=11;11 ,ii
30,Ref 2,18.295,49912,34664160.0,0.11356574,2076217.8,391.2835227,IT=9.1;9.1 ,ii
31,Ref 2,26.700,62232,37493664.0,0.11759689,1988815.8,391.2834832,IT=13;13 ,ii
32,Ref 2,14.076,39248,28514300.0,0.12149069,1642248.1,391.2836783,IT=7;7 ,ii
33,Ref 2,22.928,57540,36402492.0,0.12564479,2064579.4,391.2833852,IT=11;11 ,ii
34,Ref 2,25.433,60144,36497924.0,0.12976147,1919548.6,391.2834536,IT=13;13 ,ii
35,Ref 2,22.700,54776,29996704.0,0.13365094,1545528.8,391.2835306,IT=11;11 ,ii
36,Ref 2,24.035,59228,35258884.0,0.13774896,1999990.4,391.283402,IT=12;12 ,ii
37,Ref 2,18.686,53356,36781732.0,0.14174467,2130082.2,391.283471,IT=9.3;9.3 ,ii
38,Ref 2,18.645,52236,36151680.0,0.14580928,1858588.0,391.2834051,IT=9.3;9.3 ,ii
39,Ref 2,17.748,45184,30628672.0,0.14968626,1840387.2,391.2836087,IT=8.9;8.9 ,ii
40,Ref 2,22.934,57760,37562996.0,0.15383008,2136023.8,391.2833758,IT=11;11 ,ii
41,Ref 2,21.820,57064,38209448.0,0.15789458,2106672.5,391.2835112,IT=11;11 ,ii
42,Ref 2,18.790,49980,35823128.0,0.16191961,2007319.9,391.2834999,IT=9.4;9.4 ,ii
43,Ref 2,16.560,49456,39083180.0,0.16578408,2255143.2,391.2835672,IT=8.3;8.3 ,ii
44,Ref 2,19.500,54496,37510824.0,0.16988196,2014565.9,391.2835153,IT=9.8;9.8 ,ii
45,Ref 2,21.331,54452,35794904.0,0.17398196,2028903.1,391.2835961,IT=11;11 ,ii
46,Ref 2,28.599,68572,38890160.0,0.17817366,2199489.8,391.2835606,IT=14;14 ,ii
47,Ref 2,25.673,61724,39329420.0,0.18207361,2100073.0,391.283514,IT=13;13 ,ii
48,Ref 2,30.185,67576,37738360.0,0.18625071,2042053.0,391.2834855,IT=15;15 ,ii
49,Ref 2,22.426,54920,35434420.0,0.19024228,2085569.8,391.2834962,IT=11;11 ,ii
50,Ref 2,19.121,43860,26519978.0,0.19426731,1382664.2,391.2836867,IT=9.6;9.6 ,ii
51,Ref 2,28.778,60732,32374270.0,0.19849016,1757076.1,391.2835736,IT=14;14 ,ii
52,Ref 2,23.490,58224,36123476.0,0.20235474,2028888.0,391.2835354,IT=12;12 ,ii
53,Ref 2,20.084,55312,38240044.0,0.20638176,1961195.1,391.2836023,IT=10;10 ,ii
54,Ref 2,23.133,53388,31477246.0,0.21050669,1719031.2,391.2836376,IT=12;12 ,ii
55,Ref 2,28.609,65860,36680692.0,0.21467964,2066718.4,391.2836667,IT=14;14 ,ii
56,Ref 2,20.739,55840,36498860.0,0.21849634,1942939.8,391.2836664,IT=10;10 ,ii
57,Ref 2,22.529,60236,41954140.0,0.22259834,2347359.8,391.2835894,IT=11;11 ,ii
58,Ref 2,23.816,60276,38316668.0,0.22669616,2124079.5,391.2836334,IT=12;12 ,ii
59,Ref 2,24.693,62804,39048220.0,0.23079833,1999761.6,391.283737,IT=12;12 ,ii
60,Ref 2,27.707,62128,32527020.0,0.23477111,1693081.0,391.2836462,IT=14;14 ,ii
61,Ref 2,27.340,62440,35464656.0,0.23887534,2028275.6,391.283654,IT=14;14 ,ii
62,Ref 2,25.143,59084,35735752.0,0.24294819,1899948.5,391.2836448,IT=13;13 ,ii
63,Ref 2,17.480,49688,36056544.0,0.24691901,2053303.2,391.2837117,IT=8.7;8.7 ,ii
64,Ref 2,35.936,71628,35628068.0,0.25111476,1945062.2,391.283643,IT=18;18 ,ii
65,Ref 2,22.470,56976,37241556.0,0.25503767,2065164.9,391.2836208,IT=11;11 ,ii
66,Ref 2,30.039,67696,34374672.0,0.25924806,1695889.9,391.2835762,IT=15;15 ,ii
67,Ref 2,27.401,61816,36825752.0,0.26332518,2068549.9,391.2836159,IT=14;14 ,ii
68,Ref 2,18.991,51740,36917336.0,0.26713134,2181902.0,391.2836655,IT=9.5;9.5 ,ii
69,Ref 2,24.072,65536,42833788.0,0.27127929,2208545.8,391.2835935,IT=12;12 ,ii
70,Ref 2,20.549,54304,34570516.0,0.27530838,1937734.9,391.2836085,IT=10;10 ,ii
71,Ref 2,23.406,56672,35637540.0,0.27942299,2099869.0,391.2836261,IT=12;12 ,ii
72,Ref 2,20.183,53020,37543360.0,0.28328538,1965340.6,391.2837389,IT=10;10 ,ii
73,Ref 2,19.265,53852,35781776.0,0.28734586,2097957.2,391.2836854,IT=9.6;9.6 ,ii
74,Ref 2,26.852,62904,37021536.0,0.29154163,2076599.6,391.2835467,IT=13;13 ,ii
75,Ref 2,28.622,60708,34293100.0,0.29567289,1758946.5,391.2835661,IT=14;14 ,ii
76,Ref 2,23.040,56944,34657024.0,0.29969363,1890294.0,391.2836161,IT=12;12 ,ii
77,Ref 2,22.712,58708,36827596.0,0.30360614,2065450.6,391.2836378,IT=11;11 ,ii
78,Ref 2,23.722,59308,37915776.0,0.30770404,1992391.9,391.2836694,IT=12;12 ,ii
79,Ref 2,24.321,61092,37444144.0,0.31179778,1977819.9,391.2836458,IT=12;12 ,ii
80,Ref 2,38.162,73392,34726716.0,0.31611851,1795984.5,391.2836935,IT=19;19 ,ii
81,Ref 2,21.972,54828,36512152.0,0.31983523,1945960.4,391.2836028,IT=11;11 ,ii
82,Ref 2,30.476,65680,35674476.0,0.32405392,1842481.0,391.2836191,IT=15;15 ,ii
83,Ref 2,23.341,59496,39911712.0,0.32805383,2269865.2,391.2836387,IT=12;12 ,ii
84,Ref 2,21.185,58644,39314484.0,0.33209969,2057368.6,391.283624,IT=11;11 ,ii
85,Ref 2,28.839,64432,35173632.0,0.33612874,1827287.0,391.2836122,IT=14;14 ,ii
86,Ref 2,25.801,62892,38378652.0,0.34019749,2180628.0,391.283573,IT=13;13 ,ii
87,Ref 2,22.964,61288,39517616.0,0.34424749,2086532.4,391.283554,IT=11;11 ,ii
88,Ref 2,18.856,49960,33435572.0,0.34825999,1833985.1,391.283594,IT=9.4;9.4 ,ii
89,Ref 2,28.107,66040,38572696.0,0.35230991,2177592.0,391.2835291,IT=14;14 ,ii
90,Ref 2,22.607,59844,37219648.0,0.35633289,2078711.5,391.2835624,IT=11;11 ,ii
91,Ref 2,31.812,69468,37571500.0,0.36056612,1883636.6,391.2834825,IT=16;16 ,ii
92,Ref 2,23.389,58440,37355600.0,0.36455778,2133975.8,391.2835588,IT=12;12 ,ii
93,Ref 2,22.140,57800,38708576.0,0.36846191,2266285.0,391.2835308,IT=11;11 ,ii
94,Ref 2,18.378,49656,33512532.0,0.37248071,1797809.6,391.2835733,IT=9.2;9.2 ,ii
95,Ref 2,20.321,58224,38658328.0,0.37656813,2278662.5,391.2835188,IT=10;10 ,ii
96,Ref 2,25.329,58836,35952728.0,0.38072023,1941040.9,391.2836039,IT=13;13 ,ii
97,Ref 2,35.318,71116,37925892.0,0.38482016,1904222.0,391.2835498,IT=18;18 ,ii
98,Ref 2,31.581,66420,34774840.0,0.38891184,1864249.2,391.2835649,IT=16;16 ,ii
99,Ref 2,26.880,64300,41656628.0,0.39296593,2403158.0,391.2835549,IT=13;13 ,ii
100,Ref 2,21.062,56584,37030976.0,0.39697638,1875618.6,391.2835166,IT=11;11 ,ii
101,Ref 2,39.770,74852,34458640.0,0.40136169,1788212.9,391.2836002,IT=20;20 ,ii
102,Ref 2,24.534,59908,37909572.0,0.40510134,2082321.9,391.2835597,IT=12;12 ,ii
103,Ref 2,23.590,56388,33795308.0,0.40917838,1744284.2,391.2835792,IT=12;12 ,ii
104,Ref 2,35.455,71520,36526352.0,0.41346368,1917418.8,391.2836071,IT=18;18 ,ii
105,Ref 2,21.770,57088,37400928.0,0.41738246,2041570.1,391.283594,IT=11;11 ,ii
106,Ref 2,19.372,50116,33007638.0,0.42126153,1737133.9,391.2836567,IT=9.7;9.7 ,ii
107,Ref 2,18.748,48320,33557732.0,0.42532199,1896870.5,391.2836396,IT=9.4;9.4 ,ii
108,Ref 2,19.973,51172,31223318.0,0.42939898,1763268.4,391.2836991,IT=10;10 ,ii
109,Ref 2,19.850,54136,38516872.0,0.43346776,2078428.1,391.2835545,IT=9.9;9.9 ,ii
110,Ref 2,21.475,54980,33926288.0,0.43739266,1758554.4,391.2835952,IT=11;11 ,ii
111,Ref 2,23.367,58040,36994904.0,0.44150312,2111612.2,391.2834801,IT=12;12 ,ii
112,Ref 2,21.463,55268,34456912.0,0.44555304,1874649.4,391.2836601,IT=11;11 ,ii
113,Ref 2,28.400,63280,35280920.0,0.44974474,1853287.2,391.2834928,IT=14;14 ,ii
114,Ref 2,45.657,78428,35801568.0,0.45398014,1918099.5,391.2835039,IT=23;23 ,ii
115,Ref 2,28.222,65548,37119260.0,0.45786973,2026904.9,391.2834848,IT=14;14 ,ii
116,Ref 2,23.438,57820,36383744.0,0.46190504,1851773.6,391.2835496,IT=12;12 ,ii
117,Ref 2,22.781,56960,34796988.0,0.46598421,1975484.6,391.2835516,IT=11;11 ,ii
118,Ref 2,24.949,61920,40132052.0,0.46992996,2204822.0,391.2835338,IT=12;12 ,ii
119,Ref 2,25.276,56652,30176038.0,0.47403834,1497183.9,391.2835148,IT=13;13 ,ii
120,Ref 2,28.385,67836,38268788.0,0.47818416,2118254.5,391.2835123,IT=14;14 ,ii
121,Ref 2,32.608,67256,36827340.0,0.48236748,2010102.1,391.2835071,IT=16;16 ,ii
122,Ref 2,28.942,62272,35039248.0,0.48627571,1756608.8,391.2834232,IT=14;14 ,ii
123,Ref 2,27.137,62132,35726984.0,0.49036531,2057305.8,391.2834958,IT=14;14 ,ii
124,Ref 2,20.754,50284,32259246.0,0.49436529,1882397.4,391.2835307,IT=10;10 ,ii
125,Ref 2,32.593,69472,37999856.0,0.49863184,1890922.5,391.2834574,IT=16;16 ,ii
126,Ref 2,28.212,64500,38178740.0,0.50269849,2088133.4,391.2834318,IT=14;14 ,ii
127,Ref 2,22.780,59968,40388796.0,0.50665481,2332515.5,391.2834982,IT=11;11 ,ii
129,Ref 2,31.912,65732,34771468.0,0.51096941,1717333.1,391.2835058,IT=16;16 ,ii
132,Ref 2,24.294,59532,35445540.0,0.51672139,1997830.4,391.2834052,IT=12;12 ,ii
133,Ref 2,27.518,63064,37531208.0,0.52087758,2022121.4,391.2834617,IT=14;14 ,ii
134,Ref 2,26.307,59976,34822524.0,0.52496094,1762371.2,391.2833841,IT=13;13 ,ii
135,Ref 2,23.911,58948,36772800.0,0.52885876,2104277.8,391.2834907,IT=12;12 ,ii
136,Ref 2,20.522,55664,36946352.0,0.53272129,2118456.2,391.2835487,IT=10;10 ,ii
137,Ref 2,22.517,55612,34604840.0,0.53682956,1798835.1,391.2835361,IT=11;11 ,ii
138,Ref 2,23.868,61140,37654668.0,0.54094416,2045493.1,391.2835086,IT=12;12 ,ii
139,Ref 2,26.474,65804,39476212.0,0.54508366,2197400.0,391.2835634,IT=13;13 ,ii
140,Ref 2,42.229,78432,36757668.0,0.54928148,1772603.6,391.2834684,IT=21;21 ,ii
141,Ref 2,23.972,59284,36654884.0,0.55316277,2054088.8,391.2835101,IT=12;12 ,ii
142,Ref 2,33.753,69536,37192304.0,0.55741478,2063734.2,391.2834841,IT=17;17 ,ii
143,Ref 2,25.896,62568,37279044.0,0.56142524,1903893.8,391.2835104,IT=13;13 ,ii
144,Ref 2,20.818,56872,39421648.0,0.56527106,2209663.5,391.283548,IT=10;10 ,ii
145,Ref 2,29.072,62852,34504768.0,0.56948146,1795452.6,391.2835834,IT=15;15 ,ii
146,Ref 2,18.856,50756,35503548.0,0.57343342,1878900.9,391.2835786,IT=9.4;9.4 ,ii
147,Ref 2,35.646,73060,37931540.0,0.57777721,1980515.2,391.2835751,IT=18;18 ,ii
148,Ref 2,30.592,67460,38246128.0,0.58167713,2051465.9,391.2835515,IT=15;15 ,ii
149,Ref 2,27.273,62156,35616260.0,0.58574803,1856730.8,391.2835442,IT=14;14 ,ii
150,Ref 2,25.794,63748,39679496.0,0.58982499,2126557.0,391.283427,IT=13;13 ,ii
151,Ref 2,21.077,55668,37916640.0,0.59384591,2231986.8,391.283561,IT=11;11 ,ii
152,Ref 2,22.739,59636,40838428.0,0.59778537,2226078.8,391.2835248,IT=11;11 ,ii
153,Ref 2,19.917,53740,36728032.0,0.60182711,2068406.8,391.2836236,IT=10;10 ,ii
154,Ref 2,28.052,63768,35968188.0,0.60604576,1986186.8,391.2836217,IT=14;14 ,ii
155,Ref 2,22.265,56580,37136376.0,0.61005414,2001901.4,391.283661,IT=11;11 ,ii
156,Ref 2,34.702,69716,32901822.0,0.61417486,1619921.2,391.2836552,IT=17;17 ,ii
157,Ref 2,27.140,59332,31918814.0,0.61819573,1691408.1,391.2836874,IT=14;14 ,ii
158,Ref 2,19.639,55728,39884568.0,0.62217481,2162641.5,391.2836582,IT=9.8;9.8 ,ii
159,Ref 2,37.614,69644,33384912.0,0.62653729,1687250.8,391.2835775,IT=19;19 ,ii
160,Ref 2,21.575,59796,40785608.0,0.63042476,2243945.5,391.2836713,IT=11;11 ,ii
161,Ref 2,26.406,63544,38991388.0,0.63442272,2119141.2,391.2836634,IT=13;13 ,ii
162,Ref 2,22.041,53728,34343540.0,0.63844139,1804793.2,391.2836409,IT=11;11 ,ii
163,Ref 2,27.320,64148,38187820.0,0.64260174,2124470.0,391.2836114,IT=14;14 ,ii
164,Ref 2,20.151,51736,35385576.0,0.64658508,1998573.0,391.2836859,IT=10;10 ,ii
165,Ref 2,28.085,60828,32160408.0,0.65061634,1574751.6,391.283621,IT=14;14 ,ii
166,Ref 2,28.462,65048,35893184.0,0.65473298,1951681.6,391.2836173,IT=14;14 ,ii
167,Ref 2,25.766,64156,39140776.0,0.65879746,2111248.2,391.2836738,IT=13;13 ,ii
168,Ref 2,24.271,59952,35669428.0,0.66286831,1804440.4,391.2836486,IT=12;12 ,ii
169,Ref 2,27.508,64172,38213108.0,0.66684113,2052840.1,391.2835933,IT=14;14 ,ii
170,Ref 2,25.113,61472,37428060.0,0.67090986,1978054.8,391.2835995,IT=13;13 ,ii
171,Ref 2,24.190,59000,34731564.0,0.67498693,1751932.5,391.2836274,IT=12;12 ,ii
172,Ref 2,27.464,63040,37881252.0,0.67912656,2042256.1,391.2836192,IT=14;14 ,ii
173,Ref 2,25.436,59524,36265916.0,0.68303269,2071953.8,391.2836291,IT=13;13 ,ii
174,Ref 2,26.593,61204,33869896.0,0.68714726,1773521.6,391.2836175,IT=13;13 ,ii
175,Ref 2,24.546,61560,38428468.0,0.69121184,2042391.1,391.2836549,IT=12;12 ,ii
176,Ref 2,27.889,65856,34899164.0,0.69535763,1928950.1,391.2836477,IT=14;14 ,ii
177,Ref 2,33.268,71436,36674080.0,0.69938678,1843736.2,391.2835939,IT=17;17 ,ii
178,Ref 2,25.146,64456,39933356.0,0.70339089,2177162.5,391.2835707,IT=13;13 ,ii
179,Ref 2,26.342,60872,35900224.0,0.70750754,1996658.0,391.2835225,IT=13;13 ,ii
180,Ref 2,26.553,61100,35986664.0,0.71160961,1855208.5,391.283586,IT=13;13 ,ii
181,Ref 2,26.927,62820,38246004.0,0.71555543,2015008.0,391.2835695,IT=13;13 ,ii
182,Ref 2,33.599,70108,37738072.0,0.71976788,2064389.9,391.2836189,IT=17;17 ,ii
183,Ref 2,30.118,65324,35078104.0,0.72384909,1746201.1,391.283581,IT=15;15 ,ii
184,Ref 2,26.250,63424,38964364.0,0.72791156,2079397.5,391.283573,IT=13;13 ,ii
185,Ref 2,24.681,62624,38477056.0,0.73198446,2143159.0,391.2835922,IT=12;12 ,ii
186,Ref 2,23.981,60944,40871436.0,0.73589484,2187337.2,391.2835806,IT=12;12 ,ii
187,Ref 2,26.504,64956,39720436.0,0.74002196,2070674.6,391.2835993,IT=13;13 ,ii
188,Ref 2,19.277,53380,38269804.0,0.74399688,2268709.8,391.2836736,IT=9.6;9.6 ,ii
189,Ref 2,25.991,59744,32978250.0,0.74817401,1730229.0,391.283593,IT=13;13 ,ii
190,Ref 2,26.553,65644,37981800.0,0.75227599,1951733.0,391.2835279,IT=13;13 ,ii
191,Ref 2,39.517,73876,36669952.0,0.75658846,1911278.5,391.2836859,IT=20;20 ,ii
192,Ref 2,25.168,62444,39574576.0,0.76062594,2127662.5,391.2836027,IT=13;13 ,ii
193,Ref 2,39.783,74556,36273936.0,0.76496338,1796672.6,391.2835971,IT=20;20 ,ii
194,Ref 2,26.865,64808,40378852.0,0.76874883,2207573.5,391.2835855,IT=13;13 ,ii
195,Ref 2,20.570,56140,38973720.0,0.77274468,2232720.0,391.2836578,IT=10;10 ,ii
196,Ref 2,20.330,52368,33915588.0,0.77681128,1729091.1,391.2836873,IT=10;10 ,ii
197,Ref 2,50.000,85596,36240376.0,0.78137164,1845557.1,391.2838028,IT=25;25 ,ii
199,Ref 2,24.405,60904,41289940.0,0.78574243,2328107.0,391.2835726,IT=12;12 ,ii
200,Ref 2,26.543,60524,35468852.0,0.78970697,1867129.5,391.2835386,IT=13;13 ,ii
201,Ref 2,22.084,57300,37566764.0,0.79373406,2098072.8,391.2836257,IT=11;11 ,ii
202,Ref 2,27.152,65468,39413584.0,0.79789444,2140332.2,391.2836384,IT=14;14 ,ii
203,Ref 2,33.569,66560,33028122.0,0.80211109,1595131.1,391.2835649,IT=17;17 ,ii
204,Ref 2,27.274,63424,35141420.0,0.80598188,1858737.5,391.2836703,IT=14;14 ,ii
205,Ref 2,26.084,63292,38609832.0,0.81006308,2082733.5,391.2836932,IT=13;13 ,ii
206,Ref 2,23.317,59016,37383508.0,0.81412557,1853514.0,391.2836273,IT=12;12 ,ii
207,Ref 2,32.388,74240,38713472.0,0.81835473,2009965.4,391.2836745,IT=16;16 ,ii
208,Ref 2,24.000,58124,38398088.0,0.82217343,2146910.8,391.2836444,IT=12;12 ,ii
209,Ref 2,28.123,68292,41720912.0,0.82632759,2115933.2,391.2836153,IT=14;14 ,ii
210,Ref 2,32.745,67108,35535572.0,0.83051093,1926455.9,391.2836867,IT=16;16 ,ii
211,Ref 2,28.156,66736,40818072.0,0.83457751,2261771.8,391.28363,IT=14;14 ,ii
212,Ref 2,31.405,66700,37153336.0,0.83875043,1850121.5,391.283673,IT=16;16 ,ii
213,Ref 2,38.247,69652,33669292.0,0.84297741,1734401.1,391.2836808,IT=19;19 ,ii
214,Ref 2,25.981,62152,39299536.0,0.84693579,2258501.0,391.283692,IT=13;13 ,ii
215,Ref 2,16.801,47104,32322000.0,0.85089407,1696791.4,391.2837654,IT=8.4;8.4 ,ii
216,Ref 2,31.441,69812,36554824.0,0.85519206,1927152.6,391.2836488,IT=16;16 ,ii
217,Ref 2,20.997,55936,39945404.0,0.85898153,2297298.2,391.2836016,IT=10;10 ,ii
218,Ref 2,23.206,61636,41008240.0,0.86308783,2093130.0,391.2835626,IT=12;12 ,ii
219,Ref 2,27.690,63372,35253572.0,0.86724192,1849661.0,391.2836454,IT=14;14 ,ii
220,Ref 2,21.978,56916,38013844.0,0.87125863,2288296.8,391.283714,IT=11;11 ,ii
221,Ref 2,16.761,45564,32759226.0,0.87525642,1795062.0,391.2838275,IT=8.4;8.4 ,ii
222,Ref 2,20.918,52956,34833740.0,0.87936686,1939493.1,391.283725,IT=10;10 ,ii
223,Ref 2,20.549,58148,40700696.0,0.88343763,2228605.0,391.2837164,IT=10;10 ,ii
224,Ref 2,21.505,55440,37123600.0,0.88752302,2049990.8,391.2837039,IT=11;11 ,ii
225,Ref 2,27.547,65244,40084440.0,0.89153341,2185746.0,391.2836699,IT=14;14 ,ii
226,Ref 2,17.310,49308,36217004.0,0.89546882,2036741.9,391.2837908,IT=8.7;8.7 ,ii
227,Ref 2,23.884,61140,39549620.0,0.89963126,2115952.2,391.2836767,IT=12;12 ,ii
228,Ref 2,28.508,61928,32679970.0,0.90379793,1640941.4,391.2836079,IT=14;14 ,ii
229,Ref 2,27.895,62956,35466696.0,0.90789164,1954158.1,391.2835933,IT=14;14 ,ii
230,Ref 2,24.056,59560,38011656.0,0.91177494,2121140.2,391.283576,IT=12;12 ,ii
231,Ref 2,23.388,61132,39804916.0,0.91584366,1998647.0,391.2834692,IT=12;12 ,ii
232,Ref 2,32.705,71328,39432284.0,0.92007694,2092998.5,391.283557,IT=16;16 ,ii
233,Ref 2,21.694,57852,37366764.0,0.92403734,2087864.0,391.2835309,IT=11;11 ,ii
234,Ref 2,26.847,62564,34297340.0,0.92802901,1716780.2,391.2834948,IT=13;13 ,ii
235,Ref 2,23.583,57864,32513598.0,0.93207897,1811592.1,391.2836349,IT=12;12 ,ii
236,Ref 2,23.657,58384,34944468.0,0.93616226,1844660.0,391.2835481,IT=12;12 ,ii
237,Ref 2,22.095,55092,34012980.0,0.94021436,1734652.1,391.2835417,IT=11;11 ,ii
238,Ref 2,30.319,66100,36315208.0,0.94426844,1945099.1,391.2835397,IT=15;15 ,ii
239,Ref 2,18.806,53060,38276652.0,0.94820184,2075698.5,391.2836058,IT=9.4;9.4 ,ii
240,Ref 2,29.391,62036,34299432.0,0.95243926,1751063.6,391.2834877,IT=15;15 ,ii
241,Ref 2,21.705,55536,37111732.0,0.95642678,2018857.4,391.2835627,IT=11;11 ,ii
242,Ref 2,28.605,67048,40397148.0,0.96061836,2259053.5,391.2835968,IT=14;14 ,ii
243,Ref 2,23.878,61780,41616540.0,0.96464758,2120052.0,391.2834483,IT=12;12 ,ii
244,Ref 2,26.395,62800,36926092.0,0.96877876,1977774.2,391.2835766,IT=13;13 ,ii
245,Ref 2,22.049,64848,41233364.0,0.97279753,2352967.0,391.2834759,IT=11;11 ,ii
246,Ref 2,36.510,71104,35179424.0,0.97695159,1718159.8,391.2835823,IT=18;18 ,ii
247,Ref 2,28.561,64296,37113264.0,0.98097664,1971387.2,391.2836185,IT=14;14 ,ii
248,Ref 2,23.171,60332,38855244.0,0.98499534,2288212.2,391.2835783,IT=12;12 ,ii
249,Ref 2,25.447,60212,35341544.0,0.98912658,1913184.6,391.2835533,IT=13;13 ,ii
250,Ref 2,35.077,69236,33718956.0,0.99337234,1720288.0,391.2835618,IT=18;18 ,ii
251,Ref 2,22.963,60288,39750124.0,0.99714317,2219353.2,391.2835242,IT=11;11 ,ii
252,Ref 2,28.225,62348,33230482.0,1.001314,1755719.9,391.283539,IT=14;14 ,ii
253,Ref 2,31.463,66736,34383080.0,1.0054764,1681433.2,391.2835247,IT=16;16 ,ii
254,Ref 2,21.589,57968,36824272.0,1.0094389,2035711.6,391.2836901,IT=11;11 ,ii
256,Ref 2,27.767,63788,38038880.0,1.0136659,2061904.9,391.2837283,IT=14;14 ,ii
258,Ref 2,25.384,63368,38591944.0,1.0179181,1911828.8,391.2837045,IT=13;13 ,ii
260,Ref 2,21.574,56444,38993104.0,1.0221055,2203499.8,391.2836391,IT=11;11 ,ii
261,Ref 2,30.327,65116,35366812.0,1.0263263,1867379.2,391.2836506,IT=15;15 ,ii
262,Ref 2,27.764,63464,34009968.0,1.0302304,1682093.5,391.2836061,IT=14;14 ,ii
263,Ref 2,23.698,57192,35373260.0,1.0342721,2025767.6,391.2836247,IT=12;12 ,ii
264,Ref 2,31.389,66920,36522680.0,1.0384866,1929591.0,391.2837038,IT=16;16 ,ii
265,Ref 2,24.403,61504,36667992.0,1.0424887,1860939.4,391.2835208,IT=12;12 ,ii
266,Ref 2,29.244,67228,35129236.0,1.0466574,1933844.9,391.2836234,IT=15;15 ,ii
267,Ref 2,21.394,58412,38691988.0,1.0504741,2076381.5,391.2836797,IT=11;11 ,ii
268,Ref 2,27.408,60024,32883490.0,1.054649,1611435.2,391.2836077,IT=14;14 ,ii
269,Ref 2,22.612,57208,35837200.0,1.0586718,1948496.4,391.28373,IT=11;11 ,ii
270,Ref 2,26.389,61796,36448460.0,1.0628115,2027500.0,391.2836223,IT=13;13 ,ii
271,Ref 2,33.456,72016,37714256.0,1.0668593,1762434.0,391.2836488,IT=17;17 ,ii
272,Ref 2,20.309,54116,36750064.0,1.0707781,1948069.6,391.2837533,IT=10;10 ,ii
273,Ref 2,27.332,62900,36048128.0,1.0749655,1963829.4,391.2836944,IT=14;14 ,ii
274,Ref 2,26.880,65952,40734824.0,1.0790593,2031541.4,391.2836546,IT=13;13 ,ii
275,Ref 2,25.472,60632,33341946.0,1.0829717,1748499.6,391.2837099,IT=13;13 ,ii
276,Ref 2,24.484,59932,35439828.0,1.0870529,1939290.2,391.2837607,IT=12;12 ,ii
277,Ref 2,29.019,68464,38991888.0,1.09133,1894104.4,391.2836462,IT=15;15 ,ii
278,Ref 2,31.711,66648,35007760.0,1.0954905,1761406.6,391.283578,IT=16;16 ,ii
279,Ref 2,26.660,63116,39191568.0,1.0993633,2187527.5,391.283582,IT=13;13 ,ii
280,Ref 2,27.359,65084,40990132.0,1.1034821,2073342.9,391.2836293,IT=14;14 ,ii
281,Ref 2,25.035,65400,39821376.0,1.1075486,2152424.5,391.2836241,IT=13;13 ,ii
282,Ref 2,25.328,64188,39241108.0,1.1116445,2158232.5,391.2836034,IT=13;13 ,ii
283,Ref 2,27.630,65940,36567572.0,1.1156132,1807086.9,391.2835417,IT=14;14 ,ii
284,Ref 2,32.917,73400,38531268.0,1.119807,1956713.2,391.2835634,IT=16;16 ,ii
285,Ref 2,22.373,57220,38978144.0,1.1237715,2097968.8,391.2835946,IT=11;11 ,ii
286,Ref 2,21.551,57692,38803680.0,1.1278298,2066363.4,391.2835363,IT=11;11 ,ii
287,Ref 2,21.722,56148,36776788.0,1.1319027,1930426.0,391.2835516,IT=11;11 ,ii
288,Ref 2,28.100,65856,38384016.0,1.1359131,2022399.2,391.2834251,IT=14;14 ,ii
289,Ref 2,25.433,60068,36741536.0,1.1399776,1929696.6,391.2835505,IT=13;13 ,ii
290,Ref 2,27.474,62444,35436660.0,1.1441067,1748360.8,391.2835528,IT=14;14 ,ii
291,Ref 2,29.525,66736,37825824.0,1.1482422,2084509.4,391.2833228,IT=15;15 ,ii
292,Ref 2,21.365,54996,38125740.0,1.1520672,2059024.8,391.2835182,IT=11;11 ,ii
293,Ref 2,32.179,67588,38274224.0,1.1563129,1974189.1,391.2835348,IT=16;16 ,ii
294,Ref 2,24.661,64864,41166460.0,1.160315,2283386.5,391.2834722,IT=12;12 ,ii
295,Ref 2,31.218,70424,38479772.0,1.1645212,2040248.8,391.2835772,IT=16;16 ,ii
296,Ref 2,18.475,53892,36049612.0,1.1682607,1847052.4,391.2836795,IT=9.2;9.2 ,ii
297,Ref 2,27.860,64616,37088464.0,1.1724815,1994311.2,391.2836333,IT=14;14 ,ii
298,Ref 2,22.337,56152,35170784.0,1.1764899,1897898.2,391.2836905,IT=11;11 ,ii
299,Ref 2,19.110,51364,36256876.0,1.1805149,1878313.1,391.2836969,IT=9.6;9.6 ,ii
300,Ref 2,31.738,67292,37910392.0,1.1846169,2052528.5,391.2835472,IT=16;16 ,ii
301,Ref 2,23.507,61672,39051624.0,1.1886086,2085026.6,391.283534,IT=12;12 ,ii
302,Ref 2,20.767,57100,38634316.0,1.1926523,2003817.1,391.2836657,IT=10;10 ,ii
303,Ref 2,46.410,79744,35804932.0,1.197148,1831362.4,391.2836474,IT=23;23 ,ii
304,Ref 2,24.556,59236,37284968.0,1.2007834,2056815.6,391.2836139,IT=12;12 ,ii
305,Ref 2,36.382,71756,37898388.0,1.2050731,1907544.4,391.2835772,IT=18;18 ,ii
306,Ref 2,24.839,59408,37094512.0,1.2090313,1952996.2,391.2834549,IT=12;12 ,ii
307,Ref 2,31.897,71028,40188788.0,1.2132417,2130126.8,391.2836868,IT=16;16 ,ii
308,Ref 2,32.418,73860,40523084.0,1.2173792,1954733.0,391.2836629,IT=16;16 ,ii
309,Ref 2,21.756,56796,36995732.0,1.2211646,2045587.8,391.2836125,IT=11;11 ,ii
310,Ref 2,23.622,62340,40814996.0,1.2252708,2176469.8,391.2834589,IT=12;12 ,ii
311,Ref 2,28.455,67616,43655888.0,1.2294332,2253323.0,391.2835621,IT=14;14 ,ii
312,Ref 2,17.843,53972,39165392.0,1.2333603,2090784.0,391.2835679,IT=8.9;8.9 ,ii
313,Ref 2,19.487,54804,36733388.0,1.2372812,2148132.0,391.2836356,IT=9.7;9.7 ,ii
314,Ref 2,23.530,59740,38482664.0,1.2414124,2028809.5,391.283559,IT=12;12 ,ii
315,Ref 2,20.492,50584,30567824.0,1.2454414,1579779.5,391.2837395,IT=10;10 ,ii
316,Ref 2,17.997,51516,35166880.0,1.2494644,1949371.8,391.2838173,IT=9;9 ,ii
317,Ref 2,37.085,70480,36528852.0,1.2536747,1920826.1,391.2837108,IT=19;19 ,ii
318,Ref 2,23.025,55996,35694472.0,1.2576664,1867269.2,391.2836419,IT=12;12 ,ii
319,Ref 2,26.400,62192,39043048.0,1.261808,2167729.2,391.2835633,IT=13;13 ,ii
320,Ref 2,25.870,63104,39080356.0,1.2658935,2119849.8,391.2835084,IT=13;13 ,ii
321,Ref 2,31.504,68652,37221428.0,1.2699163,1792864.8,391.2835657,IT=16;16 ,ii
322,Ref 2,22.467,59956,37242496.0,1.2738955,1994268.1,391.2835935,IT=11;11 ,ii
323,Ref 2,33.296,69152,37756204.0,1.27816,2043602.1,391.2836084,IT=17;17 ,ii
324,Ref 2,20.913,53092,33081976.0,1.2820788,1639866.8,391.2836665,IT=10;10 ,ii
325,Ref 2,20.231,53156,33739564.0,1.2859808,1844684.2,391.2836829,IT=10;10 ,ii
326,Ref 2,25.633,63440,39787240.0,1.2901433,2232643.2,391.2835999,IT=13;13 ,ii
327,Ref 2,32.690,68456,35488856.0,1.2943495,1775026.5,391.2836312,IT=16;16 ,ii
328,Ref 2,30.234,68084,38188912.0,1.298437,2089645.2,391.2835644,IT=15;15 ,ii
329,Ref 2,18.240,52408,39424760.0,1.3021911,2346316.8,391.2836916,IT=9.1;9.1 ,ii
330,Ref 2,17.463,52676,42011528.0,1.3060786,2131690.0,391.2837501,IT=8.7;8.7 ,ii
332,Ref 2,33.361,70968,37137268.0,1.3103973,1916560.8,391.2836451,IT=17;17 ,ii
333,Ref 2,26.274,65152,37016776.0,1.3144182,2069678.1,391.2836771,IT=13;13 ,ii
334,Ref 2,21.888,61500,44520996.0,1.3184514,2317464.8,391.2835567,IT=11;11 ,ii
335,Ref 2,28.147,61680,34611020.0,1.3224577,1783234.5,391.2836722,IT=14;14 ,ii
336,Ref 2,29.036,66508,37355572.0,1.3265826,2032777.2,391.2837194,IT=15;15 ,ii
337,Ref 2,24.594,59684,36357340.0,1.3306263,1807826.9,391.2837022,IT=12;12 ,ii
338,Ref 2,20.486,53848,33016678.0,1.3346555,1791060.2,391.2837206,IT=10;10 ,ii
339,Ref 2,29.221,68404,38097704.0,1.3387013,2083522.4,391.2836586,IT=15;15 ,ii
340,Ref 2,31.852,72160,40438676.0,1.3428659,2069789.8,391.2837166,IT=16;16 ,ii
341,Ref 2,19.644,54268,37077536.0,1.346797,2031727.8,391.2837105,IT=9.8;9.8 ,ii
342,Ref 2,23.557,61620,38877936.0,1.3509346,2128949.5,391.2836853,IT=12;12 ,ii
343,Ref 2,26.216,60316,34471516.0,1.3548949,1805443.8,391.2837493,IT=13;13 ,ii
344,Ref 2,25.768,62752,35925944.0,1.3589949,1734357.9,391.2836944,IT=13;13 ,ii
345,Ref 2,21.045,60684,44112928.0,1.3630157,2459321.5,391.2836257,IT=11;11 ,ii
346,Ref 2,44.630,79752,38486464.0,1.3674844,1978269.2,391.2837875,IT=22;22 ,ii
347,Ref 2,22.576,58948,36794020.0,1.3711219,1862393.5,391.2837561,IT=11;11 ,ii
348,Ref 2,47.833,81448,37052908.0,1.3756199,1882011.6,391.2837888,IT=24;24 ,ii
349,Ref 2,26.110,60444,37029872.0,1.3794302,2055021.0,391.2836677,IT=13;13 ,ii
350,Ref 2,31.023,65780,35315544.0,1.3836135,1771603.8,391.2837252,IT=16;16 ,ii
351,Ref 2,26.124,62268,37661468.0,1.3874926,2001969.0,391.2836346,IT=13;13 ,ii
352,Ref 2,26.578,61652,38391804.0,1.391601,1985883.8,391.2836362,IT=13;13 ,ii
353,Ref 2,19.376,50784,34331404.0,1.3955822,1755407.8,391.2836914,IT=9.7;9.7 ,ii
354,Ref 2,29.333,69276,37694324.0,1.3998134,1970606.0,391.283662,IT=15;15 ,ii
355,Ref 2,27.436,62888,36676680.0,1.4039009,2053382.9,391.2836498,IT=14;14 ,ii
356,Ref 2,22.205,63160,42985812.0,1.4077613,2233893.0,391.2836286,IT=11;11 ,ii
357,Ref 2,26.651,63352,40040820.0,1.4119196,2155381.2,391.2836025,IT=13;13 ,ii
358,Ref 2,34.113,70248,38578784.0,1.4161465,2043845.2,391.2836648,IT=17;17 ,ii
359,Ref 2,26.949,66568,40517324.0,1.4201736,2086176.8,391.2835914,IT=13;13 ,ii
360,Ref 2,26.178,62332,37274360.0,1.4241777,1987454.2,391.2836429,IT=13;13 ,ii
361,Ref 2,26.189,64384,37929808.0,1.4282736,2083057.9,391.2836281,IT=13;13 ,ii
362,Ref 2,34.079,74992,40705968.0,1.4325048,2005035.5,391.2837537,IT=17;17 ,ii
363,Ref 2,41.074,73496,34567724.0,1.4367631,1831418.5,391.2837111,IT=21;21 ,ii
364,Ref 2,23.041,55564,33519518.0,1.4404693,1797905.8,391.2837324,IT=12;12 ,ii
365,Ref 2,21.964,56940,36909496.0,1.444536,1936271.1,391.2836614,IT=11;11 ,ii
366,Ref 2,38.306,71572,34767516.0,1.4488819,1754126.4,391.2836369,IT=19;19 ,ii
367,Ref 2,29.384,66736,35654920.0,1.4528985,1975020.2,391.2836043,IT=15;15 ,ii
368,Ref 2,27.866,65328,35584232.0,1.4570046,1847548.6,391.2835799,IT=14;14 ,ii
369,Ref 2,26.867,65460,40047200.0,1.4611047,2137325.8,391.2834993,IT=13;13 ,ii
370,Ref 2,28.040,67332,38722364.0,1.4652275,2021217.6,391.2836716,IT=14;14 ,ii
371,Ref 2,29.284,67144,39333676.0,1.4693587,1990340.8,391.283411,IT=15;15 ,ii
372,Ref 2,28.649,59432,31891380.0,1.4734712,1655351.8,391.2836178,IT=14;14 ,ii
373,Ref 2,30.581,69260,37272100.0,1.4774567,2023596.9,391.283541,IT=15;15 ,ii
374,Ref 2,29.160,65832,39886832.0,1.4815691,2129740.8,391.2835909,IT=15;15 ,ii
375,Ref 2,35.586,72536,36073524.0,1.4857899,1843704.5,391.2836452,IT=18;18 ,ii
376,Ref 2,25.694,62672,37532552.0,1.4897774,2010024.2,391.2837022,IT=13;13 ,ii
377,Ref 2,24.777,64140,40250276.0,1.4936961,2142190.8,391.2836235,IT=12;12 ,ii
378,Ref 2,32.757,68508,36616684.0,1.4979273,1797985.0,391.283774,IT=16;16 ,ii
379,Ref 2,27.435,67740,41223740.0,1.5019752,2186944.5,391.2836521,IT=14;14 ,ii
380,Ref 2,22.958,59480,37182828.0,1.5060085,1946550.8,391.2838004,IT=11;11 ,ii
381,Ref 2,20.958,54812,35088908.0,1.5100564,1809156.0,391.283786,IT=10;10 ,ii
382,Ref 2,21.207,58984,38407132.0,1.5141356,2031868.5,391.2838668,IT=11;11 ,ii
384,Ref 2,25.407,63136,41687952.0,1.5183293,2299632.8,391.2836466,IT=13;13 ,ii
386,Ref 2,25.202,61724,36238564.0,1.5227479,1804052.4,391.2836949,IT=13;13 ,ii
388,Ref 2,32.643,71496,39788844.0,1.5272667,2131490.5,391.2836325,IT=16;16 ,ii
389,Ref 2,24.710,60388,37446688.0,1.5311062,1930269.0,391.283703,IT=12;12 ,ii
390,Ref 2,33.906,69768,37239028.0,1.53535,1754951.2,391.2836824,IT=17;17 ,ii
391,Ref 2,35.544,75260,39729304.0,1.5395228,2068359.9,391.2836929,IT=18;18 ,ii
392,Ref 2,26.781,64336,39886228.0,1.5435333,2129465.8,391.2836302,IT=13;13 ,ii
393,Ref 2,22.666,61140,38938448.0,1.5474165,1900711.6,391.283675,IT=11;11 ,ii
394,Ref 2,33.289,73020,38939032.0,1.5516833,2141703.0,391.2835666,IT=17;17 ,ii
395,Ref 2,21.691,57824,40633136.0,1.5556373,2378846.5,391.2836008,IT=11;11 ,ii
396,Ref 2,25.268,61544,37344340.0,1.559779,1834344.4,391.2836285,IT=13;13 ,ii
397,Ref 2,44.667,76496,34337028.0,1.5642018,1774577.6,391.2837102,IT=22;22 ,ii
398,Ref 2,26.372,63924,38921676.0,1.567906,2161017.8,391.283565,IT=13;13 ,ii
399,Ref 2,19.275,55792,40410004.0,1.5718893,2053550.1,391.2835496,IT=9.6;9.6 ,ii
400,Ref 2,21.815,56544,36206816.0,1.5759996,1881694.8,391.2836076,IT=11;11 ,ii
401,Ref 2,22.292,57824,37277188.0,1.5800913,2087620.2,391.283644,IT=11;11 ,ii
402,Ref 2,27.048,66764,39429348.0,1.584081,1939958.9,391.2836863,IT=14;14 ,ii
403,Ref 2,22.080,55512,33940016.0,1.5881079,1862561.5,391.2837261,IT=11;11 ,ii
404,Ref 2,29.151,67824,38753300.0,1.5923162,2049687.8,391.2836266,IT=15;15 ,ii
405,Ref 2,32.647,67944,38265092.0,1.5964912,2000604.0,391.2836588,IT=16;16 ,ii
406,Ref 2,28.695,68164,39527548.0,1.6003932,2026792.9,391.283581,IT=14;14 ,ii
407,Ref 2,29.117,66028,38877408.0,1.6045183,2120384.2,391.2836735,IT=15;15 ,ii
408,Ref 2,28.668,66484,38862132.0,1.6086287,1940642.8,391.2836049,IT=14;14 ,ii
409,Ref 2,25.872,60164,35251424.0,1.6126974,1814956.8,391.2836412,IT=13;13 ,ii
410,Ref 2,27.272,61204,34089580.0,1.6166557,1828572.6,391.2836337,IT=14;14 ,ii
411,Ref 2,37.473,73620,38545944.0,1.6209369,2025293.0,391.2835678,IT=19;19 ,ii
412,Ref 2,31.685,70540,37883840.0,1.6250015,1905615.2,391.2836072,IT=16;16 ,ii
413,Ref 2,36.944,71728,36609424.0,1.6292244,1886512.4,391.283607,IT=18;18 ,ii
414,Ref 2,28.285,64296,38656648.0,1.6330743,2018672.9,391.2836115,IT=14;14 ,ii
415,Ref 2,28.215,61796,35218620.0,1.6371868,1753302.4,391.283596,IT=14;14 ,ii
416,Ref 2,36.726,73684,35670500.0,1.641443,1893888.1,391.2836635,IT=18;18 ,ii
417,Ref 2,18.103,52592,37899576.0,1.645293,2106775.0,391.283721,IT=9.1;9.1 ,ii
418,Ref 2,23.072,59268,39501856.0,1.6494325,2095716.0,391.2837066,IT=12;12 ,ii
419,Ref 2,32.680,70376,39243828.0,1.6535158,2121505.8,391.2837512,IT=16;16 ,ii
420,Ref 2,39.409,76040,38307820.0,1.6577701,2000312.1,391.2838106,IT=20;20 ,ii
421,Ref 2,31.845,67516,34092840.0,1.6618179,1633362.1,391.2836659,IT=16;16 ,ii
422,Ref 2,22.961,62076,42414640.0,1.6658054,2174101.0,391.2836714,IT=11;11 ,ii
423,Ref 2,26.565,61820,37142588.0,1.6697886,2012383.8,391.283673,IT=13;13 ,ii
424,Ref 2,29.054,67596,37859788.0,1.6739387,1827372.5,391.2836325,IT=15;15 ,ii
425,Ref 2,20.705,54364,35282396.0,1.6779157,1956765.0,391.2837174,IT=10;10 ,ii
426,Ref 2,23.874,61080,40149692.0,1.6820407,2170127.8,391.2836308,IT=12;12 ,ii
427,Ref 2,23.548,57824,35142392.0,1.6859531,1795160.4,391.2836916,IT=12;12 ,ii
428,Ref 2,24.387,58608,36610460.0,1.6900532,1960743.8,391.2837292,IT=12;12 ,ii
429,Ref 2,41.433,80036,37817276.0,1.694426,1969713.9,391.28379,IT=21;21 ,ii
430,Ref 2,19.189,55824,40563220.0,1.6982302,2007745.2,391.2837645,IT=9.6;9.6 ,ii
431,Ref 2,25.685,59404,34462428.0,1.7022384,1884057.8,391.2837729,IT=13;13 ,ii
432,Ref 2,35.018,73160,39932800.0,1.7064947,2084839.5,391.2838253,IT=18;18 ,ii
433,Ref 2,30.774,67940,36919204.0,1.7105759,1866193.2,391.2837337,IT=15;15 ,ii
434,Ref 2,29.914,71360,39070920.0,1.7146862,1990575.8,391.2836825,IT=15;15 ,ii
435,Ref 2,19.975,56696,38708876.0,1.7186488,2202460.8,391.2836759,IT=10;10 ,ii
436,Ref 2,36.371,72108,37209056.0,1.7228321,1838673.6,391.2837182,IT=18;18 ,ii
437,Ref 2,24.301,56164,32986464.0,1.7267925,1674131.4,391.2837561,IT=12;12 ,ii
438,Ref 2,25.290,61484,36037736.0,1.7309007,1975158.6,391.2836974,IT=13;13 ,ii
439,Ref 2,25.502,62212,39937580.0,1.7349987,2006460.2,391.2836931,IT=13;13 ,ii
440,Ref 2,34.610,71360,34425956.0,1.7390798,1697468.2,391.2837152,IT=17;17 ,ii
441,Ref 2,30.414,68116,37249400.0,1.743157,1991538.8,391.2837188,IT=15;15 ,ii
442,Ref 2,26.265,62468,33829440.0,1.7472235,1729485.0,391.2837052,IT=13;13 ,ii
443,Ref 2,32.477,68508,35581372.0,1.7514319,1838287.5,391.2836682,IT=16;16 ,ii
444,Ref 2,26.571,65584,38289924.0,1.7552964,2072728.1,391.2837173,IT=13;13 ,ii
445,Ref 2,27.113,64468,37982632.0,1.759411,1891168.9,391.2836649,IT=14;14 ,ii
446,Ref 2,30.380,66908,36669884.0,1.7635713,1785562.5,391.2836574,IT=15;15 ,ii
447,Ref 2,35.274,72200,37059488.0,1.7677797,1914854.9,391.2837328,IT=18;18 ,ii
448,Ref 2,27.848,64792,38795660.0,1.7716359,2038089.1,391.2836606,IT=14;14 ,ii
449,Ref 2,25.923,60824,35772792.0,1.7757151,1795521.9,391.2837691,IT=13;13 ,ii
450,Ref 2,34.912,71248,35930412.0,1.7799692,1910618.2,391.2837524,IT=17;17 ,ii
451,Ref 2,24.895,65032,43386840.0,1.7839442,2402173.2,391.2836098,IT=12;12 ,ii
452,Ref 2,23.779,59076,35537816.0,1.7880212,1784020.9,391.2837597,IT=12;12 ,ii
453,Ref 2,20.046,55840,39593472.0,1.7918754,2181103.5,391.2837866,IT=10;10 ,ii
454,Ref 2,21.058,51344,33835724.0,1.7959649,1945197.5,391.2838937,IT=11;11 ,ii
455,Ref 2,25.370,57284,32414004.0,1.8001148,1599345.1,391.2837417,IT=13;13 ,ii
456,Ref 2,28.802,68000,36885572.0,1.804269,1929644.8,391.2837032,IT=14;14 ,ii
457,Ref 2,21.985,59100,40824388.0,1.8081024,2171847.5,391.2837579,IT=11;11 ,ii
458,Ref 2,19.244,51496,36173152.0,1.8121377,1904687.4,391.283803,IT=9.6;9.6 ,ii
459,Ref 2,22.288,58736,39788004.0,1.8162501,2305242.5,391.2837343,IT=11;11 ,ii
460,Ref 2,26.323,61508,37760688.0,1.8203939,2073021.6,391.2837063,IT=13;13 ,ii
461,Ref 2,23.550,63572,44373060.0,1.8242855,2295689.5,391.2836718,IT=12;12 ,ii
462,Ref 2,36.344,72708,37430888.0,1.8285856,1900058.9,391.2837536,IT=18;18 ,ii
463,Ref 2,28.079,64900,39308128.0,1.832598,2156357.5,391.2837293,IT=14;14 ,ii
464,Ref 2,20.817,59180,42268732.0,1.8365917,2210239.5,391.283739,IT=10;10 ,ii
465,Ref 2,23.341,56384,33391068.0,1.8407104,1808909.5,391.2838457,IT=12;12 ,ii
466,Ref 2,29.659,65824,37876260.0,1.8449001,2071256.5,391.2837624,IT=15;15 ,ii
467,Ref 2,28.538,67236,38289852.0,1.849002,1889417.9,391.2837754,IT=14;14 ,ii
468,Ref 2,24.551,63184,37277900.0,1.8530521,2023826.5,391.2838425,IT=12;12 ,ii
469,Ref 2,26.155,60168,33512874.0,1.8570082,1826412.0,391.2839071,IT=13;13 ,ii
470,Ref 2,24.846,65348,41925464.0,1.8610895,2233405.0,391.2837635,IT=12;12 ,ii
471,Ref 2,31.275,66924,34340064.0,1.8652895,1793978.4,391.2838227,IT=16;16 ,ii
472,Ref 2,28.862,68372,40638216.0,1.8693789,2211926.5,391.2837471,IT=14;14 ,ii
473,Ref 2,33.883,73928,38760312.0,1.8735811,1872734.8,391.2838129,IT=17;17 ,ii
474,Ref 2,28.770,66492,38562788.0,1.8776393,1953501.0,391.2837589,IT=14;14 ,ii
475,Ref 2,27.363,64864,38427048.0,1.8817331,2029911.0,391.2837974,IT=14;14 ,ii
476,Ref 2,26.574,68828,41577856.0,1.8858268,2106630.8,391.2838309,IT=13;13 ,ii
477,Ref 2,21.059,58408,38918924.0,1.8898393,2015885.9,391.2838324,IT=11;11 ,ii
478,Ref 2,29.352,64568,38469800.0,1.893883,1990259.0,391.283795,IT=15;15 ,ii
479,Ref 2,30.209,68296,39368516.0,1.8980163,2074985.2,391.2837091,IT=15;15 ,ii
480,Ref 2,22.712,59120,35946616.0,1.9020246,1829024.9,391.2837955,IT=11;11 ,ii
481,Ref 2,27.643,66152,41357300.0,1.9061892,2185731.2,391.2837831,IT=14;14 ,ii
482,Ref 2,25.846,65240,39935052.0,1.9101016,2005791.0,414.7136762,IT=13;13 ,ii
483,Ref 2,25.420,60784,36638948.0,1.9142037,1848009.4,391.2837414,IT=13;13 ,ii
484,Ref 2,27.237,66680,42082392.0,1.9183266,2271320.0,391.2837061,IT=14;14 ,ii
485,Ref 2,34.678,71084,38053036.0,1.9225536,2019593.5,391.2837804,IT=17;17 ,ii
486,Ref 2,25.656,61868,34487848.0,1.9265807,1734151.5,391.2837102,IT=13;13 ,ii
487,Ref 2,33.413,69840,37784564.0,1.930812,2082043.5,391.2837051,IT=17;17 ,ii
488,Ref 2,28.335,62900,38651240.0,1.9348682,2092668.1,391.2837921,IT=14;14 ,ii
489,Ref 2,24.139,61048,38537340.0,1.938916,1888131.5,391.2837426,IT=12;12 ,ii
490,Ref 2,26.634,61816,38023988.0,1.9430452,2037861.2,391.2836754,IT=13;13 ,ii
491,Ref 2,26.822,64884,39920924.0,1.9469847,2172139.8,391.2837241,IT=13;13 ,ii
492,Ref 2,32.314,69668,38882708.0,1.9511827,1950927.1,391.2837669,IT=16;16 ,ii
493,Ref 2,29.251,67420,38441288.0,1.955268,2006876.9,391.2836749,IT=15;15 ,ii
494,Ref 2,36.035,72296,37418624.0,1.9594993,1955647.2,391.2837667,IT=18;18 ,ii
495,Ref 2,32.191,69632,37973640.0,1.9635929,1794604.9,391.2836273,IT=16;16 ,ii
496,Ref 2,25.021,62476,36020140.0,1.9676138,1935956.8,391.2837105,IT=13;13 ,ii
497,Ref 2,32.047,71040,38361104.0,1.9718283,1974323.4,391.2837373,IT=16;16 ,ii
498,Ref 2,23.857,58668,36185548.0,1.9758263,1748074.2,391.2838163,IT=12;12 ,ii
499,Ref 2,34.037,67984,36123380.0,1.9800845,1863423.1,391.2837341,IT=17;17 ,ii
500,Ref 2,27.068,64944,36831144.0,1.9839428,1976312.9,391.283731,IT=14;14 ,ii
501,Ref 2,35.206,71872,37044216.0,1.9881845,1805862.8,391.2837726,IT=18;18 ,ii
502,Ref 2,19.921,53668,35657908.0,1.9920844,2021142.5,391.2837533,IT=10;10 ,ii
503,Ref 2,28.232,65436,40261468.0,1.9962969,2235794.0,391.2836648,IT=14;14 ,ii
504,Ref 2,25.327,63628,41345128.0,2.0001969,2030266.4,391.2836833,IT=13;13 ,ii
505,Ref 2,22.639,59680,37627188.0,2.0042489,1956222.0,391.2837394,IT=11;11 ,ii
506,Ref 2,26.517,65416,38925440.0,2.0083968,2192995.2,391.283759,IT=13;13 ,ii
507,Ref 2,21.318,59544,42815852.0,2.0124114,2208253.0,391.2836918,IT=11;11 ,ii
508,Ref 2,28.843,64876,37819404.0,2.0164467,1987355.6,391.2837431,IT=14;14 ,ii
510,Ref 2,21.474,54580,35426472.0,2.0205926,2001518.8,391.2839319,IT=11;11 ,ii
512,Ref 2,24.337,60340,37645488.0,2.02483,1984462.0,391.2836637,IT=12;12 ,ii
513,Ref 2,24.927,60808,38359092.0,2.0289342,2052390.8,391.2836884,IT=12;12 ,ii
514,Ref 2,28.914,67040,36946368.0,2.0329258,2029461.1,391.2835557,IT=14;14 ,ii
516,Ref 2,26.960,65068,40395072.0,2.0371612,2076440.8,391.2836718,IT=13;13 ,ii
517,Ref 2,27.797,62464,34325476.0,2.0412862,1702721.0,391.2837861,IT=14;14 ,ii
518,Ref 2,24.292,58628,35132764.0,2.0453383,1902387.0,391.2838217,IT=12;12 ,ii
519,Ref 2,21.804,56588,35645004.0,2.0493882,1928687.2,391.283794,IT=11;11 ,ii
520,Ref 2,32.595,66800,34694788.0,2.0534778,1709433.5,391.2836915,IT=16;16 ,ii
521,Ref 2,30.860,66968,36742888.0,2.0575923,1953682.2,391.2837612,IT=15;15 ,ii
522,Ref 2,26.687,67716,41966412.0,2.0616485,2259632.2,391.2836724,IT=13;13 ,ii
523,Ref 2,29.870,67132,37034964.0,2.065809,1823263.5,391.2836734,IT=15;15 ,ii
524,Ref 2,25.082,61852,39395072.0,2.0696818,2190775.8,391.2837381,IT=13;13 ,ii
525,Ref 2,19.968,55908,40302844.0,2.0736964,2293105.8,391.2837733,IT=10;10 ,ii
526,Ref 2,44.729,77536,34701352.0,2.0781756,1617884.2,391.2836873,IT=22;22 ,ii
527,Ref 2,25.578,65172,41084944.0,2.0820339,2261387.0,391.2836419,IT=13;13 ,ii
528,Ref 2,27.447,61728,36557420.0,2.0859963,1967192.5,391.2837718,IT=14;14 ,ii
529,Ref 2,24.130,59484,35540856.0,2.0900505,1805473.5,391.2838515,IT=12;12 ,ii
531,Ref 2,37.002,76240,39046784.0,2.0944525,1965309.2,391.2837638,IT=19;19 ,ii
532,Ref 2,25.973,63960,41350356.0,2.0984296,2227574.8,391.2836424,IT=13;13 ,ii
533,Ref 2,29.415,69136,38897936.0,2.1024274,1947017.0,391.2837198,IT=15;15 ,ii
534,Ref 2,25.537,61480,36693100.0,2.1064816,1932834.9,391.2837301,IT=13;13 ,ii
535,Ref 2,24.138,61672,41988140.0,2.1105649,2365335.8,391.2836686,IT=12;12 ,ii
536,Ref 2,22.411,59524,39043952.0,2.114619,1910648.5,391.2837809,IT=11;11 ,ii
537,Ref 2,19.461,50136,29163066.0,2.1186461,1512712.8,391.2839155,IT=9.7;9.7 ,ii
538,Ref 2,27.108,65420,39386764.0,2.1226773,2211761.5,391.2837224,IT=14;14 ,ii
539,Ref 2,32.462,68892,35703076.0,2.126871,1707654.8,391.2838019,IT=16;16 ,ii
540,Ref 2,26.488,61868,34555804.0,2.1309147,1766222.4,391.2837954,IT=13;13 ,ii
541,Ref 2,30.483,65916,37297500.0,2.1350835,2067251.6,391.28375,IT=15;15 ,ii
542,Ref 2,23.667,60756,36661596.0,2.138923,1923544.4,391.2838517,IT=12;12 ,ii
543,Ref 2,21.555,57172,36723020.0,2.142973,1932815.9,391.2837773,IT=11;11 ,ii
544,Ref 2,24.701,61320,37114232.0,2.1470979,1972700.4,391.2837762,IT=12;12 ,ii
545,Ref 2,30.796,70196,40296540.0,2.1512959,1897111.6,391.2837426,IT=15;15 ,ii
546,Ref 2,28.150,63792,36985440.0,2.1552041,1914922.2,391.2836496,IT=14;14 ,ii
547,Ref 2,28.874,67284,38732812.0,2.1593292,2174093.8,391.2836783,IT=14;14 ,ii
548,Ref 2,28.018,64496,36264336.0,2.1634291,1981286.1,391.2837457,IT=14;14 ,ii
549,Ref 2,22.107,57968,36287952.0,2.1674479,1964701.9,391.2837833,IT=11;11 ,ii
550,Ref 2,50.000,81340,35966232.0,2.1718291,1837721.1,391.2838655,IT=25;25 ,ii
551,Ref 2,26.860,65076,40628100.0,2.1758978,2117032.8,391.2837278,IT=13;13 ,ii
552,Ref 2,26.326,62304,36500204.0,2.1799936,1885421.6,391.2837581,IT=13;13 ,ii
553,Ref 2,23.970,59660,35069328.0,2.1840602,1758016.6,391.2838352,IT=12;12 ,ii
554,Ref 2,20.415,55800,37621468.0,2.1880915,2122557.2,391.2838189,IT=10;10 ,ii
555,Ref 2,26.986,68228,40600096.0,2.1921061,2030256.5,391.2836539,IT=13;13 ,ii
556,Ref 2,21.969,58340,41132800.0,2.1961268,2381052.8,391.2837832,IT=11;11 ,ii
557,Ref 2,38.058,73024,37988748.0,2.200481,1921165.2,391.2838891,IT=19;19 ,ii
558,Ref 2,25.937,60324,37340004.0,2.2044372,1885040.1,391.2837518,IT=13;13 ,ii
559,Ref 2,27.724,70052,43019184.0,2.2085663,2303759.5,391.2837718,IT=14;14 ,ii
560,Ref 2,22.841,57416,35302024.0,2.2125976,1948690.6,391.283754,IT=11;11 ,ii
561,Ref 2,26.741,66000,39995824.0,2.2167475,2014317.5,391.2836492,IT=13;13 ,ii
562,Ref 2,28.450,65828,36107464.0,2.2208808,1961869.8,391.2837359,IT=14;14 ,ii
563,Ref 2,22.723,60872,42750196.0,2.224737,2319177.2,391.2838089,IT=11;11 ,ii
564,Ref 2,32.440,69436,38892072.0,2.2289829,1888774.4,391.2838077,IT=16;16 ,ii
565,Ref 2,27.404,60544,35159724.0,2.2330328,1897378.5,391.2837759,IT=14;14 ,ii
566,Ref 2,24.745,60192,38602472.0,2.2370974,2148539.8,391.2837683,IT=12;12 ,ii
567,Ref 2,24.823,60304,33684712.0,2.2410307,1582942.9,391.2838168,IT=12;12 ,ii
568,Ref 2,30.861,68452,35391212.0,2.2452265,1775428.1,391.2836922,IT=15;15 ,ii
569,Ref 2,26.448,63684,38250932.0,2.2492848,2075722.5,391.2837515,IT=13;13 ,ii
570,Ref 2,24.969,60684,34791836.0,2.2533556,1671673.2,391.2838114,IT=12;12 ,ii
571,Ref 2,28.707,66020,35284244.0,2.2575118,1862871.2,391.2837628,IT=14;14 ,ii
572,Ref 2,30.657,68540,39851768.0,2.2614952,2184214.0,391.2837299,IT=15;15 ,ii
573,Ref 2,27.284,62264,38488164.0,2.265568,1875241.5,391.2837481,IT=14;14 ,ii
574,Ref 2,32.573,71464,36955904.0,2.2697617,1839871.5,391.2837676,IT=16;16 ,ii
575,Ref 2,24.288,62636,39080636.0,2.2737617,2116628.5,391.2836954,IT=12;12 ,ii
576,Ref 2,16.716,50144,36954448.0,2.2775617,2039370.4,391.2838659,IT=8.4;8.4 ,ii
577,Ref 2,25.017,61724,37433688.0,2.2817534,1964576.1,391.2836784,IT=13;13 ,ii
578,Ref 2,28.347,65144,37417252.0,2.2859033,2074108.5,391.28373,IT=14;14 ,ii
579,Ref 2,22.948,60236,39814136.0,2.2899199,2026363.0,391.2837239,IT=11;11 ,ii
580,Ref 2,24.044,68408,45056612.0,2.2940219,2348635.2,391.283649,IT=12;12 ,ii
581,Ref 2,29.269,65884,38123404.0,2.298197,2084947.4,391.2837517,IT=15;15 ,ii
582,Ref 2,35.404,70176,37602256.0,2.3024199,1882739.2,391.2837213,IT=18;18 ,ii
583,Ref 2,33.152,71396,40317016.0,2.3065324,2027262.8,391.2837648,IT=17;17 ,ii
584,Ref 2,31.681,70248,38338784.0,2.3104823,2057819.5,391.283681,IT=16;16 ,ii
585,Ref 2,30.007,71984,40665084.0,2.3145886,1983567.9,391.2836807,IT=15;15 ,ii
586,Ref 2,29.901,66288,37471260.0,2.3187177,1862872.4,391.2837134,IT=15;15 ,ii
587,Ref 2,28.914,63284,36029620.0,2.3228301,1921747.5,391.2837712,IT=14;14 ,ii
588,Ref 2,22.121,57684,38192112.0,2.3268343,2002961.4,391.2837795,IT=11;11 ,ii
589,Ref 2,24.107,59820,38140704.0,2.3307843,1948692.0,391.2837267,IT=12;12 ,ii
590,Ref 2,33.890,69044,35069984.0,2.3350364,1833815.8,391.2836202,IT=17;17 ,ii
591,Ref 2,29.417,66772,36321980.0,2.3391008,1875869.2,391.2836998,IT=15;15 ,ii
592,Ref 2,29.459,65280,36161332.0,2.3432217,1750477.2,391.2836187,IT=15;15 ,ii
593,Ref 2,31.588,67676,38500884.0,2.3472091,1977795.1,391.2836105,IT=16;16 ,ii
594,Ref 2,25.852,62960,37231456.0,2.3512529,1970918.9,391.2837284,IT=13;13 ,ii
595,Ref 2,32.244,70992,38720192.0,2.3554612,1854609.8,391.2836622,IT=16;16 ,ii
596,Ref 2,26.225,63104,35055292.0,2.3594945,1941200.6,391.2836693,IT=13;13 ,ii
597,Ref 2,25.194,61952,39103512.0,2.3634173,2167593.2,391.2836207,IT=13;13 ,ii
598,Ref 2,29.973,70288,42654464.0,2.3676007,2058366.8,391.2836068,IT=15;15 ,ii
599,Ref 2,28.994,66752,38362548.0,2.3717048,1989417.6,391.2836326,IT=14;14 ,ii
600,Ref 2,22.127,56692,38687688.0,2.375709,2110018.8,391.2837285,IT=11;11 ,ii
601,Ref 2,28.416,62240,35907844.0,2.3797318,1739109.8,391.2837578,IT=14;14 ,ii
602,Ref 2,36.673,77372,40227540.0,2.3839839,2097568.0,391.2837496,IT=18;18 ,ii
603,Ref 2,25.067,62500,41217060.0,2.3879547,2265274.0,391.2836639,IT=13;13 ,ii
604,Ref 2,34.574,74148,39810588.0,2.3922025,1875685.8,391.283777,IT=17;17 ,ii
605,Ref 2,26.335,62720,37795392.0,2.3962067,1927867.1,391.2836602,IT=13;13 ,ii
606,Ref 2,29.504,67076,38756376.0,2.4002005,2088157.1,391.2836627,IT=15;15 ,ii
607,Ref 2,29.926,65700,37635116.0,2.4043359,1868347.9,391.2836634,IT=15;15 ,ii
608,Ref 2,22.943,57532,37153432.0,2.4083504,2008667.8,391.2836861,IT=11;11 ,ii
609,Ref 2,27.394,67456,38518328.0,2.4125108,2055968.0,391.2836373,IT=14;14 ,ii
610,Ref 2,26.077,65968,39945736.0,2.4164274,2021669.8,391.2836549,IT=13;13 ,ii
611,Ref 2,23.011,58764,36637176.0,2.4204815,1916519.6,391.2837452,IT=12;12 ,ii
612,Ref 2,22.254,59092,39720052.0,2.4245544,2308410.8,391.2838449,IT=11;11 ,ii
613,Ref 2,32.492,73356,39837760.0,2.4288045,1964016.4,391.283707,IT=16;16 ,ii
614,Ref 2,36.010,77676,38357548.0,2.4328231,1847520.9,391.2837432,IT=18;18 ,ii
615,Ref 2,27.372,64080,40159388.0,2.4368357,2129179.0,391.2837228,IT=14;14 ,ii
616,Ref 2,25.306,61580,38608952.0,2.4409127,2023656.2,391.2836948,IT=13;13 ,ii
617,Ref 2,24.449,62012,38273368.0,2.4449898,1951565.5,391.2836998,IT=12;12 ,ii
618,Ref 2,30.050,66284,36687176.0,2.4490084,1977988.1,391.2837008,IT=15;15 ,ii
619,Ref 2,25.591,64024,38937092.0,2.4530668,2055305.2,391.2837232,IT=13;13 ,ii
620,Ref 2,29.920,64772,34703640.0,2.4572376,1603126.8,391.2836936,IT=15;15 ,ii
621,Ref 2,20.272,58464,38268236.0,2.4612042,2086148.4,391.2838129,IT=10;10 ,ii
622,Ref 2,28.578,65740,38653436.0,2.4654167,2027240.8,391.2837409,IT=14;14 ,ii
623,Ref 2,34.966,75732,37796328.0,2.4694688,1803762.9,391.2838005,IT=17;17 ,ii
624,Ref 2,24.697,59852,36417568.0,2.4734521,1902566.9,391.2837706,IT=12;12 ,ii
625,Ref 2,35.902,75476,40181476.0,2.4777311,2086949.5,391.2838113,IT=18;18 ,ii
626,Ref 2,29.360,64004,35460564.0,2.4817729,1716020.5,391.2837392,IT=15;15 ,ii
627,Ref 2,27.489,68804,41908356.0,2.4856977,2236498.0,391.2836986,IT=14;14 ,ii
628,Ref 2,26.034,62836,38307624.0,2.4897853,2078032.0,391.2837726,IT=13;13 ,ii
629,Ref 2,27.652,62100,34974784.0,2.4939123,1674729.1,391.2838299,IT=14;14 ,ii
630,Ref 2,38.869,73928,37107004.0,2.4982122,1823470.8,391.2837523,IT=19;19 ,ii
631,Ref 2,22.794,59516,38030900.0,2.5019414,2177961.0,391.283753,IT=11;11 ,ii
632,Ref 2,35.258,73372,39737916.0,2.5062247,1928435.9,391.283672,IT=18;18 ,ii
633,Ref 2,25.093,63288,37589704.0,2.5102393,2089015.2,391.2836635,IT=13;13 ,ii
634,Ref 2,23.310,62516,40704408.0,2.5143081,2301094.0,391.2837707,IT=12;12 ,ii
635,Ref 2,30.090,70280,39988576.0,2.5183393,1955032.9,391.2838039,IT=15;15 ,ii
638,Ref 2,21.605,60016,41553636.0,2.5243391,2304171.2,391.2838286,IT=11;11 ,ii
640,Ref 2,21.689,59112,38822616.0,2.5285266,2009984.8,391.2837526,IT=11;11 ,ii
641,Ref 2,22.966,57760,36346312.0,2.5326225,1908562.9,391.2837859,IT=11;11 ,ii
642,Ref 2,28.206,66916,37781812.0,2.5367912,1915662.1,391.2836787,IT=14;14 ,ii
643,Ref 2,40.501,79544,38275228.0,2.5411079,1882873.0,391.2838739,IT=20;20 ,ii
645,Ref 2,22.052,57764,38922032.0,2.5454307,1990370.4,391.2835375,IT=11;11 ,ii
646,Ref 2,44.087,80392,39356320.0,2.5497119,2051878.9,391.2837952,IT=22;22 ,ii
647,Ref 2,31.638,69476,40138472.0,2.553689,2174442.0,391.2836694,IT=16;16 ,ii
648,Ref 2,20.825,54744,36682744.0,2.557641,1825094.6,391.2838121,IT=10;10 ,ii
649,Ref 2,17.295,52944,43762112.0,2.5616556,2503619.5,391.2837639,IT=8.6;8.6 ,ii
650,Ref 2,24.586,60596,39470772.0,2.5656659,2222479.8,391.2836757,IT=12;12 ,ii
651,Ref 2,50.000,86040,37056720.0,2.5701826,1620491.2,391.2836096,IT=25;25 ,ii
652,Ref 2,26.815,67580,41737816.0,2.573968,2201503.2,391.2836155,IT=13;13 ,ii
653,Ref 2,42.404,79232,38108864.0,2.5783346,1885972.1,391.2837216,IT=21;21 ,ii
654,Ref 2,21.582,59016,39699924.0,2.5819888,1989541.8,391.2836487,IT=11;11 ,ii
655,Ref 2,36.875,73344,36275912.0,2.58632,1801920.5,391.2836482,IT=18;18 ,ii
656,Ref 2,28.253,65828,39504708.0,2.5904013,2084331.6,391.2836713,IT=14;14 ,ii
657,Ref 2,21.032,56164,35312020.0,2.594395,1754166.0,391.2837526,IT=11;11 ,ii
658,Ref 2,34.115,70396,36185256.0,2.5985366,1833944.9,391.2837175,IT=17;17 ,ii
659,Ref 2,26.496,63356,38142072.0,2.6025533,1981296.8,391.2836923,IT=13;13 ,ii
660,Ref 2,36.606,73528,39107912.0,2.6068241,1904291.8,391.2836406,IT=18;18 ,ii
661,Ref 2,29.574,65260,35906864.0,2.6108657,1778821.6,391.2836047,IT=15;15 ,ii
662,Ref 2,34.663,73880,38262408.0,2.6150761,2086599.4,391.2836609,IT=17;17 ,ii
663,Ref 2,29.010,64776,38330664.0,2.6189635,1886523.8,391.2836416,IT=15;15 ,ii
664,Ref 2,27.549,65368,36655656.0,2.6230552,1882558.8,391.2836331,IT=14;14 ,ii
665,Ref 2,23.511,61060,39593196.0,2.627101,2240921.5,391.283668,IT=12;12 ,ii
666,Ref 2,25.194,65360,40430384.0,2.6312281,2021234.6,391.2836325,IT=13;13 ,ii
667,Ref 2,23.076,59812,35704412.0,2.6351218,1755314.5,391.2837197,IT=12;12 ,ii
668,Ref 2,27.226,65128,37767844.0,2.6392739,2001758.9,391.2836793,IT=14;14 ,ii
669,Ref 2,24.683,62384,40735692.0,2.6433363,2107394.5,391.2837002,IT=12;12 ,ii
670,Ref 2,30.741,66788,39641068.0,2.6475322,1978792.0,391.2836462,IT=15;15 ,ii
671,Ref 2,33.033,73100,41000092.0,2.6515258,2122514.5,391.2837395,IT=17;17 ,ii
672,Ref 2,26.222,62572,38121452.0,2.655553,2033285.1,391.2836444,IT=13;13 ,ii
673,Ref 2,25.885,63900,38361692.0,2.6596487,1934146.4,391.2836616,IT=13;13 ,ii
674,Ref 2,29.501,67560,41266804.0,2.6638196,2257876.5,391.2837413,IT=15;15 ,ii
675,Ref 2,21.371,56908,37992816.0,2.6676361,2020022.5,391.2837648,IT=11;11 ,ii
676,Ref 2,24.670,57784,33289610.0,2.6717674,1633627.2,391.2837057,IT=12;12 ,ii
678,Ref 2,31.061,69516,38025960.0,2.6777861,2059726.2,391.2835186,IT=16;16 ,ii
679,Ref 2,24.036,60252,38358452.0,2.6818028,1921231.8,391.2838012,IT=12;12 ,ii
680,Ref 2,33.620,74108,39094832.0,2.6860548,1957726.0,391.2836774,IT=17;17 ,ii
681,Ref 2,26.232,64340,38404416.0,2.6900631,2015630.8,391.2836235,IT=13;13 ,ii
682,Ref 2,37.282,74340,37552552.0,2.694186,1764514.5,391.2837846,IT=19;19 ,ii
683,Ref 2,26.005,62900,37915148.0,2.6981652,1963250.6,391.2837649,IT=13;13 ,ii
684,Ref 2,27.196,66948,40377284.0,2.7022859,2157625.8,391.2837468,IT=14;14 ,ii
685,Ref 2,24.242,62824,40180028.0,2.7063464,2082202.8,391.2837069,IT=12;12 ,ii
686,Ref 2,24.781,63664,38626008.0,2.7104442,1963463.2,391.2837691,IT=12;12 ,ii
687,Ref 2,47.716,80612,36979656.0,2.714761,1811240.1,391.2838514,IT=24;24 ,ii
688,Ref 2,26.954,64696,39981608.0,2.7185921,2094727.5,391.2837165,IT=13;13 ,ii
689,Ref 2,19.995,56968,41333788.0,2.7225817,2136634.0,391.2837586,IT=10;10 ,ii
690,Ref 2,38.340,73932,37061700.0,2.7269587,1936499.5,391.2837967,IT=19;19 ,ii
691,Ref 2,30.159,67832,38834604.0,2.7308108,1956377.2,391.283701,IT=15;15 ,ii
692,Ref 2,35.635,72244,37557868.0,2.7350295,1815752.0,391.2836865,IT=18;18 ,ii
693,Ref 2,25.622,64816,38544700.0,2.7390148,2021027.5,391.2836735,IT=13;13 ,ii
694,Ref 2,22.031,61304,42436432.0,2.7430482,2188995.8,391.2837196,IT=11;11 ,ii
695,Ref 2,35.618,71268,38479624.0,2.7471835,1919449.6,391.2837787,IT=18;18 ,ii
696,Ref 2,49.653,86016,37589900.0,2.7515647,1825201.5,391.2838181,IT=25;25 ,ii
697,Ref 2,28.293,67452,39937964.0,2.7553772,2110892.0,391.2837499,IT=14;14 ,ii
698,Ref 2,25.553,66384,39561040.0,2.7594418,1890974.2,391.2837312,IT=13;13 ,ii
699,Ref 2,22.860,57068,36982188.0,2.7633251,2058982.1,391.2838074,IT=11;11 ,ii
700,Ref 2,16.495,50548,39372388.0,2.7673126,2202007.8,391.2839057,IT=8.2;8.2 ,ii
701,Ref 2,30.008,68872,38266380.0,2.7715855,1896109.1,391.2836705,IT=15;15 ,ii
702,Ref 2,23.549,59340,40060092.0,2.7755917,2153572.8,391.2837803,IT=12;12 ,ii
703,Ref 2,28.217,66452,39828848.0,2.7795958,2104848.8,391.2837409,IT=14;14 ,ii
704,Ref 2,30.559,68640,41365392.0,2.7837458,2033286.9,391.2837176,IT=15;15 ,ii
705,Ref 2,30.830,70524,39728020.0,2.7878874,2042434.8,391.2836403,IT=15;15 ,ii
706,Ref 2,29.952,69664,40582088.0,2.792,2166872.8,391.2837552,IT=15;15 ,ii
707,Ref 2,37.419,73408,37375372.0,2.7962562,1722107.4,391.2837774,IT=19;19 ,ii
708,Ref 2,25.541,65356,39626980.0,2.8000499,2062341.5,391.2836934,IT=13;13 ,ii
709,Ref 2,33.625,73636,39176572.0,2.8042853,2133475.0,391.283701,IT=17;17 ,ii
710,Ref 2,24.180,63372,41022608.0,2.8082664,2047323.6,391.283663,IT=12;12 ,ii
711,Ref 2,26.890,62604,38312240.0,2.8124019,1939019.5,391.2836348,IT=13;13 ,ii
712,Ref 2,30.724,67824,37808724.0,2.8163997,2103609.5,391.2836974,IT=15;15 ,ii
713,Ref 2,21.012,61788,42978564.0,2.8203685,2197150.8,391.2836902,IT=11;11 ,ii
714,Ref 2,30.302,68056,38608608.0,2.8246017,2019685.0,391.2836065,IT=15;15 ,ii
715,Ref 2,27.446,67876,41599440.0,2.828681,2388740.0,391.2835393,IT=14;14 ,ii
716,Ref 2,28.173,67056,41042400.0,2.832635,2065887.2,391.2835486,IT=14;14 ,ii
717,Ref 2,39.931,74808,36953244.0,2.8369455,1842895.4,391.2835193,IT=20;20 ,ii
718,Ref 2,28.908,69856,40350620.0,2.8410496,2210265.8,391.2836193,IT=14;14 ,ii
719,Ref 2,25.587,66152,43111548.0,2.8451184,2142854.2,391.2835882,IT=13;13 ,ii
720,Ref 2,42.665,80784,37641248.0,2.849335,1765976.0,391.2837269,IT=21;21 ,ii
721,Ref 2,34.535,71632,37667492.0,2.8533766,1981519.5,391.2836553,IT=17;17 ,ii
722,Ref 2,28.563,66936,38333016.0,2.8574203,1918389.9,391.2836869,IT=14;14 ,ii
723,Ref 2,33.457,71968,37129600.0,2.8616223,1862243.1,391.2836683,IT=17;17 ,ii
724,Ref 2,25.106,62056,37122556.0,2.8656224,1931699.4,391.2837591,IT=13;13 ,ii
725,Ref 2,19.387,54292,38371116.0,2.8694578,2217623.2,391.2837425,IT=9.7;9.7 ,ii
726,Ref 2,24.630,61216,37482352.0,2.8736119,1857902.6,391.2837325,IT=12;12 ,ii
727,Ref 2,26.463,64412,37874716.0,2.8777326,2021008.5,391.2837871,IT=13;13 ,ii
728,Ref 2,20.733,58304,39049484.0,2.8817368,2146141.5,391.2837552,IT=10;10 ,ii
729,Ref 2,27.557,65716,36246708.0,2.8857534,1730040.5,391.2836766,IT=14;14 ,ii
730,Ref 2,26.586,60220,35617404.0,2.8898493,1921151.9,391.2837659,IT=13;13 ,ii
731,Ref 2,25.920,63908,42066572.0,2.8939388,2196440.8,391.2836825,IT=13;13 ,ii
732,Ref 2,32.918,67924,38497992.0,2.8981576,1927230.4,391.2838398,IT=16;16 ,ii
733,Ref 2,26.883,65516,38718628.0,2.9020283,2019197.5,391.283739,IT=13;13 ,ii
734,Ref 2,26.331,67580,41726936.0,2.9061221,2082875.0,391.2836737,IT=13;13 ,ii
735,Ref 2,26.848,65044,39890100.0,2.9102346,1954614.5,391.2836083,IT=13;13 ,ii
736,Ref 2,35.327,77352,39715644.0,2.9144783,2014394.8,391.2836807,IT=18;18 ,ii
737,Ref 2,24.966,64920,41761448.0,2.9182949,2195033.2,414.7135347,IT=12;12 ,ii
738,Ref 2,34.135,69480,36654716.0,2.9225427,1673741.8,391.2837289,IT=17;17 ,ii
739,Ref 2,27.263,64212,37568712.0,2.9265949,1947462.6,391.2837351,IT=14;14 ,ii
740,Ref 2,26.152,64592,39995152.0,2.9306886,2110855.2,391.2834944,IT=13;13 ,ii
741,Ref 2,24.100,63080,42409328.0,2.934749,2117593.2,391.283588,IT=12;12 ,ii
742,Ref 2,28.687,67308,39031592.0,2.938749,1953901.9,391.283633,IT=14;14 ,ii
743,Ref 2,27.533,63660,39032356.0,2.942849,2122439.0,391.2836719,IT=14;14 ,ii
744,Ref 2,22.175,61032,41191476.0,2.9468697,2089361.2,391.2836917,IT=11;11 ,ii
745,Ref 2,34.138,70376,36173008.0,2.9511593,1826458.5,391.2836278,IT=17;17 ,ii
746,Ref 2,27.058,65936,40022916.0,2.955005,2142861.2,391.2836511,IT=14;14 ,ii
747,Ref 2,27.467,63764,36683888.0,2.9591176,1847141.5,391.2836913,IT=14;14 ,ii
748,Ref 2,18.626,55520,40327392.0,2.9630842,2184419.5,391.283731,IT=9.3;9.3 ,ii
749,Ref 2,41.290,75356,37718612.0,2.9675196,1907782.2,391.2837045,IT=21;21 ,ii
750,Ref 2,27.850,62804,38794844.0,2.9712945,2009366.1,391.2836123,IT=14;14 ,ii
751,Ref 2,26.277,62244,39015868.0,2.9753821,2044766.9,391.2835884,IT=13;13 ,ii
752,Ref 2,34.358,73052,39110664.0,2.9796195,2031854.0,391.2837549,IT=17;17 ,ii
753,Ref 2,21.315,57348,38653480.0,2.9835487,2064744.4,391.2837606,IT=11;11 ,ii
754,Ref 2,31.558,68260,36790992.0,2.987634,1832711.5,391.2837454,IT=16;16 ,ii
755,Ref 2,23.162,60696,40132032.0,2.991634,2218971.2,391.2836895,IT=12;12 ,ii
756,Ref 2,33.747,69868,37985444.0,2.9958944,1953388.8,391.2837781,IT=17;17 ,ii
757,Ref 2,33.698,72460,39595300.0,3.0000298,2000353.0,391.2836944,IT=17;17 ,ii
758,Ref 2,27.569,61628,36250480.0,3.0039026,2002663.0,391.2837835,IT=14;14 ,ii
759,Ref 2,39.527,76748,38725368.0,3.0081277,1885277.2,391.2837673,IT=20;20 ,ii
760,Ref 2,40.215,77156,38089272.0,3.012311,1797688.5,391.2837338,IT=20;20 ,ii
761,Ref 2,29.283,66544,36851588.0,3.0163026,1976881.1,391.2836906,IT=15;15 ,ii
762,Ref 2,25.161,63832,41054404.0,3.0203568,2120188.5,391.283731,IT=13;13 ,ii
764,Ref 2,34.122,68916,35825296.0,3.0246962,1701760.4,391.283654,IT=17;17 ,ii
765,Ref 2,26.588,64952,40845364.0,3.0287171,2187634.2,391.283692,IT=13;13 ,ii
767,Ref 2,25.005,64052,41230896.0,3.0329254,2173918.0,391.2836908,IT=13;13 ,ii
768,Ref 2,45.863,82648,36786644.0,3.0373713,1665935.0,391.2837224,IT=23;23 ,ii
769,Ref 2,25.626,62852,38219088.0,3.0412211,1963495.0,391.2836897,IT=13;13 ,ii
770,Ref 2,30.028,66012,39382784.0,3.0454004,2029403.1,391.2837399,IT=15;15 ,ii
772,Ref 2,28.426,69288,41043628.0,3.049667,1999664.4,391.2836317,IT=14;14 ,ii
773,Ref 2,25.488,58928,33552652.0,3.0537523,1851357.2,391.2837157,IT=13;13 ,ii
774,Ref 2,27.945,65428,41901812.0,3.0579023,2286782.0,391.2835814,IT=14;14 ,ii
775,Ref 2,33.343,69300,35368488.0,3.0619481,1658966.5,391.283619,IT=17;17 ,ii
776,Ref 2,27.271,61740,38833580.0,3.0659919,2113798.2,391.2836276,IT=14;14 ,ii
777,Ref 2,30.255,69624,40194260.0,3.0701626,2036395.1,391.283679,IT=15;15 ,ii
778,Ref 2,28.937,65196,39657176.0,3.0742772,1914235.1,391.2836544,IT=14;14 ,ii
779,Ref 2,26.173,64044,39260304.0,3.078198,2119303.2,391.2836685,IT=13;13 ,ii
780,Ref 2,22.227,57676,36747132.0,3.082248,2062121.0,391.2837265,IT=11;11 ,ii
781,Ref 2,23.899,60444,35633508.0,3.0863625,1738054.2,391.2837343,IT=12;12 ,ii
782,Ref 2,18.730,54588,39248928.0,3.0903729,2227991.2,391.2836421,IT=9.4;9.4 ,ii
783,Ref 2,26.268,65844,39579852.0,3.0944021,2077257.8,391.2836924,IT=13;13 ,ii
784,Ref 2,29.402,66408,35448764.0,3.0985563,1770023.0,391.2836557,IT=15;15 ,ii
785,Ref 2,29.758,64616,36725720.0,3.1026916,1883934.5,391.2835494,IT=15;15 ,ii
786,Ref 2,36.148,74648,38791624.0,3.1069311,1998351.6,391.2836772,IT=18;18 ,ii
787,Ref 2,24.016,62120,39231612.0,3.1108853,1922811.8,391.2836615,IT=12;12 ,ii
788,Ref 2,27.802,67720,40325868.0,3.1148853,2074469.5,391.2836342,IT=14;14 ,ii
789,Ref 2,31.819,68456,35676648.0,3.1190686,1873320.1,391.2836752,IT=16;16 ,ii
790,Ref 2,24.100,57832,35460656.0,3.1230685,1788937.5,391.2837304,IT=12;12 ,ii
791,Ref 2,21.805,57940,35992888.0,3.1271227,1839482.0,391.2837295,IT=11;11 ,ii
792,Ref 2,21.240,58572,41023188.0,3.1310268,2309216.0,391.2836929,IT=11;11 ,ii
793,Ref 2,35.646,73820,38315184.0,3.1353415,1833535.6,391.2836514,IT=18;18 ,ii
794,Ref 2,26.451,63980,38887488.0,3.1393373,1932692.6,391.2836064,IT=13;13 ,ii
795,Ref 2,25.651,61900,35321128.0,3.1434268,1902804.4,391.2837391,IT=13;13 ,ii
796,Ref 2,29.501,68504,40253624.0,3.1474246,2013870.6,391.2836668,IT=15;15 ,ii
797,Ref 2,21.623,54500,32515282.0,3.1514205,1666048.0,391.2837572,IT=11;11 ,ii
798,Ref 2,21.556,56348,35617324.0,3.1554954,1894953.2,391.2836631,IT=11;11 ,ii
799,Ref 2,26.317,65044,39882268.0,3.1596475,2060733.2,391.2835677,IT=13;13 ,ii
800,Ref 2,24.772,58672,35673728.0,3.1635578,1752831.5,391.2836063,IT=12;12 ,ii
801,Ref 2,28.139,62664,35306028.0,3.167712,1862711.0,391.2834888,IT=14;14 ,ii
802,Ref 2,20.837,57564,38042180.0,3.1717016,2104772.2,391.2837533,IT=10;10 ,ii
803,Ref 2,29.807,66020,37219948.0,3.1759287,1722217.0,391.2835681,IT=15;15 ,ii
804,Ref 2,36.164,74408,40508632.0,3.1799848,2082152.1,391.2836555,IT=18;18 ,ii
805,Ref 2,26.991,63432,38790464.0,3.183989,2058725.9,391.2836424,IT=13;13 ,ii
806,Ref 2,29.686,67528,39942280.0,3.188141,1895074.2,391.2835506,IT=15;15 ,ii
807,Ref 2,27.607,64580,37056724.0,3.1922326,1988449.8,391.283687,IT=14;14 ,ii
809,Ref 2,28.764,64928,38724088.0,3.196666,2146417.8,391.2836617,IT=14;14 ,ii
810,Ref 2,33.381,72448,38991076.0,3.2006909,1878309.6,391.2836172,IT=17;17 ,ii
811,Ref 2,37.098,73952,38195444.0,3.2048951,2021157.1,391.2836395,IT=19;19 ,ii
812,Ref 2,26.071,64312,40015716.0,3.2088784,2171592.5,391.2836589,IT=13;13 ,ii
813,Ref 2,24.375,61892,37939184.0,3.2129597,1884295.0,391.2837259,IT=12;12 ,ii
814,Ref 2,25.028,60508,32637452.0,3.2168929,1709723.4,391.2837899,IT=13;13 ,ii
815,Ref 2,35.384,75728,39435216.0,3.2211638,1947815.6,391.2836975,IT=18;18 ,ii
816,Ref 2,45.864,82796,38446532.0,3.2254888,1761686.4,391.2838208,IT=23;23 ,ii
817,Ref 2,25.120,63812,38301252.0,3.2293241,2058156.6,391.2836753,IT=13;13 ,ii
818,Ref 2,29.100,66164,39178360.0,3.2334866,2101749.5,391.2835606,IT=15;15 ,ii
819,Ref 2,30.720,67296,37502904.0,3.2374637,1793075.9,391.2834393,IT=15;15 ,ii
820,Ref 2,32.970,70020,39505388.0,3.2416303,2038786.0,391.2835604,IT=16;16 ,ii
821,Ref 2,21.085,58232,35837616.0,3.2455781,1993593.2,391.283699,IT=11;11 ,ii
822,Ref 2,26.250,65132,41077012.0,3.2497406,1959154.6,391.2835777,IT=13;13 ,ii
823,Ref 2,23.152,58648,33637748.0,3.253626,1706113.9,391.2836487,IT=12;12 ,ii
824,Ref 2,17.064,51320,36891692.0,3.2576114,2163749.0,391.2837727,IT=8.5;8.5 ,ii
825,Ref 2,21.564,59552,39516036.0,3.2617384,1985676.0,391.2836368,IT=11;11 ,ii
826,Ref 2,34.901,73476,39919560.0,3.2660343,1993439.6,391.2836284,IT=17;17 ,ii
827,Ref 2,26.544,64668,38667868.0,3.2698738,2100430.0,391.2837526,IT=13;13 ,ii
828,Ref 2,21.822,62336,40563240.0,3.2738988,2103031.0,391.2837104,IT=11;11 ,ii
829,Ref 2,28.681,66608,39808060.0,3.2780967,1998802.0,391.2836558,IT=14;14 ,ii
830,Ref 2,33.040,70640,37693880.0,3.2822821,2010891.1,391.2837237,IT=17;17 ,ii
831,Ref 2,26.034,65912,41944512.0,3.286132,2207589.0,391.2836778,IT=13;13 ,ii
832,Ref 2,19.674,60608,44695552.0,3.2901279,2262740.2,391.2837072,IT=9.8;9.8 ,ii
833,Ref 2,29.789,66952,37249256.0,3.2943736,1923797.4,391.2837614,IT=15;15 ,ii
834,Ref 2,22.149,59832,40800656.0,3.2983716,2115498.5,414.7137293,IT=11;11 ,ii
835,Ref 2,40.463,80080,37323996.0,3.3025924,1742916.4,391.2837745,IT=20;20 ,ii
836,Ref 2,28.923,67520,39772596.0,3.3065778,2151066.5,391.2836303,IT=14;14 ,ii
837,Ref 2,37.593,76724,41909396.0,3.3108444,2097927.5,391.2837439,IT=19;19 ,ii
838,Ref 2,23.883,59328,35072652.0,3.3147777,1695012.0,391.2837202,IT=12;12 ,ii
839,Ref 2,44.816,84532,37974624.0,3.3192151,1873720.2,391.2837377,IT=22;22 ,ii
840,Ref 2,26.860,62212,38943824.0,3.3229173,2181185.8,391.2836832,IT=13;13 ,ii
841,Ref 2,42.559,79440,35592500.0,3.3272819,1694609.5,391.2836917,IT=21;21 ,ii
842,Ref 2,28.143,61628,33730076.0,3.3312192,1764661.1,391.2837754,IT=14;14 ,ii
843,Ref 2,24.076,65456,40397024.0,3.335263,2188659.5,391.2837704,IT=12;12 ,ii
844,Ref 2,23.814,61732,38420708.0,3.3391837,1780361.6,391.2837326,IT=12;12 ,ii
845,Ref 2,46.060,78736,34117584.0,3.3436443,1726284.6,391.2837715,IT=23;23 ,ii
846,Ref 2,23.399,59684,36667672.0,3.347442,2025525.2,391.2837941,IT=12;12 ,ii
847,Ref 2,26.406,66328,42838976.0,3.3515796,2206295.8,391.2836635,IT=13;13 ,ii
848,Ref 2,24.181,54212,32913504.0,3.3554774,1793176.6,391.2838264,IT=12;12 ,ii
849,Ref 2,19.693,57496,37831096.0,3.3594941,2133446.2,391.2838365,IT=9.8;9.8 ,ii
850,Ref 2,31.192,67260,38215924.0,3.3637586,1872471.0,391.2837534,IT=16;16 ,ii
851,Ref 2,24.533,63204,36627204.0,3.3677753,1874487.4,391.2837483,IT=12;12 ,ii
852,Ref 2,27.769,63316,38916628.0,3.3717585,2168438.8,391.2837276,IT=14;14 ,ii
853,Ref 2,26.567,64608,38699404.0,3.3758481,1967410.0,391.283689,IT=13;13 ,ii
854,Ref 2,38.034,76380,37818768.0,3.3801418,1840646.5,391.2836794,IT=19;19 ,ii
855,Ref 2,28.067,65552,39900556.0,3.3841397,2096645.1,391.2837102,IT=14;14 ,ii
856,Ref 2,29.109,68440,40248208.0,3.3882688,2073235.0,391.2837737,IT=15;15 ,ii
857,Ref 2,27.470,65352,36231392.0,3.3921897,1763972.8,391.2837304,IT=14;14 ,ii
858,Ref 2,40.205,79400,37711372.0,3.3965105,1993885.9,391.2839045,IT=20;20 ,ii
859,Ref 2,25.830,62392,36671852.0,3.4004396,1805900.4,391.2837938,IT=13;13 ,ii
860,Ref 2,30.875,64536,34298372.0,3.404625,1782630.2,391.2837349,IT=15;15 ,ii
861,Ref 2,28.668,68188,40777376.0,3.4085416,2127316.0,391.2837641,IT=14;14 ,ii
862,Ref 2,36.170,73404,36759656.0,3.4127771,1867537.0,391.2837486,IT=18;18 ,ii
863,Ref 2,25.164,63256,37897968.0,3.4167499,1883405.5,391.2836756,IT=13;13 ,ii
864,Ref 2,27.624,65036,39526472.0,3.4208853,2102420.0,391.2837519,IT=14;14 ,ii
865,Ref 2,27.353,66408,37969088.0,3.4248998,1920563.4,391.2837299,IT=14;14 ,ii
866,Ref 2,29.982,65080,34074952.0,3.4290478,1621312.6,391.2837111,IT=15;15 ,ii
867,Ref 2,25.940,66924,42106652.0,3.4331061,2223727.5,414.7136168,IT=13;13 ,ii
868,Ref 2,37.942,75920,40948072.0,3.4374041,2032741.4,391.2838528,IT=19;19 ,ii
869,Ref 2,25.404,62764,34393064.0,3.4411831,1687814.5,391.2838178,IT=13;13 ,ii
870,Ref 2,22.791,58144,36025720.0,3.4452331,1966839.8,391.2838996,IT=11;11 ,ii
871,Ref 2,30.528,69032,39492428.0,3.4494414,2062046.1,391.2838424,IT=15;15 ,ii
872,Ref 2,24.903,62660,38571584.0,3.4534643,1889478.9,391.283767,IT=12;12 ,ii
873,Ref 2,22.970,62628,42138724.0,3.4575226,2212217.2,391.2838482,IT=11;11 ,ii
874,Ref 2,27.580,64468,39950128.0,3.461683,2038905.9,391.283729,IT=14;14 ,ii
875,Ref 2,32.614,69956,37302136.0,3.4658725,1736645.4,391.283859,IT=16;16 ,ii
876,Ref 2,34.317,71768,36359856.0,3.4700349,1895516.1,391.2838751,IT=17;17 ,ii
877,Ref 2,33.758,71904,40292796.0,3.4741662,2061868.4,391.2838181,IT=17;17 ,ii
878,Ref 2,25.540,69984,44061852.0,3.4779995,2121463.2,391.2837719,IT=13;13 ,ii
879,Ref 2,24.217,62496,37669872.0,3.4820745,1982374.6,391.2838401,IT=12;12 ,ii
880,Ref 2,28.156,65280,38880032.0,3.4862244,2111360.8,391.2837988,IT=14;14 ,ii
881,Ref 2,26.259,62080,36870420.0,3.4902995,1736544.9,391.2838737,IT=13;13 ,ii
882,Ref 2,39.146,77276,37145536.0,3.4944494,1822750.6,391.2838018,IT=20;20 ,ii
883,Ref 2,30.739,71348,40661500.0,3.4984828,2131217.5,391.2837127,IT=15;15 ,ii
884,Ref 2,21.979,59148,37379536.0,3.5024597,1890543.1,391.28389,IT=11;11 ,ii
885,Ref 2,26.207,60788,36363420.0,3.5066077,1818336.8,391.2837898,IT=13;13 ,ii
886,Ref 2,23.260,61660,38526056.0,3.5104972,2067030.4,391.2838561,IT=12;12 ,ii
887,Ref 2,32.016,70860,38752772.0,3.5147264,1824666.1,391.2837416,IT=16;16 ,ii
888,Ref 2,23.289,57572,33625036.0,3.5187139,1770501.0,391.2838305,IT=12;12 ,ii
889,Ref 2,30.070,71048,41295632.0,3.5229075,2191394.2,391.2839081,IT=15;15 ,ii
891,Ref 2,20.526,57900,39619640.0,3.5272013,1954259.8,391.2838238,IT=10;10 ,ii
892,Ref 2,24.426,62336,39519308.0,3.531172,2019736.2,391.2838004,IT=12;12 ,ii
894,Ref 2,24.621,62748,40419896.0,3.5353658,2221443.0,391.2837822,IT=12;12 ,ii
895,Ref 2,24.877,64016,40802656.0,3.5394616,2139324.2,391.283783,IT=12;12 ,ii
896,Ref 2,24.153,61964,41355620.0,3.5435366,2164860.8,391.2837224,IT=12;12 ,ii
897,Ref 2,34.068,71276,37425028.0,3.5476157,1947009.0,391.2839367,IT=17;17 ,ii
899,Ref 2,25.534,65408,43710704.0,3.5518261,2153600.2,414.713605,IT=13;13 ,ii
900,Ref 2,26.296,62560,33902624.0,3.5559344,1684385.8,391.2837999,IT=13;13 ,ii
901,Ref 2,41.963,80088,38984552.0,3.5602968,1975279.9,391.2838213,IT=21;21 ,ii
902,Ref 2,33.937,75196,41423908.0,3.5643343,2039445.9,391.2837835,IT=17;17 ,ii
903,Ref 2,26.040,61852,35964728.0,3.5681718,1897753.2,391.2837441,IT=13;13 ,ii
904,Ref 2,27.730,67608,40786040.0,3.572301,2219298.5,391.283726,IT=14;14 ,ii
905,Ref 2,27.394,65488,40095608.0,3.5763988,2114351.2,391.2836803,IT=14;14 ,ii
906,Ref 2,26.515,64260,38555336.0,3.5804905,1951383.2,391.2836898,IT=13;13 ,ii
907,Ref 2,43.839,82460,39515620.0,3.5847217,1996345.0,391.2838197,IT=22;22 ,ii
908,Ref 2,29.371,67444,39254648.0,3.5886529,2069674.6,391.2836911,IT=15;15 ,ii
909,Ref 2,19.747,52576,33278872.0,3.5926154,1643963.0,391.2838164,IT=9.9;9.9 ,ii
910,Ref 2,34.888,70760,38088124.0,3.5969383,1986264.2,391.2836803,IT=17;17 ,ii
911,Ref 2,30.072,70124,39409884.0,3.6008341,2073303.9,391.283745,IT=15;15 ,ii
912,Ref 2,22.300,56956,37183856.0,3.6048362,1879272.8,391.2838043,IT=11;11 ,ii
913,Ref 2,37.396,75784,38119020.0,3.6091695,1933491.9,391.2837556,IT=19;19 ,ii
914,Ref 2,26.337,65060,38428920.0,3.6131465,2194493.0,391.2837753,IT=13;13 ,ii
915,Ref 2,26.506,66792,40883584.0,3.6170965,1976340.5,391.2836761,IT=13;13 ,ii
916,Ref 2,25.500,66000,42508284.0,3.6211798,2292217.8,391.2836653,IT=13;13 ,ii
917,Ref 2,27.089,64884,38258072.0,3.6253027,2037016.6,391.2836193,IT=14;14 ,ii
918,Ref 2,23.961,62616,38938872.0,3.6293548,1945710.6,391.2836495,IT=12;12 ,ii
919,Ref 2,34.957,71344,37110568.0,3.6336276,1943612.2,391.2836754,IT=17;17 ,ii
920,Ref 2,27.658,66276,40333028.0,3.6374839,2235544.5,391.2836352,IT=14;14 ,ii
921,Ref 2,24.713,60864,37499616.0,3.6415463,1803281.5,391.2836928,IT=12;12 ,ii
922,Ref 2,26.167,63484,36537836.0,3.6456629,1909604.6,391.2837026,IT=13;13 ,ii
923,Ref 2,24.996,63752,39662476.0,3.6497484,2217607.2,391.2837779,IT=12;12 ,ii
924,Ref 2,33.741,72092,38782164.0,3.6538191,1870705.0,391.2838189,IT=17;17 ,ii
926,Ref 2,31.707,67472,33990412.0,3.65814,1709763.0,391.2837417,IT=16;16 ,ii
927,Ref 2,30.483,71372,40117740.0,3.6622503,2028810.6,391.2836992,IT=15;15 ,ii
928,Ref 2,28.070,67672,40983072.0,3.6663337,1991626.0,391.283725,IT=14;14 ,ii
929,Ref 2,27.875,67788,39984156.0,3.6702836,1970334.8,391.2836948,IT=14;14 ,ii
930,Ref 2,31.964,69012,38515628.0,3.6744711,2074100.9,391.2837635,IT=16;16 ,ii
931,Ref 2,22.015,61364,41236964.0,3.6784419,2075390.6,391.2837174,IT=11;11 ,ii
932,Ref 2,45.234,79816,36465816.0,3.6829085,1705949.5,391.2838207,IT=23;23 ,ii
933,Ref 2,27.010,65744,39954880.0,3.6866064,2053490.9,391.2836793,IT=14;14 ,ii
934,Ref 2,23.784,62940,41176312.0,3.6906585,2137504.2,391.2836963,IT=12;12 ,ii
935,Ref 2,24.270,64696,42517132.0,3.6947626,2228455.2,391.28359,IT=12;12 ,ii
936,Ref 2,44.978,82224,39409956.0,3.6991918,2020712.2,391.283911,IT=22;22 ,ii
938,Ref 2,26.922,65064,38902492.0,3.7035917,1984134.5,391.2838037,IT=13;13 ,ii
939,Ref 2,27.544,69356,41083380.0,3.7077146,2104935.5,391.2837645,IT=14;14 ,ii
940,Ref 2,22.167,60156,39121624.0,3.7117479,2154948.0,391.2838156,IT=11;11 ,ii
941,Ref 2,30.124,65184,36209004.0,3.7159708,1858515.6,391.283854,IT=15;15 ,ii
942,Ref 2,28.220,64764,36266836.0,3.7200729,1819403.4,391.2837797,IT=14;14 ,ii
943,Ref 2,26.598,62408,36128204.0,3.7241687,1919205.4,391.283816,IT=13;13 ,ii
944,Ref 2,34.545,75424,40007152.0,3.7282499,1984032.4,391.2837607,IT=17;17 ,ii
945,Ref 2,39.027,75004,36933392.0,3.7324833,1864712.2,391.2836992,IT=20;20 ,ii
946,Ref 2,23.427,58364,35623344.0,3.7364144,1882796.8,391.2837309,IT=12;12 ,ii
947,Ref 2,24.520,64816,43065748.0,3.7405228,2338515.2,391.2836974,IT=12;12 ,ii
948,Ref 2,31.352,67340,36624608.0,3.7445685,1795650.9,391.283729,IT=16;16 ,ii
949,Ref 2,26.505,67728,39364020.0,3.7486311,1995857.2,391.2838052,IT=13;13 ,ii
950,Ref 2,26.525,66848,41051704.0,3.7527351,2158350.5,391.2837321,IT=13;13 ,ii
951,Ref 2,26.169,63664,35962664.0,3.7568352,1758379.8,391.2837036,IT=13;13 ,ii
952,Ref 2,42.662,77156,36895924.0,3.7610518,1898659.9,391.2838088,IT=21;21 ,ii
953,Ref 2,27.926,67616,38420516.0,3.764983,2002538.1,391.2837003,IT=14;14 ,ii
954,Ref 2,39.981,79072,38669816.0,3.769308,1813478.4,391.2837589,IT=20;20 ,ii
955,Ref 2,27.849,65996,38554088.0,3.7732934,1963626.6,391.2836066,IT=14;14 ,ii
956,Ref 2,27.690,66316,36870340.0,3.7772496,2036415.6,391.2836111,IT=14;14 ,ii
957,Ref 2,27.460,66200,38972700.0,3.7813579,2028266.0,391.2836217,IT=14;14 ,ii
958,Ref 2,32.686,70400,38284416.0,3.7855662,1910606.2,391.2837064,IT=16;16 ,ii
959,Ref 2,23.266,62824,40673424.0,3.7895578,2139246.8,391.283675,IT=12;12 ,ii
960,Ref 2,33.271,67320,34379536.0,3.7938245,1602927.1,391.2836338,IT=17;17 ,ii
961,Ref 2,30.660,69808,38815224.0,3.7977473,1890544.0,391.2835907,IT=15;15 ,ii
962,Ref 2,27.032,64836,39506636.0,3.8018119,2017324.0,391.2836535,IT=14;14 ,ii
963,Ref 2,24.525,65316,39716612.0,3.8058765,1925548.8,391.2837579,IT=12;12 ,ii
964,Ref 2,33.520,74176,41090076.0,3.8101181,2070499.5,391.2836209,IT=17;17 ,ii
965,Ref 2,39.968,75740,38866736.0,3.814191,1985804.8,391.2837846,IT=20;20 ,ii
966,Ref 2,33.979,70400,35365580.0,3.818266,1720682.2,391.2837523,IT=17;17 ,ii
967,Ref 2,27.608,63944,35648132.0,3.8223055,1814731.6,391.2838297,IT=14;14 ,ii
968,Ref 2,32.469,68408,36066204.0,3.8265076,2065176.4,391.2837161,IT=16;16 ,ii
969,Ref 2,23.867,61464,37958460.0,3.8303284,1931815.9,391.2837636,IT=12;12 ,ii
970,Ref 2,45.665,79904,36067860.0,3.8347826,1775930.1,391.2838379,IT=23;23 ,ii
971,Ref 2,24.650,64960,42528904.0,3.8386095,2297432.2,391.2837202,IT=12;12 ,ii
972,Ref 2,26.538,68672,43367268.0,3.8427345,2237307.0,391.2837515,IT=13;13 ,ii
973,Ref 2,36.869,74396,38734084.0,3.8470074,1935568.1,391.2837879,IT=18;18 ,ii
974,Ref 2,40.255,76616,38442300.0,3.8510512,1991435.8,391.2838698,IT=20;20 ,ii
975,Ref 2,29.480,65976,36908324.0,3.8550469,1914783.2,391.2837504,IT=15;15 ,ii
976,Ref 2,37.611,73216,37740552.0,3.8593094,1820205.0,391.2837563,IT=19;19 ,ii
977,Ref 2,26.378,65500,37969384.0,3.8632886,2045850.0,391.2837995,IT=13;13 ,ii
978,Ref 2,23.432,61284,39536100.0,3.8671802,2158497.2,391.2837849,IT=12;12 ,ii
979,Ref 2,36.733,72764,39498132.0,3.8714927,2012121.4,391.2837569,IT=18;18 ,ii
980,Ref 2,36.501,76872,38232188.0,3.8756468,1964717.1,391.2837416,IT=18;18 ,ii
981,Ref 2,26.384,65368,41289492.0,3.8796385,2094765.9,391.2837486,IT=13;13 ,ii
982,Ref 2,33.751,71584,36955420.0,3.8837009,1745882.8,391.2837303,IT=17;17 ,ii
983,Ref 2,37.589,74948,36116360.0,3.8879071,1883927.8,391.2837636,IT=19;19 ,ii
984,Ref 2,28.387,66252,39652888.0,3.8919217,2029348.5,391.2837454,IT=14;14 ,ii
985,Ref 2,27.885,65856,36223996.0,3.89603,1740060.8,391.2838042,IT=14;14 ,ii
986,Ref 2,32.816,72240,38480960.0,3.9000654,2007118.8,391.2838007,IT=16;16 ,ii
987,Ref 2,22.836,59196,39872640.0,3.9038654,2235793.0,391.2838328,IT=11;11 ,ii
988,Ref 2,44.069,78168,35622620.0,3.9083029,1638727.1,391.2837365,IT=22;22 ,ii
989,Ref 2,27.829,66400,39221204.0,3.912207,2120890.0,391.2837016,IT=14;14 ,ii
990,Ref 2,31.814,70656,38633172.0,3.9163882,2031568.5,391.2837043,IT=16;16 ,ii
991,Ref 2,26.083,63908,35178556.0,3.9202507,1736385.9,391.2838192,IT=13;13 ,ii
992,Ref 2,37.669,76600,40614496.0,3.9245506,2062483.0,391.2836647,IT=19;19 ,ii
993,Ref 2,26.906,64336,40264708.0,3.928534,2079514.9,391.2837448,IT=13;13 ,ii
994,Ref 2,35.523,75072,37571672.0,3.9327819,1797282.1,391.2837092,IT=18;18 ,ii
995,Ref 2,32.272,66764,35162424.0,3.936711,1785116.8,391.2836883,IT=16;16 ,ii
996,Ref 2,34.682,73056,39827808.0,3.9408881,2075721.2,391.2837462,IT=17;17 ,ii
997,Ref 2,29.582,65996,35128632.0,3.9449485,1659913.2,391.2837226,IT=15;15 ,ii
998,Ref 2,31.584,71660,41146392.0,3.9491068,2116243.8,391.283671,IT=16;16 ,ii
999,Ref 2,31.814,68904,37702096.0,3.9530734,2018718.2,391.2836581,IT=16;16 ,ii
1000,Ref 2,28.851,67796,36789340.0,3.9571589,1784275.2,391.2836996,IT=14;14 ,ii
1001,Ref 2,21.999,58924,39290044.0,3.9611671,2099963.8,391.2838022,IT=11;11 ,ii
1002,Ref 2,25.973,64568,38347296.0,3.9653109,2065757.2,391.2836812,IT=13;13 ,ii
1003,Ref 2,32.506,69872,38115428.0,3.969365,1845593.5,391.2838052,IT=16;16 ,ii
1004,Ref 2,33.848,70240,35652424.0,3.9735316,1757824.2,391.283785,IT=17;17 ,ii
1005,Ref 2,22.056,62232,43196780.0,3.9774753,2338354.5,391.2838054,IT=11;11 ,ii
1006,Ref 2,47.092,84792,40445392.0,3.9819753,1906526.0,391.2838709,IT=24;24 ,ii
1007,Ref 2,24.397,60888,34974308.0,3.9857732,1733177.8,391.2837445,IT=12;12 ,ii
1008,Ref 2,26.216,62276,35014920.0,3.9897295,1842950.9,391.2837548,IT=13;13 ,ii
1009,Ref 2,29.735,69496,40852280.0,3.993894,2073522.8,391.2837196,IT=15;15 ,ii
1010,Ref 2,24.230,63336,39562188.0,3.9979273,2034115.8,391.2836542,IT=12;12 ,ii
1011,Ref 2,46.701,84148,38556472.0,4.0023897,2010959.4,391.2838341,IT=23;23 ,ii
1012,Ref 2,26.398,64392,37916964.0,4.0060522,1984873.9,391.2836936,IT=13;13 ,ii
1013,Ref 2,40.745,77404,35509416.0,4.010394,1679607.4,391.2837651,IT=20;20 ,ii
1014,Ref 2,25.772,63900,38457880.0,4.0143188,2122044.2,391.2836612,IT=13;13 ,ii
1015,Ref 2,25.157,62936,38424848.0,4.0184105,2129092.8,391.2837212,IT=13;13 ,ii
1016,Ref 2,23.886,64160,43399784.0,4.0223167,2213690.2,391.2837488,IT=12;12 ,ii
1017,Ref 2,27.620,66128,37212008.0,4.0264668,1974000.4,391.2838512,IT=14;14 ,ii
1019,Ref 2,28.658,68660,39622752.0,4.0307375,2073232.8,391.2837074,IT=14;14 ,ii
1020,Ref 2,28.679,65608,36907440.0,4.0348583,1773552.9,391.2838119,IT=14;14 ,ii
1023,Ref 2,29.233,72436,39304984.0,4.0410041,2180477.8,391.2836996,IT=15;15 ,ii
1024,Ref 2,35.672,72248,36876964.0,4.0452374,1824141.4,391.283726,IT=18;18 ,ii
1025,Ref 2,29.247,67924,40178412.0,4.0491165,2059796.1,391.2837635,IT=15;15 ,ii
1027,Ref 2,26.682,67672,40728244.0,4.0533561,2213799.5,391.2836225,IT=13;13 ,ii
1028,Ref 2,22.950,60540,37357180.0,4.0573998,1880894.6,391.2837336,IT=11;11 ,ii
1029,Ref 2,47.070,82548,37079564.0,4.0618873,1831343.5,391.2837985,IT=24;24 ,ii
1030,Ref 2,30.706,66420,34225884.0,4.0657893,1844290.5,391.2837545,IT=15;15 ,ii
1031,Ref 2,34.566,72096,39767956.0,4.0698122,2003750.8,391.2837681,IT=17;17 ,ii
1032,Ref 2,32.256,68908,38368500.0,4.0739309,1899326.1,391.2837744,IT=16;16 ,ii
1033,Ref 2,32.241,69928,37629748.0,4.0780621,1956913.8,391.2837936,IT=16;16 ,ii
1034,Ref 2,39.891,74616,37460656.0,4.0823267,1817843.2,391.2838775,IT=20;20 ,ii
1035,Ref 2,28.002,66872,40788672.0,4.0861287,2117122.0,391.2837237,IT=14;14 ,ii
1036,Ref 2,29.388,63568,33900120.0,4.0902662,1804431.9,391.2838593,IT=15;15 ,ii
1037,Ref 2,28.933,68056,39878744.0,4.0943766,1988830.9,391.283808,IT=14;14 ,ii
1038,Ref 2,26.803,68268,38842072.0,4.0984599,1884727.9,391.2837614,IT=13;13 ,ii
1039,Ref 2,27.624,69640,42311004.0,4.1024141,2375941.0,391.2836778,IT=14;14 ,ii
1040,Ref 2,29.253,69108,41683388.0,4.1065515,2109765.0,391.283685,IT=15;15 ,ii
1041,Ref 2,24.334,61988,39384344.0,4.1105973,1919896.1,391.2837615,IT=12;12 ,ii
1042,Ref 2,47.951,82252,37384120.0,4.1150848,1916970.0,391.2838817,IT=24;24 ,ii
1043,Ref 2,20.744,56832,39258688.0,4.1186348,2069669.5,391.2838016,IT=10;10 ,ii
1044,Ref 2,24.366,62708,35630136.0,4.1226015,1721414.2,391.2837733,IT=12;12 ,ii
1045,Ref 2,21.674,58640,39301836.0,4.1266473,2102422.2,391.2838175,IT=11;11 ,ii
1046,Ref 2,18.600,56608,42907384.0,4.1306681,2326293.0,391.2838676,IT=9.3;9.3 ,ii
1047,Ref 2,24.778,64444,38394816.0,4.1348451,1890140.9,391.2838015,IT=12;12 ,ii
1048,Ref 2,32.110,69960,37242860.0,4.1388951,1976910.4,391.2836408,IT=16;16 ,ii
1049,Ref 2,23.673,58572,35851236.0,4.1428888,1903848.8,391.2837709,IT=12;12 ,ii
1050,Ref 2,36.812,70492,37944528.0,4.1471929,1864987.2,391.2838244,IT=18;18 ,ii
1051,Ref 2,33.480,73180,37831072.0,4.1512971,1890867.9,391.2836723,IT=17;17 ,ii
1052,Ref 2,26.656,67100,42049276.0,4.1551616,2309449.8,391.2837097,IT=13;13 ,ii
1053,Ref 2,29.564,68300,37512872.0,4.1593075,1856215.8,391.2837173,IT=15;15 ,ii
1054,Ref 2,36.103,76716,36105976.0,4.1635407,1780600.4,391.2837734,IT=18;18 ,ii
1055,Ref 2,29.199,67908,37441724.0,4.1675824,2019512.6,391.2836818,IT=15;15 ,ii
1056,Ref 2,27.743,65624,36476960.0,4.1715198000000004,1818901.4,391.2837586,IT=14;14 ,ii
1057,Ref 2,25.213,64392,38327888.0,4.1755844,2075568.5,391.2836933,IT=13;13 ,ii
1058,Ref 2,32.001,69872,35241308.0,4.1797948,1920593.9,391.283756,IT=16;16 ,ii
1059,Ref 2,21.457,60172,39209280.0,4.1837552,2012482.0,391.2837508,IT=11;11 ,ii
1060,Ref 2,28.418,69288,38795628.0,4.1877885,1957269.4,391.2836365,IT=14;14 ,ii
1061,Ref 2,28.621,63036,36098064.0,4.1919114,1994265.2,391.28386,IT=14;14 ,ii
1062,Ref 2,23.447,58716,34660768.0,4.1959426,1880873.9,391.283882,IT=12;12 ,ii
1063,Ref 2,50.000,83348,37025120.0,4.2004717,1775555.9,391.2838295,IT=25;25 ,ii
1064,Ref 2,29.312,65080,37711684.0,4.2042946,2115681.8,391.2837247,IT=15;15 ,ii
1065,Ref 2,31.933,69260,38863100.0,4.2084612,1947404.1,391.2837739,IT=16;16 ,ii
1066,Ref 2,25.087,63632,38319008.0,4.2124946,1970525.4,391.2835672,IT=13;13 ,ii
1067,Ref 2,29.631,64136,35657996.0,4.2166612,1870147.9,391.2837837,IT=15;15 ,ii
1068,Ref 2,26.855,64856,39438028.0,4.2207404,2103587.5,391.2837189,IT=13;13 ,ii
1069,Ref 2,22.980,62180,38670808.0,4.2246174,1966823.8,391.2837608,IT=11;11 ,ii
1070,Ref 2,36.391,73544,37704812.0,4.228932,1988242.2,391.2837924,IT=18;18 ,ii
1071,Ref 2,26.667,64280,39681952.0,4.2329215,2132385.2,391.2837804,IT=13;13 ,ii
1072,Ref 2,22.643,59040,37344616.0,4.2369611,1898658.9,391.2838436,IT=11;11 ,ii
1073,Ref 2,32.728,69752,35676708.0,4.2410444,1867819.9,391.2837269,IT=16;16 ,ii
1074,Ref 2,25.496,64724,37714208.0,4.2450652,1989816.5,391.2838063,IT=13;13 ,ii
1075,Ref 2,24.444,60804,35519300.0,4.2491464,1752482.6,391.2837363,IT=12;12 ,ii
1076,Ref 2,30.787,65912,35039072.0,4.2533423,1797494.5,391.2838571,IT=15;15 ,ii
1077,Ref 2,24.336,62008,38164492.0,4.2571901,2103519.0,391.2838994,IT=12;12 ,ii
1078,Ref 2,40.574,76836,38076840.0,4.2615527,1776305.6,391.2838422,IT=20;20 ,ii
1079,Ref 2,34.421,73952,37976860.0,4.2656255,2027555.2,391.2837647,IT=17;17 ,ii
1080,Ref 2,31.006,71236,40756820.0,4.269715,2142137.5,391.2838082,IT=16;16 ,ii
1081,Ref 2,34.444,70040,36481144.0,4.2739004,1697042.2,391.2837653,IT=17;17 ,ii
1082,Ref 2,33.188,68788,37962788.0,4.2778587,2058511.9,391.2837306,IT=17;17 ,ii
1083,Ref 2,33.391,70112,40014108.0,4.2820066,2212847.5,391.2839087,IT=17;17 ,ii
1084,Ref 2,29.559,63628,34620848.0,4.2860858,1710353.9,391.2838188,IT=15;15 ,ii
1085,Ref 2,27.829,66840,35996008.0,4.2901837,1878883.5,391.2838469,IT=14;14 ,ii
1086,Ref 2,32.648,69320,38141508.0,4.2943753,2105663.5,391.2838579,IT=16;16 ,ii
1087,Ref 2,20.690,58132,39265652.0,4.2983127,2076460.6,391.2839042,IT=10;10 ,ii
1088,Ref 2,26.983,66716,41867408.0,4.3024919,2241222.8,391.2837156,IT=13;13 ,ii
1089,Ref 2,35.310,72576,38678020.0,4.3067315,2094480.5,391.2838644,IT=18;18 ,ii
1090,Ref 2,24.971,63720,39966696.0,4.3105398,1946419.8,391.2839343,IT=12;12 ,ii
1091,Ref 2,31.522,69748,37914852.0,4.314746,1894322.6,391.2838399,IT=16;16 ,ii
1092,Ref 2,31.301,69264,39696812.0,4.3188752,2089645.9,391.2838435,IT=16;16 ,ii
1093,Ref 2,29.448,65616,36494392.0,4.3229751,1837199.5,391.2839284,IT=15;15 ,ii
1094,Ref 2,31.623,70712,39662444.0,4.3271355,1931669.2,391.283873,IT=16;16 ,ii
1095,Ref 2,23.601,63064,37091796.0,4.3309667,1923758.6,391.2839152,IT=12;12 ,ii
1096,Ref 2,21.047,56948,36348680.0,4.3350167,1902822.2,391.2840143,IT=11;11 ,ii
1097,Ref 2,23.279,62612,41149316.0,4.3391312,2127736.0,391.283932,IT=12;12 ,ii
1098,Ref 2,26.897,67444,41593868.0,4.3432708,2245644.8,391.2839529,IT=13;13 ,ii
1099,Ref 2,32.976,71076,37855072.0,4.3473124,1945656.9,391.2839623,IT=16;16 ,ii
1100,Ref 2,28.815,70220,41407860.0,4.3513853,2007687.8,391.2837651,IT=14;14 ,ii
1101,Ref 2,27.418,64524,37778356.0,4.3554791,1988596.4,391.283806,IT=14;14 ,ii
1102,Ref 2,25.071,63848,40364008.0,4.3595499,2083136.6,391.2838112,IT=13;13 ,ii
1103,Ref 2,26.895,65824,34589924.0,4.3635123,1731573.2,391.2838101,IT=13;13 ,ii
1104,Ref 2,28.626,67812,38196608.0,4.3676456,2135550.2,391.2837305,IT=14;14 ,ii
1105,Ref 2,29.426,66904,38844848.0,4.3717706,2016310.8,391.2838481,IT=15;15 ,ii
1106,Ref 2,31.872,69240,36944996.0,4.3759352,1818978.1,391.2838506,IT=16;16 ,ii
1107,Ref 2,31.336,69012,36748892.0,4.3798935,2012615.5,391.2837812,IT=16;16 ,ii
1108,Ref 2,35.777,72676,38859480.0,4.3840976,1998895.0,391.2838174,IT=18;18 ,ii
1109,Ref 2,29.579,65400,35508564.0,4.3881497,1835538.5,391.2838474,IT=15;15 ,ii
1110,Ref 2,23.058,61404,38998484.0,4.3921726,2253348.2,391.2839301,IT=12;12 ,ii
1111,Ref 2,24.518,60580,37252184.0,4.3962746,2021430.5,391.2839098,IT=12;12 ,ii
1112,Ref 2,39.862,77020,36865340.0,4.4004517,1723305.9,391.2838919,IT=20;20 ,ii
1113,Ref 2,26.935,63028,37774944.0,4.40441,1986955.6,391.2839356,IT=13;13 ,ii
1114,Ref 2,26.364,66460,43894536.0,4.4085078,2328314.0,391.2838487,IT=13;13 ,ii
1115,Ref 2,33.371,71960,37565268.0,4.4127266,1851381.1,391.2839494,IT=17;17 ,ii
1116,Ref 2,28.693,65348,38271204.0,4.4166182,2072576.9,391.2839747,IT=14;14 ,ii
1117,Ref 2,22.036,59452,39804124.0,4.4206224,2286312.0,391.2840687,IT=11;11 ,ii
1118,Ref 2,29.495,67356,36970240.0,4.4248327,1855451.5,391.2839073,IT=15;15 ,ii
1119,Ref 2,46.587,79924,35643520.0,4.429239,1848383.4,391.2841343,IT=23;23 ,ii
1120,Ref 2,26.635,65124,39225336.0,4.4329118,2245330.2,391.2839752,IT=13;13 ,ii
1121,Ref 2,21.951,56744,34621264.0,4.4369368,1694696.1,391.2840453,IT=11;11 ,ii
1122,Ref 2,24.782,57088,32996002.0,4.4410618,1819820.1,391.2840634,IT=12;12 ,ii
1123,Ref 2,24.951,63212,36943516.0,4.4451597,2080368.8,391.2840549,IT=12;12 ,ii
1124,Ref 2,21.299,59120,39455768.0,4.4490284,2038736.6,391.2839517,IT=11;11 ,ii
1125,Ref 2,32.069,69556,36945408.0,4.4532888,1939520.9,391.2838156,IT=16;16 ,ii
1126,Ref 2,32.644,70864,37953780.0,4.4574325,2003522.5,391.2839136,IT=16;16 ,ii
1127,Ref 2,24.560,62200,41262180.0,4.4614429,2111912.2,391.2839231,IT=12;12 ,ii
1128,Ref 2,36.339,75124,38064680.0,4.4657304,1962919.1,391.2838591,IT=18;18 ,ii
1129,Ref 2,26.407,66464,40398404.0,4.4695533,2232034.5,391.2837962,IT=13;13 ,ii
1130,Ref 2,25.886,64492,39666160.0,4.4736429,2004753.8,391.2838128,IT=13;13 ,ii
1131,Ref 2,30.959,64440,33884824.0,4.477824,1728206.5,391.2838893,IT=15;15 ,ii
1132,Ref 2,28.937,68188,39019848.0,4.4819262,2230340.2,391.2838477,IT=14;14 ,ii
1133,Ref 2,21.982,61876,40512508.0,4.4857532,2199590.2,391.2838236,IT=11;11 ,ii
1134,Ref 2,24.486,61400,35325400.0,4.489874,1806778.6,391.2838356,IT=12;12 ,ii
1135,Ref 2,29.680,70124,37040584.0,4.4940489,2004551.8,391.2838439,IT=15;15 ,ii
1136,Ref 2,37.583,72216,37382600.0,4.4983073,1888266.4,391.2838744,IT=19;19 ,ii
1137,Ref 2,36.647,74980,36151592.0,4.5022822,1765137.2,391.2838858,IT=18;18 ,ii
1138,Ref 2,38.568,75584,36720860.0,4.5064719,1957298.6,391.2838253,IT=19;19 ,ii
1139,Ref 2,36.387,73372,37811728.0,4.5106051,1957422.4,391.2839277,IT=18;18 ,ii
1140,Ref 2,24.863,60024,36652548.0,4.5145718,1862907.2,391.2839125,IT=12;12 ,ii
1141,Ref 2,37.261,76548,39528496.0,4.5187113,2058357.5,391.2839593,IT=19;19 ,ii
1142,Ref 2,29.597,70664,38425372.0,4.5227509,1986219.6,391.2838097,IT=15;15 ,ii
1143,Ref 2,28.380,65260,36907456.0,4.5268571,1834649.1,391.2838028,IT=14;14 ,ii
1144,Ref 2,29.791,66776,34495760.0,4.5309987,1860245.0,391.283993,IT=15;15 ,ii
1146,Ref 2,27.611,66096,39656324.0,4.5354154,2079196.0,391.283911,IT=14;14 ,ii
1147,Ref 2,22.011,59896,42392712.0,4.5394424,2247114.2,391.2839907,IT=11;11 ,ii
1149,Ref 2,32.121,66972,35387112.0,4.5437612,1896185.0,391.2838552,IT=16;16 ,ii
1150,Ref 2,33.696,71668,38208420.0,4.5479382,1976611.0,391.2838827,IT=17;17 ,ii
1151,Ref 2,32.033,69472,38651316.0,4.5520653,1891193.4,391.283919,IT=16;16 ,ii
1153,Ref 2,24.984,65688,40031376.0,4.5564173,2192890.2,391.2838885,IT=12;12 ,ii
1154,Ref 2,29.807,68904,39389136.0,4.5604402,2143259.2,391.2839286,IT=15;15 ,ii
1155,Ref 2,28.878,65216,33912336.0,4.5645589,1718295.5,391.2839143,IT=14;14 ,ii
1156,Ref 2,37.333,74440,36507292.0,4.5688318,1996929.6,391.2838932,IT=19;19 ,ii
1157,Ref 2,30.219,66408,35876380.0,4.572886,1968964.4,391.2839195,IT=15;15 ,ii
1158,Ref 2,23.997,64008,39311968.0,4.5767526,1882453.0,391.2838117,IT=12;12 ,ii
1159,Ref 2,42.899,78576,35897000.0,4.5811672,1830792.0,391.2839291,IT=21;21 ,ii
1160,Ref 2,25.553,66056,41658244.0,4.5850609,2272918.8,391.283867,IT=13;13 ,ii
1161,Ref 2,40.007,76088,35394260.0,4.5894046,1656509.8,391.2839711,IT=20;20 ,ii
1162,Ref 2,33.208,69836,36163124.0,4.5935816,1865674.5,391.2839006,IT=17;17 ,ii
1163,Ref 2,33.689,73284,38354556.0,4.5977399,2001481.1,391.2838151,IT=17;17 ,ii
1164,Ref 2,32.597,73360,41392212.0,4.6018628,1992053.9,391.2838789,IT=16;16 ,ii
1165,Ref 2,23.791,57464,34003224.0,4.6058586,1871965.5,391.2839357,IT=12;12 ,ii
1166,Ref 2,27.471,69608,40924900.0,4.6100045,2251751.0,391.2838633,IT=14;14 ,ii
1167,Ref 2,35.711,74116,37517468.0,4.6140794,1824511.9,391.2839099,IT=18;18 ,ii
1168,Ref 2,33.859,73312,38347960.0,4.6181981,2056670.8,391.2838508,IT=17;17 ,ii
1169,Ref 2,26.435,66700,37662604.0,4.622221,2007209.2,391.2839187,IT=13;13 ,ii
1170,Ref 2,34.035,71680,35169444.0,4.6264481,1772082.0,391.2838638,IT=17;17 ,ii
1171,Ref 2,26.008,61472,36623316.0,4.6304751,1909936.1,391.2839181,IT=13;13 ,ii
1172,Ref 2,31.924,73592,40776628.0,4.634673,2101096.5,391.2838313,IT=16;16 ,ii
1173,Ref 2,42.425,77036,36881636.0,4.638998,1802157.8,391.2839453,IT=21;21 ,ii
1174,Ref 2,42.396,76748,36861868.0,4.643175,1859768.9,391.2839218,IT=21;21 ,ii
1175,Ref 2,29.104,66652,37500656.0,4.6471354,2034495.2,391.2838566,IT=15;15 ,ii
1176,Ref 2,30.487,67220,35354004.0,4.6511104,1759701.4,391.2838345,IT=15;15 ,ii
1177,Ref 2,35.398,72308,37333760.0,4.6553208,1883429.8,391.2837843,IT=18;18 ,ii
1178,Ref 2,30.423,67012,35590592.0,4.6593957,1984878.0,391.2837909,IT=15;15 ,ii
1179,Ref 2,38.765,75400,35915012.0,4.6636749,1766997.2,391.2838456,IT=19;19 ,ii
1180,Ref 2,25.797,63400,36431456.0,4.6674624,1879074.0,391.2838088,IT=13;13 ,ii
1181,Ref 2,36.843,75896,37812568.0,4.671752,2027927.4,391.2838291,IT=18;18 ,ii
1182,Ref 2,24.566,61108,35791908.0,4.6757144,1901023.6,391.2838365,IT=12;12 ,ii
1183,Ref 2,22.888,59140,37413020.0,4.6797852,1931285.8,391.2838565,IT=11;11 ,ii
1184,Ref 2,36.483,72532,35906528.0,4.6839352,1957926.4,391.283878,IT=18;18 ,ii
1185,Ref 2,24.313,63280,37204884.0,4.6878893,1952185.8,391.283839,IT=12;12 ,ii
1186,Ref 2,34.241,71332,33956056.0,4.6921539,1719290.0,391.2837972,IT=17;17 ,ii
1187,Ref 2,31.734,68320,33625244.0,4.6962518,1758380.2,391.2837165,IT=16;16 ,ii
1188,Ref 2,34.391,68860,36580096.0,4.7004247,1990135.6,391.2838098,IT=17;17 ,ii
1189,Ref 2,24.552,60676,33177750.0,4.704235,1653356.9,391.2839043,IT=12;12 ,ii
1190,Ref 2,27.552,66712,38513084.0,4.7083767,2049465.5,391.2839207,IT=14;14 ,ii
1191,Ref 2,23.877,63200,40881340.0,4.7124225,2250314.8,391.2838895,IT=12;12 ,ii
1192,Ref 2,40.703,72820,34687472.0,4.7167849,1716166.0,391.2840079,IT=20;20 ,ii
1193,Ref 2,32.494,69308,36205740.0,4.7206453,1888414.6,391.2839855,IT=16;16 ,ii
1194,Ref 2,29.880,69400,37437076.0,4.724737,1909693.2,391.2839166,IT=15;15 ,ii
1195,Ref 2,25.453,63592,35933140.0,4.7287891,1748414.8,391.2839682,IT=13;13 ,ii
1196,Ref 2,28.165,65580,35213708.0,4.7329328,1912796.1,391.283914,IT=14;14 ,ii
1197,Ref 2,33.558,72528,38218524.0,4.7369661,2040034.0,391.2839541,IT=17;17 ,ii
1198,Ref 2,29.827,69088,38433504.0,4.741039,1880356.4,391.2839526,IT=15;15 ,ii
1199,Ref 2,42.328,76084,34737796.0,4.7453723,1801633.1,391.2839501,IT=21;21 ,ii
1200,Ref 2,29.170,66920,38038708.0,4.7493264,2036738.1,391.2839035,IT=15;15 ,ii
1201,Ref 2,39.410,78016,35822720.0,4.753616,1735461.8,391.2839261,IT=20;20 ,ii
1202,Ref 2,23.728,60072,35138724.0,4.7575326,1912222.8,391.2839914,IT=12;12 ,ii
1203,Ref 2,31.936,70776,38936736.0,4.7617555,2053605.1,391.2840157,IT=16;16 ,ii
1204,Ref 2,34.749,72520,36292540.0,4.7659367,1703050.2,391.2839693,IT=17;17 ,ii
1205,Ref 2,26.909,63688,36218136.0,4.7699512,1933401.6,391.283935,IT=13;13 ,ii
1206,Ref 2,26.153,66508,40472704.0,4.7738804,2159267.2,391.2839264,IT=13;13 ,ii
1207,Ref 2,30.942,67660,34910320.0,4.7780617,1776708.5,391.2839575,IT=15;15 ,ii
1208,Ref 2,25.239,63380,38134880.0,4.782097,2079376.4,391.2838476,IT=13;13 ,ii
1209,Ref 2,25.518,65592,40660772.0,4.7861971,2309012.0,391.2838931,IT=13;13 ,ii
1210,Ref 2,37.719,75980,38176920.0,4.7903324,1811222.1,391.2838975,IT=19;19 ,ii
1211,Ref 2,28.839,63908,33233528.0,4.7943491,1760350.2,391.2839595,IT=14;14 ,ii
1212,Ref 2,33.261,70240,36827272.0,4.7985407,2005025.4,391.2839323,IT=17;17 ,ii
1213,Ref 2,28.186,68628,38839860.0,4.8026032,1923270.2,391.2838592,IT=14;14 ,ii
1214,Ref 2,39.538,72960,33789280.0,4.8067448,1746356.1,391.2838613,IT=20;20 ,ii
1215,Ref 2,27.261,62880,35166236.0,4.8107198,1897510.9,391.2838489,IT=14;14 ,ii
1216,Ref 2,23.280,61416,37615060.0,4.8147614,1996187.1,391.2838613,IT=12;12 ,ii
1217,Ref 2,20.515,54872,32999790.0,4.8188011,1725131.6,391.2838843,IT=10;10 ,ii
1218,Ref 2,20.849,55536,35940968.0,4.8228801,2042356.6,391.2838559,IT=10;10 ,ii
1219,Ref 2,32.206,67068,32698600.0,4.826978,1625517.0,391.2838379,IT=16;16 ,ii
1220,Ref 2,30.660,69668,36514448.0,4.8310822,1851610.5,391.283787,IT=15;15 ,ii
1221,Ref 2,29.470,65952,34613276.0,4.8351862,1862210.6,391.2838666,IT=15;15 ,ii
1222,Ref 2,35.477,72624,36641384.0,4.8394112,1839318.2,391.2839063,IT=18;18 ,ii
1223,Ref 2,37.635,72932,34973992.0,4.8436425,1708601.2,391.2840206,IT=19;19 ,ii
1224,Ref 2,33.325,72104,38840628.0,4.8477342,2022021.2,391.2840193,IT=17;17 ,ii
1225,Ref 2,32.463,69232,36363076.0,4.8518633,1884196.8,391.2840357,IT=16;16 ,ii
1226,Ref 2,33.553,70352,33070746.0,4.8560279,1667986.8,391.2839798,IT=17;17 ,ii
1227,Ref 2,30.607,70920,35905696.0,4.8599528,2051086.9,391.2840065,IT=15;15 ,ii
1228,Ref 2,30.836,69976,37106776.0,4.864084,2041071.6,391.2839265,IT=15;15 ,ii
1229,Ref 2,27.942,64864,35951424.0,4.8681653,1788101.4,391.2838384,IT=14;14 ,ii
1230,Ref 2,32.005,67688,35432052.0,4.8723486,1982461.4,391.2839536,IT=16;16 ,ii
1231,Ref 2,28.474,65452,36638180.0,4.8764298,1914672.2,391.2839378,IT=14;14 ,ii
1232,Ref 2,21.738,57012,31830588.0,4.880438,1602933.1,391.2840509,IT=11;11 ,ii
1233,Ref 2,34.151,74984,36719652.0,4.8847276,1871810.0,391.2839786,IT=17;17 ,ii
1234,Ref 2,25.893,63912,36881376.0,4.8887317,1923272.6,391.2839777,IT=13;13 ,ii
1235,Ref 2,31.504,69084,35729304.0,4.8929255,1729463.0,391.2839476,IT=16;16 ,ii
1236,Ref 2,41.845,76916,36134412.0,4.8970588,1908346.9,391.2839993,IT=21;21 ,ii
1237,Ref 2,24.069,63152,37350284.0,4.9009358,2151540.8,391.2840012,IT=12;12 ,ii
1238,Ref 2,25.077,63948,38983872.0,4.905042,1980297.6,391.2839792,IT=13;13 ,ii
1239,Ref 2,41.454,74264,34996004.0,4.9094066,1834262.5,391.284129,IT=21;21 ,ii
1240,Ref 2,31.373,71060,38658976.0,4.9132399,2055101.6,391.2839533,IT=16;16 ,ii
1241,Ref 2,34.980,75504,39809448.0,4.9174315,1888922.6,391.2840187,IT=17;17 ,ii
1242,Ref 2,28.797,67760,38966464.0,4.9214815,2120096.8,391.2839424,IT=14;14 ,ii
1243,Ref 2,24.951,63828,36875476.0,4.9255461,1941553.4,391.2840711,IT=12;12 ,ii
1244,Ref 2,23.289,60360,36763532.0,4.9296273,1791268.5,391.2839932,IT=12;12 ,ii
1245,Ref 2,27.024,66568,38213480.0,4.9336273,2022691.1,391.2838896,IT=14;14 ,ii
1246,Ref 2,33.954,71328,36826776.0,4.9378418,1975895.9,391.2840159,IT=17;17 ,ii
1247,Ref 2,30.167,71356,40404500.0,4.9419251,2028653.0,391.2838221,IT=15;15 ,ii
1248,Ref 2,32.898,68272,35137488.0,4.9461022,1847027.4,391.2838972,IT=16;16 ,ii
1249,Ref 2,31.573,67220,32477470.0,4.950223,1690335.2,391.283977,IT=16;16 ,ii
1250,Ref 2,29.928,68104,38245900.0,4.9543333,1866958.2,391.2838973,IT=15;15 ,ii
1251,Ref 2,46.965,76508,31534016.0,4.95875,1592692.6,391.2840946,IT=23;23 ,ii
1252,Ref 2,26.490,63932,35642768.0,4.9625917,2015867.1,391.2839154,IT=13;13 ,ii
1253,Ref 2,23.565,63372,37708776.0,4.9664853,1928516.5,391.283951,IT=12;12 ,ii
1254,Ref 2,23.196,58676,33348074.0,4.9705687,1841075.9,391.283937,IT=12;12 ,ii
1255,Ref 2,29.517,65180,34030556.0,4.9747583,1888670.1,391.2839453,IT=15;15 ,ii
1256,Ref 2,31.891,68772,37597500.0,4.9789187,1869827.4,391.2838286,IT=16;16 ,ii
1257,Ref 2,36.620,73356,34775612.0,4.9829666,1745705.2,391.2838343,IT=18;18 ,ii
1258,Ref 2,32.733,66796,35027288.0,4.9868916,1970718.8,391.2837919,IT=16;16 ,ii
1259,Ref 2,25.015,61696,35161400.0,4.9909061,1897710.8,391.2838624,IT=13;13 ,ii
1260,Ref 2,35.259,74132,37649180.0,4.9951747,1893418.6,391.2839197,IT=18;18 ,ii
1261,Ref 2,34.144,68284,37231296.0,4.999306,2127892.5,391.2839523,IT=17;17 ,ii
1262,Ref 2,36.922,74092,36139152.0,5.0033268,1833478.1,391.2839378,IT=18;18 ,ii
1263,Ref 2,28.156,64616,35244408.0,5.007406,1798247.8,391.283929,IT=14;14 ,ii
1264,Ref 2,35.687,70244,34740260.0,5.0116455,1873560.2,391.2839466,IT=18;18 ,ii
1265,Ref 2,34.251,69712,36060920.0,5.0157768,1909697.9,391.2839674,IT=17;17 ,ii
1266,Ref 2,32.661,66724,34698712.0,5.0197246,1741776.6,391.2838182,IT=16;16 ,ii
1267,Ref 2,30.428,67624,39031148.0,5.0238288,2150911.0,391.283841,IT=15;15 ,ii
1268,Ref 2,31.081,68300,37549380.0,5.0279725,1985742.2,391.2839422,IT=16;16 ,ii
1269,Ref 2,25.921,63312,33883488.0,5.0320184,1700353.4,391.2839373,IT=13;13 ,ii
1271,Ref 2,21.549,58272,35073632.0,5.0363141,1940849.9,391.2839982,IT=11;11 ,ii
1272,Ref 2,22.489,58496,33906384.0,5.0404162,1854874.8,391.2841419,IT=11;11 ,ii
1274,Ref 2,40.248,74224,34706372.0,5.0448745,1692270.0,391.2839607,IT=20;20 ,ii
1275,Ref 2,35.868,71000,36212628.0,5.0489765,1899647.5,391.2839321,IT=18;18 ,ii
1276,Ref 2,35.272,70532,37360572.0,5.0531265,2008124.4,391.2839674,IT=18;18 ,ii
1277,Ref 2,30.232,70328,37597604.0,5.0570264,1907898.8,391.2839636,IT=15;15 ,ii
1279,Ref 2,34.216,72820,36227252.0,5.0613932,1920480.0,391.2839106,IT=17;17 ,ii
1280,Ref 2,27.427,67328,39719304.0,5.0654389,2200386.0,391.2840309,IT=14;14 ,ii
1281,Ref 2,28.160,61908,33309956.0,5.0695723,1663230.4,391.2839664,IT=14;14 ,ii
1282,Ref 2,41.146,77000,35099992.0,5.0739096,1761650.9,391.2840102,IT=21;21 ,ii
1283,Ref 2,33.187,69860,36201900.0,5.0777889,1965528.2,391.2840278,IT=17;17 ,ii
1284,Ref 2,31.803,68328,33665140.0,5.0819201,1661379.8,391.2839876,IT=16;16 ,ii
1285,Ref 2,37.340,74536,36111644.0,5.0861575,1900430.9,391.2841015,IT=19;19 ,ii
1286,Ref 2,32.709,68012,32811872.0,5.0902554,1816609.8,391.2840814,IT=16;16 ,ii
1287,Ref 2,20.824,61468,39179368.0,5.0940345,1977984.2,391.2839469,IT=10;10 ,ii
1288,Ref 2,31.775,68748,36905180.0,5.0983096,2025575.1,391.2839734,IT=16;16 ,ii
1289,Ref 2,33.598,71704,36821596.0,5.1024803,2104782.0,391.2840209,IT=17;17 ,ii
1290,Ref 2,32.317,69996,35133892.0,5.1066116,1727313.2,391.2840295,IT=16;16 ,ii
1291,Ref 2,41.711,79336,36291556.0,5.110747,1887932.5,391.2840577,IT=21;21 ,ii
1292,Ref 2,29.996,70912,37799912.0,5.1147365,2128586.2,391.284032,IT=15;15 ,ii
1293,Ref 2,26.063,63768,35834328.0,5.1188094,1910153.5,391.2839544,IT=13;13 ,ii
1294,Ref 2,34.973,72408,32985134.0,5.1230676,1709342.5,391.2839914,IT=17;17 ,ii
1295,Ref 2,22.088,62252,38211172.0,5.1270114,2164502.5,391.2840969,IT=11;11 ,ii
1296,Ref 2,24.742,63424,38449764.0,5.1309719,2020943.2,391.2840392,IT=12;12 ,ii
1297,Ref 2,34.142,74968,38194284.0,5.135228,2069332.9,391.2840221,IT=17;17 ,ii
1298,Ref 2,30.773,69860,36679132.0,5.1393155,2119754.0,391.2839902,IT=15;15 ,ii
1299,Ref 2,29.207,69516,41056540.0,5.1434134,2059238.5,391.2838971,IT=15;15 ,ii
1300,Ref 2,29.016,66864,36548028.0,5.1473696,1952754.2,391.2839913,IT=15;15 ,ii
1302,Ref 2,33.548,69392,34700328.0,5.1517175,1993467.5,391.283958,IT=17;17 ,ii
1303,Ref 2,34.401,73856,36746308.0,5.1558737,1813964.1,391.2838755,IT=17;17 ,ii
1304,Ref 2,27.435,66204,35655244.0,5.1599049,1833702.0,391.2839285,IT=14;14 ,ii
1305,Ref 2,34.169,71288,36677708.0,5.1639632,2001025.9,391.2839613,IT=17;17 ,ii
1306,Ref 2,34.979,73280,33810024.0,5.1681194,1777995.0,391.2840171,IT=17;17 ,ii
1307,Ref 2,37.726,73060,34251528.0,5.1723215,1757252.0,391.283983,IT=19;19 ,ii
1308,Ref 2,30.727,67740,37294768.0,5.1763736,1948934.4,391.2839798,IT=15;15 ,ii
1309,Ref 2,31.385,66236,36778500.0,5.1805152,1996071.8,391.2839337,IT=16;16 ,ii
1310,Ref 2,31.348,69088,35704580.0,5.1844777,1836900.5,391.2839512,IT=16;16 ,ii
1311,Ref 2,30.153,68372,36634148.0,5.1885901,1970201.4,391.2839469,IT=15;15 ,ii
1312,Ref 2,29.475,68572,38309132.0,5.1927151,1995216.2,391.2839811,IT=15;15 ,ii
1313,Ref 2,33.479,68448,34000764.0,5.1969047,1719735.1,391.2839173,IT=17;17 ,ii
1314,Ref 2,29.641,67192,38377596.0,5.200815,2067988.2,391.284039,IT=15;15 ,ii
1315,Ref 2,29.137,67112,35579068.0,5.2049338,1818710.1,391.2841212,IT=15;15 ,ii
1316,Ref 2,23.161,61900,37616824.0,5.2089546,1949731.9,391.2840255,IT=12;12 ,ii
1317,Ref 2,28.607,64580,34267580.0,5.2131296,1859336.2,391.2840073,IT=14;14 ,ii
1318,Ref 2,31.127,69564,37849908.0,5.2171191,1924729.9,391.2840089,IT=16;16 ,ii
1319,Ref 2,32.951,69440,32704756.0,5.2212775,1611429.5,391.2838913,IT=16;16 ,ii
1320,Ref 2,32.189,67984,35152352.0,5.2254087,1827180.8,391.2839624,IT=16;16 ,ii
1321,Ref 2,39.184,74324,35199316.0,5.2296669,1924982.1,391.2839756,IT=20;20 ,ii
1322,Ref 2,29.237,70144,36172240.0,5.2334961,1766094.4,391.2839305,IT=15;15 ,ii
1323,Ref 2,29.984,66544,35055552.0,5.2376315,1856168.6,391.2839547,IT=15;15 ,ii
1324,Ref 2,26.326,67820,40399012.0,5.2417023,2336250.8,391.2839595,IT=13;13 ,ii
1325,Ref 2,41.707,77372,34394044.0,5.2460627,1607940.4,391.2839475,IT=21;21 ,ii
1326,Ref 2,27.634,68280,37585348.0,5.2500044,2050335.5,391.28395,IT=14;14 ,ii
1327,Ref 2,24.275,62244,37354768.0,5.2538959,2175246.2,391.2838789,IT=12;12 ,ii
1328,Ref 2,26.910,62844,34626996.0,5.2580314,1710032.5,391.283794,IT=13;13 ,ii
1329,Ref 2,34.399,72624,35706500.0,5.2622626,1882646.9,391.2838009,IT=17;17 ,ii
1330,Ref 2,32.148,68972,36236760.0,5.2663668,2006848.6,391.2838533,IT=16;16 ,ii
1331,Ref 2,24.404,64612,37051636.0,5.2702063,1814262.4,391.2839029,IT=12;12 ,ii
1332,Ref 2,25.187,61224,34235116.0,5.2743084,1898332.9,391.2839535,IT=13;13 ,ii
1333,Ref 2,36.356,72976,34314056.0,5.2785916,1832032.0,391.2839397,IT=18;18 ,ii
1334,Ref 2,30.531,71668,39661992.0,5.2826563,1933675.2,391.28381,IT=15;15 ,ii
1335,Ref 2,32.609,71192,36079772.0,5.2866458,1913735.1,391.2839382,IT=16;16 ,ii
1336,Ref 2,36.280,72728,37260276.0,5.2908458,2033180.2,391.2839886,IT=18;18 ,ii
1337,Ref 2,29.037,66216,36131764.0,5.2948853,1934921.6,391.2839577,IT=15;15 ,ii
1338,Ref 2,37.395,71972,34564844.0,5.2991456,1780603.8,391.283875,IT=19;19 ,ii
1339,Ref 2,38.378,74148,34396120.0,5.303329,1897494.0,391.2839725,IT=19;19 ,ii
1340,Ref 2,30.098,68056,33707960.0,5.3071832,1733858.4,391.2839147,IT=15;15 ,ii
1341,Ref 2,34.853,72240,32859106.0,5.3113915,1731790.2,391.2838248,IT=17;17 ,ii
1342,Ref 2,30.998,67684,35334612.0,5.3154726,2031373.5,391.2838876,IT=15;15 ,ii
1343,Ref 2,27.051,65876,40468272.0,5.319531,2075602.6,391.2838285,IT=14;14 ,ii
1344,Ref 2,29.525,66320,33509064.0,5.3235142,1724166.9,391.2837946,IT=15;15 ,ii
1345,Ref 2,26.198,63052,34578368.0,5.3275789,1906644.6,391.2838877,IT=13;13 ,ii
1346,Ref 2,35.663,72756,36888204.0,5.3318392,1984016.4,391.2839731,IT=18;18 ,ii
1347,Ref 2,29.671,66724,35342892.0,5.3358891,1817934.6,391.2839114,IT=15;15 ,ii
1348,Ref 2,39.013,74488,34185656.0,5.3401079,1847878.6,391.2840796,IT=20;20 ,ii
1349,Ref 2,31.985,72332,36842328.0,5.34416,1846503.5,391.2839868,IT=16;16 ,ii
1350,Ref 2,34.653,70836,34543344.0,5.3483391,1740560.0,391.2838793,IT=17;17 ,ii
1351,Ref 2,36.498,71648,35115968.0,5.352514,1890866.0,391.2840463,IT=18;18 ,ii
1352,Ref 2,25.853,60416,31121436.0,5.3564933,1751916.5,391.2839975,IT=13;13 ,ii
1353,Ref 2,35.383,72220,34928552.0,5.3605807,1760606.2,391.2840109,IT=18;18 ,ii
1354,Ref 2,26.397,63440,32577178.0,5.3645848,1729917.1,391.284025,IT=13;13 ,ii
1355,Ref 2,28.741,66704,37112144.0,5.3687264,2048196.2,391.2839263,IT=14;14 ,ii
1356,Ref 2,48.631,78916,32170764.0,5.3731701,1554610.9,391.2841049,IT=24;24 ,ii
1357,Ref 2,42.202,76700,34189104.0,5.3770639,1782513.0,391.2839717,IT=21;21 ,ii
1358,Ref 2,31.087,68656,35029576.0,5.3810514,2018087.5,391.2838778,IT=16;16 ,ii
1359,Ref 2,30.558,67384,34394624.0,5.3851722,1791362.4,391.2839063,IT=15;15 ,ii
1360,Ref 2,28.399,62700,32263266.0,5.3892555,1757192.6,391.2839671,IT=14;14 ,ii
1361,Ref 2,28.017,67052,37506464.0,5.3931992,2010883.8,391.2838596,IT=14;14 ,ii
1362,Ref 2,26.260,63632,33163388.0,5.3972804,1679052.4,391.2839463,IT=13;13 ,ii
1363,Ref 2,25.894,61500,34865600.0,5.401372,1953286.0,391.2839328,IT=13;13 ,ii
1364,Ref 2,23.380,62036,36230740.0,5.4054304,2045529.9,391.2840148,IT=12;12 ,ii
1365,Ref 2,31.032,64712,32734362.0,5.4094741,1705490.5,391.2840385,IT=16;16 ,ii
1366,Ref 2,29.025,66400,34983928.0,5.4135657,1864835.5,391.2839927,IT=15;15 ,ii
1367,Ref 2,32.028,71304,36552600.0,5.4177303,2062636.1,391.2839619,IT=16;16 ,ii
1368,Ref 2,23.789,63164,37484284.0,5.4217281,1890660.5,391.2839294,IT=12;12 ,ii
1369,Ref 2,34.671,68964,34847360.0,5.4259969,1893098.5,391.2839609,IT=17;17 ,ii
1370,Ref 2,38.358,72312,33658232.0,5.4300344,1857664.5,391.2841094,IT=19;19 ,ii
1371,Ref 2,31.634,67280,35265384.0,5.4340906,1846318.8,391.2840117,IT=16;16 ,ii
1372,Ref 2,32.536,69036,33146764.0,5.4382405,1721341.9,391.2840153,IT=16;16 ,ii
1373,Ref 2,33.542,69004,35082940.0,5.442401,1918064.5,391.2841923,IT=17;17 ,ii
1374,Ref 2,33.550,70344,33360054.0,5.446378,1672402.2,391.2841374,IT=17;17 ,ii
1375,Ref 2,48.609,78352,31180032.0,5.4507655,1597225.8,391.2843351,IT=24;24 ,ii
1376,Ref 2,30.991,67104,34489120.0,5.4546467,1973089.1,391.2840624,IT=15;15 ,ii
1377,Ref 2,30.497,65180,31916664.0,5.4587655,1658480.0,391.2841348,IT=15;15 ,ii
1378,Ref 2,27.365,62396,29157176.0,5.4628362,1527710.4,391.2842068,IT=14;14 ,ii
1379,Ref 2,24.388,58284,32330690.0,5.4668946,1815222.0,391.2842716,IT=12;12 ,ii
1380,Ref 2,50.000,80900,34479592.0,5.471407,1721319.2,391.2842904,IT=25;25 ,ii
1381,Ref 2,41.536,76188,32031802.0,5.4754299,1616265.8,391.284191,IT=21;21 ,ii
1382,Ref 2,31.282,69540,34231728.0,5.4794341,1851128.0,391.2841625,IT=16;16 ,ii
1383,Ref 2,26.458,63900,35723692.0,5.4833152,1954409.5,391.2841385,IT=13;13 ,ii
1384,Ref 2,33.868,68868,32540520.0,5.487534,1704219.2,391.2841651,IT=17;17 ,ii
1385,Ref 2,27.800,63352,33514540.0,5.4915694,2004832.8,391.2841874,IT=14;14 ,ii
1386,Ref 2,31.765,66100,35687948.0,5.4957465,2002877.1,391.2842257,IT=16;16 ,ii
1387,Ref 2,39.799,75044,30053280.0,5.4998381,1490276.1,391.284263,IT=20;20 ,ii
1388,Ref 2,30.297,62896,31774476.0,5.5038547,1856481.1,391.2843031,IT=15;15 ,ii
1389,Ref 2,28.380,65988,34899100.0,5.5079401,1974200.6,391.2841151,IT=14;14 ,ii
1390,Ref 2,50.000,78776,29445554.0,5.5124151,1545923.6,391.284332,IT=25;25 ,ii
1391,Ref 2,31.856,64720,31853000.0,5.5161109,1747260.0,391.2841932,IT=16;16 ,ii
1392,Ref 2,24.507,62236,35074600.0,5.5201213,2015644.0,391.2841283,IT=12;12 ,ii
1393,Ref 2,37.603,70224,29357122.0,5.5244379,1474074.4,391.2842313,IT=19;19 ,ii
1394,Ref 2,32.285,63516,31993780.0,5.5284983,1903016.4,391.2842361,IT=16;16 ,ii
1395,Ref 2,29.299,64180,33354342.0,5.5325816,1926570.2,391.2842489,IT=15;15 ,ii
1396,Ref 2,29.955,68416,32949494.0,5.5365462,1714885.5,391.2843933,IT=15;15 ,ii
1398,Ref 2,35.522,65604,31741108.0,5.5409232,1761189.0,391.2843415,IT=18;18 ,ii
1399,Ref 2,25.371,59840,33113298.0,5.5449065,1967903.9,391.2843671,IT=13;13 ,ii
1402,Ref 2,37.028,71980,32326286.0,5.550869,1735528.8,391.2841128,IT=19;19 ,ii
1403,Ref 2,24.230,57704,32350854.0,5.5548169,1824298.8,391.2841988,IT=12;12 ,ii
1404,Ref 2,30.921,65172,33218284.0,5.5588627,1914823.5,391.2843206,IT=15;15 ,ii
1405,Ref 2,35.586,66228,29304786.0,5.5630669,1573358.5,391.284246,IT=18;18 ,ii
1406,Ref 2,33.770,66812,33080634.0,5.5671793,1859188.1,391.2842532,IT=17;17 ,ii
1407,Ref 2,24.413,55324,30383506.0,5.5711646,1808686.5,391.284327,IT=12;12 ,ii
1408,Ref 2,27.420,58192,27686680.0,5.5753042,1592393.2,391.2842738,IT=14;14 ,ii
1409,Ref 2,34.063,65428,31459096.0,5.5793438,1750862.2,391.284293,IT=17;17 ,ii
1410,Ref 2,31.883,67236,32824010.0,5.5834501,2007619.0,391.2842316,IT=16;16 ,ii
1411,Ref 2,47.291,76076,30002308.0,5.5878417,1548713.4,391.2844364,IT=24;24 ,ii
1412,Ref 2,36.492,68228,33380744.0,5.5920771,1930212.2,391.2843212,IT=18;18 ,ii
1413,Ref 2,25.608,56260,29798996.0,5.5960499,1787186.0,391.2842318,IT=13;13 ,ii
1414,Ref 2,27.258,60088,29067318.0,5.600177,1600414.0,391.2842533,IT=14;14 ,ii
1415,Ref 2,43.943,69216,30137638.0,5.6045541,1701362.1,391.284437,IT=22;22 ,ii
1416,Ref 2,30.632,64060,32512230.0,5.608506,1950645.9,391.2843178,IT=15;15 ,ii
1417,Ref 2,28.096,60900,32195036.0,5.6125853,1802704.0,391.2842327,IT=14;14 ,ii
1418,Ref 2,30.675,64524,31444954.0,5.6165727,1862617.8,391.2843129,IT=15;15 ,ii
1419,Ref 2,32.850,64288,30332038.0,5.620731,1880545.8,391.2842521,IT=16;16 ,ii
1420,Ref 2,32.903,60608,29563132.0,5.6248685,1637268.1,391.2842804,IT=16;16 ,ii
1421,Ref 2,34.095,62508,28255526.0,5.6290268,1719292.8,391.2843467,IT=17;17 ,ii
1422,Ref 2,25.898,58404,32230028.0,5.6328643,1994670.0,391.2842324,IT=13;13 ,ii
1423,Ref 2,36.145,67668,32298590.0,5.637133,1826032.8,391.2842981,IT=18;18 ,ii
1424,Ref 2,38.027,65212,30658204.0,5.6413183,1834611.0,391.2844873,IT=19;19 ,ii
1425,Ref 2,27.900,57356,31488612.0,5.6453142,1971772.6,391.2842892,IT=14;14 ,ii
1426,Ref 2,30.675,60092,30407772.0,5.6493079,1720354.8,391.2843906,IT=15;15 ,ii
1428,Ref 2,30.024,57476,29294484.0,5.6535996,1794519.6,391.2842575,IT=15;15 ,ii
1429,Ref 2,33.449,65464,33360320.0,5.6577891,2088189.6,391.2842294,IT=17;17 ,ii
1430,Ref 2,26.104,60232,33180448.0,5.6618203,1982466.0,391.2841528,IT=13;13 ,ii
1431,Ref 2,34.282,62576,29289396.0,5.6660745,1821552.5,391.2841615,IT=17;17 ,ii
1432,Ref 2,37.110,67924,31844166.0,5.6700994,1910116.5,391.2842823,IT=19;19 ,ii
1433,Ref 2,28.817,60268,31099458.0,5.6741932,1836906.9,391.2841431,IT=14;14 ,ii
1434,Ref 2,38.826,66224,30051764.0,5.6784847,1774901.9,391.2842336,IT=19;19 ,ii
1435,Ref 2,28.746,62076,34291792.0,5.6824994,2085837.2,391.2839737,IT=14;14 ,ii
1436,Ref 2,25.600,58948,32315412.0,5.6864056,1803936.4,391.2841359,IT=13;13 ,ii
1438,Ref 2,34.934,65088,31322192.0,5.6907576,1862668.0,391.2841045,IT=17;17 ,ii
1439,Ref 2,38.441,66900,31581616.0,5.6949722,1885621.6,391.284191,IT=19;19 ,ii
1440,Ref 2,30.567,59364,30243936.0,5.6990159,1832575.6,391.2840506,IT=15;15 ,ii
1441,Ref 2,34.777,64652,30179768.0,5.7032076,1807471.2,391.2840595,IT=17;17 ,ii
1442,Ref 2,29.920,60796,31119488.0,5.7072825,1919772.0,391.2841935,IT=15;15 ,ii
1443,Ref 2,34.846,64940,31268884.0,5.7115054,1862839.1,391.2841311,IT=17;17 ,ii
1444,Ref 2,28.919,56464,28174398.0,5.7155554,1750188.4,391.2841655,IT=14;14 ,ii
1445,Ref 2,25.476,54424,30091594.0,5.7196241,2039044.2,391.2841644,IT=13;13 ,ii
1446,Ref 2,37.504,66452,31977136.0,5.7237657,1897099.1,391.284237,IT=19;19 ,ii
1447,Ref 2,29.277,57004,28093338.0,5.7277969,1679810.5,391.2843134,IT=15;15 ,ii
1448,Ref 2,26.101,55244,28778102.0,5.7318678,1961020.4,391.2842863,IT=13;13 ,ii
1449,Ref 2,35.296,62040,28923858.0,5.7361282,1825416.2,391.284324,IT=18;18 ,ii
1450,Ref 2,45.519,69992,27618964.0,5.7402927,1559014.2,391.2844533,IT=23;23 ,ii
1451,Ref 2,33.218,63368,32609900.0,5.7442739,2025031.0,391.2842473,IT=17;17 ,ii
1452,Ref 2,29.251,60484,32200550.0,5.7483468,2015513.0,391.284269,IT=15;15 ,ii
1453,Ref 2,37.255,62812,28092946.0,5.752603,1687255.4,391.2842331,IT=19;19 ,ii
1454,Ref 2,31.113,62632,33695060.0,5.7566676,2137266.5,391.2842297,IT=16;16 ,ii
1455,Ref 2,29.204,59476,33600616.0,5.7607488,2068133.0,391.2842702,IT=15;15 ,ii
1456,Ref 2,25.342,55860,30343268.0,5.7647988,1913596.5,391.284146,IT=13;13 ,ii
1457,Ref 2,32.995,64776,31682594.0,5.7690342,2022759.8,391.2842083,IT=16;16 ,ii
1458,Ref 2,27.612,58224,31720080.0,5.7730904,2042219.8,391.2841421,IT=14;14 ,ii
1459,Ref 2,35.853,64400,29360234.0,5.77718,1763415.9,391.2842992,IT=18;18 ,ii
1461,Ref 2,31.334,58412,30000056.0,5.7814591,1937690.4,391.2841935,IT=16;16 ,ii
1462,Ref 2,29.436,60684,32340778.0,5.7855633,2126624.2,391.2840844,IT=15;15 ,ii
1463,Ref 2,26.966,56472,30549006.0,5.7896424,1900948.9,391.2841318,IT=13;13 ,ii
1464,Ref 2,22.453,55020,32388886.0,5.793684,2035055.9,391.2841635,IT=11;11 ,ii
1465,Ref 2,24.781,55416,30350736.0,5.7976465,2069425.9,391.2841985,IT=12;12 ,ii
1466,Ref 2,26.539,56152,31363304.0,5.8017756,1925130.5,391.2840367,IT=13;13 ,ii
1467,Ref 2,42.296,66728,29367118.0,5.8061464,1798457.2,391.28426,IT=21;21 ,ii
1468,Ref 2,23.131,54472,33908728.0,5.8099964,2110161.2,391.2841325,IT=12;12 ,ii
1469,Ref 2,41.965,68764,30810446.0,5.814236,1874861.1,391.2843411,IT=21;21 ,ii
1470,Ref 2,28.230,60524,32279450.0,5.8181818,2016700.1,391.2841642,IT=14;14 ,ii
1471,Ref 2,26.547,58816,32690798.0,5.8222672,2184012.0,391.2842335,IT=13;13 ,ii
1472,Ref 2,25.170,55356,30806948.0,5.8263567,1901003.8,391.2839403,IT=13;13 ,ii
1473,Ref 2,33.009,61104,30457044.0,5.8304213,2002963.0,391.2841253,IT=17;17 ,ii
1474,Ref 2,26.055,58100,32848194.0,5.8344358,2225724.8,391.2840416,IT=13;13 ,ii
1475,Ref 2,25.892,59516,32634464.0,5.8385337,2020042.6,391.2841899,IT=13;13 ,ii
1476,Ref 2,27.336,55872,30889324.0,5.8426609,2013866.2,391.2841805,IT=14;14 ,ii
1477,Ref 2,37.654,66244,30638716.0,5.8469316,1948008.6,391.2842233,IT=19;19 ,ii
1478,Ref 2,24.391,57360,34122968.0,5.850865,2124528.2,391.2839915,IT=12;12 ,ii
1479,Ref 2,23.595,55572,32350168.0,5.8549399,2123505.8,391.2841177,IT=12;12 ,ii
1480,Ref 2,28.398,58316,30379114.0,5.8591003,2086555.0,391.2841808,IT=14;14 ,ii
1481,Ref 2,26.939,58720,32355872.0,5.8631815,1957367.4,391.2840619,IT=13;13 ,ii
1482,Ref 2,35.041,62792,30527216.0,5.8672503,1880625.0,391.2842513,IT=18;18 ,ii
1483,Ref 2,27.579,62952,35638436.0,5.871269,2271111.2,391.2842021,IT=14;14 ,ii
1484,Ref 2,25.278,56388,32262532.0,5.8753439,2195565.5,391.2842556,IT=13;13 ,ii
1485,Ref 2,25.688,57960,33178036.0,5.8794397,2068652.8,391.2841838,IT=13;13 ,ii
1486,Ref 2,34.098,62336,30285942.0,5.8835147,1949972.0,391.2842991,IT=17;17 ,ii
1487,Ref 2,29.540,61060,33247432.0,5.8875751,2012298.9,391.2842551,IT=15;15 ,ii
1488,Ref 2,33.754,63108,29743304.0,5.8917709,1783779.8,391.2842506,IT=17;17 ,ii
1489,Ref 2,37.662,62668,29731228.0,5.895973,1910410.9,391.2843004,IT=19;19 ,ii
1490,Ref 2,26.347,61780,34065616.0,5.8997729,2182866.2,391.284158,IT=13;13 ,ii
1491,Ref 2,43.823,65964,27741544.0,5.9041625,1709079.5,391.2843238,IT=22;22 ,ii
1492,Ref 2,34.368,64020,31938580.0,5.9081791,1992207.1,391.2842272,IT=17;17 ,ii
1493,Ref 2,37.505,64128,30069840.0,5.912375,1905467.6,391.2842383,IT=19;19 ,ii
1494,Ref 2,35.370,65980,31527888.0,5.916327,1906263.2,391.2841635,IT=18;18 ,ii
1495,Ref 2,35.475,62104,30872514.0,5.9204748,1975535.1,391.2842609,IT=18;18 ,ii
1496,Ref 2,29.520,63628,32992458.0,5.9245624,2105171.0,391.2841599,IT=15;15 ,ii
1497,Ref 2,34.847,63544,27960278.0,5.9287748,1675402.9,391.2842935,IT=17;17 ,ii
1499,Ref 2,31.166,61224,33511120.0,5.9332478,2131297.8,391.2841404,IT=16;16 ,ii
1500,Ref 2,26.981,57336,29633486.0,5.9371456,1983608.2,391.2841733,IT=13;13 ,ii
1501,Ref 2,30.899,56296,26696132.0,5.9413248,1710628.9,391.2841782,IT=15;15 ,ii
1502,Ref 2,28.893,60232,31321296.0,5.9454184,1898843.5,391.2841882,IT=14;14 ,ii
1503,Ref 2,28.547,59284,32547024.0,5.9495352,2024337.2,391.2841256,IT=14;14 ,ii
1504,Ref 2,36.211,64280,29552078.0,5.9536226,1774438.2,391.2841728,IT=18;18 ,ii
1505,Ref 2,25.546,55944,30831230.0,5.9575997,1965116.1,391.284104,IT=13;13 ,ii
1506,Ref 2,24.643,57812,32009144.0,5.9616787,2086099.4,391.2840689,IT=12;12 ,ii
1507,Ref 2,41.379,65000,28312244.0,5.9660474,1735751.5,391.2841618,IT=21;21 ,ii
1508,Ref 2,33.134,64420,30328250.0,5.9700912,1915380.8,391.2840527,IT=17;17 ,ii
1509,Ref 2,25.841,53584,29699960.0,5.9739433,1949199.5,391.2840682,IT=13;13 ,ii
1510,Ref 2,24.800,57788,30592612.0,5.9780391,1882360.1,391.2840905,IT=12;12 ,ii
1511,Ref 2,25.556,57608,33463810.0,5.9821452,2133032.0,391.2840109,IT=13;13 ,ii
1512,Ref 2,31.008,62940,33827156.0,5.986337,2185209.2,391.2841075,IT=16;16 ,ii
1513,Ref 2,29.529,61944,32481678.0,5.9902744,1974422.1,391.2839826,IT=15;15 ,ii
1514,Ref 2,28.975,55788,29679622.0,5.994389,1904904.2,391.2840611,IT=14;14 ,ii
1515,Ref 2,23.480,56852,33329096.0,5.9984243,2270164.0,391.2840355,IT=12;12 ,ii
1516,Ref 2,25.800,59988,33925880.0,6.0025472,2095026.0,391.2839939,IT=13;13 ,ii
1517,Ref 2,36.976,68212,32865664.0,6.0067076,2023138.2,391.2841646,IT=18;18 ,ii
1518,Ref 2,29.150,58224,30473288.0,6.0107451,2061543.4,391.2840946,IT=15;15 ,ii
1519,Ref 2,23.666,54580,30351214.0,6.014768,1998591.0,391.2840669,IT=12;12 ,ii
1520,Ref 2,25.256,55480,29796698.0,6.0188826,1864899.4,391.2840354,IT=13;13 ,ii
1521,Ref 2,26.674,57424,32431192.0,6.0228408,2198232.2,391.2840443,IT=13;13 ,ii
1522,Ref 2,29.631,57912,31716230.0,6.0269929,2001008.2,391.2841173,IT=15;15 ,ii
1523,Ref 2,34.424,64692,29688624.0,6.0311929,1904032.4,391.2842327,IT=17;17 ,ii
1524,Ref 2,27.359,60456,31643584.0,6.035222,2151970.8,391.2840125,IT=14;14 ,ii
1525,Ref 2,19.538,51880,31756922.0,6.0392012,2018254.1,391.2841269,IT=9.8;9.8 ,ii
1527,Ref 2,33.556,62796,29654828.0,6.0435323,1821020.0,391.2840874,IT=17;17 ,ii
1528,Ref 2,25.593,58760,33255468.0,6.0475366,2207124.8,391.2841442,IT=13;13 ,ii
1530,Ref 2,23.320,54232,31419324.0,6.0517094,2013524.5,391.2842242,IT=12;12 ,ii
1532,Ref 2,30.372,60896,28826734.0,6.0562074,1821161.0,391.2841113,IT=15;15 ,ii
1533,Ref 2,27.322,58788,31427412.0,6.0601052,1920443.9,391.2841157,IT=14;14 ,ii
1534,Ref 2,27.457,56820,30525032.0,6.0642114,2007786.1,391.284139,IT=14;14 ,ii
1535,Ref 2,26.074,55868,29855548.0,6.0682926,1857221.0,391.2840996,IT=13;13 ,ii
1536,Ref 2,32.274,60784,31026830.0,6.0724988,2054458.6,391.2841056,IT=16;16 ,ii
1537,Ref 2,28.084,59836,35219560.0,6.0765613,2172409.2,391.2840047,IT=14;14 ,ii
1538,Ref 2,30.325,60760,29773228.0,6.0805405,1765429.8,391.284034,IT=15;15 ,ii
1539,Ref 2,34.223,62528,30983154.0,6.084728,1946586.4,391.28415,IT=17;17 ,ii
1540,Ref 2,27.311,58304,33980520.0,6.0887612,2148780.8,391.284052,IT=14;14 ,ii
1541,Ref 2,29.950,57716,26898464.0,6.092905,1742918.9,391.2841296,IT=15;15 ,ii
1542,Ref 2,28.188,57288,29667896.0,6.0968236,1919812.8,391.2840554,IT=14;14 ,ii
1543,Ref 2,25.262,59260,35015348.0,6.100882,2184264.8,391.2840581,IT=13;13 ,ii
1544,Ref 2,20.359,54364,34830984.0,6.1048944,2215566.8,391.2840464,IT=10;10 ,ii
1545,Ref 2,40.398,64892,28708886.0,6.1092944,1749999.2,391.2842824,IT=20;20 ,ii
1546,Ref 2,23.284,53692,31445166.0,6.1130027,2215302.0,391.2840773,IT=12;12 ,ii
1547,Ref 2,29.850,59632,29855888.0,6.1171965,1854108.6,391.2841663,IT=15;15 ,ii
1548,Ref 2,32.721,64908,30745298.0,6.1213569,1981379.9,391.28425,IT=16;16 ,ii
1549,Ref 2,24.007,57212,34444776.0,6.1253444,2212968.8,391.2840337,IT=12;12 ,ii
1550,Ref 2,27.623,56064,27639794.0,6.1294901,1732784.9,391.2842547,IT=14;14 ,ii
1551,Ref 2,24.010,58244,34850316.0,6.1335297,2333535.2,391.2841041,IT=12;12 ,ii
1552,Ref 2,22.686,55468,32912904.0,6.1375963,2197703.2,391.2841841,IT=11;11 ,ii
1553,Ref 2,23.086,56976,34629288.0,6.1416818,2251356.0,391.2840818,IT=12;12 ,ii
1554,Ref 2,24.860,54224,29803188.0,6.1457921,1897230.0,391.2841232,IT=12;12 ,ii
1555,Ref 2,29.926,58964,32013722.0,6.1497963,2235041.5,391.2841399,IT=15;15 ,ii
1556,Ref 2,29.619,61992,33671104.0,6.153915,2169783.5,391.284226,IT=15;15 ,ii
1558,Ref 2,27.533,56748,30341178.0,6.1581399,1964383.2,391.2840771,IT=14;14 ,ii
1559,Ref 2,33.707,62604,30024806.0,6.1623587,1902791.6,391.2842505,IT=17;17 ,ii
1560,Ref 2,26.973,58164,32404350.0,6.166219,2043771.5,391.284089,IT=13;13 ,ii
1561,Ref 2,36.851,64272,29415344.0,6.1704899,1785783.5,391.2842583,IT=18;18 ,ii
1562,Ref 2,22.810,56872,35072248.0,6.1746044,2200636.5,391.2840498,IT=11;11 ,ii
1563,Ref 2,24.896,57016,30796688.0,6.1787232,2047018.2,391.2840046,IT=12;12 ,ii
1564,Ref 2,22.974,55424,31642670.0,6.1826189,2049746.9,391.2840242,IT=11;11 ,ii
1565,Ref 2,27.070,58652,31367484.0,6.186769,2100983.8,391.2841218,IT=14;14 ,ii
1566,Ref 2,18.564,51480,33825920.0,6.1907376,2214357.0,391.2839652,IT=9.3;9.3 ,ii
1567,Ref 2,31.388,56928,27286968.0,6.1950106,1692196.2,391.2840791,IT=16;16 ,ii
1568,Ref 2,33.085,62536,31089570.0,6.1990063,1893855.9,391.2841407,IT=17;17 ,ii
1569,Ref 2,25.866,55148,29920616.0,6.203023,1934182.8,391.2840013,IT=13;13 ,ii
1570,Ref 2,36.838,62868,28178358.0,6.2073063,1704905.0,391.2841316,IT=18;18 ,ii
1571,Ref 2,27.514,58608,32563336.0,6.2113083,2113697.8,391.2840292,IT=14;14 ,ii
1572,Ref 2,21.213,52456,33153526.0,6.2153146,2184658.2,391.2840192,IT=11;11 ,ii
1573,Ref 2,47.827,73040,28819746.0,6.2196603,1703174.4,391.2842499,IT=24;24 ,ii
1574,Ref 2,20.878,50468,28770140.0,6.2233854,1935624.0,391.2841515,IT=10;10 ,ii
1575,Ref 2,23.028,54280,31516192.0,6.2274915,2066359.2,391.2840267,IT=12;12 ,ii
1576,Ref 2,23.685,50328,27639324.0,6.2315791,1718505.6,391.2840774,IT=12;12 ,ii
1577,Ref 2,20.602,52676,35089808.0,6.2354414,2408480.5,391.284013,IT=10;10 ,ii
1578,Ref 2,25.713,57788,32580618.0,6.2395999,2161913.0,391.2840493,IT=13;13 ,ii
1579,Ref 2,29.109,62684,31905188.0,6.2437519,1975726.5,391.2841033,IT=15;15 ,ii
1580,Ref 2,29.383,58624,30039914.0,6.2478707,1941080.4,391.2841331,IT=15;15 ,ii
1581,Ref 2,37.298,66924,32246742.0,6.2519518,2025576.4,391.284225,IT=19;19 ,ii
1582,Ref 2,28.442,57480,29392366.0,6.2559684,1843795.6,391.284129,IT=14;14 ,ii
1583,Ref 2,27.864,58428,31489518.0,6.2600726,1956591.0,391.2839926,IT=14;14 ,ii
1584,Ref 2,26.569,63092,35897092.0,6.264158,2254902.8,391.2839998,IT=13;13 ,ii
1585,Ref 2,32.341,61476,31097126.0,6.2681913,1924436.2,391.2840717,IT=16;16 ,ii
1586,Ref 2,32.256,60424,30643718.0,6.2723372,2002858.1,391.2840199,IT=16;16 ,ii
1587,Ref 2,26.030,60348,31906760.0,6.2763663,2093839.5,391.2840315,IT=13;13 ,ii
1588,Ref 2,25.232,55288,30724484.0,6.2804538,1965731.1,391.2840849,IT=13;13 ,ii
1590,Ref 2,24.586,54564,30847990.0,6.284812,2082288.5,391.2840255,IT=12;12 ,ii
1591,Ref 2,24.597,57532,32069100.0,6.2887494,2048037.0,391.2840665,IT=12;12 ,ii
1592,Ref 2,25.909,57276,31724900.0,6.2928537,1998248.8,391.2840655,IT=13;13 ,ii
1593,Ref 2,21.217,52924,30648752.0,6.2968702,1997670.4,391.2841536,IT=11;11 ,ii
1594,Ref 2,20.315,51956,32366246.0,6.3009224,2034045.9,391.284124,IT=10;10 ,ii
1595,Ref 2,23.640,55864,32216630.0,6.3048743,2077750.8,391.2840681,IT=12;12 ,ii
1596,Ref 2,24.992,58820,34292500.0,6.3089911,2306109.5,391.2841147,IT=12;12 ,ii
1597,Ref 2,18.719,51168,32414086.0,6.3129743,2112006.2,391.2840825,IT=9.4;9.4 ,ii
1598,Ref 2,24.487,53992,31534832.0,6.3171306,2164839.8,391.2840443,IT=12;12 ,ii
1599,Ref 2,21.371,52272,29074938.0,6.3209951,1876762.8,391.2841046,IT=11;11 ,ii
1600,Ref 2,20.569,49212,28017770.0,6.3250556,1876248.8,391.2841374,IT=10;10 ,ii
1601,Ref 2,35.765,66632,32818892.0,6.3293784,2012351.4,391.2841752,IT=18;18 ,ii
1602,Ref 2,26.109,60064,30429138.0,6.3333659,1921260.1,391.284048,IT=13;13 ,ii
1603,Ref 2,24.734,55700,30836732.0,6.3372762,1969220.0,391.2840465,IT=12;12 ,ii
1604,Ref 2,30.002,59916,31286712.0,6.3414596,2007554.8,391.2840796,IT=15;15 ,ii
1605,Ref 2,21.051,49420,27055806.0,6.3454366,1673145.4,391.284142,IT=11;11 ,ii
1606,Ref 2,24.840,56584,34046492.0,6.3495741,2205102.5,391.2840295,IT=12;12 ,ii
1607,Ref 2,28.715,64056,34099788.0,6.3535636,2155593.0,391.2839858,IT=14;14 ,ii
1608,Ref 2,19.300,52860,31539430.0,6.3575241,2026812.6,391.2839537,IT=9.6;9.6 ,ii
1609,Ref 2,41.713,70052,29459866.0,6.3619595,1889545.0,391.2841886,IT=21;21 ,ii
1610,Ref 2,27.903,59380,31846300.0,6.3659031,2068954.5,391.2840548,IT=14;14 ,ii
1611,Ref 2,26.685,57556,30525638.0,6.3699906,1952134.6,391.2839918,IT=13;13 ,ii
1612,Ref 2,31.560,60656,28034186.0,6.374176,1770278.1,391.2841091,IT=16;16 ,ii
1613,Ref 2,26.748,57564,31799096.0,6.3782198,2181089.8,391.2840544,IT=13;13 ,ii
1614,Ref 2,26.167,56768,30670708.0,6.3823155,1873812.1,391.2840562,IT=13;13 ,ii
1615,Ref 2,22.413,52828,29476962.0,6.386351,1994380.8,391.2840297,IT=11;11 ,ii
1616,Ref 2,29.437,62532,33562324.0,6.3903779,2152345.0,391.2841057,IT=15;15 ,ii
1617,Ref 2,24.844,56732,29582220.0,6.3944238,1868331.9,391.2840978,IT=12;12 ,ii
1618,Ref 2,27.528,56072,29433210.0,6.3985571,1909354.0,391.2841057,IT=14;14 ,ii
1619,Ref 2,29.666,60416,31238152.0,6.4026946,2084007.9,391.2841177,IT=15;15 ,ii
1620,Ref 2,23.691,54284,30100084.0,6.4065466,1922829.9,391.2840389,IT=12;12 ,ii
1621,Ref 2,27.643,58140,28980572.0,6.4106987,1839576.6,391.2840328,IT=14;14 ,ii
1622,Ref 2,33.361,62704,30441610.0,6.4148966,1943658.5,391.2842208,IT=17;17 ,ii
1623,Ref 2,40.659,69116,29375696.0,6.4191652,1873938.6,391.2842583,IT=20;20 ,ii
1624,Ref 2,25.625,55808,30856698.0,6.4229152,2051428.8,391.2840395,IT=13;13 ,ii
1625,Ref 2,19.303,49348,26965408.0,6.4269091,1718802.6,391.2841014,IT=9.7;9.7 ,ii
1626,Ref 2,39.348,64772,29267386.0,6.4313069,1878025.8,391.2842171,IT=20;20 ,ii
1627,Ref 2,28.904,58816,30180052.0,6.4353005,1980008.5,391.2841019,IT=14;14 ,ii
1628,Ref 2,20.424,49728,28053562.0,6.4392756,1958395.8,391.2840835,IT=10;10 ,ii
1629,Ref 2,18.738,51004,32859256.0,6.4431485,2317461.2,391.2839694,IT=9.4;9.4 ,ii
1630,Ref 2,39.402,65864,27436062.0,6.4475568,1696151.8,391.2841674,IT=20;20 ,ii
1631,Ref 2,23.563,51840,28706360.0,6.4514588,2025882.2,391.2838472,IT=12;12 ,ii
1632,Ref 2,22.295,55220,31717664.0,6.4555234,2173954.0,391.2840366,IT=11;11 ,ii
1633,Ref 2,27.042,56636,27237510.0,6.4596775,1766388.6,391.2840283,IT=14;14 ,ii
1634,Ref 2,22.550,54224,30480704.0,6.4637005,2022078.2,391.2841504,IT=11;11 ,ii
1635,Ref 2,27.332,61268,32763128.0,6.4678566,2190818.2,391.2840426,IT=14;14 ,ii
1636,Ref 2,23.733,52868,28616398.0,6.4718983,1828348.6,391.2840408,IT=12;12 ,ii
1637,Ref 2,19.243,51176,31916632.0,6.4757441,2146455.5,391.2841017,IT=9.6;9.6 ,ii
1638,Ref 2,25.753,56772,31688870.0,6.4799149,2146414.8,391.2840086,IT=13;13 ,ii
1639,Ref 2,32.776,63196,29457640.0,6.4841253,1814866.0,391.2841147,IT=16;16 ,ii
1640,Ref 2,27.456,58952,31291452.0,6.4881669,2095926.6,391.2841043,IT=14;14 ,ii
1641,Ref 2,24.257,58680,32628864.0,6.4920585,2284364.0,391.2840407,IT=12;12 ,ii
1642,Ref 2,29.021,60264,30573360.0,6.4962252,1902983.8,391.2841291,IT=15;15 ,ii
1643,Ref 2,25.945,57572,29039722.0,6.5002814,1870679.9,391.2841262,IT=13;13 ,ii
1644,Ref 2,25.786,56028,30917574.0,6.5043772,2163827.0,391.2840301,IT=13;13 ,ii
1645,Ref 2,25.330,57220,29486448.0,6.5084626,1809932.4,391.2839475,IT=13;13 ,ii
1646,Ref 2,36.145,65204,29096290.0,6.5125668,1868329.8,391.2840967,IT=18;18 ,ii
1647,Ref 2,27.902,60816,32749014.0,6.5165814,2092973.0,391.2840251,IT=14;14 ,ii
1648,Ref 2,29.820,62644,33183452.0,6.5207229,2058909.4,391.2840297,IT=15;15 ,ii
1649,Ref 2,22.983,50332,27456156.0,6.5247396,1865072.1,391.2841635,IT=11;11 ,ii
1651,Ref 2,23.573,56124,29565520.0,6.5288978,2054769.8,391.283898,IT=12;12 ,ii
1652,Ref 2,19.938,52852,32711580.0,6.5329208,2115591.5,391.2838686,IT=10;10 ,ii
1653,Ref 2,24.528,55188,27949400.0,6.5370666,1809023.6,391.2839287,IT=12;12 ,ii
1654,Ref 2,26.935,56964,29819264.0,6.5411895,2013947.9,391.2841276,IT=13;13 ,ii
1656,Ref 2,21.446,53256,32642362.0,6.5453123,2194125.8,391.2839613,IT=11;11 ,ii
1657,Ref 2,31.119,58664,29273810.0,6.5495478,1941937.9,391.2841939,IT=16;16 ,ii
1659,Ref 2,27.307,57168,30221784.0,6.5537832,1990256.2,391.2841681,IT=14;14 ,ii
1661,Ref 2,29.222,61480,33157464.0,6.5580956,2152606.2,391.2840217,IT=15;15 ,ii
1662,Ref 2,29.388,57860,30046354.0,6.5622185,1999034.2,391.284029,IT=15;15 ,ii
1663,Ref 2,29.054,60180,29529448.0,6.5661747,2088744.2,391.2841101,IT=15;15 ,ii
1664,Ref 2,21.438,54988,34128736.0,6.5701581,2283634.0,391.2840434,IT=11;11 ,ii
1665,Ref 2,27.150,55900,26601372.0,6.5743372,1709386.2,391.2840741,IT=14;14 ,ii
1666,Ref 2,25.842,57808,32904754.0,6.5784143,2160863.5,391.2839762,IT=13;13 ,ii
1667,Ref 2,23.910,52248,29043418.0,6.5823142,1955044.8,391.2839714,IT=12;12 ,ii
1668,Ref 2,31.989,63044,30092986.0,6.586535,1911928.2,391.2839675,IT=16;16 ,ii
1669,Ref 2,22.801,55316,31365558.0,6.59051,1978054.0,391.2839196,IT=11;11 ,ii
1670,Ref 2,25.099,56916,31225494.0,6.5946287,1995681.1,391.2839157,IT=13;13 ,ii
1671,Ref 2,32.342,63652,29002328.0,6.5986724,1792372.6,391.284068,IT=16;16 ,ii
1672,Ref 2,20.780,51168,28823560.0,6.6026141,1813551.4,391.2839523,IT=10;10 ,ii
1673,Ref 2,25.407,58704,32657776.0,6.6067661,2186926.0,391.2839128,IT=13;13 ,ii
1674,Ref 2,26.145,58992,31030090.0,6.6108641,2136544.2,391.2839142,IT=13;13 ,ii
1675,Ref 2,21.877,53880,30441546.0,6.6147223,2029715.1,391.2838882,IT=11;11 ,ii
1676,Ref 2,25.688,58748,31541346.0,6.6188724,2008938.0,391.2840242,IT=13;13 ,ii
1677,Ref 2,23.527,55028,32163498.0,6.6229327,2082101.9,391.2839695,IT=12;12 ,ii
1678,Ref 2,35.709,63936,28670528.0,6.6272223,1784325.4,391.2841449,IT=18;18 ,ii
1679,Ref 2,29.089,60828,31307582.0,6.6312493,2057798.1,391.2841054,IT=15;15 ,ii
1680,Ref 2,27.904,55928,27042410.0,6.6351847,1720324.6,391.2839847,IT=14;14 ,ii
1681,Ref 2,23.739,56624,31379754.0,6.6392222,2003003.1,391.2839329,IT=12;12 ,ii
1682,Ref 2,27.565,58408,29178320.0,6.64337,1989437.4,391.2839457,IT=14;14 ,ii
1683,Ref 2,26.161,60516,34064304.0,6.6474534,2214041.2,391.2838216,IT=13;13 ,ii
1684,Ref 2,25.357,58844,30631824.0,6.6513721,1985633.8,391.2839023,IT=13;13 ,ii
1685,Ref 2,25.840,57400,32654552.0,6.6554721,2197100.5,391.284029,IT=13;13 ,ii
1687,Ref 2,23.909,55216,31448086.0,6.6596512,2038966.6,391.2839728,IT=12;12 ,ii
1688,Ref 2,29.717,59340,27913678.0,6.6638345,1838932.2,391.2839704,IT=15;15 ,ii
1689,Ref 2,23.611,56544,31700234.0,6.6676802,2073680.1,391.2839807,IT=12;12 ,ii
1690,Ref 2,26.727,58072,30016508.0,6.6718156,1998852.4,391.2839368,IT=13;13 ,ii
1691,Ref 2,20.919,50572,28780682.0,6.6758198,2002873.8,391.2840114,IT=10;10 ,ii
1692,Ref 2,18.984,49348,32244016.0,6.6798594,2386617.2,391.2838728,IT=9.5;9.5 ,ii
1693,Ref 2,20.281,51424,32521202.0,6.6837718,2270910.0,391.2839415,IT=10;10 ,ii
1694,Ref 2,28.298,58284,26830410.0,6.6879802,1689481.5,391.2839581,IT=14;14 ,ii
1695,Ref 2,22.090,53956,30657520.0,6.6919864,2003478.6,391.2839181,IT=11;11 ,ii
1696,Ref 2,36.974,62560,29733736.0,6.6963135,1977120.1,391.2840805,IT=18;18 ,ii
1697,Ref 2,25.637,55632,28507508.0,6.7001134,1878859.4,391.2839653,IT=13;13 ,ii
1698,Ref 2,39.784,66796,28350882.0,6.7044404,1884161.1,391.2842418,IT=20;20 ,ii
1699,Ref 2,24.203,56832,29553400.0,6.7083488,1949507.5,391.2840119,IT=12;12 ,ii
1700,Ref 2,22.262,50472,26661160.0,6.712405,1761615.8,391.2840348,IT=11;11 ,ii
1701,Ref 2,25.731,58728,34819232.0,6.7165383,2306625.2,391.2839073,IT=13;13 ,ii
1702,Ref 2,27.032,58580,31599988.0,6.7204946,2104737.2,391.2840236,IT=14;14 ,ii
1704,Ref 2,25.912,53824,28582688.0,6.7246924,1869677.6,391.2838328,IT=13;13 ,ii
1705,Ref 2,34.321,64100,29517052.0,6.7289382,1902587.6,391.2840875,IT=17;17 ,ii
1706,Ref 2,24.318,56444,31528078.0,6.732907,2094817.1,391.283919,IT=12;12 ,ii
1707,Ref 2,25.386,55572,29860218.0,6.7368444,1968199.9,391.2840181,IT=13;13 ,ii
1708,Ref 2,29.248,60116,30028476.0,6.7410028,2010251.9,391.2840502,IT=15;15 ,ii
1709,Ref 2,22.793,53724,31851106.0,6.7450068,2241152.0,391.2838959,IT=11;11 ,ii
1710,Ref 2,28.725,59380,29352872.0,6.749186,1819111.6,391.2839756,IT=14;14 ,ii
1711,Ref 2,27.554,57672,30036350.0,6.7532776,2007950.1,391.2841248,IT=14;14 ,ii
1712,Ref 2,27.099,56572,32032140.0,6.7573798,2113533.5,391.2839454,IT=14;14 ,ii
1713,Ref 2,19.702,49656,30193234.0,6.7613609,2006384.8,391.2839233,IT=9.9;9.9 ,ii
1714,Ref 2,40.694,68040,30271508.0,6.7657817,1941928.8,391.2841908,IT=20;20 ,ii
1715,Ref 2,29.372,59168,32653046.0,6.76959,2327025.8,391.2839777,IT=15;15 ,ii
1716,Ref 2,25.684,56500,30449208.0,6.7736442,1939323.8,391.2840294,IT=13;13 ,ii
1717,Ref 2,24.775,53972,28735038.0,6.7777254,1884255.8,391.2838378,IT=12;12 ,ii
1718,Ref 2,27.270,58152,31460190.0,6.7818525,2007554.4,391.2839676,IT=14;14 ,ii
1720,Ref 2,22.736,55420,30569294.0,6.7861795,1892357.9,391.2838896,IT=11;11 ,ii
1721,Ref 2,22.757,51628,28055136.0,6.7901003,1842198.2,391.2838964,IT=11;11 ,ii
1722,Ref 2,45.324,70520,28241404.0,6.7945524,1728001.8,391.2841589,IT=23;23 ,ii
1723,Ref 2,25.556,58448,31283164.0,6.798394,2102609.0,391.2837616,IT=13;13 ,ii
1724,Ref 2,25.333,52676,28605024.0,6.8024857,1886744.6,391.2838392,IT=13;13 ,ii
1725,Ref 2,21.187,50032,29141272.0,6.8063398,1945081.0,391.2839372,IT=11;11 ,ii
1726,Ref 2,26.889,59724,32557134.0,6.8105086,2142213.0,391.2838421,IT=13;13 ,ii
1727,Ref 2,23.632,53656,28734780.0,6.8145522,1840748.2,391.2839603,IT=12;12 ,ii
1728,Ref 2,24.887,58096,32944708.0,6.8186564,2100434.5,391.2839418,IT=12;12 ,ii
1729,Ref 2,25.772,58532,30970112.0,6.8225876,1866533.8,391.2838968,IT=13;13 ,ii
1730,Ref 2,18.181,47236,29375398.0,6.8265585,1953213.4,391.2838918,IT=9.1;9.1 ,ii
1731,Ref 2,33.241,62700,29485184.0,6.8308667,1993886.1,391.2840559,IT=17;17 ,ii
1732,Ref 2,23.860,55552,32580392.0,6.8348417,2108933.8,391.2838864,IT=12;12 ,ii
1733,Ref 2,24.668,56124,30063244.0,6.8387791,1934976.5,391.2839107,IT=12;12 ,ii
1734,Ref 2,18.433,51240,33030854.0,6.8427625,2160800.2,391.2839051,IT=9.2;9.2 ,ii
1735,Ref 2,33.795,62160,30136688.0,6.8470708,1989958.5,391.2841046,IT=17;17 ,ii
1736,Ref 2,25.103,56192,29411394.0,6.8510604,1915286.1,391.283958,IT=13;13 ,ii
1737,Ref 2,23.515,55856,32513146.0,6.8551332,2167113.5,391.2839266,IT=12;12 ,ii
1738,Ref 2,18.287,49784,32612036.0,6.858954,2277732.8,391.2839606,IT=9.1;9.1 ,ii
1739,Ref 2,19.392,49408,30042536.0,6.863029,1903550.8,391.2839318,IT=9.7;9.7 ,ii
1740,Ref 2,23.011,54672,30872178.0,6.8671498,2071960.1,391.2839213,IT=12;12 ,ii
1741,Ref 2,26.601,60308,33357398.0,6.8712852,2219922.8,391.2839934,IT=13;13 ,ii
1742,Ref 2,25.591,58812,31996944.0,6.8753664,2021816.4,391.2839526,IT=13;13 ,ii
1743,Ref 2,31.363,60000,29195834.0,6.879556,1924393.6,391.2840467,IT=16;16 ,ii
1744,Ref 2,24.602,55248,31454562.0,6.8835726,2196765.8,391.2839243,IT=12;12 ,ii
1745,Ref 2,23.961,54256,30426076.0,6.8876497,1998632.5,391.28393,IT=12;12 ,ii
1747,Ref 2,27.914,58588,30459172.0,6.8918808,1993749.9,391.283945,IT=14;14 ,ii
1748,Ref 2,15.839,44780,29768106.0,6.8957872,2109470.8,391.284053,IT=7.9;7.9 ,ii
1749,Ref 2,30.183,60920,30175908.0,6.9000683,1874336.0,391.2840635,IT=15;15 ,ii
1750,Ref 2,29.429,60944,30173130.0,6.9041809,1898375.6,391.2839142,IT=15;15 ,ii
1751,Ref 2,18.438,45488,26871412.0,6.9079516,1871755.5,391.2839857,IT=9.2;9.2 ,ii
1752,Ref 2,17.600,46052,28713782.0,6.9119954,1932971.5,391.2839981,IT=8.8;8.8 ,ii
1753,Ref 2,27.393,55572,26947966.0,6.9162099,1759532.6,391.2839808,IT=14;14 ,ii
1754,Ref 2,26.990,56608,29670670.0,6.9203057,2107876.5,391.2840723,IT=13;13 ,ii
1755,Ref 2,19.860,49368,30691044.0,6.9242119,2063729.4,391.2839336,IT=9.9;9.9 ,ii
1756,Ref 2,32.933,62632,30000834.0,6.9285015,1929977.4,391.2840295,IT=16;16 ,ii
1757,Ref 2,24.978,57428,31912114.0,6.9325035,2197930.0,391.2839773,IT=12;12 ,ii
1758,Ref 2,19.114,51016,32492026.0,6.9364932,2165189.5,391.2838877,IT=9.6;9.6 ,ii
1759,Ref 2,30.686,61256,29781518.0,6.9407431,1955376.9,391.2840097,IT=15;15 ,ii
1760,Ref 2,27.366,61100,32640036.0,6.9446389,2174832.8,391.2839563,IT=14;14 ,ii
1761,Ref 2,22.405,51040,29586858.0,6.9486597,1959777.1,391.2839155,IT=11;11 ,ii
1762,Ref 2,18.175,48128,29738134.0,6.95267,1999249.6,391.2839403,IT=9.1;9.1 ,ii
1763,Ref 2,29.487,61400,30639656.0,6.9569117,1943106.8,391.2840096,IT=15;15 ,ii
1764,Ref 2,22.451,54740,32638562.0,6.9609095,2164333.5,391.2838718,IT=11;11 ,ii
1765,Ref 2,20.659,52356,33009022.0,6.9649596,2166935.8,391.2837537,IT=10;10 ,ii
1766,Ref 2,34.899,62656,29253690.0,6.9692637,1945012.0,391.2840849,IT=17;17 ,ii
1767,Ref 2,23.060,55988,31514716.0,6.9732075,2141943.8,391.2838724,IT=12;12 ,ii
1768,Ref 2,39.217,61856,25848790.0,6.9773928,1657376.9,391.2840897,IT=20;20 ,ii
1769,Ref 2,20.445,50176,29281758.0,6.981247,2022772.6,391.2839404,IT=10;10 ,ii
1770,Ref 2,17.542,50564,36000024.0,6.985274,2571449.5,391.2838525,IT=8.8;8.8 ,ii
1771,Ref 2,24.956,55292,30519154.0,6.9894469,1961187.1,391.2838851,IT=12;12 ,ii
1772,Ref 2,20.746,52356,31436750.0,6.9932968,2104463.5,391.2838307,IT=10;10 ,ii
1773,Ref 2,24.310,55904,32992546.0,6.9974282,2345253.2,391.2839514,IT=12;12 ,ii
1774,Ref 2,21.644,53268,28880410.0,7.0014676,1876103.9,391.2839764,IT=11;11 ,ii
1775,Ref 2,18.978,49788,30898692.0,7.0054926,2030149.0,391.2839856,IT=9.5;9.5 ,ii
1776,Ref 2,24.386,55016,32009062.0,7.0096447,2243098.2,391.2840254,IT=12;12 ,ii
1777,Ref 2,24.460,57336,31226842.0,7.0135655,2087210.5,391.2840522,IT=12;12 ,ii
1778,Ref 2,21.845,53428,32103052.0,7.0176092,2139500.0,391.2839136,IT=11;11 ,ii
1779,Ref 2,21.684,51844,30464774.0,7.02168,2049539.0,391.2839198,IT=11;11 ,ii
1780,Ref 2,27.554,56744,31003834.0,7.0258571,1881341.4,391.2841065,IT=14;14 ,ii
1782,Ref 2,31.373,63560,30625274.0,7.0301653,1987484.4,391.2840762,IT=16;16 ,ii
1783,Ref 2,20.175,50720,31825498.0,7.0341071,2135191.2,391.2839367,IT=10;10 ,ii
1784,Ref 2,17.358,47008,32091442.0,7.0381278,2202443.5,391.2840016,IT=8.7;8.7 ,ii
1785,Ref 2,27.926,56916,28610158.0,7.0423528,1920993.6,391.2841442,IT=14;14 ,ii
1787,Ref 2,20.646,53696,31589318.0,7.0466632,2153982.2,391.2839795,IT=10;10 ,ii
1788,Ref 2,23.436,52200,29449160.0,7.0507778,2014162.0,391.2840244,IT=12;12 ,ii
1791,Ref 2,26.217,56828,31439982.0,7.0565632,2096566.4,391.2839898,IT=13;13 ,ii
1793,Ref 2,27.202,56224,29199756.0,7.0608256,2048529.6,391.2839716,IT=14;14 ,ii
1794,Ref 2,25.614,54988,28543246.0,7.0649088,1899814.0,391.2839894,IT=13;13 ,ii
1795,Ref 2,23.313,49960,28076418.0,7.0689672,1929006.6,391.2839217,IT=12;12 ,ii
1796,Ref 2,22.738,53332,31326934.0,7.0728775,2101165.0,391.2838071,IT=11;11 ,ii
1797,Ref 2,24.852,55924,30865428.0,7.0769943,2011673.9,391.2838649,IT=12;12 ,ii
1798,Ref 2,24.878,52764,29347764.0,7.0810817,1984604.0,391.2839208,IT=12;12 ,ii
1799,Ref 2,27.744,55384,29937744.0,7.0852151,2153817.8,391.2839838,IT=14;14 ,ii
1800,Ref 2,23.059,54500,33042156.0,7.0890754,2123134.2,391.2839194,IT=12;12 ,ii
1801,Ref 2,21.124,47868,25247294.0,7.0931296,1785962.4,391.283935,IT=11;11 ,ii
1802,Ref 2,21.103,52816,33472060.0,7.0971961,2330681.8,391.2837718,IT=11;11 ,ii
1803,Ref 2,27.063,60600,32234650.0,7.1013628,2134150.2,391.2839788,IT=14;14 ,ii
1804,Ref 2,26.487,52652,26693470.0,7.1052898,1811444.4,391.2840078,IT=13;13 ,ii
1805,Ref 2,22.597,54004,30183258.0,7.1093274,2140717.8,391.2839338,IT=11;11 ,ii
1806,Ref 2,20.530,55056,36236024.0,7.113369,2424108.0,391.2838859,IT=10;10 ,ii
1807,Ref 2,28.051,54488,26794296.0,7.1175607,1807911.6,391.2839458,IT=14;14 ,ii
1808,Ref 2,29.334,57248,30364694.0,7.1215293,2011313.2,391.2841037,IT=15;15 ,ii
1809,Ref 2,26.391,57840,30318432.0,7.1256169,2099551.8,391.2840712,IT=13;13 ,ii
1810,Ref 2,25.384,54444,28328258.0,7.1296981,1898367.4,391.2840541,IT=13;13 ,ii
1811,Ref 2,23.557,55424,29821998.0,7.1337585,2030051.2,391.2839051,IT=12;12 ,ii
1812,Ref 2,26.013,56100,30481756.0,7.1378813,2049792.6,391.2839632,IT=13;13 ,ii
1813,Ref 2,21.586,52276,28957552.0,7.1417563,1860150.4,391.2838961,IT=11;11 ,ii
1814,Ref 2,25.909,53608,27779110.0,7.1459063,2024237.4,391.2839898,IT=13;13 ,ii
1815,Ref 2,15.106,43676,31529264.0,7.1498334,2342260.5,391.2839226,IT=7.6;7.6 ,ii
1816,Ref 2,42.728,67260,27414964.0,7.1543249,1738730.4,391.2841693,IT=21;21 ,ii
1817,Ref 2,27.852,55672,28338882.0,7.1580708,1966667.1,391.2840415,IT=14;14 ,ii
1819,Ref 2,22.024,51236,31930456.0,7.1623749,2151294.5,391.2839567,IT=11;11 ,ii
1820,Ref 2,28.858,54808,27376772.0,7.1665644,1743341.6,391.2840215,IT=14;14 ,ii
1821,Ref 2,29.867,57160,29104628.0,7.1706916,1936769.8,391.2839315,IT=15;15 ,ii
1822,Ref 2,23.158,53528,30350304.0,7.1745311,2059047.0,391.28388,IT=12;12 ,ii
1823,Ref 2,21.872,51544,29604884.0,7.1785936,1976826.1,391.2839025,IT=11;11 ,ii
1824,Ref 2,19.481,47904,30514516.0,7.1826289,2087029.6,391.2839546,IT=9.7;9.7 ,ii
1825,Ref 2,23.245,55312,31611628.0,7.1867519,2263836.0,391.283841,IT=12;12 ,ii
1826,Ref 2,23.049,54272,31146580.0,7.190658,2090092.6,391.2839011,IT=12;12 ,ii
1827,Ref 2,27.251,56992,31565096.0,7.1948143,2207525.2,391.2839818,IT=14;14 ,ii
1828,Ref 2,25.410,51520,29559696.0,7.198883,2175103.0,391.2837942,IT=13;13 ,ii
1829,Ref 2,23.860,50856,28768638.0,7.2029539,1920458.1,391.2837976,IT=12;12 ,ii
1830,Ref 2,19.561,47900,30762734.0,7.2069663,2120686.2,391.2838423,IT=9.8;9.8 ,ii
1831,Ref 2,39.601,64280,28826908.0,7.2111997,1892417.1,391.2840374,IT=20;20 ,ii
1832,Ref 2,24.482,52364,29354092.0,7.2151183,2082505.9,391.2838896,IT=12;12 ,ii
1833,Ref 2,22.478,48048,25581266.0,7.2191829,1769205.9,391.2839462,IT=11;11 ,ii
1834,Ref 2,21.623,51612,29093388.0,7.2232349,2057147.0,391.2840087,IT=11;11 ,ii
1835,Ref 2,33.693,61448,29156962.0,7.2273391,1955829.4,391.2840839,IT=17;17 ,ii
1836,Ref 2,29.379,55252,26236938.0,7.2314057,1775663.4,391.2841533,IT=15;15 ,ii
1838,Ref 2,19.326,51416,32437804.0,7.2354931,2255541.2,391.2839185,IT=9.7;9.7 ,ii
1839,Ref 2,17.375,46596,30771946.0,7.2395265,2218615.2,391.2839293,IT=8.7;8.7 ,ii
1840,Ref 2,36.003,62020,27722532.0,7.2438848,1786265.0,391.2840719,IT=18;18 ,ii
1841,Ref 2,20.494,49700,31743938.0,7.2477723,2250449.5,391.2839051,IT=10;10 ,ii
1842,Ref 2,21.899,51048,31804666.0,7.251866,2246581.5,391.2839197,IT=11;11 ,ii
1844,Ref 2,25.415,52564,28441422.0,7.2562493,1895812.9,391.2838587,IT=13;13 ,ii
1845,Ref 2,26.331,53148,27694080.0,7.2602263,1881373.9,391.2839588,IT=13;13 ,ii
1846,Ref 2,24.844,53852,31425482.0,7.2641389,2218050.5,391.2839886,IT=12;12 ,ii
1847,Ref 2,20.464,51364,32080382.0,7.2681575,2145501.8,391.2838691,IT=10;10 ,ii
1848,Ref 2,29.020,58900,27925156.0,7.2723659,1867565.2,391.2839558,IT=15;15 ,ii
1849,Ref 2,22.135,50972,32429890.0,7.2761971,2306199.5,391.2838914,IT=11;11 ,ii
1850,Ref 2,35.150,65964,29572754.0,7.2804909,1898532.2,391.2840365,IT=18;18 ,ii
1851,Ref 2,25.720,55236,29833060.0,7.2844741,1990309.6,391.2839788,IT=13;13 ,ii
1853,Ref 2,21.537,48972,28078478.0,7.2886116,1904168.5,391.2838826,IT=11;11 ,ii
1854,Ref 2,21.299,50128,28694614.0,7.2926824,1921205.2,391.2838921,IT=11;11 ,ii
1855,Ref 2,30.689,58404,29207034.0,7.2969094,2003916.4,391.2839995,IT=15;15 ,ii
1856,Ref 2,25.612,57420,31255190.0,7.3009407,2142261.0,391.2840211,IT=13;13 ,ii
1857,Ref 2,24.831,55188,30843678.0,7.305026,2079751.6,391.2839454,IT=12;12 ,ii
1858,Ref 2,27.076,53304,28339180.0,7.309151,1941301.5,391.2840588,IT=14;14 ,ii
1859,Ref 2,26.848,56672,31261000.0,7.3130843,2102228.2,391.2840214,IT=13;13 ,ii
1860,Ref 2,24.087,54716,30838740.0,7.3171406,2083160.0,391.2839381,IT=12;12 ,ii
1861,Ref 2,21.222,51484,30825678.0,7.321178,2156550.0,391.2839319,IT=11;11 ,ii
1862,Ref 2,19.968,50860,31500674.0,7.3252218,2264513.8,391.2839009,IT=10;10 ,ii
1863,Ref 2,17.759,44552,30397896.0,7.32908,2183368.2,391.2839469,IT=8.9;8.9 ,ii
1864,Ref 2,31.780,61380,29916488.0,7.3333676,1939359.6,391.2840876,IT=16;16 ,ii
1865,Ref 2,24.476,54516,30244308.0,7.3373737,2084362.2,391.2839492,IT=12;12 ,ii
1866,Ref 2,20.342,46544,27319270.0,7.3413967,1912876.9,391.2839975,IT=10;10 ,ii
1867,Ref 2,38.670,61992,27367084.0,7.3455966,1784828.8,391.2841747,IT=19;19 ,ii
1868,Ref 2,23.369,49420,27783634.0,7.3495091,1937875.1,391.283983,IT=12;12 ,ii
1869,Ref 2,17.213,44204,27196322.0,7.3535028,1882521.1,391.2839298,IT=8.6;8.6 ,ii
1870,Ref 2,23.271,50096,25981112.0,7.3576487,1702357.2,391.2839698,IT=12;12 ,ii
1871,Ref 2,27.314,55672,31470470.0,7.3616257,2104588.5,391.2839763,IT=14;14 ,ii
1872,Ref 2,22.388,48816,29376376.0,7.3656528,2114823.5,391.283937,IT=11;11 ,ii
1873,Ref 2,27.121,54012,27556892.0,7.369811,1843037.6,391.2840247,IT=14;14 ,ii
1874,Ref 2,18.842,44124,26077312.0,7.3737715,1870180.9,391.2839271,IT=9.4;9.4 ,ii
1875,Ref 2,25.889,51428,26380344.0,7.3779506,1838892.5,391.2839753,IT=13;13 ,ii
1876,Ref 2,21.341,47432,26229180.0,7.3818006,1751780.8,391.283919,IT=11;11 ,ii
1877,Ref 2,21.104,52444,32977416.0,7.3858734,2285116.0,391.2838688,IT=11;11 ,ii
1878,Ref 2,20.038,49228,31385512.0,7.3899255,2127645.2,391.2838737,IT=10;10 ,ii
1879,Ref 2,30.446,58160,28353400.0,7.3941588,1869522.0,391.2840664,IT=15;15 ,ii
1881,Ref 2,23.971,53308,29167242.0,7.39834,2004729.6,391.2840183,IT=12;12 ,ii
1882,Ref 2,16.026,44240,31887024.0,7.4022984,2402747.5,391.2838892,IT=8;8 ,ii
1883,Ref 2,21.956,53792,31849406.0,7.406442,2222644.5,391.2838901,IT=11;11 ,ii
1884,Ref 2,26.786,54788,27352442.0,7.4105942,1836337.6,391.2839458,IT=13;13 ,ii
1885,Ref 2,23.292,54372,33053486.0,7.414469,2081153.0,391.2838354,IT=12;12 ,ii
1886,Ref 2,26.720,56028,30430618.0,7.4186107,1939562.6,391.2839542,IT=13;13 ,ii
1887,Ref 2,30.457,57724,28728486.0,7.422771,1932093.6,391.2839817,IT=15;15 ,ii
1888,Ref 2,22.074,50112,31273512.0,7.4267586,2365080.2,391.2838074,IT=11;11 ,ii
1889,Ref 2,25.099,52268,28301640.0,7.4307252,1941784.0,391.2838812,IT=13;13 ,ii
1890,Ref 2,15.208,44744,33722984.0,7.4346565,2305451.5,391.2837881,IT=7.6;7.6 ,ii
1892,Ref 2,20.550,54100,31684426.0,7.4406335,2157407.0,391.2838195,IT=10;10 ,ii
1893,Ref 2,42.243,64040,26633492.0,7.445071,1644307.0,391.2841278,IT=21;21 ,ii
1894,Ref 2,24.728,57448,32535670.0,7.4489563,2143550.5,391.2839607,IT=12;12 ,ii
1895,Ref 2,19.540,47096,28984188.0,7.4529626,2189240.2,391.2839091,IT=9.8;9.8 ,ii
1896,Ref 2,25.820,52216,28251304.0,7.4571312,1889283.6,391.2838607,IT=13;13 ,ii
1897,Ref 2,22.299,51152,30761942.0,7.4611646,2231903.2,391.2838013,IT=11;11 ,ii
1898,Ref 2,24.792,53684,30099852.0,7.4652854,2048158.4,391.283875,IT=12;12 ,ii
1899,Ref 2,22.367,51060,29391532.0,7.4693354,1978032.9,391.2837944,IT=11;11 ,ii
1900,Ref 2,19.476,48672,30353596.0,7.4731978,2146506.0,391.2838144,IT=9.7;9.7 ,ii
1901,Ref 2,33.379,61288,29779758.0,7.4774958,2073754.9,391.2840367,IT=17;17 ,ii
1902,Ref 2,27.161,54524,28132924.0,7.4815311,1862850.5,391.2839739,IT=14;14 ,ii
1903,Ref 2,27.259,54980,27108100.0,7.4856374,1757075.2,391.2839794,IT=14;14 ,ii
1904,Ref 2,26.315,55472,31319758.0,7.4895644,2158998.5,391.2838894,IT=13;13 ,ii
1905,Ref 2,23.674,52544,29007528.0,7.4936436,1888783.6,391.283838,IT=12;12 ,ii
1906,Ref 2,30.445,57204,28098742.0,7.4978394,1830403.2,391.2839792,IT=15;15 ,ii
1907,Ref 2,30.431,60512,28980722.0,7.5019644,1920809.0,391.2839996,IT=15;15 ,ii
1908,Ref 2,16.610,45012,30654718.0,7.5058497,2162693.5,391.2839685,IT=8.3;8.3 ,ii
1909,Ref 2,40.638,63880,26790678.0,7.5102996,1747155.9,391.2841125,IT=20;20 ,ii
1910,Ref 2,21.990,52336,29008904.0,7.5141642,2096066.6,391.283811,IT=11;11 ,ii
1911,Ref 2,18.249,47968,31121116.0,7.5181766,2028774.2,391.2837823,IT=9.1;9.1 ,ii
1912,Ref 2,38.873,61108,27005492.0,7.5225726,1761002.9,391.2841364,IT=19;19 ,ii
1914,Ref 2,23.886,51524,30156830.0,7.5267496,2075360.5,391.2838518,IT=12;12 ,ii
1915,Ref 2,33.070,61316,29806636.0,7.5309892,1953178.8,391.284008,IT=17;17 ,ii
1916,Ref 2,24.071,54172,28697396.0,7.5349724,1957970.2,391.2837972,IT=12;12 ,ii
1917,Ref 2,21.668,51140,30868280.0,7.5390225,2058150.6,391.2838018,IT=11;11 ,ii
1918,Ref 2,25.580,57160,33297896.0,7.5429995,2211585.2,391.2839841,IT=13;13 ,ii
1920,Ref 2,22.129,52236,27368530.0,7.5471328,1779182.8,391.2839052,IT=11;11 ,ii
1922,Ref 2,20.914,47280,28668536.0,7.5513015,2099855.8,391.2838234,IT=10;10 ,ii
1923,Ref 2,28.188,58536,31424590.0,7.5554931,2018212.8,391.2840124,IT=14;14 ,ii
1925,Ref 2,24.274,50780,27318410.0,7.5598473,1765672.2,391.2840106,IT=12;12 ,ii
1928,Ref 2,21.216,51832,32095748.0,7.565864,2464594.2,391.2837855,IT=11;11 ,ii
1929,Ref 2,28.017,53920,27745278.0,7.5700431,1728446.0,391.2839589,IT=14;14 ,ii
1930,Ref 2,26.622,58948,30816994.0,7.5739597,2046705.2,391.283898,IT=13;13 ,ii
1931,Ref 2,29.058,59320,30794158.0,7.5781034,2057718.5,391.2839186,IT=15;15 ,ii
1932,Ref 2,23.029,52764,28904088.0,7.5821179,1981514.8,391.2838007,IT=12;12 ,ii
1933,Ref 2,27.196,58424,29788482.0,7.5862721,2020621.4,391.2838493,IT=14;14 ,ii
1934,Ref 2,21.660,49584,31119204.0,7.5901117,2178878.5,391.2838241,IT=11;11 ,ii
1935,Ref 2,21.460,50344,30449906.0,7.5941804,1994204.1,391.283884,IT=11;11 ,ii
1936,Ref 2,20.258,51872,32244356.0,7.5982303,2166344.2,391.283797,IT=10;10 ,ii
1937,Ref 2,22.030,53840,30219688.0,7.602322,2121517.2,391.283875,IT=11;11 ,ii
1938,Ref 2,21.117,51680,34765392.0,7.6062177,2310401.8,391.2838226,IT=11;11 ,ii
1939,Ref 2,20.684,47956,28061002.0,7.6102824,1887441.2,391.2838176,IT=10;10 ,ii
1940,Ref 2,27.072,55276,30583938.0,7.6144531,2056058.5,391.2839215,IT=14;14 ,ii
1941,Ref 2,22.125,55220,34823812.0,7.618474,2369350.0,391.2837862,IT=11;11 ,ii
1942,Ref 2,17.990,47756,29712484.0,7.6223343,2006310.0,391.2838205,IT=9;9 ,ii
1943,Ref 2,26.529,57272,31470028.0,7.6265323,2058307.0,391.283882,IT=13;13 ,ii
1944,Ref 2,19.409,50548,32386348.0,7.6305134,2275609.0,391.2838429,IT=9.7;9.7 ,ii
1945,Ref 2,40.767,62468,26053766.0,7.63493,1627040.2,391.284145,IT=20;20 ,ii
1946,Ref 2,25.248,53744,28860056.0,7.6386675,1904128.2,391.2840287,IT=13;13 ,ii
1947,Ref 2,23.776,52872,30559310.0,7.6427384,2136599.2,391.2840579,IT=12;12 ,ii
1948,Ref 2,29.961,59572,29423660.0,7.6469384,1895401.6,391.2839697,IT=15;15 ,ii
1949,Ref 2,27.233,55980,30838202.0,7.6510071,2089890.9,391.2840149,IT=14;14 ,ii
1950,Ref 2,20.064,49512,31772688.0,7.6548445,2362030.5,391.2838778,IT=10;10 ,ii
1951,Ref 2,20.907,49092,30214696.0,7.65893,1995350.1,391.2839722,IT=10;10 ,ii
1953,Ref 2,20.414,48988,27707148.0,7.6630341,1848547.1,391.2839882,IT=10;10 ,ii
1954,Ref 2,19.366,47560,29934388.0,7.6670841,1987151.1,391.2838635,IT=9.7;9.7 ,ii
1955,Ref 2,27.576,55608,28038608.0,7.671284,1813929.5,391.2840424,IT=14;14 ,ii
1956,Ref 2,19.213,48028,29772610.0,7.675159,2039437.9,391.2838986,IT=9.6;9.6 ,ii
1957,Ref 2,25.492,53968,31128070.0,7.6793298,2190753.5,391.2838734,IT=13;13 ,ii
1958,Ref 2,26.714,55092,29331556.0,7.683438,1924354.9,391.2840317,IT=13;13 ,ii
1959,Ref 2,18.764,50740,33665956.0,7.6874048,2377260.8,391.2838687,IT=9.4;9.4 ,ii
1960,Ref 2,28.746,57992,29517500.0,7.691461,2013513.5,391.2840015,IT=14;14 ,ii
1961,Ref 2,26.645,55268,30042030.0,7.695536,1971940.6,391.2840041,IT=13;13 ,ii
1962,Ref 2,29.013,56456,28575806.0,7.6996796,1889515.2,391.2840009,IT=15;15 ,ii
1963,Ref 2,19.930,49684,30431068.0,7.7036401,2105451.0,391.2839192,IT=10;10 ,ii
1964,Ref 2,20.052,51408,35694184.0,7.7077129,2391458.0,391.2838841,IT=10;10 ,ii
1965,Ref 2,21.345,48772,27953864.0,7.7117942,1790201.9,391.2839605,IT=11;11 ,ii
1966,Ref 2,15.269,44672,31471894.0,7.7157649,2230703.2,391.2839075,IT=7.6;7.6 ,ii
1967,Ref 2,23.376,50876,28632178.0,7.7199379,1957099.8,391.2838759,IT=12;12 ,ii
1968,Ref 2,30.147,59344,29761246.0,7.7239649,1885897.1,391.283912,IT=15;15 ,ii
1969,Ref 2,21.258,54328,33213272.0,7.727942,2202089.2,391.2838312,IT=11;11 ,ii
1970,Ref 2,17.136,43728,28758324.0,7.731944,1991523.5,391.2838609,IT=8.6;8.6 ,ii
1971,Ref 2,16.539,46144,32209338.0,7.7359837,2248780.0,391.2839497,IT=8.3;8.3 ,ii
1973,Ref 2,23.201,56872,33723440.0,7.7401315,2151869.0,391.2838095,IT=12;12 ,ii
1974,Ref 2,23.989,52712,29745526.0,7.7442273,2103176.2,391.2838593,IT=12;12 ,ii
1975,Ref 2,29.997,56876,27915972.0,7.7484127,1755265.2,391.2839499,IT=15;15 ,ii
1976,Ref 2,25.767,54824,31100868.0,7.7524584,2027793.2,391.2839876,IT=13;13 ,ii
1977,Ref 2,21.293,53020,34583348.0,7.7563689,2257573.5,391.283953,IT=11;11 ,ii
1979,Ref 2,27.047,58384,32064260.0,7.7605814,2062393.5,391.2840088,IT=14;14 ,ii
1980,Ref 2,30.421,56072,26965640.0,7.7647438,1810704.5,391.2840962,IT=15;15 ,ii
1981,Ref 2,21.566,51824,33027228.0,7.7687166,2293525.8,391.2837979,IT=11;11 ,ii
1982,Ref 2,24.358,52536,27729190.0,7.7728354,1815840.6,391.2838508,IT=12;12 ,ii
1983,Ref 2,25.401,52228,30432664.0,7.7767709,2123569.5,391.2839373,IT=13;13 ,ii
1984,Ref 2,24.207,54808,30572132.0,7.7808458,2195932.8,391.2838257,IT=12;12 ,ii
1985,Ref 2,22.900,53164,31560252.0,7.7849082,2082202.0,391.2838274,IT=11;11 ,ii
1986,Ref 2,29.574,59096,29776582.0,7.7890958,1913344.5,391.2840347,IT=15;15 ,ii
1988,Ref 2,20.225,49464,29306108.0,7.7932186,2013717.6,391.2839178,IT=10;10 ,ii
1989,Ref 2,18.046,45596,29475568.0,7.7972457,1973111.4,391.2837999,IT=9;9 ,ii
1990,Ref 2,22.532,52200,28282166.0,7.8013706,1896563.1,391.2838829,IT=11;11 ,ii
1991,Ref 2,21.039,50364,30965684.0,7.8054248,2026842.5,391.2838752,IT=11;11 ,ii
1992,Ref 2,22.760,53640,30332986.0,7.8093581,1980932.5,391.2838746,IT=11;11 ,ii
1993,Ref 2,27.613,55600,28439754.0,7.8135185,1829858.9,391.2838826,IT=14;14 ,ii
1994,Ref 2,34.554,64124,30905898.0,7.8177414,2005870.8,391.2840254,IT=17;17 ,ii
1995,Ref 2,18.221,48340,33071330.0,7.8216122,2264847.8,391.2837931,IT=9.1;9.1 ,ii
1996,Ref 2,20.741,50188,30423478.0,7.8255455,2025829.1,391.2837715,IT=10;10 ,ii
1997,Ref 2,25.460,54660,29938324.0,7.8296934,1935958.2,391.2838659,IT=13;13 ,ii
1998,Ref 2,23.842,55104,32331480.0,7.8337579,2164061.8,391.2837905,IT=12;12 ,ii
1999,Ref 2,33.511,61400,28968172.0,7.83801,1879010.6,391.2839635,IT=17;17 ,ii
2000,Ref 2,22.966,51872,30255826.0,7.84196,2104276.0,391.2838323,IT=11;11 ,ii
2001,Ref 2,16.059,46736,33087164.0,7.8459287,2240506.5,391.2838578,IT=8;8 ,ii
2002,Ref 2,24.224,52504,27473556.0,7.8501057,1794670.5,391.2838818,IT=12;12 ,ii
2003,Ref 2,22.283,53224,31091586.0,7.8541556,2075535.8,391.2838463,IT=11;11 ,ii
2004,Ref 2,15.349,46668,35093772.0,7.858114,2347857.8,391.2838679,IT=7.7;7.7 ,ii
2005,Ref 2,22.715,51432,29479454.0,7.8621078,1878217.1,391.2838875,IT=11;11 ,ii
2006,Ref 2,15.873,42260,28082232.0,7.8660723,2001247.0,391.2839021,IT=7.9;7.9 ,ii
2007,Ref 2,19.645,49924,33279816.0,7.8701785,2208573.5,391.2838652,IT=9.8;9.8 ,ii
2008,Ref 2,25.880,54512,30539332.0,7.874341,1910556.5,391.2839164,IT=13;13 ,ii
2009,Ref 2,30.083,60436,31342428.0,7.8785034,1979447.1,391.2839578,IT=15;15 ,ii
2010,Ref 2,21.264,51572,31329366.0,7.8824847,2185365.0,391.2838681,IT=11;11 ,ii
2011,Ref 2,24.800,55012,30009774.0,7.886618,1886136.5,391.2839093,IT=12;12 ,ii
2012,Ref 2,18.535,45792,27374844.0,7.8905993,1892203.1,391.2839091,IT=9.3;9.3 ,ii
2013,Ref 2,12.904,40100,33006170.0,7.8943929,2392397.8,391.2838826,IT=6.5;6.5 ,ii
2014,Ref 2,21.817,50908,31517704.0,7.8985179,2080600.6,391.2839026,IT=11;11 ,ii
2016,Ref 2,22.937,51060,28862502.0,7.9026637,1903081.6,391.2838382,IT=11;11 ,ii
2017,Ref 2,21.435,51328,29696414.0,7.90672,2145061.5,391.2838927,IT=11;11 ,ii
2018,Ref 2,22.972,49372,28341700.0,7.9106512,1840083.6,391.2838892,IT=11;11 ,ii
2019,Ref 2,21.051,51212,29654394.0,7.9147033,1937018.5,391.2838889,IT=11;11 ,ii
2020,Ref 2,27.663,56388,30504148.0,7.9188886,2082821.4,391.2840087,IT=14;14 ,ii
2021,Ref 2,20.947,52948,32855034.0,7.9228823,2159238.0,391.283774,IT=10;10 ,ii
2022,Ref 2,22.610,48476,26637068.0,7.9269927,1771345.4,391.2838806,IT=11;11 ,ii
2023,Ref 2,23.903,52428,29760842.0,7.9310906,2115825.8,391.2838776,IT=12;12 ,ii
2024,Ref 2,22.209,51080,29886290.0,7.9351406,1955422.9,391.28385,IT=11;11 ,ii
2025,Ref 2,24.933,53736,28963504.0,7.9392655,1919242.1,391.2837805,IT=12;12 ,ii
2026,Ref 2,24.271,54708,30856032.0,7.9433405,2077677.1,391.2839104,IT=12;12 ,ii
2027,Ref 2,19.392,48920,31968854.0,7.9471739,2174621.5,391.283893,IT=9.7;9.7 ,ii
2028,Ref 2,23.493,46924,25938152.0,7.9513092,1762600.5,391.2841047,IT=12;12 ,ii
2030,Ref 2,21.966,53228,31662866.0,7.9554383,2049958.2,391.283898,IT=11;11 ,ii
2031,Ref 2,21.751,54216,32091498.0,7.9595133,2131823.8,391.2838928,IT=11;11 ,ii
2032,Ref 2,18.088,47192,30676046.0,7.9635259,1969185.4,391.2839127,IT=9;9 ,ii
2033,Ref 2,26.689,56216,29518784.0,7.9677216,2025649.5,391.2839777,IT=13;13 ,ii
2034,Ref 2,16.875,43492,27452980.0,7.9716549,1886362.4,391.2839334,IT=8.4;8.4 ,ii
2035,Ref 2,29.721,56864,29364508.0,7.9759153,1947168.0,391.2839453,IT=15;15 ,ii
2036,Ref 2,24.576,54248,31806060.0,7.9797778,2131444.2,391.2838995,IT=12;12 ,ii
2037,Ref 2,21.118,52992,32381302.0,7.983807,2186377.2,391.2838875,IT=11;11 ,ii
2038,Ref 2,31.469,57904,27420498.0,7.9880444,1656209.9,391.2840702,IT=16;16 ,ii
2039,Ref 2,19.772,47800,27597172.0,7.9919757,1900334.0,391.2839254,IT=9.9;9.9 ,ii
2040,Ref 2,24.479,59312,35454776.0,7.9959589,2262033.5,391.2838475,IT=12;12 ,ii
2041,Ref 2,22.892,50208,27771430.0,8.0000214,1788283.8,391.2838771,IT=11;11 ,ii
2042,Ref 2,19.231,45952,27771680.0,8.004036,1806624.9,391.2839469,IT=9.6;9.6 ,ii
2043,Ref 2,17.288,46048,31531846.0,8.0080693,2085646.0,391.2839826,IT=8.6;8.6 ,ii
2044,Ref 2,29.797,56884,29511756.0,8.0121588,1865043.6,391.2840494,IT=15;15 ,ii
2045,Ref 2,23.938,57036,33310818.0,8.0161859,2251608.2,391.28395,IT=12;12 ,ii
2046,Ref 2,21.885,51424,31163634.0,8.0202379,2155113.5,391.2839225,IT=11;11 ,ii
2047,Ref 2,33.507,63964,31395406.0,8.024515,1923460.5,391.2841122,IT=17;17 ,ii
2049,Ref 2,25.333,56448,33119458.0,8.0288837,2192692.5,391.2839023,IT=13;13 ,ii
2050,Ref 2,20.919,49644,31164274.0,8.0327442,2213522.0,391.283809,IT=10;10 ,ii
2051,Ref 2,22.433,47916,27266298.0,8.0368399,1899527.2,391.283877,IT=11;11 ,ii
2052,Ref 2,17.120,46708,29848692.0,8.0408315,1968911.8,391.2838859,IT=8.6;8.6 ,ii
2053,Ref 2,22.906,55256,33559816.0,8.044969,2270145.8,391.2839041,IT=11;11 ,ii
2054,Ref 2,17.727,48752,35607020.0,8.0487919,2429202.0,391.2839308,IT=8.9;8.9 ,ii
2057,Ref 2,22.635,52796,32733272.0,8.0547814,2239005.5,391.2838343,IT=11;11 ,ii
2058,Ref 2,16.451,45040,33067092.0,8.0587585,2462914.2,391.2839986,IT=8.2;8.2 ,ii
2060,Ref 2,25.688,54584,30787862.0,8.0629481,1936371.4,391.2839832,IT=13;13 ,ii
2062,Ref 2,20.856,49032,32728020.0,8.0672836,2216207.5,391.2839195,IT=10;10 ,ii
2064,Ref 2,20.284,48676,29571146.0,8.0716064,2135713.5,391.283879,IT=10;10 ,ii
2065,Ref 2,16.009,44504,31321664.0,8.0754376,2078454.1,391.2838261,IT=8;8 ,ii
2066,Ref 2,43.899,62860,27085678.0,8.079948,1793639.1,391.284094,IT=22;22 ,ii
2067,Ref 2,21.198,51900,32010610.0,8.0837396,2208828.8,391.2838676,IT=11;11 ,ii
2068,Ref 2,19.175,45252,28074684.0,8.087777,1869583.5,391.2839181,IT=9.6;9.6 ,ii
2069,Ref 2,22.566,54404,31339464.0,8.0918937,2133407.8,391.2838468,IT=11;11 ,ii
2070,Ref 2,21.391,50640,29951438.0,8.0959499,2163724.0,391.2839064,IT=11;11 ,ii
2071,Ref 2,17.710,48076,32982888.0,8.0999603,2147318.2,391.2838751,IT=8.9;8.9 ,ii
2072,Ref 2,22.478,53044,31091632.0,8.1040895,2020646.8,391.2838397,IT=11;11 ,ii
2073,Ref 2,20.047,47204,29330822.0,8.1079561,2112784.2,391.2838733,IT=10;10 ,ii
2074,Ref 2,17.976,46956,32830530.0,8.1119894,2168273.2,391.283841,IT=9;9 ,ii
2075,Ref 2,31.691,58796,30448250.0,8.1162685,1969626.2,391.2839582,IT=16;16 ,ii
2076,Ref 2,22.938,52672,30762374.0,8.1202519,2042134.1,391.2838423,IT=11;11 ,ii
2077,Ref 2,24.273,53844,30124182.0,8.1242143,1936711.9,391.2838605,IT=12;12 ,ii
2078,Ref 2,29.516,56736,27630906.0,8.1283893,1780158.9,391.2839768,IT=15;15 ,ii
2079,Ref 2,25.340,55436,30439466.0,8.1324434,2071727.8,391.283903,IT=13;13 ,ii
2080,Ref 2,28.362,58612,31414256.0,8.1365934,2054988.0,391.2839428,IT=14;14 ,ii
2081,Ref 2,23.237,53656,31214792.0,8.1406204,1993325.5,391.283904,IT=12;12 ,ii
2082,Ref 2,21.882,50788,30626480.0,8.1445079,2208921.5,391.2839169,IT=11;11 ,ii
2083,Ref 2,20.395,50388,31410544.0,8.1485683,2096315.8,391.2838166,IT=10;10 ,ii
2084,Ref 2,25.196,51400,28506602.0,8.1527121,1800156.2,391.2838123,IT=13;13 ,ii
2085,Ref 2,26.547,58692,33931132.0,8.1568245,2216230.5,391.2839899,IT=13;13 ,ii
2086,Ref 2,17.163,49088,33420752.0,8.1606038,2256150.0,391.2839844,IT=8.6;8.6 ,ii
2089,Ref 2,19.221,47172,29439166.0,8.1665453,1891300.4,391.2839315,IT=9.6;9.6 ,ii
2090,Ref 2,23.888,52668,28434878.0,8.170689,2014705.0,391.283945,IT=12;12 ,ii
2091,Ref 2,18.977,48044,32532466.0,8.1746973,2235526.5,391.2838862,IT=9.5;9.5 ,ii
2092,Ref 2,22.695,52316,29590268.0,8.1788327,1932363.1,391.283775,IT=11;11 ,ii
2093,Ref 2,19.742,48088,29790998.0,8.1827118,2132583.8,391.283948,IT=9.9;9.9 ,ii
2094,Ref 2,21.147,52764,30083428.0,8.1868222,2094105.1,391.2838599,IT=11;11 ,ii
2095,Ref 2,23.733,51244,28809212.0,8.1909451,1913973.8,391.2838244,IT=12;12 ,ii
2096,Ref 2,21.648,51676,29693126.0,8.1950138,2010968.9,391.2837874,IT=11;11 ,ii
2097,Ref 2,22.280,50780,30754818.0,8.1989409,2075248.0,391.2839131,IT=11;11 ,ii
2098,Ref 2,21.070,50808,30358332.0,8.2030075,1984116.1,391.2838271,IT=11;11 ,ii
2099,Ref 2,24.437,53140,28624482.0,8.207145,1949452.9,391.2839123,IT=12;12 ,ii
2100,Ref 2,25.065,53644,31599144.0,8.2112513,2168025.8,391.2838243,IT=13;13 ,ii
2101,Ref 2,15.953,43764,29708026.0,8.2151991,1984119.1,391.283822,IT=8;8 ,ii
2102,Ref 2,24.342,50140,29473098.0,8.2192179,2035002.9,391.283912,IT=12;12 ,ii
2103,Ref 2,19.719,51308,32326848.0,8.2232366,2176041.8,391.2837999,IT=9.9;9.9 ,ii
2104,Ref 2,20.274,51440,29897442.0,8.2273199,1944415.2,391.2839648,IT=10;10 ,ii
2106,Ref 2,18.633,46836,30446610.0,8.2315491,2212601.0,391.2837911,IT=9.3;9.3 ,ii
2107,Ref 2,14.490,42128,31586818.0,8.2353824,2372948.0,391.2838549,IT=7.2;7.2 ,ii
2108,Ref 2,26.733,55964,30477244.0,8.2396011,1936340.5,391.2840569,IT=13;13 ,ii
2110,Ref 2,24.477,56348,31359972.0,8.2439302,2101722.5,391.2840031,IT=12;12 ,ii
2111,Ref 2,18.916,47500,31604572.0,8.2479344,2261977.2,391.2838401,IT=9.5;9.5 ,ii
2112,Ref 2,25.372,55128,32018802.0,8.2519384,2074226.6,391.2839514,IT=13;13 ,ii
2113,Ref 2,18.674,48116,29243426.0,8.2559342,2009244.1,391.2839406,IT=9.3;9.3 ,ii
2114,Ref 2,19.130,49048,30976790.0,8.2600071,2278691.2,391.2839931,IT=9.6;9.6 ,ii
2116,Ref 2,19.135,46784,28748496.0,8.2642509,1941071.5,391.2839234,IT=9.6;9.6 ,ii
2117,Ref 2,28.259,58704,30421862.0,8.2683008,1909674.0,391.2839775,IT=14;14 ,ii
2118,Ref 2,23.743,54580,32806904.0,8.2723362,2179909.5,391.2840023,IT=12;12 ,ii
2119,Ref 2,23.709,53080,30384314.0,8.2764175,2001331.9,391.2840155,IT=12;12 ,ii
2120,Ref 2,29.054,57320,29840302.0,8.2805862,1973167.4,391.2840017,IT=15;15 ,ii
2121,Ref 2,31.985,60376,29078522.0,8.2845778,1952715.2,391.2839919,IT=16;16 ,ii
2122,Ref 2,19.339,49848,30800098.0,8.2883278,2075668.2,391.2838301,IT=9.7;9.7 ,ii
2123,Ref 2,30.012,58980,28537154.0,8.2925695,1850965.9,391.2840115,IT=15;15 ,ii
2125,Ref 2,21.893,53128,31965770.0,8.2967174,2060849.6,391.2838253,IT=11;11 ,ii
2126,Ref 2,21.407,54452,32093588.0,8.3007861,2088534.5,391.2838269,IT=11;11 ,ii
2127,Ref 2,24.165,52180,28504192.0,8.304734,1834122.6,391.2838614,IT=12;12 ,ii
2128,Ref 2,26.469,55552,29936046.0,8.308861,2097552.0,391.2839375,IT=13;13 ,ii
2129,Ref 2,17.401,45712,30644792.0,8.3128067,2139665.5,391.2838369,IT=8.7;8.7 ,ii
2130,Ref 2,32.279,58496,29171540.0,8.3171068,1909971.9,391.2839435,IT=16;16 ,ii
2131,Ref 2,21.040,48920,30776188.0,8.3208735,2250822.2,391.2837916,IT=11;11 ,ii
2132,Ref 2,19.640,49504,30710118.0,8.3249234,2116645.8,391.2838247,IT=9.8;9.8 ,ii
2133,Ref 2,18.285,46400,28248864.0,8.3289629,1818722.0,391.2838773,IT=9.1;9.1 ,ii
2134,Ref 2,20.835,49728,31921706.0,8.3330609,2206889.5,391.2839675,IT=10;10 ,ii
2135,Ref 2,15.921,46060,31698204.0,8.3368775,2196935.0,391.2839557,IT=8;8 ,ii
2136,Ref 2,13.859,38912,29231904.0,8.3408879,2021859.0,391.2840238,IT=6.9;6.9 ,ii
2137,Ref 2,16.951,46872,30446400.0,8.3449378,2090407.4,391.2839247,IT=8.5;8.5 ,ii
2138,Ref 2,23.530,52964,32030014.0,8.3490899,2207305.0,391.2839495,IT=12;12 ,ii
2139,Ref 2,22.537,49944,26848018.0,8.3529857,1720768.0,391.2838966,IT=11;11 ,ii
2140,Ref 2,18.917,44532,26774336.0,8.3570024,1841990.6,391.2840111,IT=9.5;9.5 ,ii
2141,Ref 2,20.898,52432,32890318.0,8.3610939,2281946.2,391.2838579,IT=10;10 ,ii
2142,Ref 2,25.960,53908,28960564.0,8.365244,1895048.4,391.2838615,IT=13;13 ,ii
2143,Ref 2,23.030,52428,27622844.0,8.3691231,1902543.1,391.2838234,IT=12;12 ,ii
2144,Ref 2,38.041,64084,30517672.0,8.3734586,2013347.1,391.2840364,IT=19;19 ,ii
2145,Ref 2,18.783,48976,31846448.0,8.3772959,2086615.6,391.2838146,IT=9.4;9.4 ,ii
2146,Ref 2,19.413,43488,25119414.0,8.3813647,1719904.6,391.283909,IT=9.7;9.7 ,ii
2147,Ref 2,28.692,58464,30601570.0,8.3854147,2048398.0,391.2839504,IT=14;14 ,ii
2148,Ref 2,26.049,57808,31087966.0,8.3894876,1995788.6,391.2838708,IT=13;13 ,ii
2149,Ref 2,24.367,52360,25995928.0,8.3935604,1710921.2,391.2838613,IT=12;12 ,ii
2150,Ref 2,17.134,47536,31358448.0,8.397525,2211307.0,391.28387,IT=8.6;8.6 ,ii
2151,Ref 2,25.475,55192,31137706.0,8.4015416,2081138.5,391.284048,IT=13;13 ,ii
2153,Ref 2,21.850,50052,28176324.0,8.4056708,1832402.9,391.2838252,IT=11;11 ,ii
2154,Ref 2,32.535,58820,28767392.0,8.409927,1866495.5,391.2840237,IT=16;16 ,ii
2155,Ref 2,19.586,48120,28096170.0,8.4138416,1975730.9,391.2839238,IT=9.8;9.8 ,ii
2156,Ref 2,28.366,55508,27868728.0,8.4180561,1821937.0,391.2840324,IT=14;14 ,ii
2157,Ref 2,19.289,46480,28645152.0,8.4218477,2029385.9,391.2838603,IT=9.6;9.6 ,ii
2158,Ref 2,25.138,55328,29815214.0,8.4260165,2039438.4,391.2839385,IT=13;13 ,ii
2159,Ref 2,16.377,43092,26486690.0,8.4299582,1770808.8,391.2839225,IT=8.2;8.2 ,ii
2160,Ref 2,25.692,52844,29826726.0,8.4341518,2039418.0,391.2839081,IT=13;13 ,ii
2161,Ref 2,29.761,60224,31289488.0,8.4381456,2092148.2,391.2839809,IT=15;15 ,ii
2162,Ref 2,19.635,47356,28956818.0,8.4420976,1994230.8,391.2838521,IT=9.8;9.8 ,ii
2163,Ref 2,16.916,48324,31849386.0,8.4461205,2009938.1,391.283864,IT=8.5;8.5 ,ii
2164,Ref 2,21.208,49860,29743508.0,8.4502372,2125603.0,391.2837958,IT=11;11 ,ii
2165,Ref 2,24.210,55544,30731650.0,8.4541893,1885194.5,391.2838524,IT=12;12 ,ii
2166,Ref 2,22.530,52268,30781838.0,8.4582496,2026994.1,391.2839581,IT=11;11 ,ii
2168,Ref 2,21.742,50632,32841562.0,8.4623954,2244699.2,391.2838272,IT=11;11 ,ii
2169,Ref 2,20.441,51268,34901856.0,8.4664495,2395789.8,391.2837545,IT=10;10 ,ii
2170,Ref 2,25.966,53712,28294668.0,8.470437,1897618.5,391.2838503,IT=13;13 ,ii
2171,Ref 2,29.961,60184,31960712.0,8.4745995,2154485.2,391.2839151,IT=15;15 ,ii
2172,Ref 2,18.938,45668,27881446.0,8.4785369,1885636.5,391.2838804,IT=9.5;9.5 ,ii
2173,Ref 2,23.069,53044,31196872.0,8.4826703,2078963.8,391.2838446,IT=12;12 ,ii
2174,Ref 2,23.852,54668,30387662.0,8.4865931,2070503.8,391.283869,IT=12;12 ,ii
2175,Ref 2,20.913,52036,31491548.0,8.4906348,2096723.5,391.2838195,IT=10;10 ,ii
2176,Ref 2,22.049,52912,33566600.0,8.494716,2231640.5,391.2838619,IT=11;11 ,ii
2177,Ref 2,27.137,52644,27453910.0,8.4988723,1917160.9,391.2839574,IT=14;14 ,ii
2178,Ref 2,18.230,48092,29760514.0,8.5026618,1966448.8,391.283996,IT=9.1;9.1 ,ii
2179,Ref 2,23.592,52576,26116194.0,8.5068097,1670924.9,391.2838968,IT=12;12 ,ii
2180,Ref 2,20.609,50144,30039994.0,8.5108493,2049558.6,391.2837643,IT=10;10 ,ii
2181,Ref 2,23.450,55132,31586726.0,8.5149659,2129498.5,391.2837827,IT=12;12 ,ii
2182,Ref 2,24.726,55084,30012756.0,8.518895,2031996.0,391.2837847,IT=12;12 ,ii
2183,Ref 2,19.404,46028,26153682.0,8.5228992,1792686.0,391.2838955,IT=9.7;9.7 ,ii
2184,Ref 2,21.827,53176,30689268.0,8.5269971,2018182.5,391.2838964,IT=11;11 ,ii
2186,Ref 2,20.358,52260,34808844.0,8.5312637,2357892.0,391.2837449,IT=10;10 ,ii
2187,Ref 2,14.660,40592,32232336.0,8.5352387,2535407.5,391.2838572,IT=7.3;7.3 ,ii
2188,Ref 2,20.219,51836,31651820.0,8.539347,2212591.5,391.2838335,IT=10;10 ,ii
2189,Ref 2,30.690,58608,29477160.0,8.5435886,1881604.9,391.2839552,IT=15;15 ,ii
2190,Ref 2,20.238,50176,30982286.0,8.5475365,2064621.5,391.2838689,IT=10;10 ,ii
2191,Ref 2,22.435,53184,31146544.0,8.5516449,2184825.8,391.2839229,IT=11;11 ,ii
2193,Ref 2,21.436,52584,32539866.0,8.5557885,2182607.2,391.28386,IT=11;11 ,ii
2195,Ref 2,20.396,51380,30070942.0,8.5599344,1987039.6,391.2837951,IT=10;10 ,ii
2196,Ref 2,13.439,35516,24055498.0,8.5638864,1806583.0,391.2840419,IT=6.7;6.7 ,ii
2198,Ref 2,22.425,52340,30315040.0,8.5681864,2039463.8,391.2837212,IT=11;11 ,ii
2199,Ref 2,25.383,55280,29592804.0,8.5721467,2013573.9,391.2836705,IT=13;13 ,ii
2201,Ref 2,15.071,43940,32953916.0,8.5761655,2344205.0,391.2839155,IT=7.5;7.5 ,ii
2202,Ref 2,29.016,56428,27092578.0,8.5804342,1747072.6,391.2838552,IT=15;15 ,ii
2203,Ref 2,22.491,51376,29039908.0,8.5844384,2033401.8,391.283803,IT=11;11 ,ii
2204,Ref 2,20.514,51228,33520084.0,8.5883175,2277113.8,391.2836468,IT=10;10 ,ii
2205,Ref 2,34.634,60872,27775306.0,8.5926279,1752141.2,391.2837095,IT=17;17 ,ii
2206,Ref 2,23.422,55372,31435916.0,8.596582,2212746.5,391.2837998,IT=12;12 ,ii
2207,Ref 2,22.380,53016,31543886.0,8.6006528,2279820.8,391.2837524,IT=11;11 ,ii
2208,Ref 2,28.846,58060,29456962.0,8.6048319,1823943.6,391.2838674,IT=14;14 ,ii
2209,Ref 2,21.049,50100,29979010.0,8.6086528,2143427.0,391.2837658,IT=11;11 ,ii
2210,Ref 2,26.005,53332,29122986.0,8.6128027,2091653.6,391.2838957,IT=13;13 ,ii
2211,Ref 2,22.868,52988,31025500.0,8.6168422,1980682.4,391.283903,IT=11;11 ,ii
2212,Ref 2,24.493,52476,26900874.0,8.6209464,1808335.1,391.283875,IT=12;12 ,ii
2213,Ref 2,14.480,43964,31794010.0,8.6247006,2264614.5,391.2838988,IT=7.2;7.2 ,ii
2214,Ref 2,29.719,58980,30244038.0,8.6289693,1933927.8,391.2838909,IT=15;15 ,ii
2215,Ref 2,20.646,47816,27327398.0,8.6329442,1865441.1,391.2839009,IT=10;10 ,ii
2216,Ref 2,18.586,50836,32382664.0,8.6369776,2185543.5,391.2838875,IT=9.3;9.3 ,ii
2217,Ref 2,18.507,47836,31864560.0,8.640863,2208081.8,391.2838014,IT=9.3;9.3 ,ii
2218,Ref 2,27.199,56836,28789936.0,8.6450651,1885802.2,391.2838655,IT=14;14 ,ii
2219,Ref 2,19.849,50572,31853242.0,8.6490441,2194236.8,391.2838518,IT=9.9;9.9 ,ii
2220,Ref 2,20.534,50132,31523396.0,8.6531275,2190867.2,391.283845,IT=10;10 ,ii
2221,Ref 2,18.760,48912,29944184.0,8.6569982,2022098.5,391.2838235,IT=9.4;9.4 ,ii
2222,Ref 2,17.169,45892,31500426.0,8.6610316,2217623.8,391.2838122,IT=8.6;8.6 ,ii
2223,Ref 2,20.952,50076,30014502.0,8.6651399,2042070.8,391.2838616,IT=10;10 ,ii
2225,Ref 2,27.442,57500,29624354.0,8.6695482,1953241.6,391.2838224,IT=14;14 ,ii
2226,Ref 2,25.759,55124,29663252.0,8.6734586,2067713.4,391.283854,IT=13;13 ,ii
2227,Ref 2,26.548,57528,31327458.0,8.677567,2157198.8,391.2838266,IT=13;13 ,ii
2228,Ref 2,25.578,53404,27967776.0,8.681646,1779283.0,391.2838699,IT=13;13 ,ii
2229,Ref 2,21.052,52728,30029776.0,8.6856669,2009516.4,391.2837246,IT=11;11 ,ii
2230,Ref 2,25.421,55312,32347626.0,8.6896439,2223017.2,391.2838047,IT=13;13 ,ii
2231,Ref 2,22.176,52204,32147474.0,8.6936835,2177241.5,391.2838399,IT=11;11 ,ii
2232,Ref 2,25.884,52564,28429528.0,8.6978188,1870540.6,391.2838658,IT=13;13 ,ii
2233,Ref 2,22.413,52904,28907068.0,8.7018522,1940875.5,391.2838086,IT=11;11 ,ii
2234,Ref 2,30.095,54972,24804412.0,8.7060604,1643674.0,391.2839293,IT=15;15 ,ii
2235,Ref 2,19.241,45776,26251316.0,8.7100021,1896124.9,391.2837852,IT=9.6;9.6 ,ii
2236,Ref 2,20.099,50876,31824784.0,8.714075,2213065.2,391.2836844,IT=10;10 ,ii
2237,Ref 2,20.817,50116,29654958.0,8.7181479,1943002.2,391.2838129,IT=10;10 ,ii
2239,Ref 2,21.210,51612,29150358.0,8.7224499,1988388.4,391.2836644,IT=11;11 ,ii
2240,Ref 2,24.250,56008,31026324.0,8.7264103,2058073.8,391.2837782,IT=12;12 ,ii
2241,Ref 2,21.852,50524,30247298.0,8.7304582,1995535.4,391.283733,IT=11;11 ,ii
2242,Ref 2,21.262,49932,27993474.0,8.7345186,1917798.8,391.2838175,IT=11;11 ,ii
2243,Ref 2,25.502,55840,31297554.0,8.7386582,2249521.5,391.2838233,IT=13;13 ,ii
2244,Ref 2,21.386,50928,32034602.0,8.7425122,2136597.0,391.2838876,IT=11;11 ,ii
2246,Ref 2,23.571,54972,30614890.0,8.7466894,1992617.4,391.2838076,IT=12;12 ,ii
2247,Ref 2,23.891,53444,31565694.0,8.7507747,2160359.5,391.2838094,IT=12;12 ,ii
2248,Ref 2,18.608,48872,32403264.0,8.7547705,2153043.0,391.2838113,IT=9.3;9.3 ,ii
2249,Ref 2,24.767,52864,28553976.0,8.758933,1888933.1,391.2837827,IT=12;12 ,ii
2250,Ref 2,16.387,47764,33817244.0,8.7628851,2421627.0,391.2839025,IT=8.2;8.2 ,ii
2252,Ref 2,17.787,49444,32793920.0,8.766935,2228156.2,391.283754,IT=8.9;8.9 ,ii
2253,Ref 2,19.340,49836,30348700.0,8.7710163,2063605.8,391.283739,IT=9.7;9.7 ,ii
2254,Ref 2,34.951,61748,29284500.0,8.7751704,1972541.2,391.284023,IT=17;17 ,ii
2255,Ref 2,20.177,49788,31934376.0,8.7790683,2260437.8,391.2838098,IT=10;10 ,ii
2256,Ref 2,22.952,51908,28766094.0,8.7831912,1854358.6,391.2838319,IT=11;11 ,ii
2257,Ref 2,20.663,50568,31029534.0,8.7872308,2190273.5,391.283833,IT=10;10 ,ii
2258,Ref 2,28.178,60660,32652994.0,8.7914245,2298844.5,391.2839359,IT=14;14 ,ii
2259,Ref 2,19.237,49712,31539714.0,8.7953787,2172272.5,391.2838983,IT=9.6;9.6 ,ii
2261,Ref 2,22.243,52396,31276124.0,8.7995119,2037125.1,391.2839481,IT=11;11 ,ii
2262,Ref 2,24.627,53196,31186864.0,8.8036327,2053767.4,391.2839937,IT=12;12 ,ii
2264,Ref 2,23.693,53884,29558470.0,8.8079765,1909259.6,391.2837885,IT=12;12 ,ii
2265,Ref 2,19.180,48780,29826040.0,8.8118201,2014246.4,391.2838193,IT=9.6;9.6 ,ii
2266,Ref 2,19.598,49620,30145262.0,8.8158868,2166965.8,391.2838017,IT=9.8;9.8 ,ii
2267,Ref 2,28.843,57480,29074502.0,8.8201055,1851576.6,391.2840229,IT=14;14 ,ii
2268,Ref 2,23.256,52180,27518668.0,8.8241243,1867215.1,391.2838836,IT=12;12 ,ii
2269,Ref 2,22.146,56620,36340144.0,8.8280263,2409152.5,391.2837605,IT=11;11 ,ii
2270,Ref 2,22.661,53800,31271950.0,8.8321096,2038014.4,391.2837791,IT=11;11 ,ii
2271,Ref 2,34.553,60372,28729450.0,8.8363846,1841007.2,391.2839567,IT=17;17 ,ii
2272,Ref 2,24.062,56420,35103464.0,8.8403492,2467119.2,391.2837597,IT=12;12 ,ii
2273,Ref 2,34.028,62564,29980742.0,8.8444366,1896777.0,391.2839084,IT=17;17 ,ii
2274,Ref 2,30.049,61052,30726324.0,8.8485095,1982572.9,391.2838901,IT=15;15 ,ii
2275,Ref 2,19.058,48484,31985990.0,8.852449,2220946.5,391.2838153,IT=9.5;9.5 ,ii
2276,Ref 2,22.282,53432,31115982.0,8.8565699,2009490.2,391.2838335,IT=11;11 ,ii
2277,Ref 2,18.125,47388,27287856.0,8.860574,1831270.8,391.2838572,IT=9.1;9.1 ,ii
2278,Ref 2,24.281,55052,30817598.0,8.8645594,2113649.8,391.283762,IT=12;12 ,ii
2279,Ref 2,19.845,51388,34721592.0,8.8685719,2306719.8,391.2836804,IT=9.9;9.9 ,ii
2280,Ref 2,20.880,52248,31620094.0,8.8726573,2187026.0,391.2837395,IT=10;10 ,ii
2281,Ref 2,33.767,62012,29110624.0,8.8769426,1909014.5,391.2838865,IT=17;17 ,ii
2282,Ref 2,20.754,48648,29389846.0,8.880701,2066988.0,391.2837831,IT=10;10 ,ii
2283,Ref 2,22.405,51824,27748376.0,8.8847884,1806459.0,391.2837614,IT=11;11 ,ii
2284,Ref 2,24.437,55944,30844834.0,8.8888946,2142053.0,391.2837825,IT=12;12 ,ii
2285,Ref 2,23.878,53672,32696530.0,8.8929717,2300678.0,391.2838,IT=12;12 ,ii
2286,Ref 2,25.255,54732,29314768.0,8.8969072,1875068.0,391.2837774,IT=13;13 ,ii
2287,Ref 2,27.479,58024,29976150.0,8.9010404,1920357.1,391.2838462,IT=14;14 ,ii
2288,Ref 2,19.090,51712,32866172.0,8.9050049,2259470.0,391.2837568,IT=9.5;9.5 ,ii
2289,Ref 2,14.543,41392,28226242.0,8.9089883,1820897.2,391.2839955,IT=7.3;7.3 ,ii
2292,Ref 2,22.479,48324,26361220.0,8.9147112,1833856.0,391.2838894,IT=11;11 ,ii
2293,Ref 2,22.937,50504,29890516.0,8.9186382,2039499.9,391.2838121,IT=11;11 ,ii
2294,Ref 2,21.648,51804,29668288.0,8.9227069,1997536.9,391.2837934,IT=11;11 ,ii
2295,Ref 2,26.001,57700,30333772.0,8.9268631,1996151.5,391.2838528,IT=13;13 ,ii
2296,Ref 2,20.591,50068,29837986.0,8.9308756,2102476.8,391.2838575,IT=10;10 ,ii
2297,Ref 2,34.357,61076,27411486.0,8.9350235,1719956.1,391.2840518,IT=17;17 ,ii
2298,Ref 2,27.456,57596,30289056.0,8.9390589,2039034.5,391.2840209,IT=14;14 ,ii
2299,Ref 2,24.019,55480,33803272.0,8.9431193,2267576.0,391.2838642,IT=12;12 ,ii
2300,Ref 2,28.830,60200,29247652.0,8.9472964,1831021.2,391.2840001,IT=14;14 ,ii
2302,Ref 2,22.455,51184,30186372.0,8.9515922,1997672.6,391.2838853,IT=11;11 ,ii
2303,Ref 2,20.911,50748,32601506.0,8.9554901,2142521.2,391.2838386,IT=10;10 ,ii
2304,Ref 2,23.734,54116,31404278.0,8.9596213,2035614.1,391.2840295,IT=12;12 ,ii
2307,Ref 2,24.070,54652,28692008.0,8.96539,1848810.8,391.2839097,IT=12;12 ,ii
2308,Ref 2,26.279,56924,30633324.0,8.9695129,2019829.9,391.2838674,IT=13;13 ,ii
2309,Ref 2,26.103,53532,28468256.0,8.9736087,1830072.0,391.2839127,IT=13;13 ,ii
2310,Ref 2,25.289,54296,28420418.0,8.9775232,1872749.8,391.2839593,IT=13;13 ,ii
2311,Ref 2,15.035,44932,32714238.0,8.9814462,2202240.0,391.2838984,IT=7.5;7.5 ,ii
2312,Ref 2,39.357,64492,26864262.0,8.9858794,1640225.6,391.2840154,IT=20;20 ,ii
2313,Ref 2,22.265,52480,29422966.0,8.9897628,1983749.4,391.2838342,IT=11;11 ,ii
2314,Ref 2,19.184,49556,31386966.0,8.9936252,2120872.2,391.2838522,IT=9.6;9.6 ,ii
2315,Ref 2,36.679,64320,28824020.0,8.9979835,1791087.6,391.2840501,IT=18;18 ,ii
2316,Ref 2,28.427,57224,28697834.0,9.0019939,1883672.4,391.2840158,IT=14;14 ,ii
2317,Ref 2,30.529,62500,31396090.0,9.0061481,2105737.0,391.2839469,IT=15;15 ,ii
2318,Ref 2,26.667,57728,31275766.0,9.010223,2016980.0,391.2839378,IT=13;13 ,ii
2319,Ref 2,16.374,48348,36022640.0,9.0140001,2440225.8,391.2838188,IT=8.2;8.2 ,ii
2320,Ref 2,19.125,49952,33620496.0,9.0180834,2360175.8,391.2838394,IT=9.6;9.6 ,ii
2321,Ref 2,20.737,53572,33359350.0,9.0221792,2143471.8,391.2838429,IT=10;10 ,ii
2322,Ref 2,25.894,55128,29214590.0,9.0263416,2073827.8,391.284041,IT=13;13 ,ii
2323,Ref 2,17.531,46872,31263268.0,9.0301271,2258882.5,391.2840865,IT=8.8;8.8 ,ii
2324,Ref 2,20.161,48284,29713516.0,9.034227,1962948.2,391.2839561,IT=10;10 ,ii
2325,Ref 2,28.833,57444,29125336.0,9.0384519,1923964.2,391.2841775,IT=14;14 ,ii
2327,Ref 2,20.050,51044,32023032.0,9.0427082,2229409.8,391.2839288,IT=10;10 ,ii
2328,Ref 2,21.430,53476,32566130.0,9.046656,2207494.2,391.2838091,IT=11;11 ,ii
2329,Ref 2,23.317,55192,32203046.0,9.0507665,2123421.0,391.2838463,IT=12;12 ,ii
2330,Ref 2,22.498,55232,34148152.0,9.0548414,2261312.0,391.2838525,IT=11;11 ,ii
2331,Ref 2,26.051,56256,31634316.0,9.0589915,2126364.8,391.2840062,IT=13;13 ,ii
2333,Ref 2,28.579,54824,25914126.0,9.0632226,1635342.9,391.2839789,IT=14;14 ,ii
2334,Ref 2,23.718,54736,30990474.0,9.0672518,2073951.4,391.2840493,IT=12;12 ,ii
2336,Ref 2,19.873,49368,29882626.0,9.0713726,2047486.5,391.2839289,IT=9.9;9.9 ,ii
2337,Ref 2,36.388,64292,29297156.0,9.0757079,1841183.9,391.2840386,IT=18;18 ,ii
2339,Ref 2,20.370,52320,32088172.0,9.0799955,2250379.8,391.2837935,IT=10;10 ,ii
2340,Ref 2,18.313,50296,36272764.0,9.0838641,2301758.5,391.2837967,IT=9.2;9.2 ,ii
2341,Ref 2,31.040,61280,29988190.0,9.088135,1793359.9,391.2839436,IT=16;16 ,ii
2342,Ref 2,21.182,51516,31948604.0,9.0921787,2159916.2,391.2837155,IT=11;11 ,ii
2343,Ref 2,21.430,54320,34572776.0,9.0962662,2170031.2,391.2837366,IT=11;11 ,ii
2344,Ref 2,22.889,48156,26048856.0,9.1001953,1599679.4,391.2838013,IT=11;11 ,ii
2345,Ref 2,15.970,48680,36186748.0,9.1041683,2461894.0,391.2837103,IT=8;8 ,ii
2346,Ref 2,22.315,54256,31149426.0,9.1083098,2021743.1,391.2839617,IT=11;11 ,ii
2348,Ref 2,23.959,57652,32332992.0,9.1126411,2094524.9,391.283838,IT=12;12 ,ii
2349,Ref 2,20.486,50776,34482148.0,9.1166806,2320607.0,391.2837927,IT=10;10 ,ii
2350,Ref 2,21.356,50324,29298804.0,9.1206036,1955878.6,391.2838117,IT=11;11 ,ii
2351,Ref 2,22.565,51392,29954114.0,9.1246952,1853721.8,391.2838391,IT=11;11 ,ii
2352,Ref 2,17.908,46776,29424234.0,9.1287118,1862054.2,391.2837991,IT=9;9 ,ii
2353,Ref 2,13.130,42196,33698376.0,9.1326888,2327748.8,391.2838626,IT=6.6;6.6 ,ii
2354,Ref 2,39.534,65344,28542842.0,9.1369472,1723928.6,391.2840557,IT=20;20 ,ii
2355,Ref 2,18.142,49572,34979080.0,9.1407576,2174307.0,391.2838814,IT=9.1;9.1 ,ii
2356,Ref 2,16.646,46896,32569482.0,9.1447867,2057362.1,391.2839154,IT=8.3;8.3 ,ii
2357,Ref 2,32.351,61580,30227256.0,9.149095,1802552.9,391.2838972,IT=16;16 ,ii
2358,Ref 2,20.948,54252,35338200.0,9.1528638,2182558.2,391.2839218,IT=10;10 ,ii
2359,Ref 2,13.323,43656,35451692.0,9.1568137,2423726.0,391.2839397,IT=6.7;6.7 ,ii
2360,Ref 2,11.383,38172,30684262.0,9.16077,1911637.6,391.2839569,IT=5.7;5.7 ,ii
2361,Ref 2,12.545,42940,37181348.0,9.1647303,2644322.2,391.2839218,IT=6.3;6.3 ,ii
2362,Ref 2,18.747,51192,33854936.0,9.1686387,2155492.8,391.2840175,IT=9.4;9.4 ,ii
2364,Ref 2,19.247,50984,34590244.0,9.1727386,2140034.5,391.2838729,IT=9.6;9.6 ,ii
2365,Ref 2,17.572,49164,34165092.0,9.1767761,2178405.0,391.2837599,IT=8.8;8.8 ,ii
2366,Ref 2,17.922,49388,31821042.0,9.1808281,2168124.2,391.2838636,IT=9;9 ,ii
2367,Ref 2,25.628,55644,31389038.0,9.1848406,1847011.1,391.2839857,IT=13;13 ,ii
2368,Ref 2,20.234,53828,35632792.0,9.1888447,2173857.5,391.2838586,IT=10;10 ,ii
2369,Ref 2,21.605,54380,33909196.0,9.1929363,2142421.0,391.2838411,IT=11;11 ,ii
2370,Ref 2,14.744,52824,43242080.0,9.1968947,2584138.0,391.2837533,IT=7.4;7.4 ,ii
2371,Ref 2,27.097,54912,31483768.0,9.200953,1947297.0,391.2840595,IT=14;14 ,ii
2372,Ref 2,21.078,57344,37618588.0,9.204953,2266731.0,391.2838256,IT=11;11 ,ii
2373,Ref 2,16.549,47836,33194488.0,9.208957,2174937.5,391.2838584,IT=8.3;8.3 ,ii
2374,Ref 2,19.181,51072,32556592.0,9.2130446,1996902.2,391.2838246,IT=9.6;9.6 ,ii
2375,Ref 2,19.453,52612,34120380.0,9.2169404,2262787.5,391.2838473,IT=9.7;9.7 ,ii
2376,Ref 2,14.666,44812,33782432.0,9.2209258,2142921.5,391.2838607,IT=7.3;7.3 ,ii
2378,Ref 2,19.272,47308,29911824.0,9.2250132,1778613.5,391.2837746,IT=9.6;9.6 ,ii
2379,Ref 2,28.456,58532,32744492.0,9.2292195,1986313.1,391.2837983,IT=14;14 ,ii
2380,Ref 2,19.784,54376,36311272.0,9.2330235,2076277.1,391.2837311,IT=9.9;9.9 ,ii
2381,Ref 2,21.782,55936,32494614.0,9.2371236,1873826.1,391.2837652,IT=11;11 ,ii
2382,Ref 2,21.309,54896,34587752.0,9.2411902,2183304.0,391.283778,IT=11;11 ,ii
2383,Ref 2,20.999,52644,33945400.0,9.2452527,2127767.0,391.2837833,IT=10;10 ,ii
2385,Ref 2,18.147,46656,30436964.0,9.2493339,1752160.0,391.2838145,IT=9.1;9.1 ,ii
2386,Ref 2,17.534,50548,35861224.0,9.2533839,2285506.5,391.2837084,IT=8.8;8.8 ,ii
2387,Ref 2,23.231,59048,35855712.0,9.2575276,2101252.5,391.2838011,IT=12;12 ,ii
2388,Ref 2,17.605,48128,31027204.0,9.261513,1813610.1,391.2838287,IT=8.8;8.8 ,ii
2389,Ref 2,27.047,61672,33452914.0,9.2655504,1971977.2,391.283904,IT=14;14 ,ii
2390,Ref 2,16.036,50480,38213808.0,9.2694713,2366692.5,391.2838108,IT=8;8 ,ii
2391,Ref 2,20.790,55988,35657336.0,9.2736067,2079428.1,391.2838216,IT=10;10 ,ii
2392,Ref 2,21.584,53944,32720078.0,9.2776879,1953272.8,391.2837672,IT=11;11 ,ii
2393,Ref 2,21.016,54324,33949256.0,9.2815795,1874338.4,391.2838228,IT=11;11 ,ii
2394,Ref 2,20.489,51764,33508614.0,9.2856441,1931644.4,391.2838116,IT=10;10 ,ii
2395,Ref 2,23.136,54952,34802680.0,9.2897544,1999969.0,391.2838317,IT=12;12 ,ii
2396,Ref 2,19.016,52752,36118128.0,9.293767,2028936.4,391.2838669,IT=9.5;9.5 ,ii
2397,Ref 2,20.576,51148,34481796.0,9.2976857,2117031.0,391.283933,IT=10;10 ,ii
2399,Ref 2,23.460,58152,37009908.0,9.3018357,2152332.5,391.2838584,IT=12;12 ,ii
2400,Ref 2,18.757,51328,35652700.0,9.3058439,2077095.0,391.2837458,IT=9.4;9.4 ,ii
2401,Ref 2,16.040,49932,38095368.0,9.3098606,2197202.5,391.2837202,IT=8;8 ,ii
2402,Ref 2,29.456,60040,32216136.0,9.314121,1799909.2,391.2839807,IT=15;15 ,ii
2403,Ref 2,20.380,52932,34229328.0,9.3179168,1978215.2,391.283824,IT=10;10 ,ii
2404,Ref 2,17.611,52604,38127624.0,9.3219376,2170216.0,391.2837504,IT=8.8;8.8 ,ii
2405,Ref 2,16.219,47284,35972800.0,9.3259605,2072689.8,391.2837494,IT=8.1;8.1 ,ii
2406,Ref 2,25.993,58532,33303156.0,9.3301688,1829977.8,391.2838218,IT=13;13 ,ii
2407,Ref 2,18.304,52964,37781540.0,9.333973,2193914.0,391.2837388,IT=9.2;9.2 ,ii
2408,Ref 2,24.451,59016,36750700.0,9.3381271,1955440.1,391.2838429,IT=12;12 ,ii
2409,Ref 2,17.395,51168,38958016.0,9.3420937,2277212.2,391.2837066,IT=8.7;8.7 ,ii
2410,Ref 2,22.757,57236,37451088.0,9.3462333,2157670.5,391.2837983,IT=11;11 ,ii
2411,Ref 2,17.862,52756,38950176.0,9.3500708,2191007.5,391.2837031,IT=8.9;8.9 ,ii
2412,Ref 2,27.749,62504,35573764.0,9.3542853,2103926.2,391.2837658,IT=14;14 ,ii
2413,Ref 2,16.524,49116,38623556.0,9.358202,2305885.0,391.2836451,IT=8.3;8.3 ,ii
2414,Ref 2,20.124,55780,36285240.0,9.3623061,1923553.0,391.2837115,IT=10;10 ,ii
2415,Ref 2,34.669,66940,36297084.0,9.3664456,1840127.5,391.2838707,IT=17;17 ,ii
2416,Ref 2,15.342,46492,38293380.0,9.3702748,2274434.8,391.2836731,IT=7.7;7.7 ,ii
2417,Ref 2,15.115,50724,41787716.0,9.3743038,2105278.0,391.2836344,IT=7.6;7.6 ,ii
2418,Ref 2,21.005,57384,37883008.0,9.3784351,1988495.1,391.2837535,IT=11;11 ,ii
2419,Ref 2,17.579,52856,41268308.0,9.3822789,2410574.5,391.2836835,IT=8.8;8.8 ,ii
2420,Ref 2,15.843,51288,40272552.0,9.3863059,2133622.8,391.2835603,IT=7.9;7.9 ,ii
2421,Ref 2,32.712,63308,33692252.0,9.3906267,1819496.0,391.2839174,IT=16;16 ,ii
2422,Ref 2,14.783,52892,45888160.0,9.3944601,2479754.8,391.2836873,IT=7.4;7.4 ,ii
2423,Ref 2,16.303,49980,40349460.0,9.3983413,2336182.8,391.2836665,IT=8.2;8.2 ,ii
2424,Ref 2,19.019,52300,35073864.0,9.4024266,1767823.5,391.2837456,IT=9.5;9.5 ,ii
2425,Ref 2,20.893,54220,38245736.0,9.4065161,2089519.2,391.2836869,IT=10;10 ,ii
2426,Ref 2,17.529,53412,40311800.0,9.4105266,2157082.0,391.2835931,IT=8.8;8.8 ,ii
2427,Ref 2,15.678,50060,42616292.0,9.4143786,2224218.0,391.2836812,IT=7.8;7.8 ,ii
2431,Ref 2,14.784,50020,40336372.0,9.4220682,2166197.0,391.2836857,IT=7.4;7.4 ,ii
2432,Ref 2,13.523,42672,33718252.0,9.4260848,1683629.5,391.2837609,IT=6.8;6.8 ,ii
2433,Ref 2,10.868,43884,40512660.0,9.4298661,2209527.2,391.2836945,IT=5.4;5.4 ,ii
2434,Ref 2,13.067,45452,40073824.0,9.4338327,2431719.0,391.2836433,IT=6.5;6.5 ,ii
2435,Ref 2,18.241,54828,43274036.0,9.4379035,2174179.5,391.2835518,IT=9.1;9.1 ,ii
2436,Ref 2,14.998,44904,33239184.0,9.4419014,1639008.9,391.283646,IT=7.5;7.5 ,ii
2437,Ref 2,12.518,44488,38216176.0,9.445718,2090144.8,391.2835772,IT=6.3;6.3 ,ii
2438,Ref 2,17.987,54216,41130860.0,9.4497847,2097252.2,391.2836578,IT=9;9 ,ii
2440,Ref 2,21.381,53400,37503364.0,9.4540618,1876473.0,391.2836446,IT=11;11 ,ii
2441,Ref 2,18.021,53324,39653432.0,9.4580846,2046717.1,391.2836228,IT=9;9 ,ii
2442,Ref 2,20.839,57748,40497912.0,9.4621763,2090323.0,391.2837396,IT=10;10 ,ii
2443,Ref 2,15.661,49500,39774144.0,9.4661575,2141396.2,391.2837497,IT=7.8;7.8 ,ii
2445,Ref 2,15.244,49928,42466920.0,9.4701929,2176649.0,391.2834874,IT=7.6;7.6 ,ii
2446,Ref 2,11.861,46032,45549032.0,9.4741783,2207596.0,391.2836963,IT=5.9;5.9 ,ii
2448,Ref 2,19.672,57528,42870768.0,9.4801262,2145388.8,391.2836958,IT=9.8;9.8 ,ii
2449,Ref 2,12.017,44720,40045588.0,9.4839011,1988079.8,391.2837991,IT=6;6 ,ii
2451,Ref 2,16.961,52980,43978032.0,9.4879573,1996385.6,391.2837153,IT=8.5;8.5 ,ii
2452,Ref 2,17.470,54148,44565616.0,9.4920177,2257363.5,391.2835692,IT=8.7;8.7 ,ii
2453,Ref 2,15.416,51840,47786092.0,9.4960364,2502074.8,391.2836134,IT=7.7;7.7 ,ii
2454,Ref 2,20.732,59296,43711460.0,9.4999905,2209189.5,391.2838237,IT=10;10 ,ii
2455,Ref 2,23.125,59344,40759036.0,9.504101,1962868.8,391.2837703,IT=12;12 ,ii
2456,Ref 2,17.185,53596,43289124.0,9.508078,2207578.8,391.2836824,IT=8.6;8.6 ,ii
2457,Ref 2,16.504,56972,48082080.0,9.5121134,2159136.5,391.2837188,IT=8.3;8.3 ,ii
2458,Ref 2,20.357,57676,43791900.0,9.516055,2082705.1,391.2836442,IT=10;10 ,ii
2459,Ref 2,16.710,57296,47365216.0,9.5200676,2541215.0,391.2835796,IT=8.4;8.4 ,ii
2460,Ref 2,16.026,55824,50358796.0,9.5240966,2354979.0,391.2837013,IT=8;8 ,ii
2461,Ref 2,19.505,57004,41839252.0,9.5281946,1867442.8,391.2838084,IT=9.8;9.8 ,ii
2462,Ref 2,13.622,48036,38881224.0,9.5320028,1846003.6,391.2837825,IT=6.8;6.8 ,ii
2464,Ref 2,14.266,48196,38160024.0,9.5378611,1727876.1,391.2838252,IT=7.1;7.1 ,ii
2465,Ref 2,13.793,49748,45448260.0,9.5418862,2148844.8,391.2836207,IT=6.9;6.9 ,ii
2467,Ref 2,12.143,48088,48204688.0,9.547711,2162738.0,391.2837025,IT=6.1;6.1 ,ii
2468,Ref 2,16.811,55880,43136472.0,9.5517965,1924267.8,391.2837629,IT=8.4;8.4 ,ii
2469,Ref 2,13.619,47216,39003068.0,9.5557881,1850502.4,391.2837851,IT=6.8;6.8 ,ii
2470,Ref 2,17.331,55188,48289828.0,9.5598444,2300876.2,391.28385,IT=8.7;8.7 ,ii
2472,Ref 2,11.592,45508,49126212.0,9.5638255,2274405.5,391.283692,IT=5.8;5.8 ,ii
2473,Ref 2,24.679,62848,46362360.0,9.5680422,2095390.2,391.2838721,IT=12;12 ,ii
2474,Ref 2,15.977,53500,47013580.0,9.5719859,2322975.0,391.2838407,IT=8;8 ,ii
2477,Ref 2,13.389,47976,42210884.0,9.5778255,1893853.4,391.2836889,IT=6.7;6.7 ,ii
2478,Ref 2,16.380,55360,50704372.0,9.5819047,2140514.2,391.2838509,IT=8.2;8.2 ,ii
2480,Ref 2,12.483,53920,61072752.0,9.5860421,2901964.8,391.2836535,IT=6.2;6.2 ,ii
2481,Ref 2,13.587,47848,41534676.0,9.5900796,1834260.6,391.2837105,IT=6.8;6.8 ,ii
2482,Ref 2,11.879,48364,50003296.0,9.5940504,2347329.8,391.2836456,IT=5.9;5.9 ,ii
2483,Ref 2,8.434,41540,54568692.0,9.5979545,2530482.2,391.2837918,IT=4.2;4.2 ,ii
2485,Ref 2,14.630,53756,48201708.0,9.6038128,2023337.0,391.2836447,IT=7.3;7.3 ,ii
2486,Ref 2,22.171,60668,46421156.0,9.6079753,1995783.6,391.2838855,IT=11;11 ,ii
2487,Ref 2,14.305,52200,49202532.0,9.6117523,2312126.2,391.2837765,IT=7.2;7.2 ,ii
2489,Ref 2,16.470,55784,47308096.0,9.6158023,2005865.9,391.2837189,IT=8.2;8.2 ,ii
2490,Ref 2,16.150,56220,52299312.0,9.6198481,2304707.0,391.2838104,IT=8.1;8.1 ,ii
2491,Ref 2,11.942,52992,59200884.0,9.6238168,2402106.8,391.2837449,IT=6;6 ,ii
2494,Ref 2,13.006,52020,49682392.0,9.6296543,2131948.5,472.2818259,IT=6.5;6.5 ,ii
2495,Ref 2,21.975,61052,47710880.0,9.6336751,2009261.9,391.2839093,IT=11;11 ,ii
2496,Ref 2,15.365,55492,55972796.0,9.6376418,2345741.2,391.2838001,IT=7.7;7.7 ,ii
2497,Ref 2,14.723,52600,49530504.0,9.6416709,1996800.4,391.2837416,IT=7.4;7.4 ,ii
2498,Ref 2,14.565,53196,54071540.0,9.6456896,2425131.0,472.2818475,IT=7.3;7.3 ,ii
2499,Ref 2,13.607,52304,50476524.0,9.6495312,2431710.8,391.2837533,IT=6.8;6.8 ,ii
2500,Ref 2,12.896,54808,56453004.0,9.6535187,2572029.0,472.2818011,IT=6.4;6.4 ,ii
2501,Ref 2,16.757,57168,50677312.0,9.6575749,2226205.2,472.2819338,IT=8.4;8.4 ,ii
2502,Ref 2,14.655,55124,55060484.0,9.6615833,2397877.0,472.281914,IT=7.3;7.3 ,ii
2503,Ref 2,13.963,52744,49830684.0,9.6654207,2045676.8,472.2818341,IT=7;7 ,ii
2505,Ref 2,9.954,43128,47050264.0,9.6712082,2472338.0,472.2819581,IT=5;5 ,ii
2507,Ref 2,12.804,52540,57300592.0,9.6761768,2802557.8,472.2816323,IT=6.4;6.4 ,ii
2509,Ref 2,14.312,56116,56658124.0,9.6820893,2939377.2,472.2818533,IT=7.2;7.2 ,ii
2510,Ref 2,15.942,61008,59912376.0,9.6859852,3164321.5,472.2818357,IT=8;8 ,ii
2511,Ref 2,12.858,48972,47966744.0,9.6899726,2418194.0,472.2818102,IT=6.4;6.4 ,ii
2512,Ref 2,15.821,59696,60741628.0,9.6940081,3183655.0,472.281742,IT=7.9;7.9 ,ii
2513,Ref 2,12.341,52172,56806876.0,9.6979892,2978607.0,472.2817733,IT=6.2;6.2 ,ii
2514,Ref 2,11.694,48348,51795272.0,9.7017809,2927592.2,472.281655,IT=5.8;5.8 ,ii
2515,Ref 2,15.367,54116,49076728.0,9.7057975,2770501.5,472.2818353,IT=7.7;7.7 ,ii
2516,Ref 2,11.026,48796,54796640.0,9.70976,3352864.0,472.2818325,IT=5.5;5.5 ,ii
2517,Ref 2,10.570,50144,61874504.0,9.7135245,3854330.0,472.2817253,IT=5.3;5.3 ,ii
2518,Ref 2,7.487,45040,68946416.0,9.7174183,4424482.0,472.2817881,IT=3.7;3.7 ,ii
2520,Ref 2,11.740,52700,63129840.0,9.7232515,4193585.5,472.2817999,IT=5.9;5.9 ,ii
2521,Ref 2,12.910,53636,57305324.0,9.7272787,4058685.8,472.2819035,IT=6.5;6.5 ,ii
2523,Ref 2,9.341,42200,45751896.0,9.7311953,3179537.5,472.2819515,IT=4.7;4.7 ,ii
2525,Ref 2,11.671,52244,58658900.0,9.7370515,4492028.0,472.2818012,IT=5.8;5.8 ,ii
2527,Ref 2,9.423,47028,59397120.0,9.7428764,4498638.0,472.2816945,IT=4.7;4.7 ,ii
2528,Ref 2,13.098,52912,60260640.0,9.7468869,4599233.5,472.2818007,IT=6.5;6.5 ,ii
2530,Ref 2,8.958,46968,66060404.0,9.7509826,5488896.0,472.2816593,IT=4.5;4.5 ,ii
2531,Ref 2,9.745,51008,68061456.0,9.7549368,5755492.5,472.2814967,IT=4.9;4.9 ,ii
2533,Ref 2,8.997,51664,75235816.0,9.7607139,6889784.5,472.2815656,IT=4.5;4.5 ,ii
2536,Ref 2,11.539,51896,63291952.0,9.7683972,6781258.5,472.2815584,IT=5.8;5.8 ,ii
2537,Ref 2,9.179,48060,62947640.0,9.7721908,6042112.0,472.2815755,IT=4.6;4.6 ,ii
2538,Ref 2,7.416,44816,69197512.0,9.7760721,6468063.5,472.2817727,IT=3.7;3.7 ,ii
2539,Ref 2,11.005,53060,67658280.0,9.7799928,6385420.5,472.2815243,IT=5.5;5.5 ,ii
2540,Ref 2,7.920,42840,57431360.0,9.7838887,5743265.0,472.2816797,IT=4;4 ,ii
2541,Ref 2,10.985,55700,74253984.0,9.7876429,7200961.0,472.2815451,IT=5.5;5.5 ,ii
2542,Ref 2,8.835,50592,76480272.0,9.7915615,8255846.0,472.281556,IT=4.4;4.4 ,ii
2543,Ref 2,16.986,62300,66981236.0,9.7955886,7331308.5,472.2817188,IT=8.5;8.5 ,ii
2544,Ref 2,10.008,51400,71310232.0,9.7995178,7849393.5,472.2816538,IT=5;5 ,ii
2546,Ref 2,8.365,47820,72378888.0,9.8034343,8526017.0,472.2815384,IT=4.2;4.2 ,ii
2547,Ref 2,15.624,61248,75420816.0,9.8074844,8674409.0,472.2815947,IT=7.8;7.8 ,ii
2548,Ref 2,7.013,43140,68374960.0,9.8113802,7787634.0,472.2818194,IT=3.5;3.5 ,ii
2550,Ref 2,9.240,50044,75312136.0,9.8154447,8960092.0,472.2815417,IT=4.6;4.6 ,ii
2551,Ref 2,8.606,45312,63584012.0,9.8192177,8054784.5,472.2816151,IT=4.3;4.3 ,ii
2552,Ref 2,10.076,54056,81046336.0,9.8231301,9420854.0,472.2816048,IT=5;5 ,ii
2553,Ref 2,8.112,46408,72875000.0,9.8270155,8852219.0,472.2816572,IT=4.1;4.1 ,ii
2554,Ref 2,7.290,44316,70474024.0,9.8307071,8303707.5,472.2816979,IT=3.6;3.6 ,ii
2555,Ref 2,6.731,42748,72588056.0,9.834555,7851967.0,472.2816834,IT=3.4;3.4 ,ii
2556,Ref 2,11.821,53904,68408472.0,9.8384799,8217506.0,472.2817076,IT=5.9;5.9 ,ii
2557,Ref 2,10.442,53368,74095832.0,9.8424133,8907668.0,472.2817913,IT=5.2;5.2 ,ii
2558,Ref 2,8.029,47308,72317280.0,9.8463008,8188105.5,472.2816923,IT=4;4 ,ii
2559,Ref 2,8.586,47928,66830104.0,9.8501924,7081631.0,472.2816818,IT=4.3;4.3 ,ii
2561,Ref 2,10.303,53780,75160056.0,9.855984,8462979.0,472.281584,IT=5.2;5.2 ,ii
2564,Ref 2,9.059,50504,70800360.0,9.8636152,7242934.5,472.281695,IT=4.5;4.5 ,ii
2565,Ref 2,10.308,52904,66127236.0,9.8674132,6271664.0,472.2816877,IT=5.2;5.2 ,ii
2566,Ref 2,10.557,53424,70763640.0,9.8713423,7652919.5,472.2817251,IT=5.3;5.3 ,ii
2569,Ref 2,10.860,53096,64243708.0,9.8789609,6093875.5,472.2819228,IT=5.4;5.4 ,ii
2570,Ref 2,11.997,54088,61805800.0,9.8828005,5085868.0,472.2817688,IT=6;6 ,ii
2571,Ref 2,10.590,55424,73828560.0,9.8867442,6176141.0,472.2817037,IT=5.3;5.3 ,ii
2572,Ref 2,6.268,45088,74120776.0,9.8906047,6146935.5,472.2819012,IT=3.1;3.1 ,ii
2573,Ref 2,14.749,63624,66675884.0,9.894417,5287457.5,472.2819553,IT=7.4;7.4 ,ii
2574,Ref 2,10.803,56760,70004704.0,9.8983817,5141294.0,472.2818787,IT=5.4;5.4 ,ii
2576,Ref 2,9.117,59336,92957680.0,9.9041504,7691104.5,472.2816353,IT=4.6;4.6 ,ii
2578,Ref 2,9.606,51856,60205964.0,9.9099773,4026391.0,472.2817613,IT=4.8;4.8 ,ii
2579,Ref 2,10.003,58756,76516376.0,9.9139378,4992863.5,472.2816839,IT=5;5 ,ii
2580,Ref 2,11.219,56736,67513208.0,9.9178837,3931661.8,472.2818946,IT=5.6;5.6 ,ii
2583,Ref 2,9.746,56160,72116064.0,9.9234001,3961164.2,472.2818866,IT=4.9;4.9 ,ii
2584,Ref 2,8.478,51932,67190800.0,9.9273398,3422090.5,472.2819774,IT=4.2;4.2 ,ii
2586,Ref 2,10.733,55556,64673988.0,9.9331377,3123727.2,472.2817852,IT=5.4;5.4 ,ii
2587,Ref 2,11.412,58256,66637716.0,9.9369669,3358968.8,472.2819214,IT=5.7;5.7 ,ii
2588,Ref 2,12.646,60348,67315464.0,9.9409439,2807994.5,472.2818431,IT=6.3;6.3 ,ii
2589,Ref 2,8.327,50640,68224840.0,9.9448502,2835696.0,472.2817808,IT=4.2;4.2 ,ii
2591,Ref 2,10.243,56984,67801592.0,9.9506438,2759925.8,472.2817949,IT=5.1;5.1 ,ii
2593,Ref 2,11.147,56776,64476132.0,9.9565145,2664022.5,393.720916,IT=5.6;5.6 ,ii
2594,Ref 2,8.689,50292,63158556.0,9.9604646,2465377.2,393.7209449,IT=4.3;4.3 ,ii
2595,Ref 2,12.135,60344,69191592.0,9.9642479,2642790.8,393.7208728,IT=6.1;6.1 ,ii
2596,Ref 2,11.275,58944,67932248.0,9.9682021,3037368.8,393.7210391,IT=5.6;5.6 ,ii
2598,Ref 2,11.531,59628,63205496.0,9.9721874,2468565.5,393.7209988,IT=5.8;5.8 ,ii
2599,Ref 2,11.327,60428,71908976.0,9.9761895,3262122.5,393.7210306,IT=5.7;5.7 ,ii
2601,Ref 2,9.336,56120,75754832.0,9.9801268,3547004.5,393.7208673,IT=4.7;4.7 ,ii
2602,Ref 2,16.737,69748,69748488.0,9.9842019,3370766.0,393.7210091,IT=8.4;8.4 ,ii
2603,Ref 2,11.102,57160,63207448.0,9.9881498,2715116.5,393.7209279,IT=5.6;5.6 ,ii
2604,Ref 2,11.145,57940,67305120.0,9.9920977,3187277.5,393.7208963,IT=5.6;5.6 ,ii
2606,Ref 2,10.153,62472,77363832.0,9.9978894,4057427.5,393.7208133,IT=5.1;5.1 ,ii
2607,Ref 2,9.814,57368,72875888.0,10.001852,3830225.8,393.72088,IT=4.9;4.9 ,ii
2608,Ref 2,11.224,60516,70036704.0,10.005631,3971267.0,393.7208258,IT=5.6;5.6 ,ii
2609,Ref 2,14.754,67388,66616804.0,10.009635,3772949.8,393.720946,IT=7.4;7.4 ,ii
2610,Ref 2,16.064,69944,72345176.0,10.013687,3959830.5,393.7210238,IT=8;8 ,ii
2611,Ref 2,7.064,48252,71795752.0,10.017418,4059281.0,393.721045,IT=3.5;3.5 ,ii
2613,Ref 2,11.951,61648,64790220.0,10.02136,3846716.2,393.7209276,IT=6;6 ,ii
2614,Ref 2,12.537,64196,74417160.0,10.025381,4644108.5,393.7209103,IT=6.3;6.3 ,ii
2617,Ref 2,10.225,61480,78785976.0,10.033045,5121926.0,393.7207985,IT=5.1;5.1 ,ii
2619,Ref 2,9.595,57352,72040576.0,10.038887,4557479.5,393.7209008,IT=4.8;4.8 ,ii
2620,Ref 2,10.123,58580,75932200.0,10.042854,5641858.0,393.7209983,IT=5.1;5.1 ,ii
2623,Ref 2,9.104,57896,76499696.0,10.048491,5624108.5,393.7208945,IT=4.6;4.6 ,ii
2626,Ref 2,9.075,57996,79432296.0,10.056137,6051207.5,393.7207947,IT=4.5;4.5 ,ii
2628,Ref 2,9.535,54816,70057128.0,10.061968,5266750.5,393.7209066,IT=4.8;4.8 ,ii
2630,Ref 2,8.738,53784,71744504.0,10.06778,5418204.5,393.7209356,IT=4.4;4.4 ,ii
2631,Ref 2,14.456,69952,79239848.0,10.07182,6422772.0,393.7209017,IT=7.2;7.2 ,ii
2633,Ref 2,9.097,57356,81642480.0,10.077616,6775849.0,393.7210033,IT=4.5;4.5 ,ii
2635,Ref 2,8.737,56700,79864000.0,10.081587,6664995.0,393.7208126,IT=4.4;4.4 ,ii
2636,Ref 2,8.686,60284,87028088.0,10.085526,7689311.0,393.720702,IT=4.3;4.3 ,ii
2637,Ref 2,11.464,65596,80382664.0,10.089468,6280898.5,393.7208207,IT=5.7;5.7 ,ii
2639,Ref 2,9.313,56832,81433328.0,10.095266,7300263.5,393.7208664,IT=4.7;4.7 ,ii
2641,Ref 2,8.246,59460,97645328.0,10.101072,9800517.0,393.7207968,IT=4.1;4.1 ,ii
2643,Ref 2,9.658,60128,83709168.0,10.106732,7686678.0,393.720882,IT=4.8;4.8 ,ii
2644,Ref 2,8.554,59384,92657056.0,10.110672,9117181.0,393.7208249,IT=4.3;4.3 ,ii
2645,Ref 2,8.692,57392,81630272.0,10.114572,7668769.5,393.7208538,IT=4.3;4.3 ,ii
2646,Ref 2,10.756,61220,82369536.0,10.118336,7911234.5,393.7208615,IT=5.4;5.4 ,ii
2648,Ref 2,8.503,58388,83435872.0,10.124103,7370317.5,393.720933,IT=4.3;4.3 ,ii
2649,Ref 2,9.294,61384,91819264.0,10.128047,9195764.0,393.7208911,IT=4.6;4.6 ,ii
2650,Ref 2,8.371,54232,78394296.0,10.131934,7240104.5,393.7209108,IT=4.2;4.2 ,ii
2651,Ref 2,14.113,69860,80177072.0,10.135911,7221228.5,393.7209347,IT=7.1;7.1 ,ii
2654,Ref 2,9.072,59252,82045648.0,10.14352,7326121.0,393.7207675,IT=4.5;4.5 ,ii
2655,Ref 2,6.814,45680,63616376.0,10.147428,6638945.0,393.7209552,IT=3.4;3.4 ,ii
2656,Ref 2,7.487,57120,103286500.0,10.15129,11312327.0,393.7207729,IT=3.7;3.7 ,ii
2657,Ref 2,7.983,58356,86750736.0,10.155003,8702633.0,393.7208768,IT=4;4 ,ii
2658,Ref 2,10.496,62160,84806880.0,10.158926,8005023.5,393.7208092,IT=5.2;5.2 ,ii
2660,Ref 2,9.511,60000,86903072.0,10.164724,7840343.5,393.7208143,IT=4.8;4.8 ,ii
2662,Ref 2,8.245,57848,79621328.0,10.170526,7001531.0,393.7208113,IT=4.1;4.1 ,ii
2663,Ref 2,8.923,57836,80818512.0,10.174469,7333868.0,393.7209913,IT=4.5;4.5 ,ii
2665,Ref 2,9.130,58692,84954096.0,10.178553,7083076.5,393.7208405,IT=4.6;4.6 ,ii
2666,Ref 2,10.687,58540,70050216.0,10.182363,6080450.0,393.7208796,IT=5.3;5.3 ,ii
2667,Ref 2,7.352,56088,87556824.0,10.186253,7146937.5,393.7208477,IT=3.7;3.7 ,ii
2668,Ref 2,14.906,69984,83039176.0,10.190246,6465527.0,393.7209777,IT=7.5;7.5 ,ii
2669,Ref 2,9.904,60672,80998264.0,10.194201,6054060.0,393.7208874,IT=5;5 ,ii
2670,Ref 2,8.886,57260,72629912.0,10.197938,5981769.5,393.7210505,IT=4.4;4.4 ,ii
2671,Ref 2,7.007,52516,77864384.0,10.201803,6016625.5,393.721095,IT=3.5;3.5 ,ii
2672,Ref 2,10.797,64336,84641496.0,10.205717,6098289.5,393.720883,IT=5.4;5.4 ,ii
2674,Ref 2,9.744,64532,89100960.0,10.211517,6265829.5,393.7208494,IT=4.9;4.9 ,ii
2675,Ref 2,8.584,60180,83214248.0,10.215461,6015086.5,393.7209001,IT=4.3;4.3 ,ii
2676,Ref 2,8.772,57632,81150944.0,10.219188,5451440.0,393.7208437,IT=4.4;4.4 ,ii
2677,Ref 2,8.868,59680,82675728.0,10.223092,5341368.5,393.7208092,IT=4.4;4.4 ,ii
2678,Ref 2,13.655,68700,82232160.0,10.227071,4937271.5,393.7209495,IT=6.8;6.8 ,ii
2679,Ref 2,6.765,52044,83291184.0,10.230798,4957817.0,393.7210691,IT=3.4;3.4 ,ii
2682,Ref 2,9.480,61060,78327440.0,10.238419,3982714.0,393.7208352,IT=4.7;4.7 ,ii
2685,Ref 2,8.444,60144,89142800.0,10.246042,5215796.0,393.720811,IT=4.2;4.2 ,ii
2689,Ref 2,7.280,58048,86289976.0,10.255456,4040368.0,393.7208593,IT=3.6;3.6 ,ii
2692,Ref 2,8.437,56036,74582256.0,10.26195,3296876.0,393.7209538,IT=4.2;4.2 ,ii
2694,Ref 2,8.617,60196,87535680.0,10.267758,3678676.5,393.7209728,IT=4.3;4.3 ,ii
2696,Ref 2,9.688,60436,76725968.0,10.273594,2963767.5,393.7209891,IT=4.8;4.8 ,ii
2697,Ref 2,9.228,60108,84038528.0,10.277554,3167352.5,393.7209033,IT=4.6;4.6 ,ii
2698,Ref 2,12.532,68084,79891664.0,10.281521,2726803.5,393.7210248,IT=6.3;6.3 ,ii
2699,Ref 2,10.592,64044,80324864.0,10.285475,2947684.0,393.7208552,IT=5.3;5.3 ,ii
2701,Ref 2,8.770,61256,89324208.0,10.291248,2940829.5,393.7209712,IT=4.4;4.4 ,ii
2704,Ref 2,9.593,61804,81262840.0,10.298906,2349421.8,393.7208568,IT=4.8;4.8 ,ii
2705,Ref 2,11.659,69624,86964056.0,10.302908,2369991.8,393.720975,IT=5.8;5.8 ,ii
2707,Ref 2,8.677,59760,84402584.0,10.306977,2481915.0,391.2836768,IT=4.3;4.3 ,ii
2708,Ref 2,14.565,74696,87165392.0,10.310848,2195108.8,391.2836601,IT=7.3;7.3 ,ii
2711,Ref 2,8.487,62124,85455600.0,10.318427,2606854.0,391.2836122,IT=4.2;4.2 ,ii
2713,Ref 2,8.627,58376,75703528.0,10.324243,2055255.1,391.283701,IT=4.3;4.3 ,ii
2714,Ref 2,6.441,53916,86541752.0,10.328152,2455170.8,391.2837883,IT=3.2;3.2 ,ii
2715,Ref 2,11.624,67724,84077184.0,10.331914,2217785.5,391.2836733,IT=5.8;5.8 ,ii
2716,Ref 2,8.699,59612,87841408.0,10.335825,2275874.5,391.2836539,IT=4.3;4.3 ,ii
2717,Ref 2,8.965,59276,76418560.0,10.339722,1998192.2,391.2836945,IT=4.5;4.5 ,ii
2718,Ref 2,10.962,66164,81933224.0,10.343662,2316627.5,391.2836139,IT=5.5;5.5 ,ii
2719,Ref 2,8.664,58852,84279736.0,10.347402,2163539.0,391.2836358,IT=4.3;4.3 ,ii
2721,Ref 2,7.949,58584,85342376.0,10.35316,2241457.0,391.2837589,IT=4;4 ,ii
2724,Ref 2,8.482,60968,91008504.0,10.35896,2225972.2,391.2836012,IT=4.2;4.2 ,ii
2725,Ref 2,13.551,70032,76517536.0,10.362977,1970830.8,391.2837047,IT=6.8;6.8 ,ii
2726,Ref 2,9.598,65976,87849896.0,10.36692,2309374.2,391.2836294,IT=4.8;4.8 ,ii
2729,Ref 2,10.863,61704,68926632.0,10.374572,1602599.0,391.2836942,IT=5.4;5.4 ,ii
2731,Ref 2,8.119,60932,93341448.0,10.378535,2588068.0,391.2835518,IT=4.1;4.1 ,ii
2735,Ref 2,9.486,65520,88564496.0,10.388003,2363571.2,391.2836705,IT=4.7;4.7 ,ii
2737,Ref 2,7.971,62572,92400760.0,10.393824,2508270.5,391.2836984,IT=4;4 ,ii
2738,Ref 2,12.208,69560,84614296.0,10.397818,1989877.9,380.6947483,IT=6.1;6.1 ,ii
2739,Ref 2,8.035,60936,92924576.0,10.401553,2317967.8,391.2837042,IT=4;4 ,ii
2742,Ref 2,9.084,64360,92430856.0,10.409157,2177237.0,380.6947382,IT=4.5;4.5 ,ii
2743,Ref 2,8.739,62948,98435496.0,10.413101,2634007.0,380.6948251,IT=4.4;4.4 ,ii
2744,Ref 2,8.534,63292,91812464.0,10.416832,2216294.2,391.2837371,IT=4.3;4.3 ,ii
2747,Ref 2,8.246,62508,95338024.0,10.424414,2595243.5,380.6947257,IT=4.1;4.1 ,ii
2748,Ref 2,7.604,61152,104221030.0,10.428332,2708653.2,380.6947953,IT=3.8;3.8 ,ii
2749,Ref 2,7.609,60000,99097144.0,10.432041,2703022.0,380.6948332,IT=3.8;3.8 ,ii
2751,Ref 2,8.635,63432,97127248.0,10.437822,2489851.2,380.6946421,IT=4.3;4.3 ,ii
2753,Ref 2,7.894,60532,94540528.0,10.443641,2750365.8,380.6947346,IT=3.9;3.9 ,ii
2755,Ref 2,7.915,62504,92311936.0,10.449459,2597014.5,380.6947681,IT=4;4 ,ii
2756,Ref 2,8.053,60836,104044480.0,10.453386,2652510.2,380.6948085,IT=4;4 ,ii
2759,Ref 2,6.727,53084,82432704.0,10.460938,2667010.8,380.694869,IT=3.4;3.4 ,ii
2760,Ref 2,10.904,66008,93672088.0,10.464732,2830036.2,380.6948598,IT=5.5;5.5 ,ii
2761,Ref 2,7.672,58284,102325410.0,10.468622,3021745.5,380.6946736,IT=3.8;3.8 ,ii
2763,Ref 2,6.795,57020,94656120.0,10.474365,2886631.8,380.694866,IT=3.4;3.4 ,ii
2765,Ref 2,8.395,61868,102435820.0,10.480194,3375371.5,380.6947955,IT=4.2;4.2 ,ii
2766,Ref 2,6.583,56336,107800650.0,10.484101,3434141.2,380.6946666,IT=3.3;3.3 ,ii
2769,Ref 2,6.948,59360,110646930.0,10.491653,3535903.0,380.6946052,IT=3.5;3.5 ,ii
2770,Ref 2,8.266,60336,106461850.0,10.495576,3395168.0,380.6947486,IT=4.1;4.1 ,ii
2771,Ref 2,5.770,52356,108243540.0,10.49943,3730452.0,380.694738,IT=2.9;2.9 ,ii
2772,Ref 2,9.753,65360,102389340.0,10.503328,3783955.2,380.6948189,IT=4.9;4.9 ,ii
2773,Ref 2,6.178,56232,111052190.0,10.50719,3689211.5,380.6948121,IT=3.1;3.1 ,ii
2774,Ref 2,6.023,55268,107385400.0,10.51103,3753576.2,380.6947861,IT=3;3 ,ii
2776,Ref 2,7.498,58600,102675130.0,10.516786,3562983.0,380.694742,IT=3.7;3.7 ,ii
2778,Ref 2,7.098,56216,98402632.0,10.522592,3596236.0,380.6948084,IT=3.5;3.5 ,ii
2780,Ref 2,7.172,56360,102525610.0,10.528392,3764415.5,380.6947126,IT=3.6;3.6 ,ii
2781,Ref 2,6.466,56312,122257110.0,10.532298,4568559.0,380.6946932,IT=3.2;3.2 ,ii
2783,Ref 2,7.296,56544,94716976.0,10.53804,3854841.8,380.6947658,IT=3.6;3.6 ,ii
2784,Ref 2,8.039,61136,101340060.0,10.541957,3710823.5,380.6946756,IT=4;4 ,ii
2785,Ref 2,8.835,63620,108318860.0,10.54569,4055962.2,380.6948499,IT=4.4;4.4 ,ii
2786,Ref 2,8.710,63280,104699360.0,10.549586,4221626.0,380.6948244,IT=4.4;4.4 ,ii
2787,Ref 2,8.052,56780,96823800.0,10.553473,4094731.2,380.69478,IT=4;4 ,ii
2789,Ref 2,6.778,57508,115500120.0,10.559206,4574472.0,380.6947648,IT=3.4;3.4 ,ii
2790,Ref 2,8.464,59644,112222980.0,10.563131,4820984.5,380.6948319,IT=4.2;4.2 ,ii
2791,Ref 2,7.819,58288,111845120.0,10.566858,4888377.5,380.6947563,IT=3.9;3.9 ,ii
2792,Ref 2,4.421,48252,125682740.0,10.570679,5898199.0,380.6945771,IT=2.2;2.2 ,ii
2794,Ref 2,7.682,56732,106455640.0,10.576427,4536308.5,380.6947258,IT=3.8;3.8 ,ii
2795,Ref 2,6.875,56768,118023490.0,10.580338,5004200.0,380.6947316,IT=3.4;3.4 ,ii
2797,Ref 2,6.543,59704,130884100.0,10.586071,5980405.5,380.6947549,IT=3.3;3.3 ,ii
2798,Ref 2,9.511,60568,103655300.0,10.59001,4717022.0,380.6948775,IT=4.8;4.8 ,ii
2799,Ref 2,6.915,57724,118394090.0,10.593887,5366460.0,380.6947069,IT=3.5;3.5 ,ii
2801,Ref 2,7.466,57476,115304910.0,10.599652,5303041.5,380.6947164,IT=3.7;3.7 ,ii
2803,Ref 2,6.679,56540,120536630.0,10.605437,5507178.5,380.6947167,IT=3.3;3.3 ,ii
2805,Ref 2,6.772,57688,128629360.0,10.611223,6165957.0,380.6947826,IT=3.4;3.4 ,ii
2806,Ref 2,8.004,59568,109440150.0,10.614991,4903115.0,380.6947104,IT=4;4 ,ii
2808,Ref 2,6.047,52800,118742510.0,10.620723,5751023.5,380.6947816,IT=3;3 ,ii
2810,Ref 2,6.869,54860,115644820.0,10.626541,5879470.0,380.6948435,IT=3.4;3.4 ,ii
2813,Ref 2,6.809,57292,129903030.0,10.632346,6217002.0,380.6948035,IT=3.4;3.4 ,ii
2814,Ref 2,6.553,58076,130975340.0,10.636075,6798774.0,380.6947929,IT=3.3;3.3 ,ii
2815,Ref 2,9.738,64772,112130020.0,10.639979,5518411.5,380.6949493,IT=4.9;4.9 ,ii
2817,Ref 2,6.214,55860,126597470.0,10.643839,6367574.5,380.6948654,IT=3.1;3.1 ,ii
2818,Ref 2,4.989,53388,156924020.0,10.64771,8135475.5,380.6946901,IT=2.5;2.5 ,ii
2819,Ref 2,8.013,61476,126003590.0,10.651404,6232393.0,380.6948469,IT=4;4 ,ii
2820,Ref 2,6.913,56500,121994700.0,10.655268,5846421.5,380.6947715,IT=3.5;3.5 ,ii
2822,Ref 2,6.688,57852,132971820.0,10.661002,6527733.0,380.6948593,IT=3.3;3.3 ,ii
2823,Ref 2,6.982,58404,135215840.0,10.6649,6990704.0,380.6948499,IT=3.5;3.5 ,ii
2825,Ref 2,6.286,53596,133351220.0,10.670631,7127830.0,380.6947685,IT=3.1;3.1 ,ii
2826,Ref 2,9.147,61976,117729780.0,10.674568,6680334.0,380.6949096,IT=4.6;4.6 ,ii
2829,Ref 2,6.708,58756,142795730.0,10.682124,7278549.0,380.6948885,IT=3.4;3.4 ,ii
2832,Ref 2,6.751,53856,105027700.0,10.687935,5885954.5,380.6948619,IT=3.4;3.4 ,ii
2833,Ref 2,7.413,58268,118460880.0,10.691843,6200882.0,380.6948982,IT=3.7;3.7 ,ii
2834,Ref 2,5.154,51896,134885380.0,10.695674,7597943.5,380.6948493,IT=2.6;2.6 ,ii
2835,Ref 2,6.389,54036,132458780.0,10.699343,7647049.0,380.6948784,IT=3.2;3.2 ,ii
2836,Ref 2,8.446,59288,119215710.0,10.70322,6311568.0,380.6948698,IT=4.2;4.2 ,ii
2837,Ref 2,6.061,57056,133811320.0,10.707068,6926485.5,380.6948583,IT=3;3 ,ii
2840,Ref 2,6.153,49304,108486900.0,10.714622,6231698.0,380.6948434,IT=3.1;3.1 ,ii
2842,Ref 2,5.425,50636,134162180.0,10.720305,7258723.0,380.6948827,IT=2.7;2.7 ,ii
2843,Ref 2,8.080,61452,140195250.0,10.724216,7404613.0,380.6948018,IT=4;4 ,ii
2847,Ref 2,6.188,56112,145642700.0,10.733595,7701930.0,380.6948167,IT=3.1;3.1 ,ii
2849,Ref 2,6.293,53408,127833470.0,10.739368,6859347.0,380.6947174,IT=3.1;3.1 ,ii
2850,Ref 2,7.613,59948,137536780.0,10.74328,6548949.5,380.6948172,IT=3.8;3.8 ,ii
2853,Ref 2,5.774,49340,115587450.0,10.749024,6204401.0,355.1662205,IT=2.9;2.9 ,ii
2856,Ref 2,5.878,53524,140924030.0,10.75587,6852250.0,355.1661055,IT=2.9;2.9 ,ii
2859,Ref 2,5.751,51476,132501610.0,10.763293,7033768.0,355.166216,IT=2.9;2.9 ,ii
2860,Ref 2,5.009,50988,140525820.0,10.767151,7278869.5,355.1662937,IT=2.5;2.5 ,ii
2863,Ref 2,5.576,50028,133113790.0,10.772857,6497855.5,355.1662775,IT=2.8;2.8 ,ii
2866,Ref 2,5.794,56356,171729920.0,10.780436,8545044.0,355.1662582,IT=2.9;2.9 ,ii
2868,Ref 2,5.131,52588,166870880.0,10.786205,7875831.0,380.6948011,IT=2.6;2.6 ,ii
2869,Ref 2,4.316,52224,195187920.0,10.789886,10509713.0,389.1785504,IT=2.2;2.2 ,ii
2873,Ref 2,0.910,60888,1192910300.0,10.799163,85801544.0,389.1784424,IT=0.46;0.46 ,ii
2884,Ref 2,0.392,51500,2107965300.0,10.812053,312702020.0,352.1896405,IT=0.2;0.2 ,ii
2895,Ref 2,0.359,51620,2302727900.0,10.822811,399870750.0,352.1896166,IT=0.18;0.18 ,ii
2906,Ref 2,0.416,53512,1852049900.0,10.833871,241613710.0,352.1896818,IT=0.21;0.21 ,ii
2917,Ref 2,0.513,59960,1540469100.0,10.844713,109609020.0,352.1897235,IT=0.26;0.26 ,ii
2926,Ref 2,0.775,67752,1260966700.0,10.856023,46324996.0,394.2179461,IT=0.39;0.39 ,ii
2937,Ref 2,0.946,67952,1079149100.0,10.870731,46649644.0,408.2214668,IT=0.47;0.47 ,ii
2948,Ref 2,0.992,65724,953002300.0,10.883765,31828412.0,408.2214845,IT=0.5;0.5 ,ii
2959,Ref 2,1.196,65912,852379260.0,10.896433,17994418.0,551.2728521,IT=0.6;0.6 ,ii
2970,Ref 2,1.294,65240,783717630.0,10.911473,24823010.0,551.2729312,IT=0.65;0.65 ,ii
2978,Ref 2,1.584,66532,636015870.0,10.924658,18514484.0,551.2727349,IT=0.79;0.79 ,ii
2986,Ref 2,2.373,71684,491413470.0,10.938054,10481244.0,551.2731423,IT=1.2;1.2 ,ii
2992,Ref 2,2.626,70968,432914980.0,10.946468,7812884.0,406.5384045,IT=1.3;1.3 ,ii
3001,Ref 2,3.318,72736,336691520.0,10.959475,6285710.5,406.5384851,IT=1.7;1.7 ,ii
3006,Ref 2,3.864,72220,290039330.0,10.968562,6150806.0,423.7006071,IT=1.9;1.9 ,ii
3010,Ref 2,4.146,76060,303429060.0,10.977614,6900452.0,359.1795729,IT=2.1;2.1 ,ii
3017,Ref 2,4.901,71136,222048400.0,10.992468,7846989.0,359.1795995,IT=2.5;2.5 ,ii
3022,Ref 2,5.131,73212,245036610.0,11.001281,10347654.0,359.1796951,IT=2.6;2.6 ,ii
3027,Ref 2,4.942,70500,238653460.0,11.009801,11862748.0,359.1795897,IT=2.5;2.5 ,ii
3032,Ref 2,5.122,66088,205424560.0,11.020593,11676577.0,359.1795503,IT=2.6;2.6 ,ii
3036,Ref 2,4.942,63948,199173630.0,11.029216,12225943.0,359.1795856,IT=2.5;2.5 ,ii
3039,Ref 2,5.562,69000,230452610.0,11.036816,15254077.0,359.1795311,IT=2.8;2.8 ,ii
3041,Ref 2,5.829,68648,212271100.0,11.042584,14683566.0,359.1795038,IT=2.9;2.9 ,ii
3042,Ref 2,5.388,67576,216372220.0,11.046299,14117053.0,359.1795314,IT=2.7;2.7 ,ii
3044,Ref 2,5.195,61784,204343340.0,11.052026,14413767.0,359.1794708,IT=2.6;2.6 ,ii
3045,Ref 2,7.667,73808,202941300.0,11.05593,14157551.0,359.179576,IT=3.8;3.8 ,ii
3048,Ref 2,6.072,71012,217262140.0,11.063468,15181029.0,359.1795296,IT=3;3 ,ii
3051,Ref 2,5.839,66412,208043570.0,11.071072,15212968.0,359.1795361,IT=2.9;2.9 ,ii
3055,Ref 2,6.707,68012,187909680.0,11.080513,12222720.0,359.1796621,IT=3.4;3.4 ,ii
3057,Ref 2,5.159,61596,193354750.0,11.086288,13189250.0,359.17956,IT=2.6;2.6 ,ii
3058,Ref 2,6.697,67580,185958690.0,11.090184,11774205.0,359.1795145,IT=3.3;3.3 ,ii
3061,Ref 2,6.504,69192,187298800.0,11.097563,12546383.0,359.1796179,IT=3.3;3.3 ,ii
3062,Ref 2,6.639,70868,191331600.0,11.101465,10938497.0,359.1796424,IT=3.3;3.3 ,ii
3063,Ref 2,7.016,67696,182278110.0,11.105163,11726514.0,359.1796723,IT=3.5;3.5 ,ii
3064,Ref 2,7.240,71440,167560640.0,11.109032,9335766.0,359.1796367,IT=3.6;3.6 ,ii
3065,Ref 2,7.465,71656,176370380.0,11.112905,9851290.0,359.1797178,IT=3.7;3.7 ,ii
3067,Ref 2,8.275,73352,164194530.0,11.11869,9414573.0,359.1797607,IT=4.1;4.1 ,ii
3068,Ref 2,10.520,76288,153349900.0,11.122663,8602266.0,359.1797655,IT=5.3;5.3 ,ii
3069,Ref 2,7.391,69372,164749250.0,11.126557,9703422.0,359.179619,IT=3.7;3.7 ,ii
3071,Ref 2,9.008,72676,148453300.0,11.132355,8095318.5,359.1795844,IT=4.5;4.5 ,ii
3072,Ref 2,8.723,71008,137032450.0,11.136303,6981366.5,359.1796675,IT=4.4;4.4 ,ii
3073,Ref 2,8.351,68684,154628130.0,11.140196,8470481.0,359.1796471,IT=4.2;4.2 ,ii
3074,Ref 2,10.550,77196,150040460.0,11.144127,7655734.5,359.1797033,IT=5.3;5.3 ,ii
3076,Ref 2,8.938,70568,145032380.0,11.149669,7189819.0,359.1797802,IT=4.5;4.5 ,ii
3078,Ref 2,9.103,73152,144177890.0,11.155494,6732851.5,359.1796898,IT=4.6;4.6 ,ii
3081,Ref 2,7.574,68120,151124990.0,11.163107,7128635.5,359.1797111,IT=3.8;3.8 ,ii
3082,Ref 2,9.901,74980,139939040.0,11.167071,6353617.5,359.1798173,IT=5;5 ,ii
3083,Ref 2,8.487,70464,143750700.0,11.170977,5999107.5,359.1797515,IT=4.2;4.2 ,ii
3084,Ref 2,11.734,76376,130658020.0,11.175021,5075359.0,359.179796,IT=5.9;5.9 ,ii
3086,Ref 2,10.085,70176,136724910.0,11.180871,5229168.5,359.1798046,IT=5;5 ,ii
3091,Ref 2,9.923,70144,124144700.0,11.190023,4370600.5,359.1797257,IT=5;5 ,ii
3094,Ref 2,12.332,76356,120275540.0,11.197275,3771401.2,359.1797863,IT=6.2;6.2 ,ii
3097,Ref 2,10.715,72236,119100300.0,11.202823,3833525.2,359.179849,IT=5.4;5.4 ,ii
3101,Ref 2,13.208,74668,109647390.0,11.2124,3064487.0,359.1797641,IT=6.6;6.6 ,ii
3102,Ref 2,12.258,71272,105601460.0,11.216248,2677218.2,359.1798018,IT=6.1;6.1 ,ii
3103,Ref 2,13.250,72968,103577570.0,11.220246,2712755.0,359.1797781,IT=6.6;6.6 ,ii
3104,Ref 2,10.342,68876,107706290.0,11.224194,2703914.5,359.179801,IT=5.2;5.2 ,ii
3105,Ref 2,12.330,69560,108210390.0,11.227994,2841253.5,359.1797264,IT=6.2;6.2 ,ii
3106,Ref 2,15.020,75916,97308848.0,11.232017,2257218.2,359.1797453,IT=7.5;7.5 ,ii
3107,Ref 2,12.899,71484,107617490.0,11.236014,2543152.5,359.1797758,IT=6.4;6.4 ,ii
3108,Ref 2,13.356,69120,100289590.0,11.240012,2269079.8,391.2839881,IT=6.7;6.7 ,ii
3110,Ref 2,13.217,67560,85872504.0,11.245858,2008396.5,359.1797409,IT=6.6;6.6 ,ii
3111,Ref 2,12.068,65792,93058992.0,11.249708,2153824.2,391.2840315,IT=6;6 ,ii
3115,Ref 2,12.723,68084,91610792.0,11.257079,1959362.0,391.2839991,IT=6.4;6.4 ,ii
3116,Ref 2,14.368,71432,91946640.0,11.261143,2136677.2,391.2840284,IT=7.2;7.2 ,ii
3118,Ref 2,13.585,69756,94009688.0,11.265166,2253737.2,391.2839673,IT=6.8;6.8 ,ii
3119,Ref 2,14.777,70848,90839688.0,11.269208,2030802.9,391.2839284,IT=7.4;7.4 ,ii
3120,Ref 2,11.954,65848,90386344.0,11.273191,2106626.8,391.2839153,IT=6;6 ,ii
3122,Ref 2,13.301,68260,95647912.0,11.279039,2435333.2,391.2839805,IT=6.7;6.7 ,ii
3123,Ref 2,16.599,71636,88486312.0,11.283125,2158691.2,361.180963,IT=8.3;8.3 ,ii
3124,Ref 2,13.924,68884,83732152.0,11.286956,2132444.0,361.1809651,IT=7;7 ,ii
3126,Ref 2,13.621,66704,83308176.0,11.290962,2272101.8,391.2840545,IT=6.8;6.8 ,ii
3127,Ref 2,14.692,72964,88265464.0,11.295012,2310734.0,361.1809581,IT=7.3;7.3 ,ii
3131,Ref 2,14.341,67228,79231672.0,11.302139,2160184.8,361.1808502,IT=7.2;7.2 ,ii
3132,Ref 2,14.416,69176,82822448.0,11.306179,2209892.2,361.180908,IT=7.2;7.2 ,ii
3134,Ref 2,14.120,70520,87513136.0,11.310181,2545296.5,361.1808134,IT=7.1;7.1 ,ii
3135,Ref 2,17.908,72600,83390360.0,11.314287,2390641.0,361.1809379,IT=9;9 ,ii
3136,Ref 2,13.499,65832,81496048.0,11.318093,2285910.0,361.1808497,IT=6.7;6.7 ,ii
3137,Ref 2,14.803,67648,84224728.0,11.322118,2456209.0,361.1808148,IT=7.4;7.4 ,ii
3138,Ref 2,15.805,70320,81041800.0,11.326164,2307037.0,361.1809075,IT=7.9;7.9 ,ii
3139,Ref 2,13.296,64740,78279776.0,11.330164,2251812.8,391.2841293,IT=6.6;6.6 ,ii
3142,Ref 2,16.006,73152,82075704.0,11.335778,2548475.2,361.1808634,IT=8;8 ,ii
3143,Ref 2,13.449,65488,83018624.0,11.33962,2507721.2,361.1809163,IT=6.7;6.7 ,ii
3144,Ref 2,15.490,66048,80797528.0,11.343655,2602983.0,361.1808257,IT=7.7;7.7 ,ii
3145,Ref 2,20.102,71436,72260888.0,11.347772,2283899.8,361.180974,IT=10;10 ,ii
3146,Ref 2,16.929,71852,81739952.0,11.351791,2631367.8,361.1808534,IT=8.5;8.5 ,ii
3147,Ref 2,14.976,68040,79847944.0,11.355641,2512899.8,361.1809416,IT=7.5;7.5 ,ii
3149,Ref 2,16.197,67840,76083864.0,11.359703,2579730.0,361.1808845,IT=8.1;8.1 ,ii
3150,Ref 2,11.581,60524,81275504.0,11.363682,2823429.5,361.1809504,IT=5.8;5.8 ,ii
3152,Ref 2,14.445,68096,82337160.0,11.367818,2822002.8,361.1808754,IT=7.2;7.2 ,ii
3153,Ref 2,16.154,66528,71876792.0,11.371716,2318558.5,361.1809543,IT=8.1;8.1 ,ii
3155,Ref 2,15.706,66000,77476256.0,11.375759,2498799.8,361.1809363,IT=7.9;7.9 ,ii
3156,Ref 2,16.707,65352,75057144.0,11.379822,2265077.5,391.2841541,IT=8.4;8.4 ,ii
3157,Ref 2,14.454,63904,71861608.0,11.383843,2262042.5,361.1809788,IT=7.2;7.2 ,ii
3158,Ref 2,18.802,72972,74322912.0,11.387766,2263996.2,361.1809997,IT=9.4;9.4 ,ii
3159,Ref 2,15.206,67096,77302416.0,11.391768,2505726.8,361.1810426,IT=7.6;7.6 ,ii
3162,Ref 2,15.961,67340,79634712.0,11.397672,2588687.8,361.1810032,IT=8;8 ,ii
3164,Ref 2,16.669,69164,78336760.0,11.401774,2511980.8,361.1810277,IT=8.3;8.3 ,ii
3165,Ref 2,15.855,66484,76952808.0,11.405828,2334321.5,361.181021,IT=7.9;7.9 ,ii
3168,Ref 2,20.240,72316,70178480.0,11.411801,2117333.2,361.1810362,IT=10;10 ,ii
3169,Ref 2,17.923,72360,78483264.0,11.41583,2468561.5,361.1809415,IT=9;9 ,ii
3171,Ref 2,15.538,63892,74794448.0,11.419884,2410237.2,361.1807676,IT=7.8;7.8 ,ii
3172,Ref 2,14.425,60384,64968996.0,11.423907,2155607.8,361.1809279,IT=7.2;7.2 ,ii
3173,Ref 2,18.643,69488,73435496.0,11.427992,2315794.2,361.1808784,IT=9.3;9.3 ,ii
3174,Ref 2,16.052,66628,74778632.0,11.432017,2419250.0,361.1808768,IT=8;8 ,ii
3175,Ref 2,14.911,63468,68979968.0,11.435876,2210807.5,361.1808835,IT=7.5;7.5 ,ii
3176,Ref 2,20.205,69988,76249008.0,11.439996,2395712.2,361.1810162,IT=10;10 ,ii
3177,Ref 2,17.239,69892,75284640.0,11.444011,2371845.2,361.1808886,IT=8.6;8.6 ,ii
3178,Ref 2,22.446,73608,68012864.0,11.448146,2092320.4,361.1810189,IT=11;11 ,ii
3179,Ref 2,18.446,73424,76316976.0,11.451996,2273501.8,361.1809939,IT=9.2;9.2 ,ii
3180,Ref 2,17.072,68956,79325984.0,11.456034,2567552.0,361.1810139,IT=8.5;8.5 ,ii
3183,Ref 2,17.305,64412,71768568.0,11.46199,2363470.8,361.181001,IT=8.7;8.7 ,ii
3184,Ref 2,18.530,70872,75379368.0,11.466069,2495236.5,361.1808618,IT=9.3;9.3 ,ii
3185,Ref 2,17.089,63644,71478376.0,11.470102,2210298.0,361.1809778,IT=8.5;8.5 ,ii
3186,Ref 2,12.854,62500,78631464.0,11.473917,2335592.8,361.1808773,IT=6.4;6.4 ,ii
3187,Ref 2,16.334,63300,68212096.0,11.477798,2041533.5,361.1808979,IT=8.2;8.2 ,ii
3188,Ref 2,14.566,62972,71987008.0,11.481813,2158121.0,391.2840041,IT=7.3;7.3 ,ii
3189,Ref 2,16.656,65508,72301416.0,11.485873,2174800.8,361.1809602,IT=8.3;8.3 ,ii
3191,Ref 2,16.432,62552,70484600.0,11.489931,2222996.5,361.1808408,IT=8.2;8.2 ,ii
3192,Ref 2,17.859,68292,75279032.0,11.494006,2407153.5,361.1808751,IT=8.9;8.9 ,ii
3193,Ref 2,20.025,69928,69239952.0,11.498096,1923717.1,361.180939,IT=10;10 ,ii
3194,Ref 2,17.440,67060,74263376.0,11.502117,2295027.0,361.1808177,IT=8.7;8.7 ,ii
3195,Ref 2,20.418,71304,74216496.0,11.50605,2160213.8,391.2840364,IT=10;10 ,ii
3196,Ref 2,19.078,69204,70953016.0,11.509927,2108974.5,361.1808129,IT=9.5;9.5 ,ii
3197,Ref 2,18.647,69560,70656712.0,11.513994,2064612.2,391.2839612,IT=9.3;9.3 ,ii
3198,Ref 2,20.318,71428,69004664.0,11.518081,2040347.1,391.2841455,IT=10;10 ,ii
3200,Ref 2,17.575,65628,69895528.0,11.522329,2031354.6,361.180888,IT=8.8;8.8 ,ii
3201,Ref 2,15.273,63816,68014264.0,11.526188,2143195.8,391.2840511,IT=7.6;7.6 ,ii
3202,Ref 2,17.233,66320,70634720.0,11.53026,2116001.5,391.2840808,IT=8.6;8.6 ,ii
3203,Ref 2,18.958,66364,69106880.0,11.534354,2024335.8,391.2840373,IT=9.5;9.5 ,ii
3204,Ref 2,14.533,61668,71147728.0,11.538346,2088495.5,361.1810022,IT=7.3;7.3 ,ii
3206,Ref 2,16.791,66076,73697696.0,11.542385,2209726.5,391.2839993,IT=8.4;8.4 ,ii
3207,Ref 2,18.581,68368,71539536.0,11.546469,2161848.5,391.2841724,IT=9.3;9.3 ,ii
3209,Ref 2,18.242,64532,67569424.0,11.550537,1979639.2,391.2840948,IT=9.1;9.1 ,ii
3210,Ref 2,19.207,69316,75315152.0,11.554614,2228285.5,431.2011212,IT=9.6;9.6 ,ii
3211,Ref 2,16.006,66716,75573392.0,11.558458,2205156.2,431.2010945,IT=8;8 ,ii
3212,Ref 2,24.086,72052,68770088.0,11.562637,2110119.8,431.2013454,IT=12;12 ,ii
3215,Ref 2,17.346,68116,77221056.0,11.568275,2362837.2,391.2839039,IT=8.7;8.7 ,ii
3216,Ref 2,16.779,67808,74588768.0,11.572333,2458618.0,431.2011018,IT=8.4;8.4 ,ii
3217,Ref 2,17.178,63204,70321456.0,11.576395,2346601.8,431.2010532,IT=8.6;8.6 ,ii
3218,Ref 2,14.026,59832,73274616.0,11.580235,2431483.5,431.2010967,IT=7;7 ,ii
3220,Ref 2,17.250,63364,69367360.0,11.586152,2327527.2,431.2010276,IT=8.6;8.6 ,ii
3221,Ref 2,17.350,65332,73998376.0,11.590208,2558390.2,431.2011123,IT=8.7;8.7 ,ii
3222,Ref 2,16.829,66860,75876088.0,11.594249,2691240.8,431.2010265,IT=8.4;8.4 ,ii
3223,Ref 2,13.776,60620,73867024.0,11.598245,2963020.0,431.2011727,IT=6.9;6.9 ,ii
3225,Ref 2,14.703,64768,76952600.0,11.602441,2909304.5,431.201101,IT=7.4;7.4 ,ii
3226,Ref 2,15.820,64556,78489344.0,11.606335,2980212.0,431.2009775,IT=7.9;7.9 ,ii
3227,Ref 2,18.781,67232,72532584.0,11.610424,2997237.8,431.2011229,IT=9.4;9.4 ,ii
3228,Ref 2,19.458,67216,68624912.0,11.614495,2796589.8,431.2011707,IT=9.7;9.7 ,ii
3229,Ref 2,15.221,64928,77860952.0,11.618487,3401075.8,431.2010295,IT=7.6;7.6 ,ii
3230,Ref 2,14.793,60764,72042816.0,11.622349,3289959.5,431.2011646,IT=7.4;7.4 ,ii
3234,Ref 2,18.074,67268,77706424.0,11.631914,3527597.5,431.201091,IT=9;9 ,ii
3235,Ref 2,15.086,62204,67776408.0,11.63592,3136670.2,431.2010754,IT=7.5;7.5 ,ii
3239,Ref 2,15.926,64296,81168416.0,11.645339,4017608.2,431.2010235,IT=8;8 ,ii
3240,Ref 2,16.317,62704,73130856.0,11.649235,3829393.8,431.2011729,IT=8.2;8.2 ,ii
3242,Ref 2,16.404,61232,70927872.0,11.65327,3767205.8,431.2011093,IT=8.2;8.2 ,ii
3243,Ref 2,15.410,62740,81329344.0,11.657312,4437963.5,431.201125,IT=7.7;7.7 ,ii
3244,Ref 2,17.816,64996,74019440.0,11.661389,4103899.0,431.2011702,IT=8.9;8.9 ,ii
3246,Ref 2,19.327,64524,71530360.0,11.665491,3913379.5,431.2011687,IT=9.7;9.7 ,ii
3247,Ref 2,18.260,65832,77973304.0,11.669536,4475702.0,431.2011703,IT=9.1;9.1 ,ii
3248,Ref 2,18.171,65456,77074192.0,11.673589,4739915.5,431.2011308,IT=9.1;9.1 ,ii
3250,Ref 2,15.780,61356,74281616.0,11.677799,4468937.5,431.2010931,IT=7.9;7.9 ,ii
3251,Ref 2,17.409,65240,76467152.0,11.681722,4638182.0,431.201056,IT=8.7;8.7 ,ii
3252,Ref 2,17.464,64792,75857216.0,11.685774,4748876.5,431.2010889,IT=8.7;8.7 ,ii
3253,Ref 2,17.644,62404,73463264.0,11.689834,5081998.5,431.2010202,IT=8.8;8.8 ,ii
3254,Ref 2,18.354,66420,77643288.0,11.693895,5245762.0,431.2010984,IT=9.2;9.2 ,ii
3255,Ref 2,14.384,61500,81036800.0,11.697734,5715733.0,431.2010401,IT=7.2;7.2 ,ii
3256,Ref 2,20.050,64936,66252364.0,11.701855,4694758.0,431.2011619,IT=10;10 ,ii
3257,Ref 2,15.908,66352,86719072.0,11.705851,6015235.0,431.2010738,IT=8;8 ,ii
3258,Ref 2,16.993,63508,79209824.0,11.709911,5798687.5,431.2011972,IT=8.5;8.5 ,ii
3260,Ref 2,16.810,59360,73386096.0,11.713951,5578678.0,431.2011353,IT=8.4;8.4 ,ii
3261,Ref 2,19.635,68500,78881448.0,11.718055,5977491.5,431.201094,IT=9.8;9.8 ,ii
3262,Ref 2,15.568,61304,73391040.0,11.722055,5638591.0,431.2010534,IT=7.8;7.8 ,ii
3263,Ref 2,15.673,62344,78279928.0,11.726101,6214404.0,431.2010462,IT=7.8;7.8 ,ii
3264,Ref 2,14.066,57528,74885136.0,11.729951,6098962.5,431.201096,IT=7;7 ,ii
3265,Ref 2,14.228,59152,81623056.0,11.733969,6710462.0,431.2010797,IT=7.1;7.1 ,ii
3266,Ref 2,13.527,61040,84559544.0,11.737976,7091526.0,431.2009836,IT=6.8;6.8 ,ii
3268,Ref 2,15.252,62136,79627248.0,11.743867,6563757.0,431.2010113,IT=7.6;7.6 ,ii
3269,Ref 2,14.649,61144,85235888.0,11.747901,7607842.5,431.2010128,IT=7.3;7.3 ,ii
3270,Ref 2,17.113,62324,76778632.0,11.751969,6903666.5,431.2011695,IT=8.6;8.6 ,ii
3272,Ref 2,15.622,63608,87197944.0,11.755986,7900829.0,431.2010299,IT=7.8;7.8 ,ii
3273,Ref 2,15.975,63196,88212368.0,11.760036,8072571.0,431.2011795,IT=8;8 ,ii
3276,Ref 2,13.609,58860,83934592.0,11.76588,7536761.5,431.2010502,IT=6.8;6.8 ,ii
3277,Ref 2,12.683,58320,84725192.0,11.769913,8505154.0,431.2011937,IT=6.3;6.3 ,ii
3279,Ref 2,14.347,60464,85798800.0,11.774075,8730452.0,431.2009422,IT=7.2;7.2 ,ii
3280,Ref 2,14.297,59752,81210600.0,11.77795,8289803.0,431.2010868,IT=7.1;7.1 ,ii
3281,Ref 2,15.043,62960,84580768.0,11.78198,8433177.0,431.2011504,IT=7.5;7.5 ,ii
3282,Ref 2,11.789,56720,92735592.0,11.785961,9656647.0,431.2010404,IT=5.9;5.9 ,ii
3283,Ref 2,14.208,57100,76985640.0,11.789957,8298177.0,431.2010469,IT=7.1;7.1 ,ii
3284,Ref 2,18.598,65872,83221016.0,11.794042,8266650.5,431.2011215,IT=9.3;9.3 ,ii
3285,Ref 2,13.111,54484,79081864.0,11.797838,8930886.0,431.2010751,IT=6.6;6.6 ,ii
3287,Ref 2,17.202,61264,79345272.0,11.80375,8692004.0,431.2012524,IT=8.6;8.6 ,ii
3291,Ref 2,13.640,59404,87364752.0,11.811144,10393919.0,431.2011584,IT=6.8;6.8 ,ii
3294,Ref 2,13.933,54340,75341672.0,11.817065,8945119.0,431.2010129,IT=7;7 ,ii
3295,Ref 2,13.870,58832,83430288.0,11.821104,9628162.0,431.200927,IT=6.9;6.9 ,ii
3297,Ref 2,13.085,56668,86199024.0,11.82694,10349796.0,431.2009689,IT=6.5;6.5 ,ii
3298,Ref 2,14.892,59784,84071472.0,11.830835,9932989.0,431.2011356,IT=7.4;7.4 ,ii
3301,Ref 2,13.705,58340,95408152.0,11.836679,11442364.0,431.2009067,IT=6.9;6.9 ,ii
3302,Ref 2,15.435,63180,84475032.0,11.840575,10681566.0,431.2010517,IT=7.7;7.7 ,ii
3303,Ref 2,13.708,59740,81208328.0,11.844587,9950676.0,431.2010166,IT=6.9;6.9 ,ii
3304,Ref 2,13.966,61720,85807344.0,11.848606,10653302.0,431.2010094,IT=7;7 ,ii
3305,Ref 2,18.764,65396,83394744.0,11.852533,10817698.0,431.2010611,IT=9.4;9.4 ,ii
3306,Ref 2,14.288,59200,83468792.0,11.856514,10959409.0,431.2010522,IT=7.1;7.1 ,ii
3307,Ref 2,13.209,57308,89175808.0,11.860514,11742481.0,431.2009537,IT=6.6;6.6 ,ii
3308,Ref 2,17.938,63400,84417776.0,11.864583,11258892.0,431.2010529,IT=9;9 ,ii
3309,Ref 2,14.000,57296,84555400.0,11.868402,11813715.0,431.2009919,IT=7;7 ,ii
3310,Ref 2,11.788,58216,94173656.0,11.872377,12937570.0,431.2009934,IT=5.9;5.9 ,ii
3311,Ref 2,14.980,61996,90519064.0,11.876393,12541994.0,431.2010754,IT=7.5;7.5 ,ii
3313,Ref 2,13.241,59136,86833280.0,11.880546,12080209.0,431.2009301,IT=6.6;6.6 ,ii
3315,Ref 2,14.162,61336,88937192.0,11.885377,12053749.0,431.2010287,IT=7.1;7.1 ,ii
3316,Ref 2,11.825,52964,78843584.0,11.889372,11480291.0,431.2010444,IT=5.9;5.9 ,ii
3317,Ref 2,14.997,61488,86283360.0,11.893383,12133678.0,431.2010586,IT=7.5;7.5 ,ii
3318,Ref 2,14.865,59796,83779552.0,11.897412,11718817.0,431.2012093,IT=7.4;7.4 ,ii
3320,Ref 2,13.507,56768,81979768.0,11.901585,11607836.0,431.2010836,IT=6.8;6.8 ,ii
3321,Ref 2,16.725,64604,83841608.0,11.905502,11788835.0,431.2012327,IT=8.4;8.4 ,ii
3322,Ref 2,15.924,61284,86759192.0,11.909535,12347919.0,431.2012037,IT=8;8 ,ii
3324,Ref 2,14.935,58552,84655040.0,11.913547,12298661.0,431.2009899,IT=7.5;7.5 ,ii
3325,Ref 2,17.712,67340,85686712.0,11.917635,12531273.0,431.2009805,IT=8.9;8.9 ,ii
3326,Ref 2,19.223,68900,85563008.0,11.921545,12429323.0,431.2011558,IT=9.6;9.6 ,ii
3328,Ref 2,12.541,56332,79057448.0,11.926279,12252680.0,431.2010452,IT=6.3;6.3 ,ii
3329,Ref 2,14.882,58152,78590816.0,11.930349,11541689.0,431.2010701,IT=7.4;7.4 ,ii
3330,Ref 2,14.110,61104,86681928.0,11.934362,13209795.0,431.2010465,IT=7.1;7.1 ,ii
3332,Ref 2,14.198,58648,88105472.0,11.940226,13644198.0,431.2010052,IT=7.1;7.1 ,ii
3333,Ref 2,12.520,56296,88915816.0,11.944237,13736857.0,431.2009298,IT=6.3;6.3 ,ii
3334,Ref 2,14.515,60464,88762656.0,11.948082,13884104.0,431.2009842,IT=7.3;7.3 ,ii
3335,Ref 2,13.842,60468,88840952.0,11.952089,13953697.0,431.2009581,IT=6.9;6.9 ,ii
3336,Ref 2,16.632,61400,81112728.0,11.956143,12522691.0,431.2009571,IT=8.3;8.3 ,ii
3337,Ref 2,12.777,57192,90039880.0,11.960122,14264431.0,431.2010895,IT=6.4;6.4 ,ii
3340,Ref 2,14.547,60392,84941088.0,11.965726,13568838.0,431.2009065,IT=7.3;7.3 ,ii
3341,Ref 2,12.910,54176,77660344.0,11.969568,12956045.0,431.2011122,IT=6.5;6.5 ,ii
3344,Ref 2,13.279,58872,92741672.0,11.975137,14988395.0,431.2009474,IT=6.6;6.6 ,ii
3345,Ref 2,15.400,60136,81071592.0,11.979039,13238755.0,431.2010754,IT=7.7;7.7 ,ii
3348,Ref 2,14.514,62476,88118360.0,11.984897,14009383.0,431.2010025,IT=7.3;7.3 ,ii
3349,Ref 2,13.972,61836,91158480.0,11.988922,14485481.0,431.2010386,IT=7;7 ,ii
3351,Ref 2,13.912,59828,86769888.0,11.992909,14154187.0,431.2010406,IT=7;7 ,ii
3352,Ref 2,10.022,53112,91020768.0,11.996899,14874141.0,431.2009702,IT=5;5 ,ii
3354,Ref 2,13.336,58760,87051216.0,12.002747,14678281.0,431.2009711,IT=6.7;6.7 ,ii
3355,Ref 2,12.171,59976,105721110.0,12.006593,17074560.0,431.2008457,IT=6.1;6.1 ,ii
3356,Ref 2,12.413,59436,93827632.0,12.010572,15251873.0,431.2009512,IT=6.2;6.2 ,ii
3357,Ref 2,12.264,58556,97373640.0,12.014555,16277119.0,431.2009229,IT=6.1;6.1 ,ii
3358,Ref 2,18.303,64672,80929200.0,12.018628,13044780.0,431.2010217,IT=9.2;9.2 ,ii
3359,Ref 2,13.506,58400,85579344.0,12.022432,14853559.0,431.2008967,IT=6.8;6.8 ,ii
3360,Ref 2,13.807,60124,91342728.0,12.026438,15557657.0,431.2010207,IT=6.9;6.9 ,ii
3361,Ref 2,14.849,61992,98950488.0,12.03047,16402324.0,431.2009572,IT=7.4;7.4 ,ii
3362,Ref 2,15.594,63516,91648856.0,12.034519,14767122.0,431.2010633,IT=7.8;7.8 ,ii
3363,Ref 2,11.561,59728,93013112.0,12.038338,15080849.0,431.2009989,IT=5.8;5.8 ,ii
3364,Ref 2,11.419,55224,92532096.0,12.042294,15446655.0,431.2011224,IT=5.7;5.7 ,ii
3366,Ref 2,15.600,61080,92220992.0,12.046292,15366019.0,431.2010233,IT=7.8;7.8 ,ii
3367,Ref 2,13.371,59776,101515610.0,12.050305,17168498.0,431.2010206,IT=6.7;6.7 ,ii
3368,Ref 2,15.666,61876,88518616.0,12.054176,14798479.0,431.2010429,IT=7.8;7.8 ,ii
3369,Ref 2,12.601,60260,100209110.0,12.058167,16329876.0,431.2009815,IT=6.3;6.3 ,ii
3371,Ref 2,14.362,61552,91155328.0,12.064036,14985346.0,431.201061,IT=7.2;7.2 ,ii
3372,Ref 2,15.265,62412,86353752.0,12.06809,13938190.0,431.2011078,IT=7.6;7.6 ,ii
3373,Ref 2,12.438,56836,92251376.0,12.072082,15026847.0,431.2010983,IT=6.2;6.2 ,ii
3374,Ref 2,12.861,61264,102585820.0,12.075905,15997530.0,431.2009792,IT=6.4;6.4 ,ii
3375,Ref 2,13.767,58216,90936880.0,12.079919,14917703.0,431.2010133,IT=6.9;6.9 ,ii
3376,Ref 2,14.412,62924,97473928.0,12.08394,15127087.0,431.201101,IT=7.2;7.2 ,ii
3378,Ref 2,14.209,61120,100919100.0,12.0881,15783083.0,431.2009602,IT=7.1;7.1 ,ii
3379,Ref 2,12.911,58548,96288480.0,12.092119,15566404.0,431.2009171,IT=6.5;6.5 ,ii
3382,Ref 2,13.311,60204,99372280.0,12.09978,16146349.0,431.2009312,IT=6.7;6.7 ,ii
3383,Ref 2,10.441,53892,90959192.0,12.103765,14620281.0,431.2009486,IT=5.2;5.2 ,ii
3385,Ref 2,14.474,61944,91739128.0,12.107725,14521150.0,431.2010015,IT=7.2;7.2 ,ii
3386,Ref 2,12.083,61448,98503208.0,12.111727,15030220.0,431.200911,IT=6;6 ,ii
3387,Ref 2,11.060,55292,100162590.0,12.115686,15227414.0,431.200881,IT=5.5;5.5 ,ii
3390,Ref 2,12.083,58484,92693560.0,12.123361,14185303.0,431.2008218,IT=6;6 ,ii
3391,Ref 2,14.024,59920,94368576.0,12.127413,14330541.0,431.2008944,IT=7;7 ,ii
3394,Ref 2,13.309,58356,86351216.0,12.133275,12768477.0,431.2009211,IT=6.7;6.7 ,ii
3395,Ref 2,13.229,62008,93472632.0,12.137306,13569149.0,431.2009408,IT=6.6;6.6 ,ii
3396,Ref 2,14.168,65408,103765340.0,12.141321,15186146.0,431.2009793,IT=7.1;7.1 ,ii
3398,Ref 2,13.800,60148,90973904.0,12.14531,13278573.0,431.200933,IT=6.9;6.9 ,ii
3399,Ref 2,11.160,58688,94707904.0,12.1493,14061835.0,431.2010066,IT=5.6;5.6 ,ii
3401,Ref 2,12.636,59340,94670264.0,12.155131,13401054.0,431.2009608,IT=6.3;6.3 ,ii
3402,Ref 2,17.112,65956,90081752.0,12.159239,12806640.0,431.2010511,IT=8.6;8.6 ,ii
3403,Ref 2,11.458,58216,97020376.0,12.1632,13503389.0,431.2009525,IT=5.7;5.7 ,ii
3405,Ref 2,13.093,64128,102683910.0,12.16905,13703967.0,431.2008618,IT=6.5;6.5 ,ii
3406,Ref 2,12.487,62412,101128180.0,12.173064,13691782.0,431.2008901,IT=6.2;6.2 ,ii
3408,Ref 2,14.840,63088,84933592.0,12.178956,11395512.0,431.2010714,IT=7.4;7.4 ,ii
3410,Ref 2,14.494,62336,83810376.0,12.182998,10859472.0,431.201075,IT=7.2;7.2 ,ii
3411,Ref 2,15.260,64024,86062648.0,12.187052,11077117.0,431.2011338,IT=7.6;7.6 ,ii
3415,Ref 2,14.532,60980,86157688.0,12.19477,11282939.0,431.2010709,IT=7.3;7.3 ,ii
3416,Ref 2,15.276,67128,91316136.0,12.198656,10917231.0,431.2009995,IT=7.6;7.6 ,ii
3417,Ref 2,12.372,60324,85227248.0,12.202647,10710561.0,431.2010548,IT=6.2;6.2 ,ii
3418,Ref 2,19.192,65256,79068800.0,12.206735,9516935.0,431.2010819,IT=9.6;9.6 ,ii
3419,Ref 2,11.400,59160,89392944.0,12.210674,10932425.0,431.2009969,IT=5.7;5.7 ,ii
3421,Ref 2,14.700,62564,85757144.0,12.216595,10278159.0,431.2010404,IT=7.4;7.4 ,ii
3422,Ref 2,12.718,59828,79646672.0,12.220431,9295373.0,431.2011228,IT=6.4;6.4 ,ii
3425,Ref 2,12.721,63048,88762984.0,12.225993,10003224.0,431.2010767,IT=6.4;6.4 ,ii
3426,Ref 2,11.742,59692,94398784.0,12.229837,10812061.0,431.2009718,IT=5.9;5.9 ,ii
3428,Ref 2,14.967,64464,86066728.0,12.23572,9599001.0,431.201102,IT=7.5;7.5 ,ii
3429,Ref 2,15.265,64612,84155136.0,12.239758,9375367.0,431.2009992,IT=7.6;7.6 ,ii
3432,Ref 2,13.901,61212,81162160.0,12.244356,9080020.0,431.2009899,IT=7;7 ,ii
3433,Ref 2,12.980,64268,88977088.0,12.248372,9377627.0,431.2010111,IT=6.5;6.5 ,ii
3437,Ref 2,15.619,66004,80946712.0,12.256078,8102598.0,431.2010061,IT=7.8;7.8 ,ii
3438,Ref 2,11.100,52932,79882928.0,12.260053,8318571.5,431.2009374,IT=5.5;5.5 ,ii
3440,Ref 2,14.649,66968,86676368.0,12.265922,8336105.0,431.2009953,IT=7.3;7.3 ,ii
3441,Ref 2,14.135,60748,74519704.0,12.269953,7314455.0,431.2011386,IT=7.1;7.1 ,ii
3443,Ref 2,15.377,65624,81560264.0,12.273995,7597426.5,431.2010342,IT=7.7;7.7 ,ii
3444,Ref 2,12.878,63568,89063544.0,12.278012,8228623.0,431.2009681,IT=6.4;6.4 ,ii
3446,Ref 2,17.289,68568,83678624.0,12.283924,7762690.0,431.2009581,IT=8.6;8.6 ,ii
3447,Ref 2,15.029,66100,86179496.0,12.287955,7708481.5,431.2009194,IT=7.5;7.5 ,ii
3449,Ref 2,15.599,66996,80806304.0,12.293859,6912119.0,431.2009956,IT=7.8;7.8 ,ii
3450,Ref 2,12.954,59952,80190512.0,12.297866,6912572.5,431.2011266,IT=6.5;6.5 ,ii
3452,Ref 2,14.835,62916,82747480.0,12.302043,6976211.0,431.2009106,IT=7.4;7.4 ,ii
3453,Ref 2,14.672,63060,82155568.0,12.305913,7147644.0,431.2010035,IT=7.3;7.3 ,ii
3455,Ref 2,14.753,63732,79177240.0,12.311788,6505327.5,431.2008991,IT=7.4;7.4 ,ii
3456,Ref 2,13.478,61540,80145408.0,12.315645,6715950.0,431.2009302,IT=6.7;6.7 ,ii
3459,Ref 2,14.404,60640,76207264.0,12.321524,6271993.0,431.2008417,IT=7.2;7.2 ,ii
3460,Ref 2,19.661,71028,82180680.0,12.325651,6224147.5,431.2009748,IT=9.8;9.8 ,ii
3461,Ref 2,12.823,61620,80891904.0,12.329605,6290263.0,431.2008742,IT=6.4;6.4 ,ii
3462,Ref 2,22.038,70388,71885384.0,12.333747,5592864.5,431.2009952,IT=11;11 ,ii
3463,Ref 2,15.471,67004,80901240.0,12.337555,6131837.5,431.2008862,IT=7.7;7.7 ,ii
3464,Ref 2,14.392,62480,79824984.0,12.341582,5749769.0,431.2009331,IT=7.2;7.2 ,ii
3465,Ref 2,13.650,66332,92445080.0,12.345594,6726087.5,431.200842,IT=6.8;6.8 ,ii
3466,Ref 2,11.404,53484,69808136.0,12.349563,5210646.0,431.2009231,IT=5.7;5.7 ,ii
3467,Ref 2,17.395,69080,83271192.0,12.353453,5694503.0,431.2008696,IT=8.7;8.7 ,ii
3468,Ref 2,15.110,67112,89493872.0,12.357472,6292007.5,431.2008228,IT=7.6;7.6 ,ii
3469,Ref 2,15.260,63376,86020080.0,12.361511,5866006.0,431.2007945,IT=7.6;7.6 ,ii
3470,Ref 2,14.968,64560,84634256.0,12.365544,5609937.0,431.2008507,IT=7.5;7.5 ,ii
3471,Ref 2,15.030,65056,89060288.0,12.369419,5914090.0,431.2007723,IT=7.5;7.5 ,ii
3472,Ref 2,15.885,64060,81172904.0,12.373471,5347155.5,431.200851,IT=7.9;7.9 ,ii
3473,Ref 2,16.022,67236,93317984.0,12.377519,6061097.5,431.2010053,IT=8;8 ,ii
3475,Ref 2,14.340,64380,95346640.0,12.381686,6052097.0,431.2008609,IT=7.2;7.2 ,ii
3476,Ref 2,20.088,66984,76738112.0,12.38565,4791116.0,431.2011272,IT=10;10 ,ii
3480,Ref 2,14.935,63176,89247896.0,12.393098,5475494.5,431.2009505,IT=7.5;7.5 ,ii
3481,Ref 2,14.406,63892,88596624.0,12.397148,5207257.5,431.2009467,IT=7.2;7.2 ,ii
3482,Ref 2,16.934,67208,87412080.0,12.401044,5212920.5,431.2010041,IT=8.5;8.5 ,ii
3484,Ref 2,11.308,59244,100530300.0,12.405019,5954029.5,431.2008953,IT=5.7;5.7 ,ii
3486,Ref 2,13.674,60780,84709784.0,12.410915,4803351.0,431.200959,IT=6.8;6.8 ,ii
3487,Ref 2,13.190,61492,94070232.0,12.414948,5198637.0,431.2007893,IT=6.6;6.6 ,ii
3488,Ref 2,14.392,62172,90496760.0,12.418963,5035693.0,431.2008847,IT=7.2;7.2 ,ii
3490,Ref 2,13.971,63708,95083848.0,12.424821,5152497.0,431.2009372,IT=7;7 ,ii
3491,Ref 2,14.413,65280,97037952.0,12.428702,5042303.0,431.2008921,IT=7.2;7.2 ,ii
3493,Ref 2,12.875,63356,104992750.0,12.434563,5645527.5,431.2008234,IT=6.4;6.4 ,ii
3494,Ref 2,14.810,60872,82665904.0,12.438456,4291004.5,431.2009334,IT=7.4;7.4 ,ii
3496,Ref 2,11.613,57472,88499808.0,12.442429,4384848.5,431.2009241,IT=5.8;5.8 ,ii
3499,Ref 2,11.731,60988,102428150.0,12.450123,4949431.5,474.8966766,IT=5.9;5.9 ,ii
3501,Ref 2,12.352,60512,102562830.0,12.456004,4849058.0,431.2009162,IT=6.2;6.2 ,ii
3502,Ref 2,15.586,62208,85352992.0,12.460079,3950000.8,431.2009244,IT=7.8;7.8 ,ii
3503,Ref 2,13.363,61520,93311872.0,12.46409,4804672.5,474.8967113,IT=6.7;6.7 ,ii
3504,Ref 2,12.766,59620,87339184.0,12.468079,3950458.8,474.8967577,IT=6.4;6.4 ,ii
3505,Ref 2,14.695,58380,77705368.0,12.4721,3779900.8,474.8968047,IT=7.3;7.3 ,ii
3508,Ref 2,13.001,60064,95454352.0,12.479756,4229264.5,474.8966963,IT=6.5;6.5 ,ii
3509,Ref 2,14.927,62044,91638816.0,12.483817,4662826.5,474.8968091,IT=7.5;7.5 ,ii
3510,Ref 2,12.672,60284,94973120.0,12.487808,4397441.5,474.8967879,IT=6.3;6.3 ,ii
3512,Ref 2,11.852,54916,90523056.0,12.493639,4267219.0,474.8968421,IT=5.9;5.9 ,ii
3514,Ref 2,11.928,58176,88564536.0,12.497662,4361710.5,474.8966786,IT=6;6 ,ii
3515,Ref 2,14.435,62632,87303632.0,12.501712,4104086.5,474.8967827,IT=7.2;7.2 ,ii
3519,Ref 2,14.110,56640,78802752.0,12.509425,3548541.5,474.8967728,IT=7.1;7.1 ,ii
3520,Ref 2,11.600,57684,92623112.0,12.513268,3985321.2,474.8966001,IT=5.8;5.8 ,ii
3521,Ref 2,15.939,66020,94364896.0,12.517302,3925088.2,474.8967462,IT=8;8 ,ii
3522,Ref 2,13.237,57220,78844048.0,12.521302,3249323.2,474.8968534,IT=6.6;6.6 ,ii
3525,Ref 2,14.121,64440,94138224.0,12.526885,3677809.5,367.2135465,IT=7.1;7.1 ,ii
3526,Ref 2,12.237,60388,89850744.0,12.530889,3594392.8,474.8966734,IT=6.1;6.1 ,ii
3527,Ref 2,15.097,59536,74072920.0,12.534743,2758455.5,367.2135955,IT=7.5;7.5 ,ii
3528,Ref 2,15.814,62252,81922952.0,12.538789,3047847.2,367.2136819,IT=7.9;7.9 ,ii
3529,Ref 2,17.766,69340,86443912.0,12.54286,2965238.0,367.2136532,IT=8.9;8.9 ,ii
3530,Ref 2,12.953,59924,83540760.0,12.546833,2979104.5,474.8968036,IT=6.5;6.5 ,ii
3532,Ref 2,13.905,58736,76910728.0,12.552693,2638968.8,367.2136685,IT=7;7 ,ii
3533,Ref 2,11.796,55268,77230832.0,12.556526,2725255.0,367.2137226,IT=5.9;5.9 ,ii
3534,Ref 2,20.992,69852,72628256.0,12.560649,2504645.2,367.2137035,IT=10;10 ,ii
3535,Ref 2,14.505,61056,76218856.0,12.564612,2649879.0,367.213753,IT=7.3;7.3 ,ii
3536,Ref 2,17.580,67220,85184776.0,12.568693,2756043.0,367.2136821,IT=8.8;8.8 ,ii
3537,Ref 2,17.058,62284,68613232.0,12.572562,2340101.0,367.2136703,IT=8.5;8.5 ,ii
3538,Ref 2,16.078,61180,77733944.0,12.576599,2723784.0,367.2136302,IT=8;8 ,ii
3539,Ref 2,13.555,57476,73560816.0,12.580603,2506553.2,367.2136853,IT=6.8;6.8 ,ii
3540,Ref 2,10.942,53920,78320040.0,12.584557,2679043.5,367.2135883,IT=5.5;5.5 ,ii
3542,Ref 2,16.501,64448,82406312.0,12.59046,2921022.5,367.2136308,IT=8.3;8.3 ,ii
3543,Ref 2,14.956,61376,76494216.0,12.594489,2480900.2,367.2137823,IT=7.5;7.5 ,ii
3546,Ref 2,15.346,65004,82885568.0,12.600095,2816249.5,367.2136571,IT=7.7;7.7 ,ii
3547,Ref 2,12.096,57568,79975528.0,12.603924,2651032.8,367.2137577,IT=6;6 ,ii
3551,Ref 2,15.484,61196,72948816.0,12.611611,2427327.8,367.2136934,IT=7.7;7.7 ,ii
3552,Ref 2,16.975,63824,76346760.0,12.615693,2360935.5,367.2136831,IT=8.5;8.5 ,ii
3553,Ref 2,16.406,65128,76074552.0,12.619568,2397400.5,391.2839874,IT=8.2;8.2 ,ii
3554,Ref 2,24.248,71176,68374184.0,12.623749,2124122.5,367.2136321,IT=12;12 ,ii
3555,Ref 2,18.304,64964,73833208.0,12.627739,2322969.0,391.2841022,IT=9.2;9.2 ,ii
3557,Ref 2,15.601,62500,77463056.0,12.631953,2446954.8,367.2136598,IT=7.8;7.8 ,ii
3558,Ref 2,23.343,70492,69135632.0,12.635963,2068145.2,367.2138085,IT=12;12 ,ii
3561,Ref 2,16.922,62968,71930856.0,12.641592,2292286.5,408.7142243,IT=8.5;8.5 ,ii
3562,Ref 2,18.337,65500,70413576.0,12.64567,2341362.0,408.7142682,IT=9.2;9.2 ,ii
3564,Ref 2,16.627,62268,71823840.0,12.649715,2406994.8,408.7141841,IT=8.3;8.3 ,ii
3565,Ref 2,13.095,58628,78163232.0,12.653707,2672265.0,408.7141457,IT=6.5;6.5 ,ii
3567,Ref 2,16.402,59288,66614464.0,12.659609,2555791.5,408.7142528,IT=8.2;8.2 ,ii
3568,Ref 2,18.958,63660,70830296.0,12.663705,2689219.8,408.7143129,IT=9.5;9.5 ,ii
3569,Ref 2,15.762,60612,75177496.0,12.667561,3045170.8,408.7142317,IT=7.9;7.9 ,ii
3570,Ref 2,15.561,63204,79268056.0,12.671611,3518456.5,408.7142191,IT=7.8;7.8 ,ii
3571,Ref 2,12.004,52916,65504180.0,12.675597,3048279.8,408.7141517,IT=6;6 ,ii
3572,Ref 2,13.217,55144,74306592.0,12.679582,3337342.2,408.7141676,IT=6.6;6.6 ,ii
3573,Ref 2,20.349,67252,66835976.0,12.683528,3152586.8,408.7143878,IT=10;10 ,ii
3575,Ref 2,17.297,61068,66147856.0,12.687586,3261161.5,408.7143391,IT=8.6;8.6 ,ii
3576,Ref 2,15.024,60692,77504088.0,12.691607,3793587.5,408.7143227,IT=7.5;7.5 ,ii
3578,Ref 2,17.018,62296,76254056.0,12.695815,3907220.8,408.7141914,IT=8.5;8.5 ,ii
3579,Ref 2,16.711,58524,67059312.0,12.699698,3615758.0,408.7144069,IT=8.4;8.4 ,ii
3581,Ref 2,13.165,56060,70498880.0,12.70368,3776716.8,408.7142656,IT=6.6;6.6 ,ii
3582,Ref 2,13.343,54680,68731672.0,12.707713,4018333.0,408.7142593,IT=6.7;6.7 ,ii
3583,Ref 2,16.185,63532,74378976.0,12.711761,4221640.5,408.7141458,IT=8.1;8.1 ,ii
3584,Ref 2,18.426,65692,73681000.0,12.715667,4303311.0,408.7142542,IT=9.2;9.2 ,ii
3585,Ref 2,17.231,62936,75173496.0,12.719704,4480353.0,408.7142008,IT=8.6;8.6 ,ii
3586,Ref 2,13.861,57660,74984480.0,12.723698,4904240.5,408.7141577,IT=6.9;6.9 ,ii
3587,Ref 2,11.637,53284,70454688.0,12.727675,4806239.0,408.7142021,IT=5.8;5.8 ,ii
3589,Ref 2,17.368,64692,74706344.0,12.73339,4676723.5,408.7142162,IT=8.7;8.7 ,ii
3590,Ref 2,19.463,62220,63121660.0,12.737323,4499384.5,408.7142245,IT=9.7;9.7 ,ii
3591,Ref 2,19.780,64136,64785960.0,12.741398,4366047.0,408.7142581,IT=9.9;9.9 ,ii
3592,Ref 2,16.370,61408,75305192.0,12.745433,5146015.5,408.714108,IT=8.2;8.2 ,ii
3593,Ref 2,23.593,68792,67228488.0,12.749594,4619514.5,408.7143669,IT=12;12 ,ii
3594,Ref 2,21.244,65608,68310000.0,12.753633,4724088.5,408.7142443,IT=11;11 ,ii
3595,Ref 2,16.012,58612,69226576.0,12.757619,4982737.0,408.714152,IT=8;8 ,ii
3596,Ref 2,16.583,61732,74540216.0,12.761671,5734316.0,408.7141532,IT=8.3;8.3 ,ii
3597,Ref 2,13.475,55240,72666280.0,12.765665,5633277.0,408.7142842,IT=6.7;6.7 ,ii
3599,Ref 2,15.493,58860,73999888.0,12.769708,5672431.5,408.7140486,IT=7.7;7.7 ,ii
3600,Ref 2,13.805,54864,69875864.0,12.773723,5521439.5,408.7141074,IT=6.9;6.9 ,ii
3601,Ref 2,18.815,64480,73934328.0,12.77781,5964631.0,408.714148,IT=9.4;9.4 ,ii
3602,Ref 2,16.983,59644,73829936.0,12.78184,5912482.5,408.7141412,IT=8.5;8.5 ,ii
3603,Ref 2,13.817,57736,73033120.0,12.785667,5946244.5,408.7140519,IT=6.9;6.9 ,ii
3605,Ref 2,18.943,63804,73110112.0,12.791625,6108995.0,408.7141999,IT=9.5;9.5 ,ii
3606,Ref 2,15.065,58280,73744600.0,12.795623,5903164.0,408.7141486,IT=7.5;7.5 ,ii
3607,Ref 2,16.814,59008,70783488.0,12.799683,6220158.0,408.7141369,IT=8.4;8.4 ,ii
3609,Ref 2,17.922,60176,66377808.0,12.803744,5556197.5,408.7141966,IT=9;9 ,ii
3610,Ref 2,12.154,49744,67922648.0,12.807708,5864716.0,408.7141791,IT=6.1;6.1 ,ii
3612,Ref 2,17.969,59468,69264808.0,12.811935,6255761.0,408.7141055,IT=9;9 ,ii
3613,Ref 2,15.233,56780,69752784.0,12.815948,6082300.0,408.7141176,IT=7.6;7.6 ,ii
3614,Ref 2,15.589,58192,74299648.0,12.819989,6618314.0,408.7142539,IT=7.8;7.8 ,ii
3618,Ref 2,18.964,63084,72161312.0,12.827502,6184231.5,408.714116,IT=9.5;9.5 ,ii
3619,Ref 2,18.130,63044,73890200.0,12.831552,6824464.0,408.7141958,IT=9.1;9.1 ,ii
3620,Ref 2,13.848,56020,75890840.0,12.835533,6961016.5,408.7141273,IT=6.9;6.9 ,ii
3621,Ref 2,15.296,57612,72697208.0,12.839395,6391786.5,408.7140684,IT=7.6;7.6 ,ii
3622,Ref 2,12.942,53428,72371848.0,12.843393,6573875.5,408.714075,IT=6.5;6.5 ,ii
3623,Ref 2,18.012,59524,68426936.0,12.847472,6319380.0,408.714045,IT=9;9 ,ii
3624,Ref 2,14.168,51120,60117144.0,12.85146,5725190.5,408.7141996,IT=7.1;7.1 ,ii
3625,Ref 2,17.422,60624,67441952.0,12.855356,5963736.5,408.7141175,IT=8.7;8.7 ,ii
3626,Ref 2,21.663,65388,70008136.0,12.859474,6182219.0,408.7143165,IT=11;11 ,ii
3628,Ref 2,15.572,55548,63197680.0,12.863518,5922032.5,408.7141294,IT=7.8;7.8 ,ii
3629,Ref 2,20.857,65064,69239200.0,12.867651,6222319.0,408.7141836,IT=10;10 ,ii
3630,Ref 2,18.835,59368,66701716.0,12.871526,5905113.0,408.7142083,IT=9.4;9.4 ,ii
3631,Ref 2,14.825,59248,75922552.0,12.875522,7092903.0,408.7141878,IT=7.4;7.4 ,ii
3635,Ref 2,18.679,61620,69787504.0,12.883285,5950877.5,408.7141846,IT=9.3;9.3 ,ii
3636,Ref 2,18.473,61992,70389200.0,12.887174,6309262.0,408.7142299,IT=9.2;9.2 ,ii
3637,Ref 2,19.732,60732,66277936.0,12.891258,5857828.0,408.7142739,IT=9.9;9.9 ,ii
3639,Ref 2,16.525,58888,70519504.0,12.895299,6151659.5,408.714104,IT=8.3;8.3 ,ii
3640,Ref 2,12.981,54568,70697896.0,12.89931,6449509.5,408.7141732,IT=6.5;6.5 ,ii
3641,Ref 2,21.634,66296,67332096.0,12.903268,5814689.0,408.7143897,IT=11;11 ,ii
3643,Ref 2,16.530,58612,67522696.0,12.907314,5950147.5,408.7141949,IT=8.3;8.3 ,ii
3646,Ref 2,17.263,57684,63496028.0,12.913264,5562271.0,408.7141394,IT=8.6;8.6 ,ii
3647,Ref 2,22.408,65744,65242184.0,12.917407,5787850.5,408.7141746,IT=11;11 ,ii
3648,Ref 2,22.005,67220,67032564.0,12.921493,5757658.5,408.7142471,IT=11;11 ,ii
3649,Ref 2,17.850,58648,60569500.0,12.925486,5390950.0,408.7141198,IT=8.9;8.9 ,ii
3650,Ref 2,19.372,61504,66339048.0,12.929395,5584739.5,408.7140272,IT=9.7;9.7 ,ii
3651,Ref 2,19.189,63160,68531864.0,12.933453,5909343.0,408.714186,IT=9.6;9.6 ,ii
3653,Ref 2,17.662,59560,68391192.0,12.937515,5838940.0,408.7141729,IT=8.8;8.8 ,ii
3654,Ref 2,23.902,64860,60241848.0,12.941676,5125016.0,408.7142987,IT=12;12 ,ii
3656,Ref 2,19.170,62036,63232816.0,12.945778,5384622.0,408.7142028,IT=9.6;9.6 ,ii
3658,Ref 2,16.242,54620,57500260.0,12.949878,5146868.0,408.7141681,IT=8.1;8.1 ,ii
3660,Ref 2,18.589,60972,66583480.0,12.953995,5578734.0,408.7141991,IT=9.3;9.3 ,ii
3662,Ref 2,17.066,57872,68077888.0,12.958284,5535444.0,408.7141069,IT=8.5;8.5 ,ii
3663,Ref 2,22.621,65268,61276716.0,12.962436,5154323.0,408.714195,IT=11;11 ,ii
3665,Ref 2,20.170,62040,63681356.0,12.966538,5340444.0,408.7141569,IT=10;10 ,ii
3666,Ref 2,17.737,59004,62460740.0,12.970576,4949613.5,408.7141353,IT=8.9;8.9 ,ii
3667,Ref 2,19.307,62908,62118840.0,12.974669,4985269.0,408.7141681,IT=9.7;9.7 ,ii
3668,Ref 2,17.798,59308,60772916.0,12.978719,4933159.0,408.7141478,IT=8.9;8.9 ,ii
3669,Ref 2,20.378,63368,64316452.0,12.982653,5130878.0,408.714294,IT=10;10 ,ii
3671,Ref 2,18.076,60760,62750836.0,12.986715,4792535.5,408.7142711,IT=9;9 ,ii
3672,Ref 2,17.225,62984,66245788.0,12.99078,5195276.5,408.7142476,IT=8.6;8.6 ,ii
3673,Ref 2,14.627,55584,66121828.0,12.994786,5068955.0,408.7142666,IT=7.3;7.3 ,ii
3675,Ref 2,18.495,59692,60999792.0,12.998848,4767928.5,408.7141528,IT=9.2;9.2 ,ii
3676,Ref 2,17.695,60592,61836876.0,13.002917,4716924.0,408.7142278,IT=8.8;8.8 ,ii
3679,Ref 2,17.776,60176,65139312.0,13.010532,4579574.5,408.7143133,IT=8.9;8.9 ,ii
3682,Ref 2,19.013,59956,56030564.0,13.016221,4029916.5,408.7140339,IT=9.5;9.5 ,ii
3683,Ref 2,22.518,68012,63497948.0,13.020192,4472093.5,408.7141955,IT=11;11 ,ii
3684,Ref 2,15.268,59832,71731512.0,13.024157,5218328.5,408.7141487,IT=7.6;7.6 ,ii
3685,Ref 2,25.252,68680,58440552.0,13.028363,4031536.8,408.7143536,IT=13;13 ,ii
3687,Ref 2,16.704,58504,61070840.0,13.032592,4395684.0,408.7141318,IT=8.4;8.4 ,ii
3688,Ref 2,16.535,61588,66942240.0,13.036479,4760907.0,408.7141095,IT=8.3;8.3 ,ii
3689,Ref 2,18.123,62900,67997152.0,13.040548,4653756.0,408.7140838,IT=9.1;9.1 ,ii
3690,Ref 2,20.247,63448,62702096.0,13.044638,4244500.5,408.7142467,IT=10;10 ,ii
3692,Ref 2,20.412,67108,65644728.0,13.048925,4414992.0,408.7141242,IT=10;10 ,ii
3693,Ref 2,18.182,59136,55603664.0,13.052792,3887352.2,408.7141469,IT=9.1;9.1 ,ii
3694,Ref 2,16.969,61920,64190368.0,13.056831,4156261.2,408.7141368,IT=8.5;8.5 ,ii
3695,Ref 2,13.541,54372,64369868.0,13.060821,4127066.2,408.7140507,IT=6.8;6.8 ,ii
3696,Ref 2,19.101,62844,60745448.0,13.064913,3890691.5,408.7141192,IT=9.6;9.6 ,ii
3697,Ref 2,21.637,65752,60953380.0,13.068848,3810522.8,408.7141752,IT=11;11 ,ii
3698,Ref 2,16.641,62092,67842768.0,13.072844,4314981.5,408.7141191,IT=8.3;8.3 ,ii
3699,Ref 2,20.022,59576,54412288.0,13.076944,3386976.5,408.7142084,IT=10;10 ,ii
3700,Ref 2,20.381,65416,58953828.0,13.081017,3463304.0,408.7142102,IT=10;10 ,ii
3701,Ref 2,20.675,67740,68161568.0,13.084921,4024690.8,408.71413,IT=10;10 ,ii
3702,Ref 2,28.564,71464,55379600.0,13.089121,3266570.5,408.7144598,IT=14;14 ,ii
3704,Ref 2,24.133,70352,61017276.0,13.093306,3405413.8,408.7142176,IT=12;12 ,ii
3705,Ref 2,17.475,62440,65529196.0,13.097287,3622997.0,408.7142272,IT=8.7;8.7 ,ii
3706,Ref 2,20.008,62796,59339552.0,13.101383,3318346.5,408.7141597,IT=10;10 ,ii
3707,Ref 2,14.092,55688,57277952.0,13.105179,3250093.5,408.7141898,IT=7;7 ,ii
3708,Ref 2,18.487,65760,65433668.0,13.10926,3475269.0,408.7141505,IT=9.2;9.2 ,ii
3709,Ref 2,17.682,60500,60947080.0,13.113304,3346235.2,408.7141526,IT=8.8;8.8 ,ii
3710,Ref 2,25.391,72888,60515552.0,13.117485,2969745.0,408.7141715,IT=13;13 ,ii
3711,Ref 2,17.616,60152,64312332.0,13.121283,3376178.8,408.7141972,IT=8.8;8.8 ,ii
3713,Ref 2,20.084,64928,61842988.0,13.1254,3015504.8,408.7141156,IT=10;10 ,ii
3714,Ref 2,17.169,61896,61489840.0,13.129435,2919201.5,408.7142494,IT=8.6;8.6 ,ii
3716,Ref 2,18.835,62668,63169464.0,13.133695,3041540.2,408.7141513,IT=9.4;9.4 ,ii
3717,Ref 2,16.593,61228,69398952.0,13.137558,3229280.8,408.7142105,IT=8.3;8.3 ,ii
3720,Ref 2,21.843,68220,60993748.0,13.143268,2848114.8,408.7142007,IT=11;11 ,ii
3721,Ref 2,21.003,66252,61651844.0,13.147331,2643022.8,408.7141701,IT=11;11 ,ii
3722,Ref 2,20.129,67392,70038976.0,13.151406,3084973.8,408.7141188,IT=10;10 ,ii
3723,Ref 2,29.565,71952,58879364.0,13.155639,2381547.5,408.7143216,IT=15;15 ,ii
3724,Ref 2,20.382,68764,64669680.0,13.159449,2648108.0,408.7141734,IT=10;10 ,ii
3725,Ref 2,27.000,72640,58207628.0,13.163641,2370417.5,408.7144202,IT=13;13 ,ii
3728,Ref 2,23.764,67420,55066644.0,13.169383,2221160.2,408.7141272,IT=12;12 ,ii
3729,Ref 2,17.100,60892,64068516.0,13.17336,2628983.2,408.7141179,IT=8.6;8.6 ,ii
3730,Ref 2,16.824,62616,67894552.0,13.177412,2709511.0,408.7140554,IT=8.4;8.4 ,ii
3731,Ref 2,17.015,62236,66028632.0,13.181464,2567279.2,408.7142224,IT=8.5;8.5 ,ii
3733,Ref 2,17.915,61716,60307116.0,13.185545,2233761.5,391.2840844,IT=9;9 ,ii
3734,Ref 2,21.609,67536,62763404.0,13.189666,2343931.0,408.7141615,IT=11;11 ,ii
3735,Ref 2,25.522,66060,57348076.0,13.193805,2102127.5,408.7142194,IT=13;13 ,ii
3737,Ref 2,18.137,65592,67524064.0,13.198043,2469089.2,408.7139885,IT=9.1;9.1 ,ii
3738,Ref 2,17.425,60528,61994420.0,13.201926,2133595.8,408.7141654,IT=8.7;8.7 ,ii
3739,Ref 2,20.547,62076,55103348.0,13.206037,2010243.5,408.7140882,IT=10;10 ,ii
3740,Ref 2,17.143,63988,67873728.0,13.210049,2610006.2,391.2841006,IT=8.6;8.6 ,ii
3741,Ref 2,16.697,62028,69724256.0,13.214093,2367110.8,391.2840833,IT=8.3;8.3 ,ii
3742,Ref 2,16.526,58412,63182020.0,13.217978,2489433.5,391.2841004,IT=8.3;8.3 ,ii
3743,Ref 2,17.867,59868,62675176.0,13.222049,2280211.2,391.2840443,IT=8.9;8.9 ,ii
3744,Ref 2,18.526,62160,65552296.0,13.226116,2329636.8,401.2190179,IT=9.3;9.3 ,ii
3746,Ref 2,20.844,65916,63036780.0,13.230393,2293153.0,401.2189963,IT=10;10 ,ii
3748,Ref 2,17.463,61600,65560408.0,13.234684,2391547.0,391.2841399,IT=8.7;8.7 ,ii
3749,Ref 2,16.445,59712,65229044.0,13.238568,2525927.2,401.218922,IT=8.2;8.2 ,ii
3750,Ref 2,20.306,64148,60592076.0,13.24268,2195577.0,401.2190068,IT=10;10 ,ii
3751,Ref 2,18.367,62976,64855588.0,13.24673,2426896.2,401.2190814,IT=9.2;9.2 ,ii
3752,Ref 2,18.526,62372,64316520.0,13.250799,2327147.2,391.2841347,IT=9.3;9.3 ,ii
3753,Ref 2,21.507,64884,60193920.0,13.254743,2372554.8,401.2190513,IT=11;11 ,ii
3754,Ref 2,18.795,61860,55795112.0,13.258778,2348772.8,401.2189976,IT=9.4;9.4 ,ii
3755,Ref 2,18.895,65452,68993176.0,13.262847,2663137.2,401.2188401,IT=9.4;9.4 ,ii
3756,Ref 2,15.313,54844,56456184.0,13.266851,2437481.2,401.2189717,IT=7.7;7.7 ,ii
3757,Ref 2,20.153,66848,66587076.0,13.270809,2724055.2,401.2189241,IT=10;10 ,ii
3758,Ref 2,15.352,60256,69346744.0,13.274795,2827437.2,401.2190474,IT=7.7;7.7 ,ii
3761,Ref 2,18.699,64604,64827116.0,13.280455,2838620.0,401.2189074,IT=9.3;9.3 ,ii
3762,Ref 2,18.393,60316,58197692.0,13.284519,2638084.2,401.2189886,IT=9.2;9.2 ,ii
3763,Ref 2,22.939,68736,63573496.0,13.288657,2735756.2,401.2190725,IT=11;11 ,ii
3765,Ref 2,18.352,61356,60226828.0,13.292761,2817624.0,401.2189108,IT=9.2;9.2 ,ii
3766,Ref 2,21.362,67232,66806908.0,13.296876,2904182.8,401.2188837,IT=11;11 ,ii
3767,Ref 2,19.944,65508,69064456.0,13.300938,3069250.5,401.2189535,IT=10;10 ,ii
3769,Ref 2,16.175,58448,60316880.0,13.305136,3061854.8,401.2188554,IT=8.1;8.1 ,ii
3770,Ref 2,15.539,58464,65254996.0,13.30919,3080695.8,401.2190178,IT=7.8;7.8 ,ii
3771,Ref 2,20.631,64492,64502916.0,13.313155,3148587.8,401.2189052,IT=10;10 ,ii
3772,Ref 2,17.230,62320,65041496.0,13.31718,3133374.8,401.2189425,IT=8.6;8.6 ,ii
3773,Ref 2,17.150,63696,62247748.0,13.321238,2971239.5,401.2190099,IT=8.6;8.6 ,ii
3775,Ref 2,18.992,63948,65775564.0,13.32549,2995482.0,401.2189155,IT=9.5;9.5 ,ii
3776,Ref 2,22.046,68916,64650532.0,13.329442,3052244.5,401.2188763,IT=11;11 ,ii
3777,Ref 2,17.878,63924,62862384.0,13.333467,2964624.5,401.2189622,IT=8.9;8.9 ,ii
3778,Ref 2,17.119,62092,65741516.0,13.337511,3108124.5,401.2188762,IT=8.6;8.6 ,ii
3779,Ref 2,16.316,58584,62568960.0,13.341555,3077744.5,401.218953,IT=8.2;8.2 ,ii
3781,Ref 2,20.076,66168,62023048.0,13.345648,2800743.5,401.2189548,IT=10;10 ,ii
3782,Ref 2,18.065,65800,67435432.0,13.349692,3119396.2,401.2189066,IT=9;9 ,ii
3783,Ref 2,15.686,60704,68196664.0,13.353715,3231307.8,401.2188631,IT=7.8;7.8 ,ii
3784,Ref 2,23.757,67820,56731056.0,13.357902,2583730.5,401.2188906,IT=12;12 ,ii
3785,Ref 2,18.538,63896,68990904.0,13.36174,3150963.8,401.2188197,IT=9.3;9.3 ,ii
3788,Ref 2,14.499,55216,63507068.0,13.367602,2852343.8,401.2188507,IT=7.2;7.2 ,ii
3789,Ref 2,26.184,71576,58680752.0,13.371665,2440726.8,401.2190917,IT=13;13 ,ii
3792,Ref 2,19.623,64632,64275856.0,13.377635,2820578.8,401.2188187,IT=9.8;9.8 ,ii
3793,Ref 2,22.533,66796,57163064.0,13.381748,2605924.2,401.2189677,IT=11;11 ,ii
3795,Ref 2,18.909,62752,61890820.0,13.385856,2652207.8,401.2188611,IT=9.5;9.5 ,ii
3796,Ref 2,19.558,66440,66117772.0,13.389927,2927763.0,401.2187915,IT=9.8;9.8 ,ii
3797,Ref 2,22.849,68908,60212952.0,13.393883,2545987.5,401.2189408,IT=11;11 ,ii
3799,Ref 2,17.511,63708,63784744.0,13.397956,2711743.8,401.2188367,IT=8.8;8.8 ,ii
3800,Ref 2,15.469,62400,71527200.0,13.401979,3037783.5,401.2187768,IT=7.7;7.7 ,ii
3801,Ref 2,23.054,66592,59002620.0,13.406142,2424162.5,401.2189037,IT=12;12 ,ii
3802,Ref 2,21.160,67748,62187800.0,13.410025,2472579.0,401.2188555,IT=11;11 ,ii
3804,Ref 2,21.173,66464,62379448.0,13.414173,2353551.8,401.2188957,IT=11;11 ,ii
3805,Ref 2,18.283,60720,52386572.0,13.418198,2359802.0,401.2188588,IT=9.1;9.1 ,ii
3806,Ref 2,18.830,67144,66084812.0,13.422258,2371733.0,391.2839508,IT=9.4;9.4 ,ii
3807,Ref 2,18.600,61856,60975112.0,13.426148,2323689.8,391.2842315,IT=9.3;9.3 ,ii
3810,Ref 2,23.278,65192,51667344.0,13.432177,2063259.2,401.2188506,IT=12;12 ,ii
3811,Ref 2,24.167,68720,56538880.0,13.436119,2138938.0,391.2841907,IT=12;12 ,ii
3813,Ref 2,17.495,62100,60027036.0,13.44021,2241233.0,391.2840574,IT=8.7;8.7 ,ii
3814,Ref 2,21.282,71268,64963732.0,13.444337,2310779.8,438.7189844,IT=11;11 ,ii
3815,Ref 2,19.440,69944,61369752.0,13.448393,2322971.2,438.7190093,IT=9.7;9.7 ,ii
3818,Ref 2,19.554,69376,63062364.0,13.454064,2342601.0,438.7188836,IT=9.8;9.8 ,ii
3819,Ref 2,22.169,67012,54471032.0,13.458175,2097119.4,438.7191227,IT=11;11 ,ii
3821,Ref 2,17.793,65424,65204488.0,13.462256,2560599.5,438.7189521,IT=8.9;8.9 ,ii
3822,Ref 2,19.240,66836,62685380.0,13.466343,2683617.8,438.7190541,IT=9.6;9.6 ,ii
3825,Ref 2,21.540,66084,56528112.0,13.472066,2266367.2,438.7190481,IT=11;11 ,ii
3826,Ref 2,19.842,64000,62713668.0,13.476114,2756984.2,438.7189499,IT=9.9;9.9 ,ii
3827,Ref 2,18.728,64320,57775772.0,13.480166,2480132.2,438.7189154,IT=9.4;9.4 ,ii
3828,Ref 2,17.601,60296,57214820.0,13.484035,2583392.0,438.7190225,IT=8.8;8.8 ,ii
3829,Ref 2,24.266,71112,58252172.0,13.488208,2461677.0,438.7190756,IT=12;12 ,ii
3830,Ref 2,21.109,67156,54657824.0,13.492245,2379784.0,438.7191497,IT=11;11 ,ii
3832,Ref 2,23.823,67808,52027936.0,13.496572,2399854.2,438.7190931,IT=12;12 ,ii
3833,Ref 2,19.414,65984,61056304.0,13.500433,2736381.8,438.7190244,IT=9.7;9.7 ,ii
3834,Ref 2,23.259,70372,63002576.0,13.504566,2867146.2,438.719058,IT=12;12 ,ii
3836,Ref 2,19.253,64868,57560880.0,13.510389,2540832.2,438.7189999,IT=9.6;9.6 ,ii
3837,Ref 2,22.710,69632,60332356.0,13.514512,2905025.2,438.7190086,IT=11;11 ,ii
3841,Ref 2,22.288,68372,56297832.0,13.522043,2673481.2,438.7190739,IT=11;11 ,ii
3842,Ref 2,17.773,64416,58342740.0,13.526055,2781071.8,438.7190104,IT=8.9;8.9 ,ii
3843,Ref 2,15.899,61844,62114916.0,13.53008,2875480.2,438.7191954,IT=7.9;7.9 ,ii
3846,Ref 2,20.059,66712,60491248.0,13.535778,2935106.8,438.7191228,IT=10;10 ,ii
3847,Ref 2,15.336,59716,57755620.0,13.539772,2787121.2,438.719094,IT=7.7;7.7 ,ii
3848,Ref 2,14.378,60968,63026336.0,13.543801,3128149.8,438.7191165,IT=7.2;7.2 ,ii
3849,Ref 2,20.670,67284,53725012.0,13.547759,2694186.2,438.7190716,IT=10;10 ,ii
3850,Ref 2,21.209,68812,57929128.0,13.551839,2797566.8,438.7190901,IT=11;11 ,ii
3851,Ref 2,14.363,57824,51294100.0,13.555799,2610224.5,438.719153,IT=7.2;7.2 ,ii
3852,Ref 2,18.551,65620,58426056.0,13.559899,2796905.5,438.7190686,IT=9.3;9.3 ,ii
3853,Ref 2,19.302,66216,58904284.0,13.563797,2837991.5,438.7191449,IT=9.7;9.7 ,ii
3854,Ref 2,20.282,64620,59065184.0,13.567899,3046676.0,438.7190823,IT=10;10 ,ii
3855,Ref 2,18.955,65012,54326916.0,13.571943,2647491.5,438.7192089,IT=9.5;9.5 ,ii
3858,Ref 2,21.292,69448,59495492.0,13.57794,3099791.2,438.719157,IT=11;11 ,ii
3859,Ref 2,14.228,60332,63711372.0,13.581899,3425419.0,438.7190303,IT=7.1;7.1 ,ii
3861,Ref 2,17.660,61600,57383444.0,13.587819,2983901.0,438.719097,IT=8.8;8.8 ,ii
3862,Ref 2,25.824,73016,55597832.0,13.592015,2746948.2,438.7192006,IT=13;13 ,ii
3863,Ref 2,20.761,62344,49624028.0,13.595865,2630342.8,438.7192494,IT=10;10 ,ii
3864,Ref 2,20.340,64604,54521176.0,13.599936,2734299.2,438.7191688,IT=10;10 ,ii
3865,Ref 2,19.578,66568,58385384.0,13.603984,3026103.0,438.7191594,IT=9.8;9.8 ,ii
3866,Ref 2,21.648,66584,52357152.0,13.608086,2647458.2,438.719231,IT=11;11 ,ii
3867,Ref 2,19.963,70272,62443076.0,13.611969,3235117.5,438.7192193,IT=10;10 ,ii
3870,Ref 2,20.296,67320,58734712.0,13.617967,3220987.5,438.7191783,IT=10;10 ,ii
3871,Ref 2,29.247,74800,52819044.0,13.622188,2794761.8,438.7193407,IT=15;15 ,ii
3872,Ref 2,20.339,67140,61080176.0,13.626157,3307408.5,438.7192871,IT=10;10 ,ii
3874,Ref 2,20.663,68452,59941248.0,13.630459,3284692.0,438.7190881,IT=10;10 ,ii
3875,Ref 2,34.622,77872,51305496.0,13.634782,2741851.5,438.7194767,IT=17;17 ,ii
3878,Ref 2,22.255,68212,56071392.0,13.640515,2979358.8,438.7192917,IT=11;11 ,ii
3879,Ref 2,22.905,70088,57562584.0,13.644442,3073186.2,438.7193205,IT=11;11 ,ii
3881,Ref 2,21.855,66588,56571584.0,13.648575,3256346.5,438.7191788,IT=11;11 ,ii
3882,Ref 2,21.777,67260,59705396.0,13.652654,3187377.0,438.7190968,IT=11;11 ,ii
3883,Ref 2,19.175,64384,58619608.0,13.65669,3461257.0,438.7191921,IT=9.6;9.6 ,ii
3885,Ref 2,22.549,69180,57169176.0,13.66085,3222670.0,438.7191039,IT=11;11 ,ii
3886,Ref 2,21.328,67076,56702508.0,13.664915,3206420.0,438.7191332,IT=11;11 ,ii
3887,Ref 2,17.028,65780,66252064.0,13.668927,3715550.8,438.7190684,IT=8.5;8.5 ,ii
3888,Ref 2,19.311,62844,52594676.0,13.673015,2913605.2,438.719225,IT=9.7;9.7 ,ii
3890,Ref 2,21.270,68880,57256048.0,13.677896,3162307.5,438.7192439,IT=11;11 ,ii
3891,Ref 2,21.316,65684,54050164.0,13.681811,3156205.5,438.7192157,IT=11;11 ,ii
3892,Ref 2,20.575,65060,54942584.0,13.685877,2996938.8,438.719256,IT=10;10 ,ii
3893,Ref 2,19.215,64660,58478856.0,13.689925,3245544.2,438.7191727,IT=9.6;9.6 ,ii
3894,Ref 2,23.724,65564,52681340.0,13.694065,3113840.5,438.7191504,IT=12;12 ,ii
3895,Ref 2,20.047,61512,51499044.0,13.697927,3082591.8,438.7192315,IT=10;10 ,ii
3896,Ref 2,23.092,67604,54066212.0,13.702042,2977568.8,438.7191736,IT=12;12 ,ii
3897,Ref 2,24.465,70268,57226888.0,13.70615,3189653.8,438.7191389,IT=12;12 ,ii
3898,Ref 2,17.929,59356,48582344.0,13.710133,2744513.8,438.7189409,IT=9;9 ,ii
3899,Ref 2,22.202,67756,54986484.0,13.714094,3011976.8,438.7191035,IT=11;11 ,ii
3900,Ref 2,23.398,66988,54117480.0,13.7182,3080414.5,438.7190963,IT=12;12 ,ii
3901,Ref 2,21.965,64488,51077128.0,13.72226,2910581.5,438.7190325,IT=11;11 ,ii
3902,Ref 2,21.079,66448,58616352.0,13.726327,3479558.0,438.7189787,IT=11;11 ,ii
3903,Ref 2,20.633,62380,50916732.0,13.730229,3051760.8,438.7191603,IT=10;10 ,ii
3905,Ref 2,24.390,67256,50286836.0,13.734421,2969816.2,438.7191825,IT=12;12 ,ii
3907,Ref 2,21.675,67284,53900596.0,13.7386,3243861.5,438.7190789,IT=11;11 ,ii
3908,Ref 2,23.708,69420,56559120.0,13.742708,3313811.0,438.7191008,IT=12;12 ,ii
3909,Ref 2,20.286,62604,50139584.0,13.746737,3064360.8,438.719178,IT=10;10 ,ii
3911,Ref 2,21.990,63276,48524904.0,13.750891,2773951.0,438.7191202,IT=11;11 ,ii
3912,Ref 2,26.127,69604,52435724.0,13.755041,3119469.2,438.7190674,IT=13;13 ,ii
3913,Ref 2,19.305,60348,51647192.0,13.759031,3101620.2,438.7192399,IT=9.7;9.7 ,ii
3914,Ref 2,30.250,73168,49481120.0,13.763279,2845024.2,438.7191617,IT=15;15 ,ii
3915,Ref 2,22.178,66144,55174028.0,13.767095,3192268.0,438.7191462,IT=11;11 ,ii
3916,Ref 2,23.116,67612,51645404.0,13.771193,2992968.5,438.719249,IT=12;12 ,ii
3919,Ref 2,19.772,63740,53650784.0,13.776874,2983986.8,438.7191654,IT=9.9;9.9 ,ii
3920,Ref 2,25.161,68956,51288456.0,13.781031,2959161.0,438.7192224,IT=13;13 ,ii
3922,Ref 2,24.111,68616,51399412.0,13.785358,3026806.0,438.7190249,IT=12;12 ,ii
3923,Ref 2,22.052,66008,54580488.0,13.78941,3131759.0,438.7191398,IT=11;11 ,ii
3924,Ref 2,20.235,62036,56204688.0,13.793464,3361188.0,438.7190288,IT=10;10 ,ii
3925,Ref 2,24.724,68124,54480648.0,13.797604,3217195.2,438.7191236,IT=12;12 ,ii
3927,Ref 2,25.491,70412,52275524.0,13.801795,2931319.0,438.7191275,IT=13;13 ,ii
3928,Ref 2,21.726,63076,51243504.0,13.805831,3104710.0,438.7191742,IT=11;11 ,ii
3929,Ref 2,24.836,66536,48586124.0,13.809795,2829838.0,438.7192401,IT=12;12 ,ii
3931,Ref 2,24.990,71792,56148420.0,13.813974,3350213.2,438.7191456,IT=12;12 ,ii
3932,Ref 2,22.590,64932,52767564.0,13.818026,3012032.0,438.7190937,IT=11;11 ,ii
3933,Ref 2,30.185,72476,49304936.0,13.822233,2925106.2,438.7192727,IT=15;15 ,ii
3935,Ref 2,20.582,63160,52347464.0,13.826341,3174370.2,438.7192473,IT=10;10 ,ii
3937,Ref 2,23.392,67796,53852972.0,13.830537,3270575.8,438.7191611,IT=12;12 ,ii
3938,Ref 2,18.161,58860,48176284.0,13.834535,3016573.8,438.7192994,IT=9.1;9.1 ,ii
3940,Ref 2,18.918,64620,60891308.0,13.838634,3670684.2,438.7191516,IT=9.5;9.5 ,ii
3941,Ref 2,19.273,59956,54270408.0,13.842705,3386640.0,438.7192407,IT=9.6;9.6 ,ii
3944,Ref 2,22.505,60712,49906136.0,13.848428,2929303.0,438.7191742,IT=11;11 ,ii
3945,Ref 2,24.305,66708,51042056.0,13.852374,3112999.0,438.719151,IT=12;12 ,ii
3946,Ref 2,17.756,60736,54347172.0,13.856355,3052625.8,438.7191567,IT=8.9;8.9 ,ii
3947,Ref 2,27.314,70384,53114684.0,13.860566,2959874.2,438.7192555,IT=14;14 ,ii
3949,Ref 2,19.532,59988,51256248.0,13.864851,3049031.8,438.7192192,IT=9.8;9.8 ,ii
3951,Ref 2,21.888,64536,52196836.0,13.869043,2978983.0,438.7191794,IT=11;11 ,ii
3952,Ref 2,19.003,61476,49522236.0,13.873072,2695315.2,438.7191902,IT=9.5;9.5 ,ii
3953,Ref 2,24.639,66304,52054416.0,13.877226,3036202.8,438.7191129,IT=12;12 ,ii
3954,Ref 2,20.885,61692,53154644.0,13.881251,3032214.8,438.7192146,IT=10;10 ,ii
3956,Ref 2,22.705,61240,45998972.0,13.885563,2604067.8,438.7192208,IT=11;11 ,ii
3957,Ref 2,19.128,59552,49204404.0,13.88942,2747882.0,438.7192039,IT=9.6;9.6 ,ii
3958,Ref 2,27.084,69072,50735276.0,13.893615,2746250.5,438.7193008,IT=14;14 ,ii
3959,Ref 2,22.917,62372,51493884.0,13.897674,3017530.0,438.7193215,IT=11;11 ,ii
3962,Ref 2,25.027,70064,52577076.0,13.903436,2856115.2,438.7193092,IT=13;13 ,ii
3963,Ref 2,17.196,57040,54661996.0,13.907407,2918436.2,438.7192442,IT=8.6;8.6 ,ii
3964,Ref 2,24.971,64296,48585096.0,13.911419,2582093.5,438.7192739,IT=12;12 ,ii
3965,Ref 2,31.827,72804,51216844.0,13.915624,2718342.0,438.7195414,IT=16;16 ,ii
3967,Ref 2,20.593,64272,53952212.0,13.919771,2991307.5,438.7191618,IT=10;10 ,ii
3968,Ref 2,26.133,70472,51455056.0,13.923942,2820503.5,438.7193651,IT=13;13 ,ii
3970,Ref 2,24.607,66072,47747380.0,13.928286,2466384.0,438.7193082,IT=12;12 ,ii
3971,Ref 2,24.996,66752,50490060.0,13.932221,2675390.2,438.7192356,IT=12;12 ,ii
3972,Ref 2,19.723,60500,51509976.0,13.936238,2771096.2,438.7192406,IT=9.9;9.9 ,ii
3973,Ref 2,24.464,67276,53973320.0,13.940373,2874467.5,438.7193638,IT=12;12 ,ii
3975,Ref 2,21.477,62492,52211744.0,13.944663,2699175.0,438.7193427,IT=11;11 ,ii
3976,Ref 2,22.491,63788,50367052.0,13.94859,2732470.2,438.7193414,IT=11;11 ,ii
3977,Ref 2,27.754,69492,51335244.0,13.952757,2518056.0,438.7193901,IT=14;14 ,ii
3979,Ref 2,22.175,64276,51159752.0,13.957057,2630651.8,438.7192478,IT=11;11 ,ii
3980,Ref 2,27.319,67708,50801988.0,13.961221,2656945.2,438.7190848,IT=14;14 ,ii
3981,Ref 2,28.159,68076,51125660.0,13.965182,2823828.0,438.7192658,IT=14;14 ,ii
3982,Ref 2,18.826,62196,58665816.0,13.969138,2927105.0,438.7192386,IT=9.4;9.4 ,ii
3985,Ref 2,23.216,64932,54112860.0,13.975146,2617207.8,438.7192943,IT=12;12 ,ii
3987,Ref 2,24.363,68732,53526584.0,13.97939,2529249.2,438.7191782,IT=12;12 ,ii
3988,Ref 2,24.504,64448,51320548.0,13.983486,2441589.0,438.7192081,IT=12;12 ,ii
3989,Ref 2,25.738,65112,47884984.0,13.987602,2459804.2,438.7191363,IT=13;13 ,ii
3990,Ref 2,20.613,60540,54170676.0,13.991444,2706035.8,438.7192106,IT=10;10 ,ii
3991,Ref 2,20.764,60728,52792388.0,13.995521,2492732.0,438.7192181,IT=10;10 ,ii
3992,Ref 2,26.074,66052,50955692.0,13.999677,2611868.5,438.7191162,IT=13;13 ,ii
3993,Ref 2,20.235,57388,46343048.0,14.003679,2278435.5,438.719225,IT=10;10 ,ii
3994,Ref 2,18.505,58932,54730736.0,14.007721,2773520.8,438.7191308,IT=9.3;9.3 ,ii
3995,Ref 2,21.693,59532,49588284.0,14.011831,2510637.5,438.7192574,IT=11;11 ,ii
3997,Ref 2,23.513,62324,47821124.0,14.015988,2338100.0,438.7192417,IT=12;12 ,ii
3998,Ref 2,17.105,54436,52556488.0,14.019967,2487073.2,391.2840864,IT=8.6;8.6 ,ii
3999,Ref 2,21.631,63824,53094160.0,14.024085,2476523.0,438.7192047,IT=11;11 ,ii
4000,Ref 2,19.237,55968,46740144.0,14.027958,2236261.5,438.7192335,IT=9.6;9.6 ,ii
4001,Ref 2,19.708,59916,56196796.0,14.032025,2665305.0,438.7191395,IT=9.9;9.9 ,ii
4002,Ref 2,17.352,55700,53537948.0,14.036056,2567710.2,438.7191951,IT=8.7;8.7 ,ii
4003,Ref 2,21.033,60816,49522452.0,14.040185,2233846.0,438.71922,IT=11;11 ,ii
4004,Ref 2,17.265,59384,60844412.0,14.044027,2910991.5,438.7191413,IT=8.6;8.6 ,ii
4005,Ref 2,27.183,66728,52904068.0,14.048246,2443315.5,438.7194116,IT=14;14 ,ii
4008,Ref 2,27.795,67864,50787952.0,14.054329,2204726.5,438.7191821,IT=14;14 ,ii
4009,Ref 2,18.929,58012,50851312.0,14.0583,2472825.5,391.2840375,IT=9.5;9.5 ,ii
4010,Ref 2,25.034,64708,53695420.0,14.062464,2381581.8,438.7192058,IT=13;13 ,ii
4011,Ref 2,23.828,65748,55608040.0,14.066364,2362430.5,438.7191806,IT=12;12 ,ii
4012,Ref 2,21.460,61548,51813720.0,14.070427,2368945.8,438.7192542,IT=11;11 ,ii
4013,Ref 2,30.050,71596,49857988.0,14.074658,2051962.0,438.7194056,IT=15;15 ,ii
4015,Ref 2,28.068,68256,48586584.0,14.078891,2052986.6,391.2841225,IT=14;14 ,ii
4017,Ref 2,23.510,61360,51811416.0,14.083262,2274368.5,438.7191899,IT=12;12 ,ii
4018,Ref 2,18.149,56936,51142212.0,14.087091,2210766.8,391.2840444,IT=9.1;9.1 ,ii
4020,Ref 2,18.802,57900,52194448.0,14.092983,2276077.2,352.2027376,IT=9.4;9.4 ,ii
4021,Ref 2,17.367,55612,51556208.0,14.097022,2349763.0,391.2840147,IT=8.7;8.7 ,ii
4022,Ref 2,17.479,54376,45167468.0,14.101072,1979627.5,352.2027721,IT=8.7;8.7 ,ii
4023,Ref 2,24.606,65256,50811316.0,14.105245,2219239.2,391.2840306,IT=12;12 ,ii
4024,Ref 2,28.592,69312,51350944.0,14.109404,2167876.5,352.2028138,IT=14;14 ,ii
4025,Ref 2,21.281,58872,48418164.0,14.113231,2076210.1,352.2027882,IT=11;11 ,ii
4026,Ref 2,22.880,60972,48954148.0,14.117339,2224049.0,352.20294,IT=11;11 ,ii
4028,Ref 2,25.696,64084,49368912.0,14.121549,2068053.5,391.284145,IT=13;13 ,ii
4029,Ref 2,28.423,64956,45403816.0,14.125699,1974041.6,352.2029128,IT=14;14 ,ii
4030,Ref 2,25.162,62708,48807516.0,14.12976,2191351.8,352.2028575,IT=13;13 ,ii
4033,Ref 2,23.239,62268,47650504.0,14.135787,2224341.2,391.2840339,IT=12;12 ,ii
4034,Ref 2,33.019,69580,46447600.0,14.140039,2006165.5,352.2029091,IT=17;17 ,ii
4036,Ref 2,20.421,58440,50851432.0,14.144145,2320901.2,352.2027564,IT=10;10 ,ii
4037,Ref 2,20.489,59548,53445708.0,14.148218,2305892.8,352.2027461,IT=10;10 ,ii
4038,Ref 2,37.308,76268,46284864.0,14.152568,1937571.1,352.2029531,IT=19;19 ,ii
4039,Ref 2,19.711,59836,52940456.0,14.156268,2372449.5,352.20271,IT=9.9;9.9 ,ii
4040,Ref 2,20.123,58588,52140264.0,14.160343,2464845.0,391.2841098,IT=10;10 ,ii
4042,Ref 2,20.114,62236,52911016.0,14.164447,2380415.8,391.2840274,IT=10;10 ,ii
4043,Ref 2,34.566,70220,46422400.0,14.168762,1953411.1,352.2030099,IT=17;17 ,ii
4044,Ref 2,18.555,56528,52289604.0,14.172466,2337357.5,352.2027721,IT=9.3;9.3 ,ii
4045,Ref 2,28.202,64600,47206884.0,14.176689,1985246.5,352.202781,IT=14;14 ,ii
4046,Ref 2,22.121,61160,54660620.0,14.180701,2576043.8,352.2028212,IT=11;11 ,ii
4048,Ref 2,19.558,58560,53545332.0,14.184955,2526205.2,391.2839642,IT=9.8;9.8 ,ii
4049,Ref 2,22.665,61444,49568416.0,14.188926,2207575.0,391.2841258,IT=11;11 ,ii
4051,Ref 2,21.419,58232,47985400.0,14.193063,2158822.5,391.2841125,IT=11;11 ,ii
4052,Ref 2,25.299,61132,47951684.0,14.197205,2056282.4,391.284063,IT=13;13 ,ii
4053,Ref 2,20.799,56472,44379868.0,14.201224,1974157.1,352.2028513,IT=10;10 ,ii
4054,Ref 2,17.816,57208,49371400.0,14.205247,2376523.8,391.2840504,IT=8.9;8.9 ,ii
4055,Ref 2,21.440,60516,54904376.0,14.209363,2544757.8,391.2840088,IT=11;11 ,ii
4056,Ref 2,24.238,64616,51339904.0,14.213482,2387423.2,352.2027809,IT=12;12 ,ii
4057,Ref 2,23.653,57660,45784540.0,14.217561,2031175.5,352.2027396,IT=12;12 ,ii
4058,Ref 2,25.710,61748,47663356.0,14.221686,2190023.0,391.2840478,IT=13;13 ,ii
4059,Ref 2,26.827,65784,47429364.0,14.225636,2091246.9,391.2841496,IT=13;13 ,ii
4060,Ref 2,26.647,63292,48010344.0,14.229738,2155280.2,391.2841311,IT=13;13 ,ii
4061,Ref 2,22.105,63060,50243420.0,14.233767,2370952.2,391.2841051,IT=11;11 ,ii
4062,Ref 2,33.451,72332,47287304.0,14.238036,2053097.0,352.2030017,IT=17;17 ,ii
4064,Ref 2,22.557,61780,48354656.0,14.242194,2168409.0,391.2840121,IT=11;11 ,ii
4065,Ref 2,25.981,65240,49451292.0,14.246338,2333557.5,352.2028062,IT=13;13 ,ii
4067,Ref 2,23.333,63188,49146732.0,14.250521,2168404.8,352.202667,IT=12;12 ,ii
4068,Ref 2,24.375,62056,45177340.0,14.254628,2031025.4,352.2027478,IT=12;12 ,ii
4069,Ref 2,27.781,66448,47544724.0,14.258773,2140298.5,391.284056,IT=14;14 ,ii
4070,Ref 2,25.506,63860,43567540.0,14.262682,1926491.5,352.2027088,IT=13;13 ,ii
4071,Ref 2,23.056,60232,44950596.0,14.26674,1987327.0,391.2841444,IT=12;12 ,ii
4073,Ref 2,23.567,64240,52784816.0,14.2709,2453500.8,352.2027589,IT=12;12 ,ii
4074,Ref 2,21.007,58464,46474708.0,14.274952,2079550.8,352.2027092,IT=11;11 ,ii
4075,Ref 2,19.631,57672,49921240.0,14.278842,2309412.8,352.2027721,IT=9.8;9.8 ,ii
4076,Ref 2,34.921,69740,45220088.0,14.283165,2098198.8,391.2842351,IT=17;17 ,ii
4078,Ref 2,22.429,63008,49545952.0,14.287334,2310556.5,391.2841664,IT=11;11 ,ii
4079,Ref 2,22.988,62444,46632576.0,14.291423,2022275.9,352.202797,IT=11;11 ,ii
4080,Ref 2,20.038,58180,48172552.0,14.295469,2265787.2,391.2841452,IT=10;10 ,ii
4081,Ref 2,23.878,61484,43883088.0,14.299609,1982158.5,391.2842464,IT=12;12 ,ii
4083,Ref 2,22.915,59476,41521108.0,14.303775,1895020.6,352.2027915,IT=11;11 ,ii
4084,Ref 2,20.326,58192,48167136.0,14.307829,2208302.0,391.2840688,IT=10;10 ,ii
4085,Ref 2,24.301,66652,51094388.0,14.311794,2364778.0,352.2027702,IT=12;12 ,ii
4087,Ref 2,26.782,69164,48517632.0,14.316029,2200900.8,391.2840253,IT=13;13 ,ii
4088,Ref 2,18.916,57672,47680624.0,14.320008,2213983.5,391.2840264,IT=9.5;9.5 ,ii
4089,Ref 2,21.526,60428,49942396.0,14.324125,2261668.0,391.2841181,IT=11;11 ,ii
4091,Ref 2,24.364,61760,43728408.0,14.32846,1891297.1,391.2840687,IT=12;12 ,ii
4092,Ref 2,20.980,60920,48727808.0,14.33234,2182847.8,352.2026934,IT=10;10 ,ii
4093,Ref 2,24.594,62724,47713392.0,14.336473,2291648.5,391.2839471,IT=12;12 ,ii
4095,Ref 2,24.922,63444,48425208.0,14.342394,2169434.5,391.2839554,IT=12;12 ,ii
4096,Ref 2,21.004,60336,44258124.0,14.346425,2363490.0,391.284017,IT=11;11 ,ii
4097,Ref 2,28.683,68480,45458104.0,14.350625,2047222.4,391.2841231,IT=14;14 ,ii
4098,Ref 2,24.249,60784,44334684.0,14.354498,1980696.1,391.2841978,IT=12;12 ,ii
4100,Ref 2,22.046,60844,46079128.0,14.358644,2148086.8,391.2840045,IT=11;11 ,ii
4101,Ref 2,17.861,57272,49088940.0,14.36266,2277563.5,391.2840611,IT=8.9;8.9 ,ii
4102,Ref 2,26.553,60888,40591812.0,14.36685,1921609.0,391.2841598,IT=13;13 ,ii
4104,Ref 2,22.736,62384,46496980.0,14.371183,2173621.0,391.2840052,IT=11;11 ,ii
4105,Ref 2,28.248,67728,46550152.0,14.375354,2257852.0,391.2841229,IT=14;14 ,ii
4106,Ref 2,22.056,56052,40163420.0,14.379362,1939839.2,391.2840373,IT=11;11 ,ii
4107,Ref 2,30.524,69236,47356556.0,14.383575,2158714.2,391.284192,IT=15;15 ,ii
4110,Ref 2,26.078,65760,47796156.0,14.389648,2196437.2,391.2839953,IT=13;13 ,ii
4111,Ref 2,33.434,69940,42696772.0,14.393868,1960963.2,391.2840811,IT=17;17 ,ii
4112,Ref 2,26.521,65008,48299360.0,14.397891,2248889.8,391.2839563,IT=13;13 ,ii
4113,Ref 2,21.762,59076,45139300.0,14.401754,2106222.8,391.2841185,IT=11;11 ,ii
4115,Ref 2,29.770,64976,43246356.0,14.406033,1973307.9,391.2840844,IT=15;15 ,ii
4116,Ref 2,32.167,68344,45360664.0,14.410193,2130384.2,391.2841737,IT=16;16 ,ii
4117,Ref 2,22.388,60900,45629988.0,14.414168,2060525.5,391.2841904,IT=11;11 ,ii
4118,Ref 2,27.002,59980,40653996.0,14.418162,1896372.6,391.2841735,IT=14;14 ,ii
4119,Ref 2,26.548,63792,44974500.0,14.422256,2117108.8,391.2841632,IT=13;13 ,ii
4120,Ref 2,20.561,59396,47703012.0,14.42626,2074946.5,391.2841485,IT=10;10 ,ii
4122,Ref 2,27.001,63580,45093440.0,14.430656,2077869.2,391.2840822,IT=14;14 ,ii
4123,Ref 2,34.294,70436,43105120.0,14.434887,2010255.4,391.2842218,IT=17;17 ,ii
4124,Ref 2,25.861,61924,46058360.0,14.438726,2181293.2,391.2841287,IT=13;13 ,ii
4125,Ref 2,24.890,60064,39631204.0,14.442801,1893422.4,391.2842706,IT=12;12 ,ii
4129,Ref 2,24.270,61352,44566816.0,14.450368,2140998.8,391.2841369,IT=12;12 ,ii
4130,Ref 2,30.402,69616,45382172.0,14.454397,2058422.1,391.2842465,IT=15;15 ,ii
4131,Ref 2,25.227,63588,42942948.0,14.458432,2146162.5,391.2842483,IT=13;13 ,ii
4132,Ref 2,21.784,61072,48851024.0,14.462472,2178139.2,391.2841201,IT=11;11 ,ii
4133,Ref 2,29.702,69540,43503152.0,14.466532,2083203.9,391.2841583,IT=15;15 ,ii
4134,Ref 2,21.944,60016,44682440.0,14.470526,2162453.2,391.2843234,IT=11;11 ,ii
4136,Ref 2,29.784,66632,44007296.0,14.474784,2138864.2,391.2842993,IT=15;15 ,ii
4137,Ref 2,28.442,65116,39533780.0,14.47888,1789001.0,391.284238,IT=14;14 ,ii
4138,Ref 2,29.793,64868,39425932.0,14.483026,1880964.9,391.2842229,IT=15;15 ,ii
4139,Ref 2,20.142,57296,46686524.0,14.486816,2316925.5,391.2841823,IT=10;10 ,ii
4140,Ref 2,29.979,64044,40388212.0,14.491051,1852590.1,391.2841169,IT=15;15 ,ii
4141,Ref 2,29.086,65676,40905940.0,14.495159,1940377.5,391.2841936,IT=15;15 ,ii
4142,Ref 2,26.013,64816,47992416.0,14.499226,2272081.5,391.2841699,IT=13;13 ,ii
4143,Ref 2,30.505,64708,40606000.0,14.503236,1890497.2,391.2842512,IT=15;15 ,ii
4144,Ref 2,25.624,63132,41371900.0,14.507288,1910504.2,391.2841918,IT=13;13 ,ii
4145,Ref 2,29.009,66600,42630244.0,14.511443,2168350.8,391.2842467,IT=15;15 ,ii
4146,Ref 2,40.212,75632,38774780.0,14.515742,1719605.4,391.284302,IT=20;20 ,ii
4147,Ref 2,28.666,64100,41662456.0,14.519551,1926064.5,391.2841658,IT=14;14 ,ii
4148,Ref 2,28.070,64572,42756316.0,14.523651,2134305.0,391.2841573,IT=14;14 ,ii
4149,Ref 2,19.988,55732,40906800.0,14.527632,1956565.1,391.2841357,IT=10;10 ,ii
4150,Ref 2,21.384,58996,43620800.0,14.531722,1973967.0,391.2840952,IT=11;11 ,ii
4151,Ref 2,25.937,64652,44513296.0,14.535703,2109062.0,391.2841462,IT=13;13 ,ii
4152,Ref 2,25.167,59636,43299384.0,14.539788,1993848.5,391.2841506,IT=13;13 ,ii
4153,Ref 2,28.944,66128,40705712.0,14.543946,1908921.1,391.284146,IT=14;14 ,ii
4154,Ref 2,30.770,69784,44150996.0,14.54809,2145034.2,391.2841754,IT=15;15 ,ii
4155,Ref 2,22.952,58640,39554788.0,14.552086,1961525.1,391.2842261,IT=11;11 ,ii
4157,Ref 2,25.873,59940,37911520.0,14.556282,1825349.5,391.2841549,IT=13;13 ,ii
4158,Ref 2,32.232,65584,40238888.0,14.560484,2026504.1,391.2841434,IT=16;16 ,ii
4159,Ref 2,27.207,63976,41577132.0,14.564534,2113811.2,391.2840728,IT=14;14 ,ii
4160,Ref 2,31.255,67640,39239800.0,14.568711,1760266.8,391.2840586,IT=16;16 ,ii
4161,Ref 2,22.829,57760,41959348.0,14.572525,2165693.2,391.2840991,IT=11;11 ,ii
4162,Ref 2,37.329,73396,39762044.0,14.576848,2050765.9,391.2842067,IT=19;19 ,ii
4163,Ref 2,30.473,65768,38295416.0,14.580892,1860617.8,391.2840401,IT=15;15 ,ii
4164,Ref 2,24.330,60920,38885360.0,14.584919,1997026.1,391.2841004,IT=12;12 ,ii
4165,Ref 2,24.310,59748,42837380.0,14.588842,2312865.2,391.284086,IT=12;12 ,ii
4166,Ref 2,29.258,66776,43429520.0,14.593013,2133686.5,391.2840678,IT=15;15 ,ii
4167,Ref 2,24.449,62132,43083636.0,14.597048,2259863.0,391.2840625,IT=12;12 ,ii
4168,Ref 2,22.778,59556,43313008.0,14.601107,2118814.5,391.2840065,IT=11;11 ,ii
4169,Ref 2,19.588,59160,42945068.0,14.604965,2055940.4,391.2839701,IT=9.8;9.8 ,ii
4171,Ref 2,29.962,62800,36106636.0,14.609246,1747485.4,391.2840872,IT=15;15 ,ii
4172,Ref 2,29.611,67380,43137736.0,14.613365,2218818.2,391.2840168,IT=15;15 ,ii
4173,Ref 2,29.568,65572,41382292.0,14.617481,2009621.1,391.2840449,IT=15;15 ,ii
4174,Ref 2,32.311,66760,39486940.0,14.621648,1980113.5,391.2840867,IT=16;16 ,ii
4175,Ref 2,22.125,61216,43713368.0,14.625442,2244450.2,391.2840923,IT=11;11 ,ii
4176,Ref 2,26.474,64700,39669820.0,14.629592,1889876.1,391.2841093,IT=13;13 ,ii
4177,Ref 2,31.341,67468,39550960.0,14.633771,2023871.5,391.2840926,IT=16;16 ,ii
4178,Ref 2,24.783,59692,38212248.0,14.63779,2154602.2,391.284222,IT=12;12 ,ii
4179,Ref 2,37.074,72360,39989476.0,14.641921,1917924.1,391.2842219,IT=19;19 ,ii
4180,Ref 2,30.772,66528,38395756.0,14.645973,1937367.9,391.2842456,IT=15;15 ,ii
4182,Ref 2,33.125,67768,40198520.0,14.650306,1951338.0,391.2841925,IT=17;17 ,ii
4183,Ref 2,25.879,61248,40060648.0,14.654321,1909007.1,391.2841157,IT=13;13 ,ii
4184,Ref 2,30.365,61916,35103108.0,14.658329,1765087.2,391.2842408,IT=15;15 ,ii
4185,Ref 2,32.568,67660,41251692.0,14.662485,2179098.8,391.2843408,IT=16;16 ,ii
4186,Ref 2,27.957,66108,41804136.0,14.666546,2064610.1,391.2841675,IT=14;14 ,ii
4187,Ref 2,29.950,65740,38670488.0,14.670687,1980630.9,391.2842589,IT=15;15 ,ii
4188,Ref 2,27.847,63296,38234604.0,14.674733,2118638.2,391.2841643,IT=14;14 ,ii
4189,Ref 2,25.435,62236,41711972.0,14.678802,2129771.0,391.2841745,IT=13;13 ,ii
4190,Ref 2,38.210,70576,37094196.0,14.68311,1801657.8,391.2842968,IT=19;19 ,ii
4191,Ref 2,28.036,65296,44118632.0,14.6871,2266932.5,391.2841597,IT=14;14 ,ii
4192,Ref 2,26.269,62612,40230552.0,14.691179,2104096.0,391.2842013,IT=13;13 ,ii
4193,Ref 2,36.079,69368,37843024.0,14.695285,1890674.2,391.2842528,IT=18;18 ,ii
4194,Ref 2,33.719,68804,39823596.0,14.699393,2058957.2,391.2842184,IT=17;17 ,ii
4195,Ref 2,31.701,67008,39377976.0,14.7035,2142708.8,391.2842676,IT=16;16 ,ii
4196,Ref 2,26.116,62088,37720208.0,14.707539,1882221.6,391.2841711,IT=13;13 ,ii
4197,Ref 2,29.618,66700,38772708.0,14.711697,2091887.4,391.2842309,IT=15;15 ,ii
4198,Ref 2,26.072,63188,43031640.0,14.715762,2201042.5,391.2841624,IT=13;13 ,ii
4199,Ref 2,34.400,70292,38914428.0,14.719999,1949223.0,391.2842548,IT=17;17 ,ii
4200,Ref 2,30.549,65956,40947748.0,14.724072,2055776.9,391.284252,IT=15;15 ,ii
4201,Ref 2,24.611,61872,42038848.0,14.728104,2091618.5,391.2840851,IT=12;12 ,ii
4202,Ref 2,26.752,64508,41221460.0,14.732056,2136899.0,391.2841658,IT=13;13 ,ii
4203,Ref 2,30.570,68380,38050968.0,14.736222,1994024.2,391.2842293,IT=15;15 ,ii
4204,Ref 2,25.193,60660,38720928.0,14.740256,2011359.6,391.2841778,IT=13;13 ,ii
4205,Ref 2,40.756,74664,37116476.0,14.744608,1783542.0,391.284303,IT=20;20 ,ii
4206,Ref 2,29.946,65520,38191248.0,14.748597,2003297.1,391.2841539,IT=15;15 ,ii
4207,Ref 2,26.276,64376,41031772.0,14.752666,2220114.2,391.2841708,IT=13;13 ,ii
4208,Ref 2,26.469,61288,36441164.0,14.756772,1838331.9,391.2841335,IT=13;13 ,ii
4209,Ref 2,30.488,67320,39029704.0,14.760937,1994441.4,391.2841459,IT=15;15 ,ii
4210,Ref 2,34.457,69804,40009988.0,14.764953,2117150.8,391.2842511,IT=17;17 ,ii
4211,Ref 2,30.179,68140,39219368.0,14.769026,2028990.6,391.2841715,IT=15;15 ,ii
4212,Ref 2,30.809,68068,41271852.0,14.773166,2100753.8,391.2842214,IT=15;15 ,ii
4213,Ref 2,27.399,64476,41756924.0,14.777232,2222454.8,391.2841427,IT=14;14 ,ii
4214,Ref 2,24.841,63152,40066320.0,14.78113,2041036.0,391.2840865,IT=12;12 ,ii
4215,Ref 2,28.269,65036,38342368.0,14.78528,2000986.6,391.2842566,IT=14;14 ,ii
4217,Ref 2,27.114,64588,41487592.0,14.789516,2060423.1,391.2841714,IT=14;14 ,ii
4218,Ref 2,34.032,70712,40995400.0,14.793739,2014069.8,391.2843334,IT=17;17 ,ii
4220,Ref 2,31.607,67168,37890256.0,14.798216,1871194.5,391.2841963,IT=16;16 ,ii
4221,Ref 2,29.496,64748,38803192.0,14.802151,2115031.0,391.2841259,IT=15;15 ,ii
4222,Ref 2,23.308,60552,39285324.0,14.806178,2034454.1,391.2840901,IT=12;12 ,ii
4223,Ref 2,26.695,64168,38355624.0,14.810326,2001031.5,391.2842537,IT=13;13 ,ii
4225,Ref 2,26.915,63032,39605104.0,14.814703,2133339.5,391.2841791,IT=13;13 ,ii
4227,Ref 2,24.290,64020,40813728.0,14.819101,2018417.1,391.2841136,IT=12;12 ,ii
4228,Ref 2,28.917,64612,37757336.0,14.823109,1970691.9,391.2841468,IT=14;14 ,ii
4229,Ref 2,27.577,63744,39956916.0,14.827213,2077616.6,391.2842123,IT=14;14 ,ii
4230,Ref 2,21.591,59384,43282624.0,14.831232,2299244.8,391.2840853,IT=11;11 ,ii
4231,Ref 2,26.661,64200,37722884.0,14.835401,1970558.5,391.2841726,IT=13;13 ,ii
4232,Ref 2,25.804,59844,36719680.0,14.839328,2070597.6,391.2841936,IT=13;13 ,ii
4233,Ref 2,30.884,66880,37787868.0,14.843522,1865027.0,391.2840856,IT=15;15 ,ii
4234,Ref 2,24.120,61664,40769884.0,14.847538,2125686.2,391.2841025,IT=12;12 ,ii
4235,Ref 2,27.462,63752,38898252.0,14.85169,2149108.2,391.2841951,IT=14;14 ,ii
4236,Ref 2,28.747,68520,40643020.0,14.855657,2046238.1,391.2841788,IT=14;14 ,ii
4238,Ref 2,31.300,65840,34504232.0,14.859955,1767418.9,391.284139,IT=16;16 ,ii
4239,Ref 2,28.450,63272,39592076.0,14.864046,2069869.4,391.2840779,IT=14;14 ,ii
4240,Ref 2,26.968,65576,41596488.0,14.868149,2139967.2,391.2842014,IT=13;13 ,ii
4242,Ref 2,30.694,70316,40073116.0,14.872588,2019215.0,391.2840577,IT=15;15 ,ii
4243,Ref 2,33.334,67824,38266824.0,14.876596,1956812.6,391.2841801,IT=17;17 ,ii
4244,Ref 2,22.464,60168,40570660.0,14.880553,2062988.0,391.2840757,IT=11;11 ,ii
4245,Ref 2,27.067,64156,39170208.0,14.88473,1975078.4,391.2843011,IT=14;14 ,ii
4247,Ref 2,27.903,65064,40428652.0,14.889125,2058537.9,391.2841306,IT=14;14 ,ii
4248,Ref 2,26.912,63932,39746708.0,14.89308,2004069.4,391.2840849,IT=13;13 ,ii
4249,Ref 2,35.926,69000,35412520.0,14.897336,1787476.8,391.2841639,IT=18;18 ,ii
4250,Ref 2,27.110,63808,39974384.0,14.901346,2008078.0,391.2839879,IT=14;14 ,ii
4251,Ref 2,31.015,67952,40309240.0,14.905528,2074662.5,391.2842715,IT=16;16 ,ii
4254,Ref 2,28.907,63684,35496672.0,14.911356,1819572.1,391.2842377,IT=14;14 ,ii
4255,Ref 2,24.049,58912,36481908.0,14.91539,2033214.6,391.2841632,IT=12;12 ,ii
4256,Ref 2,30.398,70420,41195448.0,14.919417,2009975.1,391.2840681,IT=15;15 ,ii
4257,Ref 2,30.305,66084,37385512.0,14.923536,1995284.2,391.2842359,IT=15;15 ,ii
4259,Ref 2,29.913,66216,38589956.0,14.927823,2125178.5,391.2843012,IT=15;15 ,ii
4261,Ref 2,25.556,62760,37760260.0,14.932246,2005841.1,391.2841574,IT=13;13 ,ii
4262,Ref 2,35.784,68448,36309320.0,14.936513,1828060.5,391.2842734,IT=18;18 ,ii
4263,Ref 2,25.567,61976,39738328.0,14.940323,1992910.1,391.2841838,IT=13;13 ,ii
4264,Ref 2,23.704,60220,38217524.0,14.944388,1839407.8,391.2841842,IT=12;12 ,ii
4265,Ref 2,26.428,63084,38435380.0,14.948515,1930222.2,391.2842819,IT=13;13 ,ii
4268,Ref 2,24.962,60836,39970752.0,14.954279,2147136.0,391.2841663,IT=12;12 ,ii
4269,Ref 2,30.311,63904,35506700.0,14.958467,1721003.0,391.2841913,IT=15;15 ,ii
4270,Ref 2,29.487,65676,37750196.0,14.962571,1885113.1,391.2841735,IT=15;15 ,ii
4271,Ref 2,23.715,59324,41123200.0,14.966596,2229850.5,391.2842263,IT=12;12 ,ii
4273,Ref 2,31.548,67556,39059760.0,14.970881,1866240.9,391.2840427,IT=16;16 ,ii
4274,Ref 2,31.207,69448,38454876.0,14.975008,1937583.9,391.2841182,IT=16;16 ,ii
4275,Ref 2,33.068,71020,41662264.0,14.979169,2176373.5,391.2841044,IT=17;17 ,ii
4276,Ref 2,34.054,68324,38052772.0,14.98315,1884646.8,391.2841463,IT=17;17 ,ii
4277,Ref 2,26.134,64616,41599300.0,14.98716,2192772.5,391.2840606,IT=13;13 ,ii
4278,Ref 2,24.928,63772,41425864.0,14.991237,2294844.0,391.2841246,IT=12;12 ,ii
4280,Ref 2,25.851,59700,35844656.0,14.995616,1776282.9,391.2840452,IT=13;13 ,ii
4281,Ref 2,28.318,65908,39706588.0,14.999589,1976765.5,391.2838168,IT=14;14 ,ii
4282,Ref 2,28.253,66736,42463288.0,15.003706,2288584.0,391.2841499,IT=14;14 ,ii
4283,Ref 2,22.116,62824,44169536.0,15.007716,2144287.5,391.2840909,IT=11;11 ,ii
4284,Ref 2,22.896,59548,37460632.0,15.011806,1872360.6,391.2842125,IT=11;11 ,ii
4285,Ref 2,30.643,64920,40050436.0,15.015843,2196139.8,391.2840721,IT=15;15 ,ii
4286,Ref 2,22.069,59688,38605248.0,15.019825,1934058.6,391.2841182,IT=11;11 ,ii
4287,Ref 2,27.436,63124,37748140.0,15.023991,1819457.5,391.2841598,IT=14;14 ,ii
4288,Ref 2,20.015,58964,46437528.0,15.027972,2442373.5,391.2841525,IT=10;10 ,ii
4290,Ref 2,21.422,57788,39141200.0,15.032256,2037814.5,391.2841063,IT=11;11 ,ii
4291,Ref 2,43.413,74096,35048388.0,15.036531,1692583.9,391.2842347,IT=22;22 ,ii
4292,Ref 2,23.967,61668,41489492.0,15.040385,2140678.0,391.2840638,IT=12;12 ,ii
4293,Ref 2,29.568,68284,41118448.0,15.044562,2112847.8,391.2841581,IT=15;15 ,ii
4294,Ref 2,28.517,67148,40000620.0,15.048672,1962479.4,391.284097,IT=14;14 ,ii
4295,Ref 2,31.390,68720,41967952.0,15.05267,2167394.8,391.2842363,IT=16;16 ,ii
4296,Ref 2,25.137,62892,41101708.0,15.056697,2079563.6,391.284168,IT=13;13 ,ii
4297,Ref 2,28.439,69868,40932436.0,15.060845,1947875.8,391.2841313,IT=14;14 ,ii
4298,Ref 2,26.998,65700,39018504.0,15.064931,1925114.9,391.2842478,IT=13;13 ,ii
4301,Ref 2,28.129,65764,41477236.0,15.070764,2087510.0,391.2841934,IT=14;14 ,ii
4302,Ref 2,28.636,63036,39070488.0,15.07488,1964009.5,391.2841393,IT=14;14 ,ii
4303,Ref 2,31.536,70220,40699904.0,15.078885,2087101.5,391.2842163,IT=16;16 ,ii
4306,Ref 2,24.649,60760,38119516.0,15.084935,1801012.1,391.284164,IT=12;12 ,ii
4307,Ref 2,18.475,57640,41341584.0,15.088928,2155794.2,391.284175,IT=9.2;9.2 ,ii
4309,Ref 2,21.525,60796,44340268.0,15.094801,2233304.2,359.2105529,IT=11;11 ,ii
4310,Ref 2,27.988,64816,38311680.0,15.098974,2010005.5,359.2106218,IT=14;14 ,ii
4311,Ref 2,36.024,70848,39713960.0,15.103226,2009746.6,359.2106199,IT=18;18 ,ii
4312,Ref 2,23.543,61536,42092664.0,15.107178,2191657.0,391.2840385,IT=12;12 ,ii
4313,Ref 2,22.216,58448,39781380.0,15.111084,2040937.4,359.2104896,IT=11;11 ,ii
4314,Ref 2,33.023,68404,39081908.0,15.115336,1996268.2,391.2841351,IT=17;17 ,ii
4315,Ref 2,21.382,59096,39339268.0,15.11928,2056627.4,359.2103977,IT=11;11 ,ii
4316,Ref 2,21.738,61780,46199332.0,15.123359,2291377.0,391.2841157,IT=11;11 ,ii
4319,Ref 2,25.818,65056,42998300.0,15.129407,2204235.8,391.2840123,IT=13;13 ,ii
4320,Ref 2,22.786,59768,41517432.0,15.133461,2217075.5,391.2840012,IT=11;11 ,ii
4321,Ref 2,28.237,63744,39377052.0,15.137459,2208518.5,359.2105128,IT=14;14 ,ii
4322,Ref 2,25.770,65272,41421840.0,15.14153,2295989.2,359.2105012,IT=13;13 ,ii
4323,Ref 2,22.267,59384,39378284.0,15.145568,2222818.2,359.2104895,IT=11;11 ,ii
4324,Ref 2,23.197,60516,39966804.0,15.149657,2118246.2,359.210557,IT=12;12 ,ii
4326,Ref 2,21.450,59392,46285272.0,15.15378,2601199.0,359.2104037,IT=11;11 ,ii
4327,Ref 2,21.622,58076,41951288.0,15.157857,2318900.8,359.2105315,IT=11;11 ,ii
4328,Ref 2,29.083,65472,40676944.0,15.162053,2248869.0,359.2104255,IT=15;15 ,ii
4329,Ref 2,28.115,64856,40804764.0,15.166165,2197313.0,359.2104816,IT=14;14 ,ii
4330,Ref 2,27.463,68148,43153040.0,15.170096,2421859.5,359.210457,IT=14;14 ,ii
4331,Ref 2,30.782,66164,38652600.0,15.174259,2159011.8,359.2106276,IT=15;15 ,ii
4333,Ref 2,28.039,65748,43267236.0,15.178515,2330638.5,359.2105807,IT=14;14 ,ii
4334,Ref 2,23.776,61976,43085980.0,15.182557,2474493.0,359.2104994,IT=12;12 ,ii
4335,Ref 2,26.676,64272,41465496.0,15.186523,2359075.8,359.2105121,IT=13;13 ,ii
4336,Ref 2,25.577,60648,40404444.0,15.190626,2221200.8,359.2105075,IT=13;13 ,ii
4337,Ref 2,20.849,62124,49544316.0,15.194638,2885862.0,359.2104588,IT=10;10 ,ii
4338,Ref 2,28.202,66436,44205412.0,15.198838,2481372.8,359.2106419,IT=14;14 ,ii
4341,Ref 2,25.088,65056,43187136.0,15.204871,2454503.8,359.210475,IT=13;13 ,ii
4342,Ref 2,24.080,61848,42236672.0,15.20895,2528776.5,359.2104613,IT=12;12 ,ii
4343,Ref 2,31.890,67524,39328408.0,15.213002,2349336.0,359.2104755,IT=16;16 ,ii
4344,Ref 2,26.563,59820,37455752.0,15.217042,2065759.2,359.2105327,IT=13;13 ,ii
4345,Ref 2,23.476,60896,42269156.0,15.221096,2466391.5,359.2104658,IT=12;12 ,ii
4346,Ref 2,24.079,59324,38810416.0,15.2252,2331084.8,359.2103944,IT=12;12 ,ii
4347,Ref 2,26.843,63940,40720900.0,15.229167,2318659.2,359.2106054,IT=13;13 ,ii
4349,Ref 2,25.980,64448,42273464.0,15.233379,2400083.8,359.2103802,IT=13;13 ,ii
4350,Ref 2,29.024,65224,40023368.0,15.237534,2380748.0,359.2105256,IT=15;15 ,ii
4351,Ref 2,27.462,62336,40796320.0,15.241621,2489927.8,359.2104212,IT=14;14 ,ii
4352,Ref 2,28.507,68004,43489680.0,15.245746,2600220.2,359.2104792,IT=14;14 ,ii
4353,Ref 2,26.130,62724,41189144.0,15.249652,2389775.5,359.2103943,IT=13;13 ,ii
4354,Ref 2,19.903,57544,43144848.0,15.253654,2669055.8,359.2104575,IT=10;10 ,ii
4355,Ref 2,25.485,64932,44109572.0,15.257827,2550888.5,359.2104971,IT=13;13 ,ii
4356,Ref 2,22.619,61580,41624240.0,15.261865,2472081.0,359.2104228,IT=11;11 ,ii
4357,Ref 2,27.320,63112,40408064.0,15.265862,2396411.2,359.2104874,IT=14;14 ,ii
4358,Ref 2,28.402,66956,42494076.0,15.269981,2535836.5,359.2104633,IT=14;14 ,ii
4359,Ref 2,26.169,63268,41951432.0,15.274073,2580626.8,359.2105138,IT=13;13 ,ii
4360,Ref 2,26.901,64792,41736684.0,15.278183,2424064.5,359.2104416,IT=13;13 ,ii
4361,Ref 2,29.396,64140,41567280.0,15.282162,2450468.0,359.2105185,IT=15;15 ,ii
4362,Ref 2,25.900,64032,42432360.0,15.286227,2477612.5,359.210582,IT=13;13 ,ii
4365,Ref 2,28.407,66604,41373764.0,15.292062,2536133.0,359.210489,IT=14;14 ,ii
4366,Ref 2,23.949,60836,41484900.0,15.296104,2412882.2,359.2105573,IT=12;12 ,ii
4368,Ref 2,22.792,58704,41074412.0,15.300239,2463994.0,359.2104336,IT=11;11 ,ii
4369,Ref 2,22.910,61996,41553556.0,15.304323,2354794.0,359.2104485,IT=11;11 ,ii
4370,Ref 2,29.303,67260,41478320.0,15.308343,2205917.2,391.2840821,IT=15;15 ,ii
4371,Ref 2,25.849,63788,41847396.0,15.312406,2384833.0,359.2103776,IT=13;13 ,ii
4372,Ref 2,29.486,64900,39560784.0,15.316568,2457026.8,359.2105347,IT=15;15 ,ii
4374,Ref 2,22.502,61448,42885724.0,15.32087,2550068.5,359.2104885,IT=11;11 ,ii
4375,Ref 2,28.238,61200,36665592.0,15.324881,2183619.2,359.210549,IT=14;14 ,ii
4377,Ref 2,30.266,67416,41395548.0,15.329147,2438883.0,359.2104731,IT=15;15 ,ii
4378,Ref 2,30.812,67376,41999704.0,15.333279,2323075.2,359.2104709,IT=15;15 ,ii
4379,Ref 2,22.721,62880,46348624.0,15.337272,2804429.2,359.2103919,IT=11;11 ,ii
4380,Ref 2,26.253,63020,41662848.0,15.341252,2449751.8,359.2104222,IT=13;13 ,ii
4381,Ref 2,27.461,63524,43616488.0,15.345372,2487015.8,359.2104766,IT=14;14 ,ii
4382,Ref 2,24.020,60720,40024864.0,15.349424,2361110.2,359.2105228,IT=12;12 ,ii
4383,Ref 2,26.335,63376,40915116.0,15.353545,2421334.2,359.2104954,IT=13;13 ,ii
4384,Ref 2,20.956,59664,41726760.0,15.357553,2468041.8,359.2105265,IT=10;10 ,ii
4385,Ref 2,24.089,63880,46004140.0,15.36152,2695178.2,359.2104845,IT=12;12 ,ii
4388,Ref 2,29.751,66600,42259908.0,15.367631,2461725.5,359.2105181,IT=15;15 ,ii
4389,Ref 2,24.431,63608,46271220.0,15.371664,2563189.2,359.2105524,IT=12;12 ,ii
4391,Ref 2,27.694,64204,41626536.0,15.375906,2395375.2,359.2104566,IT=14;14 ,ii
4392,Ref 2,25.386,62728,42043628.0,15.379987,2493828.0,359.2105116,IT=13;13 ,ii
4393,Ref 2,29.904,68448,43180036.0,15.383989,2407601.5,359.2104561,IT=15;15 ,ii
4394,Ref 2,30.734,69100,41462528.0,15.388124,2327907.5,359.210514,IT=15;15 ,ii
4395,Ref 2,30.391,68292,40699348.0,15.392245,2273432.5,359.2104411,IT=15;15 ,ii
4396,Ref 2,26.872,65320,43133540.0,15.396307,2311961.0,359.2104838,IT=13;13 ,ii
4397,Ref 2,24.446,64024,44720396.0,15.400368,2470847.5,359.2103441,IT=12;12 ,ii
4398,Ref 2,31.598,68984,39613388.0,15.404407,2265966.0,359.2104306,IT=16;16 ,ii
4399,Ref 2,22.617,59652,42454892.0,15.408395,2528902.8,359.2104672,IT=11;11 ,ii
4400,Ref 2,21.745,60184,42481228.0,15.412464,2499524.5,359.210495,IT=11;11 ,ii
4401,Ref 2,30.569,69440,40027172.0,15.416703,2160532.5,359.2104223,IT=15;15 ,ii
4402,Ref 2,23.643,65184,48039952.0,15.420536,2565771.8,359.2103038,IT=12;12 ,ii
4403,Ref 2,30.567,66892,40699740.0,15.424757,2241930.0,359.2104289,IT=15;15 ,ii
4404,Ref 2,25.921,61668,40642268.0,15.428803,2291422.5,359.2103716,IT=13;13 ,ii
4405,Ref 2,30.712,68328,43577024.0,15.43298,2475686.8,359.2105456,IT=15;15 ,ii
4407,Ref 2,26.559,64028,43983516.0,15.437205,2415083.2,359.2104622,IT=13;13 ,ii
4408,Ref 2,27.929,65952,42122720.0,15.441338,2402846.8,359.2104187,IT=14;14 ,ii
4409,Ref 2,21.711,58740,44169572.0,15.445347,2457186.8,359.2103586,IT=11;11 ,ii
4410,Ref 2,30.567,65472,41750188.0,15.449574,2306250.2,359.2104279,IT=15;15 ,ii
4411,Ref 2,23.348,60948,41972408.0,15.453574,2360753.2,359.210325,IT=12;12 ,ii
4412,Ref 2,31.371,68292,41166440.0,15.457794,2116321.8,359.2104668,IT=16;16 ,ii
4413,Ref 2,23.655,59888,42563948.0,15.461797,2400104.0,359.2105258,IT=12;12 ,ii
4415,Ref 2,23.547,60268,41700104.0,15.465955,2283471.8,359.2103808,IT=12;12 ,ii
4416,Ref 2,28.731,66432,42762948.0,15.47013,2244656.5,359.210485,IT=14;14 ,ii
4418,Ref 2,22.320,64236,44828872.0,15.474263,2588252.2,359.210307,IT=11;11 ,ii
4419,Ref 2,25.623,62260,41748680.0,15.478401,2217680.5,359.2104514,IT=13;13 ,ii
4420,Ref 2,19.723,56300,38686160.0,15.482403,2150266.5,359.2104758,IT=9.9;9.9 ,ii
4422,Ref 2,24.705,63340,46464688.0,15.486761,2520230.5,359.2103074,IT=12;12 ,ii
4423,Ref 2,19.549,54648,41289568.0,15.490788,2350273.5,359.2103943,IT=9.8;9.8 ,ii
4425,Ref 2,27.269,62548,41014784.0,15.495003,2192324.2,359.2104073,IT=14;14 ,ii
4426,Ref 2,21.561,59728,43740300.0,15.49903,2310921.5,359.2103692,IT=11;11 ,ii
4427,Ref 2,23.981,60212,40953132.0,15.503165,2234588.0,359.210314,IT=12;12 ,ii
4428,Ref 2,30.564,68292,45977316.0,15.507363,2378400.8,359.2103516,IT=15;15 ,ii
4429,Ref 2,25.969,63448,45192524.0,15.511252,2335614.2,359.2102558,IT=13;13 ,ii
4430,Ref 2,26.855,65136,43408712.0,15.51538,2130863.0,359.2102971,IT=13;13 ,ii
4431,Ref 2,26.227,63580,45315280.0,15.519484,2362273.8,359.2103461,IT=13;13 ,ii
4434,Ref 2,18.355,57876,45985792.0,15.525405,2456053.2,359.2102053,IT=9.2;9.2 ,ii
4435,Ref 2,31.727,66328,41588876.0,15.52969,2076417.9,359.2104797,IT=16;16 ,ii
4437,Ref 2,29.714,67404,43236396.0,15.534117,2194789.8,359.2102334,IT=15;15 ,ii
4438,Ref 2,32.421,69768,41621288.0,15.538111,2022041.8,359.2103907,IT=16;16 ,ii
4439,Ref 2,24.811,60880,42491400.0,15.542121,2171275.5,359.2101867,IT=12;12 ,ii
4440,Ref 2,22.829,61836,44691028.0,15.546179,2190646.2,391.2839541,IT=11;11 ,ii
4441,Ref 2,17.293,57108,49003036.0,15.550163,2542090.2,359.2101407,IT=8.6;8.6 ,ii
4442,Ref 2,20.863,58204,44237852.0,15.554106,2215897.8,359.2102344,IT=10;10 ,ii
4445,Ref 2,24.401,62632,45252980.0,15.559877,2334096.8,391.2839662,IT=12;12 ,ii
4446,Ref 2,21.978,63036,46321332.0,15.563761,2332103.2,359.2102427,IT=11;11 ,ii
4447,Ref 2,26.054,63636,42975280.0,15.567904,2058340.5,359.2104133,IT=13;13 ,ii
4449,Ref 2,24.482,63940,46356792.0,15.572242,2274437.5,359.2102671,IT=12;12 ,ii
4450,Ref 2,28.898,70648,45937384.0,15.576404,2222021.8,359.2102819,IT=14;14 ,ii
4451,Ref 2,35.916,68960,41423304.0,15.580471,2002630.9,359.210345,IT=18;18 ,ii
4452,Ref 2,21.120,61104,45924592.0,15.584375,2163882.2,391.2840266,IT=11;11 ,ii
4454,Ref 2,28.333,65492,42499764.0,15.588627,1997202.1,359.2101571,IT=14;14 ,ii
4455,Ref 2,29.085,64336,41771348.0,15.592752,2027910.1,359.2102841,IT=15;15 ,ii
4457,Ref 2,20.185,58584,45784924.0,15.596852,2229414.0,359.2102173,IT=10;10 ,ii
4458,Ref 2,15.673,49716,39498848.0,15.600844,1977532.0,391.2840164,IT=7.8;7.8 ,ii
4459,Ref 2,20.591,58856,42596040.0,15.604964,2059008.1,359.2102409,IT=10;10 ,ii
4460,Ref 2,28.504,68592,46213764.0,15.609171,2165054.5,391.2840517,IT=14;14 ,ii
4461,Ref 2,25.636,65356,45910004.0,15.61306,2096751.0,391.2841042,IT=13;13 ,ii
4462,Ref 2,29.069,68280,42839124.0,15.617212,1924827.2,359.2104586,IT=15;15 ,ii
4465,Ref 2,21.915,60696,45426504.0,15.623206,2257395.5,391.2840229,IT=11;11 ,ii
4466,Ref 2,18.364,58548,47609232.0,15.627225,2257561.2,391.2841325,IT=9.2;9.2 ,ii
4470,Ref 2,19.688,61068,49191016.0,15.634727,2291540.5,359.2103293,IT=9.8;9.8 ,ii
4471,Ref 2,29.624,67812,44408288.0,15.638795,2087136.8,391.2841972,IT=15;15 ,ii
4472,Ref 2,23.078,60400,43119716.0,15.642808,1987305.5,391.2841828,IT=12;12 ,ii
4473,Ref 2,29.971,70576,45903208.0,15.647004,2104319.2,391.2840947,IT=15;15 ,ii
4474,Ref 2,22.903,61556,45723344.0,15.65101,2141184.0,391.2841687,IT=11;11 ,ii
4478,Ref 2,25.370,62932,43054892.0,15.658612,2044608.0,391.2839193,IT=13;13 ,ii
4479,Ref 2,23.936,61284,45425404.0,15.662693,2265929.8,391.2839792,IT=12;12 ,ii
4480,Ref 2,21.599,59772,43365220.0,15.666581,1896238.2,391.2840357,IT=11;11 ,ii
4481,Ref 2,24.448,61752,41304112.0,15.670702,1932868.8,391.2840342,IT=12;12 ,ii
4482,Ref 2,24.082,65468,48700892.0,15.674781,2236287.5,391.2839443,IT=12;12 ,ii
4483,Ref 2,22.935,61124,44460236.0,15.678851,2049260.0,391.2841084,IT=11;11 ,ii
4486,Ref 2,28.859,67268,43230516.0,15.684972,1985164.6,391.2840248,IT=14;14 ,ii
4487,Ref 2,22.940,65728,46985184.0,15.688989,2254326.5,391.2839048,IT=11;11 ,ii
4488,Ref 2,33.285,71732,41791236.0,15.693078,1785380.8,391.2840158,IT=17;17 ,ii
4489,Ref 2,26.132,65540,45164960.0,15.697097,2137179.0,391.2838744,IT=13;13 ,ii
4490,Ref 2,19.907,58796,45577948.0,15.701099,2098258.2,391.2838861,IT=10;10 ,ii
4491,Ref 2,32.882,70888,40691652.0,15.705383,1782910.0,391.2839794,IT=16;16 ,ii
4492,Ref 2,22.834,61448,42745172.0,15.709345,2064212.8,391.2839057,IT=11;11 ,ii
4493,Ref 2,22.386,60280,45021204.0,15.713416,2201292.0,391.2839312,IT=11;11 ,ii
4494,Ref 2,27.356,64164,42036720.0,15.717578,1861322.2,391.2839296,IT=14;14 ,ii
4495,Ref 2,24.271,61564,44039120.0,15.721626,2058510.9,391.2839297,IT=12;12 ,ii
4496,Ref 2,25.592,66716,47040360.0,15.725734,2263551.5,391.2838945,IT=13;13 ,ii
4497,Ref 2,32.504,70520,42502072.0,15.729778,1803461.5,391.2840297,IT=16;16 ,ii
4498,Ref 2,23.419,60552,42630720.0,15.73377,1966905.9,391.2839566,IT=12;12 ,ii
4500,Ref 2,29.009,67268,44630360.0,15.738013,2116008.2,391.2839546,IT=15;15 ,ii
4501,Ref 2,27.223,64028,38265756.0,15.742099,1686405.4,391.2839827,IT=14;14 ,ii
4502,Ref 2,25.633,63472,43807140.0,15.746022,2135867.0,391.2840197,IT=13;13 ,ii
4503,Ref 2,24.800,62492,43713432.0,15.750107,2080932.0,391.2840325,IT=12;12 ,ii
4505,Ref 2,21.700,62176,47339996.0,15.754226,2267959.2,391.2838934,IT=11;11 ,ii
4506,Ref 2,23.499,65020,46639364.0,15.758332,2148178.0,391.2838769,IT=12;12 ,ii
4507,Ref 2,18.660,57604,47039572.0,15.762167,2364506.2,391.2839621,IT=9.3;9.3 ,ii
4508,Ref 2,22.351,62008,43747800.0,15.766286,1992284.0,391.2839664,IT=11;11 ,ii
4509,Ref 2,21.223,61232,42834032.0,15.77034,2074435.4,391.2838579,IT=11;11 ,ii
4510,Ref 2,32.750,68668,42449368.0,15.774605,2009481.0,391.2840581,IT=16;16 ,ii
4511,Ref 2,21.341,58512,42281844.0,15.778384,2077279.4,391.2840124,IT=11;11 ,ii
4512,Ref 2,31.888,68392,41200436.0,15.782638,1909912.9,391.284055,IT=16;16 ,ii
4513,Ref 2,21.644,57996,45893860.0,15.786597,2210808.0,391.2839726,IT=11;11 ,ii
4514,Ref 2,27.940,65284,42951828.0,15.790774,1964744.5,391.284,IT=14;14 ,ii
4515,Ref 2,27.328,66788,41454604.0,15.794869,1922121.9,391.2840314,IT=14;14 ,ii
4516,Ref 2,24.823,64376,45600460.0,15.798761,2168071.0,391.2839091,IT=12;12 ,ii
4517,Ref 2,24.520,63844,44691828.0,15.802848,2138478.8,391.2839451,IT=12;12 ,ii
4518,Ref 2,30.396,65504,40007276.0,15.80703,1819790.1,391.2840446,IT=15;15 ,ii
4519,Ref 2,25.624,63408,43446388.0,15.811069,2126710.8,391.283979,IT=13;13 ,ii
4520,Ref 2,26.340,66464,47335000.0,15.815009,2095217.0,391.2840915,IT=13;13 ,ii
4522,Ref 2,26.791,64428,40932416.0,15.81925,1766816.0,391.2840457,IT=13;13 ,ii
4523,Ref 2,31.381,66364,41841144.0,15.823427,2014603.9,391.2840243,IT=16;16 ,ii
4524,Ref 2,20.795,59636,47596244.0,15.827382,2374680.2,391.2840503,IT=10;10 ,ii
4526,Ref 2,26.652,64240,43119432.0,15.831621,1976462.5,391.2838977,IT=13;13 ,ii
4527,Ref 2,24.885,63384,43807596.0,15.835698,2220780.0,391.2839446,IT=12;12 ,ii
4528,Ref 2,19.771,55508,43840452.0,15.839709,2330694.8,391.2840111,IT=9.9;9.9 ,ii
4529,Ref 2,26.753,62568,40030752.0,15.843896,1815872.8,391.2841001,IT=13;13 ,ii
4530,Ref 2,32.850,68592,43766000.0,15.847932,2022841.5,391.2841671,IT=16;16 ,ii
4531,Ref 2,21.686,60000,46070184.0,15.851884,2414483.0,391.2840972,IT=11;11 ,ii
4534,Ref 2,24.940,62072,41586344.0,15.857969,1895956.2,391.2840631,IT=12;12 ,ii
4535,Ref 2,23.630,59556,41104172.0,15.862042,2022404.1,391.284193,IT=12;12 ,ii
4536,Ref 2,19.615,55076,42184924.0,15.866056,2102815.2,391.284152,IT=9.8;9.8 ,ii
4539,Ref 2,24.075,61216,43623788.0,15.871804,2140687.0,391.2839672,IT=12;12 ,ii
4540,Ref 2,29.630,68956,44544272.0,15.875986,2166901.8,391.2841336,IT=15;15 ,ii
4542,Ref 2,22.645,63964,44315460.0,15.880313,1915698.1,391.2840071,IT=11;11 ,ii
4543,Ref 2,26.102,60976,43062492.0,15.88429,2083118.8,391.2840668,IT=13;13 ,ii
4544,Ref 2,28.382,65952,43343700.0,15.888427,2084873.9,391.284149,IT=14;14 ,ii
4545,Ref 2,27.586,65504,45116788.0,15.892527,2022504.2,391.2841917,IT=14;14 ,ii
4546,Ref 2,29.281,64600,40450996.0,15.896662,1931628.1,391.2841163,IT=15;15 ,ii
4547,Ref 2,20.984,58304,44835360.0,15.900477,2255733.8,391.2841348,IT=10;10 ,ii
4549,Ref 2,24.745,60980,38377724.0,15.904654,1866958.8,391.2840516,IT=12;12 ,ii
4550,Ref 2,21.703,53860,34933332.0,15.908696,1598962.8,391.2840355,IT=11;11 ,ii
4551,Ref 2,19.053,53912,42574304.0,15.912727,2294674.2,391.2839962,IT=9.5;9.5 ,ii
4552,Ref 2,22.549,62224,46490296.0,15.916677,2218550.0,391.2839732,IT=11;11 ,ii
4553,Ref 2,20.898,54692,37882040.0,15.920729,1794287.8,391.2840329,IT=10;10 ,ii
4554,Ref 2,25.967,62960,45711016.0,15.924881,2186723.2,391.2840763,IT=13;13 ,ii
4555,Ref 2,22.957,61944,45695504.0,15.928927,2213956.5,391.2839925,IT=11;11 ,ii
4556,Ref 2,30.280,63540,38778676.0,15.932971,1674615.1,391.2840038,IT=15;15 ,ii
4557,Ref 2,21.167,58416,42725916.0,15.936939,2054958.5,391.2840771,IT=11;11 ,ii
4559,Ref 2,23.988,60360,41711736.0,15.941104,2239522.8,391.2840359,IT=12;12 ,ii
4560,Ref 2,26.782,62556,41254436.0,15.945243,1917055.0,391.2839261,IT=13;13 ,ii
4561,Ref 2,23.628,60044,40730984.0,15.949129,2065995.0,391.2840419,IT=12;12 ,ii
4563,Ref 2,23.882,61764,44714304.0,15.95326,2106866.8,391.2839405,IT=12;12 ,ii
4564,Ref 2,23.168,61844,46260092.0,15.957335,2202623.0,391.2838601,IT=12;12 ,ii
4565,Ref 2,19.612,53568,39981376.0,15.961372,1900032.6,391.2839866,IT=9.8;9.8 ,ii
4566,Ref 2,29.313,67708,45072936.0,15.965612,2150075.2,391.2840267,IT=15;15 ,ii
4568,Ref 2,27.495,63668,44109228.0,15.969851,2071703.1,391.2838982,IT=14;14 ,ii
4569,Ref 2,25.638,63468,43463724.0,15.973937,2035671.6,391.2838548,IT=13;13 ,ii
4570,Ref 2,24.123,61524,45102276.0,15.978006,2093888.8,391.2838805,IT=12;12 ,ii
4571,Ref 2,34.879,66856,41163936.0,15.982268,1905466.2,391.2841422,IT=17;17 ,ii
4572,Ref 2,31.821,65668,40158244.0,15.986189,1973511.0,391.2840924,IT=16;16 ,ii
4574,Ref 2,24.662,64344,47404740.0,15.990368,2326610.2,391.2839095,IT=12;12 ,ii
4575,Ref 2,21.754,59056,42405300.0,15.99441,2079211.8,391.2840998,IT=11;11 ,ii
4578,Ref 2,25.833,63332,41921672.0,16.000185,2091317.4,391.2840069,IT=13;13 ,ii
4579,Ref 2,34.672,68456,39059256.0,16.004433,1996673.4,391.2841704,IT=17;17 ,ii
4580,Ref 2,18.012,54172,45156092.0,16.008328,2185035.0,391.2839814,IT=9;9 ,ii
4581,Ref 2,24.851,57832,39570268.0,16.012328,1948334.6,391.2839834,IT=12;12 ,ii
4583,Ref 2,24.263,63836,46188548.0,16.01647,2303693.8,391.2838821,IT=12;12 ,ii
4584,Ref 2,32.937,64348,40773504.0,16.020712,1939128.4,391.2840908,IT=16;16 ,ii
4585,Ref 2,24.546,58068,37809580.0,16.024701,1863218.6,391.2840695,IT=12;12 ,ii
4587,Ref 2,29.000,67216,45700616.0,16.028968,2133852.5,391.2839299,IT=14;14 ,ii
4588,Ref 2,25.910,64136,44416720.0,16.033032,2061621.0,391.284005,IT=13;13 ,ii
4589,Ref 2,26.308,62876,39010732.0,16.037136,1928539.2,391.2840317,IT=13;13 ,ii
4590,Ref 2,31.446,65524,38380156.0,16.041318,1957937.8,391.2839936,IT=16;16 ,ii
4591,Ref 2,20.672,60264,43634704.0,16.045095,2131095.5,391.2839073,IT=10;10 ,ii
4592,Ref 2,20.452,55584,39392684.0,16.049161,1956976.4,391.283976,IT=10;10 ,ii
4593,Ref 2,28.101,66064,42071056.0,16.053359,2179020.0,391.2840214,IT=14;14 ,ii
4594,Ref 2,23.993,60620,39733632.0,16.057399,1886967.6,391.284081,IT=12;12 ,ii
4595,Ref 2,24.092,61060,42454140.0,16.061332,2071584.2,391.2840257,IT=12;12 ,ii
4596,Ref 2,24.851,64248,46731096.0,16.065457,2318174.2,391.2838836,IT=12;12 ,ii
4597,Ref 2,26.593,63564,45653144.0,16.06958,2267649.0,391.2840358,IT=13;13 ,ii
4599,Ref 2,27.864,63312,39386292.0,16.073805,1934271.0,391.2840431,IT=14;14 ,ii
4600,Ref 2,25.189,59784,41715556.0,16.077876,2063989.9,391.2839623,IT=13;13 ,ii
4601,Ref 2,28.912,64184,40281708.0,16.081867,1936825.4,391.2840168,IT=14;14 ,ii
4602,Ref 2,31.698,65164,39377080.0,16.086047,1880091.9,391.2839777,IT=16;16 ,ii
4603,Ref 2,25.193,63268,44253852.0,16.090069,2198146.8,391.2839646,IT=13;13 ,ii
4604,Ref 2,24.137,60140,45140232.0,16.094157,2192393.5,391.2839694,IT=12;12 ,ii
4605,Ref 2,29.022,64964,40430468.0,16.098153,1926980.8,391.2841034,IT=15;15 ,ii
4606,Ref 2,29.237,63648,41366932.0,16.102274,2014321.4,391.2840843,IT=15;15 ,ii
4607,Ref 2,24.411,59988,44364576.0,16.106309,2218855.0,391.2840074,IT=12;12 ,ii
4608,Ref 2,28.451,65448,40581032.0,16.110471,1981769.4,391.2841005,IT=14;14 ,ii
4611,Ref 2,27.961,61644,41671628.0,16.116557,2125371.2,391.2840727,IT=14;14 ,ii
4612,Ref 2,29.087,62784,41595196.0,16.120694,1921447.5,391.284181,IT=15;15 ,ii
4615,Ref 2,30.757,65436,42088736.0,16.12683,2147627.5,391.2841496,IT=15;15 ,ii
4616,Ref 2,22.604,57488,40959224.0,16.130646,2057277.9,391.2841851,IT=11;11 ,ii
4618,Ref 2,20.242,55260,38307412.0,16.134767,1904033.1,391.2841135,IT=10;10 ,ii
4620,Ref 2,27.761,62468,41490972.0,16.139055,2060943.4,391.2840602,IT=14;14 ,ii
4621,Ref 2,24.490,60232,40927832.0,16.143107,1910913.8,391.2840231,IT=12;12 ,ii
4622,Ref 2,24.266,59508,39488832.0,16.14719,1914034.6,391.2839687,IT=12;12 ,ii
4623,Ref 2,29.360,62580,39828768.0,16.151192,1936723.8,391.2840228,IT=15;15 ,ii
4624,Ref 2,24.038,60740,43696768.0,16.155225,2338663.0,391.2840392,IT=12;12 ,ii
4626,Ref 2,19.643,54084,39270064.0,16.15934,2031152.1,391.2839994,IT=9.8;9.8 ,ii
4627,Ref 2,17.642,50432,37849536.0,16.163371,1937537.6,391.2840517,IT=8.8;8.8 ,ii
4628,Ref 2,18.671,53856,43576068.0,16.167267,2322333.5,391.2840477,IT=9.3;9.3 ,ii
4629,Ref 2,26.747,62252,38809608.0,16.171461,1965774.5,391.2839825,IT=13;13 ,ii
4630,Ref 2,26.222,60208,37815836.0,16.17555,1912677.2,391.2841276,IT=13;13 ,ii
4632,Ref 2,19.710,54852,40970636.0,16.179831,2130409.2,391.2840031,IT=9.9;9.9 ,ii
4633,Ref 2,22.619,59188,45075652.0,16.183783,2270407.8,391.283997,IT=11;11 ,ii
4635,Ref 2,20.031,51628,35116924.0,16.187896,1852736.6,391.284019,IT=10;10 ,ii
4636,Ref 2,22.817,60064,43266100.0,16.192008,2075315.9,391.2840053,IT=11;11 ,ii
4637,Ref 2,25.030,60604,45267388.0,16.196121,2201656.8,391.2838382,IT=13;13 ,ii
4638,Ref 2,33.625,65528,37003304.0,16.20019,1837295.0,391.2839793,IT=17;17 ,ii
4639,Ref 2,19.433,56096,43974816.0,16.204094,2204612.2,391.2839097,IT=9.7;9.7 ,ii
4640,Ref 2,17.487,54532,46608292.0,16.208129,2491752.2,391.2840358,IT=8.7;8.7 ,ii
4643,Ref 2,28.163,65420,40852416.0,16.213944,2025948.4,391.2840269,IT=14;14 ,ii
4644,Ref 2,23.849,59016,39164516.0,16.217987,1900856.1,391.2839321,IT=12;12 ,ii
4645,Ref 2,27.132,59892,39654988.0,16.222146,1931781.0,391.283978,IT=14;14 ,ii
4646,Ref 2,23.465,53720,36233792.0,16.226029,1855958.8,391.2841295,IT=12;12 ,ii
4648,Ref 2,26.532,62196,40731636.0,16.230231,2101424.0,391.2838828,IT=13;13 ,ii
4649,Ref 2,25.432,57780,39419216.0,16.234333,1970452.8,391.284014,IT=13;13 ,ii
4650,Ref 2,32.427,67444,40111160.0,16.23855,2035992.2,391.2840326,IT=16;16 ,ii
4651,Ref 2,31.944,66064,40698604.0,16.242514,1999627.8,391.2840845,IT=16;16 ,ii
4652,Ref 2,23.761,63352,44450124.0,16.246519,2114308.0,391.2838762,IT=12;12 ,ii
4653,Ref 2,26.416,62028,38850064.0,16.250654,1966446.2,391.2839626,IT=13;13 ,ii
4654,Ref 2,20.943,57192,43048232.0,16.254685,2351564.2,391.2839095,IT=10;10 ,ii
4655,Ref 2,30.630,65948,39294008.0,16.258754,2012397.5,391.2839875,IT=15;15 ,ii
4656,Ref 2,31.136,63880,37790452.0,16.262889,1848461.6,391.2839347,IT=16;16 ,ii
4657,Ref 2,30.774,65576,41225352.0,16.267014,2133278.8,391.2838861,IT=15;15 ,ii
4658,Ref 2,22.401,58020,41644056.0,16.271002,2103372.0,391.2839709,IT=11;11 ,ii
4659,Ref 2,29.519,62084,36817960.0,16.275225,1748573.8,391.2840453,IT=15;15 ,ii
4661,Ref 2,25.376,61668,43327680.0,16.27941,2149484.5,391.283894,IT=13;13 ,ii
4662,Ref 2,28.941,63132,41157484.0,16.283587,2097625.8,391.2839162,IT=14;14 ,ii
4663,Ref 2,34.185,68060,37936996.0,16.287789,1847491.4,391.2840077,IT=17;17 ,ii
4664,Ref 2,23.111,58732,42895236.0,16.291754,2312012.0,391.2837953,IT=12;12 ,ii
4665,Ref 2,23.323,59612,43239992.0,16.295843,2186201.8,391.2838485,IT=12;12 ,ii
4666,Ref 2,34.551,66716,37200516.0,16.300112,1722603.5,391.2840223,IT=17;17 ,ii
4667,Ref 2,25.698,61664,41904608.0,16.304114,2201186.0,391.2838993,IT=13;13 ,ii
4668,Ref 2,30.093,63588,39568396.0,16.308285,2117070.5,391.2840316,IT=15;15 ,ii
4669,Ref 2,29.455,65300,39423668.0,16.312406,1952123.2,391.284007,IT=15;15 ,ii
4670,Ref 2,24.721,55772,37174248.0,16.316281,2016813.8,391.2840789,IT=12;12 ,ii
4671,Ref 2,26.477,61292,41818236.0,16.320395,2161297.2,391.284072,IT=13;13 ,ii
4672,Ref 2,27.997,60028,38971432.0,16.324514,1960740.2,391.2839639,IT=14;14 ,ii
4673,Ref 2,24.569,58420,39315276.0,16.328568,2160810.0,391.2839083,IT=12;12 ,ii
4674,Ref 2,25.131,58016,41157552.0,16.332499,2171076.8,391.2839584,IT=13;13 ,ii
4675,Ref 2,27.912,62548,37300380.0,16.336641,1693775.6,391.2840557,IT=14;14 ,ii
4676,Ref 2,28.199,64040,40415600.0,16.340751,2144794.0,391.2839894,IT=14;14 ,ii
4677,Ref 2,22.143,57068,41003988.0,16.344759,2206904.8,391.284038,IT=11;11 ,ii
4678,Ref 2,30.504,66432,40461704.0,16.348814,1967569.1,391.2840716,IT=15;15 ,ii
4679,Ref 2,30.752,61696,37280688.0,16.352941,1900304.6,391.2840787,IT=15;15 ,ii
4680,Ref 2,28.756,63856,40947716.0,16.35703,2264491.8,391.2840633,IT=14;14 ,ii
4682,Ref 2,26.748,62608,41657752.0,16.361428,1898464.8,391.2838938,IT=13;13 ,ii
4683,Ref 2,23.930,56168,37268420.0,16.365318,2008799.2,391.2839503,IT=12;12 ,ii
4684,Ref 2,25.574,60668,40496612.0,16.36943,2289203.0,391.2838976,IT=13;13 ,ii
4685,Ref 2,23.989,61448,44735712.0,16.373503,2309264.5,391.283887,IT=12;12 ,ii
4686,Ref 2,29.098,62528,38380944.0,16.377674,1930918.8,391.2840431,IT=15;15 ,ii
4689,Ref 2,29.857,63788,39514084.0,16.38352,2180495.0,391.2840747,IT=15;15 ,ii
4690,Ref 2,34.319,65288,36140452.0,16.387715,1773136.0,391.2840958,IT=17;17 ,ii
4691,Ref 2,23.790,58584,40140816.0,16.391513,2075503.2,391.2839644,IT=12;12 ,ii
4692,Ref 2,24.928,64124,45200532.0,16.395624,2339556.0,391.2839514,IT=12;12 ,ii
4693,Ref 2,21.973,56700,37659104.0,16.399659,1941814.2,391.2840652,IT=11;11 ,ii
4694,Ref 2,33.771,63300,35152328.0,16.40393,1904948.6,391.2841013,IT=17;17 ,ii
4695,Ref 2,27.144,62624,40085060.0,16.407786,2028670.9,391.2839759,IT=14;14 ,ii
4696,Ref 2,27.019,62780,39828516.0,16.411888,2134190.8,391.283956,IT=14;14 ,ii
4697,Ref 2,25.037,56084,35071856.0,16.415957,1742262.0,391.2840154,IT=13;13 ,ii
4698,Ref 2,29.893,63024,36574336.0,16.42014,2035106.6,391.2841895,IT=15;15 ,ii
4699,Ref 2,22.992,58344,41124028.0,16.424261,2183856.0,391.2841064,IT=11;11 ,ii
4700,Ref 2,30.520,62836,37376880.0,16.428465,1867517.6,391.2840794,IT=15;15 ,ii
4701,Ref 2,23.758,58688,38967508.0,16.432471,2148118.0,391.2841012,IT=12;12 ,ii
4702,Ref 2,29.608,64352,37971136.0,16.436655,1917327.1,391.2842051,IT=15;15 ,ii
4704,Ref 2,28.686,61728,36678528.0,16.441082,1976339.9,391.2840932,IT=14;14 ,ii
4705,Ref 2,27.438,59232,37813036.0,16.445005,2031620.9,391.2842168,IT=14;14 ,ii
4708,Ref 2,25.594,60704,38171912.0,16.451067,1890403.0,391.2840703,IT=13;13 ,ii
4709,Ref 2,29.492,61948,35415220.0,16.455067,1883475.2,391.2842194,IT=15;15 ,ii
4712,Ref 2,28.826,63364,38717508.0,16.461202,2068527.9,391.2840113,IT=14;14 ,ii
4713,Ref 2,34.523,63620,34868724.0,16.465415,1739970.6,391.2841003,IT=17;17 ,ii
4714,Ref 2,25.436,60364,39731008.0,16.469409,2067683.4,391.2841288,IT=13;13 ,ii
4716,Ref 2,22.487,55256,37411656.0,16.473711,2118076.0,391.2839987,IT=11;11 ,ii
4717,Ref 2,26.121,58980,37017768.0,16.477854,1994746.5,391.2840828,IT=13;13 ,ii
4718,Ref 2,22.392,55260,38588772.0,16.481721,2129426.0,391.2840381,IT=11;11 ,ii
4719,Ref 2,29.857,67780,43109888.0,16.485925,2210292.2,391.284076,IT=15;15 ,ii
4720,Ref 2,25.642,57788,34552284.0,16.489983,1708015.6,391.2842261,IT=13;13 ,ii
4723,Ref 2,26.844,56232,34260004.0,16.495794,1843446.1,391.2840971,IT=13;13 ,ii
4724,Ref 2,32.529,66272,40261816.0,16.499996,2065407.4,391.284178,IT=16;16 ,ii
4726,Ref 2,28.423,61988,37031292.0,16.504252,1982174.1,391.2840267,IT=14;14 ,ii
4727,Ref 2,24.547,58860,37985656.0,16.508229,2072689.9,391.2839555,IT=12;12 ,ii
4728,Ref 2,22.703,59348,39926156.0,16.512296,2170202.2,391.2840487,IT=11;11 ,ii
4729,Ref 2,29.078,64512,39432728.0,16.516469,2008805.4,391.2840122,IT=15;15 ,ii
4730,Ref 2,28.133,60744,36767204.0,16.520569,2113735.5,391.2840388,IT=14;14 ,ii
4732,Ref 2,23.200,59492,39198788.0,16.524733,2179117.0,391.2839097,IT=12;12 ,ii
4733,Ref 2,25.538,59564,36721556.0,16.528856,1934381.6,391.2839212,IT=13;13 ,ii
4734,Ref 2,25.184,57624,38094884.0,16.532948,2114539.0,391.2840056,IT=13;13 ,ii
4736,Ref 2,26.649,60972,39084680.0,16.537323,1967413.4,391.283908,IT=13;13 ,ii
4737,Ref 2,24.422,59972,38955112.0,16.541398,2132577.5,391.2838774,IT=12;12 ,ii
4738,Ref 2,23.041,58000,37568960.0,16.545467,2158572.8,391.2840191,IT=12;12 ,ii
4740,Ref 2,25.875,61044,40627232.0,16.549673,2134939.8,391.2839711,IT=13;13 ,ii
4741,Ref 2,33.340,64148,34857008.0,16.553893,1753304.9,391.2839078,IT=17;17 ,ii
4742,Ref 2,26.726,61400,37672080.0,16.557929,2085986.6,391.2839154,IT=13;13 ,ii
4743,Ref 2,25.330,59780,37947104.0,16.561843,1943419.6,391.2841056,IT=13;13 ,ii
4744,Ref 2,32.497,68800,37532872.0,16.566058,2006815.0,391.2841264,IT=16;16 ,ii
4745,Ref 2,25.659,60788,35745760.0,16.570075,2011125.1,391.2840542,IT=13;13 ,ii
4746,Ref 2,28.451,61112,36873780.0,16.574216,2048917.9,391.2840349,IT=14;14 ,ii
4747,Ref 2,30.222,61384,34872564.0,16.578191,1726928.4,391.28399,IT=15;15 ,ii
4748,Ref 2,28.893,63828,40657844.0,16.582297,2175005.8,391.2839693,IT=14;14 ,ii
4749,Ref 2,29.105,62052,38482232.0,16.586414,2112961.0,391.2839373,IT=15;15 ,ii
4750,Ref 2,26.340,59244,35554460.0,16.590487,1754865.1,391.2840549,IT=13;13 ,ii
4751,Ref 2,29.712,63836,38278936.0,16.594481,2065802.5,391.2838893,IT=15;15 ,ii
4752,Ref 2,29.591,62640,38384848.0,16.598602,2056296.9,391.2839558,IT=15;15 ,ii
4753,Ref 2,25.889,59164,35444504.0,16.60266,1810308.0,391.2840059,IT=13;13 ,ii
4754,Ref 2,21.812,55812,37928936.0,16.606702,2112699.2,391.2840116,IT=11;11 ,ii
4755,Ref 2,23.043,59948,41352448.0,16.610639,2408891.8,391.2839711,IT=12;12 ,ii
4756,Ref 2,31.378,62484,36056388.0,16.614858,1833801.4,391.2840686,IT=16;16 ,ii
4758,Ref 2,25.090,59612,38631000.0,16.619058,2126313.8,391.2839707,IT=13;13 ,ii
4759,Ref 2,31.886,66888,40060492.0,16.623266,2066193.6,391.2840291,IT=16;16 ,ii
4760,Ref 2,27.230,62972,41159056.0,16.627318,2043778.6,391.2840638,IT=14;14 ,ii
4761,Ref 2,20.807,54048,35834712.0,16.631157,2031631.4,391.2841013,IT=10;10 ,ii
4762,Ref 2,26.307,61196,38824136.0,16.63533,2033693.5,391.284026,IT=13;13 ,ii
4763,Ref 2,33.469,66960,38813636.0,16.639541,1929114.2,391.2840575,IT=17;17 ,ii
4764,Ref 2,31.450,65400,36961000.0,16.643641,1934120.1,391.2840675,IT=16;16 ,ii
4765,Ref 2,29.393,62108,38761640.0,16.647564,2136233.0,391.2840131,IT=15;15 ,ii
4766,Ref 2,24.710,56560,36637176.0,16.651603,1957862.2,391.2840226,IT=12;12 ,ii
4767,Ref 2,33.339,63176,35521904.0,16.655839,1877883.1,391.2841622,IT=17;17 ,ii
4769,Ref 2,24.282,62904,42418808.0,16.660193,2278934.0,391.2839926,IT=12;12 ,ii
4770,Ref 2,27.038,64576,39206656.0,16.664159,1971453.9,391.2841459,IT=14;14 ,ii
4772,Ref 2,32.839,62936,35039912.0,16.668489,1756748.9,391.2840393,IT=16;16 ,ii
4773,Ref 2,32.096,66280,38229972.0,16.672611,2059533.5,391.2840629,IT=16;16 ,ii
4774,Ref 2,27.039,61904,39562816.0,16.676666,2098165.2,391.2840914,IT=14;14 ,ii
4776,Ref 2,26.417,55928,32498958.0,16.681055,1747513.2,391.2840553,IT=13;13 ,ii
4777,Ref 2,25.661,61852,40443284.0,16.684995,2120829.8,391.2840577,IT=13;13 ,ii
4779,Ref 2,23.465,58608,38497548.0,16.689143,2017046.1,391.2840009,IT=12;12 ,ii
4780,Ref 2,20.714,56552,36962468.0,16.693195,1975333.6,391.2839533,IT=10;10 ,ii
4781,Ref 2,25.957,61240,37755656.0,16.697357,1993255.9,391.2838723,IT=13;13 ,ii
4782,Ref 2,30.438,66344,39653900.0,16.701372,2041447.2,391.283935,IT=15;15 ,ii
4783,Ref 2,29.246,59976,34865396.0,16.705486,1767888.4,391.2839192,IT=15;15 ,ii
4784,Ref 2,25.826,60784,37283496.0,16.709553,2127001.0,391.2839275,IT=13;13 ,ii
4785,Ref 2,33.016,66052,38780592.0,16.713776,1955011.6,391.2840438,IT=17;17 ,ii
4786,Ref 2,26.449,58620,33714756.0,16.717807,1758805.6,391.2841027,IT=13;13 ,ii
4788,Ref 2,26.953,59744,37610040.0,16.72203,2018410.2,391.2839645,IT=13;13 ,ii
4789,Ref 2,19.711,54660,40614636.0,16.726017,2355007.8,391.2839285,IT=9.9;9.9 ,ii
4790,Ref 2,22.848,55764,37295064.0,16.730149,1906046.9,391.2840458,IT=11;11 ,ii
4792,Ref 2,23.134,58976,39879260.0,16.734463,2270721.2,391.2840087,IT=12;12 ,ii
4793,Ref 2,29.142,62632,36610136.0,16.738494,1898679.8,391.2839573,IT=15;15 ,ii
4794,Ref 2,29.186,65776,39326548.0,16.742628,1937100.8,391.2839631,IT=15;15 ,ii
4795,Ref 2,19.827,54720,38053844.0,16.746605,2138840.0,391.2840821,IT=9.9;9.9 ,ii
4797,Ref 2,23.256,57436,38512404.0,16.750921,2104254.2,391.2839026,IT=12;12 ,ii
4798,Ref 2,22.431,56044,37715228.0,16.755015,1931555.1,391.2839664,IT=11;11 ,ii
4799,Ref 2,38.688,71948,38168008.0,16.759207,1991440.2,391.2841513,IT=19;19 ,ii
4801,Ref 2,20.987,56696,42841816.0,16.763353,2257265.0,391.2839188,IT=10;10 ,ii
4802,Ref 2,28.754,64236,37808260.0,16.767559,1885832.0,391.2839224,IT=14;14 ,ii
4803,Ref 2,31.607,63304,34565304.0,16.771734,1869650.4,391.2839447,IT=16;16 ,ii
4804,Ref 2,24.914,64512,44653780.0,16.775582,2431207.2,391.2838982,IT=12;12 ,ii
4805,Ref 2,29.343,61824,34572832.0,16.779752,1779464.0,391.2840311,IT=15;15 ,ii
4807,Ref 2,27.720,62080,39566808.0,16.784011,2116029.0,391.2839414,IT=14;14 ,ii
4808,Ref 2,25.808,62520,44021700.0,16.7881,2266788.8,391.2839075,IT=13;13 ,ii
4809,Ref 2,22.743,55700,35703168.0,16.791994,1802679.2,391.2839345,IT=11;11 ,ii
4810,Ref 2,24.063,60584,40838072.0,16.796107,2035494.5,391.2839924,IT=12;12 ,ii
4811,Ref 2,31.351,66968,39316648.0,16.800325,2096104.6,391.2840158,IT=16;16 ,ii
4812,Ref 2,26.182,63660,39960080.0,16.804375,2120778.0,391.2839513,IT=13;13 ,ii
4813,Ref 2,24.038,60104,39328836.0,16.808448,2221875.8,391.284,IT=12;12 ,ii
4814,Ref 2,22.389,57820,39742316.0,16.812356,2266926.0,391.2838917,IT=11;11 ,ii
4815,Ref 2,23.293,60092,38932256.0,16.816452,2080161.9,391.2839413,IT=12;12 ,ii
4816,Ref 2,25.635,58848,34263072.0,16.820579,1775583.1,391.2838632,IT=13;13 ,ii
4817,Ref 2,26.003,61400,38618776.0,16.824692,2006400.1,391.2839725,IT=13;13 ,ii
4818,Ref 2,29.498,64308,38678768.0,16.828683,1972192.1,391.284031,IT=15;15 ,ii
4819,Ref 2,35.617,69600,35677912.0,16.832906,1782820.6,391.2840833,IT=18;18 ,ii
4820,Ref 2,26.783,62528,37798032.0,16.836914,2044526.8,391.2839332,IT=13;13 ,ii
4821,Ref 2,30.359,63828,38443272.0,16.841083,2047363.4,391.2839882,IT=15;15 ,ii
4822,Ref 2,24.172,57576,35739828.0,16.844935,1916384.9,391.2839781,IT=12;12 ,ii
4823,Ref 2,19.186,52640,37725432.0,16.848948,2151099.8,391.2839475,IT=9.6;9.6 ,ii
4824,Ref 2,43.449,77016,38282652.0,16.853412,1855914.9,391.2841111,IT=22;22 ,ii
4825,Ref 2,30.871,66232,36569716.0,16.857381,1939007.4,391.2840411,IT=15;15 ,ii
4826,Ref 2,22.867,55420,35531412.0,16.861208,2025336.4,391.283923,IT=11;11 ,ii
4827,Ref 2,15.188,49692,41509840.0,16.865166,2358359.2,391.2839965,IT=7.6;7.6 ,ii
4829,Ref 2,23.210,60572,40674408.0,16.871189,2277113.8,391.2840022,IT=12;12 ,ii
4830,Ref 2,24.872,59876,39155780.0,16.875308,2201372.2,391.2840779,IT=12;12 ,ii
4831,Ref 2,25.852,63352,38787280.0,16.879439,2095031.6,391.2841271,IT=13;13 ,ii
4833,Ref 2,26.608,58568,33930936.0,16.88381,1769556.2,391.2839824,IT=13;13 ,ii
4835,Ref 2,29.122,63128,37148692.0,16.88811,2016504.0,391.2839759,IT=15;15 ,ii
4836,Ref 2,29.468,62280,36278292.0,16.892239,1941061.2,391.2840872,IT=15;15 ,ii
4837,Ref 2,29.235,63480,37235700.0,16.89636,1998301.9,391.2839707,IT=15;15 ,ii
4838,Ref 2,34.844,67712,37883900.0,16.900574,1995392.1,391.2841222,IT=17;17 ,ii
4839,Ref 2,24.700,57264,37315220.0,16.904556,1977999.9,391.2840232,IT=12;12 ,ii
4840,Ref 2,30.072,62508,36274476.0,16.908574,1907651.8,391.2840771,IT=15;15 ,ii
4841,Ref 2,26.157,62900,39171552.0,16.912641,2072391.4,391.2841082,IT=13;13 ,ii
4842,Ref 2,26.340,61272,38359112.0,16.916747,2006115.1,391.2841709,IT=13;13 ,ii
4844,Ref 2,37.947,67668,34190792.0,16.921316,1741625.8,391.2842208,IT=19;19 ,ii
4845,Ref 2,25.363,60548,38458080.0,16.925358,2163773.2,391.2840587,IT=13;13 ,ii
4846,Ref 2,25.164,62752,40931528.0,16.929462,2124177.0,391.2840111,IT=13;13 ,ii
4847,Ref 2,29.116,65004,38154364.0,16.93362,2040754.6,391.284072,IT=15;15 ,ii
4848,Ref 2,25.877,60272,38105200.0,16.937691,2058370.9,391.2841543,IT=13;13 ,ii
4850,Ref 2,25.843,59536,37203352.0,16.942055,2009416.0,391.2840899,IT=13;13 ,ii
4851,Ref 2,40.099,68384,33376470.0,16.94623,1672766.0,391.2842888,IT=20;20 ,ii
4854,Ref 2,27.812,64420,40357632.0,16.95206,2162914.0,391.2839636,IT=14;14 ,ii
4855,Ref 2,28.445,62316,36301060.0,16.956199,1959695.8,391.2840965,IT=14;14 ,ii
4857,Ref 2,26.614,60920,37991192.0,16.96057,2089988.4,391.2839615,IT=13;13 ,ii
4858,Ref 2,28.060,67684,41949108.0,16.964697,2194109.8,391.2840169,IT=14;14 ,ii
4859,Ref 2,28.468,62532,36860164.0,16.968814,1876639.2,391.2840218,IT=14;14 ,ii
4860,Ref 2,24.691,57168,34487748.0,16.972701,1897150.9,391.2839546,IT=12;12 ,ii
4861,Ref 2,23.673,61028,42922700.0,16.976772,2407194.5,391.2839151,IT=12;12 ,ii
4862,Ref 2,28.876,66624,40255640.0,16.980941,2082670.8,391.2840944,IT=14;14 ,ii
4864,Ref 2,33.492,63888,35731076.0,16.985428,1922955.5,391.284,IT=17;17 ,ii
4865,Ref 2,24.439,60788,37688020.0,16.989243,1977448.4,391.2839487,IT=12;12 ,ii
4866,Ref 2,28.908,65436,37526472.0,16.993409,1998352.9,391.2840498,IT=14;14 ,ii
4868,Ref 2,28.357,63280,37815000.0,16.997651,1971876.9,391.2839672,IT=14;14 ,ii
4869,Ref 2,29.202,66312,37439760.0,17.001776,2038899.9,391.2840355,IT=15;15 ,ii
4870,Ref 2,29.242,64944,39089800.0,17.005897,1966117.1,391.2839418,IT=15;15 ,ii
4873,Ref 2,31.772,66512,39667900.0,17.013747,2103529.5,391.2840446,IT=16;16 ,ii
4874,Ref 2,25.863,62080,39878072.0,17.017776,2111416.5,391.2839805,IT=13;13 ,ii
4875,Ref 2,23.480,58164,38579240.0,17.021834,1977771.5,391.2840634,IT=12;12 ,ii
4877,Ref 2,29.881,64460,40429188.0,17.026119,2147413.8,391.2839434,IT=15;15 ,ii
4878,Ref 2,37.260,69148,37196240.0,17.030359,1900519.6,391.2841355,IT=19;19 ,ii
4879,Ref 2,29.814,61844,34955644.0,17.034401,1770366.6,391.2840613,IT=15;15 ,ii
4881,Ref 2,22.091,56544,36285256.0,17.038697,1940503.6,391.2839996,IT=11;11 ,ii
4882,Ref 2,24.309,60308,36241376.0,17.042809,1872558.6,391.2839989,IT=12;12 ,ii
4883,Ref 2,24.504,55684,34156000.0,17.046732,1771900.4,391.284155,IT=12;12 ,ii
4885,Ref 2,27.161,62396,39291876.0,17.050942,2069073.6,391.2839049,IT=14;14 ,ii
4886,Ref 2,29.575,62092,37221656.0,17.055103,1951006.9,391.2841011,IT=15;15 ,ii
4887,Ref 2,22.271,57912,38857216.0,17.059098,2119675.5,391.2839745,IT=11;11 ,ii
4888,Ref 2,29.882,63484,37010240.0,17.063151,1928313.0,391.2840583,IT=15;15 ,ii
4890,Ref 2,28.630,64056,39450172.0,17.067396,1929047.1,391.2839502,IT=14;14 ,ii
4891,Ref 2,34.812,65784,34473656.0,17.071619,1743488.9,391.284067,IT=17;17 ,ii
4892,Ref 2,25.361,62312,40560788.0,17.075615,2223747.8,391.28394,IT=13;13 ,ii
4893,Ref 2,21.197,59388,41209896.0,17.079475,2260743.0,391.2839606,IT=11;11 ,ii
4894,Ref 2,27.606,62012,38223956.0,17.083657,1968966.0,391.2839714,IT=14;14 ,ii
4895,Ref 2,25.948,61296,40290360.0,17.087729,2109214.0,391.2839497,IT=13;13 ,ii
4896,Ref 2,24.686,60364,39262232.0,17.091811,1995822.0,391.284013,IT=12;12 ,ii
4897,Ref 2,27.484,61176,36600100.0,17.095777,1821290.5,391.2839763,IT=14;14 ,ii
4898,Ref 2,25.844,61752,38726736.0,17.099861,2135819.8,391.2839165,IT=13;13 ,ii
4899,Ref 2,24.443,61148,43983980.0,17.103938,2376313.2,391.2838241,IT=12;12 ,ii
4900,Ref 2,20.507,55268,37867916.0,17.107961,1883546.1,391.2839524,IT=10;10 ,ii
4901,Ref 2,28.510,63444,38996348.0,17.111998,1951155.5,391.2839942,IT=14;14 ,ii
4902,Ref 2,24.109,59132,38487620.0,17.11604,2147263.0,391.2839298,IT=12;12 ,ii
4903,Ref 2,30.253,66532,41475932.0,17.120236,2088375.6,391.2840249,IT=15;15 ,ii
4904,Ref 2,30.190,63484,37501444.0,17.12435,1868912.8,391.2840459,IT=15;15 ,ii
4905,Ref 2,32.593,66308,38740472.0,17.128506,2002888.6,391.2841171,IT=16;16 ,ii
4906,Ref 2,20.592,53388,39020512.0,17.132271,2231678.8,391.2840356,IT=10;10 ,ii
4907,Ref 2,22.981,57328,38490720.0,17.136388,1936583.0,391.2839723,IT=11;11 ,ii
4908,Ref 2,19.589,54660,40851024.0,17.140413,2096226.8,391.2839375,IT=9.8;9.8 ,ii
4909,Ref 2,21.992,53216,35611720.0,17.144519,1923461.2,391.2839436,IT=11;11 ,ii
4910,Ref 2,27.803,63112,40058464.0,17.148529,1902996.0,391.2838654,IT=14;14 ,ii
4911,Ref 2,30.314,66548,41352924.0,17.152685,2111208.8,391.283974,IT=15;15 ,ii
4912,Ref 2,29.621,66624,41246296.0,17.156802,2175959.8,391.2840733,IT=15;15 ,ii
4914,Ref 2,26.691,63020,40551624.0,17.1612,1950524.2,391.2839074,IT=13;13 ,ii
4915,Ref 2,29.698,61632,37502424.0,17.165194,1970155.1,391.283939,IT=15;15 ,ii
4916,Ref 2,20.633,58836,43450388.0,17.169166,2269289.8,391.2838943,IT=10;10 ,ii
4917,Ref 2,30.815,68396,39750384.0,17.173412,1946041.4,391.2840064,IT=15;15 ,ii
4918,Ref 2,22.174,59512,42725356.0,17.177394,2107693.8,391.2838402,IT=11;11 ,ii
4919,Ref 2,22.732,59012,43913916.0,17.181323,2125704.5,391.2839737,IT=11;11 ,ii
4922,Ref 2,26.334,61460,40117516.0,17.187404,1934315.6,391.2838448,IT=13;13 ,ii
4923,Ref 2,25.506,62284,43408824.0,17.191331,2064984.4,391.2839614,IT=13;13 ,ii
4926,Ref 2,20.989,53212,37018496.0,17.197029,1744719.2,391.283955,IT=10;10 ,ii
4927,Ref 2,19.182,57200,44514028.0,17.201073,2113350.5,391.2839618,IT=9.6;9.6 ,ii
4928,Ref 2,27.494,65964,41535880.0,17.205272,2067269.2,391.2838298,IT=14;14 ,ii
4929,Ref 2,24.655,62328,43762496.0,17.209335,2034792.9,391.2839035,IT=12;12 ,ii
4930,Ref 2,19.382,55584,42189812.0,17.213175,2045385.8,391.2839668,IT=9.7;9.7 ,ii
4931,Ref 2,22.879,64500,45509400.0,17.2173,2404114.8,391.2838661,IT=11;11 ,ii
4932,Ref 2,23.176,61724,45907668.0,17.221383,2198165.5,391.2840005,IT=12;12 ,ii
4935,Ref 2,22.572,54940,38168192.0,17.227104,1887142.6,391.283947,IT=11;11 ,ii
4936,Ref 2,24.167,62296,45597532.0,17.231222,2217677.5,391.2839331,IT=12;12 ,ii
4937,Ref 2,22.036,60056,45332684.0,17.235287,2245737.2,391.283923,IT=11;11 ,ii
4938,Ref 2,21.467,55620,41276068.0,17.239201,2172562.2,391.2840505,IT=11;11 ,ii
4940,Ref 2,21.871,61444,49707744.0,17.243493,2385327.8,391.2838684,IT=11;11 ,ii
4941,Ref 2,27.767,62184,39751824.0,17.247676,1928246.6,533.2701394,IT=14;14 ,ii
4942,Ref 2,19.157,58072,48134128.0,17.251647,2397690.2,391.2838702,IT=9.6;9.6 ,ii
4943,Ref 2,17.856,56996,47533076.0,17.25552,2320665.8,533.2699588,IT=8.9;8.9 ,ii
4944,Ref 2,23.484,62088,46218276.0,17.259674,2418560.0,533.2700114,IT=12;12 ,ii
4945,Ref 2,20.948,58356,43207156.0,17.263722,2229336.8,533.2701457,IT=10;10 ,ii
4948,Ref 2,19.679,59972,49917924.0,17.269397,2611532.0,533.2699039,IT=9.8;9.8 ,ii
4949,Ref 2,25.748,66180,46394696.0,17.273564,2399539.8,533.2702291,IT=13;13 ,ii
4952,Ref 2,20.912,60648,47300396.0,17.279534,2507356.2,533.2700463,IT=10;10 ,ii
4953,Ref 2,23.912,60872,41377824.0,17.283653,2285195.2,533.2700732,IT=12;12 ,ii
4954,Ref 2,22.321,61660,44103460.0,17.287543,2426570.2,533.2700716,IT=11;11 ,ii
4955,Ref 2,24.598,62668,46089976.0,17.291659,2627206.0,533.2701994,IT=12;12 ,ii
4956,Ref 2,17.604,56160,48862004.0,17.295632,2627674.8,533.2698784,IT=8.8;8.8 ,ii
4957,Ref 2,26.658,64808,41576172.0,17.299843,2408322.8,533.2700396,IT=13;13 ,ii
4958,Ref 2,22.175,59204,42710600.0,17.303716,2458876.8,533.2698693,IT=11;11 ,ii
4959,Ref 2,16.802,53996,48829348.0,17.307701,3056004.2,533.26984,IT=8.4;8.4 ,ii
4960,Ref 2,19.856,54040,44401852.0,17.311807,2657152.5,533.270088,IT=9.9;9.9 ,ii
4962,Ref 2,19.750,56816,46021872.0,17.316059,2968946.8,533.2699693,IT=9.9;9.9 ,ii
4963,Ref 2,25.748,63256,46087636.0,17.320065,2956155.8,533.2701399,IT=13;13 ,ii
4964,Ref 2,28.288,66648,46652640.0,17.324205,2981592.5,533.2700141,IT=14;14 ,ii
4965,Ref 2,20.897,60164,49243236.0,17.32819,3272273.8,533.2697703,IT=10;10 ,ii
4966,Ref 2,17.948,54940,47155228.0,17.332213,3076832.0,533.2700654,IT=9;9 ,ii
4968,Ref 2,21.300,57976,44873800.0,17.336517,2863662.5,533.2699704,IT=11;11 ,ii
4969,Ref 2,23.837,65648,53497856.0,17.34063,3435128.5,533.2700593,IT=12;12 ,ii
4970,Ref 2,21.990,64192,49568736.0,17.344688,3285580.8,533.2700389,IT=11;11 ,ii
4971,Ref 2,24.930,64892,46665696.0,17.348811,3110282.2,533.2702333,IT=12;12 ,ii
4973,Ref 2,25.228,68512,54235792.0,17.353182,3617112.5,533.2700104,IT=13;13 ,ii
4974,Ref 2,18.004,56664,51005160.0,17.356988,3462242.5,533.2699327,IT=9;9 ,ii
4975,Ref 2,21.197,61932,49076440.0,17.361094,3450783.2,533.2700911,IT=11;11 ,ii
4977,Ref 2,18.019,58332,49687028.0,17.365157,3381734.8,533.2700191,IT=9;9 ,ii
4978,Ref 2,20.264,58144,51449540.0,17.369251,3655378.2,533.2701428,IT=10;10 ,ii
4980,Ref 2,18.383,60516,54747088.0,17.373507,3856102.2,533.2699705,IT=9.2;9.2 ,ii
4981,Ref 2,25.674,67384,49494500.0,17.377521,3482487.5,533.2701055,IT=13;13 ,ii
4982,Ref 2,13.581,55504,58609304.0,17.381419,4242925.0,533.2698752,IT=6.8;6.8 ,ii
4984,Ref 2,15.197,55964,57183496.0,17.385434,4347087.0,533.2699554,IT=7.6;7.6 ,ii
4986,Ref 2,20.417,62476,49972012.0,17.389767,3691050.5,533.2700246,IT=10;10 ,ii
4987,Ref 2,17.927,59184,54048348.0,17.39363,4136488.2,533.2698512,IT=9;9 ,ii
4988,Ref 2,19.177,61436,56845784.0,17.397713,4189898.2,533.2699593,IT=9.6;9.6 ,ii
4992,Ref 2,16.132,56300,50809796.0,17.405432,3996832.5,533.2699022,IT=8.1;8.1 ,ii
4993,Ref 2,16.500,60548,58728472.0,17.40933,4490202.5,533.2698915,IT=8.2;8.2 ,ii
4994,Ref 2,17.226,58012,50930124.0,17.413386,3806983.8,533.2698951,IT=8.6;8.6 ,ii
4995,Ref 2,17.910,60040,56773824.0,17.417444,4385771.0,533.2698284,IT=9;9 ,ii
4996,Ref 2,18.242,62144,60240124.0,17.421334,4788073.0,533.2698934,IT=9.1;9.1 ,ii
4999,Ref 2,18.891,62584,56514152.0,17.426994,4514385.5,533.269934,IT=9.4;9.4 ,ii
5000,Ref 2,11.606,56988,71855424.0,17.430769,5414019.5,533.2699773,IT=5.8;5.8 ,ii
5004,Ref 2,15.965,60016,63270544.0,17.438236,4905955.0,533.2698643,IT=8;8 ,ii
5005,Ref 2,15.204,57196,58970004.0,17.4421,4565469.5,533.2699614,IT=7.6;7.6 ,ii
5007,Ref 2,16.076,63184,67719336.0,17.44616,5182568.0,533.2698349,IT=8;8 ,ii
5008,Ref 2,15.409,54944,52049648.0,17.450196,4091115.2,533.2701486,IT=7.7;7.7 ,ii
5011,Ref 2,16.135,66316,73318984.0,17.455831,5523018.5,533.2698404,IT=8.1;8.1 ,ii
5012,Ref 2,15.901,63192,65499852.0,17.459873,4984523.5,533.2699225,IT=8;8 ,ii
5015,Ref 2,18.170,64756,65642012.0,17.46554,4773642.5,533.2697451,IT=9.1;9.1 ,ii
5016,Ref 2,17.201,64756,64028556.0,17.469585,5042852.0,533.2698796,IT=8.6;8.6 ,ii
5018,Ref 2,16.411,63848,65394088.0,17.473644,5087097.5,533.2698398,IT=8.2;8.2 ,ii
5019,Ref 2,18.781,68408,66257592.0,17.477733,4939006.0,533.2697685,IT=9.4;9.4 ,ii
5020,Ref 2,17.356,68792,73090312.0,17.481771,5326818.0,533.2698594,IT=8.7;8.7 ,ii
5021,Ref 2,16.082,65184,66262712.0,17.485802,4839735.5,533.2699722,IT=8;8 ,ii
5024,Ref 2,15.033,60616,65516444.0,17.491694,4724948.5,533.2698115,IT=7.5;7.5 ,ii
5025,Ref 2,13.679,62852,76704104.0,17.49555,5526512.0,533.2697915,IT=6.8;6.8 ,ii
5026,Ref 2,14.626,64284,81058440.0,17.499573,5776544.0,533.2697289,IT=7.3;7.3 ,ii
5028,Ref 2,14.662,59828,67660480.0,17.505458,4927934.5,533.2699987,IT=7.3;7.3 ,ii
5029,Ref 2,12.474,55112,65647616.0,17.509466,4710127.5,533.2700567,IT=6.2;6.2 ,ii
5031,Ref 2,13.140,60508,69094616.0,17.513454,5100112.0,533.2698388,IT=6.6;6.6 ,ii
5032,Ref 2,13.409,61684,76256024.0,17.517489,5393359.0,533.2697136,IT=6.7;6.7 ,ii
5036,Ref 2,12.904,57520,70819128.0,17.526993,4953155.5,533.2697684,IT=6.5;6.5 ,ii
5037,Ref 2,13.741,61236,76148664.0,17.531033,5174803.0,533.2698917,IT=6.9;6.9 ,ii
5038,Ref 2,12.136,56988,68438024.0,17.535014,4793466.0,533.2700339,IT=6.1;6.1 ,ii
5040,Ref 2,13.099,60416,73419832.0,17.539187,4545644.0,533.2698598,IT=6.5;6.5 ,ii
5041,Ref 2,11.186,60672,82767160.0,17.543022,5602242.0,533.2698294,IT=5.6;5.6 ,ii
5043,Ref 2,12.832,60496,74872560.0,17.548862,4920059.0,533.2700249,IT=6.4;6.4 ,ii
5044,Ref 2,12.643,65972,85858176.0,17.552889,5532245.5,533.2700078,IT=6.3;6.3 ,ii
5046,Ref 2,13.006,62104,78102472.0,17.556876,5047824.0,533.2698047,IT=6.5;6.5 ,ii
5047,Ref 2,10.525,57372,81433920.0,17.560868,4862037.5,533.2698831,IT=5.3;5.3 ,ii
5048,Ref 2,10.303,57220,78055272.0,17.564801,4626590.5,533.2700159,IT=5.2;5.2 ,ii
5050,Ref 2,12.140,62312,81335056.0,17.568743,4792052.0,533.2698545,IT=6.1;6.1 ,ii
5052,Ref 2,12.546,65572,94679320.0,17.57462,5254492.5,533.269904,IT=6.3;6.3 ,ii
5054,Ref 2,12.036,61204,82821464.0,17.580491,4467061.5,533.2697948,IT=6;6 ,ii
5055,Ref 2,11.242,60252,90410928.0,17.584495,5007791.5,533.269807,IT=5.6;5.6 ,ii
5060,Ref 2,10.666,58068,92132488.0,17.595466,5533225.5,430.7545246,IT=5.3;5.3 ,ii
5065,Ref 2,10.344,59060,98198488.0,17.604641,6764620.5,430.7544426,IT=5.2;5.2 ,ii
5066,Ref 2,10.026,60888,106211150.0,17.608611,7913104.5,430.7544792,IT=5;5 ,ii
5067,Ref 2,10.841,63180,98988584.0,17.612382,7439416.0,430.7543969,IT=5.4;5.4 ,ii
5069,Ref 2,9.563,57204,96086704.0,17.618166,7589205.0,430.754428,IT=4.8;4.8 ,ii
5071,Ref 2,9.508,61316,117512900.0,17.623991,9572599.0,430.754366,IT=4.8;4.8 ,ii
5075,Ref 2,9.054,58136,110454350.0,17.633468,8887373.0,430.7543654,IT=4.5;4.5 ,ii
5077,Ref 2,8.918,56908,106302520.0,17.639286,7981848.0,430.7544774,IT=4.5;4.5 ,ii
5079,Ref 2,8.524,61560,126597200.0,17.645097,9710742.0,430.7543353,IT=4.3;4.3 ,ii
5082,Ref 2,10.971,64720,104355870.0,17.65278,6508683.5,430.7544665,IT=5.5;5.5 ,ii
5083,Ref 2,8.459,57220,100869570.0,17.656726,5661393.0,430.7545112,IT=4.2;4.2 ,ii
5085,Ref 2,10.334,65272,108451980.0,17.662555,6036808.5,430.7545052,IT=5.2;5.2 ,ii
5087,Ref 2,9.741,62888,97695632.0,17.668384,4434946.5,430.7544167,IT=4.9;4.9 ,ii
5089,Ref 2,9.328,62780,115724830.0,17.673503,5215512.5,430.7543463,IT=4.7;4.7 ,ii
5092,Ref 2,9.865,61944,94073960.0,17.681171,3457896.2,456.2142561,IT=4.9;4.9 ,ii
5094,Ref 2,9.616,64900,114634230.0,17.687017,4267993.0,456.2141882,IT=4.8;4.8 ,ii
5097,Ref 2,9.643,67600,118118660.0,17.692911,4353352.0,456.2141341,IT=4.8;4.8 ,ii
5099,Ref 2,9.269,67028,114023780.0,17.698775,4153152.2,456.2141448,IT=4.6;4.6 ,ii
5102,Ref 2,8.630,63620,107941100.0,17.706421,3703928.0,456.2142357,IT=4.3;4.3 ,ii
5103,Ref 2,9.444,67164,123753100.0,17.710371,4837371.5,456.2142065,IT=4.7;4.7 ,ii
5106,Ref 2,9.043,65184,106034610.0,17.717975,4029860.0,456.2143781,IT=4.5;4.5 ,ii
5108,Ref 2,9.432,69328,121202620.0,17.723873,4510309.5,456.2142123,IT=4.7;4.7 ,ii
5109,Ref 2,9.775,70612,129091440.0,17.727842,4753305.5,456.2143988,IT=4.9;4.9 ,ii
5112,Ref 2,10.012,69940,114724590.0,17.733673,4310775.5,456.2141916,IT=5;5 ,ii
5114,Ref 2,8.469,67260,119007610.0,17.739504,4376897.0,456.2141566,IT=4.2;4.2 ,ii
5116,Ref 2,8.548,67988,130314580.0,17.745319,4816892.5,456.2141735,IT=4.3;4.3 ,ii
5119,Ref 2,9.653,76056,131691410.0,17.753,4741673.0,369.1820701,IT=4.8;4.8 ,ii
5122,Ref 2,9.070,73164,130083750.0,17.760696,4608863.5,369.1821671,IT=4.5;4.5 ,ii
5125,Ref 2,7.785,69432,144221040.0,17.766171,5093038.0,369.18195,IT=3.9;3.9 ,ii
5128,Ref 2,7.825,67500,140944260.0,17.773829,5134683.0,369.18206,IT=3.9;3.9 ,ii
5131,Ref 2,6.905,68388,161070240.0,17.779291,6904143.0,488.5343259,IT=3.5;3.5 ,ii
5135,Ref 2,7.079,65336,153066980.0,17.786931,8846949.0,488.5341715,IT=3.5;3.5 ,ii
5137,Ref 2,7.343,66828,138124350.0,17.792758,9536963.0,488.5342185,IT=3.7;3.7 ,ii
5138,Ref 2,8.365,68284,143433420.0,17.796691,10913474.0,488.5344035,IT=4.2;4.2 ,ii
5139,Ref 2,7.079,66312,166118400.0,17.800562,12702643.0,488.5342194,IT=3.5;3.5 ,ii
5141,Ref 2,6.187,61772,170274610.0,17.806308,13581601.0,488.5342322,IT=3.1;3.1 ,ii
5144,Ref 2,6.857,66776,168715340.0,17.813993,14329814.0,488.5342285,IT=3.4;3.4 ,ii
5146,Ref 2,6.588,64820,155527740.0,17.819777,12594226.0,488.5342871,IT=3.3;3.3 ,ii
5149,Ref 2,6.361,60836,144435540.0,17.827379,11762742.0,488.5343214,IT=3.2;3.2 ,ii
5151,Ref 2,7.675,68544,155218560.0,17.833193,10781737.0,488.5343584,IT=3.8;3.8 ,ii
5154,Ref 2,6.688,68860,151895120.0,17.840789,8841224.0,488.5343566,IT=3.3;3.3 ,ii
5159,Ref 2,6.905,69124,153002720.0,17.852035,7019284.5,369.1821879,IT=3.5;3.5 ,ii
5164,Ref 2,6.686,67896,149678580.0,17.861137,6693053.0,369.1822011,IT=3.3;3.3 ,ii
5168,Ref 2,6.427,66896,140836670.0,17.868418,6825459.5,369.1821925,IT=3.2;3.2 ,ii
5175,Ref 2,6.421,69100,181700290.0,17.883058,8112310.5,369.1821861,IT=3.2;3.2 ,ii
5183,Ref 2,4.523,59872,181131250.0,17.897635,8825578.0,396.5266246,IT=2.3;2.3 ,ii
5194,Ref 2,5.254,69796,223401760.0,17.917728,9353883.0,396.5266721,IT=2.6;2.6 ,ii
5197,Ref 2,4.735,66300,233139410.0,17.92317,9969821.0,369.1820143,IT=2.4;2.4 ,ii
5207,Ref 2,5.894,72584,187230750.0,17.94332,7896680.5,369.1822438,IT=2.9;2.9 ,ii
5215,Ref 2,6.004,75600,194865010.0,17.95752,9196326.0,369.1822419,IT=3;3 ,ii
5224,Ref 2,5.526,80852,223876480.0,17.973922,10923277.0,369.1822021,IT=2.8;2.8 ,ii
5231,Ref 2,6.515,80588,191033120.0,17.986355,7703988.5,369.1822599,IT=3.3;3.3 ,ii
5237,Ref 2,6.577,83816,218978450.0,17.997309,8698541.0,369.1820765,IT=3.3;3.3 ,ii
5248,Ref 2,5.254,76720,230601440.0,18.016538,7864033.5,369.1821279,IT=2.6;2.6 ,ii
5251,Ref 2,5.240,72924,207294540.0,18.023952,6849107.0,369.1821736,IT=2.6;2.6 ,ii
5262,Ref 2,4.888,77656,276467870.0,18.044084,11588880.0,351.1733972,IT=2.4;2.4 ,ii
5273,Ref 2,5.388,77808,239757490.0,18.063315,9021546.0,351.1735205,IT=2.7;2.7 ,ii
5282,Ref 2,5.132,79492,263201090.0,18.077827,8671960.0,351.1734547,IT=2.6;2.6 ,ii
5291,Ref 2,4.438,73928,268983010.0,18.094019,7033637.5,351.1734383,IT=2.2;2.2 ,ii
5302,Ref 2,4.406,80580,302660770.0,18.114979,13992717.0,489.5795478,IT=2.2;2.2 ,ii
5305,Ref 2,4.323,75524,273483010.0,18.120412,13755448.0,489.5795873,IT=2.2;2.2 ,ii
5316,Ref 2,3.871,73856,310665060.0,18.138902,15780958.0,489.5794937,IT=1.9;1.9 ,ii
5327,Ref 2,4.188,76704,291334720.0,18.157847,9392218.0,489.5794644,IT=2.1;2.1 ,ii
5338,Ref 2,4.648,73628,268906620.0,18.175441,8003010.0,415.2241495,IT=2.3;2.3 ,ii
5346,Ref 2,4.074,76416,327950940.0,18.189524,12678489.0,415.2242339,IT=2;2 ,ii
5353,Ref 2,3.621,69748,370839170.0,18.202247,16569461.0,415.2241198,IT=1.8;1.8 ,ii
5364,Ref 2,2.931,62300,433840450.0,18.220584,26788166.0,390.2029613,IT=1.5;1.5 ,ii
5367,Ref 2,2.450,58168,533708320.0,18.225972,47015948.0,390.2029273,IT=1.2;1.2 ,ii
5378,Ref 2,1.828,49868,627046270.0,18.244345,95483968.0,390.2030769,IT=0.91;0.91 ,ii
5389,Ref 2,1.486,46344,847935810.0,18.263563,175652240.0,390.2029045,IT=0.74;0.74 ,ii
5399,Ref 2,1.634,46020,845056450.0,18.282592,185916980.0,390.2029783,IT=0.82;0.82 ,ii
5407,Ref 2,1.600,44600,707450940.0,18.296459,146387820.0,390.2030596,IT=0.8;0.8 ,ii
5412,Ref 2,2.154,53148,664683330.0,18.303978,129399700.0,390.2030331,IT=1.1;1.1 ,ii
5418,Ref 2,2.458,59040,584673790.0,18.31438,90906552.0,390.2031245,IT=1.2;1.2 ,ii
5428,Ref 2,2.529,59908,472835940.0,18.33219,44542632.0,390.20308,IT=1.3;1.3 ,ii
5435,Ref 2,3.086,64560,478953470.0,18.343913,30790306.0,390.2029655,IT=1.5;1.5 ,ii
5444,Ref 2,3.075,67436,557544320.0,18.361215,27130802.0,373.7234949,IT=1.5;1.5 ,ii
5453,Ref 2,3.376,64844,424402110.0,18.376273,35058088.0,489.2122621,IT=1.7;1.7 ,ii
5458,Ref 2,2.924,64348,532029950.0,18.385308,51326360.0,489.2122464,IT=1.5;1.5 ,ii
5465,Ref 2,2.917,59916,432627260.0,18.398042,50571180.0,489.2125009,IT=1.5;1.5 ,ii
5471,Ref 2,2.646,59008,517031390.0,18.408935,58482712.0,489.2124249,IT=1.3;1.3 ,ii
5480,Ref 2,2.970,61960,408770020.0,18.424087,38629824.0,489.2123051,IT=1.5;1.5 ,ii
5490,Ref 2,3.593,68716,418481250.0,18.443896,24635116.0,370.1844915,IT=1.8;1.8 ,ii
5501,Ref 2,3.973,72684,382792580.0,18.460112,19159024.0,479.7876122,IT=2;2 ,ii
5508,Ref 2,3.605,71420,376067360.0,18.471418,18712076.0,479.7876323,IT=1.8;1.8 ,ii
5514,Ref 2,3.709,76408,398149790.0,18.482316,17519530.0,479.7875078,IT=1.9;1.9 ,ii
5522,Ref 2,3.852,73340,380999580.0,18.497735,13032174.0,479.7876886,IT=1.9;1.9 ,ii
5529,Ref 2,3.679,69448,361167170.0,18.510507,12667495.0,358.1743873,IT=1.8;1.8 ,ii
5535,Ref 2,4.209,74712,360385500.0,18.522543,15169139.0,383.6951403,IT=2.1;2.1 ,ii
5543,Ref 2,4.993,81728,321589340.0,18.536061,15897311.0,383.6950207,IT=2.5;2.5 ,ii
5550,Ref 2,4.860,79048,296535010.0,18.547978,15267385.0,383.6952956,IT=2.4;2.4 ,ii
5561,Ref 2,5.260,85564,300061760.0,18.566597,13373805.0,383.6953717,IT=2.6;2.6 ,ii
5571,Ref 2,5.209,86884,309185860.0,18.58387,8007139.0,383.6954691,IT=2.6;2.6 ,ii
5581,Ref 2,5.053,84328,276452060.0,18.599678,5664534.5,483.7101912,IT=2.5;2.5 ,ii
5592,Ref 2,5.423,86416,326867360.0,18.620378,7202952.0,471.7720534,IT=2.7;2.7 ,ii
5603,Ref 2,4.944,83344,333040960.0,18.63873,11482056.0,471.7719965,IT=2.5;2.5 ,ii
5606,Ref 2,4.331,81124,361978430.0,18.644148,12522317.0,471.7719791,IT=2.2;2.2 ,ii
5617,Ref 2,3.966,73700,332768540.0,18.663681,18491538.0,512.2284195,IT=2;2 ,ii
5628,Ref 2,3.649,77076,382674910.0,18.680736,23785114.0,512.2282111,IT=1.8;1.8 ,ii
5639,Ref 2,4.395,82132,379989540.0,18.700808,17555848.0,512.2284339,IT=2.2;2.2 ,ii
5650,Ref 2,4.101,78720,397123460.0,18.719316,13702201.0,360.1914466,IT=2.1;2.1 ,ii
5660,Ref 2,3.479,77492,402660930.0,18.735012,13465322.0,360.1913243,IT=1.7;1.7 ,ii
5671,Ref 2,3.521,81296,444386660.0,18.753568,10960961.0,360.1912956,IT=1.8;1.8 ,ii
5674,Ref 2,3.873,83792,440963740.0,18.760979,9139276.0,360.1914052,IT=1.9;1.9 ,ii
5685,Ref 2,3.438,79332,486806300.0,18.778993,11664217.0,387.7212357,IT=1.7;1.7 ,ii
5696,Ref 2,3.435,83372,558173760.0,18.795485,17222048.0,387.7211338,IT=1.7;1.7 ,ii
5707,Ref 2,3.378,79676,523492320.0,18.81378,13412478.0,357.1925208,IT=1.7;1.7 ,ii
5718,Ref 2,3.332,77024,480029600.0,18.830014,21281518.0,359.8487195,IT=1.7;1.7 ,ii
5729,Ref 2,3.440,82200,512132260.0,18.848789,36645580.0,359.848565,IT=1.7;1.7 ,ii
5740,Ref 2,3.905,89692,496152320.0,18.86934,25953462.0,359.8487578,IT=2;2 ,ii
5743,Ref 2,3.628,87636,497537730.0,18.874749,20556594.0,359.8487391,IT=1.8;1.8 ,ii
5754,Ref 2,3.865,89204,475673250.0,18.889715,14526178.0,534.7245727,IT=1.9;1.9 ,ii
5765,Ref 2,3.523,83892,449742980.0,18.906067,12074676.0,534.7244625,IT=1.8;1.8 ,ii
5776,Ref 2,3.964,89956,451531330.0,18.92303,14414140.0,381.1910811,IT=2;2 ,ii
5787,Ref 2,3.695,88104,480737600.0,18.942992,12490226.0,381.1912166,IT=1.8;1.8 ,ii
5798,Ref 2,3.663,84288,481049470.0,18.95913,15753529.0,404.199166,IT=1.8;1.8 ,ii
5809,Ref 2,3.391,83764,542501440.0,18.973227,18724502.0,404.1992317,IT=1.7;1.7 ,ii
5820,Ref 2,3.390,84868,498891420.0,18.990446,16814600.0,489.7902484,IT=1.7;1.7 ,ii
5831,Ref 2,4.280,90376,424701090.0,19.008079,11496861.0,489.7902727,IT=2.1;2.1 ,ii
5842,Ref 2,3.766,89644,433924540.0,19.028125,11313306.0,416.7242006,IT=1.9;1.9 ,ii
5853,Ref 2,4.539,96136,465336860.0,19.04441,13719249.0,416.724173,IT=2.3;2.3 ,ii
5864,Ref 2,3.673,86768,481496930.0,19.061366,17027028.0,469.2351779,IT=1.8;1.8 ,ii
5875,Ref 2,3.384,83916,508338340.0,19.077241,16916570.0,445.2531864,IT=1.7;1.7 ,ii
5886,Ref 2,3.317,85544,499168130.0,19.093585,19638838.0,403.7073795,IT=1.7;1.7 ,ii
5897,Ref 2,3.320,85740,552813630.0,19.113214,27398446.0,403.7074035,IT=1.7;1.7 ,ii
5908,Ref 2,3.148,83072,573705660.0,19.126403,23130632.0,403.7071806,IT=1.6;1.6 ,ii
5919,Ref 2,2.902,78004,679219460.0,19.14493,42183480.0,378.8522709,IT=1.5;1.5 ,ii
5930,Ref 2,2.231,69700,916470980.0,19.160947,92244264.0,378.8522958,IT=1.1;1.1 ,ii
5941,Ref 2,1.819,63964,964386690.0,19.177305,113716030.0,378.8521902,IT=0.91;0.91 ,ii
5952,Ref 2,2.175,68264,800186370.0,19.196588,86114984.0,378.8522615,IT=1.1;1.1 ,ii
5955,Ref 2,2.666,75108,759406910.0,19.202047,69598872.0,378.8522837,IT=1.3;1.3 ,ii
5966,Ref 2,2.769,75588,587157890.0,19.220515,30232530.0,378.852215,IT=1.4;1.4 ,ii
5977,Ref 2,3.405,79096,512842110.0,19.238326,25460460.0,468.761285,IT=1.7;1.7 ,ii
5988,Ref 2,3.698,87644,535232670.0,19.254461,24337962.0,468.7609516,IT=1.8;1.8 ,ii
5997,Ref 2,3.261,77020,508846430.0,19.271294,16377638.0,355.1687655,IT=1.6;1.6 ,ii
6008,Ref 2,4.170,88344,474204100.0,19.290154,13559482.0,512.259241,IT=2.1;2.1 ,ii
6019,Ref 2,4.256,82344,391284860.0,19.308977,11583242.0,352.7041969,IT=2.1;2.1 ,ii
6030,Ref 2,4.439,84948,428203810.0,19.325096,18962846.0,352.7041897,IT=2.2;2.2 ,ii
6041,Ref 2,3.828,80784,459476990.0,19.343791,24686236.0,366.6978406,IT=1.9;1.9 ,ii
6052,Ref 2,3.432,78384,510878240.0,19.361816,26455222.0,510.2541452,IT=1.7;1.7 ,ii
6055,Ref 2,4.242,82912,513815010.0,19.367256,28857480.0,510.2541073,IT=2.1;2.1 ,ii
6066,Ref 2,3.470,71720,481901790.0,19.386608,44295700.0,422.7572034,IT=1.7;1.7 ,ii
6068,Ref 2,3.958,80044,552864510.0,19.39022,56377444.0,422.7571387,IT=2;2 ,ii
6079,Ref 2,3.581,73756,472806660.0,19.410297,62378188.0,422.7572058,IT=1.8;1.8 ,ii
6090,Ref 2,4.314,85640,513059390.0,19.429247,64977848.0,422.7570316,IT=2.2;2.2 ,ii
6092,Ref 2,4.374,85876,487880000.0,19.434822,56909548.0,422.7572655,IT=2.2;2.2 ,ii
6103,Ref 2,4.794,88072,454436670.0,19.452293,40934984.0,422.7572296,IT=2.4;2.4 ,ii
6114,Ref 2,4.864,89040,408157890.0,19.468774,24936216.0,422.7571026,IT=2.4;2.4 ,ii
6125,Ref 2,4.847,91128,373321980.0,19.487355,14097908.0,422.7571293,IT=2.4;2.4 ,ii
6136,Ref 2,6.038,96136,343443740.0,19.507288,12689932.0,402.2277872,IT=3;3 ,ii
6147,Ref 2,7.007,97200,337759300.0,19.527313,12491181.0,402.2277739,IT=3.5;3.5 ,ii
6157,Ref 2,6.547,95816,343913470.0,19.543107,11625831.0,402.2277341,IT=3.3;3.3 ,ii
6168,Ref 2,6.868,93468,327501020.0,19.562203,7578180.0,402.2276203,IT=3.4;3.4 ,ii
6170,Ref 2,6.743,94960,323679170.0,19.565857,6627531.0,402.2274853,IT=3.4;3.4 ,ii
6181,Ref 2,6.336,95020,323786430.0,19.5837,6645169.0,362.6848011,IT=3.2;3.2 ,ii
6192,Ref 2,6.082,94236,366390910.0,19.603613,17808318.0,394.2135555,IT=3;3 ,ii
6203,Ref 2,4.592,79208,430807070.0,19.620052,34975252.0,394.2135126,IT=2.3;2.3 ,ii
6210,Ref 2,3.338,75008,565402940.0,19.63225,57242100.0,394.213568,IT=1.7;1.7 ,ii
6221,Ref 2,3.043,67928,699736060.0,19.650337,83906448.0,394.2135473,IT=1.5;1.5 ,ii
6232,Ref 2,2.636,64448,764508420.0,19.669241,103430750.0,394.2133674,IT=1.3;1.3 ,ii
6240,Ref 2,2.640,64984,737745090.0,19.684104,93810944.0,394.2134765,IT=1.3;1.3 ,ii
6249,Ref 2,2.722,66584,669982210.0,19.698335,66893156.0,394.2134507,IT=1.4;1.4 ,ii
6260,Ref 2,2.741,61756,648371070.0,19.717274,61657844.0,437.237384,IT=1.4;1.4 ,ii
6263,Ref 2,2.674,65828,726079100.0,19.722681,64500864.0,437.2374361,IT=1.3;1.3 ,ii
6274,Ref 2,3.476,74740,627606530.0,19.741849,51997344.0,480.7535138,IT=1.7;1.7 ,ii
6283,Ref 2,3.622,72584,549168900.0,19.756401,42053132.0,480.7535055,IT=1.8;1.8 ,ii
6290,Ref 2,3.624,75884,513956260.0,19.770118,32241468.0,453.7375815,IT=1.8;1.8 ,ii
6301,Ref 2,3.293,72820,596756540.0,19.788834,56490028.0,453.7376092,IT=1.6;1.6 ,ii
6312,Ref 2,3.050,65936,631223040.0,19.80377,108055500.0,408.7323399,IT=1.5;1.5 ,ii
6322,Ref 2,2.375,56504,815747330.0,19.820574,208481390.0,408.732326,IT=1.2;1.2 ,ii
6333,Ref 2,2.103,57272,915361340.0,19.83909,269664510.0,408.7321811,IT=1.1;1.1 ,ii
6344,Ref 2,2.711,66240,768913660.0,19.857653,185508160.0,408.7324107,IT=1.4;1.4 ,ii
6355,Ref 2,3.269,78872,670810750.0,19.874261,98985480.0,408.7323003,IT=1.6;1.6 ,ii
6366,Ref 2,3.351,78068,603788160.0,19.8928,36836952.0,560.8037822,IT=1.7;1.7 ,ii
6377,Ref 2,3.261,76624,643884290.0,19.910402,49057008.0,560.8038866,IT=1.6;1.6 ,ii
6388,Ref 2,3.727,81192,644180420.0,19.927315,44439476.0,374.2047824,IT=1.9;1.9 ,ii
6399,Ref 2,3.755,79936,556633730.0,19.946865,24572638.0,374.2049683,IT=1.9;1.9 ,ii
6410,Ref 2,3.622,78348,505916640.0,19.964712,21896126.0,402.7268712,IT=1.8;1.8 ,ii
6421,Ref 2,4.863,87016,517422980.0,19.981664,31194612.0,402.7267596,IT=2.4;2.4 ,ii
6432,Ref 2,4.283,82576,538062590.0,19.997029,51188812.0,408.7143075,IT=2.1;2.1 ,ii
6443,Ref 2,3.430,71796,625040380.0,20.016297,119014670.0,408.7140149,IT=1.7;1.7 ,ii
6454,Ref 2,3.253,69344,654365760.0,20.03566,144327180.0,408.7141789,IT=1.6;1.6 ,ii
6465,Ref 2,4.134,76560,546656320.0,20.055028,99003664.0,408.7141662,IT=2.1;2.1 ,ii
6467,Ref 2,4.112,77332,504106880.0,20.05863,83209880.0,408.7141969,IT=2.1;2.1 ,ii
6478,Ref 2,5.467,87676,437558020.0,20.07747,36650668.0,408.714289,IT=2.7;2.7 ,ii
6480,Ref 2,4.581,85944,446468510.0,20.081093,32715314.0,408.7143559,IT=2.3;2.3 ,ii
6491,Ref 2,5.704,92040,401856350.0,20.097332,12544244.0,408.7144277,IT=2.9;2.9 ,ii
6502,Ref 2,5.725,89564,422763900.0,20.11808,12671132.0,372.7344364,IT=2.9;2.9 ,ii
6513,Ref 2,4.638,82384,447230620.0,20.134699,15280956.0,383.2106596,IT=2.3;2.3 ,ii
6523,Ref 2,4.472,84748,487615940.0,20.151759,18444590.0,383.210759,IT=2.2;2.2 ,ii
6534,Ref 2,4.974,87696,474169860.0,20.169101,13728626.0,383.2106589,IT=2.5;2.5 ,ii
6545,Ref 2,5.127,89700,438181760.0,20.185946,9322751.0,571.2879594,IT=2.6;2.6 ,ii
6555,Ref 2,5.562,91840,413266750.0,20.203319,10872395.0,507.2548061,IT=2.8;2.8 ,ii
6566,Ref 2,6.403,93776,378564480.0,20.22144,14120312.0,394.7164453,IT=3.2;3.2 ,ii
6577,Ref 2,5.710,90860,405332190.0,20.239394,15979215.0,394.7166576,IT=2.9;2.9 ,ii
6580,Ref 2,6.139,94520,413400350.0,20.244902,15864895.0,394.7167429,IT=3.1;3.1 ,ii
6591,Ref 2,5.765,91072,400174240.0,20.262446,8986444.0,492.7538454,IT=2.9;2.9 ,ii
6602,Ref 2,5.346,90672,399038530.0,20.282785,11883509.0,492.7540236,IT=2.7;2.7 ,ii
6613,Ref 2,6.867,97168,374319520.0,20.298693,9897775.0,492.7540461,IT=3.4;3.4 ,ii
6624,Ref 2,5.873,94188,398967620.0,20.316614,9650371.0,531.7540856,IT=2.9;2.9 ,ii
6635,Ref 2,5.634,93956,392824700.0,20.335379,7772971.0,496.7382513,IT=2.8;2.8 ,ii
6646,Ref 2,5.957,98880,399971170.0,20.348785,10774127.0,496.7382241,IT=3;3 ,ii
6657,Ref 2,5.112,90664,424745250.0,20.36792,11776080.0,496.7383314,IT=2.6;2.6 ,ii
6668,Ref 2,5.573,101236,426741630.0,20.385724,11075644.0,566.2682347,IT=2.8;2.8 ,ii
6679,Ref 2,5.185,98180,404486300.0,20.40118,9350624.0,566.268134,IT=2.6;2.6 ,ii
6690,Ref 2,5.391,97784,396964000.0,20.420947,12605493.0,377.7083372,IT=2.7;2.7 ,ii
6693,Ref 2,5.503,99196,407355680.0,20.426449,13754070.0,377.7084287,IT=2.8;2.8 ,ii
6704,Ref 2,4.907,97272,515744100.0,20.443628,44912812.0,577.8124691,IT=2.5;2.5 ,ii
6715,Ref 2,3.854,84264,622085630.0,20.458822,90507872.0,577.8124755,IT=1.9;1.9 ,ii
6726,Ref 2,3.412,82992,733887040.0,20.47494,137194930.0,577.8125633,IT=1.7;1.7 ,ii
6737,Ref 2,3.340,79848,738640320.0,20.49499,142745260.0,577.8125082,IT=1.7;1.7 ,ii
6748,Ref 2,3.399,81392,632344450.0,20.510173,104983090.0,577.812484,IT=1.7;1.7 ,ii
6759,Ref 2,5.115,98060,514032960.0,20.526636,68117776.0,577.8125747,IT=2.6;2.6 ,ii
6770,Ref 2,5.433,100952,429157410.0,20.543873,37581504.0,577.8123622,IT=2.7;2.7 ,ii
6781,Ref 2,5.343,103608,430781790.0,20.562144,22252408.0,577.8125286,IT=2.7;2.7 ,ii
6792,Ref 2,4.789,97512,441666850.0,20.578138,15578378.0,366.2185803,IT=2.4;2.4 ,ii
6803,Ref 2,5.283,99232,474005790.0,20.593746,22484636.0,452.2609246,IT=2.6;2.6 ,ii
6814,Ref 2,5.069,96856,472426560.0,20.612444,30121018.0,452.2611843,IT=2.5;2.5 ,ii
6825,Ref 2,4.111,91336,503737790.0,20.628831,27017292.0,452.2610228,IT=2.1;2.1 ,ii
6836,Ref 2,4.247,94388,551686980.0,20.64371,17525378.0,458.7584109,IT=2.1;2.1 ,ii
6847,Ref 2,3.526,87056,595247550.0,20.658401,21009048.0,466.7380623,IT=1.8;1.8 ,ii
6858,Ref 2,3.325,84636,734568260.0,20.674812,50275668.0,466.7380101,IT=1.7;1.7 ,ii
6869,Ref 2,2.573,70112,798465470.0,20.68701,62754092.0,466.737907,IT=1.3;1.3 ,ii
6880,Ref 2,2.233,69712,942294780.0,20.706397,78449432.0,440.7241362,IT=1.1;1.1 ,ii
6891,Ref 2,2.197,71576,939339390.0,20.724514,67570160.0,440.7242631,IT=1.1;1.1 ,ii
6894,Ref 2,2.523,74068,916799550.0,20.729932,60755276.0,440.7241886,IT=1.3;1.3 ,ii
6905,Ref 2,2.731,75192,842090880.0,20.744593,59522348.0,452.7347229,IT=1.4;1.4 ,ii
6916,Ref 2,2.911,75460,824241730.0,20.761272,44128424.0,452.7345825,IT=1.5;1.5 ,ii
6927,Ref 2,3.695,80804,710893060.0,20.780124,27761544.0,366.1927323,IT=1.8;1.8 ,ii
6938,Ref 2,3.234,79400,661070460.0,20.797192,20625364.0,366.1926615,IT=1.6;1.6 ,ii
6949,Ref 2,3.349,83124,635979260.0,20.8144,17090576.0,474.2377064,IT=1.7;1.7 ,ii
6960,Ref 2,3.984,87496,597670340.0,20.8298,16082006.0,506.2411481,IT=2;2 ,ii
6971,Ref 2,4.088,90356,615702270.0,20.84775,37155004.0,516.8013286,IT=2;2 ,ii
6982,Ref 2,4.429,92080,581712960.0,20.865606,62808068.0,516.801559,IT=2.2;2.2 ,ii
6993,Ref 2,4.446,92208,534815230.0,20.884785,62841632.0,516.8015975,IT=2.2;2.2 ,ii
7004,Ref 2,5.479,97912,430489700.0,20.901331,38807748.0,516.8014857,IT=2.7;2.7 ,ii
7015,Ref 2,5.426,96484,432599710.0,20.916712,23056580.0,516.8015771,IT=2.7;2.7 ,ii
7026,Ref 2,5.256,92188,426190560.0,20.931531,10231195.0,516.8016083,IT=2.6;2.6 ,ii
7037,Ref 2,5.117,94264,490283170.0,20.949914,16824040.0,451.7453397,IT=2.6;2.6 ,ii
7048,Ref 2,5.016,88208,489600860.0,20.966418,17122884.0,451.7453021,IT=2.5;2.5 ,ii
7059,Ref 2,3.861,83972,565683140.0,20.986366,45609620.0,373.2262621,IT=1.9;1.9 ,ii
7070,Ref 2,3.691,80536,630921860.0,21.00302,71465600.0,373.2261315,IT=1.8;1.8 ,ii
7081,Ref 2,3.892,80816,643881220.0,21.022762,64427612.0,373.2261674,IT=1.9;1.9 ,ii
7092,Ref 2,3.769,76812,648160510.0,21.040499,97786568.0,389.1814862,IT=1.9;1.9 ,ii
7103,Ref 2,4.078,80476,641506430.0,21.058272,100302280.0,389.1814843,IT=2;2 ,ii
7114,Ref 2,4.123,79120,515894780.0,21.07834,54521648.0,389.1815563,IT=2.1;2.1 ,ii
7125,Ref 2,4.485,87880,584616640.0,21.098455,38186324.0,466.2402046,IT=2.2;2.2 ,ii
7136,Ref 2,3.711,81440,625054660.0,21.119332,44726612.0,466.2403523,IT=1.9;1.9 ,ii
7147,Ref 2,3.956,81920,653018880.0,21.137813,65631480.0,599.765117,IT=2;2 ,ii
7150,Ref 2,3.746,77736,636635010.0,21.143238,74508360.0,599.7650721,IT=1.9;1.9 ,ii
7161,Ref 2,4.044,85288,643488060.0,21.159404,99061712.0,599.7653227,IT=2;2 ,ii
7172,Ref 2,4.904,88080,530470720.0,21.177746,82604464.0,599.7653715,IT=2.5;2.5 ,ii
7183,Ref 2,4.880,83588,440092480.0,21.194852,47477928.0,599.7653659,IT=2.4;2.4 ,ii
7194,Ref 2,8.401,101924,372073730.0,21.212042,21783476.0,599.7657525,IT=4.2;4.2 ,ii
7205,Ref 2,6.812,96652,352086270.0,21.229964,11087074.0,487.7437452,IT=3.4;3.4 ,ii
7216,Ref 2,6.711,95560,351208740.0,21.25001,16358693.0,366.2005602,IT=3.4;3.4 ,ii
7227,Ref 2,6.181,91012,376096130.0,21.269354,30543570.0,366.2004509,IT=3.1;3.1 ,ii
7238,Ref 2,5.602,87120,427208060.0,21.289512,41969728.0,366.2005018,IT=2.8;2.8 ,ii
7240,Ref 2,5.459,83548,403950660.0,21.293149,39715372.0,366.2004858,IT=2.7;2.7 ,ii
7251,Ref 2,5.808,88476,401870980.0,21.312091,30177178.0,366.2005485,IT=2.9;2.9 ,ii
7262,Ref 2,5.391,83764,384911970.0,21.329376,20498808.0,366.2005791,IT=2.7;2.7 ,ii
7273,Ref 2,6.805,92724,363717310.0,21.346605,11392967.0,366.2007803,IT=3.4;3.4 ,ii
7284,Ref 2,6.914,96348,355344740.0,21.364628,10520508.0,458.2493628,IT=3.5;3.5 ,ii
7295,Ref 2,6.197,91736,399119650.0,21.382157,27104178.0,458.2488558,IT=3.1;3.1 ,ii
7306,Ref 2,5.653,91484,434950180.0,21.401551,51879288.0,458.2485966,IT=2.8;2.8 ,ii
7317,Ref 2,4.377,75752,424874780.0,21.420305,65414404.0,458.2484668,IT=2.2;2.2 ,ii
7328,Ref 2,4.419,85392,570549820.0,21.439009,77371712.0,458.2485319,IT=2.2;2.2 ,ii
7339,Ref 2,4.177,82076,596656960.0,21.454782,57322692.0,458.2486045,IT=2.1;2.1 ,ii
7350,Ref 2,3.374,76532,602543620.0,21.47314,49305368.0,390.7103454,IT=1.7;1.7 ,ii
7361,Ref 2,4.299,82852,636569860.0,21.489621,64481992.0,390.7104022,IT=2.1;2.1 ,ii
7372,Ref 2,4.749,84000,511863390.0,21.508387,42955600.0,390.7103939,IT=2.4;2.4 ,ii
7383,Ref 2,5.733,89520,470085020.0,21.527621,24022058.0,390.7103724,IT=2.9;2.9 ,ii
7394,Ref 2,5.390,91516,446784510.0,21.544644,17867790.0,428.7480022,IT=2.7;2.7 ,ii
7405,Ref 2,6.950,97748,408035710.0,21.561783,22177930.0,428.7481269,IT=3.5;3.5 ,ii
7416,Ref 2,5.958,91840,429235970.0,21.580639,23880762.0,428.7480694,IT=3;3 ,ii
7424,Ref 2,5.473,89528,424876990.0,21.593662,19983044.0,569.7530218,IT=2.7;2.7 ,ii
7435,Ref 2,5.755,90456,364677790.0,21.613543,17981206.0,569.7531566,IT=2.9;2.9 ,ii
7446,Ref 2,7.032,98672,359185860.0,21.631726,13397639.0,569.7532417,IT=3.5;3.5 ,ii
7455,Ref 2,6.689,96916,342504000.0,21.647182,13500180.0,495.75906,IT=3.3;3.3 ,ii
7466,Ref 2,6.526,92780,384172960.0,21.666226,25051322.0,495.7590842,IT=3.3;3.3 ,ii
7477,Ref 2,5.724,88012,450503390.0,21.68453,45767936.0,401.6813293,IT=2.9;2.9 ,ii
7487,Ref 2,4.876,84812,500525120.0,21.702211,64917372.0,401.6813187,IT=2.4;2.4 ,ii
7498,Ref 2,5.178,86916,506054140.0,21.720709,60850800.0,401.6812397,IT=2.6;2.6 ,ii
7509,Ref 2,4.671,83396,474852800.0,21.738165,38776604.0,401.681203,IT=2.3;2.3 ,ii
7520,Ref 2,4.219,80508,588709950.0,21.755734,35809540.0,488.7279251,IT=2.1;2.1 ,ii
7531,Ref 2,4.068,76860,690121540.0,21.772896,78818816.0,488.7279575,IT=2;2 ,ii
7542,Ref 2,3.257,69880,799905660.0,21.792906,120900570.0,488.7279936,IT=1.6;1.6 ,ii
7553,Ref 2,3.623,70808,701585790.0,21.812344,110235950.0,488.7279416,IT=1.8;1.8 ,ii
7564,Ref 2,4.241,79480,653369860.0,21.828531,86810144.0,488.7280458,IT=2.1;2.1 ,ii
7575,Ref 2,4.396,84128,531059650.0,21.847408,46123660.0,488.7280351,IT=2.2;2.2 ,ii
7586,Ref 2,5.355,88544,418445500.0,21.866714,23300938.0,474.2924447,IT=2.7;2.7 ,ii
7597,Ref 2,5.317,91844,480214430.0,21.883154,21561584.0,474.2925641,IT=2.7;2.7 ,ii
7608,Ref 2,4.335,83812,462855460.0,21.900606,15808436.0,474.2924849,IT=2.2;2.2 ,ii
7619,Ref 2,5.360,91784,501224640.0,21.918487,16445612.0,367.2260589,IT=2.7;2.7 ,ii
7630,Ref 2,4.730,86664,480829340.0,21.933901,21799784.0,367.2261572,IT=2.4;2.4 ,ii
7641,Ref 2,6.047,94712,471935230.0,21.951099,21228948.0,367.2262419,IT=3;3 ,ii
7652,Ref 2,5.014,89680,469293150.0,21.970143,14595557.0,367.2262742,IT=2.5;2.5 ,ii
7663,Ref 2,4.496,85392,483677890.0,21.989116,12722796.0,459.2684665,IT=2.2;2.2 ,ii
7674,Ref 2,5.123,89940,517948420.0,22.00577,22855302.0,468.2090354,IT=2.6;2.6 ,ii
7685,Ref 2,4.210,81804,546447360.0,22.025069,33735916.0,468.2090975,IT=2.1;2.1 ,ii
7695,Ref 2,4.095,80904,566979710.0,22.041436,33461918.0,468.2090838,IT=2;2 ,ii
7706,Ref 2,4.075,80928,635775040.0,22.059686,24817570.0,468.2091981,IT=2;2 ,ii
7708,Ref 2,4.271,82288,594242820.0,22.063292,22341840.0,488.2304963,IT=2.1;2.1 ,ii
7718,Ref 2,3.645,78248,622103040.0,22.081232,19927050.0,488.2305997,IT=1.8;1.8 ,ii
7729,Ref 2,4.443,87608,611279230.0,22.097731,22260634.0,569.2901372,IT=2.2;2.2 ,ii
7732,Ref 2,4.640,88284,537947330.0,22.104886,20484866.0,569.2901504,IT=2.3;2.3 ,ii
7743,Ref 2,4.114,84384,595581440.0,22.123542,25877768.0,567.7863295,IT=2.1;2.1 ,ii
7754,Ref 2,4.130,87568,644201470.0,22.14146,37952304.0,567.7859719,IT=2.1;2.1 ,ii
7765,Ref 2,4.792,90016,628189500.0,22.155987,38330412.0,567.7860189,IT=2.4;2.4 ,ii
7776,Ref 2,3.866,82464,608274240.0,22.174798,26923650.0,567.7858383,IT=1.9;1.9 ,ii
7787,Ref 2,4.244,83164,649422720.0,22.195739,33798320.0,353.2183227,IT=2.1;2.1 ,ii
7789,Ref 2,4.261,85016,648927940.0,22.199345,36019564.0,353.2183431,IT=2.1;2.1 ,ii
7800,Ref 2,4.646,86268,545203780.0,22.216935,38532140.0,353.2183002,IT=2.3;2.3 ,ii
7810,Ref 2,4.398,85076,543426240.0,22.234876,36221860.0,353.2182498,IT=2.2;2.2 ,ii
7821,Ref 2,4.490,84152,519727330.0,22.25368,45851564.0,398.2397723,IT=2.2;2.2 ,ii
7823,Ref 2,4.777,82564,531480060.0,22.257293,56089208.0,398.2397905,IT=2.4;2.4 ,ii
7834,Ref 2,4.700,78428,515470560.0,22.276684,97854032.0,398.2398363,IT=2.4;2.4 ,ii
7845,Ref 2,4.715,79572,524913540.0,22.294957,123545460.0,398.2399685,IT=2.4;2.4 ,ii
7856,Ref 2,4.036,77376,586342980.0,22.312126,134672400.0,398.2398805,IT=2;2 ,ii
7867,Ref 2,4.908,80184,534819390.0,22.328849,95494944.0,398.2398295,IT=2.5;2.5 ,ii
7878,Ref 2,4.321,76156,581055550.0,22.348932,65421248.0,444.7427921,IT=2.2;2.2 ,ii
7889,Ref 2,3.277,66128,734902340.0,22.368603,131181380.0,444.7429313,IT=1.6;1.6 ,ii
7900,Ref 2,2.743,56756,899578940.0,22.385692,179244220.0,444.7429439,IT=1.4;1.4 ,ii
7902,Ref 2,2.620,61856,1091113300.0,22.389282,217597890.0,444.7428676,IT=1.3;1.3 ,ii
7911,Ref 2,2.281,55732,1072074600.0,22.405236,197478590.0,444.7428413,IT=1.1;1.1 ,ii
7914,Ref 2,2.195,54960,1078052500.0,22.410265,197539890.0,444.7428314,IT=1.1;1.1 ,ii
7925,Ref 2,2.473,57460,983021250.0,22.4273,140465580.0,444.7427806,IT=1.2;1.2 ,ii
7927,Ref 2,2.534,60004,932783740.0,22.430877,124617450.0,444.7426648,IT=1.3;1.3 ,ii
7936,Ref 2,2.679,57948,705615100.0,22.445465,67400136.0,444.7429431,IT=1.3;1.3 ,ii
7947,Ref 2,3.499,67184,710755710.0,22.464937,38784356.0,444.742972,IT=1.7;1.7 ,ii
7958,Ref 2,3.886,73028,684981180.0,22.481771,43329356.0,381.8767099,IT=1.9;1.9 ,ii
7969,Ref 2,3.894,69640,606285310.0,22.50157,46989588.0,424.2206663,IT=1.9;1.9 ,ii
7980,Ref 2,3.801,68680,669319680.0,22.521143,82869032.0,424.2205566,IT=1.9;1.9 ,ii
7991,Ref 2,4.120,69020,639203650.0,22.540118,94489536.0,424.2208479,IT=2.1;2.1 ,ii
8002,Ref 2,6.053,78184,497099710.0,22.559474,69809744.0,424.220854,IT=3;3 ,ii
8004,Ref 2,4.323,69772,503906500.0,22.563126,68686000.0,424.220804,IT=2.2;2.2 ,ii
8015,Ref 2,6.593,84508,412632000.0,22.582655,41584604.0,424.2208128,IT=3.3;3.3 ,ii
8026,Ref 2,8.622,96960,318866140.0,22.60283,18972954.0,424.2207853,IT=4.3;4.3 ,ii
8037,Ref 2,10.030,102276,271587260.0,22.62292,8859669.0,525.2560315,IT=5;5 ,ii
8048,Ref 2,8.612,96428,305183300.0,22.642347,15433337.0,525.2567697,IT=4.3;4.3 ,ii
8059,Ref 2,8.970,92788,323889410.0,22.660896,16571748.0,525.2568352,IT=4.5;4.5 ,ii
8070,Ref 2,7.173,81056,389242110.0,22.681051,29070490.0,420.229028,IT=3.6;3.6 ,ii
8072,Ref 2,5.804,75308,390086210.0,22.686667,32190134.0,420.2290922,IT=2.9;2.9 ,ii
8081,Ref 2,5.580,76596,480789920.0,22.702942,50925432.0,420.2292594,IT=2.8;2.8 ,ii
8092,Ref 2,6.327,76876,484537820.0,22.723015,54904316.0,420.2292037,IT=3.2;3.2 ,ii
8103,Ref 2,5.955,75456,480980860.0,22.741396,47259268.0,420.2292068,IT=3;3 ,ii
8113,Ref 2,5.763,78092,521141920.0,22.759638,41560668.0,576.2886406,IT=2.9;2.9 ,ii
8121,Ref 2,7.025,84944,438611040.0,22.774248,28457268.0,576.2887417,IT=3.5;3.5 ,ii
8132,Ref 2,6.349,86996,441541700.0,22.792894,26940848.0,540.2600888,IT=3.2;3.2 ,ii
8134,Ref 2,7.095,89848,413631360.0,22.79656,25209358.0,540.2600064,IT=3.5;3.5 ,ii
8142,Ref 2,7.810,89048,393511070.0,22.811162,23730072.0,540.2602564,IT=3.9;3.9 ,ii
8150,Ref 2,7.663,88012,365940480.0,22.825791,20349008.0,445.2408317,IT=3.8;3.8 ,ii
8158,Ref 2,6.278,85084,394750530.0,22.839858,25595898.0,445.2406643,IT=3.1;3.1 ,ii
8169,Ref 2,7.209,89604,351925150.0,22.859766,20814520.0,445.2407497,IT=3.6;3.6 ,ii
8180,Ref 2,9.190,97332,348473540.0,22.877541,15480921.0,445.2407568,IT=4.6;4.6 ,ii
8189,Ref 2,7.737,91012,341427360.0,22.893674,9788830.0,445.2410166,IT=3.9;3.9 ,ii
8198,Ref 2,7.622,88632,315122530.0,22.90913,8688593.0,567.2781428,IT=3.8;3.8 ,ii
8209,Ref 2,8.974,93684,328247520.0,22.928138,9979630.0,567.2781272,IT=4.5;4.5 ,ii
8220,Ref 2,8.748,93384,317537540.0,22.946759,10500029.0,567.2781688,IT=4.4;4.4 ,ii
8231,Ref 2,8.930,95092,308065820.0,22.966122,9019174.0,567.2781623,IT=4.5;4.5 ,ii
8242,Ref 2,8.842,97072,322404960.0,22.986217,8197591.5,397.2266628,IT=4.4;4.4 ,ii
8253,Ref 2,8.108,94112,308901790.0,23.004707,9712019.0,397.2264909,IT=4.1;4.1 ,ii
8264,Ref 2,8.969,102084,328292290.0,23.024594,9907085.0,397.226571,IT=4.5;4.5 ,ii
8275,Ref 2,9.026,101032,328060930.0,23.04314,7469004.5,354.687524,IT=4.5;4.5 ,ii
8286,Ref 2,8.082,97556,366535740.0,23.060923,10006110.0,520.2513215,IT=4;4 ,ii
8297,Ref 2,7.343,93672,406005150.0,23.081054,15522088.0,622.8158681,IT=3.7;3.7 ,ii
8308,Ref 2,6.630,88248,405680420.0,23.099396,17776532.0,622.8155867,IT=3.3;3.3 ,ii
8311,Ref 2,6.332,90368,410727840.0,23.106914,17761654.0,622.8155352,IT=3.2;3.2 ,ii
8322,Ref 2,6.906,91360,407100990.0,23.12536,15031838.0,622.8155966,IT=3.5;3.5 ,ii
8324,Ref 2,7.470,95192,394002110.0,23.129066,13574575.0,622.8156026,IT=3.7;3.7 ,ii
8335,Ref 2,6.210,86696,388352420.0,23.148629,13302654.0,681.3495863,IT=3.1;3.1 ,ii
8346,Ref 2,7.413,91860,399253120.0,23.168408,37007996.0,425.7192125,IT=3.7;3.7 ,ii
8348,Ref 2,7.778,94920,419853950.0,23.17207,43862928.0,425.7193058,IT=3.9;3.9 ,ii
8359,Ref 2,6.030,80136,441760860.0,23.19006,77764016.0,425.7196889,IT=3;3 ,ii
8370,Ref 2,5.249,73324,567594880.0,23.20748,117553660.0,425.7202041,IT=2.6;2.6 ,ii
8381,Ref 2,4.108,73060,743602370.0,23.226951,150403730.0,425.7205143,IT=2.1;2.1 ,ii
8384,Ref 2,4.483,72528,723146620.0,23.232388,135103920.0,425.7207378,IT=2.2;2.2 ,ii
8395,Ref 2,3.467,68172,894040060.0,23.251138,125523230.0,425.7209768,IT=1.7;1.7 ,ii
8406,Ref 2,3.064,67344,955787010.0,23.270469,130665500.0,425.7647785,IT=1.5;1.5 ,ii
8417,Ref 2,2.725,61792,948057340.0,23.289936,130219480.0,425.7656795,IT=1.4;1.4 ,ii
8428,Ref 2,2.794,63260,881876160.0,23.308036,109634840.0,425.7659906,IT=1.4;1.4 ,ii
8439,Ref 2,3.189,66728,802909500.0,23.325423,93904456.0,425.7662283,IT=1.6;1.6 ,ii
8450,Ref 2,4.527,77552,627472450.0,23.345142,62928868.0,425.76617,IT=2.3;2.3 ,ii
8461,Ref 2,4.963,80628,492672000.0,23.367283,41297004.0,425.7663492,IT=2.5;2.5 ,ii
8472,Ref 2,4.956,82988,466382210.0,23.387104,31244090.0,425.7664984,IT=2.5;2.5 ,ii
8483,Ref 2,6.232,90452,441797250.0,23.405085,23756386.0,425.7666401,IT=3.1;3.1 ,ii
8494,Ref 2,5.903,87436,438432830.0,23.423514,33845692.0,430.7398272,IT=3;3 ,ii
8505,Ref 2,4.823,81960,435044990.0,23.442033,50219852.0,430.7396634,IT=2.4;2.4 ,ii
8516,Ref 2,5.331,85036,509167870.0,23.457631,64357040.0,430.7392768,IT=2.7;2.7 ,ii
8527,Ref 2,4.540,82588,565328900.0,23.477426,57848152.0,430.7391131,IT=2.3;2.3 ,ii
8538,Ref 2,4.432,80152,583147650.0,23.493693,40124380.0,506.2399041,IT=2.2;2.2 ,ii
8549,Ref 2,3.794,76744,699869820.0,23.510176,65343520.0,506.2398087,IT=1.9;1.9 ,ii
8560,Ref 2,3.733,73880,711330940.0,23.531661,78175752.0,506.2398807,IT=1.9;1.9 ,ii
8571,Ref 2,3.357,72232,729970940.0,23.550366,73224008.0,506.2399339,IT=1.7;1.7 ,ii
8582,Ref 2,4.815,81720,638992900.0,23.569838,49329836.0,371.7320678,IT=2.4;2.4 ,ii
8593,Ref 2,5.276,87400,510589380.0,23.589932,31772962.0,371.732139,IT=2.6;2.6 ,ii
8595,Ref 2,5.418,85664,450790180.0,23.595557,23748292.0,371.7321945,IT=2.7;2.7 ,ii
8606,Ref 2,5.943,94444,446026400.0,23.614344,13595347.0,386.7231498,IT=3;3 ,ii
8617,Ref 2,7.275,96608,356079740.0,23.632825,11405921.0,405.2240598,IT=3.6;3.6 ,ii
8628,Ref 2,6.880,93548,385421630.0,23.650561,15125226.0,405.224006,IT=3.4;3.4 ,ii
8639,Ref 2,6.432,92604,427721860.0,23.668956,13558844.0,405.2237426,IT=3.2;3.2 ,ii
8650,Ref 2,5.089,86432,525994940.0,23.684598,27667472.0,402.7266909,IT=2.5;2.5 ,ii
8661,Ref 2,4.989,82792,576947010.0,23.703152,44848348.0,402.7265853,IT=2.5;2.5 ,ii
8672,Ref 2,3.922,74368,620074620.0,23.722631,57352120.0,402.7266343,IT=2;2 ,ii
8683,Ref 2,4.027,74576,634965180.0,23.742254,53113064.0,402.7264779,IT=2;2 ,ii
8694,Ref 2,3.888,78348,645622340.0,23.760027,43988372.0,400.8842699,IT=1.9;1.9 ,ii
8705,Ref 2,5.442,85596,526275840.0,23.780039,27457968.0,400.8843131,IT=2.7;2.7 ,ii
8716,Ref 2,6.418,88164,464848740.0,23.79981,19518076.0,483.238639,IT=3.2;3.2 ,ii
8727,Ref 2,7.546,92240,393649570.0,23.819445,22610088.0,483.2385822,IT=3.8;3.8 ,ii
8738,Ref 2,6.983,87788,414202270.0,23.839199,25488544.0,366.2003353,IT=3.5;3.5 ,ii
8740,Ref 2,7.368,89720,395110560.0,23.844864,22511238.0,366.2003924,IT=3.7;3.7 ,ii
8751,Ref 2,6.768,91632,421896130.0,23.864036,23279216.0,523.7780868,IT=3.4;3.4 ,ii
8762,Ref 2,6.296,89296,455483260.0,23.880957,30180682.0,523.7779972,IT=3.1;3.1 ,ii
8773,Ref 2,6.336,84684,423603070.0,23.900201,31346892.0,576.2832237,IT=3.2;3.2 ,ii
8784,Ref 2,6.378,90460,449385600.0,23.919355,29985828.0,576.2832847,IT=3.2;3.2 ,ii
8795,Ref 2,7.293,92896,406044960.0,23.939465,20087522.0,576.2832351,IT=3.6;3.6 ,ii
8806,Ref 2,9.144,101220,367272380.0,23.959627,11911585.0,546.7886914,IT=4.6;4.6 ,ii
8816,Ref 2,8.300,95144,377024450.0,23.976327,14134637.0,546.7887958,IT=4.1;4.1 ,ii
8826,Ref 2,7.399,90400,395700030.0,23.993848,16696622.0,386.2037459,IT=3.7;3.7 ,ii
8837,Ref 2,7.809,95912,393536800.0,24.012896,15269965.0,462.716038,IT=3.9;3.9 ,ii
8848,Ref 2,6.496,90076,418361090.0,24.033514,14493274.0,386.2035511,IT=3.2;3.2 ,ii
8859,Ref 2,6.311,90072,448903550.0,24.052071,14317378.0,453.7159394,IT=3.2;3.2 ,ii
8870,Ref 2,6.441,86500,439318620.0,24.072166,17237546.0,453.7159959,IT=3.2;3.2 ,ii
8881,Ref 2,5.998,84040,431854560.0,24.091543,15683418.0,453.7159524,IT=3;3 ,ii
8892,Ref 2,7.230,86952,361853950.0,24.110689,10536543.0,472.7659548,IT=3.6;3.6 ,ii
8903,Ref 2,8.384,92384,348031200.0,24.130822,13791536.0,472.7658297,IT=4.2;4.2 ,ii
8906,Ref 2,6.643,87380,343428160.0,24.13631,14566995.0,472.7658354,IT=3.3;3.3 ,ii
8917,Ref 2,9.066,92204,317276540.0,24.155509,14421060.0,472.7659168,IT=4.5;4.5 ,ii
8928,Ref 2,8.466,93384,347119940.0,24.175103,13809902.0,472.7657833,IT=4.2;4.2 ,ii
8939,Ref 2,7.451,93764,412880260.0,24.194467,22005582.0,614.818753,IT=3.7;3.7 ,ii
8950,Ref 2,6.755,88164,445678500.0,24.213111,35804548.0,614.8184659,IT=3.4;3.4 ,ii
8961,Ref 2,6.355,85772,482280640.0,24.232526,45022792.0,614.8184265,IT=3.2;3.2 ,ii
8972,Ref 2,5.230,77824,454918530.0,24.25183,41202320.0,614.818467,IT=2.6;2.6 ,ii
8983,Ref 2,6.643,88496,430654140.0,24.271688,29849860.0,383.6901516,IT=3.3;3.3 ,ii
8994,Ref 2,7.724,92156,356093540.0,24.2917,23556422.0,383.6903178,IT=3.9;3.9 ,ii
9005,Ref 2,8.781,95884,315815360.0,24.310883,16191894.0,383.6904322,IT=4.4;4.4 ,ii
9016,Ref 2,7.504,92848,300192930.0,24.329915,9443828.0,383.6902939,IT=3.8;3.8 ,ii
9027,Ref 2,8.558,97624,330631140.0,24.348258,11703536.0,403.2351123,IT=4.3;4.3 ,ii
9038,Ref 2,7.449,91752,368634690.0,24.369266,23139284.0,403.2352975,IT=3.7;3.7 ,ii
9049,Ref 2,6.467,90420,438359870.0,24.387768,35894472.0,403.2353299,IT=3.2;3.2 ,ii
9060,Ref 2,6.100,86820,461531840.0,24.406804,41785480.0,403.2352871,IT=3.1;3.1 ,ii
9071,Ref 2,5.842,82548,465041410.0,24.425476,35626944.0,403.2352136,IT=2.9;2.9 ,ii
9082,Ref 2,6.177,87044,445445820.0,24.446416,28657566.0,403.2351666,IT=3.1;3.1 ,ii
9093,Ref 2,7.985,91672,392250780.0,24.465305,16677223.0,403.234764,IT=4;4 ,ii
9103,Ref 2,7.421,92108,372738850.0,24.48342,12076235.0,497.2534012,IT=3.7;3.7 ,ii
9111,Ref 2,7.197,92288,371205660.0,24.498036,15990501.0,403.2200458,IT=3.6;3.6 ,ii
9120,Ref 2,6.799,90296,364417470.0,24.514482,23989150.0,403.2198598,IT=3.4;3.4 ,ii
9131,Ref 2,7.476,89908,365001410.0,24.529469,30665090.0,403.219878,IT=3.7;3.7 ,ii
9134,Ref 2,7.250,87240,390439100.0,24.534951,32915076.0,403.2196954,IT=3.6;3.6 ,ii
9144,Ref 2,6.939,86272,330256000.0,24.553203,26144948.0,403.2196941,IT=3.5;3.5 ,ii
9153,Ref 2,7.768,92752,337521470.0,24.568073,20455812.0,403.2197081,IT=3.9;3.9 ,ii
9161,Ref 2,9.256,96704,312379040.0,24.582719,13824312.0,403.2198647,IT=4.6;4.6 ,ii
9171,Ref 2,10.578,104592,292666560.0,24.600296,8801875.0,494.775317,IT=5.3;5.3 ,ii
9174,Ref 2,9.679,97452,281250880.0,24.607788,9038766.0,494.7752662,IT=4.8;4.8 ,ii
9181,Ref 2,11.571,108204,256295600.0,24.620656,8606709.0,494.7753895,IT=5.8;5.8 ,ii
9192,Ref 2,11.291,106000,237359070.0,24.640123,6886108.5,494.7755354,IT=5.6;5.6 ,ii
9203,Ref 2,9.623,100752,231881630.0,24.658558,5388843.0,362.2293293,IT=4.8;4.8 ,ii
9214,Ref 2,12.061,108212,239711440.0,24.677458,5565001.5,511.2882573,IT=6;6 ,ii
9225,Ref 2,11.570,102688,242017170.0,24.698687,7661272.5,543.7476279,IT=5.8;5.8 ,ii
9236,Ref 2,10.009,97632,249508420.0,24.718839,11792853.0,543.7472099,IT=5;5 ,ii
9247,Ref 2,10.277,97216,256341180.0,24.737501,12366054.0,543.7473627,IT=5.1;5.1 ,ii
9258,Ref 2,9.478,93804,270740000.0,24.756032,12461104.0,362.6942688,IT=4.7;4.7 ,ii
9269,Ref 2,10.070,98356,273707900.0,24.777049,16505186.0,362.6943258,IT=5;5 ,ii
9280,Ref 2,9.527,95384,263869230.0,24.797201,17273558.0,362.6943569,IT=4.8;4.8 ,ii
9291,Ref 2,10.195,99328,260728340.0,24.816784,14044569.0,362.69436,IT=5.1;5.1 ,ii
9302,Ref 2,11.487,103312,250741230.0,24.836661,9085570.0,362.694394,IT=5.7;5.7 ,ii
9313,Ref 2,11.296,101768,243675500.0,24.854982,7583784.5,790.8879134,IT=5.6;5.6 ,ii
9324,Ref 2,11.631,100968,240302300.0,24.875207,8045881.0,790.8879127,IT=5.8;5.8 ,ii
9326,Ref 2,10.958,103544,254214720.0,24.878921,8604503.0,790.8879558,IT=5.5;5.5 ,ii
9335,Ref 2,11.742,100756,241516960.0,24.894694,9615571.0,507.7651327,IT=5.9;5.9 ,ii
9338,Ref 2,12.061,105164,251558430.0,24.900257,9670452.0,507.7651232,IT=6;6 ,ii
9349,Ref 2,10.892,95144,218402100.0,24.920442,7670122.5,507.7649215,IT=5.4;5.4 ,ii
9360,Ref 2,10.070,95840,249669360.0,24.942492,12760851.0,395.239265,IT=5;5 ,ii
9371,Ref 2,8.416,86752,251215260.0,24.962629,16786918.0,395.2390877,IT=4.2;4.2 ,ii
9382,Ref 2,9.419,95628,291544800.0,24.982729,18442636.0,395.2387585,IT=4.7;4.7 ,ii
9393,Ref 2,6.551,82788,378341410.0,25.002627,17975594.0,395.2393156,IT=3.3;3.3 ,ii
9404,Ref 2,5.843,79000,463624450.0,25.023485,36604828.0,358.2083927,IT=2.9;2.9 ,ii
9415,Ref 2,4.845,75016,572300480.0,25.04282,79171240.0,358.2083098,IT=2.4;2.4 ,ii
9426,Ref 2,4.097,66712,649616830.0,25.061622,123688020.0,358.2083625,IT=2;2 ,ii
9437,Ref 2,3.323,63464,685497600.0,25.080055,144244850.0,358.2083675,IT=1.7;1.7 ,ii
9448,Ref 2,3.421,59108,656101950.0,25.098766,140263580.0,358.2083595,IT=1.7;1.7 ,ii
9459,Ref 2,4.577,68888,582888700.0,25.117228,108220380.0,358.2084939,IT=2.3;2.3 ,ii
9470,Ref 2,5.355,75080,454232190.0,25.13613,66641152.0,358.2084774,IT=2.7;2.7 ,ii
9481,Ref 2,7.605,87784,370858370.0,25.156272,37725108.0,358.2085531,IT=3.8;3.8 ,ii
9492,Ref 2,11.784,99984,262940510.0,25.175407,15605802.0,358.2085861,IT=5.9;5.9 ,ii
9502,Ref 2,9.455,95496,237690450.0,25.195413,9710067.0,358.2085991,IT=4.7;4.7 ,ii
9513,Ref 2,14.527,107372,217932610.0,25.215634,5683246.0,358.2087602,IT=7.3;7.3 ,ii
9524,Ref 2,9.848,93584,225966220.0,25.233615,7421118.0,364.5224211,IT=4.9;4.9 ,ii
9535,Ref 2,10.969,99048,223788210.0,25.252581,8092019.0,364.5224265,IT=5.5;5.5 ,ii
9546,Ref 2,10.610,101152,255037170.0,25.272746,7622958.5,364.52242,IT=5.3;5.3 ,ii
9557,Ref 2,8.830,94304,238234370.0,25.291021,6540058.0,379.7241048,IT=4.4;4.4 ,ii
9560,Ref 2,9.330,97816,256729820.0,25.296523,7929113.5,379.724113,IT=4.7;4.7 ,ii
9571,Ref 2,9.538,96632,290540580.0,25.316725,15698321.0,379.7240418,IT=4.8;4.8 ,ii
9582,Ref 2,8.346,91420,287803140.0,25.335799,17918072.0,379.7239772,IT=4.2;4.2 ,ii
9593,Ref 2,7.655,91552,303173310.0,25.356131,15797126.0,379.7239385,IT=3.8;3.8 ,ii
9596,Ref 2,9.488,93960,268594370.0,25.361672,12159459.0,379.7239351,IT=4.7;4.7 ,ii
9607,Ref 2,7.936,96996,346206750.0,25.381555,12281897.0,359.2288961,IT=4;4 ,ii
9618,Ref 2,7.386,90416,361024640.0,25.400572,21784360.0,359.2287696,IT=3.7;3.7 ,ii
9629,Ref 2,5.750,83896,453244700.0,25.420366,33404934.0,541.2802554,IT=2.9;2.9 ,ii
9640,Ref 2,5.506,75656,454365340.0,25.439755,40923180.0,541.2802793,IT=2.8;2.8 ,ii
9651,Ref 2,4.500,69508,512253410.0,25.457878,54845804.0,350.7337944,IT=2.3;2.3 ,ii
9662,Ref 2,6.211,76520,449073060.0,25.477369,52536144.0,350.7338804,IT=3.1;3.1 ,ii
9673,Ref 2,5.602,79096,432872060.0,25.496219,47685344.0,350.7339522,IT=2.8;2.8 ,ii
9684,Ref 2,8.454,90812,374590430.0,25.515117,32844444.0,350.7338643,IT=4.2;4.2 ,ii
9695,Ref 2,8.116,91688,317050020.0,25.535548,15487459.0,350.7339011,IT=4.1;4.1 ,ii
9706,Ref 2,9.095,97380,316537380.0,25.552923,12440758.0,392.2236284,IT=4.5;4.5 ,ii
9717,Ref 2,7.959,93192,319293410.0,25.572719,17238820.0,392.2237022,IT=4;4 ,ii
9728,Ref 2,6.973,86912,317474780.0,25.592189,17199574.0,392.2236915,IT=3.5;3.5 ,ii
9739,Ref 2,6.533,89892,439682180.0,25.611287,33669576.0,508.7438843,IT=3.3;3.3 ,ii
9750,Ref 2,5.654,80484,370653790.0,25.631404,42793072.0,508.7439671,IT=2.8;2.8 ,ii
9761,Ref 2,5.800,84040,444463170.0,25.651351,58105032.0,508.7441856,IT=2.9;2.9 ,ii
9772,Ref 2,7.014,86616,353743040.0,25.669956,40093020.0,508.7440104,IT=3.5;3.5 ,ii
9783,Ref 2,7.101,88440,363900160.0,25.690882,26476128.0,508.7440397,IT=3.6;3.6 ,ii
9794,Ref 2,6.746,84652,376403620.0,25.710855,25069124.0,404.2035892,IT=3.4;3.4 ,ii
9805,Ref 2,6.538,79600,394023740.0,25.73078,37879620.0,551.2809872,IT=3.3;3.3 ,ii
9816,Ref 2,6.373,83412,429420380.0,25.750747,42746816.0,551.2811166,IT=3.2;3.2 ,ii
9827,Ref 2,6.919,81896,331092030.0,25.770247,26587966.0,551.28104,IT=3.5;3.5 ,ii
9838,Ref 2,7.131,88892,368036190.0,25.789984,20397512.0,435.2583482,IT=3.6;3.6 ,ii
9849,Ref 2,6.033,82764,384240900.0,25.808869,31946286.0,435.2583447,IT=3;3 ,ii
9860,Ref 2,6.265,81740,457388860.0,25.826669,43304004.0,435.2582845,IT=3.1;3.1 ,ii
9871,Ref 2,4.902,78128,448070270.0,25.845721,39767364.0,435.2581201,IT=2.5;2.5 ,ii
9882,Ref 2,6.251,82608,423531870.0,25.86691,30938368.0,435.2583564,IT=3.1;3.1 ,ii
9893,Ref 2,6.763,85496,372622400.0,25.88585,19042362.0,435.2583603,IT=3.4;3.4 ,ii
9902,Ref 2,7.402,91372,334668380.0,25.902354,15301185.0,461.7479334,IT=3.7;3.7 ,ii
9913,Ref 2,7.284,86416,257754350.0,25.921448,8273737.5,461.7480009,IT=3.6;3.6 ,ii
9924,Ref 2,7.727,94100,327870560.0,25.940231,18543060.0,435.7743837,IT=3.9;3.9 ,ii
9935,Ref 2,8.486,95988,338644800.0,25.958952,32531062.0,435.7741396,IT=4.2;4.2 ,ii
9946,Ref 2,6.574,84964,364802340.0,25.977868,46903476.0,435.7741459,IT=3.3;3.3 ,ii
9957,Ref 2,7.212,89380,350559420.0,25.996395,46029460.0,435.7740201,IT=3.6;3.6 ,ii
9968,Ref 2,7.589,92028,360331230.0,26.016514,38992160.0,435.7741203,IT=3.8;3.8 ,ii
9979,Ref 2,9.784,100048,325546080.0,26.036005,21778014.0,435.7743451,IT=4.9;4.9 ,ii
9990,Ref 2,8.658,95488,299356740.0,26.055947,9665640.0,435.7743543,IT=4.3;4.3 ,ii
10001,Ref 2,8.271,90952,292643260.0,26.075105,12075521.0,443.0410713,IT=4.1;4.1 ,ii
10012,Ref 2,7.127,86468,347218340.0,26.094759,15164374.0,443.041069,IT=3.6;3.6 ,ii
10023,Ref 2,7.437,93584,443397310.0,26.113769,41063956.0,566.7677251,IT=3.7;3.7 ,ii
10034,Ref 2,5.166,80092,517373860.0,26.132946,69913016.0,566.767569,IT=2.6;2.6 ,ii
10045,Ref 2,4.251,74396,668891900.0,26.151786,106782310.0,566.7677233,IT=2.1;2.1 ,ii
10056,Ref 2,3.870,69752,651508220.0,26.170217,100068070.0,566.7674997,IT=1.9;1.9 ,ii
10067,Ref 2,3.050,63372,660188100.0,26.191237,80026824.0,566.7674215,IT=1.5;1.5 ,ii
10078,Ref 2,4.713,75888,596877700.0,26.209462,68948544.0,457.7870788,IT=2.4;2.4 ,ii
10089,Ref 2,4.846,77456,566959490.0,26.228348,54314856.0,457.7871552,IT=2.4;2.4 ,ii
10100,Ref 2,5.455,76104,437705150.0,26.248191,23413008.0,457.7870983,IT=2.7;2.7 ,ii
10111,Ref 2,5.260,84176,523012290.0,26.26827,38564228.0,373.2444417,IT=2.6;2.6 ,ii
10122,Ref 2,5.312,79896,469203870.0,26.288568,34889992.0,373.2444604,IT=2.7;2.7 ,ii
10133,Ref 2,5.831,80324,482183330.0,26.307308,53479056.0,554.2881983,IT=2.9;2.9 ,ii
10144,Ref 2,6.371,85060,453030430.0,26.327464,57956320.0,554.2882846,IT=3.2;3.2 ,ii
10155,Ref 2,6.690,88380,427562750.0,26.347245,46608328.0,554.288213,IT=3.3;3.3 ,ii
10166,Ref 2,7.804,89404,367384320.0,26.368149,23189056.0,554.2884324,IT=3.9;3.9 ,ii
10177,Ref 2,6.428,83836,337426910.0,26.38793,16031238.0,367.7136402,IT=3.2;3.2 ,ii
10188,Ref 2,9.526,98724,321197440.0,26.405453,13317261.0,446.2459401,IT=4.8;4.8 ,ii
10199,Ref 2,8.177,92860,309527300.0,26.425559,22607580.0,446.2459931,IT=4.1;4.1 ,ii
10210,Ref 2,8.595,92752,316195140.0,26.447505,32201540.0,446.2463719,IT=4.3;4.3 ,ii
10221,Ref 2,7.859,90484,328454240.0,26.467342,32324980.0,446.2460966,IT=3.9;3.9 ,ii
10232,Ref 2,7.261,90132,350832900.0,26.486158,27992546.0,446.2461449,IT=3.6;3.6 ,ii
10243,Ref 2,7.622,88132,347627650.0,26.506175,29642268.0,421.7586487,IT=3.8;3.8 ,ii
10254,Ref 2,6.862,88384,402801920.0,26.525652,46516896.0,421.7586447,IT=3.4;3.4 ,ii
10265,Ref 2,6.323,83704,415249060.0,26.544521,53399224.0,421.7586771,IT=3.2;3.2 ,ii
10276,Ref 2,6.259,85504,440408700.0,26.563225,54478048.0,421.7586153,IT=3.1;3.1 ,ii
10287,Ref 2,6.423,86388,469328700.0,26.583331,49077776.0,421.7586858,IT=3.2;3.2 ,ii
10298,Ref 2,6.749,92860,444179650.0,26.60306,31556336.0,421.7585303,IT=3.4;3.4 ,ii
10309,Ref 2,5.876,84144,447388260.0,26.625135,20039010.0,458.2609456,IT=2.9;2.9 ,ii
10320,Ref 2,6.087,88328,470567140.0,26.644801,28341968.0,365.7265486,IT=3;3 ,ii
10331,Ref 2,5.771,81900,427248190.0,26.663266,27255990.0,365.726563,IT=2.9;2.9 ,ii
10342,Ref 2,6.171,83824,385394940.0,26.681801,21842922.0,365.7264956,IT=3.1;3.1 ,ii
10353,Ref 2,6.929,90872,350955010.0,26.702501,14790072.0,365.7266649,IT=3.5;3.5 ,ii
10364,Ref 2,6.854,88436,310909500.0,26.720815,7808725.5,365.7266724,IT=3.4;3.4 ,ii
10375,Ref 2,8.500,92444,296163940.0,26.739682,7074696.0,446.2161511,IT=4.2;4.2 ,ii
10386,Ref 2,8.427,92592,345748990.0,26.759461,17206674.0,446.2160867,IT=4.2;4.2 ,ii
10397,Ref 2,7.693,84500,330551710.0,26.778738,22895668.0,446.2160125,IT=3.8;3.8 ,ii
10408,Ref 2,8.305,85312,371316100.0,26.798858,30077402.0,374.2238308,IT=4.2;4.2 ,ii
10419,Ref 2,7.788,82024,348153540.0,26.817654,35202720.0,374.2238089,IT=3.9;3.9 ,ii
10430,Ref 2,7.519,82844,350252990.0,26.837783,41028508.0,374.2238254,IT=3.8;3.8 ,ii
10441,Ref 2,10.952,90600,295139490.0,26.859721,34106184.0,374.2238798,IT=5.5;5.5 ,ii
10452,Ref 2,11.249,97656,301456160.0,26.879889,29038114.0,374.2238125,IT=5.6;5.6 ,ii
10463,Ref 2,9.860,96008,299311460.0,26.900031,18121476.0,374.2238001,IT=4.9;4.9 ,ii
10474,Ref 2,13.330,104208,286291070.0,26.919272,15968917.0,653.3262394,IT=6.7;6.7 ,ii
10485,Ref 2,9.043,91292,300200960.0,26.938622,16168533.0,653.3259364,IT=4.5;4.5 ,ii
10496,Ref 2,9.082,96832,309742300.0,26.958014,12759024.0,653.3258997,IT=4.5;4.5 ,ii
10507,Ref 2,9.798,98032,313800930.0,26.978195,12695794.0,450.2819441,IT=4.9;4.9 ,ii
10518,Ref 2,9.418,94016,317968770.0,26.997907,21301550.0,450.2819477,IT=4.7;4.7 ,ii
10529,Ref 2,8.150,86716,349500770.0,27.018001,30562322.0,450.2817423,IT=4.1;4.1 ,ii
10540,Ref 2,7.414,82204,377548100.0,27.037065,35529848.0,450.2817444,IT=3.7;3.7 ,ii
10551,Ref 2,7.783,87196,417533500.0,27.057025,36644348.0,450.2816319,IT=3.9;3.9 ,ii
10562,Ref 2,7.992,87376,364839740.0,27.075788,24425176.0,450.2816521,IT=4;4 ,ii
10573,Ref 2,7.802,86428,360025760.0,27.095904,17275086.0,450.2815239,IT=3.9;3.9 ,ii
10584,Ref 2,7.146,86480,350389540.0,27.114836,15850472.0,656.2894004,IT=3.6;3.6 ,ii
10595,Ref 2,9.160,87940,311329020.0,27.134615,15338739.0,656.2897653,IT=4.6;4.6 ,ii
10606,Ref 2,8.773,90196,312592860.0,27.154414,12162319.0,656.2896122,IT=4.4;4.4 ,ii
10617,Ref 2,8.197,84044,285786370.0,27.172512,16424683.0,420.7684423,IT=4.1;4.1 ,ii
10628,Ref 2,7.647,80028,318469120.0,27.192406,27613330.0,420.7687146,IT=3.8;3.8 ,ii
10639,Ref 2,12.061,91084,306204640.0,27.209927,30983286.0,420.7688133,IT=6;6 ,ii
10650,Ref 2,8.300,85656,337754690.0,27.230024,33462424.0,420.768828,IT=4.2;4.2 ,ii
10661,Ref 2,9.447,89980,351673980.0,27.250216,28959694.0,420.7688739,IT=4.7;4.7 ,ii
10672,Ref 2,8.560,85080,333032420.0,27.270391,18411794.0,420.7689637,IT=4.3;4.3 ,ii
10683,Ref 2,9.183,92120,324612830.0,27.290524,17319754.0,424.711243,IT=4.6;4.6 ,ii
10694,Ref 2,11.022,100544,294007010.0,27.30968,13426541.0,424.7113265,IT=5.5;5.5 ,ii
10705,Ref 2,9.151,94000,303469340.0,27.329894,9810291.0,424.7113127,IT=4.6;4.6 ,ii
10716,Ref 2,10.407,98084,283997700.0,27.349399,9483741.0,504.2547963,IT=5.2;5.2 ,ii
10727,Ref 2,9.197,92164,325000190.0,27.370561,20861904.0,504.2548135,IT=4.6;4.6 ,ii
10730,Ref 2,9.800,95504,297144060.0,27.376161,21120456.0,504.2549023,IT=4.9;4.9 ,ii
10741,Ref 2,7.211,80312,321848060.0,27.396248,30635750.0,504.2549758,IT=3.6;3.6 ,ii
10752,Ref 2,8.674,87072,318742720.0,27.416194,32310240.0,504.2548155,IT=4.3;4.3 ,ii
10763,Ref 2,7.885,90864,343236700.0,27.435367,29690416.0,504.2547827,IT=3.9;3.9 ,ii
10774,Ref 2,7.389,85512,323525410.0,27.45525,21321546.0,504.2548855,IT=3.7;3.7 ,ii
10785,Ref 2,11.032,94372,277346560.0,27.475356,10006108.0,504.2548662,IT=5.5;5.5 ,ii
10796,Ref 2,9.267,91404,295547520.0,27.495462,6781514.5,547.268165,IT=4.6;4.6 ,ii
10807,Ref 2,11.258,103568,278833630.0,27.514316,5925113.0,691.3529295,IT=5.6;5.6 ,ii
10818,Ref 2,8.344,92832,306260860.0,27.535399,8171235.0,507.2260758,IT=4.2;4.2 ,ii
10821,Ref 2,9.884,92184,286559010.0,27.540926,8593485.0,507.226037,IT=4.9;4.9 ,ii
10832,Ref 2,8.900,92968,313222560.0,27.561041,13155226.0,646.8343777,IT=4.5;4.5 ,ii
10843,Ref 2,8.007,87492,314050820.0,27.581041,15786652.0,646.8345246,IT=4;4 ,ii
10854,Ref 2,7.136,84388,310866690.0,27.600168,15008661.0,646.8343975,IT=3.6;3.6 ,ii
10865,Ref 2,9.644,99332,323340190.0,27.618188,12999073.0,646.8347124,IT=4.8;4.8 ,ii
10876,Ref 2,9.355,95652,346182300.0,27.637892,10636098.0,654.3116811,IT=4.7;4.7 ,ii
10887,Ref 2,6.215,86576,416501340.0,27.657503,16603852.0,363.2135815,IT=3.1;3.1 ,ii
10898,Ref 2,7.108,87100,405483200.0,27.676348,20519000.0,398.2127805,IT=3.6;3.6 ,ii
10909,Ref 2,6.208,84224,408193340.0,27.696155,26572162.0,398.2128452,IT=3.1;3.1 ,ii
10920,Ref 2,7.184,90544,454762980.0,27.714171,33449270.0,398.2128534,IT=3.6;3.6 ,ii
10931,Ref 2,8.158,91068,388534430.0,27.733792,22732716.0,398.2128042,IT=4.1;4.1 ,ii
10942,Ref 2,7.626,87424,334046270.0,27.753658,15040032.0,422.7513587,IT=3.8;3.8 ,ii
10953,Ref 2,9.372,98416,322229440.0,27.773102,12911502.0,422.7515907,IT=4.7;4.7 ,ii
10964,Ref 2,8.847,91928,284070180.0,27.791837,8306453.0,422.7518205,IT=4.4;4.4 ,ii
10975,Ref 2,10.594,103676,307857310.0,27.811141,9619661.0,664.8286953,IT=5.3;5.3 ,ii
10986,Ref 2,10.955,101584,268942940.0,27.830937,11085526.0,664.828627,IT=5.5;5.5 ,ii
10997,Ref 2,9.747,103032,303262690.0,27.851037,10873750.0,664.8283044,IT=4.9;4.9 ,ii
11008,Ref 2,9.546,98368,283294110.0,27.871347,10396968.0,473.2666982,IT=4.8;4.8 ,ii
11019,Ref 2,9.038,97580,278253700.0,27.891382,11586286.0,473.2666717,IT=4.5;4.5 ,ii
11030,Ref 2,8.930,100048,284107100.0,27.911334,10534999.0,473.2667299,IT=4.5;4.5 ,ii
11041,Ref 2,8.639,93912,272620190.0,27.930745,13280110.0,651.3232207,IT=4.3;4.3 ,ii
11052,Ref 2,11.595,106096,287706940.0,27.95047,16220957.0,651.3233901,IT=5.8;5.8 ,ii
11063,Ref 2,11.369,103216,247580400.0,27.970401,11118776.0,651.3234312,IT=5.7;5.7 ,ii
11074,Ref 2,12.257,110312,237188640.0,27.990313,7302985.5,558.2891969,IT=6.1;6.1 ,ii
11085,Ref 2,10.720,104148,234812910.0,28.009842,5594568.0,558.288917,IT=5.4;5.4 ,ii
11096,Ref 2,14.382,114988,229695140.0,28.030086,3946258.2,617.8260446,IT=7.2;7.2 ,ii
11107,Ref 2,11.219,107892,248349090.0,28.049211,5291494.0,617.8259834,IT=5.6;5.6 ,ii
11118,Ref 2,13.749,109596,229744820.0,28.068929,4690404.5,363.7005662,IT=6.9;6.9 ,ii
11129,Ref 2,11.786,106792,249507620.0,28.088871,6400137.0,363.7005038,IT=5.9;5.9 ,ii
11140,Ref 2,11.011,107792,253127740.0,28.11035,5951483.0,615.9744407,IT=5.5;5.5 ,ii
11151,Ref 2,12.831,110352,256393550.0,28.128874,7515436.0,615.6404652,IT=6.4;6.4 ,ii
11162,Ref 2,10.856,104812,263292980.0,28.149079,9397381.0,615.9743073,IT=5.4;5.4 ,ii
11173,Ref 2,11.838,105788,257378100.0,28.169212,9953221.0,615.6401679,IT=5.9;5.9 ,ii
11184,Ref 2,10.687,104344,282951140.0,28.188812,9425542.0,615.640011,IT=5.3;5.3 ,ii
11195,Ref 2,9.577,93644,301157760.0,28.208014,12888461.0,451.2714906,IT=4.8;4.8 ,ii
11206,Ref 2,8.573,86876,321610370.0,28.227507,18024762.0,508.2933137,IT=4.3;4.3 ,ii
11217,Ref 2,8.039,86644,312225820.0,28.246659,19400150.0,508.2934233,IT=4;4 ,ii
11228,Ref 2,8.088,87376,331184930.0,28.266145,17232590.0,508.2933214,IT=4;4 ,ii
11239,Ref 2,8.816,93528,330202690.0,28.285909,11514794.0,440.7245455,IT=4.4;4.4 ,ii
11250,Ref 2,8.521,93708,324551620.0,28.305255,13105267.0,440.7244436,IT=4.3;4.3 ,ii
11261,Ref 2,12.035,106656,294263940.0,28.325505,10238969.0,440.7245473,IT=6;6 ,ii
11272,Ref 2,8.371,96356,305785730.0,28.344559,9470747.0,490.7274816,IT=4.2;4.2 ,ii
11283,Ref 2,8.361,95712,321678660.0,28.36601,10680360.0,530.7518172,IT=4.2;4.2 ,ii
11294,Ref 2,8.250,94180,332197340.0,28.383719,11644228.0,530.7516419,IT=4.1;4.1 ,ii
11305,Ref 2,7.469,88424,375587840.0,28.403189,17783492.0,367.2341204,IT=3.7;3.7 ,ii
11316,Ref 2,7.771,87332,398327580.0,28.421654,23903854.0,367.2340819,IT=3.9;3.9 ,ii
11327,Ref 2,5.338,79052,458562500.0,28.440435,28813918.0,367.2341009,IT=2.7;2.7 ,ii
11338,Ref 2,6.325,78432,492173730.0,28.460345,64510964.0,416.2505919,IT=3.2;3.2 ,ii
11349,Ref 2,4.153,62360,614236990.0,28.480401,131110290.0,416.2507225,IT=2.1;2.1 ,ii
11360,Ref 2,3.710,55948,630653890.0,28.498649,159273520.0,416.2505041,IT=1.9;1.9 ,ii
11371,Ref 2,3.565,56236,685209980.0,28.517578,182731360.0,416.2504336,IT=1.8;1.8 ,ii
11382,Ref 2,4.656,60876,549914430.0,28.538497,135416340.0,416.2505515,IT=2.3;2.3 ,ii
11393,Ref 2,5.299,73928,496015260.0,28.558551,94193448.0,416.2504803,IT=2.6;2.6 ,ii
11404,Ref 2,7.162,86820,362476510.0,28.578688,41439252.0,416.2506019,IT=3.6;3.6 ,ii
11415,Ref 2,7.690,98052,340038750.0,28.597928,22338400.0,416.2503373,IT=3.8;3.8 ,ii
11426,Ref 2,10.798,111280,306336640.0,28.619182,13340358.0,431.2289993,IT=5.4;5.4 ,ii
11437,Ref 2,11.327,109648,266106210.0,28.638154,8220848.5,431.2290663,IT=5.7;5.7 ,ii
11448,Ref 2,9.530,100988,282406910.0,28.658288,8422488.0,448.9264434,IT=4.8;4.8 ,ii
11459,Ref 2,9.154,99492,319006430.0,28.678425,13885306.0,533.2830847,IT=4.6;4.6 ,ii
11470,Ref 2,6.647,87884,350792800.0,28.698613,18082120.0,533.2828762,IT=3.3;3.3 ,ii
11481,Ref 2,8.330,92528,332447260.0,28.718033,14509770.0,533.2829506,IT=4.2;4.2 ,ii
11492,Ref 2,8.232,93228,325775070.0,28.737829,12761099.0,660.3394576,IT=4.1;4.1 ,ii
11503,Ref 2,8.355,93064,303771870.0,28.755187,15168071.0,660.339299,IT=4.2;4.2 ,ii
11514,Ref 2,10.403,99424,292103070.0,28.777018,13230218.0,660.3397266,IT=5.2;5.2 ,ii
11525,Ref 2,9.939,98288,296952640.0,28.797124,10844592.0,373.235753,IT=5;5 ,ii
11536,Ref 2,8.524,95056,303039650.0,28.816745,12103228.0,450.5737351,IT=4.3;4.3 ,ii
11547,Ref 2,10.334,95360,294412510.0,28.836326,10810869.0,450.5737559,IT=5.2;5.2 ,ii
11558,Ref 2,12.813,105384,269836700.0,28.855703,9146159.0,433.2373429,IT=6.4;6.4 ,ii
11569,Ref 2,9.750,99368,274323580.0,28.875511,7359418.0,433.2373449,IT=4.9;4.9 ,ii
11580,Ref 2,13.157,103364,257783820.0,28.893599,5086568.5,442.7300378,IT=6.6;6.6 ,ii
11591,Ref 2,9.682,98480,285649340.0,28.911699,9302260.0,442.7298687,IT=4.8;4.8 ,ii
11602,Ref 2,12.684,103252,266843890.0,28.931028,10316025.0,442.7299345,IT=6.3;6.3 ,ii
11613,Ref 2,9.720,90736,259416830.0,28.951732,10084911.0,442.7298257,IT=4.9;4.9 ,ii
11624,Ref 2,12.758,102052,255629980.0,28.972017,6839205.5,442.7298547,IT=6.4;6.4 ,ii
11635,Ref 2,11.216,101988,264127790.0,28.992146,5897291.5,430.753445,IT=5.6;5.6 ,ii
11646,Ref 2,10.980,100748,263892480.0,29.01214,6742165.5,392.7048756,IT=5.5;5.5 ,ii
11657,Ref 2,11.642,101228,235888540.0,29.031719,7366803.0,392.7048538,IT=5.8;5.8 ,ii
11668,Ref 2,10.812,99904,276764700.0,29.05081,9113833.0,392.7048517,IT=5.4;5.4 ,ii
11679,Ref 2,10.533,95784,284253600.0,29.071022,10685046.0,356.5452712,IT=5.3;5.3 ,ii
11690,Ref 2,7.721,84616,306840700.0,29.090401,15866025.0,356.5452274,IT=3.9;3.9 ,ii
11701,Ref 2,6.849,84784,386174110.0,29.107835,27070424.0,356.5452505,IT=3.4;3.4 ,ii
11712,Ref 2,6.636,79596,407862050.0,29.127295,30634722.0,356.5453759,IT=3.3;3.3 ,ii
11720,Ref 2,7.092,80188,406467200.0,29.141353,27920928.0,383.2200662,IT=3.5;3.5 ,ii
11727,Ref 2,5.861,76680,415801020.0,29.15387,30860862.0,383.2200788,IT=2.9;2.9 ,ii
11738,Ref 2,7.775,82220,402610460.0,29.17403,36458932.0,420.7869915,IT=3.9;3.9 ,ii
11749,Ref 2,8.207,82752,384540580.0,29.195638,49613620.0,420.78705,IT=4.1;4.1 ,ii
11760,Ref 2,8.488,87360,342508100.0,29.214999,46979820.0,420.7871564,IT=4.2;4.2 ,ii
11771,Ref 2,8.676,85260,271642080.0,29.234828,33446616.0,420.7871694,IT=4.3;4.3 ,ii
11782,Ref 2,10.648,101584,289412350.0,29.254705,28287280.0,420.7871559,IT=5.3;5.3 ,ii
11793,Ref 2,13.037,104852,220260800.0,29.274967,12666389.0,420.7873496,IT=6.5;6.5 ,ii
11804,Ref 2,15.866,111124,210113760.0,29.294629,6602255.0,420.7873241,IT=7.9;7.9 ,ii
11815,Ref 2,13.211,104336,215387730.0,29.313929,4800253.0,488.2671493,IT=6.6;6.6 ,ii
11826,Ref 2,12.060,103592,242781630.0,29.333235,7456426.0,488.2671632,IT=6;6 ,ii
11837,Ref 2,9.935,93256,256013920.0,29.353366,12353980.0,423.2582274,IT=5;5 ,ii
11848,Ref 2,12.005,101100,267710220.0,29.37497,22403116.0,423.2583891,IT=6;6 ,ii
11859,Ref 2,8.653,90080,310157060.0,29.394102,33941240.0,423.2582056,IT=4.3;4.3 ,ii
11870,Ref 2,8.404,89728,360974500.0,29.414039,41580852.0,423.2582667,IT=4.2;4.2 ,ii
11881,Ref 2,10.985,103068,305315490.0,29.434283,27951986.0,423.2581768,IT=5.5;5.5 ,ii
11892,Ref 2,9.529,95360,310495650.0,29.454414,18264400.0,423.2581838,IT=4.8;4.8 ,ii
11903,Ref 2,11.034,100872,288914910.0,29.474624,17836342.0,569.2936465,IT=5.5;5.5 ,ii
11914,Ref 2,10.298,96860,275143260.0,29.494711,15556919.0,569.2936717,IT=5.1;5.1 ,ii
11925,Ref 2,10.385,102512,257176080.0,29.514832,9606488.0,569.2935884,IT=5.2;5.2 ,ii
11936,Ref 2,11.134,101628,249812180.0,29.535074,7711203.0,497.2661384,IT=5.6;5.6 ,ii
11947,Ref 2,11.990,107700,251713740.0,29.55468,7359472.5,410.2399224,IT=6;6 ,ii
11958,Ref 2,10.189,93796,215868190.0,29.574834,5721608.5,608.3332174,IT=5.1;5.1 ,ii
11969,Ref 2,10.800,102776,265462140.0,29.592946,8054396.5,608.3333674,IT=5.4;5.4 ,ii
11980,Ref 2,8.734,94540,257374770.0,29.612888,7778923.5,500.7877884,IT=4.4;4.4 ,ii
11991,Ref 2,10.124,98020,280644100.0,29.631425,13952874.0,500.787743,IT=5.1;5.1 ,ii
12002,Ref 2,9.777,94464,267755760.0,29.651142,18862226.0,500.7876363,IT=4.9;4.9 ,ii
12013,Ref 2,10.350,96420,273574500.0,29.670741,19523296.0,500.7875687,IT=5.2;5.2 ,ii
12024,Ref 2,9.372,89060,238947420.0,29.691866,13219742.0,500.7878339,IT=4.7;4.7 ,ii
12035,Ref 2,11.252,102108,271215870.0,29.711851,8935790.0,500.7878513,IT=5.6;5.6 ,ii
12038,Ref 2,9.788,97712,260204500.0,29.717381,8156560.5,478.8949754,IT=4.9;4.9 ,ii
12049,Ref 2,9.954,97940,267934780.0,29.736566,12048762.0,478.8948616,IT=5;5 ,ii
12060,Ref 2,9.925,95896,268972100.0,29.756537,12469671.0,478.8949085,IT=5;5 ,ii
12071,Ref 2,10.942,96628,276390370.0,29.776789,13494332.0,367.2340658,IT=5.5;5.5 ,ii
12082,Ref 2,9.702,94868,285016610.0,29.796263,14037436.0,367.2339804,IT=4.9;4.9 ,ii
12093,Ref 2,11.752,100096,248687870.0,29.816461,13061555.0,400.2404395,IT=5.9;5.9 ,ii
12104,Ref 2,11.206,96096,247679820.0,29.835932,12657370.0,400.2402941,IT=5.6;5.6 ,ii
12115,Ref 2,11.782,102376,263723120.0,29.856782,11012734.0,400.240352,IT=5.9;5.9 ,ii
12126,Ref 2,10.853,96108,271246560.0,29.876982,10921413.0,723.8491941,IT=5.4;5.4 ,ii
12137,Ref 2,10.507,94176,259267780.0,29.897159,12327304.0,723.849366,IT=5.3;5.3 ,ii
12148,Ref 2,8.045,90152,263189310.0,29.915556,10733267.0,723.8489035,IT=4;4 ,ii
12159,Ref 2,11.667,101688,249671980.0,29.935135,6598331.5,723.8491042,IT=5.8;5.8 ,ii
12170,Ref 2,12.755,107708,241302930.0,29.955008,6035873.5,542.2834292,IT=6.4;6.4 ,ii
12181,Ref 2,12.639,104352,220371170.0,29.975256,5122540.5,518.8899348,IT=6.3;6.3 ,ii
12192,Ref 2,11.611,98496,209621140.0,29.995456,6179036.5,518.8897666,IT=5.8;5.8 ,ii
12203,Ref 2,11.977,97152,205357780.0,30.015639,5322244.5,490.2556619,IT=6;6 ,ii
12214,Ref 2,11.772,102868,236556800.0,30.035881,9378616.0,490.255709,IT=5.9;5.9 ,ii
12225,Ref 2,11.697,99308,248617310.0,30.055856,11598209.0,490.2556823,IT=5.8;5.8 ,ii
12236,Ref 2,10.842,98612,250037680.0,30.076086,10986693.0,666.8549683,IT=5.4;5.4 ,ii
12247,Ref 2,12.961,105552,262284770.0,30.095555,8109168.0,666.8549853,IT=6.5;6.5 ,ii
12258,Ref 2,10.824,97820,244070940.0,30.115724,7873214.5,580.796239,IT=5.4;5.4 ,ii
12269,Ref 2,10.052,93648,252142540.0,30.135869,10183313.0,580.7959766,IT=5;5 ,ii
12280,Ref 2,10.101,96424,270537220.0,30.154809,11968600.0,564.7903032,IT=5.1;5.1 ,ii
12291,Ref 2,9.599,94792,294042850.0,30.175005,19484834.0,564.7901439,IT=4.8;4.8 ,ii
12302,Ref 2,10.008,95020,292055260.0,30.196169,20280072.0,564.7900922,IT=5;5 ,ii
12305,Ref 2,9.402,93232,298150140.0,30.201704,20105168.0,564.790145,IT=4.7;4.7 ,ii
12316,Ref 2,9.378,90160,273630240.0,30.221265,14363839.0,564.7902686,IT=4.7;4.7 ,ii
12327,Ref 2,10.244,97004,294302850.0,30.24131,8924173.0,564.7899887,IT=5.1;5.1 ,ii
12338,Ref 2,10.391,97080,282251010.0,30.261479,5560006.5,674.3734434,IT=5.2;5.2 ,ii
12349,Ref 2,9.715,93356,270730780.0,30.280885,5406488.0,570.8410208,IT=4.9;4.9 ,ii
12360,Ref 2,8.211,89304,305488540.0,30.299877,7546120.0,570.8411581,IT=4.1;4.1 ,ii
12371,Ref 2,7.708,85392,337956350.0,30.317691,12880587.0,457.2952872,IT=3.9;3.9 ,ii
12382,Ref 2,7.382,86124,366119550.0,30.336718,15370209.0,457.2951383,IT=3.7;3.7 ,ii
12393,Ref 2,6.164,76096,363859810.0,30.356241,15313349.0,457.2952296,IT=3.1;3.1 ,ii
12404,Ref 2,8.153,90668,384270370.0,30.375962,12932510.0,457.2953531,IT=4.1;4.1 ,ii
12415,Ref 2,9.453,90804,326697920.0,30.396116,10510613.0,573.6331507,IT=4.7;4.7 ,ii
12426,Ref 2,7.344,82436,330714820.0,30.415993,16231816.0,573.6332359,IT=3.7;3.7 ,ii
12437,Ref 2,8.260,90604,405637120.0,30.435738,19485268.0,573.6332512,IT=4.1;4.1 ,ii
12448,Ref 2,6.775,82124,363919140.0,30.455011,17223594.0,573.6330231,IT=3.4;3.4 ,ii
12459,Ref 2,9.184,92832,324919040.0,30.475155,14929840.0,441.229527,IT=4.6;4.6 ,ii
12470,Ref 2,7.735,86524,290303650.0,30.495288,16867278.0,510.2621453,IT=3.9;3.9 ,ii
12481,Ref 2,11.099,103464,293626050.0,30.515502,18330408.0,510.2623554,IT=5.5;5.5 ,ii
12492,Ref 2,7.269,86388,276375810.0,30.536552,16308566.0,513.309159,IT=3.6;3.6 ,ii
12503,Ref 2,9.051,91716,340654530.0,30.555733,33769080.0,513.3092578,IT=4.5;4.5 ,ii
12514,Ref 2,7.695,86160,370849500.0,30.57576,45661904.0,513.3092263,IT=3.8;3.8 ,ii
12525,Ref 2,7.109,81352,371659940.0,30.594469,48491360.0,513.3091565,IT=3.6;3.6 ,ii
12536,Ref 2,6.866,80236,381455420.0,30.613873,43157812.0,513.3093372,IT=3.4;3.4 ,ii
12547,Ref 2,7.404,79496,350963870.0,30.634018,28402990.0,513.3092085,IT=3.7;3.7 ,ii
12558,Ref 2,6.971,84484,387215680.0,30.654101,17859618.0,513.3093782,IT=3.5;3.5 ,ii
12569,Ref 2,7.707,84564,328867300.0,30.673803,14958245.0,414.2187039,IT=3.9;3.9 ,ii
12580,Ref 2,7.880,87624,326327390.0,30.691853,22659322.0,414.2188097,IT=3.9;3.9 ,ii
12591,Ref 2,10.076,95844,297250460.0,30.712064,27692930.0,414.2189104,IT=5;5 ,ii
12602,Ref 2,11.730,103684,260037120.0,30.731461,24177168.0,414.2188874,IT=5.9;5.9 ,ii
12613,Ref 2,11.408,102460,205605870.0,30.751399,15474762.0,414.2187698,IT=5.7;5.7 ,ii
12624,Ref 2,10.866,101016,236673330.0,30.771584,10375093.0,414.2186989,IT=5.4;5.4 ,ii
12635,Ref 2,10.604,97312,271156960.0,30.791748,13056270.0,760.8842696,IT=5.3;5.3 ,ii
12646,Ref 2,7.225,87152,340721950.0,30.811834,31283842.0,569.2775616,IT=3.6;3.6 ,ii
12657,Ref 2,6.389,77840,403710400.0,30.830854,54180440.0,569.2777009,IT=3.2;3.2 ,ii
12668,Ref 2,5.051,70432,457341730.0,30.850611,71451192.0,569.2774345,IT=2.5;2.5 ,ii
12679,Ref 2,5.153,72548,513294910.0,30.871681,77618320.0,569.2774635,IT=2.6;2.6 ,ii
12690,Ref 2,6.877,74956,429003300.0,30.891621,49878132.0,569.2775998,IT=3.4;3.4 ,ii
12701,Ref 2,6.294,76088,428081860.0,30.910775,41108428.0,502.3237602,IT=3.1;3.1 ,ii
12712,Ref 2,7.922,83568,345667460.0,30.929839,25231336.0,502.3236594,IT=4;4 ,ii
12723,Ref 2,7.573,85988,354080580.0,30.951881,17006634.0,502.3239657,IT=3.8;3.8 ,ii
12734,Ref 2,8.168,87868,313710720.0,30.97116,10181044.0,510.3289624,IT=4.1;4.1 ,ii
12745,Ref 2,9.907,91840,276424290.0,30.990714,12089153.0,510.3290708,IT=5;5 ,ii
12756,Ref 2,8.766,92380,334322560.0,31.010887,15929643.0,510.3291101,IT=4.4;4.4 ,ii
12767,Ref 2,7.243,85916,308536350.0,31.03018,17723390.0,521.3066621,IT=3.6;3.6 ,ii
12778,Ref 2,7.167,88372,423176740.0,31.048922,24977214.0,521.3066028,IT=3.6;3.6 ,ii
12789,Ref 2,6.593,82468,420976990.0,31.068276,24742696.0,581.3134195,IT=3.3;3.3 ,ii
12800,Ref 2,5.570,75940,483952830.0,31.086809,46276668.0,581.3133605,IT=2.8;2.8 ,ii
12811,Ref 2,5.588,78088,509493090.0,31.108961,66148588.0,581.3135928,IT=2.8;2.8 ,ii
12822,Ref 2,4.600,72644,533101600.0,31.1282,77717840.0,581.3133635,IT=2.3;2.3 ,ii
12833,Ref 2,5.542,78708,428264130.0,31.148327,57155568.0,581.3134643,IT=2.8;2.8 ,ii
12844,Ref 2,9.983,99916,335106530.0,31.167565,35805716.0,581.3133959,IT=5;5 ,ii
12855,Ref 2,9.065,94244,323185600.0,31.187529,22841986.0,581.3128969,IT=4.5;4.5 ,ii
12866,Ref 2,8.838,97152,291123970.0,31.209723,12510517.0,452.7445327,IT=4.4;4.4 ,ii
12877,Ref 2,11.332,103268,281629790.0,31.229158,9314561.0,556.2811647,IT=5.7;5.7 ,ii
12888,Ref 2,10.125,95776,263687900.0,31.249293,10513308.0,556.2809853,IT=5.1;5.1 ,ii
12899,Ref 2,11.184,99376,254568960.0,31.269035,10157933.0,556.2809856,IT=5.6;5.6 ,ii
12910,Ref 2,10.427,100880,266001710.0,31.287404,7953939.5,556.281014,IT=5.2;5.2 ,ii
12921,Ref 2,12.884,110068,255309420.0,31.307655,5578827.0,447.905489,IT=6.4;6.4 ,ii
12932,Ref 2,11.901,111984,267295570.0,31.326759,6270506.0,447.9055217,IT=6;6 ,ii
12943,Ref 2,10.313,102860,276524380.0,31.345749,6280093.0,631.8052029,IT=5.2;5.2 ,ii
12954,Ref 2,9.703,103960,314706080.0,31.367293,11158693.0,638.3258154,IT=4.9;4.9 ,ii
12965,Ref 2,9.041,99912,340238050.0,31.386176,18128372.0,638.3255206,IT=4.5;4.5 ,ii
12976,Ref 2,9.485,98972,340659620.0,31.40624,21179192.0,638.3257797,IT=4.7;4.7 ,ii
12987,Ref 2,8.308,96476,344072800.0,31.426236,19400188.0,638.3255789,IT=4.2;4.2 ,ii
12998,Ref 2,10.044,101296,294685220.0,31.445765,10474190.0,638.3258135,IT=5;5 ,ii
13009,Ref 2,10.144,104360,304088540.0,31.465844,9626389.0,538.8035425,IT=5.1;5.1 ,ii
13020,Ref 2,10.086,102292,293752610.0,31.485129,12299279.0,538.8035038,IT=5;5 ,ii
13031,Ref 2,9.397,98936,302658180.0,31.504946,13241984.0,538.8034128,IT=4.7;4.7 ,ii
13042,Ref 2,9.567,98008,269211460.0,31.524354,10275784.0,538.803673,IT=4.8;4.8 ,ii
13053,Ref 2,10.771,104508,282777950.0,31.544116,10174445.0,554.3065863,IT=5.4;5.4 ,ii
13064,Ref 2,11.066,105412,261707860.0,31.564141,11935016.0,554.3066892,IT=5.5;5.5 ,ii
13075,Ref 2,10.023,102308,279051140.0,31.583106,10580068.0,554.3063409,IT=5;5 ,ii
13086,Ref 2,9.307,93876,336466080.0,31.603285,15965067.0,488.2794642,IT=4.7;4.7 ,ii
13097,Ref 2,7.050,85360,388539580.0,31.623424,29184040.0,488.2793749,IT=3.5;3.5 ,ii
13108,Ref 2,5.762,77208,478798340.0,31.643291,49285292.0,488.2793774,IT=2.9;2.9 ,ii
13119,Ref 2,5.328,73672,470960610.0,31.662707,58114484.0,488.2792799,IT=2.7;2.7 ,ii
13130,Ref 2,5.534,76120,500230620.0,31.681922,65927432.0,488.2793589,IT=2.8;2.8 ,ii
13141,Ref 2,6.354,88208,502170340.0,31.701203,63150940.0,488.2794135,IT=3.2;3.2 ,ii
13152,Ref 2,6.685,85104,404221250.0,31.72134,42081468.0,488.2794036,IT=3.3;3.3 ,ii
13163,Ref 2,8.775,95424,330094910.0,31.741544,22240210.0,488.2797054,IT=4.4;4.4 ,ii
13174,Ref 2,9.477,95828,291751650.0,31.760438,11182839.0,488.2794829,IT=4.7;4.7 ,ii
13185,Ref 2,9.122,97104,287488800.0,31.781915,8511664.0,599.2954109,IT=4.6;4.6 ,ii
13196,Ref 2,9.058,98084,301634880.0,31.8013,15408467.0,599.2954834,IT=4.5;4.5 ,ii
13207,Ref 2,8.781,94228,285738140.0,31.821081,17975488.0,599.2954616,IT=4.4;4.4 ,ii
13218,Ref 2,10.293,100232,297430180.0,31.839348,16091473.0,599.2956462,IT=5.1;5.1 ,ii
13229,Ref 2,9.508,99388,301290500.0,31.85952,13742249.0,441.2947369,IT=4.8;4.8 ,ii
13240,Ref 2,9.067,95216,281645890.0,31.879547,13676082.0,441.2947583,IT=4.5;4.5 ,ii
13251,Ref 2,7.973,90216,319857660.0,31.898635,14673952.0,441.294577,IT=4;4 ,ii
13262,Ref 2,7.742,90488,371466660.0,31.918662,21217810.0,680.3570018,IT=3.9;3.9 ,ii
13273,Ref 2,6.919,89032,383678940.0,31.938539,27828190.0,680.3566769,IT=3.5;3.5 ,ii
13284,Ref 2,7.718,89800,376748000.0,31.958524,30393390.0,680.3570624,IT=3.9;3.9 ,ii
13295,Ref 2,7.557,91700,365551040.0,31.978601,23815008.0,680.3570412,IT=3.8;3.8 ,ii
13306,Ref 2,10.598,97920,304544800.0,31.998838,13800912.0,680.3570529,IT=5.3;5.3 ,ii
13317,Ref 2,9.894,97344,290795870.0,32.018907,7928956.0,422.7607246,IT=4.9;4.9 ,ii
13328,Ref 2,9.746,94264,294177700.0,32.038561,12491867.0,817.4154923,IT=4.9;4.9 ,ii
13339,Ref 2,7.924,88524,342890370.0,32.058628,21561436.0,817.4155526,IT=4;4 ,ii
13350,Ref 2,6.904,79280,335439360.0,32.077463,23769006.0,817.4153744,IT=3.5;3.5 ,ii
13361,Ref 2,5.913,76848,419621630.0,32.097027,39165632.0,590.8146198,IT=3;3 ,ii
13372,Ref 2,6.344,77256,513525730.0,32.117529,76058512.0,590.8149658,IT=3.2;3.2 ,ii
13383,Ref 2,5.089,69716,500178750.0,32.135925,86299464.0,590.8149253,IT=2.5;2.5 ,ii
13394,Ref 2,4.820,69448,491873600.0,32.155975,85133112.0,590.8148685,IT=2.4;2.4 ,ii
13405,Ref 2,6.652,78228,461288030.0,32.176014,71103720.0,590.8149245,IT=3.3;3.3 ,ii
13416,Ref 2,6.731,77492,350924770.0,32.196129,39299060.0,590.8147724,IT=3.4;3.4 ,ii
13427,Ref 2,11.511,99988,307373410.0,32.216231,36846068.0,454.266372,IT=5.8;5.8 ,ii
13438,Ref 2,9.312,84544,280918370.0,32.236016,36496472.0,454.2663964,IT=4.7;4.7 ,ii
13449,Ref 2,8.935,87236,294880480.0,32.255712,35860364.0,454.2661382,IT=4.5;4.5 ,ii
13460,Ref 2,9.721,93112,312568420.0,32.276941,26486160.0,454.2662895,IT=4.9;4.9 ,ii
13471,Ref 2,8.709,88168,290993730.0,32.297061,13964605.0,454.2663173,IT=4.4;4.4 ,ii
13482,Ref 2,8.440,86356,258969180.0,32.316682,9176761.0,708.8234085,IT=4.2;4.2 ,ii
13493,Ref 2,11.308,103084,288028860.0,32.336876,6027829.5,599.838461,IT=5.7;5.7 ,ii
13504,Ref 2,8.038,87724,289421090.0,32.355586,9243791.0,599.8382501,IT=4;4 ,ii
13515,Ref 2,9.592,92768,309174180.0,32.374771,15582753.0,632.8437188,IT=4.8;4.8 ,ii
13526,Ref 2,8.783,88252,310609150.0,32.394182,21194144.0,599.8384343,IT=4.4;4.4 ,ii
13537,Ref 2,8.684,89184,351219710.0,32.414419,30254968.0,599.8382778,IT=4.3;4.3 ,ii
13548,Ref 2,8.701,88304,348993180.0,32.434563,37583324.0,599.8383207,IT=4.4;4.4 ,ii
13559,Ref 2,8.381,88540,374089060.0,32.455581,46359192.0,599.8384417,IT=4.2;4.2 ,ii
13570,Ref 2,7.376,84356,370118270.0,32.47575,46211568.0,599.8383398,IT=3.7;3.7 ,ii
13581,Ref 2,8.317,85856,367229220.0,32.495695,43975672.0,599.8383666,IT=4.2;4.2 ,ii
13592,Ref 2,6.959,80976,382427580.0,32.515806,38538516.0,599.8382216,IT=3.5;3.5 ,ii
13603,Ref 2,7.243,83392,378581760.0,32.534099,29672558.0,599.8382539,IT=3.6;3.6 ,ii
13614,Ref 2,6.171,81828,402293700.0,32.553572,21013422.0,791.4284754,IT=3.1;3.1 ,ii
13625,Ref 2,4.805,72508,408489570.0,32.572334,17170544.0,791.4286699,IT=2.4;2.4 ,ii
13636,Ref 2,6.982,85176,432525470.0,32.591549,17502048.0,515.7880651,IT=3.5;3.5 ,ii
13647,Ref 2,6.334,84108,438414140.0,32.611853,17075916.0,515.7882891,IT=3.2;3.2 ,ii
13658,Ref 2,7.636,86468,385646460.0,32.63199,12026623.0,515.7882612,IT=3.8;3.8 ,ii
13669,Ref 2,7.767,90604,388383390.0,32.652199,8045770.0,652.8468661,IT=3.9;3.9 ,ii
13680,Ref 2,9.355,98748,372228480.0,32.670571,8906110.0,500.7933911,IT=4.7;4.7 ,ii
13691,Ref 2,7.929,92684,368509500.0,32.692007,11300479.0,611.3209317,IT=4;4 ,ii
13702,Ref 2,8.416,94408,373827870.0,32.711598,17899650.0,400.6950131,IT=4.2;4.2 ,ii
13713,Ref 2,7.695,90264,359844000.0,32.731725,24653744.0,400.6949628,IT=3.8;3.8 ,ii
13724,Ref 2,8.858,93700,353084860.0,32.751517,27513924.0,400.6949897,IT=4.4;4.4 ,ii
13735,Ref 2,8.729,94028,340086050.0,32.770946,26663824.0,400.6949375,IT=4.4;4.4 ,ii
13746,Ref 2,10.119,98368,307237570.0,32.791127,15334439.0,400.69491,IT=5.1;5.1 ,ii
13757,Ref 2,10.820,100332,269136450.0,32.811333,7570204.5,400.6950182,IT=5.4;5.4 ,ii
13768,Ref 2,11.315,102832,269887360.0,32.830804,7975745.5,589.7890719,IT=5.7;5.7 ,ii
13779,Ref 2,11.029,101156,258151920.0,32.850801,7032342.5,589.7889243,IT=5.5;5.5 ,ii
13790,Ref 2,8.985,94788,235700240.0,32.87298,4663983.5,367.2341224,IT=4.5;4.5 ,ii
13801,Ref 2,12.273,104372,257249970.0,32.892428,5130061.5,367.2342323,IT=6.1;6.1 ,ii
13812,Ref 2,13.404,106892,237027740.0,32.911103,4868841.0,461.2378452,IT=6.7;6.7 ,ii
13823,Ref 2,12.391,99428,229768140.0,32.930911,5572655.0,461.2377359,IT=6.2;6.2 ,ii
13834,Ref 2,13.277,104484,232481200.0,32.95207,5983509.5,545.6033237,IT=6.6;6.6 ,ii
13845,Ref 2,10.346,96380,262784530.0,32.972313,9856900.0,917.4645721,IT=5.2;5.2 ,ii
13856,Ref 2,11.056,98280,293192740.0,32.992503,17262680.0,917.4650533,IT=5.5;5.5 ,ii
13867,Ref 2,11.142,97116,322052990.0,33.01215,24111218.0,917.4650574,IT=5.6;5.6 ,ii
13878,Ref 2,9.996,93828,304490980.0,33.034265,22319266.0,917.4648367,IT=5;5 ,ii
13889,Ref 2,9.910,98500,299800990.0,33.054404,15940437.0,917.4646898,IT=5;5 ,ii
13900,Ref 2,11.303,101340,270502340.0,33.073967,9921038.0,917.4647459,IT=5.7;5.7 ,ii
13911,Ref 2,12.137,103368,257705660.0,33.094181,8859321.0,546.2964911,IT=6.1;6.1 ,ii
13922,Ref 2,9.179,89132,240234830.0,33.11436,9855129.0,546.2965111,IT=4.6;4.6 ,ii
13933,Ref 2,11.426,97560,265318980.0,33.132845,9365111.0,546.2965685,IT=5.7;5.7 ,ii
13944,Ref 2,11.153,98544,268580640.0,33.153014,15250884.0,508.2936017,IT=5.6;5.6 ,ii
13955,Ref 2,9.189,96064,290229120.0,33.172808,24610236.0,508.293635,IT=4.6;4.6 ,ii
13966,Ref 2,9.941,93240,264692880.0,33.19497,25928640.0,508.2936985,IT=5;5 ,ii
13977,Ref 2,11.326,100760,272761950.0,33.215072,24770418.0,508.2939755,IT=5.7;5.7 ,ii
13988,Ref 2,11.179,96468,253090370.0,33.23523,15695051.0,508.2939336,IT=5.6;5.6 ,ii
13999,Ref 2,11.394,99272,250849520.0,33.255422,9063829.0,733.8477168,IT=5.7;5.7 ,ii
14010,Ref 2,11.772,96904,249158110.0,33.275082,9233196.0,733.8475471,IT=5.9;5.9 ,ii
14021,Ref 2,10.760,96800,271000290.0,33.294928,12608611.0,414.7633291,IT=5.4;5.4 ,ii
14032,Ref 2,9.341,92420,296277660.0,33.314453,17297136.0,576.2854709,IT=4.7;4.7 ,ii
14043,Ref 2,8.384,90964,330126660.0,33.33449,26482156.0,576.2854135,IT=4.2;4.2 ,ii
14054,Ref 2,7.914,81980,296156030.0,33.353873,26626680.0,576.2852016,IT=4;4 ,ii
14065,Ref 2,10.541,98372,294062590.0,33.375035,21946276.0,576.285375,IT=5.3;5.3 ,ii
14076,Ref 2,11.410,99480,261463540.0,33.395271,13873523.0,576.2853695,IT=5.7;5.7 ,ii
14087,Ref 2,11.282,99092,245498180.0,33.415562,6781970.0,576.2854021,IT=5.6;5.6 ,ii
14098,Ref 2,12.813,100528,229222610.0,33.435795,5429185.5,565.8026855,IT=6.4;6.4 ,ii
14109,Ref 2,10.238,90464,235810420.0,33.45602,6095555.5,514.7911252,IT=5.1;5.1 ,ii
14120,Ref 2,9.369,90968,255718560.0,33.474585,6968621.0,514.7911704,IT=4.7;4.7 ,ii
14131,Ref 2,11.115,96804,263459410.0,33.49446,10034136.0,744.3556283,IT=5.6;5.6 ,ii
14142,Ref 2,8.499,83160,307638940.0,33.514134,14998059.0,744.3553213,IT=4.2;4.2 ,ii
14153,Ref 2,8.697,89180,303610340.0,33.535293,17045310.0,744.3553766,IT=4.3;4.3 ,ii
14164,Ref 2,9.594,88664,285855230.0,33.554488,15279657.0,744.3554579,IT=4.8;4.8 ,ii
14175,Ref 2,9.922,91780,267960740.0,33.574194,11526449.0,744.3555858,IT=5;5 ,ii
14186,Ref 2,9.486,93168,260708060.0,33.593805,7313294.0,744.3554126,IT=4.7;4.7 ,ii
14197,Ref 2,10.829,90068,222884560.0,33.613217,4277727.5,565.8021695,IT=5.4;5.4 ,ii
14208,Ref 2,13.736,101248,222266780.0,33.632832,5682625.0,475.2448703,IT=6.9;6.9 ,ii
14219,Ref 2,10.713,96096,243143330.0,33.652027,13469426.0,472.7700481,IT=5.4;5.4 ,ii
14230,Ref 2,11.537,98520,271430300.0,33.672085,31750254.0,472.7699812,IT=5.8;5.8 ,ii
14241,Ref 2,8.219,79672,331748450.0,33.693298,67420328.0,472.7701657,IT=4.1;4.1 ,ii
14252,Ref 2,6.873,74732,400545920.0,33.713414,105217720.0,472.7698838,IT=3.4;3.4 ,ii
14263,Ref 2,5.578,67184,449103940.0,33.733481,134240740.0,472.7696496,IT=2.8;2.8 ,ii
14274,Ref 2,4.661,62600,471495550.0,33.753593,138763920.0,472.7699154,IT=2.3;2.3 ,ii
14285,Ref 2,5.845,68872,446345150.0,33.773679,115203810.0,472.769898,IT=2.9;2.9 ,ii
14296,Ref 2,6.714,75220,412589380.0,33.793566,84016464.0,472.7699908,IT=3.4;3.4 ,ii
14307,Ref 2,6.415,78656,352154620.0,33.81333,49798796.0,472.7699962,IT=3.2;3.2 ,ii
14318,Ref 2,9.719,92592,305839200.0,33.832822,26045520.0,472.7698317,IT=4.9;4.9 ,ii
14329,Ref 2,10.695,94092,284157730.0,33.853124,13594239.0,472.7697024,IT=5.3;5.3 ,ii
14331,Ref 2,11.526,100712,282305120.0,33.857878,11296221.0,472.7698143,IT=5.8;5.8 ,ii
14342,Ref 2,10.415,101400,286837310.0,33.878097,8033921.0,825.4024715,IT=5.2;5.2 ,ii
14353,Ref 2,11.177,101776,267719380.0,33.897861,8044382.0,825.4025666,IT=5.6;5.6 ,ii
14364,Ref 2,9.281,96704,280514980.0,33.917542,6690152.0,627.6465458,IT=4.6;4.6 ,ii
14375,Ref 2,10.998,101580,261448260.0,33.936377,7389538.0,565.3152134,IT=5.5;5.5 ,ii
14386,Ref 2,10.002,102008,292662690.0,33.956586,15044051.0,565.3151236,IT=5;5 ,ii
14397,Ref 2,10.444,103748,289982850.0,33.976642,20520648.0,565.3151726,IT=5.2;5.2 ,ii
14408,Ref 2,10.024,102000,316608480.0,33.996608,23957916.0,565.3152946,IT=5;5 ,ii
14419,Ref 2,9.554,93484,291420420.0,34.016783,17493114.0,565.3151376,IT=4.8;4.8 ,ii
14430,Ref 2,9.748,101824,306947620.0,34.038004,10664773.0,565.3150945,IT=4.9;4.9 ,ii
14441,Ref 2,8.488,96132,325763490.0,34.05705,6557819.5,791.9319095,IT=4.2;4.2 ,ii
14452,Ref 2,8.861,94472,338681760.0,34.075781,9881451.0,791.931783,IT=4.4;4.4 ,ii
14463,Ref 2,7.812,90856,357449730.0,34.095797,10869033.0,791.9318728,IT=3.9;3.9 ,ii
14474,Ref 2,8.019,91544,322223740.0,34.115568,9760501.0,473.9032505,IT=4;4 ,ii
14485,Ref 2,9.039,96972,332564350.0,34.133312,9458431.0,473.903325,IT=4.5;4.5 ,ii
14496,Ref 2,7.335,88748,297725410.0,34.153524,10032198.0,509.9202329,IT=3.7;3.7 ,ii
14507,Ref 2,9.634,97264,327479300.0,34.172947,15099882.0,509.9203585,IT=4.8;4.8 ,ii
14518,Ref 2,9.915,93308,316122880.0,34.194086,15151926.0,509.9204538,IT=5;5 ,ii
14529,Ref 2,10.223,97440,315986180.0,34.213996,11734208.0,509.9204718,IT=5.1;5.1 ,ii
14540,Ref 2,11.143,102084,311377700.0,34.233819,10982576.0,854.4231458,IT=5.6;5.6 ,ii
14551,Ref 2,11.096,95536,259520620.0,34.253984,11514864.0,652.3617251,IT=5.5;5.5 ,ii
14562,Ref 2,10.066,95908,315052030.0,34.274265,29109946.0,652.3616039,IT=5;5 ,ii
14573,Ref 2,6.729,78108,364767680.0,34.293542,50368524.0,652.3612922,IT=3.4;3.4 ,ii
14584,Ref 2,5.421,71436,464902110.0,34.313612,77749568.0,652.3609279,IT=2.7;2.7 ,ii
14595,Ref 2,4.352,63700,581225150.0,34.333689,101539380.0,652.360814,IT=2.2;2.2 ,ii
14606,Ref 2,3.891,62848,653589500.0,34.353714,111120480.0,652.360631,IT=1.9;1.9 ,ii
14617,Ref 2,4.374,63504,633123900.0,34.374777,103372250.0,652.3607485,IT=2.2;2.2 ,ii
14628,Ref 2,5.008,65360,509049980.0,34.394922,74699376.0,652.3608169,IT=2.5;2.5 ,ii
14639,Ref 2,5.425,68620,448234690.0,34.412878,56179716.0,652.3611657,IT=2.7;2.7 ,ii
14650,Ref 2,6.597,72120,383847970.0,34.432762,32364542.0,652.3610891,IT=3.3;3.3 ,ii
14661,Ref 2,5.954,73100,381008450.0,34.454309,29934730.0,584.2905414,IT=3;3 ,ii
14672,Ref 2,5.911,73612,447140930.0,34.473245,29812078.0,584.2904768,IT=3;3 ,ii
14683,Ref 2,4.036,60916,466026050.0,34.49333,43306384.0,737.9230885,IT=2;2 ,ii
14694,Ref 2,4.574,65132,546080510.0,34.512915,67882304.0,737.9231368,IT=2.3;2.3 ,ii
14705,Ref 2,4.765,65412,624848320.0,34.532261,85816912.0,737.9235324,IT=2.4;2.4 ,ii
14716,Ref 2,4.006,65644,678416640.0,34.552307,82058136.0,737.9235093,IT=2;2 ,ii
14727,Ref 2,4.080,63928,672807360.0,34.5724,61257432.0,737.9232179,IT=2;2 ,ii
14738,Ref 2,3.840,60664,658899520.0,34.588956,56623636.0,536.8058349,IT=1.9;1.9 ,ii
14749,Ref 2,4.278,63256,582807870.0,34.611117,76243952.0,536.8060642,IT=2.1;2.1 ,ii
14760,Ref 2,4.593,67904,622706880.0,34.630708,93445632.0,536.8062025,IT=2.3;2.3 ,ii
14771,Ref 2,4.827,69500,517869310.0,34.650641,68764336.0,536.8063073,IT=2.4;2.4 ,ii
14782,Ref 2,5.380,70908,434227520.0,34.668973,43152148.0,536.8059735,IT=2.7;2.7 ,ii
14793,Ref 2,6.817,83640,423919650.0,34.690216,22632164.0,536.8063578,IT=3.4;3.4 ,ii
14804,Ref 2,6.312,77452,392599970.0,34.710374,11600374.0,668.8235217,IT=3.2;3.2 ,ii
14815,Ref 2,7.277,80208,398174780.0,34.730178,17175626.0,668.8234622,IT=3.6;3.6 ,ii
14826,Ref 2,6.294,77908,395863200.0,34.749235,19406912.0,668.8233461,IT=3.1;3.1 ,ii
14837,Ref 2,7.362,81292,379738430.0,34.768664,18940666.0,668.8235097,IT=3.7;3.7 ,ii
14848,Ref 2,8.712,88608,354816640.0,34.787857,13918384.0,668.8236543,IT=4.4;4.4 ,ii
14859,Ref 2,9.052,95976,323651740.0,34.806368,9141065.0,668.8237145,IT=4.5;4.5 ,ii
14870,Ref 2,9.361,96556,298198880.0,34.826503,10177211.0,599.3282955,IT=4.7;4.7 ,ii
14881,Ref 2,10.697,104352,319377700.0,34.846215,14900547.0,599.3283235,IT=5.3;5.3 ,ii
14892,Ref 2,9.267,95208,318523070.0,34.867282,18270354.0,599.3284446,IT=4.6;4.6 ,ii
14903,Ref 2,8.817,87012,321604800.0,34.887525,20278558.0,599.3283056,IT=4.4;4.4 ,ii
14914,Ref 2,9.714,93172,327914240.0,34.907175,20524808.0,599.3284348,IT=4.9;4.9 ,ii
14925,Ref 2,8.756,90440,317092930.0,34.927288,18765646.0,599.3283819,IT=4.4;4.4 ,ii
14936,Ref 2,11.051,100908,300602910.0,34.947533,15816558.0,599.3284197,IT=5.5;5.5 ,ii
14947,Ref 2,10.876,100640,297173790.0,34.966835,12174279.0,599.3284494,IT=5.4;5.4 ,ii
14958,Ref 2,9.002,91924,298974850.0,34.986441,8796726.0,599.3284397,IT=4.5;4.5 ,ii
14969,Ref 2,10.398,96532,281129920.0,35.006204,6984133.5,622.331193,IT=5.2;5.2 ,ii
14980,Ref 2,9.635,90696,267963630.0,35.025581,6545277.5,444.220636,IT=4.8;4.8 ,ii
14991,Ref 2,11.388,97640,264099810.0,35.04487,10525729.0,444.220774,IT=5.7;5.7 ,ii
15002,Ref 2,10.820,95796,257946080.0,35.063666,13432560.0,444.2207215,IT=5.4;5.4 ,ii
15013,Ref 2,12.317,98208,249855390.0,35.08328,11493162.0,444.2207037,IT=6.2;6.2 ,ii
15024,Ref 2,13.072,99832,236666800.0,35.103541,7447650.5,444.2206642,IT=6.5;6.5 ,ii
15035,Ref 2,13.811,110400,261406000.0,35.123886,5830442.0,622.8179329,IT=6.9;6.9 ,ii
15046,Ref 2,13.572,107848,261931890.0,35.144111,5322967.0,925.8177997,IT=6.8;6.8 ,ii
15057,Ref 2,12.730,108516,237952930.0,35.164403,4946146.0,925.8177688,IT=6.4;6.4 ,ii
15068,Ref 2,13.328,110524,247512830.0,35.184644,5378800.5,488.2850714,IT=6.7;6.7 ,ii
15079,Ref 2,14.598,108116,234050080.0,35.205961,7116825.5,415.255378,IT=7.3;7.3 ,ii
15090,Ref 2,11.929,99760,227575700.0,35.226171,8824342.0,415.2554761,IT=6;6 ,ii
15101,Ref 2,14.237,106428,210938500.0,35.245744,6595077.5,415.2554794,IT=7.1;7.1 ,ii
15112,Ref 2,16.240,112752,191888590.0,35.266021,3824443.0,415.2553525,IT=8.1;8.1 ,ii
15123,Ref 2,16.428,109732,177046220.0,35.288316,2331785.2,603.8192945,IT=8.2;8.2 ,ii
15134,Ref 2,16.765,110860,178430990.0,35.308725,2521242.2,378.1977954,IT=8.4;8.4 ,ii
15145,Ref 2,16.532,110052,177183230.0,35.329016,2407797.0,391.2844838,IT=8.3;8.3 ,ii
15156,Ref 2,15.313,102912,178210560.0,35.348628,2548653.8,391.2844803,IT=7.7;7.7 ,ii
15167,Ref 2,14.029,102324,178465860.0,35.370928,4647461.0,407.2023391,IT=7;7 ,ii
15170,Ref 2,18.423,111920,185019780.0,35.376628,5228632.5,407.2023671,IT=9.2;9.2 ,ii
15181,Ref 2,13.937,104992,180249060.0,35.396964,6262124.5,407.2022974,IT=7;7 ,ii
15192,Ref 2,17.468,107408,168952290.0,35.417218,5715267.5,407.2022203,IT=8.7;8.7 ,ii
15203,Ref 2,17.881,113412,175688420.0,35.437572,4779875.5,525.2803012,IT=8.9;8.9 ,ii
15214,Ref 2,14.039,104724,189478130.0,35.459815,6693583.5,525.2802145,IT=7;7 ,ii
15225,Ref 2,12.225,93800,213387740.0,35.47944,6676118.5,630.3195854,IT=6.1;6.1 ,ii
15236,Ref 2,11.177,95940,253550400.0,35.498761,12797235.0,630.3196785,IT=5.6;5.6 ,ii
15247,Ref 2,10.830,90772,286273410.0,35.518967,17584866.0,630.3194766,IT=5.4;5.4 ,ii
15258,Ref 2,8.620,81164,321534690.0,35.541179,20309782.0,630.3195426,IT=4.3;4.3 ,ii
15269,Ref 2,7.641,80060,301370460.0,35.56136,16405589.0,630.3196184,IT=3.8;3.8 ,ii
15280,Ref 2,9.771,86748,270663870.0,35.580673,10516929.0,630.3195477,IT=4.9;4.9 ,ii
15291,Ref 2,9.878,94536,283417980.0,35.599908,7311693.0,546.7883142,IT=4.9;4.9 ,ii
15302,Ref 2,11.900,93808,238046110.0,35.619558,8727238.0,598.8202701,IT=6;6 ,ii
15313,Ref 2,9.574,89736,259027760.0,35.639758,15171066.0,598.8201165,IT=4.8;4.8 ,ii
15324,Ref 2,11.982,95704,258703810.0,35.659943,17809046.0,598.8202299,IT=6;6 ,ii
15335,Ref 2,8.972,86988,278153150.0,35.679945,17756276.0,598.8198393,IT=4.5;4.5 ,ii
15346,Ref 2,10.532,95488,272311260.0,35.701103,12542927.0,598.8200927,IT=5.3;5.3 ,ii
15357,Ref 2,11.033,95016,256330160.0,35.721351,7298458.0,598.8200929,IT=5.5;5.5 ,ii
15368,Ref 2,11.507,90868,232922190.0,35.741615,5327740.5,689.8622121,IT=5.8;5.8 ,ii
15379,Ref 2,12.305,94768,245575470.0,35.761863,7783722.0,634.3348655,IT=6.2;6.2 ,ii
15390,Ref 2,12.306,99812,259591710.0,35.781619,9311722.0,634.3349176,IT=6.2;6.2 ,ii
15401,Ref 2,11.566,94864,258243600.0,35.801782,7544984.0,634.3349203,IT=5.8;5.8 ,ii
15412,Ref 2,11.875,92896,247390450.0,35.821404,5705947.5,658.8232886,IT=5.9;5.9 ,ii
15423,Ref 2,11.944,98404,255876930.0,35.841706,6795849.0,658.8230695,IT=6;6 ,ii
15434,Ref 2,11.049,91860,238829090.0,35.862883,6611967.5,702.8554048,IT=5.5;5.5 ,ii
15445,Ref 2,12.618,98676,239278380.0,35.88275,6775672.5,702.8553546,IT=6.3;6.3 ,ii
15456,Ref 2,13.701,99148,208307780.0,35.902916,4999035.5,702.8555752,IT=6.9;6.9 ,ii
15467,Ref 2,15.224,103752,208624290.0,35.923231,5491057.5,461.2743826,IT=7.6;7.6 ,ii
15478,Ref 2,12.237,100872,215100180.0,35.943497,5760866.0,613.8600045,IT=6.1;6.1 ,ii
15489,Ref 2,15.892,107044,201159410.0,35.963739,6053374.0,613.8601835,IT=7.9;7.9 ,ii
15500,Ref 2,14.401,104324,195201920.0,35.983991,4553637.0,613.8602865,IT=7.2;7.2 ,ii
15511,Ref 2,11.578,95256,189241650.0,36.00402,5269248.0,487.7711562,IT=5.8;5.8 ,ii
15522,Ref 2,13.805,99312,180740620.0,36.024964,4880700.0,487.7712864,IT=6.9;6.9 ,ii
15533,Ref 2,13.070,101300,202457760.0,36.045203,5762942.0,515.302249,IT=6.5;6.5 ,ii
15544,Ref 2,10.894,91488,204851950.0,36.06543,9922734.0,515.3016558,IT=5.4;5.4 ,ii
15555,Ref 2,10.376,92844,244875540.0,36.085403,14987994.0,515.3012293,IT=5.2;5.2 ,ii
15566,Ref 2,11.849,93504,254695070.0,36.1052,14134258.0,515.3011325,IT=5.9;5.9 ,ii
15577,Ref 2,9.354,82612,295559100.0,36.12634,24156472.0,473.2797814,IT=4.7;4.7 ,ii
15588,Ref 2,7.820,78228,355604160.0,36.145742,48043104.0,473.2799266,IT=3.9;3.9 ,ii
15599,Ref 2,6.807,75428,436448670.0,36.1659,80015416.0,473.2797875,IT=3.4;3.4 ,ii
15610,Ref 2,5.260,65000,425305410.0,36.18604,88822328.0,473.2796926,IT=2.6;2.6 ,ii
15621,Ref 2,5.415,65076,441581280.0,36.205458,93514368.0,473.2798818,IT=2.7;2.7 ,ii
15632,Ref 2,5.799,69052,424491620.0,36.225662,75936384.0,473.2798338,IT=2.9;2.9 ,ii
15643,Ref 2,5.768,75832,472873950.0,36.24571,63526480.0,473.2798567,IT=2.9;2.9 ,ii
15654,Ref 2,6.820,83876,440596000.0,36.265506,36784244.0,473.2796035,IT=3.4;3.4 ,ii
15665,Ref 2,7.009,83024,398743520.0,36.285614,25948204.0,571.3092228,IT=3.5;3.5 ,ii
15676,Ref 2,7.036,86568,407259230.0,36.305405,31255770.0,571.3091825,IT=3.5;3.5 ,ii
15687,Ref 2,8.981,93988,348397470.0,36.324859,23456422.0,571.3093309,IT=4.5;4.5 ,ii
15698,Ref 2,8.566,91520,335691650.0,36.344966,15782894.0,571.3090829,IT=4.3;4.3 ,ii
15709,Ref 2,8.069,89464,309191940.0,36.366436,8188743.0,571.3094837,IT=4;4 ,ii
15720,Ref 2,9.646,94540,302931420.0,36.385067,6477071.5,536.7699213,IT=4.8;4.8 ,ii
15731,Ref 2,10.203,96600,287040610.0,36.404171,6927989.5,677.3872718,IT=5.1;5.1 ,ii
15742,Ref 2,8.900,93596,300319490.0,36.423867,11997765.0,582.3198893,IT=4.4;4.4 ,ii
15753,Ref 2,8.286,83960,278551940.0,36.44368,17251544.0,582.3199636,IT=4.1;4.1 ,ii
15764,Ref 2,9.688,89956,291041470.0,36.463077,21382848.0,582.3197256,IT=4.8;4.8 ,ii
15775,Ref 2,8.586,85692,305061950.0,36.482919,20746422.0,582.3196546,IT=4.3;4.3 ,ii
15786,Ref 2,10.052,92192,309495970.0,36.503175,15433569.0,582.3195852,IT=5;5 ,ii
15797,Ref 2,11.697,96556,279824060.0,36.525479,8299160.0,582.3198777,IT=5.8;5.8 ,ii
15808,Ref 2,11.719,94980,263279390.0,36.545325,6182292.0,423.240115,IT=5.9;5.9 ,ii
15819,Ref 2,10.449,95004,291724220.0,36.564762,10112502.0,423.2401401,IT=5.2;5.2 ,ii
15830,Ref 2,9.037,85992,247544180.0,36.584951,7825442.5,423.2401162,IT=4.5;4.5 ,ii
15841,Ref 2,11.208,96564,271840640.0,36.605001,8379217.0,588.7993079,IT=5.6;5.6 ,ii
15852,Ref 2,11.234,92420,239850900.0,36.624928,7591543.5,588.7994585,IT=5.6;5.6 ,ii
15863,Ref 2,10.523,92056,220391790.0,36.644951,6363753.5,783.8959706,IT=5.3;5.3 ,ii
15874,Ref 2,15.007,101476,186751330.0,36.66469,4386893.0,783.8963676,IT=7.5;7.5 ,ii
15885,Ref 2,15.093,107532,168500080.0,36.684992,2624909.0,783.8962512,IT=7.5;7.5 ,ii
15888,Ref 2,18.118,113688,160142370.0,36.691684,2317898.2,391.2846442,IT=9.1;9.1 ,ii
15899,Ref 2,18.732,112880,155812860.0,36.71204,2316139.0,391.2846784,IT=9.4;9.4 ,ii
15910,Ref 2,16.482,112352,183231970.0,36.731921,3714914.0,893.4178659,IT=8.2;8.2 ,ii
15921,Ref 2,15.642,114680,220459200.0,36.752223,7107297.0,893.4180164,IT=7.8;7.8 ,ii
15932,Ref 2,13.178,104944,252549410.0,36.772521,10184906.0,893.4174473,IT=6.6;6.6 ,ii
15943,Ref 2,10.990,100992,276346430.0,36.794677,11247954.0,893.4175177,IT=5.5;5.5 ,ii
15954,Ref 2,10.498,101704,317172100.0,36.81485,11252845.0,477.3053155,IT=5.2;5.2 ,ii
15965,Ref 2,8.233,86444,318988000.0,36.834812,30699598.0,477.3053774,IT=4.1;4.1 ,ii
15976,Ref 2,5.649,75776,419440160.0,36.854891,75639896.0,477.3054603,IT=2.8;2.8 ,ii
15987,Ref 2,4.427,60128,495332930.0,36.874241,125743220.0,477.3053898,IT=2.2;2.2 ,ii
15998,Ref 2,3.350,53232,654384580.0,36.892506,195568190.0,477.3053734,IT=1.7;1.7 ,ii
16009,Ref 2,2.996,48696,754269500.0,36.911666,243588380.0,477.3052431,IT=1.5;1.5 ,ii
16020,Ref 2,2.778,46628,765430140.0,36.930712,253181500.0,477.3051389,IT=1.4;1.4 ,ii
16031,Ref 2,3.487,54344,652473020.0,36.952903,200724770.0,477.3052119,IT=1.7;1.7 ,ii
16042,Ref 2,4.533,62588,578224320.0,36.973018,152628980.0,477.3053015,IT=2.3;2.3 ,ii
16053,Ref 2,7.140,74988,412495170.0,36.992749,77812120.0,477.3054792,IT=3.6;3.6 ,ii
16064,Ref 2,6.971,76284,362019580.0,37.012565,46914548.0,477.3053349,IT=3.5;3.5 ,ii
16075,Ref 2,7.616,82436,332503740.0,37.033588,26139790.0,477.3055974,IT=3.8;3.8 ,ii
16086,Ref 2,9.401,85376,309678110.0,37.052311,20494388.0,445.7530728,IT=4.7;4.7 ,ii
16097,Ref 2,8.124,79672,340582430.0,37.072465,31618630.0,445.7531588,IT=4.1;4.1 ,ii
16108,Ref 2,6.447,75652,392214370.0,37.091533,34339164.0,445.7529971,IT=3.2;3.2 ,ii
16119,Ref 2,5.800,74464,461340380.0,37.111077,46348988.0,765.9015695,IT=2.9;2.9 ,ii
16130,Ref 2,5.747,70204,479415040.0,37.131244,59461364.0,765.9017903,IT=2.9;2.9 ,ii
16141,Ref 2,5.450,69160,470514430.0,37.151133,59020980.0,765.9015066,IT=2.7;2.7 ,ii
16152,Ref 2,5.184,69832,506383740.0,37.171091,49696796.0,765.9012115,IT=2.6;2.6 ,ii
16163,Ref 2,5.876,78588,480806820.0,37.193295,28666774.0,765.9015687,IT=2.9;2.9 ,ii
16174,Ref 2,7.426,83448,410837220.0,37.212953,20402014.0,654.6434349,IT=3.7;3.7 ,ii
16185,Ref 2,7.752,88608,337453410.0,37.23312,14740593.0,654.6432187,IT=3.9;3.9 ,ii
16196,Ref 2,11.561,106860,300554910.0,37.253357,9777663.0,654.6433688,IT=5.8;5.8 ,ii
16207,Ref 2,11.994,107636,278097250.0,37.275566,5627693.0,654.3099355,IT=6;6 ,ii
16218,Ref 2,13.462,107392,248663250.0,37.29569,4656212.0,888.9394901,IT=6.7;6.7 ,ii
16229,Ref 2,12.495,103152,249449950.0,37.315742,6864994.5,501.7957379,IT=6.2;6.2 ,ii
16240,Ref 2,10.406,89496,263793810.0,37.335986,10556021.0,501.7957165,IT=5.2;5.2 ,ii
16251,Ref 2,10.457,91336,285968800.0,37.356209,11430989.0,501.7956251,IT=5.2;5.2 ,ii
16262,Ref 2,9.016,86272,294802780.0,37.376475,10196701.0,536.2721164,IT=4.5;4.5 ,ii
16273,Ref 2,9.273,87924,313239520.0,37.396556,12571125.0,536.2722468,IT=4.6;4.6 ,ii
16284,Ref 2,8.206,84652,331490660.0,37.415721,12914553.0,544.3035894,IT=4.1;4.1 ,ii
16295,Ref 2,8.057,85328,357805630.0,37.435898,15213910.0,522.7976986,IT=4;4 ,ii
16306,Ref 2,8.400,82036,339815200.0,37.458079,18231308.0,607.3151208,IT=4.2;4.2 ,ii
16317,Ref 2,10.090,95224,315916220.0,37.47827,16799836.0,607.3151417,IT=5;5 ,ii
16328,Ref 2,10.496,92396,261899780.0,37.498018,11204322.0,607.3153648,IT=5.2;5.2 ,ii
16339,Ref 2,13.576,100740,211999630.0,37.518308,5776880.0,607.3155197,IT=6.8;6.8 ,ii
16350,Ref 2,13.853,103020,226314690.0,37.537785,5631225.5,464.2567028,IT=6.9;6.9 ,ii
16361,Ref 2,15.089,109284,222340820.0,37.558089,4438852.0,464.2568173,IT=7.5;7.5 ,ii
16372,Ref 2,13.611,100776,219680020.0,37.57813,4423067.5,418.2376065,IT=6.8;6.8 ,ii
16383,Ref 2,11.383,91264,228330770.0,37.597895,5759601.5,418.2374502,IT=5.7;5.7 ,ii
16394,Ref 2,12.103,95136,250883150.0,37.618763,6782075.5,579.8361947,IT=6.1;6.1 ,ii
16405,Ref 2,9.581,83424,242172980.0,37.638911,7509594.5,579.8358656,IT=4.8;4.8 ,ii
16416,Ref 2,10.425,92868,255447280.0,37.659161,6395781.0,579.8362063,IT=5.2;5.2 ,ii
16427,Ref 2,10.829,93384,243026300.0,37.678642,6690035.5,378.2387715,IT=5.4;5.4 ,ii
16438,Ref 2,11.537,97524,248792210.0,37.700896,6021643.0,378.2388851,IT=5.8;5.8 ,ii
16449,Ref 2,11.024,95724,255898580.0,37.721248,7813088.5,591.2979746,IT=5.5;5.5 ,ii
16460,Ref 2,9.092,91568,328796000.0,37.740802,22688468.0,495.2930037,IT=4.5;4.5 ,ii
16471,Ref 2,6.581,76936,395676380.0,37.760966,60853468.0,495.2929064,IT=3.3;3.3 ,ii
16482,Ref 2,4.864,60208,495104670.0,37.783031,124575020.0,495.292927,IT=2.4;2.4 ,ii
16493,Ref 2,4.202,50880,565730620.0,37.803129,175902690.0,495.2929812,IT=2.1;2.1 ,ii
16504,Ref 2,4.056,49220,621073470.0,37.822968,211773890.0,495.2928563,IT=2;2 ,ii
16515,Ref 2,4.006,49792,601494020.0,37.842654,205093650.0,495.2927453,IT=2;2 ,ii
16526,Ref 2,5.219,58492,521739900.0,37.862783,159391820.0,495.2928666,IT=2.6;2.6 ,ii
16537,Ref 2,6.705,68508,369544450.0,37.882545,88191984.0,495.2931673,IT=3.4;3.4 ,ii
16548,Ref 2,9.710,84848,306889980.0,37.902774,50748184.0,495.2932979,IT=4.9;4.9 ,ii
16559,Ref 2,10.805,86068,238274140.0,37.92297,25197110.0,495.293113,IT=5.4;5.4 ,ii
16570,Ref 2,13.134,99872,241418110.0,37.945257,17627994.0,495.2932845,IT=6.6;6.6 ,ii
16581,Ref 2,12.128,99792,230321170.0,37.965557,13337318.0,495.2932675,IT=6.1;6.1 ,ii
16592,Ref 2,12.540,101996,237142420.0,37.985563,11470817.0,495.2934406,IT=6.3;6.3 ,ii
16603,Ref 2,11.389,92888,229101150.0,38.005421,10189091.0,495.2936672,IT=5.7;5.7 ,ii
16614,Ref 2,13.715,100452,212229380.0,38.024571,8754222.0,495.2939239,IT=6.9;6.9 ,ii
16625,Ref 2,13.007,95548,221838260.0,38.044792,8280779.0,495.2940801,IT=6.5;6.5 ,ii
16636,Ref 2,12.344,97876,228445820.0,38.065119,8531104.0,495.2943508,IT=6.2;6.2 ,ii
16647,Ref 2,13.865,101636,218204260.0,38.085396,7554089.0,495.2942449,IT=6.9;6.9 ,ii
16658,Ref 2,10.740,91680,224774980.0,38.10561,9145935.0,577.7907605,IT=5.4;5.4 ,ii
16669,Ref 2,13.045,93744,224548130.0,38.126489,18804580.0,577.7908762,IT=6.5;6.5 ,ii
16680,Ref 2,10.240,85908,263925660.0,38.14607,31642984.0,577.7909895,IT=5.1;5.1 ,ii
16691,Ref 2,11.362,91948,284332990.0,38.166339,35792456.0,577.7912139,IT=5.7;5.7 ,ii
16702,Ref 2,8.644,80304,293833920.0,38.186493,31719658.0,577.7907824,IT=4.3;4.3 ,ii
16713,Ref 2,9.283,84248,314581120.0,38.206634,22881420.0,577.7903814,IT=4.6;4.6 ,ii
16724,Ref 2,9.302,83860,310684740.0,38.226809,24447656.0,572.8148676,IT=4.7;4.7 ,ii
16735,Ref 2,7.939,80812,337730980.0,38.247057,26607060.0,572.8148473,IT=4;4 ,ii
16746,Ref 2,8.093,79288,311049500.0,38.266932,20188588.0,572.8146802,IT=4;4 ,ii
16757,Ref 2,9.751,88040,285902020.0,38.288211,12353959.0,560.2720619,IT=4.9;4.9 ,ii
16768,Ref 2,12.265,96132,253438590.0,38.308513,8710632.0,560.2721458,IT=6.1;6.1 ,ii
16779,Ref 2,13.592,98148,230979250.0,38.328879,4256445.0,560.2721631,IT=6.8;6.8 ,ii
16790,Ref 2,12.771,98348,228024880.0,38.348633,3901298.5,658.8758602,IT=6.4;6.4 ,ii
16801,Ref 2,12.367,97684,223556880.0,38.368956,4245793.0,783.3625192,IT=6.2;6.2 ,ii
16812,Ref 2,11.665,95296,241726340.0,38.389154,7243786.5,783.3624997,IT=5.8;5.8 ,ii
16823,Ref 2,11.176,92948,251840860.0,38.409419,9021688.0,783.362556,IT=5.6;5.6 ,ii
16834,Ref 2,9.831,84744,230689180.0,38.429187,8256185.5,783.3620939,IT=4.9;4.9 ,ii
16845,Ref 2,10.376,91936,271571520.0,38.450308,8523307.0,538.3116498,IT=5.2;5.2 ,ii
16856,Ref 2,10.826,92216,251666580.0,38.470045,7266137.5,538.3117187,IT=5.4;5.4 ,ii
16867,Ref 2,9.868,90008,250785090.0,38.489953,5500830.5,538.3118012,IT=4.9;4.9 ,ii
16878,Ref 2,13.215,97036,236831580.0,38.509009,5232215.0,743.3819166,IT=6.6;6.6 ,ii
16889,Ref 2,10.317,87944,250327380.0,38.530295,10893072.0,621.8571151,IT=5.2;5.2 ,ii
16900,Ref 2,7.355,75416,318093410.0,38.550515,24353202.0,621.8569829,IT=3.7;3.7 ,ii
16911,Ref 2,8.244,78424,364702340.0,38.570328,35932852.0,621.8570431,IT=4.1;4.1 ,ii
16922,Ref 2,6.251,69440,394594980.0,38.589823,41323216.0,621.8569579,IT=3.1;3.1 ,ii
16933,Ref 2,6.607,70180,406730980.0,38.610061,35466144.0,621.8569727,IT=3.3;3.3 ,ii
16944,Ref 2,6.271,69720,378137310.0,38.629438,23809674.0,465.2947624,IT=3.1;3.1 ,ii
16955,Ref 2,6.675,74200,413215040.0,38.648388,25028338.0,492.7852314,IT=3.3;3.3 ,ii
16966,Ref 2,6.147,69124,369896510.0,38.668571,33957892.0,492.7851849,IT=3.1;3.1 ,ii
16977,Ref 2,6.455,70844,411082340.0,38.688794,48579604.0,492.7853178,IT=3.2;3.2 ,ii
16988,Ref 2,6.786,68832,379254820.0,38.710942,49864624.0,492.7855434,IT=3.4;3.4 ,ii
16999,Ref 2,6.477,70248,368714910.0,38.730271,46019480.0,492.7854179,IT=3.2;3.2 ,ii
17010,Ref 2,8.758,81352,306345790.0,38.750504,28091586.0,492.785573,IT=4.4;4.4 ,ii
17021,Ref 2,10.344,88492,275489760.0,38.77032,17056368.0,492.7855282,IT=5.2;5.2 ,ii
17032,Ref 2,10.463,88072,270242880.0,38.792537,12593325.0,493.3076894,IT=5.2;5.2 ,ii
17043,Ref 2,12.056,95724,242755520.0,38.811564,9265319.0,493.3082458,IT=6;6 ,ii
17054,Ref 2,12.758,96140,224053170.0,38.831449,5359263.0,493.3076656,IT=6.4;6.4 ,ii
17065,Ref 2,13.589,98016,224003680.0,38.851757,5500625.5,504.2823263,IT=6.8;6.8 ,ii
17076,Ref 2,11.945,95316,221417780.0,38.871886,7667143.5,504.2821655,IT=6;6 ,ii
17087,Ref 2,12.725,100116,239722050.0,38.892159,10329927.0,735.8842702,IT=6.4;6.4 ,ii
17098,Ref 2,13.746,99008,216986030.0,38.91209,9352605.0,735.8840704,IT=6.9;6.9 ,ii
17109,Ref 2,13.029,99840,219119090.0,38.932382,11538932.0,466.7766089,IT=6.5;6.5 ,ii
17120,Ref 2,12.598,100896,203282210.0,38.954677,10914503.0,466.776805,IT=6.3;6.3 ,ii
17131,Ref 2,14.170,98228,170989780.0,38.975019,8051815.0,466.7769818,IT=7.1;7.1 ,ii
17142,Ref 2,13.631,96780,171429280.0,38.9952,5762650.0,466.7770695,IT=6.8;6.8 ,ii
17153,Ref 2,16.402,106028,179232590.0,39.015516,5121464.5,467.2645997,IT=8.2;8.2 ,ii
17164,Ref 2,15.001,100392,182410880.0,39.036733,8303615.0,467.2653744,IT=7.5;7.5 ,ii
17175,Ref 2,11.339,92320,221152480.0,39.056762,12644477.0,467.2654228,IT=5.7;5.7 ,ii
17186,Ref 2,11.171,90848,252269650.0,39.076995,17372092.0,467.2655071,IT=5.6;5.6 ,ii
17197,Ref 2,10.047,85252,266765940.0,39.097235,20751178.0,467.2653844,IT=5;5 ,ii
17208,Ref 2,9.617,82204,248245740.0,39.119387,19421488.0,467.2654132,IT=4.8;4.8 ,ii
17219,Ref 2,10.654,89108,247631090.0,39.139672,19321204.0,467.2656187,IT=5.3;5.3 ,ii
17230,Ref 2,11.507,92848,248199650.0,39.159513,15759696.0,467.265649,IT=5.8;5.8 ,ii
17241,Ref 2,12.622,92936,234571820.0,39.179793,10766850.0,467.2656474,IT=6.3;6.3 ,ii
17252,Ref 2,11.941,90132,230653390.0,39.200063,9183054.0,544.8222047,IT=6;6 ,ii
17263,Ref 2,9.874,83760,233689380.0,39.219932,6156782.0,544.8220072,IT=4.9;4.9 ,ii
17274,Ref 2,10.714,89460,255864700.0,39.239471,10863120.0,624.3486315,IT=5.4;5.4 ,ii
17285,Ref 2,9.915,85768,271850340.0,39.259773,17256574.0,624.3485267,IT=5;5 ,ii
17296,Ref 2,10.395,82860,273550720.0,39.281906,19655232.0,624.3486423,IT=5.2;5.2 ,ii
17307,Ref 2,10.191,87632,286298850.0,39.302119,16188486.0,624.3485333,IT=5.1;5.1 ,ii
17318,Ref 2,9.640,84808,290440990.0,39.322364,9909783.0,624.3484784,IT=4.8;4.8 ,ii
17329,Ref 2,11.446,87972,297599490.0,39.342052,18221392.0,533.325165,IT=5.7;5.7 ,ii
17340,Ref 2,9.356,79868,290145120.0,39.361545,24853148.0,533.3251948,IT=4.7;4.7 ,ii
17351,Ref 2,9.904,81616,255743360.0,39.381789,25871610.0,533.3251597,IT=5;5 ,ii
17354,Ref 2,10.465,82328,248854740.0,39.387347,24876816.0,533.3252022,IT=5.2;5.2 ,ii
17364,Ref 2,11.068,82676,234938320.0,39.405774,23926792.0,533.3253684,IT=5.5;5.5 ,ii
17375,Ref 2,10.834,85556,223518750.0,39.424876,18337020.0,533.3252368,IT=5.4;5.4 ,ii
17385,Ref 2,16.174,95104,202226240.0,39.44437,12697862.0,367.7264038,IT=8.1;8.1 ,ii
17388,Ref 2,13.031,94680,220173010.0,39.449974,15299712.0,367.7262891,IT=6.5;6.5 ,ii
17399,Ref 2,11.517,89156,239453580.0,39.470232,19911446.0,367.7263432,IT=5.8;5.8 ,ii
17410,Ref 2,11.897,89544,245447020.0,39.490434,15797207.0,703.8631725,IT=5.9;5.9 ,ii
17421,Ref 2,9.798,84912,266825120.0,39.510749,15942743.0,703.8629089,IT=4.9;4.9 ,ii
17432,Ref 2,8.897,75032,245685330.0,39.530461,11488389.0,703.8628845,IT=4.4;4.4 ,ii
17443,Ref 2,8.999,78200,280240350.0,39.550728,10237546.0,710.378592,IT=4.5;4.5 ,ii
17454,Ref 2,8.440,73072,269664960.0,39.570436,11420196.0,710.3785252,IT=4.2;4.2 ,ii
17465,Ref 2,7.756,75872,342552000.0,39.590144,12067126.0,710.3783635,IT=3.9;3.9 ,ii
17476,Ref 2,8.951,78176,321510820.0,39.611115,20313332.0,894.4684643,IT=4.5;4.5 ,ii
17487,Ref 2,8.938,76876,327391490.0,39.631183,26992994.0,894.4684512,IT=4.5;4.5 ,ii
17498,Ref 2,8.043,76316,318635140.0,39.651089,28557774.0,894.4685858,IT=4;4 ,ii
17509,Ref 2,10.299,79184,276836510.0,39.670266,22265792.0,894.4685961,IT=5.1;5.1 ,ii
17520,Ref 2,9.464,82904,305533280.0,39.691635,17627876.0,594.8280489,IT=4.7;4.7 ,ii
17531,Ref 2,8.460,75896,291110620.0,39.710674,21520570.0,594.8278346,IT=4.2;4.2 ,ii
17542,Ref 2,9.864,82076,279632380.0,39.730951,21776464.0,594.8278585,IT=4.9;4.9 ,ii
17553,Ref 2,11.460,86792,264445120.0,39.751078,17319574.0,594.8281892,IT=5.7;5.7 ,ii
17564,Ref 2,11.778,86016,221964820.0,39.77133,9757019.0,594.8279824,IT=5.9;5.9 ,ii
17575,Ref 2,13.236,94336,219565710.0,39.791663,5270161.5,594.8277807,IT=6.6;6.6 ,ii
17586,Ref 2,13.440,96188,212832850.0,39.811945,4689089.0,489.2693,IT=6.7;6.7 ,ii
17597,Ref 2,12.448,91756,203885810.0,39.832223,5562849.5,748.3871472,IT=6.2;6.2 ,ii
17608,Ref 2,13.750,91264,199094160.0,39.852638,5379133.5,748.3869995,IT=6.9;6.9 ,ii
17619,Ref 2,13.806,93304,190704030.0,39.874915,5496889.5,408.7529298,IT=6.9;6.9 ,ii
17630,Ref 2,14.351,92044,190639170.0,39.895048,6237754.0,408.752975,IT=7.2;7.2 ,ii
17641,Ref 2,14.259,99660,192260580.0,39.915394,4883809.0,408.7529771,IT=7.1;7.1 ,ii
17652,Ref 2,14.966,97356,196300880.0,39.9357,4103891.2,408.7529002,IT=7.5;7.5 ,ii
17663,Ref 2,17.792,104088,166765660.0,39.958069,2634092.0,758.3880543,IT=8.9;8.9 ,ii
17674,Ref 2,18.141,101256,150147580.0,39.97856,2535862.2,391.2846769,IT=9.1;9.1 ,ii
17685,Ref 2,19.392,107220,140346190.0,39.998995,2343818.2,391.2846196,IT=9.7;9.7 ,ii
17696,Ref 2,18.341,106044,155076050.0,40.019239,2440220.0,391.2846264,IT=9.2;9.2 ,ii
17707,Ref 2,17.089,98812,148422480.0,40.039601,3469654.2,675.3723396,IT=8.5;8.5 ,ii
17718,Ref 2,16.649,101764,164166450.0,40.059914,5874357.5,675.3723532,IT=8.3;8.3 ,ii
17729,Ref 2,14.858,95956,168863150.0,40.079741,7367837.5,675.3723079,IT=7.4;7.4 ,ii
17740,Ref 2,14.987,94764,163970240.0,40.100051,7300278.0,675.3720748,IT=7.5;7.5 ,ii
17751,Ref 2,13.596,90896,186314450.0,40.121917,12858753.0,460.7585542,IT=6.8;6.8 ,ii
17762,Ref 2,12.422,87056,202841410.0,40.142251,18356650.0,460.7584087,IT=6.2;6.2 ,ii
17773,Ref 2,13.761,91940,203398530.0,40.162561,19447630.0,460.7585654,IT=6.9;6.9 ,ii
17784,Ref 2,14.159,92124,182865330.0,40.182909,14381879.0,460.7583532,IT=7.1;7.1 ,ii
17795,Ref 2,14.570,94620,190096990.0,40.204523,10740690.0,460.7583484,IT=7.3;7.3 ,ii
17806,Ref 2,14.164,94312,200084780.0,40.224575,9076247.0,476.8135747,IT=7.1;7.1 ,ii
17817,Ref 2,12.737,86276,191315170.0,40.244848,7140967.0,476.8135071,IT=6.4;6.4 ,ii
17828,Ref 2,11.525,90720,233702290.0,40.265037,8806809.0,543.2795973,IT=5.8;5.8 ,ii
17839,Ref 2,12.051,86832,235265570.0,40.287327,10208915.0,541.2884461,IT=6;6 ,ii
17850,Ref 2,10.696,84484,235271580.0,40.306379,9640776.0,541.2883218,IT=5.3;5.3 ,ii
17861,Ref 2,9.857,78496,228887740.0,40.326597,8448290.0,913.4984471,IT=4.9;4.9 ,ii
17872,Ref 2,9.510,78080,260792940.0,40.346726,10459299.0,912.9970184,IT=4.8;4.8 ,ii
17875,Ref 2,10.416,82156,257530420.0,40.352249,10352457.0,913.4981605,IT=5.2;5.2 ,ii
17886,Ref 2,8.354,76852,288006750.0,40.372534,21821024.0,635.3278981,IT=4.2;4.2 ,ii
17897,Ref 2,8.795,76984,324360900.0,40.392757,36437324.0,635.328208,IT=4.4;4.4 ,ii
17908,Ref 2,7.818,71236,312364540.0,40.41303,43228756.0,635.3281511,IT=3.9;3.9 ,ii
17919,Ref 2,7.902,69880,294580580.0,40.432872,40770184.0,635.3281125,IT=4;4 ,ii
17930,Ref 2,9.332,72860,266480190.0,40.455122,30496330.0,635.3282638,IT=4.7;4.7 ,ii
17941,Ref 2,10.059,76316,222667180.0,40.475259,17869820.0,635.3282603,IT=5;5 ,ii
17952,Ref 2,13.370,86360,200083420.0,40.495442,9381331.0,635.3284755,IT=6.7;6.7 ,ii
17963,Ref 2,12.274,85052,200485380.0,40.515681,5692775.0,594.8322792,IT=6.1;6.1 ,ii
17971,Ref 2,13.778,86400,194208400.0,40.530456,6154650.0,594.8322922,IT=6.9;6.9 ,ii
17981,Ref 2,13.045,83452,182348450.0,40.548485,6556798.5,851.4105395,IT=6.5;6.5 ,ii
17988,Ref 2,13.227,83680,184936370.0,40.561421,7637635.0,851.4106322,IT=6.6;6.6 ,ii
17994,Ref 2,13.662,87508,181783140.0,40.572521,7025955.5,851.9120121,IT=6.8;6.8 ,ii
18003,Ref 2,15.349,90508,174171010.0,40.588868,6442456.0,851.410526,IT=7.7;7.7 ,ii
18011,Ref 2,15.738,94484,167863470.0,40.604781,4696194.0,851.4105686,IT=7.9;7.9 ,ii
18019,Ref 2,17.250,93760,156758450.0,40.619616,3223128.2,851.4108413,IT=8.6;8.6 ,ii
18030,Ref 2,16.292,90040,146355220.0,40.63982,2986577.8,589.8197769,IT=8.1;8.1 ,ii
18040,Ref 2,17.404,88460,143736620.0,40.658356,7283589.5,589.819944,IT=8.7;8.7 ,ii
18051,Ref 2,14.813,87568,179747890.0,40.678707,19199892.0,589.8196908,IT=7.4;7.4 ,ii
18062,Ref 2,12.432,75856,202344930.0,40.700941,34790668.0,589.8198366,IT=6.2;6.2 ,ii
18071,Ref 2,10.234,74132,243049380.0,40.717503,52573964.0,589.8198378,IT=5.1;5.1 ,ii
18082,Ref 2,9.058,69404,231605780.0,40.737676,51448892.0,589.8198188,IT=4.5;4.5 ,ii
18093,Ref 2,11.660,76724,229356300.0,40.757963,47768256.0,589.8195459,IT=5.8;5.8 ,ii
18104,Ref 2,11.187,80964,242801040.0,40.778286,40518684.0,589.8196549,IT=5.6;5.6 ,ii
18115,Ref 2,13.554,87928,214093410.0,40.798473,24652468.0,589.8196618,IT=6.8;6.8 ,ii
18125,Ref 2,12.568,81912,187459170.0,40.8169,13281003.0,589.8194211,IT=6.3;6.3 ,ii
18136,Ref 2,14.959,82236,181395090.0,40.83719,10516171.0,536.2815011,IT=7.5;7.5 ,ii
18147,Ref 2,12.700,80448,201303790.0,40.859571,12781873.0,684.8784995,IT=6.3;6.3 ,ii
18158,Ref 2,10.546,76672,224135810.0,40.879904,13086935.0,684.8785931,IT=5.3;5.3 ,ii
18169,Ref 2,9.614,70248,245358190.0,40.899627,19845810.0,757.3974081,IT=4.8;4.8 ,ii
18180,Ref 2,7.457,67984,285941570.0,40.91932,30743236.0,757.3972666,IT=3.7;3.7 ,ii
18191,Ref 2,7.181,68092,298702820.0,40.941441,33021322.0,757.3975766,IT=3.6;3.6 ,ii
18202,Ref 2,8.219,68496,252025680.0,40.961722,23841096.0,757.397537,IT=4.1;4.1 ,ii
18213,Ref 2,10.872,79676,234654270.0,40.982005,15996611.0,757.3975856,IT=5.4;5.4 ,ii
18224,Ref 2,10.635,77836,201421950.0,41.002274,7925855.0,757.3975017,IT=5.3;5.3 ,ii
18235,Ref 2,14.858,90876,186404910.0,41.021774,4524614.5,823.4445612,IT=7.4;7.4 ,ii
18246,Ref 2,13.502,86604,182902340.0,41.042086,10939896.0,714.3467132,IT=6.8;6.8 ,ii
18257,Ref 2,11.619,87196,210098580.0,41.062347,23179772.0,714.346505,IT=5.8;5.8 ,ii
18260,Ref 2,11.848,81828,221087330.0,41.067938,28765184.0,714.346421,IT=5.9;5.9 ,ii
18271,Ref 2,8.692,74648,260912160.0,41.088101,44080080.0,714.3461046,IT=4.3;4.3 ,ii
18282,Ref 2,7.924,68256,300090370.0,41.110213,61073500.0,714.3459907,IT=4;4 ,ii
18293,Ref 2,7.211,65536,307785470.0,41.129881,65260672.0,714.3459755,IT=3.6;3.6 ,ii
18304,Ref 2,7.690,72608,352007490.0,41.149086,65633252.0,714.3459184,IT=3.8;3.8 ,ii
18315,Ref 2,7.789,72640,336083870.0,41.169319,50995164.0,714.3459831,IT=3.9;3.9 ,ii
18326,Ref 2,8.569,72684,304115710.0,41.189552,38537916.0,714.3461842,IT=4.3;4.3 ,ii
18337,Ref 2,9.237,74396,277154340.0,41.209816,29655448.0,714.3462061,IT=4.6;4.6 ,ii
18348,Ref 2,12.309,81108,234766370.0,41.229195,20794822.0,714.3464182,IT=6.2;6.2 ,ii
18359,Ref 2,13.276,85944,199764180.0,41.249479,15492954.0,714.3464926,IT=6.6;6.6 ,ii
18370,Ref 2,15.958,94596,177917360.0,41.269774,11592270.0,714.3466317,IT=8;8 ,ii
18381,Ref 2,16.537,95572,166400000.0,41.290666,9482662.0,714.346716,IT=8.3;8.3 ,ii
18390,Ref 2,14.691,91956,180942670.0,41.307312,8132450.0,714.3466734,IT=7.3;7.3 ,ii
18401,Ref 2,17.496,94004,167852210.0,41.327759,6353762.5,714.3467134,IT=8.7;8.7 ,ii
18412,Ref 2,13.316,91680,201383970.0,41.348082,6530491.5,714.3466108,IT=6.7;6.7 ,ii
18423,Ref 2,12.916,90412,203378400.0,41.368336,5453629.5,627.3833283,IT=6.5;6.5 ,ii
18434,Ref 2,12.193,90028,196304060.0,41.388588,6001654.0,627.3831954,IT=6.1;6.1 ,ii
18445,Ref 2,13.299,91604,199720940.0,41.408671,5824461.0,627.3832688,IT=6.6;6.6 ,ii
18456,Ref 2,12.080,86824,196531090.0,41.428196,4489184.0,586.3269103,IT=6;6 ,ii
18467,Ref 2,13.714,93816,216236100.0,41.449625,4807043.5,729.3684154,IT=6.9;6.9 ,ii
18478,Ref 2,12.130,88400,235993540.0,41.468719,5133618.0,729.368492,IT=6.1;6.1 ,ii
18489,Ref 2,12.160,89452,256851280.0,41.487998,10552998.0,818.9502054,IT=6.1;6.1 ,ii
18500,Ref 2,11.507,86328,274690210.0,41.508258,16803330.0,818.9501868,IT=5.8;5.8 ,ii
18511,Ref 2,10.744,83392,292886110.0,41.528504,22236426.0,818.9502283,IT=5.4;5.4 ,ii
18522,Ref 2,8.956,82188,315573540.0,41.548695,22859270.0,818.9499676,IT=4.5;4.5 ,ii
18533,Ref 2,7.703,68520,280567170.0,41.568922,17461326.0,818.9497691,IT=3.9;3.9 ,ii
18544,Ref 2,8.021,70740,320242430.0,41.589156,13127004.0,830.4516179,IT=4;4 ,ii
18555,Ref 2,7.263,72400,338113020.0,41.610464,20535716.0,830.4516866,IT=3.6;3.6 ,ii
18566,Ref 2,8.070,68440,322888990.0,41.630601,22063716.0,830.4518865,IT=4;4 ,ii
18577,Ref 2,7.549,69676,316311620.0,41.65083,17963126.0,830.4521953,IT=3.8;3.8 ,ii
18588,Ref 2,8.915,77408,282198020.0,41.670984,21383876.0,528.2743804,IT=4.5;4.5 ,ii
18599,Ref 2,8.893,75252,251259970.0,41.693142,22496538.0,528.2746443,IT=4.4;4.4 ,ii
18610,Ref 2,9.813,76304,217286980.0,41.713371,15781598.0,528.2747358,IT=4.9;4.9 ,ii
18621,Ref 2,12.289,85016,187634780.0,41.73335,10551079.0,799.8774581,IT=6.1;6.1 ,ii
18632,Ref 2,14.668,92216,190206660.0,41.753632,7825017.5,799.8775744,IT=7.3;7.3 ,ii
18643,Ref 2,14.773,86248,179216850.0,41.773977,8689538.0,699.3994493,IT=7.4;7.4 ,ii
18654,Ref 2,15.692,91640,168214210.0,41.794327,10546063.0,699.3994433,IT=7.8;7.8 ,ii
18665,Ref 2,16.434,94972,161712940.0,41.81466,9752302.0,699.399485,IT=8.2;8.2 ,ii
18668,Ref 2,15.953,91944,160592180.0,41.82031,8953768.0,699.3993017,IT=8;8 ,ii
18679,Ref 2,15.918,94684,163255200.0,41.840566,6413202.0,699.3991352,IT=8;8 ,ii
18690,Ref 2,15.370,89792,161425440.0,41.862887,4017474.5,675.3579573,IT=7.7;7.7 ,ii
18701,Ref 2,15.956,92576,178539980.0,41.883229,6616928.0,675.3576679,IT=8;8 ,ii
18712,Ref 2,13.366,85184,185605600.0,41.903553,7169809.0,675.3577749,IT=6.7;6.7 ,ii
18723,Ref 2,13.179,82848,179332080.0,41.923847,5746592.5,675.3575632,IT=6.6;6.6 ,ii
18734,Ref 2,15.776,93880,179544740.0,41.945868,4870179.5,681.3548914,IT=7.9;7.9 ,ii
18745,Ref 2,16.059,92200,166274220.0,41.966226,5037437.0,681.3544799,IT=8;8 ,ii
18756,Ref 2,16.086,90980,152658860.0,41.98657,4356414.0,681.3539622,IT=8;8 ,ii
18766,Ref 2,18.145,92336,141613980.0,42.005124,3568823.5,681.3530049,IT=9.1;9.1 ,ii
18771,Ref 2,18.623,90648,130711160.0,42.016473,3066996.2,681.3523893,IT=9.3;9.3 ,ii
18780,Ref 2,18.102,95024,136389010.0,42.033221,2502512.5,391.2844968,IT=9.1;9.1 ,ii
18791,Ref 2,23.351,104732,121150270.0,42.053684,3236520.2,501.7777739,IT=12;12 ,ii
18802,Ref 2,21.607,100532,128497360.0,42.074215,4589572.0,501.7777085,IT=11;11 ,ii
18812,Ref 2,18.666,98936,145594640.0,42.092808,4664615.0,501.7773312,IT=9.3;9.3 ,ii
18823,Ref 2,15.275,91224,169942460.0,42.114669,4257868.0,501.7773058,IT=7.6;7.6 ,ii
18834,Ref 2,14.596,90708,187594820.0,42.134396,7055219.5,801.4148398,IT=7.3;7.3 ,ii
18845,Ref 2,13.193,90140,210977420.0,42.154637,9525194.0,648.8806267,IT=6.6;6.6 ,ii
18856,Ref 2,16.950,93472,195417860.0,42.174941,9576135.0,648.8807089,IT=8.5;8.5 ,ii
18867,Ref 2,16.040,93636,179016350.0,42.197318,7808922.5,648.8807458,IT=8;8 ,ii
18878,Ref 2,16.643,93460,160343010.0,42.217556,4395499.0,648.8808949,IT=8.3;8.3 ,ii
18889,Ref 2,17.889,93392,136539220.0,42.237947,3505894.0,658.3042091,IT=8.9;8.9 ,ii
18900,Ref 2,18.639,100052,147666590.0,42.25843,3839330.2,870.9798815,IT=9.3;9.3 ,ii
18911,Ref 2,15.028,91672,143644780.0,42.278736,4086998.8,870.9800833,IT=7.5;7.5 ,ii
18922,Ref 2,19.198,99608,142697940.0,42.299161,3939989.2,521.7590749,IT=9.6;9.6 ,ii
18933,Ref 2,17.620,94796,141437250.0,42.319536,4697809.5,521.7590611,IT=8.8;8.8 ,ii
18944,Ref 2,19.676,98212,135568420.0,42.339061,5352224.0,609.824479,IT=9.8;9.8 ,ii
18955,Ref 2,15.555,86208,136767680.0,42.361348,5569304.5,609.8245333,IT=7.8;7.8 ,ii
18966,Ref 2,16.146,86976,142975580.0,42.381734,4112005.0,609.8246005,IT=8.1;8.1 ,ii
18977,Ref 2,15.875,90660,152032400.0,42.402029,3270259.2,737.3945269,IT=7.9;7.9 ,ii
18988,Ref 2,14.108,85148,165868480.0,42.422115,3992300.5,877.8980919,IT=7.1;7.1 ,ii
18999,Ref 2,10.777,77968,206477950.0,42.44434,7594006.0,635.3284023,IT=5.4;5.4 ,ii
19010,Ref 2,10.464,79912,262070190.0,42.463971,12718313.0,635.3282699,IT=5.2;5.2 ,ii
19021,Ref 2,8.595,68888,256423150.0,42.48416,12991168.0,635.3280969,IT=4.3;4.3 ,ii
19032,Ref 2,8.862,72356,281702180.0,42.504391,16583227.0,600.341312,IT=4.4;4.4 ,ii
19043,Ref 2,9.126,72712,268860640.0,42.524639,16653448.0,600.3413327,IT=4.6;4.6 ,ii
19054,Ref 2,11.286,79836,210354380.0,42.54488,9473905.0,600.3414337,IT=5.6;5.6 ,ii
19063,Ref 2,12.131,81484,200264050.0,42.561491,6593319.5,628.846695,IT=6.1;6.1 ,ii
19073,Ref 2,13.085,81568,171502860.0,42.579982,8978663.0,628.8466431,IT=6.5;6.5 ,ii
19081,Ref 2,12.785,83600,192696910.0,42.594776,11367687.0,628.8466167,IT=6.4;6.4 ,ii
19089,Ref 2,14.444,83596,175315150.0,42.611536,11012767.0,628.8466943,IT=7.2;7.2 ,ii
19100,Ref 2,15.575,89288,157854480.0,42.63143,8411692.0,628.8466416,IT=7.8;7.8 ,ii
19103,Ref 2,15.974,92040,157495460.0,42.637078,7981914.5,628.8467033,IT=8;8 ,ii
19114,Ref 2,19.560,96288,130724590.0,42.657492,4641348.0,628.8468499,IT=9.8;9.8 ,ii
19125,Ref 2,18.972,97912,126431350.0,42.67788,2590527.8,628.8468036,IT=9.5;9.5 ,ii
19136,Ref 2,22.689,100236,110302750.0,42.69835,2283282.0,391.2846166,IT=11;11 ,ii
19142,Ref 2,22.615,104236,115745760.0,42.709583,2326996.2,391.2845642,IT=11;11 ,ii
19150,Ref 2,24.207,104048,111081430.0,42.724561,2381306.0,391.2845859,IT=12;12 ,ii
19160,Ref 2,22.830,107880,119036140.0,42.743231,2560217.8,391.2845827,IT=11;11 ,ii
19171,Ref 2,22.516,105280,115631790.0,42.763677,2835953.2,391.2845179,IT=11;11 ,ii
19182,Ref 2,24.864,107184,116709400.0,42.785237,2328140.5,391.2846372,IT=12;12 ,ii
19191,Ref 2,23.470,97780,106644380.0,42.802043,2510450.2,608.8442655,IT=12;12 ,ii
19197,Ref 2,24.303,95012,106853010.0,42.813401,2899675.0,608.8443248,IT=12;12 ,ii
19203,Ref 2,22.205,100204,117831180.0,42.824679,3479604.0,608.8439763,IT=11;11 ,ii
19204,Ref 2,29.401,106796,105450030.0,42.828883,3195945.5,608.8443117,IT=15;15 ,ii
19215,Ref 2,25.646,102196,119117010.0,42.84947,5568046.5,895.9511348,IT=13;13 ,ii
19217,Ref 2,21.053,94468,123351630.0,42.855366,6945834.5,895.9509878,IT=11;11 ,ii
19228,Ref 2,17.391,88696,149502420.0,42.875649,12230730.0,895.9511053,IT=8.7;8.7 ,ii
19239,Ref 2,13.044,80208,187330800.0,42.89597,20592388.0,895.9511015,IT=6.5;6.5 ,ii
19250,Ref 2,12.202,73224,213816240.0,42.916261,29172312.0,895.9508162,IT=6.1;6.1 ,ii
19261,Ref 2,10.143,70848,240354430.0,42.936521,35073728.0,895.9503889,IT=5.1;5.1 ,ii
19268,Ref 2,10.859,72224,243852220.0,42.951428,35053268.0,895.9509244,IT=5.4;5.4 ,ii
19274,Ref 2,10.200,68940,236486580.0,42.962528,34097740.0,895.9507847,IT=5.1;5.1 ,ii
19285,Ref 2,10.778,71724,221676930.0,42.98284,28098044.0,895.9507276,IT=5.4;5.4 ,ii
19288,Ref 2,11.869,76860,212116290.0,42.988417,25053034.0,895.9508093,IT=5.9;5.9 ,ii
19299,Ref 2,12.457,78916,193730500.0,43.008696,16381037.0,895.9505008,IT=6.2;6.2 ,ii
19310,Ref 2,13.528,86368,187050690.0,43.031042,8994566.0,454.2557523,IT=6.8;6.8 ,ii
19313,Ref 2,13.592,83084,179368220.0,43.036635,8318846.0,454.255788,IT=6.8;6.8 ,ii
19324,Ref 2,13.869,79972,164622320.0,43.056967,8052487.0,454.255861,IT=6.9;6.9 ,ii
19335,Ref 2,14.244,80156,158161280.0,43.077302,6228353.5,454.255812,IT=7.1;7.1 ,ii
19345,Ref 2,14.326,85420,162070610.0,43.095779,5103073.5,454.255678,IT=7.2;7.2 ,ii
19356,Ref 2,14.877,83776,164849260.0,43.116145,4738614.5,424.2681755,IT=7.4;7.4 ,ii
19359,Ref 2,13.812,82844,171269550.0,43.12175,4863942.0,640.6970786,IT=6.9;6.9 ,ii
19370,Ref 2,12.333,84244,182536140.0,43.142026,6123474.5,640.6969372,IT=6.2;6.2 ,ii
19381,Ref 2,13.583,83648,188113740.0,43.161772,6701194.0,640.6969675,IT=6.8;6.8 ,ii
19392,Ref 2,10.766,77832,217713650.0,43.18203,7119333.5,640.3626426,IT=5.4;5.4 ,ii
19403,Ref 2,10.342,74620,203195360.0,43.204276,8490951.0,658.9013042,IT=5.2;5.2 ,ii
19414,Ref 2,11.063,75380,217447410.0,43.224597,8685186.0,658.9011227,IT=5.5;5.5 ,ii
19425,Ref 2,11.056,78300,217359520.0,43.244757,7807085.0,634.8831425,IT=5.5;5.5 ,ii
19436,Ref 2,12.852,81120,198259490.0,43.265028,6839921.5,467.2742334,IT=6.4;6.4 ,ii
19447,Ref 2,13.866,83312,197231730.0,43.285367,7765546.0,467.2742111,IT=6.9;6.9 ,ii
19458,Ref 2,13.322,83412,173887580.0,43.305348,10290446.0,890.4427381,IT=6.7;6.7 ,ii
19468,Ref 2,15.273,85752,165838050.0,43.323863,12184859.0,890.4431171,IT=7.6;7.6 ,ii
19473,Ref 2,15.588,87984,169072450.0,43.333215,12283137.0,890.4431555,IT=7.8;7.8 ,ii
19483,Ref 2,16.635,93396,164037700.0,43.351754,10940834.0,890.4429384,IT=8.3;8.3 ,ii
19494,Ref 2,15.614,86288,160242340.0,43.373069,7030686.0,890.4432657,IT=7.8;7.8 ,ii
19496,Ref 2,17.481,88832,165651310.0,43.376906,6096369.0,890.4428343,IT=8.7;8.7 ,ii
19507,Ref 2,14.307,82588,187143860.0,43.397268,5901332.0,981.4681595,IT=7.2;7.2 ,ii
19518,Ref 2,13.585,83380,203488540.0,43.417533,9727045.0,981.4681062,IT=6.8;6.8 ,ii
19529,Ref 2,11.917,77296,204662830.0,43.437741,11610296.0,981.4679824,IT=6;6 ,ii
19539,Ref 2,13.664,76860,184159490.0,43.456151,9770968.0,981.4682545,IT=6.8;6.8 ,ii
19550,Ref 2,14.346,79596,171312400.0,43.476497,6536485.0,980.9668136,IT=7.2;7.2 ,ii
19552,Ref 2,13.038,74024,158262160.0,43.480247,5447398.0,980.9670928,IT=6.5;6.5 ,ii
19557,Ref 2,15.099,77796,145982800.0,43.489541,4691209.5,466.2847018,IT=7.5;7.5 ,ii
19564,Ref 2,14.902,81884,157023090.0,43.502539,6957029.5,466.2846308,IT=7.5;7.5 ,ii
19574,Ref 2,13.938,78844,154029440.0,43.52213,7247542.0,466.2846835,IT=7;7 ,ii
19585,Ref 2,13.639,79092,155900960.0,43.542495,7843452.0,466.2846394,IT=6.8;6.8 ,ii
19588,Ref 2,15.183,77028,150903650.0,43.548147,6966611.5,466.2846559,IT=7.6;7.6 ,ii
19599,Ref 2,13.770,77280,157612800.0,43.568476,9443303.0,713.3676327,IT=6.9;6.9 ,ii
19610,Ref 2,12.464,73500,179146820.0,43.588834,16846038.0,713.3675422,IT=6.2;6.2 ,ii
19613,Ref 2,10.848,73200,195528860.0,43.594398,19324040.0,713.3677256,IT=5.4;5.4 ,ii
19624,Ref 2,10.555,71492,220352180.0,43.614596,26013226.0,713.3677448,IT=5.3;5.3 ,ii
19626,Ref 2,10.571,70480,223762430.0,43.618325,27074314.0,713.3676134,IT=5.3;5.3 ,ii
19637,Ref 2,10.260,71224,225683340.0,43.638632,28784074.0,713.3676604,IT=5.1;5.1 ,ii
19640,Ref 2,10.911,68160,205617550.0,43.644209,26073728.0,713.3677241,IT=5.5;5.5 ,ii
19651,Ref 2,9.784,62396,201972560.0,43.664429,24815420.0,713.3677713,IT=4.9;4.9 ,ii
19653,Ref 2,10.671,71256,215587490.0,43.668156,25345810.0,713.3678221,IT=5.3;5.3 ,ii
19661,Ref 2,13.387,75576,170784690.0,43.682942,17444696.0,713.3677868,IT=6.7;6.7 ,ii
19671,Ref 2,13.321,78576,158279600.0,43.702364,11892080.0,713.3679566,IT=6.7;6.7 ,ii
19678,Ref 2,18.054,90532,146484110.0,43.715371,8121690.0,713.3682199,IT=9;9 ,ii
19684,Ref 2,15.535,85000,141567710.0,43.726531,7852144.0,727.4235617,IT=7.8;7.8 ,ii
19695,Ref 2,22.691,98104,124367110.0,43.74661,7341700.0,727.4240015,IT=11;11 ,ii
19698,Ref 2,18.043,87652,124045970.0,43.752287,6777106.5,727.4237158,IT=9;9 ,ii
19708,Ref 2,22.121,91784,110517100.0,43.770941,4412132.0,727.4240114,IT=11;11 ,ii
19718,Ref 2,19.549,90352,115194430.0,43.789489,3078591.0,610.3388906,IT=9.8;9.8 ,ii
19728,Ref 2,19.226,84380,110058500.0,43.808147,4379895.0,610.3387881,IT=9.6;9.6 ,ii
19735,Ref 2,18.058,85544,127059620.0,43.821214,6019240.0,610.3387372,IT=9;9 ,ii
19738,Ref 2,18.009,84056,133633260.0,43.826878,6603149.0,610.3386668,IT=9;9 ,ii
19745,Ref 2,16.293,81420,130119010.0,43.839878,6316726.5,610.3383677,IT=8.1;8.1 ,ii
19751,Ref 2,17.692,87056,139578400.0,43.852001,8914540.0,543.3038105,IT=8.8;8.8 ,ii
19761,Ref 2,17.050,83460,150040180.0,43.870357,11991339.0,543.3037884,IT=8.5;8.5 ,ii
19772,Ref 2,14.511,76944,147075840.0,43.89069,11858347.0,543.3038314,IT=7.3;7.3 ,ii
19783,Ref 2,16.893,82916,156163620.0,43.911153,10544175.0,543.3038448,IT=8.4;8.4 ,ii
19786,Ref 2,15.359,83416,164785940.0,43.916802,10438389.0,543.3035851,IT=7.7;7.7 ,ii
19797,Ref 2,15.774,86836,165490320.0,43.937054,6844036.5,543.3036169,IT=7.9;7.9 ,ii
19808,Ref 2,18.684,88708,160573680.0,43.959427,5105695.0,811.9339436,IT=9.3;9.3 ,ii
19819,Ref 2,15.992,83568,156367390.0,43.979806,6611527.5,811.9334991,IT=8;8 ,ii
19821,Ref 2,18.235,89232,161717040.0,43.983656,6831476.0,811.9334935,IT=9.1;9.1 ,ii
19832,Ref 2,16.908,85468,148147340.0,44.004096,6311192.0,811.9334763,IT=8.5;8.5 ,ii
19843,Ref 2,15.723,84216,129659060.0,44.024433,5003954.5,811.9335075,IT=7.9;7.9 ,ii
19845,Ref 2,18.785,91812,131869230.0,44.028294,4587711.5,811.9335047,IT=9.4;9.4 ,ii
19855,Ref 2,22.307,96720,120786250.0,44.046829,4415371.0,808.8968448,IT=11;11 ,ii
19866,Ref 2,20.029,86380,109415330.0,44.067258,3216009.5,809.3957439,IT=10;10 ,ii
19868,Ref 2,20.963,92732,112976660.0,44.071183,3367495.5,808.4234207,IT=10;10 ,ii
19878,Ref 2,19.152,89268,123654180.0,44.089805,6149091.5,808.4230982,IT=9.6;9.6 ,ii
19887,Ref 2,17.646,86616,127191860.0,44.107414,8621700.0,808.4230319,IT=8.8;8.8 ,ii
19896,Ref 2,15.268,80692,124412270.0,44.12412,8743501.0,808.4228808,IT=7.6;7.6 ,ii
19907,Ref 2,15.809,81292,141167650.0,44.144449,10609214.0,637.8673302,IT=7.9;7.9 ,ii
19913,Ref 2,15.593,81552,148293950.0,44.155582,14156675.0,637.8675826,IT=7.8;7.8 ,ii
19919,Ref 2,16.397,83608,149400900.0,44.166772,16704936.0,637.867508,IT=8.2;8.2 ,ii
19927,Ref 2,15.417,76848,149859900.0,44.181544,19194152.0,637.8675751,IT=7.7;7.7 ,ii
19937,Ref 2,17.051,80300,144905860.0,44.202076,18319116.0,637.8677436,IT=8.5;8.5 ,ii
19948,Ref 2,16.927,85508,144209570.0,44.222469,15072012.0,637.8674997,IT=8.5;8.5 ,ii
19958,Ref 2,16.004,85028,145729470.0,44.241011,10568807.0,637.8674138,IT=8;8 ,ii
19969,Ref 2,17.875,87688,145630930.0,44.261381,6378491.0,637.8674898,IT=8.9;8.9 ,ii
19980,Ref 2,15.983,82132,158935140.0,44.281811,9039803.0,421.2553212,IT=8;8 ,ii
19991,Ref 2,16.612,80324,166868990.0,44.302254,12371167.0,421.2553167,IT=8.3;8.3 ,ii
20002,Ref 2,14.427,76860,168843490.0,44.321785,14108051.0,421.255234,IT=7.2;7.2 ,ii
20008,Ref 2,16.930,80820,163970100.0,44.332971,11918766.0,421.2552467,IT=8.5;8.5 ,ii
20013,Ref 2,15.607,84644,179541010.0,44.3423,16522529.0,421.2552182,IT=7.8;7.8 ,ii
20014,Ref 2,17.300,81644,158652500.0,44.346377,13523862.0,421.2553331,IT=8.7;8.7 ,ii
20021,Ref 2,19.291,84748,132792880.0,44.359433,7425589.5,421.2552897,IT=9.6;9.6 ,ii
20027,Ref 2,20.402,87280,125324100.0,44.370558,6554144.5,421.2553137,IT=10;10 ,ii
20032,Ref 2,22.746,93964,123432650.0,44.379972,5979741.0,421.2553204,IT=11;11 ,ii
20038,Ref 2,24.263,92496,102508620.0,44.391304,3106091.8,421.2553056,IT=12;12 ,ii
20039,Ref 2,24.627,96828,105513680.0,44.395239,2850038.0,421.2553178,IT=12;12 ,ii
20045,Ref 2,25.604,96872,100535100.0,44.406576,2529039.0,391.2842952,IT=13;13 ,ii
20046,Ref 2,21.887,92844,101244860.0,44.410451,2572479.2,391.2844558,IT=11;11 ,ii
20050,Ref 2,26.674,97772,97599040.0,44.418168,2568226.5,391.2843839,IT=13;13 ,ii
20051,Ref 2,26.343,97816,98320384.0,44.422114,2486802.0,882.4062565,IT=13;13 ,ii
20054,Ref 2,26.781,101088,101969500.0,44.427926,2657853.8,882.4062742,IT=13;13 ,ii
20055,Ref 2,25.589,93836,95051952.0,44.431845,2556930.0,882.4064339,IT=13;13 ,ii
20058,Ref 2,24.254,96892,99002688.0,44.437647,2559285.2,882.907531,IT=12;12 ,ii
20062,Ref 2,25.459,96316,103350420.0,44.445264,2590410.5,882.9074078,IT=13;13 ,ii
20063,Ref 2,25.614,95884,102155820.0,44.449366,2512156.8,391.2844932,IT=13;13 ,ii
20067,Ref 2,23.512,97908,111867030.0,44.45697,2583629.0,391.2844298,IT=12;12 ,ii
20072,Ref 2,24.363,93648,101896540.0,44.466411,2635530.5,959.5226615,IT=12;12 ,ii
20078,Ref 2,22.803,91696,110167980.0,44.47774,3703265.8,707.8999748,IT=11;11 ,ii
20084,Ref 2,19.950,87388,108819030.0,44.489005,4569099.0,707.899934,IT=10;10 ,ii
20094,Ref 2,17.320,87160,121831800.0,44.507453,6614750.5,707.8998393,IT=8.7;8.7 ,ii
20101,Ref 2,19.695,86676,116359080.0,44.521476,6622659.5,707.899945,IT=9.8;9.8 ,ii
20111,Ref 2,22.765,96060,114622630.0,44.540142,5714866.0,707.9000544,IT=11;11 ,ii
20119,Ref 2,21.203,92536,115808030.0,44.554802,4394885.5,707.8999132,IT=11;11 ,ii
20128,Ref 2,19.731,87248,112503350.0,44.571459,3937917.5,440.7687829,IT=9.9;9.9 ,ii
20131,Ref 2,19.927,90348,115929300.0,44.577169,4845508.0,440.7687088,IT=10;10 ,ii
20141,Ref 2,20.106,93504,123231710.0,44.595725,4900499.0,440.7685433,IT=10;10 ,ii
20144,Ref 2,18.950,88524,113677760.0,44.603415,3982975.5,440.7685977,IT=9.5;9.5 ,ii
20155,Ref 2,18.658,91048,122970550.0,44.623858,3388272.0,440.7685214,IT=9.3;9.3 ,ii
20166,Ref 2,20.726,91828,110242280.0,44.644316,2597272.2,597.3169447,IT=10;10 ,ii
20171,Ref 2,22.873,95284,109310220.0,44.653745,2538619.8,597.3166697,IT=11;11 ,ii
20176,Ref 2,22.741,99472,111820760.0,44.663148,2637427.8,391.2844039,IT=11;11 ,ii
20183,Ref 2,21.121,94416,113476140.0,44.676266,2642051.8,391.2843567,IT=11;11 ,ii
20192,Ref 2,20.061,88416,118010510.0,44.694958,8289844.0,655.8561045,IT=10;10 ,ii
20203,Ref 2,13.475,73256,161134340.0,44.715333,24997594.0,655.8561372,IT=6.7;6.7 ,ii
20206,Ref 2,12.270,71644,178904830.0,44.720935,31954164.0,655.8561856,IT=6.1;6.1 ,ii
20217,Ref 2,8.035,58312,262542750.0,44.741128,63457668.0,655.8558496,IT=4;4 ,ii
20228,Ref 2,5.720,46436,327902180.0,44.761336,92167200.0,655.8554399,IT=2.9;2.9 ,ii
20236,Ref 2,5.357,45544,353993980.0,44.777793,102448180.0,655.8554309,IT=2.7;2.7 ,ii
20247,Ref 2,5.967,46420,332223740.0,44.798036,92485232.0,655.855623,IT=3;3 ,ii
20250,Ref 2,6.320,50900,333385440.0,44.803522,89933824.0,655.8556072,IT=3.2;3.2 ,ii
20258,Ref 2,7.636,52804,285189760.0,44.818238,70576192.0,655.8554852,IT=3.8;3.8 ,ii
20266,Ref 2,9.707,64256,270931870.0,44.832944,59019700.0,655.8557203,IT=4.9;4.9 ,ii
20277,Ref 2,14.186,74388,187650960.0,44.853252,31494692.0,655.8559635,IT=7.1;7.1 ,ii
20280,Ref 2,14.291,74492,174517790.0,44.86088,27363168.0,655.8559049,IT=7.1;7.1 ,ii
20287,Ref 2,17.062,82196,152467070.0,44.873867,19515412.0,655.8559275,IT=8.5;8.5 ,ii
20295,Ref 2,17.875,83216,139865170.0,44.888694,15486594.0,655.855975,IT=8.9;8.9 ,ii
20302,Ref 2,18.904,83320,128102940.0,44.901754,12002731.0,655.8559586,IT=9.5;9.5 ,ii
20311,Ref 2,18.290,85736,137195150.0,44.918488,11379063.0,655.8558117,IT=9.1;9.1 ,ii
20322,Ref 2,18.100,84268,131405430.0,44.938858,8392992.0,655.8557999,IT=9;9 ,ii
20328,Ref 2,16.428,78076,133618890.0,44.950035,7762387.0,655.8558829,IT=8.2;8.2 ,ii
20334,Ref 2,17.487,79556,136548690.0,44.961223,6756105.5,655.8556988,IT=8.7;8.7 ,ii
20342,Ref 2,16.146,76312,144813500.0,44.976118,9783539.0,499.7472601,IT=8.1;8.1 ,ii
20353,Ref 2,13.986,74032,174965200.0,44.996495,22022252.0,499.7472627,IT=7;7 ,ii
20356,Ref 2,12.291,71780,182038930.0,45.002089,25973800.0,499.7472843,IT=6.1;6.1 ,ii
20367,Ref 2,10.704,63684,199891310.0,45.022356,37503264.0,499.747168,IT=5.4;5.4 ,ii
20373,Ref 2,10.585,61556,221126660.0,45.035418,47801132.0,499.747067,IT=5.3;5.3 ,ii
20379,Ref 2,8.099,54484,225249470.0,45.048597,51671796.0,499.747297,IT=4;4 ,ii
20387,Ref 2,9.273,59732,209241950.0,45.063299,45277612.0,499.7472686,IT=4.6;4.6 ,ii
20393,Ref 2,9.146,60696,213198110.0,45.074341,47118748.0,499.7472104,IT=4.6;4.6 ,ii
20399,Ref 2,11.988,63980,159060240.0,45.087641,28046464.0,499.7472551,IT=6;6 ,ii
20405,Ref 2,14.233,72908,155686060.0,45.098768,23972232.0,499.7472934,IT=7.1;7.1 ,ii
20412,Ref 2,16.631,79452,155041550.0,45.111738,18547030.0,499.7472135,IT=8.3;8.3 ,ii
20418,Ref 2,16.726,78580,128321720.0,45.122915,11342395.0,499.7471504,IT=8.4;8.4 ,ii
20419,Ref 2,18.954,81532,136448770.0,45.127013,12458952.0,499.747339,IT=9.5;9.5 ,ii
20425,Ref 2,20.101,83720,119538820.0,45.138255,7542491.0,499.7473389,IT=10;10 ,ii
20430,Ref 2,19.944,85372,114936480.0,45.147657,6033854.0,499.7473123,IT=10;10 ,ii
20436,Ref 2,22.130,90620,113130690.0,45.158984,4744588.0,430.7189048,IT=11;11 ,ii
20437,Ref 2,26.849,95232,108868370.0,45.162973,4352040.5,430.7191251,IT=13;13 ,ii
20442,Ref 2,20.154,86468,113340080.0,45.172396,4482893.0,430.7189035,IT=10;10 ,ii
20447,Ref 2,23.166,94696,114089330.0,45.182321,4176911.2,430.7189208,IT=12;12 ,ii
20448,Ref 2,22.318,86596,100013350.0,45.1864,3051369.0,430.7190604,IT=11;11 ,ii
20455,Ref 2,25.588,93412,105698830.0,45.199571,2842106.0,430.719055,IT=13;13 ,ii
20461,Ref 2,24.111,91296,99950480.0,45.210858,2180411.5,391.2843734,IT=12;12 ,ii
20465,Ref 2,23.154,92504,106659250.0,45.218486,2597289.8,391.2843319,IT=12;12 ,ii
20466,Ref 2,24.824,93228,101232550.0,45.222598,2393329.2,391.2844683,IT=12;12 ,ii
20470,Ref 2,20.645,85748,108300510.0,45.230165,2722752.0,848.921285,IT=10;10 ,ii
20476,Ref 2,21.074,84296,106044420.0,45.241381,3123093.0,848.9210538,IT=11;11 ,ii
20482,Ref 2,21.939,91640,110041850.0,45.252633,3661841.5,848.9213863,IT=11;11 ,ii
20486,Ref 2,21.860,90180,107733310.0,45.262223,3675988.8,848.9213164,IT=11;11 ,ii
20487,Ref 2,23.813,92532,108922340.0,45.266333,3546257.2,848.9216171,IT=12;12 ,ii
20491,Ref 2,18.847,81280,109884470.0,45.273858,3659455.5,848.9212983,IT=9.4;9.4 ,ii
20496,Ref 2,21.699,88444,109622420.0,45.283304,3516228.0,848.9213871,IT=11;11 ,ii
20502,Ref 2,20.376,82912,110252430.0,45.294531,3323424.5,709.8686346,IT=10;10 ,ii
20508,Ref 2,17.832,80196,110769900.0,45.305756,4718236.5,709.8682342,IT=8.9;8.9 ,ii
20509,Ref 2,22.056,87644,109313240.0,45.309885,4869458.5,709.8683779,IT=11;11 ,ii
20514,Ref 2,19.266,82272,112907620.0,45.319281,6456090.0,709.8685289,IT=9.6;9.6 ,ii
20517,Ref 2,19.531,80184,104173050.0,45.325002,6557830.0,709.8682987,IT=9.8;9.8 ,ii
20518,Ref 2,20.547,85744,116369420.0,45.329087,7745575.5,709.8684883,IT=10;10 ,ii
20521,Ref 2,17.372,78316,112769580.0,45.334756,7828658.0,709.8684113,IT=8.7;8.7 ,ii
20527,Ref 2,19.280,78504,115640340.0,45.345987,8394866.0,709.8683112,IT=9.6;9.6 ,ii
20528,Ref 2,18.976,81052,116432480.0,45.350045,8386541.5,709.8684298,IT=9.5;9.5 ,ii
20535,Ref 2,22.347,82212,101386600.0,45.363228,6857644.5,709.8685258,IT=11;11 ,ii
20542,Ref 2,23.502,84928,100819630.0,45.376376,5785926.0,709.868476,IT=12;12 ,ii
20547,Ref 2,21.330,82332,99164752.0,45.385772,4464907.5,709.8687684,IT=11;11 ,ii
20552,Ref 2,24.399,91012,103602370.0,45.395236,3834986.2,508.3008433,IT=12;12 ,ii
20553,Ref 2,26.412,90912,99017200.0,45.399368,3998248.0,508.3010697,IT=13;13 ,ii
20557,Ref 2,26.741,89828,98527784.0,45.407063,4103404.5,508.3010318,IT=13;13 ,ii
20558,Ref 2,24.379,85168,97135504.0,45.411132,4239457.5,508.301078,IT=12;12 ,ii
20562,Ref 2,24.794,87548,97114664.0,45.418747,4148145.0,508.3008801,IT=12;12 ,ii
20563,Ref 2,26.672,88924,95149440.0,45.422876,3690951.0,508.3009552,IT=13;13 ,ii
20566,Ref 2,29.021,91112,94316328.0,45.430742,3644583.0,508.3010277,IT=15;15 ,ii
20572,Ref 2,27.042,89636,93749136.0,45.442067,3674955.2,1004.952408,IT=14;14 ,ii
20573,Ref 2,28.650,89944,91289080.0,45.446036,3885273.5,1004.952919,IT=14;14 ,ii
20577,Ref 2,27.624,92132,90068320.0,45.453721,4164669.2,1004.952819,IT=14;14 ,ii
20580,Ref 2,29.598,91032,88792776.0,45.459934,4164435.0,1004.95237,IT=15;15 ,ii
20581,Ref 2,35.134,89948,79655712.0,45.46415,4011436.5,1004.952858,IT=18;18 ,ii
20584,Ref 2,27.889,94640,93252112.0,45.469978,4269392.5,1004.952503,IT=14;14 ,ii
20585,Ref 2,30.796,91472,82092664.0,45.474144,4037659.8,1004.952803,IT=15;15 ,ii
20589,Ref 2,29.711,95456,85633280.0,45.48183,3854984.8,1004.952403,IT=15;15 ,ii
20590,Ref 2,30.649,95788,86575448.0,45.485967,3660480.5,1004.952579,IT=15;15 ,ii
20596,Ref 2,30.481,93812,86398264.0,45.49738,3246480.8,1004.952317,IT=15;15 ,ii
20597,Ref 2,28.290,89428,83945424.0,45.501477,3130256.5,1004.952518,IT=14;14 ,ii
20603,Ref 2,28.074,94248,90808088.0,45.512881,3261915.5,697.3784053,IT=14;14 ,ii
20604,Ref 2,25.052,87968,85662464.0,45.516944,3132611.8,697.3784832,IT=13;13 ,ii
20607,Ref 2,24.276,88684,95477944.0,45.522713,3960865.2,697.3784695,IT=12;12 ,ii
20612,Ref 2,21.604,84196,94010712.0,45.53215,4223716.0,697.3783829,IT=11;11 ,ii
20615,Ref 2,22.934,87108,100833430.0,45.538265,5074092.5,697.3783329,IT=11;11 ,ii
20616,Ref 2,20.513,78884,101570990.0,45.542308,4959625.5,697.3783874,IT=10;10 ,ii
20620,Ref 2,21.065,87952,112352480.0,45.549867,6001719.5,697.3785058,IT=11;11 ,ii
20626,Ref 2,18.035,76728,110802330.0,45.5611,5977527.5,697.3782061,IT=9;9 ,ii
20627,Ref 2,21.624,81520,104949550.0,45.565233,5252375.5,697.3782631,IT=11;11 ,ii
20630,Ref 2,16.811,75348,111698640.0,45.570879,5563081.0,697.3783057,IT=8.4;8.4 ,ii
20635,Ref 2,19.388,79964,115186660.0,45.580289,5742047.5,697.3782526,IT=9.7;9.7 ,ii
20640,Ref 2,17.306,79320,115546060.0,45.589627,5284454.0,697.3781244,IT=8.7;8.7 ,ii
20646,Ref 2,20.123,82336,105023170.0,45.602848,3951237.5,697.378215,IT=10;10 ,ii
20652,Ref 2,16.646,77240,112932330.0,45.613981,3647257.5,697.3781246,IT=8.3;8.3 ,ii
20653,Ref 2,20.812,85904,112845150.0,45.618114,3213507.5,697.3781065,IT=10;10 ,ii
20657,Ref 2,18.045,78796,111210100.0,45.625637,2974095.0,599.3518337,IT=9;9 ,ii
20658,Ref 2,20.468,78636,102060380.0,45.629741,3280478.0,599.3520233,IT=10;10 ,ii
20661,Ref 2,19.207,79068,108643050.0,45.635441,3894811.2,599.3519005,IT=9.6;9.6 ,ii
20664,Ref 2,20.871,79224,104793600.0,45.641183,4449416.5,599.3520916,IT=10;10 ,ii
20668,Ref 2,18.877,79424,117064470.0,45.648703,5616439.5,599.3518147,IT=9.4;9.4 ,ii
20669,Ref 2,21.106,83872,126805150.0,45.652643,7062304.0,599.3519736,IT=11;11 ,ii
20674,Ref 2,15.959,71784,135710820.0,45.661955,9333126.0,659.8671209,IT=8;8 ,ii
20679,Ref 2,15.874,68280,128072630.0,45.671291,11466657.0,659.867255,IT=7.9;7.9 ,ii
20685,Ref 2,14.080,64680,141517260.0,45.682453,15827609.0,659.8673433,IT=7;7 ,ii
20691,Ref 2,13.463,64008,150412580.0,45.693541,20043354.0,659.8669726,IT=6.7;6.7 ,ii
20692,Ref 2,13.475,64900,149666220.0,45.697574,20777586.0,659.8670478,IT=6.7;6.7 ,ii
20697,Ref 2,13.496,64292,152391420.0,45.70687,22666540.0,659.8670846,IT=6.7;6.7 ,ii
20703,Ref 2,15.185,69588,147296740.0,45.718045,22457724.0,659.8670698,IT=7.6;7.6 ,ii
20704,Ref 2,12.777,64472,147167470.0,45.721878,22832178.0,659.8672735,IT=6.4;6.4 ,ii
20710,Ref 2,15.417,73028,142189220.0,45.733042,21344180.0,659.8671708,IT=7.7;7.7 ,ii
20711,Ref 2,14.473,69288,137244800.0,45.737072,19513662.0,659.8672743,IT=7.2;7.2 ,ii
20717,Ref 2,17.103,75360,126328370.0,45.74824,16001171.0,659.8673644,IT=8.6;8.6 ,ii
20721,Ref 2,19.709,75172,111511790.0,45.755792,12525726.0,659.8671891,IT=9.9;9.9 ,ii
20725,Ref 2,19.924,80092,114210130.0,45.765342,10141319.0,659.8673575,IT=10;10 ,ii
20732,Ref 2,22.248,82088,114661820.0,45.778467,6928976.5,659.8673183,IT=11;11 ,ii
20737,Ref 2,21.785,82056,106905190.0,45.787903,5623975.0,884.9734062,IT=11;11 ,ii
20741,Ref 2,21.619,82996,111242910.0,45.7958,5878496.0,884.973526,IT=11;11 ,ii
20748,Ref 2,22.379,87936,113050540.0,45.808929,5557820.0,884.9736104,IT=11;11 ,ii
20755,Ref 2,22.407,86056,107553390.0,45.822017,5463460.0,884.9736075,IT=11;11 ,ii
20760,Ref 2,21.314,83304,107232820.0,45.831425,4852733.0,884.9734163,IT=11;11 ,ii
20765,Ref 2,22.941,86972,95311040.0,45.840898,3963594.2,884.9734506,IT=11;11 ,ii
20766,Ref 2,25.792,90484,97162088.0,45.845029,3793682.5,884.9734813,IT=13;13 ,ii
20769,Ref 2,24.439,90488,98440712.0,45.85081,3433578.8,884.9732368,IT=12;12 ,ii
20770,Ref 2,29.133,92732,86314016.0,45.854977,2985685.0,884.9734782,IT=15;15 ,ii
20774,Ref 2,26.708,91180,87079344.0,45.862635,2692956.8,884.9734132,IT=13;13 ,ii
20779,Ref 2,31.665,99948,80422672.0,45.872554,2317076.8,391.2842538,IT=16;16 ,ii
20780,Ref 2,30.377,95396,78656384.0,45.876666,2373129.2,391.2843472,IT=15;15 ,ii
20783,Ref 2,36.965,101332,67888960.0,45.882939,1608113.1,391.2843694,IT=18;18 ,ii
20784,Ref 2,31.424,92512,68976128.0,45.887008,2308475.2,391.2844501,IT=16;16 ,ii
20789,Ref 2,39.170,98968,57638860.0,45.897027,1579086.4,391.2843776,IT=20;20 ,ii
20790,Ref 2,36.940,103984,62373828.0,45.901158,1846829.4,391.2845138,IT=18;18 ,ii
20793,Ref 2,38.297,105244,57094232.0,45.907183,1745411.2,391.2845434,IT=19;19 ,ii
20797,Ref 2,41.514,105596,52536952.0,45.915089,1159976.6,391.2845519,IT=21;21 ,ii
20798,Ref 2,42.076,98200,50509300.0,45.91927,1325323.1,391.2846709,IT=21;21 ,ii
20803,Ref 2,42.001,104048,52507552.0,45.929039,1235039.9,391.2845489,IT=21;21 ,ii
20804,Ref 2,46.444,101248,46146708.0,45.933583,753246.56,391.2846428,IT=23;23 ,ii
20807,Ref 2,41.162,102652,51727560.0,45.939664,1456928.9,391.284639,IT=21;21 ,ii
20813,Ref 2,36.943,99148,58628524.0,45.951191,2016774.5,391.2845167,IT=18;18 ,ii
20814,Ref 2,34.446,98244,60964348.0,45.95531,2070316.1,391.2845367,IT=17;17 ,ii
20819,Ref 2,31.289,94796,66938768.0,45.964903,2455072.0,391.2844983,IT=16;16 ,ii
20824,Ref 2,33.799,97508,66468972.0,45.974564,2226932.2,391.2844341,IT=17;17 ,ii
20825,Ref 2,30.584,93992,68799112.0,45.978474,2304244.8,391.284521,IT=15;15 ,ii
20829,Ref 2,34.152,99964,69274024.0,45.986312,2221360.0,391.2845682,IT=17;17 ,ii
20834,Ref 2,33.959,98456,71392856.0,45.995918,2166859.0,391.2844165,IT=17;17 ,ii
20835,Ref 2,28.197,94852,76995200.0,45.999786,2600765.5,391.2844881,IT=14;14 ,ii
20845,Ref 2,28.376,93736,81216584.0,46.018551,2482797.2,601.8070802,IT=14;14 ,ii
20852,Ref 2,30.090,95412,82901416.0,46.033707,2434456.0,601.8072919,IT=15;15 ,ii
20860,Ref 2,27.086,95680,95345760.0,46.048759,2455355.0,391.2843244,IT=14;14 ,ii
20866,Ref 2,22.536,87944,104043420.0,46.060005,2955030.0,413.2760843,IT=11;11 ,ii
20873,Ref 2,22.806,82392,103655860.0,46.073109,4001540.2,413.276022,IT=11;11 ,ii
20879,Ref 2,24.999,88000,112761620.0,46.084478,5212204.0,413.2759796,IT=12;12 ,ii
20886,Ref 2,21.178,84148,131344930.0,46.097938,8272973.0,413.2757615,IT=11;11 ,ii
20892,Ref 2,18.472,74988,130434000.0,46.111159,8180016.5,413.2757144,IT=9.2;9.2 ,ii
20897,Ref 2,19.907,82484,146329280.0,46.120517,10822519.0,413.2757163,IT=10;10 ,ii
20901,Ref 2,16.833,72036,142816190.0,46.12805,10167751.0,413.2756312,IT=8.4;8.4 ,ii
20902,Ref 2,12.881,65176,140898140.0,46.132034,10220439.0,413.2757214,IT=6.4;6.4 ,ii
20905,Ref 2,17.930,71648,139387550.0,46.138002,9104923.0,803.0320829,IT=9;9 ,ii
20906,Ref 2,17.005,71256,141645040.0,46.142044,9214683.0,803.0322519,IT=8.5;8.5 ,ii
20909,Ref 2,19.059,75192,146051390.0,46.147746,10272741.0,803.0323646,IT=9.5;9.5 ,ii
20914,Ref 2,16.479,73452,150604620.0,46.157065,9969671.0,803.0320421,IT=8.2;8.2 ,ii
20920,Ref 2,18.041,79616,146298430.0,46.168302,9179356.0,803.0322144,IT=9;9 ,ii
20921,Ref 2,19.234,75688,135180880.0,46.172379,8509371.0,803.0321962,IT=9.6;9.6 ,ii
20926,Ref 2,17.789,77256,128770250.0,46.181721,7756684.5,803.032275,IT=8.9;8.9 ,ii
20932,Ref 2,16.217,75216,131312980.0,46.192925,7490445.5,803.0321397,IT=8.1;8.1 ,ii
20934,Ref 2,14.895,65344,108001130.0,46.196985,6371699.0,803.0321453,IT=7.4;7.4 ,ii
20935,Ref 2,13.533,67704,126847260.0,46.201004,6898296.0,803.0322558,IT=6.8;6.8 ,ii
20941,Ref 2,17.319,80268,123946150.0,46.212237,5855477.5,730.9041488,IT=8.7;8.7 ,ii
20942,Ref 2,14.398,69596,116540420.0,46.216248,5592309.0,730.9040663,IT=7.2;7.2 ,ii
20948,Ref 2,17.228,77968,112900660.0,46.22742,4646225.0,730.9042804,IT=8.6;8.6 ,ii
20949,Ref 2,17.266,77268,112458650.0,46.231481,4329319.5,651.3484954,IT=8.6;8.6 ,ii
20960,Ref 2,20.060,83528,100292580.0,46.251885,4194875.5,651.3484489,IT=10;10 ,ii
20963,Ref 2,19.762,83784,105278130.0,46.257599,4562397.5,651.3483289,IT=9.9;9.9 ,ii
20970,Ref 2,24.097,91384,96540000.0,46.272706,3537596.8,651.3486266,IT=12;12 ,ii
20976,Ref 2,19.691,79248,82972608.0,46.283899,2206986.0,391.2842314,IT=9.8;9.8 ,ii
20982,Ref 2,21.457,84148,80796488.0,46.295162,2182330.2,391.2841739,IT=11;11 ,ii
20983,Ref 2,24.670,95916,87442232.0,46.299116,2349412.0,391.2842495,IT=12;12 ,ii
20989,Ref 2,25.360,91252,82408720.0,46.310428,2418563.0,391.2842753,IT=13;13 ,ii
20990,Ref 2,28.339,95324,82847616.0,46.314407,2403730.8,391.2844164,IT=14;14 ,ii
20994,Ref 2,25.219,94764,82079552.0,46.322076,2530743.0,391.2843329,IT=13;13 ,ii
20995,Ref 2,25.972,92488,77272984.0,46.32602,2246399.8,391.2844322,IT=13;13 ,ii
20999,Ref 2,28.192,96192,78091736.0,46.333734,2348034.0,391.2843178,IT=14;14 ,ii
21000,Ref 2,28.061,96768,74585864.0,46.337845,2194208.5,391.2843807,IT=14;14 ,ii
21006,Ref 2,28.800,95120,71377208.0,46.349226,2102384.8,391.2843238,IT=14;14 ,ii
21007,Ref 2,29.325,95452,79525440.0,46.353357,2520368.2,391.2844897,IT=15;15 ,ii
21010,Ref 2,28.329,92412,74090672.0,46.359245,2204650.8,391.2844636,IT=14;14 ,ii
21015,Ref 2,28.094,94148,73246328.0,46.368749,2210026.5,391.2842043,IT=14;14 ,ii
21020,Ref 2,30.585,98908,83081040.0,46.378326,3176654.0,718.3765513,IT=15;15 ,ii
21025,Ref 2,27.264,90292,82627064.0,46.38783,4035001.8,718.3760963,IT=14;14 ,ii
21026,Ref 2,18.699,77104,81837880.0,46.391801,4044010.5,718.376163,IT=9.3;9.3 ,ii
21031,Ref 2,23.890,89232,88579704.0,46.401307,5301747.0,718.3760444,IT=12;12 ,ii
21032,Ref 2,22.601,81652,88672712.0,46.405215,5330577.5,718.376219,IT=11;11 ,ii
21034,Ref 2,21.040,86472,96605568.0,46.409348,6212514.0,718.3760042,IT=11;11 ,ii
21035,Ref 2,20.636,76576,88886272.0,46.413413,5844335.0,718.376198,IT=10;10 ,ii
21038,Ref 2,22.581,85172,97078664.0,46.419173,6284884.5,718.3761722,IT=11;11 ,ii
21045,Ref 2,21.776,82092,96408160.0,46.433317,6638371.5,718.3763289,IT=11;11 ,ii
21053,Ref 2,20.684,83940,99831192.0,46.448256,6087592.0,718.3761867,IT=10;10 ,ii
21058,Ref 2,22.152,81208,93975408.0,46.457677,4735413.0,718.3760551,IT=11;11 ,ii
21059,Ref 2,19.556,79392,98098880.0,46.461711,4789898.5,718.3762323,IT=9.8;9.8 ,ii
21063,Ref 2,20.666,81224,100957290.0,46.469283,4050937.2,730.8408083,IT=10;10 ,ii
21064,Ref 2,19.876,75364,90330152.0,46.473344,3330378.0,730.8408518,IT=9.9;9.9 ,ii
21067,Ref 2,20.352,77740,97375936.0,46.47906,3120725.8,730.8407993,IT=10;10 ,ii
21073,Ref 2,23.779,84076,101546280.0,46.490337,3690541.5,812.9499604,IT=12;12 ,ii
21082,Ref 2,19.173,71448,99754288.0,46.507066,4235990.5,812.9495752,IT=9.6;9.6 ,ii
21088,Ref 2,18.265,75308,109192180.0,46.520273,4265476.0,812.9493941,IT=9.1;9.1 ,ii
21089,Ref 2,22.589,80628,107152170.0,46.524406,4296228.0,804.9412878,IT=11;11 ,ii
21094,Ref 2,20.600,81948,114164570.0,46.533791,5023529.5,804.9409722,IT=10;10 ,ii
21095,Ref 2,15.808,66088,97121040.0,46.537785,4717912.5,804.9410767,IT=7.9;7.9 ,ii
21099,Ref 2,21.551,81008,104933960.0,46.545366,4904723.0,804.941102,IT=11;11 ,ii
21106,Ref 2,20.167,80140,102234980.0,46.558468,5084004.5,804.9411669,IT=10;10 ,ii
21110,Ref 2,21.736,79744,94747760.0,46.566031,4485164.5,804.9409698,IT=11;11 ,ii
21111,Ref 2,23.094,83296,93918984.0,46.570131,4353925.0,804.9413119,IT=12;12 ,ii
21114,Ref 2,23.035,83564,93269640.0,46.57591,4425379.0,804.941316,IT=12;12 ,ii
21122,Ref 2,24.623,83864,86288816.0,46.590447,3360610.5,804.9414826,IT=12;12 ,ii
21127,Ref 2,29.557,90988,82126704.0,46.602018,3151148.8,680.8525221,IT=15;15 ,ii
21128,Ref 2,25.854,88876,86480912.0,46.606078,3461960.2,680.8526512,IT=13;13 ,ii
21131,Ref 2,29.215,94240,83542496.0,46.611966,3675811.2,680.8525177,IT=15;15 ,ii
21132,Ref 2,24.353,86380,84066096.0,46.616005,3708999.2,680.8526136,IT=12;12 ,ii
21137,Ref 2,29.145,87944,75090760.0,46.62552,3409984.5,680.852529,IT=15;15 ,ii
21138,Ref 2,23.988,80732,76206680.0,46.629572,3490035.5,680.852391,IT=12;12 ,ii
21139,Ref 2,32.879,93180,75550816.0,46.633799,3340453.5,680.8526755,IT=16;16 ,ii
21140,Ref 2,30.493,94888,76060328.0,46.637905,3423794.2,680.8527058,IT=15;15 ,ii
21143,Ref 2,28.743,89896,74621920.0,46.643747,3018973.8,680.8526422,IT=14;14 ,ii
21144,Ref 2,26.426,85064,75345200.0,46.647824,2910558.2,680.8527329,IT=13;13 ,ii
21148,Ref 2,23.574,82428,79793592.0,46.655407,2744034.5,680.8525823,IT=12;12 ,ii
21149,Ref 2,25.734,84612,78115272.0,46.659534,2527891.0,543.3145816,IT=13;13 ,ii
21152,Ref 2,20.016,78280,82318464.0,46.665528,3238912.2,543.3144049,IT=10;10 ,ii
21153,Ref 2,23.421,81760,86393008.0,46.669657,3871161.8,543.3144253,IT=12;12 ,ii
21159,Ref 2,21.321,75644,90290912.0,46.68289,5085023.5,543.3143502,IT=11;11 ,ii
21166,Ref 2,18.652,74664,102905370.0,46.695949,7801593.0,543.314317,IT=9.3;9.3 ,ii
21170,Ref 2,16.824,64868,99100600.0,46.703469,8279461.0,543.3141209,IT=8.4;8.4 ,ii
21171,Ref 2,15.760,65744,108513300.0,46.707511,9518868.0,543.314208,IT=7.9;7.9 ,ii
21176,Ref 2,15.965,67192,114013950.0,46.716892,10663074.0,543.3142299,IT=8;8 ,ii
21181,Ref 2,13.835,65300,125004540.0,46.726215,12033836.0,543.3140211,IT=6.9;6.9 ,ii
21182,Ref 2,10.655,51028,103765900.0,46.730025,9562079.0,543.3140728,IT=5.3;5.3 ,ii
21187,Ref 2,16.098,72004,125580340.0,46.739396,11609451.0,543.3140227,IT=8;8 ,ii
21188,Ref 2,16.386,67752,122753230.0,46.743452,10766210.0,543.3141564,IT=8.2;8.2 ,ii
21192,Ref 2,15.190,65912,115444850.0,46.750875,9915682.0,543.3141587,IT=7.6;7.6 ,ii
21196,Ref 2,15.641,64972,111940610.0,46.758686,8025377.5,543.31403,IT=7.8;7.8 ,ii
21197,Ref 2,13.184,61728,118592860.0,46.762688,8680477.0,543.3141512,IT=6.6;6.6 ,ii
21202,Ref 2,18.026,72632,117117700.0,46.772073,6818900.0,543.3141861,IT=9;9 ,ii
21208,Ref 2,18.365,71212,109184990.0,46.78329,5062015.0,543.314198,IT=9.2;9.2 ,ii
21213,Ref 2,19.011,73496,109969580.0,46.792935,4165697.8,792.8800434,IT=9.5;9.5 ,ii
21214,Ref 2,16.122,70964,107970660.0,46.79695,4445258.0,830.4519034,IT=8.1;8.1 ,ii
21218,Ref 2,16.521,71220,110802390.0,46.804446,4426915.0,830.4518146,IT=8.3;8.3 ,ii
21219,Ref 2,19.186,74768,112639060.0,46.808548,4439290.5,830.4521765,IT=9.6;9.6 ,ii
21224,Ref 2,16.358,70196,104664880.0,46.817867,4806450.0,830.4518256,IT=8.2;8.2 ,ii
21225,Ref 2,19.703,74840,105085090.0,46.8218,4913249.0,830.4521439,IT=9.9;9.9 ,ii
21228,Ref 2,20.713,76832,103083980.0,46.827521,5075516.5,830.4520432,IT=10;10 ,ii
21231,Ref 2,19.365,74712,99073336.0,46.833227,4993936.0,830.4519127,IT=9.7;9.7 ,ii
21232,Ref 2,18.686,79288,116317290.0,46.83711,5709072.5,830.4520528,IT=9.3;9.3 ,ii
21237,Ref 2,20.420,72356,99671304.0,46.846768,5140888.0,830.4522137,IT=10;10 ,ii
21240,Ref 2,19.886,74528,96975120.0,46.852479,5402048.5,830.4519029,IT=9.9;9.9 ,ii
21241,Ref 2,19.223,74116,97447120.0,46.856533,5420057.0,830.4519572,IT=9.6;9.6 ,ii
21242,Ref 2,22.513,79820,101040690.0,46.86065,5411935.0,830.452359,IT=11;11 ,ii
21245,Ref 2,18.078,78844,101844440.0,46.866327,5310577.5,830.4524386,IT=9;9 ,ii
21250,Ref 2,16.404,73828,108461900.0,46.875635,5689847.5,830.452034,IT=8.2;8.2 ,ii
21251,Ref 2,20.447,80808,98090368.0,46.879752,5138056.0,830.452457,IT=10;10 ,ii
21256,Ref 2,18.910,73808,95920984.0,46.889108,4848783.5,830.452183,IT=9.5;9.5 ,ii
21261,Ref 2,19.063,76232,101156840.0,46.898485,4654755.0,830.4521856,IT=9.5;9.5 ,ii
21265,Ref 2,19.281,76744,101420260.0,46.906018,4509963.0,830.4520842,IT=9.6;9.6 ,ii
21266,Ref 2,20.008,74692,100933860.0,46.910099,4623771.0,830.4521592,IT=10;10 ,ii
21268,Ref 2,19.092,75832,104444640.0,46.914364,4140337.2,830.45185,IT=9.5;9.5 ,ii
21269,Ref 2,23.197,79936,100672640.0,46.918339,4049455.5,830.4522992,IT=12;12 ,ii
21273,Ref 2,18.511,71524,108146770.0,46.926147,3837074.0,830.4520501,IT=9.3;9.3 ,ii
21274,Ref 2,17.555,75000,115287210.0,46.930191,3947940.0,830.4520441,IT=8.8;8.8 ,ii
21278,Ref 2,17.331,76872,113940200.0,46.937672,3363299.5,830.4518676,IT=8.7;8.7 ,ii
21279,Ref 2,17.029,71884,101975940.0,46.941724,2921176.0,879.4596362,IT=8.5;8.5 ,ii
21282,Ref 2,18.021,69932,107352090.0,46.947716,3619984.8,560.3246038,IT=9;9 ,ii
21283,Ref 2,17.175,73728,109918920.0,46.951759,4537987.5,560.3245825,IT=8.6;8.6 ,ii
21289,Ref 2,16.141,70144,118179140.0,46.962922,7245355.5,560.3244456,IT=8.1;8.1 ,ii
21290,Ref 2,16.544,67348,114944980.0,46.966976,7897038.0,560.3244932,IT=8.3;8.3 ,ii
21293,Ref 2,14.592,63544,123346540.0,46.972603,9834160.0,560.324521,IT=7.3;7.3 ,ii
21298,Ref 2,14.766,65256,123535050.0,46.981907,11066345.0,560.3243475,IT=7.4;7.4 ,ii
21299,Ref 2,14.000,63516,125295220.0,46.985934,12129850.0,560.324454,IT=7;7 ,ii
21306,Ref 2,13.446,63256,142875360.0,46.998869,17150552.0,560.3246539,IT=6.7;6.7 ,ii
21309,Ref 2,13.881,63396,132366630.0,47.004534,15925949.0,560.3246616,IT=6.9;6.9 ,ii
21310,Ref 2,13.474,61580,138480940.0,47.008388,16785196.0,560.3246412,IT=6.7;6.7 ,ii
21313,Ref 2,13.053,60512,142844030.0,47.014003,18016662.0,560.3246973,IT=6.5;6.5 ,ii
21318,Ref 2,12.788,59740,139744960.0,47.023269,17407160.0,560.3246734,IT=6.4;6.4 ,ii
21321,Ref 2,12.466,61064,152419660.0,47.028869,19316446.0,560.3245193,IT=6.2;6.2 ,ii
21324,Ref 2,13.909,60180,145716000.0,47.034513,17069982.0,560.32456,IT=7;7 ,ii
21329,Ref 2,14.235,63920,151551200.0,47.043805,16473285.0,560.3246397,IT=7.1;7.1 ,ii
21335,Ref 2,13.270,57840,118693490.0,47.054921,10806546.0,560.3244059,IT=6.6;6.6 ,ii
21339,Ref 2,13.662,65824,135910750.0,47.062711,10850725.0,560.3243204,IT=6.8;6.8 ,ii
21340,Ref 2,10.866,60556,144798060.0,47.066531,11373637.0,560.3243392,IT=5.4;5.4 ,ii
21346,Ref 2,14.659,67100,126718070.0,47.077702,7336782.5,560.3244827,IT=7.3;7.3 ,ii
21347,Ref 2,19.047,75856,135601660.0,47.081813,7549386.0,560.3245369,IT=9.5;9.5 ,ii
21350,Ref 2,15.055,69364,127892260.0,47.087408,6151767.0,560.3243158,IT=7.5;7.5 ,ii
21355,Ref 2,15.724,69356,110474590.0,47.097735,3673992.8,560.3244447,IT=7.9;7.9 ,ii
21360,Ref 2,17.144,73796,107264660.0,47.107071,2908808.8,560.3243382,IT=8.6;8.6 ,ii
21361,Ref 2,17.798,71276,106761060.0,47.111135,2906960.0,807.9088738,IT=8.9;8.9 ,ii
21366,Ref 2,18.262,70720,98837472.0,47.120542,2765163.5,807.9089021,IT=9.1;9.1 ,ii
21372,Ref 2,17.672,73740,109912060.0,47.131789,3139589.5,807.908578,IT=8.8;8.8 ,ii
21373,Ref 2,13.831,70452,114674020.0,47.135612,3163805.0,807.9081934,IT=6.9;6.9 ,ii
21376,Ref 2,16.994,78848,118354100.0,47.141268,2875623.8,807.9082877,IT=8.5;8.5 ,ii
21379,Ref 2,17.223,74056,111193880.0,47.146916,2728419.5,807.9085484,IT=8.6;8.6 ,ii
21382,Ref 2,16.409,75136,118304060.0,47.152539,3226286.2,807.4549453,IT=8.2;8.2 ,ii
21385,Ref 2,15.803,69840,113544970.0,47.158196,3650050.0,807.4549459,IT=7.9;7.9 ,ii
21390,Ref 2,14.847,69596,118135740.0,47.167525,5661393.0,807.4550906,IT=7.4;7.4 ,ii
21395,Ref 2,14.574,69960,130947780.0,47.176835,7517443.0,807.454727,IT=7.3;7.3 ,ii
21396,Ref 2,14.790,69428,131580020.0,47.180881,8528856.0,807.4549123,IT=7.4;7.4 ,ii
21403,Ref 2,12.321,60776,125658040.0,47.19381,11351630.0,807.4550384,IT=6.2;6.2 ,ii
21408,Ref 2,13.123,65868,144293090.0,47.203051,13957526.0,807.4549937,IT=6.6;6.6 ,ii
21412,Ref 2,11.992,63332,141798910.0,47.210787,15124095.0,807.4548496,IT=6;6 ,ii
21415,Ref 2,11.992,65188,145789380.0,47.216343,16909780.0,807.4546051,IT=6;6 ,ii
21419,Ref 2,12.231,63668,150893650.0,47.225922,18749918.0,807.4548974,IT=6.1;6.1 ,ii
21424,Ref 2,11.493,64468,151627150.0,47.235191,17961440.0,807.4548788,IT=5.7;5.7 ,ii
21428,Ref 2,12.048,64260,144957710.0,47.244722,17658984.0,807.4549119,IT=6;6 ,ii
21433,Ref 2,12.661,63872,146641550.0,47.253934,16155545.0,807.4548979,IT=6.3;6.3 ,ii
21438,Ref 2,12.988,64648,140137140.0,47.264232,14377828.0,807.4549062,IT=6.5;6.5 ,ii
21444,Ref 2,12.456,60176,133456660.0,47.275309,12973069.0,660.8400816,IT=6.2;6.2 ,ii
21448,Ref 2,13.136,64180,139571630.0,47.282722,15813542.0,660.8401379,IT=6.6;6.6 ,ii
21452,Ref 2,11.984,57564,129116340.0,47.290438,15114431.0,660.8399233,IT=6;6 ,ii
21455,Ref 2,17.009,70748,129416540.0,47.298261,15201612.0,660.8398634,IT=8.5;8.5 ,ii
21456,Ref 2,13.995,62540,119902020.0,47.302101,14606326.0,660.8401508,IT=7;7 ,ii
21458,Ref 2,14.956,69716,121824540.0,47.306072,14115090.0,660.8398857,IT=7.5;7.5 ,ii
21459,Ref 2,10.815,55572,128974750.0,47.310042,14819975.0,660.8400714,IT=5.4;5.4 ,ii
21464,Ref 2,14.864,71072,119893200.0,47.319326,11797721.0,660.8399488,IT=7.4;7.4 ,ii
21465,Ref 2,18.954,73316,115206960.0,47.323271,11068795.0,660.840203,IT=9.5;9.5 ,ii
21470,Ref 2,14.933,67420,116080740.0,47.332584,9612356.0,660.8398779,IT=7.5;7.5 ,ii
21471,Ref 2,17.772,73092,114870450.0,47.336667,8659250.0,660.8399663,IT=8.9;8.9 ,ii
21474,Ref 2,17.019,73564,111481970.0,47.344309,6887806.5,660.8401519,IT=8.5;8.5 ,ii
21478,Ref 2,18.771,70864,111466090.0,47.352173,7099515.0,547.8633615,IT=9.4;9.4 ,ii
21482,Ref 2,22.405,77504,106039010.0,47.359769,7439735.0,547.8634201,IT=11;11 ,ii
21483,Ref 2,18.991,71524,104399830.0,47.363794,6720805.0,547.8633701,IT=9.5;9.5 ,ii
21487,Ref 2,19.898,75384,102576420.0,47.371617,6921265.5,547.8633191,IT=9.9;9.9 ,ii
21488,Ref 2,22.580,80368,93292944.0,47.375727,5860281.0,547.8635057,IT=11;11 ,ii
21492,Ref 2,20.692,75564,94173648.0,47.383277,5979299.0,547.8634562,IT=10;10 ,ii
21493,Ref 2,22.623,76708,90537888.0,47.387217,5147179.5,547.8635373,IT=11;11 ,ii
21500,Ref 2,22.155,78568,90313816.0,47.400327,4744267.0,547.8636358,IT=11;11 ,ii
21506,Ref 2,25.023,84356,89472408.0,47.411706,3809392.8,547.8634354,IT=13;13 ,ii
21513,Ref 2,24.083,79392,80430336.0,47.424854,2874170.8,469.2773074,IT=12;12 ,ii
21519,Ref 2,29.712,88204,76963344.0,47.436269,2685438.2,469.2774012,IT=15;15 ,ii
21525,Ref 2,30.157,92320,75363392.0,47.447687,2353262.0,469.2772711,IT=15;15 ,ii
21526,Ref 2,25.997,82800,76812208.0,47.451571,2508481.8,391.2842976,IT=13;13 ,ii
21527,Ref 2,28.970,87892,78780904.0,47.455723,2589060.8,391.2845461,IT=14;14 ,ii
21533,Ref 2,27.564,89680,84158504.0,47.467066,2964882.2,391.284357,IT=14;14 ,ii
21538,Ref 2,31.518,87424,74501568.0,47.476635,2386799.0,391.2844794,IT=16;16 ,ii
21541,Ref 2,31.991,90808,76508704.0,47.482895,2225578.5,391.2843307,IT=16;16 ,ii
21542,Ref 2,32.634,91392,77220712.0,47.487043,2244682.2,391.2845259,IT=16;16 ,ii
21547,Ref 2,28.210,90292,80012800.0,47.496577,2244249.2,391.2842525,IT=14;14 ,ii
21548,Ref 2,29.221,85200,77115816.0,47.500712,2350359.2,391.2844602,IT=15;15 ,ii
21553,Ref 2,29.146,86284,79655600.0,47.510258,2134837.8,391.2842663,IT=15;15 ,ii
21554,Ref 2,28.096,86704,89827640.0,47.514364,2540396.2,726.0465023,IT=14;14 ,ii
21559,Ref 2,21.819,79764,96368696.0,47.523747,2795902.0,726.0460161,IT=11;11 ,ii
21560,Ref 2,24.973,79596,92234056.0,47.527885,2761900.0,726.0462017,IT=12;12 ,ii
21564,Ref 2,22.095,79636,94548600.0,47.535485,2798243.2,726.0458939,IT=11;11 ,ii
21565,Ref 2,22.670,84248,101341770.0,47.539578,3108165.0,726.0461049,IT=11;11 ,ii
21568,Ref 2,19.952,71888,101117520.0,47.545583,3313892.8,726.0457434,IT=10;10 ,ii
21569,Ref 2,20.592,74940,110662470.0,47.549657,3282836.2,726.0457668,IT=10;10 ,ii
21574,Ref 2,17.850,67680,115181350.0,47.559007,4009180.0,801.9487979,IT=8.9;8.9 ,ii
21575,Ref 2,15.291,68948,118758270.0,47.562862,4065676.5,801.9490063,IT=7.6;7.6 ,ii
21581,Ref 2,14.041,66232,130626230.0,47.573997,5187660.0,801.9486914,IT=7;7 ,ii
21582,Ref 2,17.079,73152,133050940.0,47.578093,5157373.0,801.9490753,IT=8.5;8.5 ,ii
21587,Ref 2,12.729,61584,126418190.0,47.587349,5279540.0,801.9486002,IT=6.4;6.4 ,ii
21591,Ref 2,14.146,66180,126561310.0,47.596813,4843938.0,801.9488374,IT=7.1;7.1 ,ii
21592,Ref 2,18.039,72972,125061500.0,47.600749,4733065.0,801.9489364,IT=9;9 ,ii
21599,Ref 2,12.956,58436,118724540.0,47.613744,4976503.0,690.9091069,IT=6.5;6.5 ,ii
21606,Ref 2,14.694,70012,123553340.0,47.626778,4494467.0,690.9093114,IT=7.3;7.3 ,ii
21610,Ref 2,15.021,69752,119859980.0,47.634274,4352795.0,690.9092967,IT=7.5;7.5 ,ii
21613,Ref 2,17.223,76332,118447790.0,47.640305,4027120.5,690.9092308,IT=8.6;8.6 ,ii
21614,Ref 2,16.597,71704,109645200.0,47.644353,3612601.8,572.7513909,IT=8.3;8.3 ,ii
21617,Ref 2,17.025,72880,110969160.0,47.650001,4064938.0,572.7515364,IT=8.5;8.5 ,ii
21620,Ref 2,18.603,75176,101654850.0,47.655698,3806601.2,572.7514665,IT=9.3;9.3 ,ii
21621,Ref 2,15.944,71296,100099310.0,47.65955,4208237.0,572.7516998,IT=8;8 ,ii
21625,Ref 2,21.025,78836,92198488.0,47.66713,3892781.5,572.7515598,IT=11;11 ,ii
21626,Ref 2,17.672,70612,88644224.0,47.671148,3612819.5,572.7514387,IT=8.8;8.8 ,ii
21627,Ref 2,27.730,90644,86234944.0,47.675202,3637189.2,572.7517641,IT=14;14 ,ii
21630,Ref 2,21.441,80884,87799336.0,47.680967,3515609.0,572.7514126,IT=11;11 ,ii
21631,Ref 2,24.569,87436,87039808.0,47.684938,3463356.0,572.7518106,IT=12;12 ,ii
21636,Ref 2,27.101,87948,80727584.0,47.694448,3122398.2,572.7517332,IT=14;14 ,ii
21637,Ref 2,26.215,86044,77280776.0,47.698548,2903530.0,572.7518466,IT=13;13 ,ii
21642,Ref 2,26.831,88240,74738376.0,47.708077,2544163.8,391.2843533,IT=13;13 ,ii
21643,Ref 2,34.151,97356,71144560.0,47.712311,2177204.5,391.2845608,IT=17;17 ,ii
21646,Ref 2,25.746,82272,70461152.0,47.718133,2585477.2,391.2845434,IT=13;13 ,ii
21652,Ref 2,30.643,89572,66701012.0,47.72951,2318832.8,391.2844201,IT=15;15 ,ii
21653,Ref 2,30.057,91712,68215120.0,47.733469,2493521.8,391.2843874,IT=15;15 ,ii
21658,Ref 2,31.932,93884,66423940.0,47.743085,2180098.0,391.284341,IT=16;16 ,ii
21659,Ref 2,28.489,92596,72147312.0,47.747162,2468880.0,391.2844229,IT=14;14 ,ii
21664,Ref 2,29.130,85816,70459208.0,47.756954,2924139.2,654.3563767,IT=15;15 ,ii
21665,Ref 2,30.844,90772,75530048.0,47.761108,3505408.5,654.3565602,IT=15;15 ,ii
21671,Ref 2,28.533,87896,73796504.0,47.772504,4273597.5,654.3563514,IT=14;14 ,ii
21672,Ref 2,30.098,92364,72255136.0,47.776491,4408285.5,654.3562566,IT=15;15 ,ii
21673,Ref 2,28.644,92172,77055464.0,47.7806,4998395.0,654.3563576,IT=14;14 ,ii
21679,Ref 2,25.072,85304,81446552.0,47.791916,5909149.0,654.3563392,IT=13;13 ,ii
21680,Ref 2,24.649,80136,82031536.0,47.796008,6104133.5,654.3564501,IT=12;12 ,ii
21685,Ref 2,23.274,80960,88345552.0,47.805452,6707688.5,654.3562998,IT=12;12 ,ii
21686,Ref 2,25.236,88032,83808264.0,47.80957,6256291.5,654.3563522,IT=13;13 ,ii
21690,Ref 2,21.970,76244,81450456.0,47.817145,5945087.0,654.3560716,IT=11;11 ,ii
21691,Ref 2,26.793,82844,83959544.0,47.82131,5854474.0,654.3563262,IT=13;13 ,ii
21696,Ref 2,26.010,85840,81985544.0,47.831106,5161152.5,654.3563047,IT=13;13 ,ii
21697,Ref 2,27.233,88244,85715440.0,47.835072,5219787.5,654.3565993,IT=14;14 ,ii
21701,Ref 2,23.949,81684,78684872.0,47.842962,4118922.8,654.3560942,IT=12;12 ,ii
21702,Ref 2,22.270,79100,80521472.0,47.847022,4078271.8,654.3563716,IT=11;11 ,ii
21706,Ref 2,25.429,79788,76702640.0,47.854666,3914273.8,496.2772028,IT=13;13 ,ii
21707,Ref 2,23.496,78932,79670608.0,47.858745,4103810.2,496.2771918,IT=12;12 ,ii
21710,Ref 2,27.185,88436,75021352.0,47.864591,3813590.8,496.2771708,IT=14;14 ,ii
21713,Ref 2,25.578,78744,74690688.0,47.870426,4058970.0,496.27715,IT=13;13 ,ii
21714,Ref 2,28.753,89008,73544744.0,47.874585,3543117.5,496.2773666,IT=14;14 ,ii
21717,Ref 2,28.445,84524,70247232.0,47.880455,2926731.2,496.2771956,IT=14;14 ,ii
21718,Ref 2,26.882,83164,72693760.0,47.884545,3116379.5,496.2771496,IT=13;13 ,ii
21719,Ref 2,27.556,81096,70611584.0,47.888499,3126268.2,496.2771473,IT=14;14 ,ii
21720,Ref 2,25.526,82924,73922136.0,47.892576,2725575.2,496.2770956,IT=13;13 ,ii
21721,Ref 2,27.726,82528,76023416.0,47.896711,2697132.0,496.2772654,IT=14;14 ,ii
21725,Ref 2,24.442,78068,73576976.0,47.904332,3457313.8,710.3786825,IT=12;12 ,ii
21726,Ref 2,27.241,85764,83595088.0,47.908476,4542109.0,710.3788935,IT=14;14 ,ii
21731,Ref 2,24.838,78632,85476104.0,47.918015,6386969.0,710.3787258,IT=12;12 ,ii
21732,Ref 2,23.050,76636,88361888.0,47.922082,7249647.5,710.3786788,IT=12;12 ,ii
21735,Ref 2,21.882,76684,93055576.0,47.92984,8915388.0,710.3786372,IT=11;11 ,ii
21739,Ref 2,16.542,66536,97808040.0,47.937319,10278585.0,710.3784254,IT=8.3;8.3 ,ii
21740,Ref 2,16.187,60572,83255080.0,47.941201,9406374.0,710.3785977,IT=8.1;8.1 ,ii
21743,Ref 2,19.055,70432,103011200.0,47.946911,11660045.0,710.3785651,IT=9.5;9.5 ,ii
21748,Ref 2,15.757,64168,107296290.0,47.956586,13349761.0,710.3783387,IT=7.9;7.9 ,ii
21749,Ref 2,19.320,67660,102063340.0,47.960698,12735931.0,710.3785387,IT=9.7;9.7 ,ii
21752,Ref 2,17.424,62816,98668864.0,47.966367,12313097.0,710.3782966,IT=8.7;8.7 ,ii
21753,Ref 2,16.162,60376,98326544.0,47.970409,12394942.0,710.3783761,IT=8.1;8.1 ,ii
21757,Ref 2,20.038,72460,100410220.0,47.978071,11753703.0,710.378455,IT=10;10 ,ii
21758,Ref 2,19.157,68132,96827824.0,47.982127,10983721.0,710.3785885,IT=9.6;9.6 ,ii
21765,Ref 2,22.297,74088,86985232.0,47.99528,8643252.0,710.3785156,IT=11;11 ,ii
21770,Ref 2,20.327,68804,74736536.0,48.004673,6410884.0,710.3786573,IT=10;10 ,ii
21772,Ref 2,25.691,72788,70583280.0,48.008931,5540096.5,710.378618,IT=13;13 ,ii
21773,Ref 2,26.615,80260,75786296.0,48.013046,5296154.0,710.378551,IT=13;13 ,ii
21774,Ref 2,26.973,81864,67021280.0,48.01699,4327843.5,710.3787723,IT=13;13 ,ii
21777,Ref 2,29.220,84508,70081920.0,48.023136,3766625.0,710.3787943,IT=15;15 ,ii
21778,Ref 2,33.330,86368,63691028.0,48.02715,3117296.2,710.3789527,IT=17;17 ,ii
21782,Ref 2,34.011,86404,63442996.0,48.034942,2557448.5,391.284451,IT=17;17 ,ii
21785,Ref 2,31.843,87072,62689316.0,48.041219,2197245.5,391.2843579,IT=16;16 ,ii
21786,Ref 2,32.573,89452,62708868.0,48.045358,2429804.2,391.2844586,IT=16;16 ,ii
21791,Ref 2,28.411,88464,61781608.0,48.055225,2294713.5,391.2842951,IT=14;14 ,ii
21792,Ref 2,33.705,90876,59602980.0,48.059256,2302865.2,391.2843781,IT=17;17 ,ii
21797,Ref 2,33.253,88896,58125176.0,48.068898,2358637.0,659.8099714,IT=17;17 ,ii
21798,Ref 2,33.731,92272,60811700.0,48.073041,2736104.2,659.8105017,IT=17;17 ,ii
21802,Ref 2,33.917,89064,56699732.0,48.080818,2884406.2,659.8105748,IT=17;17 ,ii
21803,Ref 2,35.315,91968,61964520.0,48.084979,3479384.8,659.8107889,IT=18;18 ,ii
21804,Ref 2,32.147,87700,60658832.0,48.089077,3534837.0,659.8105578,IT=16;16 ,ii
21806,Ref 2,32.072,88716,58740940.0,48.095125,3727153.2,659.810831,IT=16;16 ,ii
21807,Ref 2,26.240,80776,64195788.0,48.099162,4317292.5,659.810727,IT=13;13 ,ii
21810,Ref 2,35.248,94460,59856140.0,48.105452,4059816.5,659.8109298,IT=18;18 ,ii
21811,Ref 2,28.953,81380,60721472.0,48.109491,4248770.5,659.8108861,IT=14;14 ,ii
21812,Ref 2,31.798,89776,64078384.0,48.113652,4409291.5,659.8110273,IT=16;16 ,ii
21814,Ref 2,33.390,84316,57849140.0,48.117991,4040838.8,659.8108808,IT=17;17 ,ii
21815,Ref 2,30.815,87560,62945072.0,48.122089,4514510.0,659.8109794,IT=15;15 ,ii
21816,Ref 2,32.325,82860,59005408.0,48.126237,4181076.5,659.8112078,IT=16;16 ,ii
21819,Ref 2,34.027,86496,56608764.0,48.132174,3819286.8,659.8110834,IT=17;17 ,ii
21820,Ref 2,33.118,88844,58450228.0,48.136297,3847554.8,659.811016,IT=17;17 ,ii
21821,Ref 2,35.576,90228,56706408.0,48.140476,3697119.2,659.8111391,IT=18;18 ,ii
21822,Ref 2,38.686,90884,52669712.0,48.144512,3145258.8,659.8113306,IT=19;19 ,ii
21824,Ref 2,40.423,93636,52405328.0,48.148987,3099884.8,659.8111446,IT=20;20 ,ii
21825,Ref 2,37.016,95868,53733860.0,48.153105,2992864.0,659.8110935,IT=19;19 ,ii
21826,Ref 2,37.169,94132,53002304.0,48.157276,2746140.0,659.8110526,IT=19;19 ,ii
21827,Ref 2,39.004,91384,49060752.0,48.161297,2345810.2,659.8112662,IT=20;20 ,ii
21829,Ref 2,44.365,97212,47428592.0,48.165822,2133510.0,659.81128,IT=22;22 ,ii
21830,Ref 2,47.058,92660,42679028.0,48.170047,1909706.2,659.8110425,IT=24;24 ,ii
21832,Ref 2,44.213,95556,45642268.0,48.176328,1981710.5,391.2844455,IT=22;22 ,ii
21833,Ref 2,43.391,91644,42523476.0,48.180495,1770040.2,391.2845007,IT=22;22 ,ii
21835,Ref 2,50.000,95900,37443288.0,48.185101,1159248.1,659.811198,IT=25;25 ,ii
21836,Ref 2,42.195,96036,45254632.0,48.189139,1987480.1,391.2844906,IT=21;21 ,ii
21837,Ref 2,50.000,99504,38810056.0,48.193272,1434360.8,391.2846425,IT=25;25 ,ii
21839,Ref 2,49.430,95268,37850500.0,48.19788,1384693.5,391.2845273,IT=25;25 ,ii
21840,Ref 2,50.000,96296,36467608.0,48.202066,1228521.2,391.2845971,IT=25;25 ,ii
21841,Ref 2,47.038,96224,39499056.0,48.206261,1724927.2,391.2846903,IT=24;24 ,ii
21843,Ref 2,50.000,93340,35830156.0,48.211063,1319204.5,391.2846636,IT=25;25 ,ii
21844,Ref 2,47.807,91428,38139484.0,48.215032,1578915.6,391.2846935,IT=24;24 ,ii
21845,Ref 2,45.607,95176,40360808.0,48.219001,1810697.9,391.2846437,IT=23;23 ,ii
21849,Ref 2,48.785,93800,37458948.0,48.22704,1440829.4,391.2847469,IT=24;24 ,ii
21853,Ref 2,50.000,91344,35817000.0,48.235434,1183333.0,391.2846316,IT=25;25 ,ii
21854,Ref 2,48.223,92272,37895872.0,48.239588,1494796.6,391.2846598,IT=24;24 ,ii
21858,Ref 2,50.000,93160,36807896.0,48.247663,1285702.5,391.2846077,IT=25;25 ,ii
21859,Ref 2,43.230,94212,44376440.0,48.251553,2018098.1,391.2846494,IT=22;22 ,ii
21863,Ref 2,50.000,92968,38727748.0,48.259876,1766581.8,782.382433,IT=25;25 ,ii
21867,Ref 2,41.801,90332,46500052.0,48.269769,2315425.5,782.3820978,IT=21;21 ,ii
21868,Ref 2,34.952,86484,50185484.0,48.27383,2796454.5,782.3822608,IT=17;17 ,ii
21872,Ref 2,38.309,89156,51891872.0,48.281994,3396336.8,782.3820596,IT=19;19 ,ii
21875,Ref 2,34.503,82868,52459476.0,48.287944,3804189.2,782.3818359,IT=17;17 ,ii
21876,Ref 2,28.077,72964,52159236.0,48.291994,3996820.5,782.3820977,IT=14;14 ,ii
21879,Ref 2,38.032,83760,52377268.0,48.298265,4173807.5,782.3823539,IT=19;19 ,ii
21880,Ref 2,38.129,87284,53033344.0,48.302431,4397698.0,782.3823957,IT=19;19 ,ii
21881,Ref 2,35.034,79504,50152480.0,48.306546,4105697.8,782.382039,IT=18;18 ,ii
21882,Ref 2,36.704,87064,54508996.0,48.31055,4652332.0,782.3822295,IT=18;18 ,ii
21883,Ref 2,36.637,80480,53458572.0,48.314706,4492574.5,782.3821414,IT=18;18 ,ii
21887,Ref 2,40.180,81628,49193816.0,48.322911,4245220.5,782.382287,IT=20;20 ,ii
21888,Ref 2,35.763,83264,52445608.0,48.326831,4254964.0,782.3819883,IT=18;18 ,ii
21889,Ref 2,36.522,84196,51606392.0,48.331,4206349.0,782.3821639,IT=18;18 ,ii
21892,Ref 2,36.129,81960,51266920.0,48.337244,3811360.2,782.3819342,IT=18;18 ,ii
21893,Ref 2,35.951,82440,50299320.0,48.341588,3676475.0,782.3821276,IT=18;18 ,ii
21894,Ref 2,37.818,84840,46276512.0,48.345771,3210245.2,782.3823606,IT=19;19 ,ii
21897,Ref 2,38.544,86308,46707032.0,48.351777,2974066.0,782.381829,IT=19;19 ,ii
21898,Ref 2,41.285,87996,45936972.0,48.35599,2687635.2,782.3819751,IT=21;21 ,ii
21899,Ref 2,47.075,89648,42123700.0,48.36026,2370880.5,782.3821793,IT=24;24 ,ii
21900,Ref 2,42.962,87364,43442652.0,48.364194,2162719.5,782.3821726,IT=21;21 ,ii
21901,Ref 2,49.034,87520,38538188.0,48.368471,1894256.5,782.3825377,IT=25;25 ,ii
21904,Ref 2,48.601,88516,37210800.0,48.374669,1539627.1,782.3822058,IT=24;24 ,ii
21905,Ref 2,49.294,93160,36743304.0,48.378681,1410042.0,391.2845444,IT=25;25 ,ii
21908,Ref 2,48.600,93468,36935024.0,48.385156,1569758.2,391.284501,IT=24;24 ,ii
21909,Ref 2,50.000,97212,35108296.0,48.38935,1304328.4,391.284607,IT=25;25 ,ii
21912,Ref 2,50.000,94468,35807788.0,48.395577,1444443.1,391.2844847,IT=25;25 ,ii
21913,Ref 2,50.000,93880,35201808.0,48.399745,1352430.2,391.2845097,IT=25;25 ,ii
21918,Ref 2,50.000,98468,36024916.0,48.409616,1575420.9,391.2845275,IT=25;25 ,ii
21919,Ref 2,50.000,94048,34508068.0,48.413785,1410378.2,391.2845696,IT=25;25 ,ii
21921,Ref 2,50.000,97172,34497996.0,48.41857,1488071.0,391.2845081,IT=25;25 ,ii
21922,Ref 2,50.000,98308,35029288.0,48.422575,1376774.5,391.2845328,IT=25;25 ,ii
21924,Ref 2,50.000,94268,34309984.0,48.428927,1429428.9,391.2844924,IT=25;25 ,ii
21925,Ref 2,50.000,96692,34217104.0,48.432939,1594775.0,391.2842932,IT=25;25 ,ii
21926,Ref 2,50.000,93928,35117652.0,48.437112,1478827.2,391.2844291,IT=25;25 ,ii
21927,Ref 2,49.664,95348,35763784.0,48.441274,1581338.1,391.2844928,IT=25;25 ,ii
21928,Ref 2,49.959,99628,36006200.0,48.445458,1479240.1,391.2845517,IT=25;25 ,ii
21931,Ref 2,50.000,96580,35357392.0,48.451685,1512016.0,391.284377,IT=25;25 ,ii
21932,Ref 2,48.189,98364,37594800.0,48.455824,1625844.4,391.2845154,IT=24;24 ,ii
21936,Ref 2,50.000,92892,34734440.0,48.463901,1413227.0,391.2844557,IT=25;25 ,ii
21937,Ref 2,50.000,98152,36011916.0,48.46807,1493767.5,391.2844078,IT=25;25 ,ii
21938,Ref 2,47.650,101664,38742096.0,48.472201,1666471.1,391.2845508,IT=24;24 ,ii
21940,Ref 2,48.045,98816,37511484.0,48.476953,1516335.2,391.2844528,IT=24;24 ,ii
21941,Ref 2,50.000,95772,35396944.0,48.481007,1349265.9,391.2845289,IT=25;25 ,ii
21945,Ref 2,50.000,96108,35221200.0,48.489072,1334005.4,391.284463,IT=25;25 ,ii
21946,Ref 2,48.917,98220,37041912.0,48.493222,1531011.8,391.2845306,IT=24;24 ,ii
21950,Ref 2,50.000,97408,36737596.0,48.501297,1361235.6,391.2845632,IT=25;25 ,ii
21951,Ref 2,48.540,96536,38310912.0,48.505443,1559361.8,391.284472,IT=24;24 ,ii
21953,Ref 2,43.431,94172,40967536.0,48.511684,1947276.2,391.2844131,IT=22;22 ,ii
21954,Ref 2,44.101,98328,43493868.0,48.51587,1937504.4,391.284471,IT=22;22 ,ii
21960,Ref 2,41.805,92312,44425120.0,48.527455,2059473.6,391.2844728,IT=21;21 ,ii
21964,Ref 2,38.954,95792,46495572.0,48.53533,2103725.5,391.2842874,IT=19;19 ,ii
21965,Ref 2,46.205,98100,43363028.0,48.539447,1598651.8,391.2845911,IT=23;23 ,ii
21968,Ref 2,40.214,98148,47765228.0,48.545792,2073796.2,391.2843919,IT=20;20 ,ii
21969,Ref 2,39.620,98320,47574040.0,48.549782,2083329.9,391.2842746,IT=20;20 ,ii
21970,Ref 2,39.953,96608,50268748.0,48.553957,2268644.5,391.2844444,IT=20;20 ,ii
21974,Ref 2,36.223,89276,48748876.0,48.561801,2166905.2,391.2843207,IT=18;18 ,ii
21975,Ref 2,36.129,87964,50697208.0,48.565782,2319837.8,391.2844482,IT=18;18 ,ii
21977,Ref 2,39.160,94844,53833160.0,48.570232,2155989.5,391.2843851,IT=20;20 ,ii
21978,Ref 2,32.160,84312,51008480.0,48.574282,2168548.5,391.2844541,IT=16;16 ,ii
21984,Ref 2,32.985,85428,51619764.0,48.585765,2149620.0,391.2842598,IT=16;16 ,ii
21985,Ref 2,29.816,83260,58180852.0,48.58985,2637297.0,643.3803349,IT=15;15 ,ii
21991,Ref 2,35.229,92244,58689348.0,48.603348,2686190.2,643.3807524,IT=18;18 ,ii
21996,Ref 2,30.588,84040,58675604.0,48.612944,2677113.2,643.380414,IT=15;15 ,ii
22001,Ref 2,29.189,81096,62784952.0,48.622486,2851773.0,643.3802872,IT=15;15 ,ii
22004,Ref 2,26.185,77776,62900972.0,48.628298,2609160.0,643.3799914,IT=13;13 ,ii
22005,Ref 2,27.794,83356,65601084.0,48.632425,2630020.8,643.3803164,IT=14;14 ,ii
22010,Ref 2,25.374,79336,66515352.0,48.6419,2488396.0,391.2840604,IT=13;13 ,ii
22011,Ref 2,26.240,73992,64196056.0,48.645854,2193740.0,643.3803198,IT=13;13 ,ii
22016,Ref 2,24.442,77848,70391552.0,48.655315,2559213.5,391.284271,IT=12;12 ,ii
22020,Ref 2,25.819,80500,72221704.0,48.662979,2685837.8,391.2841667,IT=13;13 ,ii
22021,Ref 2,21.282,70120,72017728.0,48.666842,2869228.5,391.2841686,IT=11;11 ,ii
22026,Ref 2,22.831,73200,72961320.0,48.676564,2496595.2,391.2840489,IT=11;11 ,ii
22027,Ref 2,23.797,74436,72732152.0,48.680664,2536586.5,391.2841598,IT=12;12 ,ii
22030,Ref 2,21.494,71088,72971264.0,48.686421,2555209.0,822.9691429,IT=11;11 ,ii
22031,Ref 2,24.718,68924,70096864.0,48.690548,2526408.8,822.9700807,IT=12;12 ,ii
22034,Ref 2,23.110,71912,70333480.0,48.696589,2649650.8,822.9696233,IT=12;12 ,ii
22035,Ref 2,23.384,72516,71863688.0,48.700679,2626609.2,391.2841054,IT=12;12 ,ii
22036,Ref 2,25.154,72196,72773912.0,48.704625,2750444.8,822.970258,IT=13;13 ,ii
22040,Ref 2,24.868,72812,65627624.0,48.712545,2426444.8,822.970548,IT=12;12 ,ii
22041,Ref 2,19.461,67972,76798552.0,48.716548,2853143.2,391.2842468,IT=9.7;9.7 ,ii
22045,Ref 2,23.727,71688,69296496.0,48.724172,2612801.5,797.4099753,IT=12;12 ,ii
22046,Ref 2,23.091,72660,72472960.0,48.72825,2752270.0,797.4102168,IT=12;12 ,ii
22047,Ref 2,22.996,75340,74789280.0,48.732339,2788739.5,391.2840623,IT=11;11 ,ii
22048,Ref 2,31.670,85632,70476488.0,48.736395,2650768.2,797.4106789,IT=16;16 ,ii
22053,Ref 2,27.427,74700,69213664.0,48.745954,2625334.5,797.410748,IT=14;14 ,ii
22056,Ref 2,28.911,81760,67231800.0,48.751799,2487185.0,797.4106097,IT=14;14 ,ii
22057,Ref 2,25.293,72404,65606768.0,48.755856,2605897.0,391.2841501,IT=13;13 ,ii
22058,Ref 2,27.225,78040,66797832.0,48.759983,2338915.0,391.2841704,IT=14;14 ,ii
22059,Ref 2,29.195,82000,66056440.0,48.763951,2372766.2,391.2843059,IT=15;15 ,ii
22064,Ref 2,26.478,82648,63381232.0,48.773439,2359444.2,391.2842054,IT=13;13 ,ii
22065,Ref 2,29.699,80848,63955076.0,48.777595,2338614.0,391.2842543,IT=15;15 ,ii
22069,Ref 2,25.771,74576,58583368.0,48.78527,2269913.5,391.284171,IT=13;13 ,ii
22070,Ref 2,30.430,88248,63096964.0,48.789282,2421555.0,391.2842167,IT=15;15 ,ii
22071,Ref 2,30.741,83836,61190260.0,48.793418,2321685.2,391.2843369,IT=15;15 ,ii
22074,Ref 2,32.997,86964,61030348.0,48.799616,2304917.5,391.2842256,IT=16;16 ,ii
22075,Ref 2,40.929,93768,57803076.0,48.803882,2150211.0,391.2845482,IT=20;20 ,ii
22080,Ref 2,38.827,90404,53802460.0,48.813597,2052197.4,391.2843433,IT=19;19 ,ii
22081,Ref 2,34.325,91128,59992604.0,48.81752,2537434.8,391.2844391,IT=17;17 ,ii
22085,Ref 2,44.772,96200,50155320.0,48.825459,1792193.4,391.2844051,IT=22;22 ,ii
22086,Ref 2,35.770,86708,51633576.0,48.829484,2203102.8,391.2843365,IT=18;18 ,ii
22087,Ref 2,33.489,82196,51095904.0,48.833428,2289136.5,391.2844227,IT=17;17 ,ii
22089,Ref 2,34.095,85968,51459552.0,48.83778,2190786.8,391.2843128,IT=17;17 ,ii
22090,Ref 2,31.631,83924,52295920.0,48.841901,2322863.8,391.284431,IT=16;16 ,ii
22092,Ref 2,33.947,85300,52109688.0,48.846257,2434129.2,391.2843511,IT=17;17 ,ii
22093,Ref 2,34.588,85848,47996440.0,48.850407,2000807.4,391.2844392,IT=17;17 ,ii
22096,Ref 2,40.575,89628,47216908.0,48.856774,2109415.0,391.284372,IT=20;20 ,ii
22097,Ref 2,42.170,95132,49715076.0,48.860967,2160521.8,391.2845532,IT=21;21 ,ii
22100,Ref 2,34.356,82200,44632504.0,48.867199,2177705.2,391.2844429,IT=17;17 ,ii
22101,Ref 2,33.790,84092,48462580.0,48.871336,2407935.2,391.2845,IT=17;17 ,ii
22105,Ref 2,39.716,89952,47237840.0,48.879205,2246515.5,391.2844273,IT=20;20 ,ii
22106,Ref 2,35.083,82096,46051496.0,48.883303,2265811.5,391.2844378,IT=18;18 ,ii
22110,Ref 2,34.789,83020,45142212.0,48.89108,2244389.8,642.3306683,IT=17;17 ,ii
22111,Ref 2,39.258,85164,45858756.0,48.895313,2541434.2,642.3308099,IT=20;20 ,ii
22112,Ref 2,35.047,81988,48750688.0,48.899413,3140558.0,642.3307038,IT=18;18 ,ii
22113,Ref 2,33.903,78372,45956856.0,48.903551,3158544.2,642.3307949,IT=17;17 ,ii
22116,Ref 2,32.934,79036,50988492.0,48.909475,4013134.5,642.3307135,IT=16;16 ,ii
22117,Ref 2,35.151,84216,52484272.0,48.913486,4547262.5,642.3307718,IT=18;18 ,ii
22118,Ref 2,35.876,81176,46810072.0,48.917644,3977123.0,642.330724,IT=18;18 ,ii
22119,Ref 2,35.332,81524,50456268.0,48.921788,4495232.5,642.3308025,IT=18;18 ,ii
22120,Ref 2,38.954,84580,48751564.0,48.926036,4680877.5,642.3307037,IT=19;19 ,ii
22121,Ref 2,35.455,75440,48391152.0,48.930148,4828297.5,642.3307939,IT=18;18 ,ii
22122,Ref 2,41.859,85000,48848268.0,48.934236,4830001.5,642.3309937,IT=21;21 ,ii
22123,Ref 2,33.066,79220,49353944.0,48.938265,5006458.0,642.3306981,IT=17;17 ,ii
22124,Ref 2,35.871,79740,47854056.0,48.942452,4610978.0,642.3304126,IT=18;18 ,ii
22125,Ref 2,33.828,80124,50619608.0,48.946567,4930552.0,642.3307831,IT=17;17 ,ii
22127,Ref 2,34.125,80348,51014912.0,48.95109,4997931.0,642.3305118,IT=17;17 ,ii
22128,Ref 2,33.578,81272,49898124.0,48.955052,4662208.0,642.3306695,IT=17;17 ,ii
22129,Ref 2,30.789,75920,50998988.0,48.959146,4738709.0,642.3308436,IT=15;15 ,ii
22132,Ref 2,34.333,84144,50636384.0,48.965098,4294344.0,642.3307543,IT=17;17 ,ii
22133,Ref 2,35.277,79976,50762356.0,48.969256,4064616.5,642.3308628,IT=18;18 ,ii
22137,Ref 2,33.775,84328,51202148.0,48.977365,3629185.5,642.330354,IT=17;17 ,ii
22138,Ref 2,33.285,78364,49752468.0,48.981327,3099039.2,642.3305325,IT=17;17 ,ii
22139,Ref 2,29.981,73756,51983084.0,48.985423,2891603.8,642.3304208,IT=15;15 ,ii
22140,Ref 2,36.680,81144,51192784.0,48.989658,2467646.0,642.3304578,IT=18;18 ,ii
22145,Ref 2,32.953,77936,56383256.0,48.999244,3556203.2,851.4575719,IT=16;16 ,ii
22146,Ref 2,28.716,71820,55836140.0,49.003139,3993369.8,851.4577283,IT=14;14 ,ii
22149,Ref 2,24.319,71476,68122136.0,49.010919,5379777.0,851.4575784,IT=12;12 ,ii
22155,Ref 2,22.722,67616,73414696.0,49.022243,7243144.5,851.4574058,IT=11;11 ,ii
22156,Ref 2,17.068,60328,82767552.0,49.026231,8364875.5,851.4572221,IT=8.5;8.5 ,ii
22161,Ref 2,17.905,62156,84358928.0,49.035595,9248854.0,851.4571845,IT=9;9 ,ii
22166,Ref 2,17.698,57572,84958040.0,49.044916,9823288.0,851.4571736,IT=8.8;8.8 ,ii
22167,Ref 2,17.434,63408,90229472.0,49.048975,10380992.0,851.4572909,IT=8.7;8.7 ,ii
22172,Ref 2,17.697,58048,87162376.0,49.058358,9840286.0,851.4574147,IT=8.8;8.8 ,ii
22178,Ref 2,17.737,59800,80938264.0,49.069568,8450993.0,851.4573615,IT=8.9;8.9 ,ii
22183,Ref 2,19.082,62368,79159776.0,49.078949,7390433.5,851.4569172,IT=9.5;9.5 ,ii
22184,Ref 2,20.933,66376,84418960.0,49.082878,7045708.0,851.4573008,IT=10;10 ,ii
22187,Ref 2,20.528,65972,82541520.0,49.088901,6282952.5,851.457175,IT=10;10 ,ii
22188,Ref 2,25.270,71180,79611376.0,49.093051,5484078.0,851.4575544,IT=13;13 ,ii
22190,Ref 2,20.721,63996,77746248.0,49.097176,4788210.0,851.457344,IT=10;10 ,ii
22191,Ref 2,22.674,75156,84510264.0,49.101276,4608692.0,851.457432,IT=11;11 ,ii
22196,Ref 2,24.743,74212,79968048.0,49.110739,3420260.5,851.4575481,IT=12;12 ,ii
22201,Ref 2,26.259,77224,77502504.0,49.120261,2474479.2,391.2839727,IT=13;13 ,ii
22202,Ref 2,22.150,69864,76479720.0,49.124293,2349492.8,391.2841137,IT=11;11 ,ii
22206,Ref 2,24.426,77416,78771792.0,49.131926,2607272.5,391.2840184,IT=12;12 ,ii
22207,Ref 2,23.567,70876,79348912.0,49.135837,2672176.8,391.2842042,IT=12;12 ,ii
22211,Ref 2,25.976,75536,68978096.0,49.143768,2269289.2,391.2840574,IT=13;13 ,ii
22212,Ref 2,24.875,77764,76566432.0,49.147688,2595543.0,391.2841439,IT=12;12 ,ii
22214,Ref 2,26.217,77016,70507360.0,49.151901,2440168.5,391.2840507,IT=13;13 ,ii
22215,Ref 2,20.482,67900,68267456.0,49.155918,2456175.5,391.2840224,IT=10;10 ,ii
22216,Ref 2,24.095,73708,71487304.0,49.160051,2675662.0,391.2840393,IT=12;12 ,ii
22217,Ref 2,27.365,78504,66416784.0,49.16403,2376597.0,391.2842263,IT=14;14 ,ii
22219,Ref 2,29.024,79396,65405868.0,49.168297,2454647.5,391.284217,IT=15;15 ,ii
22222,Ref 2,28.268,80200,66345608.0,49.174478,2514524.2,391.2841081,IT=14;14 ,ii
22223,Ref 2,24.637,74564,59896256.0,49.178534,2164342.2,391.2841207,IT=12;12 ,ii
22224,Ref 2,31.605,84144,59685876.0,49.182761,2387733.8,391.2842457,IT=16;16 ,ii
22230,Ref 2,28.511,76616,52973712.0,49.194132,2235545.5,391.2840983,IT=14;14 ,ii
22231,Ref 2,28.641,81792,58393052.0,49.198248,2361207.2,391.2840711,IT=14;14 ,ii
22232,Ref 2,30.246,79864,55725776.0,49.202388,2520438.2,670.9063146,IT=15;15 ,ii
22236,Ref 2,32.550,81668,54943008.0,49.210159,2809345.5,670.9065341,IT=16;16 ,ii
22240,Ref 2,30.287,80148,54434720.0,49.21824,3388614.2,670.9062329,IT=15;15 ,ii
22241,Ref 2,31.275,83176,58065072.0,49.222209,3826918.8,670.9062642,IT=16;16 ,ii
22242,Ref 2,29.559,79844,60477172.0,49.226307,4131695.8,670.9061663,IT=15;15 ,ii
22243,Ref 2,31.986,82612,58070620.0,49.230471,4140215.8,670.9063117,IT=16;16 ,ii
22244,Ref 2,32.734,77836,60411980.0,49.234623,4592300.0,670.9062936,IT=16;16 ,ii
22245,Ref 2,27.686,74204,60721364.0,49.238502,4705768.0,670.9065044,IT=14;14 ,ii
22249,Ref 2,26.688,74316,66013936.0,49.246461,5315820.0,670.9062686,IT=13;13 ,ii
22250,Ref 2,26.348,73880,65568908.0,49.250567,5273792.0,670.9064026,IT=13;13 ,ii
22255,Ref 2,27.590,75872,67371856.0,49.260088,5252144.5,670.9061794,IT=14;14 ,ii
22256,Ref 2,24.634,73080,69963472.0,49.264056,5397936.5,670.9062975,IT=12;12 ,ii
22259,Ref 2,24.820,71824,65144392.0,49.270131,5035809.5,670.9062313,IT=12;12 ,ii
22260,Ref 2,24.283,74300,73634872.0,49.274219,5927194.0,636.8566525,IT=12;12 ,ii
22261,Ref 2,23.180,69816,68551176.0,49.278283,5301550.0,636.8568215,IT=12;12 ,ii
22266,Ref 2,24.900,71528,70049976.0,49.287785,5347312.0,636.8566889,IT=12;12 ,ii
22267,Ref 2,27.371,74192,64738648.0,49.291756,4576958.5,636.8567132,IT=14;14 ,ii
22271,Ref 2,24.251,72656,69127608.0,49.299375,4697678.0,636.8566742,IT=12;12 ,ii
22272,Ref 2,23.886,72120,66769548.0,49.303462,4522284.5,636.8567513,IT=12;12 ,ii
22277,Ref 2,25.530,75136,64272456.0,49.312925,3768446.5,636.8566822,IT=13;13 ,ii
22278,Ref 2,22.060,70176,67332888.0,49.316969,3734431.2,636.856825,IT=11;11 ,ii
22283,Ref 2,29.472,81452,60886316.0,49.326564,2641213.5,636.8568425,IT=15;15 ,ii
22284,Ref 2,27.442,78148,58146112.0,49.330652,2455483.8,670.9063721,IT=14;14 ,ii
22287,Ref 2,27.785,77684,59402708.0,49.336491,2388200.5,670.9063714,IT=14;14 ,ii
22288,Ref 2,28.803,80308,59887808.0,49.340635,2451585.2,391.2843018,IT=14;14 ,ii
22292,Ref 2,32.561,84868,57799504.0,49.348733,2486193.0,391.2842305,IT=16;16 ,ii
22293,Ref 2,31.981,89528,59732356.0,49.352856,2329516.2,391.2843037,IT=16;16 ,ii
22295,Ref 2,34.713,91724,58785632.0,49.357387,2414112.0,807.9470806,IT=17;17 ,ii
22296,Ref 2,30.241,80828,55322328.0,49.361287,2521671.0,807.9472185,IT=15;15 ,ii
22300,Ref 2,27.837,79892,58613124.0,49.368977,2855455.5,807.9469185,IT=14;14 ,ii
22301,Ref 2,35.424,89064,60884132.0,49.373229,3045397.2,807.9473296,IT=18;18 ,ii
22303,Ref 2,29.634,79452,61758908.0,49.377522,3338263.2,807.9470026,IT=15;15 ,ii
22304,Ref 2,27.924,77476,60688828.0,49.38162,3511225.2,807.9471044,IT=14;14 ,ii
22307,Ref 2,33.099,79556,59095264.0,49.387814,3402832.2,807.9469819,IT=17;17 ,ii
22308,Ref 2,30.860,80280,61199260.0,49.391912,3743357.8,807.9471153,IT=15;15 ,ii
22311,Ref 2,29.911,78456,59299332.0,49.398078,3432074.0,807.9469981,IT=15;15 ,ii
22312,Ref 2,28.185,80032,62506644.0,49.402172,3655094.0,807.9473333,IT=14;14 ,ii
22314,Ref 2,23.064,72680,60896188.0,49.406351,3389089.8,807.9469628,IT=12;12 ,ii
22315,Ref 2,27.087,74096,60272016.0,49.410499,3519373.8,807.9471208,IT=14;14 ,ii
22320,Ref 2,26.574,74428,56113404.0,49.41998,3069658.2,807.9469953,IT=13;13 ,ii
22321,Ref 2,30.481,78616,55178340.0,49.424153,2805684.2,807.9473018,IT=15;15 ,ii
22323,Ref 2,31.485,81656,58723856.0,49.428453,2829735.0,807.947207,IT=16;16 ,ii
22324,Ref 2,34.216,81168,55705616.0,49.432626,2636500.0,807.9475855,IT=17;17 ,ii
22327,Ref 2,29.501,79372,57820380.0,49.438505,2603766.2,391.2842117,IT=15;15 ,ii
22328,Ref 2,26.771,74372,54033200.0,49.44258,2358041.2,807.947288,IT=13;13 ,ii
22331,Ref 2,37.782,91076,54635544.0,49.448834,2276924.5,391.2842292,IT=19;19 ,ii
22332,Ref 2,38.513,87220,53938080.0,49.453007,2314263.2,391.2843405,IT=19;19 ,ii
22335,Ref 2,28.129,75696,50897188.0,49.458861,2130814.5,391.2841279,IT=14;14 ,ii
22336,Ref 2,31.579,81756,56424884.0,49.46303,2367420.8,391.2842957,IT=16;16 ,ii
22338,Ref 2,33.335,79888,52430604.0,49.467359,2356883.0,391.2841928,IT=17;17 ,ii
22339,Ref 2,36.792,91248,56012132.0,49.471553,2347820.0,391.2842106,IT=18;18 ,ii
22340,Ref 2,29.361,78844,54501244.0,49.47559,2417157.2,391.2842535,IT=15;15 ,ii
22343,Ref 2,32.644,79580,52806284.0,49.481482,2181084.2,391.2841912,IT=16;16 ,ii
22346,Ref 2,29.944,75160,54919884.0,49.487672,2442244.2,391.284208,IT=15;15 ,ii
22347,Ref 2,29.623,76112,55196064.0,49.491792,2327596.5,391.2842581,IT=15;15 ,ii
22350,Ref 2,33.368,81864,55595940.0,49.497742,2222599.8,391.2842032,IT=17;17 ,ii
22351,Ref 2,28.993,71484,54146544.0,49.501828,2288302.5,391.284304,IT=14;14 ,ii
22353,Ref 2,27.533,75404,57361184.0,49.506215,2341217.8,391.2841432,IT=14;14 ,ii
22354,Ref 2,29.787,77832,58028064.0,49.510274,2365466.0,391.2840643,IT=15;15 ,ii
22355,Ref 2,30.256,76224,55389348.0,49.514407,2190316.5,391.2841875,IT=15;15 ,ii
22356,Ref 2,28.091,77792,60263388.0,49.518488,2360830.2,391.2841302,IT=14;14 ,ii
22359,Ref 2,31.812,78244,56298208.0,49.524725,2237348.8,391.2842989,IT=16;16 ,ii
22361,Ref 2,27.493,74464,57149364.0,49.528998,2358917.0,391.2841748,IT=14;14 ,ii
22362,Ref 2,31.331,82356,57995632.0,49.533178,2284881.5,391.2843356,IT=16;16 ,ii
22366,Ref 2,27.218,75832,58396748.0,49.541117,2486892.2,391.2841094,IT=14;14 ,ii
22367,Ref 2,27.113,76708,57457216.0,49.545236,2341952.2,391.28422,IT=14;14 ,ii
22371,Ref 2,25.307,72228,54759284.0,49.552861,2570465.2,391.2838125,IT=13;13 ,ii
22372,Ref 2,28.658,74748,55589392.0,49.557013,2084171.9,391.284196,IT=14;14 ,ii
22373,Ref 2,28.795,70576,49799236.0,49.561125,2028163.2,391.2841679,IT=14;14 ,ii
22374,Ref 2,28.628,78164,55885816.0,49.565242,2386293.8,391.2841001,IT=14;14 ,ii
22375,Ref 2,27.671,77816,56647168.0,49.569173,2350480.5,391.2842388,IT=14;14 ,ii
22378,Ref 2,33.292,82832,54490472.0,49.575123,2379857.8,391.2842309,IT=17;17 ,ii
22379,Ref 2,31.001,80416,54477068.0,49.579054,2395244.0,391.28425,IT=16;16 ,ii
22381,Ref 2,29.761,80036,53020184.0,49.583344,2256657.5,391.2842335,IT=15;15 ,ii
22382,Ref 2,40.725,91924,52604752.0,49.587642,2200990.0,391.2843357,IT=20;20 ,ii
22385,Ref 2,33.123,87112,52731156.0,49.595546,2186092.2,391.2844086,IT=17;17 ,ii
22390,Ref 2,34.905,86492,50502892.0,49.605552,2313372.5,391.2843536,IT=17;17 ,ii
22391,Ref 2,37.431,90884,50667916.0,49.609744,2234539.5,391.2843948,IT=19;19 ,ii
22396,Ref 2,39.642,88028,46628220.0,49.619494,2144427.0,391.2844197,IT=20;20 ,ii
22401,Ref 2,41.469,94488,45365520.0,49.629216,2151548.0,391.2844329,IT=21;21 ,ii
22402,Ref 2,41.755,92112,44925820.0,49.633223,2133372.0,391.284489,IT=21;21 ,ii
22405,Ref 2,44.114,92588,42496880.0,49.639339,2002791.5,391.2843149,IT=22;22 ,ii
22406,Ref 2,41.074,88636,42694340.0,49.643287,2198145.8,391.2843229,IT=21;21 ,ii
22407,Ref 2,39.956,94248,45528328.0,49.647443,2161055.5,391.2843501,IT=20;20 ,ii
22408,Ref 2,43.776,93892,40904204.0,49.651679,2024743.9,391.284326,IT=22;22 ,ii
22409,Ref 2,39.933,92180,43726272.0,49.655791,2273838.0,391.2841982,IT=20;20 ,ii
22410,Ref 2,38.173,86496,42224176.0,49.659758,2081364.1,391.2842679,IT=19;19 ,ii
22411,Ref 2,49.860,96656,38235208.0,49.66412,1568639.1,391.2843925,IT=25;25 ,ii
22412,Ref 2,41.491,88892,41089496.0,49.668154,2128882.5,391.2843791,IT=21;21 ,ii
22413,Ref 2,47.732,91436,38898572.0,49.672435,1708078.8,391.2844558,IT=24;24 ,ii
22414,Ref 2,40.225,86880,40147196.0,49.676731,2057890.6,391.2843299,IT=20;20 ,ii
22415,Ref 2,44.182,89540,39881188.0,49.680966,2099862.8,391.2843576,IT=22;22 ,ii
22417,Ref 2,47.207,93940,40339612.0,49.685537,1886795.9,391.2842922,IT=24;24 ,ii
22418,Ref 2,38.325,85400,41155140.0,49.689572,2095852.5,391.284325,IT=19;19 ,ii
22421,Ref 2,42.708,90132,41689964.0,49.695947,2215429.2,391.284324,IT=21;21 ,ii
22422,Ref 2,45.074,93496,40316856.0,49.700164,1965741.2,391.2844774,IT=23;23 ,ii
22425,Ref 2,46.020,90276,39950168.0,49.706574,2135365.0,391.2844465,IT=23;23 ,ii
22426,Ref 2,43.826,90164,39419972.0,49.710714,1930888.2,391.2844388,IT=22;22 ,ii
22428,Ref 2,39.448,81772,38928256.0,49.715312,2044363.5,391.2843648,IT=20;20 ,ii
22429,Ref 2,35.587,82304,41487288.0,49.719433,2256555.0,391.2843766,IT=18;18 ,ii
22432,Ref 2,35.805,83060,41256640.0,49.725691,2071675.0,391.2842746,IT=18;18 ,ii
22433,Ref 2,37.265,80496,40357468.0,49.729864,2180837.0,391.2844092,IT=19;19 ,ii
22436,Ref 2,43.388,86500,39880420.0,49.735964,1920579.5,391.2843318,IT=22;22 ,ii
22437,Ref 2,36.008,84468,43862172.0,49.739843,2206009.2,391.2843277,IT=18;18 ,ii
22438,Ref 2,35.447,80676,43872544.0,49.743982,2284815.8,391.2841806,IT=18;18 ,ii
22439,Ref 2,41.408,89580,43536300.0,49.748228,2032254.0,391.284287,IT=21;21 ,ii
22445,Ref 2,39.777,87252,44089856.0,49.759797,2141145.2,391.2841737,IT=20;20 ,ii
22449,Ref 2,40.182,89604,46951320.0,49.769718,2257241.0,391.28418,IT=20;20 ,ii
22450,Ref 2,33.901,88412,50480080.0,49.773784,2263812.0,391.2843383,IT=17;17 ,ii
22455,Ref 2,32.278,80076,52324028.0,49.783399,2472243.2,391.2841973,IT=16;16 ,ii
22456,Ref 2,33.208,81668,50088272.0,49.787372,2102431.0,391.2842459,IT=17;17 ,ii
22459,Ref 2,28.570,77792,52389820.0,49.793211,2286356.8,391.2840696,IT=14;14 ,ii
22460,Ref 2,31.319,85448,58271576.0,49.797197,2335676.8,391.2843055,IT=16;16 ,ii
22465,Ref 2,26.537,78796,62466496.0,49.806994,2534584.0,391.2840956,IT=13;13 ,ii
22466,Ref 2,25.975,73860,58615816.0,49.81109,2223455.5,391.2840652,IT=13;13 ,ii
22467,Ref 2,28.979,76088,58683492.0,49.81524,2070770.8,391.2840681,IT=14;14 ,ii
22468,Ref 2,26.965,73104,60955284.0,49.819165,2422304.8,391.2841354,IT=13;13 ,ii
22471,Ref 2,23.243,71196,62847332.0,49.825196,2384057.0,391.2839509,IT=12;12 ,ii
22472,Ref 2,24.357,73868,65791976.0,49.829311,2417825.2,391.2841414,IT=12;12 ,ii
22477,Ref 2,23.617,70040,63858060.0,49.838771,2330404.0,995.0220746,IT=12;12 ,ii
22478,Ref 2,25.649,71052,64735152.0,49.8429,2472003.5,391.2841146,IT=13;13 ,ii
22481,Ref 2,21.767,71976,67460760.0,49.84864,2439109.5,788.9148157,IT=11;11 ,ii
22482,Ref 2,21.175,63468,62235376.0,49.852709,2346831.2,391.2841291,IT=11;11 ,ii
22485,Ref 2,23.940,72368,65782524.0,49.85878,2456146.8,391.2839916,IT=12;12 ,ii
22486,Ref 2,26.046,73232,64513964.0,49.862748,2392494.8,493.7978227,IT=13;13 ,ii
22488,Ref 2,27.590,73596,60024248.0,49.866977,2322289.8,391.2840997,IT=14;14 ,ii
22489,Ref 2,26.157,70340,63197236.0,49.871067,2793887.5,493.7978197,IT=13;13 ,ii
22493,Ref 2,23.082,64352,55340328.0,49.878965,2576353.5,493.7978883,IT=12;12 ,ii
22494,Ref 2,25.272,75636,66921440.0,49.882913,3551276.8,493.7979601,IT=13;13 ,ii
22496,Ref 2,23.325,66352,54595084.0,49.88709,2639511.0,493.7979571,IT=12;12 ,ii
22497,Ref 2,25.354,72864,60590328.0,49.891208,3201886.5,493.7979584,IT=13;13 ,ii
22498,Ref 2,29.383,78748,56725720.0,49.895377,2772807.8,493.7980833,IT=15;15 ,ii
22501,Ref 2,30.684,76464,54123292.0,49.901269,2824311.2,493.7980538,IT=15;15 ,ii
22503,Ref 2,30.265,78020,54510816.0,49.905598,2739976.2,493.7980187,IT=15;15 ,ii
22504,Ref 2,32.709,80380,52164288.0,49.90976,2425629.0,391.284351,IT=16;16 ,ii
22507,Ref 2,32.196,76876,47411584.0,49.915996,2230577.0,391.2842865,IT=16;16 ,ii
22508,Ref 2,32.802,81904,48750776.0,49.920137,2378410.0,391.2842122,IT=16;16 ,ii
22509,Ref 2,33.310,83500,50058956.0,49.924287,2406290.2,391.2843468,IT=17;17 ,ii
22514,Ref 2,42.698,85420,41554156.0,49.934066,2146247.2,391.2843285,IT=21;21 ,ii
22515,Ref 2,38.280,81792,38843216.0,49.938175,1883727.0,391.284364,IT=19;19 ,ii
22517,Ref 2,45.094,90348,39666732.0,49.942712,2136952.8,391.284416,IT=23;23 ,ii
22518,Ref 2,40.261,86448,40338312.0,49.946806,2253242.8,391.2844159,IT=20;20 ,ii
22521,Ref 2,46.826,92152,37471796.0,49.952985,2008105.6,391.2844126,IT=23;23 ,ii
22522,Ref 2,44.682,88344,37290292.0,49.957118,2035929.4,391.2844333,IT=22;22 ,ii
22524,Ref 2,48.822,90340,34821788.0,49.961906,1752348.8,391.2844012,IT=24;24 ,ii
22525,Ref 2,49.170,90740,34696088.0,49.966087,1810468.4,391.2844928,IT=25;25 ,ii
22526,Ref 2,50.000,89836,33888676.0,49.97027,1774856.4,391.2843498,IT=25;25 ,ii
22527,Ref 2,50.000,92720,34156480.0,49.974272,1725616.6,391.2844481,IT=25;25 ,ii
22529,Ref 2,48.759,92632,34129704.0,49.978872,1822643.9,391.2843254,IT=24;24 ,ii
22530,Ref 2,39.231,80000,34053032.0,49.982912,1993554.4,391.2844865,IT=20;20 ,ii
22533,Ref 2,50.000,97580,34788112.0,49.989412,1756938.4,391.2843409,IT=25;25 ,ii
22534,Ref 2,48.524,94352,34766104.0,49.993558,1909918.5,391.2844504,IT=24;24 ,ii
22538,Ref 2,50.000,93232,33770780.0,50.001631,1708995.5,391.2844733,IT=25;25 ,ii
22539,Ref 2,50.000,91588,33123952.0,50.005631,1747111.2,391.2844351,IT=25;25 ,ii
22541,Ref 2,49.712,95820,35241072.0,50.011976,1755911.4,391.2844237,IT=25;25 ,ii
22542,Ref 2,45.481,89076,35236944.0,50.016074,1924319.5,391.2843081,IT=23;23 ,ii
22543,Ref 2,47.001,86720,35604800.0,50.020276,2037098.1,391.2843712,IT=24;24 ,ii
22544,Ref 2,50.000,86992,34819824.0,50.024516,1843663.9,391.2844671,IT=25;25 ,ii
22547,Ref 2,50.000,87792,35131600.0,50.031035,1811996.6,391.2843702,IT=25;25 ,ii
22548,Ref 2,47.101,90708,37670048.0,50.035168,2047520.9,391.2844407,IT=24;24 ,ii
22550,Ref 2,42.240,87616,39242968.0,50.03981,2121289.0,391.2842088,IT=21;21 ,ii
22551,Ref 2,43.639,87352,38242420.0,50.043839,2084598.6,391.2842745,IT=22;22 ,ii
22552,Ref 2,41.762,86480,39011412.0,50.047985,2193315.0,391.284287,IT=21;21 ,ii
22553,Ref 2,42.337,88936,39380796.0,50.052174,2023275.1,391.2842314,IT=21;21 ,ii
22554,Ref 2,49.381,90432,36515068.0,50.05647,1844716.2,391.284388,IT=25;25 ,ii
22555,Ref 2,41.037,85944,40362600.0,50.060334,2242711.8,391.2844016,IT=21;21 ,ii
22557,Ref 2,37.196,84372,41322856.0,50.064743,2311179.2,391.2843501,IT=19;19 ,ii
22558,Ref 2,36.189,78440,38048832.0,50.068887,2099153.5,391.2844412,IT=18;18 ,ii
22560,Ref 2,46.445,85752,37836012.0,50.073451,2049739.5,391.2843846,IT=23;23 ,ii
22561,Ref 2,41.483,85000,36950028.0,50.077545,1901229.9,391.2842991,IT=21;21 ,ii
22562,Ref 2,41.280,85764,36903808.0,50.081551,2029680.6,391.2843324,IT=21;21 ,ii
22563,Ref 2,39.451,85856,40027168.0,50.085695,2253178.0,391.2845047,IT=20;20 ,ii
22565,Ref 2,42.070,86700,38147132.0,50.090161,2010355.0,391.2843933,IT=21;21 ,ii
22566,Ref 2,40.057,83336,38426472.0,50.094461,2104747.8,391.2843547,IT=20;20 ,ii
22567,Ref 2,43.504,88436,38917192.0,50.098695,2157373.2,391.2844669,IT=22;22 ,ii
22571,Ref 2,46.150,93340,39030656.0,50.106688,2062188.4,391.2843854,IT=23;23 ,ii
22572,Ref 2,46.432,89584,39615588.0,50.110867,2165550.8,391.2844563,IT=23;23 ,ii
22575,Ref 2,42.524,89952,38412316.0,50.117247,1941689.6,391.2842942,IT=21;21 ,ii
22576,Ref 2,48.278,92740,38464036.0,50.121517,1915594.9,391.2845052,IT=24;24 ,ii
22581,Ref 2,37.753,82804,40599880.0,50.131182,2090669.2,391.2842108,IT=19;19 ,ii
22582,Ref 2,47.795,90968,40857756.0,50.135509,1849979.9,391.284351,IT=24;24 ,ii
22583,Ref 2,43.000,94456,44660272.0,50.139432,2139217.2,391.2843984,IT=21;21 ,ii
22587,Ref 2,36.026,84376,48613140.0,50.147257,2335452.5,391.2841855,IT=18;18 ,ii
22588,Ref 2,34.924,81684,49133272.0,50.151392,2312711.0,391.2842434,IT=17;17 ,ii
22592,Ref 2,37.510,83200,49163096.0,50.159259,2257336.8,391.2842785,IT=19;19 ,ii
22595,Ref 2,32.351,76612,49347516.0,50.165192,2100581.0,391.2841151,IT=16;16 ,ii
22596,Ref 2,34.913,80552,51641776.0,50.169369,2320380.0,391.2841573,IT=17;17 ,ii
22597,Ref 2,31.801,79008,55729676.0,50.173498,2493253.5,391.2842858,IT=16;16 ,ii
22599,Ref 2,29.351,81572,57869404.0,50.177948,2385864.5,391.2841531,IT=15;15 ,ii
22600,Ref 2,31.497,79512,53900160.0,50.181938,2290282.8,391.2842092,IT=16;16 ,ii
22602,Ref 2,28.123,75748,56529444.0,50.186192,2460249.8,391.2841784,IT=14;14 ,ii
22603,Ref 2,28.475,73940,58887920.0,50.190313,2455798.8,391.284193,IT=14;14 ,ii
22604,Ref 2,33.412,83464,58897204.0,50.194515,2325164.8,391.2842505,IT=17;17 ,ii
22606,Ref 2,28.552,75188,59002928.0,50.198765,2434455.2,391.2841385,IT=14;14 ,ii
22607,Ref 2,27.580,78184,61579056.0,50.202865,2490183.0,978.9857331,IT=14;14 ,ii
22613,Ref 2,25.169,75052,67084832.0,50.214235,2744346.5,391.2840336,IT=13;13 ,ii
22614,Ref 2,23.600,71492,60514228.0,50.218306,2735558.5,978.9858052,IT=12;12 ,ii
22618,Ref 2,27.431,72980,60859800.0,50.225992,2588076.2,978.9857216,IT=14;14 ,ii
22619,Ref 2,24.603,73340,60582624.0,50.229887,2582651.8,978.9856533,IT=12;12 ,ii
22622,Ref 2,27.614,74732,61403808.0,50.235735,2635748.5,978.9854171,IT=14;14 ,ii
22623,Ref 2,26.200,73348,60930204.0,50.239825,2798051.2,978.9858066,IT=13;13 ,ii
22626,Ref 2,22.908,67700,62329908.0,50.24585,2552005.5,978.9852818,IT=11;11 ,ii
22627,Ref 2,25.337,71920,60986432.0,50.249971,2599180.2,978.9853622,IT=13;13 ,ii
22628,Ref 2,24.608,70676,60502828.0,50.254052,2478002.8,978.9850631,IT=12;12 ,ii
22629,Ref 2,22.645,67628,62247144.0,50.258104,2453356.2,978.985382,IT=11;11 ,ii
22631,Ref 2,24.674,69604,62270924.0,50.262283,2505854.8,391.2840147,IT=12;12 ,ii
22632,Ref 2,20.863,63148,63441996.0,50.266316,2411329.5,978.9856237,IT=10;10 ,ii
22637,Ref 2,25.245,72076,61728576.0,50.275818,2523289.8,552.2923462,IT=13;13 ,ii
22638,Ref 2,26.901,74100,62862668.0,50.279946,3073469.5,552.2924248,IT=13;13 ,ii
22640,Ref 2,22.675,67852,59210252.0,50.284089,2922910.0,552.2922762,IT=11;11 ,ii
22641,Ref 2,19.802,62380,60552644.0,50.288123,3278727.2,552.292364,IT=9.9;9.9 ,ii
22643,Ref 2,21.920,68516,64264528.0,50.292268,4086776.8,552.2924099,IT=11;11 ,ii
22644,Ref 2,26.392,70088,56367172.0,50.296418,3213694.0,552.2926184,IT=13;13 ,ii
22647,Ref 2,22.282,64404,58200060.0,50.302168,3754279.8,552.2924116,IT=11;11 ,ii
22648,Ref 2,28.510,74684,59765616.0,50.30635,4300546.5,552.2925932,IT=14;14 ,ii
22651,Ref 2,23.357,65452,55302448.0,50.312099,3930470.2,552.2924035,IT=12;12 ,ii
22652,Ref 2,20.755,61520,54550264.0,50.315977,3893197.5,552.2925614,IT=10;10 ,ii
22657,Ref 2,27.120,67408,50346276.0,50.325464,3465604.5,552.2924859,IT=14;14 ,ii
22658,Ref 2,29.818,74848,51682920.0,50.329626,3531420.8,552.292631,IT=15;15 ,ii
22659,Ref 2,30.403,76524,51662904.0,50.333766,3496839.5,552.2926195,IT=15;15 ,ii
22661,Ref 2,28.258,67368,47296468.0,50.338199,3123836.8,552.2926387,IT=14;14 ,ii
22662,Ref 2,32.748,77176,47180344.0,50.342222,2775663.2,552.2925451,IT=16;16 ,ii
22663,Ref 2,34.613,79396,43046404.0,50.346393,2341470.5,552.2928386,IT=17;17 ,ii
22665,Ref 2,29.939,76076,47940040.0,50.350685,2724752.0,552.2925161,IT=15;15 ,ii
22666,Ref 2,35.859,78400,43160200.0,50.354912,2222144.0,391.2843401,IT=18;18 ,ii
22668,Ref 2,30.093,71768,42716008.0,50.359368,2201966.5,391.2842549,IT=15;15 ,ii
22669,Ref 2,29.551,71256,41414848.0,50.363318,2230627.0,391.2842578,IT=15;15 ,ii
22670,Ref 2,37.695,78540,40910472.0,50.367576,1995656.9,391.2843116,IT=19;19 ,ii
22671,Ref 2,45.055,88724,40638652.0,50.371878,2100712.0,391.284436,IT=23;23 ,ii
22673,Ref 2,35.849,75152,41260316.0,50.376414,2246089.0,391.2842463,IT=18;18 ,ii
22674,Ref 2,38.605,81220,41070304.0,50.380445,2081229.1,391.2843965,IT=19;19 ,ii
22676,Ref 2,35.897,73764,39447060.0,50.384841,2181173.8,391.2842369,IT=18;18 ,ii
22677,Ref 2,35.124,77128,40038816.0,50.388986,2160689.5,391.2841582,IT=18;18 ,ii
22678,Ref 2,40.078,82964,42409684.0,50.39322,2149339.8,391.2844256,IT=20;20 ,ii
22681,Ref 2,41.931,81728,39653288.0,50.399299,2214962.5,391.2842986,IT=21;21 ,ii
22682,Ref 2,43.489,85268,41062580.0,50.403503,2129457.8,391.2844486,IT=22;22 ,ii
22684,Ref 2,31.791,75520,42488684.0,50.407993,2027975.0,391.2842619,IT=16;16 ,ii
22685,Ref 2,35.685,79640,42107184.0,50.412022,2297893.0,391.2843398,IT=18;18 ,ii
22687,Ref 2,36.377,83612,44100884.0,50.416415,2373554.0,391.2843105,IT=18;18 ,ii
22688,Ref 2,38.344,77848,38586640.0,50.420607,1986539.4,391.2842503,IT=19;19 ,ii
22689,Ref 2,34.708,78388,41752612.0,50.424811,2256953.8,391.2842414,IT=17;17 ,ii
22690,Ref 2,44.110,83592,40692000.0,50.429132,2119007.0,391.284418,IT=22;22 ,ii
22694,Ref 2,39.612,83160,40203792.0,50.437026,2080203.4,391.2842676,IT=20;20 ,ii
22695,Ref 2,34.695,80308,42517632.0,50.441126,2166238.8,391.2842518,IT=17;17 ,ii
22698,Ref 2,39.262,80704,40876952.0,50.447476,2116300.0,391.2842081,IT=20;20 ,ii
22699,Ref 2,30.453,71188,40936512.0,50.451496,2192063.2,391.2841614,IT=15;15 ,ii
22701,Ref 2,37.754,82708,42306260.0,50.456067,2062015.1,391.2841927,IT=19;19 ,ii
22702,Ref 2,35.959,80400,43815148.0,50.46003,2284437.2,391.2841862,IT=18;18 ,ii
22703,Ref 2,31.865,76404,42459072.0,50.464119,2155277.8,391.2842817,IT=16;16 ,ii
22706,Ref 2,43.523,88180,41671944.0,50.470219,1854919.6,391.2841673,IT=22;22 ,ii
22707,Ref 2,42.187,85572,41071796.0,50.474375,2001599.1,391.284466,IT=21;21 ,ii
22711,Ref 2,36.059,79768,42560424.0,50.482223,1990173.8,391.2841912,IT=18;18 ,ii
22712,Ref 2,27.579,69044,45685156.0,50.486067,2355282.5,391.284305,IT=14;14 ,ii
22715,Ref 2,28.928,75112,46070920.0,50.491913,2314679.2,391.2841245,IT=14;14 ,ii
22716,Ref 2,38.339,80248,45497484.0,50.496194,2147852.8,391.2841486,IT=19;19 ,ii
22717,Ref 2,29.036,74232,48447880.0,50.500211,2333949.2,391.28428,IT=15;15 ,ii
22722,Ref 2,34.974,80312,48521632.0,50.509825,2155702.2,391.2842783,IT=17;17 ,ii
22723,Ref 2,32.744,77300,48666560.0,50.514102,2308122.8,391.2841166,IT=16;16 ,ii
22724,Ref 2,29.418,72256,47711692.0,50.518181,2313600.2,391.2841914,IT=15;15 ,ii
22725,Ref 2,32.031,76000,47922816.0,50.522346,2216012.8,391.2843518,IT=16;16 ,ii
22727,Ref 2,30.998,76156,50606072.0,50.52665,2500649.0,391.2841672,IT=15;15 ,ii
22728,Ref 2,31.159,75140,50338744.0,50.530783,2384484.2,391.2843811,IT=16;16 ,ii
22732,Ref 2,32.694,73624,46004172.0,50.538796,2199988.2,391.2842752,IT=16;16 ,ii
22733,Ref 2,30.895,77164,50114184.0,50.542915,2410684.5,391.284253,IT=15;15 ,ii
22734,Ref 2,34.647,80180,47887200.0,50.547102,2175050.0,391.2842841,IT=17;17 ,ii
22737,Ref 2,32.959,78316,49060820.0,50.553044,2390440.2,391.2841248,IT=16;16 ,ii
22738,Ref 2,31.387,69812,45467952.0,50.557152,2191434.5,391.2842832,IT=16;16 ,ii
22740,Ref 2,35.851,77112,43969060.0,50.561539,2034517.8,391.2842278,IT=18;18 ,ii
22741,Ref 2,32.219,76512,47384132.0,50.56565,2335015.8,391.2843101,IT=16;16 ,ii
22744,Ref 2,30.354,69624,42828708.0,50.571794,1889086.8,391.28428,IT=15;15 ,ii
22745,Ref 2,35.016,79584,44998036.0,50.576002,2025518.4,391.2844063,IT=18;18 ,ii
22748,Ref 2,35.028,80364,46971452.0,50.581966,2354489.2,391.2842197,IT=18;18 ,ii
22749,Ref 2,32.420,80220,45730784.0,50.586073,2207916.0,391.2842284,IT=16;16 ,ii
22752,Ref 2,34.581,78700,45259532.0,50.594023,2260198.8,391.2842895,IT=17;17 ,ii
22753,Ref 2,36.636,76228,42232940.0,50.598031,2014470.8,391.2844328,IT=18;18 ,ii
22757,Ref 2,36.986,81132,44730700.0,50.605883,2194478.2,391.2843025,IT=18;18 ,ii
22758,Ref 2,39.043,82700,43458468.0,50.610077,2003697.1,391.2843879,IT=20;20 ,ii
22761,Ref 2,33.611,82580,46698552.0,50.616,2453849.0,391.2842891,IT=17;17 ,ii
22762,Ref 2,36.884,81972,45018812.0,50.620024,2162493.8,391.2844025,IT=18;18 ,ii
22765,Ref 2,37.255,80852,46229712.0,50.626029,2296350.2,391.2842394,IT=19;19 ,ii
22766,Ref 2,35.656,80120,46482248.0,50.630156,2295705.5,391.2842955,IT=18;18 ,ii
22767,Ref 2,37.817,85636,45620648.0,50.634351,2071838.1,391.2843372,IT=19;19 ,ii
22771,Ref 2,36.095,79572,42758640.0,50.642422,2155671.5,391.2843629,IT=18;18 ,ii
22775,Ref 2,35.657,81168,44967632.0,50.650272,2237423.0,391.2843192,IT=18;18 ,ii
22776,Ref 2,37.438,81708,43530156.0,50.654458,2109100.5,391.2844217,IT=19;19 ,ii
22778,Ref 2,34.265,81892,45182072.0,50.65897,2089732.8,391.2842592,IT=17;17 ,ii
22779,Ref 2,34.155,80492,45769240.0,50.662941,2244333.2,391.2842777,IT=17;17 ,ii
22780,Ref 2,37.209,80840,44966036.0,50.66713,2306976.2,391.2842964,IT=19;19 ,ii
22781,Ref 2,37.519,88216,45375004.0,50.671299,2131467.0,391.2842996,IT=19;19 ,ii
22785,Ref 2,34.063,83976,44904628.0,50.681087,2233153.5,391.2842112,IT=17;17 ,ii
22786,Ref 2,35.340,86228,46637824.0,50.685251,2024517.5,391.284317,IT=18;18 ,ii
22789,Ref 2,32.744,80208,44437464.0,50.691441,2170726.2,391.2843268,IT=16;16 ,ii
22790,Ref 2,33.501,89580,49601260.0,50.695589,2328294.0,391.2844408,IT=17;17 ,ii
22794,Ref 2,35.985,85896,47442088.0,50.703703,2216986.8,391.2843496,IT=18;18 ,ii
22795,Ref 2,31.870,81544,50818452.0,50.707799,2267729.0,391.2842056,IT=16;16 ,ii
22796,Ref 2,25.907,76348,53590052.0,50.711838,2423770.2,391.2842383,IT=13;13 ,ii
22799,Ref 2,28.827,75468,53996560.0,50.717697,2525102.5,391.2842739,IT=14;14 ,ii
22803,Ref 2,29.224,77724,54575344.0,50.725426,2157048.2,391.2842255,IT=15;15 ,ii
22804,Ref 2,23.889,68436,55699856.0,50.729457,2450108.0,738.8762871,IT=12;12 ,ii
22805,Ref 2,26.842,74560,60907796.0,50.733599,3081664.2,738.8766425,IT=13;13 ,ii
22808,Ref 2,24.155,66468,59166840.0,50.739411,3390311.0,738.8763064,IT=12;12 ,ii
22809,Ref 2,21.436,63656,62604728.0,50.743457,3761804.0,738.8766326,IT=11;11 ,ii
22811,Ref 2,21.161,65504,64938372.0,50.747576,3984864.0,738.8762228,IT=11;11 ,ii
22812,Ref 2,21.368,64576,65872240.0,50.751653,4106667.2,738.8763546,IT=11;11 ,ii
22813,Ref 2,20.972,64572,69989760.0,50.755717,4872436.0,738.8762047,IT=10;10 ,ii
22818,Ref 2,18.805,59804,70376440.0,50.767057,5174720.0,738.8761799,IT=9.4;9.4 ,ii
22819,Ref 2,21.744,64248,69688496.0,50.771167,5069149.5,738.8763116,IT=11;11 ,ii
22821,Ref 2,22.146,64668,67133368.0,50.775478,5117545.0,738.8761213,IT=11;11 ,ii
22822,Ref 2,19.358,58924,67988640.0,50.779344,4820035.5,738.8762606,IT=9.7;9.7 ,ii
22825,Ref 2,22.051,66076,69489920.0,50.785075,4704970.0,738.8762132,IT=11;11 ,ii
22826,Ref 2,22.969,63856,61619040.0,50.789167,4146240.8,738.8759923,IT=11;11 ,ii
22827,Ref 2,24.504,68036,65479256.0,50.793275,4109251.5,738.8760847,IT=12;12 ,ii
22828,Ref 2,25.008,62760,55731356.0,50.797375,3557267.8,738.8763301,IT=13;13 ,ii
22831,Ref 2,24.959,69732,58660228.0,50.803155,3441883.8,738.876251,IT=12;12 ,ii
22832,Ref 2,24.910,67684,56952760.0,50.80725,3021038.0,738.876559,IT=12;12 ,ii
22836,Ref 2,29.500,74928,51126584.0,50.815254,2357017.2,738.8764085,IT=15;15 ,ii
22837,Ref 2,30.424,79424,54465392.0,50.819392,2429078.0,391.2842922,IT=15;15 ,ii
22840,Ref 2,33.004,78904,46486600.0,50.825604,2090212.8,391.2841697,IT=17;17 ,ii
22841,Ref 2,29.638,74348,46991964.0,50.829684,2092624.2,391.2842684,IT=15;15 ,ii
22842,Ref 2,30.565,78044,48465848.0,50.833654,2433213.8,391.2842964,IT=15;15 ,ii
22847,Ref 2,29.404,76132,44894184.0,50.843177,2215540.5,391.2842347,IT=15;15 ,ii
22848,Ref 2,29.660,76552,46439556.0,50.847302,2268356.0,391.2842866,IT=15;15 ,ii
22851,Ref 2,39.663,90904,45629708.0,50.853639,2026689.8,391.2843549,IT=20;20 ,ii
22852,Ref 2,36.991,89212,49011988.0,50.857758,2364398.0,391.2844454,IT=18;18 ,ii
22856,Ref 2,38.552,91724,46905228.0,50.865571,2172910.8,391.2843313,IT=19;19 ,ii
22857,Ref 2,26.264,75024,48286344.0,50.869358,2322443.8,391.2843239,IT=13;13 ,ii
22860,Ref 2,31.469,86748,51395584.0,50.875516,2151592.0,391.2841583,IT=16;16 ,ii
22861,Ref 2,40.650,92960,49316712.0,50.879794,2206064.8,391.2843671,IT=20;20 ,ii
22864,Ref 2,34.031,84008,48756660.0,50.885739,2218598.8,391.2843048,IT=17;17 ,ii
22870,Ref 2,29.269,81140,51666064.0,50.897158,2300843.5,391.2841501,IT=15;15 ,ii
22871,Ref 2,32.547,82772,48833924.0,50.901329,2102823.8,391.2842884,IT=16;16 ,ii
22874,Ref 2,31.731,81800,51625076.0,50.907537,2382615.2,391.2840287,IT=16;16 ,ii
22875,Ref 2,29.515,78324,50637824.0,50.911625,2108639.8,391.2842046,IT=15;15 ,ii
22878,Ref 2,31.058,81080,51556816.0,50.91781,2226491.5,391.284087,IT=16;16 ,ii
22879,Ref 2,26.743,74584,52166536.0,50.92186,2164402.0,391.2840411,IT=13;13 ,ii
22880,Ref 2,24.060,72580,50863576.0,50.925924,2011572.9,391.2840981,IT=12;12 ,ii
22884,Ref 2,26.149,76248,55136568.0,50.933574,2467598.0,391.2840834,IT=13;13 ,ii
22885,Ref 2,26.750,74728,48886912.0,50.937683,1991768.5,391.2841279,IT=13;13 ,ii
22887,Ref 2,25.035,72180,50307812.0,50.941864,2125987.8,391.2840871,IT=13;13 ,ii
22888,Ref 2,27.031,73264,52801580.0,50.945993,2373863.2,391.2841735,IT=14;14 ,ii
22893,Ref 2,30.357,79420,51263548.0,50.955574,2062551.2,391.2842083,IT=15;15 ,ii
22894,Ref 2,28.671,78404,52980684.0,50.95967,2485586.8,391.2841823,IT=14;14 ,ii
22896,Ref 2,28.563,77036,51867464.0,50.96393,2191896.5,391.2841316,IT=14;14 ,ii
22897,Ref 2,26.574,76964,52625144.0,50.96801,2278574.0,391.2842527,IT=13;13 ,ii
22900,Ref 2,30.973,82792,52736036.0,50.973918,2240841.5,391.2843068,IT=15;15 ,ii
22904,Ref 2,36.718,87460,52251396.0,50.982124,2394423.0,391.2842509,IT=18;18 ,ii
22905,Ref 2,28.558,76992,51324072.0,50.986157,2187534.5,391.2842462,IT=14;14 ,ii
22909,Ref 2,32.164,80600,50020284.0,50.993932,2175912.2,391.2843017,IT=16;16 ,ii
22912,Ref 2,31.809,81664,50695100.0,50.999855,2129772.0,391.2842093,IT=16;16 ,ii
22913,Ref 2,34.831,84800,48790668.0,51.003868,2034931.1,391.2842379,IT=17;17 ,ii
22917,Ref 2,30.469,82500,52662024.0,51.013549,2345226.2,391.284176,IT=15;15 ,ii
22918,Ref 2,30.149,77572,45923292.0,51.017672,2092101.2,391.2841281,IT=15;15 ,ii
22919,Ref 2,32.065,81820,48834848.0,51.021838,2355308.5,391.2842091,IT=16;16 ,ii
22920,Ref 2,37.944,91784,50324304.0,51.026076,2117146.0,391.2842886,IT=19;19 ,ii
22921,Ref 2,35.859,90344,51367524.0,51.030032,2275690.8,391.2844299,IT=18;18 ,ii
22927,Ref 2,32.592,80008,43105040.0,51.041488,1939827.1,391.284204,IT=16;16 ,ii
22928,Ref 2,28.833,77764,48576556.0,51.045403,2330497.8,391.2843125,IT=14;14 ,ii
22933,Ref 2,31.733,84012,47088724.0,51.054984,2207491.8,391.284129,IT=16;16 ,ii
22934,Ref 2,32.310,84172,48544568.0,51.059155,2389803.2,391.2841387,IT=16;16 ,ii
22935,Ref 2,33.821,87852,48610968.0,51.063317,2096117.6,391.2843223,IT=17;17 ,ii
22941,Ref 2,31.608,86052,50965516.0,51.074734,2386943.2,391.2842139,IT=16;16 ,ii
22942,Ref 2,34.131,85368,46475656.0,51.078736,2025563.4,391.2843046,IT=17;17 ,ii
22944,Ref 2,36.146,80592,45231708.0,51.083115,2140179.5,391.2841347,IT=18;18 ,ii
22945,Ref 2,27.737,75892,48355796.0,51.087138,2240327.5,391.2841863,IT=14;14 ,ii
22949,Ref 2,34.230,85228,49653340.0,51.096944,2193089.0,391.2841594,IT=17;17 ,ii
22950,Ref 2,31.513,81700,52223092.0,51.101042,2323738.2,391.2841861,IT=16;16 ,ii
22951,Ref 2,29.619,81500,53860624.0,51.104971,2400596.8,559.8451663,IT=15;15 ,ii
22955,Ref 2,26.205,86804,57135208.0,51.112617,2494329.5,559.8449752,IT=13;13 ,ii
22956,Ref 2,32.279,87728,56182308.0,51.116821,2394974.0,559.8451949,IT=16;16 ,ii
22959,Ref 2,25.440,79872,58422108.0,51.122638,2398302.0,391.2841876,IT=13;13 ,ii
22964,Ref 2,29.584,79360,54850544.0,51.132233,2005566.5,391.2843493,IT=15;15 ,ii
22970,Ref 2,28.573,81108,58850736.0,51.143615,2269658.5,391.2842783,IT=14;14 ,ii
22976,Ref 2,24.735,79724,61629804.0,51.154952,2473366.8,391.2841668,IT=12;12 ,ii
22982,Ref 2,29.956,88524,57241924.0,51.166385,2116464.0,391.2841576,IT=15;15 ,ii
22987,Ref 2,26.049,82476,59970584.0,51.175877,2411717.0,391.2842155,IT=13;13 ,ii
22988,Ref 2,27.058,80248,56089548.0,51.179877,2263653.5,391.2842625,IT=14;14 ,ii
22993,Ref 2,25.971,81900,58756776.0,51.189406,2342780.8,391.2843061,IT=13;13 ,ii
22998,Ref 2,27.530,82960,55766572.0,51.198935,2486828.0,391.2841369,IT=14;14 ,ii
22999,Ref 2,29.040,84972,54864572.0,51.203077,2256582.0,391.28428,IT=15;15 ,ii
23002,Ref 2,26.623,78196,52281188.0,51.208914,2299299.2,391.2841054,IT=13;13 ,ii
23003,Ref 2,29.481,88932,56107472.0,51.213068,2332021.2,391.2843052,IT=15;15 ,ii
23008,Ref 2,29.547,83672,49857604.0,51.222616,2388084.0,391.2843584,IT=15;15 ,ii
23011,Ref 2,35.982,90304,47011328.0,51.22861,2012003.4,391.2843603,IT=18;18 ,ii
23012,Ref 2,32.923,85840,43668796.0,51.232547,2037765.0,391.2843315,IT=16;16 ,ii
23013,Ref 2,35.641,86632,46287272.0,51.236733,2317645.8,391.2844113,IT=18;18 ,ii
23016,Ref 2,36.801,95040,44832568.0,51.243006,1994835.4,391.2842675,IT=18;18 ,ii
23017,Ref 2,40.023,96476,43532740.0,51.247229,2000925.0,391.284398,IT=20;20 ,ii
23022,Ref 2,47.122,99056,39023224.0,51.257056,1614011.5,391.2844409,IT=24;24 ,ii
23023,Ref 2,35.931,90228,43746384.0,51.261043,2131228.5,391.2843891,IT=18;18 ,ii
23028,Ref 2,37.508,94496,47764524.0,51.270691,2183625.0,391.2844316,IT=19;19 ,ii
23033,Ref 2,40.305,97744,50626520.0,51.280424,2019757.8,391.284255,IT=20;20 ,ii
23034,Ref 2,35.505,90988,50299876.0,51.284514,2087539.0,391.2841974,IT=18;18 ,ii
23037,Ref 2,32.131,92732,56636204.0,51.290445,2279901.8,391.2843237,IT=16;16 ,ii
23046,Ref 2,26.693,81136,60882780.0,51.307284,2334936.8,391.2842148,IT=13;13 ,ii
23051,Ref 2,20.329,74184,61137740.0,51.316661,2196072.5,391.2842075,IT=10;10 ,ii
23057,Ref 2,25.027,86068,63615024.0,51.327963,2444195.2,391.2841294,IT=13;13 ,ii
23058,Ref 2,18.247,72912,64483124.0,51.331961,2319564.2,391.2840857,IT=9.1;9.1 ,ii
23062,Ref 2,24.440,80484,61800680.0,51.339607,2429506.8,391.2841066,IT=12;12 ,ii
23063,Ref 2,28.603,85432,60607592.0,51.343774,2273032.0,391.284119,IT=14;14 ,ii
23064,Ref 2,23.872,79964,59491880.0,51.347809,2396324.5,391.2841729,IT=12;12 ,ii
23070,Ref 2,29.006,85916,56524912.0,51.359199,2193895.8,391.2841334,IT=15;15 ,ii
23071,Ref 2,25.363,81164,58515828.0,51.363255,2453757.5,391.2842377,IT=13;13 ,ii
23077,Ref 2,28.874,80948,51734496.0,51.374638,2216960.2,391.2841283,IT=14;14 ,ii
23078,Ref 2,27.664,89172,55906540.0,51.378736,2316822.2,391.2841811,IT=14;14 ,ii
23082,Ref 2,33.067,88652,51229608.0,51.386534,2228975.0,391.2842365,IT=17;17 ,ii
23088,Ref 2,29.714,86292,51832940.0,51.397894,2221625.8,391.2841057,IT=15;15 ,ii
23089,Ref 2,31.535,88224,51878392.0,51.402046,2256189.0,391.2842119,IT=16;16 ,ii
23094,Ref 2,32.958,90244,51686240.0,51.411675,2349645.8,391.28429619999997,IT=16;16 ,ii
23099,Ref 2,36.016,93744,50993676.0,51.421382,2092109.1,391.2842536,IT=18;18 ,ii
23105,Ref 2,34.408,93328,52447996.0,51.432938,2000289.0,391.2841283,IT=17;17 ,ii
23106,Ref 2,34.127,94368,55961956.0,51.437082,2290833.8,391.2843206,IT=17;17 ,ii
23109,Ref 2,30.019,92760,60903544.0,51.442961,2349040.8,391.2842526,IT=15;15 ,ii
23115,Ref 2,25.829,85184,72008736.0,51.454258,3010337.5,966.5902026,IT=13;13 ,ii
23121,Ref 2,20.132,72240,84765320.0,51.464683,5189994.0,966.5899532,IT=10;10 ,ii
23127,Ref 2,16.183,65192,114057960.0,51.475867,9506572.0,966.5897513,IT=8.1;8.1 ,ii
23135,Ref 2,10.623,55532,150958500.0,51.490621,14435197.0,966.589457,IT=5.3;5.3 ,ii
23143,Ref 2,10.086,52096,156919540.0,51.505414,16369847.0,966.5887898,IT=5;5 ,ii
23151,Ref 2,11.047,53820,133615750.0,51.521258,13828416.0,966.5891772,IT=5.5;5.5 ,ii
23160,Ref 2,14.062,69112,116983280.0,51.537927,8028831.5,966.5894406,IT=7;7 ,ii
23168,Ref 2,16.232,69212,83492696.0,51.552795,4006983.0,966.5897117,IT=8.1;8.1 ,ii
23176,Ref 2,19.848,77424,70042784.0,51.567737,2489549.5,391.284043,IT=9.9;9.9 ,ii
23182,Ref 2,21.897,78656,65815224.0,51.578976,2463882.5,391.2840497,IT=11;11 ,ii
23187,Ref 2,22.179,77412,61406960.0,51.588399,2349686.8,391.2840311,IT=11;11 ,ii
23188,Ref 2,23.118,79748,61586740.0,51.592508,2388402.5,391.2840854,IT=12;12 ,ii
23189,Ref 2,27.194,85152,60005052.0,51.596649,2210890.0,391.2841141,IT=14;14 ,ii
23190,Ref 2,22.662,78904,57408852.0,51.60052,2419972.0,391.2841737,IT=11;11 ,ii
23195,Ref 2,30.187,84956,54441960.0,51.610087,2036959.1,391.2841269,IT=15;15 ,ii
23196,Ref 2,27.222,86364,57491232.0,51.614168,2321498.0,391.2841563,IT=14;14 ,ii
23201,Ref 2,26.283,82860,59134576.0,51.623695,2522608.2,549.3142381,IT=13;13 ,ii
23207,Ref 2,19.785,69120,70816088.0,51.634891,6249735.5,549.3140802,IT=9.9;9.9 ,ii
23208,Ref 2,17.635,67900,78298712.0,51.638757,8062072.5,549.3141972,IT=8.8;8.8 ,ii
23211,Ref 2,13.881,58500,87392280.0,51.644351,11696483.0,549.314219,IT=6.9;6.9 ,ii
23214,Ref 2,13.179,56692,95333600.0,51.649945,14611216.0,549.3139751,IT=6.6;6.6 ,ii
23220,Ref 2,12.259,54404,121528340.0,51.661076,23147792.0,549.3140026,IT=6.1;6.1 ,ii
23225,Ref 2,9.857,46892,110529210.0,51.670282,21260968.0,549.3140849,IT=4.9;4.9 ,ii
23228,Ref 2,11.204,46932,102473520.0,51.675863,20053458.0,549.3138355,IT=5.6;5.6 ,ii
23229,Ref 2,10.122,46956,106969580.0,51.679665,21036538.0,549.3138365,IT=5.1;5.1 ,ii
23233,Ref 2,12.480,56952,105584900.0,51.689219,18338468.0,549.3139652,IT=6.2;6.2 ,ii
23236,Ref 2,14.379,60112,86986320.0,51.697007,13169819.0,549.3138927,IT=7.2;7.2 ,ii
23237,Ref 2,12.154,51784,83944312.0,51.701005,12356956.0,549.3139141,IT=6.1;6.1 ,ii
23243,Ref 2,19.956,69652,75537304.0,51.712232,7248325.5,549.3138955,IT=10;10 ,ii
23244,Ref 2,17.911,68956,74430376.0,51.716267,5749587.0,549.31398,IT=9;9 ,ii
23248,Ref 2,22.033,75624,70654128.0,51.723859,3664321.0,549.3140725,IT=11;11 ,ii
23249,Ref 2,27.294,88960,71807176.0,51.728023,3143843.2,919.4017819,IT=14;14 ,ii
23253,Ref 2,27.544,84516,70535696.0,51.735682,3469366.0,919.4018879,IT=14;14 ,ii
23259,Ref 2,25.267,81152,70019544.0,51.747019,3683392.5,919.4015122,IT=13;13 ,ii
23260,Ref 2,21.286,78032,69850056.0,51.7509,3629559.8,919.4016583,IT=11;11 ,ii
23265,Ref 2,23.544,85588,73823416.0,51.760392,3532591.5,919.4012653,IT=12;12 ,ii
23271,Ref 2,22.577,80020,64428100.0,51.773654,2627180.0,919.4013361,IT=11;11 ,ii
23272,Ref 2,21.817,79336,64634864.0,51.777556,2436843.8,919.4014848,IT=11;11 ,ii
23279,Ref 2,25.780,85572,60840112.0,51.790692,2378031.0,391.2840037,IT=13;13 ,ii
23286,Ref 2,27.807,88196,58027416.0,51.803898,2319988.8,391.2841728,IT=14;14 ,ii
23292,Ref 2,27.882,85780,53843388.0,51.815266,2137753.5,391.2840079,IT=14;14 ,ii
23293,Ref 2,25.877,86028,55859452.0,51.819181,2284049.5,391.2840558,IT=13;13 ,ii
23298,Ref 2,31.333,93540,57928812.0,51.828764,2287025.5,391.2839432,IT=16;16 ,ii
23299,Ref 2,22.450,80180,57098736.0,51.832758,2405767.8,391.2840065,IT=11;11 ,ii
23306,Ref 2,26.253,86436,56402348.0,51.845927,2214188.2,391.2840476,IT=13;13 ,ii
23313,Ref 2,27.035,85664,57816532.0,51.859114,2334060.8,391.28402,IT=14;14 ,ii
23317,Ref 2,26.274,80496,53184700.0,51.866779,2233920.5,391.2840063,IT=13;13 ,ii
23318,Ref 2,25.130,86936,61227696.0,51.870864,2498563.0,391.2840712,IT=13;13 ,ii
23326,Ref 2,24.130,82708,60812744.0,51.885858,2209553.8,391.2840468,IT=12;12 ,ii
23336,Ref 2,25.512,88232,61327020.0,51.904547,2636291.8,626.8145726,IT=13;13 ,ii
23343,Ref 2,32.309,94228,54274824.0,51.91782,2352112.5,391.2841993,IT=16;16 ,ii
23348,Ref 2,34.743,95348,47343228.0,51.927459,2047295.8,391.2841584,IT=17;17 ,ii
23351,Ref 2,36.546,99508,49594944.0,51.934491,2234764.0,391.2842051,IT=18;18 ,ii
23352,Ref 2,35.428,94416,45034804.0,51.938634,1952510.0,391.2842264,IT=18;18 ,ii
23356,Ref 2,34.530,98740,48762888.0,51.946739,2135751.5,391.2841886,IT=17;17 ,ii
23357,Ref 2,29.155,87120,51364880.0,51.950799,2144998.0,391.2841185,IT=15;15 ,ii
23360,Ref 2,32.086,90148,54940940.0,51.956695,2775961.8,694.3884952,IT=16;16 ,ii
23366,Ref 2,21.420,82344,77156592.0,51.96792,4407911.0,694.3878767,IT=11;11 ,ii
23367,Ref 2,18.301,68796,80113664.0,51.97194,5705134.5,595.3343814,IT=9.2;9.2 ,ii
23374,Ref 2,12.030,53152,102493740.0,51.984842,14781844.0,595.3343665,IT=6;6 ,ii
23383,Ref 2,8.886,45688,135942850.0,52.001338,28594412.0,595.3343445,IT=4.4;4.4 ,ii
23394,Ref 2,9.295,48104,120535620.0,52.021553,24939248.0,595.334129,IT=4.6;4.6 ,ii
23402,Ref 2,14.734,62824,94687040.0,52.038342,13689600.0,595.3343084,IT=7.4;7.4 ,ii
23406,Ref 2,18.052,69236,77781888.0,52.045867,8679411.0,595.3343412,IT=9;9 ,ii
23407,Ref 2,19.464,73200,75533008.0,52.049952,7432203.0,595.3345447,IT=9.7;9.7 ,ii
23412,Ref 2,20.406,69032,62753952.0,52.059327,4231717.5,595.3344782,IT=10;10 ,ii
23413,Ref 2,25.037,85528,64745348.0,52.063477,3652346.5,595.3347683,IT=13;13 ,ii
23416,Ref 2,27.217,80276,57247568.0,52.069594,2612189.0,595.3347444,IT=14;14 ,ii
23417,Ref 2,30.746,89112,57615160.0,52.073775,2466255.0,595.334732,IT=15;15 ,ii
23418,Ref 2,29.707,86224,54391656.0,52.077884,2190481.5,391.2841648,IT=15;15 ,ii
23419,Ref 2,30.619,86184,50940140.0,52.082027,2163019.5,391.2841906,IT=15;15 ,ii
23420,Ref 2,28.437,86960,54569752.0,52.085958,2406731.5,391.2841296,IT=14;14 ,ii
23423,Ref 2,33.163,89240,50603936.0,52.093867,2264787.2,391.2843315,IT=17;17 ,ii
23428,Ref 2,35.809,95356,48460328.0,52.103498,2048919.5,391.2842109,IT=18;18 ,ii
23429,Ref 2,35.200,92740,48342960.0,52.107475,2283290.5,391.2842599,IT=18;18 ,ii
23435,Ref 2,35.596,91624,44643988.0,52.118975,2148811.8,391.2842506,IT=18;18 ,ii
23436,Ref 2,41.708,100880,45759168.0,52.123069,2239599.2,391.2843209,IT=21;21 ,ii
23440,Ref 2,37.430,94492,44894996.0,52.130898,2063040.9,391.2842368,IT=19;19 ,ii
23441,Ref 2,39.032,94048,44053064.0,52.134916,2093556.5,391.2843547,IT=20;20 ,ii
23445,Ref 2,32.770,89812,46417304.0,52.142654,2159119.8,391.2840932,IT=16;16 ,ii
23446,Ref 2,34.922,93056,47803564.0,52.146829,2201643.8,391.2842656,IT=17;17 ,ii
23450,Ref 2,35.566,92556,47239128.0,52.154939,2192387.2,391.2841482,IT=18;18 ,ii
23451,Ref 2,33.153,93172,51629568.0,52.159056,2478133.5,391.2842222,IT=17;17 ,ii
23456,Ref 2,29.787,90768,53051948.0,52.168589,2294732.2,391.2841455,IT=15;15 ,ii
23462,Ref 2,29.531,85016,53088836.0,52.179997,2321049.2,391.2841177,IT=15;15 ,ii
23466,Ref 2,33.808,89076,50386512.0,52.187806,2200562.5,391.2840313,IT=17;17 ,ii
23467,Ref 2,34.750,95536,49020516.0,52.191968,2093761.4,391.2842125,IT=17;17 ,ii
23472,Ref 2,36.556,93128,45872608.0,52.201662,2181249.0,391.2842069,IT=18;18 ,ii
23473,Ref 2,32.315,90704,42793684.0,52.205745,2131843.8,391.2843381,IT=16;16 ,ii
23475,Ref 2,39.913,100476,43690156.0,52.210353,2231298.0,391.2843098,IT=20;20 ,ii
23476,Ref 2,38.756,98224,42211692.0,52.214349,2157755.5,391.2842308,IT=19;19 ,ii
23477,Ref 2,46.798,101180,38393204.0,52.218653,1940176.0,391.2844541,IT=23;23 ,ii
23479,Ref 2,45.381,100092,38419952.0,52.223185,1985543.6,391.2844599,IT=23;23 ,ii
23480,Ref 2,50.000,101160,35118888.0,52.227445,1825998.1,391.284476,IT=25;25 ,ii
23483,Ref 2,50.000,103756,35494964.0,52.233968,1845325.5,391.2843742,IT=25;25 ,ii
23484,Ref 2,50.000,108620,36246516.0,52.238145,1833730.0,391.2844579,IT=25;25 ,ii
23486,Ref 2,43.269,100980,37992300.0,52.242824,1969579.1,391.2842938,IT=22;22 ,ii
23487,Ref 2,44.353,102292,38344828.0,52.247032,2114283.8,391.2843752,IT=22;22 ,ii
23492,Ref 2,48.638,104740,38253888.0,52.256901,1810632.9,391.2844115,IT=24;24 ,ii
23493,Ref 2,41.155,98788,41641672.0,52.261214,2078293.9,391.2843722,IT=21;21 ,ii
23500,Ref 2,37.864,90740,42786468.0,52.274572,2236083.8,391.2843417,IT=19;19 ,ii
23506,Ref 2,38.135,92076,44543900.0,52.286092,2108681.0,391.284261,IT=19;19 ,ii
23507,Ref 2,34.132,92588,48665900.0,52.290188,2297756.2,391.2842923,IT=17;17 ,ii
23512,Ref 2,39.673,91872,44468560.0,52.300234,2222474.8,391.2842304,IT=20;20 ,ii
23513,Ref 2,38.372,92916,45226872.0,52.30438,2024012.9,391.284263,IT=19;19 ,ii
23516,Ref 2,39.252,90792,43884424.0,52.310444,2229245.5,391.284185,IT=20;20 ,ii
23517,Ref 2,33.955,87304,44912996.0,52.314526,2224148.2,391.2842065,IT=17;17 ,ii
23519,Ref 2,38.658,88184,43128124.0,52.318944,2141856.0,391.2842196,IT=19;19 ,ii
23520,Ref 2,41.758,96284,44972440.0,52.323171,2224355.0,391.2842605,IT=21;21 ,ii
23522,Ref 2,39.730,91932,45937748.0,52.327801,2339828.2,771.9052842,IT=20;20 ,ii
23523,Ref 2,38.950,91364,43685332.0,52.331788,2533646.0,771.905351,IT=19;19 ,ii
23526,Ref 2,37.397,84152,43339748.0,52.33778,2737570.0,771.9052076,IT=19;19 ,ii
23527,Ref 2,36.136,88388,44096092.0,52.341986,3214002.5,771.9051931,IT=18;18 ,ii
23528,Ref 2,31.870,84144,46003276.0,52.346075,3251163.5,771.9052085,IT=16;16 ,ii
23531,Ref 2,34.318,84616,43028844.0,52.352021,2820700.0,771.9050114,IT=17;17 ,ii
23532,Ref 2,32.426,82112,40248476.0,52.35614,2485492.8,771.9050368,IT=16;16 ,ii
23533,Ref 2,34.934,81464,42099336.0,52.360321,2584933.5,771.9050277,IT=17;17 ,ii
23534,Ref 2,33.983,84060,41708528.0,52.36429,2190614.8,391.2841651,IT=17;17 ,ii
23535,Ref 2,39.378,95324,40137056.0,52.368525,1979307.4,391.284314,IT=20;20 ,ii
23536,Ref 2,36.423,91840,42323928.0,52.372652,2227631.8,391.284194,IT=18;18 ,ii
23537,Ref 2,40.329,95084,42299564.0,52.376877,2303677.2,391.2843417,IT=20;20 ,ii
23541,Ref 2,44.404,97656,38512060.0,52.384844,1962453.1,391.2843143,IT=22;22 ,ii
23542,Ref 2,44.266,97512,38340300.0,52.389019,2029762.8,391.284434,IT=22;22 ,ii
23544,Ref 2,36.343,93160,41398560.0,52.393425,2048341.0,391.2841587,IT=18;18 ,ii
23545,Ref 2,36.478,92416,43103324.0,52.39759,2213881.5,391.2842003,IT=18;18 ,ii
23550,Ref 2,43.258,101388,42374924.0,52.407321,2012674.0,391.2842718,IT=22;22 ,ii
23556,Ref 2,42.465,98000,43085312.0,52.418894,1989610.1,391.2842596,IT=21;21 ,ii
23557,Ref 2,37.230,94604,42857044.0,52.422827,2038622.9,391.284162,IT=19;19 ,ii
23562,Ref 2,44.977,98016,43912224.0,52.434654,2124700.5,391.2842452,IT=22;22 ,ii
23563,Ref 2,32.196,89368,45904620.0,52.438441,2216657.0,391.2842,IT=16;16 ,ii
23569,Ref 2,28.013,83280,45884264.0,52.4498,2311868.5,391.2841175,IT=14;14 ,ii
23570,Ref 2,36.110,100072,47644768.0,52.453873,2170768.2,391.2842471,IT=18;18 ,ii
23576,Ref 2,34.060,94748,49427036.0,52.465316,2255284.2,391.2842642,IT=17;17 ,ii
23580,Ref 2,38.275,96424,48639860.0,52.473254,2124034.5,391.2841555,IT=19;19 ,ii
23581,Ref 2,34.569,91640,49989172.0,52.477358,2223245.8,391.2842671,IT=17;17 ,ii
23586,Ref 2,35.187,92128,49803932.0,52.48701,2232056.2,391.2841443,IT=18;18 ,ii
23587,Ref 2,32.924,94084,52699400.0,52.490952,2212474.2,391.284185,IT=16;16 ,ii
23590,Ref 2,37.639,95600,50767296.0,52.496956,2096524.1,391.2842919,IT=19;19 ,ii
23594,Ref 2,32.327,89856,53866488.0,52.504733,2255964.2,391.2841367,IT=16;16 ,ii
23595,Ref 2,29.743,86144,51076080.0,52.508829,2089680.5,391.2842423,IT=15;15 ,ii
23600,Ref 2,29.052,89072,53744376.0,52.51836,2172835.2,391.2841729,IT=15;15 ,ii
23604,Ref 2,30.487,87752,53966224.0,52.526141,2260343.0,391.2840371,IT=15;15 ,ii
23605,Ref 2,28.131,84500,55628832.0,52.530228,2300196.5,391.2841065,IT=14;14 ,ii
23611,Ref 2,22.012,74968,60777420.0,52.541499,3098624.0,483.7520109,IT=11;11 ,ii
23612,Ref 2,27.306,79604,57712384.0,52.545497,3240174.5,483.7521129,IT=14;14 ,ii
23615,Ref 2,19.250,69060,62433376.0,52.551178,4289229.5,483.7521638,IT=9.6;9.6 ,ii
23620,Ref 2,21.878,73620,65154440.0,52.560564,4362927.0,483.7519121,IT=11;11 ,ii
23621,Ref 2,19.606,71676,62275636.0,52.564612,4205469.0,483.7521396,IT=9.8;9.8 ,ii
23624,Ref 2,23.336,75600,57175252.0,52.570639,3476056.5,483.7521868,IT=12;12 ,ii
23625,Ref 2,26.929,79036,54598484.0,52.57478,3046680.2,483.7521939,IT=13;13 ,ii
23629,Ref 2,27.534,83128,52283424.0,52.58248,2278463.2,483.7520509,IT=14;14 ,ii
23630,Ref 2,25.345,78004,51819788.0,52.586557,2359262.5,391.2840772,IT=13;13 ,ii
23633,Ref 2,31.504,85244,48907004.0,52.59248,2316168.2,391.2841522,IT=16;16 ,ii
23636,Ref 2,30.426,83892,46763956.0,52.598365,2174011.2,391.2840624,IT=15;15 ,ii
23637,Ref 2,31.172,84780,46365628.0,52.602507,2295173.5,391.2841709,IT=16;16 ,ii
23641,Ref 2,30.903,85332,45166068.0,52.610251,2197438.5,391.2840544,IT=15;15 ,ii
23642,Ref 2,35.773,93692,43916588.0,52.614288,2258572.5,391.2842602,IT=18;18 ,ii
23645,Ref 2,37.581,94140,43770440.0,52.620278,2090286.4,391.2841588,IT=19;19 ,ii
23646,Ref 2,39.493,94944,42894932.0,52.624476,2137239.2,391.2843862,IT=20;20 ,ii
23651,Ref 2,32.872,89540,44324356.0,52.634096,2112898.2,391.284174,IT=16;16 ,ii
23652,Ref 2,37.852,93364,42235344.0,52.638313,2145617.2,391.2842369,IT=19;19 ,ii
23655,Ref 2,37.483,95548,44853880.0,52.644323,2155991.8,391.2842538,IT=19;19 ,ii
23659,Ref 2,37.921,92816,44891912.0,52.652528,2146889.2,391.2842153,IT=19;19 ,ii
23660,Ref 2,34.928,88580,48591192.0,52.656465,2286484.5,391.2842316,IT=17;17 ,ii
23664,Ref 2,28.194,82968,54482596.0,52.66415,2359869.8,391.2839787,IT=14;14 ,ii
23665,Ref 2,27.610,85328,62122688.0,52.668082,2605983.2,493.8055705,IT=14;14 ,ii
23669,Ref 2,21.657,74004,79350920.0,52.675688,4771350.0,493.8053398,IT=11;11 ,ii
23670,Ref 2,18.114,66856,83534392.0,52.679705,5600689.0,911.4037184,IT=9.1;9.1 ,ii
23674,Ref 2,12.644,54864,105716680.0,52.687446,9531779.0,911.4031604,IT=6.3;6.3 ,ii
23677,Ref 2,10.712,51624,147430240.0,52.695161,13657464.0,911.4032946,IT=5.4;5.4 ,ii
23683,Ref 2,8.953,43044,149362540.0,52.706208,16954284.0,911.4034363,IT=4.5;4.5 ,ii
23688,Ref 2,9.739,48416,162768400.0,52.715423,17715064.0,911.4031839,IT=4.9;4.9 ,ii
23693,Ref 2,9.722,43824,127692750.0,52.724642,13682968.0,911.4032032,IT=4.9;4.9 ,ii
23695,Ref 2,11.118,46572,114796420.0,52.730512,10614294.0,911.4032496,IT=5.6;5.6 ,ii
23696,Ref 2,14.478,55600,105770440.0,52.734562,8377333.0,911.4031735,IT=7.2;7.2 ,ii
23698,Ref 2,14.785,55812,94146240.0,52.740469,6887614.5,498.8077254,IT=7.4;7.4 ,ii
23699,Ref 2,17.071,59940,79990040.0,52.74455,5124746.0,498.8077601,IT=8.5;8.5 ,ii
23700,Ref 2,27.225,76856,72000904.0,52.748769,4328619.5,498.8080633,IT=14;14 ,ii
23702,Ref 2,25.821,77116,72257912.0,52.752994,4132895.0,498.8080276,IT=13;13 ,ii
23703,Ref 2,29.567,85884,63493728.0,52.757152,2696851.0,498.8082103,IT=15;15 ,ii
23706,Ref 2,29.388,78124,51335704.0,52.763306,2123024.2,391.2839595,IT=15;15 ,ii
23707,Ref 2,28.817,80512,50763388.0,52.767427,2392729.2,391.2839586,IT=14;14 ,ii
23708,Ref 2,26.783,78684,50778440.0,52.771525,2294615.5,391.28408,IT=13;13 ,ii
23712,Ref 2,32.212,88812,48387480.0,52.779233,2361445.2,391.2839962,IT=16;16 ,ii
23713,Ref 2,37.831,93992,47758412.0,52.783481,2302464.5,391.2841992,IT=19;19 ,ii
23717,Ref 2,36.281,91552,44179256.0,52.791587,2165997.8,391.284123,IT=18;18 ,ii
23718,Ref 2,34.232,89324,42392100.0,52.795716,2155965.2,391.2841661,IT=17;17 ,ii
23721,Ref 2,41.420,94792,39876724.0,52.80177,1997131.1,391.2841493,IT=21;21 ,ii
23722,Ref 2,39.688,99964,42261604.0,52.805752,2213531.8,391.2842537,IT=20;20 ,ii
23725,Ref 2,39.411,100404,41223476.0,52.811795,1991501.8,391.2841873,IT=20;20 ,ii
23726,Ref 2,33.878,87492,43901016.0,52.815874,2414423.8,391.2842709,IT=17;17 ,ii
23729,Ref 2,33.403,91316,44420084.0,52.822087,2231756.2,391.2840636,IT=17;17 ,ii
23730,Ref 2,38.946,95992,44607096.0,52.826324,2139130.8,391.2842808,IT=19;19 ,ii
23736,Ref 2,36.990,96756,50094236.0,52.837826,2145450.8,391.284219,IT=18;18 ,ii
23741,Ref 2,22.698,72380,48096360.0,52.849353,2149749.5,391.2841469,IT=11;11 ,ii
23747,Ref 2,28.725,82832,51362804.0,52.86077,2132123.0,391.2841909,IT=14;14 ,ii
23751,Ref 2,27.423,79416,53807284.0,52.868439,2557897.0,391.2841258,IT=14;14 ,ii
23752,Ref 2,27.002,82668,52353200.0,52.872545,2434174.0,391.2842694,IT=14;14 ,ii
23755,Ref 2,29.534,79264,44733024.0,52.878386,2173153.5,391.2842383,IT=15;15 ,ii
23756,Ref 2,32.730,82260,42268084.0,52.882561,2235679.2,391.2843107,IT=16;16 ,ii
23758,Ref 2,30.325,79304,42596160.0,52.886845,2143666.0,391.2842914,IT=15;15 ,ii
23759,Ref 2,44.821,94532,42423232.0,52.891211,2104105.5,391.2844541,IT=22;22 ,ii
23764,Ref 2,32.402,82508,43301436.0,52.900826,2202875.8,391.2841847,IT=16;16 ,ii
23765,Ref 2,31.993,80568,44759608.0,52.904949,2435693.2,572.8119312,IT=16;16 ,ii
23770,Ref 2,30.016,81388,49299680.0,52.914509,3235948.5,572.8115811,IT=15;15 ,ii
23774,Ref 2,32.020,83452,49136140.0,52.922274,3024791.0,572.8116524,IT=16;16 ,ii
23775,Ref 2,34.109,82724,48209184.0,52.92644,2946732.5,572.8115982,IT=17;17 ,ii
23776,Ref 2,27.368,77996,47852180.0,52.93047,2493727.2,572.8116287,IT=14;14 ,ii
23778,Ref 2,29.694,83124,50948016.0,52.934728,2444308.8,572.8114786,IT=15;15 ,ii
23779,Ref 2,33.794,86444,46425552.0,52.938915,2165548.2,391.2841152,IT=17;17 ,ii
23785,Ref 2,41.634,94976,45417500.0,52.950538,2125224.8,391.2842013,IT=21;21 ,ii
23786,Ref 2,41.687,90516,45078420.0,52.954717,2172955.8,391.2841714,IT=21;21 ,ii
23787,Ref 2,33.812,83908,45889240.0,52.958763,2272567.5,391.2841703,IT=17;17 ,ii
23789,Ref 2,34.197,88384,45826624.0,52.963278,2117349.8,391.2840133,IT=17;17 ,ii
23790,Ref 2,39.585,89096,46421228.0,52.967344,2271650.8,391.2841483,IT=20;20 ,ii
23794,Ref 2,36.766,89248,45304536.0,52.975213,1946332.1,391.2840502,IT=18;18 ,ii
23795,Ref 2,31.149,82244,50710568.0,52.979278,2387463.8,391.2842004,IT=16;16 ,ii
23800,Ref 2,31.485,86828,53124624.0,52.988894,2326067.0,391.2840546,IT=16;16 ,ii
23801,Ref 2,24.960,74984,46285448.0,52.992744,2228361.8,391.2840919,IT=12;12 ,ii
23803,Ref 2,38.684,92680,49302424.0,52.997161,2345377.5,391.2841533,IT=19;19 ,ii
23804,Ref 2,33.969,89236,48978996.0,53.00125,2218770.5,391.2841317,IT=17;17 ,ii
23805,Ref 2,34.038,86192,47005432.0,53.005392,2104397.0,391.2840556,IT=17;17 ,ii
23810,Ref 2,43.903,102524,46670416.0,53.017094,2150446.5,391.284182,IT=22;22 ,ii
23811,Ref 2,38.588,96140,47936200.0,53.021192,2314905.5,391.2843269,IT=19;19 ,ii
23815,Ref 2,34.400,91880,44968124.0,53.028994,2040012.8,391.2841516,IT=17;17 ,ii
23816,Ref 2,40.213,100480,49186120.0,53.033246,2342105.2,391.2842383,IT=20;20 ,ii
23819,Ref 2,35.086,95224,44912164.0,53.039177,2044754.9,391.2841376,IT=18;18 ,ii
23824,Ref 2,38.879,100520,46249032.0,53.048921,2206794.8,391.2841799,IT=19;19 ,ii
23828,Ref 2,33.557,93252,44640144.0,53.05671,2267511.0,391.2840493,IT=17;17 ,ii
23829,Ref 2,35.253,95024,45678944.0,53.060881,2280546.0,391.2841612,IT=18;18 ,ii
23831,Ref 2,33.286,87360,42093280.0,53.065221,2032015.4,391.2840048,IT=17;17 ,ii
23832,Ref 2,37.303,95536,44971200.0,53.069423,2225636.2,391.284134,IT=19;19 ,ii
23835,Ref 2,37.242,97852,45882224.0,53.075733,2217642.0,391.284122,IT=19;19 ,ii
23836,Ref 2,36.667,92608,41478432.0,53.079883,2033120.8,391.2841286,IT=18;18 ,ii
23837,Ref 2,37.062,91000,41682472.0,53.083887,2243220.2,391.2841547,IT=19;19 ,ii
23841,Ref 2,37.134,89552,40722280.0,53.092016,2217558.0,391.2841236,IT=19;19 ,ii
23842,Ref 2,40.826,92596,40063240.0,53.096302,2260000.0,391.2842756,IT=20;20 ,ii
23845,Ref 2,48.120,99968,38151220.0,53.102752,2017056.0,391.284189,IT=24;24 ,ii
23846,Ref 2,45.935,98328,37801628.0,53.106885,2098181.2,391.2842871,IT=23;23 ,ii
23850,Ref 2,48.784,97508,35622288.0,53.114939,1942866.5,391.2841719,IT=24;24 ,ii
23851,Ref 2,38.151,89856,36801036.0,53.118933,2166595.8,391.2840734,IT=19;19 ,ii
23852,Ref 2,50.000,97256,34945804.0,53.123297,2056044.2,391.2842282,IT=25;25 ,ii
23853,Ref 2,47.717,97724,33879132.0,53.127427,1924293.6,391.2843693,IT=24;24 ,ii
23856,Ref 2,46.725,94052,34381632.0,53.133885,2146245.5,391.2842187,IT=23;23 ,ii
23857,Ref 2,46.669,96660,35111112.0,53.137887,2064673.1,391.2842642,IT=23;23 ,ii
23860,Ref 2,49.925,98328,35032696.0,53.144085,2094083.1,391.2842118,IT=25;25 ,ii
23861,Ref 2,45.535,98540,37872500.0,53.148012,2186385.8,391.2841948,IT=23;23 ,ii
23862,Ref 2,40.460,92572,37941092.0,53.152099,2055608.8,391.2841795,IT=20;20 ,ii
23863,Ref 2,47.391,98544,38644588.0,53.156387,2095093.0,391.2842162,IT=24;24 ,ii
23864,Ref 2,33.336,81880,39611496.0,53.160349,2273593.8,391.2842104,IT=17;17 ,ii
23870,Ref 2,34.306,85164,43055796.0,53.171787,2247581.8,391.2839947,IT=17;17 ,ii
23871,Ref 2,32.468,83440,44510744.0,53.175928,2272771.0,391.2840973,IT=16;16 ,ii
23874,Ref 2,34.510,88352,44730760.0,53.181897,2212087.5,391.2839636,IT=17;17 ,ii
23875,Ref 2,35.288,92896,48681344.0,53.185884,2501678.5,391.2839244,IT=18;18 ,ii
23876,Ref 2,30.350,85016,48605352.0,53.189951,2426429.0,391.284068,IT=15;15 ,ii
23881,Ref 2,28.799,81148,46526676.0,53.199761,2443671.8,774.38245,IT=14;14 ,ii
23882,Ref 2,28.500,82064,45336068.0,53.203868,2511171.8,774.382737,IT=14;14 ,ii
23884,Ref 2,37.340,94128,46753200.0,53.208438,2259953.2,391.284094,IT=19;19 ,ii
23885,Ref 2,31.742,86208,45993188.0,53.212338,2262674.2,391.2840174,IT=16;16 ,ii
23886,Ref 2,26.458,75868,38536888.0,53.216386,1864683.0,391.284164,IT=13;13 ,ii
23888,Ref 2,32.016,84348,42611748.0,53.220707,2193900.5,391.2839594,IT=16;16 ,ii
23889,Ref 2,33.894,88716,44728500.0,53.224876,2338248.2,391.2841559,IT=17;17 ,ii
23893,Ref 2,43.887,96040,41462544.0,53.233095,2135093.8,391.2842044,IT=22;22 ,ii
23894,Ref 2,36.802,84464,39935996.0,53.237157,2230871.8,391.2841333,IT=18;18 ,ii
23896,Ref 2,31.623,78512,36561068.0,53.241459,1959115.9,391.284102,IT=16;16 ,ii
23897,Ref 2,38.949,91964,41761872.0,53.245713,2341208.2,391.2840346,IT=19;19 ,ii
23898,Ref 2,30.904,80876,41483824.0,53.24958,2433637.0,391.2841512,IT=15;15 ,ii
23900,Ref 2,32.880,88296,41097952.0,53.253926,2176463.2,391.2840804,IT=16;16 ,ii
23901,Ref 2,34.320,86420,40129488.0,53.258086,2208462.0,391.2841123,IT=17;17 ,ii
23902,Ref 2,46.437,95828,38168380.0,53.262436,2088230.9,391.2842732,IT=23;23 ,ii
23905,Ref 2,48.210,97332,37570348.0,53.268626,2059968.5,391.2841557,IT=24;24 ,ii
23906,Ref 2,49.078,92972,35954724.0,53.272815,2010117.4,391.2842836,IT=25;25 ,ii
23909,Ref 2,43.515,93164,36815724.0,53.279236,1986045.9,391.2841001,IT=22;22 ,ii
23910,Ref 2,46.819,96424,36983128.0,53.283469,2129623.5,391.2841598,IT=23;23 ,ii
23914,Ref 2,43.432,95372,36281032.0,53.29139,2074493.0,391.2842153,IT=22;22 ,ii
23915,Ref 2,50.000,96628,34037132.0,53.29569,1959554.6,391.2842834,IT=25;25 ,ii
23917,Ref 2,50.000,95556,33551386.0,53.300313,2047771.6,391.284241,IT=25;25 ,ii
23918,Ref 2,45.683,96336,35480616.0,53.304415,2029892.0,391.2843623,IT=23;23 ,ii
23920,Ref 2,50.000,96400,35060228.0,53.309198,2198835.5,391.284279,IT=25;25 ,ii
23921,Ref 2,43.672,92404,34974172.0,53.313096,2081107.5,391.284338,IT=22;22 ,ii
23926,Ref 2,48.568,98852,34649964.0,53.322998,2070318.0,391.2842442,IT=24;24 ,ii
23927,Ref 2,47.658,97464,35309632.0,53.327156,2174787.0,391.2843165,IT=24;24 ,ii
23928,Ref 2,48.480,97224,33693540.0,53.331348,1983827.5,391.2842501,IT=24;24 ,ii
23929,Ref 2,37.561,87400,37379940.0,53.335169,2345478.5,391.2842196,IT=19;19 ,ii
23930,Ref 2,44.032,93716,36520052.0,53.339442,2159270.0,391.2842048,IT=22;22 ,ii
23931,Ref 2,39.661,95072,38006448.0,53.34355,2023935.5,391.2843028,IT=20;20 ,ii
23934,Ref 2,41.822,91744,39062036.0,53.349944,2220422.0,391.2841949,IT=21;21 ,ii
23935,Ref 2,40.097,94580,40400644.0,53.354094,2113700.8,391.2843549,IT=20;20 ,ii
23939,Ref 2,34.880,88020,43234664.0,53.362171,2343277.8,391.2840165,IT=17;17 ,ii
23940,Ref 2,39.603,92100,44719464.0,53.366231,2221227.0,391.2841293,IT=20;20 ,ii
23942,Ref 2,27.271,73232,41882332.0,53.370475,2113491.8,391.2840535,IT=14;14 ,ii
23943,Ref 2,25.010,73072,47924148.0,53.374558,2428335.5,391.2840463,IT=13;13 ,ii
23945,Ref 2,28.813,79164,49623432.0,53.378973,3266225.5,516.7956425,IT=14;14 ,ii
23946,Ref 2,28.400,78752,52003248.0,53.382927,3890684.8,516.795607,IT=14;14 ,ii
23947,Ref 2,22.712,68748,49823812.0,53.38696,3822984.5,516.7956609,IT=11;11 ,ii
23948,Ref 2,24.300,73740,56804436.0,53.391068,5427070.5,516.7958162,IT=12;12 ,ii
23951,Ref 2,25.310,72492,55931260.0,53.397156,6681246.5,516.7956894,IT=13;13 ,ii
23952,Ref 2,20.234,65168,57913632.0,53.40117,6944295.5,516.7957988,IT=10;10 ,ii
23957,Ref 2,24.037,68016,53205572.0,53.410664,6087806.0,516.7956995,IT=12;12 ,ii
23958,Ref 2,24.870,69344,52698076.0,53.414604,6025650.5,516.7958341,IT=12;12 ,ii
23962,Ref 2,31.287,82004,47652272.0,53.422587,3896719.5,516.7956896,IT=16;16 ,ii
23963,Ref 2,30.278,79320,49898320.0,53.426708,3802508.5,516.7958171,IT=15;15 ,ii
23964,Ref 2,35.007,87020,44030840.0,53.430743,2514943.5,516.7958105,IT=18;18 ,ii
23965,Ref 2,33.273,80040,41645912.0,53.434864,2332673.0,391.2840508,IT=17;17 ,ii
23966,Ref 2,37.649,84108,39390836.0,53.439085,2398115.5,391.2841009,IT=19;19 ,ii
23967,Ref 2,44.815,89272,33790052.0,53.443385,1887921.2,391.2842052,IT=22;22 ,ii
23969,Ref 2,43.243,91496,36524560.0,53.448058,2251904.5,391.2842519,IT=22;22 ,ii
23971,Ref 2,49.029,92952,33035422.0,53.45272,2032682.9,391.2842444,IT=25;25 ,ii
23972,Ref 2,47.553,92328,31736898.0,53.45687,1864205.2,391.2842484,IT=24;24 ,ii
23973,Ref 2,41.666,87008,32494706.0,53.460951,2116510.8,391.2842917,IT=21;21 ,ii
23975,Ref 2,48.079,95864,34104412.0,53.465555,2157284.8,391.2842442,IT=24;24 ,ii
23976,Ref 2,46.710,93736,32840586.0,53.469714,1995345.6,391.2842447,IT=23;23 ,ii
23978,Ref 2,38.922,87516,33549284.0,53.474153,2192650.8,391.2842281,IT=19;19 ,ii
23979,Ref 2,40.653,84148,31114244.0,53.478357,2095536.8,391.2841001,IT=20;20 ,ii
23980,Ref 2,50.000,92196,32390814.0,53.482691,2004882.4,391.2841853,IT=25;25 ,ii
23981,Ref 2,36.242,81392,32547776.0,53.486637,2102972.2,391.2841825,IT=18;18 ,ii
23983,Ref 2,44.958,86176,33096750.0,53.491345,2156685.2,391.2840786,IT=22;22 ,ii
23984,Ref 2,45.513,88588,32183422.0,53.495366,1960114.1,391.2842229,IT=23;23 ,ii
23986,Ref 2,43.139,86128,32895834.0,53.499874,2207396.5,391.2841079,IT=22;22 ,ii
23987,Ref 2,45.209,89600,34203948.0,53.504084,2142303.8,391.2841378,IT=23;23 ,ii
23988,Ref 2,40.238,87028,34428528.0,53.508184,2144165.0,391.2841399,IT=20;20 ,ii
23992,Ref 2,44.063,87880,34870076.0,53.516159,2311308.5,391.2841515,IT=22;22 ,ii
23993,Ref 2,31.831,76260,34524148.0,53.520138,2096347.5,391.2842065,IT=16;16 ,ii
23996,Ref 2,44.342,87628,35188348.0,53.52654,2202620.2,391.2841396,IT=22;22 ,ii
23997,Ref 2,41.780,86300,34926488.0,53.530686,2118831.2,391.2840998,IT=21;21 ,ii
23998,Ref 2,39.454,83920,35328664.0,53.53482,2125292.2,391.2841528,IT=20;20 ,ii
24001,Ref 2,45.666,91424,36084788.0,53.541236,2275856.8,391.2840569,IT=23;23 ,ii
24002,Ref 2,39.074,82820,35041396.0,53.545309,2065924.0,391.2840457,IT=20;20 ,ii
24003,Ref 2,44.575,86412,34274320.0,53.549572,2056193.6,391.2841069,IT=22;22 ,ii
24004,Ref 2,42.662,87120,35528184.0,53.553549,2167484.8,391.2842103,IT=21;21 ,ii
24008,Ref 2,33.618,79688,37445820.0,53.561342,2247697.2,391.2840024,IT=17;17 ,ii
24009,Ref 2,35.352,81836,38173660.0,53.565515,2373495.8,391.2840439,IT=18;18 ,ii
24014,Ref 2,42.402,88248,39879248.0,53.575311,2195804.0,391.2840094,IT=21;21 ,ii
24015,Ref 2,32.736,80928,41449844.0,53.579159,2373358.5,391.2840575,IT=16;16 ,ii
24018,Ref 2,32.909,76776,40047964.0,53.5851,2031093.0,391.2839097,IT=16;16 ,ii
24019,Ref 2,31.132,78396,43433384.0,53.589209,2287589.8,391.2838411,IT=16;16 ,ii
24020,Ref 2,32.938,77792,41841692.0,53.593369,2238619.5,391.2839519,IT=16;16 ,ii
24022,Ref 2,27.835,73376,40845128.0,53.597784,2075237.4,761.8767324,IT=14;14 ,ii
24023,Ref 2,34.974,82364,43093020.0,53.60185,2267292.0,391.283969,IT=17;17 ,ii
24026,Ref 2,32.103,79336,43379128.0,53.607771,2159415.8,391.2838353,IT=16;16 ,ii
24027,Ref 2,38.006,86952,41817900.0,53.611832,2270447.2,391.2839865,IT=19;19 ,ii
24032,Ref 2,36.672,77820,37792528.0,53.621727,1933984.2,391.2839865,IT=18;18 ,ii
24033,Ref 2,37.769,83232,40487312.0,53.625909,2169659.0,391.284103,IT=19;19 ,ii
24036,Ref 2,35.077,79828,41608476.0,53.631915,2155943.5,391.28395,IT=18;18 ,ii
24037,Ref 2,40.990,89808,43850796.0,53.636154,2243937.5,391.2841096,IT=20;20 ,ii
24040,Ref 2,31.583,76704,49667680.0,53.642373,3205380.0,497.3081694,IT=16;16 ,ii
24041,Ref 2,27.336,72328,53950248.0,53.646442,4212137.5,497.3081922,IT=14;14 ,ii
24045,Ref 2,24.804,70256,61430292.0,53.654348,5610006.0,497.3079919,IT=12;12 ,ii
24046,Ref 2,24.685,73260,67548616.0,53.658437,6267129.0,497.3078815,IT=12;12 ,ii
24047,Ref 2,27.077,73832,71298592.0,53.662567,6888151.5,497.3082433,IT=14;14 ,ii
24050,Ref 2,21.506,65664,69403448.0,53.668321,6992523.0,497.3078272,IT=11;11 ,ii
24051,Ref 2,16.675,56108,59738732.0,53.672312,5783016.5,497.3080026,IT=8.3;8.3 ,ii
24052,Ref 2,16.254,54656,60783360.0,53.676358,6112216.0,497.3080153,IT=8.1;8.1 ,ii
24054,Ref 2,27.238,71480,62160632.0,53.680569,5732292.5,497.3078661,IT=14;14 ,ii
24055,Ref 2,25.048,71304,62697328.0,53.684641,5953476.0,497.3077875,IT=13;13 ,ii
24056,Ref 2,20.384,62752,54090892.0,53.688658,4762781.0,497.3077721,IT=10;10 ,ii
24058,Ref 2,25.138,69276,52707956.0,53.693004,4379392.5,497.3078885,IT=13;13 ,ii
24059,Ref 2,37.188,87792,50936040.0,53.697137,4026997.2,497.3082151,IT=19;19 ,ii
24062,Ref 2,32.767,80600,48153532.0,53.703071,3632233.0,497.3079652,IT=16;16 ,ii
24063,Ref 2,35.036,77156,40929784.0,53.70725,3079943.5,497.3080535,IT=18;18 ,ii
24064,Ref 2,37.060,82268,40902604.0,53.71145,2998110.8,497.3081505,IT=19;19 ,ii
24065,Ref 2,29.341,79040,45367972.0,53.715493,3014904.2,497.3082251,IT=15;15 ,ii
24069,Ref 2,34.814,85976,45723428.0,53.723568,3049834.5,497.3081425,IT=17;17 ,ii
24070,Ref 2,41.690,89724,40875460.0,53.727833,2608937.8,497.3081795,IT=21;21 ,ii
24071,Ref 2,33.938,78208,41379188.0,53.731887,2531341.8,497.3082057,IT=17;17 ,ii
24074,Ref 2,35.525,80540,42568032.0,53.738139,2420766.0,497.3080777,IT=18;18 ,ii
24075,Ref 2,50.000,89660,41329980.0,53.742535,2217034.8,391.2840439,IT=25;25 ,ii
24076,Ref 2,33.538,75248,43577532.0,53.746445,2371743.0,651.3772309,IT=17;17 ,ii
24078,Ref 2,32.401,78860,47750188.0,53.750749,2961522.0,651.3771178,IT=16;16 ,ii
24079,Ref 2,24.261,67216,45864376.0,53.754749,3003047.0,651.3770793,IT=12;12 ,ii
24080,Ref 2,19.947,61940,48703728.0,53.758764,3404002.5,651.3771364,IT=10;10 ,ii
24081,Ref 2,41.318,82136,40528444.0,53.763191,2583451.2,651.3773827,IT=21;21 ,ii
24082,Ref 2,30.904,72312,39557804.0,53.767022,2250850.5,391.2839014,IT=15;15 ,ii
24083,Ref 2,27.885,72404,44049888.0,53.771118,2430281.8,391.2839965,IT=14;14 ,ii
24084,Ref 2,47.704,86164,34954844.0,53.77556,1889192.5,391.2840402,IT=24;24 ,ii
24085,Ref 2,32.753,77380,38139096.0,53.779497,2226515.2,391.2840213,IT=16;16 ,ii
24086,Ref 2,38.029,81360,37944448.0,53.78373,2235974.8,391.2840012,IT=19;19 ,ii
24087,Ref 2,50.000,94116,36400576.0,53.787922,2201445.5,391.2841123,IT=25;25 ,ii
24088,Ref 2,49.132,90992,34586964.0,53.792078,2098445.5,391.2840777,IT=25;25 ,ii
24089,Ref 2,42.412,84756,35294808.0,53.796137,2262444.2,391.2841711,IT=21;21 ,ii
24093,Ref 2,50.000,91884,35536472.0,53.804441,2289912.2,391.2841266,IT=25;25 ,ii
24094,Ref 2,41.370,83484,33225470.0,53.808466,2157036.8,391.2840329,IT=21;21 ,ii
24095,Ref 2,32.930,78820,36205096.0,53.812497,2241008.8,391.2839824,IT=16;16 ,ii
24096,Ref 2,34.737,78424,35269940.0,53.816666,2243964.0,391.2841789,IT=17;17 ,ii
24098,Ref 2,33.073,74124,31856278.0,53.821153,2108314.8,391.2840694,IT=17;17 ,ii
24099,Ref 2,32.660,74100,33646168.0,53.825113,2097459.2,391.2840157,IT=16;16 ,ii
24100,Ref 2,27.609,68636,35210544.0,53.82917,2382062.0,391.2840647,IT=14;14 ,ii
24101,Ref 2,38.365,82212,36440320.0,53.833474,2334483.8,391.2841106,IT=19;19 ,ii
24103,Ref 2,46.211,90404,34559604.0,53.83819,2011205.9,391.28418,IT=23;23 ,ii
24104,Ref 2,36.997,77156,33936656.0,53.842043,2140742.0,391.2840502,IT=18;18 ,ii
24105,Ref 2,38.440,81096,34712764.0,53.846253,2109361.8,391.2841119,IT=19;19 ,ii
24108,Ref 2,40.905,84072,37446252.0,53.852599,2233355.0,391.2840656,IT=20;20 ,ii
24109,Ref 2,36.102,77048,34857352.0,53.856697,2294011.0,391.2841886,IT=18;18 ,ii
24112,Ref 2,46.303,91288,36827796.0,53.862817,2074963.8,391.2841921,IT=23;23 ,ii
24113,Ref 2,38.682,87876,40212304.0,53.866867,2519330.5,391.2841294,IT=19;19 ,ii
24114,Ref 2,37.338,81444,37563660.0,53.871017,2258326.2,391.2841779,IT=19;19 ,ii
24115,Ref 2,34.938,73452,31937824.0,53.875147,1890678.6,391.2841327,IT=17;17 ,ii
24117,Ref 2,37.316,80380,34636236.0,53.879536,2081599.9,391.2841432,IT=19;19 ,ii
24118,Ref 2,36.195,80152,38156396.0,53.883501,2354169.8,391.2840692,IT=18;18 ,ii
24119,Ref 2,28.407,76400,39126016.0,53.887526,2234143.2,391.2841087,IT=14;14 ,ii
24122,Ref 2,39.924,80660,37945764.0,53.89383,2293928.2,391.2840413,IT=20;20 ,ii
24123,Ref 2,33.655,77992,39828380.0,53.897905,2319776.2,391.2840612,IT=17;17 ,ii
24124,Ref 2,44.904,81776,33705360.0,53.902226,1911767.5,391.2841836,IT=22;22 ,ii
24126,Ref 2,34.008,76256,38768392.0,53.906738,2242525.0,391.2840718,IT=17;17 ,ii
24127,Ref 2,35.328,82528,40528372.0,53.910732,2378059.8,391.2839736,IT=18;18 ,ii
24128,Ref 2,36.199,76948,34814648.0,53.914892,2057036.6,391.2841327,IT=18;18 ,ii
24130,Ref 2,35.728,79104,38289344.0,53.919259,2265046.2,391.2840142,IT=18;18 ,ii
24131,Ref 2,39.023,81892,36537916.0,53.923469,2186139.0,391.2840294,IT=20;20 ,ii
24132,Ref 2,40.130,83756,36093224.0,53.927763,2162565.0,391.2841363,IT=20;20 ,ii
24134,Ref 2,40.100,81040,36906288.0,53.932231,2338212.2,391.2839923,IT=20;20 ,ii
24135,Ref 2,43.628,89356,36043992.0,53.936456,2203812.0,391.2840506,IT=22;22 ,ii
24136,Ref 2,33.810,78340,36551332.0,53.940467,2334186.2,391.28404,IT=17;17 ,ii
24137,Ref 2,43.974,81604,32183802.0,53.944777,2037283.5,391.2841573,IT=22;22 ,ii
24139,Ref 2,50.000,90304,31921832.0,53.949544,1937227.2,391.284139,IT=25;25 ,ii
24140,Ref 2,44.755,89684,34908512.0,53.953465,2231301.5,391.2840816,IT=22;22 ,ii
24141,Ref 2,43.796,85992,33053198.0,53.957619,2215237.5,391.2840958,IT=22;22 ,ii
24142,Ref 2,45.667,87368,33801336.0,53.961823,2034028.4,391.2840075,IT=23;23 ,ii
24143,Ref 2,50.000,93664,33368550.0,53.966081,2115742.8,391.2841259,IT=25;25 ,ii
24146,Ref 2,45.038,89004,32592962.0,53.97221,2145812.8,391.2839362,IT=23;23 ,ii
24147,Ref 2,40.108,85628,33141268.0,53.976306,2137692.5,391.2839889,IT=20;20 ,ii
24148,Ref 2,44.507,86396,31595688.0,53.980381,2110614.8,391.2840844,IT=22;22 ,ii
24149,Ref 2,43.033,84496,32377554.0,53.98454,2179663.8,391.284061,IT=22;22 ,ii
24150,Ref 2,44.268,86756,31593210.0,53.988742,2010434.2,391.2839629,IT=22;22 ,ii
24151,Ref 2,50.000,93372,31832774.0,53.993023,2059989.6,391.28407,IT=25;25 ,ii
24152,Ref 2,44.800,87704,32896512.0,53.996956,2216873.0,391.284041,IT=22;22 ,ii
24153,Ref 2,48.777,90652,30717072.0,54.001196,1927575.0,391.2840259,IT=24;24 ,ii
24154,Ref 2,34.327,77468,32610458.0,54.005129,2244552.2,391.2840998,IT=17;17 ,ii
24156,Ref 2,44.383,89512,31988330.0,54.011387,2118019.2,391.2840991,IT=22;22 ,ii
24157,Ref 2,39.117,84504,33359740.0,54.015477,2135169.5,391.2840379,IT=20;20 ,ii
24158,Ref 2,42.154,83540,32589866.0,54.019698,2283824.8,391.2840506,IT=21;21 ,ii
24159,Ref 2,50.000,91084,32237958.0,54.024004,2130635.2,391.2841071,IT=25;25 ,ii
24160,Ref 2,39.360,81968,31427214.0,54.027829,1998796.2,391.2841125,IT=20;20 ,ii
24161,Ref 2,38.984,80464,32360216.0,54.031993,2190550.2,391.2840215,IT=19;19 ,ii
24162,Ref 2,46.488,87168,32134572.0,54.036287,2128551.2,391.2841057,IT=23;23 ,ii
24163,Ref 2,47.365,90608,33580396.0,54.040481,2108900.0,391.2841089,IT=24;24 ,ii
24164,Ref 2,42.867,85924,32978810.0,54.044427,2141520.2,391.2840472,IT=21;21 ,ii
24165,Ref 2,40.667,80824,32142386.0,54.048566,2114797.0,391.2841097,IT=20;20 ,ii
24166,Ref 2,37.081,79124,33796364.0,54.052689,2049234.5,391.2840383,IT=19;19 ,ii
24167,Ref 2,41.720,82560,34908972.0,54.056941,2181119.0,391.2841317,IT=21;21 ,ii
24168,Ref 2,36.718,79872,35990516.0,54.060866,2312203.0,391.2841358,IT=18;18 ,ii
24169,Ref 2,34.546,77912,38626568.0,54.064985,2374754.0,391.2841027,IT=17;17 ,ii
24170,Ref 2,39.951,82580,36690244.0,54.069218,2296921.8,391.2841826,IT=20;20 ,ii
24172,Ref 2,37.476,82188,39153460.0,54.073628,2445902.0,515.3085295,IT=19;19 ,ii
24173,Ref 2,36.112,76228,33919388.0,54.077768,1951189.4,391.2840774,IT=18;18 ,ii
24174,Ref 2,47.364,89228,35986908.0,54.081937,2227520.2,391.2841384,IT=24;24 ,ii
24175,Ref 2,31.613,74352,37518576.0,54.085851,2269062.2,391.2840691,IT=16;16 ,ii
24176,Ref 2,29.638,75120,39148236.0,54.089949,2221189.8,391.2841691,IT=15;15 ,ii
24178,Ref 2,38.642,82708,37280348.0,54.09613,2311125.5,391.2841435,IT=19;19 ,ii
24179,Ref 2,38.030,83468,37933100.0,54.100295,2230561.5,391.2842078,IT=19;19 ,ii
24182,Ref 2,38.273,81080,35255636.0,54.106597,2127095.0,391.2841149,IT=19;19 ,ii
24183,Ref 2,41.023,83584,34829544.0,54.110805,2294167.5,391.284081,IT=21;21 ,ii
24184,Ref 2,41.114,84548,33694228.0,54.114991,2045683.9,391.2840317,IT=21;21 ,ii
24185,Ref 2,50.000,91792,33954360.0,54.119149,2102235.0,391.2842327,IT=25;25 ,ii
24186,Ref 2,39.143,84116,34415892.0,54.123149,2182007.2,391.2841361,IT=20;20 ,ii
24187,Ref 2,40.950,80252,31621780.0,54.127349,1981880.5,391.2841758,IT=20;20 ,ii
24188,Ref 2,44.694,86608,31651482.0,54.131597,2069273.4,391.2842251,IT=22;22 ,ii
24189,Ref 2,47.167,87820,33693976.0,54.135651,2239670.2,391.2843067,IT=24;24 ,ii
24191,Ref 2,42.267,86580,32872256.0,54.14012,2100474.0,391.2841525,IT=21;21 ,ii
24192,Ref 2,42.355,84848,33925140.0,54.144299,2172893.8,391.2842233,IT=21;21 ,ii
24194,Ref 2,39.651,79244,32782000.0,54.148728,2230622.8,391.2841903,IT=20;20 ,ii
24195,Ref 2,42.911,90940,34378496.0,54.152965,2201431.0,391.2842554,IT=21;21 ,ii
24196,Ref 2,45.207,84608,31893970.0,54.157005,2097769.5,391.2842286,IT=23;23 ,ii
24197,Ref 2,45.399,84612,32695036.0,54.161184,2179078.8,391.2842862,IT=23;23 ,ii
24199,Ref 2,41.807,88252,34970912.0,54.165651,2158620.8,391.2841922,IT=21;21 ,ii
24200,Ref 2,50.000,90252,32139138.0,54.169963,2068367.9,391.2841749,IT=25;25 ,ii
24201,Ref 2,43.155,86212,33950372.0,54.174017,2330001.8,391.2840995,IT=22;22 ,ii
24202,Ref 2,35.148,81004,35473176.0,54.177884,2297371.5,391.2841773,IT=18;18 ,ii
24203,Ref 2,31.904,76208,35150748.0,54.181974,2469318.0,391.2840339,IT=16;16 ,ii
24204,Ref 2,37.323,76128,32659662.0,54.186201,2281601.0,391.2841277,IT=19;19 ,ii
24205,Ref 2,42.081,87236,32808276.0,54.190442,2092219.1,391.2840473,IT=21;21 ,ii
24206,Ref 2,47.215,86996,31551516.0,54.194698,2148821.0,391.2842097,IT=24;24 ,ii
24207,Ref 2,44.516,87512,32015402.0,54.198657,2179130.2,391.2840736,IT=22;22 ,ii
24208,Ref 2,43.890,83960,32331602.0,54.202821,2134827.2,391.2841725,IT=22;22 ,ii
24209,Ref 2,49.961,91948,31775492.0,54.207096,2095602.1,391.2841441,IT=25;25 ,ii
24210,Ref 2,44.051,88748,31927686.0,54.211167,2193856.0,391.2840696,IT=22;22 ,ii
24211,Ref 2,49.967,93192,32874560.0,54.215265,2198125.8,391.2841361,IT=25;25 ,ii
24212,Ref 2,44.806,86764,31615384.0,54.219348,2152059.5,391.2841441,IT=22;22 ,ii
24213,Ref 2,38.070,80136,31358276.0,54.223413,2093030.8,391.28415,IT=19;19 ,ii
24214,Ref 2,41.450,92772,34728056.0,54.227642,2199088.2,391.2842134,IT=21;21 ,ii
24216,Ref 2,43.143,84104,31365982.0,54.232302,2103495.8,391.2840496,IT=22;22 ,ii
24217,Ref 2,45.010,87636,32808552.0,54.236334,2235371.5,391.2841649,IT=23;23 ,ii
24218,Ref 2,40.598,83168,32571872.0,54.240436,2156936.5,391.2841139,IT=20;20 ,ii
24220,Ref 2,47.771,92472,32448196.0,54.245167,2131761.5,391.2841022,IT=24;24 ,ii
24221,Ref 2,43.545,84620,31140500.0,54.249267,2156274.8,391.2840594,IT=22;22 ,ii
24222,Ref 2,41.115,81324,31191926.0,54.253404,2048262.5,391.2841113,IT=21;21 ,ii
24223,Ref 2,47.496,86052,29996368.0,54.257819,1996812.5,391.2839651,IT=24;24 ,ii
24224,Ref 2,40.842,84656,30554424.0,54.261881,2134830.2,391.2840837,IT=20;20 ,ii
24225,Ref 2,41.971,85904,31511652.0,54.266083,2038456.0,391.2839988,IT=21;21 ,ii
24226,Ref 2,41.798,84120,32551246.0,54.27025,2213394.5,391.2839721,IT=21;21 ,ii
24227,Ref 2,39.960,84432,31111618.0,54.274223,2194637.5,391.284061,IT=20;20 ,ii
24228,Ref 2,42.491,87544,32472766.0,54.278433,2264311.2,391.283887,IT=21;21 ,ii
24229,Ref 2,49.573,91656,29263912.0,54.282727,1973317.4,391.284049,IT=25;25 ,ii
24230,Ref 2,40.864,82520,31988026.0,54.286762,2385770.5,391.2839442,IT=20;20 ,ii
24231,Ref 2,38.434,81812,32338120.0,54.290889,2169732.8,391.28403,IT=19;19 ,ii
24232,Ref 2,43.988,86528,30631384.0,54.29515,2010629.4,391.2841685,IT=22;22 ,ii
24235,Ref 2,43.482,88784,33520192.0,54.301527,2289863.8,391.2840215,IT=22;22 ,ii
24236,Ref 2,47.266,85104,30820534.0,54.305592,1995533.9,391.2842192,IT=24;24 ,ii
24238,Ref 2,44.603,89256,33851588.0,54.310119,2232901.5,391.2840549,IT=22;22 ,ii
24239,Ref 2,40.009,80784,34284792.0,54.314231,2265436.5,391.2840515,IT=20;20 ,ii
24242,Ref 2,42.413,86544,34240112.0,54.320579,2237363.2,391.283981,IT=21;21 ,ii
24243,Ref 2,36.004,75168,31646464.0,54.32466,2212870.8,391.2840592,IT=18;18 ,ii
24244,Ref 2,43.639,85876,33085118.0,54.328935,2141092.0,391.2840331,IT=22;22 ,ii
24245,Ref 2,47.397,85804,30746896.0,54.333006,1992053.9,391.2840713,IT=24;24 ,ii
24246,Ref 2,46.689,86380,32875346.0,54.337164,2209979.8,391.284124,IT=23;23 ,ii
24247,Ref 2,39.686,83908,33357018.0,54.341454,2205117.2,391.2840507,IT=20;20 ,ii
24249,Ref 2,39.011,84800,33846760.0,54.345889,2197162.8,391.2839882,IT=20;20 ,ii
24250,Ref 2,40.012,84012,34393740.0,54.350072,2244701.2,391.2840594,IT=20;20 ,ii
24251,Ref 2,32.740,77148,33501448.0,54.353954,2349098.0,391.284119,IT=16;16 ,ii
24252,Ref 2,31.128,72352,31780824.0,54.35806,2175717.2,391.2841331,IT=16;16 ,ii
24253,Ref 2,38.881,76940,30236966.0,54.362316,2110979.0,391.2841196,IT=19;19 ,ii
24254,Ref 2,38.974,80720,33582708.0,54.366485,2228081.0,391.2840942,IT=19;19 ,ii
24255,Ref 2,35.474,77860,33579428.0,54.370597,2226241.2,391.2840777,IT=18;18 ,ii
24256,Ref 2,43.488,85160,33832880.0,54.374881,2233220.2,391.2841275,IT=22;22 ,ii
24257,Ref 2,35.116,79304,34402384.0,54.37892,2411689.0,391.2841505,IT=18;18 ,ii
24258,Ref 2,34.550,72420,30641016.0,54.383049,2072655.6,391.2841312,IT=17;17 ,ii
24259,Ref 2,42.824,83132,32463056.0,54.387333,2260974.0,391.284107,IT=21;21 ,ii
24260,Ref 2,39.497,78552,30658332.0,54.39128,2151696.0,391.2841467,IT=20;20 ,ii
24261,Ref 2,30.616,74404,33116642.0,54.395301,2212013.5,391.2840523,IT=15;15 ,ii
24262,Ref 2,38.231,78584,31703836.0,54.399549,2222856.5,391.2840844,IT=19;19 ,ii
24263,Ref 2,45.032,84064,32197716.0,54.40383,2282686.0,391.2841358,IT=23;23 ,ii
24264,Ref 2,39.058,88456,35414032.0,54.407907,2428180.0,391.2840922,IT=20;20 ,ii
24265,Ref 2,42.282,82680,31910308.0,54.411951,2223570.8,391.2840263,IT=21;21 ,ii
24266,Ref 2,42.833,83440,31522646.0,54.416151,2270777.0,391.284252,IT=21;21 ,ii
24268,Ref 2,39.172,80604,30478338.0,54.420572,2065361.4,391.2841658,IT=20;20 ,ii
24269,Ref 2,42.147,83652,32083370.0,54.424886,2216092.2,391.2841917,IT=21;21 ,ii
24270,Ref 2,40.280,81588,32084286.0,54.429032,2216519.8,391.2841463,IT=20;20 ,ii
24271,Ref 2,35.186,78468,32602770.0,54.432951,2286139.0,391.2841057,IT=18;18 ,ii
24272,Ref 2,40.433,79572,30727882.0,54.43718,2229936.2,391.284062,IT=20;20 ,ii
24273,Ref 2,33.642,80264,33526506.0,54.441268,2363643.2,391.2841636,IT=17;17 ,ii
24274,Ref 2,35.390,79560,30864298.0,54.445436,2109292.0,391.2841144,IT=18;18 ,ii
24275,Ref 2,42.992,86616,32516938.0,54.449553,2218601.5,391.2840741,IT=21;21 ,ii
24276,Ref 2,40.758,81464,32225856.0,54.453691,2275788.5,391.2840971,IT=20;20 ,ii
24277,Ref 2,38.646,81100,32871550.0,54.45783,2223507.2,391.2841152,IT=19;19 ,ii
24279,Ref 2,45.151,85904,32703444.0,54.462513,2210836.0,391.2839668,IT=23;23 ,ii
24280,Ref 2,39.846,82644,34618540.0,54.466601,2329989.5,391.2839511,IT=20;20 ,ii
24281,Ref 2,31.636,77420,36380376.0,54.470461,2348303.2,391.2839766,IT=16;16 ,ii
24282,Ref 2,50.000,87092,33491542.0,54.474897,2209828.0,391.2841114,IT=25;25 ,ii
24283,Ref 2,37.839,79468,35061668.0,54.478861,2331857.0,391.2840612,IT=19;19 ,ii
24284,Ref 2,39.145,82996,35951216.0,54.483046,2209596.0,391.2840152,IT=20;20 ,ii
24285,Ref 2,29.131,72316,37638324.0,54.48688,2450646.2,391.2840658,IT=15;15 ,ii
24286,Ref 2,33.496,79632,40134156.0,54.491065,2548127.0,391.284046,IT=17;17 ,ii
24288,Ref 2,33.757,81796,39734396.0,54.49539,2753493.8,455.3226465,IT=17;17 ,ii
24289,Ref 2,29.186,78412,43240780.0,54.499455,3387850.0,455.3226372,IT=15;15 ,ii
24290,Ref 2,34.638,77316,42490592.0,54.503498,3594181.5,455.3225622,IT=17;17 ,ii
24292,Ref 2,27.323,68984,43323648.0,54.509484,4303858.0,455.3225236,IT=14;14 ,ii
24293,Ref 2,29.546,72756,43656972.0,54.513461,4439863.0,455.3225585,IT=15;15 ,ii
24294,Ref 2,29.375,72932,44811324.0,54.51758,4754741.0,455.3223915,IT=15;15 ,ii
24295,Ref 2,22.189,62668,43362896.0,54.521578,4767657.0,455.3225281,IT=11;11 ,ii
24296,Ref 2,25.149,71036,48955012.0,54.525707,5153540.5,455.3224051,IT=13;13 ,ii
24297,Ref 2,27.042,67172,45371548.0,54.529661,4745782.0,455.3224543,IT=14;14 ,ii
24298,Ref 2,29.921,69428,38888200.0,54.533813,4026488.2,497.3080165,IT=15;15 ,ii
24299,Ref 2,24.154,65836,43718620.0,54.53784,4786050.5,497.307991,IT=12;12 ,ii
24300,Ref 2,23.815,68056,49433408.0,54.541934,5458712.0,497.3080379,IT=12;12 ,ii
24302,Ref 2,28.636,73588,45928120.0,54.546344,5440010.0,497.3079242,IT=14;14 ,ii
24303,Ref 2,25.090,67948,45727276.0,54.550229,5371050.0,497.3077115,IT=13;13 ,ii
24304,Ref 2,28.048,70728,45013276.0,54.554371,5252957.0,497.3080822,IT=14;14 ,ii
24306,Ref 2,28.373,76856,48720016.0,54.558609,5793410.5,497.3079219,IT=14;14 ,ii
24307,Ref 2,29.610,73196,44409788.0,54.56274,5399399.5,497.3080871,IT=15;15 ,ii
24309,Ref 2,30.218,72424,42569508.0,54.567011,5184623.0,497.307943,IT=15;15 ,ii
24310,Ref 2,31.001,76988,43694176.0,54.571148,5079254.0,497.3079756,IT=16;16 ,ii
24311,Ref 2,25.015,71032,44762656.0,54.575177,5190171.5,497.3081416,IT=13;13 ,ii
24314,Ref 2,31.147,78628,44414160.0,54.581067,4933845.0,497.307905,IT=16;16 ,ii
24315,Ref 2,30.113,75220,42683396.0,54.585177,4804241.0,497.3080129,IT=15;15 ,ii
24316,Ref 2,29.586,75092,43970372.0,54.589294,4836255.5,497.3080307,IT=15;15 ,ii
24317,Ref 2,30.173,75696,42526884.0,54.59326,4587744.5,497.3080679,IT=15;15 ,ii
24318,Ref 2,26.581,72932,44376424.0,54.597329,4781135.5,497.3081077,IT=13;13 ,ii
24320,Ref 2,24.007,66008,42742664.0,54.60151,4257648.0,497.3080788,IT=12;12 ,ii
24321,Ref 2,22.282,68980,43087172.0,54.605569,4207978.5,497.3079595,IT=11;11 ,ii
24322,Ref 2,27.516,78272,49009424.0,54.609567,4719793.5,497.3078791,IT=14;14 ,ii
24323,Ref 2,31.457,76264,42158516.0,54.613741,3877404.0,497.3079141,IT=16;16 ,ii
24324,Ref 2,22.786,64576,42347820.0,54.617723,3928608.0,497.3080791,IT=11;11 ,ii
24326,Ref 2,31.691,78344,43032804.0,54.622185,3772672.2,497.3078374,IT=16;16 ,ii
24327,Ref 2,36.831,84236,43289784.0,54.626231,3536877.0,497.3080435,IT=18;18 ,ii
24330,Ref 2,31.715,80132,44164292.0,54.632391,3378559.5,497.3079475,IT=16;16 ,ii
24331,Ref 2,29.543,75140,43208036.0,54.636325,3257294.2,497.3080295,IT=15;15 ,ii
24332,Ref 2,30.214,76980,44446192.0,54.640456,3240597.2,497.3080031,IT=15;15 ,ii
24333,Ref 2,30.239,75024,43633260.0,54.644585,3140748.0,497.3081726,IT=15;15 ,ii
24335,Ref 2,27.287,71208,40681212.0,54.648979,2939719.8,497.3080507,IT=14;14 ,ii
24336,Ref 2,31.511,72896,40595796.0,54.65316,2865072.2,497.308015,IT=16;16 ,ii
24337,Ref 2,31.600,81312,42705084.0,54.657127,2883338.0,497.3080661,IT=16;16 ,ii
24338,Ref 2,50.000,93248,39243600.0,54.66156,2754496.5,497.3082758,IT=25;25 ,ii
24339,Ref 2,31.672,73852,38214944.0,54.665422,2658967.8,497.3080865,IT=16;16 ,ii
24340,Ref 2,30.410,76156,41295336.0,54.669533,2784277.5,497.3080336,IT=15;15 ,ii
24342,Ref 2,38.753,87356,40641344.0,54.675726,2704098.8,497.3080638,IT=19;19 ,ii
24343,Ref 2,34.181,84324,42366916.0,54.679812,2830746.8,497.3080813,IT=17;17 ,ii
24344,Ref 2,31.454,79872,39213980.0,54.683754,2650091.5,497.3081452,IT=16;16 ,ii
24345,Ref 2,38.153,88356,40293180.0,54.687991,2829587.8,497.3080879,IT=19;19 ,ii
24346,Ref 2,30.503,83964,43739112.0,54.692041,3015364.0,497.308229,IT=15;15 ,ii
24350,Ref 2,3.602,84960,1934111400.0,54.699664,93412256.0,670.5097006,IT=1.8;1.8 ,ii
24361,Ref 2,1.856,70976,580516350.0,54.712203,17429044.0,626.4833588,IT=0.93;0.93 ,ii
24372,Ref 2,5.534,97816,290821090.0,54.730455,6638635.0,638.5200171,IT=2.8;2.8 ,ii
24383,Ref 2,7.544,113144,223023100.0,54.749255,3341647.8,620.5095321,IT=3.8;3.8 ,ii
24389,Ref 2,11.001,123104,168794590.0,54.760261,2047947.1,391.2839526,IT=5.5;5.5 ,ii
24392,Ref 2,11.990,125944,156564100.0,54.765824,2098332.2,391.2838159,IT=6;6 ,ii
24393,Ref 2,13.051,127376,149508340.0,54.769703,1984172.2,391.2840227,IT=6.5;6.5 ,ii
24395,Ref 2,12.774,128700,147964850.0,54.773716,1874348.6,391.283939,IT=6.4;6.4 ,ii
24396,Ref 2,13.058,129540,144270880.0,54.777749,1892263.4,391.283932,IT=6.5;6.5 ,ii
24397,Ref 2,13.617,125680,138358460.0,54.781772,1915950.1,391.2838509,IT=6.8;6.8 ,ii
24398,Ref 2,12.162,122620,141748830.0,54.785611,1818525.4,391.2838806,IT=6.1;6.1 ,ii
24399,Ref 2,12.624,122864,137767570.0,54.789615,1899838.2,391.2838093,IT=6.3;6.3 ,ii
24400,Ref 2,12.624,120116,131100360.0,54.793619,1897638.2,391.2837855,IT=6.3;6.3 ,ii
24402,Ref 2,11.657,119944,134649550.0,54.79948,1875211.4,391.2837937,IT=5.8;5.8 ,ii
24403,Ref 2,13.091,128856,135661730.0,54.803528,1877101.8,391.283725,IT=6.5;6.5 ,ii
24404,Ref 2,12.560,122004,131966480.0,54.807534,1935986.9,391.2837748,IT=6.3;6.3 ,ii
24405,Ref 2,11.771,123480,140312770.0,54.811353,1886371.1,391.283954,IT=5.9;5.9 ,ii
24406,Ref 2,11.696,122804,138409200.0,54.815336,1920503.0,391.2837574,IT=5.8;5.8 ,ii
24407,Ref 2,11.876,119836,136046030.0,54.819317,1859276.8,391.2838619,IT=5.9;5.9 ,ii
24408,Ref 2,11.903,119732,138692130.0,54.823305,1895470.9,391.2837611,IT=6;6 ,ii
24409,Ref 2,12.452,121868,135745630.0,54.827134,1862942.6,391.2838251,IT=6.2;6.2 ,ii
24410,Ref 2,12.689,120600,130325020.0,54.831132,1710649.2,391.2838112,IT=6.3;6.3 ,ii
24411,Ref 2,12.469,121412,131450400.0,54.835128,1830517.4,391.2838634,IT=6.2;6.2 ,ii
24412,Ref 2,12.064,120288,129456280.0,54.838953,1790399.1,391.2839106,IT=6;6 ,ii
24413,Ref 2,16.162,129420,124926860.0,54.843005,1706429.1,391.2839827,IT=8.1;8.1 ,ii
24414,Ref 2,12.153,117364,128297650.0,54.846984,1704279.4,391.2838601,IT=6.1;6.1 ,ii
24415,Ref 2,12.096,117656,127746620.0,54.850975,1842665.2,391.2838706,IT=6;6 ,ii
24416,Ref 2,12.379,117248,126027160.0,54.854798,1819314.5,419.3151887,IT=6.2;6.2 ,ii
24417,Ref 2,12.577,116352,124870140.0,54.858794,1878640.1,419.3153619,IT=6.3;6.3 ,ii
24418,Ref 2,11.873,116292,129769120.0,54.862786,1872576.4,419.3152799,IT=5.9;5.9 ,ii
24419,Ref 2,11.760,115876,127586700.0,54.866763,1838772.6,419.3153462,IT=5.9;5.9 ,ii
24420,Ref 2,11.817,115096,127644310.0,54.870577,1779133.0,391.2839178,IT=5.9;5.9 ,ii
24421,Ref 2,12.106,120196,129065340.0,54.874561,1924620.4,419.3154369,IT=6.1;6.1 ,ii
24422,Ref 2,12.480,119536,129125500.0,54.878558,1996012.9,419.3153897,IT=6.2;6.2 ,ii
24423,Ref 2,11.682,113996,127414900.0,54.882542,1971704.9,419.3152349,IT=5.8;5.8 ,ii
24425,Ref 2,10.560,113348,133746760.0,54.888386,2112136.8,419.3152781,IT=5.3;5.3 ,ii
24426,Ref 2,12.090,117916,130611100.0,54.892248,1913548.4,419.315371,IT=6;6 ,ii
24427,Ref 2,11.243,117224,132355260.0,54.896235,2055602.0,419.3152345,IT=5.6;5.6 ,ii
24428,Ref 2,12.164,118932,132292520.0,54.900223,1955108.5,419.3153173,IT=6.1;6.1 ,ii
24429,Ref 2,11.932,119704,132467380.0,54.904215,2007354.9,419.3152867,IT=6;6 ,ii
24430,Ref 2,11.429,119328,133932590.0,54.908021,2119498.0,419.3152649,IT=5.7;5.7 ,ii
24431,Ref 2,11.879,116908,132459120.0,54.911998,2123146.0,419.3152963,IT=5.9;5.9 ,ii
24432,Ref 2,11.203,114420,132134580.0,54.915964,2110709.5,419.3151299,IT=5.6;5.6 ,ii
24433,Ref 2,12.414,119324,132613280.0,54.919958,2082420.2,419.3152505,IT=6.2;6.2 ,ii
24434,Ref 2,12.174,118404,130981570.0,54.923787,2107135.2,419.3152812,IT=6.1;6.1 ,ii
24435,Ref 2,11.270,117228,135285490.0,54.927767,2138681.2,419.3152207,IT=5.6;5.6 ,ii
24436,Ref 2,12.066,120648,131450740.0,54.931748,2143541.5,419.3152485,IT=6;6 ,ii
24437,Ref 2,11.582,119120,132427880.0,54.935727,2159975.8,419.3153467,IT=5.8;5.8 ,ii
24438,Ref 2,12.791,121528,133492010.0,54.939554,2226249.8,419.3152828,IT=6.4;6.4 ,ii
24439,Ref 2,11.427,113700,128734230.0,54.943533,2093444.9,419.3153052,IT=5.7;5.7 ,ii
24440,Ref 2,11.834,117556,130631580.0,54.94751,2136961.0,419.3152376,IT=5.9;5.9 ,ii
24441,Ref 2,11.880,113508,128439570.0,54.951493,2273892.5,419.3152464,IT=5.9;5.9 ,ii
24442,Ref 2,12.217,119084,129384710.0,54.955312,2175476.2,419.3152619,IT=6.1;6.1 ,ii
24443,Ref 2,12.296,117224,128665520.0,54.959298,2120615.0,419.3152765,IT=6.1;6.1 ,ii
24444,Ref 2,12.631,119520,128790590.0,54.963291,2203095.0,419.3152193,IT=6.3;6.3 ,ii
24445,Ref 2,11.454,114780,131288420.0,54.967266,2195499.8,419.3152537,IT=5.7;5.7 ,ii
24446,Ref 2,12.111,119244,128738880.0,54.971081,2210686.0,419.3152171,IT=6.1;6.1 ,ii
24447,Ref 2,11.722,113680,127292020.0,54.975068,2231486.5,419.315304,IT=5.9;5.9 ,ii
24448,Ref 2,11.950,117168,129440960.0,54.979068,2192018.2,419.3153148,IT=6;6 ,ii
24449,Ref 2,12.269,119172,130909670.0,54.982904,2173010.8,419.3151891,IT=6.1;6.1 ,ii
24450,Ref 2,13.584,122060,128552830.0,54.986918,2265844.2,419.3152612,IT=6.8;6.8 ,ii
24451,Ref 2,12.302,117720,127647620.0,54.990933,2180740.8,419.3151836,IT=6.2;6.2 ,ii
24452,Ref 2,12.910,118860,125430660.0,54.994941,2207914.2,419.3152402,IT=6.5;6.5 ,ii
24453,Ref 2,12.581,117296,125328740.0,54.998776,2218621.0,419.3152463,IT=6.3;6.3 ,ii
24454,Ref 2,10.153,111040,126995050.0,55.002735,2288304.8,419.3152054,IT=5.1;5.1 ,ii
24455,Ref 2,12.510,118772,126971980.0,55.006716,2284609.0,419.3150923,IT=6.3;6.3 ,ii
24456,Ref 2,12.474,116768,124200530.0,55.010712,2292272.8,419.3151819,IT=6.2;6.2 ,ii
24457,Ref 2,12.438,120548,128155740.0,55.014537,2389344.8,419.3151402,IT=6.2;6.2 ,ii
24458,Ref 2,12.739,113360,119741860.0,55.018537,2201234.5,419.3152454,IT=6.4;6.4 ,ii
24459,Ref 2,13.114,119672,126226510.0,55.022551,2237340.0,419.3152589,IT=6.6;6.6 ,ii
24460,Ref 2,12.411,121100,128843770.0,55.026551,2308122.0,419.315278,IT=6.2;6.2 ,ii
24461,Ref 2,14.052,119880,120317590.0,55.030414,2271102.8,419.3152748,IT=7;7 ,ii
24462,Ref 2,12.223,117956,126900730.0,55.034412,2232719.5,419.3152586,IT=6.1;6.1 ,ii
24463,Ref 2,14.217,125664,125987110.0,55.038434,2257296.5,419.3152273,IT=7.1;7.1 ,ii
24464,Ref 2,12.608,115916,124226180.0,55.042441,2308209.5,419.3152569,IT=6.3;6.3 ,ii
24465,Ref 2,12.724,111576,119272690.0,55.046278,2274141.0,419.3151901,IT=6.4;6.4 ,ii
24466,Ref 2,13.573,123656,123731590.0,55.050295,2263168.5,419.3151464,IT=6.8;6.8 ,ii
24467,Ref 2,12.555,115768,123806300.0,55.054299,2375548.2,419.3151448,IT=6.3;6.3 ,ii
24468,Ref 2,14.264,120456,119201180.0,55.058324,2301670.0,419.3152228,IT=7.1;7.1 ,ii
24469,Ref 2,13.152,118992,123222780.0,55.062174,2304725.8,419.3151795,IT=6.6;6.6 ,ii
24470,Ref 2,12.181,119592,126372290.0,55.06617,2346175.5,419.3152018,IT=6.1;6.1 ,ii
24471,Ref 2,14.604,121240,119586820.0,55.070199,2264094.0,419.315229,IT=7.3;7.3 ,ii
24472,Ref 2,13.675,122652,124276200.0,55.074224,2428963.0,419.3151856,IT=6.8;6.8 ,ii
24473,Ref 2,12.859,116236,128265260.0,55.078074,2437283.8,419.3152339,IT=6.4;6.4 ,ii
24474,Ref 2,13.697,116908,118520500.0,55.082095,2365237.2,419.3152355,IT=6.8;6.8 ,ii
24475,Ref 2,13.280,118596,122915820.0,55.086111,2426196.5,419.3152555,IT=6.6;6.6 ,ii
24476,Ref 2,12.451,120140,131252730.0,55.090118,2502447.2,419.3152508,IT=6.2;6.2 ,ii
24477,Ref 2,13.623,121708,126346660.0,55.093972,2307869.2,419.3152958,IT=6.8;6.8 ,ii
24478,Ref 2,12.934,117880,123468140.0,55.097986,2473855.5,419.3151706,IT=6.5;6.5 ,ii
24479,Ref 2,12.707,115208,127517180.0,55.101995,2454366.5,419.3153,IT=6.4;6.4 ,ii
24480,Ref 2,16.649,131708,125823940.0,55.106057,2455640.2,419.315253,IT=8.3;8.3 ,ii
24481,Ref 2,12.177,116288,126283860.0,55.109865,2549577.2,419.3151899,IT=6.1;6.1 ,ii
24482,Ref 2,13.244,115984,121534880.0,55.113876,2389529.0,419.3152479,IT=6.6;6.6 ,ii
24483,Ref 2,12.296,117720,129775670.0,55.117876,2510692.8,419.3152282,IT=6.1;6.1 ,ii
24484,Ref 2,13.148,122720,127325450.0,55.121726,2442599.5,419.3152546,IT=6.6;6.6 ,ii
24485,Ref 2,13.411,121392,128986400.0,55.125749,2556412.8,419.3152107,IT=6.7;6.7 ,ii
24486,Ref 2,13.596,123288,131597630.0,55.129784,2576921.2,419.3152744,IT=6.8;6.8 ,ii
24487,Ref 2,12.707,120124,128271180.0,55.133792,2470084.2,419.3152521,IT=6.4;6.4 ,ii
24488,Ref 2,13.297,121244,128631480.0,55.137642,2572742.2,419.3152617,IT=6.6;6.6 ,ii
24489,Ref 2,11.267,117828,139945390.0,55.141623,2776813.8,419.3152394,IT=5.6;5.6 ,ii
24490,Ref 2,11.045,114048,129835270.0,55.145594,2637819.5,419.3152075,IT=5.5;5.5 ,ii
24491,Ref 2,12.584,117000,131304020.0,55.14958,2655572.0,419.3153171,IT=6.3;6.3 ,ii
24492,Ref 2,13.453,123956,128394780.0,55.153425,2487471.8,419.3152288,IT=6.7;6.7 ,ii
24493,Ref 2,13.498,125528,135102140.0,55.157444,2607523.8,419.3152647,IT=6.7;6.7 ,ii
24494,Ref 2,12.290,117716,128305700.0,55.161442,2537361.0,419.3152421,IT=6.1;6.1 ,ii
24495,Ref 2,16.663,131732,129156160.0,55.165507,2566689.0,419.3153013,IT=8.3;8.3 ,ii
24496,Ref 2,13.015,120316,129250310.0,55.16934,2650403.2,419.3152392,IT=6.5;6.5 ,ii
24497,Ref 2,12.966,121756,134021550.0,55.173348,2739791.8,419.315248,IT=6.5;6.5 ,ii
24498,Ref 2,12.832,118420,128732200.0,55.177361,2617158.2,419.315178,IT=6.4;6.4 ,ii
24499,Ref 2,10.828,111064,126146030.0,55.181332,2635547.5,419.3151449,IT=5.4;5.4 ,ii
24500,Ref 2,12.914,121364,130335530.0,55.185159,2554742.8,419.3152445,IT=6.5;6.5 ,ii
24501,Ref 2,12.603,118072,127553190.0,55.189165,2713657.0,419.315213,IT=6.3;6.3 ,ii
24502,Ref 2,14.042,120344,122898940.0,55.19319,2612956.0,419.3151902,IT=7;7 ,ii
24503,Ref 2,12.544,118248,123892780.0,55.197198,2552980.5,419.3151898,IT=6.3;6.3 ,ii
24504,Ref 2,13.052,118628,121969020.0,55.20104,2467076.2,419.3152455,IT=6.5;6.5 ,ii
24505,Ref 2,16.123,124692,118892580.0,55.205102,2417837.5,419.3152438,IT=8.1;8.1 ,ii
24506,Ref 2,13.459,118480,120023540.0,55.209115,2401196.0,419.3150594,IT=6.7;6.7 ,ii
24507,Ref 2,13.579,118812,121975960.0,55.213136,2505309.5,419.315192,IT=6.8;6.8 ,ii
24508,Ref 2,14.031,120184,122458830.0,55.217004,2610452.2,419.3152004,IT=7;7 ,ii
24509,Ref 2,14.132,120208,122445660.0,55.22104,2550151.5,419.3151646,IT=7.1;7.1 ,ii
24510,Ref 2,13.035,117520,125200180.0,55.225069,2708282.5,419.3151271,IT=6.5;6.5 ,ii
24511,Ref 2,13.242,119484,122433250.0,55.229081,2592822.5,419.3151313,IT=6.6;6.6 ,ii
24512,Ref 2,12.726,118896,125725470.0,55.232921,2603718.5,419.3150725,IT=6.4;6.4 ,ii
24513,Ref 2,13.598,120712,120590100.0,55.236939,2615515.8,419.3151348,IT=6.8;6.8 ,ii
24514,Ref 2,13.574,117732,123868830.0,55.240962,2771000.8,419.3151205,IT=6.8;6.8 ,ii
24515,Ref 2,12.953,116964,125480020.0,55.244975,2724092.2,419.3151484,IT=6.5;6.5 ,ii
24516,Ref 2,12.471,113692,122283220.0,55.248806,2711644.0,419.3150901,IT=6.2;6.2 ,ii
24517,Ref 2,13.157,122144,129753800.0,55.252812,2731268.0,419.3151768,IT=6.6;6.6 ,ii
24518,Ref 2,12.802,113352,124486670.0,55.256816,2786451.5,419.3151538,IT=6.4;6.4 ,ii
24519,Ref 2,13.506,120656,123382890.0,55.260837,2711609.2,419.3151143,IT=6.8;6.8 ,ii
24520,Ref 2,12.743,120228,128823660.0,55.264675,2808647.0,419.3151913,IT=6.4;6.4 ,ii
24521,Ref 2,12.184,116760,129795840.0,55.268671,2820546.8,419.3150997,IT=6.1;6.1 ,ii
24522,Ref 2,12.059,117048,131015890.0,55.272654,2962681.5,419.3150975,IT=6;6 ,ii
24523,Ref 2,12.284,117144,130768400.0,55.27665,2769851.8,419.3151766,IT=6.1;6.1 ,ii
24524,Ref 2,12.381,112864,125259470.0,55.280479,2819674.2,419.3151798,IT=6.2;6.2 ,ii
24525,Ref 2,12.182,117000,131320670.0,55.284466,2934624.5,419.3151215,IT=6.1;6.1 ,ii
24526,Ref 2,12.885,121484,134017740.0,55.288468,3012427.2,419.3151082,IT=6.4;6.4 ,ii
24527,Ref 2,12.492,119080,131040810.0,55.292308,2873083.0,419.3151907,IT=6.2;6.2 ,ii
24529,Ref 2,10.488,115516,136577890.0,55.298122,2969440.2,419.3151354,IT=5.2;5.2 ,ii
24530,Ref 2,13.968,125288,136885900.0,55.30201,2936671.8,419.3151305,IT=7;7 ,ii
24531,Ref 2,13.435,123728,132182710.0,55.306026,2853832.2,419.3152118,IT=6.7;6.7 ,ii
24532,Ref 2,11.886,120080,136898700.0,55.310016,2936114.0,419.3150875,IT=5.9;5.9 ,ii
24533,Ref 2,11.785,115592,139605420.0,55.314004,3073505.2,419.3151214,IT=5.9;5.9 ,ii
24534,Ref 2,12.648,120512,132210470.0,55.317835,2909220.5,419.315195,IT=6.3;6.3 ,ii
24535,Ref 2,14.044,123228,136123660.0,55.321864,3000267.8,419.3152254,IT=7;7 ,ii
24536,Ref 2,12.193,118348,134851380.0,55.325864,2931628.0,419.3152234,IT=6.1;6.1 ,ii
24537,Ref 2,13.539,125568,134677180.0,55.329706,2991682.8,419.3152921,IT=6.8;6.8 ,ii
24538,Ref 2,11.899,117792,128401610.0,55.333695,2973560.8,419.3151987,IT=5.9;5.9 ,ii
24539,Ref 2,13.697,124140,129660970.0,55.337712,2944206.5,419.3152116,IT=6.8;6.8 ,ii
24540,Ref 2,12.465,121528,132731200.0,55.341712,3042229.2,419.3151958,IT=6.2;6.2 ,ii
24541,Ref 2,14.002,123036,128513260.0,55.34557,2863538.8,419.3152642,IT=7;7 ,ii
24542,Ref 2,13.121,120332,128112290.0,55.349589,2835623.2,419.3151223,IT=6.6;6.6 ,ii
24543,Ref 2,13.261,116672,124270260.0,55.353601,2968444.8,419.3152345,IT=6.6;6.6 ,ii
24544,Ref 2,11.728,116620,129145650.0,55.357591,2961338.2,419.3151122,IT=5.9;5.9 ,ii
24545,Ref 2,14.225,122956,124783030.0,55.361441,2890866.8,419.3150757,IT=7.1;7.1 ,ii
24546,Ref 2,12.745,117296,126203600.0,55.365453,2984339.8,419.3151178,IT=6.4;6.4 ,ii
24547,Ref 2,13.429,121120,130702200.0,55.369464,3060487.8,419.3152717,IT=6.7;6.7 ,ii
24548,Ref 2,13.824,123260,129716140.0,55.373491,3003327.5,419.3152261,IT=6.9;6.9 ,ii
24549,Ref 2,12.718,120212,134075830.0,55.377334,3149467.5,419.315257,IT=6.4;6.4 ,ii
24550,Ref 2,12.674,118060,130689070.0,55.381341,3085535.2,419.3152174,IT=6.3;6.3 ,ii
24551,Ref 2,12.596,115752,127366760.0,55.385334,2960966.8,419.3151378,IT=6.3;6.3 ,ii
24552,Ref 2,13.487,119188,128440590.0,55.389351,3111905.8,419.3151568,IT=6.7;6.7 ,ii
24553,Ref 2,12.676,120436,134218050.0,55.39319,3014750.8,419.3151271,IT=6.3;6.3 ,ii
24554,Ref 2,13.835,125484,134420060.0,55.397213,3072008.2,419.315057,IT=6.9;6.9 ,ii
24555,Ref 2,11.868,119636,136841860.0,55.401209,3143407.2,419.3151409,IT=5.9;5.9 ,ii
24556,Ref 2,12.789,117520,128477850.0,55.405201,3035919.5,419.3151241,IT=6.4;6.4 ,ii
24557,Ref 2,14.189,124656,129675580.0,55.409055,2920820.0,419.3150148,IT=7.1;7.1 ,ii
24558,Ref 2,12.703,115120,125710570.0,55.413072,2991491.5,419.315122,IT=6.4;6.4 ,ii
24559,Ref 2,12.572,119132,134447140.0,55.417078,3047601.0,419.3152392,IT=6.3;6.3 ,ii
24560,Ref 2,13.259,121116,130784140.0,55.421101,3044957.0,419.3151227,IT=6.6;6.6 ,ii
24561,Ref 2,12.949,121840,135842180.0,55.424942,3202756.5,419.3152375,IT=6.5;6.5 ,ii
24562,Ref 2,12.644,120120,131173820.0,55.428942,3180785.0,419.3152528,IT=6.3;6.3 ,ii
24563,Ref 2,12.497,115880,126021420.0,55.432936,3004684.8,419.3152067,IT=6.2;6.2 ,ii
24564,Ref 2,13.081,120556,134002450.0,55.436942,3059321.2,419.3152285,IT=6.5;6.5 ,ii
24565,Ref 2,12.206,118536,137377600.0,55.440771,3237455.0,419.31522,IT=6.1;6.1 ,ii
24566,Ref 2,12.437,115460,131968080.0,55.444769,3082600.2,419.3151421,IT=6.2;6.2 ,ii
24567,Ref 2,12.592,121732,135801790.0,55.448769,3101995.2,419.3151928,IT=6.3;6.3 ,ii
24568,Ref 2,11.906,122960,144728580.0,55.452761,3330183.2,419.3151131,IT=6;6 ,ii
24569,Ref 2,13.973,124488,134158340.0,55.45678,3120163.2,419.3151644,IT=7;7 ,ii
24570,Ref 2,11.384,115384,134090530.0,55.460769,3169823.0,419.3150886,IT=5.7;5.7 ,ii
24571,Ref 2,12.107,118816,137631870.0,55.464748,3220839.2,419.3151223,IT=6.1;6.1 ,ii
24572,Ref 2,12.723,119308,136271980.0,55.468746,3375033.0,419.3151904,IT=6.4;6.4 ,ii
24573,Ref 2,12.428,117960,134754110.0,55.472578,3145913.5,419.315196,IT=6.2;6.2 ,ii
24574,Ref 2,11.351,113220,134924750.0,55.476559,3231144.5,419.3151895,IT=5.7;5.7 ,ii
24575,Ref 2,12.928,118280,133256820.0,55.480555,3229349.2,419.3152058,IT=6.5;6.5 ,ii
24576,Ref 2,12.882,121280,132472230.0,55.484392,3092508.8,419.315228,IT=6.4;6.4 ,ii
24577,Ref 2,12.650,123180,139084350.0,55.488398,3246179.2,419.3151351,IT=6.3;6.3 ,ii
24578,Ref 2,12.679,121004,136548610.0,55.492402,3275709.2,419.3151813,IT=6.3;6.3 ,ii
24579,Ref 2,12.234,118200,132142280.0,55.496394,3226828.8,419.3151542,IT=6.1;6.1 ,ii
24580,Ref 2,12.623,120820,136999540.0,55.500227,3280016.0,419.3151752,IT=6.3;6.3 ,ii
24581,Ref 2,12.405,122476,141243060.0,55.504219,3283672.8,419.3152413,IT=6.2;6.2 ,ii
24582,Ref 2,11.474,112736,128628600.0,55.508202,3185554.2,419.3152542,IT=5.7;5.7 ,ii
24583,Ref 2,12.268,122328,141313310.0,55.512192,3354544.8,419.3151346,IT=6.1;6.1 ,ii
24584,Ref 2,12.661,117492,135511060.0,55.516027,3293952.5,419.3151358,IT=6.3;6.3 ,ii
24585,Ref 2,13.175,118244,131111780.0,55.52004,3259144.5,419.3152544,IT=6.6;6.6 ,ii
24586,Ref 2,12.175,117656,133434320.0,55.524042,3169880.2,419.3152448,IT=6.1;6.1 ,ii
24587,Ref 2,12.559,117220,136393280.0,55.528035,3337453.0,419.3152409,IT=6.3;6.3 ,ii
24588,Ref 2,10.622,110376,132760300.0,55.531831,3374438.8,419.3151805,IT=5.3;5.3 ,ii
24589,Ref 2,17.197,124728,113714830.0,55.535896,2759424.8,419.3152239,IT=8.6;8.6 ,ii
24590,Ref 2,11.153,115552,137734740.0,55.539854,3339422.0,419.315174,IT=5.6;5.6 ,ii
24591,Ref 2,13.881,118756,120248230.0,55.543869,2999503.5,419.3152343,IT=6.9;6.9 ,ii
24592,Ref 2,12.731,119908,131680920.0,55.54771,3181483.8,419.3152359,IT=6.4;6.4 ,ii
24593,Ref 2,11.851,114784,128984730.0,55.551698,3168187.0,419.3151528,IT=5.9;5.9 ,ii
24595,Ref 2,10.290,110044,131554390.0,55.55751,3264292.8,419.3151437,IT=5.1;5.1 ,ii
24596,Ref 2,13.455,117772,127649240.0,55.561556,3038073.5,419.315241,IT=6.7;6.7 ,ii
24597,Ref 2,12.643,113808,127147030.0,55.565558,3094709.5,419.3151659,IT=6.3;6.3 ,ii
24598,Ref 2,12.297,118284,132050550.0,55.569379,3074673.0,419.3152245,IT=6.1;6.1 ,ii
24599,Ref 2,12.592,118536,129586330.0,55.573375,3221768.5,419.3152001,IT=6.3;6.3 ,ii
24600,Ref 2,13.244,119968,132018230.0,55.577385,3164420.0,419.3152984,IT=6.6;6.6 ,ii
24601,Ref 2,12.195,119816,140429820.0,55.581383,3307998.2,419.3152222,IT=6.1;6.1 ,ii
24602,Ref 2,12.253,120704,140234800.0,55.585204,3256563.5,419.3152217,IT=6.1;6.1 ,ii
24603,Ref 2,11.946,116912,133176250.0,55.589198,3248492.0,419.3151569,IT=6;6 ,ii
24604,Ref 2,11.770,117532,141353820.0,55.593183,3483189.2,419.3152018,IT=5.9;5.9 ,ii
24605,Ref 2,12.073,117764,135669600.0,55.59717,3217786.8,419.3152956,IT=6;6 ,ii
24606,Ref 2,11.905,117808,140158020.0,55.600991,3449601.5,419.3153494,IT=6;6 ,ii
24607,Ref 2,12.718,119508,135301040.0,55.604991,3321474.8,419.3152585,IT=6.4;6.4 ,ii
24608,Ref 2,11.930,116908,137640590.0,55.608979,3438998.0,419.315218,IT=6;6 ,ii
24609,Ref 2,11.395,116016,137832370.0,55.612956,3349131.2,419.3152863,IT=5.7;5.7 ,ii
24610,Ref 2,13.254,120116,138586780.0,55.616795,3298907.2,419.3153805,IT=6.6;6.6 ,ii
24611,Ref 2,11.629,114152,139969630.0,55.620789,3509281.2,419.3153532,IT=5.8;5.8 ,ii
24612,Ref 2,11.715,115596,140962370.0,55.624766,3507519.5,419.3153414,IT=5.9;5.9 ,ii
24613,Ref 2,11.295,114100,138403380.0,55.628737,3460700.0,419.3152742,IT=5.6;5.6 ,ii
24614,Ref 2,11.608,118248,144167460.0,55.632541,3440153.0,419.3152351,IT=5.8;5.8 ,ii
24615,Ref 2,12.899,121436,146961570.0,55.636543,3589241.5,419.3153357,IT=6.4;6.4 ,ii
24616,Ref 2,11.803,118252,147804540.0,55.640526,3682497.0,572.4369217,IT=5.9;5.9 ,ii
24617,Ref 2,11.313,115764,143666030.0,55.644333,3723551.8,572.4368905,IT=5.7;5.7 ,ii
24618,Ref 2,11.176,117324,148267340.0,55.648301,3694297.5,419.3152816,IT=5.6;5.6 ,ii
24619,Ref 2,11.433,111996,140917650.0,55.652276,3927192.5,572.4369305,IT=5.7;5.7 ,ii
24620,Ref 2,11.921,118744,144249260.0,55.656258,3968147.8,572.4368251,IT=6;6 ,ii
24621,Ref 2,11.020,107828,143046460.0,55.660057,3937519.5,572.4369975,IT=5.5;5.5 ,ii
24622,Ref 2,11.273,113456,139808910.0,55.664024,3896385.2,572.4369743,IT=5.6;5.6 ,ii
24623,Ref 2,10.740,111208,142583010.0,55.667978,4097877.5,572.4369964,IT=5.4;5.4 ,ii
24624,Ref 2,11.191,114856,148142780.0,55.671939,4189192.0,572.4370523,IT=5.6;5.6 ,ii
24625,Ref 2,10.647,111096,145797600.0,55.675897,4079031.8,572.4369221,IT=5.3;5.3 ,ii
24626,Ref 2,10.716,113664,148564380.0,55.679847,4060024.0,572.436968,IT=5.4;5.4 ,ii
24627,Ref 2,9.528,107988,152486770.0,55.68378,4199109.5,572.4369329,IT=4.8;4.8 ,ii
24628,Ref 2,11.153,117292,151821740.0,55.687745,4226111.0,572.4369926,IT=5.6;5.6 ,ii
24629,Ref 2,11.243,113228,140740000.0,55.691555,3786855.8,572.4369789,IT=5.6;5.6 ,ii
24630,Ref 2,12.170,113272,145964740.0,55.695536,3901231.8,572.4371385,IT=6.1;6.1 ,ii
24631,Ref 2,10.761,112800,148566940.0,55.699501,3939617.8,572.4369564,IT=5.4;5.4 ,ii
24632,Ref 2,10.366,112120,154459550.0,55.703451,3938730.8,572.4370045,IT=5.2;5.2 ,ii
24633,Ref 2,10.970,114320,151501410.0,55.707407,3735651.0,419.3153465,IT=5.5;5.5 ,ii
24634,Ref 2,12.443,115812,138203890.0,55.711397,3329104.5,419.3153337,IT=6.2;6.2 ,ii
24635,Ref 2,10.532,113988,148533900.0,55.715359,3671123.2,419.3152075,IT=5.3;5.3 ,ii
24636,Ref 2,11.679,117316,151160270.0,55.719168,3509826.8,419.3153249,IT=5.8;5.8 ,ii
24637,Ref 2,11.027,113120,146218960.0,55.722974,3656700.8,419.3153751,IT=5.5;5.5 ,ii
24638,Ref 2,11.366,112580,138324580.0,55.726938,3263677.5,419.3153597,IT=5.7;5.7 ,ii
24639,Ref 2,12.246,118644,139196540.0,55.73092,3498299.5,419.3154261,IT=6.1;6.1 ,ii
24640,Ref 2,10.985,113240,140653150.0,55.734724,3505097.0,419.3153929,IT=5.5;5.5 ,ii
24641,Ref 2,11.685,109852,128151340.0,55.738699,3218735.2,419.3153877,IT=5.8;5.8 ,ii
24642,Ref 2,11.818,116212,139693340.0,55.742674,3506806.8,419.3153951,IT=5.9;5.9 ,ii
24643,Ref 2,11.702,114956,139602080.0,55.746651,3473183.2,419.315384,IT=5.9;5.9 ,ii
24644,Ref 2,11.405,114144,139100670.0,55.750467,3550550.2,419.3153261,IT=5.7;5.7 ,ii
24645,Ref 2,11.938,119080,146209680.0,55.754453,3507158.8,419.3152837,IT=6;6 ,ii
24646,Ref 2,10.870,112300,142311740.0,55.758434,3530193.5,419.3153085,IT=5.4;5.4 ,ii
24647,Ref 2,13.102,120904,144758420.0,55.76243,3545518.5,419.3153595,IT=6.6;6.6 ,ii
24648,Ref 2,11.200,113348,139953060.0,55.766242,3384000.2,419.3153153,IT=5.6;5.6 ,ii
24649,Ref 2,10.933,117992,148968160.0,55.7702,3637463.8,419.3153207,IT=5.5;5.5 ,ii
24650,Ref 2,10.920,113176,141024830.0,55.774159,3635768.0,419.3153587,IT=5.5;5.5 ,ii
24651,Ref 2,10.540,109728,140844530.0,55.778115,3547266.0,419.3152359,IT=5.3;5.3 ,ii
24652,Ref 2,12.322,116740,149747890.0,55.781921,3639273.2,419.315259,IT=6.2;6.2 ,ii
24653,Ref 2,10.363,111952,142695330.0,55.785882,3567404.0,419.3152068,IT=5.2;5.2 ,ii
24654,Ref 2,12.687,121804,143219120.0,55.789871,3485148.8,419.3153737,IT=6.3;6.3 ,ii
24655,Ref 2,9.142,106544,155761650.0,55.793815,3811883.0,419.3151618,IT=4.6;4.6 ,ii
24656,Ref 2,10.956,111028,145771090.0,55.797596,3766551.5,419.3152863,IT=5.5;5.5 ,ii
24657,Ref 2,8.744,104896,154153630.0,55.801517,3832463.2,528.4107033,IT=4.4;4.4 ,ii
24658,Ref 2,13.044,119496,147008610.0,55.805492,3631263.0,528.4107806,IT=6.5;6.5 ,ii
24659,Ref 2,9.761,113040,155250580.0,55.809279,4031323.2,528.4106526,IT=4.9;4.9 ,ii
24660,Ref 2,10.690,114184,153138540.0,55.813225,3941830.2,528.4107364,IT=5.3;5.3 ,ii
24661,Ref 2,10.960,113472,149862210.0,55.817186,4139091.5,528.410633,IT=5.5;5.5 ,ii
24662,Ref 2,9.554,107632,158681200.0,55.821127,4641766.0,528.4105585,IT=4.8;4.8 ,ii
24663,Ref 2,10.186,107572,146279360.0,55.824898,4213656.0,528.4106499,IT=5.1;5.1 ,ii
24664,Ref 2,11.084,115820,155924080.0,55.82885,4589534.5,528.4106554,IT=5.5;5.5 ,ii
24665,Ref 2,10.335,112228,157415500.0,55.832798,4854394.0,528.4106019,IT=5.2;5.2 ,ii
24666,Ref 2,9.659,108516,151252480.0,55.836735,4729160.5,528.4106423,IT=4.8;4.8 ,ii
24668,Ref 2,8.182,101940,153436480.0,55.842527,5040996.0,528.4107082,IT=4.1;4.1 ,ii
24669,Ref 2,10.301,110888,154966770.0,55.846502,4956900.0,528.4107121,IT=5.2;5.2 ,ii
24670,Ref 2,12.091,110712,137246210.0,55.850481,4364827.5,528.4107643,IT=6;6 ,ii
24671,Ref 2,8.832,103128,154567550.0,55.854417,4994722.0,528.4106847,IT=4.4;4.4 ,ii
24672,Ref 2,11.222,114676,151686320.0,55.858369,4717018.5,528.4107839,IT=5.6;5.6 ,ii
24673,Ref 2,9.864,107388,149724820.0,55.862141,4642586.5,528.4106818,IT=4.9;4.9 ,ii
24674,Ref 2,10.826,109036,142366130.0,55.866089,4434402.0,528.4106425,IT=5.4;5.4 ,ii
24675,Ref 2,10.063,109192,154213950.0,55.870029,4558422.5,528.4107202,IT=5;5 ,ii
24676,Ref 2,9.898,106752,148220610.0,55.873964,4382642.0,528.4106478,IT=4.9;4.9 ,ii
24677,Ref 2,9.597,106532,154456260.0,55.877891,4382582.5,528.4106788,IT=4.8;4.8 ,ii
24678,Ref 2,10.739,109916,150039260.0,55.881833,4053307.8,528.4106521,IT=5.4;5.4 ,ii
24679,Ref 2,10.331,106568,151346400.0,55.885785,4117934.2,528.4106952,IT=5.2;5.2 ,ii
24681,Ref 2,8.816,101880,149637200.0,55.891589,3846139.5,528.4106487,IT=4.4;4.4 ,ii
24682,Ref 2,11.343,111160,151889760.0,55.895591,3841441.0,528.4106326,IT=5.7;5.7 ,ii
24683,Ref 2,10.767,111556,152693870.0,55.899387,3953899.8,419.3152901,IT=5.4;5.4 ,ii
24684,Ref 2,11.209,109148,141309730.0,55.903352,3613649.0,419.3152729,IT=5.6;5.6 ,ii
24685,Ref 2,9.750,107480,148210780.0,55.907289,3716321.8,419.3151905,IT=4.9;4.9 ,ii
24686,Ref 2,10.190,107636,143771660.0,55.91106,3676622.5,419.3152073,IT=5.1;5.1 ,ii
24688,Ref 2,8.979,106000,155342940.0,55.91686,3787450.0,419.3152201,IT=4.5;4.5 ,ii
24689,Ref 2,11.917,117292,147166000.0,55.92071,3744306.0,419.3152692,IT=6;6 ,ii
24690,Ref 2,10.375,109936,144086340.0,55.924666,3599171.0,419.3151166,IT=5.2;5.2 ,ii
24691,Ref 2,11.888,113104,142102990.0,55.928643,3685913.0,419.315176,IT=5.9;5.9 ,ii
24692,Ref 2,11.098,114352,146496210.0,55.932441,3499487.8,419.3153059,IT=5.5;5.5 ,ii
24693,Ref 2,10.014,107016,147199070.0,55.936389,3742117.2,419.3152088,IT=5;5 ,ii
24694,Ref 2,12.460,112840,139075650.0,55.940378,3590186.8,419.3151615,IT=6.2;6.2 ,ii
24695,Ref 2,10.343,111292,148216370.0,55.944339,3657586.5,419.3152311,IT=5.2;5.2 ,ii
24697,Ref 2,8.980,99640,140716620.0,55.950147,3799301.5,419.3152529,IT=4.5;4.5 ,ii
24698,Ref 2,11.494,113920,152034780.0,55.954153,3748727.0,419.3152562,IT=5.7;5.7 ,ii
24699,Ref 2,11.564,116556,150399120.0,55.95813,3760579.8,419.3152253,IT=5.8;5.8 ,ii
24700,Ref 2,11.601,114308,140574690.0,55.962105,3446394.2,419.3152865,IT=5.8;5.8 ,ii
24701,Ref 2,10.891,109332,149168660.0,55.966066,3849742.0,419.3153198,IT=5.4;5.4 ,ii
24702,Ref 2,10.442,107788,143805660.0,55.969845,3876011.8,419.3151637,IT=5.2;5.2 ,ii
24703,Ref 2,11.573,112192,145485950.0,55.973647,3714141.0,484.3843484,IT=5.8;5.8 ,ii
24704,Ref 2,10.265,110352,153703920.0,55.977599,4166242.8,419.315254,IT=5.1;5.1 ,ii
24705,Ref 2,11.575,109316,138266140.0,55.981574,3897638.5,484.3843346,IT=5.8;5.8 ,ii
24706,Ref 2,10.361,107748,147540860.0,55.985364,4540458.5,484.3842911,IT=5.2;5.2 ,ii
24707,Ref 2,10.122,109484,154172260.0,55.989314,4672306.0,484.3842731,IT=5.1;5.1 ,ii
24708,Ref 2,10.101,110048,146138560.0,55.993257,4569764.0,484.384263,IT=5.1;5.1 ,ii
24710,Ref 2,8.999,105488,153701660.0,55.999064,4925917.0,484.3842733,IT=4.5;4.5 ,ii
24711,Ref 2,10.867,109764,153428140.0,56.003057,5027336.5,484.3843134,IT=5.4;5.4 ,ii
24712,Ref 2,10.383,107716,144501840.0,56.007093,4858906.5,484.3843098,IT=5.2;5.2 ,ii
24714,Ref 2,8.467,99860,156551570.0,56.012916,5250335.5,484.384438,IT=4.2;4.2 ,ii
24716,Ref 2,8.032,100972,160854750.0,56.018747,5593824.5,484.3842702,IT=4;4 ,ii
24717,Ref 2,10.717,109272,151523310.0,56.022565,5130648.0,484.3843539,IT=5.4;5.4 ,ii
24718,Ref 2,10.716,111428,157640620.0,56.026518,5375448.5,484.3843568,IT=5.4;5.4 ,ii
24719,Ref 2,9.306,109308,165838220.0,56.030455,5462392.5,484.3842772,IT=4.7;4.7 ,ii
24720,Ref 2,11.215,109972,150302800.0,56.034409,5020495.0,484.3843745,IT=5.6;5.6 ,ii
24721,Ref 2,9.340,106192,160913180.0,56.038176,5120992.5,484.3842143,IT=4.7;4.7 ,ii
24722,Ref 2,10.542,109600,154690220.0,56.042117,4800931.0,484.3843783,IT=5.3;5.3 ,ii
24723,Ref 2,10.361,117272,166111230.0,56.046065,5000547.5,484.3842351,IT=5.2;5.2 ,ii
24724,Ref 2,9.653,108984,162317440.0,56.049834,4787542.5,484.384208,IT=4.8;4.8 ,ii
24725,Ref 2,10.473,112184,160134340.0,56.053786,4654935.5,484.3842005,IT=5.2;5.2 ,ii
24726,Ref 2,11.035,113808,157434130.0,56.057746,4407518.5,484.3842997,IT=5.5;5.5 ,ii
24728,Ref 2,8.372,100696,155824160.0,56.063524,4188624.5,354.3184784,IT=4.2;4.2 ,ii
24729,Ref 2,11.651,116656,159306940.0,56.067526,4121814.5,419.3152947,IT=5.8;5.8 ,ii
24730,Ref 2,9.186,108720,163232190.0,56.071461,4314231.5,419.3153061,IT=4.6;4.6 ,ii
24731,Ref 2,9.521,106380,156885280.0,56.075215,4288059.5,419.3152189,IT=4.8;4.8 ,ii
24733,Ref 2,8.022,98040,155192340.0,56.081003,4314090.5,354.3183918,IT=4;4 ,ii
24734,Ref 2,11.710,114504,159205200.0,56.084996,4241701.0,419.3151906,IT=5.9;5.9 ,ii
24736,Ref 2,8.882,99564,146035380.0,56.090802,4425219.0,354.3183508,IT=4.4;4.4 ,ii
24738,Ref 2,8.613,103012,156549180.0,56.096644,3921617.2,419.3152331,IT=4.3;4.3 ,ii
24739,Ref 2,10.602,112268,151903410.0,56.10063,4008780.2,419.3152547,IT=5.3;5.3 ,ii
24741,Ref 2,8.611,103408,157986590.0,56.106438,4141005.0,419.3151411,IT=4.3;4.3 ,ii
24742,Ref 2,9.187,109020,163532640.0,56.1104,4190873.5,419.3151761,IT=4.6;4.6 ,ii
24744,Ref 2,8.455,102112,153232750.0,56.116198,4145589.2,354.3184157,IT=4.2;4.2 ,ii
24745,Ref 2,10.991,112664,151872530.0,56.12019,3887291.2,419.3152692,IT=5.5;5.5 ,ii
24746,Ref 2,9.967,108964,157660270.0,56.123971,4099571.8,419.3151208,IT=5;5 ,ii
24747,Ref 2,10.246,108164,147590020.0,56.127913,3981830.2,419.3152751,IT=5.1;5.1 ,ii
24748,Ref 2,10.816,110032,151861260.0,56.131865,4282133.0,445.3132114,IT=5.4;5.4 ,ii
24749,Ref 2,9.606,105008,154215300.0,56.135804,4527184.0,445.3132968,IT=4.8;4.8 ,ii
24750,Ref 2,10.419,112988,161955940.0,56.139583,5025768.0,445.3133381,IT=5.2;5.2 ,ii
24751,Ref 2,10.099,108968,156580130.0,56.143525,4671023.0,445.3133134,IT=5;5 ,ii
24752,Ref 2,10.314,114164,165231500.0,56.147473,5279154.0,445.3132812,IT=5.2;5.2 ,ii
24753,Ref 2,10.375,108340,161925280.0,56.151419,5531730.0,445.3132811,IT=5.2;5.2 ,ii
24754,Ref 2,10.995,109936,151596500.0,56.155215,4990115.0,445.3133278,IT=5.5;5.5 ,ii
24755,Ref 2,9.907,111116,159239730.0,56.159175,5419340.5,445.3132251,IT=5;5 ,ii
24756,Ref 2,9.859,112272,167167570.0,56.163112,6090389.5,445.3133426,IT=4.9;4.9 ,ii
24757,Ref 2,11.361,115544,151949100.0,56.166902,4929140.5,445.3132864,IT=5.7;5.7 ,ii
24758,Ref 2,10.410,112564,158894180.0,56.170856,5755289.5,445.3132568,IT=5.2;5.2 ,ii
24759,Ref 2,10.032,111936,159403500.0,56.174802,5529491.0,445.313297,IT=5;5 ,ii
24760,Ref 2,10.688,106512,144196610.0,56.178756,4582087.5,445.3133955,IT=5.3;5.3 ,ii
24761,Ref 2,9.745,110140,152773200.0,56.182525,5273672.0,445.3132585,IT=4.9;4.9 ,ii
24763,Ref 2,8.237,105240,167279970.0,56.188319,6094311.5,445.3133024,IT=4.1;4.1 ,ii
24765,Ref 2,9.475,106764,155840130.0,56.194181,5422496.5,445.3132857,IT=4.7;4.7 ,ii
24766,Ref 2,9.954,108644,156713820.0,56.197994,5227479.0,445.3134127,IT=5;5 ,ii
24767,Ref 2,9.900,108304,156436340.0,56.201931,5297786.0,445.3134034,IT=4.9;4.9 ,ii
24768,Ref 2,10.918,114760,150953660.0,56.205885,4731323.5,445.3134058,IT=5.5;5.5 ,ii
24769,Ref 2,10.237,113668,159197820.0,56.209671,4690582.5,445.3132596,IT=5.1;5.1 ,ii
24770,Ref 2,10.789,114132,160940740.0,56.213625,4769240.0,445.3131896,IT=5.4;5.4 ,ii
24772,Ref 2,8.904,106156,155241600.0,56.219429,4218894.5,445.313287,IT=4.5;4.5 ,ii
24773,Ref 2,10.143,111540,158005250.0,56.223414,4234754.0,445.3132982,IT=5.1;5.1 ,ii
24774,Ref 2,9.303,106348,155971440.0,56.227343,4196231.5,445.3133417,IT=4.7;4.7 ,ii
24775,Ref 2,10.869,110500,147815180.0,56.231125,3947250.5,419.3152122,IT=5.4;5.4 ,ii
24776,Ref 2,9.788,108308,157483220.0,56.235066,4043695.8,419.3151758,IT=4.9;4.9 ,ii
24777,Ref 2,10.367,111360,153222210.0,56.239014,4026767.0,419.3152892,IT=5.2;5.2 ,ii
24778,Ref 2,9.431,104136,149036690.0,56.242947,3888244.8,419.315219,IT=4.7;4.7 ,ii
24779,Ref 2,9.942,108024,156388880.0,56.246712,3865087.8,419.3151686,IT=5;5 ,ii
24780,Ref 2,10.365,111212,161284690.0,56.25066,4047261.5,419.3151912,IT=5.2;5.2 ,ii
24781,Ref 2,10.503,107952,148667840.0,56.254614,3873264.5,419.3150798,IT=5.3;5.3 ,ii
24783,Ref 2,7.906,100724,162816210.0,56.260399,4649628.0,401.2869676,IT=4;4 ,ii
24784,Ref 2,10.492,110440,158511380.0,56.264389,5004976.0,401.2869797,IT=5.2;5.2 ,ii
24785,Ref 2,9.887,104632,152363090.0,56.268164,4602770.5,401.286995,IT=4.9;4.9 ,ii
24787,Ref 2,7.812,95620,160529090.0,56.273947,5457050.5,401.2868547,IT=3.9;3.9 ,ii
24788,Ref 2,9.866,109628,162019940.0,56.277912,5484277.5,401.2869195,IT=4.9;4.9 ,ii
24789,Ref 2,10.522,110344,153354880.0,56.281872,5136931.5,401.2869247,IT=5.3;5.3 ,ii
24790,Ref 2,9.399,106000,158929060.0,56.285801,5868317.5,401.2869369,IT=4.7;4.7 ,ii
24791,Ref 2,10.368,112832,165880500.0,56.28957,6386186.0,401.2869526,IT=5.2;5.2 ,ii
24792,Ref 2,10.376,112040,158597760.0,56.293526,5792447.5,401.287014,IT=5.2;5.2 ,ii
24793,Ref 2,10.458,109884,158664720.0,56.297478,6137728.5,401.2870386,IT=5.2;5.2 ,ii
24794,Ref 2,10.395,110848,163990670.0,56.301428,6419085.0,401.2869867,IT=5.2;5.2 ,ii
24795,Ref 2,9.405,104840,152286160.0,56.305195,5398457.0,401.2869558,IT=4.7;4.7 ,ii
24796,Ref 2,9.981,111068,164634260.0,56.309132,6509465.0,401.2870799,IT=5;5 ,ii
24799,Ref 2,7.984,98032,159816580.0,56.316761,6263688.5,401.2869561,IT=4;4 ,ii
24800,Ref 2,10.295,110552,152836670.0,56.32057,5558144.0,401.2871308,IT=5.1;5.1 ,ii
24801,Ref 2,9.328,106272,161769810.0,56.324513,6178178.0,401.287076,IT=4.7;4.7 ,ii
24803,Ref 2,8.366,101812,157876930.0,56.330305,5555309.5,401.287127,IT=4.2;4.2 ,ii
24804,Ref 2,11.040,112284,154410690.0,56.334299,5427780.5,401.2871338,IT=5.5;5.5 ,ii
24805,Ref 2,9.863,108788,162229710.0,56.338245,5465360.0,401.2870216,IT=4.9;4.9 ,ii
24806,Ref 2,11.514,116416,156270020.0,56.342207,4998920.5,401.2871825,IT=5.8;5.8 ,ii
24807,Ref 2,10.281,110688,158271060.0,56.346163,4921788.0,401.2871467,IT=5.1;5.1 ,ii
24808,Ref 2,9.816,110176,167150460.0,56.350099,5500745.0,401.2871189,IT=4.9;4.9 ,ii
24809,Ref 2,8.854,103464,159819310.0,56.353861,4781002.0,401.2870685,IT=4.4;4.4 ,ii
24810,Ref 2,11.656,117932,157118460.0,56.357657,4421226.0,401.2870981,IT=5.8;5.8 ,ii
24811,Ref 2,10.505,109256,155153340.0,56.361613,4126415.0,401.2870879,IT=5.3;5.3 ,ii
24812,Ref 2,9.431,106732,162948930.0,56.365551,4224360.5,419.3151598,IT=4.7;4.7 ,ii
24813,Ref 2,11.532,108032,143835550.0,56.36934,3839770.8,419.3152368,IT=5.8;5.8 ,ii
24815,Ref 2,8.134,100732,157477680.0,56.37513,4033674.0,419.3152384,IT=4.1;4.1 ,ii
24817,Ref 2,8.848,101472,149313260.0,56.380976,4029164.0,419.3152507,IT=4.4;4.4 ,ii
24818,Ref 2,10.962,112776,157037010.0,56.384798,3934442.5,419.3153041,IT=5.5;5.5 ,ii
24819,Ref 2,9.513,105368,157127280.0,56.388734,3999528.0,419.3152099,IT=4.8;4.8 ,ii
24820,Ref 2,10.484,112444,156950030.0,56.39268,4159707.2,419.3153064,IT=5.2;5.2 ,ii
24821,Ref 2,11.770,115984,149868480.0,56.396486,3872556.2,357.2605878,IT=5.9;5.9 ,ii
24823,Ref 2,8.374,101884,157007020.0,56.40229,4339607.5,357.2607429,IT=4.2;4.2 ,ii
24824,Ref 2,11.784,116156,152684670.0,56.406134,4311103.0,389.1115466,IT=5.9;5.9 ,ii
24825,Ref 2,9.819,108064,159594540.0,56.410077,4448699.5,389.1114939,IT=4.9;4.9 ,ii
24826,Ref 2,9.393,110432,163403060.0,56.414002,4569765.5,389.1114999,IT=4.7;4.7 ,ii
24827,Ref 2,9.878,107540,153676020.0,56.417771,4545562.0,389.111513,IT=4.9;4.9 ,ii
24828,Ref 2,11.098,105472,147878210.0,56.42173,4448466.0,389.1114676,IT=5.5;5.5 ,ii
24829,Ref 2,10.195,110816,161563070.0,56.425675,4593493.5,389.1113778,IT=5.1;5.1 ,ii
24830,Ref 2,10.742,108424,153724780.0,56.429629,4496257.5,389.1114313,IT=5.4;5.4 ,ii
24831,Ref 2,11.090,109628,144751820.0,56.433425,4500823.0,389.1113378,IT=5.5;5.5 ,ii
24832,Ref 2,8.523,99156,150532370.0,56.43735,4628374.0,389.1113238,IT=4.3;4.3 ,ii
24833,Ref 2,11.089,113540,161520720.0,56.441294,4493808.5,389.1114605,IT=5.5;5.5 ,ii
24834,Ref 2,11.789,112548,147430620.0,56.445275,4287255.0,389.1115162,IT=5.9;5.9 ,ii
24836,Ref 2,8.658,102268,157052820.0,56.451075,4291573.5,389.1114315,IT=4.3;4.3 ,ii
24837,Ref 2,10.498,111288,154782050.0,56.454896,4188402.5,419.3152271,IT=5.2;5.2 ,ii
24838,Ref 2,11.354,112408,144659630.0,56.458865,4052603.5,419.3152429,IT=5.7;5.7 ,ii
24839,Ref 2,10.377,105036,135986350.0,56.462812,3926741.0,419.3152226,IT=5.2;5.2 ,ii
24841,Ref 2,8.518,97520,147408320.0,56.468608,4157009.2,419.3152295,IT=4.3;4.3 ,ii
24842,Ref 2,12.019,115396,143085940.0,56.472612,4042482.5,419.315298,IT=6;6 ,ii
24843,Ref 2,10.702,111504,150846290.0,56.476414,4102115.5,419.315133,IT=5.4;5.4 ,ii
24844,Ref 2,10.722,114420,153146850.0,56.480369,4249377.0,419.3152092,IT=5.4;5.4 ,ii
24845,Ref 2,11.441,109048,142821540.0,56.484333,3990524.5,419.3152113,IT=5.7;5.7 ,ii
24846,Ref 2,10.662,111164,144372500.0,56.488294,4161824.0,419.3152374,IT=5.3;5.3 ,ii
24847,Ref 2,10.906,110536,141642690.0,56.492089,4130528.2,419.3152429,IT=5.5;5.5 ,ii
24848,Ref 2,12.242,114208,133847320.0,56.496075,3878303.0,419.3153037,IT=6.1;6.1 ,ii
24850,Ref 2,9.174,103680,143557520.0,56.50001,4251889.5,419.3152542,IT=4.6;4.6 ,ii
24851,Ref 2,12.492,122696,152935740.0,56.504033,4294170.0,419.3151759,IT=6.2;6.2 ,ii
24852,Ref 2,12.154,116020,138407330.0,56.508025,3968378.0,419.315165,IT=6.1;6.1 ,ii
24853,Ref 2,11.642,114424,142701360.0,56.512,4106798.5,419.3151209,IT=5.8;5.8 ,ii
24855,Ref 2,8.527,100564,135344060.0,56.517798,4202739.5,419.3152897,IT=4.3;4.3 ,ii
24857,Ref 2,10.152,106480,137187570.0,56.521781,4001063.5,419.3151603,IT=5.1;5.1 ,ii
24859,Ref 2,9.081,106500,145645060.0,56.527618,4325169.0,419.3151863,IT=4.5;4.5 ,ii
24860,Ref 2,12.756,121352,146178980.0,56.531641,4268750.0,419.3150892,IT=6.4;6.4 ,ii
24861,Ref 2,12.415,116120,138316140.0,56.535639,4150795.0,419.3151517,IT=6.2;6.2 ,ii
24862,Ref 2,10.714,110700,140239420.0,56.539602,4293648.0,419.3151695,IT=5.4;5.4 ,ii
24863,Ref 2,13.995,119688,136043870.0,56.543614,3996010.0,419.3152653,IT=7;7 ,ii
24864,Ref 2,12.290,117564,135399280.0,56.547616,4072628.2,419.3151616,IT=6.1;6.1 ,ii
24867,Ref 2,9.499,105008,136518050.0,56.555264,4173709.5,419.3153155,IT=4.7;4.7 ,ii
24868,Ref 2,14.093,120608,132795460.0,56.559308,4123683.8,419.3153066,IT=7;7 ,ii
24870,Ref 2,10.086,111616,144975020.0,56.565126,4328105.5,419.3153341,IT=5;5 ,ii
24871,Ref 2,12.335,116676,138748880.0,56.569156,4153359.0,419.3152186,IT=6.2;6.2 ,ii
24872,Ref 2,11.884,113752,135470000.0,56.573141,4239116.0,419.3153166,IT=5.9;5.9 ,ii
24874,Ref 2,10.039,107920,134077070.0,56.57897,4272946.5,419.3152259,IT=5;5 ,ii
24876,Ref 2,9.982,104728,133946060.0,56.584837,4202288.5,419.3152536,IT=5;5 ,ii
24877,Ref 2,15.148,123580,128245700.0,56.588903,3882140.5,419.3152222,IT=7.6;7.6 ,ii
24878,Ref 2,10.521,111520,141246370.0,56.592697,4343405.5,419.3151935,IT=5.3;5.3 ,ii
24879,Ref 2,13.276,119604,139479840.0,56.596697,4212387.0,419.315288,IT=6.6;6.6 ,ii
24880,Ref 2,11.918,116468,138643340.0,56.600691,4062579.8,419.3153318,IT=6;6 ,ii
24881,Ref 2,11.273,113672,140735440.0,56.604501,4387614.5,419.3153431,IT=5.6;5.6 ,ii
24883,Ref 2,9.797,105384,136033440.0,56.608453,4351272.5,419.3152747,IT=4.9;4.9 ,ii
24884,Ref 2,12.384,118968,137978940.0,56.612482,4170779.0,419.3152552,IT=6.2;6.2 ,ii
24886,Ref 2,9.463,102916,137050900.0,56.618276,4321028.5,419.3152282,IT=4.7;4.7 ,ii
24887,Ref 2,13.799,123768,135717760.0,56.622316,4166549.5,419.3153474,IT=6.9;6.9 ,ii
24888,Ref 2,11.320,113548,138258560.0,56.626295,4351847.0,419.3153555,IT=5.7;5.7 ,ii
24889,Ref 2,13.530,120868,139881540.0,56.630134,4156448.2,419.3153334,IT=6.8;6.8 ,ii
24890,Ref 2,10.932,111432,140063140.0,56.634107,4352682.0,419.3153037,IT=5.5;5.5 ,ii
24891,Ref 2,12.018,115692,139090210.0,56.638084,4335922.0,419.3152211,IT=6;6 ,ii
24892,Ref 2,11.964,111568,134714900.0,56.641907,4325970.5,419.3152335,IT=6;6 ,ii
24893,Ref 2,11.696,112540,135216160.0,56.645888,4343786.5,419.3153207,IT=5.8;5.8 ,ii
24894,Ref 2,12.129,112744,135379970.0,56.649872,4149678.5,419.315346,IT=6.1;6.1 ,ii
24895,Ref 2,11.363,112336,138965180.0,56.653847,4249457.0,419.3153522,IT=5.7;5.7 ,ii
24896,Ref 2,10.759,111432,140041600.0,56.65764,4332251.0,419.3153779,IT=5.4;5.4 ,ii
24897,Ref 2,11.957,116124,138518340.0,56.661617,4139138.8,419.3153549,IT=6;6 ,ii
24898,Ref 2,11.399,109420,135546880.0,56.665594,4407336.5,419.3153637,IT=5.7;5.7 ,ii
24899,Ref 2,12.496,116064,138451630.0,56.669588,4308982.0,419.3154616,IT=6.2;6.2 ,ii
24900,Ref 2,12.207,111132,128555150.0,56.673586,4173677.2,419.3153606,IT=6.1;6.1 ,ii
24901,Ref 2,11.296,110680,141338000.0,56.677557,4401466.0,419.3154784,IT=5.6;5.6 ,ii
24902,Ref 2,11.589,116092,145912110.0,56.681534,4420655.0,419.3153708,IT=5.8;5.8 ,ii
24903,Ref 2,11.200,109964,135384750.0,56.685505,4429506.0,419.3153525,IT=5.6;5.6 ,ii
24904,Ref 2,11.714,114560,145977020.0,56.689311,4314357.0,419.3153598,IT=5.9;5.9 ,ii
24905,Ref 2,11.620,110404,137275440.0,56.69329,4431970.0,419.3153197,IT=5.8;5.8 ,ii
24906,Ref 2,11.493,109376,141983020.0,56.697271,4510680.5,419.315395,IT=5.7;5.7 ,ii
24907,Ref 2,10.754,107316,141336800.0,56.701242,4460928.0,419.3153897,IT=5.4;5.4 ,ii
24908,Ref 2,12.089,114720,138864380.0,56.705059,4412785.5,419.3153491,IT=6;6 ,ii
24909,Ref 2,11.509,111500,142478830.0,56.709038,4399514.5,419.3152532,IT=5.8;5.8 ,ii
24910,Ref 2,11.644,110564,142917120.0,56.713023,4400544.5,419.3153392,IT=5.8;5.8 ,ii
24911,Ref 2,11.129,111488,144562740.0,56.716996,4295036.0,419.3152884,IT=5.6;5.6 ,ii
24912,Ref 2,11.769,117168,153951940.0,56.720802,4577880.0,419.3152191,IT=5.9;5.9 ,ii
24913,Ref 2,11.126,107212,139811900.0,56.724773,4386117.0,419.3152385,IT=5.6;5.6 ,ii
24914,Ref 2,11.533,111132,143727150.0,56.728746,4424133.0,419.3152886,IT=5.8;5.8 ,ii
24915,Ref 2,11.683,114048,145484660.0,56.732557,4641288.5,419.3152716,IT=5.8;5.8 ,ii
24916,Ref 2,12.049,116628,141444500.0,56.73654,4343885.0,419.315198,IT=6;6 ,ii
24918,Ref 2,8.776,103248,151156290.0,56.742342,4734381.5,419.3151821,IT=4.4;4.4 ,ii
24919,Ref 2,11.711,113032,153732350.0,56.746359,4637357.0,419.3152361,IT=5.9;5.9 ,ii
24920,Ref 2,11.275,110388,141750980.0,56.750329,4461221.0,419.3151163,IT=5.6;5.6 ,ii
24921,Ref 2,11.026,107580,139357520.0,56.754298,4449932.0,419.3151567,IT=5.5;5.5 ,ii
24922,Ref 2,11.159,107496,137638750.0,56.758102,4386421.5,419.3152078,IT=5.6;5.6 ,ii
24924,Ref 2,9.469,105416,144951730.0,56.7639,4535652.5,419.3153351,IT=4.7;4.7 ,ii
24926,Ref 2,9.542,103268,147954770.0,56.769758,4588829.5,419.3152372,IT=4.8;4.8 ,ii
24928,Ref 2,9.512,103232,143892030.0,56.775619,4456776.5,419.3153071,IT=4.8;4.8 ,ii
24929,Ref 2,11.378,111012,151911570.0,56.779458,4517506.0,419.3152869,IT=5.7;5.7 ,ii
24930,Ref 2,12.265,112912,146418180.0,56.783448,4556017.0,419.3152951,IT=6.1;6.1 ,ii
24931,Ref 2,10.547,106540,143279420.0,56.787412,4466167.5,419.3152176,IT=5.3;5.3 ,ii
24932,Ref 2,10.917,110220,148433730.0,56.791206,4547052.5,419.3152475,IT=5.5;5.5 ,ii
24933,Ref 2,10.915,109404,145659310.0,56.795169,4603428.0,419.3152229,IT=5.5;5.5 ,ii
24935,Ref 2,9.832,105880,144075230.0,56.800975,4691910.5,419.3151596,IT=4.9;4.9 ,ii
24936,Ref 2,11.773,114636,148057860.0,56.804987,4700460.5,419.3151985,IT=5.9;5.9 ,ii
24937,Ref 2,11.410,112688,151747060.0,56.808962,4741096.0,419.3151769,IT=5.7;5.7 ,ii
24938,Ref 2,12.202,115284,143810480.0,56.812952,4654509.0,419.3151952,IT=6.1;6.1 ,ii
24939,Ref 2,11.239,113436,148642670.0,56.816756,4661849.0,419.31514,IT=5.6;5.6 ,ii
24940,Ref 2,11.526,110304,144956400.0,56.820729,4740685.5,419.3152236,IT=5.8;5.8 ,ii
24941,Ref 2,10.901,108056,139573040.0,56.824693,4692784.5,419.3151466,IT=5.5;5.5 ,ii
24942,Ref 2,11.736,112280,145708770.0,56.8285,4681644.5,419.3152786,IT=5.9;5.9 ,ii
24944,Ref 2,9.180,101724,148663970.0,56.832439,4825866.5,419.3152329,IT=4.6;4.6 ,ii
24945,Ref 2,12.192,113520,143751760.0,56.83646,4673424.0,419.3152592,IT=6.1;6.1 ,ii
24946,Ref 2,12.517,116008,145128350.0,56.840452,4588300.5,419.315182,IT=6.3;6.3 ,ii
24947,Ref 2,11.584,113724,148399180.0,56.84426,4639984.5,419.315294,IT=5.8;5.8 ,ii
24948,Ref 2,10.992,110688,150190800.0,56.848225,4832575.0,419.3151845,IT=5.5;5.5 ,ii
24949,Ref 2,11.499,111772,146554480.0,56.852191,4655853.0,419.3152047,IT=5.7;5.7 ,ii
24950,Ref 2,11.396,114552,149685440.0,56.856162,4794057.5,419.3152925,IT=5.7;5.7 ,ii
24951,Ref 2,10.939,108724,153106380.0,56.859956,4921700.5,419.3152589,IT=5.5;5.5 ,ii
24952,Ref 2,12.136,114436,145776370.0,56.863941,5006719.5,419.3153009,IT=6.1;6.1 ,ii
24953,Ref 2,10.912,109928,153409900.0,56.867912,5090694.0,419.3152061,IT=5.5;5.5 ,ii
24954,Ref 2,11.224,113080,155283200.0,56.871885,4948398.5,419.3153217,IT=5.6;5.6 ,ii
24956,Ref 2,8.933,106532,158675340.0,56.877691,5308780.0,419.3151609,IT=4.5;4.5 ,ii
24957,Ref 2,11.342,112716,153236620.0,56.88152,5042557.5,419.3152944,IT=5.7;5.7 ,ii
24959,Ref 2,8.705,98572,146074670.0,56.887326,5071110.5,419.3153015,IT=4.4;4.4 ,ii
24960,Ref 2,12.693,112088,143326270.0,56.891345,4598359.5,419.3152438,IT=6.3;6.3 ,ii
24961,Ref 2,10.906,109228,148521700.0,56.895316,4965422.5,419.3152759,IT=5.5;5.5 ,ii
24962,Ref 2,11.057,108084,153282160.0,56.89928,4909343.0,419.3151936,IT=5.5;5.5 ,ii
24963,Ref 2,12.011,114200,148867680.0,56.903099,4846043.0,419.3152857,IT=6;6 ,ii
24964,Ref 2,11.069,115748,158628420.0,56.907068,5087186.0,419.3151273,IT=5.5;5.5 ,ii
24965,Ref 2,10.842,107292,147773250.0,56.911034,4968011.0,419.3151931,IT=5.4;5.4 ,ii
24966,Ref 2,11.146,108924,142880530.0,56.914997,4732794.0,419.3151726,IT=5.6;5.6 ,ii
24967,Ref 2,11.100,111804,152630140.0,56.918795,5076261.0,419.3152368,IT=5.5;5.5 ,ii
24968,Ref 2,10.227,109892,156720770.0,56.922743,5278860.0,419.3151928,IT=5.1;5.1 ,ii
24969,Ref 2,11.771,113724,144662270.0,56.926709,4913571.0,419.3152081,IT=5.9;5.9 ,ii
24970,Ref 2,10.653,110224,154799950.0,56.930672,5097823.0,419.3151822,IT=5.3;5.3 ,ii
24971,Ref 2,10.233,106416,147619360.0,56.934453,5169911.0,419.3151868,IT=5.1;5.1 ,ii
24972,Ref 2,12.702,115684,145885710.0,56.938441,4957497.5,419.3152377,IT=6.4;6.4 ,ii
24973,Ref 2,10.628,108444,149249220.0,56.942405,5127501.5,419.3152048,IT=5.3;5.3 ,ii
24974,Ref 2,11.553,109304,140721420.0,56.946378,4940019.0,419.3153051,IT=5.8;5.8 ,ii
24976,Ref 2,8.942,100068,143861620.0,56.950311,5188859.0,419.3151413,IT=4.5;4.5 ,ii
24977,Ref 2,14.115,122444,146372820.0,56.954357,4830479.0,419.3151954,IT=7.1;7.1 ,ii
24978,Ref 2,10.234,105216,147613150.0,56.958328,5016415.5,419.315218,IT=5.1;5.1 ,ii
24979,Ref 2,10.959,108736,148811820.0,56.962282,5204167.5,419.3151891,IT=5.5;5.5 ,ii
24980,Ref 2,12.135,112716,140868560.0,56.966097,4853838.5,419.3151836,IT=6.1;6.1 ,ii
24981,Ref 2,10.824,109596,144951810.0,56.970061,5239040.0,419.3151485,IT=5.4;5.4 ,ii
24982,Ref 2,10.720,105844,144254980.0,56.97402,5056200.0,419.3151154,IT=5.4;5.4 ,ii
24983,Ref 2,11.943,112324,141582940.0,56.977832,5040629.0,419.3151544,IT=6;6 ,ii
24984,Ref 2,10.203,107596,147536820.0,56.981794,5186012.0,419.3151826,IT=5.1;5.1 ,ii
24985,Ref 2,10.743,110252,152550770.0,56.985747,5323668.5,419.3151756,IT=5.4;5.4 ,ii
24986,Ref 2,12.035,109668,135145630.0,56.989726,4934825.5,419.3152669,IT=6;6 ,ii
24987,Ref 2,10.004,105940,146246080.0,56.993507,5105344.0,419.3150073,IT=5;5 ,ii
24988,Ref 2,12.169,115796,147977250.0,56.997482,5150802.0,419.315277,IT=6.1;6.1 ,ii
24989,Ref 2,11.252,110760,146836930.0,57.001461,5179136.5,419.3151896,IT=5.6;5.6 ,ii
24990,Ref 2,11.989,114116,150214980.0,57.005446,5051637.0,419.3151904,IT=6;6 ,ii
24992,Ref 2,9.255,101528,145786430.0,57.011246,5221467.5,419.3151327,IT=4.6;4.6 ,ii
24993,Ref 2,12.773,112740,141302740.0,57.015105,5068095.5,419.3151165,IT=6.4;6.4 ,ii
24995,Ref 2,8.591,101808,149693730.0,57.0209,5295942.5,419.3151258,IT=4.3;4.3 ,ii
24997,Ref 2,8.913,102824,148531310.0,57.026746,5233705.0,419.3152697,IT=4.5;4.5 ,ii
24999,Ref 2,9.052,102412,152463040.0,57.030711,5322862.5,419.3151994,IT=4.5;4.5 ,ii
25000,Ref 2,12.029,112456,143450300.0,57.034727,5147846.0,419.3151363,IT=6;6 ,ii
25001,Ref 2,11.101,107760,143464320.0,57.0387,5246414.5,419.3151884,IT=5.6;5.6 ,ii
25002,Ref 2,11.408,111168,150828910.0,57.042671,5246945.5,419.3151346,IT=5.7;5.7 ,ii
25003,Ref 2,11.514,112656,150455870.0,57.046481,5380934.0,419.3151102,IT=5.8;5.8 ,ii
25004,Ref 2,11.299,110312,145329890.0,57.050452,5336107.5,419.3151152,IT=5.6;5.6 ,ii
25005,Ref 2,11.980,113156,145853170.0,57.054434,5211811.5,419.3151714,IT=6;6 ,ii
25006,Ref 2,10.441,106032,144288580.0,57.058396,5297146.0,419.3151444,IT=5.2;5.2 ,ii
25008,Ref 2,9.112,104900,147711550.0,57.064192,5491771.5,419.3151531,IT=4.6;4.6 ,ii
25009,Ref 2,12.475,114896,146521630.0,57.068046,5343788.5,419.3152235,IT=6.2;6.2 ,ii
25010,Ref 2,10.218,106648,149603600.0,57.072011,5548804.5,419.3152007,IT=5.1;5.1 ,ii
25011,Ref 2,11.651,116044,152116300.0,57.075981,5310155.0,419.3153413,IT=5.8;5.8 ,ii
25013,Ref 2,9.471,105588,153632740.0,57.080102,5625210.0,419.3153445,IT=4.7;4.7 ,ii
25014,Ref 2,11.690,114156,149283170.0,57.083954,5440522.0,419.3152489,IT=5.8;5.8 ,ii
25015,Ref 2,10.544,109596,158575250.0,57.087923,5846273.0,419.3152946,IT=5.3;5.3 ,ii
25017,Ref 2,9.082,101668,146203820.0,57.093713,5591664.5,419.3152577,IT=4.5;4.5 ,ii
25018,Ref 2,13.560,119184,150228990.0,57.09775,5381362.0,419.3152637,IT=6.8;6.8 ,ii
25019,Ref 2,10.883,107880,147605070.0,57.101731,5399782.5,419.3152615,IT=5.4;5.4 ,ii
25020,Ref 2,11.613,111748,144034220.0,57.105542,5359494.0,419.3151964,IT=5.8;5.8 ,ii
25021,Ref 2,10.692,106780,148940610.0,57.10951,5579320.0,419.3152783,IT=5.3;5.3 ,ii
25022,Ref 2,11.083,112220,149815200.0,57.113471,5552772.5,419.3152245,IT=5.5;5.5 ,ii
25024,Ref 2,9.151,102556,150989630.0,57.119271,5669468.5,419.3151932,IT=4.6;4.6 ,ii
25025,Ref 2,11.905,113540,150269730.0,57.123285,5579132.0,419.3152736,IT=6;6 ,ii
25026,Ref 2,10.429,106940,146835170.0,57.127246,5567392.5,419.315223,IT=5.2;5.2 ,ii
25027,Ref 2,10.547,109472,151732910.0,57.131196,5592922.0,419.31525,IT=5.3;5.3 ,ii
25028,Ref 2,11.001,109724,146626320.0,57.135166,5516256.0,419.3152446,IT=5.5;5.5 ,ii
25029,Ref 2,11.107,110460,153149550.0,57.139135,5701415.5,419.3152578,IT=5.6;5.6 ,ii
25030,Ref 2,11.607,107244,145648140.0,57.142939,5516049.5,419.3153375,IT=5.8;5.8 ,ii
25031,Ref 2,10.865,108508,153336530.0,57.146906,5663812.5,419.3151823,IT=5.4;5.4 ,ii
25033,Ref 2,8.996,101668,154856300.0,57.152695,5883094.5,419.3151595,IT=4.5;4.5 ,ii
25034,Ref 2,12.192,112624,154865820.0,57.156712,5577334.5,419.3153003,IT=6.1;6.1 ,ii
25035,Ref 2,10.267,108224,154602640.0,57.160675,5760244.5,419.3152219,IT=5.1;5.1 ,ii
25037,Ref 2,9.194,101840,149770370.0,57.166489,5725181.5,419.3151454,IT=4.6;4.6 ,ii
25038,Ref 2,11.633,113680,156634140.0,57.170499,5588101.0,419.3151249,IT=5.8;5.8 ,ii
25039,Ref 2,10.737,109060,155313070.0,57.174468,5815295.0,419.3151441,IT=5.4;5.4 ,ii
25040,Ref 2,10.082,101460,143310900.0,57.178414,5529906.5,419.3151651,IT=5;5 ,ii
25041,Ref 2,11.419,111284,157741200.0,57.182381,5779377.0,419.3152147,IT=5.7;5.7 ,ii
25042,Ref 2,10.923,110724,152403150.0,57.186345,5590320.5,419.3151341,IT=5.5;5.5 ,ii
25044,Ref 2,9.110,102556,149827860.0,57.192139,5709413.0,419.3152665,IT=4.6;4.6 ,ii
25045,Ref 2,11.164,108320,151101700.0,57.19597,5742001.5,419.3152708,IT=5.6;5.6 ,ii
25047,Ref 2,8.749,101668,158726030.0,57.201758,5821470.0,419.3152273,IT=4.4;4.4 ,ii
25048,Ref 2,10.698,108996,152717070.0,57.205749,5864796.0,419.3151932,IT=5.3;5.3 ,ii
25049,Ref 2,11.099,110484,157385010.0,57.209716,5995029.5,419.3152653,IT=5.5;5.5 ,ii
25050,Ref 2,9.854,105896,156557570.0,57.21366,5934294.0,419.3152261,IT=4.9;4.9 ,ii
25051,Ref 2,11.348,107900,150251260.0,57.217455,6036730.0,419.3152499,IT=5.7;5.7 ,ii
25052,Ref 2,11.134,110596,157480850.0,57.221418,5947202.5,419.3152989,IT=5.6;5.6 ,ii
25053,Ref 2,10.813,109692,149384080.0,57.22538,5747971.5,419.3153316,IT=5.4;5.4 ,ii
25054,Ref 2,11.715,110228,150042190.0,57.229351,5659855.5,419.3153796,IT=5.9;5.9 ,ii
25055,Ref 2,10.493,104528,150967550.0,57.233147,5999001.5,419.315244,IT=5.2;5.2 ,ii
25056,Ref 2,10.614,106896,151682820.0,57.237101,5857307.5,419.3153248,IT=5.3;5.3 ,ii
25057,Ref 2,10.034,103444,154545700.0,57.241051,6101850.5,419.3152577,IT=5;5 ,ii
25058,Ref 2,11.404,109652,152542140.0,57.245014,5910547.0,419.3153415,IT=5.7;5.7 ,ii
25059,Ref 2,10.693,106340,155007660.0,57.248812,5964426.5,419.3152969,IT=5.3;5.3 ,ii
25060,Ref 2,11.017,109772,152864030.0,57.25277,5794092.0,419.3152635,IT=5.5;5.5 ,ii
25061,Ref 2,11.276,106088,145487520.0,57.256736,5883691.5,419.3153238,IT=5.6;5.6 ,ii
25062,Ref 2,9.958,102280,154920460.0,57.260522,6102957.5,419.3153638,IT=5;5 ,ii
25064,Ref 2,8.557,95080,152520880.0,57.264434,6277014.5,419.3152537,IT=4.3;4.3 ,ii
25065,Ref 2,11.071,106384,150140660.0,57.268424,5864198.0,419.3152709,IT=5.5;5.5 ,ii
25066,Ref 2,10.084,104196,151149970.0,57.27237,5730886.5,419.3152193,IT=5;5 ,ii
25067,Ref 2,11.082,108440,156392910.0,57.276167,5985003.5,419.3152832,IT=5.5;5.5 ,ii
25068,Ref 2,10.900,107524,149848590.0,57.28013,5840068.5,419.3152401,IT=5.5;5.5 ,ii
25069,Ref 2,10.930,106640,153219090.0,57.284086,5839108.5,419.3153863,IT=5.5;5.5 ,ii
25070,Ref 2,10.825,104376,146428110.0,57.288045,5763492.5,419.3153582,IT=5.4;5.4 ,ii
25071,Ref 2,11.103,110788,157485760.0,57.291838,6135122.5,419.3152589,IT=5.6;5.6 ,ii
25072,Ref 2,10.819,105236,146099790.0,57.295797,5764995.0,419.3153329,IT=5.4;5.4 ,ii
25073,Ref 2,10.222,108644,160629620.0,57.299749,6213601.5,419.3153344,IT=5.1;5.1 ,ii
25075,Ref 2,8.636,97592,151171260.0,57.303834,5993104.0,419.3152413,IT=4.3;4.3 ,ii
25076,Ref 2,11.395,105556,153830780.0,57.307667,6167173.0,419.3152915,IT=5.7;5.7 ,ii
25077,Ref 2,11.362,110080,154583760.0,57.31164,6051130.0,419.3152849,IT=5.7;5.7 ,ii
25078,Ref 2,9.917,102032,149534020.0,57.315592,6019618.0,419.3152458,IT=5;5 ,ii
25079,Ref 2,10.186,102108,143999410.0,57.319532,5926136.5,419.3151776,IT=5.1;5.1 ,ii
25080,Ref 2,10.915,104176,147326610.0,57.323324,5893794.0,419.315231,IT=5.5;5.5 ,ii
25081,Ref 2,9.549,101064,159102140.0,57.327259,6338367.0,419.3152558,IT=4.8;4.8 ,ii
25082,Ref 2,11.117,104976,147282670.0,57.331213,5809161.0,419.3152256,IT=5.6;5.6 ,ii
25084,Ref 2,8.929,96948,153597790.0,57.337019,6233966.0,419.315331,IT=4.5;4.5 ,ii
25085,Ref 2,10.956,105200,154270460.0,57.341011,6187848.0,419.315383,IT=5.5;5.5 ,ii
25086,Ref 2,11.929,105764,145650050.0,57.344825,5736124.0,419.3153662,IT=6;6 ,ii
25087,Ref 2,10.495,102020,150628500.0,57.348784,6145207.5,419.3153249,IT=5.2;5.2 ,ii
25088,Ref 2,10.291,101120,151650240.0,57.352725,6413226.0,419.3153172,IT=5.1;5.1 ,ii
25089,Ref 2,11.169,106060,149118260.0,57.356517,6050095.0,419.315336,IT=5.6;5.6 ,ii
25091,Ref 2,9.219,101948,151705540.0,57.362329,6168958.5,419.315265,IT=4.6;4.6 ,ii
25092,Ref 2,10.682,106164,155789140.0,57.366152,6196015.0,419.3152772,IT=5.3;5.3 ,ii
25093,Ref 2,11.245,107136,148521550.0,57.370115,6122933.5,419.3153226,IT=5.6;5.6 ,ii
25094,Ref 2,10.678,108484,152427890.0,57.374077,6017167.5,419.3152986,IT=5.3;5.3 ,ii
25095,Ref 2,10.823,104296,155385120.0,57.377871,6177351.5,419.3154092,IT=5.4;5.4 ,ii
25097,Ref 2,9.378,100716,154834670.0,57.383663,6204973.0,419.3152668,IT=4.7;4.7 ,ii
25098,Ref 2,11.465,109252,152684270.0,57.387498,6147885.5,419.3152446,IT=5.7;5.7 ,ii
25099,Ref 2,10.394,105760,165150500.0,57.391452,6453564.0,419.3152229,IT=5.2;5.2 ,ii
25100,Ref 2,11.510,107072,153717650.0,57.395415,6149340.5,419.3152279,IT=5.8;5.8 ,ii
25101,Ref 2,9.743,101740,157513410.0,57.3992,6122583.5,419.3152912,IT=4.9;4.9 ,ii
25102,Ref 2,10.663,105492,159304660.0,57.403152,6462930.5,419.3153243,IT=5.3;5.3 ,ii
25103,Ref 2,10.536,104024,151863700.0,57.4071,6141959.5,419.315318,IT=5.3;5.3 ,ii
25104,Ref 2,10.185,102440,152983380.0,57.41105,6141847.5,419.3153446,IT=5.1;5.1 ,ii
25105,Ref 2,10.523,102784,157072140.0,57.414833,6374917.5,419.3152052,IT=5.3;5.3 ,ii
25107,Ref 2,8.707,97612,162037390.0,57.420612,6638116.0,419.3152216,IT=4.4;4.4 ,ii
25108,Ref 2,10.096,104096,158220940.0,57.424587,6143602.0,419.3152162,IT=5;5 ,ii
25109,Ref 2,10.812,104348,163169330.0,57.428541,6329153.0,419.3152568,IT=5.4;5.4 ,ii
25110,Ref 2,10.124,100348,153377470.0,57.432489,6168141.0,419.3152015,IT=5.1;5.1 ,ii
25112,Ref 2,8.551,91304,153520160.0,57.438281,6433684.5,419.3151773,IT=4.3;4.3 ,ii
25113,Ref 2,10.746,105096,161874640.0,57.442269,6322071.5,419.3151543,IT=5.4;5.4 ,ii
25114,Ref 2,10.749,105208,153526960.0,57.446056,6511380.0,419.3151748,IT=5.4;5.4 ,ii
25115,Ref 2,10.399,101040,156755420.0,57.450014,6280871.5,419.3152157,IT=5.2;5.2 ,ii
25117,Ref 2,8.226,93288,160621810.0,57.455802,6578487.0,419.3152173,IT=4.1;4.1 ,ii
25118,Ref 2,11.051,106072,159176380.0,57.459791,6392564.5,419.315221,IT=5.5;5.5 ,ii
25119,Ref 2,9.772,101032,153484270.0,57.463727,6300311.0,419.315046,IT=4.9;4.9 ,ii
25120,Ref 2,8.858,99064,166786740.0,57.467477,6786028.0,419.3151212,IT=4.4;4.4 ,ii
25121,Ref 2,11.111,103440,152329330.0,57.471425,6156513.0,419.3151871,IT=5.6;5.6 ,ii
25123,Ref 2,8.271,94800,165047500.0,57.477222,6945442.0,419.3151697,IT=4.1;4.1 ,ii
25124,Ref 2,9.632,102228,162062640.0,57.481187,6535435.5,419.3151938,IT=4.8;4.8 ,ii
25125,Ref 2,10.240,106084,167731180.0,57.485129,6800762.5,419.3152541,IT=5.1;5.1 ,ii
25126,Ref 2,9.835,104140,166004580.0,57.488897,6855813.0,419.3152157,IT=4.9;4.9 ,ii
25127,Ref 2,10.180,103768,168995940.0,57.492833,6828870.0,419.3151429,IT=5.1;5.1 ,ii
25128,Ref 2,10.064,99552,155530530.0,57.496766,6540299.5,419.3153419,IT=5;5 ,ii
25129,Ref 2,10.145,104280,162709620.0,57.500539,6489942.0,419.3152544,IT=5.1;5.1 ,ii
25130,Ref 2,9.459,99776,161122690.0,57.50447,6679065.5,419.3152222,IT=4.7;4.7 ,ii
25131,Ref 2,8.868,94268,155174720.0,57.508383,6717961.5,419.315223,IT=4.4;4.4 ,ii
25132,Ref 2,10.037,103712,166072590.0,57.512312,6782758.0,419.3152643,IT=5;5 ,ii
25133,Ref 2,9.521,102588,168883260.0,57.516074,7004413.5,419.3151584,IT=4.8;4.8 ,ii
25134,Ref 2,9.339,100412,160230690.0,57.519997,6636206.0,419.3152397,IT=4.7;4.7 ,ii
25135,Ref 2,10.332,106404,165896160.0,57.523935,6772891.0,419.3152348,IT=5.2;5.2 ,ii
25136,Ref 2,9.418,95484,154884370.0,57.52787,6647160.5,419.3152097,IT=4.7;4.7 ,ii
25137,Ref 2,10.787,105864,159046900.0,57.531651,6688675.0,419.3152559,IT=5.4;5.4 ,ii
25138,Ref 2,10.774,104760,163417140.0,57.535612,6595950.0,419.3152233,IT=5.4;5.4 ,ii
25139,Ref 2,9.591,101260,159726220.0,57.539545,6590808.0,419.3151903,IT=4.8;4.8 ,ii
25140,Ref 2,10.063,101360,159272720.0,57.543314,6638228.5,419.3151374,IT=5;5 ,ii
25141,Ref 2,10.160,104212,162389260.0,57.547253,6531492.5,419.3152058,IT=5.1;5.1 ,ii
25142,Ref 2,10.107,102164,155899970.0,57.551201,6626652.5,419.3151156,IT=5.1;5.1 ,ii
25144,Ref 2,8.572,95716,162257410.0,57.556993,6971901.0,419.3150786,IT=4.3;4.3 ,ii
25145,Ref 2,10.948,104484,155306880.0,57.560984,6535138.0,419.3150688,IT=5.5;5.5 ,ii
25146,Ref 2,10.619,105912,163020910.0,57.564934,6744823.0,419.3150974,IT=5.3;5.3 ,ii
25147,Ref 2,9.789,102668,171878980.0,57.568701,7103992.0,419.315301,IT=4.9;4.9 ,ii
25148,Ref 2,10.024,100296,160913070.0,57.572643,6661166.0,419.3151521,IT=5;5 ,ii
25149,Ref 2,9.876,98188,153225470.0,57.57658,6795335.0,419.3151804,IT=4.9;4.9 ,ii
25150,Ref 2,10.413,103932,158517890.0,57.580357,6877055.0,419.3152166,IT=5.2;5.2 ,ii
25151,Ref 2,10.319,98356,144802860.0,57.584307,6324624.5,419.3150303,IT=5.2;5.2 ,ii
25152,Ref 2,9.092,97376,160688270.0,57.58823,6831358.0,419.3152409,IT=4.5;4.5 ,ii
25153,Ref 2,10.997,107736,165695940.0,57.592178,6878113.5,419.3151592,IT=5.5;5.5 ,ii
25154,Ref 2,9.879,101208,159019360.0,57.595953,7000734.0,419.3151079,IT=4.9;4.9 ,ii
25155,Ref 2,10.356,99044,153512500.0,57.599895,6661555.0,419.3151313,IT=5.2;5.2 ,ii
25156,Ref 2,10.323,104192,163720140.0,57.603847,6968352.0,419.3151034,IT=5.2;5.2 ,ii
25157,Ref 2,9.403,100224,160847360.0,57.607784,7120191.5,419.3151179,IT=4.7;4.7 ,ii
25158,Ref 2,10.038,102392,160911280.0,57.611561,6886238.0,419.3150723,IT=5;5 ,ii
25159,Ref 2,10.276,100184,161512190.0,57.615505,6872609.0,419.3152032,IT=5.1;5.1 ,ii
25161,Ref 2,8.538,94724,160256260.0,57.619415,7247045.5,419.3150799,IT=4.3;4.3 ,ii
25162,Ref 2,12.497,107148,155870770.0,57.623267,6467879.5,419.3151246,IT=6.2;6.2 ,ii
25163,Ref 2,9.881,103504,158318140.0,57.627215,6892610.5,419.3151218,IT=4.9;4.9 ,ii
25164,Ref 2,9.078,99816,165874270.0,57.631142,7136056.5,419.3150835,IT=4.5;4.5 ,ii
25165,Ref 2,9.698,98164,155704050.0,57.635069,6931392.5,419.3150928,IT=4.8;4.8 ,ii
25166,Ref 2,11.147,104032,158069650.0,57.638853,6725107.5,419.3150912,IT=5.6;5.6 ,ii
25167,Ref 2,10.905,102112,154892640.0,57.642811,6916420.5,419.3151388,IT=5.5;5.5 ,ii
25168,Ref 2,10.086,98908,151658180.0,57.646755,6966163.0,419.315138,IT=5;5 ,ii
25169,Ref 2,10.850,105004,160091180.0,57.650707,7019745.0,419.3151458,IT=5.4;5.4 ,ii
25170,Ref 2,10.771,101540,157901780.0,57.654494,6774512.5,419.3152533,IT=5.4;5.4 ,ii
25172,Ref 2,8.645,93904,158551280.0,57.660275,7000000.0,419.3151547,IT=4.3;4.3 ,ii
25173,Ref 2,10.617,107620,160609620.0,57.664257,6888557.5,419.3151751,IT=5.3;5.3 ,ii
25174,Ref 2,9.735,98840,160817650.0,57.668194,7250926.5,419.3152509,IT=4.9;4.9 ,ii
25175,Ref 2,9.714,98144,154415310.0,57.672125,7049955.0,419.3152093,IT=4.9;4.9 ,ii
25176,Ref 2,9.952,101996,156304260.0,57.676059,7149268.5,419.3151507,IT=5;5 ,ii
25177,Ref 2,10.061,100028,159523360.0,57.679998,7221055.0,419.3151517,IT=5;5 ,ii
25178,Ref 2,9.357,99292,162680670.0,57.683931,7263082.0,419.315234,IT=4.7;4.7 ,ii
25179,Ref 2,11.732,106560,154253970.0,57.687896,6678939.5,419.3152525,IT=5.9;5.9 ,ii
25180,Ref 2,9.730,102468,162116850.0,57.691673,7266383.0,419.3152539,IT=4.9;4.9 ,ii
25181,Ref 2,10.385,102912,164972910.0,57.695611,7379411.0,419.315218,IT=5.2;5.2 ,ii
25182,Ref 2,11.093,104580,155150860.0,57.699565,7039328.0,419.3152273,IT=5.5;5.5 ,ii
25183,Ref 2,9.826,100768,163607360.0,57.703354,7215197.5,419.3151804,IT=4.9;4.9 ,ii
25184,Ref 2,9.106,96560,157943410.0,57.707271,7333896.0,419.3152327,IT=4.6;4.6 ,ii
25185,Ref 2,11.950,107020,154360450.0,57.711244,7002871.0,419.3152099,IT=6;6 ,ii
25187,Ref 2,8.475,94468,164427580.0,57.717042,7154541.0,419.3151928,IT=4.2;4.2 ,ii
25188,Ref 2,11.301,106012,157987250.0,57.721038,6807700.0,419.3152178,IT=5.7;5.7 ,ii
25189,Ref 2,10.738,103224,155131010.0,57.724994,7004514.0,419.3151471,IT=5.4;5.4 ,ii
25190,Ref 2,10.059,102812,166024420.0,57.728769,7549566.0,419.3151751,IT=5;5 ,ii
25191,Ref 2,9.711,98760,152518370.0,57.732702,7072768.0,419.3151647,IT=4.9;4.9 ,ii
25192,Ref 2,10.554,101696,149711340.0,57.736648,6874157.0,419.3151521,IT=5.3;5.3 ,ii
25194,Ref 2,8.408,93736,160760510.0,57.742429,7525855.0,419.3151782,IT=4.2;4.2 ,ii
25195,Ref 2,10.788,103612,156621330.0,57.746412,7007415.0,419.3152495,IT=5.4;5.4 ,ii
25196,Ref 2,10.324,103268,158374400.0,57.750189,7137014.5,419.315167,IT=5.2;5.2 ,ii
25197,Ref 2,10.323,103184,165164370.0,57.754139,7385418.0,419.3152502,IT=5.2;5.2 ,ii
25198,Ref 2,10.200,104372,168986960.0,57.758083,7586113.5,419.3151429,IT=5.1;5.1 ,ii
25199,Ref 2,9.999,100944,162115410.0,57.762027,7230882.5,419.315158,IT=5;5 ,ii
25200,Ref 2,10.293,102028,165525660.0,57.765971,7242397.5,419.3151997,IT=5.1;5.1 ,ii
25201,Ref 2,10.361,105864,171907230.0,57.769912,7681432.0,419.3151463,IT=5.2;5.2 ,ii
25202,Ref 2,11.209,103788,151071920.0,57.773871,7053074.5,419.3152065,IT=5.6;5.6 ,ii
25203,Ref 2,10.095,102184,163659380.0,57.777652,7388087.5,419.3151017,IT=5;5 ,ii
25204,Ref 2,10.106,101224,162144780.0,57.781589,7072329.0,419.3152093,IT=5.1;5.1 ,ii
25205,Ref 2,9.452,99096,164129460.0,57.785518,7539682.5,419.3152883,IT=4.7;4.7 ,ii
25206,Ref 2,10.255,102784,160802080.0,57.789456,6986419.0,419.3152775,IT=5.1;5.1 ,ii
25207,Ref 2,9.459,99668,164572640.0,57.793383,7335365.0,419.3152666,IT=4.7;4.7 ,ii
25208,Ref 2,10.364,103392,160905280.0,57.797318,7356505.0,419.3152243,IT=5.2;5.2 ,ii
25209,Ref 2,10.253,101572,163710820.0,57.801264,7157821.5,419.3152564,IT=5.1;5.1 ,ii
25210,Ref 2,10.490,102448,162139100.0,57.80522,7040805.5,419.3152153,IT=5.2;5.2 ,ii
25211,Ref 2,9.104,101560,172114860.0,57.808972,7609186.0,419.3151492,IT=4.6;4.6 ,ii
25212,Ref 2,11.078,103512,152476820.0,57.81292,6957949.0,419.3152515,IT=5.5;5.5 ,ii
25213,Ref 2,9.169,96540,163801950.0,57.816854,7180862.0,419.3151386,IT=4.6;4.6 ,ii
25214,Ref 2,9.791,106220,174353280.0,57.82062,7635158.5,419.3152018,IT=4.9;4.9 ,ii
25215,Ref 2,10.112,105260,161274000.0,57.824562,7193220.5,419.3152399,IT=5.1;5.1 ,ii
25216,Ref 2,9.792,100916,162056670.0,57.828497,7060205.5,419.315138,IT=4.9;4.9 ,ii
25218,Ref 2,8.268,93840,162180960.0,57.834276,7698800.0,419.315147,IT=4.1;4.1 ,ii
25219,Ref 2,10.885,102992,152624380.0,57.838266,6988434.0,419.3150764,IT=5.4;5.4 ,ii
25220,Ref 2,9.593,98584,161423390.0,57.842199,7154832.0,419.3151461,IT=4.8;4.8 ,ii
25222,Ref 2,8.007,93540,161228690.0,57.847972,7745695.5,419.3151856,IT=4;4 ,ii
25223,Ref 2,10.409,100684,157050350.0,57.851787,7307641.0,419.3151296,IT=5.2;5.2 ,ii
25224,Ref 2,9.518,102696,167700270.0,57.855718,7662291.5,419.3151938,IT=4.8;4.8 ,ii
25225,Ref 2,9.553,97084,161063740.0,57.859649,7311212.5,419.3151771,IT=4.8;4.8 ,ii
25226,Ref 2,11.004,103876,153461300.0,57.863597,7193354.0,419.3152732,IT=5.5;5.5 ,ii
25227,Ref 2,9.057,95988,164530350.0,57.867364,7497129.5,419.315149,IT=4.5;4.5 ,ii
25228,Ref 2,10.074,102628,164535330.0,57.871297,7497700.0,419.315117,IT=5;5 ,ii
25229,Ref 2,10.489,101304,154015970.0,57.875245,7298704.5,419.3151314,IT=5.2;5.2 ,ii
25230,Ref 2,10.255,99980,159617730.0,57.879184,7333476.0,419.3151846,IT=5.1;5.1 ,ii
25231,Ref 2,10.213,103192,164437740.0,57.883122,7563046.0,419.3150636,IT=5.1;5.1 ,ii
25232,Ref 2,9.473,100272,161655070.0,57.887051,7632366.0,419.3151418,IT=4.7;4.7 ,ii
25233,Ref 2,10.344,104224,157215170.0,57.890991,7357164.5,419.3151969,IT=5.2;5.2 ,ii
25234,Ref 2,9.414,96600,158673360.0,57.894751,7587394.5,419.3151087,IT=4.7;4.7 ,ii
25235,Ref 2,9.987,98672,150634720.0,57.898684,7563815.5,419.3150489,IT=5;5 ,ii
25236,Ref 2,9.400,97512,150649010.0,57.902611,7073424.5,419.3150069,IT=4.7;4.7 ,ii
25237,Ref 2,10.086,98504,162012580.0,57.906547,7334557.5,419.3150727,IT=5;5 ,ii
25238,Ref 2,9.026,97532,153884050.0,57.910297,7389705.5,419.3148376,IT=4.5;4.5 ,ii
25239,Ref 2,10.737,101820,156266000.0,57.914238,7584036.5,419.3152152,IT=5.4;5.4 ,ii
25240,Ref 2,9.493,96176,157250370.0,57.918172,7507710.5,419.3151767,IT=4.7;4.7 ,ii
25241,Ref 2,10.666,103432,161243550.0,57.921951,7423539.0,419.3152357,IT=5.3;5.3 ,ii
25242,Ref 2,11.228,102048,148275230.0,57.925922,7472790.0,419.3151043,IT=5.6;5.6 ,ii
25243,Ref 2,11.083,103688,158859020.0,57.929878,7346605.5,419.3151803,IT=5.5;5.5 ,ii
25244,Ref 2,10.703,108904,166180180.0,57.933834,7686656.0,419.3152586,IT=5.4;5.4 ,ii
25245,Ref 2,9.594,98660,157226480.0,57.937609,7548317.5,419.315196,IT=4.8;4.8 ,ii
25246,Ref 2,10.858,104844,156879740.0,57.941561,7204592.0,419.3152102,IT=5.4;5.4 ,ii
25247,Ref 2,9.750,102284,165401550.0,57.945503,7573571.0,419.3151824,IT=4.9;4.9 ,ii
25248,Ref 2,10.140,104440,161133310.0,57.94944,7575273.0,419.3152148,IT=5.1;5.1 ,ii
25249,Ref 2,10.305,101396,151851760.0,57.953217,7359762.5,419.3151802,IT=5.2;5.2 ,ii
25250,Ref 2,10.297,100860,158825570.0,57.957167,7685445.0,419.3151801,IT=5.1;5.1 ,ii
25251,Ref 2,9.950,102252,164440940.0,57.961103,7558397.0,419.3152436,IT=5;5 ,ii
25252,Ref 2,10.988,106724,149924780.0,57.965057,7456498.5,419.3153179,IT=5.5;5.5 ,ii
25253,Ref 2,10.093,103244,164355460.0,57.968834,7844347.5,419.3152851,IT=5;5 ,ii
25254,Ref 2,10.020,104504,161818460.0,57.972769,7807301.0,419.3153211,IT=5;5 ,ii
25255,Ref 2,10.602,103732,155151890.0,57.97673,7412719.5,419.3153143,IT=5.3;5.3 ,ii
25256,Ref 2,10.138,102748,162780270.0,57.980504,7777509.5,419.3153229,IT=5.1;5.1 ,ii
25257,Ref 2,10.054,103944,158647090.0,57.984442,7639823.5,419.3153554,IT=5;5 ,ii
25258,Ref 2,10.896,102080,150367280.0,57.988392,7335941.5,419.3152335,IT=5.4;5.4 ,ii
25259,Ref 2,10.434,102188,158183790.0,57.992342,7796570.5,419.3152781,IT=5.2;5.2 ,ii
25260,Ref 2,9.582,99560,163337780.0,57.996106,7784652.5,419.3152817,IT=4.8;4.8 ,ii
25261,Ref 2,8.702,97348,165643470.0,58.000019,8216075.5,419.3152848,IT=4.4;4.4 ,ii
25262,Ref 2,10.692,100208,150174930.0,58.003958,7542361.0,419.3152924,IT=5.3;5.3 ,ii
25263,Ref 2,9.860,104540,171555810.0,58.007902,8402821.0,419.3152841,IT=4.9;4.9 ,ii
25264,Ref 2,9.698,100708,165730350.0,58.011667,8128002.5,419.315172,IT=4.8;4.8 ,ii
25265,Ref 2,10.702,104536,152878350.0,58.015615,7608100.0,419.3152262,IT=5.4;5.4 ,ii
25266,Ref 2,9.693,101108,159353500.0,58.019556,7752020.0,419.3152768,IT=4.8;4.8 ,ii
25267,Ref 2,10.065,106608,167091120.0,58.023325,8173772.5,419.3152908,IT=5;5 ,ii
25268,Ref 2,10.662,103912,154350540.0,58.027279,7567584.0,419.315278,IT=5.3;5.3 ,ii
25269,Ref 2,9.340,98568,167515540.0,58.031204,8031136.0,419.3152371,IT=4.7;4.7 ,ii
25271,Ref 2,7.852,92564,171746190.0,58.036973,8402572.0,419.3152023,IT=3.9;3.9 ,ii
25272,Ref 2,11.956,104052,148994980.0,58.040973,7440056.5,419.3152829,IT=6;6 ,ii
25273,Ref 2,9.251,98808,174130190.0,58.044746,8329500.0,419.3152212,IT=4.6;4.6 ,ii
25274,Ref 2,10.305,101088,164087920.0,58.048512,8112220.5,419.31527,IT=5.2;5.2 ,ii
25275,Ref 2,9.301,94868,153738080.0,58.052435,8151938.5,419.3152326,IT=4.7;4.7 ,ii
25276,Ref 2,9.843,103088,167172300.0,58.056364,8173970.0,419.3151661,IT=4.9;4.9 ,ii
25277,Ref 2,9.075,97988,165879500.0,58.060118,8155900.5,419.3151641,IT=4.5;4.5 ,ii
25278,Ref 2,8.309,99036,177656540.0,58.064018,8453085.0,419.3152631,IT=4.2;4.2 ,ii
25279,Ref 2,10.194,101672,162863920.0,58.067946,7917745.0,419.3152183,IT=5.1;5.1 ,ii
25280,Ref 2,8.872,97420,175328590.0,58.07186,8899857.0,419.3152003,IT=4.4;4.4 ,ii
25281,Ref 2,10.035,101812,173277570.0,58.075618,8566940.0,419.3152326,IT=5;5 ,ii
25282,Ref 2,10.856,101612,155660670.0,58.079568,7646585.0,419.3152759,IT=5.4;5.4 ,ii
25283,Ref 2,9.258,102248,175622500.0,58.083498,8203708.5,419.3151494,IT=4.6;4.6 ,ii
25284,Ref 2,8.905,99056,177245650.0,58.087243,8731529.0,419.3151899,IT=4.5;4.5 ,ii
25285,Ref 2,9.947,104312,169083600.0,58.091168,8084481.0,419.3152399,IT=5;5 ,ii
25286,Ref 2,9.492,100924,179457980.0,58.095093,8194937.0,419.3152175,IT=4.7;4.7 ,ii
25287,Ref 2,9.072,99904,174246580.0,58.09901,8510288.0,419.3152496,IT=4.5;4.5 ,ii
25288,Ref 2,9.133,97420,165563120.0,58.10276,8369220.0,419.3151302,IT=4.6;4.6 ,ii
25289,Ref 2,9.498,102680,177204850.0,58.106693,8382239.0,419.3151782,IT=4.7;4.7 ,ii
25290,Ref 2,8.942,96344,172205660.0,58.110604,8368897.5,419.3151755,IT=4.5;4.5 ,ii
25291,Ref 2,8.621,95388,169507150.0,58.114514,8337810.5,419.3151506,IT=4.3;4.3 ,ii
25292,Ref 2,9.859,100592,165550240.0,58.118274,7978329.0,419.3152246,IT=4.9;4.9 ,ii
25293,Ref 2,9.748,102988,178610880.0,58.122206,8369378.5,419.3152155,IT=4.9;4.9 ,ii
25294,Ref 2,8.780,96864,178266740.0,58.12612,8507515.0,419.3150561,IT=4.4;4.4 ,ii
25295,Ref 2,9.510,99088,165735700.0,58.130053,7920273.0,419.3152385,IT=4.8;4.8 ,ii
25296,Ref 2,10.047,101260,165858780.0,58.133987,7967334.5,419.3151959,IT=5;5 ,ii
25297,Ref 2,8.519,97460,174481940.0,58.137908,8174816.0,419.3151571,IT=4.3;4.3 ,ii
25298,Ref 2,9.544,101212,160752880.0,58.141831,7574890.0,419.3151493,IT=4.8;4.8 ,ii
25299,Ref 2,9.383,99056,172007570.0,58.145593,8129877.0,419.3152469,IT=4.7;4.7 ,ii
25300,Ref 2,9.394,102360,178397100.0,58.149514,8515407.0,419.3151827,IT=4.7;4.7 ,ii
25301,Ref 2,9.211,99248,165373360.0,58.153428,7794756.5,419.3151987,IT=4.6;4.6 ,ii
25302,Ref 2,9.610,98772,164250140.0,58.157368,7752903.0,419.3152439,IT=4.8;4.8 ,ii
25303,Ref 2,8.859,94092,156751460.0,58.161116,7779650.5,419.3152166,IT=4.4;4.4 ,ii
25304,Ref 2,8.361,96672,171840100.0,58.165014,7842989.5,419.315148,IT=4.2;4.2 ,ii
25305,Ref 2,10.351,100204,159860000.0,58.168941,7771746.5,419.3152168,IT=5.2;5.2 ,ii
25307,Ref 2,8.044,94260,168558240.0,58.174705,7779141.5,419.3151894,IT=4;4 ,ii
25308,Ref 2,9.768,99380,165885220.0,58.178668,7967766.5,419.3151205,IT=4.9;4.9 ,ii
25309,Ref 2,9.530,95856,164322770.0,58.182424,7788521.0,419.3151446,IT=4.8;4.8 ,ii
25310,Ref 2,9.541,94612,161711410.0,58.186347,7571280.0,419.3151643,IT=4.8;4.8 ,ii
25311,Ref 2,9.421,98728,163432210.0,58.190266,7835219.0,419.3150858,IT=4.7;4.7 ,ii
25312,Ref 2,10.263,101240,168159090.0,58.194034,7630677.5,419.3150951,IT=5.1;5.1 ,ii
25313,Ref 2,9.709,96824,156682980.0,58.197966,7417563.0,419.3151939,IT=4.9;4.9 ,ii
25314,Ref 2,10.421,99684,160865710.0,58.201903,7505801.5,419.3152758,IT=5.2;5.2 ,ii
25315,Ref 2,9.872,103472,165200670.0,58.205845,7827472.0,419.3151853,IT=4.9;4.9 ,ii
25316,Ref 2,9.510,98356,163821820.0,58.209603,7510628.0,419.3152674,IT=4.8;4.8 ,ii
25317,Ref 2,9.675,99196,164764560.0,58.21353,7390657.5,419.3152552,IT=4.8;4.8 ,ii
25318,Ref 2,8.954,97296,172620060.0,58.217444,8032322.5,419.3152706,IT=4.5;4.5 ,ii
25319,Ref 2,9.677,96272,160324860.0,58.22138,7304302.0,419.3152711,IT=4.8;4.8 ,ii
25320,Ref 2,9.879,97972,152491040.0,58.225147,7331202.0,419.3153066,IT=4.9;4.9 ,ii
25321,Ref 2,10.154,100716,165894060.0,58.229086,7909783.5,419.3152376,IT=5.1;5.1 ,ii
25322,Ref 2,9.731,101560,161967250.0,58.23302,7761222.0,419.3152002,IT=4.9;4.9 ,ii
25323,Ref 2,10.886,98920,153806720.0,58.236969,7480342.0,419.3152332,IT=5.4;5.4 ,ii
25324,Ref 2,9.087,94752,156418080.0,58.240738,7759219.0,419.315151,IT=4.5;4.5 ,ii
25325,Ref 2,9.712,99180,156852270.0,58.244671,7693163.0,419.3151963,IT=4.9;4.9 ,ii
25326,Ref 2,10.371,97296,155284140.0,58.248621,7672404.5,419.3152589,IT=5.2;5.2 ,ii
25327,Ref 2,9.690,98600,157506220.0,58.252384,7677800.0,419.3151635,IT=4.8;4.8 ,ii
25328,Ref 2,10.516,101876,156145710.0,58.256326,7597305.5,419.315193,IT=5.3;5.3 ,ii
25329,Ref 2,10.062,97992,158019380.0,58.260267,7773938.0,419.3151206,IT=5;5 ,ii
25330,Ref 2,9.978,99144,155251940.0,58.264203,7565512.0,419.3150531,IT=5;5 ,ii
25331,Ref 2,10.633,99816,148628700.0,58.267984,7407230.0,419.3151399,IT=5.3;5.3 ,ii
25332,Ref 2,10.315,98792,152382290.0,58.271932,7492986.0,419.3151432,IT=5.2;5.2 ,ii
25333,Ref 2,10.354,97784,156331680.0,58.275884,7481913.0,419.3151641,IT=5.2;5.2 ,ii
25334,Ref 2,10.103,97192,150198000.0,58.279825,7420166.0,419.3150946,IT=5.1;5.1 ,ii
25335,Ref 2,9.683,96088,153560830.0,58.28359,7454708.0,419.3151355,IT=4.8;4.8 ,ii
25336,Ref 2,9.797,96612,155004770.0,58.287519,7725050.0,419.3151455,IT=4.9;4.9 ,ii
25337,Ref 2,10.971,101380,150398540.0,58.291467,7411775.0,419.3152055,IT=5.5;5.5 ,ii
25338,Ref 2,10.811,97768,143671890.0,58.295436,7165733.0,419.315167,IT=5.4;5.4 ,ii
25339,Ref 2,10.014,100580,156958770.0,58.299379,7425504.0,419.3152311,IT=5;5 ,ii
25340,Ref 2,10.544,103324,160298210.0,58.303325,7712011.0,419.3152156,IT=5.3;5.3 ,ii
25341,Ref 2,11.190,101624,149242130.0,58.307294,7504182.5,419.315298,IT=5.6;5.6 ,ii
25342,Ref 2,9.579,97164,153647490.0,58.311063,7544006.0,419.315228,IT=4.8;4.8 ,ii
25343,Ref 2,12.660,109768,154812860.0,58.315046,7395203.5,419.3153137,IT=6.3;6.3 ,ii
25344,Ref 2,9.693,96976,153481310.0,58.318994,7656420.0,419.3152146,IT=4.8;4.8 ,ii
25345,Ref 2,10.204,101552,159411470.0,58.322934,7647538.0,419.3152233,IT=5.1;5.1 ,ii
25346,Ref 2,9.464,97956,162931680.0,58.3267,7862323.0,419.3151885,IT=4.7;4.7 ,ii
25347,Ref 2,10.553,100096,152624340.0,58.330642,7542833.5,419.3151174,IT=5.3;5.3 ,ii
25348,Ref 2,9.829,97952,154831250.0,58.334577,7579218.0,419.3151478,IT=4.9;4.9 ,ii
25349,Ref 2,10.436,102548,160311520.0,58.338527,7741974.5,419.3152599,IT=5.2;5.2 ,ii
25350,Ref 2,10.160,100000,154826980.0,58.342477,7736946.0,419.3152198,IT=5.1;5.1 ,ii
25351,Ref 2,10.368,98564,147891790.0,58.346431,7355686.0,419.315177,IT=5.2;5.2 ,ii
25352,Ref 2,9.294,100092,164558930.0,58.35036,8053534.0,419.3152602,IT=4.6;4.6 ,ii
25353,Ref 2,10.312,100228,160536430.0,58.354129,7621490.0,419.3152611,IT=5.2;5.2 ,ii
25354,Ref 2,11.007,102740,151195090.0,58.357919,7432726.0,419.3152786,IT=5.5;5.5 ,ii
25355,Ref 2,9.625,95572,154142510.0,58.361856,7479704.5,419.315207,IT=4.8;4.8 ,ii
25356,Ref 2,9.848,100008,155686480.0,58.365781,7674486.0,419.3151795,IT=4.9;4.9 ,ii
25357,Ref 2,11.239,101040,145753230.0,58.369575,7122465.0,419.315236,IT=5.6;5.6 ,ii
25358,Ref 2,9.938,97608,153644080.0,58.373519,7426495.0,419.3152209,IT=5;5 ,ii
25360,Ref 2,8.828,92928,154011310.0,58.379298,7644929.5,419.3152086,IT=4.4;4.4 ,ii
25361,Ref 2,11.167,101956,146807260.0,58.383296,7025608.5,419.3152174,IT=5.6;5.6 ,ii
25362,Ref 2,9.928,96684,150990590.0,58.387233,7344039.0,419.3153044,IT=5;5 ,ii
25363,Ref 2,9.250,95892,157785620.0,58.390987,7594684.5,419.3153514,IT=4.6;4.6 ,ii
25364,Ref 2,9.733,93672,143781600.0,58.39491,7216232.0,419.3151439,IT=4.9;4.9 ,ii
25365,Ref 2,11.599,106568,153867460.0,58.398864,7226021.0,419.3153412,IT=5.8;5.8 ,ii
25366,Ref 2,9.718,99528,157541230.0,58.402802,7624034.0,419.3153081,IT=4.9;4.9 ,ii
25367,Ref 2,10.477,96212,144680460.0,58.406572,7186278.0,419.3153026,IT=5.2;5.2 ,ii
25368,Ref 2,10.281,99304,151482180.0,58.41051,7134982.0,419.315267,IT=5.1;5.1 ,ii
25369,Ref 2,11.434,100652,155087660.0,58.41447,7324697.0,419.3153473,IT=5.7;5.7 ,ii
25370,Ref 2,9.647,96032,152288860.0,58.418416,7433539.0,419.3152773,IT=4.8;4.8 ,ii
25371,Ref 2,9.931,100864,152348980.0,58.422183,7291763.5,419.3153285,IT=5;5 ,ii
25372,Ref 2,9.262,97724,147826860.0,58.42611,7432364.5,419.3153754,IT=4.6;4.6 ,ii
25373,Ref 2,10.578,99408,151389840.0,58.430047,7318615.0,419.315385,IT=5.3;5.3 ,ii
25374,Ref 2,9.669,95664,147212910.0,58.433814,7351234.5,419.3153964,IT=4.8;4.8 ,ii
25375,Ref 2,10.051,97832,154931250.0,58.437751,7446152.0,419.3153634,IT=5;5 ,ii
25376,Ref 2,9.720,93120,153166960.0,58.441687,7504833.5,419.3153827,IT=4.9;4.9 ,ii
25377,Ref 2,10.854,100316,155407780.0,58.445637,7264884.0,419.3153585,IT=5.4;5.4 ,ii
25378,Ref 2,10.529,97748,146370740.0,58.449424,7157272.0,419.3153961,IT=5.3;5.3 ,ii
25379,Ref 2,9.834,92896,146251940.0,58.453353,7245718.5,419.3153521,IT=4.9;4.9 ,ii
25380,Ref 2,10.267,96752,152044780.0,58.457297,7320290.0,419.3153595,IT=5.1;5.1 ,ii
25381,Ref 2,9.837,95256,149023650.0,58.46123,7276987.0,419.3153141,IT=4.9;4.9 ,ii
25382,Ref 2,10.242,98536,156191760.0,58.464997,7258995.5,419.3153729,IT=5.1;5.1 ,ii
25383,Ref 2,9.599,94620,154246910.0,58.46893,7227265.5,419.3153766,IT=4.8;4.8 ,ii
25384,Ref 2,9.649,94644,149266540.0,58.472858,7221994.0,419.3153452,IT=4.8;4.8 ,ii
25385,Ref 2,10.201,94452,146806510.0,58.476632,7197989.0,419.3153331,IT=5.1;5.1 ,ii
25386,Ref 2,10.309,95632,148819900.0,58.480572,7232256.0,419.3153326,IT=5.2;5.2 ,ii
25387,Ref 2,10.920,96460,139312020.0,58.484526,6870779.5,419.3153398,IT=5.5;5.5 ,ii
25388,Ref 2,10.484,96084,150081440.0,58.488472,7123155.5,419.3153236,IT=5.2;5.2 ,ii
25389,Ref 2,10.075,96060,155473120.0,58.492243,7415464.5,419.3152633,IT=5;5 ,ii
25390,Ref 2,10.697,97068,147501460.0,58.496189,7012058.0,419.3152159,IT=5.3;5.3 ,ii
25391,Ref 2,10.109,97216,150618190.0,58.500126,7031622.5,419.3152853,IT=5.1;5.1 ,ii
25392,Ref 2,9.843,93348,150671020.0,58.504057,7263678.0,419.3152217,IT=4.9;4.9 ,ii
25393,Ref 2,10.752,97720,147731520.0,58.507999,7325744.0,419.315307,IT=5.4;5.4 ,ii
25394,Ref 2,10.429,95688,145253650.0,58.511943,7017511.0,419.3153703,IT=5.2;5.2 ,ii
25395,Ref 2,10.544,96768,145278220.0,58.515895,7033229.5,419.3152708,IT=5.3;5.3 ,ii
25396,Ref 2,9.714,88168,141089090.0,58.519834,6878810.5,419.3151762,IT=4.9;4.9 ,ii
25397,Ref 2,10.029,95360,147448750.0,58.523601,7094477.5,419.3153222,IT=5;5 ,ii
25398,Ref 2,10.660,98128,142689970.0,58.527553,6812055.5,419.3153609,IT=5.3;5.3 ,ii
25399,Ref 2,10.606,93808,140441100.0,58.531501,6976808.5,419.3154163,IT=5.3;5.3 ,ii
25400,Ref 2,12.295,97808,136517790.0,58.535307,6774969.5,419.3153644,IT=6.1;6.1 ,ii
25401,Ref 2,9.846,91664,148739970.0,58.539255,7131298.5,419.315313,IT=4.9;4.9 ,ii
25402,Ref 2,9.993,92648,139999360.0,58.54319,7042107.0,419.3153318,IT=5;5 ,ii
25403,Ref 2,10.813,97116,147782540.0,58.54714,7290305.5,419.3153455,IT=5.4;5.4 ,ii
25404,Ref 2,10.903,96492,137531630.0,58.550926,6660977.5,419.3153849,IT=5.5;5.5 ,ii
25405,Ref 2,10.549,94760,142462660.0,58.554874,7025157.0,419.3153294,IT=5.3;5.3 ,ii
25406,Ref 2,10.788,93328,138586080.0,58.558828,6920007.0,419.3153965,IT=5.4;5.4 ,ii
25407,Ref 2,10.489,94488,139651710.0,58.562778,6796478.0,419.3153583,IT=5.2;5.2 ,ii
25408,Ref 2,10.568,96592,137296160.0,58.566561,6817633.5,419.3153417,IT=5.3;5.3 ,ii
25409,Ref 2,10.890,94424,138345070.0,58.570517,6888147.0,419.3153704,IT=5.4;5.4 ,ii
25411,Ref 2,9.517,89996,137529220.0,58.576313,6816401.5,419.3153861,IT=4.8;4.8 ,ii
25412,Ref 2,10.244,94812,143321600.0,58.580296,7043238.0,419.315356,IT=5.1;5.1 ,ii
25413,Ref 2,10.908,101204,146308350.0,58.584246,7179407.5,419.3154468,IT=5.5;5.5 ,ii
25414,Ref 2,10.339,94640,145984140.0,58.588023,6962685.0,419.3152959,IT=5.2;5.2 ,ii
25415,Ref 2,10.225,93000,138811520.0,58.591969,6861130.0,419.3153876,IT=5.1;5.1 ,ii
25416,Ref 2,10.937,94156,136563140.0,58.595925,6788126.5,419.3154969,IT=5.5;5.5 ,ii
25418,Ref 2,9.539,87332,133848220.0,58.601717,6709611.0,419.3155073,IT=4.8;4.8 ,ii
25419,Ref 2,10.837,95256,143301300.0,58.6057,6960710.5,419.3154005,IT=5.4;5.4 ,ii
25420,Ref 2,11.557,96268,140743870.0,58.609496,6741675.0,419.3154119,IT=5.8;5.8 ,ii
25421,Ref 2,11.656,97168,138576510.0,58.613463,6780839.0,419.3154084,IT=5.8;5.8 ,ii
25422,Ref 2,10.720,94344,136963920.0,58.617423,6801425.0,419.315414,IT=5.4;5.4 ,ii
25424,Ref 2,9.787,88024,133147730.0,58.623244,6891899.5,419.3154782,IT=4.9;4.9 ,ii
25425,Ref 2,10.837,91964,132232300.0,58.627238,6580307.0,419.3154798,IT=5.4;5.4 ,ii
25426,Ref 2,11.414,93668,135579040.0,58.631036,6752705.5,419.3154438,IT=5.7;5.7 ,ii
25427,Ref 2,10.879,91448,131564450.0,58.634992,6773088.0,419.3153709,IT=5.4;5.4 ,ii
25428,Ref 2,10.687,94624,137104530.0,58.638942,6649927.5,419.3154768,IT=5.3;5.3 ,ii
25429,Ref 2,10.344,96904,144862370.0,58.642888,6793547.0,419.3153826,IT=5.2;5.2 ,ii
25430,Ref 2,10.595,93364,137479200.0,58.646671,6888307.5,419.3154067,IT=5.3;5.3 ,ii
25431,Ref 2,11.346,95192,133659010.0,58.650629,6546263.5,419.3154322,IT=5.7;5.7 ,ii
25432,Ref 2,10.438,93744,135242530.0,58.654583,6592872.5,419.3154715,IT=5.2;5.2 ,ii
25433,Ref 2,10.860,92920,137506060.0,58.658535,6871437.5,419.3154176,IT=5.4;5.4 ,ii
25434,Ref 2,11.562,94148,131618640.0,58.662331,6556684.0,419.315491,IT=5.8;5.8 ,ii
25435,Ref 2,10.898,91572,138200300.0,58.666285,6721901.0,419.3155099,IT=5.4;5.4 ,ii
25436,Ref 2,10.498,93932,137533970.0,58.670237,6801905.5,419.3154854,IT=5.2;5.2 ,ii
25437,Ref 2,11.643,95352,131676060.0,58.674204,6688074.0,419.3155046,IT=5.8;5.8 ,ii
25438,Ref 2,10.713,90700,130349400.0,58.677998,6345703.0,419.3154575,IT=5.4;5.4 ,ii
25439,Ref 2,10.601,90644,132690130.0,58.681944,6714699.0,419.3155357,IT=5.3;5.3 ,ii
25440,Ref 2,10.765,90604,130109540.0,58.6859,6656983.0,419.3154888,IT=5.4;5.4 ,ii
25441,Ref 2,11.984,94964,131928140.0,58.689702,6688133.0,419.3154903,IT=6;6 ,ii
25442,Ref 2,10.628,92960,132872530.0,58.69366,6468776.0,419.3155442,IT=5.3;5.3 ,ii
25443,Ref 2,10.729,91576,132090510.0,58.69761,6888925.0,419.3155834,IT=5.4;5.4 ,ii
25444,Ref 2,11.347,96384,134642260.0,58.701568,6704885.5,419.3154741,IT=5.7;5.7 ,ii
25445,Ref 2,10.720,92996,135234480.0,58.705352,6990024.0,419.3155176,IT=5.4;5.4 ,ii
25446,Ref 2,10.833,88328,124761370.0,58.7093,6426342.5,419.3154633,IT=5.4;5.4 ,ii
25447,Ref 2,12.329,96568,131188310.0,58.713273,6523775.0,419.3154992,IT=6.2;6.2 ,ii
25448,Ref 2,10.286,89540,131773810.0,58.717231,6815429.0,419.315501,IT=5.1;5.1 ,ii
25449,Ref 2,11.085,92752,130500440.0,58.72102,6701249.0,419.3154933,IT=5.5;5.5 ,ii
25450,Ref 2,11.372,90932,131713450.0,58.724987,6692504.5,419.3154521,IT=5.7;5.7 ,ii
25451,Ref 2,10.959,89736,130295140.0,58.728947,6592235.0,419.3154457,IT=5.5;5.5 ,ii
25452,Ref 2,12.734,99768,135904580.0,58.732768,6639491.5,419.3154426,IT=6.4;6.4 ,ii
25453,Ref 2,11.354,90380,130739600.0,58.736741,6686730.5,419.3154298,IT=5.7;5.7 ,ii
25454,Ref 2,11.005,89392,133519890.0,58.740699,6684156.5,419.3155213,IT=5.5;5.5 ,ii
25455,Ref 2,10.712,93380,141976020.0,58.744656,7017700.5,419.3154163,IT=5.4;5.4 ,ii
25456,Ref 2,10.574,90992,142360860.0,58.748441,6620936.0,419.3154867,IT=5.3;5.3 ,ii
25457,Ref 2,10.248,87384,139359280.0,58.752378,6564850.5,419.3154799,IT=5.1;5.1 ,ii
25458,Ref 2,8.665,81600,153498700.0,58.756289,6832003.5,419.3154248,IT=4.3;4.3 ,ii
25459,Ref 2,8.710,82240,156965060.0,58.760193,8855376.0,376.2592084,IT=4.4;4.4 ,ii
25460,Ref 2,8.928,80604,156918400.0,58.764114,10957114.0,376.2591853,IT=4.5;4.5 ,ii
25461,Ref 2,8.576,80556,161657840.0,58.768012,13008198.0,376.2592222,IT=4.3;4.3 ,ii
25462,Ref 2,7.592,71524,170355570.0,58.771908,16800918.0,376.2591832,IT=3.8;3.8 ,ii
25463,Ref 2,7.739,75156,183960190.0,58.775789,20416260.0,376.2591716,IT=3.9;3.9 ,ii
25464,Ref 2,8.259,80464,200754620.0,58.77951,24254460.0,376.2591164,IT=4.1;4.1 ,ii
25465,Ref 2,6.739,69924,207294030.0,58.783378,28673204.0,376.2590402,IT=3.4;3.4 ,ii
25466,Ref 2,6.392,68948,221445280.0,58.787226,33771728.0,376.2590263,IT=3.2;3.2 ,ii
25468,Ref 2,5.733,67076,243392420.0,58.792943,40058292.0,376.2589711,IT=2.9;2.9 ,ii
25470,Ref 2,5.185,60292,244550800.0,58.798718,44820312.0,376.2589726,IT=2.6;2.6 ,ii
25471,Ref 2,6.286,67888,258408980.0,58.802599,47736044.0,376.2588883,IT=3.1;3.1 ,ii
25472,Ref 2,5.395,61688,266396110.0,58.806259,52543756.0,376.2588444,IT=2.7;2.7 ,ii
25473,Ref 2,4.877,56340,268157570.0,58.810072,55322872.0,376.2589727,IT=2.4;2.4 ,ii
25474,Ref 2,5.279,61468,277583260.0,58.813889,57263580.0,376.2588525,IT=2.6;2.6 ,ii
25475,Ref 2,4.732,54412,268759680.0,58.817536,58082732.0,376.2589543,IT=2.4;2.4 ,ii
25476,Ref 2,4.728,55044,273728700.0,58.821353,59118240.0,376.2589427,IT=2.4;2.4 ,ii
25477,Ref 2,4.666,54632,263094830.0,58.825166,55647604.0,376.2589363,IT=2.3;2.3 ,ii
25478,Ref 2,4.980,57244,272874530.0,58.828978,57711608.0,376.2589202,IT=2.5;2.5 ,ii
25479,Ref 2,5.432,56300,259257810.0,58.832632,54820760.0,376.2588703,IT=2.7;2.7 ,ii
25481,Ref 2,5.018,59960,269569730.0,58.838336,54698148.0,376.2589849,IT=2.5;2.5 ,ii
25482,Ref 2,5.681,61304,263096290.0,58.842209,50946460.0,376.2589981,IT=2.8;2.8 ,ii
25483,Ref 2,5.119,58512,254798590.0,58.846047,48216992.0,376.2590417,IT=2.6;2.6 ,ii
25484,Ref 2,5.661,63396,234965710.0,58.849707,43039016.0,376.2589885,IT=2.8;2.8 ,ii
25485,Ref 2,6.162,67100,231882000.0,58.853544,39187172.0,376.2589953,IT=3.1;3.1 ,ii
25486,Ref 2,6.166,66496,222048240.0,58.857395,36632872.0,376.2589238,IT=3.1;3.1 ,ii
25487,Ref 2,6.557,69172,214855250.0,58.861242,32466906.0,376.2589684,IT=3.3;3.3 ,ii
25488,Ref 2,6.131,63532,195296900.0,58.864919,27699208.0,376.2590649,IT=3.1;3.1 ,ii
25489,Ref 2,8.521,74832,178158530.0,58.868796,22939880.0,376.2590533,IT=4.3;4.3 ,ii
25490,Ref 2,7.494,74848,181275260.0,58.872674,20814512.0,376.2590687,IT=3.7;3.7 ,ii
25491,Ref 2,8.476,77196,172382450.0,58.876567,17301404.0,376.2591318,IT=4.2;4.2 ,ii
25492,Ref 2,8.331,78832,167193540.0,58.880461,14702844.0,376.2591092,IT=4.2;4.2 ,ii
25493,Ref 2,10.209,86596,166047710.0,58.884386,12522047.0,376.259175,IT=5.1;5.1 ,ii
25494,Ref 2,9.484,85440,151946080.0,58.888309,9866065.0,376.2591425,IT=4.7;4.7 ,ii
25495,Ref 2,11.041,90532,144049540.0,58.892092,7942217.5,376.2592042,IT=5.5;5.5 ,ii
25497,Ref 2,9.924,85404,135747260.0,58.897909,6670727.0,419.3153899,IT=5;5 ,ii
25498,Ref 2,10.088,88696,133177040.0,58.901884,6769455.5,419.3154601,IT=5;5 ,ii
25499,Ref 2,11.761,92588,131915780.0,58.905846,6652581.5,419.3154723,IT=5.9;5.9 ,ii
25500,Ref 2,10.911,89712,132969880.0,58.9098,6708747.0,419.3154069,IT=5.5;5.5 ,ii
25501,Ref 2,12.642,94388,122193540.0,58.913613,6455474.5,419.3153335,IT=6.3;6.3 ,ii
25502,Ref 2,12.147,89772,125214700.0,58.917598,6597068.0,419.3154881,IT=6.1;6.1 ,ii
25503,Ref 2,11.422,90252,123933360.0,58.921571,6489776.5,419.3155335,IT=5.7;5.7 ,ii
25504,Ref 2,11.545,90532,125474390.0,58.925542,6770992.5,419.3154237,IT=5.8;5.8 ,ii
25505,Ref 2,12.282,92508,114036520.0,58.929356,5956352.0,419.3154611,IT=6.1;6.1 ,ii
25506,Ref 2,12.051,91232,117600390.0,58.93334,6312231.0,419.3154024,IT=6;6 ,ii
25507,Ref 2,11.925,92608,117049520.0,58.937321,6521748.5,419.3154667,IT=6;6 ,ii
25508,Ref 2,11.500,91556,116405130.0,58.941296,6386524.0,419.3154833,IT=5.8;5.8 ,ii
25509,Ref 2,13.146,94256,115372190.0,58.945131,6288999.0,419.3155516,IT=6.6;6.6 ,ii
25510,Ref 2,11.244,86780,115388470.0,58.949106,6607640.0,419.3154835,IT=5.6;5.6 ,ii
25511,Ref 2,13.179,93472,113365460.0,58.953096,6287323.0,419.3155305,IT=6.6;6.6 ,ii
25512,Ref 2,11.590,93884,120007630.0,58.957073,6558379.5,419.3154508,IT=5.8;5.8 ,ii
25513,Ref 2,11.850,93144,121694450.0,58.96105,6702317.0,419.315485,IT=5.9;5.9 ,ii
25514,Ref 2,12.850,92356,115709740.0,58.96504,6365747.5,419.3155665,IT=6.4;6.4 ,ii
25515,Ref 2,12.452,91416,117880190.0,58.969029,6465718.0,419.3155003,IT=6.2;6.2 ,ii
25516,Ref 2,12.689,94264,117064350.0,58.972854,6622776.0,419.3153911,IT=6.3;6.3 ,ii
25517,Ref 2,12.712,91940,113672460.0,58.976848,6329546.0,419.3154185,IT=6.4;6.4 ,ii
25518,Ref 2,12.323,92480,115457400.0,58.980835,6325254.0,419.3154175,IT=6.2;6.2 ,ii
25520,Ref 2,11.792,93656,119983650.0,58.986706,6532006.0,419.3154999,IT=5.9;5.9 ,ii
25521,Ref 2,12.244,94464,110776490.0,58.990735,6272833.5,419.3155213,IT=6.1;6.1 ,ii
25522,Ref 2,13.152,95832,113814560.0,58.994735,6298446.5,419.3155196,IT=6.6;6.6 ,ii
25523,Ref 2,13.605,97956,113196320.0,58.998577,6358987.0,419.3155278,IT=6.8;6.8 ,ii
25524,Ref 2,12.724,93048,110056120.0,59.002577,6506894.5,419.3154645,IT=6.4;6.4 ,ii
25525,Ref 2,12.816,95192,119768030.0,59.006571,6412556.5,419.3154907,IT=6.4;6.4 ,ii
25526,Ref 2,12.600,93416,110368650.0,59.010564,6411970.0,419.3154307,IT=6.3;6.3 ,ii
25527,Ref 2,13.964,96640,111844180.0,59.014412,6180984.5,419.315485,IT=7;7 ,ii
25528,Ref 2,12.914,92304,112925030.0,59.01842,6413373.0,419.3155106,IT=6.5;6.5 ,ii
25529,Ref 2,13.458,90676,107004160.0,59.022425,6097932.5,419.3154458,IT=6.7;6.7 ,ii
25530,Ref 2,12.558,92664,110353650.0,59.026258,6300474.5,419.3155267,IT=6.3;6.3 ,ii
25531,Ref 2,13.435,98424,110991980.0,59.030102,5914639.0,419.3155095,IT=6.7;6.7 ,ii
25532,Ref 2,15.092,98496,108373810.0,59.034147,6065100.0,419.3154874,IT=7.5;7.5 ,ii
25533,Ref 2,11.874,87688,108988850.0,59.038131,6275262.0,419.3154767,IT=5.9;5.9 ,ii
25534,Ref 2,12.989,91660,108645340.0,59.042127,6216266.5,419.3154419,IT=6.5;6.5 ,ii
25535,Ref 2,12.616,93040,110052490.0,59.046127,6122671.5,419.3154023,IT=6.3;6.3 ,ii
25536,Ref 2,13.635,94700,109017720.0,59.050137,6154766.5,419.3154549,IT=6.8;6.8 ,ii
25537,Ref 2,12.981,95624,104908420.0,59.054137,6107844.0,419.3154642,IT=6.5;6.5 ,ii
25538,Ref 2,13.944,96396,108929930.0,59.057985,6211485.0,419.3155021,IT=7;7 ,ii
25539,Ref 2,13.193,96764,115204820.0,59.061995,6567759.5,419.3155679,IT=6.6;6.6 ,ii
25540,Ref 2,12.757,91508,107555220.0,59.065995,6174287.0,419.3155931,IT=6.4;6.4 ,ii
25541,Ref 2,12.553,91864,106695820.0,59.069981,6308312.5,419.3155239,IT=6.3;6.3 ,ii
25542,Ref 2,13.808,95924,108111140.0,59.073822,6184831.5,419.3155079,IT=6.9;6.9 ,ii
25543,Ref 2,13.238,95224,109384900.0,59.077831,6297286.5,419.315481,IT=6.6;6.6 ,ii
25545,Ref 2,12.576,94944,111356540.0,59.083676,6254437.0,419.3154929,IT=6.3;6.3 ,ii
25546,Ref 2,13.140,95008,109679350.0,59.087712,6202319.5,419.3155827,IT=6.6;6.6 ,ii
25547,Ref 2,13.337,94312,111622300.0,59.091718,6372004.5,419.3154521,IT=6.7;6.7 ,ii
25548,Ref 2,13.439,96308,111190400.0,59.095564,6097767.0,419.3155104,IT=6.7;6.7 ,ii
25549,Ref 2,12.956,96036,110744330.0,59.099574,6357831.0,419.3154299,IT=6.5;6.5 ,ii
25550,Ref 2,12.301,91852,112989860.0,59.103572,6398082.5,419.3154897,IT=6.2;6.2 ,ii
25551,Ref 2,12.880,92756,105163990.0,59.107574,6017353.5,419.3154298,IT=6.4;6.4 ,ii
25552,Ref 2,12.929,96068,111174960.0,59.111407,6229251.0,419.3154911,IT=6.5;6.5 ,ii
25553,Ref 2,12.957,90652,106626740.0,59.115407,6159801.5,419.3155047,IT=6.5;6.5 ,ii
25554,Ref 2,13.084,92180,105311840.0,59.119411,6038712.0,419.315478,IT=6.5;6.5 ,ii
25556,Ref 2,11.037,88916,117084820.0,59.123549,6449970.0,419.3154224,IT=5.5;5.5 ,ii
25557,Ref 2,11.962,88272,110194630.0,59.127576,6297786.5,419.3153795,IT=6;6 ,ii
25558,Ref 2,11.683,89940,112054460.0,59.131559,6426785.5,419.315307,IT=5.8;5.8 ,ii
25559,Ref 2,12.446,91440,115099210.0,59.135549,6342975.0,419.3153278,IT=6.2;6.2 ,ii
25560,Ref 2,12.383,87768,106782420.0,59.139538,6181219.0,419.3154212,IT=6.2;6.2 ,ii
25561,Ref 2,12.497,90460,111564840.0,59.143361,6167472.0,419.3154126,IT=6.2;6.2 ,ii
25562,Ref 2,11.203,89488,112804200.0,59.147332,6389758.5,419.3154039,IT=5.6;5.6 ,ii
25563,Ref 2,12.298,90056,115204170.0,59.151313,6301597.0,419.3153736,IT=6.1;6.1 ,ii
25564,Ref 2,10.520,80408,108940660.0,59.155268,6283825.0,419.315532,IT=5.3;5.3 ,ii
25565,Ref 2,13.714,95556,109024340.0,59.159095,6120399.5,419.3155347,IT=6.9;6.9 ,ii
25566,Ref 2,11.809,91116,116952420.0,59.163082,6389574.0,419.3155153,IT=5.9;5.9 ,ii
25567,Ref 2,12.276,90204,115709990.0,59.167063,6299397.0,419.3155287,IT=6.1;6.1 ,ii
25568,Ref 2,11.961,88280,109628140.0,59.171042,6296561.0,419.3154396,IT=6;6 ,ii
25569,Ref 2,12.404,89428,115682180.0,59.17503,6317760.0,419.3154388,IT=6.2;6.2 ,ii
25570,Ref 2,11.764,87928,113742710.0,59.179007,6417490.0,419.3154397,IT=5.9;5.9 ,ii
25571,Ref 2,12.637,91524,110519520.0,59.182992,6146179.5,419.3154016,IT=6.3;6.3 ,ii
25572,Ref 2,11.706,88312,119658990.0,59.186967,6489256.5,419.3154157,IT=5.9;5.9 ,ii
25573,Ref 2,10.355,83096,116368530.0,59.190744,6534706.0,419.3154594,IT=5.2;5.2 ,ii
25574,Ref 2,15.474,96980,105180680.0,59.194765,5837691.0,419.3155976,IT=7.7;7.7 ,ii
25575,Ref 2,11.334,86160,113689020.0,59.198748,6291093.0,419.3154677,IT=5.7;5.7 ,ii
25576,Ref 2,11.967,88968,114489260.0,59.202713,6308388.5,419.3154469,IT=6;6 ,ii
25577,Ref 2,12.809,90832,112889520.0,59.2067,6171398.0,419.3154167,IT=6.4;6.4 ,ii
25578,Ref 2,11.464,86964,111670690.0,59.210671,6226674.0,419.3155876,IT=5.7;5.7 ,ii
25579,Ref 2,11.848,85468,115928150.0,59.214646,6496183.0,419.3155575,IT=5.9;5.9 ,ii
25580,Ref 2,12.847,93028,113902980.0,59.21864,6201846.0,419.3155075,IT=6.4;6.4 ,ii
25581,Ref 2,12.683,93692,115419300.0,59.222471,6423612.5,419.3155041,IT=6.3;6.3 ,ii
25582,Ref 2,13.220,93628,113676880.0,59.226473,6156348.5,419.3155136,IT=6.6;6.6 ,ii
25583,Ref 2,11.894,87256,112593140.0,59.230457,6415744.0,419.3154659,IT=5.9;5.9 ,ii
25584,Ref 2,12.288,89012,111417360.0,59.234275,6132782.5,419.3154488,IT=6.1;6.1 ,ii
25585,Ref 2,12.311,89404,109405120.0,59.238094,6134778.0,419.3154737,IT=6.2;6.2 ,ii
25586,Ref 2,12.673,88352,107058540.0,59.242088,5999103.0,419.3154632,IT=6.3;6.3 ,ii
25587,Ref 2,13.290,93716,109438240.0,59.246096,6278711.5,419.3155185,IT=6.6;6.6 ,ii
25588,Ref 2,14.007,95880,111406810.0,59.249948,6055631.5,419.3154705,IT=7;7 ,ii
25589,Ref 2,12.053,87120,111201600.0,59.253938,6548850.0,419.3154573,IT=6;6 ,ii
25590,Ref 2,13.585,95100,111913090.0,59.257938,6304939.5,419.3154643,IT=6.8;6.8 ,ii
25591,Ref 2,12.097,90272,110867670.0,59.261925,6209309.5,419.3155418,IT=6;6 ,ii
25592,Ref 2,12.356,91832,111423100.0,59.265738,6225124.0,419.3154608,IT=6.2;6.2 ,ii
25593,Ref 2,13.104,90940,107253100.0,59.269733,6169413.5,419.3154772,IT=6.6;6.6 ,ii
25594,Ref 2,12.149,90344,112301180.0,59.273717,6308027.0,419.3155006,IT=6.1;6.1 ,ii
25595,Ref 2,12.494,91952,117149800.0,59.277702,6424457.5,419.3154929,IT=6.2;6.2 ,ii
25596,Ref 2,12.925,90576,106745380.0,59.281529,6003233.5,419.3155075,IT=6.5;6.5 ,ii
25597,Ref 2,12.155,88128,110379150.0,59.285517,6240693.0,419.3155344,IT=6.1;6.1 ,ii
25598,Ref 2,13.258,90884,108321430.0,59.289512,6090299.0,419.315543,IT=6.6;6.6 ,ii
25599,Ref 2,13.337,89856,102455140.0,59.293519,5953393.5,419.3154495,IT=6.7;6.7 ,ii
25601,Ref 2,12.166,88512,107205450.0,59.29935,6142987.0,419.3154611,IT=6.1;6.1 ,ii
25602,Ref 2,12.239,88020,104677820.0,59.303206,6352577.0,419.3154921,IT=6.1;6.1 ,ii
25603,Ref 2,15.070,98572,107757960.0,59.307231,6188582.5,419.3154955,IT=7.5;7.5 ,ii
25604,Ref 2,12.081,89652,109644510.0,59.311218,6104951.0,419.3155008,IT=6;6 ,ii
25605,Ref 2,12.487,89872,112943650.0,59.315204,6392388.0,419.3155193,IT=6.2;6.2 ,ii
25606,Ref 2,11.874,85156,107560170.0,59.319016,6390719.0,419.3155345,IT=5.9;5.9 ,ii
25607,Ref 2,13.534,90084,105154740.0,59.323023,6012644.0,419.3154744,IT=6.8;6.8 ,ii
25608,Ref 2,13.625,93996,105936790.0,59.327037,6083702.0,419.3154771,IT=6.8;6.8 ,ii
25609,Ref 2,13.003,95072,109444500.0,59.331046,6129555.0,419.3155079,IT=6.5;6.5 ,ii
25610,Ref 2,13.613,93988,109112810.0,59.334891,6077273.5,419.3155545,IT=6.8;6.8 ,ii
25611,Ref 2,12.535,85904,108547420.0,59.338893,6301015.0,419.3156259,IT=6.3;6.3 ,ii
25612,Ref 2,12.320,89168,110274410.0,59.342889,6062148.5,419.3154608,IT=6.2;6.2 ,ii
25613,Ref 2,13.090,89896,106522690.0,59.3469,5938083.5,419.3155577,IT=6.5;6.5 ,ii
25614,Ref 2,13.595,91984,104625280.0,59.350745,5948301.5,419.3156767,IT=6.8;6.8 ,ii
25615,Ref 2,12.921,94764,107319590.0,59.354752,6130758.5,419.3156125,IT=6.5;6.5 ,ii
25616,Ref 2,13.223,88280,102968420.0,59.358749,5960930.5,419.3156448,IT=6.6;6.6 ,ii
25617,Ref 2,12.680,88148,105063350.0,59.362749,6056487.5,419.3155675,IT=6.3;6.3 ,ii
25618,Ref 2,12.640,91476,109687000.0,59.36657,6139903.0,419.3156543,IT=6.3;6.3 ,ii
25619,Ref 2,13.217,91192,104562770.0,59.370566,6013122.5,419.3155597,IT=6.6;6.6 ,ii
25620,Ref 2,12.971,92776,108461140.0,59.374566,5883950.5,419.3155458,IT=6.5;6.5 ,ii
25621,Ref 2,14.383,93888,105002210.0,59.378591,6047815.5,419.315643,IT=7.2;7.2 ,ii
25622,Ref 2,12.904,92152,103643860.0,59.382435,6064491.5,419.3155852,IT=6.5;6.5 ,ii
25623,Ref 2,13.608,90608,103372900.0,59.386445,5918081.5,419.3156135,IT=6.8;6.8 ,ii
25624,Ref 2,13.257,93792,107554890.0,59.390456,5897167.5,419.3156963,IT=6.6;6.6 ,ii
25625,Ref 2,13.044,88420,101018190.0,59.394297,6195239.5,419.3156649,IT=6.5;6.5 ,ii
25626,Ref 2,12.753,87464,104279660.0,59.398293,5901506.5,419.315663,IT=6.4;6.4 ,ii
25627,Ref 2,12.477,90556,105111100.0,59.402285,5948484.5,419.3155924,IT=6.2;6.2 ,ii
25628,Ref 2,13.703,91736,105574160.0,59.406297,5959829.0,419.3155519,IT=6.9;6.9 ,ii
25629,Ref 2,13.016,86344,103871220.0,59.410145,6096795.0,419.3156697,IT=6.5;6.5 ,ii
25630,Ref 2,14.410,96728,105764060.0,59.414168,5915614.5,419.3156974,IT=7.2;7.2 ,ii
25631,Ref 2,12.597,87344,104716980.0,59.418168,6027188.0,419.3156128,IT=6.3;6.3 ,ii
25632,Ref 2,14.036,95564,104296750.0,59.422178,5913284.0,419.3155841,IT=7;7 ,ii
25633,Ref 2,11.601,87440,108786450.0,59.426247,6127049.5,419.3155203,IT=5.8;5.8 ,ii
25634,Ref 2,12.259,89164,108604860.0,59.430226,6176902.0,419.3156114,IT=6.1;6.1 ,ii
25635,Ref 2,16.602,94796,101732110.0,59.434289,5695876.5,419.315542,IT=8.3;8.3 ,ii
25636,Ref 2,11.639,84660,102959600.0,59.438249,5840347.0,419.3154841,IT=5.8;5.8 ,ii
25637,Ref 2,12.525,89528,107595820.0,59.442066,6007630.5,419.3155251,IT=6.3;6.3 ,ii
25638,Ref 2,13.022,89952,107320400.0,59.446068,5857703.5,419.3155956,IT=6.5;6.5 ,ii
25639,Ref 2,12.644,86976,107475040.0,59.450061,6054611.0,419.3155276,IT=6.3;6.3 ,ii
25640,Ref 2,14.095,91036,105665560.0,59.454076,5899820.0,419.3155795,IT=7;7 ,ii
25641,Ref 2,12.499,87264,105680720.0,59.458072,5967636.0,419.3154984,IT=6.2;6.2 ,ii
25642,Ref 2,13.033,90640,102687000.0,59.462072,5692552.0,419.3155763,IT=6.5;6.5 ,ii
25643,Ref 2,12.245,87108,107436180.0,59.466059,6072430.5,419.315523,IT=6.1;6.1 ,ii
25644,Ref 2,13.665,91620,105844670.0,59.470061,5991847.0,419.3154667,IT=6.8;6.8 ,ii
25645,Ref 2,12.426,88368,106020100.0,59.473888,5897970.5,419.3155167,IT=6.2;6.2 ,ii
25646,Ref 2,12.933,89388,105011390.0,59.477882,5730255.5,419.3155154,IT=6.5;6.5 ,ii
25647,Ref 2,12.186,91000,111886330.0,59.481865,6095148.5,419.3154657,IT=6.1;6.1 ,ii
25648,Ref 2,10.954,82216,107163060.0,59.485826,6060531.0,419.3154817,IT=5.5;5.5 ,ii
25649,Ref 2,13.801,91812,102996430.0,59.489653,5630000.0,419.3155537,IT=6.9;6.9 ,ii
25650,Ref 2,12.374,87900,108567660.0,59.493644,5982984.5,419.3155499,IT=6.2;6.2 ,ii
25651,Ref 2,12.036,86660,107700160.0,59.497621,5986574.5,419.3155214,IT=6;6 ,ii
25652,Ref 2,13.483,84172,100494100.0,59.501621,5526564.5,419.3155495,IT=6.7;6.7 ,ii
25653,Ref 2,11.710,85284,105089740.0,59.50543,6036597.0,419.3155313,IT=5.9;5.9 ,ii
25654,Ref 2,13.218,89784,105838710.0,59.509421,5938418.0,419.3155554,IT=6.6;6.6 ,ii
25655,Ref 2,12.040,87684,106648140.0,59.513405,5947892.0,419.3155627,IT=6;6 ,ii
25656,Ref 2,12.872,87556,102659600.0,59.517403,5755518.5,419.315544,IT=6.4;6.4 ,ii
25657,Ref 2,12.515,89960,106357820.0,59.521225,5879059.5,419.3155354,IT=6.3;6.3 ,ii
25658,Ref 2,13.801,90764,103230550.0,59.525238,5682458.5,419.3155978,IT=6.9;6.9 ,ii
25659,Ref 2,12.655,87088,109115520.0,59.52924,5787082.5,419.3156249,IT=6.3;6.3 ,ii
25660,Ref 2,12.968,89016,105842980.0,59.533236,5731860.0,419.315564,IT=6.5;6.5 ,ii
25661,Ref 2,13.937,91092,100883430.0,59.537084,5509262.5,419.315608,IT=7;7 ,ii
25662,Ref 2,13.427,87704,103258800.0,59.541098,5532676.0,419.3156223,IT=6.7;6.7 ,ii
25663,Ref 2,11.897,82344,102559700.0,59.545082,5511831.0,419.3156318,IT=5.9;5.9 ,ii
25664,Ref 2,11.558,85740,107798370.0,59.54889,5812123.0,419.3156276,IT=5.8;5.8 ,ii
25665,Ref 2,14.458,91044,98823800.0,59.552904,5271485.5,419.3157048,IT=7.2;7.2 ,ii
25666,Ref 2,12.688,84996,101498640.0,59.556906,5556542.0,419.3156699,IT=6.3;6.3 ,ii
25667,Ref 2,13.829,90892,102478620.0,59.560921,5426831.5,419.3157268,IT=6.9;6.9 ,ii
25668,Ref 2,13.619,91972,100762860.0,59.564769,5329375.0,419.3157052,IT=6.8;6.8 ,ii
25669,Ref 2,13.527,91500,99595288.0,59.568779,5355036.5,419.3156082,IT=6.8;6.8 ,ii
25670,Ref 2,13.438,92204,100389230.0,59.572792,5569725.5,419.3156137,IT=6.7;6.7 ,ii
25671,Ref 2,13.397,89644,97756696.0,59.576802,5088818.5,419.3156414,IT=6.7;6.7 ,ii
25672,Ref 2,12.603,86664,100404210.0,59.580627,5323528.5,419.3156439,IT=6.3;6.3 ,ii
25673,Ref 2,13.743,86860,96226656.0,59.584635,5044768.0,419.3155451,IT=6.9;6.9 ,ii
25674,Ref 2,12.626,82740,94443472.0,59.588631,5084173.5,419.3156786,IT=6.3;6.3 ,ii
25675,Ref 2,14.401,91152,90691256.0,59.592648,4706571.5,419.3156017,IT=7.2;7.2 ,ii
25676,Ref 2,13.763,90656,93880096.0,59.596498,4913945.0,419.3155686,IT=6.9;6.9 ,ii
25677,Ref 2,13.937,87432,90621408.0,59.60051,4729949.5,419.3156671,IT=7;7 ,ii
25678,Ref 2,16.431,89996,81213152.0,59.604567,4297723.0,419.3154446,IT=8.2;8.2 ,ii
25679,Ref 2,15.008,88076,85638104.0,59.608602,4417021.5,419.3156504,IT=7.5;7.5 ,ii
25680,Ref 2,14.778,91776,88944008.0,59.612473,4518674.5,419.3156021,IT=7.4;7.4 ,ii
25681,Ref 2,14.653,93436,89375240.0,59.61651,4324268.0,419.3155195,IT=7.3;7.3 ,ii
25682,Ref 2,13.877,86572,85685496.0,59.620529,4423834.5,419.3155371,IT=6.9;6.9 ,ii
25684,Ref 2,14.390,92252,86866448.0,59.626446,4308602.0,419.3155935,IT=7.2;7.2 ,ii
25685,Ref 2,15.742,96604,87100784.0,59.630506,4111978.0,419.3156148,IT=7.9;7.9 ,ii
25687,Ref 2,14.273,87652,83358184.0,59.634712,4079130.2,419.3154223,IT=7.1;7.1 ,ii
25688,Ref 2,16.259,92684,79123672.0,59.63861,3849829.5,419.3156599,IT=8.1;8.1 ,ii
25690,Ref 2,14.535,88484,80705112.0,59.642648,3750435.8,419.3155457,IT=7.3;7.3 ,ii
25691,Ref 2,16.437,95480,79949304.0,59.646725,3630454.2,419.3156263,IT=8.2;8.2 ,ii
25692,Ref 2,16.508,90256,72534608.0,59.650768,3278749.5,419.3157219,IT=8.3;8.3 ,ii
25693,Ref 2,15.361,89592,74041424.0,59.654629,3413784.0,419.3156847,IT=7.7;7.7 ,ii
25694,Ref 2,18.239,95764,71610544.0,59.658716,3076197.5,419.3157535,IT=9.1;9.1 ,ii
25695,Ref 2,17.846,94728,69922336.0,59.662768,2996718.5,419.3157565,IT=8.9;8.9 ,ii
25696,Ref 2,18.419,91408,67297832.0,59.666829,2866075.5,419.3157377,IT=9.2;9.2 ,ii
25699,Ref 2,17.624,90708,66165424.0,59.672764,2802627.5,419.3157612,IT=8.8;8.8 ,ii
25700,Ref 2,19.288,95416,63880336.0,59.676847,2583698.0,419.3157187,IT=9.6;9.6 ,ii
25701,Ref 2,19.264,93592,65343956.0,59.680914,2457109.5,419.3156873,IT=9.6;9.6 ,ii
25702,Ref 2,17.672,91488,64641508.0,59.684951,2618813.2,419.3156721,IT=8.8;8.8 ,ii
25703,Ref 2,19.721,91944,62575712.0,59.689043,2494355.0,419.3157618,IT=9.9;9.9 ,ii
25704,Ref 2,20.938,93688,60490244.0,59.692953,2245017.0,419.3157372,IT=10;10 ,ii
25705,Ref 2,19.844,91636,61160720.0,59.69701,2455083.0,419.3157041,IT=9.9;9.9 ,ii
25706,Ref 2,20.754,96092,60744552.0,59.701095,2430330.8,419.3157192,IT=10;10 ,ii
25707,Ref 2,22.369,94236,57523612.0,59.705191,2175111.8,419.3157977,IT=11;11 ,ii
25709,Ref 2,19.384,92396,61455540.0,59.709466,2379397.0,419.3157469,IT=9.7;9.7 ,ii
25710,Ref 2,22.274,90640,56564824.0,59.71358,2096925.5,419.3157794,IT=11;11 ,ii
25711,Ref 2,24.266,96700,55818476.0,59.717691,2029820.4,419.3157336,IT=12;12 ,ii
25712,Ref 2,22.972,94800,56091096.0,59.721759,2059911.5,419.3158736,IT=11;11 ,ii
25713,Ref 2,25.411,95104,53836732.0,59.72588,1845278.4,419.3158243,IT=13;13 ,ii
25714,Ref 2,23.105,95064,56276520.0,59.729799,2061708.8,419.3157209,IT=12;12 ,ii
25715,Ref 2,26.693,97332,51612560.0,59.733932,1923092.1,419.3158254,IT=13;13 ,ii
25716,Ref 2,23.977,95880,54502668.0,59.738005,2024356.1,419.3158221,IT=12;12 ,ii
25718,Ref 2,23.849,94212,54319476.0,59.742339,1939318.4,419.3157063,IT=12;12 ,ii
25719,Ref 2,25.046,93992,53684840.0,59.746278,2014207.9,419.3157137,IT=13;13 ,ii
25720,Ref 2,27.992,95952,49863188.0,59.750422,1820481.8,419.3157017,IT=14;14 ,ii
25721,Ref 2,24.963,94404,54096824.0,59.754482,1844825.5,419.3157504,IT=12;12 ,ii
25722,Ref 2,23.045,94848,55734920.0,59.758555,1951806.5,419.3156115,IT=12;12 ,ii
25723,Ref 2,24.474,94688,55284516.0,59.762657,1914506.4,419.3156237,IT=12;12 ,ii
25724,Ref 2,24.121,96188,55007864.0,59.766582,1893474.5,419.3155715,IT=12;12 ,ii
25725,Ref 2,23.600,90912,54653316.0,59.770661,1953310.4,419.3155882,IT=12;12 ,ii
25726,Ref 2,24.661,95540,54570956.0,59.774761,1977662.0,419.3155436,IT=12;12 ,ii
25727,Ref 2,23.169,92832,55792136.0,59.778826,1974454.1,419.3156058,IT=12;12 ,ii
25728,Ref 2,23.862,95844,55613244.0,59.782747,1969924.9,419.3156003,IT=12;12 ,ii
25729,Ref 2,23.800,94408,55712344.0,59.786834,2004856.9,419.3156042,IT=12;12 ,ii
25730,Ref 2,24.128,93364,54971580.0,59.790924,1930598.6,419.3155976,IT=12;12 ,ii
25731,Ref 2,23.017,95224,56594952.0,59.79499,1982541.1,419.3156151,IT=12;12 ,ii
25733,Ref 2,22.431,90384,55772308.0,59.799155,1918828.5,419.3155508,IT=11;11 ,ii
25734,Ref 2,25.058,96348,55567216.0,59.80328,1936783.6,419.3156692,IT=13;13 ,ii
25735,Ref 2,24.050,91660,55605580.0,59.807357,1993723.6,419.3156072,IT=12;12 ,ii
25736,Ref 2,24.110,92172,54445652.0,59.81144,2007664.6,419.3156328,IT=12;12 ,ii
25737,Ref 2,24.244,94664,55038052.0,59.815361,1972505.5,419.3155707,IT=12;12 ,ii
25738,Ref 2,24.223,93828,54648492.0,59.819453,1877612.8,419.315557,IT=12;12 ,ii
25739,Ref 2,25.746,94256,53680672.0,59.823563,1877649.6,419.3156044,IT=13;13 ,ii
25740,Ref 2,24.598,91564,53049252.0,59.82764,1890262.6,419.3155764,IT=12;12 ,ii
25741,Ref 2,24.926,91284,52831348.0,59.831565,1859050.4,419.3156084,IT=12;12 ,ii
25742,Ref 2,25.583,90728,52400396.0,59.835671,1837042.9,419.3155883,IT=13;13 ,ii
25743,Ref 2,24.291,95472,54069108.0,59.839746,1803256.1,419.3156096,IT=12;12 ,ii
25744,Ref 2,24.185,97320,53913256.0,59.843836,1758806.6,419.315537,IT=12;12 ,ii
25745,Ref 2,25.043,90832,52157804.0,59.847771,1828935.9,419.3155162,IT=13;13 ,ii
25746,Ref 2,24.725,91000,52017396.0,59.851861,1839023.2,419.3155538,IT=12;12 ,ii
25747,Ref 2,24.189,90476,53142424.0,59.855942,1829346.0,419.3154947,IT=12;12 ,ii
25748,Ref 2,25.347,93692,53364484.0,59.86005,1815739.2,419.3154724,IT=13;13 ,ii
25749,Ref 2,24.743,91048,52502628.0,59.863965,1853952.0,419.3153807,IT=12;12 ,ii
25750,Ref 2,24.077,89832,52155272.0,59.867875,1798157.9,419.3154514,IT=12;12 ,ii
25751,Ref 2,25.017,92132,53095360.0,59.871981,1800895.1,419.3154468,IT=13;13 ,ii
25752,Ref 2,24.241,91604,52270860.0,59.876056,1771421.2,419.3154154,IT=12;12 ,ii
25753,Ref 2,24.625,96964,54327228.0,59.880152,1886596.9,419.3154693,IT=12;12 ,ii
25754,Ref 2,24.557,90312,53304388.0,59.884069,1740450.4,419.3154509,IT=12;12 ,ii
25755,Ref 2,24.466,93556,53233564.0,59.888167,1780847.5,419.3155008,IT=12;12 ,ii
25756,Ref 2,23.663,89508,52492436.0,59.89224,1840938.9,419.3154292,IT=12;12 ,ii
25757,Ref 2,24.666,90096,52018500.0,59.89634,1741006.0,419.3154527,IT=12;12 ,ii
25758,Ref 2,24.949,90412,51562632.0,59.900265,1771899.2,419.3154392,IT=12;12 ,ii
25759,Ref 2,23.944,87260,51477892.0,59.904344,1793053.8,419.3153791,IT=12;12 ,ii
25760,Ref 2,25.076,94224,52374576.0,59.908446,1706582.9,419.3153711,IT=13;13 ,ii
25761,Ref 2,25.192,95672,52680524.0,59.912537,1684259.1,419.3154599,IT=13;13 ,ii
25762,Ref 2,25.142,92520,50899804.0,59.91646,1711050.5,419.3153701,IT=13;13 ,ii
25763,Ref 2,22.121,88220,53509148.0,59.920506,1829719.6,419.3153813,IT=11;11 ,ii
25764,Ref 2,24.440,90204,51232700.0,59.924616,1664591.9,419.3154566,IT=12;12 ,ii
25765,Ref 2,25.454,89360,50384464.0,59.928719,1689147.5,419.3154567,IT=13;13 ,ii
25766,Ref 2,24.982,90664,51947992.0,59.932633,1761574.1,419.315369,IT=12;12 ,ii
25767,Ref 2,25.358,92800,51261456.0,59.936733,1715810.1,419.3154096,IT=13;13 ,ii
25768,Ref 2,24.521,93772,51690936.0,59.940812,1747275.6,419.3155045,IT=12;12 ,ii
25769,Ref 2,23.577,85508,50856932.0,59.944885,1689473.0,419.3154639,IT=12;12 ,ii
25770,Ref 2,24.666,91384,50856420.0,59.948823,1595277.6,419.3154249,IT=12;12 ,ii
25771,Ref 2,25.672,91640,50334764.0,59.952929,1629183.1,419.3154111,IT=13;13 ,ii
25772,Ref 2,24.687,89440,50400492.0,59.957006,1572660.6,419.3154254,IT=12;12 ,ii
25773,Ref 2,23.770,88164,49968072.0,59.961085,1633907.9,419.3153676,IT=12;12 ,ii
25774,Ref 2,24.749,87092,50061164.0,59.965014,1656212.6,419.3153984,IT=12;12 ,ii
25775,Ref 2,25.371,90048,50373892.0,59.969118,1560450.0,419.3154399,IT=13;13 ,ii
25776,Ref 2,24.917,90628,50782300.0,59.9732,1595062.2,419.3153938,IT=12;12 ,ii
25777,Ref 2,25.006,93056,49538228.0,59.977289,1594603.4,419.3152455,IT=13;13 ,ii
25778,Ref 2,25.629,89452,49570608.0,59.981222,1574639.6,391.2840607,IT=13;13 ,ii
25779,Ref 2,24.913,86024,48891372.0,59.985306,1604336.0,391.2840451,IT=12;12 ,ii
25780,Ref 2,25.856,91384,50109040.0,59.989412,1616432.5,419.315413,IT=13;13 ,ii
25781,Ref 2,23.993,89544,49996320.0,59.993477,1600333.1,419.3153966,IT=12;12 ,ii
25782,Ref 2,24.994,89536,49261792.0,59.997579,1596957.2,391.2840462,IT=12;12 ,ii
25783,Ref 2,24.963,88124,49286284.0,60.001501,1626391.8,391.2840403,IT=12;12 ,ii
25784,Ref 2,26.249,92324,49340120.0,60.005618,1566706.5,391.2839483,IT=13;13 ,ii
25785,Ref 2,24.651,86676,49616232.0,60.009687,1646178.4,391.2839941,IT=12;12 ,ii
25786,Ref 2,23.291,89396,49954180.0,60.013758,1707426.4,391.2840157,IT=12;12 ,ii
25787,Ref 2,25.535,90588,48945216.0,60.017705,1634842.2,391.2840371,IT=13;13 ,ii
25788,Ref 2,25.500,90788,49299936.0,60.021799,1671026.2,391.2839121,IT=13;13 ,ii
25789,Ref 2,29.795,94652,47676596.0,60.025968,1613960.5,391.2840788,IT=15;15 ,ii
25790,Ref 2,24.612,87212,47993184.0,60.030003,1635643.4,391.2840285,IT=12;12 ,ii
25791,Ref 2,25.362,87552,47818016.0,60.033943,1686400.8,391.2839683,IT=13;13 ,ii
25792,Ref 2,25.401,89276,47511248.0,60.038039,1682103.0,391.2839816,IT=13;13 ,ii
25793,Ref 2,25.797,89784,47605888.0,60.042137,1661689.0,391.2840571,IT=13;13 ,ii
25794,Ref 2,24.684,89444,48381140.0,60.046209,1749422.6,391.2839921,IT=12;12 ,ii
25795,Ref 2,25.367,89324,47881188.0,60.050145,1759580.2,391.2839685,IT=13;13 ,ii
25796,Ref 2,24.536,84248,47501840.0,60.054224,1719159.9,391.283902,IT=12;12 ,ii
25797,Ref 2,25.525,86656,47816496.0,60.058326,1769421.1,391.2838655,IT=13;13 ,ii
25798,Ref 2,25.391,87028,47776344.0,60.062416,1739987.4,391.2838691,IT=13;13 ,ii
25799,Ref 2,25.896,89240,47403076.0,60.066351,1657701.2,391.2838335,IT=13;13 ,ii
25800,Ref 2,25.042,85468,47337092.0,60.070438,1725124.6,391.2838953,IT=13;13 ,ii
25801,Ref 2,24.295,87092,48701092.0,60.07452,1883966.8,391.2838715,IT=12;12 ,ii
25802,Ref 2,25.809,88252,46759980.0,60.078641,1719897.8,391.2839007,IT=13;13 ,ii
25803,Ref 2,24.721,84776,46902600.0,60.082547,1801069.8,391.2838474,IT=12;12 ,ii
25804,Ref 2,25.312,87048,47687324.0,60.086647,1839724.0,391.2837712,IT=13;13 ,ii
25805,Ref 2,25.124,88004,46804188.0,60.090736,1854797.4,391.2838292,IT=13;13 ,ii
25806,Ref 2,26.546,90268,46850168.0,60.094849,1760900.2,391.283907,IT=13;13 ,ii
25807,Ref 2,26.280,85904,45572616.0,60.098942,1770419.2,391.2838947,IT=13;13 ,ii
25808,Ref 2,25.671,85152,45755052.0,60.102867,1811612.4,391.2840005,IT=13;13 ,ii
25809,Ref 2,26.008,86604,45944976.0,60.106965,1801916.1,391.2839773,IT=13;13 ,ii
25810,Ref 2,25.478,86828,46118376.0,60.111051,1818810.8,391.2839468,IT=13;13 ,ii
25811,Ref 2,26.281,85752,45282304.0,60.115159,1853290.9,391.2838691,IT=13;13 ,ii
25812,Ref 2,25.483,87036,45616484.0,60.119071,1830844.5,391.2839641,IT=13;13 ,ii
25813,Ref 2,26.408,84972,45383560.0,60.123184,1884980.9,391.2839624,IT=13;13 ,ii
25814,Ref 2,26.357,87264,45884004.0,60.12728,1918376.4,391.2839205,IT=13;13 ,ii
25815,Ref 2,26.237,90256,46266960.0,60.131375,1877151.9,391.2839569,IT=13;13 ,ii
25816,Ref 2,27.039,87580,44951560.0,60.135325,1815486.9,391.2839078,IT=14;14 ,ii
25817,Ref 2,26.674,83372,44116244.0,60.139421,1902227.1,391.2838156,IT=13;13 ,ii
25818,Ref 2,26.187,84872,45324548.0,60.143513,1788686.1,391.2838933,IT=13;13 ,ii
25819,Ref 2,26.333,86416,45304624.0,60.147611,1809356.2,391.2838814,IT=13;13 ,ii
25820,Ref 2,26.290,84928,44417960.0,60.15155,1856710.2,391.2838584,IT=13;13 ,ii
25821,Ref 2,27.874,86248,44557164.0,60.155675,1828551.8,391.2839366,IT=14;14 ,ii
25822,Ref 2,26.640,83812,44194384.0,60.159761,1897986.8,391.2837898,IT=13;13 ,ii
25823,Ref 2,27.082,85064,42973664.0,60.163869,1843805.2,391.2838087,IT=14;14 ,ii
25824,Ref 2,26.571,83980,43870456.0,60.1678,1834344.9,391.2839789,IT=13;13 ,ii
25825,Ref 2,27.723,86800,44189620.0,60.171919,1867038.1,391.2838603,IT=14;14 ,ii
25826,Ref 2,28.271,86672,42791804.0,60.176046,1886659.1,391.2838529,IT=14;14 ,ii
25827,Ref 2,27.500,84696,43512484.0,60.180144,1786757.2,391.28394,IT=14;14 ,ii
25828,Ref 2,27.001,85520,43411160.0,60.184242,1886870.4,391.2839216,IT=14;14 ,ii
25829,Ref 2,26.051,83788,43523552.0,60.188163,1901131.5,391.2839957,IT=13;13 ,ii
25830,Ref 2,27.000,90216,44460860.0,60.192279,1880964.2,391.2839403,IT=13;13 ,ii
25831,Ref 2,26.667,87088,43973752.0,60.196377,1905323.0,391.283954,IT=13;13 ,ii
25832,Ref 2,26.947,84624,42953332.0,60.200483,1862256.1,391.2839074,IT=13;13 ,ii
25833,Ref 2,27.986,84340,42381336.0,60.204438,1931261.5,391.2839277,IT=14;14 ,ii
25834,Ref 2,26.942,83584,42241988.0,60.208531,1827251.5,391.2839954,IT=13;13 ,ii
25835,Ref 2,27.165,84312,42236252.0,60.212637,1892367.5,391.283873,IT=14;14 ,ii
25836,Ref 2,27.568,85960,42696960.0,60.216746,1899005.6,391.2840299,IT=14;14 ,ii
25837,Ref 2,27.320,83744,42407332.0,60.220685,1924564.0,391.283902,IT=14;14 ,ii
25838,Ref 2,27.320,86004,42099496.0,60.224794,1925856.0,391.2839066,IT=14;14 ,ii
25839,Ref 2,28.196,84764,41561400.0,60.228914,1893723.1,391.2838827,IT=14;14 ,ii
25840,Ref 2,27.955,85232,41529596.0,60.233019,1910355.8,391.2839777,IT=14;14 ,ii
25841,Ref 2,27.992,83984,41483360.0,60.236967,1914003.9,391.2838947,IT=14;14 ,ii
25842,Ref 2,28.515,86180,41882500.0,60.241083,1913061.8,391.2839596,IT=14;14 ,ii
25843,Ref 2,28.274,85648,41585088.0,60.245194,1885266.4,391.2839465,IT=14;14 ,ii
25844,Ref 2,28.339,83948,40813788.0,60.249304,1897160.8,391.283958,IT=14;14 ,ii
25845,Ref 2,28.232,82652,40330756.0,60.253248,1969667.1,391.2840305,IT=14;14 ,ii
25846,Ref 2,28.175,88288,42538276.0,60.257358,2001371.8,391.2839977,IT=14;14 ,ii
25847,Ref 2,29.137,87452,40998448.0,60.261481,1927792.5,391.2839475,IT=15;15 ,ii
25848,Ref 2,28.312,83600,40760968.0,60.265591,1954895.0,391.2839277,IT=14;14 ,ii
25849,Ref 2,26.871,82616,41513152.0,60.269673,1963497.5,391.2839568,IT=13;13 ,ii
25850,Ref 2,29.339,84724,40277164.0,60.273645,1900464.0,391.2838606,IT=15;15 ,ii
25851,Ref 2,28.496,82496,40479480.0,60.277752,1940422.8,391.2838817,IT=14;14 ,ii
25852,Ref 2,27.886,85836,41137100.0,60.281858,1875629.4,391.2839299,IT=14;14 ,ii
25853,Ref 2,28.889,80348,39635232.0,60.285985,1888394.2,391.283918,IT=14;14 ,ii
25854,Ref 2,27.619,80648,39811308.0,60.289912,2040075.1,391.283896,IT=14;14 ,ii
25855,Ref 2,30.694,87028,39597560.0,60.294066,1869978.6,391.2839153,IT=15;15 ,ii
25856,Ref 2,29.014,85132,40237520.0,60.298162,2008541.9,391.2839333,IT=15;15 ,ii
25857,Ref 2,29.340,85636,40072976.0,60.302281,1983032.1,391.283914,IT=15;15 ,ii
25858,Ref 2,28.662,87384,40395248.0,60.306218,1998334.1,391.2838734,IT=14;14 ,ii
25859,Ref 2,29.512,82992,38386736.0,60.310343,1903495.4,391.2837827,IT=15;15 ,ii
25860,Ref 2,29.469,80588,38819932.0,60.314466,1921034.8,391.2839317,IT=15;15 ,ii
25861,Ref 2,28.643,80804,38926260.0,60.31857,1973339.5,391.2839102,IT=14;14 ,ii
25862,Ref 2,28.625,82788,39001352.0,60.322522,1956598.5,391.2838679,IT=14;14 ,ii
25863,Ref 2,29.378,83568,39000772.0,60.326647,1947686.0,391.2839405,IT=15;15 ,ii
25864,Ref 2,30.132,85000,38862120.0,60.33078,1920310.1,391.2838545,IT=15;15 ,ii
25865,Ref 2,29.572,82528,39082164.0,60.334891,1986875.6,391.2839407,IT=15;15 ,ii
25866,Ref 2,29.145,85120,39455948.0,60.339005,2010495.8,391.2839413,IT=15;15 ,ii
25867,Ref 2,30.330,84496,37998136.0,60.343089,1915549.6,391.283963,IT=15;15 ,ii
25868,Ref 2,30.009,83020,38066572.0,60.347205,1895087.6,391.2839753,IT=15;15 ,ii
25869,Ref 2,30.629,85316,37856848.0,60.351334,1996973.4,391.2839185,IT=15;15 ,ii
25870,Ref 2,29.146,85280,39141772.0,60.355432,1978475.1,391.2839032,IT=15;15 ,ii
25871,Ref 2,30.044,87156,38147216.0,60.359391,1874560.1,391.2838767,IT=15;15 ,ii
25872,Ref 2,30.730,85436,38409792.0,60.363528,1995674.2,391.2839074,IT=15;15 ,ii
25873,Ref 2,30.475,86612,38237004.0,60.367645,1998068.6,391.2839116,IT=15;15 ,ii
25874,Ref 2,31.168,87516,38427160.0,60.371778,1944452.8,391.2839336,IT=16;16 ,ii
25875,Ref 2,29.958,80176,37561208.0,60.375884,1989096.0,391.2838961,IT=15;15 ,ii
25876,Ref 2,31.289,82656,36881940.0,60.380032,1975851.8,391.2839181,IT=16;16 ,ii
25877,Ref 2,30.973,84516,36985300.0,60.384155,1945649.2,391.2840334,IT=15;15 ,ii
25878,Ref 2,30.124,83340,36836536.0,60.388274,1933332.6,391.2840197,IT=15;15 ,ii
25879,Ref 2,30.998,81764,36763932.0,60.392405,1982867.2,391.2840036,IT=15;15 ,ii
25880,Ref 2,30.233,83436,37351120.0,60.396345,1954832.1,391.2840328,IT=15;15 ,ii
25881,Ref 2,30.397,85760,37726740.0,60.400474,2015230.0,391.284048,IT=15;15 ,ii
25882,Ref 2,30.915,82992,36563764.0,60.404611,2013474.1,391.2840931,IT=15;15 ,ii
25883,Ref 2,31.400,86012,36784640.0,60.408747,1915880.0,391.2840725,IT=16;16 ,ii
25884,Ref 2,31.114,84064,35672640.0,60.412697,1869521.4,391.28384,IT=16;16 ,ii
25885,Ref 2,31.440,81332,36086948.0,60.416828,2000030.6,391.2840078,IT=16;16 ,ii
25886,Ref 2,31.851,85632,37712844.0,60.420965,1958480.4,391.2839528,IT=16;16 ,ii
25887,Ref 2,30.971,81400,36758852.0,60.42508,1966984.5,391.2840766,IT=15;15 ,ii
25888,Ref 2,31.213,82176,35815784.0,60.429042,1924504.2,391.2840035,IT=16;16 ,ii
25889,Ref 2,30.281,86072,37257664.0,60.433155,2004049.1,391.2839944,IT=15;15 ,ii
25890,Ref 2,30.249,83720,36687688.0,60.43728,1960248.8,391.283988,IT=15;15 ,ii
25891,Ref 2,30.451,79124,35971724.0,60.441401,2004748.8,391.2838948,IT=15;15 ,ii
25892,Ref 2,30.946,80484,35856480.0,60.445363,2007356.1,391.2839532,IT=15;15 ,ii
25893,Ref 2,32.357,83892,36159960.0,60.449515,2055873.1,391.2838423,IT=16;16 ,ii
25894,Ref 2,31.307,85404,37044140.0,60.453638,2068753.5,391.2838441,IT=16;16 ,ii
25895,Ref 2,32.466,83216,35970676.0,60.45778,1937189.4,391.2839438,IT=16;16 ,ii
25896,Ref 2,32.032,83868,36339240.0,60.461905,2053780.2,391.2839995,IT=16;16 ,ii
25897,Ref 2,32.969,84440,36420820.0,60.46588,2035795.9,391.2839849,IT=16;16 ,ii
25898,Ref 2,31.779,81568,35870028.0,60.469998,1936903.6,391.2840136,IT=16;16 ,ii
25899,Ref 2,31.637,82352,35918216.0,60.474127,1929506.2,391.2839018,IT=16;16 ,ii
25900,Ref 2,32.773,84664,35888808.0,60.478275,1921717.8,391.283895,IT=16;16 ,ii
25901,Ref 2,30.550,84752,36983876.0,60.482202,2067767.2,391.2840456,IT=15;15 ,ii
25903,Ref 2,33.015,85648,36189944.0,60.486532,1950981.2,391.2839891,IT=17;17 ,ii
25904,Ref 2,31.602,82832,36686656.0,60.490646,2060450.8,391.2839234,IT=16;16 ,ii
25905,Ref 2,30.954,81588,36741316.0,60.494767,2059629.9,391.2839268,IT=15;15 ,ii
25906,Ref 2,33.811,86440,35821896.0,60.498771,1970510.2,391.2838535,IT=17;17 ,ii
25907,Ref 2,32.019,83408,35742136.0,60.502881,2042548.8,391.2839089,IT=16;16 ,ii
25908,Ref 2,32.436,80692,34938952.0,60.507023,2097122.0,391.2838601,IT=16;16 ,ii
25909,Ref 2,32.216,87336,35770224.0,60.511158,1989448.4,391.2839352,IT=16;16 ,ii
25910,Ref 2,33.192,81768,35335392.0,60.515315,2025785.6,391.2839253,IT=17;17 ,ii
25911,Ref 2,30.542,79868,35810932.0,60.519242,2140390.0,391.2840014,IT=15;15 ,ii
25912,Ref 2,33.482,85832,35725456.0,60.523425,1982329.6,391.2838195,IT=17;17 ,ii
25913,Ref 2,33.467,83676,35223988.0,60.527565,2047968.9,391.2838441,IT=17;17 ,ii
25914,Ref 2,31.127,81492,35015580.0,60.531669,2120392.8,391.2838883,IT=16;16 ,ii
25915,Ref 2,31.928,81244,34787932.0,60.535644,2069887.9,391.2838683,IT=16;16 ,ii
25916,Ref 2,32.420,79452,34305836.0,60.53979,2064761.6,391.2838973,IT=16;16 ,ii
25917,Ref 2,32.031,80180,34337756.0,60.543921,2103142.0,391.2838713,IT=16;16 ,ii
25918,Ref 2,32.888,82692,34401524.0,60.548071,2047904.2,391.2838939,IT=16;16 ,ii
25919,Ref 2,32.728,81696,34156600.0,60.552035,2035400.1,391.2838286,IT=16;16 ,ii
25920,Ref 2,31.926,77636,33551930.0,60.556173,2085653.8,391.2838435,IT=16;16 ,ii
25921,Ref 2,33.022,78852,33324680.0,60.560331,1967664.5,391.2838791,IT=17;17 ,ii
25922,Ref 2,32.756,78168,33594896.0,60.564464,2083063.1,391.2838525,IT=16;16 ,ii
25923,Ref 2,33.665,81228,33187634.0,60.568623,2054679.4,391.283881,IT=17;17 ,ii
25924,Ref 2,31.738,78800,33795888.0,60.572564,2124345.2,391.2838608,IT=16;16 ,ii
25925,Ref 2,35.694,82640,34058120.0,60.576762,2051189.4,391.2838547,IT=18;18 ,ii
25926,Ref 2,33.304,78024,32619976.0,60.580875,1975232.8,391.2838246,IT=17;17 ,ii
25927,Ref 2,33.393,80864,33556328.0,60.58502,2043737.5,391.2838361,IT=17;17 ,ii
25928,Ref 2,34.055,78896,31899680.0,60.589004,1922868.0,391.2839231,IT=17;17 ,ii
25929,Ref 2,33.825,78844,33016594.0,60.593145,2112865.5,391.2839296,IT=17;17 ,ii
25930,Ref 2,35.137,80360,33102630.0,60.597308,2039524.4,391.2839067,IT=18;18 ,ii
25931,Ref 2,33.806,78952,32975428.0,60.601433,2028883.0,391.2839128,IT=17;17 ,ii
25932,Ref 2,33.403,81312,34137740.0,60.605397,2163155.8,391.2837976,IT=17;17 ,ii
25933,Ref 2,32.771,75976,32742226.0,60.609537,2079502.2,391.2838781,IT=16;16 ,ii
25934,Ref 2,33.682,79952,32578460.0,60.613691,2056621.1,391.2838625,IT=17;17 ,ii
25935,Ref 2,33.060,80032,33323364.0,60.617826,2133788.8,391.2838789,IT=17;17 ,ii
25936,Ref 2,32.349,77788,33113106.0,60.621954,2138350.8,391.2837967,IT=16;16 ,ii
25937,Ref 2,34.628,80588,32748064.0,60.625958,2073428.6,391.2839044,IT=17;17 ,ii
25938,Ref 2,33.230,75284,32146466.0,60.630081,2051545.2,391.2839381,IT=17;17 ,ii
25939,Ref 2,33.772,80928,32520812.0,60.634233,2045797.6,391.2839212,IT=17;17 ,ii
25940,Ref 2,36.087,83160,33194488.0,60.638416,2054503.2,391.283907,IT=18;18 ,ii
25941,Ref 2,34.750,79384,32568572.0,60.64238,2103405.2,391.2839644,IT=17;17 ,ii
25942,Ref 2,33.873,80156,32548004.0,60.646514,2076491.5,391.2839026,IT=17;17 ,ii
25943,Ref 2,34.492,83048,32520606.0,60.650672,2060735.8,391.2839385,IT=17;17 ,ii
25944,Ref 2,34.046,79448,32094062.0,60.654812,2042085.2,391.2838927,IT=17;17 ,ii
25945,Ref 2,34.131,79232,32603164.0,60.658787,2184022.2,391.2838763,IT=17;17 ,ii
25946,Ref 2,35.157,81476,32183708.0,60.662949,2037774.1,391.2839487,IT=18;18 ,ii
25947,Ref 2,34.444,77972,31373702.0,60.667084,2028884.5,391.2838355,IT=17;17 ,ii
25948,Ref 2,34.403,78788,31910164.0,60.67123,2150921.8,391.2838946,IT=17;17 ,ii
25949,Ref 2,34.939,82960,31937504.0,60.675384,1989043.2,391.2839805,IT=17;17 ,ii
25950,Ref 2,34.157,78840,32043884.0,60.679359,2114186.8,391.2839274,IT=17;17 ,ii
25951,Ref 2,34.197,75892,30981870.0,60.683505,2107100.5,391.2839041,IT=17;17 ,ii
25952,Ref 2,34.452,81272,31618256.0,60.687649,2058315.4,391.2839515,IT=17;17 ,ii
25953,Ref 2,35.986,77904,30634204.0,60.691822,2090003.2,391.2839719,IT=18;18 ,ii
25954,Ref 2,34.982,79016,30818438.0,60.695791,2107540.2,391.2839645,IT=17;17 ,ii
25955,Ref 2,39.620,83148,31201616.0,60.700015,2018721.2,391.2838581,IT=20;20 ,ii
25956,Ref 2,33.660,78796,31016954.0,60.70409,2053878.0,391.2838941,IT=17;17 ,ii
25957,Ref 2,35.530,75588,30022400.0,60.708265,2083997.8,391.2839269,IT=18;18 ,ii
25958,Ref 2,34.811,79852,30864228.0,60.712405,2017521.5,391.2838485,IT=17;17 ,ii
25959,Ref 2,35.693,77088,30235468.0,60.716399,2055354.8,391.2838663,IT=18;18 ,ii
25960,Ref 2,36.046,74860,29377544.0,60.720559,2053208.2,391.2838733,IT=18;18 ,ii
25961,Ref 2,36.514,79472,30191272.0,60.724726,2073235.1,391.2837996,IT=18;18 ,ii
25962,Ref 2,35.426,77412,30185476.0,60.728876,2096791.8,391.2838394,IT=18;18 ,ii
25963,Ref 2,36.458,81212,30204496.0,60.732888,2092742.1,391.2838335,IT=18;18 ,ii
25964,Ref 2,34.413,74816,29960716.0,60.737017,2063096.1,391.2838814,IT=17;17 ,ii
25965,Ref 2,36.894,77780,29141674.0,60.741211,1994107.6,391.2838955,IT=18;18 ,ii
25966,Ref 2,36.626,75820,28994392.0,60.745378,2104776.8,391.283906,IT=18;18 ,ii
25967,Ref 2,36.601,75488,29017884.0,60.749376,2045951.6,391.2838684,IT=18;18 ,ii
25968,Ref 2,37.031,76848,29116600.0,60.753542,2045278.6,391.2839438,IT=19;19 ,ii
25969,Ref 2,36.296,76028,28995972.0,60.757761,2103543.5,391.2839779,IT=18;18 ,ii
25970,Ref 2,40.386,79424,28967214.0,60.761998,2014643.4,391.2839397,IT=20;20 ,ii
25971,Ref 2,38.396,75304,28409910.0,60.766163,1999822.9,391.2839298,IT=19;19 ,ii
25972,Ref 2,39.098,76056,29061956.0,60.770173,2048561.0,391.2839401,IT=20;20 ,ii
25973,Ref 2,37.883,75388,28557058.0,60.77433,2079205.9,391.2839101,IT=19;19 ,ii
25974,Ref 2,38.600,79412,29144268.0,60.778515,2097568.0,391.2839726,IT=19;19 ,ii
25975,Ref 2,38.513,77520,28442016.0,60.782692,2091458.1,391.2838922,IT=19;19 ,ii
25976,Ref 2,36.484,76416,28253656.0,60.786661,2027148.1,391.2839168,IT=18;18 ,ii
25977,Ref 2,37.705,76556,28029486.0,60.790846,2078252.8,391.2840057,IT=19;19 ,ii
25978,Ref 2,38.803,75240,27594600.0,60.79504,2079920.4,391.283945,IT=19;19 ,ii
25979,Ref 2,38.662,77656,27950672.0,60.799217,2102377.8,391.2838028,IT=19;19 ,ii
25980,Ref 2,39.225,77636,27640502.0,60.803404,1984476.9,391.2838819,IT=20;20 ,ii
25981,Ref 2,38.534,73188,27321672.0,60.807396,2047582.8,391.2838847,IT=19;19 ,ii
25982,Ref 2,38.733,73964,27434426.0,60.811579,2156384.8,391.2839109,IT=19;19 ,ii
25983,Ref 2,38.909,76028,27811436.0,60.815763,2101811.8,391.2838474,IT=19;19 ,ii
25984,Ref 2,38.557,74084,26766082.0,60.819936,2059444.0,391.2838498,IT=19;19 ,ii
25985,Ref 2,38.978,73644,26764956.0,60.823948,2087694.1,391.2838386,IT=19;19 ,ii
25986,Ref 2,39.944,75332,26608856.0,60.82815,1990146.4,391.2838187,IT=20;20 ,ii
25987,Ref 2,38.625,76384,27134016.0,60.832313,2065984.1,391.2838421,IT=19;19 ,ii
25988,Ref 2,38.886,75540,26831730.0,60.836498,2076681.9,391.2838618,IT=19;19 ,ii
25989,Ref 2,39.607,72036,25521562.0,60.840692,1900498.0,391.2839103,IT=20;20 ,ii
25990,Ref 2,39.157,75980,26801822.0,60.84469,2046937.0,391.283881,IT=20;20 ,ii
25991,Ref 2,40.141,73832,26336780.0,60.848873,2098792.5,391.2838674,IT=20;20 ,ii
25992,Ref 2,39.932,75048,26414336.0,60.853058,2024608.5,391.2838911,IT=20;20 ,ii
25993,Ref 2,40.029,73164,26255078.0,60.857237,2052328.6,391.2839149,IT=20;20 ,ii
25994,Ref 2,39.556,72920,25935170.0,60.861237,2101546.8,391.2839275,IT=20;20 ,ii
25995,Ref 2,40.999,76028,26298052.0,60.865443,2033334.8,391.283901,IT=20;20 ,ii
25996,Ref 2,40.553,75676,26058974.0,60.869627,2086233.9,391.2839357,IT=20;20 ,ii
25997,Ref 2,39.780,74044,25260236.0,60.8738,2034429.8,391.2837101,IT=20;20 ,ii
25998,Ref 2,40.859,74868,26134128.0,60.878004,2035972.9,391.2838675,IT=20;20 ,ii
25999,Ref 2,39.453,73856,25801866.0,60.881991,2072810.2,391.2839256,IT=20;20 ,ii
26000,Ref 2,40.863,73052,25491546.0,60.886187,2101906.2,391.2838596,IT=20;20 ,ii
26001,Ref 2,42.033,73420,25313556.0,60.890395,1998320.4,391.2839185,IT=21;21 ,ii
26002,Ref 2,41.402,71896,25143658.0,60.894568,2016417.9,391.2839506,IT=21;21 ,ii
26003,Ref 2,40.063,71116,25095160.0,60.898554,2121244.8,391.2839225,IT=20;20 ,ii
26004,Ref 2,41.581,73848,25058994.0,60.902764,1985079.4,391.2839171,IT=21;21 ,ii
26005,Ref 2,41.458,72324,24681256.0,60.906945,2037424.0,391.283897,IT=21;21 ,ii
26006,Ref 2,40.569,74352,25274132.0,60.911116,2122903.2,391.2838769,IT=20;20 ,ii
26007,Ref 2,41.699,72828,24687792.0,60.915322,1984510.5,391.2838901,IT=21;21 ,ii
26008,Ref 2,41.682,73928,25229792.0,60.919333,2080745.9,391.2838777,IT=21;21 ,ii
26009,Ref 2,42.193,70068,24148110.0,60.923516,2066815.5,391.2839378,IT=21;21 ,ii
26010,Ref 2,41.377,70836,24275828.0,60.927835,1991352.5,391.283918,IT=21;21 ,ii
26011,Ref 2,42.435,71636,24500582.0,60.932037,2064595.2,391.2839217,IT=21;21 ,ii
26012,Ref 2,45.321,72300,24006536.0,60.936089,2088182.4,391.2839669,IT=23;23 ,ii
26013,Ref 2,43.881,71816,24022092.0,60.940249,2057913.0,391.2839569,IT=22;22 ,ii
26014,Ref 2,44.616,71484,23922122.0,60.944433,2028226.0,391.2839186,IT=22;22 ,ii
26015,Ref 2,45.061,74916,24337486.0,60.948618,2109522.2,391.2839477,IT=23;23 ,ii
26016,Ref 2,42.243,70108,23698276.0,60.952749,1997553.4,391.2839609,IT=21;21 ,ii
26017,Ref 2,42.613,69640,23755742.0,60.956937,2036998.4,391.2839188,IT=21;21 ,ii
26018,Ref 2,43.504,71212,23684136.0,60.96112,2066131.1,391.2838576,IT=22;22 ,ii
26019,Ref 2,42.977,74532,24073916.0,60.96528,2017413.6,391.2839149,IT=21;21 ,ii
26020,Ref 2,42.957,69056,23548848.0,60.969453,2046501.1,391.2838303,IT=21;21 ,ii
26021,Ref 2,44.215,70396,23278776.0,60.973474,2104637.2,391.2838528,IT=22;22 ,ii
26022,Ref 2,43.792,73720,24026162.0,60.977643,2099106.8,391.2838239,IT=22;22 ,ii
26023,Ref 2,44.778,71772,23436908.0,60.981834,2054853.4,391.2838489,IT=22;22 ,ii
26024,Ref 2,43.739,70204,23323888.0,60.985995,2088834.1,391.2839048,IT=22;22 ,ii
26025,Ref 2,45.317,68156,22975986.0,60.990193,2029694.5,391.2839434,IT=23;23 ,ii
26026,Ref 2,45.668,73696,23351734.0,60.994197,2061159.2,391.2839176,IT=23;23 ,ii
26027,Ref 2,45.237,69248,22982720.0,60.99837,2083050.2,391.2838471,IT=23;23 ,ii
26028,Ref 2,43.350,68776,22668870.0,61.002518,2050455.8,391.2837302,IT=22;22 ,ii
26029,Ref 2,45.449,69896,23209398.0,61.006732,2028344.0,391.2838989,IT=23;23 ,ii
26030,Ref 2,44.341,69564,22877714.0,61.010716,2094589.9,391.2838456,IT=22;22 ,ii
26031,Ref 2,46.373,70992,22932478.0,61.014932,2065929.4,391.2838097,IT=23;23 ,ii
26032,Ref 2,45.994,72540,23223622.0,61.019105,2057199.1,391.2838261,IT=23;23 ,ii
26033,Ref 2,44.897,68080,22245802.0,61.023265,2059404.0,391.2838519,IT=22;22 ,ii
26034,Ref 2,43.101,69340,22887966.0,61.027426,2090600.1,391.283782,IT=22;22 ,ii
26035,Ref 2,44.744,69128,22813758.0,61.031467,2037538.6,391.283858,IT=22;22 ,ii
26036,Ref 2,45.170,70940,22193464.0,61.035653,2032975.6,391.283943,IT=23;23 ,ii
26037,Ref 2,45.857,67532,21990844.0,61.039855,2013574.6,391.2839439,IT=23;23 ,ii
26038,Ref 2,47.383,72112,22533978.0,61.044069,2014137.8,391.2839587,IT=24;24 ,ii
26039,Ref 2,45.562,67304,22198130.0,61.048053,2122526.5,391.2838674,IT=23;23 ,ii
26040,Ref 2,47.328,69864,21840656.0,61.052261,2069182.8,391.2837828,IT=24;24 ,ii
26041,Ref 2,47.288,67940,22233040.0,61.056451,2054580.4,391.283907,IT=24;24 ,ii
26042,Ref 2,46.381,65828,21788540.0,61.060626,2114133.0,391.2839146,IT=23;23 ,ii
26043,Ref 2,46.890,68516,21849610.0,61.064826,2056417.6,391.2839518,IT=23;23 ,ii
26044,Ref 2,47.854,68012,21752860.0,61.068857,1979811.1,391.2838814,IT=24;24 ,ii
26045,Ref 2,48.886,69060,21847276.0,61.073051,2059643.8,391.2838776,IT=24;24 ,ii
26046,Ref 2,45.624,63424,21377940.0,61.07718,2134400.8,391.2838325,IT=23;23 ,ii
26047,Ref 2,50.000,69664,21571952.0,61.08144,2006606.1,391.2837932,IT=25;25 ,ii
26048,Ref 2,47.138,68248,21695736.0,61.0854,2071915.8,391.2838666,IT=24;24 ,ii
26049,Ref 2,50.000,66568,21024152.0,61.089634,2088955.9,391.2838901,IT=25;25 ,ii
26050,Ref 2,50.000,69076,21618456.0,61.093811,2041370.9,391.2838941,IT=25;25 ,ii
26051,Ref 2,47.166,65448,21361860.0,61.097942,2078055.1,391.2838884,IT=24;24 ,ii
26052,Ref 2,47.499,63060,20650690.0,61.102125,2089904.0,391.2839315,IT=24;24 ,ii
26053,Ref 2,47.251,70284,21544458.0,61.106136,2048179.2,391.2839061,IT=24;24 ,ii
26054,Ref 2,49.087,68436,21181164.0,61.110342,2057244.4,391.2839337,IT=25;25 ,ii
26055,Ref 2,48.622,64536,20854242.0,61.114517,2083674.0,391.2839255,IT=24;24 ,ii
26056,Ref 2,50.000,67120,20909906.0,61.118721,2003164.0,391.2839288,IT=25;25 ,ii
26057,Ref 2,50.000,68144,20692866.0,61.122736,2057908.6,391.2838806,IT=25;25 ,ii
26058,Ref 2,48.549,65304,20773140.0,61.126877,2101411.0,391.2838906,IT=24;24 ,ii
26059,Ref 2,49.617,70536,20871950.0,61.131077,1989186.0,391.2839618,IT=25;25 ,ii
26060,Ref 2,47.668,67908,20956852.0,61.135221,2079143.8,391.2838596,IT=24;24 ,ii
26061,Ref 2,49.584,61756,20415044.0,61.139267,2144550.2,391.2838757,IT=25;25 ,ii
26062,Ref 2,50.000,65212,19799284.0,61.143283,1970889.0,391.2839781,IT=25;25 ,ii
26063,Ref 2,49.223,63028,20413282.0,61.147452,2047644.2,391.2839984,IT=25;25 ,ii
26064,Ref 2,48.595,63300,20490192.0,61.151623,2099610.0,391.2840238,IT=24;24 ,ii
26065,Ref 2,48.672,66328,21155840.0,61.155806,2104101.5,391.2840827,IT=24;24 ,ii
26066,Ref 2,50.000,65404,20930380.0,61.159844,2029959.9,391.283994,IT=25;25 ,ii
26067,Ref 2,47.947,65240,20773644.0,61.163987,2116719.0,391.2839967,IT=24;24 ,ii
26068,Ref 2,50.000,67864,21133488.0,61.168204,2011010.0,391.284009,IT=25;25 ,ii
26069,Ref 2,49.156,66304,20706386.0,61.172377,2056253.1,391.2840128,IT=25;25 ,ii
26070,Ref 2,50.000,67384,20921970.0,61.176833,2137135.8,391.283941,IT=25;25 ,ii
26071,Ref 2,50.000,68260,21189680.0,61.181016,2087410.6,391.2839237,IT=25;25 ,ii
26072,Ref 2,49.748,62296,20295892.0,61.185187,2070852.4,391.2840199,IT=25;25 ,ii
26073,Ref 2,49.993,63508,19769532.0,61.189358,2075955.1,391.284026,IT=25;25 ,ii
26074,Ref 2,49.554,67012,20820046.0,61.19352,2089306.1,391.2839243,IT=25;25 ,ii
26075,Ref 2,50.000,67800,20912414.0,61.197531,2069696.2,391.2839112,IT=25;25 ,ii
26076,Ref 2,49.640,63524,20193898.0,61.201697,2142551.5,391.2839211,IT=25;25 ,ii
26077,Ref 2,50.000,68208,21020132.0,61.205877,2144907.5,391.2838552,IT=25;25 ,ii
26078,Ref 2,50.000,66104,20403032.0,61.210039,2078147.8,391.2839149,IT=25;25 ,ii
26079,Ref 2,50.000,62516,20305034.0,61.214208,2126932.5,391.2838789,IT=25;25 ,ii
26080,Ref 2,48.233,62884,20393612.0,61.218179,2181840.2,391.2838971,IT=24;24 ,ii
26081,Ref 2,50.000,64040,19887790.0,61.222379,2080645.2,391.2839362,IT=25;25 ,ii
26082,Ref 2,50.000,61796,19978474.0,61.226547,2127215.8,391.2838997,IT=25;25 ,ii
26083,Ref 2,50.000,65840,20218874.0,61.230718,2117684.0,391.2838914,IT=25;25 ,ii
26084,Ref 2,50.000,62980,20118572.0,61.234718,2106888.8,391.2838288,IT=25;25 ,ii
26085,Ref 2,50.000,59684,19575904.0,61.238883,2142659.5,391.2838756,IT=25;25 ,ii
26086,Ref 2,50.000,64860,20173986.0,61.243058,2163178.8,391.2838377,IT=25;25 ,ii
26087,Ref 2,50.000,64392,20275832.0,61.247224,2144715.2,391.2839281,IT=25;25 ,ii
26088,Ref 2,50.000,59824,18821438.0,61.251224,2049855.0,391.2839094,IT=25;25 ,ii
26089,Ref 2,50.000,60032,19409664.0,61.255395,2141965.5,391.2839564,IT=25;25 ,ii
26090,Ref 2,50.000,62216,20170258.0,61.259853,2126755.0,391.2840334,IT=25;25 ,ii
26091,Ref 2,49.990,61536,19407250.0,61.264026,2151078.2,391.2839431,IT=25;25 ,ii
26092,Ref 2,50.000,65184,19771994.0,61.268201,2107360.0,391.2839348,IT=25;25 ,ii
26093,Ref 2,50.000,61600,19128936.0,61.272205,2065792.1,391.2840264,IT=25;25 ,ii
26094,Ref 2,50.000,58836,19058300.0,61.276385,2142032.0,391.284014,IT=25;25 ,ii
26095,Ref 2,50.000,57400,19064910.0,61.28057,2185015.5,391.2839861,IT=25;25 ,ii
26096,Ref 2,50.000,60916,19584038.0,61.284753,2147334.8,391.2839699,IT=25;25 ,ii
26097,Ref 2,50.000,57892,18776750.0,61.288934,2102846.5,391.2840772,IT=25;25 ,ii
26098,Ref 2,50.000,58012,18435360.0,61.292947,2071254.9,391.2840387,IT=25;25 ,ii
26099,Ref 2,50.000,59296,19074576.0,61.29712,2159303.5,391.2840273,IT=25;25 ,ii
26100,Ref 2,50.000,57852,18795996.0,61.301303,2120038.2,391.2840098,IT=25;25 ,ii
26101,Ref 2,50.000,57360,18473754.0,61.305486,2134963.5,391.2840438,IT=25;25 ,ii
26102,Ref 2,50.000,61308,19080266.0,61.309499,2125111.5,391.2840419,IT=25;25 ,ii
26103,Ref 2,50.000,56456,18519372.0,61.313682,2158522.8,391.2840064,IT=25;25 ,ii
26104,Ref 2,50.000,54976,18158472.0,61.317855,2131706.5,391.2840109,IT=25;25 ,ii
26105,Ref 2,50.000,59744,18682664.0,61.32203,2103259.5,391.2839452,IT=25;25 ,ii
26106,Ref 2,50.000,56700,18482200.0,61.326201,2131305.0,391.2839494,IT=25;25 ,ii
26107,Ref 2,50.000,58240,18770898.0,61.330205,2195170.8,391.283931,IT=25;25 ,ii
26108,Ref 2,50.000,59192,19005886.0,61.33438,2152831.8,391.2839075,IT=25;25 ,ii
26109,Ref 2,50.000,57852,18685044.0,61.338555,2165687.2,391.2838701,IT=25;25 ,ii
26110,Ref 2,50.000,57008,18789616.0,61.343007,2228931.5,391.2838745,IT=25;25 ,ii
26111,Ref 2,50.000,59144,18753970.0,61.347178,2111972.2,391.2838964,IT=25;25 ,ii
26112,Ref 2,50.000,56104,18577590.0,61.351351,2180963.5,391.2840149,IT=25;25 ,ii
26113,Ref 2,50.000,53676,18093002.0,61.355524,2167365.2,391.2840407,IT=25;25 ,ii
26114,Ref 2,50.000,58524,18450468.0,61.359703,2090756.2,391.2839748,IT=25;25 ,ii
26115,Ref 2,50.000,56840,18298164.0,61.36388,2148695.2,391.2840188,IT=25;25 ,ii
26116,Ref 2,50.000,55388,18191144.0,61.367882,2142126.2,391.2840687,IT=25;25 ,ii
26117,Ref 2,50.000,56412,18115252.0,61.372051,2088720.0,391.2840297,IT=25;25 ,ii
26118,Ref 2,50.000,55768,18033142.0,61.376226,2163444.2,391.2840172,IT=25;25 ,ii
26119,Ref 2,50.000,56508,18097016.0,61.380403,2189917.2,391.2839966,IT=25;25 ,ii
26120,Ref 2,50.000,54276,17588886.0,61.384417,2065625.2,391.2840437,IT=25;25 ,ii
26121,Ref 2,50.000,56020,17823852.0,61.38859,2101620.8,391.2840075,IT=25;25 ,ii
26122,Ref 2,50.000,52184,17724418.0,61.392761,2158412.5,391.2840393,IT=25;25 ,ii
26123,Ref 2,50.000,53592,17567048.0,61.396934,2070508.8,391.2840722,IT=25;25 ,ii
26124,Ref 2,50.000,52656,17642958.0,61.401107,2151803.8,391.2841036,IT=25;25 ,ii
26125,Ref 2,50.000,52068,17332152.0,61.405113,2118760.2,391.2840821,IT=25;25 ,ii
26126,Ref 2,50.000,55676,17785632.0,61.409282,2063516.9,391.2840743,IT=25;25 ,ii
26127,Ref 2,50.000,55472,17338910.0,61.413454,2078669.1,391.2841506,IT=25;25 ,ii
26128,Ref 2,50.000,52164,17655130.0,61.417627,2147124.5,391.283986,IT=25;25 ,ii
26129,Ref 2,50.000,52672,17509322.0,61.421629,2134670.8,391.2840432,IT=25;25 ,ii
26130,Ref 2,50.000,52072,17008782.0,61.426096,2037219.8,391.2841333,IT=25;25 ,ii
26131,Ref 2,50.000,50652,17235140.0,61.430271,2175283.2,391.2840166,IT=25;25 ,ii
26132,Ref 2,50.000,53792,17482870.0,61.43445,2077927.9,391.2840849,IT=25;25 ,ii
26133,Ref 2,50.000,51428,17395444.0,61.438615,2160634.0,391.2840462,IT=25;25 ,ii
26134,Ref 2,50.000,51404,17140342.0,61.442619,2118412.8,391.2839804,IT=25;25 ,ii
26135,Ref 2,50.000,52432,17325684.0,61.446792,2113948.2,391.2840349,IT=25;25 ,ii
26136,Ref 2,50.000,51988,17164360.0,61.450971,2124121.2,391.2840786,IT=25;25 ,ii
26137,Ref 2,50.000,49432,15675027.0,61.455156,1947415.1,391.2841568,IT=25;25 ,ii
26138,Ref 2,50.000,51336,17170498.0,61.459337,2106887.0,391.2841329,IT=25;25 ,ii
26139,Ref 2,50.000,52304,17074812.0,61.463519,2166640.2,391.2841708,IT=25;25 ,ii
26140,Ref 2,50.000,50376,17198444.0,61.467687,2188521.5,391.2840608,IT=25;25 ,ii
26141,Ref 2,50.000,53892,17484356.0,61.471856,2114285.2,391.2840359,IT=25;25 ,ii
26142,Ref 2,50.000,51568,17581096.0,61.476025,2227453.0,391.2839563,IT=25;25 ,ii
26143,Ref 2,50.000,48644,16808018.0,61.480025,2151862.5,391.2839695,IT=25;25 ,ii
26144,Ref 2,50.000,53056,16982532.0,61.484194,2096593.6,391.2839787,IT=25;25 ,ii
26145,Ref 2,50.000,51708,17070016.0,61.48836,2177634.8,391.2840149,IT=25;25 ,ii
26146,Ref 2,50.000,52708,17453708.0,61.492529,2165292.2,391.2840634,IT=25;25 ,ii
26147,Ref 2,50.000,52264,17371932.0,61.496527,2134256.0,391.2840102,IT=25;25 ,ii
26148,Ref 2,50.000,53492,17705288.0,61.500696,2137817.8,391.2839603,IT=25;25 ,ii
26149,Ref 2,50.000,48812,16939970.0,61.504862,2209695.0,391.2840062,IT=25;25 ,ii
26150,Ref 2,50.000,50696,17163072.0,61.509329,2166821.0,391.2839913,IT=25;25 ,ii
26151,Ref 2,50.000,53728,17116524.0,61.513495,2125767.5,391.284034,IT=25;25 ,ii
26152,Ref 2,50.000,47496,16254929.0,61.517493,2113069.8,391.2840006,IT=25;25 ,ii
26153,Ref 2,50.000,52908,17502270.0,61.52166,2174544.2,391.284009,IT=25;25 ,ii
26154,Ref 2,50.000,48364,16575915.0,61.525829,2113928.0,391.2840243,IT=25;25 ,ii
26155,Ref 2,50.000,48304,16739291.0,61.529995,2180742.2,391.2839982,IT=25;25 ,ii
26156,Ref 2,50.000,49220,16724394.0,61.533997,2173868.0,391.2839927,IT=25;25 ,ii
26157,Ref 2,50.000,49628,16170342.0,61.537997,1985339.6,391.2839807,IT=25;25 ,ii
26158,Ref 2,50.000,44556,16047437.0,61.542164,2126849.0,391.2838447,IT=25;25 ,ii
26159,Ref 2,50.000,48384,16568062.0,61.546343,2165947.5,391.284067,IT=25;25 ,ii
26160,Ref 2,50.000,51044,16682348.0,61.550522,2133525.2,391.2839669,IT=25;25 ,ii
26161,Ref 2,50.000,46372,16265826.0,61.554533,2140706.0,391.284072,IT=25;25 ,ii
26162,Ref 2,50.000,50496,16583634.0,61.55871,2187557.0,391.284036,IT=25;25 ,ii
26163,Ref 2,50.000,48376,16496984.0,61.562889,2129888.8,391.2840396,IT=25;25 ,ii
26164,Ref 2,50.000,48284,16338436.0,61.567072,2143758.5,391.2840301,IT=25;25 ,ii
26165,Ref 2,50.000,44384,16501465.0,61.571093,2248039.8,391.2840378,IT=25;25 ,ii
26166,Ref 2,50.000,50396,16587511.0,61.575274,2180777.5,391.2840473,IT=25;25 ,ii
26167,Ref 2,50.000,46676,16329362.0,61.579449,2189843.5,391.2840653,IT=25;25 ,ii
26168,Ref 2,50.000,48476,16414712.0,61.583626,2178343.8,391.2841216,IT=25;25 ,ii
26169,Ref 2,50.000,49816,16341777.0,61.587805,2171977.0,391.2840606,IT=25;25 ,ii
26170,Ref 2,50.000,45400,16137966.0,61.592257,2165082.2,391.2841187,IT=25;25 ,ii
26171,Ref 2,50.000,45680,16134311.0,61.596441,2184000.5,391.2840795,IT=25;25 ,ii
26172,Ref 2,50.000,46320,15894530.0,61.600603,2080873.6,391.2840645,IT=25;25 ,ii
26173,Ref 2,50.000,44696,16012174.0,61.60477,2126637.2,391.2839561,IT=25;25 ,ii
26174,Ref 2,50.000,46212,16045945.0,61.608947,2173163.8,391.2839778,IT=25;25 ,ii
26175,Ref 2,50.000,48200,16037509.0,61.612959,2130273.0,391.2839664,IT=25;25 ,ii
26176,Ref 2,50.000,46656,16426450.0,61.617126,2199362.2,391.2840619,IT=25;25 ,ii
26177,Ref 2,50.000,44968,16107627.0,61.621297,2169674.0,391.2840378,IT=25;25 ,ii
26178,Ref 2,50.000,46468,15777313.0,61.625463,2098224.8,391.2841587,IT=25;25 ,ii
26179,Ref 2,50.000,46700,16216822.0,61.629632,2193557.0,391.284011,IT=25;25 ,ii
26180,Ref 2,50.000,42928,15849668.0,61.633799,2198551.8,391.2840894,IT=25;25 ,ii
26181,Ref 2,50.000,45004,15856730.0,61.63798,2084480.2,391.283985,IT=25;25 ,ii
26182,Ref 2,50.000,42812,15871762.0,61.642149,2185945.8,391.2839894,IT=25;25 ,ii
26183,Ref 2,50.000,42988,15881482.0,61.646317,2199869.8,391.2840498,IT=25;25 ,ii
26184,Ref 2,50.000,48764,16478385.0,61.650315,2103928.8,391.2840112,IT=25;25 ,ii
26185,Ref 2,50.000,48584,16931542.0,61.654482,2164469.8,391.2840012,IT=25;25 ,ii
26186,Ref 2,50.000,45796,16247537.0,61.658651,2148517.2,391.2841054,IT=25;25 ,ii
26187,Ref 2,50.000,49832,16470790.0,61.662817,2093967.9,391.284044,IT=25;25 ,ii
26188,Ref 2,50.000,48852,16672940.0,61.666819,2155010.8,391.2840414,IT=25;25 ,ii
26189,Ref 2,50.000,45404,16576645.0,61.670984,2190272.8,391.2841619,IT=25;25 ,ii
26190,Ref 2,50.000,49756,16529123.0,61.675451,2109027.0,391.2841519,IT=25;25 ,ii
26191,Ref 2,50.000,48520,16656241.0,61.679621,2160254.8,391.2840907,IT=25;25 ,ii
26192,Ref 2,50.000,47544,16784934.0,61.683801,2228620.5,391.2841036,IT=25;25 ,ii
26193,Ref 2,50.000,47972,16661731.0,61.687803,2147089.2,391.284029,IT=25;25 ,ii
26194,Ref 2,50.000,47776,16693681.0,61.691961,2193443.5,391.2839817,IT=25;25 ,ii
26195,Ref 2,50.000,48964,16534860.0,61.696128,2181114.8,391.2839789,IT=25;25 ,ii
26196,Ref 2,50.000,47296,16460629.0,61.700296,2114958.5,391.2840371,IT=25;25 ,ii
26197,Ref 2,50.000,46192,16406048.0,61.704294,2191252.5,391.2840793,IT=25;25 ,ii
26198,Ref 2,50.000,48540,16594107.0,61.708465,2164738.0,391.2840676,IT=25;25 ,ii
26199,Ref 2,50.000,47496,16357109.0,61.712638,2170871.5,391.2840535,IT=25;25 ,ii
26200,Ref 2,50.000,48584,16590246.0,61.716804,2139022.5,391.2840684,IT=25;25 ,ii
26201,Ref 2,50.000,46600,16644374.0,61.720971,2266090.8,391.283997,IT=25;25 ,ii
26202,Ref 2,50.000,48688,16646782.0,61.724969,2149287.5,391.2840158,IT=25;25 ,ii
26203,Ref 2,50.000,50848,16509932.0,61.729142,2115405.2,391.2839999,IT=25;25 ,ii
26204,Ref 2,50.000,45064,16504574.0,61.733319,2242747.0,391.2839961,IT=25;25 ,ii
26205,Ref 2,50.000,45200,16190761.0,61.737496,2166461.5,391.2839938,IT=25;25 ,ii
26206,Ref 2,50.000,49336,16492278.0,61.741506,2142552.0,391.2841073,IT=25;25 ,ii
26207,Ref 2,50.000,42340,15909760.0,61.745683,2185601.8,391.2840041,IT=25;25 ,ii
26208,Ref 2,50.000,47872,16082093.0,61.74986,2102360.0,391.283999,IT=25;25 ,ii
26209,Ref 2,50.000,45720,15960253.0,61.75404,2074718.4,391.2840194,IT=25;25 ,ii
26210,Ref 2,50.000,45680,16364725.0,61.758498,2221141.2,391.2840701,IT=25;25 ,ii
26211,Ref 2,50.000,45696,16302143.0,61.762677,2164202.8,391.2840377,IT=25;25 ,ii
26212,Ref 2,50.000,47624,16485817.0,61.766844,2208402.8,391.2840894,IT=25;25 ,ii
26213,Ref 2,50.000,44880,15166268.0,61.771012,2078593.9,391.2841158,IT=25;25 ,ii
26214,Ref 2,50.000,45312,16344695.0,61.775181,2211753.8,391.2840724,IT=25;25 ,ii
26215,Ref 2,50.000,46556,15639825.0,61.779181,2065802.2,391.2840367,IT=25;25 ,ii
26216,Ref 2,50.000,45068,16183278.0,61.78335,2214149.5,391.2840526,IT=25;25 ,ii
26217,Ref 2,50.000,44692,16120153.0,61.787519,2162616.5,391.2840415,IT=25;25 ,ii
26218,Ref 2,50.000,45068,15932734.0,61.791685,2186405.0,391.2840593,IT=25;25 ,ii
26219,Ref 2,50.000,43300,15731319.0,61.795852,2215225.2,391.2840355,IT=25;25 ,ii
26220,Ref 2,50.000,43620,15833801.0,61.79985,2112573.8,391.2840045,IT=25;25 ,ii
26221,Ref 2,50.000,46112,15662245.0,61.804016,2092364.1,391.2840036,IT=25;25 ,ii
26222,Ref 2,50.000,42088,15825856.0,61.808183,2209534.8,391.2839562,IT=25;25 ,ii
26223,Ref 2,50.000,45404,16060129.0,61.812352,2233486.8,391.2839547,IT=25;25 ,ii
26224,Ref 2,50.000,41232,14652537.0,61.816354,2072599.2,391.2839938,IT=25;25 ,ii
26225,Ref 2,50.000,41172,15494239.0,61.82052,2221372.0,391.2839612,IT=25;25 ,ii
26226,Ref 2,50.000,42996,15701449.0,61.824689,2239449.5,391.2839141,IT=25;25 ,ii
26227,Ref 2,50.000,43528,15549054.0,61.828856,2212364.5,391.2839673,IT=25;25 ,ii
26228,Ref 2,50.000,41672,15526087.0,61.833025,2210338.8,391.2839893,IT=25;25 ,ii
26229,Ref 2,50.000,39508,15556135.0,61.837022,2248681.0,391.2840033,IT=25;25 ,ii
26230,Ref 2,50.000,41672,15172721.0,61.841483,2115500.2,391.2840236,IT=25;25 ,ii
26231,Ref 2,50.000,41912,15114850.0,61.845649,2153919.2,391.2840121,IT=25;25 ,ii
26232,Ref 2,50.000,37600,14293322.0,61.849818,2113601.0,391.2840034,IT=25;25 ,ii
26233,Ref 2,50.000,41796,15370526.0,61.853818,2240438.0,391.2841243,IT=25;25 ,ii
26234,Ref 2,50.000,40000,15047604.0,61.857993,2170728.5,391.284123,IT=25;25 ,ii
26235,Ref 2,50.000,37540,14539595.0,61.862173,2146050.0,391.2841547,IT=25;25 ,ii
26236,Ref 2,50.000,39248,15062081.0,61.866349,2150612.5,391.2840073,IT=25;25 ,ii
26237,Ref 2,50.000,39680,15183870.0,61.870528,2232853.2,391.284128,IT=25;25 ,ii
26238,Ref 2,50.000,40936,15638711.0,61.874706,2298713.5,391.2841256,IT=25;25 ,ii
26239,Ref 2,50.000,39008,14726769.0,61.878872,2132846.8,391.2840941,IT=25;25 ,ii
26240,Ref 2,50.000,38832,15022881.0,61.883043,2216212.8,391.2840803,IT=25;25 ,ii
26241,Ref 2,50.000,38688,14083308.0,61.88721,2072317.5,391.2840716,IT=25;25 ,ii
26242,Ref 2,50.000,40044,14950858.0,61.89121,2127852.8,391.2839077,IT=25;25 ,ii
26243,Ref 2,50.000,40896,15449298.0,61.895376,2197336.0,391.2841415,IT=25;25 ,ii
26244,Ref 2,50.000,39044,15119034.0,61.899543,2206310.0,391.2840249,IT=25;25 ,ii
26245,Ref 2,50.000,41072,14879670.0,61.903709,2103629.0,391.2841456,IT=25;25 ,ii
26246,Ref 2,50.000,38956,14596456.0,61.907876,2089346.8,391.2840915,IT=25;25 ,ii
26247,Ref 2,50.000,39128,15138588.0,61.911876,2258161.8,391.2841586,IT=25;25 ,ii
26248,Ref 2,50.000,41536,15218888.0,61.916043,2181221.8,391.2841515,IT=25;25 ,ii
26249,Ref 2,50.000,40212,15085658.0,61.920209,2184777.5,391.2840986,IT=25;25 ,ii
26250,Ref 2,50.000,38016,15041718.0,61.924686,2191098.2,391.2841184,IT=25;25 ,ii
26251,Ref 2,50.000,41764,15059842.0,61.928853,2156752.2,391.2841306,IT=25;25 ,ii
26252,Ref 2,50.000,37152,14218802.0,61.932853,2051723.0,391.2842529,IT=25;25 ,ii
26253,Ref 2,50.000,38192,15144202.0,61.937022,2210941.5,391.2841318,IT=25;25 ,ii
26254,Ref 2,50.000,37780,14697201.0,61.941188,2164874.8,391.2841262,IT=25;25 ,ii
26255,Ref 2,50.000,41000,15208880.0,61.945355,2237563.2,391.2841213,IT=25;25 ,ii
26256,Ref 2,50.000,38612,15064096.0,61.949353,2225440.8,391.2841903,IT=25;25 ,ii
26257,Ref 2,50.000,39076,13735571.0,61.95352,1971586.9,391.2842591,IT=25;25 ,ii
26258,Ref 2,50.000,40812,15072926.0,61.957686,2221086.0,391.2840678,IT=25;25 ,ii
26259,Ref 2,50.000,37112,14618970.0,61.961853,2137885.5,391.2842139,IT=25;25 ,ii
26260,Ref 2,50.000,38956,14670032.0,61.965851,2143950.0,391.2842134,IT=25;25 ,ii
26261,Ref 2,50.000,39496,14841134.0,61.970022,2179113.8,391.2842068,IT=25;25 ,ii
26262,Ref 2,50.000,35908,14627795.0,61.974201,2187831.2,391.2840919,IT=25;25 ,ii
26263,Ref 2,50.000,36480,14727100.0,61.978378,2185348.5,391.2841031,IT=25;25 ,ii
26264,Ref 2,50.000,39352,14824229.0,61.982555,2222830.2,391.2841427,IT=25;25 ,ii
26265,Ref 2,50.000,36204,14442777.0,61.986565,2204623.5,391.2841186,IT=25;25 ,ii
26266,Ref 2,50.000,38904,15737040.0,61.99073,2360089.2,391.2841549,IT=25;25 ,ii
26267,Ref 2,50.000,39412,14114105.0,61.994907,2129027.8,391.2841492,IT=25;25 ,ii
26268,Ref 2,50.000,35584,14498050.0,61.999082,2180230.2,391.2841066,IT=25;25 ,ii
26269,Ref 2,50.000,37384,14516394.0,62.003092,2202595.2,391.2841561,IT=25;25 ,ii
26270,Ref 2,50.000,36472,14593656.0,62.007555,2200587.0,391.284111,IT=25;25 ,ii
26271,Ref 2,50.000,34336,14477758.0,62.011732,2284798.5,391.2840969,IT=25;25 ,ii
26272,Ref 2,50.000,33436,14254562.0,62.015898,2150674.0,391.2841666,IT=25;25 ,ii
26273,Ref 2,50.000,36744,14373830.0,62.020065,2153101.2,391.28412,IT=25;25 ,ii
26274,Ref 2,50.000,35972,14367264.0,62.024073,2223825.8,391.2842423,IT=25;25 ,ii
26275,Ref 2,50.000,35908,14439270.0,62.02825,2174924.8,391.2841788,IT=25;25 ,ii
26276,Ref 2,50.000,36632,14559231.0,62.032427,2182047.8,391.2842236,IT=25;25 ,ii
26277,Ref 2,50.000,35016,14352933.0,62.036609,2205706.2,391.284227,IT=25;25 ,ii
26278,Ref 2,50.000,36088,14164139.0,62.040792,2140921.0,391.2842156,IT=25;25 ,ii
26279,Ref 2,50.000,36720,14727324.0,62.044802,2220230.2,391.2840544,IT=25;25 ,ii
26280,Ref 2,50.000,37772,14509430.0,62.048969,2175520.8,391.2840945,IT=25;25 ,ii
26281,Ref 2,50.000,34972,14460700.0,62.05315,2193422.0,391.2841759,IT=25;25 ,ii
26282,Ref 2,50.000,40504,14788839.0,62.057327,2196181.8,391.2840701,IT=25;25 ,ii
26283,Ref 2,50.000,37460,14863837.0,62.061325,2209152.5,391.2842029,IT=25;25 ,ii
26284,Ref 2,50.000,36976,14973499.0,62.065492,2207194.8,391.2841039,IT=25;25 ,ii
26285,Ref 2,50.000,36144,14258470.0,62.069665,2083865.1,391.2841283,IT=25;25 ,ii
26286,Ref 2,50.000,36852,14373750.0,62.073838,2139156.0,391.2841753,IT=25;25 ,ii
26287,Ref 2,50.000,36920,14750361.0,62.07785,2239789.8,391.2841114,IT=25;25 ,ii
26288,Ref 2,50.000,37244,14038066.0,62.082033,2067124.4,391.2841011,IT=25;25 ,ii
26289,Ref 2,50.000,38260,14978186.0,62.086215,2210714.5,391.2841085,IT=25;25 ,ii
26290,Ref 2,50.000,36592,14915347.0,62.090679,2213256.8,391.2841086,IT=25;25 ,ii
26291,Ref 2,50.000,35088,13852697.0,62.09485,2040090.9,391.2840895,IT=25;25 ,ii
26292,Ref 2,50.000,35100,14924617.0,62.098854,2247535.2,391.284099,IT=25;25 ,ii
26293,Ref 2,50.000,38020,14805195.0,62.103027,2219636.8,391.2841709,IT=25;25 ,ii
26294,Ref 2,50.000,42244,15963336.0,62.107198,2334479.0,391.2840451,IT=25;25 ,ii
26295,Ref 2,50.000,38420,15222411.0,62.111379,2240599.0,391.2840298,IT=25;25 ,ii
26296,Ref 2,50.000,36352,15027245.0,62.115387,2225690.2,391.2840288,IT=25;25 ,ii
26297,Ref 2,50.000,37292,13843491.0,62.119558,2033460.0,391.2840447,IT=25;25 ,ii
26298,Ref 2,50.000,38756,14954926.0,62.123729,2221837.0,391.2840263,IT=25;25 ,ii
26299,Ref 2,50.000,37004,15391805.0,62.1279,2303918.5,391.2838906,IT=25;25 ,ii
26300,Ref 2,50.000,36660,14882417.0,62.132071,2257551.5,391.2839257,IT=25;25 ,ii
26301,Ref 2,50.000,38284,15110214.0,62.136081,2294478.0,391.2839813,IT=25;25 ,ii
26302,Ref 2,50.000,34644,15147284.0,62.140264,2286706.8,391.2839055,IT=25;25 ,ii
26303,Ref 2,50.000,37696,14178734.0,62.144445,2108163.2,391.2839308,IT=25;25 ,ii
26304,Ref 2,49.064,36788,14759410.0,62.148602,2189970.8,391.2838012,IT=25;25 ,ii
26305,Ref 2,50.000,33108,13197429.0,62.152633,1987332.5,391.2840354,IT=25;25 ,ii
26306,Ref 2,50.000,36392,13851168.0,62.156814,2022472.9,391.2840219,IT=25;25 ,ii
26307,Ref 2,50.000,36512,15310924.0,62.160985,2316557.2,391.2839331,IT=25;25 ,ii
26308,Ref 2,50.000,35900,15294853.0,62.165156,2287031.8,391.283924,IT=25;25 ,ii
26309,Ref 2,50.000,35632,14415998.0,62.169327,2133386.0,391.2840341,IT=25;25 ,ii
26310,Ref 2,50.000,36624,14631916.0,62.173331,2195797.8,391.2840077,IT=25;25 ,ii
26311,Ref 2,50.000,36192,15006197.0,62.177783,2249284.0,391.2840036,IT=25;25 ,ii
26312,Ref 2,50.000,36676,14330890.0,62.181954,2132909.5,391.2840122,IT=25;25 ,ii
26313,Ref 2,50.000,36096,14535159.0,62.186128,2191022.2,391.2840293,IT=25;25 ,ii
26314,Ref 2,50.000,36788,14735995.0,62.190312,2246718.0,391.2840529,IT=25;25 ,ii
26315,Ref 2,50.000,40012,15193881.0,62.194322,2257629.2,391.2840361,IT=25;25 ,ii
26316,Ref 2,50.000,38388,14859137.0,62.198491,2208752.5,391.284016,IT=25;25 ,ii
26317,Ref 2,50.000,35340,15077780.0,62.202664,2323302.8,391.2839274,IT=25;25 ,ii
26318,Ref 2,50.000,38044,14696725.0,62.206849,2138703.8,391.2840289,IT=25;25 ,ii
26319,Ref 2,48.754,34408,14069614.0,62.210841,2109539.5,391.2839956,IT=24;24 ,ii
26320,Ref 2,50.000,34588,15250074.0,62.215035,2355327.5,391.2839775,IT=25;25 ,ii
26321,Ref 2,50.000,35448,14940351.0,62.219214,2233504.0,391.2840241,IT=25;25 ,ii
26322,Ref 2,50.000,38344,15019565.0,62.223387,2224999.8,391.2840266,IT=25;25 ,ii
26323,Ref 2,50.000,32516,13561528.0,62.227399,2117285.8,391.2840549,IT=25;25 ,ii
26324,Ref 2,50.000,33292,14091497.0,62.23157,2197339.5,391.2840424,IT=25;25 ,ii
26325,Ref 2,50.000,34144,14411135.0,62.235739,2211609.2,391.2842001,IT=25;25 ,ii
26326,Ref 2,50.000,31500,14387586.0,62.239909,2288430.8,391.284097,IT=25;25 ,ii
26327,Ref 2,50.000,31644,14095346.0,62.244091,2198572.8,391.2841701,IT=25;25 ,ii
26328,Ref 2,50.000,32808,14408344.0,62.248093,2192053.8,391.2840733,IT=25;25 ,ii
26329,Ref 2,50.000,30380,12636914.0,62.252263,1979566.6,391.2841642,IT=25;25 ,ii
26330,Ref 2,50.000,32644,14339348.0,62.256447,2220887.2,391.2841531,IT=25;25 ,ii
26331,Ref 2,50.000,32652,14297204.0,62.260915,2249586.2,391.2840209,IT=25;25 ,ii
26332,Ref 2,50.000,31180,14074603.0,62.265099,2262352.5,391.2840941,IT=25;25 ,ii
26333,Ref 2,50.000,31424,14061289.0,62.269101,2201905.0,391.2840465,IT=25;25 ,ii
26334,Ref 2,50.000,34036,14581896.0,62.273274,2183541.5,391.2840794,IT=25;25 ,ii
26335,Ref 2,50.000,34088,14445884.0,62.277442,2268615.5,391.2841592,IT=25;25 ,ii
26336,Ref 2,50.000,32576,14710643.0,62.281613,2334596.0,391.2840777,IT=25;25 ,ii
26337,Ref 2,50.000,33200,14223393.0,62.285615,2200302.2,391.2840849,IT=25;25 ,ii
26338,Ref 2,50.000,31100,13916696.0,62.289786,2142867.2,391.2840579,IT=25;25 ,ii
26339,Ref 2,50.000,31364,13674080.0,62.293967,2121196.2,391.2840937,IT=25;25 ,ii
26340,Ref 2,50.000,34360,13941682.0,62.298155,2156010.5,391.2841047,IT=25;25 ,ii
26341,Ref 2,50.000,31188,14112696.0,62.302326,2210195.2,391.2841133,IT=25;25 ,ii
26342,Ref 2,50.000,30208,14014937.0,62.30633,2232143.2,391.284184,IT=25;25 ,ii
26343,Ref 2,50.000,29848,13638369.0,62.310503,2160417.8,391.2841974,IT=25;25 ,ii
26344,Ref 2,50.000,33908,14547696.0,62.314686,2288666.8,391.2841495,IT=25;25 ,ii
26345,Ref 2,50.000,33500,13885989.0,62.318865,2155997.0,391.2840979,IT=25;25 ,ii
26346,Ref 2,49.550,34620,15505682.0,62.322859,2435876.0,391.2840479,IT=25;25 ,ii
26347,Ref 2,50.000,31572,14117348.0,62.327034,2277326.2,391.2840977,IT=25;25 ,ii
26348,Ref 2,50.000,31412,14174962.0,62.331211,2288923.5,391.2840721,IT=25;25 ,ii
26349,Ref 2,50.000,31952,14670115.0,62.335384,2290839.2,391.2840933,IT=25;25 ,ii
26350,Ref 2,50.000,30608,14170189.0,62.339398,2260704.5,391.2841549,IT=25;25 ,ii
26351,Ref 2,50.000,30980,14504331.0,62.343857,2308689.8,391.2842459,IT=25;25 ,ii
26352,Ref 2,50.000,33580,14997520.0,62.348021,2362307.5,391.2841629,IT=25;25 ,ii
26353,Ref 2,50.000,31944,14073798.0,62.352188,2208086.2,391.2842655,IT=25;25 ,ii
26354,Ref 2,50.000,29420,13843971.0,62.356354,2208270.8,391.2842187,IT=25;25 ,ii
26355,Ref 2,50.000,32652,13257562.0,62.360361,1986873.8,391.2842171,IT=25;25 ,ii
26356,Ref 2,50.000,31196,13880200.0,62.36454,2216352.2,391.2842062,IT=25;25 ,ii
26357,Ref 2,50.000,32640,14156775.0,62.368729,2251279.8,391.2842531,IT=25;25 ,ii
26358,Ref 2,50.000,32756,13372480.0,62.372904,2093184.2,391.2842461,IT=25;25 ,ii
26359,Ref 2,50.000,30876,13351040.0,62.377081,2138993.2,391.2842898,IT=25;25 ,ii
26360,Ref 2,50.000,31456,14422649.0,62.38109,2280605.0,391.2842664,IT=25;25 ,ii
26361,Ref 2,50.000,31328,13760024.0,62.385256,2156357.8,391.2842944,IT=25;25 ,ii
26362,Ref 2,50.000,31876,14085456.0,62.389425,2247399.5,391.2843199,IT=25;25 ,ii
26363,Ref 2,50.000,30508,14249239.0,62.393602,2298850.2,391.2842394,IT=25;25 ,ii
26364,Ref 2,50.000,32424,13237394.0,62.397612,2020652.4,391.2843485,IT=25;25 ,ii
26365,Ref 2,50.000,31612,13642746.0,62.401788,2102735.2,391.2843052,IT=25;25 ,ii
26366,Ref 2,50.000,30976,13807100.0,62.405963,2143848.8,391.2842733,IT=25;25 ,ii
26367,Ref 2,50.000,29496,14439028.0,62.410137,2296967.8,391.2842536,IT=25;25 ,ii
26368,Ref 2,50.000,28840,12934270.0,62.414317,2034754.9,391.2842779,IT=25;25 ,ii
26369,Ref 2,50.000,29256,14345000.0,62.418325,2326321.0,391.2842666,IT=25;25 ,ii
26370,Ref 2,50.000,30104,13177792.0,62.422496,2032268.4,391.2842718,IT=25;25 ,ii
26371,Ref 2,50.000,29444,13055640.0,62.42696,2068980.1,391.2842122,IT=25;25 ,ii
26372,Ref 2,50.000,28936,14055955.0,62.431139,2236926.0,391.2841763,IT=25;25 ,ii
26373,Ref 2,50.000,31480,13806666.0,62.435137,2207776.0,391.2842418,IT=25;25 ,ii
26374,Ref 2,50.000,28588,13308502.0,62.439304,2127624.2,391.2841406,IT=25;25 ,ii
26375,Ref 2,50.000,30584,14043670.0,62.443483,2253035.2,391.2841799,IT=25;25 ,ii
26376,Ref 2,50.000,34060,14150882.0,62.447661,2150146.8,391.2841623,IT=25;25 ,ii
26377,Ref 2,50.000,29264,14432391.0,62.451843,2296304.8,391.2841541,IT=25;25 ,ii
26378,Ref 2,50.000,29340,13786996.0,62.455845,2251365.2,391.2842254,IT=25;25 ,ii
26379,Ref 2,50.000,30224,13821589.0,62.460018,2185684.5,391.2842759,IT=25;25 ,ii
26380,Ref 2,50.000,29984,14234645.0,62.464183,2243329.2,391.2842145,IT=25;25 ,ii
26381,Ref 2,50.000,29296,14231366.0,62.46836,2287758.0,391.2842031,IT=25;25 ,ii
26382,Ref 2,50.000,33132,13814869.0,62.47237,2130043.8,391.2841499,IT=25;25 ,ii
26383,Ref 2,50.000,28828,13565992.0,62.476551,2151085.8,391.2841678,IT=25;25 ,ii
26384,Ref 2,50.000,26472,13422141.0,62.480743,2217294.0,391.2842108,IT=25;25 ,ii
26385,Ref 2,50.000,31072,13960750.0,62.48491,2237224.8,391.2841309,IT=25;25 ,ii
26386,Ref 2,50.000,28160,13035971.0,62.489074,2054147.2,391.284073,IT=25;25 ,ii
26387,Ref 2,50.000,30508,13932896.0,62.493072,2265669.0,391.2841156,IT=25;25 ,ii
26388,Ref 2,50.000,27980,13810447.0,62.497241,2204356.5,391.2841237,IT=25;25 ,ii
26389,Ref 2,50.000,28240,13309246.0,62.501418,2121557.8,391.2841533,IT=25;25 ,ii
26390,Ref 2,50.000,26584,12040542.0,62.505593,1931907.2,391.2841848,IT=25;25 ,ii
26391,Ref 2,50.000,28676,13921842.0,62.510047,2178102.5,391.2841465,IT=25;25 ,ii
26392,Ref 2,50.000,27704,11743968.0,62.514226,1865791.6,391.2841415,IT=25;25 ,ii
26393,Ref 2,50.000,26576,13552065.0,62.518393,2225042.2,391.2841483,IT=25;25 ,ii
26394,Ref 2,50.000,29892,14197856.0,62.522568,2222749.0,391.2841247,IT=25;25 ,ii
26395,Ref 2,50.000,30028,14965488.0,62.526732,2408219.0,391.2841942,IT=25;25 ,ii
26396,Ref 2,50.000,28412,13575115.0,62.530734,2176572.5,391.2841756,IT=25;25 ,ii
26397,Ref 2,50.000,29800,13985966.0,62.534901,2264684.0,391.2841133,IT=25;25 ,ii
26398,Ref 2,50.000,33712,16701633.0,62.53907,2591957.0,391.2840875,IT=25;25 ,ii
26399,Ref 2,50.000,27104,13654862.0,62.543239,2216398.2,391.2841856,IT=25;25 ,ii
26400,Ref 2,50.000,28588,13575967.0,62.547236,2166062.5,391.2841403,IT=25;25 ,ii
26401,Ref 2,50.000,30592,13367604.0,62.551411,2077871.9,391.2841527,IT=25;25 ,ii
26402,Ref 2,50.000,25620,12915467.0,62.55558,2128217.2,391.2841609,IT=25;25 ,ii
26403,Ref 2,50.000,27984,13058512.0,62.559747,2068760.1,391.2842113,IT=25;25 ,ii
26404,Ref 2,50.000,30836,14986486.0,62.563916,2360157.8,391.2841098,IT=25;25 ,ii
26405,Ref 2,50.000,26712,13829565.0,62.567922,2246606.0,391.2841438,IT=25;25 ,ii
26406,Ref 2,50.000,27372,13384350.0,62.57208,2146996.5,391.2841324,IT=25;25 ,ii
26407,Ref 2,50.000,27732,13058898.0,62.576247,2111394.8,391.2841212,IT=25;25 ,ii
26408,Ref 2,50.000,27500,13363937.0,62.580413,2167107.5,391.2841842,IT=25;25 ,ii
26409,Ref 2,50.000,27804,13795060.0,62.584411,2256400.5,391.2841056,IT=25;25 ,ii
26410,Ref 2,50.000,28332,12292528.0,62.588578,1967824.1,391.2841506,IT=25;25 ,ii
26411,Ref 2,49.301,29304,13797052.0,62.593024,2225802.0,391.28414,IT=25;25 ,ii
26412,Ref 2,50.000,29460,14131230.0,62.597203,2254668.0,391.2841419,IT=25;25 ,ii
26413,Ref 2,50.000,29988,13052465.0,62.601374,2024816.4,391.2841095,IT=25;25 ,ii
26414,Ref 2,50.000,27948,13776471.0,62.605374,2238659.5,391.284071,IT=25;25 ,ii
26415,Ref 2,50.000,25080,13464885.0,62.609536,2209489.0,391.2841579,IT=25;25 ,ii
26416,Ref 2,50.000,28256,12130208.0,62.613716,1906595.6,391.2840919,IT=25;25 ,ii
26417,Ref 2,50.000,29384,13604060.0,62.617894,2139532.5,391.2840443,IT=25;25 ,ii
26418,Ref 2,50.000,26248,13387208.0,62.6219,2176270.0,391.2841281,IT=25;25 ,ii
26419,Ref 2,50.000,29880,14237202.0,62.626086,2273047.2,391.2840939,IT=25;25 ,ii
26420,Ref 2,50.000,26760,13705036.0,62.630263,2204658.2,391.2841882,IT=25;25 ,ii
26421,Ref 2,50.000,26660,13693320.0,62.634442,2256343.0,391.2842069,IT=25;25 ,ii
26422,Ref 2,50.000,28984,13111343.0,62.638623,2043612.6,391.284184,IT=25;25 ,ii
26423,Ref 2,50.000,27932,13876385.0,62.642632,2255741.5,391.2841782,IT=25;25 ,ii
26424,Ref 2,50.000,27976,13526556.0,62.6468,2207525.2,391.2842516,IT=25;25 ,ii
26425,Ref 2,50.000,26576,12627951.0,62.650977,2022958.2,391.2841995,IT=25;25 ,ii
26426,Ref 2,50.000,25764,13017531.0,62.655155,2116307.0,391.2842729,IT=25;25 ,ii
26427,Ref 2,50.000,22008,11446063.0,62.659165,1885939.4,391.2842424,IT=25;25 ,ii
26428,Ref 2,50.000,29416,13793483.0,62.663342,2242467.2,391.2841607,IT=25;25 ,ii
26429,Ref 2,48.997,26052,12227287.0,62.667508,1894874.4,391.2843004,IT=24;24 ,ii
26430,Ref 2,50.000,25948,13396993.0,62.671711,2207954.0,391.2841364,IT=25;25 ,ii
26431,Ref 2,50.000,29976,13280920.0,62.676169,2132245.5,391.2842726,IT=25;25 ,ii
26432,Ref 2,50.000,26624,12514917.0,62.680354,2005418.2,391.2842991,IT=25;25 ,ii
26433,Ref 2,50.000,26172,13329847.0,62.684527,2166560.2,391.2841979,IT=25;25 ,ii
26434,Ref 2,50.000,31180,14952540.0,62.688698,2413213.8,391.2842882,IT=25;25 ,ii
26435,Ref 2,50.000,26536,12483119.0,62.692865,2004253.0,391.2842046,IT=25;25 ,ii
26436,Ref 2,50.000,25744,13399009.0,62.697035,2175959.5,391.2841731,IT=25;25 ,ii
26437,Ref 2,50.000,27728,12936704.0,62.701035,2119420.2,391.2842556,IT=25;25 ,ii
26438,Ref 2,50.000,26000,12529502.0,62.705204,2036132.8,391.2841736,IT=25;25 ,ii
26439,Ref 2,50.000,25012,13502026.0,62.709377,2258554.0,391.2842308,IT=25;25 ,ii
26440,Ref 2,50.000,26584,13065001.0,62.713544,2104814.0,391.2842156,IT=25;25 ,ii
26441,Ref 2,50.000,26604,13284556.0,62.717542,2207952.8,391.2841691,IT=25;25 ,ii
26442,Ref 2,50.000,26276,13335568.0,62.721712,2199377.2,391.2842263,IT=25;25 ,ii
26443,Ref 2,50.000,28404,12578159.0,62.725881,1979406.4,391.2842105,IT=25;25 ,ii
26444,Ref 2,50.000,24628,12482636.0,62.730058,2042777.4,391.2843178,IT=25;25 ,ii
26445,Ref 2,50.000,27544,13413985.0,62.734054,2214095.0,391.2841909,IT=25;25 ,ii
26446,Ref 2,50.000,25128,13146695.0,62.738218,2118356.2,391.2842114,IT=25;25 ,ii
26447,Ref 2,50.000,24868,12593037.0,62.742385,2068851.0,391.2842646,IT=25;25 ,ii
26448,Ref 2,50.000,25664,13675810.0,62.746552,2240570.8,391.2842702,IT=25;25 ,ii
26449,Ref 2,50.000,26852,13243734.0,62.750725,2149601.5,391.2842937,IT=25;25 ,ii
26450,Ref 2,50.000,25260,11851602.0,62.754725,1862469.4,391.2843321,IT=25;25 ,ii
26451,Ref 2,50.000,27460,13775839.0,62.759177,2248593.8,391.2842209,IT=25;25 ,ii
26452,Ref 2,50.000,26380,12785459.0,62.763345,2076613.8,391.284184,IT=25;25 ,ii
26453,Ref 2,50.000,28532,13969876.0,62.767514,2232197.2,391.2842328,IT=25;25 ,ii
26454,Ref 2,50.000,25804,13283421.0,62.771681,2204851.5,391.2843082,IT=25;25 ,ii
26455,Ref 2,50.000,27016,13328152.0,62.775681,2125063.5,391.2843099,IT=25;25 ,ii
26456,Ref 2,50.000,25492,10948190.0,62.779847,1744941.1,391.2843255,IT=25;25 ,ii
26457,Ref 2,50.000,26272,13657911.0,62.784027,2228595.8,391.2842704,IT=25;25 ,ii
26458,Ref 2,50.000,27148,13500723.0,62.788206,2130248.5,391.284232,IT=25;25 ,ii
26459,Ref 2,50.000,22104,9905937.0,62.792212,1579485.0,391.2843095,IT=25;25 ,ii
26460,Ref 2,50.000,26600,13398552.0,62.796389,2167135.2,391.2842409,IT=25;25 ,ii
26461,Ref 2,50.000,24864,13251304.0,62.800574,2159797.0,391.2842384,IT=25;25 ,ii
26462,Ref 2,50.000,24756,12539334.0,62.804756,2096292.0,391.2842556,IT=25;25 ,ii
26463,Ref 2,50.000,25484,12928669.0,62.808762,2084611.5,391.2843242,IT=25;25 ,ii
26464,Ref 2,50.000,25780,13367480.0,62.812939,2192984.8,391.2842655,IT=25;25 ,ii
26465,Ref 2,50.000,24152,11760353.0,62.817114,1868960.0,391.284394,IT=25;25 ,ii
26466,Ref 2,50.000,26472,13269710.0,62.821291,2166415.5,391.284313,IT=25;25 ,ii
26467,Ref 2,50.000,26172,13530611.0,62.825468,2219883.5,391.2842894,IT=25;25 ,ii
26468,Ref 2,50.000,25220,12815077.0,62.829478,2097329.5,391.2843677,IT=25;25 ,ii
26469,Ref 2,50.000,25148,13355934.0,62.833645,2232373.0,391.2842754,IT=25;25 ,ii
26470,Ref 2,50.000,26516,13899917.0,62.837826,2251024.8,391.2842612,IT=25;25 ,ii
26471,Ref 2,50.000,27716,13636846.0,62.842282,2168069.5,391.2842333,IT=25;25 ,ii
26472,Ref 2,50.000,23156,12191996.0,62.846459,1997173.1,391.2842324,IT=25;25 ,ii
26473,Ref 2,50.000,25220,13530093.0,62.850457,2194155.8,391.2841301,IT=25;25 ,ii
26474,Ref 2,50.000,27880,13119058.0,62.854626,2103347.5,391.2842309,IT=25;25 ,ii
26475,Ref 2,50.000,26172,12947259.0,62.858803,2131462.8,391.2842601,IT=25;25 ,ii
26476,Ref 2,50.000,27004,14150953.0,62.862982,2303422.0,391.2842509,IT=25;25 ,ii
26477,Ref 2,50.000,27692,14122486.0,62.866991,2274053.0,391.2841927,IT=25;25 ,ii
26478,Ref 2,50.000,26480,13498575.0,62.871157,2215203.0,391.2842338,IT=25;25 ,ii
26479,Ref 2,50.000,25500,13242298.0,62.875324,2176421.2,391.2842624,IT=25;25 ,ii
26480,Ref 2,50.000,28560,13372256.0,62.879493,2046150.1,391.2842268,IT=25;25 ,ii
26481,Ref 2,50.000,24472,13034889.0,62.883497,2160167.0,391.284243,IT=25;25 ,ii
26482,Ref 2,50.000,23920,13861644.0,62.887511,2306803.0,391.2842886,IT=25;25 ,ii
26483,Ref 2,50.000,27892,13834619.0,62.891695,2245415.8,391.284187,IT=25;25 ,ii
26484,Ref 2,50.000,27148,13147302.0,62.895872,2093827.2,391.2842267,IT=25;25 ,ii
26485,Ref 2,50.000,26212,13693388.0,62.900053,2245159.2,391.2841668,IT=25;25 ,ii
26486,Ref 2,50.000,25900,12224037.0,62.904063,1978251.2,391.2843276,IT=25;25 ,ii
26487,Ref 2,50.000,26288,13244346.0,62.908238,2173269.5,391.2842112,IT=25;25 ,ii
26488,Ref 2,50.000,25460,13676980.0,62.912415,2281537.8,391.2842528,IT=25;25 ,ii
26489,Ref 2,50.000,25952,12397052.0,62.916592,1985785.4,391.2841961,IT=25;25 ,ii
26490,Ref 2,50.000,27424,12315826.0,62.920603,1955955.0,391.2841628,IT=25;25 ,ii
26491,Ref 2,50.000,23372,13463290.0,62.925076,2238592.5,391.2842039,IT=25;25 ,ii
26492,Ref 2,50.000,25704,12883973.0,62.929259,2075589.5,391.2842349,IT=25;25 ,ii
26493,Ref 2,50.000,24696,13014370.0,62.933423,2143478.2,391.2842313,IT=25;25 ,ii
26494,Ref 2,50.000,25880,13669121.0,62.93759,2271789.0,391.2842227,IT=25;25 ,ii
26495,Ref 2,50.000,26660,14391700.0,62.941598,2294393.8,391.2842297,IT=25;25 ,ii
26496,Ref 2,50.000,26400,13339744.0,62.945776,2129093.5,391.2843419,IT=25;25 ,ii
26497,Ref 2,50.000,24480,13234648.0,62.949952,2140423.2,391.2843562,IT=25;25 ,ii
26498,Ref 2,50.000,24816,12747687.0,62.954136,2053174.4,391.284314,IT=25;25 ,ii
26499,Ref 2,50.000,25740,13000355.0,62.958315,2130651.2,391.2843625,IT=25;25 ,ii
26500,Ref 2,50.000,24836,13402666.0,62.962492,2183735.5,391.2843188,IT=25;25 ,ii
26501,Ref 2,50.000,27192,13192550.0,62.966663,2093133.1,391.284298,IT=25;25 ,ii
26502,Ref 2,50.000,24488,12565532.0,62.970836,2046935.0,391.2842206,IT=25;25 ,ii
26503,Ref 2,50.000,25224,13585590.0,62.975004,2246688.0,391.2842378,IT=25;25 ,ii
26504,Ref 2,50.000,24616,13279551.0,62.979002,2126879.0,391.2842468,IT=25;25 ,ii
26505,Ref 2,50.000,25804,12417507.0,62.983171,1979089.8,391.2842792,IT=25;25 ,ii
26506,Ref 2,50.000,23856,13548883.0,62.98734,2199728.8,391.2842456,IT=25;25 ,ii
26507,Ref 2,50.000,25336,13320922.0,62.991509,2167026.0,391.2842631,IT=25;25 ,ii
26508,Ref 2,50.000,22300,10361638.0,62.995511,1712334.2,391.2843164,IT=25;25 ,ii
26509,Ref 2,50.000,26260,12936251.0,62.999513,2083159.1,391.2843353,IT=25;25 ,ii
26510,Ref 2,50.000,28160,13823081.0,63.003685,2250559.2,391.2843107,IT=25;25 ,ii
26511,Ref 2,50.000,26216,13803931.0,63.00815,2250473.0,391.284285,IT=25;25 ,ii
26512,Ref 2,50.000,25052,13649184.0,63.012327,2225322.5,391.2842425,IT=25;25 ,ii
26513,Ref 2,50.000,25700,13313060.0,63.016327,2177355.5,391.2843606,IT=25;25 ,ii
26514,Ref 2,50.000,27340,14452208.0,63.020494,2327202.0,391.2842875,IT=25;25 ,ii
26515,Ref 2,50.000,24200,12955988.0,63.024673,2138549.8,391.2844034,IT=25;25 ,ii
26516,Ref 2,50.000,25612,13601961.0,63.02885,2165892.0,391.2843867,IT=25;25 ,ii
26517,Ref 2,50.000,24532,12324611.0,63.033027,1954540.5,391.2843883,IT=25;25 ,ii
26518,Ref 2,50.000,25800,14107747.0,63.037037,2307382.5,391.2843246,IT=25;25 ,ii
26519,Ref 2,50.000,24960,12764780.0,63.041206,2061795.5,391.2843848,IT=25;25 ,ii
26520,Ref 2,50.000,25500,13135741.0,63.045383,2128041.8,391.2844633,IT=25;25 ,ii
26521,Ref 2,50.000,24060,13410993.0,63.04956,2202148.0,391.2844742,IT=25;25 ,ii
26522,Ref 2,50.000,23080,12479438.0,63.053573,2100803.0,391.2844769,IT=25;25 ,ii
26523,Ref 2,50.000,26188,12411417.0,63.057752,1972903.5,391.2843279,IT=25;25 ,ii
26524,Ref 2,50.000,24008,13215779.0,63.061939,2212606.2,391.2842766,IT=25;25 ,ii
26525,Ref 2,50.000,26056,14293625.0,63.066123,2326043.0,391.2843943,IT=25;25 ,ii
26526,Ref 2,50.000,25896,13663170.0,63.070127,2201962.8,391.2843536,IT=25;25 ,ii
26527,Ref 2,50.000,26772,13968460.0,63.074308,2313728.8,391.2843022,IT=25;25 ,ii
26528,Ref 2,49.890,24560,12615830.0,63.078483,2048024.0,391.2843052,IT=25;25 ,ii
26529,Ref 2,50.000,24524,13203571.0,63.082662,2138022.0,391.2842499,IT=25;25 ,ii
26530,Ref 2,50.000,23672,13226398.0,63.086841,2181697.0,391.2842627,IT=25;25 ,ii
26531,Ref 2,50.000,26340,13238765.0,63.091302,2201402.0,391.284365,IT=25;25 ,ii
26532,Ref 2,50.000,23208,12007733.0,63.095477,1939843.8,391.2843101,IT=25;25 ,ii
26533,Ref 2,50.000,26124,13072792.0,63.099643,2122315.5,391.2843827,IT=25;25 ,ii
26534,Ref 2,50.000,24064,14105256.0,63.103812,2304951.2,391.2843408,IT=25;25 ,ii
26535,Ref 2,50.000,24900,12345674.0,63.107979,2005373.9,391.2843877,IT=25;25 ,ii
26536,Ref 2,45.036,25660,16081536.0,63.111901,2681719.8,391.2842573,IT=23;23 ,ii
26537,Ref 2,50.000,28200,14441748.0,63.116151,2344561.2,391.2843843,IT=25;25 ,ii
26538,Ref 2,50.000,25716,12950396.0,63.12032,2086955.9,391.2844691,IT=25;25 ,ii
26539,Ref 2,50.000,22952,13050099.0,63.124487,2174190.0,391.2843821,IT=25;25 ,ii
26540,Ref 2,49.501,26544,14828710.0,63.128646,2454090.0,391.284386,IT=25;25 ,ii
26541,Ref 2,50.000,26060,13859897.0,63.132826,2229929.2,391.2844696,IT=25;25 ,ii
26542,Ref 2,50.000,24652,14219148.0,63.136997,2356167.5,391.2844107,IT=25;25 ,ii
26543,Ref 2,50.000,25912,14178428.0,63.141164,2323882.0,391.2843365,IT=25;25 ,ii
26544,Ref 2,50.000,23288,12901658.0,63.14533,2103634.5,391.2844894,IT=25;25 ,ii
26545,Ref 2,50.000,25200,13377731.0,63.14933,2186298.2,391.2844322,IT=25;25 ,ii
26546,Ref 2,50.000,27232,16100818.0,63.153499,2654860.8,391.2843342,IT=25;25 ,ii
26547,Ref 2,48.178,25008,14075050.0,63.157634,2302560.5,391.2843606,IT=24;24 ,ii
26548,Ref 2,50.000,24296,13670427.0,63.161834,2230702.5,391.2843828,IT=25;25 ,ii
26549,Ref 2,50.000,23768,14761372.0,63.165834,2470501.5,391.2842974,IT=25;25 ,ii
26550,Ref 2,50.000,25332,13955598.0,63.170003,2262602.0,391.2843773,IT=25;25 ,ii
26551,Ref 2,50.000,25324,13628606.0,63.174464,2209239.8,391.284368,IT=25;25 ,ii
26552,Ref 2,50.000,25904,15060046.0,63.178639,2467752.2,391.2843016,IT=25;25 ,ii
26553,Ref 2,50.000,24484,12852993.0,63.182797,2121390.8,391.2844926,IT=25;25 ,ii
26554,Ref 2,50.000,25760,14343632.0,63.186797,2338876.5,391.2843818,IT=25;25 ,ii
26555,Ref 2,50.000,26980,14786246.0,63.190963,2446581.0,391.284332,IT=25;25 ,ii
26556,Ref 2,48.848,26972,12656020.0,63.195109,1988650.2,391.2844684,IT=24;24 ,ii
26557,Ref 2,50.000,25540,14229405.0,63.199303,2335877.2,391.2844332,IT=25;25 ,ii
26558,Ref 2,50.000,24132,13729078.0,63.203307,2213141.5,391.2844208,IT=25;25 ,ii
26559,Ref 2,50.000,27096,14956685.0,63.20748,2441835.2,391.2845394,IT=25;25 ,ii
26560,Ref 2,50.000,24464,13809416.0,63.211647,2219425.2,391.2844738,IT=25;25 ,ii
26561,Ref 2,44.058,24240,15223341.0,63.215715,2573289.8,391.2844037,IT=22;22 ,ii
26562,Ref 2,50.000,25588,14284091.0,63.219986,2300073.5,391.2845857,IT=25;25 ,ii
26563,Ref 2,50.000,28460,16887976.0,63.224165,2820264.0,391.2844263,IT=25;25 ,ii
26564,Ref 2,50.000,24352,14521872.0,63.228332,2406279.0,391.2843884,IT=25;25 ,ii
26565,Ref 2,50.000,26976,15853850.0,63.232499,2597087.5,391.2844877,IT=25;25 ,ii
26566,Ref 2,50.000,25032,14332341.0,63.236665,2349159.5,391.284495,IT=25;25 ,ii
26567,Ref 2,50.000,27220,15261806.0,63.240665,2488678.8,391.2843614,IT=25;25 ,ii
26568,Ref 2,50.000,24864,14240470.0,63.244838,2331107.0,391.2844487,IT=25;25 ,ii
26569,Ref 2,50.000,27156,14646374.0,63.249005,2415688.5,391.2844223,IT=25;25 ,ii
26570,Ref 2,50.000,26916,15219039.0,63.253173,2499298.8,391.2843362,IT=25;25 ,ii
26571,Ref 2,50.000,25752,14055176.0,63.25763,2276113.2,391.2844056,IT=25;25 ,ii
26572,Ref 2,48.072,24880,13426143.0,63.261765,2138911.8,391.2843972,IT=24;24 ,ii
26573,Ref 2,49.279,26012,14823628.0,63.265955,2391803.8,391.2843538,IT=25;25 ,ii
26574,Ref 2,50.000,25152,14582280.0,63.270136,2420854.2,391.2843832,IT=25;25 ,ii
26575,Ref 2,50.000,27592,14974515.0,63.274305,2441883.5,391.2844371,IT=25;25 ,ii
26576,Ref 2,50.000,26816,15388618.0,63.278471,2507074.5,391.2843656,IT=25;25 ,ii
26577,Ref 2,50.000,26472,14162043.0,63.282467,2301780.2,391.2844213,IT=25;25 ,ii
26578,Ref 2,50.000,26508,14795389.0,63.28664,2371328.5,391.2843815,IT=25;25 ,ii
26579,Ref 2,50.000,27360,15540321.0,63.290804,2516191.0,391.284308,IT=25;25 ,ii
26580,Ref 2,50.000,27128,14694544.0,63.294973,2411142.2,391.2844293,IT=25;25 ,ii
26581,Ref 2,50.000,29112,15693981.0,63.298973,2568798.0,391.2843701,IT=25;25 ,ii
26582,Ref 2,50.000,25204,14337143.0,63.30314,2353995.8,391.2845152,IT=25;25 ,ii
26583,Ref 2,50.000,26892,14944509.0,63.307313,2426209.5,391.2844828,IT=25;25 ,ii
26584,Ref 2,50.000,28192,13883183.0,63.311481,2173375.0,391.2844265,IT=25;25 ,ii
26585,Ref 2,50.000,26676,16043131.0,63.315475,2626259.8,391.2842806,IT=25;25 ,ii
26586,Ref 2,44.504,24728,15175112.0,63.319552,2510241.5,391.2844416,IT=22;22 ,ii
26587,Ref 2,50.000,29312,15872629.0,63.323819,2570016.8,391.2843807,IT=25;25 ,ii
26588,Ref 2,50.000,26316,15282501.0,63.328004,2513645.2,391.2843685,IT=25;25 ,ii
26589,Ref 2,50.000,26088,15083226.0,63.332169,2480808.2,391.2843229,IT=25;25 ,ii
26590,Ref 2,50.000,26372,14723308.0,63.336169,2424953.2,391.2843523,IT=25;25 ,ii
26591,Ref 2,42.310,21168,12336346.0,63.34021,1995160.0,391.2843627,IT=21;21 ,ii
26592,Ref 2,50.000,25816,16241099.0,63.344686,2722203.8,391.2840988,IT=25;25 ,ii
26593,Ref 2,50.000,26212,14319126.0,63.348862,2317235.2,391.2843605,IT=25;25 ,ii
26594,Ref 2,50.000,25484,13793650.0,63.352866,2219349.0,391.2843378,IT=25;25 ,ii
26595,Ref 2,50.000,26340,14200284.0,63.357043,2283816.0,391.2842762,IT=25;25 ,ii
26596,Ref 2,50.000,27892,15732333.0,63.361223,2505403.8,391.2843372,IT=25;25 ,ii
26597,Ref 2,50.000,26656,14369785.0,63.365402,2316497.8,391.2843321,IT=25;25 ,ii
26598,Ref 2,50.000,26220,16415366.0,63.369579,2695630.0,391.2843343,IT=25;25 ,ii
26599,Ref 2,44.711,25472,14642940.0,63.373668,2365661.5,391.2843804,IT=22;22 ,ii
26600,Ref 2,49.078,25396,14465683.0,63.377929,2362883.8,391.2844024,IT=25;25 ,ii
26601,Ref 2,50.000,28528,15985202.0,63.382131,2598094.2,391.2843618,IT=25;25 ,ii
26602,Ref 2,50.000,28400,14972029.0,63.386304,2453888.2,391.2843418,IT=25;25 ,ii
26603,Ref 2,50.000,28464,14958222.0,63.390473,2412705.2,391.2843661,IT=25;25 ,ii
26604,Ref 2,50.000,27488,15518536.0,63.39447,2503797.0,391.2843458,IT=25;25 ,ii
26605,Ref 2,50.000,27756,15069995.0,63.398639,2437137.2,391.2843091,IT=25;25 ,ii
26606,Ref 2,45.260,25780,16000208.0,63.402729,2620612.8,391.2843793,IT=23;23 ,ii
26607,Ref 2,50.000,25952,15507686.0,63.406985,2545419.0,391.2843618,IT=25;25 ,ii
26608,Ref 2,41.054,24924,14565080.0,63.410845,2331881.2,391.2843581,IT=21;21 ,ii
26609,Ref 2,50.000,27960,14216630.0,63.41517,2208179.8,391.2844227,IT=25;25 ,ii
26610,Ref 2,50.000,25852,14870898.0,63.419347,2443125.0,391.2843972,IT=25;25 ,ii
26611,Ref 2,50.000,28096,16141243.0,63.423524,2607646.5,391.2842828,IT=25;25 ,ii
26612,Ref 2,50.000,24940,13563513.0,63.427987,2154468.0,391.284307,IT=25;25 ,ii
26613,Ref 2,50.000,27448,15432496.0,63.432151,2496187.2,391.284276,IT=25;25 ,ii
26614,Ref 2,50.000,26448,14969688.0,63.436318,2393469.0,391.284342,IT=25;25 ,ii
26615,Ref 2,50.000,26992,15155586.0,63.440489,2448643.2,391.2843059,IT=25;25 ,ii
26616,Ref 2,50.000,24088,12870476.0,63.444658,2076049.0,391.2843617,IT=25;25 ,ii
26617,Ref 2,50.000,27780,15144267.0,63.448664,2417642.5,391.2843224,IT=25;25 ,ii
26618,Ref 2,47.624,25920,15327811.0,63.452797,2474444.0,391.2842951,IT=24;24 ,ii
26619,Ref 2,50.000,26364,15364251.0,63.456999,2527978.0,391.2842827,IT=25;25 ,ii
26620,Ref 2,50.000,27000,14852181.0,63.46117,2374903.0,391.2842757,IT=25;25 ,ii
26621,Ref 2,50.000,26600,12779084.0,63.465347,1986252.1,391.2843167,IT=25;25 ,ii
26622,Ref 2,50.000,27164,15784322.0,63.469345,2565346.0,391.2843364,IT=25;25 ,ii
26623,Ref 2,50.000,27524,15012480.0,63.473514,2422574.2,391.2842694,IT=25;25 ,ii
26624,Ref 2,50.000,27564,15353257.0,63.477682,2468557.2,391.2843344,IT=25;25 ,ii
26625,Ref 2,46.724,25104,15963543.0,63.481795,2612152.5,391.2841896,IT=23;23 ,ii
26626,Ref 2,50.000,25236,14159825.0,63.485849,2281759.5,391.2843276,IT=25;25 ,ii
26627,Ref 2,50.000,29328,14718826.0,63.490018,2349335.5,391.284116,IT=25;25 ,ii
26628,Ref 2,50.000,27984,16045809.0,63.494201,2612618.0,391.2842641,IT=25;25 ,ii
26629,Ref 2,50.000,25956,14537215.0,63.49837,2326484.2,391.2842779,IT=25;25 ,ii
26630,Ref 2,50.000,28000,15440433.0,63.502536,2494371.5,391.2842735,IT=25;25 ,ii
26631,Ref 2,50.000,28420,15510069.0,63.506536,2466132.5,391.2843166,IT=25;25 ,ii
26632,Ref 2,47.687,25948,15400636.0,63.510951,2486924.8,391.2843073,IT=24;24 ,ii
26633,Ref 2,50.000,28000,15587836.0,63.515161,2525263.5,391.2842497,IT=25;25 ,ii
26634,Ref 2,49.258,26796,15781684.0,63.51932,2594146.2,391.2842727,IT=25;25 ,ii
26635,Ref 2,50.000,28496,16160159.0,63.523338,2620882.0,391.284282,IT=25;25 ,ii
26636,Ref 2,43.693,24868,14891360.0,63.527401,2366679.2,391.2843632,IT=22;22 ,ii
26637,Ref 2,50.000,27324,15908557.0,63.531688,2602759.5,391.2842855,IT=25;25 ,ii
26638,Ref 2,50.000,28276,15818655.0,63.535865,2538020.5,391.2843583,IT=25;25 ,ii
26639,Ref 2,50.000,26900,14869509.0,63.540042,2359805.8,391.2843679,IT=25;25 ,ii
26640,Ref 2,33.038,22728,16799628.0,63.543769,2720032.2,391.2842542,IT=17;17 ,ii
26641,Ref 2,50.000,27804,17315054.0,63.548188,2824260.2,391.284258,IT=25;25 ,ii
26642,Ref 2,41.359,22424,13039285.0,63.552221,2057828.9,391.2843579,IT=21;21 ,ii
26643,Ref 2,50.000,28808,16918896.0,63.556548,2743118.0,391.2843243,IT=25;25 ,ii
26644,Ref 2,50.000,26260,14689454.0,63.560559,2285300.2,391.2844362,IT=25;25 ,ii
26645,Ref 2,50.000,27816,14817327.0,63.564736,2395120.5,391.2844146,IT=25;25 ,ii
26646,Ref 2,50.000,27040,17268370.0,63.568915,2808600.0,391.2843,IT=25;25 ,ii
26647,Ref 2,49.132,26740,16270475.0,63.573077,2659668.8,391.2842864,IT=25;25 ,ii
26648,Ref 2,50.000,27580,14282335.0,63.577273,2257189.0,391.2843187,IT=25;25 ,ii
26649,Ref 2,50.000,26564,15176495.0,63.581282,2454036.2,391.2842424,IT=25;25 ,ii
26650,Ref 2,50.000,27864,15119150.0,63.58545,2393406.5,391.2842327,IT=25;25 ,ii
26651,Ref 2,50.000,27692,15532894.0,63.589629,2498635.5,391.2842725,IT=25;25 ,ii
26652,Ref 2,45.905,25588,15662734.0,63.594023,2519033.8,391.284229,IT=23;23 ,ii
26653,Ref 2,50.000,29916,15640034.0,63.598277,2496259.0,391.28424,IT=25;25 ,ii
26654,Ref 2,50.000,29172,15461736.0,63.602279,2414215.8,391.2842354,IT=25;25 ,ii
26655,Ref 2,50.000,28808,14921058.0,63.606448,2369458.2,391.2841711,IT=25;25 ,ii
26656,Ref 2,50.000,29536,15303228.0,63.610621,2432776.8,391.2842714,IT=25;25 ,ii
26657,Ref 2,50.000,26412,14236292.0,63.614802,2291837.0,391.2842337,IT=25;25 ,ii
26658,Ref 2,50.000,26996,15232182.0,63.618806,2399709.2,391.2843188,IT=25;25 ,ii
26659,Ref 2,50.000,29216,14986982.0,63.622971,2427789.8,391.2843111,IT=25;25 ,ii
26660,Ref 2,50.000,28292,15494599.0,63.627144,2432596.2,391.2843119,IT=25;25 ,ii
26661,Ref 2,42.966,25016,16063679.0,63.63121,2613316.5,391.284283,IT=21;21 ,ii
26662,Ref 2,50.000,29212,16169769.0,63.635342,2582549.2,391.2843389,IT=25;25 ,ii
26663,Ref 2,50.000,28096,14695046.0,63.639523,2322022.5,391.2843129,IT=25;25 ,ii
26664,Ref 2,50.000,27696,14704480.0,63.643687,2331173.0,391.2842433,IT=25;25 ,ii
26665,Ref 2,50.000,28776,16285944.0,63.647856,2635946.2,391.2842514,IT=25;25 ,ii
26666,Ref 2,50.000,29656,15933497.0,63.652031,2534322.0,391.2842915,IT=25;25 ,ii
26667,Ref 2,50.000,29496,17702122.0,63.656035,2852911.8,391.2841509,IT=25;25 ,ii
26668,Ref 2,50.000,29360,16242076.0,63.660189,2606541.8,391.2842082,IT=25;25 ,ii
26669,Ref 2,45.881,28172,16702218.0,63.664289,2682645.5,391.2842369,IT=23;23 ,ii
26670,Ref 2,50.000,29056,16162379.0,63.668541,2540725.2,391.2842701,IT=25;25 ,ii
26671,Ref 2,50.000,27372,15283577.0,63.672552,2436715.2,391.2843282,IT=25;25 ,ii
26672,Ref 2,50.000,27612,15218510.0,63.67701,2476773.2,391.2843558,IT=25;25 ,ii
26673,Ref 2,50.000,28832,14645346.0,63.681189,2319285.8,391.2843536,IT=25;25 ,ii
26674,Ref 2,50.000,30200,16031176.0,63.685364,2530044.5,391.2842623,IT=25;25 ,ii
26675,Ref 2,50.000,27996,15843959.0,63.689523,2547136.5,391.2842219,IT=25;25 ,ii
26676,Ref 2,41.264,25900,16476336.0,63.693375,2646922.0,391.2842458,IT=21;21 ,ii
26677,Ref 2,49.981,30056,16217269.0,63.697702,2548686.0,391.284246,IT=25;25 ,ii
26678,Ref 2,49.109,28900,14683301.0,63.701864,2259398.2,391.2843115,IT=25;25 ,ii
26679,Ref 2,36.891,25020,15990005.0,63.705837,2537736.8,391.2841731,IT=18;18 ,ii
26680,Ref 2,50.000,26280,15764223.0,63.710233,2566079.8,391.2841509,IT=25;25 ,ii
26681,Ref 2,50.000,26728,15363213.0,63.714239,2435019.5,391.2842556,IT=25;25 ,ii
26682,Ref 2,50.000,28160,15426697.0,63.718408,2416343.2,391.2842968,IT=25;25 ,ii
26683,Ref 2,50.000,29456,16698186.0,63.722585,2663244.8,391.2842844,IT=25;25 ,ii
26684,Ref 2,43.438,26380,14646143.0,63.726652,2338713.0,391.2843232,IT=22;22 ,ii
26685,Ref 2,50.000,29424,16342404.0,63.73076,2589324.0,391.284281,IT=25;25 ,ii
26686,Ref 2,41.191,22620,14619028.0,63.734781,2374033.5,391.2843597,IT=21;21 ,ii
26687,Ref 2,50.000,28900,15723988.0,63.739112,2500313.5,391.2844464,IT=25;25 ,ii
26688,Ref 2,42.806,27568,16103729.0,63.743166,2543472.8,391.2844056,IT=21;21 ,ii
26689,Ref 2,50.000,29320,16397027.0,63.747295,2639376.0,391.2843227,IT=25;25 ,ii
26690,Ref 2,48.823,28088,14919902.0,63.751453,2283233.0,391.2844458,IT=24;24 ,ii
26691,Ref 2,37.901,26288,16524005.0,63.755453,2598627.8,391.2843189,IT=19;19 ,ii
26692,Ref 2,45.682,28028,16885152.0,63.759826,2706895.2,391.2843158,IT=23;23 ,ii
26693,Ref 2,50.000,28148,17195754.0,63.764089,2717507.8,391.2844084,IT=25;25 ,ii
26694,Ref 2,49.007,30144,17173948.0,63.768087,2737773.5,391.2843629,IT=25;25 ,ii
26695,Ref 2,49.612,28724,15870002.0,63.772268,2538657.0,391.2842909,IT=25;25 ,ii
26696,Ref 2,50.000,31508,15936359.0,63.776455,2493024.2,391.2842893,IT=25;25 ,ii
26697,Ref 2,50.000,29536,16690972.0,63.780634,2604958.8,391.2842179,IT=25;25 ,ii
26698,Ref 2,38.647,24424,16728428.0,63.784455,2742995.2,391.2841741,IT=19;19 ,ii
26699,Ref 2,46.717,27804,16045677.0,63.788762,2576362.8,391.2842751,IT=23;23 ,ii
26700,Ref 2,50.000,30824,16755690.0,63.793001,2658712.0,391.2842136,IT=25;25 ,ii
26701,Ref 2,50.000,27672,15960970.0,63.797183,2557113.5,391.2842882,IT=25;25 ,ii
26702,Ref 2,44.840,25452,15789616.0,63.801276,2466896.5,391.2843222,IT=22;22 ,ii
26703,Ref 2,39.499,23444,16356856.0,63.805188,2661727.8,391.2841669,IT=20;20 ,ii
26704,Ref 2,50.000,29644,17305168.0,63.809547,2737907.2,391.284185,IT=25;25 ,ii
26705,Ref 2,48.849,26912,16497427.0,63.813707,2624486.0,391.284264,IT=24;24 ,ii
26706,Ref 2,50.000,26028,15017118.0,63.817907,2386467.5,391.2842811,IT=25;25 ,ii
26707,Ref 2,50.000,29448,16978620.0,63.821915,2654695.8,391.2842112,IT=25;25 ,ii
26708,Ref 2,43.830,27104,17281848.0,63.825988,2713252.2,391.2841937,IT=22;22 ,ii
26709,Ref 2,40.323,26112,16427414.0,63.830115,2599176.5,391.2842601,IT=20;20 ,ii
26710,Ref 2,50.000,28984,15679969.0,63.834461,2447141.2,391.2842061,IT=25;25 ,ii
26711,Ref 2,47.180,31056,17132834.0,63.83859,2745877.8,391.2841836,IT=24;24 ,ii
26712,Ref 2,50.000,28320,14666713.0,63.843055,2320389.8,391.2843314,IT=25;25 ,ii
26713,Ref 2,48.171,29768,17276120.0,63.847203,2775435.5,391.2841828,IT=24;24 ,ii
26714,Ref 2,50.000,28592,16376579.0,63.851407,2665718.5,391.2842439,IT=25;25 ,ii
26715,Ref 2,50.000,29476,16619279.0,63.855578,2583429.8,391.2842546,IT=25;25 ,ii
26716,Ref 2,50.000,30948,17337974.0,63.859588,2769247.0,391.284217,IT=25;25 ,ii
26717,Ref 2,47.944,28800,16841104.0,63.863724,2687467.0,391.2841835,IT=24;24 ,ii
26718,Ref 2,44.265,30532,16985936.0,63.867832,2650477.8,391.2843052,IT=22;22 ,ii
26719,Ref 2,43.610,26952,15278963.0,63.871994,2403808.5,391.2842797,IT=22;22 ,ii
26720,Ref 2,50.000,29868,16565865.0,63.876273,2598086.2,391.2841993,IT=25;25 ,ii
26721,Ref 2,50.000,31136,16988990.0,63.880442,2652414.5,391.2843024,IT=25;25 ,ii
26722,Ref 2,50.000,29996,17050734.0,63.884609,2707903.2,391.2842419,IT=25;25 ,ii
26723,Ref 2,50.000,29016,16379047.0,63.888775,2540527.8,391.284213,IT=25;25 ,ii
26724,Ref 2,44.684,27564,16407598.0,63.892857,2562327.8,391.2843294,IT=22;22 ,ii
26725,Ref 2,37.355,24536,14286250.0,63.896736,2179305.0,391.2842963,IT=19;19 ,ii
26726,Ref 2,50.000,30516,16857360.0,63.900936,2632498.2,391.2842339,IT=25;25 ,ii
26727,Ref 2,50.000,30176,15408589.0,63.905105,2434049.0,391.2843876,IT=25;25 ,ii
26728,Ref 2,50.000,29368,16623127.0,63.909275,2593208.0,391.2842461,IT=25;25 ,ii
26729,Ref 2,40.478,26280,16551294.0,63.913284,2615458.5,391.2842289,IT=20;20 ,ii
26730,Ref 2,50.000,28800,16098062.0,63.917444,2509636.5,391.2843213,IT=25;25 ,ii
26731,Ref 2,50.000,28120,15749567.0,63.921617,2476259.5,391.2843509,IT=25;25 ,ii
26732,Ref 2,47.901,28996,17643858.0,63.926046,2769345.2,391.2842609,IT=24;24 ,ii
26733,Ref 2,47.085,29912,16636315.0,63.930206,2618256.5,391.2843145,IT=24;24 ,ii
26734,Ref 2,39.687,24000,15064128.0,63.9341,2468547.5,391.284286,IT=20;20 ,ii
26735,Ref 2,46.774,30704,16650871.0,63.938392,2576780.8,391.2842167,IT=23;23 ,ii
26736,Ref 2,50.000,30904,16319299.0,63.942631,2502255.0,391.2842446,IT=25;25 ,ii
26737,Ref 2,49.367,28472,15924167.0,63.946798,2486392.8,391.2842381,IT=25;25 ,ii
26738,Ref 2,50.000,30224,17133970.0,63.95099,2709423.2,391.2841316,IT=25;25 ,ii
26739,Ref 2,47.541,27256,15863469.0,63.954956,2462287.8,391.2843043,IT=24;24 ,ii
26740,Ref 2,50.000,28888,15650443.0,63.959171,2404425.2,391.2842564,IT=25;25 ,ii
26741,Ref 2,49.754,27576,16761040.0,63.963348,2650745.2,391.2841418,IT=25;25 ,ii
26742,Ref 2,50.000,29288,16675123.0,63.967523,2613746.0,391.2842081,IT=25;25 ,ii
26743,Ref 2,46.938,28788,16081773.0,63.971469,2535681.5,391.2841955,IT=23;23 ,ii
26744,Ref 2,44.351,28176,16805916.0,63.975612,2635804.0,391.2841992,IT=22;22 ,ii
26745,Ref 2,48.669,25852,13762811.0,63.979869,2128114.5,391.2843591,IT=24;24 ,ii
26746,Ref 2,45.747,28724,15016292.0,63.984006,2334454.2,391.2842429,IT=23;23 ,ii
26747,Ref 2,50.000,29144,16338371.0,63.988258,2559769.5,391.2842874,IT=25;25 ,ii
26748,Ref 2,47.374,29764,16493978.0,63.992223,2575597.2,391.2842874,IT=24;24 ,ii
26749,Ref 2,49.975,28492,15443407.0,63.996433,2419123.2,391.2842242,IT=25;25 ,ii
26750,Ref 2,46.669,27980,17087844.0,64.000558,2697751.5,391.2841261,IT=23;23 ,ii
26751,Ref 2,46.086,30316,16423782.0,64.00472,2505677.8,391.2842218,IT=23;23 ,ii
26752,Ref 2,50.000,29912,15981440.0,64.009189,2496240.5,391.2841971,IT=25;25 ,ii
26753,Ref 2,50.000,29164,15766994.0,64.01336,2461618.2,391.2841734,IT=25;25 ,ii
26754,Ref 2,50.000,29276,16275449.0,64.017531,2509432.2,391.2842438,IT=25;25 ,ii
26755,Ref 2,41.705,26368,14404605.0,64.021554,2242029.5,391.2842947,IT=21;21 ,ii
26756,Ref 2,50.000,31572,16862230.0,64.025868,2604399.0,391.2842163,IT=25;25 ,ii
26757,Ref 2,45.778,28252,16138396.0,64.029797,2460892.5,391.2843275,IT=23;23 ,ii
26758,Ref 2,50.000,30836,16695922.0,64.034056,2572591.0,391.2842801,IT=25;25 ,ii
26759,Ref 2,49.217,28052,16757011.0,64.038212,2667319.5,391.2842659,IT=25;25 ,ii
26760,Ref 2,45.463,29460,17929404.0,64.042312,2784873.0,391.2843309,IT=23;23 ,ii
26761,Ref 2,39.141,24576,15552116.0,64.046378,2449286.2,391.2843029,IT=20;20 ,ii
26762,Ref 2,49.163,29644,15652499.0,64.050539,2418986.2,391.2842834,IT=25;25 ,ii
26763,Ref 2,50.000,28888,16650694.0,64.05472,2600109.5,391.284297,IT=25;25 ,ii
26764,Ref 2,40.756,25868,14876265.0,64.058733,2328942.5,391.2843811,IT=20;20 ,ii
26765,Ref 2,49.329,28852,16572918.0,64.063051,2577643.2,391.2843447,IT=25;25 ,ii
26766,Ref 2,48.336,30096,17128174.0,64.067043,2678356.2,391.2843973,IT=24;24 ,ii
26767,Ref 2,39.532,27680,16926352.0,64.071066,2646714.5,391.2842496,IT=20;20 ,ii
26768,Ref 2,50.000,31328,17750106.0,64.07541,2714944.8,391.2842644,IT=25;25 ,ii
26769,Ref 2,49.566,30544,16305004.0,64.079589,2486987.8,391.284337,IT=25;25 ,ii
26770,Ref 2,48.655,29868,15806597.0,64.083582,2426630.0,391.2842958,IT=24;24 ,ii
26771,Ref 2,42.174,27792,17240308.0,64.087645,2718160.8,391.2843056,IT=21;21 ,ii
26772,Ref 2,50.000,29284,16291168.0,64.092109,2467960.2,391.2842982,IT=25;25 ,ii
26773,Ref 2,50.000,31704,17787418.0,64.096287,2830776.2,391.2842392,IT=25;25 ,ii
26774,Ref 2,50.000,31440,16898436.0,64.100455,2676604.2,391.2841535,IT=25;25 ,ii
26775,Ref 2,46.280,28304,17087246.0,64.104391,2677014.0,391.2842487,IT=23;23 ,ii
26776,Ref 2,42.149,26104,15632567.0,64.108503,2441083.0,391.2841909,IT=21;21 ,ii
26777,Ref 2,50.000,32872,17403562.0,64.112816,2706774.0,391.2841418,IT=25;25 ,ii
26778,Ref 2,50.000,28984,15976856.0,64.116993,2463279.8,391.284239,IT=25;25 ,ii
26779,Ref 2,50.000,30500,15741636.0,64.12117,2496813.5,391.2841815,IT=25;25 ,ii
26780,Ref 2,50.000,27708,15703839.0,64.12518,2476047.8,391.2842704,IT=25;25 ,ii
26781,Ref 2,44.583,25796,15851661.0,64.129255,2506780.8,391.2842553,IT=22;22 ,ii
26782,Ref 2,50.000,29644,15772206.0,64.13353,2444293.2,391.2843123,IT=25;25 ,ii
26783,Ref 2,42.803,28808,17174784.0,64.13759,2673279.0,391.2842192,IT=21;21 ,ii
26784,Ref 2,50.000,28208,16930510.0,64.14172,2674810.5,391.2843158,IT=25;25 ,ii
26785,Ref 2,45.264,28536,16956840.0,64.145817,2623505.5,391.2843541,IT=23;23 ,ii
26786,Ref 2,39.329,26532,16647395.0,64.149905,2602795.8,391.2842922,IT=20;20 ,ii
26787,Ref 2,50.000,30160,17111800.0,64.154272,2696982.5,391.2842575,IT=25;25 ,ii
26788,Ref 2,50.000,30368,16687637.0,64.158288,2599844.0,391.2843151,IT=25;25 ,ii
26789,Ref 2,40.675,29076,17155010.0,64.162315,2608981.2,391.2842098,IT=20;20 ,ii
26790,Ref 2,41.853,28340,17502418.0,64.166515,2706578.8,391.2842516,IT=21;21 ,ii
26791,Ref 2,50.000,30068,16246065.0,64.170838,2503697.0,391.2843371,IT=25;25 ,ii
26792,Ref 2,50.000,29348,16190336.0,64.175292,2470238.0,391.284249,IT=25;25 ,ii
26793,Ref 2,46.641,29708,16688385.0,64.179417,2567009.5,391.2842003,IT=23;23 ,ii
26794,Ref 2,47.247,29212,16011852.0,64.183601,2495134.5,391.2840698,IT=24;24 ,ii
26795,Ref 2,50.000,28540,16679761.0,64.187819,2614906.2,391.2841188,IT=25;25 ,ii
26796,Ref 2,50.000,29644,17213932.0,64.191986,2705444.2,391.2841211,IT=25;25 ,ii
26797,Ref 2,47.105,30168,17802044.0,64.196105,2768024.0,391.2842747,IT=24;24 ,ii
26798,Ref 2,50.000,26196,12090112.0,64.20015,1929480.6,391.2844913,IT=25;25 ,ii
26799,Ref 2,50.000,27532,13409534.0,64.204317,2148168.0,391.2843684,IT=25;25 ,ii
26800,Ref 2,50.000,25884,11117067.0,64.208486,1733690.0,391.2845211,IT=25;25 ,ii
26801,Ref 2,50.000,27020,11947694.0,64.212652,1893905.5,391.284486,IT=25;25 ,ii
26802,Ref 2,50.000,27996,13509014.0,64.21665,2156810.0,391.2844297,IT=25;25 ,ii
26803,Ref 2,50.000,27376,13032789.0,64.220819,2041120.5,391.2844698,IT=25;25 ,ii
26804,Ref 2,50.000,28420,12083456.0,64.224988,1879222.9,391.2844793,IT=25;25 ,ii
26805,Ref 2,50.000,28812,13404673.0,64.229154,2148805.8,391.2844272,IT=25;25 ,ii
26806,Ref 2,50.000,27516,11481366.0,64.233321,1812654.2,391.2844008,IT=25;25 ,ii
26807,Ref 2,50.000,28060,12650833.0,64.237319,2009584.5,391.2842814,IT=25;25 ,ii
26808,Ref 2,50.000,25956,12934796.0,64.24149,2111990.8,391.284366,IT=25;25 ,ii
26809,Ref 2,50.000,27672,11433127.0,64.245661,1751966.6,391.2844609,IT=25;25 ,ii
26810,Ref 2,50.000,26936,11624446.0,64.249829,1798901.8,391.2844661,IT=25;25 ,ii
26811,Ref 2,50.000,27360,12891382.0,64.253834,2050822.9,391.2843281,IT=25;25 ,ii
26812,Ref 2,50.000,27760,11991172.0,64.258313,1886239.2,391.2844191,IT=25;25 ,ii
26813,Ref 2,50.000,27636,12720733.0,64.262483,1989757.6,391.284407,IT=25;25 ,ii
26814,Ref 2,44.724,24936,13247433.0,64.266565,2151161.2,391.2843244,IT=22;22 ,ii
26815,Ref 2,50.000,28912,12070217.0,64.270833,1910112.8,391.2844535,IT=25;25 ,ii
26816,Ref 2,50.000,26548,12032130.0,64.274846,1915031.8,391.2843756,IT=25;25 ,ii
26817,Ref 2,50.000,27960,12047532.0,64.279017,1922466.8,391.2843792,IT=25;25 ,ii
26818,Ref 2,50.000,27000,12292598.0,64.283198,1907699.2,391.2844043,IT=25;25 ,ii
26819,Ref 2,50.000,25064,10656381.0,64.287379,1685684.9,391.2845277,IT=25;25 ,ii
26820,Ref 2,50.000,28308,12807319.0,64.291391,2045661.0,391.2844062,IT=25;25 ,ii
26821,Ref 2,50.000,26744,12122979.0,64.295577,1890716.8,391.284367,IT=25;25 ,ii
26822,Ref 2,50.000,26068,11839601.0,64.299748,1851382.2,391.2843961,IT=25;25 ,ii
26823,Ref 2,50.000,25208,12176109.0,64.303927,1980973.4,391.284387,IT=25;25 ,ii
26824,Ref 2,50.000,27036,12168321.0,64.308114,1839823.9,391.284418,IT=25;25 ,ii
26825,Ref 2,50.000,26308,11362924.0,64.312116,1746014.2,391.2844358,IT=25;25 ,ii
26826,Ref 2,50.000,26496,12826402.0,64.316286,2050029.9,391.2844214,IT=25;25 ,ii
26827,Ref 2,50.000,28476,13048953.0,64.320462,2077716.9,391.2844008,IT=25;25 ,ii
26828,Ref 2,50.000,29608,12467115.0,64.324641,1947319.2,391.2844822,IT=25;25 ,ii
26829,Ref 2,50.000,29236,13095400.0,64.328639,2086028.9,391.2844031,IT=25;25 ,ii
26830,Ref 2,50.000,27220,11121211.0,64.332806,1704473.6,391.2844398,IT=25;25 ,ii
26831,Ref 2,50.000,26308,11495804.0,64.336985,1842711.6,391.2845699,IT=25;25 ,ii
26832,Ref 2,50.000,27824,13234188.0,64.341452,2136271.2,391.2844842,IT=25;25 ,ii
26833,Ref 2,50.000,29384,12903736.0,64.345612,2041333.4,391.2844362,IT=25;25 ,ii
26834,Ref 2,50.000,26592,12118559.0,64.349616,1875030.8,391.2844441,IT=25;25 ,ii
26835,Ref 2,50.000,24980,12065256.0,64.353785,1940356.0,391.2844945,IT=25;25 ,ii
26836,Ref 2,50.000,27952,12034677.0,64.357954,1882287.2,391.2844625,IT=25;25 ,ii
26837,Ref 2,50.000,27060,12912214.0,64.362122,2052038.6,391.2845418,IT=25;25 ,ii
26838,Ref 2,49.888,27740,12328434.0,64.366122,1977083.5,391.2844921,IT=25;25 ,ii
26839,Ref 2,50.000,27208,13125683.0,64.370308,2069978.1,391.2844232,IT=25;25 ,ii
26840,Ref 2,50.000,25972,11377457.0,64.374485,1742963.2,391.2844645,IT=25;25 ,ii
26841,Ref 2,50.000,27192,11939050.0,64.378662,1892167.8,391.2844295,IT=25;25 ,ii
26842,Ref 2,50.000,27016,11942095.0,64.382839,1895569.0,391.2844509,IT=25;25 ,ii
26843,Ref 2,50.000,26960,11018295.0,64.386847,1712738.1,391.2844187,IT=25;25 ,ii
26844,Ref 2,50.000,27912,12658781.0,64.391012,2002382.1,391.2843847,IT=25;25 ,ii
26845,Ref 2,50.000,25784,12401341.0,64.395191,1948117.5,391.2843063,IT=25;25 ,ii
26846,Ref 2,50.000,26160,11126347.0,64.399368,1737293.4,391.2844583,IT=25;25 ,ii
26847,Ref 2,50.000,25704,11722391.0,64.403376,1888050.6,391.2843807,IT=25;25 ,ii
26848,Ref 2,50.000,29748,13621602.0,64.407553,2130224.0,391.2843405,IT=25;25 ,ii
26849,Ref 2,50.000,26664,11946563.0,64.411733,1869840.5,391.2844797,IT=25;25 ,ii
26850,Ref 2,50.000,27164,12227624.0,64.415909,1936701.5,391.2844779,IT=25;25 ,ii
26851,Ref 2,50.000,26156,12724613.0,64.420086,2034217.9,391.2844971,IT=25;25 ,ii
26852,Ref 2,50.000,26996,12351398.0,64.424555,1911212.6,391.2844821,IT=25;25 ,ii
26853,Ref 2,50.000,26108,12395170.0,64.428722,1968656.9,391.2844354,IT=25;25 ,ii
26854,Ref 2,50.000,27780,13109061.0,64.432891,2088608.5,391.2844274,IT=25;25 ,ii
26855,Ref 2,50.000,27408,11974342.0,64.437057,1830515.5,391.2845216,IT=25;25 ,ii
26856,Ref 2,50.000,25648,11947118.0,64.441226,1909303.8,391.2845549,IT=25;25 ,ii
26857,Ref 2,50.000,28272,13037825.0,64.445224,2089839.8,391.2844289,IT=25;25 ,ii
26858,Ref 2,50.000,26380,11518792.0,64.449393,1791084.0,391.2844076,IT=25;25 ,ii
26859,Ref 2,43.990,26908,13052774.0,64.453461,2109236.5,391.2843238,IT=22;22 ,ii
26860,Ref 2,50.000,28632,13760233.0,64.457738,2214339.8,391.2843287,IT=25;25 ,ii
26861,Ref 2,50.000,25612,10961597.0,64.461905,1702618.0,391.2844475,IT=25;25 ,ii
26862,Ref 2,50.000,25876,13019130.0,64.466074,2062513.5,391.2844364,IT=25;25 ,ii
26863,Ref 2,50.000,25680,12638093.0,64.470244,2005152.1,391.284358,IT=25;25 ,ii
26864,Ref 2,50.000,27020,11940678.0,64.474409,1834572.6,391.2843204,IT=25;25 ,ii
26865,Ref 2,50.000,26480,12472005.0,64.478576,1995303.9,391.2842699,IT=25;25 ,ii
26866,Ref 2,50.000,27192,12396793.0,64.482576,1981661.4,391.2843033,IT=25;25 ,ii
26867,Ref 2,50.000,26164,12159790.0,64.486748,1886482.5,391.2844216,IT=25;25 ,ii
26868,Ref 2,50.000,28400,11994441.0,64.490919,1822572.4,391.284328,IT=25;25 ,ii
26869,Ref 2,50.000,27584,13312372.0,64.495086,2136512.5,391.2843182,IT=25;25 ,ii
26870,Ref 2,50.000,24616,11455217.0,64.499084,1803150.1,391.284361,IT=25;25 ,ii
26871,Ref 2,50.000,27004,12069983.0,64.503253,1907132.1,391.2843786,IT=25;25 ,ii
26872,Ref 2,50.000,28904,13307552.0,64.507719,2076401.9,391.2843488,IT=25;25 ,ii
26873,Ref 2,50.000,26068,11797543.0,64.511888,1865070.1,391.2842878,IT=25;25 ,ii
26874,Ref 2,50.000,26912,13160109.0,64.516057,2085460.9,391.284194,IT=25;25 ,ii
26875,Ref 2,50.000,26524,12698903.0,64.520057,2002454.9,391.284244,IT=25;25 ,ii
26876,Ref 2,50.000,24736,10615368.0,64.524225,1640577.5,391.2843344,IT=25;25 ,ii
26877,Ref 2,50.000,24920,11967771.0,64.528392,1918636.0,391.2842724,IT=25;25 ,ii
26878,Ref 2,50.000,27348,13026230.0,64.532559,2063263.4,391.2841753,IT=25;25 ,ii
26879,Ref 2,50.000,23856,11803045.0,64.536559,1850181.6,391.2843307,IT=25;25 ,ii
26880,Ref 2,48.398,26760,12270281.0,64.540702,1889447.4,391.2842262,IT=24;24 ,ii
26881,Ref 2,50.000,29700,12662411.0,64.544898,1962322.4,391.2842722,IT=25;25 ,ii
26882,Ref 2,44.335,25068,12411889.0,64.548971,1963337.9,391.2842105,IT=22;22 ,ii
26883,Ref 2,50.000,25780,11114005.0,64.553246,1743871.8,391.2843915,IT=25;25 ,ii
26884,Ref 2,50.000,28428,13979223.0,64.557258,2223593.0,391.2842091,IT=25;25 ,ii
26885,Ref 2,50.000,26604,11699082.0,64.561429,1796371.4,391.2843787,IT=25;25 ,ii
26886,Ref 2,50.000,28940,11862278.0,64.565608,1776022.2,391.2843188,IT=25;25 ,ii
26887,Ref 2,50.000,27592,12762108.0,64.569788,2002429.4,391.2842351,IT=25;25 ,ii
26888,Ref 2,50.000,27124,11989594.0,64.573798,1806243.5,391.2843213,IT=25;25 ,ii
26889,Ref 2,50.000,26072,12284192.0,64.577977,1901326.9,391.2843525,IT=25;25 ,ii
26890,Ref 2,50.000,28248,11556416.0,64.582154,1785817.9,391.2842585,IT=25;25 ,ii
26891,Ref 2,39.736,22560,12525963.0,64.586167,1985161.2,391.2843796,IT=20;20 ,ii
26892,Ref 2,50.000,24880,11299167.0,64.590621,1759583.1,391.2843012,IT=25;25 ,ii
26893,Ref 2,50.000,25752,12671070.0,64.594812,2025145.5,391.2843066,IT=25;25 ,ii
26894,Ref 2,50.000,27724,12735356.0,64.598975,1972483.1,391.2842226,IT=25;25 ,ii
26895,Ref 2,49.863,26232,11596667.0,64.603139,1840059.2,391.284301,IT=25;25 ,ii
26896,Ref 2,50.000,25244,12339493.0,64.607323,1953615.2,391.2843287,IT=25;25 ,ii
26897,Ref 2,50.000,30412,14112019.0,64.611331,2217474.0,391.2842111,IT=25;25 ,ii
26898,Ref 2,50.000,27132,10865168.0,64.61551,1668172.6,391.2842891,IT=25;25 ,ii
26899,Ref 2,50.000,26136,11099715.0,64.619687,1723007.2,391.2843366,IT=25;25 ,ii
26900,Ref 2,50.000,26836,13312099.0,64.623864,2089046.1,391.2842867,IT=25;25 ,ii
26901,Ref 2,50.000,26492,11808657.0,64.628041,1843132.0,391.2842882,IT=25;25 ,ii
26902,Ref 2,50.000,27640,12845132.0,64.632039,2061975.2,391.2842158,IT=25;25 ,ii
26903,Ref 2,45.977,23676,12943393.0,64.636146,2097890.5,391.2843076,IT=23;23 ,ii
26904,Ref 2,50.000,25716,13380371.0,64.640385,2068310.1,391.2842466,IT=25;25 ,ii
26905,Ref 2,50.000,25876,13605076.0,64.64456,2210521.5,391.2842207,IT=25;25 ,ii
26906,Ref 2,48.035,26408,12490168.0,64.648525,1951049.2,391.2843244,IT=24;24 ,ii
26907,Ref 2,50.000,24284,10629307.0,64.652729,1634349.4,391.2844015,IT=25;25 ,ii
26908,Ref 2,50.000,26028,12103835.0,64.656906,1911799.8,391.284393,IT=25;25 ,ii
26909,Ref 2,48.393,26020,12617727.0,64.661045,1963091.1,391.2843149,IT=24;24 ,ii
26910,Ref 2,50.000,26404,10725618.0,64.665241,1656533.1,391.2844052,IT=25;25 ,ii
26911,Ref 2,50.000,28544,13288826.0,64.669249,2114747.0,391.2842829,IT=25;25 ,ii
26912,Ref 2,50.000,26492,13267528.0,64.673418,2121133.5,391.2842745,IT=25;25 ,ii
26913,Ref 2,49.420,24840,11653728.0,64.677881,1752787.8,391.2842537,IT=25;25 ,ii
26914,Ref 2,50.000,28392,13055204.0,64.68207,1989573.6,391.2842558,IT=25;25 ,ii
26915,Ref 2,49.805,27988,12715533.0,64.686066,1984296.6,391.2843201,IT=25;25 ,ii
26916,Ref 2,50.000,27020,11865466.0,64.690239,1791031.4,391.2843498,IT=25;25 ,ii
26917,Ref 2,50.000,26948,11821874.0,64.694418,1870091.1,391.284401,IT=25;25 ,ii
26918,Ref 2,49.181,26388,12688139.0,64.69858,2019736.1,391.2843212,IT=25;25 ,ii
26919,Ref 2,50.000,28024,12663822.0,64.702778,1992254.2,391.2842958,IT=25;25 ,ii
26920,Ref 2,43.995,25248,12824329.0,64.706855,2055654.1,391.2843006,IT=22;22 ,ii
26921,Ref 2,47.282,25632,13241694.0,64.711085,2137847.5,391.2842165,IT=24;24 ,ii
26922,Ref 2,50.000,26796,11666222.0,64.715301,1775988.5,391.2842807,IT=25;25 ,ii
26923,Ref 2,50.000,27096,11429638.0,64.719474,1774652.5,391.2842536,IT=25;25 ,ii
26924,Ref 2,49.312,26304,12960192.0,64.723461,2062242.6,391.2841732,IT=25;25 ,ii
26925,Ref 2,50.000,26676,11110903.0,64.727643,1735900.5,391.2843611,IT=25;25 ,ii
26926,Ref 2,39.147,24592,13063718.0,64.731626,2090502.5,391.2842566,IT=20;20 ,ii
26927,Ref 2,50.000,28480,13526981.0,64.735974,2138425.8,391.2840789,IT=25;25 ,ii
26928,Ref 2,50.000,25948,11484556.0,64.740163,1769575.1,391.2842361,IT=25;25 ,ii
26929,Ref 2,50.000,26040,11866434.0,64.744166,1868972.6,391.2842934,IT=25;25 ,ii
26930,Ref 2,48.091,26700,13722990.0,64.748291,2195585.8,391.284206,IT=24;24 ,ii
26931,Ref 2,50.000,26436,11039855.0,64.752497,1688821.5,391.284365,IT=25;25 ,ii
26932,Ref 2,46.968,27136,12358243.0,64.756613,1933616.0,391.2842643,IT=23;23 ,ii
26933,Ref 2,50.000,29732,13702497.0,64.761078,2149016.2,391.2841998,IT=25;25 ,ii
26934,Ref 2,50.000,27976,12693136.0,64.765245,1937546.5,391.2842831,IT=25;25 ,ii
26935,Ref 2,50.000,25432,12066944.0,64.769413,1905047.4,391.2843019,IT=25;25 ,ii
26936,Ref 2,50.000,26984,12898688.0,64.773582,2018028.5,391.2843114,IT=25;25 ,ii
26937,Ref 2,47.701,28904,13157135.0,64.777711,2012833.6,391.2842306,IT=24;24 ,ii
26938,Ref 2,50.000,26452,12193123.0,64.781751,1884758.1,391.2842466,IT=25;25 ,ii
26939,Ref 2,50.000,27360,12765815.0,64.785917,1999600.8,391.2842113,IT=25;25 ,ii
26940,Ref 2,44.825,26272,12220118.0,64.789999,1946193.0,391.2843365,IT=22;22 ,ii
26941,Ref 2,50.000,26632,11304580.0,64.794263,1751015.8,391.2843528,IT=25;25 ,ii
26942,Ref 2,50.000,27120,12101864.0,64.798261,1884113.6,391.2843491,IT=25;25 ,ii
26943,Ref 2,50.000,30264,12374450.0,64.802428,1895198.5,391.2843292,IT=25;25 ,ii
26944,Ref 2,50.000,26552,11813283.0,64.806594,1825658.9,391.2843505,IT=25;25 ,ii
26945,Ref 2,50.000,27156,12308272.0,64.810763,1942272.9,391.284089,IT=25;25 ,ii
26946,Ref 2,47.165,24724,11859648.0,64.814892,1834710.1,391.2842501,IT=24;24 ,ii
26947,Ref 2,50.000,27048,12148664.0,64.81895,1881462.0,391.2843286,IT=25;25 ,ii
26948,Ref 2,38.946,23600,12328705.0,64.82293,1940886.1,391.2842076,IT=19;19 ,ii
26949,Ref 2,50.000,25660,12306444.0,64.827286,1902600.9,391.2842587,IT=25;25 ,ii
26950,Ref 2,50.000,27448,12594100.0,64.831459,1956665.2,391.284244,IT=25;25 ,ii
26951,Ref 2,47.859,25252,13227038.0,64.83543,2093510.5,391.2842075,IT=24;24 ,ii
26952,Ref 2,44.139,24936,12605493.0,64.839534,1994841.9,391.2841801,IT=22;22 ,ii
26953,Ref 2,49.057,26076,11887600.0,64.843979,1910320.5,391.2842222,IT=25;25 ,ii
26954,Ref 2,50.000,27716,12983725.0,64.848181,2081329.8,391.28422,IT=25;25 ,ii
26955,Ref 2,40.955,25344,13139010.0,64.852192,2105234.2,391.2842334,IT=20;20 ,ii
26956,Ref 2,50.000,24044,11017502.0,64.856348,1709634.4,391.284377,IT=25;25 ,ii
26957,Ref 2,49.706,28876,14113329.0,64.860519,2233432.8,391.2842652,IT=25;25 ,ii
26958,Ref 2,46.181,25584,12758544.0,64.864642,1961850.4,391.2842737,IT=23;23 ,ii
26959,Ref 2,50.000,26316,11246370.0,64.868892,1739937.6,391.284308,IT=25;25 ,ii
26960,Ref 2,40.166,23644,13783434.0,64.873086,2233251.0,391.284162,IT=20;20 ,ii
26961,Ref 2,50.000,27080,11709725.0,64.877438,1792383.4,391.2843049,IT=25;25 ,ii
26962,Ref 2,50.000,26052,13050512.0,64.88161,2084038.5,391.2842726,IT=25;25 ,ii
26963,Ref 2,44.167,27420,12838045.0,64.885679,2047372.1,391.2841798,IT=22;22 ,ii
26964,Ref 2,50.000,28632,12883844.0,64.889952,1970839.6,391.2841083,IT=25;25 ,ii
26965,Ref 2,50.000,26412,11363309.0,64.89395,1764323.9,391.2841402,IT=25;25 ,ii
26966,Ref 2,50.000,28700,13061113.0,64.898117,2022868.2,391.2841364,IT=25;25 ,ii
26967,Ref 2,50.000,27880,13336857.0,64.902285,2087954.0,391.2841021,IT=25;25 ,ii
26968,Ref 2,50.000,26432,11991202.0,64.906454,1805544.6,391.2840548,IT=25;25 ,ii
26969,Ref 2,50.000,28304,13258968.0,64.910621,2070391.1,391.2841071,IT=25;25 ,ii
26970,Ref 2,43.325,25680,13118908.0,64.91451,2093937.4,391.2841968,IT=22;22 ,ii
26971,Ref 2,50.000,27836,11631277.0,64.918802,1762735.6,391.2841982,IT=25;25 ,ii
26972,Ref 2,50.000,27012,13116650.0,64.922971,2053816.8,391.2842267,IT=25;25 ,ii
26973,Ref 2,48.572,26660,13168356.0,64.927404,2079252.1,391.2841772,IT=24;24 ,ii
26974,Ref 2,50.000,28004,11609935.0,64.9316,1750584.1,391.284152,IT=25;25 ,ii
26975,Ref 2,50.000,27764,12930154.0,64.935768,2057512.5,391.2840766,IT=25;25 ,ii
26976,Ref 2,50.000,25488,12640567.0,64.939935,1993672.4,391.2840843,IT=25;25 ,ii
26977,Ref 2,43.640,25968,12197520.0,64.944,1858159.8,391.2841737,IT=22;22 ,ii
26978,Ref 2,44.431,26172,13977469.0,64.948185,2227618.8,391.2841271,IT=22;22 ,ii
26979,Ref 2,38.923,25144,14293338.0,64.952091,2269571.8,391.2840851,IT=19;19 ,ii
26980,Ref 2,50.000,28976,12255235.0,64.956443,1817492.1,391.2841672,IT=25;25 ,ii
26981,Ref 2,50.000,28208,12829029.0,64.96061,2031993.9,391.2840474,IT=25;25 ,ii
26982,Ref 2,46.955,27364,14019815.0,64.964729,2200721.0,391.2840519,IT=23;23 ,ii
26983,Ref 2,48.735,26120,11892098.0,64.968758,1845248.0,391.2841788,IT=24;24 ,ii
26984,Ref 2,40.220,22896,12095543.0,64.972781,1911729.9,391.284115,IT=20;20 ,ii
26985,Ref 2,50.000,26804,13290529.0,64.97712,2079569.6,391.2841425,IT=25;25 ,ii
26986,Ref 2,50.000,27144,12353485.0,64.981301,1889575.9,391.2841911,IT=25;25 ,ii
26987,Ref 2,50.000,26304,12553446.0,64.98547,2022807.9,391.2841609,IT=25;25 ,ii
26988,Ref 2,50.000,30704,14846403.0,64.989472,2325655.8,391.2840925,IT=25;25 ,ii
26989,Ref 2,48.736,26896,12345861.0,64.993618,1876692.5,391.2841021,IT=24;24 ,ii
26990,Ref 2,50.000,26124,11891685.0,64.99781,1843946.1,391.284138,IT=25;25 ,ii
26991,Ref 2,50.000,26636,12210271.0,65.001976,1893017.9,391.2842614,IT=25;25 ,ii
26992,Ref 2,50.000,29432,12719490.0,65.005976,1991190.4,391.2843002,IT=25;25 ,ii
26993,Ref 2,50.000,28548,12565867.0,65.010435,1942846.4,391.2842853,IT=25;25 ,ii
26994,Ref 2,50.000,26036,13059944.0,65.014601,2051801.6,391.2841779,IT=25;25 ,ii
26995,Ref 2,50.000,25804,11223028.0,65.01877,1729629.0,391.2842998,IT=25;25 ,ii
26996,Ref 2,50.000,28304,12311623.0,65.022939,1884747.9,391.2842595,IT=25;25 ,ii
26997,Ref 2,49.661,28964,13804843.0,65.026934,2212202.0,391.284255,IT=25;25 ,ii
26998,Ref 2,50.000,25320,11829068.0,65.031109,1839662.9,391.2843041,IT=25;25 ,ii
26999,Ref 2,50.000,28284,13458507.0,65.035289,2143748.8,391.284153,IT=25;25 ,ii
27000,Ref 2,50.000,27632,13210904.0,65.039468,2046763.1,391.2842124,IT=25;25 ,ii
27001,Ref 2,45.267,25548,12324445.0,65.043566,1914486.8,391.2842216,IT=23;23 ,ii
27002,Ref 2,50.000,26356,12460110.0,65.04783,1954993.4,391.2841835,IT=25;25 ,ii
27003,Ref 2,50.000,29000,13811601.0,65.051999,2187477.8,391.2841418,IT=25;25 ,ii
27004,Ref 2,49.827,28448,12147214.0,65.056163,1845143.6,391.2841862,IT=25;25 ,ii
27005,Ref 2,50.000,30692,13561910.0,65.060334,2090459.2,391.284197,IT=25;25 ,ii
27006,Ref 2,50.000,27204,13236329.0,65.064336,2091285.5,391.2841111,IT=25;25 ,ii
27007,Ref 2,50.000,25572,12455965.0,65.068499,1958374.0,391.2842804,IT=25;25 ,ii
27008,Ref 2,50.000,25688,11033948.0,65.072668,1710111.0,391.2843657,IT=25;25 ,ii
27009,Ref 2,50.000,28464,13064583.0,65.076843,2060840.1,391.2842093,IT=25;25 ,ii
27010,Ref 2,50.000,26176,12453265.0,65.080849,1901839.0,391.2843122,IT=25;25 ,ii
27011,Ref 2,50.000,29656,12078301.0,65.085017,1852630.4,391.284278,IT=25;25 ,ii
27012,Ref 2,45.814,26416,13887927.0,65.089115,2238803.0,391.2842399,IT=23;23 ,ii
27013,Ref 2,50.000,28428,13139310.0,65.09358,1987671.9,391.2843386,IT=25;25 ,ii
27014,Ref 2,50.000,25084,11188342.0,65.097749,1720839.2,391.2842976,IT=25;25 ,ii
27015,Ref 2,44.891,25616,13384239.0,65.10166100000001,2094680.8,391.2841071,IT=22;22 ,ii
27016,Ref 2,48.366,28008,13033063.0,65.105894,1980882.6,391.2843161,IT=24;24 ,ii
27017,Ref 2,50.000,25044,11372423.0,65.110101,1767443.1,391.2843726,IT=25;25 ,ii
27018,Ref 2,49.840,27580,13763452.0,65.114278,2161732.8,391.2843095,IT=25;25 ,ii
27019,Ref 2,49.414,29848,14205769.0,65.118269,2147009.8,391.2841929,IT=25;25 ,ii
27020,Ref 2,49.161,25104,12434544.0,65.122436,1966017.8,391.2842596,IT=25;25 ,ii
27021,Ref 2,50.000,27812,13755565.0,65.126619,2187369.2,391.2842242,IT=25;25 ,ii
27022,Ref 2,50.000,28628,12601703.0,65.130788,1953275.1,391.284353,IT=25;25 ,ii
27023,Ref 2,50.000,26284,12090028.0,65.134955,1847286.5,391.2843986,IT=25;25 ,ii
27024,Ref 2,35.833,22000,12760664.0,65.138717,2048020.9,391.2843405,IT=18;18 ,ii
27025,Ref 2,38.920,22884,13338712.0,65.142919,2088074.6,391.2843036,IT=19;19 ,ii
27026,Ref 2,50.000,26728,12074671.0,65.147277,1824489.1,391.2843494,IT=25;25 ,ii
27027,Ref 2,50.000,26452,12920494.0,65.151454,2054479.8,391.28417,IT=25;25 ,ii
27028,Ref 2,50.000,27068,13290899.0,65.155463,2056375.4,391.2842674,IT=25;25 ,ii
27029,Ref 2,45.800,24740,11974566.0,65.159569,1842742.6,391.2842983,IT=23;23 ,ii
27030,Ref 2,50.000,26752,13221275.0,65.163823,2062796.4,391.2842253,IT=25;25 ,ii
27031,Ref 2,39.296,25380,13520790.0,65.167821,2132909.0,391.2842375,IT=20;20 ,ii
27032,Ref 2,50.000,27832,12203379.0,65.172184,1857451.9,391.2842921,IT=25;25 ,ii
27033,Ref 2,50.000,30292,13449417.0,65.176644,2064616.2,391.2843366,IT=25;25 ,ii
27034,Ref 2,42.265,24592,13786546.0,65.180683,2178974.5,391.2842624,IT=21;21 ,ii
27035,Ref 2,50.000,29856,12583556.0,65.184986,1924698.5,391.2842865,IT=25;25 ,ii
27036,Ref 2,50.000,26392,12744941.0,65.189152,1990096.2,391.2842578,IT=25;25 ,ii
27037,Ref 2,47.488,25620,12809255.0,65.193277,1971193.8,391.2841799,IT=24;24 ,ii
27038,Ref 2,48.721,26676,11597375.0,65.197294,1716151.6,391.2842972,IT=24;24 ,ii
27039,Ref 2,50.000,30152,13595471.0,65.201492,2077935.2,391.2842314,IT=25;25 ,ii
27040,Ref 2,48.993,27436,13114792.0,65.205642,2036432.6,391.2842151,IT=24;24 ,ii
27041,Ref 2,44.431,25496,11917225.0,65.209735,1853893.1,391.2843357,IT=22;22 ,ii
27042,Ref 2,47.080,25156,12165248.0,65.213779,1890726.1,391.2843098,IT=24;24 ,ii
27043,Ref 2,47.844,28076,13183076.0,65.217967,2019242.8,391.2841997,IT=24;24 ,ii
27044,Ref 2,45.503,25628,12449039.0,65.222104,1923614.9,391.2842145,IT=23;23 ,ii
27045,Ref 2,50.000,27888,12492535.0,65.226358,1882432.2,391.2842187,IT=25;25 ,ii
27046,Ref 2,39.322,25976,14832534.0,65.230173,2339355.5,391.2841168,IT=20;20 ,ii
27047,Ref 2,50.000,25940,11522684.0,65.234525,1750314.9,391.2842247,IT=25;25 ,ii
27048,Ref 2,50.000,28000,13272231.0,65.238691,2064591.8,391.2842493,IT=25;25 ,ii
27049,Ref 2,50.000,28596,13613339.0,65.242858,2141944.2,391.2843011,IT=25;25 ,ii
27050,Ref 2,50.000,26320,12140051.0,65.247025,1859142.1,391.2843105,IT=25;25 ,ii
27051,Ref 2,50.000,26852,13658465.0,65.251027,2197004.0,391.2842254,IT=25;25 ,ii
27052,Ref 2,50.000,27908,12603933.0,65.255189,1986141.9,391.2842378,IT=25;25 ,ii
27053,Ref 2,50.000,27792,12520698.0,65.259648,1906353.5,391.2842527,IT=25;25 ,ii
27054,Ref 2,50.000,27992,13421070.0,65.263814,2081543.5,391.2840893,IT=25;25 ,ii
27055,Ref 2,50.000,29128,13700429.0,65.267981,2128688.2,391.2840788,IT=25;25 ,ii
27056,Ref 2,50.000,29236,13335082.0,65.271979,2029233.5,391.2839787,IT=25;25 ,ii
27057,Ref 2,50.000,26936,11958836.0,65.276145,1862134.9,391.2841163,IT=25;25 ,ii
27058,Ref 2,48.468,27184,13534547.0,65.280287,2147826.0,391.284079,IT=24;24 ,ii
27059,Ref 2,50.000,26124,12459909.0,65.284502,1929297.1,391.2841046,IT=25;25 ,ii
27060,Ref 2,50.000,28572,12094586.0,65.288512,1830906.4,391.2841058,IT=25;25 ,ii
27061,Ref 2,44.085,25904,13292115.0,65.292589,2115470.8,391.2840611,IT=22;22 ,ii
27062,Ref 2,50.000,26700,13033661.0,65.296876,1986709.2,391.2841443,IT=25;25 ,ii
27063,Ref 2,50.000,26100,11541498.0,65.301056,1829360.2,391.284027,IT=25;25 ,ii
27064,Ref 2,39.441,22964,12450011.0,65.304889,1968585.8,391.2840644,IT=20;20 ,ii
27065,Ref 2,50.000,28080,12792799.0,65.309235,1980630.6,391.2841274,IT=25;25 ,ii
27066,Ref 2,50.000,27844,13585022.0,65.313414,2095178.9,391.2839535,IT=25;25 ,ii
27067,Ref 2,38.687,23748,13660351.0,65.317403,2180626.8,391.2841004,IT=19;19 ,ii
27068,Ref 2,50.000,27360,13826302.0,65.321758,2132360.2,391.2841209,IT=25;25 ,ii
27069,Ref 2,50.000,26976,12650225.0,65.325766,1996707.2,391.284079,IT=25;25 ,ii
27070,Ref 2,32.707,21512,14078845.0,65.329643,2277991.0,391.2841026,IT=16;16 ,ii
27071,Ref 2,50.000,26480,12132810.0,65.334076,1847440.1,391.2842706,IT=25;25 ,ii
27072,Ref 2,50.000,27824,13164124.0,65.338253,2024002.2,391.2841747,IT=25;25 ,ii
27073,Ref 2,41.283,27032,14346936.0,65.342574,2260807.0,391.2841127,IT=21;21 ,ii
27074,Ref 2,50.000,30232,13232410.0,65.346905,2033553.6,391.2841643,IT=25;25 ,ii
27075,Ref 2,50.000,25280,11431766.0,65.351078,1776591.2,391.2841619,IT=25;25 ,ii
27076,Ref 2,50.000,28432,12591770.0,65.355245,1951131.6,391.2842273,IT=25;25 ,ii
27077,Ref 2,50.000,27072,13502897.0,65.359411,2057906.0,391.2841844,IT=25;25 ,ii
27078,Ref 2,50.000,23684,10921148.0,65.363413,1698704.2,391.2844101,IT=25;25 ,ii
27079,Ref 2,43.986,24352,12844166.0,65.367482,2001368.8,391.2842287,IT=22;22 ,ii
27080,Ref 2,46.480,26352,13473890.0,65.371703,2087578.5,391.2842491,IT=23;23 ,ii
27081,Ref 2,50.000,28240,12786563.0,65.375934,1969253.9,391.2842146,IT=25;25 ,ii
27082,Ref 2,47.483,27324,12924118.0,65.380057,1981509.1,391.2842029,IT=24;24 ,ii
27083,Ref 2,45.589,24656,13098799.0,65.384026,2039912.8,391.2840833,IT=23;23 ,ii
27084,Ref 2,48.257,25088,12072352.0,65.388245,1843937.5,391.2841893,IT=24;24 ,ii
27085,Ref 2,50.000,28224,12758999.0,65.392447,1977594.8,391.2842096,IT=25;25 ,ii
27086,Ref 2,50.000,26888,13671718.0,65.396611,2081370.5,391.2841673,IT=25;25 ,ii
27087,Ref 2,50.000,26016,11818285.0,65.400611,1875223.0,391.2842622,IT=25;25 ,ii
27088,Ref 2,50.000,29024,13253372.0,65.404778,2003392.4,391.2842712,IT=25;25 ,ii
27089,Ref 2,42.720,25412,14249022.0,65.408822,2230672.2,391.2842516,IT=21;21 ,ii
27090,Ref 2,50.000,27236,11456880.0,65.413117,1702323.8,391.2842647,IT=25;25 ,ii
27091,Ref 2,44.335,27612,13922886.0,65.417021,2193272.0,391.2842388,IT=22;22 ,ii
27092,Ref 2,47.742,29612,13519816.0,65.421257,2015003.5,391.2842669,IT=24;24 ,ii
27093,Ref 2,50.000,27580,12870179.0,65.425719,1960993.5,391.2843163,IT=25;25 ,ii
27094,Ref 2,50.000,28720,12925063.0,65.429888,2022218.2,391.2842622,IT=25;25 ,ii
27095,Ref 2,45.886,25932,13634651.0,65.433988,2116145.2,391.2842398,IT=23;23 ,ii
27096,Ref 2,50.000,28084,12695407.0,65.438055,1921901.9,391.2842448,IT=25;25 ,ii
27097,Ref 2,49.378,24580,11981744.0,65.442217,1869054.6,391.2842698,IT=25;25 ,ii
27098,Ref 2,45.848,27664,13726943.0,65.446342,2093661.0,391.2842474,IT=23;23 ,ii
27099,Ref 2,44.657,29040,13807559.0,65.4505,2075956.5,391.2843011,IT=22;22 ,ii
27100,Ref 2,44.265,27772,12813684.0,65.454677,1995809.1,391.2842269,IT=22;22 ,ii
27101,Ref 2,50.000,27984,14724800.0,65.458954,2330203.8,391.284241,IT=25;25 ,ii
27102,Ref 2,50.000,24716,11475514.0,65.463132,1746393.1,391.2843785,IT=25;25 ,ii
27103,Ref 2,45.590,26500,13249824.0,65.467227,2053194.6,391.2842079,IT=23;23 ,ii
27104,Ref 2,49.314,29444,14152924.0,65.471463,2196543.0,391.2842253,IT=25;25 ,ii
27105,Ref 2,45.391,26512,12215768.0,65.475396,1813494.9,391.2843194,IT=23;23 ,ii
27106,Ref 2,50.000,27576,13142782.0,65.479648,2111843.0,391.2842361,IT=25;25 ,ii
27107,Ref 2,46.661,26924,13175229.0,65.483759,2089707.1,391.2841901,IT=23;23 ,ii
27108,Ref 2,43.216,25988,13204961.0,65.487875,2052137.6,391.2842704,IT=22;22 ,ii
27109,Ref 2,50.000,27496,12149381.0,65.492163,1844839.0,391.2843205,IT=25;25 ,ii
27110,Ref 2,50.000,27324,13704963.0,65.496171,2164261.8,391.284204,IT=25;25 ,ii
27111,Ref 2,50.000,26440,12343051.0,65.50034,1879751.9,391.2843005,IT=25;25 ,ii
27112,Ref 2,39.971,24152,11900190.0,65.504338,1833643.0,391.284279,IT=20;20 ,ii
27113,Ref 2,42.733,26636,13531757.0,65.508675,2112501.5,391.2842242,IT=21;21 ,ii
27114,Ref 2,50.000,28216,13855399.0,65.512977,2149559.2,391.2841756,IT=25;25 ,ii
27115,Ref 2,50.000,26304,11733526.0,65.517146,1807101.5,391.2841744,IT=25;25 ,ii
27116,Ref 2,50.000,26300,13843372.0,65.521312,2203640.5,391.2841405,IT=25;25 ,ii
27117,Ref 2,47.617,27700,13640085.0,65.525442,2113562.8,391.284263,IT=24;24 ,ii
27118,Ref 2,48.685,26036,12190855.0,65.529629,1888662.1,391.284205,IT=24;24 ,ii
27119,Ref 2,43.841,27440,14100938.0,65.533546,2210619.8,391.2842634,IT=22;22 ,ii
27120,Ref 2,40.492,24336,12345638.0,65.537665,1894917.4,391.2842602,IT=20;20 ,ii
27121,Ref 2,50.000,25120,12565494.0,65.541994,1973899.4,391.2842569,IT=25;25 ,ii
27122,Ref 2,50.000,28664,13065028.0,65.54616,2031147.5,391.2840887,IT=25;25 ,ii
27123,Ref 2,42.335,24616,13499145.0,65.550031,2118416.5,391.2843049,IT=21;21 ,ii
27124,Ref 2,50.000,28116,12290517.0,65.554335,1904676.2,391.2843208,IT=25;25 ,ii
27125,Ref 2,50.000,26632,13318223.0,65.558514,2089654.8,391.2842211,IT=25;25 ,ii
27126,Ref 2,50.000,29020,13049251.0,65.562691,1973205.8,391.2842382,IT=25;25 ,ii
27127,Ref 2,50.000,25164,11269103.0,65.566875,1718761.9,391.2843025,IT=25;25 ,ii
27128,Ref 2,50.000,26988,13093784.0,65.570891,2036116.2,391.2842505,IT=25;25 ,ii
27129,Ref 2,50.000,27316,13580660.0,65.575062,2098976.0,391.2841966,IT=25;25 ,ii
27130,Ref 2,47.343,24788,12200040.0,65.579191,1883626.4,391.2841956,IT=24;24 ,ii
27131,Ref 2,49.878,29140,12836935.0,65.583404,2000092.6,391.2842265,IT=25;25 ,ii
27132,Ref 2,45.538,24860,13403079.0,65.587329,2101608.2,391.2841731,IT=23;23 ,ii
27133,Ref 2,50.000,26776,11970620.0,65.591806,1905191.0,391.2841679,IT=25;25 ,ii
27134,Ref 2,37.867,24092,13278830.0,65.595779,2097460.0,391.2841415,IT=19;19 ,ii
27135,Ref 2,47.513,25696,12103627.0,65.600102,1814975.4,391.2842795,IT=24;24 ,ii
27136,Ref 2,50.000,26844,12003796.0,65.604316,1845350.9,391.2841827,IT=25;25 ,ii
27137,Ref 2,50.000,28680,14231050.0,65.608314,2213160.0,391.2842459,IT=25;25 ,ii
27138,Ref 2,42.550,27720,13934338.0,65.612358,2155997.2,391.2842586,IT=21;21 ,ii
27139,Ref 2,42.579,24248,12275386.0,65.616539,1933381.2,391.2842578,IT=21;21 ,ii
27140,Ref 2,47.665,26720,13662412.0,65.620808,2136131.8,391.2842421,IT=24;24 ,ii
27141,Ref 2,45.174,26400,12397884.0,65.624774,1892791.9,391.2842101,IT=23;23 ,ii
27142,Ref 2,50.000,28248,12453860.0,65.629041,1873986.9,391.2842746,IT=25;25 ,ii
27143,Ref 2,50.000,26632,13200255.0,65.633218,2058254.9,391.2842287,IT=25;25 ,ii
27144,Ref 2,43.474,28116,14221898.0,65.637276,2135358.2,391.2841066,IT=22;22 ,ii
27145,Ref 2,50.000,25100,12038396.0,65.64157,1896438.1,391.2842249,IT=25;25 ,ii
27146,Ref 2,47.861,26000,11809173.0,65.645549,1793493.8,391.2841815,IT=24;24 ,ii
27147,Ref 2,45.828,25924,13670468.0,65.649682,2117968.5,391.2841028,IT=23;23 ,ii
27148,Ref 2,50.000,25984,11224254.0,65.653936,1695611.5,391.2841748,IT=25;25 ,ii
27149,Ref 2,50.000,25972,12795866.0,65.658116,1992396.2,391.2841962,IT=25;25 ,ii
27150,Ref 2,50.000,27408,13359513.0,65.662126,2051786.6,391.2840396,IT=25;25 ,ii
27151,Ref 2,49.136,26512,11541462.0,65.666288,1766353.6,391.2842096,IT=25;25 ,ii
27152,Ref 2,48.625,27180,12517974.0,65.670461,1957381.5,391.2841544,IT=24;24 ,ii
27153,Ref 2,50.000,31148,13530255.0,65.674924,2057022.8,391.2840863,IT=25;25 ,ii
27154,Ref 2,46.241,22948,11741526.0,65.679045,1833844.6,391.2841639,IT=23;23 ,ii
27155,Ref 2,50.000,28208,13390937.0,65.683105,2093712.0,391.2840023,IT=25;25 ,ii
27156,Ref 2,50.000,30252,14263206.0,65.687272,2216592.8,391.2841974,IT=25;25 ,ii
27157,Ref 2,48.242,27144,11690259.0,65.691411,1767296.6,391.2842203,IT=24;24 ,ii
27158,Ref 2,50.000,26732,12815716.0,65.695611,1987996.6,391.284184,IT=25;25 ,ii
27159,Ref 2,44.885,24252,13121581.0,65.699528,2059725.4,391.2842721,IT=22;22 ,ii
27160,Ref 2,50.000,25300,11689240.0,65.703799,1781295.4,391.2842789,IT=25;25 ,ii
27161,Ref 2,42.965,24240,12030407.0,65.707859,1873294.8,391.2842033,IT=21;21 ,ii
27162,Ref 2,39.876,24532,15270875.0,65.71198,2451405.8,391.284147,IT=20;20 ,ii
27163,Ref 2,50.000,28472,12105607.0,65.716319,1822973.9,391.2841722,IT=25;25 ,ii
27164,Ref 2,50.000,27124,13138508.0,65.720328,2047432.6,391.2841632,IT=25;25 ,ii
27165,Ref 2,43.729,27196,14566765.0,65.724392,2315827.5,391.2840829,IT=22;22 ,ii
27166,Ref 2,50.000,27076,12854118.0,65.72868,1950948.0,391.2843075,IT=25;25 ,ii
27167,Ref 2,50.000,26648,11733338.0,65.732857,1805032.5,391.2842878,IT=25;25 ,ii
27168,Ref 2,50.000,29148,13975403.0,65.736855,2192213.8,391.2842241,IT=25;25 ,ii
27169,Ref 2,48.830,25120,12028768.0,65.741013,1881052.2,391.2842453,IT=24;24 ,ii
27170,Ref 2,50.000,25912,11867188.0,65.745201,1808703.5,391.2842405,IT=25;25 ,ii
27171,Ref 2,44.721,27956,15018743.0,65.749282,2386424.5,391.2841542,IT=22;22 ,ii
27172,Ref 2,44.807,25876,11844222.0,65.753473,1747019.0,391.2842826,IT=22;22 ,ii
27173,Ref 2,50.000,26012,12356502.0,65.757928,1957647.9,391.2842017,IT=25;25 ,ii
27174,Ref 2,39.292,24760,13737539.0,65.761917,2200205.0,391.2841556,IT=20;20 ,ii
27175,Ref 2,45.943,26064,13324497.0,65.766207,2056809.8,391.2841571,IT=23;23 ,ii
27176,Ref 2,50.000,26688,13813918.0,65.770446,2114109.2,391.2840876,IT=25;25 ,ii
27177,Ref 2,40.569,24204,12515261.0,65.774313,1960120.9,391.2841575,IT=20;20 ,ii
27178,Ref 2,50.000,26312,12480568.0,65.778644,1888417.0,391.2842035,IT=25;25 ,ii
27179,Ref 2,43.160,26744,12478611.0,65.782707,1911926.6,391.2841446,IT=22;22 ,ii
27180,Ref 2,50.000,27160,14097186.0,65.786994,2241688.8,391.2841602,IT=25;25 ,ii
27181,Ref 2,46.066,24884,12573093.0,65.791096,1970608.1,391.2841672,IT=23;23 ,ii
27182,Ref 2,49.115,26764,12582340.0,65.795321,1963508.6,391.2841784,IT=25;25 ,ii
27183,Ref 2,50.000,26796,13522946.0,65.799502,2089984.8,391.2840405,IT=25;25 ,ii
27184,Ref 2,50.000,26564,12933276.0,65.803671,1963797.9,391.2840266,IT=25;25 ,ii
27185,Ref 2,50.000,27760,12771768.0,65.80784,1989061.0,391.2841188,IT=25;25 ,ii
27186,Ref 2,35.070,23696,13895804.0,65.81159,2214344.2,391.2840111,IT=18;18 ,ii
27187,Ref 2,39.677,22436,13239843.0,65.815652,2064788.8,391.2840759,IT=20;20 ,ii
27188,Ref 2,50.000,24360,11497782.0,65.820004,1775730.8,391.2840889,IT=25;25 ,ii
27189,Ref 2,50.000,25856,12898410.0,65.824185,2018250.8,391.2840992,IT=25;25 ,ii
27190,Ref 2,41.696,25776,13168759.0,65.828215,1982107.2,391.2840681,IT=21;21 ,ii
27191,Ref 2,50.000,27880,13058664.0,65.832352,2034299.5,391.2840602,IT=25;25 ,ii
27192,Ref 2,43.851,25356,13493631.0,65.836417,2124733.0,391.2840665,IT=22;22 ,ii
27193,Ref 2,50.000,27464,12881433.0,65.840871,1947027.6,391.284118,IT=25;25 ,ii
27194,Ref 2,48.805,25264,10936859.0,65.845029,1652532.8,391.2840785,IT=24;24 ,ii
27195,Ref 2,45.215,28552,12636613.0,65.848969,1939251.6,391.2841335,IT=23;23 ,ii
27196,Ref 2,48.337,26156,12457911.0,65.853196,1881222.6,391.2840682,IT=24;24 ,ii
27197,Ref 2,43.156,24860,12292213.0,65.857292,1938758.6,391.2840555,IT=22;22 ,ii
27198,Ref 2,38.191,23420,13678878.0,65.861394,2157281.5,391.2840327,IT=19;19 ,ii
27199,Ref 2,42.539,25148,13056083.0,65.865643,2013480.5,391.2840107,IT=21;21 ,ii
27200,Ref 2,46.080,25292,12189269.0,65.869716,1900420.4,391.283955,IT=23;23 ,ii
27201,Ref 2,42.330,25104,12623742.0,65.873823,1940052.1,391.2840001,IT=21;21 ,ii
27202,Ref 2,37.922,24456,14039605.0,65.877933,2231672.2,391.2839602,IT=19;19 ,ii
27203,Ref 2,39.039,23480,12129041.0,65.882125,1857666.4,391.2839898,IT=20;20 ,ii
27204,Ref 2,42.554,23116,12734884.0,65.886187,2015071.5,391.283967,IT=21;21 ,ii
27205,Ref 2,45.869,26764,12688461.0,65.890429,1952882.8,391.2839857,IT=23;23 ,ii
27206,Ref 2,50.000,25720,11781207.0,65.894685,1834852.0,391.2840119,IT=25;25 ,ii
27207,Ref 2,50.000,27064,13430036.0,65.898866,2128578.8,391.2839108,IT=25;25 ,ii
27208,Ref 2,50.000,26236,12044938.0,65.903043,1824246.6,391.2839319,IT=25;25 ,ii
27209,Ref 2,50.000,27280,11564296.0,65.907052,1788478.6,391.2840549,IT=25;25 ,ii
27210,Ref 2,48.751,26372,12613028.0,65.911197,1965098.0,391.2839212,IT=24;24 ,ii
27211,Ref 2,38.890,23452,13336995.0,65.915204,2149483.0,391.2839418,IT=19;19 ,ii
27212,Ref 2,39.980,23340,12922397.0,65.919393,2064049.1,391.2840282,IT=20;20 ,ii
27213,Ref 2,44.904,25960,12196333.0,65.923768,1898433.4,391.2840322,IT=22;22 ,ii
27214,Ref 2,35.944,23916,14768079.0,65.927806,2392038.0,391.2838736,IT=18;18 ,ii
27215,Ref 2,44.421,22876,11394169.0,65.932093,1763375.1,391.2840486,IT=22;22 ,ii
27216,Ref 2,48.159,26636,12989946.0,65.936326,2023659.4,391.2840024,IT=24;24 ,ii
27217,Ref 2,42.978,24996,13628807.0,65.94042,2189825.0,391.2840384,IT=21;21 ,ii
27218,Ref 2,50.000,28340,11999927.0,65.944549,1815851.4,391.2839639,IT=25;25 ,ii
27219,Ref 2,48.132,28280,14546194.0,65.948685,2329845.0,391.2840044,IT=24;24 ,ii
27220,Ref 2,49.186,26836,13092308.0,65.952874,1998474.1,391.2840476,IT=25;25 ,ii
27221,Ref 2,50.000,25716,12223028.0,65.957055,1860216.0,391.2841342,IT=25;25 ,ii
27222,Ref 2,50.000,28732,12720091.0,65.961226,2002148.9,391.2840337,IT=25;25 ,ii
27223,Ref 2,50.000,27692,13205173.0,65.965228,2056659.8,391.2840532,IT=25;25 ,ii
27224,Ref 2,45.922,27440,12072486.0,65.96933,1788516.4,391.284067,IT=23;23 ,ii
27225,Ref 2,42.738,23964,12683855.0,65.973457,2027809.5,391.2840329,IT=21;21 ,ii
27226,Ref 2,45.712,26080,13295718.0,65.977682,2069046.9,391.2839349,IT=23;23 ,ii
27227,Ref 2,43.689,25096,12756861.0,65.981651,2002917.8,391.2840381,IT=22;22 ,ii
27228,Ref 2,50.000,27068,12388384.0,65.985936,1895586.2,391.2839948,IT=25;25 ,ii
27229,Ref 2,43.517,27284,13965769.0,65.990011,2177998.2,391.2839995,IT=22;22 ,ii
27230,Ref 2,44.452,25696,12125706.0,65.994216,1823449.4,391.2841287,IT=22;22 ,ii
27231,Ref 2,42.455,25364,12598937.0,65.998193,1986591.5,391.2840353,IT=21;21 ,ii
27232,Ref 2,44.413,27296,14003444.0,66.002413,2212147.0,391.283933,IT=22;22 ,ii
27233,Ref 2,50.000,27184,13019743.0,66.006684,2014085.1,391.2839822,IT=25;25 ,ii
27234,Ref 2,31.998,22084,13257148.0,66.010851,2066860.4,391.2840907,IT=16;16 ,ii
27235,Ref 2,49.840,26696,12676579.0,66.01528,1966719.0,391.2841481,IT=25;25 ,ii
27236,Ref 2,45.159,26136,13377736.0,66.019199,2025629.1,391.2841052,IT=23;23 ,ii
27237,Ref 2,43.822,22952,11843049.0,66.023349,1851051.8,391.2841511,IT=22;22 ,ii
27238,Ref 2,40.397,25024,13622390.0,66.027472,2139939.0,391.2841193,IT=20;20 ,ii
27239,Ref 2,38.000,24236,12459439.0,66.031617,1913728.1,391.2841675,IT=19;19 ,ii
27240,Ref 2,50.000,26652,12673443.0,66.035826,1978588.5,391.2841676,IT=25;25 ,ii
27241,Ref 2,32.600,24020,15376744.0,66.039711,2457125.2,391.2840536,IT=16;16 ,ii
27242,Ref 2,50.000,29948,13613007.0,66.044146,2062503.9,391.2841183,IT=25;25 ,ii
27243,Ref 2,50.000,25428,11888474.0,66.048328,1844892.1,391.2841613,IT=25;25 ,ii
27244,Ref 2,43.576,26552,13761045.0,66.052398,2165362.8,391.2841662,IT=22;22 ,ii
27245,Ref 2,50.000,26860,13127956.0,66.056513,2045213.5,391.2841627,IT=25;25 ,ii
27246,Ref 2,44.008,24376,12515226.0,66.06059,1944227.9,391.2842771,IT=22;22 ,ii
27247,Ref 2,50.000,26528,13724665.0,66.064871,2139638.0,391.2842125,IT=25;25 ,ii
27248,Ref 2,45.772,28628,13942606.0,66.068978,2162774.0,391.2841817,IT=23;23 ,ii
27249,Ref 2,49.518,26700,11496852.0,66.073038,1779761.0,391.2842373,IT=25;25 ,ii
27250,Ref 2,46.246,27772,13300977.0,66.077152,2082074.8,391.2841565,IT=23;23 ,ii
27251,Ref 2,50.000,26736,13029549.0,66.08139,1966036.5,391.284204,IT=25;25 ,ii
27252,Ref 2,48.545,25508,11698026.0,66.085544,1805218.1,391.2842277,IT=24;24 ,ii
27253,Ref 2,43.436,26832,13648314.0,66.089625,2118432.2,391.2841191,IT=22;22 ,ii
27254,Ref 2,50.000,25260,12521448.0,66.094086,1916695.6,391.2841372,IT=25;25 ,ii
27255,Ref 2,38.739,21548,11730150.0,66.098065,1877288.6,391.2841974,IT=19;19 ,ii
27256,Ref 2,50.000,26168,13793156.0,66.102421,2165167.8,391.2841521,IT=25;25 ,ii
27257,Ref 2,44.720,25544,13250660.0,66.1065,2037886.2,391.2841134,IT=22;22 ,ii
27258,Ref 2,43.075,23920,11448925.0,66.110644,1771451.0,391.2841172,IT=22;22 ,ii
27259,Ref 2,49.937,29024,13403424.0,66.114767,2079135.8,391.284081,IT=25;25 ,ii
27260,Ref 2,35.331,23024,13780468.0,66.118692,2162740.0,391.284013,IT=18;18 ,ii
27261,Ref 2,38.932,22752,12288821.0,66.1229,1924711.6,391.283997,IT=19;19 ,ii
27262,Ref 2,48.257,26408,14147554.0,66.127238,2257850.8,391.2839666,IT=24;24 ,ii
27263,Ref 2,43.192,26568,14238045.0,66.131165,2240569.5,391.2839068,IT=22;22 ,ii
27264,Ref 2,36.642,21444,12538985.0,66.135229,1965164.8,391.2839705,IT=18;18 ,ii
27265,Ref 2,42.956,26552,13266520.0,66.139494,2060753.6,391.2839846,IT=21;21 ,ii
27266,Ref 2,36.955,24172,14795400.0,66.143577,2342475.0,391.2839946,IT=18;18 ,ii
27267,Ref 2,50.000,26044,12746480.0,66.147798,1908673.0,391.2839319,IT=25;25 ,ii
27268,Ref 2,50.000,26776,12868222.0,66.151971,1998223.8,391.2839533,IT=25;25 ,ii
27269,Ref 2,41.159,26192,13907591.0,66.156002,2217401.0,391.2839164,IT=21;21 ,ii
27270,Ref 2,43.716,25060,12582695.0,66.160231,1948084.5,391.283985,IT=22;22 ,ii
27271,Ref 2,50.000,27916,12319690.0,66.16451,1902039.4,391.2839671,IT=25;25 ,ii
27272,Ref 2,50.000,26912,13541929.0,66.168519,2129022.0,391.2840186,IT=25;25 ,ii
27273,Ref 2,50.000,26624,12203359.0,66.172685,1870292.2,391.2840135,IT=25;25 ,ii
27274,Ref 2,43.556,25084,13313460.0,66.177037,2089213.4,391.283989,IT=22;22 ,ii
27275,Ref 2,38.839,22524,12861972.0,66.181135,1996318.2,391.2840185,IT=19;19 ,ii
27276,Ref 2,50.000,26972,12791460.0,66.185489,1945383.8,391.284057,IT=25;25 ,ii
27277,Ref 2,50.000,27896,12847504.0,66.189487,1966864.9,391.2839982,IT=25;25 ,ii
27278,Ref 2,34.251,23104,14369587.0,66.193402,2253549.5,391.2839415,IT=17;17 ,ii
27279,Ref 2,50.000,26832,11764869.0,66.197804,1777352.1,391.2840541,IT=25;25 ,ii
27280,Ref 2,48.059,24712,12829798.0,66.201952,1991754.8,391.2840745,IT=24;24 ,ii
27281,Ref 2,50.000,27864,13901359.0,66.205983,2160251.0,391.2840425,IT=25;25 ,ii
27282,Ref 2,38.761,22008,11925278.0,66.209962,1848457.0,391.2841116,IT=19;19 ,ii
27283,Ref 2,40.898,22348,12528025.0,66.214179,1964001.5,391.2840346,IT=20;20 ,ii
27284,Ref 2,46.240,29464,14233921.0,66.218466,2188631.8,391.2839127,IT=23;23 ,ii
27285,Ref 2,45.370,26520,12752136.0,66.222466,1940567.6,391.2840065,IT=23;23 ,ii
27286,Ref 2,50.000,26960,12157261.0,66.226726,1850821.2,391.284051,IT=25;25 ,ii
27287,Ref 2,47.852,25840,12181764.0,66.230858,1846002.2,391.2840127,IT=24;24 ,ii
27288,Ref 2,37.032,22808,13874748.0,66.234854,2153342.2,391.2840074,IT=19;19 ,ii
27289,Ref 2,50.000,29116,12429437.0,66.239228,1941906.8,391.2840451,IT=25;25 ,ii
27290,Ref 2,49.569,26072,13237386.0,66.243228,2112832.8,391.284052,IT=25;25 ,ii
27291,Ref 2,50.000,26684,11399146.0,66.247403,1707584.5,391.2841802,IT=25;25 ,ii
27292,Ref 2,50.000,26216,12186055.0,66.25158,1871864.2,391.2841508,IT=25;25 ,ii
27293,Ref 2,50.000,24344,12959625.0,66.255747,2016396.2,391.2840671,IT=25;25 ,ii
27294,Ref 2,50.000,25456,12332067.0,66.260208,1889113.1,391.284164,IT=25;25 ,ii
27295,Ref 2,47.189,24492,12271091.0,66.264343,1911249.8,391.2841265,IT=24;24 ,ii
27296,Ref 2,50.000,30848,13611479.0,66.268562,2132808.2,391.2841151,IT=25;25 ,ii
27297,Ref 2,50.000,26176,12410603.0,66.272728,1893486.0,391.2841584,IT=25;25 ,ii
27298,Ref 2,45.319,22068,11246720.0,66.276818,1750485.2,391.2841217,IT=23;23 ,ii
27299,Ref 2,37.958,22832,12753532.0,66.280695,2004285.6,391.2842056,IT=19;19 ,ii
27300,Ref 2,36.919,23612,13399586.0,66.284841,2042538.5,391.2842138,IT=18;18 ,ii
27301,Ref 2,34.682,18444,10791480.0,66.28897,1696242.9,391.2842189,IT=17;17 ,ii
27302,Ref 2,45.882,25420,13710134.0,66.293301,2177466.0,391.2840585,IT=23;23 ,ii
27303,Ref 2,46.637,27900,13260992.0,66.297497,2039894.2,391.2841206,IT=23;23 ,ii
27304,Ref 2,39.080,22516,12048043.0,66.301372,1889639.5,391.284122,IT=20;20 ,ii
27305,Ref 2,50.000,28684,14039784.0,66.305726,2198833.2,391.2842077,IT=25;25 ,ii
27306,Ref 2,47.389,28468,13801491.0,66.309853,2108846.0,391.2841384,IT=24;24 ,ii
27307,Ref 2,50.000,26408,12683440.0,66.314072,1999362.4,391.2841442,IT=25;25 ,ii
27308,Ref 2,37.704,23236,12606449.0,66.317868,2032606.8,391.2841391,IT=19;19 ,ii
27309,Ref 2,44.016,24564,12081748.0,66.32214,1833766.2,391.2842369,IT=22;22 ,ii
27310,Ref 2,42.175,22840,12505075.0,66.326295,1981013.8,391.2841016,IT=21;21 ,ii
27311,Ref 2,47.799,25720,13291194.0,66.330574,2076332.8,391.2841727,IT=24;24 ,ii
27312,Ref 2,38.407,25024,13719577.0,66.334592,2115320.2,391.2841456,IT=19;19 ,ii
27313,Ref 2,43.040,22908,10995789.0,66.338659,1688547.6,391.2842181,IT=22;22 ,ii
27314,Ref 2,50.000,28976,12754610.0,66.343121,1917710.2,391.2841362,IT=25;25 ,ii
27315,Ref 2,38.893,23972,13376826.0,66.347117,2087288.6,391.2840982,IT=19;19 ,ii
27316,Ref 2,50.000,23392,11032194.0,66.351471,1768934.9,391.2841344,IT=25;25 ,ii
27317,Ref 2,49.773,28960,13959440.0,66.355469,2174495.0,391.2839867,IT=25;25 ,ii
27318,Ref 2,38.475,22044,12628506.0,66.359465,1944074.0,391.2840878,IT=19;19 ,ii
27319,Ref 2,50.000,24432,11224530.0,66.363838,1738863.6,391.2842192,IT=25;25 ,ii
27320,Ref 2,35.610,21928,12304969.0,66.367776,1938021.2,391.2840319,IT=18;18 ,ii
27321,Ref 2,50.000,24808,12758333.0,66.372175,2026833.8,391.2839874,IT=25;25 ,ii
27322,Ref 2,49.366,28396,12869900.0,66.376353,1985260.0,391.2840213,IT=25;25 ,ii
27323,Ref 2,41.642,24784,14003237.0,66.380384,2205193.8,391.283982,IT=21;21 ,ii
27324,Ref 2,43.551,25212,13562338.0,66.384594,2107234.5,391.2840265,IT=22;22 ,ii
27325,Ref 2,49.394,24476,11277583.0,66.388863,1750583.8,391.2841029,IT=25;25 ,ii
27326,Ref 2,43.102,25032,13223444.0,66.392767,2050999.4,391.2839945,IT=22;22 ,ii
27327,Ref 2,35.520,23076,12512272.0,66.396813,1952119.9,391.283993,IT=18;18 ,ii
27328,Ref 2,50.000,25856,12001873.0,66.401202,1849575.0,391.2839983,IT=25;25 ,ii
27329,Ref 2,36.073,21952,13718549.0,66.405148,2229038.8,391.2839636,IT=18;18 ,ii
27330,Ref 2,39.621,25452,13234169.0,66.409359,2044784.5,391.2840465,IT=20;20 ,ii
27331,Ref 2,48.288,24652,12078749.0,66.413502,1836078.6,391.2840635,IT=24;24 ,ii
27332,Ref 2,35.860,23844,14501704.0,66.417465,2344661.2,391.2839715,IT=18;18 ,ii
27333,Ref 2,50.000,29600,13740486.0,66.421852,2072036.6,391.2840157,IT=25;25 ,ii
27334,Ref 2,41.484,23236,11887265.0,66.426171,1803283.2,391.2840605,IT=21;21 ,ii
27335,Ref 2,45.726,25156,12265783.0,66.430425,1894781.5,391.2839612,IT=23;23 ,ii
27336,Ref 2,36.684,23864,13999723.0,66.434448,2222217.5,391.2838892,IT=18;18 ,ii
27337,Ref 2,45.649,25756,13336902.0,66.438754,2089058.6,391.2839816,IT=23;23 ,ii
27338,Ref 2,48.437,25032,12351333.0,66.442973,1919654.0,391.2839016,IT=24;24 ,ii
27339,Ref 2,40.139,22280,11347105.0,66.447002,1764696.1,391.2840108,IT=20;20 ,ii
27340,Ref 2,50.000,25128,11157480.0,66.451167,1682521.4,391.2839557,IT=25;25 ,ii
27341,Ref 2,50.000,25048,12300848.0,66.455331,1970291.5,391.2839127,IT=25;25 ,ii
27342,Ref 2,50.000,26480,13944223.0,66.459498,2204857.2,391.2839579,IT=25;25 ,ii
27343,Ref 2,50.000,26012,12007494.0,66.463671,1818810.1,391.2840588,IT=25;25 ,ii
27344,Ref 2,49.404,25464,12825873.0,66.467664,2030904.1,391.2839497,IT=25;25 ,ii
27345,Ref 2,43.685,26120,14596377.0,66.471739,2314438.0,391.2839143,IT=22;22 ,ii
27346,Ref 2,43.460,26124,12735494.0,66.47591,1928313.4,391.2840235,IT=22;22 ,ii
27347,Ref 2,41.466,21824,12125735.0,66.480048,1877957.2,391.2839444,IT=21;21 ,ii
27348,Ref 2,48.644,26212,12822507.0,66.484352,2016593.6,391.2839079,IT=24;24 ,ii
27349,Ref 2,45.738,25060,12022784.0,66.488306,1784942.2,391.2839603,IT=23;23 ,ii
27350,Ref 2,50.000,27764,12329999.0,66.492548,1925540.2,391.2841049,IT=25;25 ,ii
27351,Ref 2,46.356,24612,12419151.0,66.496656,1929196.8,391.2840216,IT=23;23 ,ii
27352,Ref 2,50.000,27976,13208484.0,66.500887,2023503.2,391.283994,IT=25;25 ,ii
27353,Ref 2,46.140,26252,12578320.0,66.50482,1955575.2,391.283976,IT=23;23 ,ii
27354,Ref 2,49.741,27696,13496711.0,66.50905,2150705.8,391.2839252,IT=25;25 ,ii
27355,Ref 2,38.080,21376,12485115.0,66.513031,1955230.4,391.2839973,IT=19;19 ,ii
27356,Ref 2,50.000,23912,10904448.0,66.517397,1703973.5,391.2840713,IT=25;25 ,ii
27357,Ref 2,49.213,27120,13697056.0,66.521562,2139949.2,391.2840324,IT=25;25 ,ii
27358,Ref 2,37.940,23736,12160688.0,66.525385,1852079.0,391.2841455,IT=19;19 ,ii
27359,Ref 2,50.000,26196,13211486.0,66.529762,2072909.0,391.2840638,IT=25;25 ,ii
27360,Ref 2,42.284,23816,13319848.0,66.533814,2103227.2,391.2839806,IT=21;21 ,ii
27361,Ref 2,30.364,18636,11701355.0,66.537799,1831602.0,391.2840036,IT=15;15 ,ii
27362,Ref 2,50.000,24776,11987262.0,66.54226,1849006.5,391.2840312,IT=25;25 ,ii
27363,Ref 2,40.623,24860,13697692.0,66.546283,2163545.0,391.2839754,IT=20;20 ,ii
27364,Ref 2,38.290,22996,13175754.0,66.550429,2059611.4,391.2839564,IT=19;19 ,ii
27365,Ref 2,50.000,24916,11328782.0,66.554799,1843588.1,391.283934,IT=25;25 ,ii
27366,Ref 2,41.951,24908,14100804.0,66.558845,2257004.5,391.2839588,IT=21;21 ,ii
27367,Ref 2,40.884,24652,13847004.0,66.562841,2199604.5,391.2839665,IT=20;20 ,ii
27368,Ref 2,47.869,24548,11758564.0,66.567143,1849097.4,391.2839839,IT=24;24 ,ii
27369,Ref 2,42.477,25664,13726357.0,66.571235,2153199.8,391.2839492,IT=21;21 ,ii
27370,Ref 2,37.741,22800,12778085.0,66.575339,1995236.6,391.2839858,IT=19;19 ,ii
27371,Ref 2,45.086,23652,11306059.0,66.57946,1697367.0,391.2840256,IT=23;23 ,ii
27372,Ref 2,44.407,26528,13417800.0,66.583635,2114513.5,391.2837807,IT=22;22 ,ii
27373,Ref 2,39.464,23588,13214457.0,66.587745,2040799.8,391.2839328,IT=20;20 ,ii
27374,Ref 2,49.225,25552,11720750.0,66.592187,1840680.1,391.2840643,IT=25;25 ,ii
27375,Ref 2,37.115,21560,13109567.0,66.596174,2121710.2,391.2839637,IT=19;19 ,ii
27376,Ref 2,38.985,23680,13349296.0,66.600197,2086825.8,391.2839826,IT=19;19 ,ii
27377,Ref 2,50.000,24924,11913430.0,66.604545,1878032.9,391.2839902,IT=25;25 ,ii
27378,Ref 2,45.239,26440,14294390.0,66.608643,2316212.8,391.2839126,IT=23;23 ,ii
27379,Ref 2,48.306,27756,13290939.0,66.612868,2066030.1,391.2839427,IT=24;24 ,ii
27380,Ref 2,43.069,21724,10543239.0,66.616793,1647094.8,391.2840418,IT=22;22 ,ii
27381,Ref 2,42.622,24724,13084466.0,66.620957,2052383.9,391.2839539,IT=21;21 ,ii
27382,Ref 2,50.000,26800,13248859.0,66.625255,2069476.6,391.2839868,IT=25;25 ,ii
27383,Ref 2,42.345,22268,11984398.0,66.629305,1896382.0,391.2839683,IT=21;21 ,ii
27384,Ref 2,36.474,23428,14452622.0,66.63338,2338389.2,391.2838138,IT=18;18 ,ii
27385,Ref 2,39.414,24040,13236041.0,66.637415,2078920.1,391.2838787,IT=20;20 ,ii
27386,Ref 2,42.397,23552,11742313.0,66.641649,1831444.4,391.2839326,IT=21;21 ,ii
27387,Ref 2,45.177,26368,12140890.0,66.645882,1880815.6,391.2840093,IT=23;23 ,ii
27388,Ref 2,40.370,24000,12952063.0,66.649988,1991394.8,391.2838956,IT=20;20 ,ii
27389,Ref 2,45.819,25904,12841560.0,66.654088,2017418.1,391.2839665,IT=23;23 ,ii
27390,Ref 2,50.000,24964,12884936.0,66.658351,2039558.5,391.283955,IT=25;25 ,ii
27391,Ref 2,32.505,22356,13747334.0,66.662236,2146663.8,391.2839398,IT=16;16 ,ii
27392,Ref 2,50.000,23688,12187997.0,66.666673,1814781.5,391.2840389,IT=25;25 ,ii
27393,Ref 2,50.000,24968,12724571.0,66.670853,1973669.9,391.2839975,IT=25;25 ,ii
27394,Ref 2,38.129,22936,14061379.0,66.674653,2279651.8,391.2840264,IT=19;19 ,ii
27395,Ref 2,50.000,24496,11416642.0,66.679017,1792371.8,391.2841061,IT=25;25 ,ii
27396,Ref 2,50.000,25464,12523796.0,66.6832,1972549.4,391.2840695,IT=25;25 ,ii
27397,Ref 2,41.874,25724,14297716.0,66.68724,2260756.8,391.2839761,IT=21;21 ,ii
27398,Ref 2,46.187,24380,12998563.0,66.691323,1994693.0,391.2840057,IT=23;23 ,ii
27399,Ref 2,50.000,26032,12113220.0,66.695569,1877337.9,391.2840697,IT=25;25 ,ii
27400,Ref 2,35.877,21988,14316626.0,66.699511,2309506.5,391.284017,IT=18;18 ,ii
27401,Ref 2,43.074,24552,12929570.0,66.703794,2000082.6,391.2840668,IT=22;22 ,ii
27402,Ref 2,47.035,27944,12521486.0,66.70804,1971764.1,391.284074,IT=24;24 ,ii
27403,Ref 2,50.000,28396,13923729.0,66.712273,2188484.8,391.2840268,IT=25;25 ,ii
27404,Ref 2,41.427,23724,13062521.0,66.716313,1995251.4,391.2840602,IT=21;21 ,ii
27405,Ref 2,46.603,22992,11749374.0,66.720571,1856115.2,391.2841489,IT=23;23 ,ii
27406,Ref 2,50.000,28408,13583520.0,66.724815,2106448.2,391.2840723,IT=25;25 ,ii
27407,Ref 2,41.240,24804,11908825.0,66.728677,1782139.1,391.2841539,IT=21;21 ,ii
27408,Ref 2,50.000,25300,10732620.0,66.732992,1662085.4,391.2840912,IT=25;25 ,ii
27409,Ref 2,50.000,25412,12069002.0,66.737173,1888214.8,391.2841211,IT=25;25 ,ii
27410,Ref 2,45.391,25124,12825881.0,66.741265,2013330.8,391.2840036,IT=23;23 ,ii
27411,Ref 2,50.000,25828,11605000.0,66.745527,1776811.0,391.2840718,IT=25;25 ,ii
27412,Ref 2,50.000,26416,12073431.0,66.749535,1890249.0,391.2840668,IT=25;25 ,ii
27413,Ref 2,50.000,24696,12629191.0,66.753702,1967730.8,391.2841007,IT=25;25 ,ii
27414,Ref 2,44.439,22352,11429625.0,66.757794,1791963.8,391.2840943,IT=22;22 ,ii
27415,Ref 2,42.649,22868,12984189.0,66.761937,2082594.8,391.2839638,IT=21;21 ,ii
27416,Ref 2,39.860,23832,12416975.0,66.766075,1910891.2,391.2841316,IT=20;20 ,ii
27417,Ref 2,50.000,25988,12836248.0,66.770425,2029584.8,391.2841153,IT=25;25 ,ii
27418,Ref 2,50.000,25668,13882629.0,66.774602,2230732.5,391.2840722,IT=25;25 ,ii
27419,Ref 2,37.439,21260,13137594.0,66.778558,2106444.5,391.284065,IT=19;19 ,ii
27420,Ref 2,39.504,24128,13059724.0,66.782752,2030967.2,391.2840537,IT=20;20 ,ii
27421,Ref 2,50.000,28124,13558360.0,66.786916,2151272.5,391.2840981,IT=25;25 ,ii
27422,Ref 2,48.793,24288,11705493.0,66.791064,1794238.4,391.2841399,IT=24;24 ,ii
27423,Ref 2,50.000,24816,11656641.0,66.795256,1818186.5,391.284174,IT=25;25 ,ii
27424,Ref 2,38.405,22432,12413751.0,66.799229,1966874.6,391.2841129,IT=19;19 ,ii
27425,Ref 2,50.000,26388,12846439.0,66.803416,2017829.1,391.2840984,IT=25;25 ,ii
27426,Ref 2,50.000,24268,11885603.0,66.807591,1857764.0,391.2841204,IT=25;25 ,ii
27427,Ref 2,44.042,23704,13364805.0,66.811671,2154540.2,391.2840803,IT=22;22 ,ii
27428,Ref 2,35.395,21792,12967490.0,66.815706,2067717.2,391.2841197,IT=18;18 ,ii
27429,Ref 2,50.000,24008,11316332.0,66.819939,1738806.1,391.2841012,IT=25;25 ,ii
27430,Ref 2,47.710,27704,13660200.0,66.823914,2125708.5,391.284025,IT=24;24 ,ii
27431,Ref 2,48.744,26300,12738553.0,66.82812,1994986.9,391.2840205,IT=24;24 ,ii
27432,Ref 2,43.875,24456,12447455.0,66.832223,1949517.4,391.2841011,IT=22;22 ,ii
27433,Ref 2,41.310,23580,13100934.0,66.836364,2075090.5,391.2841091,IT=21;21 ,ii
27434,Ref 2,44.122,26056,12879152.0,66.840727,1961278.6,391.284072,IT=22;22 ,ii
27435,Ref 2,48.841,25020,11758411.0,66.844991,1806272.6,391.2840494,IT=24;24 ,ii
27436,Ref 2,45.983,23776,13111577.0,66.849131,2149353.5,391.2840386,IT=23;23 ,ii
27437,Ref 2,39.421,25752,13724060.0,66.853208,2180941.2,391.2839428,IT=20;20 ,ii
27438,Ref 2,50.000,24456,11493966.0,66.857558,1756141.2,391.2840636,IT=25;25 ,ii
27439,Ref 2,47.004,23180,11749373.0,66.861524,1845215.0,391.28415,IT=24;24 ,ii
27440,Ref 2,47.299,25620,13052120.0,66.86571,2033599.5,391.2840499,IT=24;24 ,ii
27441,Ref 2,50.000,25864,12413127.0,66.869933,1986637.0,391.2840587,IT=25;25 ,ii
27442,Ref 2,36.301,21740,12543849.0,66.873885,1979591.5,391.2840497,IT=18;18 ,ii
27443,Ref 2,50.000,25036,12532338.0,66.878266,1945594.2,391.2841211,IT=25;25 ,ii
27444,Ref 2,42.130,21980,11957277.0,66.882316,1840959.2,391.2841349,IT=21;21 ,ii
27445,Ref 2,43.886,26196,13174364.0,66.88652,2099761.8,391.2840014,IT=22;22 ,ii
27446,Ref 2,37.057,23212,12778801.0,66.890589,2092347.6,391.2840497,IT=19;19 ,ii
27447,Ref 2,43.843,24732,12847488.0,66.894868,2029397.9,391.2841002,IT=22;22 ,ii
27448,Ref 2,46.854,23116,12069673.0,66.89892,1897416.2,391.2841009,IT=23;23 ,ii
27449,Ref 2,39.002,22752,13154659.0,66.902964,2060031.1,391.2840509,IT=20;20 ,ii
27450,Ref 2,50.000,25912,12214426.0,66.907322,1850513.2,391.2841511,IT=25;25 ,ii
27451,Ref 2,44.232,22616,10934214.0,66.911405,1720695.9,391.2841945,IT=22;22 ,ii
27452,Ref 2,40.691,25876,14135346.0,66.915345,2232114.8,391.2839616,IT=20;20 ,ii
27453,Ref 2,45.549,24616,11800301.0,66.919599,1797187.1,391.2840149,IT=23;23 ,ii
27454,Ref 2,48.877,24540,12307895.0,66.924038,1927397.6,391.2840023,IT=24;24 ,ii
27455,Ref 2,40.488,23552,13481848.0,66.92807,2159455.5,391.2839779,IT=20;20 ,ii
27456,Ref 2,50.000,27624,12334116.0,66.932397,1853936.9,391.2839718,IT=25;25 ,ii
27457,Ref 2,47.217,23836,11800043.0,66.936349,1832037.6,391.2839394,IT=24;24 ,ii
27458,Ref 2,39.811,24144,14274448.0,66.940395,2333392.2,391.2838986,IT=20;20 ,ii
27459,Ref 2,50.000,26100,12483833.0,66.944738,1948440.9,391.2839735,IT=25;25 ,ii
27460,Ref 2,45.474,24564,12438764.0,66.948843,1938070.2,391.2838676,IT=23;23 ,ii
27461,Ref 2,43.541,23296,12565403.0,66.952807,1951811.1,391.2839232,IT=22;22 ,ii
27462,Ref 2,35.866,21784,13416126.0,66.956863,2138482.8,391.2839312,IT=18;18 ,ii
27463,Ref 2,50.000,28152,13576161.0,66.961261,2148258.5,391.2839285,IT=25;25 ,ii
27464,Ref 2,47.971,25588,13320452.0,66.965407,2113491.2,391.2839494,IT=24;24 ,ii
27465,Ref 2,50.000,26640,12279247.0,66.969611,1888893.2,391.2840318,IT=25;25 ,ii
27466,Ref 2,44.020,25788,12035223.0,66.973513,1884839.1,391.2840614,IT=22;22 ,ii
27467,Ref 2,47.448,25920,13451090.0,66.977744,2134317.2,391.2839105,IT=24;24 ,ii
27468,Ref 2,40.470,23544,13202627.0,66.981817,2123287.0,391.2840144,IT=20;20 ,ii
27469,Ref 2,50.000,25244,12645359.0,66.986151,1986859.5,391.2840648,IT=25;25 ,ii
27470,Ref 2,49.163,27336,13337671.0,66.990142,2084813.0,391.283989,IT=25;25 ,ii
27471,Ref 2,50.000,25792,12177621.0,66.994336,1887590.5,391.2841127,IT=25;25 ,ii
27472,Ref 2,44.152,24556,11584911.0,66.998415,1790870.0,391.2841339,IT=22;22 ,ii
