Scan Number,RAW File,Ion Injection Time (ms),Total Number of Peaks,Total Ion Current,Retention Time (s),Base Peak Intensity,Base Peak Mass,Multi Inject Info,Multiple Injection
1,UP 1,50.000,36424,4284189.0,0.00281704,306111.53,414.7160518,IT=25;25 ,ii
3,UP 1,25.698,48096,20076092.0,0.0088607563,1505832.0,391.2846647,IT=13;13 ,ii
4,UP 1,24.421,46144,19994836.0,0.012975356,1561475.1,391.2846427,IT=12;12 ,ii
5,UP 1,32.158,50812,18139558.0,0.017031488,1370283.5,391.2847929,IT=16;16 ,ii
6,UP 1,32.171,50048,17828630.0,0.021169092,1370376.6,391.2847768,IT=16;16 ,ii
7,UP 1,32.304,52956,18153700.0,0.025302356,1283364.5,391.2847604,IT=16;16 ,ii
8,UP 1,32.678,53024,16816164.0,0.029441938,1218674.1,391.2848946,IT=16;16 ,ii
9,UP 1,32.301,48948,16008077.0,0.033402242,1122354.1,391.2849479,IT=16;16 ,ii
10,UP 1,32.137,49372,17223264.0,0.037371072,1295646.8,391.2848766,IT=16;16 ,ii
11,UP 1,35.150,52652,15321575.0,0.041554341,1095111.6,391.2849377,IT=18;18 ,ii
12,UP 1,30.954,55436,18674064.0,0.045629224,1416185.0,391.2847785,IT=15;15 ,ii
13,UP 1,32.866,51780,17562490.0,0.049785508,1292018.2,391.2848661,IT=16;16 ,ii
14,UP 1,34.231,45692,14944028.0,0.053773023,1047557.8,391.2849951,IT=17;17 ,ii
15,UP 1,32.597,51536,17303774.0,0.057893822,1298187.6,391.2848367,IT=16;16 ,ii
16,UP 1,33.298,52664,17443622.0,0.062035391,1293894.4,391.2848136,IT=17;17 ,ii
17,UP 1,34.147,49904,15433289.0,0.066193741,1082566.6,391.2849364,IT=17;17 ,ii
18,UP 1,32.623,51240,17425278.0,0.07013749,1258281.5,391.2849134,IT=16;16 ,ii
19,UP 1,32.781,51672,17237564.0,0.074277072,1297548.5,391.2848284,IT=16;16 ,ii
20,UP 1,34.513,54716,17895132.0,0.078443672,1344729.5,391.2847536,IT=17;17 ,ii
21,UP 1,33.968,50824,17059404.0,0.082583238,1195116.9,391.2848504,IT=17;17 ,ii
22,UP 1,34.578,50172,16334876.0,0.086564391,1202334.2,391.2848941,IT=17;17 ,ii
23,UP 1,28.540,49616,18617944.0,0.090635273,1383906.2,391.2846319,IT=14;14 ,ii
24,UP 1,27.778,48864,19004890.0,0.094735206,1461340.0,391.2845971,IT=14;14 ,ii
25,UP 1,28.660,46220,18209382.0,0.098858123,1431887.6,391.2846433,IT=14;14 ,ii
26,UP 1,27.842,46200,18643316.0,0.10295387,1408889.9,391.2845216,IT=14;14 ,ii
27,UP 1,29.996,50380,17199682.0,0.10693516,1288607.2,391.2847365,IT=15;15 ,ii
28,UP 1,28.201,46752,18421630.0,0.11103096,1420957.2,391.2846039,IT=14;14 ,ii
29,UP 1,28.697,49352,18585220.0,0.11514962,1392735.5,391.2846311,IT=14;14 ,ii
30,UP 1,29.790,49336,18090948.0,0.11927669,1367895.5,391.2846865,IT=15;15 ,ii
31,UP 1,28.090,47372,19004904.0,0.12319962,1420138.1,391.2845627,IT=14;14 ,ii
32,UP 1,30.810,51100,18691776.0,0.127358,1373430.2,391.2845725,IT=15;15 ,ii
33,UP 1,30.130,52800,19319746.0,0.13146827,1338975.9,391.2844915,IT=15;15 ,ii
34,UP 1,28.269,49628,20135632.0,0.13555581,1531720.1,391.2844027,IT=14;14 ,ii
35,UP 1,32.910,51428,16196663.0,0.13957661,1140846.0,391.2845819,IT=16;16 ,ii
36,UP 1,30.757,49460,18199704.0,0.14367866,1354965.6,391.2845823,IT=15;15 ,ii
37,UP 1,28.832,51236,19723490.0,0.14777444,1447094.1,391.2843878,IT=14;14 ,ii
38,UP 1,29.324,56776,20291176.0,0.15189527,1526278.2,391.2845262,IT=15;15 ,ii
39,UP 1,29.863,50548,18557810.0,0.15585766,1407742.5,391.2845902,IT=15;15 ,ii
40,UP 1,30.342,52012,18414122.0,0.16000356,1307906.6,391.2846197,IT=15;15 ,ii
41,UP 1,30.028,51056,18455174.0,0.16412856,1410090.2,391.2845934,IT=15;15 ,ii
42,UP 1,29.927,51136,18757682.0,0.16825133,1405565.2,391.284539,IT=15;15 ,ii
43,UP 1,31.677,48988,17644976.0,0.17240339,1350233.0,391.2845907,IT=16;16 ,ii
44,UP 1,25.561,46184,19096476.0,0.17640554,1474994.6,391.28431,IT=13;13 ,ii
45,UP 1,24.005,45860,19824354.0,0.18048049,1552267.6,391.2841828,IT=12;12 ,ii
46,UP 1,24.244,44736,19159090.0,0.18457002,1454521.5,391.2842826,IT=12;12 ,ii
47,UP 1,25.433,46360,19042460.0,0.18867411,1444647.1,391.2842871,IT=13;13 ,ii
48,UP 1,25.508,52008,20110266.0,0.19260116,1489793.0,391.2842953,IT=13;13 ,ii
49,UP 1,26.520,45616,18791352.0,0.19671791,1444014.0,391.2843406,IT=13;13 ,ii
50,UP 1,26.160,43948,18986420.0,0.20081156,1487422.2,391.2842971,IT=13;13 ,ii
51,UP 1,27.044,49500,19376582.0,0.20491782,1414648.5,391.2843578,IT=14;14 ,ii
52,UP 1,26.080,47672,19544676.0,0.20883865,1477142.8,391.2842572,IT=13;13 ,ii
53,UP 1,26.558,47132,19055176.0,0.21294691,1416540.9,391.2843741,IT=13;13 ,ii
54,UP 1,24.731,43388,19213778.0,0.21701352,1481677.1,391.2842713,IT=12;12 ,ii
55,UP 1,25.543,49412,19809822.0,0.22111982,1455576.9,391.284312,IT=13;13 ,ii
56,UP 1,25.548,49368,19885934.0,0.22504262,1481783.8,391.2843581,IT=13;13 ,ii
57,UP 1,24.003,46028,19429998.0,0.22911352,1408008.6,371.1013576,IT=12;12 ,ii
58,UP 1,25.629,47512,20030274.0,0.23323846,1498924.9,391.284291,IT=13;13 ,ii
59,UP 1,26.828,47888,19031012.0,0.23735096,1369666.4,391.2843499,IT=13;13 ,ii
60,UP 1,26.245,45692,19653304.0,0.24128419,1465851.0,391.2842168,IT=13;13 ,ii
61,UP 1,25.766,47340,19625006.0,0.24537801,1492015.1,391.2843454,IT=13;13 ,ii
62,UP 1,24.969,44376,18880346.0,0.24946334,1463467.4,391.2843454,IT=12;12 ,ii
63,UP 1,24.648,46500,19727366.0,0.25354452,1445685.2,391.2842981,IT=12;12 ,ii
64,UP 1,24.742,46320,19282402.0,0.25763619,1448217.5,391.2842787,IT=12;12 ,ii
65,UP 1,23.526,44656,19509546.0,0.26153622,1466144.5,391.2842049,IT=12;12 ,ii
66,UP 1,22.975,44128,19810912.0,0.26561326,1483528.4,391.2842066,IT=11;11 ,ii
67,UP 1,23.253,42628,19251648.0,0.26969441,1497887.9,391.2841601,IT=12;12 ,ii
68,UP 1,23.913,45272,19563630.0,0.27378607,1481457.5,391.2841647,IT=12;12 ,ii
69,UP 1,22.051,44952,20791166.0,0.27766947,1608095.6,391.2841111,IT=11;11 ,ii
70,UP 1,23.018,45736,19825926.0,0.28176939,1530227.6,391.2842275,IT=12;12 ,ii
71,UP 1,24.513,43396,19567686.0,0.28587139,1465497.0,391.2842465,IT=12;12 ,ii
72,UP 1,23.787,44364,19906606.0,0.28994849,1582330.6,391.2842927,IT=12;12 ,ii
73,UP 1,23.040,42508,19339138.0,0.29385474,1474351.6,391.2842492,IT=12;12 ,ii
74,UP 1,26.341,46700,19325174.0,0.29799012,1449132.1,391.2843201,IT=13;13 ,ii
75,UP 1,25.362,48392,19871566.0,0.30207129,1455246.4,391.2842543,IT=13;13 ,ii
76,UP 1,24.407,45032,18942898.0,0.30614422,1470305.2,391.2844441,IT=12;12 ,ii
77,UP 1,24.904,46500,19419022.0,0.31007131,1482335.5,391.2843026,IT=12;12 ,ii
78,UP 1,22.760,45392,20158110.0,0.31412961,1521019.8,391.284287,IT=11;11 ,ii
79,UP 1,23.942,43536,19676908.0,0.3182212,1480229.6,371.1012814,IT=12;12 ,ii
80,UP 1,24.874,46856,19288600.0,0.32231911,1488839.2,391.2844345,IT=12;12 ,ii
81,UP 1,22.702,46280,20363236.0,0.32620036,1508947.1,391.2841134,IT=11;11 ,ii
82,UP 1,25.268,49492,20268360.0,0.33032534,1483691.2,391.2842907,IT=13;13 ,ii
83,UP 1,24.137,48480,20270982.0,0.33440446,1457634.2,391.2842753,IT=12;12 ,ii
84,UP 1,23.563,46128,20494032.0,0.33847729,1537310.1,391.2841968,IT=12;12 ,ii
85,UP 1,22.871,43648,20004816.0,0.34255642,1498310.0,391.284121,IT=11;11 ,ii
86,UP 1,23.191,47300,20339456.0,0.34663771,1552877.0,391.2841777,IT=12;12 ,ii
87,UP 1,22.511,43372,20154032.0,0.35070642,1587646.9,391.284171,IT=11;11 ,ii
88,UP 1,22.184,43256,20180300.0,0.35477934,1479085.4,391.2841728,IT=11;11 ,ii
89,UP 1,24.350,48988,19921084.0,0.35888342,1466716.6,391.2842451,IT=12;12 ,ii
90,UP 1,21.909,44992,20957020.0,0.36276054,1609337.4,391.2840676,IT=11;11 ,ii
91,UP 1,22.875,41924,19553204.0,0.36685632,1455659.4,371.1011742,IT=11;11 ,ii
92,UP 1,23.101,42220,19145290.0,0.37093537,1444197.4,391.2842527,IT=12;12 ,ii
93,UP 1,21.737,47428,21040730.0,0.37499374,1558282.6,391.2841036,IT=11;11 ,ii
94,UP 1,22.529,43424,20213318.0,0.37891461,1548192.0,391.2841543,IT=11;11 ,ii
95,UP 1,23.288,42884,18763434.0,0.38300831,1358448.6,391.2842614,IT=12;12 ,ii
96,UP 1,22.655,46140,20569110.0,0.38707902,1602001.4,391.2841646,IT=11;11 ,ii
97,UP 1,21.410,40192,19796982.0,0.39113741,1476167.0,391.2840849,IT=11;11 ,ii
98,UP 1,23.014,45292,20060904.0,0.39507077,1472559.0,391.284181,IT=12;12 ,ii
99,UP 1,21.707,40924,20039254.0,0.39912902,1558414.4,391.2841702,IT=11;11 ,ii
100,UP 1,21.753,46796,20713534.0,0.40320392,1485200.2,371.1011843,IT=11;11 ,ii
101,UP 1,21.800,41524,20016630.0,0.40728104,1564102.5,391.2841105,IT=11;11 ,ii
102,UP 1,21.089,45216,20867068.0,0.41117693,1482847.0,391.2839987,IT=11;11 ,ii
103,UP 1,21.427,41180,19714072.0,0.415256,1443593.1,391.2841406,IT=11;11 ,ii
104,UP 1,22.028,41408,19678154.0,0.41933715,1601465.1,391.2842148,IT=11;11 ,ii
105,UP 1,20.438,41516,20490050.0,0.42338919,1624762.5,391.2839217,IT=10;10 ,ii
106,UP 1,21.273,41832,19995674.0,0.42729961,1527945.6,391.2840704,IT=11;11 ,ii
107,UP 1,21.071,44672,20197458.0,0.43136841,1413634.5,391.2841695,IT=11;11 ,ii
108,UP 1,22.064,44776,20106822.0,0.43545789,1557958.2,391.28411,IT=11;11 ,ii
109,UP 1,19.981,40704,20276254.0,0.43949126,1540284.4,391.2841112,IT=10;10 ,ii
110,UP 1,20.316,43476,20600656.0,0.44339326,1573610.9,391.2841112,IT=10;10 ,ii
111,UP 1,20.182,39000,19178464.0,0.44746,1420809.6,391.2840491,IT=10;10 ,ii
112,UP 1,21.009,43616,20388796.0,0.45153904,1532923.9,391.2839529,IT=11;11 ,ii
113,UP 1,21.181,44752,20312918.0,0.45560984,1604760.1,391.2839395,IT=11;11 ,ii
114,UP 1,20.811,39360,18966852.0,0.45950774,1509190.2,391.283958,IT=10;10 ,ii
115,UP 1,20.928,41180,19884792.0,0.46358072,1498908.0,391.2839213,IT=10;10 ,ii
116,UP 1,18.997,37608,20051136.0,0.46762646,1518129.1,391.2839479,IT=9.5;9.5 ,ii
117,UP 1,21.161,41348,19131172.0,0.47172017,1411563.2,391.2840097,IT=11;11 ,ii
118,UP 1,20.223,39908,19509836.0,0.47560973,1542664.1,391.2839495,IT=10;10 ,ii
119,UP 1,20.111,41208,20142210.0,0.47967429,1568683.1,391.2839305,IT=10;10 ,ii
120,UP 1,20.700,40284,19488376.0,0.48375759,1529943.1,391.2840495,IT=10;10 ,ii
121,UP 1,21.338,41796,19571700.0,0.48784717,1454220.9,391.2840336,IT=11;11 ,ii
122,UP 1,20.499,42388,20136400.0,0.49174084,1551244.9,391.2840446,IT=10;10 ,ii
123,UP 1,19.703,39176,19409988.0,0.49579919,1447739.8,391.2839916,IT=9.9;9.9 ,ii
124,UP 1,22.461,44928,19488150.0,0.49991374,1514707.2,391.284108,IT=11;11 ,ii
125,UP 1,19.883,39800,19580452.0,0.50395117,1469992.0,391.2840384,IT=9.9;9.9 ,ii
127,UP 1,19.039,40892,20027098.0,0.50976987,1481225.5,391.2840717,IT=9.5;9.5 ,ii
128,UP 1,19.413,38192,19314208.0,0.51384906,1518253.5,391.2840654,IT=9.7;9.7 ,ii
129,UP 1,19.322,38092,19462466.0,0.51775114,1585268.8,391.2840629,IT=9.7;9.7 ,ii
130,UP 1,19.990,40648,19511678.0,0.52183237,1540335.8,391.2840399,IT=10;10 ,ii
131,UP 1,20.232,42396,20038750.0,0.52590937,1462985.5,391.283775,IT=10;10 ,ii
132,UP 1,20.092,40412,19842850.0,0.52998856,1558571.5,391.2840155,IT=10;10 ,ii
133,UP 1,19.581,40308,20147082.0,0.53389481,1495602.6,391.284026,IT=9.8;9.8 ,ii
134,UP 1,21.295,40836,19054742.0,0.53799896,1445044.4,391.2841877,IT=11;11 ,ii
135,UP 1,19.865,39128,19924822.0,0.54205719,1531319.0,391.2839492,IT=9.9;9.9 ,ii
136,UP 1,19.581,40860,20197048.0,0.54613011,1567367.5,391.2840619,IT=9.8;9.8 ,ii
137,UP 1,19.706,39424,20023150.0,0.55020304,1547080.4,391.283947,IT=9.9;9.9 ,ii
138,UP 1,20.098,38056,19261862.0,0.55428637,1464919.8,391.2839071,IT=10;10 ,ii
139,UP 1,19.312,38956,20349832.0,0.55834879,1572873.1,391.2839767,IT=9.7;9.7 ,ii
140,UP 1,18.633,39040,19926664.0,0.56240917,1507382.5,391.2839144,IT=9.3;9.3 ,ii
141,UP 1,20.492,42436,20354950.0,0.56634241,1604704.0,391.2839296,IT=10;10 ,ii
142,UP 1,18.585,39804,20379578.0,0.57039447,1564209.2,371.1010018,IT=9.3;9.3 ,ii
143,UP 1,19.509,39380,19735728.0,0.57448819,1504655.0,391.2839133,IT=9.8;9.8 ,ii
144,UP 1,20.124,41044,20295200.0,0.57857151,1565940.0,391.2839276,IT=10;10 ,ii
145,UP 1,19.807,38184,19703038.0,0.58249022,1566285.5,391.2839266,IT=9.9;9.9 ,ii
146,UP 1,20.471,39512,19318760.0,0.58658186,1467758.1,391.2839394,IT=10;10 ,ii
147,UP 1,18.875,36640,19086536.0,0.59064022,1474700.2,391.2838758,IT=9.4;9.4 ,ii
148,UP 1,19.156,42000,20478538.0,0.59471309,1610837.5,391.2838601,IT=9.6;9.6 ,ii
149,UP 1,20.635,41384,19829666.0,0.59881306,1465086.5,391.2839844,IT=10;10 ,ii
150,UP 1,19.704,39252,19888878.0,0.60269011,1498281.1,391.2840721,IT=9.9;9.9 ,ii
151,UP 1,19.089,42480,19962482.0,0.60675257,1486641.8,391.2840614,IT=9.5;9.5 ,ii
152,UP 1,19.145,36748,18846808.0,0.61081507,1508007.9,391.2840078,IT=9.6;9.6 ,ii
153,UP 1,19.552,39616,20011540.0,0.61488171,1557785.5,391.2839471,IT=9.8;9.8 ,ii
154,UP 1,18.304,38544,20082158.0,0.61875259,1606078.2,391.2837992,IT=9.2;9.2 ,ii
155,UP 1,18.863,36404,20014156.0,0.62281915,1545934.5,391.2838393,IT=9.4;9.4 ,ii
156,UP 1,19.021,39564,19538760.0,0.62688162,1473899.1,391.2839392,IT=9.5;9.5 ,ii
157,UP 1,19.590,38392,19873916.0,0.63095244,1643109.4,391.2840276,IT=9.8;9.8 ,ii
158,UP 1,18.577,36340,19594830.0,0.63500032,1565410.9,391.2839543,IT=9.3;9.3 ,ii
159,UP 1,19.542,36280,18905412.0,0.63908366,1450494.4,391.2840367,IT=9.8;9.8 ,ii
160,UP 1,19.807,41452,19713066.0,0.64314191,1560045.6,391.2839944,IT=9.9;9.9 ,ii
161,UP 1,19.448,42572,20230586.0,0.64720442,1522447.1,391.2839097,IT=9.7;9.7 ,ii
162,UP 1,19.896,38728,19259818.0,0.65111274,1482501.1,391.2840203,IT=9.9;9.9 ,ii
163,UP 1,19.769,40220,19585692.0,0.65518144,1548642.2,391.2840179,IT=9.9;9.9 ,ii
164,UP 1,20.424,43104,19856870.0,0.65925847,1495464.8,391.2840221,IT=10;10 ,ii
165,UP 1,19.016,39312,20214564.0,0.66330642,1609517.2,391.2839589,IT=9.5;9.5 ,ii
166,UP 1,19.743,40300,20491120.0,0.66721061,1488141.1,391.2838229,IT=9.9;9.9 ,ii
167,UP 1,19.960,44404,20697686.0,0.67128129,1551614.2,391.2839525,IT=10;10 ,ii
168,UP 1,19.315,41920,20362700.0,0.67534171,1533208.6,391.2839308,IT=9.7;9.7 ,ii
169,UP 1,19.532,42520,20698116.0,0.67941045,1508661.8,371.1008701,IT=9.8;9.8 ,ii
170,UP 1,18.854,40976,21231878.0,0.68330421,1561198.5,391.2838817,IT=9.4;9.4 ,ii
171,UP 1,18.973,40432,20436830.0,0.68736874,1558048.9,391.2838691,IT=9.5;9.5 ,ii
172,UP 1,18.267,40984,20401974.0,0.69141662,1501578.6,391.283798,IT=9.1;9.1 ,ii
173,UP 1,18.648,37160,19702640.0,0.69547704,1508352.1,391.2839202,IT=9.3;9.3 ,ii
174,UP 1,18.445,35852,19824980.0,0.69936246,1533868.9,391.2839139,IT=9.2;9.2 ,ii
175,UP 1,19.066,39856,19234722.0,0.70343322,1475491.0,391.2839241,IT=9.5;9.5 ,ii
176,UP 1,18.998,40324,20059762.0,0.70749362,1644569.9,391.2839303,IT=9.5;9.5 ,ii
177,UP 1,19.978,42368,20530524.0,0.71156654,1533153.0,391.283926,IT=10;10 ,ii
178,UP 1,18.689,41060,20386816.0,0.71561232,1565158.0,391.2839317,IT=9.3;9.3 ,ii
179,UP 1,19.859,39336,19257248.0,0.71968726,1487746.6,391.2839087,IT=9.9;9.9 ,ii
180,UP 1,19.699,41488,20135438.0,0.72375599,1611996.9,391.2838226,IT=9.8;9.8 ,ii
181,UP 1,19.026,40564,20129400.0,0.72781224,1480769.6,391.2838756,IT=9.5;9.5 ,ii
182,UP 1,18.246,37988,20411972.0,0.73169132,1521939.4,391.2837454,IT=9.1;9.1 ,ii
183,UP 1,18.550,39956,20550698.0,0.73575177,1568939.4,391.2837994,IT=9.3;9.3 ,ii
184,UP 1,18.413,39956,20321838.0,0.73982046,1635303.0,391.283835,IT=9.2;9.2 ,ii
185,UP 1,18.864,38800,20056758.0,0.74388711,1551259.9,391.2839214,IT=9.4;9.4 ,ii
186,UP 1,18.652,37924,20161474.0,0.74777662,1591029.9,391.2838679,IT=9.3;9.3 ,ii
187,UP 1,17.710,37736,20109820.0,0.75181836,1579157.1,391.2838521,IT=8.9;8.9 ,ii
188,UP 1,18.894,37740,19714246.0,0.75588909,1599899.4,391.2838428,IT=9.4;9.4 ,ii
189,UP 1,18.166,37856,20057168.0,0.75993704,1551049.1,391.2839136,IT=9.1;9.1 ,ii
190,UP 1,18.244,37192,19833216.0,0.76383484,1523693.9,391.2838352,IT=9.1;9.1 ,ii
191,UP 1,18.929,41348,20534340.0,0.76790574,1579867.5,391.2838134,IT=9.5;9.5 ,ii
192,UP 1,18.760,41092,20541936.0,0.77196402,1578267.2,391.2839325,IT=9.4;9.4 ,ii
193,UP 1,18.640,40280,20470482.0,0.77601816,1538429.4,391.2839056,IT=9.3;9.3 ,ii
194,UP 1,17.918,37176,20044904.0,0.78006392,1517962.9,391.283811,IT=9;9 ,ii
195,UP 1,18.125,40156,20882040.0,0.78395564,1577525.2,371.1009076,IT=9.1;9.1 ,ii
196,UP 1,17.591,40432,20544998.0,0.78799932,1513899.4,391.2838275,IT=8.8;8.8 ,ii
197,UP 1,17.983,37308,19908020.0,0.79205767,1561337.8,391.2838731,IT=9;9 ,ii
198,UP 1,17.496,37072,20557718.0,0.79609924,1601020.0,391.2837818,IT=8.7;8.7 ,ii
199,UP 1,16.760,37384,20526494.0,0.80014508,1613053.8,391.2838733,IT=8.4;8.4 ,ii
200,UP 1,19.508,38280,19498372.0,0.80422634,1516864.2,391.2838684,IT=9.8;9.8 ,ii
201,UP 1,18.507,36932,19417532.0,0.80827212,1505810.1,391.2839206,IT=9.3;9.3 ,ii
202,UP 1,19.126,38756,20053674.0,0.81233874,1549782.5,391.2838706,IT=9.6;9.6 ,ii
203,UP 1,18.092,38456,19952642.0,0.81621377,1513114.2,391.2838313,IT=9;9 ,ii
204,UP 1,19.389,40776,20250858.0,0.82029287,1566613.0,391.2838643,IT=9.7;9.7 ,ii
205,UP 1,18.385,39580,20196956.0,0.82433861,1498157.2,391.2839382,IT=9.2;9.2 ,ii
206,UP 1,18.407,38528,20113558.0,0.82839071,1507038.2,391.2838807,IT=9.2;9.2 ,ii
207,UP 1,17.225,39168,20462556.0,0.83225739,1585164.4,391.2839103,IT=8.6;8.6 ,ii
208,UP 1,17.270,36060,20384120.0,0.83630937,1628750.8,391.2839252,IT=8.6;8.6 ,ii
209,UP 1,17.818,37232,19682368.0,0.84036976,1516597.1,391.2839322,IT=8.9;8.9 ,ii
210,UP 1,17.687,38296,20661354.0,0.84441979,1527465.8,391.2838456,IT=8.8;8.8 ,ii
211,UP 1,16.780,35128,20413654.0,0.84829062,1601917.0,391.283725,IT=8.4;8.4 ,ii
212,UP 1,16.935,37284,20504324.0,0.85233851,1539073.6,371.1008428,IT=8.5;8.5 ,ii
213,UP 1,17.638,40144,20647256.0,0.85640089,1584523.1,391.2839143,IT=8.8;8.8 ,ii
214,UP 1,16.971,36752,20643100.0,0.86043632,1578031.5,391.283896,IT=8.5;8.5 ,ii
215,UP 1,18.745,40080,20008380.0,0.86434677,1492447.8,391.2839366,IT=9.4;9.4 ,ii
216,UP 1,18.713,40152,20089402.0,0.86840507,1568562.5,391.2839383,IT=9.4;9.4 ,ii
217,UP 1,17.453,34268,19419004.0,0.87244038,1468975.4,391.2839022,IT=8.7;8.7 ,ii
218,UP 1,18.142,37968,20022766.0,0.87650289,1559432.8,391.2838558,IT=9.1;9.1 ,ii
219,UP 1,17.755,37808,20379732.0,0.88038209,1540791.2,391.2837623,IT=8.9;8.9 ,ii
220,UP 1,17.810,38640,20664640.0,0.88443621,1622896.5,391.2838316,IT=8.9;8.9 ,ii
221,UP 1,18.253,36504,19798564.0,0.88849654,1442729.9,371.1008785,IT=9.1;9.1 ,ii
222,UP 1,17.977,36036,19852464.0,0.89254237,1568207.5,391.2837761,IT=9;9 ,ii
223,UP 1,17.156,38456,20427912.0,0.89641741,1512167.1,391.2838714,IT=8.6;8.6 ,ii
224,UP 1,18.736,39788,20088500.0,0.90049442,1507788.0,391.2838789,IT=9.4;9.4 ,ii
225,UP 1,17.080,40392,20895832.0,0.90452351,1515982.1,391.2838939,IT=8.5;8.5 ,ii
226,UP 1,17.505,40076,20684408.0,0.90857769,1508347.0,391.2838346,IT=8.8;8.8 ,ii
227,UP 1,16.941,36208,20174196.0,0.91245479,1593090.4,391.2838618,IT=8.5;8.5 ,ii
228,UP 1,16.732,37932,20987692.0,0.91649849,1595950.4,391.2838081,IT=8.4;8.4 ,ii
229,UP 1,17.295,38508,20373128.0,0.92055254,1556580.1,391.2837917,IT=8.6;8.6 ,ii
230,UP 1,17.018,37308,20476240.0,0.92459842,1627983.0,391.2839242,IT=8.5;8.5 ,ii
231,UP 1,16.100,36780,20871108.0,0.92846304,1624488.6,391.2839436,IT=8.1;8.1 ,ii
232,UP 1,17.620,40196,20889934.0,0.93252964,1551973.8,391.2838159,IT=8.8;8.8 ,ii
233,UP 1,16.846,36684,20848024.0,0.93656704,1678337.2,391.2838206,IT=8.4;8.4 ,ii
234,UP 1,16.395,38628,21218238.0,0.94060872,1543242.2,391.2837251,IT=8.2;8.2 ,ii
235,UP 1,16.665,36344,20066388.0,0.94448792,1556990.8,391.2837869,IT=8.3;8.3 ,ii
236,UP 1,16.556,37452,20456212.0,0.94853161,1495824.0,391.2838066,IT=8.3;8.3 ,ii
237,UP 1,17.613,37972,20013872.0,0.95259401,1505816.2,391.2838031,IT=8.8;8.8 ,ii
238,UP 1,17.046,36420,20178810.0,0.95663569,1560352.2,391.283862,IT=8.5;8.5 ,ii
239,UP 1,17.584,35904,19593944.0,0.96052531,1536753.6,391.2839189,IT=8.8;8.8 ,ii
240,UP 1,16.564,35984,20827124.0,0.96456278,1624931.2,391.2837081,IT=8.3;8.3 ,ii
241,UP 1,16.893,37196,20448556.0,0.96861267,1589528.1,391.2837011,IT=8.4;8.4 ,ii
243,UP 1,15.910,37764,21049666.0,0.97280642,1567463.4,391.2836076,IT=8;8 ,ii
244,UP 1,16.329,36512,20539204.0,0.97668769,1653382.4,391.2837283,IT=8.2;8.2 ,ii
245,UP 1,17.399,37436,20697868.0,0.98075224,1549726.4,391.2837834,IT=8.7;8.7 ,ii
246,UP 1,17.602,35988,20442166.0,0.98481049,1584905.0,391.2836812,IT=8.8;8.8 ,ii
247,UP 1,17.337,35960,19989444.0,0.98885007,1561965.6,391.28388,IT=8.7;8.7 ,ii
248,UP 1,17.195,40028,20833616.0,0.99273134,1528026.0,391.2837611,IT=8.6;8.6 ,ii
249,UP 1,18.086,39004,20320196.0,0.99679379,1555572.0,391.2836961,IT=9;9 ,ii
250,UP 1,17.164,36356,19599250.0,1.0008312,1497456.9,391.2837555,IT=8.6;8.6 ,ii
251,UP 1,16.249,37224,20549076.0,1.0048624,1528405.4,371.1008124,IT=8.1;8.1 ,ii
253,UP 1,16.865,36952,19802754.0,1.0106437,1498573.6,391.283767,IT=8.4;8.4 ,ii
254,UP 1,17.352,41508,21169588.0,1.0147019,1563652.2,391.2836931,IT=8.7;8.7 ,ii
255,UP 1,17.185,35840,20530952.0,1.0185812,1614573.2,391.2837261,IT=8.6;8.6 ,ii
256,UP 1,17.490,37656,20262374.0,1.0226332,1441138.4,391.2836929,IT=8.7;8.7 ,ii
257,UP 1,16.740,38412,20966576.0,1.0266686,1578247.0,391.2837501,IT=8.4;8.4 ,ii
258,UP 1,17.572,36924,20096104.0,1.0307289,1476867.4,391.2836579,IT=8.8;8.8 ,ii
259,UP 1,17.215,39436,20325130.0,1.034604,1510392.5,391.2837844,IT=8.6;8.6 ,ii
260,UP 1,16.941,36788,20082868.0,1.0386539,1520282.1,391.2837615,IT=8.5;8.5 ,ii
261,UP 1,16.299,38232,20234658.0,1.0426872,1496834.2,391.2837047,IT=8.1;8.1 ,ii
262,UP 1,16.812,37072,20692506.0,1.0467371,1541205.9,371.1007683,IT=8.4;8.4 ,ii
263,UP 1,15.982,36112,20515512.0,1.0507705,1557434.2,371.1008858,IT=8;8 ,ii
264,UP 1,16.893,37056,20519760.0,1.0548309,1594538.9,391.2838456,IT=8.4;8.4 ,ii
265,UP 1,17.436,38276,20357484.0,1.0588809,1561456.1,391.2839153,IT=8.7;8.7 ,ii
266,UP 1,16.339,35316,20332684.0,1.0629183,1602885.6,391.2838274,IT=8.2;8.2 ,ii
267,UP 1,17.097,36020,20043030.0,1.0668079,1539056.0,391.2838071,IT=8.5;8.5 ,ii
268,UP 1,16.926,36156,20158660.0,1.0708558,1567537.6,391.2838015,IT=8.5;8.5 ,ii
269,UP 1,16.776,35992,19873410.0,1.0748995,1505757.8,391.2837708,IT=8.4;8.4 ,ii
270,UP 1,17.081,37920,19700768.0,1.0789474,1517664.8,391.2838171,IT=8.5;8.5 ,ii
271,UP 1,16.460,38180,20640270.0,1.0828203,1601399.5,391.2837475,IT=8.2;8.2 ,ii
272,UP 1,16.892,38544,20202872.0,1.0868702,1499740.4,391.2838412,IT=8.4;8.4 ,ii
273,UP 1,16.618,35708,20255104.0,1.090914,1555148.6,391.2837753,IT=8.3;8.3 ,ii
274,UP 1,16.436,36708,20424586.0,1.0949535,1595414.2,391.2838175,IT=8.2;8.2 ,ii
275,UP 1,17.418,33440,19322206.0,1.0988536,1529754.6,391.2838662,IT=8.7;8.7 ,ii
276,UP 1,15.798,36248,20590560.0,1.1028681,1590236.8,391.2838588,IT=7.9;7.9 ,ii
277,UP 1,15.897,36888,20863010.0,1.1069097,1611328.9,391.2837392,IT=7.9;7.9 ,ii
278,UP 1,17.411,33524,19603418.0,1.1109763,1550083.0,391.28391,IT=8.7;8.7 ,ii
279,UP 1,16.614,37632,20980408.0,1.1148493,1649619.2,391.2837624,IT=8.3;8.3 ,ii
280,UP 1,16.309,35912,19866618.0,1.1188825,1599551.4,391.2838108,IT=8.2;8.2 ,ii
281,UP 1,16.870,38124,20260638.0,1.1229305,1466757.6,371.1008437,IT=8.4;8.4 ,ii
282,UP 1,17.656,36928,20134350.0,1.1269929,1515573.4,391.2838807,IT=8.8;8.8 ,ii
283,UP 1,16.780,37440,20631614.0,1.1308659,1552514.8,371.1007788,IT=8.4;8.4 ,ii
284,UP 1,18.608,36224,19475184.0,1.1349408,1536270.8,391.2838626,IT=9.3;9.3 ,ii
285,UP 1,16.469,35880,19984106.0,1.1389595,1604584.8,391.283848,IT=8.2;8.2 ,ii
286,UP 1,17.302,38044,20304884.0,1.1430157,1506127.1,391.2838733,IT=8.7;8.7 ,ii
287,UP 1,15.749,34824,20581634.0,1.146872,1576924.5,391.2838485,IT=7.9;7.9 ,ii
288,UP 1,16.655,35372,20168212.0,1.150924,1627618.5,391.283836,IT=8.3;8.3 ,ii
289,UP 1,16.052,33776,20045066.0,1.1549594,1616229.5,391.2838474,IT=8;8 ,ii
290,UP 1,16.833,37472,20629466.0,1.1590114,1602514.2,391.2838393,IT=8.4;8.4 ,ii
291,UP 1,17.203,38192,20309040.0,1.1628948,1518980.0,371.1009072,IT=8.6;8.6 ,ii
292,UP 1,16.974,37120,20391272.0,1.1669426,1592551.0,391.283917,IT=8.5;8.5 ,ii
293,UP 1,16.104,33784,19952616.0,1.1709801,1596817.8,391.283831,IT=8.1;8.1 ,ii
294,UP 1,17.813,36168,19594588.0,1.1750509,1496299.1,391.2839568,IT=8.9;8.9 ,ii
295,UP 1,17.465,36756,19945962.0,1.178928,1484858.4,391.2837908,IT=8.7;8.7 ,ii
296,UP 1,18.044,38996,20457030.0,1.1829884,1534256.1,391.2838843,IT=9;9 ,ii
297,UP 1,16.909,35324,20109558.0,1.1870216,1535549.5,391.2837954,IT=8.5;8.5 ,ii
298,UP 1,16.881,36876,20443112.0,1.1910674,1546762.6,391.2839356,IT=8.4;8.4 ,ii
299,UP 1,18.526,37584,19692272.0,1.1949716,1501584.4,391.2838819,IT=9.3;9.3 ,ii
300,UP 1,17.321,37656,20340132.0,1.1990133,1558529.9,391.2837795,IT=8.7;8.7 ,ii
301,UP 1,16.008,35196,20204322.0,1.2030402,1568593.1,391.2837494,IT=8;8 ,ii
302,UP 1,16.227,36776,19890520.0,1.2070965,1475796.0,371.1008066,IT=8.1;8.1 ,ii
303,UP 1,16.131,35880,20625488.0,1.210957,1646393.0,391.2837368,IT=8.1;8.1 ,ii
304,UP 1,16.698,37076,20249324.0,1.2150111,1518458.1,391.2838092,IT=8.3;8.3 ,ii
305,UP 1,17.738,35332,19135406.0,1.2190714,1479971.6,391.2839265,IT=8.9;8.9 ,ii
306,UP 1,16.499,34276,19938838.0,1.2231089,1543631.6,391.2838045,IT=8.2;8.2 ,ii
307,UP 1,16.436,34380,19842608.0,1.2269777,1433295.0,371.1008252,IT=8.2;8.2 ,ii
308,UP 1,16.518,39272,21096332.0,1.2310235,1566500.8,391.2836984,IT=8.3;8.3 ,ii
309,UP 1,16.723,36460,20349126.0,1.2350671,1587017.0,391.283788,IT=8.4;8.4 ,ii
310,UP 1,16.234,38416,20382458.0,1.2391067,1517005.2,391.283775,IT=8.1;8.1 ,ii
311,UP 1,16.059,34704,20568628.0,1.2429776,1589922.1,391.2837484,IT=8;8 ,ii
312,UP 1,16.146,35988,20491234.0,1.2470234,1642428.5,391.2836998,IT=8.1;8.1 ,ii
313,UP 1,16.340,34640,19705300.0,1.251067,1521064.6,391.2837346,IT=8.2;8.2 ,ii
314,UP 1,16.373,36996,20542948.0,1.2551107,1562909.2,391.2836756,IT=8.2;8.2 ,ii
315,UP 1,16.796,36268,20350296.0,1.2591629,1517499.1,391.2837189,IT=8.4;8.4 ,ii
316,UP 1,17.721,34256,18793252.0,1.2632212,1458144.2,391.2838722,IT=8.9;8.9 ,ii
317,UP 1,17.814,38880,19972318.0,1.2672773,1564755.6,391.2838714,IT=8.9;8.9 ,ii
318,UP 1,17.056,39864,20873756.0,1.2713149,1597330.9,391.283805,IT=8.5;8.5 ,ii
319,UP 1,16.169,34556,20251160.0,1.2751795,1539844.2,391.2838145,IT=8.1;8.1 ,ii
320,UP 1,17.663,37884,20056676.0,1.279244,1508834.8,391.2838446,IT=8.8;8.8 ,ii
321,UP 1,16.260,35440,20484074.0,1.2832731,1560329.2,391.2837864,IT=8.1;8.1 ,ii
322,UP 1,16.464,37752,21115754.0,1.2873231,1592099.9,371.1008004,IT=8.2;8.2 ,ii
323,UP 1,15.403,35868,21072474.0,1.2911856,1550925.9,371.1007203,IT=7.7;7.7 ,ii
324,UP 1,15.150,34440,20420650.0,1.2952106,1622746.4,391.2837434,IT=7.6;7.6 ,ii
325,UP 1,15.933,36068,20691680.0,1.2992521,1617411.1,391.2837677,IT=8;8 ,ii
326,UP 1,16.663,38844,20890356.0,1.3033021,1561150.6,371.100832,IT=8.3;8.3 ,ii
327,UP 1,16.180,34768,20700510.0,1.3071772,1606822.4,391.2837474,IT=8.1;8.1 ,ii
328,UP 1,16.775,34824,20356686.0,1.3112292,1630056.5,391.2837301,IT=8.4;8.4 ,ii
329,UP 1,16.341,36148,20591132.0,1.3152666,1643799.8,391.283794,IT=8.2;8.2 ,ii
330,UP 1,15.866,33936,20425556.0,1.3192999,1647083.0,391.2837437,IT=7.9;7.9 ,ii
331,UP 1,15.959,34792,20170056.0,1.3231666,1541988.1,391.2838142,IT=8;8 ,ii
332,UP 1,17.026,37300,20206202.0,1.327227,1531999.5,391.2837862,IT=8.5;8.5 ,ii
333,UP 1,15.879,34432,20488242.0,1.3312561,1657921.1,391.2837818,IT=7.9;7.9 ,ii
334,UP 1,16.245,35616,20789938.0,1.3352998,1630786.8,391.2837792,IT=8.1;8.1 ,ii
335,UP 1,16.514,34316,19871044.0,1.339181,1540375.5,391.2838239,IT=8.3;8.3 ,ii
336,UP 1,15.507,33088,20910864.0,1.3432081,1663226.2,391.2837363,IT=7.8;7.8 ,ii
337,UP 1,15.434,35788,20925126.0,1.3472455,1587539.6,391.2837986,IT=7.7;7.7 ,ii
338,UP 1,15.771,35732,20939362.0,1.3512873,1673754.5,391.2837532,IT=7.9;7.9 ,ii
339,UP 1,15.108,34084,20632704.0,1.3551456,1594426.6,391.2837696,IT=7.6;7.6 ,ii
340,UP 1,15.052,33860,20282364.0,1.3591685,1638140.8,391.2837323,IT=7.5;7.5 ,ii
341,UP 1,15.598,33504,19813178.0,1.3631975,1585142.8,391.2838646,IT=7.8;7.8 ,ii
342,UP 1,16.922,38320,20676674.0,1.367258,1615999.1,391.2836697,IT=8.5;8.5 ,ii
343,UP 1,16.586,38040,20451702.0,1.3711413,1517836.4,391.2837461,IT=8.3;8.3 ,ii
344,UP 1,14.942,32784,19723524.0,1.3751517,1596389.5,391.2837436,IT=7.5;7.5 ,ii
345,UP 1,16.442,36488,20391550.0,1.3792016,1562875.2,391.2837353,IT=8.2;8.2 ,ii
346,UP 1,15.192,35480,20732848.0,1.3832203,1575975.5,391.2837303,IT=7.6;7.6 ,ii
347,UP 1,15.796,33416,20196448.0,1.3870954,1620290.6,391.2836696,IT=7.9;7.9 ,ii
348,UP 1,15.575,34840,20286170.0,1.3911266,1540565.4,371.100822,IT=7.8;7.8 ,ii
349,UP 1,15.876,38068,20802782.0,1.3951702,1636666.0,391.2836202,IT=7.9;7.9 ,ii
350,UP 1,15.184,33696,20205072.0,1.3991953,1495054.2,391.283674,IT=7.6;7.6 ,ii
351,UP 1,16.021,35564,20635366.0,1.4030703,1576390.4,391.2836979,IT=8;8 ,ii
352,UP 1,15.270,34540,20549488.0,1.4071098,1611410.2,391.2836644,IT=7.6;7.6 ,ii
353,UP 1,15.426,33740,20092194.0,1.4111431,1511520.1,391.2837211,IT=7.7;7.7 ,ii
354,UP 1,15.221,36472,20570600.0,1.4151743,1585824.0,391.2837437,IT=7.6;7.6 ,ii
355,UP 1,15.299,37400,20711856.0,1.4190348,1538110.8,391.2837151,IT=7.6;7.6 ,ii
356,UP 1,16.116,34976,20564110.0,1.4230639,1575655.1,391.2837699,IT=8.1;8.1 ,ii
357,UP 1,16.021,33584,20452224.0,1.4271117,1604141.2,391.283694,IT=8;8 ,ii
358,UP 1,16.251,35116,19934300.0,1.4311513,1520800.2,391.2838553,IT=8.1;8.1 ,ii
359,UP 1,15.955,33104,19291094.0,1.4350221,1503288.1,391.2838035,IT=8;8 ,ii
360,UP 1,16.593,35484,19667286.0,1.43907,1577921.8,391.283795,IT=8.3;8.3 ,ii
361,UP 1,15.639,34188,19915400.0,1.4431011,1468182.9,391.283775,IT=7.8;7.8 ,ii
362,UP 1,16.116,35304,20162340.0,1.4471449,1526786.5,391.2837123,IT=8.1;8.1 ,ii
363,UP 1,16.186,38660,20650034.0,1.4510262,1519807.1,391.2837831,IT=8.1;8.1 ,ii
364,UP 1,15.647,34208,19758960.0,1.4550574,1420909.2,391.283922,IT=7.8;7.8 ,ii
365,UP 1,15.216,36116,20801658.0,1.4590927,1564572.5,391.2837223,IT=7.6;7.6 ,ii
366,UP 1,16.379,32368,19544596.0,1.4631385,1506913.8,391.2838621,IT=8.2;8.2 ,ii
367,UP 1,15.986,37900,20920958.0,1.467176,1678509.6,391.2837497,IT=8;8 ,ii
368,UP 1,16.198,34264,19805736.0,1.4712197,1497320.1,391.2837484,IT=8.1;8.1 ,ii
369,UP 1,17.310,38296,19888962.0,1.4752801,1520605.1,391.2837611,IT=8.7;8.7 ,ii
370,UP 1,16.890,36720,20295968.0,1.4793217,1578779.8,391.2837008,IT=8.4;8.4 ,ii
371,UP 1,16.249,34880,20189296.0,1.4831905,1545009.8,391.2837521,IT=8.1;8.1 ,ii
372,UP 1,15.543,35264,20152852.0,1.4872217,1615487.1,391.2837399,IT=7.8;7.8 ,ii
373,UP 1,15.280,33816,19845146.0,1.4912508,1530567.2,391.2836667,IT=7.6;7.6 ,ii
374,UP 1,16.148,35532,19653690.0,1.4952925,1497483.0,391.2838147,IT=8.1;8.1 ,ii
375,UP 1,15.910,34052,19720364.0,1.4991655,1558786.5,391.2837582,IT=8;8 ,ii
376,UP 1,16.006,35376,19694462.0,1.5032091,1504034.8,391.2838724,IT=8;8 ,ii
377,UP 1,15.766,35228,19915474.0,1.5072445,1546969.8,391.283973,IT=7.9;7.9 ,ii
379,UP 1,15.473,35256,20382302.0,1.5114299,1576346.6,391.283873,IT=7.7;7.7 ,ii
380,UP 1,16.391,34748,20032396.0,1.5153174,1593792.1,391.2839286,IT=8.2;8.2 ,ii
381,UP 1,15.747,33832,20689056.0,1.5193527,1670684.5,391.2837869,IT=7.9;7.9 ,ii
382,UP 1,15.268,33660,20070888.0,1.5233715,1511596.9,391.2837546,IT=7.6;7.6 ,ii
383,UP 1,16.278,33796,20368992.0,1.5274131,1476531.0,371.1008731,IT=8.1;8.1 ,ii
384,UP 1,15.866,33120,20080200.0,1.5312798,1584476.4,391.2838328,IT=7.9;7.9 ,ii
385,UP 1,14.274,32468,20685076.0,1.5352901,1636520.9,391.2837464,IT=7.1;7.1 ,ii
386,UP 1,15.917,38092,20819094.0,1.5393255,1631780.1,391.2839513,IT=8;8 ,ii
387,UP 1,14.785,34164,20665358.0,1.5433443,1632858.0,391.2838302,IT=7.4;7.4 ,ii
388,UP 1,15.350,31728,20355878.0,1.5472067,1670804.8,391.283813,IT=7.7;7.7 ,ii
389,UP 1,16.124,39200,20948708.0,1.5512484,1606409.9,391.2838864,IT=8.1;8.1 ,ii
390,UP 1,17.592,34508,18920228.0,1.555315,1543053.9,391.2840084,IT=8.8;8.8 ,ii
391,UP 1,17.191,36684,20015884.0,1.5593546,1513950.2,391.2839028,IT=8.6;8.6 ,ii
392,UP 1,15.571,36516,20548700.0,1.5632088,1531712.1,391.2837681,IT=7.8;7.8 ,ii
393,UP 1,15.567,34620,20478422.0,1.5672421,1667025.2,391.2838211,IT=7.8;7.8 ,ii
394,UP 1,16.851,35900,19959788.0,1.5712982,1554565.4,391.2838507,IT=8.4;8.4 ,ii
395,UP 1,16.423,34392,19392806.0,1.5753357,1489726.9,391.2838251,IT=8.2;8.2 ,ii
396,UP 1,15.852,34488,20412128.0,1.5792045,1589231.6,391.2837249,IT=7.9;7.9 ,ii
397,UP 1,15.703,34524,20144220.0,1.5832398,1533221.0,391.2837862,IT=7.9;7.9 ,ii
398,UP 1,15.919,33288,19482518.0,1.5872835,1581793.0,391.2838906,IT=8;8 ,ii
399,UP 1,15.332,32896,19561644.0,1.5913106,1538026.1,391.2838437,IT=7.7;7.7 ,ii
401,UP 1,14.460,31412,19955470.0,1.5971667,1536055.1,391.2837635,IT=7.2;7.2 ,ii
402,UP 1,15.201,33832,19449484.0,1.6010501,1522564.4,391.2838495,IT=7.6;7.6 ,ii
403,UP 1,15.394,35000,19812584.0,1.6050793,1469011.0,391.2837784,IT=7.7;7.7 ,ii
404,UP 1,16.067,32700,19456924.0,1.6091272,1522548.5,391.2838801,IT=8;8 ,ii
405,UP 1,15.772,35972,20268638.0,1.6131605,1605550.2,391.283741,IT=7.9;7.9 ,ii
406,UP 1,15.568,34812,20368670.0,1.6170355,1631011.2,391.2837214,IT=7.8;7.8 ,ii
407,UP 1,15.008,33656,20388086.0,1.6210646,1603312.8,391.2836015,IT=7.5;7.5 ,ii
408,UP 1,16.047,36428,20282560.0,1.6250854,1501552.6,391.2837871,IT=8;8 ,ii
409,UP 1,15.432,33612,20304450.0,1.6291187,1631140.9,391.283821,IT=7.7;7.7 ,ii
410,UP 1,16.015,35700,20212064.0,1.6331561,1603589.8,391.2837198,IT=8;8 ,ii
411,UP 1,16.250,34232,19328138.0,1.6372104,1421189.8,391.2837608,IT=8.1;8.1 ,ii
412,UP 1,15.601,34280,20278714.0,1.6412415,1612890.0,391.2837346,IT=7.8;7.8 ,ii
413,UP 1,16.545,36424,20607002.0,1.6452916,1550895.0,391.2836541,IT=8.3;8.3 ,ii
414,UP 1,15.153,34064,20253546.0,1.6491435,1560235.9,391.2837471,IT=7.6;7.6 ,ii
415,UP 1,15.941,33120,19947614.0,1.6531873,1575939.6,391.2837897,IT=8;8 ,ii
416,UP 1,15.480,34620,19807780.0,1.6572227,1515920.4,391.2837822,IT=7.7;7.7 ,ii
417,UP 1,15.803,32664,20004524.0,1.6612602,1532842.2,391.2836735,IT=7.9;7.9 ,ii
418,UP 1,14.705,37140,21261248.0,1.6651142,1611334.6,391.2836899,IT=7.4;7.4 ,ii
419,UP 1,17.913,37464,19760776.0,1.6691809,1485434.9,391.2837737,IT=9;9 ,ii
420,UP 1,15.096,35388,20790606.0,1.6731955,1578037.4,391.2837673,IT=7.5;7.5 ,ii
421,UP 1,15.860,35712,20131508.0,1.6772309,1559827.5,391.2837965,IT=7.9;7.9 ,ii
422,UP 1,15.919,32712,19336520.0,1.6811017,1515201.9,391.2838075,IT=8;8 ,ii
423,UP 1,15.590,32948,19645934.0,1.6851371,1578035.0,391.2837615,IT=7.8;7.8 ,ii
424,UP 1,16.181,37240,20446332.0,1.6891829,1540257.6,391.2838132,IT=8.1;8.1 ,ii
425,UP 1,15.720,34600,20125734.0,1.6932266,1544526.2,391.2837443,IT=7.9;7.9 ,ii
426,UP 1,15.624,33748,19869316.0,1.6970975,1583806.0,391.2836796,IT=7.8;7.8 ,ii
427,UP 1,15.797,36328,20296772.0,1.7011433,1515722.6,391.2836977,IT=7.9;7.9 ,ii
428,UP 1,15.111,36312,20635072.0,1.7051724,1494413.8,391.2837382,IT=7.6;7.6 ,ii
429,UP 1,15.513,30924,19298500.0,1.7092078,1565881.9,391.2837251,IT=7.8;7.8 ,ii
430,UP 1,15.858,33632,20203896.0,1.7130807,1601928.1,391.2837523,IT=7.9;7.9 ,ii
431,UP 1,14.651,30996,20431464.0,1.7170994,1560651.6,391.283635,IT=7.3;7.3 ,ii
432,UP 1,15.492,34652,19754336.0,1.7211327,1435881.5,391.2837659,IT=7.7;7.7 ,ii
433,UP 1,15.071,30708,19835784.0,1.725141,1546621.8,391.2837204,IT=7.5;7.5 ,ii
434,UP 1,15.349,35720,20115302.0,1.7289972,1567078.5,391.2837914,IT=7.7;7.7 ,ii
435,UP 1,15.608,30960,19306198.0,1.7330347,1584683.8,391.283583,IT=7.8;7.8 ,ii
436,UP 1,15.981,36928,20214214.0,1.7370805,1521887.8,391.2838107,IT=8;8 ,ii
437,UP 1,15.562,32500,19678156.0,1.7411159,1535862.9,391.2837569,IT=7.8;7.8 ,ii
438,UP 1,15.341,34292,20616410.0,1.7449784,1573495.4,391.2836896,IT=7.7;7.7 ,ii
439,UP 1,15.459,35512,20467374.0,1.7490117,1627261.6,391.2837833,IT=7.7;7.7 ,ii
440,UP 1,15.171,31816,20047354.0,1.7530512,1520277.6,391.2837021,IT=7.6;7.6 ,ii
441,UP 1,15.730,33236,19311434.0,1.7570887,1478998.5,391.2838116,IT=7.9;7.9 ,ii
442,UP 1,15.950,36224,19422558.0,1.7609679,1569908.8,391.2838497,IT=8;8 ,ii
443,UP 1,15.921,34536,19554974.0,1.7650074,1443667.8,391.2838793,IT=8;8 ,ii
444,UP 1,14.913,33968,19962266.0,1.7690344,1624729.4,391.2837989,IT=7.5;7.5 ,ii
445,UP 1,15.443,33628,19972164.0,1.7730636,1495015.1,391.2838337,IT=7.7;7.7 ,ii
446,UP 1,15.046,34444,20763784.0,1.776924,1570629.6,391.2838177,IT=7.5;7.5 ,ii
447,UP 1,15.028,35460,20720062.0,1.780949,1600224.8,391.2836782,IT=7.5;7.5 ,ii
448,UP 1,15.225,32940,19583230.0,1.7849781,1631482.4,391.283865,IT=7.6;7.6 ,ii
449,UP 1,14.764,32084,20175304.0,1.7889947,1632670.2,391.2837964,IT=7.4;7.4 ,ii
450,UP 1,14.993,35596,20713614.0,1.7928489,1561271.8,371.1008649,IT=7.5;7.5 ,ii
451,UP 1,15.468,33424,19935056.0,1.7968801,1575528.1,391.283745,IT=7.7;7.7 ,ii
452,UP 1,14.378,34656,20660162.0,1.8009029,1579256.9,391.2838867,IT=7.2;7.2 ,ii
453,UP 1,15.298,31620,19395318.0,1.8049259,1510230.2,391.2838231,IT=7.6;7.6 ,ii
454,UP 1,14.956,32100,20496164.0,1.8087863,1636070.6,391.2837681,IT=7.5;7.5 ,ii
455,UP 1,15.006,34156,20496420.0,1.8128092,1608210.9,391.2838105,IT=7.5;7.5 ,ii
456,UP 1,16.309,37092,20404146.0,1.8168549,1532423.5,391.283854,IT=8.2;8.2 ,ii
457,UP 1,14.832,34340,20377854.0,1.8208758,1614698.5,391.2838615,IT=7.4;7.4 ,ii
458,UP 1,15.117,33608,19882296.0,1.8247195,1520226.6,391.2838055,IT=7.6;7.6 ,ii
459,UP 1,14.463,33524,20517704.0,1.8287278,1515273.5,391.2837083,IT=7.2;7.2 ,ii
460,UP 1,15.694,34588,20188424.0,1.8327527,1538136.9,391.2838333,IT=7.8;7.8 ,ii
461,UP 1,14.712,32740,20483064.0,1.8367735,1623265.9,391.2838737,IT=7.4;7.4 ,ii
462,UP 1,15.400,33844,19935710.0,1.8408048,1544674.4,391.2838638,IT=7.7;7.7 ,ii
463,UP 1,15.266,36204,20188018.0,1.8448361,1576336.5,391.2838894,IT=7.6;7.6 ,ii
464,UP 1,15.129,37456,20799132.0,1.8488672,1608189.4,391.2839089,IT=7.6;7.6 ,ii
465,UP 1,16.666,34748,19709330.0,1.8529214,1506794.0,391.2839198,IT=8.3;8.3 ,ii
466,UP 1,16.053,36932,20468162.0,1.8567839,1617659.2,391.2838034,IT=8;8 ,ii
467,UP 1,15.415,35332,20170538.0,1.8608193,1609122.0,391.2838954,IT=7.7;7.7 ,ii
468,UP 1,15.314,31064,19947314.0,1.8648484,1575912.6,391.2836686,IT=7.7;7.7 ,ii
469,UP 1,15.628,36788,20153082.0,1.8688817,1534373.4,391.2838336,IT=7.8;7.8 ,ii
470,UP 1,15.502,34128,20191660.0,1.8727505,1621941.9,391.2837416,IT=7.8;7.8 ,ii
471,UP 1,15.641,34508,20495376.0,1.8767858,1538938.9,391.2837361,IT=7.8;7.8 ,ii
472,UP 1,15.854,36884,20361884.0,1.8808274,1577346.8,391.2838392,IT=7.9;7.9 ,ii
473,UP 1,16.037,35308,19630956.0,1.8848691,1464352.8,391.2837484,IT=8;8 ,ii
474,UP 1,14.894,32600,20011116.0,1.8887233,1594098.6,391.2837883,IT=7.4;7.4 ,ii
475,UP 1,15.577,33240,19863548.0,1.8927545,1539898.5,391.2837704,IT=7.8;7.8 ,ii
476,UP 1,14.881,36612,21252350.0,1.8967794,1581518.2,391.283733,IT=7.4;7.4 ,ii
477,UP 1,14.250,30816,19748036.0,1.9007919,1517872.8,391.2836646,IT=7.1;7.1 ,ii
478,UP 1,15.635,35104,20250254.0,1.9046544,1569449.6,391.2838242,IT=7.8;7.8 ,ii
479,UP 1,14.551,36008,21147354.0,1.9086752,1699013.1,391.2837019,IT=7.3;7.3 ,ii
480,UP 1,15.536,34704,20415802.0,1.9127105,1548173.9,391.2837519,IT=7.8;7.8 ,ii
481,UP 1,15.271,32688,19862938.0,1.9167397,1517189.1,391.2836825,IT=7.6;7.6 ,ii
482,UP 1,14.609,36112,21586156.0,1.9205897,1652350.5,391.2837809,IT=7.3;7.3 ,ii
483,UP 1,16.041,35856,20632942.0,1.9246105,1587564.2,391.283834,IT=8;8 ,ii
484,UP 1,15.805,35180,19822648.0,1.9286479,1512080.8,391.2838166,IT=7.9;7.9 ,ii
485,UP 1,15.292,34288,20472428.0,1.932675,1624136.0,391.283758,IT=7.6;7.6 ,ii
486,UP 1,15.914,36756,21079552.0,1.936548,1604987.5,391.2837171,IT=8;8 ,ii
487,UP 1,14.956,34780,20279292.0,1.9405729,1506542.0,391.2837406,IT=7.5;7.5 ,ii
488,UP 1,15.301,35788,20390056.0,1.9445999,1620342.5,391.2837309,IT=7.7;7.7 ,ii
489,UP 1,15.065,36148,20824736.0,1.9486249,1565036.8,391.2837653,IT=7.5;7.5 ,ii
490,UP 1,15.694,35288,20120768.0,1.9524937,1561648.0,391.2837942,IT=7.8;7.8 ,ii
491,UP 1,15.715,35352,19851658.0,1.956527,1572051.5,391.283856,IT=7.9;7.9 ,ii
492,UP 1,15.732,36152,19994558.0,1.9605664,1519996.9,391.2838258,IT=7.9;7.9 ,ii
493,UP 1,15.272,34924,19858396.0,1.9645956,1488852.4,391.2838229,IT=7.6;7.6 ,ii
494,UP 1,15.932,35112,19739276.0,1.9686353,1528549.8,391.283894,IT=8;8 ,ii
495,UP 1,15.457,36632,20614040.0,1.9726685,1574341.9,391.2837335,IT=7.7;7.7 ,ii
496,UP 1,14.819,35344,20326576.0,1.9766872,1554786.9,391.2837751,IT=7.4;7.4 ,ii
497,UP 1,16.254,34840,19848398.0,1.9807351,1525945.6,391.2838153,IT=8.1;8.1 ,ii
498,UP 1,15.122,33992,20444652.0,1.9845914,1518861.0,391.2837633,IT=7.6;7.6 ,ii
499,UP 1,14.934,32752,20037998.0,1.9886101,1547308.2,391.2838985,IT=7.5;7.5 ,ii
500,UP 1,15.042,34428,20679438.0,1.9926329,1570374.1,391.2836932,IT=7.5;7.5 ,ii
501,UP 1,15.576,33316,20042956.0,1.9966683,1551430.6,391.2838567,IT=7.8;7.8 ,ii
502,UP 1,15.433,35776,20873416.0,2.0005371,1594796.4,391.2837778,IT=7.7;7.7 ,ii
503,UP 1,15.567,35880,20281808.0,2.0045745,1539150.8,391.2839286,IT=7.8;7.8 ,ii
504,UP 1,15.696,35304,20382186.0,2.0086141,1548427.0,391.2838316,IT=7.8;7.8 ,ii
506,UP 1,15.205,33004,19711416.0,2.0127932,1484921.9,391.2838358,IT=7.6;7.6 ,ii
507,UP 1,15.529,32780,19419760.0,2.0166745,1508206.6,391.2838194,IT=7.8;7.8 ,ii
508,UP 1,15.057,34412,20327328.0,2.0207035,1582981.8,391.2837923,IT=7.5;7.5 ,ii
509,UP 1,14.877,34728,21229032.0,2.024716,1613003.8,391.2836218,IT=7.4;7.4 ,ii
510,UP 1,15.182,35192,20799980.0,2.0287389,1567991.6,391.2838329,IT=7.6;7.6 ,ii
511,UP 1,15.159,32576,20603148.0,2.0325973,1682506.8,391.2838889,IT=7.6;7.6 ,ii
512,UP 1,15.251,36024,20772880.0,2.0366264,1559996.0,371.1008519,IT=7.6;7.6 ,ii
513,UP 1,14.480,34784,21285200.0,2.0406493,1591655.9,391.2838402,IT=7.2;7.2 ,ii
514,UP 1,14.546,32032,20415608.0,2.0446618,1575913.0,391.2838264,IT=7.3;7.3 ,ii
515,UP 1,16.001,34556,19973616.0,2.0486972,1555239.9,391.2839483,IT=8;8 ,ii
516,UP 1,15.299,33300,20598268.0,2.0527263,1582339.8,391.2837803,IT=7.6;7.6 ,ii
517,UP 1,14.181,31152,19827996.0,2.0567366,1655525.1,391.2839071,IT=7.1;7.1 ,ii
518,UP 1,15.176,33008,19974912.0,2.0607617,1524308.8,391.2838463,IT=7.6;7.6 ,ii
519,UP 1,15.363,34876,20225748.0,2.0646263,1551284.8,391.2839292,IT=7.7;7.7 ,ii
520,UP 1,14.932,30940,20220362.0,2.0686471,1589767.1,391.283727,IT=7.5;7.5 ,ii
521,UP 1,14.694,35312,20897534.0,2.0726636,1550873.8,391.2837308,IT=7.3;7.3 ,ii
522,UP 1,15.851,34532,19918384.0,2.0766949,1488637.1,391.2838761,IT=7.9;7.9 ,ii
523,UP 1,14.941,34368,20662010.0,2.0805595,1591728.0,391.2838631,IT=7.5;7.5 ,ii
524,UP 1,15.446,36724,21106950.0,2.0845907,1598019.1,391.2838486,IT=7.7;7.7 ,ii
525,UP 1,16.935,36484,19810042.0,2.0886448,1477818.4,391.2839892,IT=8.5;8.5 ,ii
526,UP 1,15.619,36672,20241218.0,2.0926677,1620595.6,391.2838938,IT=7.8;7.8 ,ii
527,UP 1,14.394,34680,20889922.0,2.096524,1599970.2,391.2837762,IT=7.2;7.2 ,ii
528,UP 1,15.498,34148,20924966.0,2.1005593,1599607.4,391.2837497,IT=7.7;7.7 ,ii
529,UP 1,15.416,33864,19970268.0,2.1045884,1560934.5,391.2838482,IT=7.7;7.7 ,ii
530,UP 1,14.860,34116,20164730.0,2.1086113,1585273.0,391.2838438,IT=7.4;7.4 ,ii
531,UP 1,14.726,29764,19934834.0,2.1124613,1582740.1,391.2838942,IT=7.4;7.4 ,ii
533,UP 1,15.576,33808,20744236.0,2.1183342,1562820.8,371.1008409,IT=7.8;7.8 ,ii
534,UP 1,15.723,36540,20916796.0,2.1223779,1615669.4,391.2838424,IT=7.9;7.9 ,ii
535,UP 1,15.232,32716,19526572.0,2.1263966,1554819.0,391.2840621,IT=7.6;7.6 ,ii
536,UP 1,15.504,34588,20699282.0,2.1304362,1681975.1,391.2838501,IT=7.8;7.8 ,ii
537,UP 1,15.190,33500,20618608.0,2.1344654,1555267.9,391.2837519,IT=7.6;7.6 ,ii
538,UP 1,14.828,32792,20673752.0,2.138482,1569074.5,391.2837637,IT=7.4;7.4 ,ii
539,UP 1,14.999,32084,20630992.0,2.142509,1563134.6,391.2838192,IT=7.5;7.5 ,ii
540,UP 1,15.283,34144,20812988.0,2.1465403,1601774.2,391.2837212,IT=7.6;7.6 ,ii
541,UP 1,14.976,34588,20528358.0,2.1504069,1554952.8,391.2837899,IT=7.5;7.5 ,ii
542,UP 1,15.441,31820,19572888.0,2.1544423,1630970.4,391.2837835,IT=7.7;7.7 ,ii
543,UP 1,14.926,34152,20402102.0,2.1584673,1498041.0,391.2836932,IT=7.5;7.5 ,ii
544,UP 1,15.350,33260,19860488.0,2.1624964,1547206.4,391.2838378,IT=7.7;7.7 ,ii
545,UP 1,15.341,32440,19634242.0,2.1665234,1483992.5,391.2837403,IT=7.7;7.7 ,ii
546,UP 1,16.596,32852,19402544.0,2.1705755,1496883.1,391.283909,IT=8.3;8.3 ,ii
547,UP 1,15.674,37200,20824578.0,2.1746171,1525123.2,391.2838061,IT=7.8;7.8 ,ii
548,UP 1,16.602,36292,20697198.0,2.1786672,1539830.2,391.2838327,IT=8.3;8.3 ,ii
549,UP 1,14.723,35736,21812100.0,2.182515,1610562.5,371.1007267,IT=7.4;7.4 ,ii
550,UP 1,15.222,36116,20553298.0,2.1865359,1558101.4,391.2837755,IT=7.6;7.6 ,ii
551,UP 1,15.757,33792,19814970.0,2.1905775,1466715.9,391.2839261,IT=7.9;7.9 ,ii
552,UP 1,15.043,36064,20763038.0,2.1946066,1584696.2,391.2838419,IT=7.5;7.5 ,ii
553,UP 1,15.482,32132,20200006.0,2.1984753,1544415.1,391.2837829,IT=7.7;7.7 ,ii
554,UP 1,15.763,32532,19756818.0,2.2025108,1447738.9,391.2837831,IT=7.9;7.9 ,ii
555,UP 1,15.529,35744,21126830.0,2.206544,1629026.6,391.2838402,IT=7.8;7.8 ,ii
556,UP 1,15.699,36276,20745374.0,2.2105961,1532460.1,371.1008475,IT=7.8;7.8 ,ii
557,UP 1,15.525,38344,21265354.0,2.2144669,1574836.1,391.283814,IT=7.8;7.8 ,ii
558,UP 1,15.407,34716,20464558.0,2.2185003,1581006.2,391.2839165,IT=7.7;7.7 ,ii
559,UP 1,14.495,34044,20898608.0,2.2225168,1564146.5,371.1008112,IT=7.2;7.2 ,ii
560,UP 1,14.754,33408,21359354.0,2.226521,1607849.1,391.2838048,IT=7.4;7.4 ,ii
561,UP 1,14.794,35796,20735388.0,2.230371,1619214.9,391.2838299,IT=7.4;7.4 ,ii
562,UP 1,15.743,33480,20435498.0,2.2344064,1574176.1,391.2838229,IT=7.9;7.9 ,ii
563,UP 1,15.086,34560,20124606.0,2.2384438,1594647.4,391.2838289,IT=7.5;7.5 ,ii
564,UP 1,16.105,36712,20426048.0,2.2424855,1541818.4,391.2839152,IT=8.1;8.1 ,ii
565,UP 1,15.123,32988,19897884.0,2.2463417,1492472.5,391.2838153,IT=7.6;7.6 ,ii
566,UP 1,15.430,33780,20424030.0,2.2503709,1570938.6,391.2838154,IT=7.7;7.7 ,ii
567,UP 1,14.723,35844,20959372.0,2.2543958,1580977.1,391.2838078,IT=7.4;7.4 ,ii
568,UP 1,15.934,33896,20234522.0,2.2584395,1558486.8,391.2839557,IT=8;8 ,ii
569,UP 1,14.474,32416,20626648.0,2.2622894,1570341.4,391.2837655,IT=7.2;7.2 ,ii
570,UP 1,15.037,31648,19721636.0,2.2663123,1555276.4,391.2838689,IT=7.5;7.5 ,ii
571,UP 1,14.258,32892,20764336.0,2.2703185,1745995.5,391.2838629,IT=7.1;7.1 ,ii
572,UP 1,14.956,33284,20442928.0,2.2743393,1534158.2,391.283837,IT=7.5;7.5 ,ii
573,UP 1,15.777,37820,20234284.0,2.2782081,1490584.8,391.2839975,IT=7.9;7.9 ,ii
574,UP 1,15.381,33532,20397168.0,2.2822393,1588271.0,391.2839337,IT=7.7;7.7 ,ii
575,UP 1,15.330,35448,20511888.0,2.2862684,1605439.5,391.2839758,IT=7.7;7.7 ,ii
576,UP 1,15.979,34936,20283124.0,2.2903101,1496040.2,391.2839121,IT=8;8 ,ii
577,UP 1,16.124,35688,19842970.0,2.2941872,1523290.1,391.2839457,IT=8.1;8.1 ,ii
578,UP 1,15.992,38052,21104220.0,2.2982268,1549175.9,391.2839252,IT=8;8 ,ii
579,UP 1,14.648,35060,20539540.0,2.3022454,1566914.9,391.283918,IT=7.3;7.3 ,ii
580,UP 1,15.697,36284,20462702.0,2.3062767,1484708.1,391.2838782,IT=7.8;7.8 ,ii
581,UP 1,16.440,36184,19950606.0,2.31016,1574696.9,391.2839775,IT=8.2;8.2 ,ii
582,UP 1,15.250,35008,20685840.0,2.3141871,1595660.4,391.2838638,IT=7.6;7.6 ,ii
583,UP 1,15.185,36752,20415476.0,2.3182162,1515460.0,391.2839461,IT=7.6;7.6 ,ii
584,UP 1,15.383,34764,20166668.0,2.3222474,1568321.1,391.2838673,IT=7.7;7.7 ,ii
585,UP 1,14.417,34008,20292782.0,2.3260808,1531312.8,391.2839154,IT=7.2;7.2 ,ii
586,UP 1,15.601,34388,20707464.0,2.3301078,1574962.8,371.1008986,IT=7.8;7.8 ,ii
587,UP 1,14.594,32016,20247142.0,2.3341244,1589032.0,391.2838668,IT=7.3;7.3 ,ii
588,UP 1,15.695,34028,20150268.0,2.3381556,1553259.1,391.2839897,IT=7.8;7.8 ,ii
589,UP 1,15.288,37180,21534446.0,2.3421869,1628633.4,391.2836073,IT=7.6;7.6 ,ii
590,UP 1,15.539,35132,20239704.0,2.3462202,1536349.0,391.283912,IT=7.8;7.8 ,ii
591,UP 1,15.287,33276,20203050.0,2.3502555,1640085.6,391.2837876,IT=7.6;7.6 ,ii
592,UP 1,14.654,31248,19976860.0,2.3542742,1636504.2,391.2838268,IT=7.3;7.3 ,ii
593,UP 1,14.834,32284,19687172.0,2.3581305,1563848.4,391.2838562,IT=7.4;7.4 ,ii
594,UP 1,14.550,33968,21031020.0,2.362145,1579639.8,391.2836903,IT=7.3;7.3 ,ii
595,UP 1,15.283,38016,21181208.0,2.3661679,1581729.6,391.2839071,IT=7.6;7.6 ,ii
596,UP 1,15.620,35132,20553488.0,2.3702033,1602371.0,391.28386,IT=7.8;7.8 ,ii
597,UP 1,15.261,33744,20027222.0,2.374072,1563054.1,391.2839822,IT=7.6;7.6 ,ii
598,UP 1,14.764,34536,20767488.0,2.3780929,1538781.1,371.1008868,IT=7.4;7.4 ,ii
599,UP 1,15.317,35036,20460548.0,2.3821157,1562212.1,391.2838811,IT=7.7;7.7 ,ii
600,UP 1,14.980,37376,21188812.0,2.3861428,1529720.8,391.283776,IT=7.5;7.5 ,ii
601,UP 1,15.235,36656,20502540.0,2.3900011,1493338.5,391.2838142,IT=7.6;7.6 ,ii
602,UP 1,13.719,32704,21082666.0,2.3940094,1672227.8,391.2837268,IT=6.9;6.9 ,ii
603,UP 1,14.852,33276,20192024.0,2.3980198,1527148.2,391.2838233,IT=7.4;7.4 ,ii
604,UP 1,14.850,33232,20095714.0,2.4020386,1579780.9,391.2838161,IT=7.4;7.4 ,ii
605,UP 1,15.804,35684,21112896.0,2.4059157,1680543.2,391.2838227,IT=7.9;7.9 ,ii
606,UP 1,14.692,30192,19826156.0,2.4099323,1534306.5,391.2838605,IT=7.3;7.3 ,ii
607,UP 1,15.419,32988,20132340.0,2.4139634,1600076.4,391.2838792,IT=7.7;7.7 ,ii
608,UP 1,14.750,35272,21193456.0,2.4179843,1604015.1,391.2837981,IT=7.4;7.4 ,ii
609,UP 1,14.647,36108,20503628.0,2.4218343,1515250.2,391.2839289,IT=7.3;7.3 ,ii
610,UP 1,15.224,33116,20238906.0,2.4258426,1509418.8,391.283827,IT=7.6;7.6 ,ii
611,UP 1,15.505,35180,20301382.0,2.4298758,1531694.2,391.2838324,IT=7.8;7.8 ,ii
612,UP 1,14.862,34376,20842894.0,2.4338946,1638040.5,391.2838449,IT=7.4;7.4 ,ii
613,UP 1,15.669,35212,20429986.0,2.4377634,1563749.0,391.2839397,IT=7.8;7.8 ,ii
614,UP 1,14.824,34900,20928924.0,2.4417883,1577167.9,391.2838597,IT=7.4;7.4 ,ii
615,UP 1,15.390,35144,21031186.0,2.4458195,1578282.1,391.2838851,IT=7.7;7.7 ,ii
616,UP 1,14.173,34096,20492224.0,2.4498299,1504004.9,371.1008137,IT=7.1;7.1 ,ii
617,UP 1,14.163,33324,21112990.0,2.4536736,1642313.5,391.2837906,IT=7.1;7.1 ,ii
618,UP 1,14.930,31360,20028294.0,2.4576923,1537341.1,371.1008062,IT=7.5;7.5 ,ii
619,UP 1,15.249,32348,19769164.0,2.4617256,1511574.1,391.2838633,IT=7.6;7.6 ,ii
620,UP 1,14.688,34256,21586414.0,2.4657464,1602911.2,391.2837096,IT=7.3;7.3 ,ii
621,UP 1,14.727,33012,20408706.0,2.4695964,1568612.8,391.2838375,IT=7.4;7.4 ,ii
622,UP 1,15.706,33044,19850708.0,2.4736297,1628232.0,391.2839187,IT=7.9;7.9 ,ii
623,UP 1,15.408,32072,19763954.0,2.4776693,1468278.9,391.2838628,IT=7.7;7.7 ,ii
624,UP 1,14.945,33404,20239650.0,2.481688,1599258.5,391.2838174,IT=7.5;7.5 ,ii
625,UP 1,14.789,34480,20745244.0,2.4855401,1561192.1,391.2839148,IT=7.4;7.4 ,ii
626,UP 1,15.035,33616,20400014.0,2.4895588,1557219.2,391.2837589,IT=7.5;7.5 ,ii
627,UP 1,14.754,34108,20607502.0,2.4935755,1537324.0,371.1008681,IT=7.4;7.4 ,ii
628,UP 1,15.523,33164,20326734.0,2.4976108,1621276.6,391.2838106,IT=7.8;7.8 ,ii
629,UP 1,14.791,33788,20809032.0,2.501463,1514157.1,391.2837722,IT=7.4;7.4 ,ii
630,UP 1,15.232,31876,19697850.0,2.505492,1561081.5,391.2838092,IT=7.6;7.6 ,ii
631,UP 1,14.736,33320,20932080.0,2.509517,1659766.1,391.2839058,IT=7.4;7.4 ,ii
633,UP 1,14.408,32416,20434928.0,2.5136753,1507375.1,371.1008095,IT=7.2;7.2 ,ii
634,UP 1,15.574,33044,20049022.0,2.5175649,1480180.4,391.2838401,IT=7.8;7.8 ,ii
635,UP 1,14.321,33280,20632678.0,2.5215753,1588323.0,391.2839213,IT=7.2;7.2 ,ii
636,UP 1,14.384,31796,20655226.0,2.5255691,1522077.5,391.2837695,IT=7.2;7.2 ,ii
637,UP 1,14.720,34568,20702156.0,2.5295814,1595426.6,391.2838569,IT=7.4;7.4 ,ii
638,UP 1,14.406,32060,19942210.0,2.5334231,1500051.6,391.2839967,IT=7.2;7.2 ,ii
639,UP 1,14.884,35208,20827644.0,2.5374439,1611394.1,391.2839477,IT=7.4;7.4 ,ii
640,UP 1,13.952,32704,20813992.0,2.5414543,1582463.9,391.2839288,IT=7;7 ,ii
641,UP 1,14.904,34504,21057514.0,2.5453126,1676637.6,391.283834,IT=7.5;7.5 ,ii
642,UP 1,14.246,31076,20699826.0,2.549323,1591239.0,391.283713,IT=7.1;7.1 ,ii
643,UP 1,14.456,33228,20714770.0,2.5533334,1612739.5,391.283965,IT=7.2;7.2 ,ii
644,UP 1,14.805,31628,20443212.0,2.5573542,1571732.4,391.2838421,IT=7.4;7.4 ,ii
645,UP 1,14.123,31728,20246270.0,2.5612021,1519959.9,391.2838905,IT=7.1;7.1 ,ii
646,UP 1,14.971,36252,21730500.0,2.565223,1703714.2,391.2838197,IT=7.5;7.5 ,ii
647,UP 1,14.121,34568,21161152.0,2.5692333,1652617.4,391.2838725,IT=7.1;7.1 ,ii
648,UP 1,14.505,32876,20362018.0,2.5732437,1564931.6,391.2839348,IT=7.3;7.3 ,ii
649,UP 1,16.276,35220,20333276.0,2.5771208,1559229.9,391.2839298,IT=8.1;8.1 ,ii
650,UP 1,15.043,34296,20665196.0,2.5811562,1556219.1,391.2838346,IT=7.5;7.5 ,ii
651,UP 1,15.403,33688,20776322.0,2.5851873,1682197.2,391.2837618,IT=7.7;7.7 ,ii
652,UP 1,15.047,32912,20400918.0,2.5892102,1530591.1,371.1008521,IT=7.5;7.5 ,ii
653,UP 1,15.330,36240,20413374.0,2.5930707,1514582.9,371.1008376,IT=7.7;7.7 ,ii
654,UP 1,15.943,33688,20680622.0,2.5971123,1576838.8,391.2836351,IT=8;8 ,ii
655,UP 1,14.638,32576,20761356.0,2.6011434,1675637.9,391.2838194,IT=7.3;7.3 ,ii
656,UP 1,15.421,34700,19838222.0,2.6051747,1464037.9,391.2839162,IT=7.7;7.7 ,ii
657,UP 1,15.627,34324,20343710.0,2.6090498,1614634.9,391.2839137,IT=7.8;7.8 ,ii
658,UP 1,15.764,34488,20345372.0,2.6130955,1493632.0,391.2836986,IT=7.9;7.9 ,ii
659,UP 1,15.746,34424,20036834.0,2.6171392,1442966.2,391.2839033,IT=7.9;7.9 ,ii
661,UP 1,14.463,34544,20240972.0,2.6212955,1480087.8,391.2838357,IT=7.2;7.2 ,ii
662,UP 1,15.131,33452,20266518.0,2.6251829,1526439.6,371.1008149,IT=7.6;7.6 ,ii
663,UP 1,15.491,33736,20620098.0,2.62921,1566479.2,391.2837012,IT=7.7;7.7 ,ii
664,UP 1,15.444,33744,19960970.0,2.6332412,1491250.6,391.2839097,IT=7.7;7.7 ,ii
665,UP 1,15.566,33536,20199258.0,2.6372745,1506078.1,391.2838199,IT=7.8;7.8 ,ii
666,UP 1,14.292,33000,21185746.0,2.6411307,1568632.6,391.2837631,IT=7.1;7.1 ,ii
667,UP 1,14.221,33036,20463916.0,2.645139,1590283.4,391.2838987,IT=7.1;7.1 ,ii
668,UP 1,14.986,35048,20795898.0,2.6491681,1518347.5,371.1008067,IT=7.5;7.5 ,ii
669,UP 1,14.615,32132,20078762.0,2.6531848,1559618.1,391.283812,IT=7.3;7.3 ,ii
670,UP 1,13.733,31844,20467248.0,2.6570181,1555386.5,391.2836483,IT=6.9;6.9 ,ii
671,UP 1,15.243,32608,19799346.0,2.661041,1514962.2,391.2836864,IT=7.6;7.6 ,ii
672,UP 1,14.154,31004,20351138.0,2.6650514,1600090.1,391.2837062,IT=7.1;7.1 ,ii
673,UP 1,14.622,34324,20932184.0,2.6690618,1607984.4,391.2837409,IT=7.3;7.3 ,ii
674,UP 1,14.533,31688,20467372.0,2.6730764,1603621.1,391.2837836,IT=7.3;7.3 ,ii
675,UP 1,14.761,32976,20362052.0,2.6770951,1521811.1,371.1007509,IT=7.4;7.4 ,ii
676,UP 1,15.263,35404,20869172.0,2.6811221,1562934.6,391.283808,IT=7.6;7.6 ,ii
677,UP 1,14.339,34984,20935374.0,2.6851409,1498170.8,371.1009084,IT=7.2;7.2 ,ii
678,UP 1,15.137,33452,20004658.0,2.6889971,1493262.5,371.100924,IT=7.6;7.6 ,ii
679,UP 1,15.418,32680,20018654.0,2.6930284,1613608.5,391.283886,IT=7.7;7.7 ,ii
680,UP 1,15.033,35140,20642448.0,2.6970511,1533246.2,371.1008726,IT=7.5;7.5 ,ii
681,UP 1,14.826,34464,21254804.0,2.7010741,1551610.9,391.2836599,IT=7.4;7.4 ,ii
682,UP 1,15.557,34548,20483066.0,2.7049387,1564273.0,391.283837,IT=7.8;7.8 ,ii
683,UP 1,15.170,32872,20401692.0,2.708972,1616946.5,391.2836893,IT=7.6;7.6 ,ii
684,UP 1,15.013,32240,20547572.0,2.713001,1551421.1,391.2837635,IT=7.5;7.5 ,ii
685,UP 1,15.274,34464,20458170.0,2.717026,1499885.2,371.1008488,IT=7.6;7.6 ,ii
686,UP 1,14.824,34196,21115424.0,2.7208802,1653474.4,391.2837336,IT=7.4;7.4 ,ii
687,UP 1,15.067,31804,20082470.0,2.7249031,1508244.8,371.1007515,IT=7.5;7.5 ,ii
688,UP 1,14.402,32720,20455174.0,2.7289114,1526990.1,391.2837814,IT=7.2;7.2 ,ii
689,UP 1,14.069,32576,21362578.0,2.7329134,1642551.4,391.2836188,IT=7;7 ,ii
690,UP 1,14.242,32096,20857456.0,2.7367509,1604019.0,391.2838113,IT=7.1;7.1 ,ii
691,UP 1,14.248,33268,19987974.0,2.7407592,1469315.6,391.2838896,IT=7.1;7.1 ,ii
692,UP 1,14.246,33636,20691746.0,2.7447633,1543515.8,391.2837234,IT=7.1;7.1 ,ii
693,UP 1,14.759,32072,20007412.0,2.74878,1549536.9,391.2838083,IT=7.4;7.4 ,ii
694,UP 1,14.722,33232,20448476.0,2.7526363,1539549.4,391.2838446,IT=7.4;7.4 ,ii
695,UP 1,14.835,33132,19952660.0,2.756655,1570083.8,391.2838779,IT=7.4;7.4 ,ii
696,UP 1,13.467,31148,20658578.0,2.7606569,1608304.9,391.2838153,IT=6.7;6.7 ,ii
697,UP 1,16.091,37300,20512066.0,2.7646882,1528939.4,371.1008507,IT=8;8 ,ii
698,UP 1,15.465,31992,20494648.0,2.7685528,1565940.4,391.283718,IT=7.7;7.7 ,ii
699,UP 1,13.620,33308,21332458.0,2.7725569,1548632.9,391.2837012,IT=6.8;6.8 ,ii
700,UP 1,14.308,32336,20528978.0,2.7765672,1599025.9,391.2838115,IT=7.2;7.2 ,ii
701,UP 1,14.583,34308,21262764.0,2.7805923,1633570.0,391.2837437,IT=7.3;7.3 ,ii
702,UP 1,14.746,32116,20607022.0,2.7844444,1647850.8,391.2837491,IT=7.4;7.4 ,ii
703,UP 1,15.380,32704,19995592.0,2.7884714,1553747.5,371.1008606,IT=7.7;7.7 ,ii
704,UP 1,15.447,34220,20360374.0,2.792509,1570828.0,391.2838071,IT=7.7;7.7 ,ii
705,UP 1,14.986,31212,20202854.0,2.796538,1562335.2,391.2837966,IT=7.5;7.5 ,ii
706,UP 1,13.839,32980,20584556.0,2.8005443,1549000.1,391.2837693,IT=6.9;6.9 ,ii
707,UP 1,14.814,32548,20618042.0,2.8045609,1506032.5,391.2837115,IT=7.4;7.4 ,ii
708,UP 1,14.471,31744,20136624.0,2.8085962,1613257.5,391.2838245,IT=7.2;7.2 ,ii
709,UP 1,14.559,33064,20759510.0,2.8126129,1651808.8,391.2837934,IT=7.3;7.3 ,ii
710,UP 1,14.405,31972,20180392.0,2.8164608,1517457.4,391.2838339,IT=7.2;7.2 ,ii
711,UP 1,14.453,32084,20793512.0,2.8204712,1616426.0,391.2838541,IT=7.2;7.2 ,ii
712,UP 1,14.684,33612,20379126.0,2.8244899,1596271.0,371.1009447,IT=7.3;7.3 ,ii
713,UP 1,15.957,37556,20448278.0,2.8285253,1499677.4,391.283969,IT=8;8 ,ii
714,UP 1,14.345,33416,20857528.0,2.8323753,1603131.5,391.2837239,IT=7.2;7.2 ,ii
715,UP 1,14.940,31780,20800626.0,2.836394,1605010.4,371.1009393,IT=7.5;7.5 ,ii
716,UP 1,14.707,39300,22190616.0,2.8404065,1588225.0,371.1008974,IT=7.4;7.4 ,ii
717,UP 1,14.315,32128,20895120.0,2.8444168,1660911.1,391.2838202,IT=7.2;7.2 ,ii
718,UP 1,14.344,31220,20183476.0,2.8482585,1566187.2,391.2838809,IT=7.2;7.2 ,ii
719,UP 1,14.987,32108,20011306.0,2.8522793,1555029.1,391.2837747,IT=7.5;7.5 ,ii
720,UP 1,15.136,33896,21094446.0,2.8563106,1557492.6,391.28381,IT=7.6;7.6 ,ii
721,UP 1,14.127,33960,20964088.0,2.860323,1463490.6,391.2836832,IT=7.1;7.1 ,ii
722,UP 1,15.093,34080,20373126.0,2.8641751,1512730.5,391.2838695,IT=7.5;7.5 ,ii
723,UP 1,14.869,34260,20627278.0,2.868198,1526495.1,391.2838175,IT=7.4;7.4 ,ii
724,UP 1,15.013,32564,20628580.0,2.8722209,1505467.0,371.1008805,IT=7.5;7.5 ,ii
725,UP 1,14.761,32256,20386040.0,2.8762416,1518834.1,391.283818,IT=7.4;7.4 ,ii
726,UP 1,14.104,29856,20296492.0,2.8800812,1555952.2,391.2838359,IT=7.1;7.1 ,ii
727,UP 1,14.276,34508,21277238.0,2.8840895,1554121.1,391.2836768,IT=7.1;7.1 ,ii
728,UP 1,14.821,34208,20442402.0,2.8881103,1522889.6,391.2839056,IT=7.4;7.4 ,ii
729,UP 1,14.298,32868,20849976.0,2.8919602,1583292.5,391.283773,IT=7.1;7.1 ,ii
730,UP 1,14.138,30964,20384268.0,2.8959666,1550092.9,371.1008948,IT=7.1;7.1 ,ii
731,UP 1,14.309,35144,20838922.0,2.8999873,1642731.4,391.2838629,IT=7.2;7.2 ,ii
732,UP 1,14.479,37620,21799148.0,2.9039977,1675354.4,371.1009568,IT=7.2;7.2 ,ii
733,UP 1,13.649,34244,21751126.0,2.9078373,1662372.2,391.2838028,IT=6.8;6.8 ,ii
734,UP 1,13.770,34132,21346954.0,2.9118414,1591525.2,391.2838537,IT=6.9;6.9 ,ii
735,UP 1,14.764,34424,20467948.0,2.9158601,1544667.5,391.2838985,IT=7.4;7.4 ,ii
736,UP 1,14.692,33756,20878290.0,2.9198726,1629203.4,391.2839011,IT=7.3;7.3 ,ii
737,UP 1,14.875,34544,20569700.0,2.9237226,1529208.8,371.1009601,IT=7.4;7.4 ,ii
738,UP 1,14.337,32072,20208956.0,2.9277288,1574160.0,391.2838818,IT=7.2;7.2 ,ii
739,UP 1,14.283,33216,20200618.0,2.9317329,1524037.4,391.2839658,IT=7.1;7.1 ,ii
740,UP 1,14.321,33008,21113256.0,2.9357371,1628399.6,391.2837992,IT=7.2;7.2 ,ii
741,UP 1,14.597,34816,21256052.0,2.939585,1619983.8,391.283817,IT=7.3;7.3 ,ii
742,UP 1,14.436,32824,20541978.0,2.9435933,1538470.4,391.2838361,IT=7.2;7.2 ,ii
743,UP 1,14.431,30748,19498182.0,2.9476078,1492919.8,391.2838355,IT=7.2;7.2 ,ii
744,UP 1,13.452,30964,21293674.0,2.9516016,1611582.9,391.283836,IT=6.7;6.7 ,ii
745,UP 1,14.285,32012,20515408.0,2.9554412,1545246.9,391.283912,IT=7.1;7.1 ,ii
746,UP 1,14.797,31892,21017184.0,2.9594599,1562646.6,391.28377,IT=7.4;7.4 ,ii
747,UP 1,14.272,34356,20900298.0,2.9634681,1540452.4,391.2839159,IT=7.1;7.1 ,ii
748,UP 1,14.063,32712,21139586.0,2.9674764,1620358.1,371.1008671,IT=7;7 ,ii
749,UP 1,14.476,33704,21200616.0,2.9713223,1643672.1,371.1008668,IT=7.2;7.2 ,ii
750,UP 1,13.847,34012,21379412.0,2.9753222,1666099.9,371.1008654,IT=6.9;6.9 ,ii
751,UP 1,14.705,34860,21363918.0,2.9793346,1580545.0,371.1008261,IT=7.4;7.4 ,ii
752,UP 1,14.446,32244,20864024.0,2.9833493,1565834.9,391.2838034,IT=7.2;7.2 ,ii
753,UP 1,13.533,29612,20230162.0,2.9871764,1518338.0,391.2837656,IT=6.8;6.8 ,ii
754,UP 1,14.684,32876,20484504.0,2.9911909,1515688.5,371.1008679,IT=7.3;7.3 ,ii
755,UP 1,13.445,31948,21059718.0,2.995193,1651418.6,371.1008037,IT=6.7;6.7 ,ii
756,UP 1,15.045,32088,20402406.0,2.9992096,1487856.5,371.1008348,IT=7.5;7.5 ,ii
757,UP 1,14.309,33284,20946778.0,3.0030595,1606528.4,391.2838419,IT=7.2;7.2 ,ii
758,UP 1,13.900,32248,20828400.0,3.0070678,1566927.6,391.2837537,IT=7;7 ,ii
759,UP 1,14.001,36164,20796056.0,3.01107,1575876.0,391.2840311,IT=7;7 ,ii
761,UP 1,13.763,33720,20712320.0,3.0152199,1603500.2,391.2838643,IT=6.9;6.9 ,ii
762,UP 1,14.481,32332,20917316.0,3.0191012,1622065.0,391.2838661,IT=7.2;7.2 ,ii
763,UP 1,14.471,33104,21235380.0,3.0231093,1581419.8,391.2838134,IT=7.2;7.2 ,ii
764,UP 1,13.927,33696,20670104.0,3.0271094,1583131.8,391.2839185,IT=7;7 ,ii
765,UP 1,14.852,33864,20171978.0,3.0311239,1482968.4,371.1009583,IT=7.4;7.4 ,ii
766,UP 1,14.666,32980,20910490.0,3.0349761,1621035.5,391.2837462,IT=7.3;7.3 ,ii
767,UP 1,12.960,30460,20974700.0,3.0389614,1647025.8,371.1008034,IT=6.5;6.5 ,ii
768,UP 1,13.505,30144,19705408.0,3.0429489,1505778.4,391.2839109,IT=6.8;6.8 ,ii
769,UP 1,14.670,31968,20834640.0,3.0469655,1563085.2,391.2838521,IT=7.3;7.3 ,ii
770,UP 1,13.488,32552,21397002.0,3.0509614,1694208.9,391.283829,IT=6.7;6.7 ,ii
771,UP 1,13.312,30492,20731398.0,3.054953,1602170.8,391.2837775,IT=6.7;6.7 ,ii
772,UP 1,14.482,34700,20988610.0,3.0589572,1586845.1,391.2838878,IT=7.2;7.2 ,ii
773,UP 1,14.907,34464,20295376.0,3.0629737,1552683.9,391.2839274,IT=7.5;7.5 ,ii
774,UP 1,14.789,32616,20438772.0,3.0668279,1586368.9,391.2838203,IT=7.4;7.4 ,ii
775,UP 1,14.065,33076,20333006.0,3.0708362,1513886.0,391.2838114,IT=7;7 ,ii
776,UP 1,15.308,34840,20519922.0,3.0748591,1640322.1,391.28392,IT=7.7;7.7 ,ii
777,UP 1,14.534,32956,20364152.0,3.0787132,1518547.8,391.2839287,IT=7.3;7.3 ,ii
778,UP 1,15.852,35964,21517414.0,3.082582,1545158.0,391.2836962,IT=7.9;7.9 ,ii
779,UP 1,14.671,33124,20652060.0,3.086609,1592004.8,391.2838934,IT=7.3;7.3 ,ii
780,UP 1,14.834,30908,19991192.0,3.0906277,1501850.4,391.2838515,IT=7.4;7.4 ,ii
781,UP 1,14.853,33796,20599790.0,3.0944778,1579785.5,391.2838855,IT=7.4;7.4 ,ii
782,UP 1,13.938,30780,20048338.0,3.0984819,1549286.8,371.1008913,IT=7;7 ,ii
783,UP 1,13.881,32040,21063604.0,3.1024818,1468432.6,391.2837172,IT=6.9;6.9 ,ii
784,UP 1,14.117,33712,20920278.0,3.1064922,1582056.8,371.1008913,IT=7.1;7.1 ,ii
785,UP 1,15.037,34112,20205822.0,3.1103464,1575565.4,371.1009148,IT=7.5;7.5 ,ii
786,UP 1,14.462,29284,19974148.0,3.1143609,1548326.0,391.2837798,IT=7.2;7.2 ,ii
787,UP 1,14.283,32888,21308096.0,3.1183629,1572747.1,391.2838734,IT=7.1;7.1 ,ii
789,UP 1,14.621,33108,20520636.0,3.1225213,1519672.8,371.1009133,IT=7.3;7.3 ,ii
790,UP 1,15.242,36424,21435578.0,3.1264047,1690905.6,391.2837158,IT=7.6;7.6 ,ii
791,UP 1,13.513,32788,21239924.0,3.1304025,1562209.1,371.1007559,IT=6.8;6.8 ,ii
792,UP 1,15.190,34412,20250180.0,3.1344191,1573806.8,391.2837374,IT=7.6;7.6 ,ii
793,UP 1,14.265,34344,20996972.0,3.1384295,1581213.4,371.1008235,IT=7.1;7.1 ,ii
794,UP 1,14.479,30148,19568456.0,3.1422691,1542408.4,391.2836812,IT=7.2;7.2 ,ii
795,UP 1,14.486,34096,20807270.0,3.1462795,1550912.0,391.2836581,IT=7.2;7.2 ,ii
796,UP 1,14.583,31960,20538284.0,3.1502918,1614413.8,391.2836996,IT=7.3;7.3 ,ii
797,UP 1,14.446,31264,20430014.0,3.1543044,1543703.2,371.100704,IT=7.2;7.2 ,ii
798,UP 1,14.787,33320,20472566.0,3.1581524,1484797.9,371.1007996,IT=7.4;7.4 ,ii
799,UP 1,14.393,34440,21070958.0,3.1621585,1651702.0,391.2836765,IT=7.2;7.2 ,ii
800,UP 1,14.648,31808,19933260.0,3.1661709,1576767.5,391.2837149,IT=7.3;7.3 ,ii
801,UP 1,14.906,32328,20367324.0,3.1701917,1579088.6,391.2837425,IT=7.5;7.5 ,ii
802,UP 1,15.233,33428,21022330.0,3.1743064,1579032.0,391.283588,IT=7.6;7.6 ,ii
803,UP 1,15.274,33204,20381872.0,3.1783334,1557265.1,391.2837035,IT=7.6;7.6 ,ii
804,UP 1,14.789,34128,20869330.0,3.1823521,1581193.5,371.1006975,IT=7.4;7.4 ,ii
805,UP 1,14.505,31912,20389928.0,3.1863666,1550935.5,371.1007313,IT=7.3;7.3 ,ii
806,UP 1,14.750,34432,20651516.0,3.1902167,1542909.9,391.2838144,IT=7.4;7.4 ,ii
807,UP 1,14.362,31524,20629870.0,3.1942312,1494459.6,391.283779,IT=7.2;7.2 ,ii
808,UP 1,13.890,30180,19882150.0,3.1982311,1541221.0,391.2837791,IT=6.9;6.9 ,ii
809,UP 1,14.513,31992,20486600.0,3.2022394,1642978.2,391.2837868,IT=7.3;7.3 ,ii
810,UP 1,15.473,32420,19884098.0,3.206102,1526335.6,391.2838532,IT=7.7;7.7 ,ii
811,UP 1,14.927,32788,20650592.0,3.210129,1565318.4,391.2836745,IT=7.5;7.5 ,ii
812,UP 1,14.504,33016,20764148.0,3.2141477,1580155.9,391.283646,IT=7.3;7.3 ,ii
813,UP 1,15.631,32992,19847166.0,3.2181748,1553879.2,371.10085779999997,IT=7.8;7.8 ,ii
814,UP 1,14.753,35244,21329440.0,3.2220269,1551575.4,391.2837052,IT=7.4;7.4 ,ii
815,UP 1,15.233,36432,21087122.0,3.2260498,1556669.5,391.2837308,IT=7.6;7.6 ,ii
816,UP 1,14.069,30188,20344254.0,3.2300538,1597217.8,391.283603,IT=7;7 ,ii
817,UP 1,14.299,32488,20153036.0,3.234058,1553573.8,391.2837425,IT=7.1;7.1 ,ii
818,UP 1,14.525,33508,20646916.0,3.2379018,1476090.4,371.1006918,IT=7.3;7.3 ,ii
819,UP 1,14.159,31664,20626898.0,3.2419038,1538995.8,391.2837907,IT=7.1;7.1 ,ii
820,UP 1,14.513,36336,21790482.0,3.2459163,1566931.9,391.2836543,IT=7.3;7.3 ,ii
821,UP 1,14.353,31036,19995284.0,3.2499287,1582143.8,391.2838194,IT=7.2;7.2 ,ii
822,UP 1,14.418,32324,20298484.0,3.2537746,1550397.4,371.1008359,IT=7.2;7.2 ,ii
823,UP 1,14.620,31628,20225886.0,3.2577912,1561919.5,391.283846,IT=7.3;7.3 ,ii
824,UP 1,15.868,36700,21084576.0,3.2618225,1545640.0,391.2837752,IT=7.9;7.9 ,ii
825,UP 1,14.985,33900,20935466.0,3.2658474,1590197.0,371.1007388,IT=7.5;7.5 ,ii
826,UP 1,13.045,28088,19930444.0,3.2696724,1588025.1,391.2837495,IT=6.5;6.5 ,ii
827,UP 1,14.074,32744,20980308.0,3.2736661,1586000.4,391.2837194,IT=7;7 ,ii
828,UP 1,14.003,33608,20994266.0,3.2776682,1643838.9,391.2837017,IT=7;7 ,ii
829,UP 1,15.766,36148,20609146.0,3.2817014,1424453.4,371.1007972,IT=7.9;7.9 ,ii
830,UP 1,14.496,32420,20496510.0,3.2855515,1535922.8,391.2837743,IT=7.2;7.2 ,ii
831,UP 1,14.506,31188,20319138.0,3.2895597,1588945.2,391.2836922,IT=7.3;7.3 ,ii
832,UP 1,14.314,32124,20335246.0,3.2935702,1596471.5,391.2836891,IT=7.2;7.2 ,ii
833,UP 1,14.474,31504,20412682.0,3.2974138,1590503.1,391.2836394,IT=7.2;7.2 ,ii
834,UP 1,13.952,32168,20592438.0,3.3014138,1608598.2,391.2837436,IT=7;7 ,ii
835,UP 1,14.905,32808,20133692.0,3.3054283,1517339.9,371.1008375,IT=7.5;7.5 ,ii
836,UP 1,15.112,37192,21399850.0,3.3094513,1586104.2,391.2837746,IT=7.6;7.6 ,ii
837,UP 1,14.425,33408,20817518.0,3.3132991,1672594.2,371.1006807,IT=7.2;7.2 ,ii
838,UP 1,14.038,32080,20694092.0,3.3173054,1610269.9,391.2837694,IT=7;7 ,ii
839,UP 1,14.929,32248,20127674.0,3.3213199,1511928.0,391.2837407,IT=7.5;7.5 ,ii
840,UP 1,15.121,33060,20621168.0,3.3253386,1669438.2,391.2837617,IT=7.6;7.6 ,ii
841,UP 1,14.252,32484,20523076.0,3.3291803,1555123.4,391.2838975,IT=7.1;7.1 ,ii
842,UP 1,14.744,34564,20977392.0,3.3331948,1579909.2,371.1008367,IT=7.4;7.4 ,ii
843,UP 1,13.404,29620,20732834.0,3.3371885,1562774.9,371.1007597,IT=6.7;6.7 ,ii
844,UP 1,13.926,33656,21082878.0,3.3411822,1578256.6,391.2837091,IT=7;7 ,ii
845,UP 1,14.645,33492,20425326.0,3.3450301,1580008.2,391.2837638,IT=7.3;7.3 ,ii
846,UP 1,14.263,32456,20599356.0,3.3490384,1606901.8,391.2836775,IT=7.1;7.1 ,ii
847,UP 1,14.784,34480,20528410.0,3.3530551,1498982.1,391.2836639,IT=7.4;7.4 ,ii
848,UP 1,13.975,34024,20889528.0,3.3570655,1615419.6,371.1008161,IT=7;7 ,ii
849,UP 1,14.738,35388,21123126.0,3.3609113,1619489.1,391.2837566,IT=7.4;7.4 ,ii
850,UP 1,15.249,34580,20496288.0,3.3649384,1544165.4,391.2837505,IT=7.6;7.6 ,ii
851,UP 1,14.733,32000,20114066.0,3.3689612,1552219.6,391.2836018,IT=7.4;7.4 ,ii
852,UP 1,14.173,30308,20206988.0,3.3729675,1557798.1,391.2836937,IT=7.1;7.1 ,ii
853,UP 1,14.976,33116,20413686.0,3.3768175,1546232.4,391.2836981,IT=7.5;7.5 ,ii
854,UP 1,15.058,36512,21172884.0,3.3808424,1588271.9,391.2836779,IT=7.5;7.5 ,ii
855,UP 1,15.437,37168,20962912.0,3.3848757,1612711.0,391.283846,IT=7.7;7.7 ,ii
856,UP 1,15.151,34896,20633006.0,3.3889049,1507730.5,391.2838113,IT=7.6;7.6 ,ii
857,UP 1,14.813,34080,20784106.0,3.3927591,1546934.1,391.2837586,IT=7.4;7.4 ,ii
858,UP 1,15.196,33820,20619420.0,3.3967819,1549680.0,391.2836941,IT=7.6;7.6 ,ii
859,UP 1,14.605,33560,20173804.0,3.4008006,1498919.0,371.1008694,IT=7.3;7.3 ,ii
860,UP 1,13.782,33412,21691940.0,3.4048069,1713265.6,371.1007745,IT=6.9;6.9 ,ii
861,UP 1,13.963,32688,21163728.0,3.4086402,1645463.0,371.1006995,IT=7;7 ,ii
862,UP 1,14.502,32812,20494174.0,3.4126547,1541710.0,391.2837465,IT=7.3;7.3 ,ii
863,UP 1,14.543,31404,20175302.0,3.4166713,1466889.1,391.283713,IT=7.3;7.3 ,ii
864,UP 1,14.489,33956,20811226.0,3.4206796,1580934.5,391.2836975,IT=7.2;7.2 ,ii
865,UP 1,14.583,30496,20147496.0,3.4245234,1547489.5,371.1008096,IT=7.3;7.3 ,ii
866,UP 1,13.941,33652,21212060.0,3.4285233,1569899.5,371.1007781,IT=7;7 ,ii
867,UP 1,15.120,34352,20745708.0,3.43254,1602561.4,391.2837394,IT=7.6;7.6 ,ii
868,UP 1,14.255,31232,20597420.0,3.4365545,1518207.9,391.2837224,IT=7.1;7.1 ,ii
869,UP 1,14.124,33120,20630328.0,3.440392,1575337.8,391.2838447,IT=7.1;7.1 ,ii
870,UP 1,13.940,31592,20876056.0,3.4443962,1716140.5,391.2838614,IT=7;7 ,ii
871,UP 1,14.302,31852,20385240.0,3.4484003,1606683.2,391.283827,IT=7.2;7.2 ,ii
872,UP 1,14.407,31312,20027334.0,3.4524169,1570076.8,371.100761,IT=7.2;7.2 ,ii
873,UP 1,14.575,34128,20985004.0,3.4562628,1576906.9,391.2838692,IT=7.3;7.3 ,ii
874,UP 1,14.642,32960,20253402.0,3.4602711,1583076.0,391.2838387,IT=7.3;7.3 ,ii
875,UP 1,15.609,34812,20575054.0,3.4643002,1522667.6,391.2838379,IT=7.8;7.8 ,ii
876,UP 1,14.577,32528,20363472.0,3.4683272,1562842.2,391.2838408,IT=7.3;7.3 ,ii
877,UP 1,14.624,34632,20871154.0,3.472171,1610968.2,391.283837,IT=7.3;7.3 ,ii
878,UP 1,14.649,32516,20476580.0,3.4761855,1512701.2,391.2838426,IT=7.3;7.3 ,ii
879,UP 1,15.938,33000,19471244.0,3.4802189,1478722.0,391.283814,IT=8;8 ,ii
880,UP 1,14.026,32644,20879380.0,3.4840688,1596087.5,391.2838884,IT=7;7 ,ii
881,UP 1,14.134,31868,20357932.0,3.488073,1597873.2,371.1009279,IT=7.1;7.1 ,ii
882,UP 1,14.971,34196,20775948.0,3.4920938,1564965.1,391.2838675,IT=7.5;7.5 ,ii
883,UP 1,15.402,33160,19846120.0,3.496125,1445774.6,391.2838268,IT=7.7;7.7 ,ii
884,UP 1,14.153,32392,21112486.0,3.4999667,1713922.8,391.2839271,IT=7.1;7.1 ,ii
885,UP 1,14.496,34240,20349130.0,3.503977,1520867.5,371.1009647,IT=7.2;7.2 ,ii
886,UP 1,13.689,31528,21132986.0,3.5079811,1576546.0,391.2839107,IT=6.8;6.8 ,ii
887,UP 1,14.158,32236,20754560.0,3.5119853,1650857.4,391.2838616,IT=7.1;7.1 ,ii
889,UP 1,14.831,33616,20885654.0,3.5159831,1556109.1,391.2838494,IT=7.4;7.4 ,ii
890,UP 1,14.279,35944,21745820.0,3.5200144,1620847.9,371.1009037,IT=7.1;7.1 ,ii
891,UP 1,14.621,33504,20831274.0,3.5240227,1591847.4,391.2838003,IT=7.3;7.3 ,ii
892,UP 1,14.110,32500,20404880.0,3.5280227,1638540.1,371.1008765,IT=7.1;7.1 ,ii
893,UP 1,14.283,34492,21065304.0,3.531856,1599085.0,391.283915,IT=7.1;7.1 ,ii
894,UP 1,13.571,31788,20831806.0,3.5358456,1569551.0,391.283715,IT=6.8;6.8 ,ii
895,UP 1,14.698,34848,20688238.0,3.5398538,1551299.5,391.2837558,IT=7.3;7.3 ,ii
896,UP 1,14.500,34748,20586216.0,3.5438705,1532860.6,391.2837119,IT=7.2;7.2 ,ii
897,UP 1,14.316,36108,21004302.0,3.5477205,1563188.1,391.2837569,IT=7.2;7.2 ,ii
898,UP 1,13.680,29664,20339006.0,3.5517413,1593953.5,371.1005993,IT=6.8;6.8 ,ii
899,UP 1,14.475,32508,20498432.0,3.5557454,1531830.6,391.2836109,IT=7.2;7.2 ,ii
900,UP 1,14.301,31584,20320002.0,3.5597454,1601236.6,391.2836879,IT=7.2;7.2 ,ii
901,UP 1,14.532,35296,21023526.0,3.5635871,1618580.4,391.2837661,IT=7.3;7.3 ,ii
902,UP 1,13.507,31280,20617036.0,3.5675891,1590962.0,391.283759,IT=6.8;6.8 ,ii
903,UP 1,13.851,31456,20699878.0,3.5715807,1581891.8,391.2836996,IT=6.9;6.9 ,ii
904,UP 1,13.866,28964,20288488.0,3.5755766,1662216.6,391.2837337,IT=6.9;6.9 ,ii
905,UP 1,14.402,32444,20674648.0,3.579412,1591149.8,371.100765,IT=7.2;7.2 ,ii
906,UP 1,14.118,31640,20683078.0,3.5834161,1551316.2,391.2837086,IT=7.1;7.1 ,ii
907,UP 1,14.109,34264,21206084.0,3.5874202,1571921.5,371.1007674,IT=7.1;7.1 ,ii
908,UP 1,14.799,31060,20331180.0,3.5914369,1595565.8,391.2837475,IT=7.4;7.4 ,ii
909,UP 1,14.903,32400,20580444.0,3.5952869,1490364.6,391.2837349,IT=7.5;7.5 ,ii
910,UP 1,13.993,34580,21193218.0,3.5992931,1619508.4,391.283793,IT=7;7 ,ii
911,UP 1,14.203,30416,20342002.0,3.6032972,1593211.2,371.1008079,IT=7.1;7.1 ,ii
912,UP 1,13.989,35168,21731612.0,3.6072992,1676056.5,391.2836742,IT=7;7 ,ii
913,UP 1,14.084,32880,20894774.0,3.6111326,1577808.8,391.2837157,IT=7;7 ,ii
914,UP 1,14.727,33012,20511126.0,3.6151471,1562877.6,371.1007758,IT=7.4;7.4 ,ii
915,UP 1,13.676,31876,20605342.0,3.619145,1549399.5,391.2837095,IT=6.8;6.8 ,ii
916,UP 1,14.631,30772,19597654.0,3.6231533,1417551.9,391.2836921,IT=7.3;7.3 ,ii
918,UP 1,14.561,32068,20284368.0,3.6271388,1477392.9,371.1007443,IT=7.3;7.3 ,ii
919,UP 1,14.970,33484,20466254.0,3.6311845,1521906.4,371.1007986,IT=7.5;7.5 ,ii
920,UP 1,14.452,30752,20053720.0,3.6351929,1566940.4,391.2837529,IT=7.2;7.2 ,ii
921,UP 1,14.829,32044,20052184.0,3.6392053,1550387.0,371.100824,IT=7.4;7.4 ,ii
922,UP 1,14.027,34424,20905374.0,3.6430428,1605463.8,391.2837948,IT=7;7 ,ii
923,UP 1,14.289,32736,20521334.0,3.6470469,1603789.0,371.1007877,IT=7.1;7.1 ,ii
924,UP 1,16.052,34564,19892976.0,3.6510885,1522328.2,391.2838296,IT=8;8 ,ii
925,UP 1,14.287,34980,21162862.0,3.6551073,1617555.9,371.1007469,IT=7.1;7.1 ,ii
926,UP 1,14.819,32968,20638722.0,3.6589531,1536389.4,391.2837156,IT=7.4;7.4 ,ii
927,UP 1,15.732,35404,20555452.0,3.6629843,1495442.9,391.2837849,IT=7.9;7.9 ,ii
928,UP 1,14.653,33868,20645702.0,3.6670051,1557913.0,391.2838288,IT=7.3;7.3 ,ii
929,UP 1,15.279,35800,20599798.0,3.6710342,1580480.8,391.2838752,IT=7.6;7.6 ,ii
930,UP 1,15.018,31820,20076624.0,3.6750572,1553310.0,371.1008629,IT=7.5;7.5 ,ii
931,UP 1,14.602,34332,20819022.0,3.6790696,1557303.0,391.2838011,IT=7.3;7.3 ,ii
932,UP 1,14.753,35604,20852140.0,3.6830904,1595259.8,391.2837344,IT=7.4;7.4 ,ii
933,UP 1,13.754,30772,20426440.0,3.6870883,1598036.5,391.2838441,IT=6.9;6.9 ,ii
934,UP 1,14.705,33860,20524558.0,3.690932,1580134.1,391.2837826,IT=7.4;7.4 ,ii
935,UP 1,14.981,35292,20582196.0,3.6949528,1569168.4,371.1008464,IT=7.5;7.5 ,ii
936,UP 1,15.472,32576,20099960.0,3.698982,1568525.4,391.2837853,IT=7.7;7.7 ,ii
937,UP 1,14.939,35236,21111254.0,3.703009,1559339.2,391.2838095,IT=7.5;7.5 ,ii
938,UP 1,14.996,36004,21256762.0,3.7068673,1613015.2,371.1008919,IT=7.5;7.5 ,ii
939,UP 1,14.276,36488,21425876.0,3.7108757,1628250.4,391.2838048,IT=7.1;7.1 ,ii
940,UP 1,14.443,34076,21281842.0,3.7148819,1629881.8,391.2837174,IT=7.2;7.2 ,ii
941,UP 1,15.272,30444,19882930.0,3.718738,1476925.1,371.1008309,IT=7.6;7.6 ,ii
942,UP 1,14.756,34500,20820780.0,3.7227652,1581123.0,371.1008543,IT=7.4;7.4 ,ii
943,UP 1,14.406,31356,20568828.0,3.7267734,1559226.6,391.2837415,IT=7.2;7.2 ,ii
944,UP 1,14.965,34500,21326846.0,3.730788,1648506.9,391.2837622,IT=7.5;7.5 ,ii
945,UP 1,15.130,33816,20309490.0,3.7346464,1508083.8,371.1009249,IT=7.6;7.6 ,ii
946,UP 1,15.080,33588,20632700.0,3.7386693,1595832.6,391.2838371,IT=7.5;7.5 ,ii
947,UP 1,14.999,34568,21181058.0,3.7426942,1615412.6,391.2837171,IT=7.5;7.5 ,ii
948,UP 1,14.998,31164,19560678.0,3.746715,1429044.0,391.2838128,IT=7.5;7.5 ,ii
949,UP 1,14.458,33776,20674100.0,3.7505629,1560648.2,391.2838112,IT=7.2;7.2 ,ii
950,UP 1,15.169,32872,20727750.0,3.7545879,1532585.0,371.1008292,IT=7.6;7.6 ,ii
951,UP 1,14.422,35532,21324922.0,3.7586003,1620677.5,391.2837871,IT=7.2;7.2 ,ii
952,UP 1,14.615,34216,20988456.0,3.762617,1573045.0,391.2837684,IT=7.3;7.3 ,ii
953,UP 1,14.783,33300,20733360.0,3.7666378,1525225.2,371.1007847,IT=7.4;7.4 ,ii
954,UP 1,14.599,36412,21799208.0,3.7706503,1616773.5,391.2837237,IT=7.3;7.3 ,ii
955,UP 1,14.493,33168,21028618.0,3.7746606,1586516.6,391.2837518,IT=7.2;7.2 ,ii
956,UP 1,15.001,34740,21179070.0,3.7786815,1556846.9,391.2836463,IT=7.5;7.5 ,ii
957,UP 1,13.675,31908,21054482.0,3.7825169,1621647.8,391.2837708,IT=6.8;6.8 ,ii
958,UP 1,15.796,33456,20565234.0,3.786546,1535028.6,391.2837033,IT=7.9;7.9 ,ii
959,UP 1,14.476,33272,20254294.0,3.7905605,1493080.8,391.2838004,IT=7.2;7.2 ,ii
960,UP 1,15.510,33680,20348746.0,3.7945897,1585909.8,391.2838116,IT=7.8;7.8 ,ii
961,UP 1,14.877,34000,21180462.0,3.7986189,1644518.1,371.1008259,IT=7.4;7.4 ,ii
962,UP 1,15.122,32840,20735682.0,3.8026438,1598505.4,391.2838181,IT=7.6;7.6 ,ii
963,UP 1,14.349,34268,20919670.0,3.8066583,1557938.1,391.2838413,IT=7.2;7.2 ,ii
964,UP 1,14.103,31868,20639660.0,3.8106583,1650028.2,391.2837226,IT=7.1;7.1 ,ii
965,UP 1,14.943,32664,20368884.0,3.8145063,1576195.2,371.1008956,IT=7.5;7.5 ,ii
966,UP 1,14.572,36204,21104130.0,3.8185187,1574930.8,371.1007959,IT=7.3;7.3 ,ii
967,UP 1,14.707,34084,20937246.0,3.8225311,1561907.5,371.1008475,IT=7.4;7.4 ,ii
968,UP 1,15.082,35608,20317566.0,3.8265478,1496858.5,391.2838865,IT=7.5;7.5 ,ii
969,UP 1,15.045,33808,20568098.0,3.8303957,1518217.9,391.2837668,IT=7.5;7.5 ,ii
970,UP 1,14.749,35396,20862548.0,3.8344185,1537924.9,371.1009373,IT=7.4;7.4 ,ii
971,UP 1,15.038,31516,20020172.0,3.8384373,1574414.6,391.2838153,IT=7.5;7.5 ,ii
972,UP 1,14.241,34576,21369072.0,3.8424477,1622070.2,391.2837795,IT=7.1;7.1 ,ii
973,UP 1,15.124,32936,19972164.0,3.8462997,1495213.9,391.2838052,IT=7.6;7.6 ,ii
974,UP 1,14.064,32340,20820338.0,3.850308,1596892.0,391.2837358,IT=7;7 ,ii
975,UP 1,14.843,32196,19983788.0,3.8543226,1545651.0,391.2839231,IT=7.4;7.4 ,ii
976,UP 1,14.905,33264,20224170.0,3.8583393,1523099.8,371.1008918,IT=7.5;7.5 ,ii
977,UP 1,14.641,34180,20544474.0,3.862183,1552141.9,391.2838649,IT=7.3;7.3 ,ii
978,UP 1,14.011,32968,20945278.0,3.8661871,1590081.6,371.100829,IT=7;7 ,ii
979,UP 1,15.117,34004,20851322.0,3.8702079,1584705.2,391.2837714,IT=7.6;7.6 ,ii
980,UP 1,14.880,35868,21556724.0,3.8742308,1668659.4,371.1008147,IT=7.4;7.4 ,ii
981,UP 1,15.306,36476,21283224.0,3.8780934,1584644.8,391.2838419,IT=7.7;7.7 ,ii
982,UP 1,13.755,32772,20978932.0,3.8820954,1600505.8,371.1008522,IT=6.9;6.9 ,ii
983,UP 1,15.536,36156,21192006.0,3.8861203,1592884.9,371.1009063,IT=7.8;7.8 ,ii
984,UP 1,14.995,32924,20648638.0,3.8901432,1523046.8,371.1008668,IT=7.5;7.5 ,ii
985,UP 1,14.262,34944,21780126.0,3.893987,1630785.6,391.2837028,IT=7.1;7.1 ,ii
986,UP 1,14.011,32736,21131774.0,3.8979932,1632736.9,391.2837581,IT=7;7 ,ii
987,UP 1,15.241,30400,19805444.0,3.902016,1559066.0,391.2838035,IT=7.6;7.6 ,ii
988,UP 1,15.305,34124,20143554.0,3.9060431,1583295.6,391.2837941,IT=7.7;7.7 ,ii
989,UP 1,15.205,36312,21104994.0,3.9098994,1632056.1,391.2837261,IT=7.6;7.6 ,ii
990,UP 1,14.869,35804,21225872.0,3.9139222,1510129.1,371.1007118,IT=7.4;7.4 ,ii
991,UP 1,14.064,35264,21646964.0,3.9179326,1662008.2,391.2836123,IT=7;7 ,ii
992,UP 1,14.709,34068,20727866.0,3.921943,1602518.5,391.2836189,IT=7.4;7.4 ,ii
993,UP 1,14.647,33952,20419998.0,3.9257867,1577672.9,371.1007839,IT=7.3;7.3 ,ii
994,UP 1,13.759,34552,21744776.0,3.9297825,1680453.4,391.2836746,IT=6.9;6.9 ,ii
995,UP 1,14.133,34676,21390232.0,3.9337845,1680740.1,391.2836016,IT=7.1;7.1 ,ii
996,UP 1,14.059,35808,21267650.0,3.9377866,1622642.0,371.100814,IT=7;7 ,ii
997,UP 1,13.920,33452,21219908.0,3.9416199,1590394.0,391.2837539,IT=7;7 ,ii
998,UP 1,15.293,36484,21417404.0,3.9456449,1686383.6,391.2837619,IT=7.6;7.6 ,ii
999,UP 1,15.504,35676,20177418.0,3.9496824,1464954.6,391.2837811,IT=7.8;7.8 ,ii
1000,UP 1,15.025,34924,20755158.0,3.9537094,1538257.2,391.2838068,IT=7.5;7.5 ,ii
1001,UP 1,14.966,35184,21151090.0,3.9575614,1586090.4,371.1008158,IT=7.5;7.5 ,ii
1002,UP 1,14.900,33172,20630434.0,3.9615781,1567936.8,391.2838128,IT=7.5;7.5 ,ii
1003,UP 1,14.983,34532,20797930.0,3.9656072,1511759.4,391.2837219,IT=7.5;7.5 ,ii
1004,UP 1,14.260,34352,21664510.0,3.9694614,1608783.8,371.1007887,IT=7.1;7.1 ,ii
1005,UP 1,13.898,32896,21262666.0,3.9734594,1627347.2,371.1007769,IT=6.9;6.9 ,ii
1006,UP 1,14.553,34740,21582600.0,3.9774697,1604755.0,391.2838238,IT=7.3;7.3 ,ii
1007,UP 1,14.795,36504,21390580.0,3.9814885,1524823.9,391.2838266,IT=7.4;7.4 ,ii
1008,UP 1,14.609,33464,20721140.0,3.9853426,1614522.6,391.2838099,IT=7.3;7.3 ,ii
1009,UP 1,14.114,33172,20793760.0,3.9893468,1545225.1,391.2837691,IT=7.1;7.1 ,ii
1010,UP 1,14.761,34800,20491308.0,3.9933592,1547833.4,391.28385,IT=7.4;7.4 ,ii
1011,UP 1,13.984,32476,20660416.0,3.9973633,1576959.1,391.2837951,IT=7;7 ,ii
1012,UP 1,14.170,34012,21322296.0,4.0012071,1669157.5,391.2838069,IT=7.1;7.1 ,ii
1013,UP 1,14.064,34060,21376648.0,4.0052133,1641403.8,391.283774,IT=7;7 ,ii
1014,UP 1,14.117,31512,19789692.0,4.0092153,1463481.2,371.1009134,IT=7.1;7.1 ,ii
1015,UP 1,14.282,30288,19910680.0,4.0132215,1523734.9,371.1009353,IT=7.1;7.1 ,ii
1017,UP 1,13.501,31616,20091108.0,4.0171944,1555316.2,371.100875,IT=6.8;6.8 ,ii
1018,UP 1,13.845,35452,21226106.0,4.0212298,1584125.0,391.2838335,IT=6.9;6.9 ,ii
1019,UP 1,14.324,32764,20553776.0,4.025236,1582728.6,371.1007818,IT=7.2;7.2 ,ii
1020,UP 1,14.207,34160,21298640.0,4.0292339,1555785.9,391.2837753,IT=7.1;7.1 ,ii
1021,UP 1,14.491,34264,21049060.0,4.0330776,1554767.0,391.283685,IT=7.2;7.2 ,ii
1022,UP 1,14.266,33116,20402858.0,4.0370818,1533172.4,391.2838065,IT=7.1;7.1 ,ii
1023,UP 1,14.653,30836,19962378.0,4.0410963,1513205.5,391.2838349,IT=7.3;7.3 ,ii
1024,UP 1,14.521,33704,20438406.0,4.0451088,1554773.4,371.1008401,IT=7.3;7.3 ,ii
1025,UP 1,14.907,32144,20086528.0,4.0491255,1514890.4,391.2835511,IT=7.5;7.5 ,ii
1026,UP 1,14.623,34548,20459894.0,4.0531421,1474399.4,391.283837,IT=7.3;7.3 ,ii
1027,UP 1,15.317,34908,20368050.0,4.057165,1448679.8,391.2837623,IT=7.7;7.7 ,ii
1028,UP 1,14.583,33372,21008670.0,4.0611795,1586577.5,391.2836941,IT=7.3;7.3 ,ii
1029,UP 1,14.431,31816,20447324.0,4.0650254,1524112.4,391.2838941,IT=7.2;7.2 ,ii
1030,UP 1,14.209,33092,20879132.0,4.0690275,1590939.1,371.1009035,IT=7.1;7.1 ,ii
1031,UP 1,15.324,35072,21108678.0,4.0730482,1569130.8,391.2838549,IT=7.7;7.7 ,ii
1032,UP 1,14.366,33244,20989818.0,4.0770607,1597293.9,371.1008345,IT=7.2;7.2 ,ii
1033,UP 1,14.562,33408,20137272.0,4.0809066,1488990.5,371.1008417,IT=7.3;7.3 ,ii
1034,UP 1,14.363,34680,21287812.0,4.0849149,1567163.9,371.1009191,IT=7.2;7.2 ,ii
1035,UP 1,14.463,31776,20364622.0,4.0889231,1603739.2,391.2838833,IT=7.2;7.2 ,ii
1036,UP 1,14.237,33612,20603402.0,4.0929314,1585994.2,391.2838725,IT=7.1;7.1 ,ii
1037,UP 1,13.459,33716,20809554.0,4.0967648,1586149.2,371.1009141,IT=6.7;6.7 ,ii
1038,UP 1,14.960,35848,21265024.0,4.1007814,1580951.2,391.2838025,IT=7.5;7.5 ,ii
1039,UP 1,14.844,33848,20739426.0,4.1048084,1545108.5,371.1008887,IT=7.4;7.4 ,ii
1040,UP 1,14.402,31996,20585718.0,4.1088188,1592380.8,371.1008569,IT=7.2;7.2 ,ii
1041,UP 1,14.768,33256,20568892.0,4.1126646,1543830.2,371.100828,IT=7.4;7.4 ,ii
1042,UP 1,14.190,32724,20581742.0,4.1166708,1540464.5,371.1009516,IT=7.1;7.1 ,ii
1043,UP 1,14.789,32564,20461162.0,4.1206791,1636088.0,391.283878,IT=7.4;7.4 ,ii
1044,UP 1,15.046,31944,20084620.0,4.124702,1487729.4,391.2838476,IT=7.5;7.5 ,ii
1046,UP 1,14.766,33692,20584778.0,4.1286937,1547757.0,391.2837821,IT=7.4;7.4 ,ii
1047,UP 1,15.478,34440,20646694.0,4.1327478,1550515.0,391.2837646,IT=7.7;7.7 ,ii
1048,UP 1,15.065,34040,20710408.0,4.136779,1581856.5,391.2837447,IT=7.5;7.5 ,ii
1049,UP 1,15.546,36744,20962350.0,4.1408165,1529314.4,391.2838002,IT=7.8;7.8 ,ii
1050,UP 1,14.170,35464,21064656.0,4.1446686,1560771.8,391.2838428,IT=7.1;7.1 ,ii
1051,UP 1,14.027,34008,20804032.0,4.1486706,1583575.9,371.1008382,IT=7;7 ,ii
1052,UP 1,14.341,33440,21354458.0,4.1526789,1570777.6,371.1008006,IT=7.2;7.2 ,ii
1053,UP 1,14.749,34376,20875428.0,4.1566914,1626664.8,371.1007861,IT=7.4;7.4 ,ii
1054,UP 1,13.642,34576,21294416.0,4.1605248,1576329.4,391.2837752,IT=6.8;6.8 ,ii
1055,UP 1,15.495,32148,19937200.0,4.1645559,1480862.0,391.2838514,IT=7.7;7.7 ,ii
1056,UP 1,14.252,32788,20632760.0,4.1685706,1584629.5,371.1008791,IT=7.1;7.1 ,ii
1057,UP 1,14.272,33796,20629062.0,4.1725767,1593442.9,371.1008351,IT=7.1;7.1 ,ii
1058,UP 1,13.564,33472,21527268.0,4.1765726,1606138.5,391.2838618,IT=6.8;6.8 ,ii
1059,UP 1,14.092,33840,20765060.0,4.1805725,1612964.6,391.2838604,IT=7;7 ,ii
1060,UP 1,14.449,35240,21035800.0,4.1845829,1615592.5,391.2838444,IT=7.2;7.2 ,ii
1061,UP 1,14.249,30744,20141280.0,4.1885891,1546693.5,391.283808,IT=7.1;7.1 ,ii
1062,UP 1,14.569,33268,20384954.0,4.1924287,1487119.0,391.2838158,IT=7.3;7.3 ,ii
1063,UP 1,14.347,32232,20303310.0,4.196437,1547895.9,391.2838205,IT=7.2;7.2 ,ii
1064,UP 1,14.087,31992,19720854.0,4.2004411,1522048.9,391.2838323,IT=7;7 ,ii
1065,UP 1,13.409,30112,20498974.0,4.204439,1610384.8,371.100801,IT=6.7;6.7 ,ii
1066,UP 1,14.212,31844,20464630.0,4.2082661,1599810.9,391.2837601,IT=7.1;7.1 ,ii
1067,UP 1,14.761,33216,20732136.0,4.2122786,1566326.2,391.2838901,IT=7.4;7.4 ,ii
1068,UP 1,14.436,32656,20561750.0,4.2162889,1540756.6,391.2838254,IT=7.2;7.2 ,ii
1069,UP 1,14.402,33940,20672618.0,4.2201305,1535930.1,391.2838074,IT=7.2;7.2 ,ii
1070,UP 1,14.306,32292,20210454.0,4.2241431,1507381.0,371.1008613,IT=7.2;7.2 ,ii
1071,UP 1,14.324,32816,20494654.0,4.2281534,1495953.4,391.2837764,IT=7.2;7.2 ,ii
1072,UP 1,13.299,30052,20580886.0,4.2321388,1652383.2,391.2837218,IT=6.6;6.6 ,ii
1073,UP 1,14.476,32304,20187944.0,4.2359784,1502703.9,391.2837928,IT=7.2;7.2 ,ii
1074,UP 1,14.437,33328,21264038.0,4.2400013,1641748.4,391.2837467,IT=7.2;7.2 ,ii
1075,UP 1,14.211,32176,20811784.0,4.2440137,1615547.8,391.283668,IT=7.1;7.1 ,ii
1076,UP 1,14.661,34800,20595908.0,4.2480304,1544018.6,391.283798,IT=7.3;7.3 ,ii
1077,UP 1,13.640,32484,20903590.0,4.2518596,1607845.1,391.2837603,IT=6.8;6.8 ,ii
1078,UP 1,14.604,35180,20918746.0,4.2558658,1690261.2,371.1007725,IT=7.3;7.3 ,ii
1079,UP 1,14.490,32924,20459338.0,4.259872,1536336.0,371.1007407,IT=7.2;7.2 ,ii
1080,UP 1,14.064,33580,21153134.0,4.2638761,1650183.8,371.1007589,IT=7;7 ,ii
1081,UP 1,13.954,33384,20860964.0,4.2677116,1587014.2,391.2837419,IT=7;7 ,ii
1082,UP 1,13.129,31740,21500412.0,4.2717011,1633499.6,391.2837267,IT=6.6;6.6 ,ii
1083,UP 1,13.712,34724,21422990.0,4.2756927,1590933.6,391.2836777,IT=6.9;6.9 ,ii
1084,UP 1,14.783,34076,20913132.0,4.2797052,1616759.6,371.1008035,IT=7.4;7.4 ,ii
1085,UP 1,14.533,32492,20784750.0,4.283551,1592261.2,371.1007217,IT=7.3;7.3 ,ii
1086,UP 1,14.068,31800,20848934.0,4.2875572,1623270.5,391.2837076,IT=7;7 ,ii
1087,UP 1,14.265,32604,20484566.0,4.2915613,1551889.2,371.1008114,IT=7.1;7.1 ,ii
1088,UP 1,13.916,35168,21064922.0,4.2955592,1566734.8,391.2838321,IT=7;7 ,ii
1089,UP 1,13.851,32164,20520956.0,4.2995592,1570164.5,371.1008023,IT=6.9;6.9 ,ii
1090,UP 1,14.852,34456,20464626.0,4.3035759,1505706.8,391.2838889,IT=7.4;7.4 ,ii
1091,UP 1,13.749,32276,20566190.0,4.3075779,1575871.6,391.283768,IT=6.9;6.9 ,ii
1092,UP 1,14.593,32456,20471880.0,4.3115862,1564557.2,391.283703,IT=7.3;7.3 ,ii
1093,UP 1,13.718,32648,20622664.0,4.3154196,1505459.9,371.1008084,IT=6.9;6.9 ,ii
1094,UP 1,14.062,32092,20411406.0,4.3194216,1535929.5,391.2837695,IT=7;7 ,ii
1095,UP 1,13.569,33368,21048658.0,4.3234153,1632399.2,371.1008518,IT=6.8;6.8 ,ii
1096,UP 1,13.923,33764,20723112.0,4.3274153,1522366.9,391.2838295,IT=7;7 ,ii
1097,UP 1,15.091,35220,20866158.0,4.3312632,1521605.8,391.2838181,IT=7.5;7.5 ,ii
1098,UP 1,15.668,35668,20704982.0,4.3352944,1583356.8,391.2839046,IT=7.8;7.8 ,ii
1099,UP 1,14.439,32720,20645452.0,4.3393131,1587770.8,391.2838028,IT=7.2;7.2 ,ii
1100,UP 1,13.840,35216,21050274.0,4.3433152,1625477.0,371.1008419,IT=6.9;6.9 ,ii
1101,UP 1,13.565,32340,21373014.0,4.3471423,1657865.8,371.1007968,IT=6.8;6.8 ,ii
1102,UP 1,14.463,33036,20702296.0,4.3511505,1539946.6,391.2838409,IT=7.2;7.2 ,ii
1103,UP 1,14.070,35556,21089414.0,4.3551547,1528301.6,391.2837781,IT=7;7 ,ii
1104,UP 1,13.747,31636,20659594.0,4.3591984,1636832.8,371.1008215,IT=6.9;6.9 ,ii
1105,UP 1,13.661,31120,20982886.0,4.3630297,1603498.4,391.2837884,IT=6.8;6.8 ,ii
1106,UP 1,14.543,37792,21890178.0,4.3670421,1611789.4,391.2838126,IT=7.3;7.3 ,ii
1107,UP 1,13.596,29172,19817042.0,4.371038,1614126.8,371.1008434,IT=6.8;6.8 ,ii
1108,UP 1,13.671,33868,21467130.0,4.3750316,1678282.5,371.1008782,IT=6.8;6.8 ,ii
1109,UP 1,13.851,32228,21305974.0,4.3788629,1694633.9,371.1009644,IT=6.9;6.9 ,ii
1110,UP 1,14.113,31968,20418036.0,4.3828607,1554164.9,391.2839594,IT=7.1;7.1 ,ii
1111,UP 1,13.713,31116,20668642.0,4.3868566,1617904.2,371.1009319,IT=6.9;6.9 ,ii
1112,UP 1,13.601,32280,20986330.0,4.3906878,1553347.0,391.2838405,IT=6.8;6.8 ,ii
1113,UP 1,13.931,33860,21050680.0,4.3946878,1568675.5,391.2838295,IT=7;7 ,ii
1114,UP 1,13.111,33600,21431956.0,4.3986814,1622489.1,391.2838264,IT=6.6;6.6 ,ii
1115,UP 1,14.036,31616,20368348.0,4.4026856,1585614.1,371.10086,IT=7;7 ,ii
1116,UP 1,13.637,32760,20731796.0,4.4065085,1583827.5,391.2838616,IT=6.8;6.8 ,ii
1117,UP 1,13.507,31848,20936206.0,4.4104981,1701675.6,391.2837514,IT=6.8;6.8 ,ii
1118,UP 1,13.465,35264,21102788.0,4.4144855,1502627.6,371.1007809,IT=6.7;6.7 ,ii
1119,UP 1,14.118,32672,20597140.0,4.4184855,1492913.8,371.1007061,IT=7.1;7.1 ,ii
1120,UP 1,14.207,33132,21134868.0,4.4223189,1568781.6,371.1007368,IT=7.1;7.1 ,ii
1121,UP 1,13.636,33304,21457264.0,4.4263126,1684228.9,371.1007856,IT=6.8;6.8 ,ii
1122,UP 1,14.003,32432,20903008.0,4.4303083,1594065.2,391.2838133,IT=7;7 ,ii
1123,UP 1,13.830,35472,21854032.0,4.4343,1651709.5,391.2836929,IT=6.9;6.9 ,ii
1124,UP 1,14.117,34068,21376338.0,4.4381417,1630916.0,391.283719,IT=7.1;7.1 ,ii
1125,UP 1,15.336,33592,19633804.0,4.4421687,1454330.6,391.2838317,IT=7.7;7.7 ,ii
1126,UP 1,14.073,34176,21063674.0,4.4461769,1689858.2,391.2837606,IT=7;7 ,ii
1127,UP 1,13.416,30252,20430686.0,4.4501707,1637622.6,391.2837892,IT=6.7;6.7 ,ii
1128,UP 1,14.783,33244,20831020.0,4.4540103,1619279.4,391.2837858,IT=7.4;7.4 ,ii
1129,UP 1,13.545,33400,20926804.0,4.4580103,1555962.8,371.1007977,IT=6.8;6.8 ,ii
1130,UP 1,14.261,33432,20741650.0,4.4620207,1502495.0,371.1009005,IT=7.1;7.1 ,ii
1131,UP 1,14.034,31524,20265630.0,4.4660227,1493405.0,391.2838935,IT=7;7 ,ii
1132,UP 1,14.030,33596,21095292.0,4.469856,1621303.6,371.1009132,IT=7;7 ,ii
1133,UP 1,13.140,30560,20699520.0,4.4738456,1607781.1,371.1008423,IT=6.6;6.6 ,ii
1134,UP 1,13.620,31184,20516406.0,4.4778393,1581706.4,391.2835524,IT=6.8;6.8 ,ii
1135,UP 1,13.981,32796,21636980.0,4.4818351,1757093.4,391.2837737,IT=7;7 ,ii
1136,UP 1,14.098,34936,21317056.0,4.4856685,1545558.4,391.2837357,IT=7;7 ,ii
1137,UP 1,13.778,33188,20684350.0,4.4896684,1520374.4,391.2837534,IT=6.9;6.9 ,ii
1138,UP 1,13.736,33940,21526978.0,4.4936663,1647493.5,391.2836578,IT=6.9;6.9 ,ii
1139,UP 1,13.679,31752,20624642.0,4.4975058,1594044.0,391.2838041,IT=6.8;6.8 ,ii
1140,UP 1,14.542,35232,21613456.0,4.5015204,1581888.8,371.1007938,IT=7.3;7.3 ,ii
1141,UP 1,13.556,34156,21241114.0,4.5055183,1641051.8,371.1008035,IT=6.8;6.8 ,ii
1142,UP 1,13.701,31696,20208604.0,4.5095099,1580126.0,391.2838183,IT=6.9;6.9 ,ii
1143,UP 1,14.037,33168,20946664.0,4.5133453,1567499.0,391.283788,IT=7;7 ,ii
1144,UP 1,14.028,33012,21181478.0,4.5173495,1676249.8,391.2838193,IT=7;7 ,ii
1146,UP 1,13.585,31468,20951000.0,4.5213182,1632728.1,391.2837368,IT=6.8;6.8 ,ii
1147,UP 1,13.785,32236,20670546.0,4.5253619,1596575.4,391.2838031,IT=6.9;6.9 ,ii
1148,UP 1,13.868,31664,21002780.0,4.5291911,1624350.0,371.1006832,IT=6.9;6.9 ,ii
1149,UP 1,13.323,33880,21567604.0,4.5331765,1665022.8,371.1007631,IT=6.7;6.7 ,ii
1150,UP 1,13.779,31020,20724474.0,4.5371764,1619312.5,371.1008134,IT=6.9;6.9 ,ii
1151,UP 1,13.842,34796,21364594.0,4.5411764,1699017.0,371.1007878,IT=6.9;6.9 ,ii
1152,UP 1,14.064,32736,21170168.0,4.5450201,1667168.8,371.1007956,IT=7;7 ,ii
1153,UP 1,13.819,32768,20971016.0,4.549018,1621822.5,371.1008217,IT=6.9;6.9 ,ii
1154,UP 1,14.004,33660,20961134.0,4.5530158,1651234.1,391.283798,IT=7;7 ,ii
1155,UP 1,15.597,38824,21601810.0,4.5570367,1569406.1,371.1008415,IT=7.8;7.8 ,ii
1156,UP 1,15.406,34108,20631150.0,4.5609096,1544833.0,371.1008874,IT=7.7;7.7 ,ii
1157,UP 1,14.558,32428,20413724.0,4.5649304,1558368.9,391.2838021,IT=7.3;7.3 ,ii
1158,UP 1,15.272,34520,20376864.0,4.5689595,1550347.0,391.2837831,IT=7.6;7.6 ,ii
1159,UP 1,14.482,32308,20647248.0,4.5729761,1575321.1,391.2837798,IT=7.2;7.2 ,ii
1160,UP 1,14.842,34864,21195978.0,4.5768324,1662191.0,371.1008268,IT=7.4;7.4 ,ii
1161,UP 1,13.978,34040,21462372.0,4.5808428,1662921.4,391.2837892,IT=7;7 ,ii
1162,UP 1,13.954,34208,20981446.0,4.5848427,1565754.0,371.1007975,IT=7;7 ,ii
1163,UP 1,14.265,34112,21303336.0,4.5888531,1646446.4,371.1008446,IT=7.1;7.1 ,ii
1164,UP 1,13.839,34076,21458296.0,4.5926907,1686792.6,391.283756,IT=6.9;6.9 ,ii
1165,UP 1,14.147,32504,20115546.0,4.596701,1505267.2,391.283838,IT=7.1;7.1 ,ii
1166,UP 1,14.592,35116,20957954.0,4.6007156,1626880.5,391.2838668,IT=7.3;7.3 ,ii
1167,UP 1,14.096,32912,21262646.0,4.6047197,1656243.6,391.2837558,IT=7;7 ,ii
1168,UP 1,13.925,33768,21654936.0,4.6085635,1621243.1,391.283767,IT=7;7 ,ii
1169,UP 1,13.786,32228,20549748.0,4.6125634,1620377.8,371.1006976,IT=6.9;6.9 ,ii
1170,UP 1,13.769,30584,20192164.0,4.6165593,1594279.2,391.2838491,IT=6.9;6.9 ,ii
1171,UP 1,14.604,36284,21307256.0,4.6205633,1552486.8,391.2837785,IT=7.3;7.3 ,ii
1172,UP 1,14.668,35064,21196794.0,4.6244071,1624471.4,391.2838224,IT=7.3;7.3 ,ii
1173,UP 1,14.433,33728,20977974.0,4.6284196,1658169.0,391.2838943,IT=7.2;7.2 ,ii
1175,UP 1,13.756,31508,20207932.0,4.6325675,1544020.5,391.2838156,IT=6.9;6.9 ,ii
1176,UP 1,14.335,31836,20557798.0,4.6366049,1574366.8,391.2838019,IT=7.2;7.2 ,ii
1177,UP 1,13.863,35684,21035848.0,4.6404382,1620442.9,391.2838453,IT=6.9;6.9 ,ii
1178,UP 1,14.371,33100,20762504.0,4.6444465,1571568.1,391.2838987,IT=7.2;7.2 ,ii
1179,UP 1,13.446,34292,22131310.0,4.6484486,1706945.1,391.2837966,IT=6.7;6.7 ,ii
1180,UP 1,15.347,34696,20869270.0,4.6524652,1626084.8,391.2838337,IT=7.7;7.7 ,ii
1181,UP 1,14.038,34680,21497970.0,4.6563027,1599536.8,371.1008543,IT=7;7 ,ii
1182,UP 1,14.702,33668,20974516.0,4.6603214,1627073.5,391.2838246,IT=7.4;7.4 ,ii
1183,UP 1,14.905,35120,20380308.0,4.6643402,1477485.2,391.2838483,IT=7.5;7.5 ,ii
1184,UP 1,13.788,33508,21157438.0,4.668188,1752530.0,391.2838398,IT=6.9;6.9 ,ii
1185,UP 1,14.634,32968,20120802.0,4.6722067,1549459.8,391.2838893,IT=7.3;7.3 ,ii
1186,UP 1,14.250,33796,21157980.0,4.6762171,1559758.1,391.2837816,IT=7.1;7.1 ,ii
1187,UP 1,13.176,33236,21577500.0,4.6802026,1682583.9,371.100821,IT=6.6;6.6 ,ii
1188,UP 1,14.359,33992,20470656.0,4.6840442,1560494.6,391.2838344,IT=7.2;7.2 ,ii
1189,UP 1,14.347,31708,20228450.0,4.6880608,1533032.9,391.2838429,IT=7.2;7.2 ,ii
1190,UP 1,13.365,33876,21516508.0,4.6920566,1730817.9,391.2838672,IT=6.7;6.7 ,ii
1191,UP 1,13.989,33392,21345910.0,4.6960566,1657429.6,371.1008899,IT=7;7 ,ii
1192,UP 1,13.942,30028,20827176.0,4.6998983,1664542.5,371.1008475,IT=7;7 ,ii
1193,UP 1,14.207,36952,21782784.0,4.7039003,1655896.9,391.2838801,IT=7.1;7.1 ,ii
1194,UP 1,13.962,31100,20899960.0,4.7079065,1600123.9,371.1008854,IT=7;7 ,ii
1195,UP 1,14.085,32348,20991082.0,4.7119127,1679864.6,391.2838302,IT=7;7 ,ii
1196,UP 1,15.116,32292,20936834.0,4.7159273,1560705.2,391.2838713,IT=7.6;7.6 ,ii
1197,UP 1,14.433,33200,20868774.0,4.7199335,1614775.0,371.1008716,IT=7.2;7.2 ,ii
1198,UP 1,14.115,31712,20321354.0,4.7239397,1607878.8,391.2839511,IT=7.1;7.1 ,ii
1199,UP 1,14.763,35128,20713816.0,4.7279522,1612362.1,391.2839867,IT=7.4;7.4 ,ii
1200,UP 1,14.717,36868,21521030.0,4.7318043,1637970.2,391.2839037,IT=7.4;7.4 ,ii
1201,UP 1,14.878,36360,21097332.0,4.7358251,1549379.8,391.2839471,IT=7.4;7.4 ,ii
1202,UP 1,15.006,34956,20952434.0,4.7398459,1547628.5,371.101013,IT=7.5;7.5 ,ii
1203,UP 1,14.953,31668,20403452.0,4.7438708,1520378.2,391.2839846,IT=7.5;7.5 ,ii
1204,UP 1,13.893,31228,21311286.0,4.7477125,1638532.1,391.283866,IT=6.9;6.9 ,ii
1205,UP 1,13.435,33360,21700650.0,4.7517041,1705968.2,391.2837734,IT=6.7;6.7 ,ii
1206,UP 1,13.690,34696,21442216.0,4.7556916,1598889.2,371.1007999,IT=6.8;6.8 ,ii
1207,UP 1,13.568,29032,20712540.0,4.7596895,1660570.6,391.283849,IT=6.8;6.8 ,ii
1208,UP 1,14.810,33056,20915074.0,4.7635374,1569593.2,371.1008743,IT=7.4;7.4 ,ii
1209,UP 1,14.130,30512,20524916.0,4.7675436,1658292.0,391.2838926,IT=7.1;7.1 ,ii
1210,UP 1,13.523,34080,21673026.0,4.7715414,1727033.6,391.2838533,IT=6.8;6.8 ,ii
1211,UP 1,13.486,33776,21826910.0,4.7755331,1631955.4,391.2838536,IT=6.7;6.7 ,ii
1212,UP 1,13.837,34744,21717284.0,4.7793644,1680103.6,391.2838093,IT=6.9;6.9 ,ii
1213,UP 1,14.494,34732,21341222.0,4.7833748,1602506.6,371.1009437,IT=7.2;7.2 ,ii
1214,UP 1,14.188,34136,21187770.0,4.7873852,1532709.1,391.2839314,IT=7.1;7.1 ,ii
1215,UP 1,13.448,33568,22052760.0,4.791383,1643442.1,391.2838801,IT=6.7;6.7 ,ii
1216,UP 1,14.039,33904,21043066.0,4.7952185,1603786.6,371.1009506,IT=7;7 ,ii
1217,UP 1,13.465,33072,21664208.0,4.7992101,1578834.5,391.2838676,IT=6.7;6.7 ,ii
1218,UP 1,13.282,32472,21718062.0,4.8031955,1640171.5,391.2837986,IT=6.6;6.6 ,ii
1219,UP 1,14.014,31976,21442284.0,4.8071975,1640211.9,391.2837772,IT=7;7 ,ii
1220,UP 1,13.302,33504,21804942.0,4.8110184,1673394.4,391.2838196,IT=6.7;6.7 ,ii
1221,UP 1,14.203,32312,21281126.0,4.8150204,1569947.4,391.2837907,IT=7.1;7.1 ,ii
1222,UP 1,14.155,33740,21414704.0,4.8190204,1602054.2,391.2837844,IT=7.1;7.1 ,ii
1223,UP 1,13.293,31000,20617676.0,4.8228432,1632907.8,371.1008174,IT=6.6;6.6 ,ii
1224,UP 1,13.332,31944,21548280.0,4.8268266,1632722.9,391.2838529,IT=6.7;6.7 ,ii
1225,UP 1,13.839,31716,21208264.0,4.8308182,1650347.4,371.1008233,IT=6.9;6.9 ,ii
1226,UP 1,14.092,31352,20926988.0,4.8348245,1587621.0,371.1007402,IT=7;7 ,ii
1227,UP 1,13.043,32528,22285766.0,4.8386473,1786349.1,371.1007909,IT=6.5;6.5 ,ii
1228,UP 1,13.582,34948,22782256.0,4.842639,1693230.0,371.1008161,IT=6.8;6.8 ,ii
1229,UP 1,13.425,33720,21438648.0,4.8466326,1649290.9,371.1008217,IT=6.7;6.7 ,ii
1230,UP 1,14.092,33312,21598370.0,4.8506243,1643663.8,391.2838598,IT=7;7 ,ii
1231,UP 1,13.483,33864,22001168.0,4.8544451,1682322.1,371.1008369,IT=6.7;6.7 ,ii
1232,UP 1,12.936,31756,21433346.0,4.8584284,1654305.6,391.2837884,IT=6.5;6.5 ,ii
1233,UP 1,13.887,33972,21919840.0,4.8624242,1600319.4,371.1008351,IT=6.9;6.9 ,ii
1234,UP 1,13.303,34464,22636516.0,4.8664117,1756355.1,371.1008253,IT=6.7;6.7 ,ii
1235,UP 1,13.324,32348,21713664.0,4.8702305,1683797.6,391.2837997,IT=6.7;6.7 ,ii
1236,UP 1,13.941,32096,21158016.0,4.8742283,1584165.2,371.100753,IT=7;7 ,ii
1237,UP 1,14.031,31836,20890734.0,4.8782345,1571515.5,391.2837841,IT=7;7 ,ii
1238,UP 1,13.099,33124,21997758.0,4.8822199,1704038.0,391.2837715,IT=6.5;6.5 ,ii
1239,UP 1,13.702,30556,20926742.0,4.8860491,1610200.4,391.2838426,IT=6.9;6.9 ,ii
1240,UP 1,13.659,33348,21214472.0,4.890049,1619489.2,391.2837138,IT=6.8;6.8 ,ii
1241,UP 1,13.267,31804,21592060.0,4.8940428,1655076.4,391.2836813,IT=6.6;6.6 ,ii
1242,UP 1,13.603,31600,21571162.0,4.8980385,1667949.9,371.1008114,IT=6.8;6.8 ,ii
1243,UP 1,13.340,31652,21221670.0,4.9018573,1577270.2,371.1006601,IT=6.7;6.7 ,ii
1244,UP 1,12.566,32116,21823934.0,4.9058302,1637434.6,371.1007963,IT=6.3;6.3 ,ii
1245,UP 1,13.106,32384,22023992.0,4.9098073,1637581.2,371.1007471,IT=6.6;6.6 ,ii
1246,UP 1,12.677,32236,21805982.0,4.9137738,1693791.1,391.28374,IT=6.3;6.3 ,ii
1247,UP 1,14.170,34564,21276502.0,4.9176031,1539522.9,391.2837342,IT=7.1;7.1 ,ii
1248,UP 1,13.418,32500,21589146.0,4.9215946,1661109.2,371.1007821,IT=6.7;6.7 ,ii
1249,UP 1,13.789,32312,21098876.0,4.9255885,1656500.0,391.283768,IT=6.9;6.9 ,ii
1250,UP 1,13.783,33420,21520720.0,4.9294238,1595129.5,391.2837585,IT=6.9;6.9 ,ii
1251,UP 1,13.598,33852,21790294.0,4.9334176,1610738.2,391.2836523,IT=6.8;6.8 ,ii
1252,UP 1,14.211,35612,22446542.0,4.937432,1727376.1,391.2837053,IT=7.1;7.1 ,ii
1253,UP 1,13.760,33156,20723478.0,4.9414341,1519564.8,371.1008196,IT=6.9;6.9 ,ii
1254,UP 1,13.419,31336,21427284.0,4.9452633,1615974.0,391.2837351,IT=6.7;6.7 ,ii
1255,UP 1,13.829,32608,21511536.0,4.9492549,1670173.9,391.2837545,IT=6.9;6.9 ,ii
1256,UP 1,13.879,32928,21099984.0,4.9532507,1595270.5,371.100754,IT=6.9;6.9 ,ii
1257,UP 1,13.175,31344,21571970.0,4.9572423,1667844.4,391.283777,IT=6.6;6.6 ,ii
1258,UP 1,13.471,36020,22182810.0,4.9610674,1631347.8,371.1007909,IT=6.7;6.7 ,ii
1259,UP 1,13.612,35768,22515196.0,4.9650652,1797987.6,391.2837655,IT=6.8;6.8 ,ii
1260,UP 1,13.593,32348,21285910.0,4.9690589,1618289.8,391.2838524,IT=6.8;6.8 ,ii
1261,UP 1,13.638,33184,21955376.0,4.9730547,1690438.6,391.283794,IT=6.8;6.8 ,ii
1262,UP 1,13.141,33032,21967178.0,4.9768756,1646366.2,371.1008556,IT=6.6;6.6 ,ii
1263,UP 1,13.122,31652,21372284.0,4.9808651,1643817.4,391.2838505,IT=6.6;6.6 ,ii
1264,UP 1,13.667,34120,21938948.0,4.9848567,1694539.4,371.1009748,IT=6.8;6.8 ,ii
1265,UP 1,13.468,34304,22220194.0,4.9888463,1670032.8,371.1008439,IT=6.7;6.7 ,ii
1266,UP 1,13.622,33832,21727622.0,4.9928485,1630389.1,371.1008841,IT=6.8;6.8 ,ii
1267,UP 1,13.326,33752,21970830.0,4.9968442,1655009.6,371.1008721,IT=6.7;6.7 ,ii
1268,UP 1,12.963,34304,22443820.0,5.0008357,1688042.1,391.2837566,IT=6.5;6.5 ,ii
1269,UP 1,13.260,32324,21827238.0,5.0048295,1723391.0,371.1007942,IT=6.6;6.6 ,ii
1270,UP 1,13.039,32548,22347076.0,5.008815,1757600.6,371.1009103,IT=6.5;6.5 ,ii
1271,UP 1,14.321,32308,20887560.0,5.0128128,1729755.8,391.2838025,IT=7.2;7.2 ,ii
1272,UP 1,13.935,35788,22095176.0,5.0168087,1683454.0,391.2837988,IT=7;7 ,ii
1273,UP 1,14.038,33216,21470024.0,5.0208107,1643950.6,391.2838315,IT=7;7 ,ii
1275,UP 1,13.213,34240,22192960.0,5.0247836,1694901.1,391.2837774,IT=6.6;6.6 ,ii
1276,UP 1,15.089,36592,21484198.0,5.0288523,1587422.2,391.2838499,IT=7.5;7.5 ,ii
1277,UP 1,14.404,33816,21732578.0,5.0328689,1689998.9,371.1007498,IT=7.2;7.2 ,ii
1278,UP 1,13.858,33056,21780742.0,5.0368709,1700196.4,371.1008535,IT=6.9;6.9 ,ii
1279,UP 1,14.102,35348,21773300.0,5.0407147,1623594.8,391.2837928,IT=7.1;7.1 ,ii
1280,UP 1,14.048,33532,21619442.0,5.0447251,1616909.9,371.1008063,IT=7;7 ,ii
1281,UP 1,14.483,34688,21962952.0,5.0487334,1641100.6,371.1008219,IT=7.2;7.2 ,ii
1282,UP 1,14.592,33192,21513826.0,5.0527458,1642607.1,371.1008148,IT=7.3;7.3 ,ii
1283,UP 1,14.668,34132,21532766.0,5.0565959,1717016.6,391.2837397,IT=7.3;7.3 ,ii
1284,UP 1,14.735,37140,22411378.0,5.0606146,1613214.5,391.2837676,IT=7.4;7.4 ,ii
1285,UP 1,14.396,34476,21679318.0,5.0646375,1670373.4,391.2838204,IT=7.2;7.2 ,ii
1286,UP 1,14.391,34268,21793152.0,5.0686457,1680573.4,371.1008921,IT=7.2;7.2 ,ii
1287,UP 1,13.757,34588,21844612.0,5.0724833,1719810.6,391.2838495,IT=6.9;6.9 ,ii
1288,UP 1,15.556,36388,21359774.0,5.0765082,1664390.6,391.2838584,IT=7.8;7.8 ,ii
1289,UP 1,13.957,34016,22067140.0,5.0805145,1685735.5,391.2838172,IT=7;7 ,ii
1290,UP 1,13.827,38388,23496324.0,5.0845227,1797846.8,391.2838242,IT=6.9;6.9 ,ii
1291,UP 1,13.230,32924,22437142.0,5.0883457,1717253.6,371.1009559,IT=6.6;6.6 ,ii
1292,UP 1,13.812,33160,21966494.0,5.0923457,1719086.9,391.2838765,IT=6.9;6.9 ,ii
1293,UP 1,14.134,37000,22528012.0,5.0963477,1665245.8,371.1008898,IT=7.1;7.1 ,ii
1294,UP 1,13.304,37092,22978778.0,5.1001726,1701566.6,391.2838022,IT=6.7;6.7 ,ii
1295,UP 1,13.333,34420,22337988.0,5.1041622,1662825.9,371.1008792,IT=6.7;6.7 ,ii
1296,UP 1,14.040,32876,21523670.0,5.1081642,1690088.4,391.2838275,IT=7;7 ,ii
1297,UP 1,13.664,32540,21693578.0,5.112158,1667966.5,391.2838748,IT=6.8;6.8 ,ii
1298,UP 1,13.984,34648,21818348.0,5.1159872,1597845.6,391.283798,IT=7;7 ,ii
1299,UP 1,14.403,36804,22191490.0,5.1199955,1682634.5,391.2838629,IT=7.2;7.2 ,ii
1300,UP 1,13.488,33232,21875476.0,5.1239891,1735961.2,371.1008191,IT=6.7;6.7 ,ii
1301,UP 1,13.558,35800,22517158.0,5.1279787,1641917.4,371.1007721,IT=6.8;6.8 ,ii
1302,UP 1,13.616,35584,22744224.0,5.1319746,1720705.9,391.2838299,IT=6.8;6.8 ,ii
1304,UP 1,12.961,33284,22144928.0,5.1359433,1736564.1,391.2837334,IT=6.5;6.5 ,ii
1305,UP 1,12.818,33536,22405096.0,5.139964,1786748.1,371.1007169,IT=6.4;6.4 ,ii
1306,UP 1,13.221,33780,22312428.0,5.1439515,1747889.2,391.2836553,IT=6.6;6.6 ,ii
1307,UP 1,14.206,35908,22359538.0,5.147787,1684580.1,371.1007274,IT=7.1;7.1 ,ii
1308,UP 1,14.047,35916,22630434.0,5.1517869,1724216.6,391.2836656,IT=7;7 ,ii
1309,UP 1,13.908,31832,21935110.0,5.1557868,1661182.1,371.1007503,IT=7;7 ,ii
1310,UP 1,12.726,34456,22771006.0,5.159766,1785435.5,391.2837275,IT=6.4;6.4 ,ii
1311,UP 1,13.640,34308,22811220.0,5.1635931,1681009.9,371.1007617,IT=6.8;6.8 ,ii
1312,UP 1,13.860,34256,22127634.0,5.167591,1763095.5,391.2837108,IT=6.9;6.9 ,ii
1313,UP 1,13.821,31784,21392106.0,5.1715929,1611037.4,371.10066,IT=6.9;6.9 ,ii
1314,UP 1,14.094,36868,23188278.0,5.1755971,1774555.8,391.2836375,IT=7;7 ,ii
1315,UP 1,14.136,34592,22240426.0,5.1794367,1678354.6,371.1007189,IT=7.1;7.1 ,ii
1316,UP 1,15.381,34000,20896028.0,5.1834679,1614490.4,391.2838144,IT=7.7;7.7 ,ii
1317,UP 1,13.803,35484,22773166.0,5.1874763,1684092.4,391.2836875,IT=6.9;6.9 ,ii
1318,UP 1,13.529,33940,22793246.0,5.1914741,1726059.9,391.2837406,IT=6.8;6.8 ,ii
1319,UP 1,13.558,34324,22648852.0,5.1953116,1738439.2,391.2836933,IT=6.8;6.8 ,ii
1320,UP 1,13.826,33384,22201096.0,5.1993137,1688168.8,371.1008263,IT=6.9;6.9 ,ii
1321,UP 1,13.922,35044,21998538.0,5.2033178,1675842.4,391.2837481,IT=7;7 ,ii
1322,UP 1,13.422,34276,22597880.0,5.2073135,1736729.2,391.283665,IT=6.7;6.7 ,ii
1323,UP 1,13.817,33688,22705578.0,5.2111407,1718125.5,371.1006891,IT=6.9;6.9 ,ii
1324,UP 1,13.304,33356,22859010.0,5.2151302,1744784.0,371.100745,IT=6.7;6.7 ,ii
1325,UP 1,13.842,35688,22420634.0,5.2191261,1635127.1,371.1007135,IT=6.9;6.9 ,ii
1326,UP 1,14.144,35512,22268552.0,5.2229572,1680652.0,371.1007758,IT=7.1;7.1 ,ii
1327,UP 1,13.748,34116,22600060.0,5.2267948,1806807.1,391.2837098,IT=6.9;6.9 ,ii
1328,UP 1,13.912,34908,22673928.0,5.2307988,1695231.0,391.2837161,IT=7;7 ,ii
1329,UP 1,13.006,34928,23589712.0,5.2347863,1750335.0,371.1007129,IT=6.5;6.5 ,ii
1330,UP 1,12.550,33704,23282468.0,5.2385926,1757460.2,391.2836938,IT=6.3;6.3 ,ii
1331,UP 1,14.353,35160,21928714.0,5.2425947,1685935.8,391.2837402,IT=7.2;7.2 ,ii
1332,UP 1,13.638,36512,22472368.0,5.2465883,1707987.9,391.2836687,IT=6.8;6.8 ,ii
1333,UP 1,14.032,33936,22165812.0,5.2505883,1739189.5,371.1007506,IT=7;7 ,ii
1334,UP 1,13.548,34636,22504802.0,5.2544175,1740235.1,391.2836886,IT=6.8;6.8 ,ii
1335,UP 1,14.295,36048,22945954.0,5.2584258,1714928.1,391.28368,IT=7.1;7.1 ,ii
1336,UP 1,12.888,34420,23398546.0,5.2624111,1779151.5,391.2836218,IT=6.4;6.4 ,ii
1337,UP 1,14.063,32684,22262922.0,5.2664069,1677468.1,391.2836873,IT=7;7 ,ii
1338,UP 1,12.711,33652,23000368.0,5.2702236,1716313.1,391.2836158,IT=6.4;6.4 ,ii
1339,UP 1,13.793,33716,22380624.0,5.2742173,1669757.8,371.100659,IT=6.9;6.9 ,ii
1340,UP 1,14.253,37200,22667456.0,5.2782276,1682213.8,391.2837181,IT=7.1;7.1 ,ii
1341,UP 1,13.611,37460,23506154.0,5.2822339,1773191.5,371.1006527,IT=6.8;6.8 ,ii
1342,UP 1,13.525,34416,23268560.0,5.286059,1804026.2,391.2836726,IT=6.8;6.8 ,ii
1343,UP 1,12.984,32412,22613750.0,5.2900422,1800462.2,391.2836343,IT=6.5;6.5 ,ii
1344,UP 1,14.034,33040,21818484.0,5.2940401,1659737.9,391.2836988,IT=7;7 ,ii
1345,UP 1,13.539,36792,23224870.0,5.2980379,1689888.8,371.1007552,IT=6.8;6.8 ,ii
1346,UP 1,12.894,34212,23393710.0,5.3018589,1825011.0,391.2836683,IT=6.4;6.4 ,ii
1347,UP 1,13.901,34000,22295612.0,5.3058546,1727663.8,391.2837756,IT=7;7 ,ii
1348,UP 1,13.395,34604,22193912.0,5.3098421,1726899.9,391.2837951,IT=6.7;6.7 ,ii
1349,UP 1,13.969,37704,23132102.0,5.3138358,1702446.4,391.2837169,IT=7;7 ,ii
1350,UP 1,13.696,34628,22567830.0,5.3176629,1758985.4,391.2837384,IT=6.8;6.8 ,ii
1351,UP 1,13.464,35808,23526578.0,5.3216503,1687016.1,391.2836537,IT=6.7;6.7 ,ii
1352,UP 1,13.641,35216,22364984.0,5.3256441,1642727.4,371.1008097,IT=6.8;6.8 ,ii
1353,UP 1,13.714,33004,22125372.0,5.3294774,1731963.4,391.2836387,IT=6.9;6.9 ,ii
1354,UP 1,13.118,33412,22973922.0,5.3334628,1762262.0,391.2836038,IT=6.6;6.6 ,ii
1355,UP 1,13.488,32532,22635286.0,5.3374648,1844556.2,391.2837633,IT=6.7;6.7 ,ii
1356,UP 1,13.616,34452,22693276.0,5.3414606,1708712.0,391.2836928,IT=6.8;6.8 ,ii
1357,UP 1,14.363,35672,23043800.0,5.3453023,1703885.2,391.2836819,IT=7.2;7.2 ,ii
1358,UP 1,13.858,32612,21910510.0,5.3493064,1741678.4,391.2836317,IT=6.9;6.9 ,ii
1359,UP 1,14.021,33648,22743994.0,5.3533105,1718549.6,391.2836126,IT=7;7 ,ii
1361,UP 1,12.189,31632,23250994.0,5.3591293,1814073.4,391.2835909,IT=6.1;6.1 ,ii
1362,UP 1,12.962,35636,23831862.0,5.363148,1767124.9,371.1006559,IT=6.5;6.5 ,ii
1363,UP 1,13.263,34996,23072246.0,5.3671354,1663798.2,371.1006284,IT=6.6;6.6 ,ii
1364,UP 1,13.285,35168,23368396.0,5.3709584,1730355.4,391.2836298,IT=6.6;6.6 ,ii
1365,UP 1,13.613,33732,22790788.0,5.3749541,1637322.6,391.283625,IT=6.8;6.8 ,ii
1366,UP 1,13.210,35588,23541604.0,5.3789416,1759755.9,391.2835558,IT=6.6;6.6 ,ii
1367,UP 1,13.184,32892,22703000.0,5.3829394,1789629.2,391.2836236,IT=6.6;6.6 ,ii
1368,UP 1,13.427,34320,23583484.0,5.3869353,1745259.0,371.1006663,IT=6.7;6.7 ,ii
1369,UP 1,12.961,35188,23623284.0,5.3909311,1811849.0,391.2836302,IT=6.5;6.5 ,ii
1370,UP 1,12.721,31640,22843678.0,5.3949248,1749043.8,371.1007259,IT=6.4;6.4 ,ii
1371,UP 1,13.031,34528,23043088.0,5.3987353,1742814.8,391.2836807,IT=6.5;6.5 ,ii
1372,UP 1,14.008,35880,23669862.0,5.4027311,1792164.4,391.2836455,IT=7;7 ,ii
1373,UP 1,14.574,34692,22703692.0,5.4067414,1745123.9,391.2836901,IT=7.3;7.3 ,ii
1374,UP 1,14.862,35404,22011894.0,5.4107581,1611108.2,391.2836359,IT=7.4;7.4 ,ii
1375,UP 1,13.072,32908,23509534.0,5.4145789,1765827.0,391.2836536,IT=6.5;6.5 ,ii
1376,UP 1,13.753,37028,23768004.0,5.4185747,1840441.8,391.2836551,IT=6.9;6.9 ,ii
1377,UP 1,12.626,33144,23022736.0,5.4225517,1770028.5,391.2836123,IT=6.3;6.3 ,ii
1378,UP 1,13.686,36660,23977770.0,5.4265392,1771570.4,391.2836403,IT=6.8;6.8 ,ii
1379,UP 1,13.142,34492,23396114.0,5.4303559,1739494.9,391.2835656,IT=6.6;6.6 ,ii
1380,UP 1,13.217,35044,23428980.0,5.4343413,1733409.4,391.2835547,IT=6.6;6.6 ,ii
1381,UP 1,13.528,35176,23420436.0,5.4383328,1694727.2,371.1006339,IT=6.8;6.8 ,ii
1382,UP 1,13.606,34028,23137352.0,5.4423287,1739374.1,391.2836152,IT=6.8;6.8 ,ii
1383,UP 1,13.159,33072,23284924.0,5.4461475,1755758.5,391.2836298,IT=6.6;6.6 ,ii
1384,UP 1,13.892,34012,22958622.0,5.4501411,1793144.0,391.2835991,IT=6.9;6.9 ,ii
1385,UP 1,13.368,35288,23596560.0,5.4541307,1702395.8,391.283539,IT=6.7;6.7 ,ii
1386,UP 1,14.008,33208,22194166.0,5.4581306,1740970.9,391.2836139,IT=7;7 ,ii
1387,UP 1,13.186,37340,24235074.0,5.4619536,1765285.2,371.1006652,IT=6.6;6.6 ,ii
1388,UP 1,13.621,36940,23959342.0,5.4659473,1752108.6,391.2835693,IT=6.8;6.8 ,ii
1389,UP 1,12.812,33892,23396820.0,5.4699265,1696854.6,391.2835457,IT=6.4;6.4 ,ii
1390,UP 1,13.070,35016,24265848.0,5.4739139,1873180.4,391.2835551,IT=6.5;6.5 ,ii
1391,UP 1,13.593,36584,24009790.0,5.4777369,1743264.0,391.2834742,IT=6.8;6.8 ,ii
1392,UP 1,12.910,33456,22977962.0,5.4817222,1742479.4,391.2836145,IT=6.5;6.5 ,ii
1393,UP 1,13.139,35740,23789906.0,5.4857076,1754404.5,391.2835982,IT=6.6;6.6 ,ii
1394,UP 1,12.871,36616,24294184.0,5.4895262,1770686.1,391.2835313,IT=6.4;6.4 ,ii
1396,UP 1,12.118,32348,24156504.0,5.4953428,1839504.5,391.2837247,IT=6.1;6.1 ,ii
1397,UP 1,12.869,34832,24259008.0,5.4991929,1810737.6,391.2836353,IT=6.4;6.4 ,ii
1398,UP 1,13.483,34976,24266646.0,5.5031804,1761579.9,371.1006397,IT=6.7;6.7 ,ii
1399,UP 1,13.206,32260,23138392.0,5.5071699,1832790.1,391.2836426,IT=6.6;6.6 ,ii
1400,UP 1,13.220,34076,23267868.0,5.5109844,1843806.0,391.2835924,IT=6.6;6.6 ,ii
1401,UP 1,13.652,36996,24112662.0,5.5148074,1793492.9,391.2836455,IT=6.8;6.8 ,ii
1402,UP 1,12.550,34092,24045254.0,5.5187906,1827309.6,391.2836412,IT=6.3;6.3 ,ii
1403,UP 1,12.959,34408,24009726.0,5.5227657,1767086.5,391.2836801,IT=6.5;6.5 ,ii
1405,UP 1,12.217,34140,24153612.0,5.526724,1825285.1,391.2836293,IT=6.1;6.1 ,ii
1406,UP 1,13.621,34260,23376616.0,5.5307573,1793959.8,391.2836379,IT=6.8;6.8 ,ii
1407,UP 1,12.542,34320,24216528.0,5.5347343,1726222.8,371.1006921,IT=6.3;6.3 ,ii
1408,UP 1,12.265,35288,25165520.0,5.538703,1853576.1,371.1006532,IT=6.1;6.1 ,ii
1409,UP 1,13.234,36508,24227140.0,5.5425177,1736487.9,391.2835599,IT=6.6;6.6 ,ii
1410,UP 1,12.608,35464,25068564.0,5.5464884,1847142.2,371.1005895,IT=6.3;6.3 ,ii
1411,UP 1,12.550,32872,24356294.0,5.5504529,1938186.9,391.283521,IT=6.3;6.3 ,ii
1412,UP 1,12.521,35372,24627064.0,5.5544196,1803680.2,391.2835789,IT=6.3;6.3 ,ii
1413,UP 1,12.408,32904,23750272.0,5.5582279,1807777.6,391.2835626,IT=6.2;6.2 ,ii
1414,UP 1,12.141,33492,25318112.0,5.5621904,1853011.9,391.2835151,IT=6.1;6.1 ,ii
1416,UP 1,12.029,32848,24530968.0,5.568005,1883806.5,391.2836353,IT=6;6 ,ii
1417,UP 1,13.047,34668,24093688.0,5.5720257,1833281.5,371.1006559,IT=6.5;6.5 ,ii
1418,UP 1,12.934,32764,23927946.0,5.5760091,1867847.5,391.2835843,IT=6.5;6.5 ,ii
1419,UP 1,12.527,36580,25678868.0,5.5798132,1998100.9,391.2835431,IT=6.3;6.3 ,ii
1420,UP 1,12.604,34596,25247162.0,5.583784,1908789.4,391.2834765,IT=6.3;6.3 ,ii
1421,UP 1,12.895,34600,25197248.0,5.587761,1896259.4,391.2834259,IT=6.4;6.4 ,ii
1422,UP 1,12.902,36328,25833240.0,5.5917402,1997261.5,391.2835149,IT=6.5;6.5 ,ii
1423,UP 1,12.574,34004,25441098.0,5.5955548,2040535.1,371.1005668,IT=6.3;6.3 ,ii
1424,UP 1,12.559,34960,25067528.0,5.5995214,1866578.0,371.1004996,IT=6.3;6.3 ,ii
1425,UP 1,12.590,33036,23725138.0,5.6034922,1766228.1,391.2834697,IT=6.3;6.3 ,ii
1426,UP 1,12.682,32832,24093422.0,5.6074609,1895938.1,371.1004931,IT=6.3;6.3 ,ii
1427,UP 1,11.867,32212,24928036.0,5.6112505,1966888.6,391.2834868,IT=5.9;5.9 ,ii
1428,UP 1,12.266,33756,25397334.0,5.6152088,1945772.4,391.2834631,IT=6.1;6.1 ,ii
1429,UP 1,12.111,30708,24069608.0,5.619165,1965717.5,371.1004812,IT=6.1;6.1 ,ii
1430,UP 1,12.584,35292,25236436.0,5.6229608,1927516.0,371.1004797,IT=6.3;6.3 ,ii
1431,UP 1,12.169,33384,24656550.0,5.6269275,1875364.2,391.2834092,IT=6.1;6.1 ,ii
1432,UP 1,13.165,36480,24918342.0,5.6309024,1908414.4,371.1005863,IT=6.6;6.6 ,ii
1433,UP 1,12.733,34124,25038842.0,5.6348837,1898828.0,391.2834896,IT=6.4;6.4 ,ii
1435,UP 1,11.130,32948,25837738.0,5.6388524,2076444.8,371.1005306,IT=5.6;5.6 ,ii
1436,UP 1,12.248,32496,25025982.0,5.6428545,2011418.5,391.2834652,IT=6.1;6.1 ,ii
1437,UP 1,12.075,32832,24819586.0,5.6468127,1967107.9,371.1005004,IT=6;6 ,ii
1438,UP 1,12.387,35028,25486236.0,5.6507773,1974634.4,371.1005839,IT=6.2;6.2 ,ii
1439,UP 1,12.288,33260,24657848.0,5.6545773,1929271.0,391.2834997,IT=6.1;6.1 ,ii
1440,UP 1,13.062,34120,24080036.0,5.6585564,1888106.0,391.2835461,IT=6.5;6.5 ,ii
1441,UP 1,12.791,33008,24071856.0,5.6625334,1987938.0,391.2835774,IT=6.4;6.4 ,ii
1443,UP 1,12.420,33772,24920112.0,5.6683563,1917841.6,371.1006198,IT=6.2;6.2 ,ii
1444,UP 1,12.824,31456,23710696.0,5.672375,1976232.6,391.283596,IT=6.4;6.4 ,ii
1445,UP 1,12.736,34532,24639448.0,5.67635,1996386.6,391.283623,IT=6.4;6.4 ,ii
1446,UP 1,13.153,35020,24369844.0,5.6801709,1898547.5,391.2835407,IT=6.6;6.6 ,ii
1447,UP 1,13.356,34904,24804502.0,5.6841625,2061200.1,391.2835237,IT=6.7;6.7 ,ii
1448,UP 1,13.252,34788,24282798.0,5.6881542,1951524.0,391.283519,IT=6.6;6.6 ,ii
1449,UP 1,12.591,31160,23717704.0,5.6919646,2046858.6,391.2835756,IT=6.3;6.3 ,ii
1450,UP 1,13.159,32724,23630888.0,5.6959458,1904155.0,391.2834756,IT=6.6;6.6 ,ii
1451,UP 1,12.811,34720,24407770.0,5.6999165,1990264.5,371.1005749,IT=6.4;6.4 ,ii
1452,UP 1,13.067,34472,24509204.0,5.703904,1982644.2,391.2835527,IT=6.5;6.5 ,ii
1453,UP 1,11.986,32180,24151770.0,5.707704,2095738.8,391.2835375,IT=6;6 ,ii
1454,UP 1,12.141,31268,23459720.0,5.7116623,1925602.4,391.2834587,IT=6.1;6.1 ,ii
1455,UP 1,13.260,35188,24075448.0,5.7156393,1951624.8,391.2834635,IT=6.6;6.6 ,ii
1456,UP 1,13.748,35708,24139204.0,5.7196352,2015960.5,371.1005692,IT=6.9;6.9 ,ii
1457,UP 1,13.045,32344,23355148.0,5.7234498,1989548.6,391.2833892,IT=6.5;6.5 ,ii
1458,UP 1,12.988,33008,23372130.0,5.7274267,1962255.6,391.2833278,IT=6.5;6.5 ,ii
1459,UP 1,13.003,36008,24348580.0,5.7314079,1987928.4,371.1004448,IT=6.5;6.5 ,ii
1460,UP 1,12.404,34120,24717550.0,5.735385,2051842.4,391.2833695,IT=6.2;6.2 ,ii
1461,UP 1,12.405,34412,24593774.0,5.7391912,1971641.0,391.2833889,IT=6.2;6.2 ,ii
1462,UP 1,13.167,34116,23655398.0,5.7431766,1984860.0,391.2833969,IT=6.6;6.6 ,ii
1463,UP 1,12.188,32372,24286220.0,5.7471412,1993367.0,391.2834022,IT=6.1;6.1 ,ii
1464,UP 1,12.551,33804,23534010.0,5.7509557,1961681.6,391.2834462,IT=6.3;6.3 ,ii
1465,UP 1,12.223,34288,24791246.0,5.7549286,2108395.2,391.2834566,IT=6.1;6.1 ,ii
1466,UP 1,12.972,34784,24065698.0,5.758914,1972729.0,371.1005233,IT=6.5;6.5 ,ii
1467,UP 1,12.908,35032,24352612.0,5.7628931,2037210.8,391.283405,IT=6.5;6.5 ,ii
1468,UP 1,12.641,34052,25049850.0,5.7668681,2006791.9,391.2833815,IT=6.3;6.3 ,ii
1469,UP 1,12.595,36320,25096182.0,5.7708432,1994703.2,391.2835342,IT=6.3;6.3 ,ii
1471,UP 1,11.536,34204,25463796.0,5.7766536,2031810.4,371.1004934,IT=5.8;5.8 ,ii
1472,UP 1,12.806,35456,25280982.0,5.7806681,2020861.9,371.1005922,IT=6.4;6.4 ,ii
1473,UP 1,12.568,33944,24929976.0,5.7846431,2004576.9,391.2834925,IT=6.3;6.3 ,ii
1474,UP 1,13.270,35440,24546542.0,5.7886284,2046082.5,391.2834905,IT=6.6;6.6 ,ii
1475,UP 1,13.087,36864,24170028.0,5.7924535,1876916.2,371.1005767,IT=6.5;6.5 ,ii
1476,UP 1,12.149,31880,24185954.0,5.7964222,2019714.6,391.2834972,IT=6.1;6.1 ,ii
1477,UP 1,12.412,34240,24640206.0,5.8003826,2068726.2,391.2834626,IT=6.2;6.2 ,ii
1478,UP 1,12.389,35932,25493702.0,5.8041888,2090081.9,391.2835594,IT=6.2;6.2 ,ii
1479,UP 1,12.307,33700,25198388.0,5.8081575,2074795.9,391.2835354,IT=6.2;6.2 ,ii
1480,UP 1,12.882,36608,25454506.0,5.8121324,2005467.0,391.2834456,IT=6.4;6.4 ,ii
1481,UP 1,12.105,36024,25766656.0,5.8160929,2055921.4,371.1004711,IT=6.1;6.1 ,ii
1482,UP 1,12.494,34676,25327536.0,5.8198907,1977940.6,371.1005417,IT=6.2;6.2 ,ii
1483,UP 1,12.204,34220,25151340.0,5.8238511,1992932.6,371.100573,IT=6.1;6.1 ,ii
1484,UP 1,12.280,35400,25788578.0,5.8278094,2010540.4,391.2835205,IT=6.1;6.1 ,ii
1485,UP 1,12.505,34524,25173696.0,5.8317802,2045388.6,391.2834762,IT=6.3;6.3 ,ii
1486,UP 1,12.898,34256,24272044.0,5.8356031,1965830.4,391.283552,IT=6.4;6.4 ,ii
1487,UP 1,13.049,35904,25054420.0,5.8395927,2006288.4,391.2835234,IT=6.5;6.5 ,ii
1488,UP 1,12.350,38272,26645326.0,5.8435676,2083015.6,371.1006033,IT=6.2;6.2 ,ii
1489,UP 1,12.588,34532,25680950.0,5.8475384,2126259.5,391.2835223,IT=6.3;6.3 ,ii
1490,UP 1,12.730,35756,24997068.0,5.8513426,1937823.6,391.2835388,IT=6.4;6.4 ,ii
1491,UP 1,12.732,35588,25730302.0,5.8553238,2103704.0,391.2836427,IT=6.4;6.4 ,ii
1492,UP 1,12.630,31468,24381390.0,5.8593009,2076285.4,391.2835445,IT=6.3;6.3 ,ii
1493,UP 1,11.919,36212,27218642.0,5.8632592,2084273.5,391.2835282,IT=6;6 ,ii
1494,UP 1,12.247,36028,26573816.0,5.8670571,2073217.4,391.2835393,IT=6.1;6.1 ,ii
1495,UP 1,12.380,35060,25560406.0,5.8710216,1990359.1,371.1005666,IT=6.2;6.2 ,ii
1496,UP 1,12.809,37736,26553220.0,5.8749987,2106182.0,371.1005341,IT=6.4;6.4 ,ii
1497,UP 1,12.661,36188,25451050.0,5.8788091,2061996.1,391.2834466,IT=6.3;6.3 ,ii
1498,UP 1,12.277,34372,24544746.0,5.8827758,1907304.0,371.1005464,IT=6.1;6.1 ,ii
1499,UP 1,12.662,35456,25703148.0,5.8867465,2058798.2,391.2835072,IT=6.3;6.3 ,ii
1500,UP 1,12.575,37624,26936512.0,5.8907215,2017382.1,391.2834375,IT=6.3;6.3 ,ii
1501,UP 1,12.038,37632,26333524.0,5.8945216,2112643.8,391.2834734,IT=6;6 ,ii
1502,UP 1,11.642,34880,26546610.0,5.8984757,2097211.5,391.28348,IT=5.8;5.8 ,ii
1503,UP 1,12.412,36008,25664782.0,5.902436,2057369.2,391.2834397,IT=6.2;6.2 ,ii
1504,UP 1,11.762,37968,27593250.0,5.9063985,2094872.1,391.2834104,IT=5.9;5.9 ,ii
1505,UP 1,11.842,36024,26465234.0,5.910184,2127581.5,391.2834052,IT=5.9;5.9 ,ii
1506,UP 1,12.456,36532,26271892.0,5.9141505,2000832.4,391.2834044,IT=6.2;6.2 ,ii
1507,UP 1,11.853,36048,26608210.0,5.9181109,2161139.0,391.2834039,IT=5.9;5.9 ,ii
1508,UP 1,12.535,36500,26663110.0,5.9220754,2193884.8,391.2834714,IT=6.3;6.3 ,ii
1509,UP 1,12.055,33832,25583676.0,5.9260421,1928569.9,391.2835146,IT=6;6 ,ii
1510,UP 1,12.541,35380,26138160.0,5.9300046,2084810.8,391.2834385,IT=6.3;6.3 ,ii
1511,UP 1,12.434,38208,26609166.0,5.9339733,2111599.5,391.2834018,IT=6.2;6.2 ,ii
1512,UP 1,12.553,36204,25840152.0,5.9379462,2164647.0,391.2834019,IT=6.3;6.3 ,ii
1513,UP 1,12.110,35144,25846894.0,5.9417441,2019633.8,391.283432,IT=6.1;6.1 ,ii
1514,UP 1,11.853,35468,26992374.0,5.9457024,2171498.8,391.2834732,IT=5.9;5.9 ,ii
1515,UP 1,12.619,34440,25673750.0,5.9496669,1991564.6,371.1005144,IT=6.3;6.3 ,ii
1516,UP 1,12.151,37456,26871548.0,5.9534627,2043793.9,391.283491,IT=6.1;6.1 ,ii
1517,UP 1,11.698,34832,26858668.0,5.9574189,2170381.0,391.2834548,IT=5.8;5.8 ,ii
1518,UP 1,12.761,37344,26374814.0,5.9613918,2180741.5,391.2834259,IT=6.4;6.4 ,ii
1519,UP 1,11.990,36168,26812000.0,5.9653627,2016972.8,371.1005397,IT=6;6 ,ii
1520,UP 1,12.626,37456,27011420.0,5.9691669,2122839.0,391.2835333,IT=6.3;6.3 ,ii
1521,UP 1,11.956,35328,26485466.0,5.9731252,2218504.5,391.2834445,IT=6;6 ,ii
1522,UP 1,12.019,38148,27703808.0,5.9770855,2159149.0,391.2833304,IT=6;6 ,ii
1523,UP 1,12.729,37672,25897800.0,5.9810563,2064184.9,391.2833227,IT=6.4;6.4 ,ii
1524,UP 1,12.664,36792,26366416.0,5.9848626,2105392.2,391.2833902,IT=6.3;6.3 ,ii
1525,UP 1,13.313,39388,26552766.0,5.98885,1996185.4,371.1005136,IT=6.7;6.7 ,ii
1526,UP 1,12.549,35928,26045130.0,5.9928314,2095722.9,391.2833718,IT=6.3;6.3 ,ii
1527,UP 1,11.320,37776,28188230.0,5.9967854,2170948.2,371.1004561,IT=5.7;5.7 ,ii
1528,UP 1,12.297,38664,27108500.0,6.0005792,2164551.8,391.2834365,IT=6.1;6.1 ,ii
1529,UP 1,12.350,36752,26630882.0,6.0045457,2110423.8,391.2834442,IT=6.2;6.2 ,ii
1530,UP 1,11.957,34064,27170728.0,6.008504,2123348.2,391.2833498,IT=6;6 ,ii
1531,UP 1,11.839,36920,26469252.0,6.0123123,2115997.0,391.2834653,IT=5.9;5.9 ,ii
1532,UP 1,12.499,36072,25847568.0,6.0162769,2046354.2,391.2834806,IT=6.2;6.2 ,ii
1533,UP 1,12.232,37900,27532650.0,6.0202394,2071881.6,391.2835173,IT=6.1;6.1 ,ii
1534,UP 1,12.347,38492,27843808.0,6.024204,2230885.0,391.2835095,IT=6.2;6.2 ,ii
1536,UP 1,12.230,35336,25778872.0,6.0281623,2021062.9,391.2834759,IT=6.1;6.1 ,ii
1537,UP 1,12.298,36964,26488326.0,6.0321789,2035643.1,391.2834666,IT=6.1;6.1 ,ii
1538,UP 1,12.302,38744,27412072.0,6.0361497,2084714.5,391.2834264,IT=6.2;6.2 ,ii
1539,UP 1,13.010,37328,26346416.0,6.0401309,1993129.8,391.2834364,IT=6.5;6.5 ,ii
1540,UP 1,12.641,38716,26874070.0,6.0439392,2038479.2,391.2834951,IT=6.3;6.3 ,ii
1541,UP 1,12.298,37188,27211204.0,6.0479038,2141868.0,391.2834045,IT=6.1;6.1 ,ii
1542,UP 1,12.555,37900,26839422.0,6.0518704,2100595.2,391.2834673,IT=6.3;6.3 ,ii
1543,UP 1,12.095,35824,27048810.0,6.0558371,2168518.2,391.2834775,IT=6;6 ,ii
1544,UP 1,12.029,33632,25951726.0,6.0596392,2049779.5,391.2834533,IT=6;6 ,ii
1545,UP 1,12.861,37740,26109624.0,6.0636246,1997355.1,391.2834653,IT=6.4;6.4 ,ii
1546,UP 1,12.817,34452,25698470.0,6.0676058,2181907.2,391.2834384,IT=6.4;6.4 ,ii
1547,UP 1,12.473,37148,27123720.0,6.0715786,2075027.0,391.2834622,IT=6.2;6.2 ,ii
1548,UP 1,12.084,36900,27356394.0,6.0753787,2159495.2,391.283461,IT=6;6 ,ii
1549,UP 1,11.839,37820,27911336.0,6.0793328,2209539.2,391.2834568,IT=5.9;5.9 ,ii
1550,UP 1,13.455,36964,25342002.0,6.083314,1988355.5,391.2835783,IT=6.7;6.7 ,ii
1551,UP 1,12.399,34060,25623444.0,6.0872889,2094492.6,391.2834876,IT=6.2;6.2 ,ii
1553,UP 1,11.939,36344,26344490.0,6.0931244,2027160.6,391.2835306,IT=6;6 ,ii
1554,UP 1,13.092,36412,26105348.0,6.0969848,2045104.9,391.2834494,IT=6.5;6.5 ,ii
1555,UP 1,13.311,37280,25774420.0,6.1009722,1906271.4,391.2835492,IT=6.7;6.7 ,ii
1556,UP 1,13.539,40752,26861854.0,6.1049784,2062813.1,391.2835022,IT=6.8;6.8 ,ii
1557,UP 1,13.357,38936,26345560.0,6.1089721,2022525.1,391.2834802,IT=6.7;6.7 ,ii
1558,UP 1,12.660,38652,27111672.0,6.1127825,2102431.2,391.2834673,IT=6.3;6.3 ,ii
1559,UP 1,12.563,36368,26502120.0,6.1167554,2116055.0,391.2835346,IT=6.3;6.3 ,ii
1560,UP 1,12.516,36376,26720850.0,6.1207263,2198978.0,391.2835061,IT=6.3;6.3 ,ii
1561,UP 1,12.640,39156,26756280.0,6.124697,2014369.9,391.2833754,IT=6.3;6.3 ,ii
1562,UP 1,12.834,35300,25847988.0,6.1285054,2056058.5,391.2835323,IT=6.4;6.4 ,ii
1563,UP 1,12.527,38440,26313232.0,6.1324782,2017178.9,391.2835531,IT=6.3;6.3 ,ii
1564,UP 1,12.635,35892,25711170.0,6.1364512,2038520.8,391.2836676,IT=6.3;6.3 ,ii
1566,UP 1,12.525,36248,25921766.0,6.1404219,1991035.8,391.2835907,IT=6.3;6.3 ,ii
1567,UP 1,12.718,37664,26535484.0,6.1444407,2130365.2,391.2835503,IT=6.4;6.4 ,ii
1568,UP 1,12.492,34684,25882224.0,6.1484135,2118629.0,391.2834508,IT=6.2;6.2 ,ii
1569,UP 1,12.812,37448,26385264.0,6.1523906,1981230.2,391.283537,IT=6.4;6.4 ,ii
1570,UP 1,12.681,37196,26585816.0,6.1562031,2065738.5,391.2835467,IT=6.3;6.3 ,ii
1571,UP 1,12.089,33796,26228890.0,6.1601719,2167243.5,391.2835532,IT=6;6 ,ii
1572,UP 1,13.177,36724,25917970.0,6.1641468,2000414.5,371.100704,IT=6.6;6.6 ,ii
1573,UP 1,13.337,37764,26645782.0,6.1681363,2052674.5,391.2835745,IT=6.7;6.7 ,ii
1574,UP 1,12.416,34224,26012280.0,6.1719467,2090639.4,391.283627,IT=6.2;6.2 ,ii
1575,UP 1,13.031,38032,26378222.0,6.1759259,1989001.5,371.1007125,IT=6.5;6.5 ,ii
1577,UP 1,11.810,36168,27106742.0,6.1817384,2082142.8,391.2836276,IT=5.9;5.9 ,ii
1578,UP 1,12.034,35104,26536586.0,6.1857425,2029749.6,391.2835025,IT=6;6 ,ii
1579,UP 1,13.948,37372,25183986.0,6.1897362,1944153.5,391.2834925,IT=7;7 ,ii
1580,UP 1,13.300,36948,25724384.0,6.1935654,2035258.0,391.2835295,IT=6.7;6.7 ,ii
1581,UP 1,13.500,37324,25897368.0,6.197557,2063820.4,391.2835633,IT=6.7;6.7 ,ii
1582,UP 1,13.413,38684,25901816.0,6.2015507,1974892.9,391.2835136,IT=6.7;6.7 ,ii
1583,UP 1,13.071,36424,24690926.0,6.2055403,1938495.8,391.2835726,IT=6.5;6.5 ,ii
1584,UP 1,13.519,40428,27032464.0,6.2093632,2002356.6,391.2834741,IT=6.8;6.8 ,ii
1585,UP 1,13.705,38940,27074472.0,6.213359,2037284.6,391.2835252,IT=6.9;6.9 ,ii
1586,UP 1,12.905,35424,25843720.0,6.2173422,2114379.8,391.2836284,IT=6.5;6.5 ,ii
1587,UP 1,12.672,37604,27328100.0,6.2213172,2042333.4,391.2835183,IT=6.3;6.3 ,ii
1588,UP 1,13.151,39172,26443686.0,6.2251339,2097674.2,391.2835359,IT=6.6;6.6 ,ii
1589,UP 1,12.536,38184,27305564.0,6.2291047,2073901.0,391.2834315,IT=6.3;6.3 ,ii
1590,UP 1,13.202,39044,26465478.0,6.2330879,1928314.4,391.2835017,IT=6.6;6.6 ,ii
1591,UP 1,13.424,37780,26119072.0,6.2370775,2156651.5,391.2834857,IT=6.7;6.7 ,ii
1592,UP 1,12.807,37472,26757182.0,6.24089,2059655.5,391.2834685,IT=6.4;6.4 ,ii
1593,UP 1,12.719,37400,26017782.0,6.2448692,2098498.2,391.2835309,IT=6.4;6.4 ,ii
1594,UP 1,12.274,36628,26665396.0,6.2488358,2078079.0,391.2835138,IT=6.1;6.1 ,ii
1595,UP 1,12.723,36068,26682946.0,6.2528045,2093694.8,391.2835833,IT=6.4;6.4 ,ii
1596,UP 1,13.458,36356,26189626.0,6.2567921,2012310.9,391.2834631,IT=6.7;6.7 ,ii
1597,UP 1,12.936,36804,25570702.0,6.2607732,2034878.9,391.2836108,IT=6.5;6.5 ,ii
1598,UP 1,13.703,36360,25329220.0,6.2647712,2080925.2,391.2835796,IT=6.9;6.9 ,ii
1599,UP 1,13.560,37828,26545940.0,6.2687731,2033504.0,391.2835631,IT=6.8;6.8 ,ii
1600,UP 1,13.744,39860,26700272.0,6.2726003,1989577.0,391.2836163,IT=6.9;6.9 ,ii
1602,UP 1,12.156,38140,27321968.0,6.2765919,2127803.0,391.2835235,IT=6.1;6.1 ,ii
1603,UP 1,12.660,35692,26982446.0,6.2806044,2133972.0,391.2835472,IT=6.3;6.3 ,ii
1605,UP 1,12.225,34444,26330528.0,6.286423,2087334.1,391.283549,IT=6.1;6.1 ,ii
1606,UP 1,12.743,36988,26939878.0,6.2904376,2135299.0,391.2835144,IT=6.4;6.4 ,ii
1607,UP 1,13.169,35648,26146364.0,6.2942543,2061701.9,391.2833878,IT=6.6;6.6 ,ii
1608,UP 1,13.596,39096,26061834.0,6.2982479,1963887.2,391.2833876,IT=6.8;6.8 ,ii
1609,UP 1,13.715,35980,25049336.0,6.3022438,1979888.1,391.2835164,IT=6.9;6.9 ,ii
1610,UP 1,12.951,39012,26831724.0,6.306225,2110431.8,391.2833697,IT=6.5;6.5 ,ii
1611,UP 1,13.681,39720,26055292.0,6.3100459,1931447.9,391.2834041,IT=6.8;6.8 ,ii
1612,UP 1,13.485,36324,25566420.0,6.3140416,2017025.0,391.2833914,IT=6.7;6.7 ,ii
1613,UP 1,13.365,37404,25641818.0,6.3180291,1968859.0,391.2834271,IT=6.7;6.7 ,ii
1614,UP 1,13.063,36292,25937972.0,6.3220144,2141400.8,391.2834312,IT=6.5;6.5 ,ii
1615,UP 1,12.883,40380,26827146.0,6.3258229,2087346.8,391.2834289,IT=6.4;6.4 ,ii
1616,UP 1,13.408,36152,25099896.0,6.3298061,1943503.2,391.2834571,IT=6.7;6.7 ,ii
1617,UP 1,13.716,35240,25205224.0,6.3337978,2068986.8,391.2835341,IT=6.9;6.9 ,ii
1618,UP 1,13.378,37632,25196788.0,6.3376247,2048747.2,391.2835259,IT=6.7;6.7 ,ii
1619,UP 1,13.291,39404,26005462.0,6.3416123,2145388.5,391.2835336,IT=6.6;6.6 ,ii
1620,UP 1,13.454,37420,25467302.0,6.345606,1997694.5,391.2835606,IT=6.7;6.7 ,ii
1621,UP 1,13.127,37836,26566318.0,6.3495872,2063155.2,391.2835491,IT=6.6;6.6 ,ii
1622,UP 1,13.030,36396,26168540.0,6.3533997,2148799.8,391.2835323,IT=6.5;6.5 ,ii
1623,UP 1,13.769,37616,25064280.0,6.3573934,2014999.1,391.2835548,IT=6.9;6.9 ,ii
1624,UP 1,12.886,36000,26495686.0,6.3613788,2174918.2,391.2835901,IT=6.4;6.4 ,ii
1625,UP 1,12.927,40412,27473040.0,6.36536,2135361.2,391.2835383,IT=6.5;6.5 ,ii
1626,UP 1,13.926,38700,25431668.0,6.3691913,1898968.0,391.2835658,IT=7;7 ,ii
1627,UP 1,13.085,38588,26673830.0,6.3731808,2008421.8,391.2835228,IT=6.5;6.5 ,ii
1628,UP 1,13.398,39384,27195478.0,6.3771682,1982228.5,371.1006551,IT=6.7;6.7 ,ii
1629,UP 1,13.165,37384,25992186.0,6.3811558,1986195.1,391.2835827,IT=6.6;6.6 ,ii
1630,UP 1,13.071,39964,26995996.0,6.3851433,2092126.4,391.2836059,IT=6.5;6.5 ,ii
1631,UP 1,12.661,37984,27174890.0,6.3891203,2003781.4,391.2835473,IT=6.3;6.3 ,ii
1632,UP 1,12.537,38484,26970096.0,6.3930931,1983055.9,391.2835566,IT=6.3;6.3 ,ii
1633,UP 1,12.932,39816,27313552.0,6.3970681,2080598.1,391.2835039,IT=6.5;6.5 ,ii
1634,UP 1,12.736,36916,26870610.0,6.4008807,1937586.1,371.1006558,IT=6.4;6.4 ,ii
1635,UP 1,12.623,35728,26325522.0,6.4048556,2003615.9,391.2835632,IT=6.3;6.3 ,ii
1636,UP 1,13.469,40752,27344820.0,6.408841,2065823.4,371.1006191,IT=6.7;6.7 ,ii
1637,UP 1,13.423,39764,26732900.0,6.4128326,2125159.0,391.2835655,IT=6.7;6.7 ,ii
1638,UP 1,12.577,38964,27499110.0,6.416643,2065542.5,391.2835841,IT=6.3;6.3 ,ii
1639,UP 1,13.154,38104,25688334.0,6.4206221,1993870.5,391.2835664,IT=6.6;6.6 ,ii
1640,UP 1,13.809,40292,26345090.0,6.4246159,1978623.8,391.2835621,IT=6.9;6.9 ,ii
1641,UP 1,13.421,35796,25680188.0,6.4284429,2015778.6,391.2835555,IT=6.7;6.7 ,ii
1642,UP 1,13.743,40184,26499264.0,6.4322784,2009922.8,391.283537,IT=6.9;6.9 ,ii
1643,UP 1,13.695,37476,25667082.0,6.4362825,1969438.8,391.2835761,IT=6.8;6.8 ,ii
1644,UP 1,12.807,38464,27532566.0,6.440272,2032169.6,371.1006997,IT=6.4;6.4 ,ii
1645,UP 1,13.248,40616,27230760.0,6.444097,2101140.5,391.2836038,IT=6.6;6.6 ,ii
1646,UP 1,13.315,39120,26889594.0,6.4480845,2112947.8,391.2835677,IT=6.7;6.7 ,ii
1647,UP 1,13.541,38224,26181494.0,6.4520761,2014292.1,391.2836074,IT=6.8;6.8 ,ii
1648,UP 1,13.827,39504,26362738.0,6.4560803,1987374.6,391.2835884,IT=6.9;6.9 ,ii
1649,UP 1,13.867,38836,26238854.0,6.4599178,1999550.5,391.2836485,IT=6.9;6.9 ,ii
1650,UP 1,13.352,36988,25864272.0,6.4639094,1997032.8,391.2836796,IT=6.7;6.7 ,ii
1651,UP 1,12.772,39704,27202066.0,6.4678926,2151725.2,391.2835758,IT=6.4;6.4 ,ii
1652,UP 1,13.319,38160,25543846.0,6.4718843,1937195.5,391.283622,IT=6.7;6.7 ,ii
1653,UP 1,13.281,38104,25971886.0,6.4757093,2077765.8,391.2836802,IT=6.6;6.6 ,ii
1654,UP 1,13.285,41000,27760026.0,6.4796968,2053652.2,391.2835295,IT=6.6;6.6 ,ii
1655,UP 1,13.562,39680,26434328.0,6.4836904,2097430.8,391.2835078,IT=6.8;6.8 ,ii
1656,UP 1,13.324,38092,26400694.0,6.4876863,1952002.6,391.283473,IT=6.7;6.7 ,ii
1657,UP 1,13.529,39412,26970970.0,6.4915155,2216736.2,391.2834944,IT=6.8;6.8 ,ii
1658,UP 1,13.245,37280,26625252.0,6.4955113,2030060.0,391.2836086,IT=6.6;6.6 ,ii
1659,UP 1,13.050,35212,25518190.0,6.4994925,1978927.5,391.2834891,IT=6.5;6.5 ,ii
1660,UP 1,13.256,38012,26336156.0,6.5034757,1966155.5,391.2835096,IT=6.6;6.6 ,ii
1661,UP 1,14.493,41096,25931826.0,6.5074841,2093210.0,391.2836688,IT=7.2;7.2 ,ii
1662,UP 1,13.614,38116,27143172.0,6.5114861,2071671.9,391.2834767,IT=6.8;6.8 ,ii
1663,UP 1,13.180,37592,26756940.0,6.5154778,2104079.2,391.2834888,IT=6.6;6.6 ,ii
1664,UP 1,13.568,38136,26249948.0,6.5194736,2013716.1,391.2835841,IT=6.8;6.8 ,ii
1665,UP 1,14.121,40792,25767078.0,6.5233111,1894108.9,391.2835031,IT=7.1;7.1 ,ii
1666,UP 1,14.002,38644,25943610.0,6.5273152,2041635.1,391.2835803,IT=7;7 ,ii
1668,UP 1,13.545,37172,25530362.0,6.5312944,1875530.4,391.2834903,IT=6.8;6.8 ,ii
1669,UP 1,13.600,38024,26062446.0,6.5353276,2066331.8,391.2835009,IT=6.8;6.8 ,ii
1670,UP 1,13.050,39380,27272166.0,6.5391464,2086273.0,371.100668,IT=6.5;6.5 ,ii
1671,UP 1,13.863,36956,25226832.0,6.5431422,1879886.2,391.2835875,IT=6.9;6.9 ,ii
1672,UP 1,13.545,39184,27088152.0,6.5471317,2071912.8,391.2835485,IT=6.8;6.8 ,ii
1673,UP 1,13.665,37204,26069604.0,6.5511316,2058421.1,391.2835755,IT=6.8;6.8 ,ii
1674,UP 1,14.158,42144,27256808.0,6.5549713,1988565.2,391.2835116,IT=7.1;7.1 ,ii
1675,UP 1,13.839,39396,26158690.0,6.5589775,2073011.1,391.2834117,IT=6.9;6.9 ,ii
1676,UP 1,13.900,41424,27468172.0,6.5629858,1989095.8,391.2835071,IT=7;7 ,ii
1677,UP 1,13.422,39572,26443364.0,6.5668171,1993251.1,391.2834654,IT=6.7;6.7 ,ii
1678,UP 1,13.931,38980,26359302.0,6.5708191,2070406.8,391.2835673,IT=7;7 ,ii
1679,UP 1,13.919,40548,26777964.0,6.5748232,1959800.6,391.2834666,IT=7;7 ,ii
1680,UP 1,13.736,38584,27289752.0,6.5788315,2080060.4,391.2834604,IT=6.9;6.9 ,ii
1681,UP 1,14.406,37820,25138824.0,6.5826711,1939146.6,391.2834806,IT=7.2;7.2 ,ii
1682,UP 1,14.002,39700,26988380.0,6.5866793,2062269.9,391.2834372,IT=7;7 ,ii
1683,UP 1,13.904,38428,26407388.0,6.5906835,2119202.8,391.2834857,IT=7;7 ,ii
1684,UP 1,13.498,39404,26684502.0,6.5946793,1923162.0,371.1006408,IT=6.7;6.7 ,ii
1685,UP 1,14.579,44052,26912012.0,6.5985189,1946616.2,391.2835012,IT=7.3;7.3 ,ii
1686,UP 1,13.704,41440,27444708.0,6.602523,2035876.9,391.2835249,IT=6.9;6.9 ,ii
1687,UP 1,14.361,41044,26939688.0,6.6065292,1984965.4,391.2835269,IT=7.2;7.2 ,ii
1688,UP 1,14.198,39736,26363376.0,6.6105417,2094204.5,391.2834967,IT=7.1;7.1 ,ii
1689,UP 1,14.043,41272,26501196.0,6.6143917,2035183.9,391.2835646,IT=7;7 ,ii
1690,UP 1,14.361,39672,26702310.0,6.6184021,2028904.5,391.2835548,IT=7.2;7.2 ,ii
1691,UP 1,13.520,36084,26602274.0,6.622402,2115785.8,391.2834949,IT=6.8;6.8 ,ii
1692,UP 1,14.247,41772,27167640.0,6.6264104,2037909.9,391.2835743,IT=7.1;7.1 ,ii
1693,UP 1,14.036,42668,26080732.0,6.6302562,1994335.8,391.2835621,IT=7;7 ,ii
1694,UP 1,13.670,39788,27160442.0,6.6342645,2020285.2,391.2835414,IT=6.8;6.8 ,ii
1695,UP 1,13.006,37656,27084998.0,6.6382562,2136044.8,391.2836406,IT=6.5;6.5 ,ii
1697,UP 1,12.610,36992,26379726.0,6.6423853,2074375.4,391.2835538,IT=6.3;6.3 ,ii
1698,UP 1,14.735,38536,25227780.0,6.6462707,1932384.0,391.2835933,IT=7.4;7.4 ,ii
1699,UP 1,14.976,42540,26691532.0,6.6502915,2000223.5,391.2836427,IT=7.5;7.5 ,ii
1700,UP 1,13.793,39788,26691098.0,6.6543019,2083084.5,391.2835672,IT=6.9;6.9 ,ii
1701,UP 1,14.467,39732,26195882.0,6.6583122,2097239.5,391.2836844,IT=7.2;7.2 ,ii
1702,UP 1,13.576,41220,27379588.0,6.662156,2066987.9,391.2835655,IT=6.8;6.8 ,ii
1703,UP 1,14.024,40408,26847238.0,6.6661643,2093306.0,391.2835739,IT=7;7 ,ii
1704,UP 1,13.007,39176,27267008.0,6.6701559,1983039.9,391.2835169,IT=6.5;6.5 ,ii
1705,UP 1,14.916,42408,26806346.0,6.6741704,2025415.2,391.2834983,IT=7.5;7.5 ,ii
1706,UP 1,14.294,44304,28314338.0,6.6780205,2090394.1,371.1004954,IT=7.1;7.1 ,ii
1707,UP 1,13.576,41096,27732392.0,6.6820183,2081431.0,391.2835177,IT=6.8;6.8 ,ii
1708,UP 1,14.154,41348,26943278.0,6.6860287,2040226.9,391.2836321,IT=7.1;7.1 ,ii
1709,UP 1,13.998,40808,27282662.0,6.6900391,2002351.4,391.28353,IT=7;7 ,ii
1710,UP 1,13.027,40528,28344254.0,6.693862,2116750.8,391.2834355,IT=6.5;6.5 ,ii
1711,UP 1,14.788,40756,25840590.0,6.6978724,2052140.9,391.2836005,IT=7.4;7.4 ,ii
1712,UP 1,14.981,38348,24528280.0,6.7018953,1900916.0,391.2836232,IT=7.5;7.5 ,ii
1713,UP 1,14.161,40072,25913946.0,6.705741,2083876.2,391.2835714,IT=7.1;7.1 ,ii
1714,UP 1,14.622,38544,25803978.0,6.709762,2003326.2,371.1006529,IT=7.3;7.3 ,ii
1715,UP 1,14.025,41420,26221798.0,6.7137785,2073746.1,391.2834955,IT=7;7 ,ii
1716,UP 1,13.970,40276,26271994.0,6.7177827,1976472.5,371.100595,IT=7;7 ,ii
1717,UP 1,14.173,37492,25004858.0,6.7216285,1910031.0,391.2834818,IT=7.1;7.1 ,ii
1718,UP 1,13.917,41816,26979492.0,6.7256348,2104297.2,391.2833175,IT=7;7 ,ii
1719,UP 1,14.247,42572,27213962.0,6.7296493,2015095.6,371.1005416,IT=7.1;7.1 ,ii
1720,UP 1,14.373,40788,26548580.0,6.7336701,2024516.2,391.2834694,IT=7.2;7.2 ,ii
1721,UP 1,14.235,39976,27217976.0,6.737518,2147990.5,391.283461,IT=7.1;7.1 ,ii
1722,UP 1,14.381,42504,26751964.0,6.7415325,2033956.4,391.2835433,IT=7.2;7.2 ,ii
1723,UP 1,13.773,39700,26508822.0,6.7455324,2051241.8,391.2834729,IT=6.9;6.9 ,ii
1724,UP 1,14.326,40416,26730086.0,6.7495366,2043736.8,391.2835658,IT=7.2;7.2 ,ii
1725,UP 1,14.542,39176,25138826.0,6.7533845,1866080.6,391.2836363,IT=7.3;7.3 ,ii
1726,UP 1,15.514,41576,25618282.0,6.7574179,2020358.6,391.283612,IT=7.8;7.8 ,ii
1727,UP 1,14.668,42156,26712382.0,6.761449,1972365.4,391.2835386,IT=7.3;7.3 ,ii
1728,UP 1,15.499,42092,25971590.0,6.7654824,1949849.6,391.2836242,IT=7.7;7.7 ,ii
1729,UP 1,15.121,40960,26325570.0,6.7693511,2054508.0,391.283538,IT=7.6;7.6 ,ii
1730,UP 1,14.459,39112,25967050.0,6.7733719,2156511.2,391.283528,IT=7.2;7.2 ,ii
1731,UP 1,15.717,40944,25028764.0,6.7774073,1884541.1,391.2835525,IT=7.9;7.9 ,ii
1732,UP 1,13.877,39072,26292024.0,6.7814135,2214640.2,391.2834408,IT=6.9;6.9 ,ii
1733,UP 1,14.874,39596,25052072.0,6.7852698,1957089.9,391.2835807,IT=7.4;7.4 ,ii
1734,UP 1,15.319,40604,25659604.0,6.789303,2047498.0,391.2834565,IT=7.7;7.7 ,ii
1736,UP 1,13.903,41940,26777398.0,6.795153,2035421.1,391.2834164,IT=7;7 ,ii
1737,UP 1,14.852,42040,25457560.0,6.7992071,1951043.9,391.2834102,IT=7.4;7.4 ,ii
1738,UP 1,14.325,42268,27428960.0,6.8032217,2036241.6,391.2834697,IT=7.2;7.2 ,ii
1739,UP 1,14.160,40576,26532110.0,6.8070633,1988521.5,371.1006311,IT=7.1;7.1 ,ii
1740,UP 1,13.694,39024,27070716.0,6.8110634,2066557.2,371.1005188,IT=6.8;6.8 ,ii
1741,UP 1,13.745,38688,26307706.0,6.8150612,2183816.2,391.283414,IT=6.9;6.9 ,ii
1742,UP 1,15.113,42068,26021106.0,6.8190799,2036552.4,391.2834064,IT=7.6;7.6 ,ii
1743,UP 1,14.488,41624,26756064.0,6.8229279,2062745.8,391.2834634,IT=7.2;7.2 ,ii
1744,UP 1,13.993,39260,26289588.0,6.826932,2030651.5,391.283419,IT=7;7 ,ii
1745,UP 1,14.113,41384,25991096.0,6.8309465,1995285.2,391.2834592,IT=7.1;7.1 ,ii
1746,UP 1,14.029,40124,26347934.0,6.8349632,2007497.9,391.2834419,IT=7;7 ,ii
1747,UP 1,13.964,38968,25740514.0,6.8388027,1993581.9,371.1005905,IT=7;7 ,ii
1748,UP 1,15.205,39564,25853874.0,6.842836,2087973.5,391.2834762,IT=7.6;7.6 ,ii
1749,UP 1,15.816,45008,25991102.0,6.8468714,1997854.1,391.2834565,IT=7.9;7.9 ,ii
1750,UP 1,14.950,42648,26462814.0,6.8509005,1974769.6,391.2834864,IT=7.5;7.5 ,ii
1751,UP 1,14.917,40404,25397916.0,6.854761,2032167.1,391.2834994,IT=7.5;7.5 ,ii
1752,UP 1,15.055,39264,24708032.0,6.8587901,1885666.5,391.2834026,IT=7.5;7.5 ,ii
1753,UP 1,16.553,43416,25424444.0,6.8628504,2053129.4,391.2835073,IT=8.3;8.3 ,ii
1754,UP 1,15.256,43048,26258602.0,6.8668734,1989399.9,371.1005758,IT=7.6;7.6 ,ii
1755,UP 1,14.176,41924,27797476.0,6.8707234,2171781.2,391.283479,IT=7.1;7.1 ,ii
1756,UP 1,14.899,42872,26915716.0,6.8747462,2033000.6,391.2835036,IT=7.4;7.4 ,ii
1757,UP 1,15.535,41748,25434458.0,6.8787816,2038572.6,391.2836197,IT=7.8;7.8 ,ii
1758,UP 1,14.987,41344,25955012.0,6.8828107,1966177.1,391.2835709,IT=7.5;7.5 ,ii
1759,UP 1,15.159,41440,26102558.0,6.8866795,2126765.8,391.2834862,IT=7.6;7.6 ,ii
1760,UP 1,15.416,41312,26012320.0,6.8907149,1934980.1,371.1005707,IT=7.7;7.7 ,ii
1761,UP 1,15.333,44788,27522280.0,6.8947502,2039810.4,391.2835129,IT=7.7;7.7 ,ii
1762,UP 1,14.577,39820,25029252.0,6.8987731,2086099.1,391.2833644,IT=7.3;7.3 ,ii
1763,UP 1,14.697,40608,26110712.0,6.9026273,1991144.4,371.1006598,IT=7.3;7.3 ,ii
1764,UP 1,14.962,42576,27097374.0,6.9066502,2040785.1,391.2835292,IT=7.5;7.5 ,ii
1765,UP 1,15.574,43928,26496188.0,6.9106918,1976520.0,391.2835365,IT=7.8;7.8 ,ii
1766,UP 1,14.432,40176,26205122.0,6.9147147,2031420.5,371.1006157,IT=7.2;7.2 ,ii
1767,UP 1,15.003,40572,26029248.0,6.9185689,2050101.2,391.2835759,IT=7.5;7.5 ,ii
1768,UP 1,14.943,42388,26299350.0,6.9225938,1942447.8,391.2835067,IT=7.5;7.5 ,ii
1769,UP 1,15.377,42932,25946834.0,6.9266271,1948212.1,391.2834823,IT=7.7;7.7 ,ii
1771,UP 1,15.061,42548,26499472.0,6.9325145,1984773.2,371.1005752,IT=7.5;7.5 ,ii
1772,UP 1,15.635,43772,25297748.0,6.9365625,1912549.5,391.2835319,IT=7.8;7.8 ,ii
1773,UP 1,15.383,43400,26123804.0,6.9404311,2055765.5,391.2835458,IT=7.7;7.7 ,ii
1774,UP 1,15.041,42476,26637988.0,6.9444645,2044547.8,391.2835678,IT=7.5;7.5 ,ii
1775,UP 1,14.967,39976,25039962.0,6.9484915,2011315.5,391.2836472,IT=7.5;7.5 ,ii
1776,UP 1,15.217,43000,27329962.0,6.9525228,2028789.1,391.2835356,IT=7.6;7.6 ,ii
1777,UP 1,15.803,43960,26148646.0,6.9563998,2052614.4,391.2835935,IT=7.9;7.9 ,ii
1778,UP 1,15.251,42488,26290502.0,6.9604311,2051047.8,391.2835554,IT=7.6;7.6 ,ii
1779,UP 1,15.560,42788,26056930.0,6.9644664,2015497.0,391.283498,IT=7.8;7.8 ,ii
1780,UP 1,15.236,43812,26759970.0,6.9685018,1968784.1,391.2834866,IT=7.6;7.6 ,ii
1781,UP 1,15.668,42960,26330888.0,6.9723768,2056642.9,391.2835297,IT=7.8;7.8 ,ii
1782,UP 1,14.889,41460,26055910.0,6.9764039,1980783.2,391.2835594,IT=7.4;7.4 ,ii
1783,UP 1,14.810,43488,27183474.0,6.9804267,2057174.6,391.2834271,IT=7.4;7.4 ,ii
1785,UP 1,14.186,40548,26135134.0,6.9862788,2010559.5,391.2834376,IT=7.1;7.1 ,ii
1786,UP 1,15.372,42372,26251768.0,6.9903392,1984108.4,391.2835183,IT=7.7;7.7 ,ii
1787,UP 1,15.069,41376,25481644.0,6.9943704,1863671.2,391.2835688,IT=7.5;7.5 ,ii
1788,UP 1,15.203,42520,25811640.0,6.9982392,1990713.4,391.2835665,IT=7.6;7.6 ,ii
1789,UP 1,15.401,43028,26253098.0,7.0022766,1982888.1,391.2835295,IT=7.7;7.7 ,ii
1790,UP 1,14.624,39604,26764920.0,7.0062975,2001907.1,391.2834762,IT=7.3;7.3 ,ii
1791,UP 1,14.543,43144,27342568.0,7.0103182,2054617.5,391.2833927,IT=7.3;7.3 ,ii
1792,UP 1,16.335,42292,25394654.0,7.0142037,2086503.1,391.2835498,IT=8.2;8.2 ,ii
1793,UP 1,15.722,42664,26006542.0,7.0182286,1998303.5,391.2834916,IT=7.9;7.9 ,ii
1794,UP 1,15.733,43936,26930312.0,7.0222723,2070633.4,391.2834632,IT=7.9;7.9 ,ii
1795,UP 1,14.948,42440,26822416.0,7.0262973,2029394.0,391.2834348,IT=7.5;7.5 ,ii
1796,UP 1,14.668,41560,26126958.0,7.0301515,1951483.2,391.2835741,IT=7.3;7.3 ,ii
1798,UP 1,14.406,41388,26492604.0,7.0341535,2002967.1,391.2835416,IT=7.2;7.2 ,ii
1799,UP 1,14.704,41884,26584740.0,7.0382035,2001249.5,371.1005339,IT=7.4;7.4 ,ii
1800,UP 1,15.830,44332,26414036.0,7.042243,1954321.6,391.2835664,IT=7.9;7.9 ,ii
1801,UP 1,15.258,43632,26907412.0,7.0461055,1989386.0,391.2834542,IT=7.6;7.6 ,ii
1802,UP 1,15.890,42804,25705788.0,7.050143,2057950.0,391.2834598,IT=7.9;7.9 ,ii
1803,UP 1,15.585,45644,26499638.0,7.0541804,1989545.8,371.1005974,IT=7.8;7.8 ,ii
1804,UP 1,14.585,43592,27912796.0,7.0582095,2141641.2,391.2834512,IT=7.3;7.3 ,ii
1805,UP 1,14.664,42852,26921516.0,7.0620617,2037987.2,371.100499,IT=7.3;7.3 ,ii
1806,UP 1,15.928,45248,26328268.0,7.0661053,1938681.5,391.2835423,IT=8;8 ,ii
1807,UP 1,15.821,43184,26198600.0,7.0701429,1978343.6,391.2834393,IT=7.9;7.9 ,ii
1808,UP 1,16.191,44200,26393910.0,7.0741886,2080800.9,391.2834953,IT=8.1;8.1 ,ii
1809,UP 1,15.337,43792,26718178.0,7.0780491,2022256.8,391.2834763,IT=7.7;7.7 ,ii
1810,UP 1,15.333,41268,25990620.0,7.0820823,2068184.9,391.2835224,IT=7.7;7.7 ,ii
1811,UP 1,15.076,41668,26053670.0,7.0861135,2036275.6,391.2835049,IT=7.5;7.5 ,ii
1812,UP 1,15.169,40404,26218064.0,7.090151,1984963.5,391.2834921,IT=7.6;7.6 ,ii
1814,UP 1,14.748,42416,26427762.0,7.0960135,1948274.0,391.2835481,IT=7.4;7.4 ,ii
1815,UP 1,16.646,41108,24169394.0,7.0999135,1860693.1,391.2836175,IT=8.3;8.3 ,ii
1816,UP 1,16.115,40816,25046206.0,7.1039509,2006718.1,391.2836333,IT=8.1;8.1 ,ii
1817,UP 1,16.414,39916,24620618.0,7.1079967,1934766.8,391.2836006,IT=8.2;8.2 ,ii
1818,UP 1,15.643,43624,27141712.0,7.11203,2136584.0,391.2835896,IT=7.8;7.8 ,ii
1819,UP 1,16.019,43444,25792950.0,7.1159092,1983631.2,371.1007133,IT=8;8 ,ii
1820,UP 1,16.108,44224,26436166.0,7.1199529,1954119.2,391.2835724,IT=8.1;8.1 ,ii
1821,UP 1,15.718,42844,26264836.0,7.1239841,1974711.4,391.2835283,IT=7.9;7.9 ,ii
1822,UP 1,15.770,42592,26039142.0,7.1280257,1972520.8,391.2836251,IT=7.9;7.9 ,ii
1823,UP 1,16.207,42916,25259498.0,7.1320737,1884863.2,371.1007363,IT=8.1;8.1 ,ii
1824,UP 1,15.773,45800,27119308.0,7.1361111,1980614.2,391.2835954,IT=7.9;7.9 ,ii
1825,UP 1,14.986,44120,27227624.0,7.140134,2011294.1,391.2836688,IT=7.5;7.5 ,ii
1827,UP 1,13.537,40660,27158452.0,7.1442923,2154145.0,391.2836689,IT=6.8;6.8 ,ii
1828,UP 1,15.831,43148,25856982.0,7.1481944,2104692.5,391.2836367,IT=7.9;7.9 ,ii
1829,UP 1,16.413,45752,26264628.0,7.1522444,1976297.4,391.2837442,IT=8.2;8.2 ,ii
1830,UP 1,15.535,41024,26337098.0,7.1562776,2100500.0,391.2836318,IT=7.8;7.8 ,ii
1831,UP 1,15.201,41616,25772340.0,7.1603068,2099363.2,391.2836231,IT=7.6;7.6 ,ii
1832,UP 1,16.276,43332,26137132.0,7.1641902,2039739.8,391.2835503,IT=8.1;8.1 ,ii
1833,UP 1,16.141,42012,25558364.0,7.1682297,2013452.5,391.2833479,IT=8.1;8.1 ,ii
1834,UP 1,16.145,46504,27163260.0,7.1722713,2024531.2,371.1006163,IT=8.1;8.1 ,ii
1835,UP 1,15.980,44388,27033608.0,7.1763129,2098302.8,391.2835344,IT=8;8 ,ii
1836,UP 1,15.078,44452,27484924.0,7.1801734,2061563.0,391.2834586,IT=7.5;7.5 ,ii
1837,UP 1,15.856,41320,25699940.0,7.1842129,1983277.8,391.2836226,IT=7.9;7.9 ,ii
1838,UP 1,16.209,44924,26459226.0,7.1882545,2036411.2,391.2836593,IT=8.1;8.1 ,ii
1839,UP 1,17.545,45104,25386544.0,7.1923212,1940965.0,391.2836373,IT=8.8;8.8 ,ii
1840,UP 1,16.502,40512,24944576.0,7.1961879,2029056.0,391.2836893,IT=8.3;8.3 ,ii
1841,UP 1,17.471,44792,24880818.0,7.2002482,1872885.8,391.2836357,IT=8.7;8.7 ,ii
1842,UP 1,17.652,46160,25427040.0,7.2043002,2012121.9,391.2836898,IT=8.8;8.8 ,ii
1843,UP 1,15.843,41600,25782494.0,7.208319,1989169.6,391.2835948,IT=7.9;7.9 ,ii
1844,UP 1,17.255,43356,24814106.0,7.2122273,1990257.0,391.283647,IT=8.6;8.6 ,ii
1845,UP 1,16.505,43856,25327082.0,7.2162669,1939733.9,391.283605,IT=8.3;8.3 ,ii
1846,UP 1,16.689,45184,25686866.0,7.2203168,1923104.6,391.2836392,IT=8.3;8.3 ,ii
1847,UP 1,16.647,43572,25408088.0,7.2243626,1991361.6,391.2835885,IT=8.3;8.3 ,ii
1848,UP 1,15.627,43760,26801238.0,7.2282293,2017557.1,391.2835482,IT=7.8;7.8 ,ii
1849,UP 1,16.586,42468,24606188.0,7.2322855,1932636.6,391.2835377,IT=8.3;8.3 ,ii
1850,UP 1,15.207,43224,25725184.0,7.2363125,2049814.9,391.2835116,IT=7.6;7.6 ,ii
1851,UP 1,17.264,44360,24725304.0,7.2403834,1967413.9,391.2835912,IT=8.6;8.6 ,ii
1852,UP 1,16.739,44152,25578246.0,7.2442605,2032610.1,391.2835995,IT=8.4;8.4 ,ii
1853,UP 1,15.897,43608,26708670.0,7.2482938,2008712.6,391.2835341,IT=7.9;7.9 ,ii
1854,UP 1,16.478,43940,25755398.0,7.2523457,1874685.4,391.2835545,IT=8.2;8.2 ,ii
1855,UP 1,16.881,44188,25517020.0,7.2564104,1994597.1,391.2835232,IT=8.4;8.4 ,ii
1856,UP 1,15.880,41132,25441760.0,7.2602729,1981374.9,391.2836302,IT=7.9;7.9 ,ii
1857,UP 1,16.117,43300,25669354.0,7.2643207,1963231.6,391.2835824,IT=8.1;8.1 ,ii
1858,UP 1,16.341,43904,26705322.0,7.2683706,2069226.2,391.2835035,IT=8.2;8.2 ,ii
1859,UP 1,17.086,43924,25845118.0,7.272429,1993033.8,391.2835656,IT=8.5;8.5 ,ii
1860,UP 1,16.422,42608,24909916.0,7.2763019,2015631.0,391.2834878,IT=8.2;8.2 ,ii
1861,UP 1,18.262,46616,25390822.0,7.2803811,1993719.1,391.2835257,IT=9.1;9.1 ,ii
1862,UP 1,16.202,40944,24991406.0,7.284408,1986061.1,391.2837118,IT=8.1;8.1 ,ii
1863,UP 1,17.744,43784,24030778.0,7.2884789,1854158.4,391.2836667,IT=8.9;8.9 ,ii
1864,UP 1,16.505,45536,26190824.0,7.2923497,2044335.0,391.2836987,IT=8.3;8.3 ,ii
1866,UP 1,15.324,41496,25087740.0,7.2963893,2014447.6,391.2836686,IT=7.7;7.7 ,ii
1867,UP 1,18.321,42768,23807352.0,7.3004829,1973786.2,391.2837779,IT=9.2;9.2 ,ii
1868,UP 1,18.133,46376,24906136.0,7.3045371,1912728.6,391.283675,IT=9.1;9.1 ,ii
1869,UP 1,16.533,43612,25570198.0,7.3084057,1992001.9,391.2835548,IT=8.3;8.3 ,ii
1870,UP 1,16.999,40916,24228010.0,7.31246,1997584.5,391.2836461,IT=8.5;8.5 ,ii
1871,UP 1,16.358,43708,25189952.0,7.3164953,2005738.8,391.2835767,IT=8.2;8.2 ,ii
1872,UP 1,17.204,45176,25394252.0,7.3205579,1969559.4,391.283489,IT=8.6;8.6 ,ii
1873,UP 1,16.822,45148,25242990.0,7.3244348,1909655.6,391.2835807,IT=8.4;8.4 ,ii
1874,UP 1,16.756,46504,26461790.0,7.3284849,1963452.6,391.2834511,IT=8.4;8.4 ,ii
1875,UP 1,16.835,42740,25228916.0,7.3325285,1950638.8,391.2835838,IT=8.4;8.4 ,ii
1876,UP 1,16.519,45276,26278866.0,7.3365722,1984881.0,391.2834997,IT=8.3;8.3 ,ii
1877,UP 1,16.461,44840,25542452.0,7.340616,2011471.0,391.2835554,IT=8.2;8.2 ,ii
1878,UP 1,16.537,45120,26027752.0,7.3444973,1909378.6,391.2835944,IT=8.3;8.3 ,ii
1879,UP 1,16.526,45116,26573486.0,7.3485493,2002785.8,391.283526,IT=8.3;8.3 ,ii
1880,UP 1,16.608,43476,26566930.0,7.3525972,2111043.5,391.2834874,IT=8.3;8.3 ,ii
1881,UP 1,16.407,46112,26627768.0,7.3564763,1959656.2,391.283509,IT=8.2;8.2 ,ii
1882,UP 1,16.597,47664,26375672.0,7.3605243,2119244.0,391.2834797,IT=8.3;8.3 ,ii
1883,UP 1,17.461,46232,26266186.0,7.3645929,1980038.0,391.2836005,IT=8.7;8.7 ,ii
1884,UP 1,17.474,47328,25879996.0,7.3686429,2003641.4,391.2835875,IT=8.7;8.7 ,ii
1885,UP 1,16.830,44968,26061578.0,7.3725199,1936680.1,391.2836137,IT=8.4;8.4 ,ii
1886,UP 1,16.969,46620,26836246.0,7.3765846,1919218.2,391.2836076,IT=8.5;8.5 ,ii
1887,UP 1,16.029,43712,26423944.0,7.3806157,2086424.0,391.2835831,IT=8;8 ,ii
1888,UP 1,17.294,47036,26388336.0,7.3846803,1995123.1,391.2835992,IT=8.6;8.6 ,ii
1889,UP 1,16.350,45492,26227014.0,7.3885532,1923100.4,391.2835693,IT=8.2;8.2 ,ii
1890,UP 1,17.414,47068,26428828.0,7.3926199,1985582.5,391.2835651,IT=8.7;8.7 ,ii
1891,UP 1,15.542,42488,26216296.0,7.3966427,1983012.6,391.2835571,IT=7.8;7.8 ,ii
1892,UP 1,17.099,49892,27373706.0,7.4007052,1999350.9,391.2835098,IT=8.5;8.5 ,ii
1893,UP 1,16.540,45824,26861202.0,7.4045864,1991707.9,391.2835804,IT=8.3;8.3 ,ii
1894,UP 1,16.366,47356,27557792.0,7.4086302,2090231.6,391.2836533,IT=8.2;8.2 ,ii
1895,UP 1,15.932,44156,26644544.0,7.4126697,2022785.4,391.2835958,IT=8;8 ,ii
1896,UP 1,17.414,48612,26998480.0,7.4167406,1854572.6,371.1007427,IT=8.7;8.7 ,ii
1897,UP 1,16.659,45140,26005308.0,7.4206133,1980118.6,391.2836368,IT=8.3;8.3 ,ii
1898,UP 1,16.941,44184,26651804.0,7.4246676,2060572.1,391.2835791,IT=8.5;8.5 ,ii
1899,UP 1,15.916,45252,26820324.0,7.4286967,1981852.4,371.1005954,IT=8;8 ,ii
1900,UP 1,16.755,44968,25517914.0,7.4327571,1922880.0,391.2836324,IT=8.4;8.4 ,ii
1901,UP 1,16.778,47240,27276124.0,7.4368049,1977719.5,391.2836035,IT=8.4;8.4 ,ii
1902,UP 1,18.689,48108,25845566.0,7.4407175,1942492.1,391.2835502,IT=9.3;9.3 ,ii
1903,UP 1,16.336,47672,27709706.0,7.4447424,1955051.2,391.2835296,IT=8.2;8.2 ,ii
1904,UP 1,16.742,46684,27054336.0,7.4487924,2090411.4,391.283528,IT=8.4;8.4 ,ii
1905,UP 1,16.230,43172,26014270.0,7.4528361,2001126.8,391.2835177,IT=8.1;8.1 ,ii
1906,UP 1,16.804,46332,26670874.0,7.4567278,1902927.4,371.1006878,IT=8.4;8.4 ,ii
1907,UP 1,17.085,50016,27806656.0,7.460784,2103962.2,391.2835795,IT=8.5;8.5 ,ii
1908,UP 1,16.817,46684,26681300.0,7.4648256,2056078.2,391.2836534,IT=8.4;8.4 ,ii
1909,UP 1,16.435,45928,27679350.0,7.4688672,1988540.2,391.2835552,IT=8.2;8.2 ,ii
1910,UP 1,17.520,52360,27656240.0,7.4727652,1980148.1,391.2835419,IT=8.8;8.8 ,ii
1911,UP 1,16.802,45256,26464946.0,7.4768026,2054760.5,391.283549,IT=8.4;8.4 ,ii
1912,UP 1,16.540,44920,26738844.0,7.4808443,2069796.5,391.2835369,IT=8.3;8.3 ,ii
1913,UP 1,17.081,44928,25854438.0,7.4848942,2036500.0,391.2835795,IT=8.5;8.5 ,ii
1914,UP 1,16.598,48044,27221382.0,7.4887651,1967761.8,391.2835318,IT=8.3;8.3 ,ii
1915,UP 1,17.517,46480,25636810.0,7.4928275,1922241.2,391.2836336,IT=8.8;8.8 ,ii
1917,UP 1,15.244,45240,26906220.0,7.4968629,1962510.1,391.2834912,IT=7.6;7.6 ,ii
1918,UP 1,17.192,44688,26903708.0,7.500942,2028500.2,371.1006153,IT=8.6;8.6 ,ii
1919,UP 1,15.556,41256,26297880.0,7.5047878,2001602.8,391.283564,IT=7.8;7.8 ,ii
1920,UP 1,16.567,47100,27508992.0,7.5088441,2121870.2,391.2835841,IT=8.3;8.3 ,ii
1921,UP 1,16.324,48020,27722856.0,7.5128836,2069368.5,391.283474,IT=8.2;8.2 ,ii
1922,UP 1,16.612,46388,27216934.0,7.5169377,2075087.2,391.2836662,IT=8.3;8.3 ,ii
1924,UP 1,16.020,45312,26707308.0,7.520969,2045567.8,391.2836197,IT=8;8 ,ii
1925,UP 1,17.223,46640,26562022.0,7.5250335,2065479.5,391.2836167,IT=8.6;8.6 ,ii
1926,UP 1,17.816,45512,25315096.0,7.5291002,1969979.0,391.2836123,IT=8.9;8.9 ,ii
1927,UP 1,17.631,49012,26165610.0,7.5331481,1935372.0,391.2837737,IT=8.8;8.8 ,ii
1929,UP 1,16.583,45236,26019978.0,7.5372148,1960941.5,391.283576,IT=8.3;8.3 ,ii
1930,UP 1,17.020,46568,26710640.0,7.5412667,2045588.1,391.2835667,IT=8.5;8.5 ,ii
1931,UP 1,17.250,44480,26072188.0,7.5453167,1981178.9,391.2835734,IT=8.6;8.6 ,ii
1932,UP 1,16.256,46172,27645968.0,7.54935,1979861.6,371.1005985,IT=8.1;8.1 ,ii
1933,UP 1,17.407,47432,27600514.0,7.5532459,1997670.6,391.2835334,IT=8.7;8.7 ,ii
1934,UP 1,17.085,44760,25957418.0,7.5572854,1990991.1,391.2836124,IT=8.5;8.5 ,ii
1935,UP 1,17.848,46256,25769442.0,7.5613437,1856260.9,391.2835423,IT=8.9;8.9 ,ii
1936,UP 1,17.291,47388,26500776.0,7.5653853,2025718.0,391.2835661,IT=8.6;8.6 ,ii
1937,UP 1,17.214,48660,27407066.0,7.5692728,1981871.0,391.2835275,IT=8.6;8.6 ,ii
1938,UP 1,17.269,44764,26104216.0,7.5733228,2038397.9,391.283564,IT=8.6;8.6 ,ii
1939,UP 1,17.703,47952,26578658.0,7.5773769,1962762.9,391.2835952,IT=8.9;8.9 ,ii
1940,UP 1,18.375,50384,26641148.0,7.5814394,2006999.1,391.2835955,IT=9.2;9.2 ,ii
1941,UP 1,17.426,45848,25906072.0,7.5853102,1848303.1,391.2836865,IT=8.7;8.7 ,ii
1942,UP 1,17.470,48504,26241368.0,7.5893644,1978300.0,391.283626,IT=8.7;8.7 ,ii
1943,UP 1,16.870,47772,27241998.0,7.5934935,2051973.6,371.1007015,IT=8.4;8.4 ,ii
1944,UP 1,17.165,48288,27479042.0,7.5975435,2056977.6,391.2835821,IT=8.6;8.6 ,ii
1945,UP 1,17.396,45656,26981912.0,7.601431,1973994.5,391.2835309,IT=8.7;8.7 ,ii
1946,UP 1,17.771,47248,26038090.0,7.6054872,2044599.6,391.2835303,IT=8.9;8.9 ,ii
1947,UP 1,18.906,49740,26177954.0,7.609558,2045024.0,391.2834762,IT=9.5;9.5 ,ii
1948,UP 1,18.618,46356,24813416.0,7.6136163,1933511.2,391.2834918,IT=9.3;9.3 ,ii
1949,UP 1,16.947,47048,27435314.0,7.6174725,2058276.5,391.2834165,IT=8.5;8.5 ,ii
1950,UP 1,17.116,43640,25594298.0,7.6215266,2026915.9,391.2835527,IT=8.6;8.6 ,ii
1951,UP 1,17.679,45928,26033304.0,7.6255828,1900309.2,391.2836024,IT=8.8;8.8 ,ii
1952,UP 1,18.370,48820,26322236.0,7.6296495,2028238.0,391.2836415,IT=9.2;9.2 ,ii
1953,UP 1,17.075,45400,26073946.0,7.6336808,2013193.1,391.2835749,IT=8.5;8.5 ,ii
1954,UP 1,18.250,48544,26373842.0,7.6377474,1939353.2,391.2835602,IT=9.1;9.1 ,ii
1955,UP 1,17.389,47684,27787254.0,7.6417932,2069943.6,391.2836391,IT=8.7;8.7 ,ii
1957,UP 1,15.995,44440,26274758.0,7.6459994,1998333.0,391.2835639,IT=8;8 ,ii
1958,UP 1,18.531,48764,26110352.0,7.6499222,1908395.1,391.2835384,IT=9.3;9.3 ,ii
1959,UP 1,17.177,47476,26876252.0,7.653964,2044001.6,391.2835098,IT=8.6;8.6 ,ii
1960,UP 1,17.242,49356,26932590.0,7.658016,1976591.1,391.2835421,IT=8.6;8.6 ,ii
1961,UP 1,17.328,49824,26947150.0,7.662066,1941147.6,371.1007365,IT=8.7;8.7 ,ii
1962,UP 1,17.903,47756,26123734.0,7.6659742,2025405.8,391.2834784,IT=9;9 ,ii
1963,UP 1,18.575,43632,24763396.0,7.6700409,1983542.4,391.2836062,IT=9.3;9.3 ,ii
1964,UP 1,18.746,48952,25788270.0,7.6741034,1988557.9,391.2835293,IT=9.4;9.4 ,ii
1965,UP 1,17.977,45336,24657462.0,7.6781492,1934063.6,391.2836526,IT=9;9 ,ii
1966,UP 1,18.082,45960,25079150.0,7.6822054,1919814.1,391.283641,IT=9;9 ,ii
1967,UP 1,18.031,46096,25471476.0,7.6860991,1964591.6,391.2836322,IT=9;9 ,ii
1968,UP 1,18.834,49120,25991250.0,7.6901678,1983222.6,391.2835903,IT=9.4;9.4 ,ii
1969,UP 1,17.230,46068,25106784.0,7.6942032,1942826.8,391.2836827,IT=8.6;8.6 ,ii
1970,UP 1,18.305,45716,25241096.0,7.6982698,2001969.6,391.2836868,IT=9.2;9.2 ,ii
1971,UP 1,18.589,47904,24989778.0,7.7021656,1910066.2,391.2835969,IT=9.3;9.3 ,ii
1972,UP 1,19.211,47140,23964742.0,7.7062427,1851137.5,391.2836867,IT=9.6;9.6 ,ii
1973,UP 1,18.603,44772,24288318.0,7.7102968,1962088.5,391.2836266,IT=9.3;9.3 ,ii
1974,UP 1,18.350,49008,25572330.0,7.7143468,1997751.0,391.2836907,IT=9.2;9.2 ,ii
1975,UP 1,17.828,45276,25330168.0,7.7183947,1982473.6,391.2835802,IT=8.9;8.9 ,ii
1976,UP 1,18.588,47324,25197682.0,7.7224655,1933013.4,391.283641,IT=9.3;9.3 ,ii
1977,UP 1,18.491,47316,25197716.0,7.7265217,1920366.1,391.2835918,IT=9.2;9.2 ,ii
1978,UP 1,18.378,48076,25399768.0,7.7305842,1952788.1,391.2835787,IT=9.2;9.2 ,ii
1979,UP 1,18.465,45964,25347536.0,7.7344758,1993907.6,391.2836286,IT=9.2;9.2 ,ii
1980,UP 1,17.629,45344,25152378.0,7.7385237,1999071.8,391.2836549,IT=8.8;8.8 ,ii
1981,UP 1,19.471,46704,24162164.0,7.7426174,1894148.1,391.2836491,IT=9.7;9.7 ,ii
1982,UP 1,18.921,49632,25658020.0,7.7466695,2015594.4,391.2836542,IT=9.5;9.5 ,ii
1983,UP 1,17.107,46944,26026030.0,7.7505341,1994055.6,391.2836022,IT=8.6;8.6 ,ii
1984,UP 1,19.236,50912,25313686.0,7.7546236,1904228.5,391.2835841,IT=9.6;9.6 ,ii
1985,UP 1,17.879,45276,24749698.0,7.7586652,1907043.9,391.2836512,IT=8.9;8.9 ,ii
1986,UP 1,18.501,47216,25361006.0,7.7627319,1964414.8,391.2836465,IT=9.3;9.3 ,ii
1987,UP 1,17.884,46016,25275576.0,7.7667819,1946971.9,391.2835995,IT=8.9;8.9 ,ii
1988,UP 1,19.039,46544,23925800.0,7.7708547,1855022.2,391.2836898,IT=9.5;9.5 ,ii
1989,UP 1,19.294,48924,24948682.0,7.7749235,1908473.5,391.2836747,IT=9.6;9.6 ,ii
1990,UP 1,18.046,46948,25555308.0,7.7789735,2026996.8,391.2835165,IT=9;9 ,ii
1991,UP 1,17.330,46600,26502782.0,7.7828506,2020138.2,391.2836118,IT=8.7;8.7 ,ii
1992,UP 1,18.312,46220,25452570.0,7.7869214,1965634.1,391.2836851,IT=9.2;9.2 ,ii
1993,UP 1,17.790,45228,25680680.0,7.7909776,1887823.9,391.2836275,IT=8.9;8.9 ,ii
1994,UP 1,16.987,44564,25225718.0,7.795013,1934113.2,391.2836629,IT=8.5;8.5 ,ii
1995,UP 1,16.848,44176,26081068.0,7.7990609,2063206.8,391.2835983,IT=8.4;8.4 ,ii
1996,UP 1,18.149,47316,25701034.0,7.80314,1954866.1,391.2837332,IT=9.1;9.1 ,ii
1998,UP 1,16.827,42976,25411730.0,7.8071837,1937803.9,391.2835706,IT=8.4;8.4 ,ii
1999,UP 1,18.659,49052,25872424.0,7.811267,2019341.0,391.2835285,IT=9.3;9.3 ,ii
2000,UP 1,16.993,45868,26109474.0,7.8151295,1897587.8,391.2835554,IT=8.5;8.5 ,ii
2001,UP 1,19.093,49420,24876444.0,7.8192149,1865543.9,391.2835189,IT=9.5;9.5 ,ii
2002,UP 1,17.996,46292,25923780.0,7.8232586,1986509.2,391.2835215,IT=9;9 ,ii
2003,UP 1,18.101,42288,24072462.0,7.8273231,1859896.6,391.2835805,IT=9.1;9.1 ,ii
2004,UP 1,18.296,43328,24355990.0,7.8312148,2000556.1,391.2835811,IT=9.1;9.1 ,ii
2005,UP 1,18.161,44972,25507922.0,7.8352689,1993925.2,391.2835892,IT=9.1;9.1 ,ii
2006,UP 1,18.344,48024,25731788.0,7.8393376,1988877.6,391.2835051,IT=9.2;9.2 ,ii
2007,UP 1,17.736,47452,25277824.0,7.8433835,1976816.6,391.2834947,IT=8.9;8.9 ,ii
2008,UP 1,18.747,50456,25376332.0,7.8472834,1926417.8,391.2835247,IT=9.4;9.4 ,ii
2009,UP 1,17.182,44092,25284292.0,7.8513188,2046297.8,391.2834812,IT=8.6;8.6 ,ii
2010,UP 1,17.828,48680,26872808.0,7.855375,2051321.9,391.2834341,IT=8.9;8.9 ,ii
2011,UP 1,17.451,46020,26203340.0,7.8594209,1962275.0,391.2835256,IT=8.7;8.7 ,ii
2012,UP 1,17.677,47248,26606730.0,7.8633229,1977021.2,391.2834518,IT=8.8;8.8 ,ii
2013,UP 1,18.441,47768,25242546.0,7.8673855,1967922.4,391.2834722,IT=9.2;9.2 ,ii
2014,UP 1,17.861,46152,25617498.0,7.8714333,1953803.8,391.2834277,IT=8.9;8.9 ,ii
2015,UP 1,18.679,49572,26940354.0,7.8755,2081712.2,391.2834246,IT=9.3;9.3 ,ii
2016,UP 1,17.313,46588,26550004.0,7.8795374,2040175.4,391.2835908,IT=8.7;8.7 ,ii
2017,UP 1,18.409,48444,25957798.0,7.8836083,1929718.9,391.283524,IT=9.2;9.2 ,ii
2018,UP 1,17.062,47272,26872248.0,7.8876499,2037848.8,391.2835602,IT=8.5;8.5 ,ii
2019,UP 1,18.242,45660,25335644.0,7.8917145,1929978.9,391.2835431,IT=9.1;9.1 ,ii
2020,UP 1,17.590,47144,25935184.0,7.8957602,2008341.0,391.2835444,IT=8.8;8.8 ,ii
2021,UP 1,17.137,46040,26766150.0,7.8996477,2018854.4,391.2835087,IT=8.6;8.6 ,ii
2022,UP 1,18.580,47884,25864282.0,7.9037185,2001148.0,391.2834701,IT=9.3;9.3 ,ii
2023,UP 1,18.780,47784,25060736.0,7.9077809,1944127.9,391.2835336,IT=9.4;9.4 ,ii
2024,UP 1,18.081,47400,25822242.0,7.911833,1939477.6,391.2836139,IT=9;9 ,ii
2025,UP 1,17.629,46092,25613104.0,7.9157184,1992090.8,391.2835321,IT=8.8;8.8 ,ii
2026,UP 1,18.119,47564,25628292.0,7.919785,2063296.9,391.2835703,IT=9.1;9.1 ,ii
2027,UP 1,16.525,45588,26282024.0,7.9238163,1958891.6,391.2835375,IT=8.3;8.3 ,ii
2028,UP 1,17.141,47884,27288428.0,7.9278725,2071407.5,391.2834949,IT=8.6;8.6 ,ii
2029,UP 1,17.490,45984,25774634.0,7.9317599,1988658.0,391.2836519,IT=8.7;8.7 ,ii
2030,UP 1,18.356,48452,25981616.0,7.9358328,1956330.1,391.2836149,IT=9.2;9.2 ,ii
2031,UP 1,18.785,47140,25973456.0,7.9398974,2013999.0,391.2836986,IT=9.4;9.4 ,ii
2032,UP 1,19.032,45740,24314240.0,7.943962,1897014.9,391.2835896,IT=9.5;9.5 ,ii
2033,UP 1,17.991,46772,24837658.0,7.9478515,1879365.0,391.2835459,IT=9;9 ,ii
2034,UP 1,17.999,44984,25353348.0,7.9519098,1997195.0,391.2836341,IT=9;9 ,ii
2035,UP 1,18.811,45760,24989584.0,7.9559785,1962944.1,391.2836131,IT=9.4;9.4 ,ii
2036,UP 1,18.154,46480,25721048.0,7.9600286,1950335.8,391.2835812,IT=9.1;9.1 ,ii
2037,UP 1,17.152,45220,26202524.0,7.9639056,2089252.1,391.2835984,IT=8.6;8.6 ,ii
2038,UP 1,17.809,44440,25804732.0,7.9679639,2060699.4,391.2835091,IT=8.9;8.9 ,ii
2039,UP 1,19.066,50180,26031220.0,7.9720388,1975578.0,391.2835708,IT=9.5;9.5 ,ii
2040,UP 1,17.516,45548,26071546.0,7.9760805,2065894.4,391.2836428,IT=8.8;8.8 ,ii
2041,UP 1,18.902,44844,24339150.0,7.979991,2091448.4,391.2836595,IT=9.5;9.5 ,ii
2042,UP 1,18.711,46308,24758788.0,7.9840472,1910030.4,391.2837451,IT=9.4;9.4 ,ii
2044,UP 1,17.206,48476,26693328.0,7.9880992,1995226.5,371.1006418,IT=8.6;8.6 ,ii
2045,UP 1,17.075,45152,25452894.0,7.9921554,1942123.0,391.2835892,IT=8.5;8.5 ,ii
2046,UP 1,18.269,45536,25853172.0,7.9960554,2041427.8,391.2836436,IT=9.1;9.1 ,ii
2047,UP 1,18.315,48040,25134768.0,8.0001095,2002853.6,391.2836422,IT=9.2;9.2 ,ii
2048,UP 1,18.415,46496,26175868.0,8.0041678,2049370.5,391.2836179,IT=9.2;9.2 ,ii
2049,UP 1,18.555,44428,24781516.0,8.008222,2019917.5,391.2836494,IT=9.3;9.3 ,ii
2050,UP 1,18.436,44680,24696346.0,8.0121074,2047309.8,391.2836774,IT=9.2;9.2 ,ii
2052,UP 1,18.833,47968,24952932.0,8.0161844,1986600.2,391.2836419,IT=9.4;9.4 ,ii
2053,UP 1,17.861,47480,25788150.0,8.0202281,2029094.0,391.2835932,IT=8.9;8.9 ,ii
2054,UP 1,19.912,48956,25430016.0,8.0243114,1943734.0,391.283629,IT=10;10 ,ii
2055,UP 1,18.760,46612,25198466.0,8.0281968,2000002.9,391.2835468,IT=9.4;9.4 ,ii
2056,UP 1,18.127,46160,25525236.0,8.0322468,2039015.4,391.2835807,IT=9.1;9.1 ,ii
2057,UP 1,17.902,47212,25409872.0,8.0362988,1981044.4,391.2836369,IT=9;9 ,ii
2059,UP 1,18.110,46424,25589620.0,8.040553,2085846.0,391.2836114,IT=9.1;9.1 ,ii
2060,UP 1,18.154,45940,25110634.0,8.0444426,1988719.5,391.2835716,IT=9.1;9.1 ,ii
2061,UP 1,18.848,46104,25133366.0,8.0485154,1982976.5,391.2836265,IT=9.4;9.4 ,ii
2062,UP 1,17.869,44772,25173328.0,8.0525592,2006180.6,391.2836417,IT=8.9;8.9 ,ii
2063,UP 1,17.916,43772,24765882.0,8.0566112,1910826.1,391.2835622,IT=9;9 ,ii
2064,UP 1,18.484,44972,24827882.0,8.0605112,1934818.9,391.2835508,IT=9.2;9.2 ,ii
2065,UP 1,18.231,46040,25445406.0,8.0645612,1965192.5,391.2836045,IT=9.1;9.1 ,ii
2066,UP 1,18.095,45000,25226948.0,8.0686111,2021251.8,391.2835285,IT=9;9 ,ii
2067,UP 1,18.057,45208,24754662.0,8.0726716,2006333.8,391.2836438,IT=9;9 ,ii
2068,UP 1,18.319,47472,26060080.0,8.076561,1978163.1,391.2835636,IT=9.2;9.2 ,ii
2069,UP 1,17.968,47116,25944140.0,8.0806132,2039514.5,391.2836023,IT=9;9 ,ii
2070,UP 1,18.537,45476,25061546.0,8.0846798,1975853.1,371.1007553,IT=9.3;9.3 ,ii
2071,UP 1,18.163,45712,24738148.0,8.0887277,1958453.2,371.1007272,IT=9.1;9.1 ,ii
2072,UP 1,17.764,44808,24779474.0,8.0927776,1958635.2,371.1007329,IT=8.9;8.9 ,ii
2073,UP 1,17.336,42772,24998026.0,8.0966672,2068573.0,391.2835571,IT=8.7;8.7 ,ii
2074,UP 1,18.019,47900,26361842.0,8.1007318,2139905.0,391.2836563,IT=9;9 ,ii
2075,UP 1,17.946,45512,25406254.0,8.1047838,2088831.1,391.28355,IT=9;9 ,ii
2076,UP 1,18.745,49364,25986988.0,8.1086963,1987387.1,371.1006044,IT=9.4;9.4 ,ii
2077,UP 1,18.420,45236,24562516.0,8.1127546,1986047.5,391.2835922,IT=9.2;9.2 ,ii
2078,UP 1,18.198,45312,25339202.0,8.1168087,1948476.5,391.2836483,IT=9.1;9.1 ,ii
2079,UP 1,19.530,48136,24861838.0,8.1208879,1989885.1,391.2836263,IT=9.8;9.8 ,ii
2080,UP 1,17.340,46284,25846664.0,8.1249149,2052039.5,391.2835976,IT=8.7;8.7 ,ii
2081,UP 1,18.644,43460,23975306.0,8.1288212,1942698.8,391.2836083,IT=9.3;9.3 ,ii
2082,UP 1,17.877,43368,25194542.0,8.1328711,2004696.5,391.2836252,IT=8.9;8.9 ,ii
2083,UP 1,18.077,43660,24595724.0,8.1369274,2052127.0,391.2836922,IT=9;9 ,ii
2084,UP 1,18.409,44976,25202604.0,8.1409898,1977524.0,391.2835673,IT=9.2;9.2 ,ii
2085,UP 1,17.594,46992,25501170.0,8.1448628,2004125.2,391.2837881,IT=8.8;8.8 ,ii
2087,UP 1,16.958,45028,25277290.0,8.1489106,2038065.9,391.2836213,IT=8.5;8.5 ,ii
2088,UP 1,19.011,45032,24751074.0,8.1530044,2057089.4,391.2835591,IT=9.5;9.5 ,ii
2089,UP 1,17.919,49272,26417832.0,8.1570501,2061874.2,391.2836154,IT=9;9 ,ii
2090,UP 1,17.913,47348,25952672.0,8.1609398,2153541.5,391.2836102,IT=9;9 ,ii
2091,UP 1,17.996,47200,25561476.0,8.1649959,2007382.1,391.2835377,IT=9;9 ,ii
2092,UP 1,17.156,45820,25756308.0,8.1690396,1993003.5,371.1006586,IT=8.6;8.6 ,ii
2093,UP 1,18.393,41648,24229102.0,8.1731104,1979866.4,391.2835764,IT=9.2;9.2 ,ii
2094,UP 1,17.956,45572,25451570.0,8.1769959,2032271.2,371.1005952,IT=9;9 ,ii
2095,UP 1,17.281,44512,25966862.0,8.1810417,2102893.8,391.2834319,IT=8.6;8.6 ,ii
2096,UP 1,18.312,47276,25701136.0,8.1851083,2003289.6,391.2834345,IT=9.2;9.2 ,ii
2097,UP 1,17.386,44672,25541002.0,8.189152,2143208.5,391.2835084,IT=8.7;8.7 ,ii
2098,UP 1,18.184,48028,26147424.0,8.1930562,2040428.0,391.2835312,IT=9.1;9.1 ,ii
2099,UP 1,18.461,43588,24332230.0,8.1971166,1855785.8,371.1006891,IT=9.2;9.2 ,ii
2100,UP 1,17.862,47784,25844420.0,8.2011666,2034765.0,371.1005884,IT=8.9;8.9 ,ii
2101,UP 1,18.322,43696,25088478.0,8.2052269,2045778.5,391.2835059,IT=9.2;9.2 ,ii
2102,UP 1,18.173,45708,25549400.0,8.2091186,1965989.2,391.2835166,IT=9.1;9.1 ,ii
2103,UP 1,18.983,45400,24994364.0,8.2131914,1996066.6,391.2835589,IT=9.5;9.5 ,ii
2104,UP 1,18.160,45464,24794182.0,8.2172393,1932561.4,391.2835229,IT=9.1;9.1 ,ii
2105,UP 1,18.613,44436,24642688.0,8.2213143,1976112.0,391.2835786,IT=9.3;9.3 ,ii
2106,UP 1,17.981,42828,24830864.0,8.2251935,2008031.6,371.1006539,IT=9;9 ,ii
2107,UP 1,18.172,47976,25890846.0,8.2292559,2013494.0,391.2834495,IT=9.1;9.1 ,ii
2108,UP 1,18.272,46616,25753594.0,8.2333204,1974007.5,391.2835444,IT=9.1;9.1 ,ii
2109,UP 1,18.388,45704,25600150.0,8.2373746,2092666.2,391.2835042,IT=9.2;9.2 ,ii
2110,UP 1,18.230,44652,25364426.0,8.2412621,1983693.5,391.283529,IT=9.1;9.1 ,ii
2111,UP 1,17.955,43288,25211040.0,8.2453142,1997222.2,391.2835127,IT=9;9 ,ii
2112,UP 1,17.301,42652,24858400.0,8.2493641,1975639.0,391.2835503,IT=8.7;8.7 ,ii
2113,UP 1,17.473,40612,24470112.0,8.2534162,1968638.4,371.1006965,IT=8.7;8.7 ,ii
2114,UP 1,17.629,46780,26186446.0,8.2574725,2142915.8,391.2835926,IT=8.8;8.8 ,ii
2115,UP 1,17.885,45340,25302518.0,8.2615307,1936997.4,391.2836362,IT=8.9;8.9 ,ii
2117,UP 1,17.471,45056,25452156.0,8.2655869,2103297.5,391.2835841,IT=8.7;8.7 ,ii
2118,UP 1,18.116,43396,25250394.0,8.2696619,2073368.4,391.2834761,IT=9.1;9.1 ,ii
2119,UP 1,18.122,44612,25007706.0,8.2735536,1909808.8,371.1006079,IT=9.1;9.1 ,ii
2120,UP 1,18.244,45724,25304072.0,8.277614,1963583.8,391.2834727,IT=9.1;9.1 ,ii
2121,UP 1,18.952,45652,24647676.0,8.2816805,1905024.5,391.2835543,IT=9.5;9.5 ,ii
2122,UP 1,17.126,42500,24304502.0,8.2857139,1971605.6,391.2835437,IT=8.6;8.6 ,ii
2123,UP 1,18.154,46976,25588738.0,8.289616,2145742.2,391.2834737,IT=9.1;9.1 ,ii
2124,UP 1,18.894,42724,24395276.0,8.2936868,1981099.6,391.2835493,IT=9.4;9.4 ,ii
2125,UP 1,18.441,44976,25311640.0,8.2977409,2051531.6,391.2834318,IT=9.2;9.2 ,ii
2126,UP 1,17.741,44008,25549348.0,8.3017888,2058225.5,391.2834992,IT=8.9;8.9 ,ii
2127,UP 1,19.634,44404,24396690.0,8.3058762,1931770.9,391.2835631,IT=9.8;9.8 ,ii
2128,UP 1,18.063,44140,25452582.0,8.3099179,2074695.2,391.2835319,IT=9;9 ,ii
2129,UP 1,18.867,45832,24755542.0,8.3139887,2002220.1,371.1006644,IT=9.4;9.4 ,ii
2130,UP 1,18.955,44772,25364564.0,8.3180574,2068902.6,391.2836512,IT=9.5;9.5 ,ii
2131,UP 1,17.938,45268,25639102.0,8.3219344,2103384.0,391.2835656,IT=9;9 ,ii
2132,UP 1,19.399,46028,25183216.0,8.3260178,1956467.2,371.1007116,IT=9.7;9.7 ,ii
2133,UP 1,17.227,43868,24769938.0,8.3300532,1986770.2,391.2836577,IT=8.6;8.6 ,ii
2134,UP 1,17.730,43556,25284600.0,8.3341115,2026018.2,391.2835416,IT=8.9;8.9 ,ii
2135,UP 1,17.245,43204,25093734.0,8.3379926,2041247.6,391.2835617,IT=8.6;8.6 ,ii
2136,UP 1,18.838,47000,25349302.0,8.3420698,2048385.4,391.283639,IT=9.4;9.4 ,ii
2137,UP 1,18.612,42804,24124686.0,8.346128,1869358.9,371.1007466,IT=9.3;9.3 ,ii
2138,UP 1,17.714,44888,25213600.0,8.3501739,2052249.1,391.2835743,IT=8.9;8.9 ,ii
2139,UP 1,18.033,45576,25215592.0,8.3540717,2051812.0,391.2836311,IT=9;9 ,ii
2140,UP 1,17.623,41376,24960644.0,8.3581218,2184155.2,391.2835334,IT=8.8;8.8 ,ii
2141,UP 1,17.990,48796,26191874.0,8.36218,2006968.9,371.1005725,IT=9;9 ,ii
2142,UP 1,18.026,46804,25811574.0,8.3662363,1995568.9,391.2835016,IT=9;9 ,ii
2143,UP 1,18.523,42896,24559886.0,8.3703008,1948965.4,371.1007684,IT=9.3;9.3 ,ii
2144,UP 1,18.289,43552,25119542.0,8.3741862,2025428.2,391.2835173,IT=9.1;9.1 ,ii
2145,UP 1,17.627,44928,25006562.0,8.3782341,1952384.8,391.2836032,IT=8.8;8.8 ,ii
2146,UP 1,16.588,43760,25989056.0,8.3822674,2149560.8,391.2835596,IT=8.3;8.3 ,ii
2147,UP 1,17.931,45368,25738330.0,8.3863402,2076933.1,391.2836141,IT=9;9 ,ii
2148,UP 1,19.223,48676,25070544.0,8.3902507,1966733.6,391.2836409,IT=9.6;9.6 ,ii
2149,UP 1,17.944,44516,25284886.0,8.3942944,2024326.9,391.2836657,IT=9;9 ,ii
2150,UP 1,18.452,44280,24910532.0,8.3983569,1985093.0,391.2836142,IT=9.2;9.2 ,ii
2151,UP 1,18.914,46580,25412268.0,8.4024235,2058423.8,391.2835767,IT=9.5;9.5 ,ii
2152,UP 1,17.274,42212,24633214.0,8.4062923,2006370.9,391.2835936,IT=8.6;8.6 ,ii
2153,UP 1,18.421,45424,24949676.0,8.4103652,1939084.5,391.2835401,IT=9.2;9.2 ,ii
2154,UP 1,18.043,41352,24189586.0,8.4144193,1994477.0,391.2836445,IT=9;9 ,ii
2155,UP 1,18.289,44856,24890212.0,8.4184776,1956894.4,391.2835329,IT=9.1;9.1 ,ii
2156,UP 1,18.991,45308,24925364.0,8.4223796,1968033.9,391.2835684,IT=9.5;9.5 ,ii
2157,UP 1,18.143,43624,25502806.0,8.4264317,2002939.8,391.2835392,IT=9.1;9.1 ,ii
2158,UP 1,18.580,46120,25091852.0,8.4304942,2012643.5,391.2836194,IT=9.3;9.3 ,ii
2159,UP 1,17.975,44124,25117592.0,8.4345483,2054610.6,391.2835582,IT=9;9 ,ii
2160,UP 1,18.734,45092,25239348.0,8.4384483,2052451.8,391.2835992,IT=9.4;9.4 ,ii
2161,UP 1,17.623,42936,25484008.0,8.442492,2166704.0,391.283631,IT=8.8;8.8 ,ii
2162,UP 1,18.700,46944,25872468.0,8.4465711,2099212.8,391.2835388,IT=9.3;9.3 ,ii
2163,UP 1,17.689,46396,26259572.0,8.4506148,2066246.0,391.2835061,IT=8.8;8.8 ,ii
2164,UP 1,18.221,42476,24151790.0,8.4545128,2019694.4,391.283505,IT=9.1;9.1 ,ii
2165,UP 1,19.187,47064,25219414.0,8.4585898,2053271.0,391.2835744,IT=9.6;9.6 ,ii
2166,UP 1,18.772,43632,24502942.0,8.462648,1966484.2,391.2836592,IT=9.4;9.4 ,ii
2167,UP 1,18.691,49076,26702970.0,8.4667064,2128775.8,391.283548,IT=9.3;9.3 ,ii
2168,UP 1,18.329,44172,25187420.0,8.4705919,2028017.9,391.2834484,IT=9.2;9.2 ,ii
2169,UP 1,19.317,47364,24538920.0,8.474671,1897725.0,391.2835913,IT=9.7;9.7 ,ii
2170,UP 1,19.523,47212,25578750.0,8.4787354,2038214.8,391.2835727,IT=9.8;9.8 ,ii
2171,UP 1,18.756,43552,24126914.0,8.4827896,1929788.0,391.2835848,IT=9.4;9.4 ,ii
2172,UP 1,18.621,46292,25278708.0,8.4866835,1961071.9,391.2836193,IT=9.3;9.3 ,ii
2174,UP 1,19.006,45380,24113506.0,8.4907688,1889604.6,391.2835425,IT=9.5;9.5 ,ii
2175,UP 1,18.615,45572,24903586.0,8.494827,1925449.6,391.2835625,IT=9.3;9.3 ,ii
2176,UP 1,18.889,44312,24891292.0,8.4988895,2014486.6,391.2836121,IT=9.4;9.4 ,ii
2177,UP 1,19.271,47340,25179494.0,8.5027936,1967243.0,391.2835628,IT=9.6;9.6 ,ii
2179,UP 1,17.942,46740,25853596.0,8.5085915,2075020.0,391.2835359,IT=9;9 ,ii
2180,UP 1,19.669,45100,24913880.0,8.5126874,2010945.6,391.2835961,IT=9.8;9.8 ,ii
2181,UP 1,18.883,46956,25375802.0,8.5167436,1942441.5,391.2836238,IT=9.4;9.4 ,ii
2182,UP 1,18.544,48696,25699342.0,8.5208061,2014110.5,391.2835243,IT=9.3;9.3 ,ii
2183,UP 1,19.117,45492,24934168.0,8.5247206,1970716.9,391.2835281,IT=9.6;9.6 ,ii
2184,UP 1,18.745,45656,24895400.0,8.528779,2067291.0,391.2836853,IT=9.4;9.4 ,ii
2186,UP 1,17.659,44544,25251858.0,8.5328414,2086128.0,391.2835815,IT=8.8;8.8 ,ii
2187,UP 1,19.543,47312,24952342.0,8.5369456,2050635.1,391.2835564,IT=9.8;9.8 ,ii
2188,UP 1,18.760,43644,24466572.0,8.541008,1916477.8,391.2835445,IT=9.4;9.4 ,ii
2189,UP 1,19.324,47896,24925598.0,8.5449247,1996318.0,391.2836287,IT=9.7;9.7 ,ii
2191,UP 1,17.661,44852,25523064.0,8.5491559,2064629.0,391.2835456,IT=8.8;8.8 ,ii
2192,UP 1,19.577,47844,25337520.0,8.5532641,2036013.5,391.2836224,IT=9.8;9.8 ,ii
2193,UP 1,19.053,47160,25317244.0,8.5573308,1982656.2,391.2835285,IT=9.5;9.5 ,ii
2194,UP 1,19.172,47148,25268166.0,8.5612371,2002574.1,391.2835073,IT=9.6;9.6 ,ii
2195,UP 1,18.418,46180,24566662.0,8.5652995,1953782.5,371.1006213,IT=9.2;9.2 ,ii
2196,UP 1,19.150,48344,25260102.0,8.5693807,1981666.8,391.2835681,IT=9.6;9.6 ,ii
2197,UP 1,18.701,46004,25221428.0,8.5734474,2014935.2,371.1006823,IT=9.4;9.4 ,ii
2198,UP 1,18.237,44064,24919220.0,8.5773557,2000882.5,391.2835702,IT=9.1;9.1 ,ii
2199,UP 1,19.492,49356,25709890.0,8.581439,2009176.8,391.2835472,IT=9.7;9.7 ,ii
2200,UP 1,20.442,47444,24201520.0,8.5855202,1901737.6,391.2836169,IT=10;10 ,ii
2201,UP 1,18.841,42948,24329406.0,8.589568,1904225.2,371.1007096,IT=9.4;9.4 ,ii
2202,UP 1,19.282,47740,25547386.0,8.5936452,1997426.9,391.2835355,IT=9.6;9.6 ,ii
2203,UP 1,20.164,47020,24909958.0,8.5977369,1999574.0,391.2835831,IT=10;10 ,ii
2204,UP 1,18.077,45536,25760386.0,8.601768,2133179.8,391.2836048,IT=9;9 ,ii
2205,UP 1,19.243,49204,25570628.0,8.6058451,1962106.1,391.2835275,IT=9.6;9.6 ,ii
2206,UP 1,19.029,45252,24785914.0,8.6097451,2029825.6,391.2836156,IT=9.5;9.5 ,ii
2207,UP 1,18.379,46140,25411914.0,8.6137951,2040970.8,391.2836082,IT=9.2;9.2 ,ii
2208,UP 1,19.914,48620,23861184.0,8.6178762,1820101.8,391.2836503,IT=10;10 ,ii
2209,UP 1,19.976,49392,25588814.0,8.6219533,1995387.5,391.2836533,IT=10;10 ,ii
2210,UP 1,19.956,47560,25436408.0,8.6258616,1995496.5,391.2836742,IT=10;10 ,ii
2211,UP 1,18.953,46952,25468448.0,8.6299241,1987374.9,371.1007562,IT=9.5;9.5 ,ii
2212,UP 1,19.119,47768,25671222.0,8.6339886,2056754.4,391.2836688,IT=9.6;9.6 ,ii
2213,UP 1,19.005,48420,24855400.0,8.638049,1942454.6,391.2836429,IT=9.5;9.5 ,ii
2214,UP 1,18.584,50432,26469716.0,8.6419448,2015181.1,391.2836093,IT=9.3;9.3 ,ii
2215,UP 1,19.782,48528,25597062.0,8.6460324,2082987.1,391.283686,IT=9.9;9.9 ,ii
2217,UP 1,16.934,41600,25281132.0,8.6500802,2128216.2,391.2836366,IT=8.5;8.5 ,ii
2218,UP 1,19.666,49424,25374998.0,8.6541823,2021985.5,391.2836534,IT=9.8;9.8 ,ii
2219,UP 1,18.727,47308,25302258.0,8.6580697,2032028.1,391.2836665,IT=9.4;9.4 ,ii
2220,UP 1,19.565,48656,25837168.0,8.6621426,2037741.1,391.2836278,IT=9.8;9.8 ,ii
2221,UP 1,18.466,43476,24317210.0,8.6661926,1945459.6,391.2836911,IT=9.2;9.2 ,ii
2222,UP 1,20.201,46820,24460902.0,8.6702821,1949401.4,391.2836819,IT=10;10 ,ii
2223,UP 1,19.654,46484,24967186.0,8.6743467,2008199.6,391.2835946,IT=9.8;9.8 ,ii
2224,UP 1,18.175,45692,25402156.0,8.6782238,2042437.1,391.2836547,IT=9.1;9.1 ,ii
2225,UP 1,18.892,47020,25532118.0,8.6822946,1971319.4,391.2835947,IT=9.4;9.4 ,ii
2226,UP 1,18.261,46524,26008916.0,8.6863487,2058634.8,391.2835957,IT=9.1;9.1 ,ii
2227,UP 1,18.343,46596,25943912.0,8.6904112,2091706.9,391.28369,IT=9.2;9.2 ,ii
2228,UP 1,19.325,44244,24702380.0,8.6943133,2006065.4,391.2836751,IT=9.7;9.7 ,ii
2229,UP 1,18.275,46736,25483654.0,8.6983653,1996988.8,391.2836136,IT=9.1;9.1 ,ii
2230,UP 1,19.799,46248,24733660.0,8.7024549,1972136.1,391.283662,IT=9.9;9.9 ,ii
2231,UP 1,20.022,45496,24610494.0,8.7065214,1900140.5,391.2836198,IT=10;10 ,ii
2232,UP 1,18.832,47096,26270316.0,8.7103986,2131816.8,391.2835829,IT=9.4;9.4 ,ii
2233,UP 1,18.877,46048,25347082.0,8.7144631,1996776.5,391.2835889,IT=9.4;9.4 ,ii
2234,UP 1,19.415,46092,25031144.0,8.718536,1987829.8,391.2836369,IT=9.7;9.7 ,ii
2235,UP 1,19.540,46992,24515112.0,8.7226026,1917023.1,391.2836446,IT=9.8;9.8 ,ii
2236,UP 1,19.400,48136,25646170.0,8.7265027,2043113.6,391.2836334,IT=9.7;9.7 ,ii
2237,UP 1,18.781,46988,25114582.0,8.7305609,1942851.5,391.2836537,IT=9.4;9.4 ,ii
2238,UP 1,20.152,49356,25041538.0,8.7346442,1968387.0,391.2836341,IT=10;10 ,ii
2239,UP 1,18.122,46976,26169138.0,8.7386858,1991655.6,391.283605,IT=9.1;9.1 ,ii
2240,UP 1,20.386,51644,25380230.0,8.7426109,2004473.8,391.2836562,IT=10;10 ,ii
2241,UP 1,20.736,50372,25143884.0,8.74669,1964446.6,391.2835982,IT=10;10 ,ii
2242,UP 1,19.316,47168,26083468.0,8.7507357,2061707.0,391.2836088,IT=9.7;9.7 ,ii
2243,UP 1,19.865,50712,25906434.0,8.7548107,1945015.6,391.2836464,IT=9.9;9.9 ,ii
2244,UP 1,19.252,49440,25888922.0,8.7588691,2003611.0,391.2836425,IT=9.6;9.6 ,ii
2245,UP 1,19.381,45124,24830396.0,8.7629378,1947395.2,391.28364,IT=9.7;9.7 ,ii
2246,UP 1,19.494,48000,25593048.0,8.7670044,2059481.9,391.2835917,IT=9.7;9.7 ,ii
2247,UP 1,20.731,46184,24296106.0,8.7710877,1877495.2,391.2836997,IT=10;10 ,ii
2248,UP 1,19.320,47712,25817404.0,8.7749669,1985424.1,391.28366,IT=9.7;9.7 ,ii
2249,UP 1,19.462,46324,25247786.0,8.7790398,1967148.8,371.1006791,IT=9.7;9.7 ,ii
2250,UP 1,19.144,47216,25140916.0,8.7831064,1906500.8,391.283702,IT=9.6;9.6 ,ii
2251,UP 1,20.212,49228,25366416.0,8.7871835,1996834.8,391.2836014,IT=10;10 ,ii
2252,UP 1,18.847,45052,25349850.0,8.791073,2057788.4,391.2836323,IT=9.4;9.4 ,ii
2253,UP 1,19.179,48012,26042248.0,8.7951418,2002529.2,391.2836443,IT=9.6;9.6 ,ii
2254,UP 1,19.049,47184,25155426.0,8.7992042,1997078.5,391.2836784,IT=9.5;9.5 ,ii
2255,UP 1,19.944,47140,24326028.0,8.8032834,1892884.6,391.2837588,IT=10;10 ,ii
2256,UP 1,20.312,50928,25463298.0,8.8071959,1943406.6,391.2836148,IT=10;10 ,ii
2257,UP 1,19.280,47516,25086810.0,8.8112479,1958988.9,371.1006901,IT=9.6;9.6 ,ii
2258,UP 1,20.779,47760,25103726.0,8.8153395,1942921.0,371.1007406,IT=10;10 ,ii
2259,UP 1,19.447,47292,25143878.0,8.8193916,1821078.8,391.2836873,IT=9.7;9.7 ,ii
2260,UP 1,20.333,47456,24765376.0,8.8233102,1973540.8,371.1007097,IT=10;10 ,ii
2261,UP 1,19.808,47236,25312878.0,8.827377,2002713.9,391.2836538,IT=9.9;9.9 ,ii
2262,UP 1,20.240,49264,25162546.0,8.8314519,1958675.2,391.2836181,IT=10;10 ,ii
2263,UP 1,19.591,47028,24656820.0,8.8355061,1860194.8,391.2837044,IT=9.8;9.8 ,ii
2264,UP 1,19.563,51832,26177678.0,8.839406,1902538.5,391.2836374,IT=9.8;9.8 ,ii
2265,UP 1,20.387,48524,25297192.0,8.8434977,1973009.1,391.2836148,IT=10;10 ,ii
2266,UP 1,20.113,48696,24958502.0,8.8475622,1940589.1,391.2835248,IT=10;10 ,ii
2267,UP 1,21.494,50848,24842580.0,8.851656,1917347.2,391.2835958,IT=11;11 ,ii
2268,UP 1,19.458,48444,25481560.0,8.8555308,1925475.2,371.100679,IT=9.7;9.7 ,ii
2269,UP 1,20.447,49372,25548502.0,8.8594517,2017534.4,391.2835853,IT=10;10 ,ii
2270,UP 1,19.090,49356,26681652.0,8.8634975,2066718.1,371.1006723,IT=9.5;9.5 ,ii
2271,UP 1,19.993,51856,25858676.0,8.8675767,2058174.5,391.2836289,IT=10;10 ,ii
2272,UP 1,20.260,50256,25510764.0,8.8714828,1998959.5,391.283708,IT=10;10 ,ii
2273,UP 1,19.303,46580,24567560.0,8.875537,1926782.6,371.1008084,IT=9.7;9.7 ,ii
2274,UP 1,19.664,49664,26055332.0,8.879612,2024034.0,391.2836179,IT=9.8;9.8 ,ii
2275,UP 1,19.675,45976,24373894.0,8.8836787,1877676.1,391.2837155,IT=9.8;9.8 ,ii
2276,UP 1,20.900,51980,25376340.0,8.8877682,1921930.4,391.2836107,IT=10;10 ,ii
2277,UP 1,21.196,50568,25205654.0,8.8916786,1979659.0,391.283661,IT=11;11 ,ii
2278,UP 1,19.720,45800,25195750.0,8.8957306,1954567.0,391.2836542,IT=9.9;9.9 ,ii
2279,UP 1,22.184,52024,24823970.0,8.8998452,1948741.1,391.2836214,IT=11;11 ,ii
2280,UP 1,20.348,50412,25950164.0,8.9038931,2032299.6,391.283648,IT=10;10 ,ii
2281,UP 1,20.077,49396,25117060.0,8.9077952,1961265.8,391.2835717,IT=10;10 ,ii
2282,UP 1,19.926,47288,25218478.0,8.9118555,2023009.5,391.2836173,IT=10;10 ,ii
2283,UP 1,20.207,50912,25805940.0,8.9159305,1890282.2,371.1007484,IT=10;10 ,ii
2284,UP 1,20.255,50964,25613982.0,8.9200013,2017112.4,391.2836277,IT=10;10 ,ii
2285,UP 1,20.675,50528,25582508.0,8.9240868,1950610.1,391.2836736,IT=10;10 ,ii
2286,UP 1,19.799,49140,25514060.0,8.928143,1905040.8,391.2836033,IT=9.9;9.9 ,ii
2287,UP 1,19.977,48204,25628794.0,8.9322137,1939494.8,391.2836021,IT=10;10 ,ii
2288,UP 1,20.170,48088,25354324.0,8.9362908,2063625.2,391.2836275,IT=10;10 ,ii
2289,UP 1,20.393,55708,27300624.0,8.9401929,1954745.6,391.2836702,IT=10;10 ,ii
2290,UP 1,19.077,46564,25535378.0,8.9442408,2051041.5,391.2835609,IT=9.5;9.5 ,ii
2291,UP 1,19.372,49448,25865984.0,8.9483094,1989447.4,391.2835227,IT=9.7;9.7 ,ii
2292,UP 1,21.295,48208,23624304.0,8.9524052,1844323.9,391.283695,IT=11;11 ,ii
2293,UP 1,21.453,54076,25354392.0,8.9563198,1946601.8,391.2836543,IT=11;11 ,ii
2294,UP 1,20.302,49096,25366954.0,8.9603782,2027573.6,391.283682,IT=10;10 ,ii
2295,UP 1,20.502,49876,25301966.0,8.9644489,1964033.5,391.2837276,IT=10;10 ,ii
2296,UP 1,20.021,47160,25207736.0,8.9685093,1919643.1,391.2837307,IT=10;10 ,ii
2297,UP 1,19.867,48116,25865778.0,8.9724156,1920737.4,391.2837019,IT=9.9;9.9 ,ii
2298,UP 1,20.894,50884,25267572.0,8.9765093,1931114.4,391.2837844,IT=10;10 ,ii
2299,UP 1,20.091,51288,25856730.0,8.9805655,1945227.9,391.2838105,IT=10;10 ,ii
2300,UP 1,20.786,49408,24897842.0,8.9846509,1864185.8,391.2837578,IT=10;10 ,ii
2301,UP 1,19.841,48816,25985510.0,8.9885363,1998654.0,391.2837766,IT=9.9;9.9 ,ii
2303,UP 1,18.897,45160,24907264.0,8.9926196,1954365.9,391.2837534,IT=9.4;9.4 ,ii
2304,UP 1,20.222,53172,26908608.0,8.9967091,2079112.9,391.2836151,IT=10;10 ,ii
2305,UP 1,20.092,48796,25427800.0,9.0007758,1942637.2,391.2837047,IT=10;10 ,ii
2306,UP 1,21.783,51800,25357930.0,9.0047111,1975420.1,391.2836563,IT=11;11 ,ii
2307,UP 1,18.769,49584,26165958.0,9.0087424,2092439.9,391.2836643,IT=9.4;9.4 ,ii
2308,UP 1,22.485,55016,25268670.0,9.0128798,1831151.9,391.2837268,IT=11;11 ,ii
2309,UP 1,18.858,48412,26296332.0,9.0169007,2065564.8,391.2835891,IT=9.4;9.4 ,ii
2310,UP 1,22.240,54432,25130854.0,9.0208548,1955576.8,391.2836548,IT=11;11 ,ii
2311,UP 1,22.303,49660,23510286.0,9.0249361,1733405.5,391.2837769,IT=11;11 ,ii
2312,UP 1,21.277,52344,26825794.0,9.0289964,1973667.2,391.2837182,IT=11;11 ,ii
2313,UP 1,20.873,47816,24238456.0,9.0330652,1872473.1,391.2837706,IT=10;10 ,ii
2314,UP 1,20.929,52684,26652504.0,9.0371401,2001713.1,391.2836754,IT=10;10 ,ii
2315,UP 1,18.864,46340,25711730.0,9.0410089,2042429.5,371.1008248,IT=9.4;9.4 ,ii
2316,UP 1,19.420,49312,25970482.0,9.0450817,2020451.9,391.2836876,IT=9.7;9.7 ,ii
2317,UP 1,21.961,51080,25203362.0,9.0491943,1978735.6,391.2837575,IT=11;11 ,ii
2319,UP 1,19.320,46844,25050214.0,9.0534671,1910650.4,391.2837367,IT=9.7;9.7 ,ii
2320,UP 1,20.045,48848,25667504.0,9.0573817,2010471.5,391.2837697,IT=10;10 ,ii
2321,UP 1,20.700,48456,25470708.0,9.0614649,1921288.2,391.2837824,IT=10;10 ,ii
2323,UP 1,19.626,48376,25535350.0,9.0655586,1910248.5,391.283719,IT=9.8;9.8 ,ii
2324,UP 1,20.263,47324,25483768.0,9.0696378,2058673.9,391.2837424,IT=10;10 ,ii
2325,UP 1,20.929,48748,25280840.0,9.0735482,1962308.6,391.283765,IT=10;10 ,ii
2326,UP 1,22.198,53212,26042018.0,9.0776441,1902739.2,391.283826,IT=11;11 ,ii
2327,UP 1,21.241,51128,25337638.0,9.0817064,1890361.1,391.2837026,IT=11;11 ,ii
2328,UP 1,21.288,51352,25704780.0,9.0857752,1932487.6,391.2837557,IT=11;11 ,ii
2329,UP 1,21.586,48840,24748390.0,9.0896877,1845685.2,371.1008948,IT=11;11 ,ii
2330,UP 1,20.370,47648,25300650.0,9.0937439,1958302.0,391.283797,IT=10;10 ,ii
2331,UP 1,21.352,49772,25401868.0,9.0978293,1899101.4,391.2837676,IT=11;11 ,ii
2332,UP 1,21.247,50200,25965108.0,9.1018939,2050089.5,391.283749,IT=11;11 ,ii
2333,UP 1,19.708,49552,25884242.0,9.1057709,1927442.8,391.2837653,IT=9.9;9.9 ,ii
2334,UP 1,20.696,51116,26109768.0,9.1098563,1893513.4,391.2837476,IT=10;10 ,ii
2335,UP 1,21.411,49116,25724504.0,9.1139354,1962661.1,391.283783,IT=11;11 ,ii
2336,UP 1,20.857,53908,26620674.0,9.1179979,1990299.9,391.2837235,IT=10;10 ,ii
2337,UP 1,21.907,51888,25046188.0,9.1219146,1955228.6,391.2838081,IT=11;11 ,ii
2338,UP 1,21.429,52240,25442954.0,9.1259854,1955321.8,391.2837356,IT=11;11 ,ii
2339,UP 1,21.319,51180,25918538.0,9.1300582,1986834.6,391.283739,IT=11;11 ,ii
2340,UP 1,22.471,55184,26164606.0,9.134152,2000281.5,391.2836847,IT=11;11 ,ii
2341,UP 1,21.018,50084,25052478.0,9.1380456,1992405.0,391.283798,IT=11;11 ,ii
2342,UP 1,21.776,52608,26197132.0,9.1421353,1939178.4,391.2838181,IT=11;11 ,ii
2343,UP 1,20.009,50248,26166232.0,9.146181,2002524.1,391.2837608,IT=10;10 ,ii
2344,UP 1,20.236,49740,25209618.0,9.1502477,1977437.4,391.2838637,IT=10;10 ,ii
2347,UP 1,18.522,48012,26500084.0,9.1559039,2018805.6,391.2838138,IT=9.3;9.3 ,ii
2348,UP 1,20.619,49844,25964230.0,9.1599997,2038659.9,391.2838752,IT=10;10 ,ii
2349,UP 1,19.946,49316,26133318.0,9.1638893,1943157.1,391.2838499,IT=10;10 ,ii
2350,UP 1,21.258,51600,26383870.0,9.1679809,2002974.9,391.2837775,IT=11;11 ,ii
2351,UP 1,20.770,49956,25495496.0,9.1720537,1902567.8,391.2838056,IT=10;10 ,ii
2352,UP 1,19.244,48776,25760436.0,9.1761079,1950829.0,391.2837421,IT=9.6;9.6 ,ii
2353,UP 1,18.994,49420,26410496.0,9.18001,2072674.1,391.283751,IT=9.5;9.5 ,ii
2354,UP 1,21.120,49152,25978602.0,9.1841079,1997718.8,391.2837474,IT=11;11 ,ii
2355,UP 1,21.759,52420,25751898.0,9.1881974,2007381.2,391.2837047,IT=11;11 ,ii
2356,UP 1,21.497,52884,25970062.0,9.1922766,1961407.1,391.283724,IT=11;11 ,ii
2357,UP 1,22.403,52816,26102022.0,9.1962079,1956641.2,391.2836986,IT=11;11 ,ii
2358,UP 1,20.340,47212,24685612.0,9.2002495,1940435.8,391.2837758,IT=10;10 ,ii
2359,UP 1,20.575,49012,25822966.0,9.2043285,1919949.5,391.2837476,IT=10;10 ,ii
2360,UP 1,22.075,52980,25754440.0,9.2084327,1836899.6,391.2838262,IT=11;11 ,ii
2361,UP 1,20.645,52112,25693388.0,9.2123307,1931974.0,391.283706,IT=10;10 ,ii
2362,UP 1,20.217,50984,25749088.0,9.216391,2006499.1,391.2838052,IT=10;10 ,ii
2363,UP 1,19.950,47176,24811606.0,9.2204659,1896269.0,391.2837561,IT=10;10 ,ii
2364,UP 1,20.378,51356,26029936.0,9.2245493,2043266.6,391.2838135,IT=10;10 ,ii
2366,UP 1,19.344,49060,26495782.0,9.2286263,1981343.0,391.2837114,IT=9.7;9.7 ,ii
2367,UP 1,20.001,51224,26439914.0,9.2327159,1995727.5,391.283729,IT=10;10 ,ii
2368,UP 1,20.191,53024,27439546.0,9.236795,2154429.5,391.283658,IT=10;10 ,ii
2369,UP 1,20.024,49740,25636604.0,9.2408763,1916511.2,391.2837641,IT=10;10 ,ii
2370,UP 1,21.338,50932,24699032.0,9.2448116,1862095.8,391.283715,IT=11;11 ,ii
2371,UP 1,22.290,50456,24887836.0,9.2489158,1870539.4,391.2836047,IT=11;11 ,ii
2372,UP 1,20.399,47548,25330046.0,9.2529595,1903567.0,371.1008149,IT=10;10 ,ii
2373,UP 1,21.134,50880,25493556.0,9.2570387,1905950.8,391.2837079,IT=11;11 ,ii
2374,UP 1,21.022,51724,26367402.0,9.2609428,2020985.0,391.2836696,IT=11;11 ,ii
2375,UP 1,21.500,50432,25262990.0,9.2648595,1890689.2,391.2836124,IT=11;11 ,ii
2376,UP 1,19.348,47940,26538446.0,9.268899,1991230.6,391.2836337,IT=9.7;9.7 ,ii
2377,UP 1,21.526,51312,25646518.0,9.2730052,1886530.5,391.2836736,IT=11;11 ,ii
2378,UP 1,21.755,49160,24830874.0,9.276928,1917436.9,391.2836338,IT=11;11 ,ii
2379,UP 1,21.288,50052,25098692.0,9.281001,1958304.4,391.2837719,IT=11;11 ,ii
2380,UP 1,20.344,50472,25575802.0,9.2850572,1986527.2,391.28365,IT=10;10 ,ii
2381,UP 1,21.418,52672,25870196.0,9.2891405,1872900.9,391.2837192,IT=11;11 ,ii
2382,UP 1,20.482,51312,26527300.0,9.293203,2065990.6,391.2836786,IT=10;10 ,ii
2384,UP 1,18.579,48124,26767734.0,9.2972947,2066237.5,391.2836237,IT=9.3;9.3 ,ii
2385,UP 1,20.392,53288,26928016.0,9.3013884,2002274.2,391.2836302,IT=10;10 ,ii
2386,UP 1,19.988,51320,26014350.0,9.3054549,1991051.9,391.2837351,IT=10;10 ,ii
2387,UP 1,20.234,50516,26242210.0,9.3095216,2018326.9,391.2835968,IT=10;10 ,ii
2388,UP 1,21.108,50832,26186416.0,9.3134363,1996724.4,391.2836457,IT=11;11 ,ii
2389,UP 1,21.881,49664,25209132.0,9.3175279,1957093.2,391.2836737,IT=11;11 ,ii
2390,UP 1,21.191,50804,26772556.0,9.3215882,1940936.8,391.2836649,IT=11;11 ,ii
2391,UP 1,21.089,53868,26052640.0,9.325659,1948543.4,391.283623,IT=11;11 ,ii
2392,UP 1,21.345,54376,27070462.0,9.3295715,2055322.1,391.2836351,IT=11;11 ,ii
2393,UP 1,20.673,50532,24723336.0,9.3336382,1845140.9,391.2837383,IT=10;10 ,ii
2394,UP 1,21.600,53124,26136496.0,9.3377256,1899069.6,391.2836773,IT=11;11 ,ii
2395,UP 1,19.371,52740,27045438.0,9.3417651,2009675.5,391.2836208,IT=9.7;9.7 ,ii
2396,UP 1,20.615,52316,26447418.0,9.3456902,1938069.6,391.2837518,IT=10;10 ,ii
2397,UP 1,21.683,48152,24618416.0,9.3497818,1837862.6,391.2837541,IT=11;11 ,ii
2398,UP 1,20.494,49464,26321414.0,9.3538401,2059336.4,391.283742,IT=10;10 ,ii
2399,UP 1,20.874,51100,25912704.0,9.357913,1938887.2,371.1007576,IT=10;10 ,ii
2400,UP 1,20.186,49224,25953440.0,9.3618047,2008705.1,391.2836555,IT=10;10 ,ii
2401,UP 1,20.880,50284,26224326.0,9.3658921,1938236.2,391.2836604,IT=10;10 ,ii
2402,UP 1,19.808,49852,25575110.0,9.3699483,1871863.1,371.1007659,IT=9.9;9.9 ,ii
2403,UP 1,20.590,53624,26486326.0,9.3740316,2002693.5,391.2836524,IT=10;10 ,ii
2404,UP 1,20.976,49516,24805832.0,9.377942000000001,1852703.8,391.2837596,IT=10;10 ,ii
2405,UP 1,21.139,49264,24647582.0,9.3820191,1874464.4,391.2837605,IT=11;11 ,ii
2406,UP 1,21.220,51264,25458930.0,9.3861003,1881673.5,391.2837822,IT=11;11 ,ii
2407,UP 1,21.798,50452,25370578.0,9.3901878,1890056.5,391.2837153,IT=11;11 ,ii
2408,UP 1,20.018,48812,25363310.0,9.394071,1939332.9,391.2836894,IT=10;10 ,ii
2409,UP 1,20.093,51212,26390028.0,9.3981398,1940132.0,371.100789,IT=10;10 ,ii
2410,UP 1,21.200,52572,26407552.0,9.4022293,1965028.9,371.1007332,IT=11;11 ,ii
2411,UP 1,20.371,49180,25825476.0,9.4062918,1991348.2,391.2836652,IT=10;10 ,ii
2412,UP 1,21.884,53092,26289332.0,9.4102167,1918378.2,391.2837213,IT=11;11 ,ii
2413,UP 1,20.090,48672,25563230.0,9.4142647,1938379.1,391.283672,IT=10;10 ,ii
2414,UP 1,20.689,50336,25895420.0,9.4183417,1879387.8,391.2836431,IT=10;10 ,ii
2415,UP 1,21.607,51688,25564106.0,9.4224271,1853006.6,391.2836486,IT=11;11 ,ii
2416,UP 1,22.131,54516,26465904.0,9.4265125,1964170.5,391.2837076,IT=11;11 ,ii
2417,UP 1,19.911,49980,26545768.0,9.4303896,2053397.8,391.283616,IT=10;10 ,ii
2418,UP 1,22.156,50784,25709222.0,9.4344979,1897138.4,391.2836898,IT=11;11 ,ii
2419,UP 1,20.814,48428,25855406.0,9.4385541,1898264.5,371.1006677,IT=10;10 ,ii
2420,UP 1,19.952,49860,26654412.0,9.4426082,2048285.9,391.2836557,IT=10;10 ,ii
2421,UP 1,21.211,56620,27916578.0,9.4465353,2035398.6,391.2835803,IT=11;11 ,ii
2422,UP 1,19.878,49216,26195930.0,9.4505853,1982787.8,391.2836011,IT=9.9;9.9 ,ii
2423,UP 1,20.666,51812,26554458.0,9.4546686,1973613.6,391.2835979,IT=10;10 ,ii
2424,UP 1,21.810,54044,25994458.0,9.4587581,1919460.6,391.2837045,IT=11;11 ,ii
2425,UP 1,19.955,48848,25967924.0,9.4626415,2075932.0,391.2836087,IT=10;10 ,ii
2426,UP 1,21.724,49236,24879028.0,9.4667497,1904701.4,391.283644,IT=11;11 ,ii
2427,UP 1,20.594,50408,27031620.0,9.4708101,2001010.0,391.2836188,IT=10;10 ,ii
2428,UP 1,21.645,52616,26086306.0,9.4748934,1980614.9,391.2836138,IT=11;11 ,ii
2429,UP 1,20.335,51680,26752522.0,9.478781,2006372.9,391.2836248,IT=10;10 ,ii
2430,UP 1,19.838,50164,27100218.0,9.4828476,2054735.9,391.2836155,IT=9.9;9.9 ,ii
2431,UP 1,20.952,50148,25865702.0,9.4869391,1923571.2,391.2836634,IT=10;10 ,ii
2432,UP 1,20.370,53892,27640050.0,9.4910037,2062672.0,391.2836445,IT=10;10 ,ii
2433,UP 1,21.210,53476,26817810.0,9.4949184,2120120.5,391.283725,IT=11;11 ,ii
2436,UP 1,18.271,47316,26527672.0,9.5005683,1945203.5,391.2836021,IT=9.1;9.1 ,ii
2437,UP 1,20.839,52064,26971956.0,9.5046703,2096063.8,391.283638,IT=10;10 ,ii
2438,UP 1,20.278,49272,25691862.0,9.5087495,1899911.0,391.2836519,IT=10;10 ,ii
2439,UP 1,22.415,50844,24806376.0,9.5128682,1925898.2,391.2838048,IT=11;11 ,ii
2440,UP 1,20.971,49692,26615848.0,9.5167681,1970647.9,391.2836508,IT=10;10 ,ii
2441,UP 1,20.864,51904,26571404.0,9.5208411,1993963.4,391.283726,IT=10;10 ,ii
2442,UP 1,20.278,52692,26399504.0,9.5249077,1894994.9,391.2837676,IT=10;10 ,ii
2443,UP 1,21.414,49260,25707578.0,9.5290056,1970885.6,391.2837491,IT=11;11 ,ii
2444,UP 1,21.157,54168,26979738.0,9.5329242,1994104.6,391.2837473,IT=11;11 ,ii
2445,UP 1,20.966,50972,25383344.0,9.5369952,1846509.1,391.283808,IT=10;10 ,ii
2446,UP 1,20.860,54060,27314162.0,9.5410722,2058123.8,391.2836326,IT=10;10 ,ii
2447,UP 1,21.197,51620,26188102.0,9.5451576,1929679.8,391.2837142,IT=11;11 ,ii
2448,UP 1,20.975,53088,26877460.0,9.5492346,1958983.8,391.2837586,IT=10;10 ,ii
2449,UP 1,19.431,51092,27826230.0,9.5531221,2030412.6,371.1008878,IT=9.7;9.7 ,ii
2450,UP 1,20.333,50088,26009476.0,9.5572262,1979239.1,391.2836941,IT=10;10 ,ii
2451,UP 1,21.571,52472,25885048.0,9.5613179,1906443.0,391.2837257,IT=11;11 ,ii
2452,UP 1,20.110,48832,26981372.0,9.5653762,1987145.0,371.1007928,IT=10;10 ,ii
2453,UP 1,21.214,51472,26337118.0,9.5693033,1860451.9,391.2837376,IT=11;11 ,ii
2454,UP 1,21.144,51256,26079984.0,9.5733907,1950468.8,391.2836766,IT=11;11 ,ii
2455,UP 1,21.992,53776,26097920.0,9.5774885,1873768.8,371.1007516,IT=11;11 ,ii
2456,UP 1,19.250,48480,26850998.0,9.581524,2160724.0,391.2835626,IT=9.6;9.6 ,ii
2457,UP 1,20.382,51940,26538870.0,9.5854469,1960105.8,391.283583,IT=10;10 ,ii
2458,UP 1,21.457,50180,25253112.0,9.5895489,1972890.9,391.2835489,IT=11;11 ,ii
2459,UP 1,21.722,52552,26526118.0,9.5936259,2004925.4,391.2835624,IT=11;11 ,ii
2460,UP 1,20.735,52944,26922584.0,9.5976822,2081112.4,391.2835913,IT=10;10 ,ii
2461,UP 1,20.044,51152,27094524.0,9.601576,2018212.1,391.2836711,IT=10;10 ,ii
2462,UP 1,20.313,49964,25807856.0,9.605653,1933627.8,391.2836195,IT=10;10 ,ii
2463,UP 1,20.605,52104,26196770.0,9.6097238,1909608.1,391.2835569,IT=10;10 ,ii
2464,UP 1,20.938,50516,25864594.0,9.6137946,1994734.4,391.2835444,IT=10;10 ,ii
2465,UP 1,20.266,50508,27087172.0,9.6176863,1988631.8,391.2836569,IT=10;10 ,ii
2467,UP 1,19.725,48164,25366610.0,9.6217779,1891088.9,391.2836224,IT=9.9;9.9 ,ii
2468,UP 1,21.426,51604,25873210.0,9.6258716,2025718.0,391.283644,IT=11;11 ,ii
2469,UP 1,20.694,52184,26128266.0,9.629932,1911226.4,391.2836726,IT=10;10 ,ii
2470,UP 1,20.811,49408,26263210.0,9.6340048,1980664.1,391.2836389,IT=10;10 ,ii
2471,UP 1,20.194,51284,26728162.0,9.6380611,1940515.1,391.2835499,IT=10;10 ,ii
2472,UP 1,21.312,50064,25900548.0,9.6421423,2019754.5,391.283598,IT=11;11 ,ii
2473,UP 1,21.500,52164,26645760.0,9.6462194,2028450.4,391.2836569,IT=11;11 ,ii
2474,UP 1,21.252,52968,26991004.0,9.6501255,2037024.1,391.2836388,IT=11;11 ,ii
2475,UP 1,21.367,51868,26010224.0,9.6542006,2002847.1,391.2836094,IT=11;11 ,ii
2477,UP 1,20.706,50364,25755392.0,9.6583297,1985111.8,391.2835974,IT=10;10 ,ii
2478,UP 1,19.597,49864,26265460.0,9.6623839,1939740.1,391.2835634,IT=9.8;9.8 ,ii
2479,UP 1,19.977,50568,26414870.0,9.6662942,2091519.8,391.2836292,IT=10;10 ,ii
2480,UP 1,20.638,50016,26041950.0,9.670213,1933475.5,391.283629,IT=10;10 ,ii
2481,UP 1,20.687,52892,26842792.0,9.6742858,1914946.1,391.2836931,IT=10;10 ,ii
2482,UP 1,20.158,52880,28321662.0,9.6783463,2193420.2,391.2835923,IT=10;10 ,ii
2483,UP 1,21.824,49500,24713352.0,9.6822857,1821134.6,391.2836982,IT=11;11 ,ii
2484,UP 1,21.180,52024,26008240.0,9.6863566,2055288.9,391.2836091,IT=11;11 ,ii
2485,UP 1,21.049,51444,25969478.0,9.6904295,2011640.5,391.283676,IT=11;11 ,ii
2486,UP 1,21.073,50820,25570086.0,9.6945004,1951930.8,391.2837339,IT=11;11 ,ii
2487,UP 1,19.722,52568,27869302.0,9.6985565,2059529.1,391.2835599,IT=9.9;9.9 ,ii
2488,UP 1,20.679,50648,26267832.0,9.7024628,1935225.5,391.2836685,IT=10;10 ,ii
2489,UP 1,20.912,52780,26133712.0,9.7065419,1915984.1,391.2836491,IT=10;10 ,ii
2490,UP 1,21.100,49924,25407292.0,9.710619,2037401.5,391.2836397,IT=11;11 ,ii
2491,UP 1,21.529,51648,25664558.0,9.7146981,1876299.5,391.2836835,IT=11;11 ,ii
2492,UP 1,20.835,52688,26889032.0,9.7187648,2037333.1,391.2835741,IT=10;10 ,ii
2493,UP 1,19.993,52588,27293600.0,9.7228231,2035039.9,391.2836826,IT=10;10 ,ii
2494,UP 1,21.448,51168,25751226.0,9.7269146,1987512.6,391.2836887,IT=11;11 ,ii
2495,UP 1,20.702,50392,25640962.0,9.7309771,1981759.8,391.2837391,IT=10;10 ,ii
2496,UP 1,21.145,49868,25070480.0,9.7348918,1868884.6,391.2834829,IT=11;11 ,ii
2497,UP 1,19.938,51792,27212614.0,9.7389417,2037602.4,391.2836017,IT=10;10 ,ii
2498,UP 1,20.813,48388,25614850.0,9.743027,1963906.2,391.2835873,IT=10;10 ,ii
2499,UP 1,22.329,53964,26005696.0,9.747125,1813358.0,391.2836839,IT=11;11 ,ii
2500,UP 1,21.452,53364,26869498.0,9.7510271,1972085.0,391.2836508,IT=11;11 ,ii
2501,UP 1,21.745,51456,25883114.0,9.7551103,2002269.5,391.2836593,IT=11;11 ,ii
2502,UP 1,21.263,53156,26435618.0,9.7591769,1879462.0,391.2835615,IT=11;11 ,ii
2503,UP 1,20.722,47564,26024808.0,9.7632436,2068235.9,391.2836089,IT=10;10 ,ii
2504,UP 1,20.559,53056,26636038.0,9.7673082,1964742.0,371.1007008,IT=10;10 ,ii
2505,UP 1,20.680,49788,25683068.0,9.7713811,1849190.1,391.2836367,IT=10;10 ,ii
2506,UP 1,20.505,56416,28223138.0,9.775456,1994036.6,391.2835005,IT=10;10 ,ii
2507,UP 1,20.780,51036,26195088.0,9.779531,2014036.0,391.2836015,IT=10;10 ,ii
2508,UP 1,21.630,51860,25450442.0,9.7834601,1926602.1,391.283702,IT=11;11 ,ii
2510,UP 1,18.935,47364,26689728.0,9.7875456,2102223.0,391.2836675,IT=9.5;9.5 ,ii
2511,UP 1,20.705,51840,26560330.0,9.7916371,1953203.8,371.1007457,IT=10;10 ,ii
2512,UP 1,21.162,50556,25882410.0,9.7957164,2042597.8,391.2836915,IT=11;11 ,ii
2514,UP 1,19.162,50904,27010810.0,9.7999892,1989858.8,371.1007029,IT=9.6;9.6 ,ii
2515,UP 1,20.420,52004,26221502.0,9.8039226,2056661.0,391.2835558,IT=10;10 ,ii
2516,UP 1,20.446,48192,25628036.0,9.8079829,1988790.4,391.2835703,IT=10;10 ,ii
2517,UP 1,20.557,49984,26042052.0,9.8120537,2011834.5,391.2835904,IT=10;10 ,ii
2518,UP 1,20.012,50676,26899226.0,9.8161141,1970003.0,391.2836355,IT=10;10 ,ii
2519,UP 1,22.043,53048,26317560.0,9.8200579,1918869.8,371.1007558,IT=11;11 ,ii
2520,UP 1,21.057,53184,26839794.0,9.8241265,1946271.8,391.2836522,IT=11;11 ,ii
2521,UP 1,20.357,52524,27477832.0,9.8281973,2037636.0,371.1006887,IT=10;10 ,ii
2522,UP 1,21.378,52476,26240106.0,9.8322806,1969268.8,391.2836894,IT=11;11 ,ii
2523,UP 1,20.078,47080,26169002.0,9.836166,2029306.5,391.2835957,IT=10;10 ,ii
2524,UP 1,21.173,51040,25787024.0,9.8402619,1890330.4,371.1007611,IT=11;11 ,ii
2525,UP 1,20.040,53600,27167190.0,9.844316,2119399.8,391.2835959,IT=10;10 ,ii
2526,UP 1,21.482,53612,26194696.0,9.8484055,1972575.2,391.2836674,IT=11;11 ,ii
2527,UP 1,19.960,53264,27445396.0,9.8522889,2069128.2,391.2836365,IT=10;10 ,ii
2528,UP 1,20.696,50380,25924744.0,9.8563763,2008420.9,391.2836889,IT=10;10 ,ii
2529,UP 1,20.601,48564,25572154.0,9.8604471,2057653.9,391.2837082,IT=10;10 ,ii
2530,UP 1,20.354,51304,26630400.0,9.8645138,2024463.4,391.2836892,IT=10;10 ,ii
2531,UP 1,21.113,50476,26078828.0,9.8684263,1977472.5,391.2837116,IT=11;11 ,ii
2532,UP 1,21.380,53084,26963640.0,9.8725054,1961238.9,391.2837013,IT=11;11 ,ii
2533,UP 1,20.312,51584,26453360.0,9.8765615,1948217.2,391.2837435,IT=10;10 ,ii
2534,UP 1,21.341,52284,26722896.0,9.880647,2063459.9,391.283728,IT=11;11 ,ii
2535,UP 1,20.593,53264,26484240.0,9.8847094,1915389.8,391.2836827,IT=10;10 ,ii
2536,UP 1,20.942,52240,26665282.0,9.8887928,2044904.4,391.2837194,IT=10;10 ,ii
2537,UP 1,20.926,54088,26661578.0,9.8928698,1922810.2,391.2836481,IT=10;10 ,ii
2538,UP 1,19.758,50984,27096132.0,9.8969219,2168242.0,391.2837128,IT=9.9;9.9 ,ii
2539,UP 1,21.434,53940,26829720.0,9.9008551,1956877.4,371.1007756,IT=11;11 ,ii
2540,UP 1,19.956,49784,26554656.0,9.9049094,1949817.5,391.2836705,IT=10;10 ,ii
2541,UP 1,20.556,51500,26512152.0,9.9089884,2018206.5,391.2836723,IT=10;10 ,ii
2542,UP 1,21.404,52336,25352496.0,9.9130759,1969833.6,391.2837401,IT=11;11 ,ii
2543,UP 1,21.021,51440,26000688.0,9.9169863,1947040.8,391.2836937,IT=11;11 ,ii
2544,UP 1,20.939,54036,26864870.0,9.9210593,2033202.0,391.283611,IT=10;10 ,ii
2545,UP 1,20.122,51816,27017044.0,9.9251196,1947241.4,391.2836394,IT=10;10 ,ii
2546,UP 1,20.017,44704,24616518.0,9.9291883,1894063.0,391.2836702,IT=10;10 ,ii
2547,UP 1,20.820,49616,25807584.0,9.9332799,1977634.8,391.2835685,IT=10;10 ,ii
2548,UP 1,20.342,53732,27057398.0,9.9371696,2055262.9,391.2837374,IT=10;10 ,ii
2549,UP 1,19.006,51292,27066052.0,9.9412174,2093856.0,391.2836665,IT=9.5;9.5 ,ii
2550,UP 1,21.634,52484,25534542.0,9.9453237,1926410.6,391.2836207,IT=11;11 ,ii
2551,UP 1,20.766,53200,27042926.0,9.9493819,1945640.9,391.2836232,IT=10;10 ,ii
2552,UP 1,20.000,49748,26513748.0,9.9532861,2001634.0,391.2836473,IT=10;10 ,ii
2553,UP 1,20.728,48956,25699274.0,9.9573611,1841859.2,391.2836084,IT=10;10 ,ii
2554,UP 1,20.573,51608,27666542.0,9.9614297,2090056.1,391.2836277,IT=10;10 ,ii
2555,UP 1,20.447,52336,26612182.0,9.9654964,1939434.6,391.2836375,IT=10;10 ,ii
2556,UP 1,20.105,50856,26182676.0,9.9693923,1975331.6,391.2837389,IT=10;10 ,ii
2557,UP 1,20.425,49880,27095754.0,9.9734735,2049978.8,391.2837236,IT=10;10 ,ii
2558,UP 1,20.575,50164,25599506.0,9.9775589,1901524.9,391.2836964,IT=10;10 ,ii
2559,UP 1,20.510,49876,26849004.0,9.9816192,2049257.8,391.2837281,IT=10;10 ,ii
2560,UP 1,20.224,54956,28227308.0,9.9855172,2041106.2,391.2837431,IT=10;10 ,ii
2562,UP 1,19.159,49016,26753398.0,9.9896213,2016362.5,391.2836812,IT=9.6;9.6 ,ii
2563,UP 1,19.702,51260,28231638.0,9.9936983,2161440.0,391.2836056,IT=9.9;9.9 ,ii
2564,UP 1,19.768,53476,27532652.0,9.9977712,1931152.0,391.2836199,IT=9.9;9.9 ,ii
2565,UP 1,20.665,55032,27528968.0,10.001692,1987603.2,391.2836533,IT=10;10 ,ii
2567,UP 1,18.468,49624,27409952.0,10.005767,2009889.8,391.2836233,IT=9.2;9.2 ,ii
2568,UP 1,20.330,53420,27262452.0,10.009865,2057539.4,391.2837007,IT=10;10 ,ii
2570,UP 1,18.674,49648,27113796.0,10.014111,2014257.6,391.2836764,IT=9.3;9.3 ,ii
2571,UP 1,19.747,51164,27241882.0,10.018025,2140019.0,391.2836353,IT=9.9;9.9 ,ii
2572,UP 1,19.676,53076,27936208.0,10.022096,2092661.4,391.2836654,IT=9.8;9.8 ,ii
2573,UP 1,20.967,54608,27179820.0,10.026183,1936744.6,391.2836708,IT=10;10 ,ii
2574,UP 1,20.674,56676,28500806.0,10.030256,2134386.2,391.2835994,IT=10;10 ,ii
2575,UP 1,19.641,52472,27188426.0,10.034148,2138707.8,391.2836507,IT=9.8;9.8 ,ii
2576,UP 1,19.761,51804,27712858.0,10.038219,2044010.5,371.1008712,IT=9.9;9.9 ,ii
2578,UP 1,18.489,49268,27173932.0,10.042292,2019054.1,391.2835441,IT=9.2;9.2 ,ii
2579,UP 1,20.116,49772,26812470.0,10.046388,2006655.4,391.2836529,IT=10;10 ,ii
2580,UP 1,21.688,49624,25335722.0,10.050481,1966829.8,391.2836766,IT=11;11 ,ii
2581,UP 1,21.933,54384,26230950.0,10.054398,1884445.5,391.2836556,IT=11;11 ,ii
2582,UP 1,20.328,49092,26765662.0,10.058448,2156544.2,391.2836697,IT=10;10 ,ii
2583,UP 1,18.411,48468,27282828.0,10.062485,2041152.2,391.2835893,IT=9.2;9.2 ,ii
2584,UP 1,21.101,49812,26232734.0,10.066587,1962303.8,391.2835675,IT=11;11 ,ii
2585,UP 1,19.719,51372,27799670.0,10.070473,2037698.6,391.2835373,IT=9.9;9.9 ,ii
2586,UP 1,20.094,54948,27343422.0,10.07455,1969819.8,391.2836304,IT=10;10 ,ii
2587,UP 1,19.651,50404,27165616.0,10.078614,2071886.8,391.2836283,IT=9.8;9.8 ,ii
2588,UP 1,20.180,52052,27828548.0,10.082687,2112466.0,391.2836533,IT=10;10 ,ii
2589,UP 1,19.659,52292,27374666.0,10.086579,2035889.6,391.2836819,IT=9.8;9.8 ,ii
2590,UP 1,19.855,50272,27289134.0,10.090652,1995527.2,371.1007257,IT=9.9;9.9 ,ii
2591,UP 1,19.952,50708,27191150.0,10.094725,2050042.4,391.2836288,IT=10;10 ,ii
2592,UP 1,20.874,48548,25927822.0,10.098816,1885662.1,391.2836675,IT=10;10 ,ii
2593,UP 1,21.002,52148,26451658.0,10.102723,1994037.9,391.2836884,IT=11;11 ,ii
2594,UP 1,20.886,56024,28117266.0,10.106798,2000781.1,371.1007334,IT=10;10 ,ii
2595,UP 1,20.708,49136,26040802.0,10.110864,2036170.5,391.283663,IT=10;10 ,ii
2596,UP 1,19.789,54380,27365720.0,10.114918,2021115.9,391.2836914,IT=9.9;9.9 ,ii
2597,UP 1,21.063,50812,26631368.0,10.118845,2069701.9,391.2836965,IT=11;11 ,ii
2598,UP 1,20.025,53520,27392254.0,10.122904,2024142.9,391.2836894,IT=10;10 ,ii
2599,UP 1,20.950,55368,27581808.0,10.126991,2035250.9,391.2837036,IT=10;10 ,ii
2600,UP 1,19.845,51332,26972620.0,10.131047,1993045.8,391.2836497,IT=9.9;9.9 ,ii
2601,UP 1,20.999,51460,26517882.0,10.135137,1968804.2,391.2837855,IT=10;10 ,ii
2602,UP 1,21.488,55520,26909606.0,10.139218,1975139.2,391.2837387,IT=11;11 ,ii
2603,UP 1,20.847,54572,26653446.0,10.143285,1997819.2,391.2837265,IT=10;10 ,ii
2604,UP 1,19.167,48988,26929648.0,10.147324,2107278.8,391.2836662,IT=9.6;9.6 ,ii
2605,UP 1,21.042,53432,26115114.0,10.151251,2014956.5,391.2837231,IT=11;11 ,ii
2606,UP 1,21.437,51352,26428076.0,10.155335,1957706.6,391.2837264,IT=11;11 ,ii
2607,UP 1,19.652,52452,27414546.0,10.159378,2141895.5,391.2837368,IT=9.8;9.8 ,ii
2608,UP 1,20.821,52112,26858226.0,10.163474,2034972.4,391.2837449,IT=10;10 ,ii
2610,UP 1,18.334,51392,28130080.0,10.167545,2027443.5,391.2836796,IT=9.2;9.2 ,ii
2611,UP 1,21.044,50636,26769348.0,10.171662,2055913.1,391.2837462,IT=11;11 ,ii
2612,UP 1,20.038,51788,27227810.0,10.175718,2005087.6,391.2837251,IT=10;10 ,ii
2613,UP 1,21.326,54724,26887204.0,10.179805,1964766.0,391.2837005,IT=11;11 ,ii
2614,UP 1,20.908,54848,27187620.0,10.18371,1941915.4,391.2836294,IT=10;10 ,ii
2615,UP 1,18.690,48068,27176258.0,10.187578,2061048.9,391.2837547,IT=9.3;9.3 ,ii
2616,UP 1,21.309,51464,26653180.0,10.191684,1960220.9,391.2836996,IT=11;11 ,ii
2617,UP 1,19.584,49380,26917906.0,10.195728,1946108.6,391.2836992,IT=9.8;9.8 ,ii
2618,UP 1,19.113,51584,27137814.0,10.199639,2075007.1,391.2836021,IT=9.6;9.6 ,ii
2619,UP 1,19.738,50728,26792998.0,10.203718,1992355.5,391.283767,IT=9.9;9.9 ,ii
2621,UP 1,19.385,50928,27200020.0,10.207807,2028561.5,391.283653,IT=9.7;9.7 ,ii
2622,UP 1,19.803,48016,26588796.0,10.21188,1973553.1,391.2835595,IT=9.9;9.9 ,ii
2623,UP 1,20.042,50624,26602892.0,10.215959,1995366.0,391.2836403,IT=10;10 ,ii
2624,UP 1,20.332,50036,26403260.0,10.219859,1990167.2,391.2837801,IT=10;10 ,ii
2626,UP 1,18.409,46188,26154296.0,10.223938,1977909.0,391.2836487,IT=9.2;9.2 ,ii
2627,UP 1,21.164,53300,26879552.0,10.228038,1983288.8,391.2836675,IT=11;11 ,ii
2628,UP 1,20.080,51212,26613652.0,10.23209,1901075.9,391.2836895,IT=10;10 ,ii
2629,UP 1,20.312,50892,26540930.0,10.236001,2066222.1,391.2836987,IT=10;10 ,ii
2630,UP 1,21.116,49040,25576426.0,10.240088,1856807.0,391.2835249,IT=11;11 ,ii
2631,UP 1,20.790,50752,26732226.0,10.244161,2058271.6,391.2836427,IT=10;10 ,ii
2632,UP 1,19.545,51040,27524552.0,10.248211,2007498.5,391.2836508,IT=9.8;9.8 ,ii
2633,UP 1,20.336,50928,26986720.0,10.25213,2099773.0,391.2836692,IT=10;10 ,ii
2634,UP 1,20.177,52704,27088992.0,10.256197,2013877.4,391.2836655,IT=10;10 ,ii
2635,UP 1,20.959,53404,26499090.0,10.260282,1980716.0,391.2836911,IT=10;10 ,ii
2636,UP 1,19.945,51516,27278192.0,10.264336,1945751.0,391.2835632,IT=10;10 ,ii
2637,UP 1,20.875,51660,26067518.0,10.268255,1948923.9,391.2837116,IT=10;10 ,ii
2638,UP 1,20.519,51788,26841044.0,10.272321,1965952.4,391.2837005,IT=10;10 ,ii
2639,UP 1,19.127,50760,27652946.0,10.276369,2105573.8,391.2836539,IT=9.6;9.6 ,ii
2640,UP 1,19.915,52064,27012696.0,10.280446,1924072.6,391.2836723,IT=10;10 ,ii
2641,UP 1,19.152,49196,26556516.0,10.284342,2057572.1,391.2837272,IT=9.6;9.6 ,ii
2642,UP 1,21.040,50444,25922610.0,10.288438,1956912.0,391.2836575,IT=11;11 ,ii
2643,UP 1,20.905,49944,26524416.0,10.292509,2047202.9,391.2836784,IT=10;10 ,ii
2644,UP 1,19.675,49296,27152108.0,10.296563,1954503.9,391.2837346,IT=9.8;9.8 ,ii
2645,UP 1,20.902,51928,26526272.0,10.300657,2032298.8,391.2837727,IT=10;10 ,ii
2648,UP 1,18.169,49584,26538462.0,10.306577,2030436.1,391.2836945,IT=9.1;9.1 ,ii
2649,UP 1,19.941,52068,27290070.0,10.310521,2087722.6,391.2837462,IT=10;10 ,ii
2650,UP 1,20.237,50620,26993844.0,10.314607,1989245.1,391.2838028,IT=10;10 ,ii
2651,UP 1,21.593,55180,26218046.0,10.318696,1909479.6,391.2836601,IT=11;11 ,ii
2652,UP 1,19.975,50468,26696518.0,10.322748,2073267.6,391.283696,IT=10;10 ,ii
2654,UP 1,18.505,47124,26175814.0,10.326815,2007267.2,391.2836537,IT=9.3;9.3 ,ii
2655,UP 1,19.691,52580,28102614.0,10.330917,2078725.2,391.2836326,IT=9.8;9.8 ,ii
2656,UP 1,20.843,52824,26874484.0,10.335002,2040846.1,391.2835855,IT=10;10 ,ii
2657,UP 1,20.118,52636,26886212.0,10.339069,1940550.0,391.2835977,IT=10;10 ,ii
2658,UP 1,20.179,50968,27143230.0,10.343148,2081685.0,391.2835851,IT=10;10 ,ii
2659,UP 1,19.435,50772,27818970.0,10.347217,2024441.2,391.2836048,IT=9.7;9.7 ,ii
2660,UP 1,20.145,54232,27909700.0,10.351306,2032853.1,391.2836258,IT=10;10 ,ii
2661,UP 1,18.367,49828,28098032.0,10.355352,2113913.5,391.2835703,IT=9.2;9.2 ,ii
2662,UP 1,20.649,52032,26470944.0,10.359294,1976467.8,391.2836984,IT=10;10 ,ii
2663,UP 1,20.845,52552,26677502.0,10.363375,1959985.0,391.2837292,IT=10;10 ,ii
2664,UP 1,20.546,51208,27002926.0,10.367448,1978617.5,391.2836587,IT=10;10 ,ii
2665,UP 1,20.881,54944,26988966.0,10.371537,1936797.2,391.2836364,IT=10;10 ,ii
2666,UP 1,21.149,51684,26070398.0,10.37545,1933391.8,391.2837755,IT=11;11 ,ii
2667,UP 1,20.418,49168,25575980.0,10.379531,1894744.0,391.2837137,IT=10;10 ,ii
2668,UP 1,20.416,50688,27482282.0,10.383612,2017045.1,391.2837073,IT=10;10 ,ii
2669,UP 1,20.706,53924,27044974.0,10.387696,1886053.6,391.2836547,IT=10;10 ,ii
2670,UP 1,19.330,51956,28033818.0,10.391583,1997437.0,391.2837071,IT=9.7;9.7 ,ii
2671,UP 1,19.467,50704,27448726.0,10.395669,2038098.0,391.2836845,IT=9.7;9.7 ,ii
2672,UP 1,19.615,53912,27829262.0,10.39975,1989171.8,371.1007542,IT=9.8;9.8 ,ii
2673,UP 1,19.498,51916,28483156.0,10.403823,2049013.5,371.1007595,IT=9.7;9.7 ,ii
2674,UP 1,18.891,50036,28129960.0,10.407877,2082016.4,391.2836375,IT=9.4;9.4 ,ii
2675,UP 1,19.357,52380,27289052.0,10.411779,1958929.9,391.2836667,IT=9.7;9.7 ,ii
2676,UP 1,19.717,53236,28148228.0,10.41585,2100910.2,391.283591,IT=9.9;9.9 ,ii
2677,UP 1,19.193,50556,27811196.0,10.419912,2070780.8,391.2835347,IT=9.6;9.6 ,ii
2678,UP 1,21.961,55024,26752934.0,10.424023,1962683.4,391.2835871,IT=11;11 ,ii
2679,UP 1,20.478,50752,26618928.0,10.427912,2016750.4,391.2836279,IT=10;10 ,ii
2680,UP 1,20.337,53260,26719856.0,10.431987,2008035.6,391.2835984,IT=10;10 ,ii
2681,UP 1,20.213,49100,26217438.0,10.436047,1972131.0,391.2836231,IT=10;10 ,ii
2682,UP 1,21.141,54896,27736954.0,10.440139,2042977.0,391.2836887,IT=11;11 ,ii
2683,UP 1,20.160,54452,27645038.0,10.444029,1898041.0,391.2836095,IT=10;10 ,ii
2684,UP 1,21.100,49324,25686702.0,10.44812,1950456.2,391.2836679,IT=11;11 ,ii
2685,UP 1,19.880,54328,27615640.0,10.452176,1941570.6,391.2836382,IT=9.9;9.9 ,ii
2686,UP 1,18.777,49140,28093010.0,10.456222,2209318.0,391.2836052,IT=9.4;9.4 ,ii
2687,UP 1,20.135,54880,27997900.0,10.460141,1992267.6,391.2836649,IT=10;10 ,ii
2688,UP 1,21.252,54764,26541746.0,10.464237,1887156.2,391.2836535,IT=11;11 ,ii
2689,UP 1,20.229,50392,27466740.0,10.468291,2091323.6,391.283556,IT=10;10 ,ii
2690,UP 1,19.526,51872,27824688.0,10.472347,2031821.4,371.1007529,IT=9.8;9.8 ,ii
2691,UP 1,21.799,54528,26479522.0,10.476287,1826297.6,391.2836832,IT=11;11 ,ii
2692,UP 1,18.875,50136,27559236.0,10.480318,2025512.2,391.2836587,IT=9.4;9.4 ,ii
2693,UP 1,20.678,53100,27272366.0,10.48441,1966331.2,391.2836827,IT=10;10 ,ii
2694,UP 1,20.842,54624,27687592.0,10.488483,1927991.0,391.2838118,IT=10;10 ,ii
2696,UP 1,17.399,47152,28147342.0,10.49256,2058306.9,371.1007101,IT=8.7;8.7 ,ii
2697,UP 1,20.570,53028,27040388.0,10.496674,1902159.6,371.1007856,IT=10;10 ,ii
2698,UP 1,20.550,51492,26313858.0,10.500745,1916743.4,391.2836304,IT=10;10 ,ii
2699,UP 1,19.426,53180,28268426.0,10.504799,2019901.9,391.2836101,IT=9.7;9.7 ,ii
2700,UP 1,18.928,48980,28162764.0,10.508859,2057031.9,391.2836643,IT=9.5;9.5 ,ii
2702,UP 1,17.904,49992,26930638.0,10.512926,2014219.2,391.2837132,IT=9;9 ,ii
2703,UP 1,20.228,54056,27578078.0,10.517034,2101291.0,391.2836142,IT=10;10 ,ii
2704,UP 1,19.987,50808,26690400.0,10.521099,2025789.2,391.2836476,IT=10;10 ,ii
2705,UP 1,20.468,53600,26365618.0,10.525024,1931412.1,391.2836509,IT=10;10 ,ii
2706,UP 1,20.814,51460,26319416.0,10.529105,1974901.4,391.2835881,IT=10;10 ,ii
2707,UP 1,19.286,51708,27014516.0,10.533153,1986398.0,391.2835518,IT=9.6;9.6 ,ii
2708,UP 1,20.754,50216,25554300.0,10.537243,2020918.8,391.2836745,IT=10;10 ,ii
2709,UP 1,20.526,53296,26977958.0,10.541309,2014023.4,391.2836765,IT=10;10 ,ii
2710,UP 1,19.146,53184,28552534.0,10.545188,2184608.8,391.2836926,IT=9.6;9.6 ,ii
2711,UP 1,18.791,51544,28183178.0,10.549247,2077291.2,391.2836178,IT=9.4;9.4 ,ii
2712,UP 1,20.345,52108,27799296.0,10.553345,2044030.9,391.2837145,IT=10;10 ,ii
2713,UP 1,18.800,50380,27821320.0,10.557382,2063070.1,391.2837515,IT=9.4;9.4 ,ii
2714,UP 1,20.208,55312,28213470.0,10.561297,1991991.2,391.2837324,IT=10;10 ,ii
2715,UP 1,20.860,52932,27136646.0,10.565384,1988134.5,391.2837745,IT=10;10 ,ii
2716,UP 1,20.260,55044,27853094.0,10.569444,1988496.2,391.2836529,IT=10;10 ,ii
2717,UP 1,18.811,53208,28866716.0,10.573492,2089970.4,391.2836123,IT=9.4;9.4 ,ii
2718,UP 1,19.123,52700,27876734.0,10.577392,2016664.9,391.2835805,IT=9.6;9.6 ,ii
2719,UP 1,19.964,52988,26946814.0,10.581469,1889268.1,391.2836838,IT=10;10 ,ii
2721,UP 1,18.822,49572,27289954.0,10.585565,1951889.1,391.2836279,IT=9.4;9.4 ,ii
2722,UP 1,19.649,51388,27732976.0,10.58964,2061405.8,391.2836368,IT=9.8;9.8 ,ii
2723,UP 1,19.539,53716,27336444.0,10.593542,2002062.8,391.2836862,IT=9.8;9.8 ,ii
2724,UP 1,20.583,50352,26011950.0,10.597634,1916670.1,391.2836924,IT=10;10 ,ii
2725,UP 1,19.348,50256,27615820.0,10.601678,2003932.2,391.2836932,IT=9.7;9.7 ,ii
2726,UP 1,19.181,50640,28015610.0,10.605736,2061152.4,391.2836907,IT=9.6;9.6 ,ii
2727,UP 1,18.831,51424,27976390.0,10.609625,2074939.6,391.2836667,IT=9.4;9.4 ,ii
2728,UP 1,20.430,52800,27448482.0,10.613715,1928239.6,371.100756,IT=10;10 ,ii
2729,UP 1,20.058,53644,27987740.0,10.617777,1978543.0,391.2836157,IT=10;10 ,ii
2730,UP 1,20.303,52500,27206072.0,10.621844,1940035.4,371.1005664,IT=10;10 ,ii
2731,UP 1,19.884,50864,26694742.0,10.625734,1985936.1,391.2836593,IT=9.9;9.9 ,ii
2732,UP 1,19.108,52936,28776904.0,10.629792,2005887.5,391.2836316,IT=9.6;9.6 ,ii
2733,UP 1,19.759,50108,27113224.0,10.633867,2098710.2,391.2836701,IT=9.9;9.9 ,ii
2734,UP 1,20.260,50116,26757762.0,10.637942,1886616.4,391.2836621,IT=10;10 ,ii
2735,UP 1,20.451,53336,26996972.0,10.641842,1981752.0,391.283629,IT=10;10 ,ii
2736,UP 1,18.276,49508,28790110.0,10.645871,2078517.9,391.2836423,IT=9.1;9.1 ,ii
2737,UP 1,19.978,53408,28213432.0,10.649956,1969005.9,391.2836471,IT=10;10 ,ii
2738,UP 1,19.462,49036,26938574.0,10.654013,2063960.5,391.2838189,IT=9.7;9.7 ,ii
2740,UP 1,18.189,48144,26867028.0,10.6581,1879960.6,391.2836894,IT=9.1;9.1 ,ii
2741,UP 1,20.066,52036,27460854.0,10.662194,2037006.4,391.2837287,IT=10;10 ,ii
2742,UP 1,18.699,51864,28658938.0,10.666233,2022905.4,391.2836348,IT=9.3;9.3 ,ii
2743,UP 1,18.638,53188,29384218.0,10.670292,2160009.5,391.2836104,IT=9.3;9.3 ,ii
2744,UP 1,19.316,49912,28013892.0,10.674367,2076877.0,391.2836906,IT=9.7;9.7 ,ii
2745,UP 1,19.666,51148,27784538.0,10.678435,2080960.1,391.2836663,IT=9.8;9.8 ,ii
2746,UP 1,19.131,52560,28243322.0,10.682489,2032104.2,391.2836831,IT=9.6;9.6 ,ii
2747,UP 1,19.780,50532,27503474.0,10.686562,2030575.9,391.2836978,IT=9.9;9.9 ,ii
2748,UP 1,19.780,49568,27108772.0,10.690631,1930790.9,391.2837025,IT=9.9;9.9 ,ii
2749,UP 1,18.456,53216,28823878.0,10.69451,2055094.1,391.2836462,IT=9.2;9.2 ,ii
2750,UP 1,20.053,52664,27334788.0,10.698596,1857607.2,391.283779,IT=10;10 ,ii
2751,UP 1,20.340,53732,27122210.0,10.702666,1960755.4,391.2836834,IT=10;10 ,ii
2752,UP 1,19.040,51776,28788814.0,10.706708,2071340.2,391.2836747,IT=9.5;9.5 ,ii
2753,UP 1,19.804,53556,27760236.0,10.710614,1988819.8,391.2836807,IT=9.9;9.9 ,ii
2754,UP 1,18.770,52004,28362376.0,10.714675,2072184.2,391.2835966,IT=9.4;9.4 ,ii
2755,UP 1,19.377,51968,27271360.0,10.718735,1905076.0,391.2836908,IT=9.7;9.7 ,ii
2756,UP 1,19.596,51392,28006910.0,10.7228,2075401.2,391.2836826,IT=9.8;9.8 ,ii
2757,UP 1,19.347,50824,26799748.0,10.726706,1832624.9,391.2836596,IT=9.7;9.7 ,ii
2758,UP 1,18.988,52564,27767486.0,10.73076,2120954.2,391.2837258,IT=9.5;9.5 ,ii
2759,UP 1,19.870,53084,27622546.0,10.734833,1926437.9,391.2836732,IT=9.9;9.9 ,ii
2760,UP 1,19.700,52308,28011228.0,10.738895,1928695.1,391.2837557,IT=9.9;9.9 ,ii
2762,UP 1,18.018,48652,27543870.0,10.742966,2036222.9,391.2836374,IT=9;9 ,ii
2763,UP 1,20.128,52812,27377106.0,10.747064,1981386.0,391.2836354,IT=10;10 ,ii
2764,UP 1,18.654,50972,28218718.0,10.751106,2004518.1,391.2836537,IT=9.3;9.3 ,ii
2765,UP 1,19.405,52536,27888180.0,10.755183,1994091.0,391.2836319,IT=9.7;9.7 ,ii
2766,UP 1,19.738,51860,27290264.0,10.759341,1883675.1,391.2837537,IT=9.9;9.9 ,ii
2767,UP 1,19.893,52956,27597744.0,10.763408,2042742.4,391.2837241,IT=9.9;9.9 ,ii
2768,UP 1,18.309,52288,29295436.0,10.767451,2065195.1,391.2836499,IT=9.2;9.2 ,ii
2769,UP 1,18.440,51480,28207470.0,10.771516,1990395.6,391.2837038,IT=9.2;9.2 ,ii
2771,UP 1,17.325,49880,28250786.0,10.775576,2055732.9,391.2836842,IT=8.7;8.7 ,ii
2772,UP 1,18.738,53544,29087622.0,10.779653,2006764.2,391.2836743,IT=9.4;9.4 ,ii
2773,UP 1,19.233,50536,28199084.0,10.783722,1926769.5,391.2836442,IT=9.6;9.6 ,ii
2774,UP 1,19.264,54028,28433516.0,10.787785,2045890.0,391.2836027,IT=9.6;9.6 ,ii
2775,UP 1,19.097,52580,28497798.0,10.791683,2028180.0,391.2836097,IT=9.5;9.5 ,ii
2776,UP 1,19.693,52068,27792470.0,10.795753,1956759.6,391.2836941,IT=9.8;9.8 ,ii
2777,UP 1,17.664,49188,28054746.0,10.799789,2045303.0,391.2836328,IT=8.8;8.8 ,ii
2778,UP 1,18.881,51824,28530194.0,10.803864,1936484.5,391.2837763,IT=9.4;9.4 ,ii
2780,UP 1,16.679,51408,29297164.0,10.808089,2124541.5,391.2835479,IT=8.3;8.3 ,ii
2781,UP 1,17.669,49396,28634852.0,10.811995,2106613.8,391.2836129,IT=8.8;8.8 ,ii
2782,UP 1,17.430,49180,28366250.0,10.816041,2000773.4,371.1006964,IT=8.7;8.7 ,ii
2783,UP 1,17.921,50168,28061354.0,10.820103,1958385.5,391.2836895,IT=9;9 ,ii
2784,UP 1,17.929,50972,29423062.0,10.824159,2028336.4,391.2836911,IT=9;9 ,ii
2785,UP 1,17.837,49084,28630816.0,10.828043,1996024.9,391.2836825,IT=8.9;8.9 ,ii
2788,UP 1,17.413,52628,30056312.0,10.833974,2172480.5,391.2836319,IT=8.7;8.7 ,ii
2789,UP 1,18.308,53036,29313906.0,10.838061,2210056.0,391.2836997,IT=9.2;9.2 ,ii
2791,UP 1,17.305,49164,28431148.0,10.843847,2004408.4,391.283691,IT=8.7;8.7 ,ii
2792,UP 1,17.899,52240,29447338.0,10.847913,2184407.0,391.2836286,IT=8.9;8.9 ,ii
2793,UP 1,19.110,51816,27750040.0,10.851984,2016442.2,391.2836464,IT=9.6;9.6 ,ii
2794,UP 1,19.056,52984,28930500.0,10.856043,2085958.9,391.283768,IT=9.5;9.5 ,ii
2795,UP 1,18.559,50960,28810930.0,10.85993,2032059.9,391.2837347,IT=9.3;9.3 ,ii
2796,UP 1,18.730,49016,27957264.0,10.863995,2011535.0,391.2837468,IT=9.4;9.4 ,ii
2797,UP 1,18.768,52136,28779238.0,10.868053,2017369.1,391.2836589,IT=9.4;9.4 ,ii
2798,UP 1,19.412,51348,28148106.0,10.872122,2086842.1,391.2836927,IT=9.7;9.7 ,ii
2799,UP 1,18.634,50344,27904536.0,10.876009,1966888.4,371.100753,IT=9.3;9.3 ,ii
2800,UP 1,19.389,52780,28097860.0,10.88008,1952362.1,391.2836638,IT=9.7;9.7 ,ii
2801,UP 1,19.390,52564,28359598.0,10.884142,2005276.4,391.2836659,IT=9.7;9.7 ,ii
2802,UP 1,18.315,50108,28620190.0,10.888192,2032434.0,391.2836268,IT=9.2;9.2 ,ii
2803,UP 1,19.772,52320,27984906.0,10.892103,1960397.5,371.1008245,IT=9.9;9.9 ,ii
2804,UP 1,18.687,54252,28440168.0,10.896153,1968698.8,391.2836407,IT=9.3;9.3 ,ii
2805,UP 1,18.171,51440,29164576.0,10.900207,2137694.0,391.2836211,IT=9.1;9.1 ,ii
2806,UP 1,18.786,50124,27562930.0,10.904267,2032454.6,391.2836437,IT=9.4;9.4 ,ii
2807,UP 1,18.626,50288,28103782.0,10.908155,2017537.1,391.2837142,IT=9.3;9.3 ,ii
2808,UP 1,18.549,54288,28703996.0,10.912211,2056817.4,391.2837875,IT=9.3;9.3 ,ii
2809,UP 1,19.905,51980,27477836.0,10.91629,1968297.5,391.2837857,IT=10;10 ,ii
2810,UP 1,18.623,49956,27575992.0,10.920334,1920151.0,391.2837198,IT=9.3;9.3 ,ii
2811,UP 1,18.746,52000,29378060.0,10.924394,1937610.4,391.2837008,IT=9.4;9.4 ,ii
2812,UP 1,19.036,52360,28569652.0,10.928455,1984678.5,391.2836701,IT=9.5;9.5 ,ii
2813,UP 1,18.385,51724,28638908.0,10.932507,1950591.9,391.2837837,IT=9.2;9.2 ,ii
2815,UP 1,17.228,51948,29294056.0,10.936744,2082805.9,391.2836902,IT=8.6;8.6 ,ii
2816,UP 1,18.552,49644,28748668.0,10.940659,1992228.1,391.2837514,IT=9.3;9.3 ,ii
2817,UP 1,18.472,53216,28432356.0,10.944715,1940455.4,391.2837719,IT=9.2;9.2 ,ii
2818,UP 1,18.289,51272,28913544.0,10.948767,1981559.0,391.2837567,IT=9.1;9.1 ,ii
2819,UP 1,18.380,49208,28529606.0,10.952821,2004102.8,391.2838419,IT=9.2;9.2 ,ii
2820,UP 1,18.887,55296,29873082.0,10.956719,1946919.5,391.2837546,IT=9.4;9.4 ,ii
2821,UP 1,19.400,52516,28834610.0,10.96079,1904363.5,391.2837884,IT=9.7;9.7 ,ii
2822,UP 1,18.689,51072,29126594.0,10.96484,1995493.6,391.2837342,IT=9.3;9.3 ,ii
2823,UP 1,18.311,52864,28707212.0,10.96889,2015810.9,391.2837606,IT=9.2;9.2 ,ii
2824,UP 1,18.561,54908,29361840.0,10.972779,1957554.4,391.2837175,IT=9.3;9.3 ,ii
2825,UP 1,18.378,51208,28137620.0,10.976838,1935481.4,391.2836554,IT=9.2;9.2 ,ii
2826,UP 1,18.281,52828,28789176.0,10.980892,2041136.6,391.2835938,IT=9.1;9.1 ,ii
2827,UP 1,18.409,51584,29190876.0,10.984946,1961934.4,391.2836644,IT=9.2;9.2 ,ii
2829,UP 1,16.984,51960,29782110.0,10.989012,2072256.4,391.2836489,IT=8.5;8.5 ,ii
2830,UP 1,19.510,52936,27907238.0,10.993106,1974707.1,391.2837815,IT=9.8;9.8 ,ii
2832,UP 1,16.913,47012,28970980.0,10.997171,1933881.0,391.2836418,IT=8.5;8.5 ,ii
2833,UP 1,18.151,52260,28908810.0,11.001248,1902669.6,391.2836668,IT=9.1;9.1 ,ii
2834,UP 1,18.622,49828,28533534.0,11.005312,1949691.5,391.2836376,IT=9.3;9.3 ,ii
2835,UP 1,18.782,53648,29090918.0,11.00921,1954694.4,391.2836177,IT=9.4;9.4 ,ii
2836,UP 1,18.005,51604,29302742.0,11.01326,2016088.2,391.2836715,IT=9;9 ,ii
2838,UP 1,16.725,50904,29548364.0,11.017321,1975358.1,391.2836031,IT=8.4;8.4 ,ii
2839,UP 1,17.964,48336,28461786.0,11.021394,2034908.4,391.2837599,IT=9;9 ,ii
2841,UP 1,16.792,48284,29209898.0,11.025456,1934576.8,391.2837306,IT=8.4;8.4 ,ii
2842,UP 1,17.737,48928,28587106.0,11.029533,1971343.9,391.2838317,IT=8.9;8.9 ,ii
2844,UP 1,16.654,49932,29886512.0,11.033575,2061169.8,391.2836872,IT=8.3;8.3 ,ii
2845,UP 1,18.013,48636,29013526.0,11.037648,2049225.0,391.2837727,IT=9;9 ,ii
2848,UP 1,16.416,47060,29008294.0,11.043537,1856178.8,391.2837126,IT=8.2;8.2 ,ii
2849,UP 1,17.602,50400,29673050.0,11.047441,1958514.8,391.2836502,IT=8.8;8.8 ,ii
2850,UP 1,17.461,48812,29292936.0,11.051502,1931101.2,371.1007582,IT=8.7;8.7 ,ii
2851,UP 1,17.391,49244,29572078.0,11.055562,1976228.4,391.2836515,IT=8.7;8.7 ,ii
2852,UP 1,16.928,48568,30828166.0,11.059616,2101508.2,391.2835293,IT=8.5;8.5 ,ii
2853,UP 1,16.955,50652,30443822.0,11.063508,2002504.4,391.283612,IT=8.5;8.5 ,ii
2854,UP 1,16.551,48720,29764594.0,11.067562,1928709.5,391.2836739,IT=8.3;8.3 ,ii
2855,UP 1,16.558,49736,30809494.0,11.071616,1969389.4,391.2835089,IT=8.3;8.3 ,ii
2856,UP 1,16.552,50404,30776176.0,11.075683,1989936.5,391.283631,IT=8.3;8.3 ,ii
2857,UP 1,16.965,49416,29699576.0,11.079576,1906981.0,391.2836079,IT=8.5;8.5 ,ii
2858,UP 1,15.948,47988,30932296.0,11.083608,1994469.1,391.2835928,IT=8;8 ,ii
2860,UP 1,14.712,47276,32420216.0,11.087603,2196187.8,391.283505,IT=7.4;7.4 ,ii
2861,UP 1,16.265,49160,30999212.0,11.091679,1986001.4,391.2835733,IT=8.1;8.1 ,ii
2862,UP 1,15.002,47664,32608156.0,11.095537,1986417.4,391.2835674,IT=7.5;7.5 ,ii
2863,UP 1,6.728,48956,114402190.0,11.099431,6308633.0,472.2811912,IT=3.4;3.4 ,ii
2874,UP 1,1.554,77696,919739520.0,11.12068,26738864.0,380.6941137,IT=0.78;0.78 ,ii
2885,UP 1,0.512,42364,741421120.0,11.133511,47088700.0,380.6944221,IT=0.26;0.26 ,ii
2896,UP 1,0.482,39128,820600700.0,11.144776,41842628.0,353.1916712,IT=0.24;0.24 ,ii
2905,UP 1,0.471,35656,809723460.0,11.15703,86357408.0,352.189376,IT=0.24;0.24 ,ii
2916,UP 1,0.465,32268,893339010.0,11.170003,161446240.0,352.1892795,IT=0.23;0.23 ,ii
2925,UP 1,0.467,32232,1020493700.0,11.18312,226362990.0,352.1892693,IT=0.23;0.23 ,ii
2931,UP 1,0.585,34196,921501700.0,11.191959,186527420.0,352.1892644,IT=0.29;0.29 ,ii
2937,UP 1,0.733,30388,565971260.0,11.200526,98315200.0,352.1893338,IT=0.37;0.37 ,ii
2940,UP 1,0.823,32576,504262530.0,11.207159,76764832.0,352.1894043,IT=0.41;0.41 ,ii
2946,UP 1,1.007,34588,407733340.0,11.217167,52092940.0,352.1893844,IT=0.5;0.5 ,ii
2952,UP 1,1.361,37108,316894980.0,11.22584,32190234.0,352.1894409,IT=0.68;0.68 ,ii
2958,UP 1,1.781,37220,242304740.0,11.236409,22154012.0,352.189265,IT=0.89;0.89 ,ii
2965,UP 1,2.456,40104,184076800.0,11.251244,12794505.0,352.1893726,IT=1.2;1.2 ,ii
2969,UP 1,2.674,38440,149715490.0,11.258096,8986295.0,352.1894258,IT=1.3;1.3 ,ii
2972,UP 1,3.505,43732,134974980.0,11.265661,6992402.0,352.1895552,IT=1.8;1.8 ,ii
2974,UP 1,4.218,47156,128450730.0,11.271421,5849514.0,352.1896233,IT=2.1;2.1 ,ii
2978,UP 1,5.247,48168,105039900.0,11.2808,3838877.5,352.1896708,IT=2.6;2.6 ,ii
2982,UP 1,6.184,47960,92370328.0,11.290208,3199233.5,352.1897405,IT=3.1;3.1 ,ii
2984,UP 1,6.317,49036,85799000.0,11.295985,2657525.0,352.1898644,IT=3.2;3.2 ,ii
2986,UP 1,6.812,48020,77031136.0,11.301781,2231015.2,352.1899723,IT=3.4;3.4 ,ii
2988,UP 1,7.312,50248,75528552.0,11.307567,2059317.6,352.1899765,IT=3.7;3.7 ,ii
2991,UP 1,7.856,49556,72224192.0,11.313371,2021256.0,391.2834388,IT=3.9;3.9 ,ii
2992,UP 1,8.620,53496,69758168.0,11.317302,2102730.5,391.2835314,IT=4.3;4.3 ,ii
2993,UP 1,8.585,49880,67046472.0,11.321192,2118432.0,391.2835912,IT=4.3;4.3 ,ii
2994,UP 1,8.933,51212,66289020.0,11.324923,2091510.9,391.2834737,IT=4.5;4.5 ,ii
2995,UP 1,9.183,54172,66104464.0,11.328656,2013798.8,391.2834928,IT=4.6;4.6 ,ii
2996,UP 1,8.432,47996,63550476.0,11.332548,2057913.9,391.2836139,IT=4.2;4.2 ,ii
2997,UP 1,9.982,53800,61117272.0,11.33646,2098831.5,391.283526,IT=5;5 ,ii
2999,UP 1,9.617,52968,62264796.0,11.342241,1899484.9,391.2835606,IT=4.8;4.8 ,ii
3000,UP 1,9.546,51532,59555732.0,11.346033,2113754.8,391.2835344,IT=4.8;4.8 ,ii
3001,UP 1,9.836,52640,58058656.0,11.349954,2221323.2,391.2835688,IT=4.9;4.9 ,ii
3003,UP 1,10.311,53796,58330760.0,11.355748,1987470.0,391.283567,IT=5.2;5.2 ,ii
3004,UP 1,10.983,54816,57205548.0,11.359739,2087302.1,391.2835877,IT=5.5;5.5 ,ii
3005,UP 1,9.981,51444,56577128.0,11.363672,1983421.4,391.2835429,IT=5;5 ,ii
3006,UP 1,10.695,52688,55949744.0,11.367447,2160776.8,391.2835739,IT=5.3;5.3 ,ii
3007,UP 1,11.123,54008,55015352.0,11.371395,2007144.8,391.2836015,IT=5.6;5.6 ,ii
3008,UP 1,10.240,47832,53105332.0,11.375333,2183295.2,391.2835725,IT=5.1;5.1 ,ii
3009,UP 1,11.130,54824,54678032.0,11.379277,2108925.2,391.2835937,IT=5.6;5.6 ,ii
3011,UP 1,11.158,52644,53153716.0,11.385085,2081835.6,391.283535,IT=5.6;5.6 ,ii
3012,UP 1,12.086,54820,53556416.0,11.388929,2034039.1,391.2836292,IT=6;6 ,ii
3014,UP 1,11.132,50424,51369120.0,11.394743,1861707.0,391.2836816,IT=5.6;5.6 ,ii
3015,UP 1,11.368,52700,51246892.0,11.398576,1986611.0,391.2837199,IT=5.7;5.7 ,ii
3016,UP 1,11.676,54612,52793320.0,11.402533,2034739.9,391.2836373,IT=5.8;5.8 ,ii
3018,UP 1,11.188,53672,52346152.0,11.408358,2054696.1,391.2836314,IT=5.6;5.6 ,ii
3019,UP 1,11.047,53424,52409720.0,11.412351,2035811.4,391.2836447,IT=5.5;5.5 ,ii
3020,UP 1,12.236,55164,51358184.0,11.416316,2055887.0,391.2836593,IT=6.1;6.1 ,ii
3021,UP 1,12.075,52468,50057504.0,11.420118,2022547.9,391.2836094,IT=6;6 ,ii
3022,UP 1,12.253,52304,49558984.0,11.424095,2018618.6,391.2837449,IT=6.1;6.1 ,ii
3023,UP 1,12.106,53352,50609796.0,11.428064,2099791.0,391.2836884,IT=6.1;6.1 ,ii
3026,UP 1,12.294,54496,51106936.0,11.435705,1893569.4,391.2836087,IT=6.1;6.1 ,ii
3027,UP 1,11.896,53616,49836988.0,11.439714,2049946.1,391.2836811,IT=5.9;5.9 ,ii
3029,UP 1,11.841,50408,47869844.0,11.445534,2029021.6,391.2835837,IT=5.9;5.9 ,ii
3032,UP 1,12.094,50348,49298620.0,11.453216,2153705.0,391.2836388,IT=6;6 ,ii
3035,UP 1,12.274,52484,48232388.0,11.460901,1991127.8,391.2835751,IT=6.1;6.1 ,ii
3038,UP 1,11.725,52732,49114248.0,11.468576,1989350.4,391.2835962,IT=5.9;5.9 ,ii
3039,UP 1,12.202,52280,49139180.0,11.472588,2043005.6,391.2836374,IT=6.1;6.1 ,ii
3041,UP 1,12.386,55076,48623568.0,11.478415,2089513.8,391.2835977,IT=6.2;6.2 ,ii
3043,UP 1,12.281,51948,47675236.0,11.484303,2165793.2,391.283626,IT=6.1;6.1 ,ii
3044,UP 1,12.976,54648,48160912.0,11.488334,1943119.6,391.2835945,IT=6.5;6.5 ,ii
3047,UP 1,12.851,50952,47903776.0,11.495984,1922207.1,371.1007192,IT=6.4;6.4 ,ii
3049,UP 1,12.549,55560,48636824.0,11.500003,2027262.5,391.2834848,IT=6.3;6.3 ,ii
3050,UP 1,12.774,52536,47147924.0,11.504028,2002605.9,391.2835714,IT=6.4;6.4 ,ii
3051,UP 1,12.162,53552,49039460.0,11.508003,2016496.6,371.1006729,IT=6.1;6.1 ,ii
3054,UP 1,12.772,53948,48099964.0,11.515655,1977068.5,391.2836791,IT=6.4;6.4 ,ii
3055,UP 1,13.508,55756,48673156.0,11.519692,1941158.0,391.2836622,IT=6.8;6.8 ,ii
3058,UP 1,12.622,51964,46671364.0,11.527313,2028682.2,391.2837454,IT=6.3;6.3 ,ii
3060,UP 1,12.664,53460,47362912.0,11.533209,2114336.2,391.2835819,IT=6.3;6.3 ,ii
3061,UP 1,12.439,52840,47097684.0,11.537065,2108867.8,391.2836383,IT=6.2;6.2 ,ii
3062,UP 1,13.364,54316,46507264.0,11.541032,2015812.8,391.2835848,IT=6.7;6.7 ,ii
3064,UP 1,12.852,54020,47486176.0,11.546844,1974100.9,391.2836162,IT=6.4;6.4 ,ii
3065,UP 1,14.038,55884,46657800.0,11.550892,1977521.6,391.283587,IT=7;7 ,ii
3066,UP 1,13.124,55028,48131352.0,11.554867,1939494.0,391.2835257,IT=6.6;6.6 ,ii
3067,UP 1,13.180,52500,45262848.0,11.558694,1920848.5,391.2836149,IT=6.6;6.6 ,ii
3068,UP 1,12.857,54324,48578320.0,11.56268,2060996.9,391.283633,IT=6.4;6.4 ,ii
3069,UP 1,12.867,52024,46235000.0,11.566646,1970968.4,391.2836742,IT=6.4;6.4 ,ii
3070,UP 1,13.298,51736,45630540.0,11.570642,2028287.1,391.2836641,IT=6.6;6.6 ,ii
3072,UP 1,12.640,51136,45694376.0,11.576488,2041138.1,371.1007794,IT=6.3;6.3 ,ii
3073,UP 1,14.075,57160,46070964.0,11.580367,1923014.0,391.283659,IT=7;7 ,ii
3074,UP 1,13.241,51432,46559400.0,11.584352,2026179.2,391.2837295,IT=6.6;6.6 ,ii
3076,UP 1,12.969,52348,45357132.0,11.59019,1941104.2,391.2836335,IT=6.5;6.5 ,ii
3078,UP 1,12.870,54612,46683900.0,11.596079,2005055.5,391.2836214,IT=6.4;6.4 ,ii
3079,UP 1,12.893,54872,47300752.0,11.60011,1957357.9,391.283548,IT=6.4;6.4 ,ii
3080,UP 1,13.062,52792,46974508.0,11.604081,2028437.5,391.2836467,IT=6.5;6.5 ,ii
3081,UP 1,13.195,53620,46954152.0,11.608081,1847827.1,391.2836777,IT=6.6;6.6 ,ii
3083,UP 1,12.533,50788,47134940.0,11.612077,2090085.6,391.2836681,IT=6.3;6.3 ,ii
3084,UP 1,13.228,53364,46983684.0,11.616112,2095828.5,391.2837327,IT=6.6;6.6 ,ii
3087,UP 1,12.613,52172,46375036.0,11.623777,1957913.8,371.1006929,IT=6.3;6.3 ,ii
3089,UP 1,12.225,51152,47601864.0,11.629654,2025679.9,391.283625,IT=6.1;6.1 ,ii
3090,UP 1,12.941,54132,46082644.0,11.633683,1998303.8,391.2836612,IT=6.5;6.5 ,ii
3092,UP 1,12.548,51748,47024080.0,11.639512,2239100.8,391.2835424,IT=6.3;6.3 ,ii
3093,UP 1,12.923,52108,46389780.0,11.643539,1951246.9,391.2836235,IT=6.5;6.5 ,ii
3094,UP 1,12.671,50952,45571032.0,11.647527,2034308.5,391.2836312,IT=6.3;6.3 ,ii
3095,UP 1,14.210,54776,45812852.0,11.651531,1896615.8,391.2838065,IT=7.1;7.1 ,ii
3098,UP 1,12.760,51008,46062796.0,11.657406,2083184.4,391.2836759,IT=6.4;6.4 ,ii
3099,UP 1,13.126,51068,45390136.0,11.661439,2131495.8,391.2838115,IT=6.6;6.6 ,ii
3101,UP 1,13.426,52008,45375628.0,11.665425,2033640.6,391.2837052,IT=6.7;6.7 ,ii
3102,UP 1,12.723,53124,46768932.0,11.669441,1976015.8,391.2836134,IT=6.4;6.4 ,ii
3103,UP 1,11.744,47544,45741376.0,11.673408,2097252.5,391.2837005,IT=5.9;5.9 ,ii
3104,UP 1,13.712,53700,45069800.0,11.677402,2093327.8,391.283718,IT=6.9;6.9 ,ii
3105,UP 1,13.842,52624,46378884.0,11.681235,2134094.8,391.2836917,IT=6.9;6.9 ,ii
3106,UP 1,13.491,50532,45566252.0,11.685235,2100693.8,391.2836892,IT=6.7;6.7 ,ii
3108,UP 1,13.245,52000,46561904.0,11.691077,2026426.6,371.1006986,IT=6.6;6.6 ,ii
3109,UP 1,13.022,51988,46463908.0,11.695104,2076468.5,391.2837274,IT=6.5;6.5 ,ii
3111,UP 1,12.489,48712,46371120.0,11.699239,2039200.8,391.2836118,IT=6.2;6.2 ,ii
3113,UP 1,13.432,49772,45417732.0,11.705124,2134489.5,391.2835999,IT=6.7;6.7 ,ii
3114,UP 1,13.933,53788,45850512.0,11.708993,2058335.2,391.2836961,IT=7;7 ,ii
3116,UP 1,12.553,53628,47342732.0,11.714847,2116935.0,391.2836204,IT=6.3;6.3 ,ii
3117,UP 1,12.968,52352,46588500.0,11.718708,2056199.4,371.1007015,IT=6.5;6.5 ,ii
3119,UP 1,12.988,51436,47550520.0,11.724545,2245323.8,391.2835767,IT=6.5;6.5 ,ii
3120,UP 1,12.390,49568,45092564.0,11.728562,1951876.9,371.1005688,IT=6.2;6.2 ,ii
3121,UP 1,12.343,49580,45525616.0,11.73253,1990615.2,391.2835076,IT=6.2;6.2 ,ii
3122,UP 1,12.932,52292,47067328.0,11.736512,2118144.0,391.2835802,IT=6.5;6.5 ,ii
3123,UP 1,13.231,52456,46227592.0,11.740339,2025857.6,391.2835857,IT=6.6;6.6 ,ii
3124,UP 1,12.132,49736,47429980.0,11.744316,1906954.2,371.1006907,IT=6.1;6.1 ,ii
3125,UP 1,13.027,50820,48164296.0,11.748297,2143478.8,391.2836462,IT=6.5;6.5 ,ii
3127,UP 1,13.084,51864,47342548.0,11.754134,1980302.1,391.2836258,IT=6.5;6.5 ,ii
3129,UP 1,12.793,49924,45990440.0,11.760084,1960308.0,371.1007446,IT=6.4;6.4 ,ii
3130,UP 1,12.829,48412,46272520.0,11.764114,2146410.0,391.2835957,IT=6.4;6.4 ,ii
3132,UP 1,13.401,49772,47005856.0,11.769955,2015727.8,391.2836475,IT=6.7;6.7 ,ii
3133,UP 1,13.550,51040,47048240.0,11.773991,1999697.4,391.2837326,IT=6.8;6.8 ,ii
3135,UP 1,12.671,49828,46530624.0,11.777964,2056346.8,391.2835194,IT=6.3;6.3 ,ii
3137,UP 1,12.820,50932,48564856.0,11.78384,2084004.0,391.2837006,IT=6.4;6.4 ,ii
3138,UP 1,12.869,50584,47413944.0,11.787701,2066150.1,391.2836992,IT=6.4;6.4 ,ii
3139,UP 1,12.581,50600,48087636.0,11.791684,2177647.5,391.2836603,IT=6.3;6.3 ,ii
3141,UP 1,12.546,49148,47571332.0,11.797534,2095069.6,391.283601,IT=6.3;6.3 ,ii
3142,UP 1,12.511,50188,49380660.0,11.801549,2212042.5,391.2836372,IT=6.3;6.3 ,ii
3143,UP 1,12.506,51216,49858468.0,11.805532,2181523.5,391.2836296,IT=6.3;6.3 ,ii
3145,UP 1,12.646,49120,47817364.0,11.811365,2108836.2,391.2835411,IT=6.3;6.3 ,ii
3147,UP 1,11.755,49364,49492700.0,11.817244,2291322.8,391.2835285,IT=5.9;5.9 ,ii
3148,UP 1,12.073,48636,49285424.0,11.821249,2111387.0,391.283524,IT=6;6 ,ii
3149,UP 1,12.212,50108,48636036.0,11.825047,1942627.5,391.2835453,IT=6.1;6.1 ,ii
3150,UP 1,11.523,48008,50359372.0,11.829009,2165441.0,391.2836044,IT=5.8;5.8 ,ii
3151,UP 1,12.711,48508,49295108.0,11.832978,1972479.0,391.2836275,IT=6.4;6.4 ,ii
3152,UP 1,11.326,48160,51079124.0,11.836767,2132855.5,391.2835762,IT=5.7;5.7 ,ii
3153,UP 1,12.233,49584,49651584.0,11.840726,2121455.2,371.1007445,IT=6.1;6.1 ,ii
3155,UP 1,12.367,49232,50563280.0,11.846553,2030778.8,371.1006516,IT=6.2;6.2 ,ii
3157,UP 1,12.533,52072,52420152.0,11.852423,2125413.0,391.2836248,IT=6.3;6.3 ,ii
3158,UP 1,12.480,50324,50370920.0,11.85644,2128419.5,371.1007251,IT=6.2;6.2 ,ii
3159,UP 1,12.147,48380,50190532.0,11.860411,2096114.8,391.2836794,IT=6.1;6.1 ,ii
3160,UP 1,12.199,48308,50526764.0,11.864375,2006559.1,371.1006985,IT=6.1;6.1 ,ii
3161,UP 1,13.017,49524,49947076.0,11.868194,2055366.2,391.2837059,IT=6.5;6.5 ,ii
3162,UP 1,12.067,48772,48398140.0,11.872165,2030556.9,391.2836683,IT=6;6 ,ii
3163,UP 1,12.060,48248,49937812.0,11.876127,2087511.8,391.2836747,IT=6;6 ,ii
3164,UP 1,11.644,48652,50365056.0,11.880088,2048753.6,391.2836294,IT=5.8;5.8 ,ii
3165,UP 1,13.077,48816,49339384.0,11.884065,1912027.0,391.283815,IT=6.5;6.5 ,ii
3168,UP 1,12.739,46520,49060212.0,11.889886,2002437.0,391.2837398,IT=6.4;6.4 ,ii
3169,UP 1,12.938,46696,48675348.0,11.893919,2091175.0,391.2835786,IT=6.5;6.5 ,ii
3170,UP 1,12.029,49872,48652452.0,11.897888,1990632.6,391.2835515,IT=6;6 ,ii
3171,UP 1,12.572,47872,48806856.0,11.901856,2086667.8,394.2184288,IT=6.3;6.3 ,ii
3172,UP 1,13.158,52992,50896344.0,11.905683,2347831.8,394.2184134,IT=6.6;6.6 ,ii
3173,UP 1,12.375,46724,46590516.0,11.90966,2060197.9,391.283597,IT=6.2;6.2 ,ii
3174,UP 1,12.257,47244,48246616.0,11.91365,2109836.0,394.2185116,IT=6.1;6.1 ,ii
3175,UP 1,12.663,49948,50276004.0,11.917623,2410008.5,394.2184205,IT=6.3;6.3 ,ii
3176,UP 1,12.546,47676,49754640.0,11.921433,2535509.0,394.2185089,IT=6.3;6.3 ,ii
3177,UP 1,13.555,50448,49516080.0,11.925429,2515417.0,394.2185145,IT=6.8;6.8 ,ii
3178,UP 1,13.531,48676,48677736.0,11.929427,2414899.5,394.2185204,IT=6.8;6.8 ,ii
3180,UP 1,13.228,50868,48742304.0,11.935271,2557137.5,394.2185803,IT=6.6;6.6 ,ii
3181,UP 1,12.706,49260,48123072.0,11.93929,2596264.2,394.2184315,IT=6.4;6.4 ,ii
3183,UP 1,12.862,49668,49602544.0,11.945121,2688866.0,394.2184186,IT=6.4;6.4 ,ii
3185,UP 1,12.672,48528,47868432.0,11.951,2783724.8,394.2185089,IT=6.3;6.3 ,ii
3186,UP 1,13.267,47300,48128544.0,11.955031,2742430.5,394.2184538,IT=6.6;6.6 ,ii
3187,UP 1,11.975,48628,50007216.0,11.958827,2794911.0,394.218429,IT=6;6 ,ii
3188,UP 1,12.280,46752,49954168.0,11.962796,3134621.5,394.2184003,IT=6.1;6.1 ,ii
3190,UP 1,13.281,48912,49056128.0,11.968652,3051598.5,394.2184811,IT=6.6;6.6 ,ii
3191,UP 1,12.848,50228,49098188.0,11.972673,3046622.8,394.218429,IT=6.4;6.4 ,ii
3192,UP 1,13.223,49372,47614080.0,11.976658,2919234.0,394.2184205,IT=6.6;6.6 ,ii
3193,UP 1,13.251,49928,48506840.0,11.980483,2956859.0,394.2184328,IT=6.6;6.6 ,ii
3195,UP 1,12.494,47524,48739004.0,11.98632,3193509.0,394.218483,IT=6.2;6.2 ,ii
3196,UP 1,12.352,47168,49852548.0,11.990333,3400135.0,394.2184591,IT=6.2;6.2 ,ii
3197,UP 1,12.898,48232,48011428.0,11.99432,2884805.8,394.218495,IT=6.4;6.4 ,ii
3198,UP 1,12.230,47160,49928904.0,11.998291,3251473.0,394.2185101,IT=6.1;6.1 ,ii
3200,UP 1,11.938,46588,50018848.0,12.002272,3218145.5,394.2184761,IT=6;6 ,ii
3202,UP 1,12.647,45868,49035672.0,12.008149,3251601.2,394.2185176,IT=6.3;6.3 ,ii
3203,UP 1,11.810,42660,48526048.0,12.011991,3480808.0,394.2184565,IT=5.9;5.9 ,ii
3204,UP 1,12.677,47288,48774204.0,12.01596,3193717.8,394.2186332,IT=6.3;6.3 ,ii
3206,UP 1,12.846,46616,47897280.0,12.01992,2978024.5,394.218448,IT=6.4;6.4 ,ii
3207,UP 1,13.028,47688,48487808.0,12.023951,3273592.0,394.2184379,IT=6.5;6.5 ,ii
3209,UP 1,12.764,47368,49391264.0,12.029787,3252036.2,394.2183734,IT=6.4;6.4 ,ii
3210,UP 1,12.211,46856,50624128.0,12.033641,3211546.8,394.2183789,IT=6.1;6.1 ,ii
3211,UP 1,12.294,46632,51026888.0,12.037608,3482800.8,394.2183884,IT=6.1;6.1 ,ii
3213,UP 1,12.734,46376,49528920.0,12.043439,3285843.8,394.2183922,IT=6.4;6.4 ,ii
3214,UP 1,12.268,47148,50649916.0,12.047455,3321554.0,394.2184324,IT=6.1;6.1 ,ii
3215,UP 1,12.788,46792,49318704.0,12.051433,3173700.5,394.2184706,IT=6.4;6.4 ,ii
3216,UP 1,12.071,46192,50570776.0,12.05523,3253540.5,394.2185174,IT=6;6 ,ii
3218,UP 1,12.915,47360,50894852.0,12.061064,3409617.5,394.2184186,IT=6.5;6.5 ,ii
3220,UP 1,12.528,49144,51789740.0,12.066943,3283704.5,394.2184557,IT=6.3;6.3 ,ii
3221,UP 1,12.175,45800,48152588.0,12.070797,2903404.2,394.2185117,IT=6.1;6.1 ,ii
3222,UP 1,13.010,49252,50382524.0,12.074784,3134651.8,394.2184704,IT=6.5;6.5 ,ii
3223,UP 1,11.753,44136,49218556.0,12.078749,3006310.0,394.2185235,IT=5.9;5.9 ,ii
3225,UP 1,12.452,47680,49460324.0,12.084576,2976882.5,394.2185074,IT=6.2;6.2 ,ii
3226,UP 1,11.626,44800,50667492.0,12.08858,3046516.8,394.218479,IT=5.8;5.8 ,ii
3228,UP 1,12.894,47104,50460972.0,12.094432,2976011.2,394.2185089,IT=6.4;6.4 ,ii
3230,UP 1,12.739,46184,48838088.0,12.100309,2706558.5,394.2184935,IT=6.4;6.4 ,ii
3231,UP 1,12.474,47336,51690332.0,12.104345,3111237.5,394.2184975,IT=6.2;6.2 ,ii
3233,UP 1,12.242,44860,50237616.0,12.11017,2841978.2,408.2214678,IT=6.1;6.1 ,ii
3234,UP 1,12.703,47648,50472668.0,12.114028,2892238.5,408.2214032,IT=6.4;6.4 ,ii
3235,UP 1,11.862,47492,51301880.0,12.11799,2767483.5,408.2213328,IT=5.9;5.9 ,ii
3237,UP 1,12.619,44996,50850392.0,12.123821,2971399.5,408.221366,IT=6.3;6.3 ,ii
3238,UP 1,12.731,47664,50899524.0,12.127844,2866589.0,408.2214646,IT=6.4;6.4 ,ii
3240,UP 1,13.155,45508,49010240.0,12.131992,2746994.5,408.2214153,IT=6.6;6.6 ,ii
3241,UP 1,12.004,43096,50921224.0,12.136003,2998637.5,408.2214126,IT=6;6 ,ii
3242,UP 1,13.323,46472,48578960.0,12.139821,2964344.0,408.2213589,IT=6.7;6.7 ,ii
3243,UP 1,12.871,47448,51342172.0,12.143803,3072716.2,408.2214318,IT=6.4;6.4 ,ii
3244,UP 1,11.911,47300,51889048.0,12.147769,3143971.8,408.221363,IT=6;6 ,ii
3245,UP 1,12.158,45064,50328656.0,12.151576,2900421.0,408.221424,IT=6.1;6.1 ,ii
3246,UP 1,12.371,46256,51474396.0,12.155548,3022166.0,408.2215186,IT=6.2;6.2 ,ii
3247,UP 1,12.814,47724,49941780.0,12.159521,2781287.2,408.2215018,IT=6.4;6.4 ,ii
3248,UP 1,11.531,44900,52583236.0,12.163482,3113228.5,408.2214526,IT=5.8;5.8 ,ii
3249,UP 1,12.429,44360,50484328.0,12.167457,2820813.0,408.2215394,IT=6.2;6.2 ,ii
3251,UP 1,12.869,48544,50399396.0,12.17329,2749465.8,408.2214507,IT=6.4;6.4 ,ii
3253,UP 1,12.613,45476,49986316.0,12.179165,2674475.2,408.2214428,IT=6.3;6.3 ,ii
3254,UP 1,11.875,44424,51474876.0,12.183011,2897285.5,408.2214172,IT=5.9;5.9 ,ii
3255,UP 1,13.854,46600,50089692.0,12.186998,2813830.5,408.2214898,IT=6.9;6.9 ,ii
3256,UP 1,13.488,46424,49143680.0,12.190998,2544712.2,408.2213881,IT=6.7;6.7 ,ii
3257,UP 1,12.909,46228,48879056.0,12.194986,2560514.5,408.221334,IT=6.5;6.5 ,ii
3258,UP 1,13.046,46520,48930152.0,12.198806,2589411.8,408.2214532,IT=6.5;6.5 ,ii
3259,UP 1,12.831,47824,49776012.0,12.20279,2597354.2,408.2214582,IT=6.4;6.4 ,ii
3260,UP 1,13.180,48620,49384216.0,12.206775,2466032.8,408.2214156,IT=6.6;6.6 ,ii
3261,UP 1,12.721,48800,49689516.0,12.210756,2657177.8,408.2213729,IT=6.4;6.4 ,ii
3262,UP 1,13.227,47460,49043524.0,12.214581,2584242.5,408.2213667,IT=6.6;6.6 ,ii
3263,UP 1,13.550,49076,49128184.0,12.218579,2566800.0,408.2214568,IT=6.8;6.8 ,ii
3265,UP 1,12.810,47100,49530348.0,12.224433,2466950.8,408.2213857,IT=6.4;6.4 ,ii
3266,UP 1,13.675,48572,48972008.0,12.228473,2547954.2,408.2213894,IT=6.8;6.8 ,ii
3267,UP 1,12.292,46776,49132116.0,12.232452,2492804.8,408.2213639,IT=6.1;6.1 ,ii
3268,UP 1,13.181,49224,49463672.0,12.236269,2513363.0,408.2213497,IT=6.6;6.6 ,ii
3269,UP 1,13.262,46952,48728964.0,12.240267,2381890.0,408.2212596,IT=6.6;6.6 ,ii
3270,UP 1,14.150,45904,45790960.0,12.244273,2308561.2,408.2212908,IT=7.1;7.1 ,ii
3272,UP 1,13.662,48584,48746384.0,12.250121,2617756.2,408.2214471,IT=6.8;6.8 ,ii
3274,UP 1,13.726,48980,48991620.0,12.256012,2524700.8,408.221303,IT=6.9;6.9 ,ii
3275,UP 1,13.849,48544,49229052.0,12.260048,2612776.5,408.2214705,IT=6.9;6.9 ,ii
3277,UP 1,14.296,49584,47880520.0,12.265946,2259657.5,408.2213682,IT=7.1;7.1 ,ii
3278,UP 1,13.913,47792,49142724.0,12.269979,2480173.2,408.2212928,IT=7;7 ,ii
3279,UP 1,13.007,48020,48581036.0,12.273804,2314337.0,408.2213785,IT=6.5;6.5 ,ii
3280,UP 1,14.544,48772,47709176.0,12.277812,2341356.5,408.2213597,IT=7.3;7.3 ,ii
3281,UP 1,13.742,52608,49655896.0,12.281816,2357963.2,408.2214333,IT=6.9;6.9 ,ii
3282,UP 1,14.291,48980,48014820.0,12.285825,2363831.2,408.221384,IT=7.1;7.1 ,ii
3283,UP 1,13.903,49744,48608796.0,12.28966,2318999.8,408.2213627,IT=7;7 ,ii
3284,UP 1,14.304,49256,47718344.0,12.293677,2137711.8,408.2212618,IT=7.2;7.2 ,ii
3285,UP 1,13.744,47684,48477832.0,12.297685,2388429.2,408.2213249,IT=6.9;6.9 ,ii
3286,UP 1,14.014,49800,48157316.0,12.301689,2174787.5,391.2835937,IT=7;7 ,ii
3287,UP 1,13.460,48552,47727536.0,12.305695,2239476.5,408.2214009,IT=6.7;6.7 ,ii
3288,UP 1,13.076,50184,48911932.0,12.309683,2349121.0,408.2213639,IT=6.5;6.5 ,ii
3289,UP 1,14.889,48676,47526720.0,12.313704,2208044.8,408.221392,IT=7.4;7.4 ,ii
3291,UP 1,14.054,47732,46592108.0,12.319574,2154127.2,408.2213845,IT=7;7 ,ii
3292,UP 1,13.670,49656,48456800.0,12.323612,2255900.2,408.2213985,IT=6.8;6.8 ,ii
3294,UP 1,14.259,50168,48458864.0,12.327601,2278511.2,408.2213546,IT=7.1;7.1 ,ii
3295,UP 1,14.313,49940,47788116.0,12.331645,2263172.0,408.2214658,IT=7.2;7.2 ,ii
3296,UP 1,14.064,47588,46965072.0,12.335662,2199263.8,408.2213659,IT=7;7 ,ii
3297,UP 1,13.657,47784,47914896.0,12.339662,2336009.2,408.2213853,IT=6.8;6.8 ,ii
3298,UP 1,13.913,49000,48085588.0,12.343504,2107978.8,408.2213698,IT=7;7 ,ii
3301,UP 1,14.007,48008,47312728.0,12.348718,2185174.5,391.2836449,IT=7;7 ,ii
3302,UP 1,14.082,47080,45491428.0,12.352585,2022012.4,408.2214348,IT=7;7 ,ii
3305,UP 1,13.625,49688,48700056.0,12.35842,2224674.2,391.2835902,IT=6.8;6.8 ,ii
3306,UP 1,13.291,47932,47846832.0,12.362449,2289865.0,391.2835845,IT=6.6;6.6 ,ii
3308,UP 1,13.819,48388,48719816.0,12.368293,2155119.5,391.2836398,IT=6.9;6.9 ,ii
3309,UP 1,14.051,48016,47146012.0,12.372343,2146065.2,391.2835661,IT=7;7 ,ii
3310,UP 1,13.930,49336,48461752.0,12.376343,2155638.2,359.1793898,IT=7;7 ,ii
3312,UP 1,13.933,50768,48166600.0,12.382193,2157464.0,391.2835493,IT=7;7 ,ii
3313,UP 1,13.758,48600,46847800.0,12.386055,2154740.5,391.2835892,IT=6.9;6.9 ,ii
3315,UP 1,13.892,49868,47198312.0,12.390049,2109919.8,391.2836854,IT=6.9;6.9 ,ii
3317,UP 1,14.183,47868,47144932.0,12.394107,2110872.8,391.2833664,IT=7.1;7.1 ,ii
3318,UP 1,13.886,47076,47544156.0,12.398141,2076365.2,391.2835758,IT=6.9;6.9 ,ii
3319,UP 1,13.766,46048,46258396.0,12.401976,2211986.5,359.1793992,IT=6.9;6.9 ,ii
3320,UP 1,13.762,47496,46393656.0,12.405976,2129596.0,391.2835547,IT=6.9;6.9 ,ii
3321,UP 1,14.656,47492,45883744.0,12.409993,2242387.0,359.1793387,IT=7.3;7.3 ,ii
3322,UP 1,14.568,46780,45591616.0,12.414013,2144386.5,359.1793858,IT=7.3;7.3 ,ii
3323,UP 1,13.270,47320,46626076.0,12.417849,2118777.2,359.1794083,IT=6.6;6.6 ,ii
3324,UP 1,13.992,47268,46054348.0,12.421853,2221022.0,359.1794444,IT=7;7 ,ii
3325,UP 1,14.650,49608,47001060.0,12.425867,2280227.0,359.1794504,IT=7.3;7.3 ,ii
3327,UP 1,14.458,47768,47126280.0,12.43173,2297099.8,359.1794314,IT=7.2;7.2 ,ii
3328,UP 1,14.429,48200,46073972.0,12.435763,2165639.8,359.1794774,IT=7.2;7.2 ,ii
3329,UP 1,14.882,50740,47126332.0,12.439617,2183509.8,359.1794509,IT=7.4;7.4 ,ii
3330,UP 1,14.013,47484,46338300.0,12.443634,2262480.0,359.1794248,IT=7;7 ,ii
3332,UP 1,15.713,50516,45587664.0,12.449519,2277197.5,359.1794503,IT=7.9;7.9 ,ii
3333,UP 1,14.843,47108,44936756.0,12.453546,2270262.5,359.179412,IT=7.4;7.4 ,ii
3334,UP 1,13.237,45688,46643456.0,12.457542,2580559.5,359.1794084,IT=6.6;6.6 ,ii
3336,UP 1,15.484,50296,43589252.0,12.463419,2266286.8,359.1794742,IT=7.7;7.7 ,ii
3337,UP 1,14.634,47428,44119196.0,12.467453,2291085.0,359.1795256,IT=7.3;7.3 ,ii
3339,UP 1,15.001,49784,44386276.0,12.471457,2231356.2,359.1795073,IT=7.5;7.5 ,ii
3340,UP 1,14.546,46736,44373632.0,12.475488,2291444.2,359.1794314,IT=7.3;7.3 ,ii
3341,UP 1,14.649,49268,44064836.0,12.479507,2286035.0,359.1794651,IT=7.3;7.3 ,ii
3342,UP 1,14.809,49376,44092012.0,12.483523,2289057.0,359.1795818,IT=7.4;7.4 ,ii
3344,UP 1,15.248,49312,43833492.0,12.487559,2326436.5,359.1794272,IT=7.6;7.6 ,ii
3345,UP 1,15.371,48428,43386236.0,12.491602,2300133.8,359.1794027,IT=7.7;7.7 ,ii
3346,UP 1,14.715,48244,43698768.0,12.495627,2247772.8,359.1794131,IT=7.4;7.4 ,ii
3347,UP 1,15.327,49188,43932916.0,12.499665,2345228.8,359.179375,IT=7.7;7.7 ,ii
3348,UP 1,15.330,49884,44450176.0,12.503534,2328857.0,359.1794318,IT=7.7;7.7 ,ii
3349,UP 1,14.899,46852,42869048.0,12.507567,2334239.8,359.1794751,IT=7.4;7.4 ,ii
3350,UP 1,16.452,52276,42991404.0,12.511617,2292620.0,359.1794088,IT=8.2;8.2 ,ii
3351,UP 1,14.817,48904,43374016.0,12.515634,2262939.2,359.179405,IT=7.4;7.4 ,ii
3353,UP 1,15.448,50000,42386176.0,12.521521,2099127.5,391.2836575,IT=7.7;7.7 ,ii
3354,UP 1,15.757,49176,42223776.0,12.525563,2101125.8,391.2836925,IT=7.9;7.9 ,ii
3355,UP 1,15.860,48536,42444052.0,12.529436,2148068.5,391.2836665,IT=7.9;7.9 ,ii
3356,UP 1,15.986,49812,42439492.0,12.533479,2163063.2,359.179468,IT=8;8 ,ii
3357,UP 1,15.433,46916,41995592.0,12.537519,2166285.2,391.2836078,IT=7.7;7.7 ,ii
3359,UP 1,16.188,48912,40972012.0,12.54341,2062533.6,359.1794742,IT=8.1;8.1 ,ii
3360,UP 1,16.774,49760,41364652.0,12.547473,2043807.2,391.2836546,IT=8.4;8.4 ,ii
3361,UP 1,15.885,50272,41429432.0,12.551506,2047492.6,391.2835776,IT=7.9;7.9 ,ii
3362,UP 1,15.936,49912,41535248.0,12.55555,2000343.1,359.179372,IT=8;8 ,ii
3363,UP 1,16.152,51188,41785880.0,12.559604,2148613.2,391.2835831,IT=8.1;8.1 ,ii
3364,UP 1,15.188,52556,43531636.0,12.563631,2177836.2,391.2835295,IT=7.6;7.6 ,ii
3365,UP 1,15.395,49784,42796200.0,12.5675,2109724.5,391.2836375,IT=7.7;7.7 ,ii
3366,UP 1,16.603,52628,43155140.0,12.571562,2161563.2,391.2835774,IT=8.3;8.3 ,ii
3367,UP 1,16.301,50136,41312036.0,12.575604,2077668.8,391.2836349,IT=8.2;8.2 ,ii
3368,UP 1,16.233,52388,41702080.0,12.579646,2256785.0,391.283712,IT=8.1;8.1 ,ii
3370,UP 1,16.945,48616,40746728.0,12.583687,2023155.5,391.283698,IT=8.5;8.5 ,ii
3372,UP 1,16.366,52136,42155916.0,12.587785,2135143.5,391.2836831,IT=8.2;8.2 ,ii
3373,UP 1,16.606,52272,40706888.0,12.591946,2170907.2,391.2837423,IT=8.3;8.3 ,ii
3374,UP 1,15.361,48176,41455300.0,12.595971,2127448.0,391.2838457,IT=7.7;7.7 ,ii
3376,UP 1,16.457,51968,41517948.0,12.600025,2030502.4,391.2836908,IT=8.2;8.2 ,ii
3377,UP 1,16.957,50540,40864900.0,12.603916,1998154.4,391.2837393,IT=8.5;8.5 ,ii
3379,UP 1,16.792,51968,40913420.0,12.607987,2048711.6,391.283708,IT=8.4;8.4 ,ii
3380,UP 1,16.433,50940,41202064.0,12.612039,2015779.1,371.1007789,IT=8.2;8.2 ,ii
3381,UP 1,16.627,51240,41592676.0,12.616083,2100106.8,391.2836701,IT=8.3;8.3 ,ii
3382,UP 1,16.799,51016,41607996.0,12.619966,2253585.5,391.283689,IT=8.4;8.4 ,ii
3383,UP 1,16.222,49164,40422248.0,12.624014,2218924.2,391.2837534,IT=8.1;8.1 ,ii
3384,UP 1,17.554,51432,40651272.0,12.628087,2018879.2,391.2837001,IT=8.8;8.8 ,ii
3385,UP 1,16.613,51920,40237040.0,12.632131,2101822.2,391.283669,IT=8.3;8.3 ,ii
3386,UP 1,17.681,55896,41087456.0,12.636024,2061294.5,391.2837627,IT=8.8;8.8 ,ii
3388,UP 1,17.521,50592,39014268.0,12.640076,2069311.8,391.2837689,IT=8.8;8.8 ,ii
3389,UP 1,17.525,52204,39200616.0,12.644135,2058614.9,391.2837303,IT=8.8;8.8 ,ii
3390,UP 1,16.740,48356,39500208.0,12.648172,2153568.0,391.2837285,IT=8.4;8.4 ,ii
3391,UP 1,17.574,50844,39708380.0,12.652064,2005931.5,391.2837485,IT=8.8;8.8 ,ii
3392,UP 1,17.745,49756,39155632.0,12.656118,1970260.5,391.2837413,IT=8.9;8.9 ,ii
3393,UP 1,16.882,50456,39721800.0,12.660153,2012486.9,391.283664,IT=8.4;8.4 ,ii
3394,UP 1,17.714,53752,40948520.0,12.66422,2106347.8,391.2836352,IT=8.9;8.9 ,ii
3395,UP 1,16.143,50504,39235720.0,12.668074,1972791.8,391.2838329,IT=8.1;8.1 ,ii
3397,UP 1,17.401,50752,40250528.0,12.672145,2082968.5,391.2838098,IT=8.7;8.7 ,ii
3400,UP 1,17.748,50256,39270304.0,12.679753,2128440.2,391.283791,IT=8.9;8.9 ,ii
3401,UP 1,17.730,51300,39845896.0,12.683649,2104047.0,391.2838047,IT=8.9;8.9 ,ii
3402,UP 1,17.548,50936,39178488.0,12.687701,2116631.8,391.2838263,IT=8.8;8.8 ,ii
3403,UP 1,17.556,49688,38041644.0,12.691751,2065413.2,391.2837906,IT=8.8;8.8 ,ii
3404,UP 1,17.886,51536,39631488.0,12.695657,2069414.5,391.2837473,IT=8.9;8.9 ,ii
3405,UP 1,17.507,49452,38063728.0,12.699705,1918404.6,391.2836771,IT=8.8;8.8 ,ii
3406,UP 1,18.024,52480,38380360.0,12.703782,1982535.1,391.2838388,IT=9;9 ,ii
3409,UP 1,17.255,50444,38621424.0,12.709724,2014601.8,391.2836637,IT=8.6;8.6 ,ii
3410,UP 1,17.471,50620,38765216.0,12.713784,2067044.8,391.2837391,IT=8.7;8.7 ,ii
3411,UP 1,17.926,51504,38192256.0,12.717845,1972882.4,391.2836702,IT=9;9 ,ii
3412,UP 1,17.432,50528,38891784.0,12.721726,2148514.0,391.2836121,IT=8.7;8.7 ,ii
3413,UP 1,16.631,51424,38820500.0,12.725763,1995145.4,371.1007425,IT=8.3;8.3 ,ii
3414,UP 1,17.509,51412,39181556.0,12.729834,2225139.8,391.2836449,IT=8.8;8.8 ,ii
3415,UP 1,17.610,50140,38179940.0,12.733872,2096796.1,391.2836811,IT=8.8;8.8 ,ii
3417,UP 1,17.744,48796,37226136.0,12.737926,2063210.0,391.2836222,IT=8.9;8.9 ,ii
3418,UP 1,17.742,52584,38558960.0,12.741982,2044308.5,391.2836968,IT=8.9;8.9 ,ii
3419,UP 1,18.022,49688,37446168.0,12.746036,2097104.4,391.2837128,IT=9;9 ,ii
3421,UP 1,18.078,50800,37315736.0,12.750282,2058331.8,391.2836225,IT=9;9 ,ii
3422,UP 1,18.480,52916,38966588.0,12.75418,2049027.1,391.2836223,IT=9.2;9.2 ,ii
3423,UP 1,17.461,52604,38623936.0,12.75823,2189258.8,391.2836048,IT=8.7;8.7 ,ii
3424,UP 1,17.946,51400,38707572.0,12.762282,2027092.8,391.2837433,IT=9;9 ,ii
3425,UP 1,18.091,53716,38078844.0,12.766336,2074165.4,391.2836979,IT=9;9 ,ii
3426,UP 1,18.169,51152,37791540.0,12.770221,2020905.8,391.2837342,IT=9.1;9.1 ,ii
3427,UP 1,18.513,50220,38295256.0,12.774286,2116912.2,391.2836999,IT=9.3;9.3 ,ii
3428,UP 1,17.342,51460,38577308.0,12.778326,2118377.8,391.283721,IT=8.7;8.7 ,ii
3429,UP 1,19.017,51516,37039612.0,12.782415,1953604.0,391.2837283,IT=9.5;9.5 ,ii
3430,UP 1,18.229,50716,37045960.0,12.786298,2063287.2,391.2836637,IT=9.1;9.1 ,ii
3431,UP 1,18.725,51036,37667196.0,12.790373,2123701.0,391.2836626,IT=9.4;9.4 ,ii
3432,UP 1,18.750,49772,36546080.0,12.79445,2061323.2,391.2835755,IT=9.4;9.4 ,ii
3433,UP 1,19.366,50740,36566676.0,12.798528,1896980.1,391.2836508,IT=9.7;9.7 ,ii
3434,UP 1,18.089,49668,37081036.0,12.802407,1992865.0,391.2836409,IT=9;9 ,ii
3435,UP 1,19.544,51596,36427676.0,12.806488,2073168.9,391.2836717,IT=9.8;9.8 ,ii
3436,UP 1,18.487,51264,36508832.0,12.810534,2042742.8,391.2836849,IT=9.2;9.2 ,ii
3437,UP 1,18.308,50028,36820608.0,12.814596,2113441.2,391.2836481,IT=9.2;9.2 ,ii
3438,UP 1,18.716,52332,36293268.0,12.818486,1939887.0,391.2836218,IT=9.4;9.4 ,ii
3439,UP 1,19.155,53112,37018612.0,12.822554,1979821.5,391.2836791,IT=9.6;9.6 ,ii
3440,UP 1,18.320,48928,36928764.0,12.826606,2150611.5,391.2836884,IT=9.2;9.2 ,ii
3441,UP 1,18.860,51652,34976780.0,12.830669,2017221.6,391.283701,IT=9.4;9.4 ,ii
3442,UP 1,18.142,51948,36673020.0,12.83455,2070114.4,391.2837134,IT=9.1;9.1 ,ii
3443,UP 1,19.247,51612,36331652.0,12.838625,1956677.1,391.2836314,IT=9.6;9.6 ,ii
3445,UP 1,19.494,52820,36323568.0,12.84445,2094577.4,391.2835952,IT=9.7;9.7 ,ii
3446,UP 1,18.336,52356,36743992.0,12.848496,2092090.9,391.2836062,IT=9.2;9.2 ,ii
3447,UP 1,18.060,49396,36876764.0,12.852544,2141490.8,391.2835681,IT=9;9 ,ii
3448,UP 1,19.575,52200,36348172.0,12.856623,1972404.0,391.2836871,IT=9.8;9.8 ,ii
3451,UP 1,18.685,53480,37477880.0,12.862283,2092492.6,371.1007534,IT=9.3;9.3 ,ii
3452,UP 1,19.349,50364,36063496.0,12.866187,2116746.8,391.2837532,IT=9.7;9.7 ,ii
3453,UP 1,18.576,52148,36315508.0,12.870237,2001365.9,391.2837467,IT=9.3;9.3 ,ii
3455,UP 1,19.369,52660,36426320.0,12.874342,2040574.5,391.2836846,IT=9.7;9.7 ,ii
3456,UP 1,19.074,50724,36425304.0,12.878402,2056784.4,391.2838091,IT=9.5;9.5 ,ii
3458,UP 1,18.959,51148,35178144.0,12.882646,1995897.6,391.2837433,IT=9.5;9.5 ,ii
3459,UP 1,20.418,53092,35576020.0,12.886733,2036701.2,391.2837331,IT=10;10 ,ii
3460,UP 1,18.977,52388,35783444.0,12.890777,2080692.9,391.2837211,IT=9.5;9.5 ,ii
3461,UP 1,18.822,50496,35255008.0,12.894833,2138115.5,391.2837081,IT=9.4;9.4 ,ii
3462,UP 1,18.906,50368,35921736.0,12.898891,2071243.9,391.2838421,IT=9.5;9.5 ,ii
3467,UP 1,19.765,53024,34594456.0,12.908191,1863079.5,391.2837842,IT=9.9;9.9 ,ii
3468,UP 1,19.408,51024,35375544.0,12.912256,1950065.5,391.2837032,IT=9.7;9.7 ,ii
3469,UP 1,18.938,53412,35863392.0,12.916308,2043170.1,391.2836529,IT=9.5;9.5 ,ii
3470,UP 1,19.744,53992,35918676.0,12.920381,1967155.8,391.2836626,IT=9.9;9.9 ,ii
3471,UP 1,19.996,53268,35071560.0,12.924285,2070104.4,391.2838443,IT=10;10 ,ii
3473,UP 1,19.429,52256,35847532.0,12.928375,2018487.0,391.2836556,IT=9.7;9.7 ,ii
3474,UP 1,20.092,53400,34996896.0,12.932449,1989096.5,391.2838102,IT=10;10 ,ii
3477,UP 1,19.767,54016,36126116.0,12.938391,2197942.2,391.28372,IT=9.9;9.9 ,ii
3478,UP 1,19.259,51212,34375544.0,12.942458,2038258.2,391.2837738,IT=9.6;9.6 ,ii
3479,UP 1,19.605,53696,34568656.0,12.94636,2009395.8,391.2837981,IT=9.8;9.8 ,ii
3480,UP 1,19.324,54172,36083376.0,12.950422,2066668.5,391.2836657,IT=9.7;9.7 ,ii
3481,UP 1,19.963,53032,35226304.0,12.954501,2162884.0,391.2839276,IT=10;10 ,ii
3483,UP 1,19.238,53136,35315572.0,12.958751,2016903.0,371.1008987,IT=9.6;9.6 ,ii
3485,UP 1,19.315,52228,35227608.0,12.963051,2012676.0,391.2837547,IT=9.7;9.7 ,ii
3486,UP 1,19.886,52632,34518536.0,12.967137,1968374.4,391.2837163,IT=9.9;9.9 ,ii
3487,UP 1,19.126,51976,34453192.0,12.971197,2076076.8,391.2836332,IT=9.6;9.6 ,ii
3488,UP 1,19.753,50648,34536476.0,12.97527,2020738.5,391.2837017,IT=9.9;9.9 ,ii
3489,UP 1,19.779,52136,34610104.0,12.979339,2106426.2,391.2836205,IT=9.9;9.9 ,ii
3490,UP 1,18.880,53312,35114104.0,12.983235,2052159.4,391.283684,IT=9.4;9.4 ,ii
3491,UP 1,20.102,51148,34189184.0,12.987316,2064494.6,391.2837649,IT=10;10 ,ii
3493,UP 1,19.915,52624,34387552.0,12.99143,1973170.4,391.283695,IT=10;10 ,ii
3494,UP 1,19.638,52392,35417200.0,12.995495,2173121.2,391.2836301,IT=9.8;9.8 ,ii
3495,UP 1,20.325,53580,35502456.0,12.99941,2101628.5,391.2836562,IT=10;10 ,ii
3496,UP 1,19.158,53460,34483620.0,13.003474,2010107.9,391.2836687,IT=9.6;9.6 ,ii
3497,UP 1,19.942,51928,34903844.0,13.007555,2125144.2,391.2836001,IT=10;10 ,ii
3498,UP 1,20.165,53380,34370372.0,13.011641,2036535.4,391.283809,IT=10;10 ,ii
3499,UP 1,19.708,52880,34629956.0,13.015549,1995406.1,391.2836899,IT=9.9;9.9 ,ii
3500,UP 1,20.976,53292,34129412.0,13.019641,1994253.1,391.2837194,IT=10;10 ,ii
3501,UP 1,20.317,53940,34281456.0,13.023728,2093940.9,391.2837188,IT=10;10 ,ii
3502,UP 1,19.710,53264,34299260.0,13.027793,2032669.2,391.283695,IT=9.9;9.9 ,ii
3503,UP 1,19.111,52500,34923452.0,13.031695,2024813.2,391.2836767,IT=9.6;9.6 ,ii
3504,UP 1,19.530,52044,35302560.0,13.035768,2059738.2,391.283647,IT=9.8;9.8 ,ii
3505,UP 1,20.427,52860,34432456.0,13.039851,2090877.6,391.2837578,IT=10;10 ,ii
3507,UP 1,20.178,51060,33789328.0,13.044124,2138044.5,391.2837137,IT=10;10 ,ii
3508,UP 1,19.427,52316,35246016.0,13.048017,1999625.8,391.2836507,IT=9.7;9.7 ,ii
3509,UP 1,19.539,51532,34251196.0,13.051918,2058981.0,371.1008154,IT=9.8;9.8 ,ii
3510,UP 1,19.431,51172,34904232.0,13.055988,2095965.2,391.2837297,IT=9.7;9.7 ,ii
3511,UP 1,19.877,53792,34611444.0,13.060059,2066368.9,391.283723,IT=9.9;9.9 ,ii
3512,UP 1,21.563,54532,33866300.0,13.063992,1921016.9,391.283762,IT=11;11 ,ii
3513,UP 1,18.845,50896,34560140.0,13.068024,2107318.5,391.2836893,IT=9.4;9.4 ,ii
3514,UP 1,20.859,53364,34607236.0,13.072122,2121402.0,391.2837558,IT=10;10 ,ii
3515,UP 1,19.683,52548,34015916.0,13.076171,2020650.2,391.2837049,IT=9.8;9.8 ,ii
3516,UP 1,20.631,53780,34761488.0,13.080257,1995501.6,391.2837122,IT=10;10 ,ii
3517,UP 1,19.613,50676,34356988.0,13.084144,2122199.2,391.2838503,IT=9.8;9.8 ,ii
3519,UP 1,19.781,51184,34105896.0,13.088236,2170644.8,391.2837664,IT=9.9;9.9 ,ii
3521,UP 1,20.424,51680,34069068.0,13.092405,2084618.8,391.2836499,IT=10;10 ,ii
3522,UP 1,20.220,50664,33545896.0,13.096469,2074497.2,391.2837275,IT=10;10 ,ii
3523,UP 1,20.770,53308,34284744.0,13.100376,2062119.4,391.2837155,IT=10;10 ,ii
3524,UP 1,19.977,52956,34136312.0,13.104434,1988128.2,391.2837273,IT=10;10 ,ii
3525,UP 1,20.506,53048,33737872.0,13.108513,1987508.6,391.2837717,IT=10;10 ,ii
3526,UP 1,20.644,54936,34781412.0,13.112586,2025445.4,391.2837954,IT=10;10 ,ii
3528,UP 1,20.855,51248,33710244.0,13.116715,1997279.4,391.2837845,IT=10;10 ,ii
3529,UP 1,19.808,49268,33741436.0,13.120773,2161813.5,391.2837232,IT=9.9;9.9 ,ii
3530,UP 1,20.058,52932,34127784.0,13.124844,1955580.8,391.2837705,IT=10;10 ,ii
3531,UP 1,20.341,55828,35468864.0,13.128915,2168838.8,391.2837383,IT=10;10 ,ii
3532,UP 1,19.157,49420,34221704.0,13.132967,2177478.2,391.2837209,IT=9.6;9.6 ,ii
3533,UP 1,20.337,52348,33901872.0,13.137044,2032016.8,391.2837497,IT=10;10 ,ii
3534,UP 1,19.952,52692,34314900.0,13.141104,2049087.5,391.2836952,IT=10;10 ,ii
3535,UP 1,19.940,52588,34545916.0,13.145177,2004632.2,391.2837759,IT=10;10 ,ii
3536,UP 1,20.349,51096,33983444.0,13.149088,2056719.9,391.283944,IT=10;10 ,ii
3538,UP 1,20.048,51704,33223298.0,13.153186,1910081.9,391.2837966,IT=10;10 ,ii
3539,UP 1,19.402,50516,34461372.0,13.157244,2066557.2,391.2837736,IT=9.7;9.7 ,ii
3540,UP 1,19.337,53996,34902460.0,13.161311,2135281.0,391.2838016,IT=9.7;9.7 ,ii
3541,UP 1,19.779,57000,35708760.0,13.16555,2115725.8,391.2837774,IT=9.9;9.9 ,ii
3542,UP 1,19.884,51580,34347432.0,13.169454,1948523.5,391.2837775,IT=9.9;9.9 ,ii
3543,UP 1,19.358,52740,34964136.0,13.173519,2138416.8,391.2838029,IT=9.7;9.7 ,ii
3544,UP 1,20.039,52852,34093392.0,13.177596,2131322.2,391.2838522,IT=10;10 ,ii
3545,UP 1,20.371,50544,33394046.0,13.181675,2115465.5,391.283824,IT=10;10 ,ii
3546,UP 1,20.565,55532,35062364.0,13.185577,2157602.2,391.2837614,IT=10;10 ,ii
3547,UP 1,20.657,51780,34214588.0,13.189658,2014323.2,391.2837998,IT=10;10 ,ii
3548,UP 1,20.157,51580,33820088.0,13.193712,2024424.1,391.2838524,IT=10;10 ,ii
3549,UP 1,19.242,50580,33518102.0,13.197766,1950244.1,391.2838352,IT=9.6;9.6 ,ii
3550,UP 1,20.679,51056,33450058.0,13.201689,1979087.2,391.2837964,IT=10;10 ,ii
3551,UP 1,21.340,55676,34467576.0,13.205775,2012527.4,391.2837434,IT=11;11 ,ii
3552,UP 1,19.742,54300,35024640.0,13.209825,2043532.4,391.2838495,IT=9.9;9.9 ,ii
3554,UP 1,19.981,55360,34744208.0,13.214089,1964488.4,391.2837105,IT=10;10 ,ii
3555,UP 1,19.781,51352,34033980.0,13.218156,2102218.8,391.2837165,IT=9.9;9.9 ,ii
3556,UP 1,20.855,53212,34587880.0,13.222243,1935847.5,391.2837431,IT=10;10 ,ii
3557,UP 1,20.677,56244,35144224.0,13.226314,2045123.6,391.2838066,IT=10;10 ,ii
3558,UP 1,20.432,51916,33793600.0,13.230375,1946628.9,391.2837685,IT=10;10 ,ii
3559,UP 1,19.415,52160,34444852.0,13.234262,2125753.5,391.2838038,IT=9.7;9.7 ,ii
3561,UP 1,19.510,51060,34334992.0,13.238358,2005384.5,391.2837507,IT=9.8;9.8 ,ii
3562,UP 1,20.391,55060,35122780.0,13.242439,2092897.1,391.2837146,IT=10;10 ,ii
3563,UP 1,19.783,54124,34260060.0,13.246506,2003953.0,391.283811,IT=9.9;9.9 ,ii
3564,UP 1,20.300,52212,34506284.0,13.250422,2102207.0,391.2837131,IT=10;10 ,ii
3565,UP 1,19.786,55068,34908176.0,13.254485,2033641.2,371.1008171,IT=9.9;9.9 ,ii
3566,UP 1,19.477,50228,35433132.0,13.258549,2164107.0,391.2836215,IT=9.7;9.7 ,ii
3567,UP 1,19.331,54044,35094068.0,13.262612,2091349.6,391.2837819,IT=9.7;9.7 ,ii
3569,UP 1,19.321,53580,35069688.0,13.266695,2149630.5,391.2836232,IT=9.7;9.7 ,ii
3570,UP 1,19.384,54076,36607644.0,13.270764,2122685.0,391.2837834,IT=9.7;9.7 ,ii
3571,UP 1,18.383,50200,34365892.0,13.274812,2020254.2,391.2837433,IT=9.2;9.2 ,ii
3572,UP 1,20.652,53920,34852972.0,13.278904,1965858.2,391.2837634,IT=10;10 ,ii
3573,UP 1,19.778,51780,34780716.0,13.282955,1994029.6,391.2837555,IT=9.9;9.9 ,ii
3574,UP 1,19.498,52848,35700116.0,13.286851,2059758.0,391.2837321,IT=9.7;9.7 ,ii
3575,UP 1,20.065,50748,34644592.0,13.290926,1923819.0,391.2839009,IT=10;10 ,ii
3577,UP 1,20.076,51920,35484636.0,13.295028,2113708.0,391.2837911,IT=10;10 ,ii
3578,UP 1,19.500,52436,35065524.0,13.299087,1941226.0,391.2838938,IT=9.8;9.8 ,ii
3579,UP 1,19.713,55176,36067876.0,13.303003,2187805.0,391.2837615,IT=9.9;9.9 ,ii
3580,UP 1,19.355,53136,36251808.0,13.307059,2160766.8,391.2837464,IT=9.7;9.7 ,ii
3581,UP 1,18.748,53000,35822720.0,13.311116,2044248.0,391.283821,IT=9.4;9.4 ,ii
3582,UP 1,18.585,50344,36099524.0,13.31517,2102004.0,391.283827,IT=9.3;9.3 ,ii
3583,UP 1,18.736,52052,36389564.0,13.319059,2056025.4,391.2837216,IT=9.4;9.4 ,ii
3584,UP 1,19.134,51148,35284884.0,13.323126,1894827.5,391.2838703,IT=9.6;9.6 ,ii
3585,UP 1,19.187,51168,35851872.0,13.327184,2017066.4,391.2838517,IT=9.6;9.6 ,ii
3586,UP 1,19.030,51580,36578404.0,13.331247,2152136.2,391.2837558,IT=9.5;9.5 ,ii
3587,UP 1,19.542,52900,36222208.0,13.335151,2000490.0,391.2837671,IT=9.8;9.8 ,ii
3588,UP 1,19.047,53112,37269616.0,13.339209,2063523.8,391.2837352,IT=9.5;9.5 ,ii
3589,UP 1,18.724,49860,36456680.0,13.343272,2086134.2,391.283853,IT=9.4;9.4 ,ii
3591,UP 1,18.241,51744,36907120.0,13.347509,2019509.1,371.1008542,IT=9.1;9.1 ,ii
3592,UP 1,18.799,51100,36125204.0,13.351413,2056407.8,391.283716,IT=9.4;9.4 ,ii
3593,UP 1,18.090,51988,37585836.0,13.355465,2217646.0,391.2836673,IT=9;9 ,ii
3594,UP 1,18.602,53280,37624452.0,13.35953,2156050.8,391.2837239,IT=9.3;9.3 ,ii
3595,UP 1,17.747,50404,37457068.0,13.363574,2109094.2,391.2838445,IT=8.9;8.9 ,ii
3597,UP 1,18.348,50240,37226584.0,13.367647,2171039.8,391.2836872,IT=9.2;9.2 ,ii
3598,UP 1,17.214,51380,37864360.0,13.371686,2111062.8,391.2835936,IT=8.6;8.6 ,ii
3599,UP 1,17.833,49524,37162484.0,13.375747,2067363.1,371.1008474,IT=8.9;8.9 ,ii
3601,UP 1,18.132,51352,38394856.0,13.379984,2095851.5,391.2837266,IT=9.1;9.1 ,ii
3603,UP 1,18.788,53088,37846092.0,13.384121,2114352.5,391.2837009,IT=9.4;9.4 ,ii
3604,UP 1,18.532,51508,38415692.0,13.388182,2054635.0,391.2837339,IT=9.3;9.3 ,ii
3606,UP 1,17.997,49880,38362492.0,13.392242,2169728.5,391.2837262,IT=9;9 ,ii
3607,UP 1,18.001,51476,38074708.0,13.396298,2133970.2,391.2837251,IT=9;9 ,ii
3608,UP 1,18.675,50892,38437640.0,13.400361,2085008.8,391.2837628,IT=9.3;9.3 ,ii
3609,UP 1,17.667,51564,38741636.0,13.404236,2092715.9,391.2837993,IT=8.8;8.8 ,ii
3611,UP 1,17.892,49672,38587996.0,13.408298,2079241.1,391.2837911,IT=8.9;8.9 ,ii
3614,UP 1,17.768,50992,39602684.0,13.414275,2177094.8,391.2836908,IT=8.9;8.9 ,ii
3615,UP 1,17.383,50904,39558500.0,13.418328,2126186.2,391.2836632,IT=8.7;8.7 ,ii
3616,UP 1,17.275,50944,39669100.0,13.422386,2080133.1,391.2837075,IT=8.6;8.6 ,ii
3618,UP 1,16.942,52972,40831956.0,13.428167,2128124.5,391.2837852,IT=8.5;8.5 ,ii
3620,UP 1,17.495,50264,39547704.0,13.432454,2044245.1,391.2837021,IT=8.7;8.7 ,ii
3621,UP 1,17.677,51440,39761272.0,13.436355,2133527.2,391.2837734,IT=8.8;8.8 ,ii
3624,UP 1,17.583,48576,38621896.0,13.442023,2118589.2,391.2837352,IT=8.8;8.8 ,ii
3625,UP 1,17.095,49408,40321952.0,13.446073,2112547.0,391.2837038,IT=8.5;8.5 ,ii
3626,UP 1,16.292,50692,40646560.0,13.450119,2204036.2,391.2836438,IT=8.1;8.1 ,ii
3627,UP 1,16.309,50336,39852776.0,13.454173,2113186.5,391.2836834,IT=8.2;8.2 ,ii
3628,UP 1,17.154,52796,41831224.0,13.458077,2223176.0,391.2837129,IT=8.6;8.6 ,ii
3629,UP 1,16.482,48356,41070512.0,13.462119,2139059.8,391.2836727,IT=8.2;8.2 ,ii
3630,UP 1,16.672,47616,40503120.0,13.466167,1987742.1,391.283831,IT=8.3;8.3 ,ii
3632,UP 1,16.964,51024,41667312.0,13.470367,2120612.0,391.2836689,IT=8.5;8.5 ,ii
3633,UP 1,16.432,50928,41071612.0,13.47425,2121835.0,391.2837036,IT=8.2;8.2 ,ii
3634,UP 1,16.886,50420,40653076.0,13.478311,1985884.5,391.2837614,IT=8.4;8.4 ,ii
3635,UP 1,16.664,49296,41839716.0,13.482348,2104127.0,391.2837629,IT=8.3;8.3 ,ii
3636,UP 1,15.980,49000,42052972.0,13.486381,2177356.5,391.2837673,IT=8;8 ,ii
3637,UP 1,17.319,51632,40600620.0,13.490273,2012882.1,391.283838,IT=8.7;8.7 ,ii
3640,UP 1,16.636,48992,41837432.0,13.496185,2153736.5,391.2837729,IT=8.3;8.3 ,ii
3641,UP 1,15.077,47536,41775128.0,13.500042,2177758.8,391.2837459,IT=7.5;7.5 ,ii
3642,UP 1,16.281,46804,41491204.0,13.504091,2182819.5,391.2837792,IT=8.1;8.1 ,ii
3643,UP 1,16.558,47180,40383996.0,13.508152,2119060.5,391.2840036,IT=8.3;8.3 ,ii
3645,UP 1,16.564,48948,42000336.0,13.512346,2199527.2,371.1008575,IT=8.3;8.3 ,ii
3646,UP 1,16.377,49072,42366904.0,13.516229,2265278.8,391.2837714,IT=8.2;8.2 ,ii
3647,UP 1,16.173,48412,41201532.0,13.520273,2068979.8,391.2837596,IT=8.1;8.1 ,ii
3648,UP 1,16.384,49644,41107816.0,13.524335,2119776.2,391.2837884,IT=8.2;8.2 ,ii
3649,UP 1,16.519,50304,41568748.0,13.528375,2115750.2,391.2837365,IT=8.3;8.3 ,ii
3650,UP 1,16.316,48360,41831088.0,13.532248,2079471.5,431.2005665,IT=8.2;8.2 ,ii
3651,UP 1,15.824,50444,42902572.0,13.536283,2164482.5,371.1008675,IT=7.9;7.9 ,ii
3652,UP 1,16.058,47228,42207676.0,13.540335,2191329.8,391.2837431,IT=8;8 ,ii
3653,UP 1,16.568,51216,42966244.0,13.544381,2214217.0,431.2006669,IT=8.3;8.3 ,ii
3654,UP 1,16.550,51924,42791472.0,13.548425,2332974.5,431.200599,IT=8.3;8.3 ,ii
3655,UP 1,15.788,49868,42676912.0,13.55246,2421405.2,431.2005636,IT=7.9;7.9 ,ii
3656,UP 1,15.337,46024,42180540.0,13.556497,2470225.8,431.2007567,IT=7.7;7.7 ,ii
3657,UP 1,15.914,51128,43923300.0,13.560545,2570152.5,431.2005687,IT=8;8 ,ii
3658,UP 1,15.996,49476,42942056.0,13.564422,2484202.2,431.2006033,IT=8;8 ,ii
3659,UP 1,16.579,50064,42533772.0,13.568479,2568732.0,431.2005551,IT=8.3;8.3 ,ii
3660,UP 1,16.074,51088,42756136.0,13.572512,2484280.5,431.2006434,IT=8;8 ,ii
3661,UP 1,15.497,48612,42566228.0,13.576547,2652230.0,431.2005972,IT=7.7;7.7 ,ii
3662,UP 1,15.835,46140,41825464.0,13.58042,2667046.5,431.2007889,IT=7.9;7.9 ,ii
3664,UP 1,16.845,49740,41713124.0,13.584466,2634666.8,431.2005617,IT=8.4;8.4 ,ii
3665,UP 1,15.249,48328,42696116.0,13.588497,2854468.8,431.2005925,IT=7.6;7.6 ,ii
3666,UP 1,15.334,47084,43412020.0,13.592531,3033577.5,431.2006191,IT=7.7;7.7 ,ii
3668,UP 1,16.524,49616,42771300.0,13.59657,2925227.8,431.2005381,IT=8.3;8.3 ,ii
3669,UP 1,15.695,47884,42511468.0,13.600603,2945206.2,431.2005359,IT=7.8;7.8 ,ii
3671,UP 1,16.022,47892,43305236.0,13.606503,2975493.0,431.2004815,IT=8;8 ,ii
3672,UP 1,16.217,50404,43529720.0,13.610555,3134117.2,431.200529,IT=8.1;8.1 ,ii
3673,UP 1,15.195,49844,43817428.0,13.614593,3106196.5,431.200661,IT=7.6;7.6 ,ii
3675,UP 1,15.180,46804,43372320.0,13.618599,3293372.0,431.2004711,IT=7.6;7.6 ,ii
3676,UP 1,16.030,47616,42615228.0,13.622655,3196248.2,431.2005244,IT=8;8 ,ii
3677,UP 1,15.295,44652,42543932.0,13.626682,3394322.2,431.2004362,IT=7.6;7.6 ,ii
3678,UP 1,16.535,48968,43271904.0,13.630737,3604655.8,431.2004656,IT=8.3;8.3 ,ii
3679,UP 1,16.173,48836,43018140.0,13.634793,3510782.0,431.2005544,IT=8.1;8.1 ,ii
3680,UP 1,16.516,48600,42656372.0,13.638689,3443156.5,431.2005344,IT=8.3;8.3 ,ii
3681,UP 1,15.820,51236,43964224.0,13.642734,3449580.5,431.2006541,IT=7.9;7.9 ,ii
3682,UP 1,16.034,49572,43337816.0,13.646791,3755191.0,431.2005097,IT=8;8 ,ii
3683,UP 1,16.235,49060,43330608.0,13.65068,3812198.2,431.2005213,IT=8.1;8.1 ,ii
3684,UP 1,15.576,48872,43626524.0,13.654551,3797293.2,431.2004786,IT=7.8;7.8 ,ii
3685,UP 1,16.306,48036,42416256.0,13.658607,3623372.2,431.2005556,IT=8.2;8.2 ,ii
3686,UP 1,16.174,51912,43302880.0,13.662657,3744363.0,431.2005643,IT=8.1;8.1 ,ii
3687,UP 1,15.682,47976,43996740.0,13.666524,3939533.8,431.2004619,IT=7.8;7.8 ,ii
3688,UP 1,15.241,47460,44117548.0,13.670561,3999459.0,431.2005248,IT=7.6;7.6 ,ii
3690,UP 1,15.774,50008,44163640.0,13.67644,3990608.8,431.2005397,IT=7.9;7.9 ,ii
3691,UP 1,15.714,49008,44200308.0,13.680488,4015417.2,431.2005362,IT=7.9;7.9 ,ii
3692,UP 1,17.028,49364,44173692.0,13.684551,4178751.2,431.2005758,IT=8.5;8.5 ,ii
3693,UP 1,15.801,50408,43574272.0,13.688592,4123088.5,431.2005781,IT=7.9;7.9 ,ii
3695,UP 1,15.662,49028,44715816.0,13.692611,4370133.0,431.2005916,IT=7.8;7.8 ,ii
3696,UP 1,15.372,47032,43734908.0,13.696653,4238747.5,431.2006857,IT=7.7;7.7 ,ii
3698,UP 1,15.832,46492,43830504.0,13.700699,4298874.0,431.2007877,IT=7.9;7.9 ,ii
3699,UP 1,15.931,50256,44833612.0,13.704749,4377131.5,431.2008228,IT=8;8 ,ii
3700,UP 1,16.207,48208,43583108.0,13.708626,4463150.0,431.2007074,IT=8.1;8.1 ,ii
3701,UP 1,17.031,49552,43996580.0,13.712684,4176866.5,431.2007794,IT=8.5;8.5 ,ii
3704,UP 1,16.205,49332,44659584.0,13.71859,4592409.0,431.2006577,IT=8.1;8.1 ,ii
3705,UP 1,16.044,45976,44322276.0,13.722636,4714506.0,431.2007543,IT=8;8 ,ii
3707,UP 1,15.410,47540,44885396.0,13.726821,4546083.0,431.2006117,IT=7.7;7.7 ,ii
3708,UP 1,15.046,46100,44734528.0,13.730857,4621977.5,431.2004241,IT=7.5;7.5 ,ii
3709,UP 1,15.518,45712,45251216.0,13.734728,4857699.0,431.2006536,IT=7.8;7.8 ,ii
3710,UP 1,14.832,48196,46512688.0,13.738752,4797717.5,431.2006059,IT=7.4;7.4 ,ii
3711,UP 1,15.388,50468,46078124.0,13.742788,4673097.0,431.2006379,IT=7.7;7.7 ,ii
3712,UP 1,15.479,47256,45200116.0,13.746665,4706318.0,431.2006071,IT=7.7;7.7 ,ii
3713,UP 1,15.176,47540,46209304.0,13.750698,4908122.0,431.2005346,IT=7.6;7.6 ,ii
3714,UP 1,15.167,48564,45851336.0,13.754734,4696986.0,431.2005555,IT=7.6;7.6 ,ii
3715,UP 1,15.466,48336,46397028.0,13.758769,4970742.0,431.2005904,IT=7.7;7.7 ,ii
3716,UP 1,15.393,48472,45772356.0,13.762809,4893900.5,431.2006046,IT=7.7;7.7 ,ii
3717,UP 1,14.996,48644,46370996.0,13.76684,4957613.0,431.2005863,IT=7.5;7.5 ,ii
3718,UP 1,15.472,47160,45197764.0,13.770875,4890701.0,431.2006095,IT=7.7;7.7 ,ii
3719,UP 1,15.316,48912,44767180.0,13.774909,4742743.0,431.2006212,IT=7.7;7.7 ,ii
3720,UP 1,15.630,48328,45039348.0,13.778954,4917230.0,431.2005482,IT=7.8;7.8 ,ii
3721,UP 1,15.505,49548,45749716.0,13.782823,5001632.5,431.2006428,IT=7.8;7.8 ,ii
3723,UP 1,16.134,48596,45430256.0,13.788725,5018143.0,431.200577,IT=8.1;8.1 ,ii
3724,UP 1,15.839,47832,45357172.0,13.792769,5090780.5,431.2006822,IT=7.9;7.9 ,ii
3725,UP 1,15.018,47628,46619228.0,13.796798,4924843.0,431.2006748,IT=7.5;7.5 ,ii
3726,UP 1,14.969,46772,45826360.0,13.800827,5107234.5,431.200622,IT=7.5;7.5 ,ii
3727,UP 1,14.567,48188,46298808.0,13.804677,5330822.0,431.2005682,IT=7.3;7.3 ,ii
3730,UP 1,15.569,49944,46842380.0,13.812371,5130750.0,431.2004936,IT=7.8;7.8 ,ii
3731,UP 1,14.540,50148,47091864.0,13.816398,5304950.5,431.2004459,IT=7.3;7.3 ,ii
3732,UP 1,15.547,51336,47181328.0,13.820269,5279567.0,431.200455,IT=7.8;7.8 ,ii
3734,UP 1,15.386,47152,45370296.0,13.826164,5107880.5,431.2006416,IT=7.7;7.7 ,ii
3735,UP 1,14.598,46212,46777136.0,13.830196,5365734.0,431.2006126,IT=7.3;7.3 ,ii
3736,UP 1,14.833,46136,47118188.0,13.834221,5583519.5,431.2006147,IT=7.4;7.4 ,ii
3737,UP 1,16.057,49316,45263248.0,13.838266,5127972.0,431.2006066,IT=8;8 ,ii
3738,UP 1,14.984,49492,46995796.0,13.842296,5366948.0,431.2006123,IT=7.5;7.5 ,ii
3739,UP 1,15.182,47764,46894036.0,13.846333,5467098.0,431.2005161,IT=7.6;7.6 ,ii
3740,UP 1,14.981,46940,45577300.0,13.850366,5086952.0,431.2006466,IT=7.5;7.5 ,ii
3741,UP 1,15.674,50680,46614592.0,13.85441,5111764.0,431.2007001,IT=7.8;7.8 ,ii
3742,UP 1,14.624,45736,46273928.0,13.85827,5193798.0,431.2006324,IT=7.3;7.3 ,ii
3743,UP 1,14.899,49660,46687036.0,13.862304,5353253.5,431.2006056,IT=7.4;7.4 ,ii
3744,UP 1,15.666,50892,45925160.0,13.866345,5190590.0,431.2008008,IT=7.8;7.8 ,ii
3747,UP 1,15.713,48556,46787308.0,13.872218,5112628.5,431.2006497,IT=7.9;7.9 ,ii
3748,UP 1,15.841,48628,45953008.0,13.876266,5172895.0,431.2007291,IT=7.9;7.9 ,ii
3749,UP 1,14.983,46660,46216324.0,13.880289,5272631.0,431.2005417,IT=7.5;7.5 ,ii
3750,UP 1,14.902,48480,47482132.0,13.884316,5724027.5,431.2007277,IT=7.5;7.5 ,ii
3753,UP 1,16.197,51568,47370428.0,13.890193,5317077.5,431.2006592,IT=8.1;8.1 ,ii
3754,UP 1,15.441,48328,45817568.0,13.894229,5339447.0,431.2008017,IT=7.7;7.7 ,ii
3756,UP 1,15.849,51712,46780492.0,13.89827,5059358.0,431.2007088,IT=7.9;7.9 ,ii
3757,UP 1,15.012,47740,46131716.0,13.902303,5286782.0,431.2006579,IT=7.5;7.5 ,ii
3758,UP 1,15.719,49384,45410456.0,13.906176,5239883.5,431.2007838,IT=7.9;7.9 ,ii
3760,UP 1,15.325,50484,46689172.0,13.910189,5303126.5,431.2006504,IT=7.7;7.7 ,ii
3761,UP 1,15.267,48784,46007452.0,13.91423,5127451.0,431.2005458,IT=7.6;7.6 ,ii
3762,UP 1,14.634,47392,45802708.0,13.91826,5141360.5,431.2007113,IT=7.3;7.3 ,ii
3763,UP 1,15.798,49432,46509608.0,13.922132,5287382.0,431.2006507,IT=7.9;7.9 ,ii
3764,UP 1,15.128,49976,46214264.0,13.926162,5142372.5,431.2007279,IT=7.6;7.6 ,ii
3767,UP 1,15.692,50308,46729836.0,13.93177,5333226.0,431.2006866,IT=7.8;7.8 ,ii
3768,UP 1,15.691,50308,46119440.0,13.935812,5134416.5,431.2007076,IT=7.8;7.8 ,ii
3769,UP 1,15.558,50792,46337412.0,13.939855,5121270.0,431.2008114,IT=7.8;7.8 ,ii
3771,UP 1,15.984,51848,45450456.0,13.943909,5081410.5,431.2008635,IT=8;8 ,ii
3773,UP 1,16.146,53012,46223176.0,13.948005,5068570.0,431.2007425,IT=8.1;8.1 ,ii
3774,UP 1,16.117,51464,45113332.0,13.952053,4957588.0,431.2008074,IT=8.1;8.1 ,ii
3776,UP 1,15.545,49956,46240296.0,13.956261,5335214.5,431.200581,IT=7.8;7.8 ,ii
3777,UP 1,14.835,47812,45445132.0,13.960291,5060773.0,431.2006521,IT=7.4;7.4 ,ii
3778,UP 1,15.444,48240,45625960.0,13.964159,5352845.0,431.200601,IT=7.7;7.7 ,ii
3779,UP 1,15.060,50568,47621932.0,13.968199,5208600.5,431.2006291,IT=7.5;7.5 ,ii
3780,UP 1,15.846,50776,46348516.0,13.972241,5133255.0,431.200576,IT=7.9;7.9 ,ii
3781,UP 1,15.582,51252,45501112.0,13.976278,4972796.5,431.2005632,IT=7.8;7.8 ,ii
3782,UP 1,14.989,50728,46527420.0,13.980143,5368039.5,431.2006019,IT=7.5;7.5 ,ii
3783,UP 1,15.545,50024,46278988.0,13.984176,5080150.0,431.2005684,IT=7.8;7.8 ,ii
3784,UP 1,16.010,49652,44838900.0,13.988226,4861298.0,431.200631,IT=8;8 ,ii
3785,UP 1,15.940,49880,45754548.0,13.992265,5244797.5,431.2006753,IT=8;8 ,ii
3787,UP 1,16.258,48404,44520892.0,13.996292,5051256.0,431.200715,IT=8.1;8.1 ,ii
3788,UP 1,15.855,48888,44786692.0,14.000336,4973864.0,431.2006061,IT=7.9;7.9 ,ii
3789,UP 1,15.192,47328,44368728.0,14.004369,5049107.5,431.2006797,IT=7.6;7.6 ,ii
3790,UP 1,16.280,53952,45667616.0,14.008419,5212375.0,431.2006819,IT=8.1;8.1 ,ii
3791,UP 1,15.380,49124,45530512.0,14.012278,5162837.5,431.2008127,IT=7.7;7.7 ,ii
3793,UP 1,16.225,50720,45055548.0,14.016326,4852603.0,431.2006799,IT=8.1;8.1 ,ii
3794,UP 1,16.436,51596,44523860.0,14.020384,5019968.0,431.2007216,IT=8.2;8.2 ,ii
3795,UP 1,15.840,51092,45788864.0,14.024413,4906860.5,431.2006486,IT=7.9;7.9 ,ii
3796,UP 1,15.583,47844,44043516.0,14.02828,4907750.5,431.2007716,IT=7.8;7.8 ,ii
3797,UP 1,15.895,50056,43969088.0,14.032321,4621124.5,431.200784,IT=7.9;7.9 ,ii
3798,UP 1,16.263,48236,43524488.0,14.036369,4598060.5,431.2008346,IT=8.1;8.1 ,ii
3799,UP 1,16.615,48708,43813488.0,14.040413,4866644.5,431.2007522,IT=8.3;8.3 ,ii
3800,UP 1,15.234,50756,45275900.0,14.044269,4978940.5,431.2006802,IT=7.6;7.6 ,ii
3801,UP 1,16.467,50988,44097896.0,14.048328,4773314.5,431.2006945,IT=8.2;8.2 ,ii
3802,UP 1,16.024,49164,44026756.0,14.052369,4908266.0,431.200654,IT=8;8 ,ii
3803,UP 1,15.808,50648,43930960.0,14.056402,4876678.5,431.2007004,IT=7.9;7.9 ,ii
3804,UP 1,16.064,48680,43567944.0,14.06028,4710586.5,431.2006383,IT=8;8 ,ii
3805,UP 1,17.140,51904,42753808.0,14.06434,4863480.5,431.2005668,IT=8.6;8.6 ,ii
3806,UP 1,16.104,51920,43946624.0,14.068373,4798225.5,431.2005538,IT=8.1;8.1 ,ii
3807,UP 1,16.833,52204,43639192.0,14.072423,4627824.5,431.2005611,IT=8.4;8.4 ,ii
3808,UP 1,16.081,49164,43440500.0,14.07629,4903853.5,431.2005547,IT=8;8 ,ii
3809,UP 1,16.268,49988,43484064.0,14.080334,4731485.0,431.2006573,IT=8.1;8.1 ,ii
3811,UP 1,16.435,52192,43544076.0,14.084375,4871312.0,431.200596,IT=8.2;8.2 ,ii
3812,UP 1,16.771,50668,43251576.0,14.088427,4695795.5,431.2005816,IT=8.4;8.4 ,ii
3813,UP 1,16.952,49492,42601840.0,14.092475,4671754.5,431.2006131,IT=8.5;8.5 ,ii
3814,UP 1,16.964,50068,42221416.0,14.096521,4627881.0,431.2006859,IT=8.5;8.5 ,ii
3815,UP 1,16.719,51252,43556756.0,14.100563,4698119.5,431.2005676,IT=8.4;8.4 ,ii
3816,UP 1,16.616,52820,42676244.0,14.104606,4757937.0,431.2006934,IT=8.3;8.3 ,ii
3818,UP 1,17.453,51568,42751916.0,14.10869,4599470.0,431.200611,IT=8.7;8.7 ,ii
3819,UP 1,16.668,51840,42686564.0,14.112727,4490143.5,431.2006649,IT=8.3;8.3 ,ii
3820,UP 1,16.515,51404,42905672.0,14.116769,4663980.0,431.2007959,IT=8.3;8.3 ,ii
3823,UP 1,17.520,54712,42651348.0,14.122698,4605540.0,431.2006955,IT=8.8;8.8 ,ii
3824,UP 1,16.787,51912,42259100.0,14.12675,4461330.5,431.2006787,IT=8.4;8.4 ,ii
3825,UP 1,17.121,49444,41006492.0,14.130648,4483175.0,431.2007781,IT=8.6;8.6 ,ii
3826,UP 1,17.098,50196,42636944.0,14.134692,4852244.5,431.2008222,IT=8.5;8.5 ,ii
3828,UP 1,17.391,51832,42627624.0,14.138764,4539977.0,431.2006474,IT=8.7;8.7 ,ii
3829,UP 1,18.043,51504,41738324.0,14.142839,4539940.5,431.2006867,IT=9;9 ,ii
3830,UP 1,17.129,51884,41462156.0,14.146735,4546392.0,431.2007326,IT=8.6;8.6 ,ii
3831,UP 1,17.269,52432,42011028.0,14.150798,4611211.0,431.2006463,IT=8.6;8.6 ,ii
3832,UP 1,17.029,53364,42550872.0,14.154854,4564814.0,431.2007389,IT=8.5;8.5 ,ii
3834,UP 1,17.341,52296,41349716.0,14.158902,4319734.5,431.2006161,IT=8.7;8.7 ,ii
3835,UP 1,17.814,50960,40443324.0,14.162975,4562573.5,431.2008072,IT=8.9;8.9 ,ii
3837,UP 1,18.041,51696,40171304.0,14.167035,4332230.5,431.200737,IT=9;9 ,ii
3838,UP 1,17.742,52776,41579516.0,14.171102,4420876.5,431.2006063,IT=8.9;8.9 ,ii
3839,UP 1,18.108,53320,41654052.0,14.175173,4480370.5,431.2006875,IT=9.1;9.1 ,ii
3840,UP 1,17.490,50632,40718760.0,14.179214,4366754.5,431.2006632,IT=8.7;8.7 ,ii
3841,UP 1,17.618,50340,40370984.0,14.183106,4476420.0,431.2006854,IT=8.8;8.8 ,ii
3842,UP 1,17.311,51328,40930520.0,14.187156,4343221.0,431.2006379,IT=8.7;8.7 ,ii
3843,UP 1,18.380,53052,40861068.0,14.191237,4496062.5,431.2006944,IT=9.2;9.2 ,ii
3844,UP 1,17.244,53060,41534180.0,14.195281,4407002.0,431.2005688,IT=8.6;8.6 ,ii
3845,UP 1,16.943,50676,41104412.0,14.199164,4478542.5,431.2005429,IT=8.5;8.5 ,ii
3846,UP 1,17.274,52840,41444460.0,14.20322,4378655.5,431.2006997,IT=8.6;8.6 ,ii
3847,UP 1,17.948,51260,39753556.0,14.207283,4297937.0,431.2006519,IT=9;9 ,ii
3848,UP 1,17.954,51104,40552948.0,14.211353,4331140.0,431.2006135,IT=9;9 ,ii
3849,UP 1,17.929,53492,40097364.0,14.215403,4293349.5,431.2007166,IT=9;9 ,ii
3851,UP 1,17.966,53828,41186744.0,14.219462,4335016.0,431.2005949,IT=9;9 ,ii
3852,UP 1,18.153,52712,39419288.0,14.223524,4213802.5,431.2006775,IT=9.1;9.1 ,ii
3853,UP 1,18.963,54124,39507512.0,14.227597,4071437.5,431.200681,IT=9.5;9.5 ,ii
3855,UP 1,18.504,54564,40170048.0,14.231691,4279436.5,431.200588,IT=9.3;9.3 ,ii
3856,UP 1,17.915,52264,40772920.0,14.235749,4396913.0,431.2005561,IT=9;9 ,ii
3857,UP 1,17.886,49452,39552184.0,14.239799,4310587.5,431.2006597,IT=8.9;8.9 ,ii
3858,UP 1,17.927,54464,40716980.0,14.243853,4229047.0,431.2006455,IT=9;9 ,ii
3859,UP 1,17.563,49068,39840764.0,14.247745,4212898.0,431.2006915,IT=8.8;8.8 ,ii
3860,UP 1,18.469,52332,39062488.0,14.251809,4328810.5,431.2007581,IT=9.2;9.2 ,ii
3861,UP 1,18.857,51368,38914012.0,14.255876,4087120.5,431.2007748,IT=9.4;9.4 ,ii
3865,UP 1,18.662,53660,40008756.0,14.265326,4111324.0,431.2006041,IT=9.3;9.3 ,ii
3866,UP 1,17.588,51420,39477300.0,14.269207,4132840.5,431.2006552,IT=8.8;8.8 ,ii
3867,UP 1,18.930,54536,40218212.0,14.273289,4170253.2,431.2005848,IT=9.5;9.5 ,ii
3868,UP 1,18.649,54068,40142376.0,14.277351,4122518.8,431.2006309,IT=9.3;9.3 ,ii
3869,UP 1,17.521,54916,41094072.0,14.281391,4361850.0,431.2006098,IT=8.8;8.8 ,ii
3870,UP 1,18.165,53780,40851088.0,14.285293,4383817.0,431.2006141,IT=9.1;9.1 ,ii
3871,UP 1,18.396,51468,39404120.0,14.289359,4241825.5,431.2007429,IT=9.2;9.2 ,ii
3873,UP 1,17.846,54136,40355240.0,14.293426,4211203.0,431.2007497,IT=8.9;8.9 ,ii
3874,UP 1,18.399,54720,39775488.0,14.297493,4227903.5,431.2006663,IT=9.2;9.2 ,ii
3875,UP 1,18.702,52288,39024476.0,14.301555,4013114.2,431.2008073,IT=9.4;9.4 ,ii
3877,UP 1,17.914,48968,39414356.0,14.305622,4307488.5,431.2006441,IT=9;9 ,ii
3878,UP 1,18.439,49932,38978488.0,14.309692,4112477.8,431.2006322,IT=9.2;9.2 ,ii
3879,UP 1,17.937,53564,41011488.0,14.313742,4364996.5,431.2005903,IT=9;9 ,ii
3880,UP 1,17.826,51104,40055724.0,14.317794,4258202.5,431.2007207,IT=8.9;8.9 ,ii
3881,UP 1,18.270,50680,39807196.0,14.321857,4263601.5,431.2008031,IT=9.1;9.1 ,ii
3883,UP 1,18.515,51424,38888412.0,14.325951,3986004.2,431.2003498,IT=9.3;9.3 ,ii
3884,UP 1,17.385,49244,40287088.0,14.329994,4189948.2,431.2005341,IT=8.7;8.7 ,ii
3885,UP 1,18.561,51024,39835328.0,14.334065,4164373.2,431.2006885,IT=9.3;9.3 ,ii
3886,UP 1,18.057,51960,40086160.0,14.337951,4131877.5,431.2006857,IT=9;9 ,ii
3887,UP 1,18.768,51936,39784452.0,14.342028,4103213.0,431.2006766,IT=9.4;9.4 ,ii
3888,UP 1,18.067,51408,40542728.0,14.346071,4077144.2,431.2006849,IT=9;9 ,ii
3889,UP 1,19.063,55448,40067360.0,14.350144,4155420.0,431.2007167,IT=9.5;9.5 ,ii
3890,UP 1,17.697,52968,40170484.0,14.354023,4112023.8,431.2006963,IT=8.8;8.8 ,ii
3891,UP 1,18.589,50332,39371572.0,14.358096,3975148.2,431.2007151,IT=9.3;9.3 ,ii
3893,UP 1,19.341,53064,39515704.0,14.362184,4036954.8,431.2006854,IT=9.7;9.7 ,ii
3894,UP 1,17.918,49280,39440240.0,14.366227,4111792.2,431.2006173,IT=9;9 ,ii
3895,UP 1,18.567,53480,40412992.0,14.370125,3953798.2,431.2006586,IT=9.3;9.3 ,ii
3897,UP 1,18.828,53908,41207360.0,14.374202,4120497.2,431.2005865,IT=9.4;9.4 ,ii
3898,UP 1,17.336,50276,40957904.0,14.378244,4108876.0,431.2006672,IT=8.7;8.7 ,ii
3899,UP 1,18.181,54160,41291948.0,14.382304,4086990.8,431.2006247,IT=9.1;9.1 ,ii
3900,UP 1,17.727,52164,40867212.0,14.386184,4098171.0,431.2006373,IT=8.9;8.9 ,ii
3901,UP 1,17.947,51432,40792464.0,14.39024,4054056.2,431.2007001,IT=9;9 ,ii
3902,UP 1,17.680,49588,41203884.0,14.394288,4083618.5,431.2007184,IT=8.8;8.8 ,ii
3903,UP 1,17.796,50512,41314076.0,14.398344,4136161.8,431.2006718,IT=8.9;8.9 ,ii
3904,UP 1,18.059,51908,40754340.0,14.402234,4065781.0,431.2006093,IT=9;9 ,ii
3905,UP 1,18.055,51244,40921968.0,14.406288,4098003.5,431.2006116,IT=9;9 ,ii
3906,UP 1,17.462,51980,40244112.0,14.410329,3756030.5,431.2007767,IT=8.7;8.7 ,ii
3908,UP 1,18.616,53924,40440136.0,14.414571,3779888.5,431.2005868,IT=9.3;9.3 ,ii
3909,UP 1,18.289,52776,39841756.0,14.41846,3717828.5,431.2005347,IT=9.1;9.1 ,ii
3910,UP 1,18.119,52236,40857028.0,14.422515,3772928.0,431.2005339,IT=9.1;9.1 ,ii
3911,UP 1,16.928,49616,40508276.0,14.426548,4015617.0,431.200714,IT=8.5;8.5 ,ii
3912,UP 1,17.782,54296,41538868.0,14.430617,3813067.5,431.2006631,IT=8.9;8.9 ,ii
3913,UP 1,18.034,51040,40553004.0,14.434508,3808341.5,431.2007055,IT=9;9 ,ii
3915,UP 1,18.507,51808,40435780.0,14.438583,3820104.5,431.2006446,IT=9.3;9.3 ,ii
3916,UP 1,18.298,52348,40659268.0,14.442639,3667268.8,431.2007774,IT=9.1;9.1 ,ii
3918,UP 1,19.033,52812,41068888.0,14.446892,3681383.2,431.2006616,IT=9.5;9.5 ,ii
3919,UP 1,18.157,51656,40772656.0,14.450781,3565714.2,431.2006436,IT=9.1;9.1 ,ii
3920,UP 1,18.230,50060,40432336.0,14.454837,3513064.2,431.2006469,IT=9.1;9.1 ,ii
3921,UP 1,17.378,51480,41071784.0,14.458879,3644653.2,431.200753,IT=8.7;8.7 ,ii
3923,UP 1,17.915,49768,39951492.0,14.463131,3384963.5,431.2005397,IT=9;9 ,ii
3924,UP 1,17.651,53356,41179784.0,14.467177,3337020.5,431.2005756,IT=8.8;8.8 ,ii
3925,UP 1,18.078,52848,41188324.0,14.471068,3181934.2,431.2005256,IT=9;9 ,ii
3926,UP 1,18.049,52872,41207864.0,14.475131,3320221.0,431.2006337,IT=9;9 ,ii
3928,UP 1,18.081,52048,40303632.0,14.479214,3092438.0,431.2005689,IT=9;9 ,ii
3929,UP 1,18.610,51836,39787552.0,14.483287,3013694.5,431.2006416,IT=9.3;9.3 ,ii
3930,UP 1,18.223,50976,39723952.0,14.487168,2912248.5,431.200628,IT=9.1;9.1 ,ii
3931,UP 1,19.132,53020,39814156.0,14.491243,2839205.0,431.2007184,IT=9.6;9.6 ,ii
3933,UP 1,18.811,51656,39648360.0,14.49532,2742381.2,431.2006447,IT=9.4;9.4 ,ii
3934,UP 1,18.930,53932,39555244.0,14.499387,2607718.5,431.2006827,IT=9.5;9.5 ,ii
3935,UP 1,19.247,52488,39264836.0,14.503281,2658772.0,431.2005941,IT=9.6;9.6 ,ii
3936,UP 1,18.530,50180,38756868.0,14.507335,2406070.8,431.2006471,IT=9.3;9.3 ,ii
3938,UP 1,18.120,53448,40400580.0,14.511401,2475741.8,431.2006121,IT=9.1;9.1 ,ii
3939,UP 1,17.918,54348,40960860.0,14.515456,2414044.2,431.200529,IT=9;9 ,ii
3940,UP 1,18.316,49260,39727644.0,14.519343,2367773.0,431.2005011,IT=9.2;9.2 ,ii
3941,UP 1,18.416,51828,39408348.0,14.523401,2297935.0,431.2006004,IT=9.2;9.2 ,ii
3942,UP 1,19.288,52040,39525012.0,14.527474,2197013.2,391.2837619,IT=9.6;9.6 ,ii
3944,UP 1,19.171,51076,38756024.0,14.531745,2164526.0,391.2836672,IT=9.6;9.6 ,ii
3945,UP 1,18.405,50744,39116320.0,14.535631,2230291.8,391.283645,IT=9.2;9.2 ,ii
3946,UP 1,19.089,53336,38192556.0,14.539697,2078320.6,391.2837947,IT=9.5;9.5 ,ii
3947,UP 1,18.023,50956,39844168.0,14.543739,2170102.8,391.2837772,IT=9;9 ,ii
3948,UP 1,18.672,52504,38903484.0,14.547803,2084298.6,391.2837651,IT=9.3;9.3 ,ii
3950,UP 1,19.279,53284,39222572.0,14.551891,2112519.5,391.2836707,IT=9.6;9.6 ,ii
3951,UP 1,18.338,50796,39331208.0,14.555941,2258615.2,391.283629,IT=9.2;9.2 ,ii
3952,UP 1,20.246,54992,38330316.0,14.56003,2081486.9,391.2836508,IT=10;10 ,ii
3953,UP 1,19.377,52000,38316024.0,14.564084,2087750.5,391.2837057,IT=9.7;9.7 ,ii
3954,UP 1,20.199,53504,39588456.0,14.568005,2118012.5,391.2836701,IT=10;10 ,ii
3955,UP 1,19.419,55756,39147204.0,14.572072,2185049.0,391.2836892,IT=9.7;9.7 ,ii
3956,UP 1,18.643,54272,39717640.0,14.576126,2036368.2,391.2836097,IT=9.3;9.3 ,ii
3957,UP 1,18.921,50616,38255876.0,14.580189,2060310.0,391.2837127,IT=9.5;9.5 ,ii
3958,UP 1,18.905,52844,39234512.0,14.584084,2170160.8,391.2836519,IT=9.5;9.5 ,ii
3959,UP 1,19.329,55528,38491012.0,14.588168,1997663.8,391.2836794,IT=9.7;9.7 ,ii
3960,UP 1,19.464,54784,39341928.0,14.592238,2186648.0,391.2837164,IT=9.7;9.7 ,ii
3961,UP 1,19.427,51540,37787020.0,14.596303,2007006.9,371.1008361,IT=9.7;9.7 ,ii
3962,UP 1,19.360,54576,39813972.0,14.600203,2279823.8,391.2836615,IT=9.7;9.7 ,ii
3963,UP 1,19.481,52540,38658328.0,14.604107,2070015.9,391.2837255,IT=9.7;9.7 ,ii
3964,UP 1,18.219,52936,39592584.0,14.608163,2122529.8,391.2837126,IT=9.1;9.1 ,ii
3965,UP 1,19.079,53724,38851712.0,14.612236,2098184.2,391.2837323,IT=9.5;9.5 ,ii
3966,UP 1,19.188,51380,38287236.0,14.616132,2152180.8,391.2838104,IT=9.6;9.6 ,ii
3969,UP 1,19.593,55192,38875100.0,14.621811,2028704.6,391.2837132,IT=9.8;9.8 ,ii
3971,UP 1,18.944,52796,38941728.0,14.625959,2040965.6,391.2836624,IT=9.5;9.5 ,ii
3972,UP 1,19.016,53740,38823364.0,14.630024,2090100.5,391.2836425,IT=9.5;9.5 ,ii
3973,UP 1,18.286,51896,39240452.0,14.634082,2036608.4,391.2836685,IT=9.1;9.1 ,ii
3974,UP 1,19.403,53620,38959748.0,14.638165,2184470.2,391.283653,IT=9.7;9.7 ,ii
3975,UP 1,19.161,56016,39946604.0,14.642067,2098226.5,391.2836534,IT=9.6;9.6 ,ii
3976,UP 1,18.513,54040,39911680.0,14.646117,2222487.2,391.2836386,IT=9.3;9.3 ,ii
3977,UP 1,19.220,55320,39974752.0,14.650184,2152374.8,391.2836367,IT=9.6;9.6 ,ii
3978,UP 1,18.664,53112,39711504.0,14.654236,2112574.0,391.2837268,IT=9.3;9.3 ,ii
3979,UP 1,19.291,56312,39820516.0,14.65814,2202169.8,391.2836721,IT=9.6;9.6 ,ii
3980,UP 1,19.174,55036,39885976.0,14.662203,2066254.8,391.2836037,IT=9.6;9.6 ,ii
3981,UP 1,19.426,55244,38847368.0,14.666265,2054631.4,391.2837723,IT=9.7;9.7 ,ii
3983,UP 1,19.600,54228,39679124.0,14.670519,2145198.2,391.2835298,IT=9.8;9.8 ,ii
3984,UP 1,18.718,53052,39014624.0,14.674673,2128423.5,391.2836776,IT=9.4;9.4 ,ii
3985,UP 1,19.668,55132,38931192.0,14.678761,2026804.1,391.2835047,IT=9.8;9.8 ,ii
3986,UP 1,19.172,53320,38234084.0,14.682827,2031654.8,391.2836596,IT=9.6;9.6 ,ii
3987,UP 1,18.790,50904,38947668.0,14.68689,1999421.1,371.1007346,IT=9.4;9.4 ,ii
3988,UP 1,19.212,54624,39815064.0,14.690798,2244629.0,391.2836308,IT=9.6;9.6 ,ii
3989,UP 1,19.280,54276,39244512.0,14.694871,2063858.1,391.2836835,IT=9.6;9.6 ,ii
3990,UP 1,19.843,53824,39030184.0,14.698952,2024473.8,371.1007653,IT=9.9;9.9 ,ii
3991,UP 1,18.296,52676,39849924.0,14.703002,2182006.8,391.2837624,IT=9.1;9.1 ,ii
3993,UP 1,18.424,53088,40559880.0,14.707234,2263318.0,391.2836794,IT=9.2;9.2 ,ii
3994,UP 1,18.715,51432,39082228.0,14.711157,2102671.5,391.2837781,IT=9.4;9.4 ,ii
3996,UP 1,18.471,52832,39698520.0,14.715396,2085763.6,391.2836497,IT=9.2;9.2 ,ii
3997,UP 1,19.538,54708,39523740.0,14.719475,2048505.0,391.2836494,IT=9.8;9.8 ,ii
3998,UP 1,19.722,54272,39977508.0,14.723538,2157039.2,391.283759,IT=9.9;9.9 ,ii
4000,UP 1,18.905,50784,39350696.0,14.727619,2148432.0,391.2836874,IT=9.5;9.5 ,ii
4001,UP 1,19.086,54064,39861580.0,14.731685,2125306.2,391.2837548,IT=9.5;9.5 ,ii
4003,UP 1,18.815,53528,39440436.0,14.735779,2171338.5,391.2837579,IT=9.4;9.4 ,ii
4004,UP 1,18.298,52800,39208800.0,14.739831,2046600.4,391.2837459,IT=9.1;9.1 ,ii
4005,UP 1,19.126,53496,39536788.0,14.743729,2008790.1,391.2837176,IT=9.6;9.6 ,ii
4006,UP 1,18.749,53124,39681556.0,14.747787,2038549.6,391.2837156,IT=9.4;9.4 ,ii
4007,UP 1,18.934,54668,38962632.0,14.75185,2019766.0,391.2837533,IT=9.5;9.5 ,ii
4008,UP 1,18.542,53264,40065040.0,14.755904,2229864.0,391.2837545,IT=9.3;9.3 ,ii
4009,UP 1,17.961,49092,39533408.0,14.759948,2163684.8,391.2837754,IT=9;9 ,ii
4010,UP 1,18.921,53152,39794712.0,14.764021,2124139.8,391.2837331,IT=9.5;9.5 ,ii
4011,UP 1,18.995,53040,40268304.0,14.768085,2164664.2,391.2836948,IT=9.5;9.5 ,ii
4012,UP 1,18.819,50564,39672264.0,14.772141,2169620.5,391.2837683,IT=9.4;9.4 ,ii
4013,UP 1,18.930,54880,39512736.0,14.776035,2167670.5,391.2836785,IT=9.5;9.5 ,ii
4014,UP 1,18.394,52100,39729148.0,14.780089,2201264.5,391.2836998,IT=9.2;9.2 ,ii
4015,UP 1,19.607,52500,39045460.0,14.78417,2108275.8,391.2837295,IT=9.8;9.8 ,ii
4016,UP 1,19.149,53632,38920476.0,14.788227,2070465.9,391.2834174,IT=9.6;9.6 ,ii
4017,UP 1,19.679,55632,39960148.0,14.792129,2018274.2,391.2836643,IT=9.8;9.8 ,ii
4018,UP 1,19.001,54924,40145960.0,14.796189,2151439.0,391.2836209,IT=9.5;9.5 ,ii
4019,UP 1,19.479,53260,39797264.0,14.800256,2124304.8,391.2837123,IT=9.7;9.7 ,ii
4021,UP 1,19.645,56124,39231956.0,14.804516,2030123.4,371.1007821,IT=9.8;9.8 ,ii
4023,UP 1,19.123,56048,40588016.0,14.808837,2194031.5,391.2836675,IT=9.6;9.6 ,ii
4024,UP 1,18.838,54980,39909328.0,14.812727,2091336.9,391.2837126,IT=9.4;9.4 ,ii
4025,UP 1,18.463,52324,39106956.0,14.816779,2062423.8,391.283659,IT=9.2;9.2 ,ii
4026,UP 1,19.233,52216,39314808.0,14.820847,2089706.8,391.283782,IT=9.6;9.6 ,ii
4027,UP 1,19.227,52144,39044064.0,14.824908,2035331.5,391.2838173,IT=9.6;9.6 ,ii
4028,UP 1,19.598,53224,39168960.0,14.828812,2049508.2,391.2838696,IT=9.8;9.8 ,ii
4030,UP 1,19.445,52372,40063720.0,14.832897,2074134.2,391.2837501,IT=9.7;9.7 ,ii
4031,UP 1,19.253,53580,39666072.0,14.836962,2082809.9,391.283786,IT=9.6;9.6 ,ii
4032,UP 1,18.515,54000,39558052.0,14.841016,2138369.2,391.2836849,IT=9.3;9.3 ,ii
4033,UP 1,18.580,53608,40400176.0,14.84491,2261881.5,391.2836921,IT=9.3;9.3 ,ii
4034,UP 1,19.723,55704,39566452.0,14.848993,2049441.6,391.2837729,IT=9.9;9.9 ,ii
4036,UP 1,19.188,52752,40376328.0,14.853101,2058078.2,391.283683,IT=9.6;9.6 ,ii
4037,UP 1,18.614,54336,40845176.0,14.857162,2150825.5,391.2837418,IT=9.3;9.3 ,ii
4038,UP 1,18.698,53652,38740320.0,14.861051,2091054.4,391.2835046,IT=9.3;9.3 ,ii
4039,UP 1,18.408,48288,38395260.0,14.865114,2060961.6,391.2837904,IT=9.2;9.2 ,ii
4040,UP 1,17.652,50492,39753028.0,14.869164,2199549.8,391.2838385,IT=8.8;8.8 ,ii
4041,UP 1,19.363,53932,38940004.0,14.873243,1980628.6,391.2837822,IT=9.7;9.7 ,ii
4042,UP 1,18.776,51176,39664132.0,14.877132,2159866.8,391.2836439,IT=9.4;9.4 ,ii
4043,UP 1,19.618,53640,39391744.0,14.881212,2020011.6,391.2837147,IT=9.8;9.8 ,ii
4044,UP 1,18.975,54128,39718356.0,14.88527,2189471.8,391.2837607,IT=9.5;9.5 ,ii
4046,UP 1,19.010,56284,40902616.0,14.88952,2114301.5,391.2836945,IT=9.5;9.5 ,ii
4047,UP 1,19.566,51872,39637504.0,14.893428,2100432.8,391.2836404,IT=9.8;9.8 ,ii
4048,UP 1,18.423,51372,39953528.0,14.897478,2260999.5,391.2836625,IT=9.2;9.2 ,ii
4049,UP 1,18.248,52480,40131660.0,14.901534,2123199.0,391.2837655,IT=9.1;9.1 ,ii
4050,UP 1,18.955,52412,39509772.0,14.905603,2248097.5,391.2836715,IT=9.5;9.5 ,ii
4051,UP 1,19.095,54928,39328864.0,14.909499,2176677.8,391.283662,IT=9.5;9.5 ,ii
4052,UP 1,19.449,56224,39928088.0,14.913568,2159759.8,391.2837207,IT=9.7;9.7 ,ii
4054,UP 1,18.846,55160,40055264.0,14.917657,2226540.5,391.2836881,IT=9.4;9.4 ,ii
4055,UP 1,20.099,55576,39687744.0,14.921745,2079544.1,391.2837579,IT=10;10 ,ii
4056,UP 1,19.142,54692,40322360.0,14.925803,2110190.8,391.2836801,IT=9.6;9.6 ,ii
4057,UP 1,19.193,54756,40100900.0,14.929699,2265246.8,391.2837924,IT=9.6;9.6 ,ii
4058,UP 1,18.820,53244,39848164.0,14.933757,2108466.5,371.1007886,IT=9.4;9.4 ,ii
4059,UP 1,19.265,52276,39636456.0,14.93783,2061118.1,391.2837666,IT=9.6;9.6 ,ii
4062,UP 1,19.189,55332,39787620.0,14.943776,2128526.2,391.2836615,IT=9.6;9.6 ,ii
4063,UP 1,18.795,54000,39380692.0,14.94784,2075602.5,391.2838014,IT=9.4;9.4 ,ii
4065,UP 1,19.133,54616,38957404.0,14.951917,2183323.8,391.2837527,IT=9.6;9.6 ,ii
4066,UP 1,20.107,54124,39770220.0,14.956007,2234086.5,391.2837448,IT=10;10 ,ii
4067,UP 1,19.292,50712,38655440.0,14.960069,2122034.5,391.2836709,IT=9.6;9.6 ,ii
4068,UP 1,19.210,52004,38850136.0,14.964142,2076761.6,391.2837784,IT=9.6;9.6 ,ii
4069,UP 1,19.101,50820,38931780.0,14.968219,2142976.8,391.2837103,IT=9.6;9.6 ,ii
4070,UP 1,20.318,55884,38796128.0,14.972309,2124000.8,391.2837295,IT=10;10 ,ii
4071,UP 1,19.075,54500,39667364.0,14.976367,2131798.2,391.2837621,IT=9.5;9.5 ,ii
4073,UP 1,19.332,53320,39674272.0,14.980448,2186000.0,391.283631,IT=9.7;9.7 ,ii
4074,UP 1,19.137,53624,40016592.0,14.984536,2204830.2,391.2836748,IT=9.6;9.6 ,ii
4075,UP 1,19.116,53124,38999032.0,14.98843,2162075.0,391.2837577,IT=9.6;9.6 ,ii
4077,UP 1,19.519,51140,38547732.0,14.992509,2191113.5,391.2836903,IT=9.8;9.8 ,ii
4079,UP 1,20.045,56176,39223936.0,14.996642,2050852.2,391.2836388,IT=10;10 ,ii
4080,UP 1,20.083,53712,39061664.0,15.000719,2126011.5,391.2837414,IT=10;10 ,ii
4081,UP 1,18.772,55376,40068200.0,15.004609,2088838.0,391.2836104,IT=9.4;9.4 ,ii
4082,UP 1,19.273,52740,38878720.0,15.008692,2143574.0,391.2838457,IT=9.6;9.6 ,ii
4084,UP 1,19.865,55848,39223264.0,15.012777,1996441.2,391.283739,IT=9.9;9.9 ,ii
4085,UP 1,18.952,52672,39403028.0,15.016829,2071550.4,391.2837661,IT=9.5;9.5 ,ii
4087,UP 1,19.904,54284,38636892.0,15.020917,2106192.8,391.2836687,IT=10;10 ,ii
4088,UP 1,19.587,55892,39577560.0,15.024981,2175512.8,391.2836385,IT=9.8;9.8 ,ii
4089,UP 1,19.777,54160,38708980.0,15.029058,2147739.5,391.2838069,IT=9.9;9.9 ,ii
4091,UP 1,19.874,54484,39402532.0,15.033317,2174018.0,391.2836094,IT=9.9;9.9 ,ii
4092,UP 1,19.711,54860,39131704.0,15.037223,2046452.5,391.2837783,IT=9.9;9.9 ,ii
4094,UP 1,19.907,54236,39351272.0,15.041317,2182903.2,391.2835502,IT=10;10 ,ii
4095,UP 1,19.478,52488,39405600.0,15.045383,2197051.0,391.2837089,IT=9.7;9.7 ,ii
4097,UP 1,20.568,57764,38937120.0,15.049654,2010933.1,391.2838095,IT=10;10 ,ii
4099,UP 1,20.053,56700,39564072.0,15.053981,2141819.8,391.2836925,IT=10;10 ,ii
4100,UP 1,19.665,56076,39397232.0,15.057885,2189532.2,391.2837183,IT=9.8;9.8 ,ii
4101,UP 1,19.139,53744,38294364.0,15.061942,2125324.8,391.2837225,IT=9.6;9.6 ,ii
4102,UP 1,19.102,52184,38869416.0,15.066002,2303414.2,391.2837524,IT=9.6;9.6 ,ii
4103,UP 1,18.864,54688,38701980.0,15.070056,2134828.0,391.2837692,IT=9.4;9.4 ,ii
4104,UP 1,19.525,51728,39003336.0,15.073956,2003205.5,391.2836669,IT=9.8;9.8 ,ii
4105,UP 1,18.774,54432,39114108.0,15.078012,2219385.8,391.2838286,IT=9.4;9.4 ,ii
4106,UP 1,19.015,53116,38729036.0,15.082075,2114829.2,391.2837373,IT=9.5;9.5 ,ii
4107,UP 1,20.596,52664,37604120.0,15.086171,2112103.2,391.2837863,IT=10;10 ,ii
4108,UP 1,19.376,53812,39403692.0,15.090212,2151071.0,391.2837507,IT=9.7;9.7 ,ii
4109,UP 1,19.887,53672,38470788.0,15.094281,2134434.2,391.2837603,IT=9.9;9.9 ,ii
4110,UP 1,19.523,52992,38627600.0,15.098343,2034649.2,371.1008378,IT=9.8;9.8 ,ii
4111,UP 1,19.588,52016,38472728.0,15.102406,2214738.0,391.2838188,IT=9.8;9.8 ,ii
4112,UP 1,20.394,54908,38315548.0,15.106316,2082083.5,391.2836745,IT=10;10 ,ii
4113,UP 1,19.301,50232,37808132.0,15.110366,2270222.8,391.2838139,IT=9.7;9.7 ,ii
4114,UP 1,20.600,56500,38715004.0,15.11445,2217468.0,391.2836092,IT=10;10 ,ii
4115,UP 1,19.904,50924,37963496.0,15.118508,2109497.2,391.283683,IT=10;10 ,ii
4116,UP 1,19.612,51888,38589192.0,15.122408,2160302.0,391.2837634,IT=9.8;9.8 ,ii
4118,UP 1,19.526,55060,38844200.0,15.126522,2107398.2,371.1008263,IT=9.8;9.8 ,ii
4119,UP 1,19.933,53016,37720788.0,15.130589,2150073.0,391.2837841,IT=10;10 ,ii
4120,UP 1,19.145,55256,38732140.0,15.134641,2149727.0,391.2838023,IT=9.6;9.6 ,ii
4121,UP 1,19.484,54012,38812492.0,15.138547,2178561.2,391.2838019,IT=9.7;9.7 ,ii
4122,UP 1,20.201,53444,38266152.0,15.14262,2228303.2,391.2838337,IT=10;10 ,ii
4123,UP 1,20.328,53088,37143292.0,15.146687,2129143.0,391.2839329,IT=10;10 ,ii
4125,UP 1,19.684,51624,37624052.0,15.150941,2261469.2,391.2837891,IT=9.8;9.8 ,ii
4126,UP 1,19.636,52604,37863732.0,15.154843,2173960.5,391.283795,IT=9.8;9.8 ,ii
4127,UP 1,20.501,55352,37841436.0,15.158924,2066092.9,391.2837504,IT=10;10 ,ii
4128,UP 1,19.721,51876,37438444.0,15.162976,2135010.8,391.2838052,IT=9.9;9.9 ,ii
4129,UP 1,20.345,56508,37970760.0,15.167053,2065756.0,391.2837855,IT=10;10 ,ii
4130,UP 1,19.818,50880,37713708.0,15.170943,2152217.8,391.2837628,IT=9.9;9.9 ,ii
4131,UP 1,20.131,51300,36952568.0,15.175024,2262901.2,391.2837828,IT=10;10 ,ii
4132,UP 1,19.999,51536,37373004.0,15.179091,2078857.5,391.2837514,IT=10;10 ,ii
4133,UP 1,19.846,52288,37911824.0,15.183155,2175102.2,391.2837735,IT=9.9;9.9 ,ii
4134,UP 1,19.211,53984,38658160.0,15.187224,2178022.2,391.2837877,IT=9.6;9.6 ,ii
4135,UP 1,21.217,52628,36167100.0,15.191147,1953161.0,391.2837462,IT=11;11 ,ii
4136,UP 1,19.501,52420,37841212.0,15.195201,2203346.2,391.2837916,IT=9.8;9.8 ,ii
4137,UP 1,20.190,55592,38508504.0,15.199276,2080782.0,391.2838393,IT=10;10 ,ii
4139,UP 1,21.116,55196,36798976.0,15.203576,2038214.6,391.28378,IT=11;11 ,ii
4140,UP 1,19.691,53608,37926388.0,15.207464,2159903.5,391.2838258,IT=9.8;9.8 ,ii
4142,UP 1,20.017,53880,37501632.0,15.211564,2145615.8,391.2837704,IT=10;10 ,ii
4143,UP 1,20.370,55448,38047868.0,15.215638,2321071.2,391.2836596,IT=10;10 ,ii
4144,UP 1,20.055,54248,37615072.0,15.219703,2275678.8,391.2837369,IT=10;10 ,ii
4145,UP 1,20.906,52964,36199280.0,15.223624,1998021.0,391.2837796,IT=10;10 ,ii
4146,UP 1,20.590,53988,37916644.0,15.227693,2186386.0,391.2838036,IT=10;10 ,ii
4147,UP 1,20.189,52804,36914980.0,15.231759,2080494.4,391.2837413,IT=10;10 ,ii
4148,UP 1,21.253,50728,36150268.0,15.235845,2043042.2,391.2838534,IT=11;11 ,ii
4150,UP 1,21.227,52868,36444068.0,15.23998,2007663.1,391.2837745,IT=11;11 ,ii
4151,UP 1,21.118,53132,36129276.0,15.244053,2079589.4,391.2839537,IT=11;11 ,ii
4153,UP 1,21.155,52716,36297552.0,15.248176,2142769.5,391.283751,IT=11;11 ,ii
4154,UP 1,20.594,55116,37526968.0,15.252232,2003986.2,391.2837077,IT=10;10 ,ii
4155,UP 1,20.559,52360,36629304.0,15.256132,2093700.0,391.2836666,IT=10;10 ,ii
4156,UP 1,20.421,52416,36759128.0,15.260203,2267227.2,391.2836813,IT=10;10 ,ii
4157,UP 1,20.646,51800,35618080.0,15.264284,1983338.9,391.2836801,IT=10;10 ,ii
4158,UP 1,20.974,53140,36463192.0,15.268357,2112439.0,371.1008107,IT=10;10 ,ii
4159,UP 1,19.788,53328,36748532.0,15.272244,2149068.2,391.2837746,IT=9.9;9.9 ,ii
4160,UP 1,21.386,52280,35679336.0,15.27634,2018151.9,391.2837572,IT=11;11 ,ii
4161,UP 1,21.204,54404,36023040.0,15.280409,2111332.2,391.2837447,IT=11;11 ,ii
4162,UP 1,20.391,51500,36200648.0,15.284463,2091298.6,391.2837173,IT=10;10 ,ii
4163,UP 1,21.346,52972,36128768.0,15.288546,2057418.9,391.2838425,IT=11;11 ,ii
4164,UP 1,20.834,53564,36155444.0,15.292444,2124594.2,391.2837595,IT=10;10 ,ii
4165,UP 1,20.696,55888,37247720.0,15.296515,2096567.1,391.2837788,IT=10;10 ,ii
4166,UP 1,20.325,51012,36293788.0,15.300584,2112058.2,391.2837721,IT=10;10 ,ii
4167,UP 1,20.779,53248,36333952.0,15.30465,1985141.8,391.2838492,IT=10;10 ,ii
4168,UP 1,20.327,50984,37113112.0,15.308709,2188364.2,391.2837409,IT=10;10 ,ii
4169,UP 1,20.315,53660,36841104.0,15.312771,2194509.0,391.2837147,IT=10;10 ,ii
4170,UP 1,21.265,52244,35929488.0,15.316856,2109856.5,391.2837597,IT=11;11 ,ii
4171,UP 1,20.893,53516,36786952.0,15.320915,2244608.8,391.2836873,IT=10;10 ,ii
4172,UP 1,20.129,51276,36138464.0,15.324807,2143954.0,391.2837045,IT=10;10 ,ii
4173,UP 1,20.658,54684,35963244.0,15.328892,2156689.0,391.2838091,IT=10;10 ,ii
4174,UP 1,21.168,53944,35794524.0,15.332965,2133745.8,391.2837209,IT=11;11 ,ii
4175,UP 1,20.280,48236,35760156.0,15.337019,2275143.0,391.2837919,IT=10;10 ,ii
4176,UP 1,20.997,53588,36310164.0,15.3411,2115946.2,391.2837553,IT=10;10 ,ii
4177,UP 1,22.285,54072,35421872.0,15.345192,1996537.8,391.2837485,IT=11;11 ,ii
4178,UP 1,21.300,51724,36559444.0,15.349252,2166796.8,391.2837917,IT=11;11 ,ii
4179,UP 1,20.975,50516,35627136.0,15.353317,2024496.9,391.2838699,IT=10;10 ,ii
4181,UP 1,21.560,52664,36102564.0,15.357456,2099809.8,391.2837343,IT=11;11 ,ii
4182,UP 1,21.274,52612,35815440.0,15.361529,2178802.2,391.2837177,IT=11;11 ,ii
4183,UP 1,21.375,52564,36202160.0,15.3656,2042582.2,391.2837316,IT=11;11 ,ii
4184,UP 1,21.512,52728,36123432.0,15.369673,2164205.2,391.2837063,IT=11;11 ,ii
4185,UP 1,20.977,53880,37191780.0,15.373571,2166125.8,391.283625,IT=10;10 ,ii
4186,UP 1,20.653,49768,36217392.0,15.377635,2163379.2,391.2837588,IT=10;10 ,ii
4187,UP 1,21.349,49784,35823384.0,15.381714,2095862.5,391.2838112,IT=11;11 ,ii
4189,UP 1,22.927,53308,34875320.0,15.386025,1980720.5,391.2836275,IT=11;11 ,ii
4190,UP 1,20.975,51256,35784888.0,15.390077,2125390.0,391.2837245,IT=10;10 ,ii
4192,UP 1,21.500,51988,35780908.0,15.394225,2193761.5,391.2837734,IT=11;11 ,ii
4193,UP 1,21.147,52204,35986552.0,15.398287,2101054.5,391.2837413,IT=11;11 ,ii
4194,UP 1,22.397,54772,36283696.0,15.402377,2202363.5,391.283765,IT=11;11 ,ii
4195,UP 1,21.240,54232,36700352.0,15.406431,2128059.0,391.283669,IT=11;11 ,ii
4196,UP 1,22.084,55012,35919636.0,15.410346,2045333.9,391.28376,IT=11;11 ,ii
4197,UP 1,21.248,53108,35747808.0,15.41441,2070638.0,391.2836678,IT=11;11 ,ii
4198,UP 1,20.224,50896,36405540.0,15.418464,2181952.5,391.2836221,IT=10;10 ,ii
4199,UP 1,21.306,52620,36223928.0,15.422547,2197841.0,391.2836914,IT=11;11 ,ii
4200,UP 1,20.842,51220,36326828.0,15.426616,2185505.2,391.2836507,IT=10;10 ,ii
4201,UP 1,20.764,55920,36048620.0,15.430681,2167714.5,391.2836366,IT=10;10 ,ii
4202,UP 1,20.947,52680,36396096.0,15.434754,2141114.5,391.2836177,IT=10;10 ,ii
4203,UP 1,20.780,51104,35583556.0,15.438818,2274003.0,391.2837971,IT=10;10 ,ii
4205,UP 1,21.508,53908,34949924.0,15.44296,1963845.0,391.2836572,IT=11;11 ,ii
4206,UP 1,20.940,54708,36670692.0,15.447022,2342086.2,391.2836364,IT=10;10 ,ii
4207,UP 1,21.028,54184,36212268.0,15.451095,2072526.6,391.2837476,IT=11;11 ,ii
4209,UP 1,21.719,53840,35924620.0,15.455235,2112910.0,391.2836989,IT=11;11 ,ii
4210,UP 1,21.192,52488,36214644.0,15.459299,2148099.8,391.2837575,IT=11;11 ,ii
4211,UP 1,20.751,53400,36603216.0,15.463195,2165068.0,371.1007026,IT=10;10 ,ii
4212,UP 1,20.999,54084,36458116.0,15.467274,2190963.5,391.2836838,IT=10;10 ,ii
4213,UP 1,21.356,52168,35846252.0,15.471347,2117293.0,391.2836486,IT=11;11 ,ii
4214,UP 1,21.129,52772,36221884.0,15.475414,2177993.5,391.2838286,IT=11;11 ,ii
4216,UP 1,21.844,54948,36532348.0,15.479572,2212573.8,391.2837926,IT=11;11 ,ii
4218,UP 1,21.883,51856,35453660.0,15.483747,2201817.0,391.2836884,IT=11;11 ,ii
4219,UP 1,21.565,53588,35890684.0,15.487818,2190285.5,391.2835966,IT=11;11 ,ii
4220,UP 1,22.044,51560,35285120.0,15.491899,2091578.2,391.2836345,IT=11;11 ,ii
4221,UP 1,22.066,54168,35077540.0,15.49581,2110133.2,391.2836592,IT=11;11 ,ii
4222,UP 1,20.673,50084,36082140.0,15.499862,2129213.8,391.2837482,IT=10;10 ,ii
4223,UP 1,21.187,52700,36357104.0,15.503939,2159044.8,391.2837242,IT=11;11 ,ii
4224,UP 1,21.788,51852,35418280.0,15.508018,1996669.0,391.2836636,IT=11;11 ,ii
4225,UP 1,20.936,54048,36148228.0,15.511916,2218110.0,391.2838359,IT=10;10 ,ii
4228,UP 1,21.691,52620,35618632.0,15.517628,2065668.2,391.2837529,IT=11;11 ,ii
4229,UP 1,21.068,52184,36123020.0,15.521534,2223171.2,391.283724,IT=11;11 ,ii
4230,UP 1,21.312,52696,36125516.0,15.52563,2171762.2,391.2837331,IT=11;11 ,ii
4231,UP 1,20.747,53084,36772488.0,15.529705,2186587.2,391.2837204,IT=10;10 ,ii
4232,UP 1,20.849,52656,36119716.0,15.533624,2210767.0,391.2838509,IT=10;10 ,ii
4235,UP 1,23.369,56208,35354520.0,15.539397,1996980.2,391.2836927,IT=12;12 ,ii
4236,UP 1,20.927,51808,36589096.0,15.543284,2132004.8,391.2836304,IT=10;10 ,ii
4237,UP 1,21.286,50956,35801144.0,15.547359,2106564.2,391.283741,IT=11;11 ,ii
4239,UP 1,22.198,53640,36138680.0,15.55149,2101803.8,391.283688,IT=11;11 ,ii
4241,UP 1,20.986,46836,35206548.0,15.555838,2212295.2,391.2836013,IT=10;10 ,ii
4242,UP 1,20.811,54516,37394580.0,15.559736,2234946.5,391.2836144,IT=10;10 ,ii
4243,UP 1,21.854,52948,36486688.0,15.563826,2186922.2,391.2836361,IT=11;11 ,ii
4244,UP 1,20.547,52000,36997164.0,15.567878,2174685.2,391.2837068,IT=10;10 ,ii
4245,UP 1,20.706,51816,36229840.0,15.571946,2137978.0,391.2836376,IT=10;10 ,ii
4246,UP 1,21.358,51512,35756928.0,15.575859,2065017.4,391.2836182,IT=11;11 ,ii
4247,UP 1,20.594,49036,36521856.0,15.579924,2195012.5,391.2836499,IT=10;10 ,ii
4248,UP 1,20.738,51804,36408972.0,15.58399,2107173.8,391.2836393,IT=10;10 ,ii
4249,UP 1,21.373,51920,36349488.0,15.588069,2021563.1,391.2836755,IT=11;11 ,ii
4250,UP 1,20.436,51056,37508460.0,15.592132,2324472.2,391.2835621,IT=10;10 ,ii
4251,UP 1,21.033,49536,36366628.0,15.596207,2137034.2,391.2836997,IT=11;11 ,ii
4252,UP 1,20.877,51608,36975752.0,15.600273,2170222.8,391.2836169,IT=10;10 ,ii
4253,UP 1,20.833,50716,36982704.0,15.604338,2188023.0,391.2836032,IT=10;10 ,ii
4254,UP 1,20.743,51856,36096588.0,15.60824,2057112.6,371.1007668,IT=10;10 ,ii
4255,UP 1,21.023,50024,36929756.0,15.612323,2151106.0,391.2835866,IT=11;11 ,ii
4256,UP 1,19.737,50116,37469224.0,15.616373,2138139.0,391.2836777,IT=9.9;9.9 ,ii
4257,UP 1,20.995,52836,37414352.0,15.620469,2257611.2,391.2836835,IT=10;10 ,ii
4258,UP 1,21.108,53644,37462372.0,15.62455,2148795.0,391.2837877,IT=11;11 ,ii
4260,UP 1,20.982,55304,37407592.0,15.628652,2176071.0,391.283706,IT=10;10 ,ii
4261,UP 1,20.595,55180,37735176.0,15.632736,2238650.2,391.2836881,IT=10;10 ,ii
4262,UP 1,21.647,51112,36411816.0,15.636825,2282596.2,391.2836091,IT=11;11 ,ii
4263,UP 1,20.736,52128,37519112.0,15.640886,2252150.5,391.2836916,IT=10;10 ,ii
4264,UP 1,20.931,53016,37315668.0,15.644786,2176894.0,391.2836595,IT=10;10 ,ii
4265,UP 1,20.243,52276,37233092.0,15.648852,2131395.5,391.2836902,IT=10;10 ,ii
4266,UP 1,20.245,51248,37259404.0,15.652921,2188379.8,391.2837423,IT=10;10 ,ii
4267,UP 1,20.068,52160,37827880.0,15.656986,2098627.5,391.2837269,IT=10;10 ,ii
4268,UP 1,20.098,51792,37653496.0,15.660902,2083244.5,391.2836904,IT=10;10 ,ii
4269,UP 1,20.398,51548,37773956.0,15.664977,2146607.0,391.2836688,IT=10;10 ,ii
4270,UP 1,19.554,48316,37675164.0,15.669033,2235094.0,391.2837088,IT=9.8;9.8 ,ii
4271,UP 1,19.888,52360,37967020.0,15.673106,2186771.2,391.2836885,IT=9.9;9.9 ,ii
4272,UP 1,20.191,53396,38207900.0,15.677017,2222811.8,391.2837629,IT=10;10 ,ii
4273,UP 1,20.629,51640,38098004.0,15.6811,2084354.2,391.2836875,IT=10;10 ,ii
4274,UP 1,20.526,49000,36609572.0,15.685171,2061531.1,391.283756,IT=10;10 ,ii
4275,UP 1,21.238,52372,37107976.0,15.689254,2108113.2,391.2836518,IT=11;11 ,ii
4276,UP 1,20.665,50724,38136196.0,15.693152,2173417.0,391.2836186,IT=10;10 ,ii
4277,UP 1,20.101,52864,37847356.0,15.697219,2148574.5,391.283397,IT=10;10 ,ii
4278,UP 1,20.423,53556,38559520.0,15.701291,2107111.8,391.2837624,IT=10;10 ,ii
4280,UP 1,20.319,51024,37845024.0,15.705564,2277485.2,391.2836844,IT=10;10 ,ii
4281,UP 1,20.025,49380,37883532.0,15.709475,2205887.2,391.2838207,IT=10;10 ,ii
4283,UP 1,21.583,53216,38061448.0,15.7136,2062996.4,391.2837259,IT=11;11 ,ii
4284,UP 1,20.906,51536,37993164.0,15.717675,2154047.5,391.2836959,IT=10;10 ,ii
4285,UP 1,19.699,53196,38800500.0,15.721729,2223917.8,391.2837827,IT=9.8;9.8 ,ii
4286,UP 1,21.396,54104,37752776.0,15.72567,2096375.8,391.2836809,IT=11;11 ,ii
4287,UP 1,20.086,49100,37438400.0,15.729727,2156496.2,391.2836946,IT=10;10 ,ii
4288,UP 1,20.841,49716,37749724.0,15.733808,2054355.8,391.2836959,IT=10;10 ,ii
4289,UP 1,20.425,49044,37148776.0,15.737872,2192630.5,391.283741,IT=10;10 ,ii
4290,UP 1,20.133,51564,37795528.0,15.741943,2133860.2,391.2837098,IT=10;10 ,ii
4291,UP 1,20.755,50464,37216036.0,15.74585,2138408.0,391.2837388,IT=10;10 ,ii
4292,UP 1,20.233,50828,38667924.0,15.749914,2234338.5,371.1008528,IT=10;10 ,ii
4294,UP 1,21.167,50200,37521732.0,15.754052,2162981.5,391.2837062,IT=11;11 ,ii
4295,UP 1,20.644,53764,37926292.0,15.758122,2117890.0,371.1008349,IT=10;10 ,ii
4296,UP 1,20.369,54972,38553980.0,15.762022,2234140.5,391.2836592,IT=10;10 ,ii
4297,UP 1,20.032,47880,37074128.0,15.766087,2098067.8,391.2837507,IT=10;10 ,ii
4298,UP 1,20.186,50540,38086248.0,15.77016,2149887.5,391.2836921,IT=10;10 ,ii
4299,UP 1,20.228,51952,38026520.0,15.774231,2140821.5,391.2837379,IT=10;10 ,ii
4300,UP 1,20.272,51612,38664800.0,15.778131,2205293.8,391.2836944,IT=10;10 ,ii
4301,UP 1,20.091,51084,38564316.0,15.782206,2185161.5,391.2835939,IT=10;10 ,ii
4302,UP 1,20.047,51044,37369932.0,15.786272,2056888.6,391.283754,IT=10;10 ,ii
4303,UP 1,20.752,52572,38022460.0,15.790347,2129617.0,391.2837078,IT=10;10 ,ii
4304,UP 1,21.008,52732,37367588.0,15.794264,2090426.2,391.2837431,IT=11;11 ,ii
4305,UP 1,20.634,51584,37544216.0,15.798328,2168743.2,391.2837112,IT=10;10 ,ii
4306,UP 1,21.396,52944,37608632.0,15.802407,2071033.8,391.2836131,IT=11;11 ,ii
4307,UP 1,20.095,48932,37887268.0,15.806457,2300009.0,391.2837071,IT=10;10 ,ii
4308,UP 1,20.901,53648,38238968.0,15.810364,2153905.8,391.2836751,IT=10;10 ,ii
4309,UP 1,20.458,52304,38137972.0,15.814426,2275390.2,391.283601,IT=10;10 ,ii
4310,UP 1,21.843,55140,38197044.0,15.818516,2137872.5,391.2837504,IT=11;11 ,ii
4311,UP 1,20.892,52592,37709928.0,15.822574,2090469.9,391.2838191,IT=10;10 ,ii
4312,UP 1,20.111,51980,38167500.0,15.826462,2152132.8,391.2837488,IT=10;10 ,ii
4313,UP 1,20.565,51392,37161832.0,15.830541,2047212.5,391.2838085,IT=10;10 ,ii
4314,UP 1,21.227,52604,37591528.0,15.834622,2104837.2,391.2837809,IT=11;11 ,ii
4315,UP 1,20.222,51260,38052624.0,15.838674,2206643.0,371.1008432,IT=10;10 ,ii
4316,UP 1,20.535,52196,37748188.0,15.842747,2220012.5,391.283839,IT=10;10 ,ii
4317,UP 1,21.856,53292,36724680.0,15.846841,2065007.2,391.2837357,IT=11;11 ,ii
4318,UP 1,21.558,54284,37298880.0,15.850909,2163843.2,391.2837612,IT=11;11 ,ii
4319,UP 1,21.174,54820,37387908.0,15.854978,2086465.6,391.2836992,IT=11;11 ,ii
4320,UP 1,21.437,55468,37081844.0,15.85889,2137973.5,391.283875,IT=11;11 ,ii
4322,UP 1,21.762,52016,37397772.0,15.863036,2043729.1,371.1008263,IT=11;11 ,ii
4323,UP 1,21.326,51952,37041556.0,15.867105,2138102.0,391.2837407,IT=11;11 ,ii
4324,UP 1,21.436,54968,37253036.0,15.871182,2032209.9,391.2838773,IT=11;11 ,ii
4326,UP 1,21.648,52096,36496320.0,15.87548,2204191.2,391.2838453,IT=11;11 ,ii
4327,UP 1,21.096,55048,37268028.0,15.879382,2096580.5,391.2838396,IT=11;11 ,ii
4328,UP 1,21.287,53124,37151684.0,15.883459,2219503.5,391.2837615,IT=11;11 ,ii
4329,UP 1,20.821,51340,37192220.0,15.887526,2150045.8,391.283684,IT=10;10 ,ii
4330,UP 1,21.230,52092,36927476.0,15.891613,2162210.5,391.2836688,IT=11;11 ,ii
4331,UP 1,21.576,54600,36613988.0,15.895524,2119415.5,391.2838235,IT=11;11 ,ii
4332,UP 1,21.792,51768,36788776.0,15.899613,2231197.2,391.2837594,IT=11;11 ,ii
4333,UP 1,21.851,55260,36873384.0,15.903684,2132229.0,371.1007675,IT=11;11 ,ii
4334,UP 1,21.606,54260,36675432.0,15.907755,2151853.2,408.7138879,IT=11;11 ,ii
4336,UP 1,21.638,52884,36815012.0,15.911884,2187994.0,391.2837382,IT=11;11 ,ii
4337,UP 1,21.308,53248,37561648.0,15.915953,2185007.0,391.2836078,IT=11;11 ,ii
4338,UP 1,22.256,53640,36273092.0,15.920042,2291344.8,391.2837482,IT=11;11 ,ii
4340,UP 1,22.583,54940,36262612.0,15.925934,2130912.5,391.2837115,IT=11;11 ,ii
4341,UP 1,22.254,53864,35925704.0,15.930021,2076785.9,391.2836682,IT=11;11 ,ii
4342,UP 1,22.264,53300,35996156.0,15.93409,2100857.8,391.2837231,IT=11;11 ,ii
4343,UP 1,22.262,55572,36684456.0,15.938009,2111157.2,391.2837207,IT=11;11 ,ii
4344,UP 1,21.243,52640,35872416.0,15.942073,2019802.9,408.7138681,IT=11;11 ,ii
4345,UP 1,21.010,52060,36405692.0,15.946152,2220534.5,391.2838889,IT=11;11 ,ii
4346,UP 1,21.355,51508,35932912.0,15.95024,2255140.8,391.2837686,IT=11;11 ,ii
4348,UP 1,22.011,55296,36357476.0,15.954365,2112564.8,391.2837964,IT=11;11 ,ii
4350,UP 1,22.043,52840,36448124.0,15.958536,2100227.0,391.2836903,IT=11;11 ,ii
4351,UP 1,21.278,52240,36552068.0,15.9626,2203018.8,391.2837484,IT=11;11 ,ii
4352,UP 1,22.476,56028,35999636.0,15.966688,2081415.4,391.2837146,IT=11;11 ,ii
4353,UP 1,23.042,55748,36281224.0,15.970627,2147788.2,391.2837942,IT=12;12 ,ii
4354,UP 1,22.287,53616,36708700.0,15.974702,2156026.0,391.2837541,IT=11;11 ,ii
4355,UP 1,21.651,53612,36282812.0,15.978779,2193012.8,391.2838919,IT=11;11 ,ii
4357,UP 1,22.293,55136,36652968.0,15.983073,2204581.0,391.2837757,IT=11;11 ,ii
4358,UP 1,22.461,54440,36217556.0,15.986987,2198865.8,391.2837882,IT=11;11 ,ii
4359,UP 1,22.397,52200,35568292.0,15.991067,2153726.8,391.2837852,IT=11;11 ,ii
4360,UP 1,21.991,55520,36546520.0,15.995135,2114947.8,391.2837347,IT=11;11 ,ii
4361,UP 1,21.667,53224,36443256.0,15.999204,2096452.9,391.2836786,IT=11;11 ,ii
4362,UP 1,21.954,54756,35986984.0,16.003283,2146170.5,391.2837001,IT=11;11 ,ii
4363,UP 1,22.095,55312,36142772.0,16.007383,2077073.1,391.28375,IT=11;11 ,ii
4364,UP 1,22.326,53464,35738020.0,16.011462,2111513.0,391.2838149,IT=11;11 ,ii
4365,UP 1,21.713,53720,36423796.0,16.015531,2210504.0,391.2838485,IT=11;11 ,ii
4367,UP 1,22.526,54652,36184932.0,16.019858,2126032.8,391.2838651,IT=11;11 ,ii
4369,UP 1,22.399,52016,35814328.0,16.024037,2170743.8,391.2837712,IT=11;11 ,ii
4370,UP 1,21.590,53944,35934800.0,16.028102,2135913.0,391.2837519,IT=11;11 ,ii
4371,UP 1,21.803,50480,35695548.0,16.032181,2286030.2,391.2838267,IT=11;11 ,ii
4372,UP 1,22.082,53292,35676484.0,16.036258,2095227.4,391.2839019,IT=11;11 ,ii
4374,UP 1,22.168,52732,36594664.0,16.040395,2213971.5,391.2838207,IT=11;11 ,ii
4376,UP 1,22.912,55760,36421824.0,16.044604,2158418.5,391.2837372,IT=11;11 ,ii
4377,UP 1,21.647,52912,36575108.0,16.04867,2343400.2,391.2837857,IT=11;11 ,ii
4378,UP 1,22.126,52180,35822916.0,16.052745,2090362.9,391.2837973,IT=11;11 ,ii
4379,UP 1,22.620,51376,35453648.0,16.056827,2144103.8,391.2837228,IT=11;11 ,ii
4380,UP 1,22.734,56644,37064392.0,16.060739,2274459.8,391.2837398,IT=11;11 ,ii
4381,UP 1,21.782,54932,35869680.0,16.064808,2104919.5,391.2838524,IT=11;11 ,ii
4383,UP 1,22.589,54512,36087924.0,16.068951,2195828.5,391.283758,IT=11;11 ,ii
4384,UP 1,22.826,55376,36089876.0,16.073035,2160667.0,391.2838273,IT=11;11 ,ii
4385,UP 1,22.022,54692,36245400.0,16.076929,2204818.0,391.283859,IT=11;11 ,ii
4386,UP 1,22.265,52036,35608652.0,16.08101,2115811.0,391.2837767,IT=11;11 ,ii
4387,UP 1,22.145,53172,36102696.0,16.085083,2114878.8,391.2838604,IT=11;11 ,ii
4388,UP 1,21.302,52368,36666760.0,16.089143,2314584.8,391.2837245,IT=11;11 ,ii
4389,UP 1,22.583,56344,36201040.0,16.093235,2177676.2,391.2838005,IT=11;11 ,ii
4390,UP 1,22.691,56152,36911104.0,16.097314,2260149.0,391.2837167,IT=11;11 ,ii
4391,UP 1,22.934,55220,35583948.0,16.101393,2228640.8,391.2837915,IT=11;11 ,ii
4392,UP 1,23.519,55388,35072732.0,16.105483,2152573.8,391.2837649,IT=12;12 ,ii
4393,UP 1,22.133,58252,36795196.0,16.109374,2354576.5,391.2837186,IT=11;11 ,ii
4394,UP 1,22.406,52752,35762412.0,16.113458,2156537.5,391.2838418,IT=11;11 ,ii
4395,UP 1,22.729,56336,36251456.0,16.117539,2137476.2,391.2837216,IT=11;11 ,ii
4396,UP 1,23.195,55212,36265980.0,16.121632,2171276.8,391.2837577,IT=12;12 ,ii
4397,UP 1,22.644,52416,35101116.0,16.125541,2200266.8,391.2838087,IT=11;11 ,ii
4398,UP 1,23.363,54664,35748828.0,16.129634,2192398.5,391.28376,IT=12;12 ,ii
4399,UP 1,22.670,54176,35910056.0,16.133703,2138001.2,391.2837126,IT=11;11 ,ii
4400,UP 1,21.998,53844,36428072.0,16.137772,2235689.2,391.2837966,IT=11;11 ,ii
4401,UP 1,22.750,57752,35568480.0,16.141695,2169725.5,391.2838179,IT=11;11 ,ii
4402,UP 1,22.701,51184,34671072.0,16.145772,2180651.0,391.2838158,IT=11;11 ,ii
4403,UP 1,23.597,55220,35552388.0,16.149872,2161768.5,391.2837613,IT=12;12 ,ii
4404,UP 1,23.137,55652,35523732.0,16.153949,2220768.2,391.2837421,IT=12;12 ,ii
4405,UP 1,23.621,55588,34740260.0,16.15804,2080356.0,391.2837346,IT=12;12 ,ii
4406,UP 1,23.142,53044,35114768.0,16.161941,2221336.5,391.283799,IT=12;12 ,ii
4407,UP 1,23.332,55940,35904836.0,16.166032,2166542.5,391.2837153,IT=12;12 ,ii
4408,UP 1,22.318,54936,35763216.0,16.170088,2178878.5,391.2837253,IT=11;11 ,ii
4409,UP 1,22.014,52596,34814532.0,16.174159,2168376.5,391.2837404,IT=11;11 ,ii
4410,UP 1,23.341,56896,35644204.0,16.17809,2114411.2,391.2836665,IT=12;12 ,ii
4411,UP 1,22.975,52660,35277604.0,16.182174,2213289.0,391.2836925,IT=11;11 ,ii
4412,UP 1,23.338,57400,35072328.0,16.186261,2105671.8,391.2837288,IT=12;12 ,ii
4414,UP 1,23.751,54552,34587672.0,16.190607,2093518.9,391.2838426,IT=12;12 ,ii
4415,UP 1,23.181,54516,35128236.0,16.194517,2258939.5,391.2837972,IT=12;12 ,ii
4416,UP 1,23.744,53532,34299052.0,16.198611,2142617.8,391.2838478,IT=12;12 ,ii
4417,UP 1,23.615,56536,34982012.0,16.202694,2128111.8,391.2838693,IT=12;12 ,ii
4419,UP 1,22.888,56868,34922488.0,16.207024,2149096.2,391.2837965,IT=11;11 ,ii
4420,UP 1,24.229,57372,34291120.0,16.210961,2039246.8,391.2836971,IT=12;12 ,ii
4421,UP 1,24.004,54420,34705708.0,16.215048,2120304.2,391.2838546,IT=12;12 ,ii
4423,UP 1,23.000,55884,35352380.0,16.219219,2199917.8,391.2837549,IT=12;12 ,ii
4424,UP 1,23.958,57208,34169684.0,16.223315,2110747.5,391.2838244,IT=12;12 ,ii
4425,UP 1,24.018,58632,34704092.0,16.2274,2132919.2,391.2837694,IT=12;12 ,ii
4426,UP 1,23.395,52268,33895608.0,16.231307,2234325.0,391.2839178,IT=12;12 ,ii
4427,UP 1,24.814,57840,34164524.0,16.235419,2129761.2,391.2838676,IT=12;12 ,ii
4428,UP 1,23.781,58252,33897396.0,16.239494,2083915.0,371.1009503,IT=12;12 ,ii
4429,UP 1,23.363,52492,33542674.0,16.243573,2131194.0,391.2838933,IT=12;12 ,ii
4430,UP 1,23.725,53632,33415828.0,16.247498,2068838.0,391.2838311,IT=12;12 ,ii
4431,UP 1,24.209,55444,33441004.0,16.251596,2172194.2,391.2838428,IT=12;12 ,ii
4432,UP 1,23.502,57324,34810336.0,16.255675,2092780.1,391.2837863,IT=12;12 ,ii
4433,UP 1,23.756,56104,33668964.0,16.259763,2113076.2,391.2838081,IT=12;12 ,ii
4434,UP 1,24.138,57808,34237644.0,16.263694,2203814.2,391.2838622,IT=12;12 ,ii
4436,UP 1,25.239,56688,32783344.0,16.267896,2042903.4,391.2838315,IT=13;13 ,ii
4437,UP 1,25.373,52700,32664018.0,16.272,2071889.1,391.2837946,IT=13;13 ,ii
4438,UP 1,24.593,56228,33427694.0,16.276081,2158545.5,391.2837717,IT=12;12 ,ii
4439,UP 1,24.127,56004,33959860.0,16.279998,2178725.2,391.2837428,IT=12;12 ,ii
4440,UP 1,25.119,57676,33373236.0,16.284102,2096085.5,391.2837681,IT=13;13 ,ii
4441,UP 1,24.095,58244,34101140.0,16.288181,2066293.6,391.2837725,IT=12;12 ,ii
4442,UP 1,24.519,57784,33408328.0,16.292279,2201950.2,391.2837231,IT=12;12 ,ii
4443,UP 1,24.593,55552,33214912.0,16.296204,2122580.2,391.2837969,IT=12;12 ,ii
4444,UP 1,24.815,57460,33816092.0,16.300304,2200863.0,391.2838097,IT=12;12 ,ii
4445,UP 1,24.801,56884,33319114.0,16.304394,2123656.8,391.2839435,IT=12;12 ,ii
4447,UP 1,25.647,55264,32507212.0,16.308592,2041590.8,391.2838957,IT=13;13 ,ii
4448,UP 1,24.564,58264,32914028.0,16.312517,2226610.2,391.2838601,IT=12;12 ,ii
4449,UP 1,25.065,55656,32059862.0,16.316614,2022686.4,391.28387,IT=13;13 ,ii
4450,UP 1,24.789,56696,32829248.0,16.320702,2100422.0,391.2838348,IT=12;12 ,ii
4451,UP 1,23.994,53872,32517494.0,16.324781,2124530.8,391.2838519,IT=12;12 ,ii
4452,UP 1,24.699,59788,33686356.0,16.328881,2231607.8,391.2838623,IT=12;12 ,ii
4453,UP 1,24.399,59660,33400534.0,16.3328,2162407.8,391.2837918,IT=12;12 ,ii
4454,UP 1,24.121,57684,32883744.0,16.336889,2105984.2,391.2839135,IT=12;12 ,ii
4455,UP 1,24.499,56088,31956188.0,16.340981,2060508.2,391.2838714,IT=12;12 ,ii
4456,UP 1,25.876,56960,32929116.0,16.345093,2131992.2,391.2838193,IT=13;13 ,ii
4457,UP 1,24.961,55464,32507142.0,16.349008,2223518.5,391.283899,IT=12;12 ,ii
4459,UP 1,24.991,57640,32352554.0,16.353212,2149937.5,391.2838838,IT=12;12 ,ii
4460,UP 1,25.423,57328,32811442.0,16.357316,2039071.4,391.2838545,IT=13;13 ,ii
4462,UP 1,24.951,56008,32879968.0,16.361691,2201031.5,391.2837744,IT=12;12 ,ii
4463,UP 1,25.956,59244,33150222.0,16.365643,2193854.8,391.2837834,IT=13;13 ,ii
4464,UP 1,25.450,59584,32801206.0,16.369739,2154779.2,391.2837907,IT=13;13 ,ii
4465,UP 1,25.208,54544,32549308.0,16.373841,2148436.0,391.2839013,IT=13;13 ,ii
4467,UP 1,24.324,56704,32820722.0,16.378183,2161913.2,391.2838266,IT=12;12 ,ii
4468,UP 1,24.915,56548,32934468.0,16.382289,2232473.0,391.2837595,IT=12;12 ,ii
4469,UP 1,24.715,58456,32769052.0,16.386212,2219086.0,391.2837446,IT=12;12 ,ii
4470,UP 1,24.628,56104,32312374.0,16.39031,2097720.2,391.2838711,IT=12;12 ,ii
4472,UP 1,25.161,55796,32940720.0,16.394514,2125984.0,391.2838528,IT=13;13 ,ii
4473,UP 1,24.486,52684,31720654.0,16.398604,2127092.0,391.2838742,IT=12;12 ,ii
4474,UP 1,25.751,58756,32523060.0,16.402547,2057528.1,391.2837726,IT=13;13 ,ii
4475,UP 1,25.424,57556,33095710.0,16.406643,2194118.0,391.2838448,IT=13;13 ,ii
4476,UP 1,25.422,56376,32638960.0,16.410741,2174861.0,391.2838614,IT=13;13 ,ii
4477,UP 1,26.016,60936,32046580.0,16.414841,1995580.2,391.2838267,IT=13;13 ,ii
4478,UP 1,24.009,54756,32449844.0,16.418739,2186581.8,391.2838662,IT=12;12 ,ii
4479,UP 1,25.751,58208,32644560.0,16.422855,2129715.0,391.2839487,IT=13;13 ,ii
4481,UP 1,25.202,54480,32257190.0,16.427066,2074349.4,391.2838177,IT=13;13 ,ii
4482,UP 1,25.265,56272,31444410.0,16.431164,2127487.2,391.2839246,IT=13;13 ,ii
4483,UP 1,25.530,58748,31464196.0,16.435095,2049165.2,391.2836659,IT=13;13 ,ii
4484,UP 1,25.978,55848,32805344.0,16.439197,2129813.2,371.1009048,IT=13;13 ,ii
4485,UP 1,25.102,59400,33742912.0,16.443276,2182619.5,391.2837694,IT=13;13 ,ii
4486,UP 1,24.766,54444,31611054.0,16.447364,2036798.1,391.2840456,IT=12;12 ,ii
4488,UP 1,25.845,57812,32434364.0,16.451722,2044047.6,391.283985,IT=13;13 ,ii
4490,UP 1,24.528,57604,34179724.0,16.455966,2292731.8,391.2837996,IT=12;12 ,ii
4491,UP 1,24.651,57304,32476906.0,16.460059,2107297.5,391.2839442,IT=12;12 ,ii
4492,UP 1,25.731,56956,32236054.0,16.464166,2113250.2,371.1009628,IT=13;13 ,ii
4493,UP 1,24.831,60468,33507096.0,16.468247,2193140.8,391.2838139,IT=12;12 ,ii
4494,UP 1,24.755,55440,32510256.0,16.472167,2235071.2,391.2839623,IT=12;12 ,ii
4495,UP 1,25.373,56500,32379642.0,16.47627,2168236.0,391.2839411,IT=13;13 ,ii
4496,UP 1,26.051,55192,31735236.0,16.480372,2109573.2,391.2839754,IT=13;13 ,ii
4498,UP 1,25.227,54516,31901772.0,16.484722,2243293.0,391.2839263,IT=13;13 ,ii
4499,UP 1,26.393,58524,32168786.0,16.488838,2134217.0,391.2839217,IT=13;13 ,ii
4500,UP 1,25.787,55064,31370832.0,16.492772,2102849.5,391.2839456,IT=13;13 ,ii
4501,UP 1,25.372,55164,32509988.0,16.496853,2235107.0,391.2838635,IT=13;13 ,ii
4502,UP 1,25.399,57808,32604826.0,16.500944,2204272.0,391.283815,IT=13;13 ,ii
4503,UP 1,24.742,57948,33319800.0,16.505026,2261953.8,391.2837844,IT=12;12 ,ii
4504,UP 1,25.779,54384,31702050.0,16.508997,2175363.5,391.2838273,IT=13;13 ,ii
4505,UP 1,25.540,54156,31675022.0,16.513092,2088323.6,391.2838693,IT=13;13 ,ii
4506,UP 1,25.622,57140,32256272.0,16.51719,2032532.8,391.2840356,IT=13;13 ,ii
4507,UP 1,25.197,58660,32096432.0,16.52128,2143612.2,391.2838373,IT=13;13 ,ii
4508,UP 1,25.843,56084,31620010.0,16.525217,2055106.4,391.2838656,IT=13;13 ,ii
4509,UP 1,25.901,57764,31733392.0,16.529319,2080091.6,391.2840399,IT=13;13 ,ii
4511,UP 1,26.702,55768,30894114.0,16.533534,1985297.2,391.2838551,IT=13;13 ,ii
4512,UP 1,25.891,57144,31804502.0,16.53763,2209608.5,391.2839742,IT=13;13 ,ii
4514,UP 1,26.312,56264,31320504.0,16.541836,2041015.5,371.1009521,IT=13;13 ,ii
4515,UP 1,27.031,59240,31519820.0,16.545953,2007527.1,391.2838576,IT=14;14 ,ii
4516,UP 1,25.567,58768,32000946.0,16.550034,2080192.5,391.2839647,IT=13;13 ,ii
4518,UP 1,26.272,58980,32235470.0,16.554234,2184039.0,391.2837002,IT=13;13 ,ii
4519,UP 1,24.678,60660,33090770.0,16.558309,2289216.8,391.2837521,IT=12;12 ,ii
4520,UP 1,25.430,55372,31820676.0,16.562246,2154625.5,391.2838259,IT=13;13 ,ii
4521,UP 1,25.751,55236,31268630.0,16.566348,2038401.5,391.2838837,IT=13;13 ,ii
4522,UP 1,26.659,57204,31351184.0,16.570461,2097948.5,391.2838533,IT=13;13 ,ii
4523,UP 1,26.203,57208,31349614.0,16.574546,2028991.9,391.2839598,IT=13;13 ,ii
4524,UP 1,25.939,57192,31924542.0,16.578475,2128629.2,391.283823,IT=13;13 ,ii
4525,UP 1,26.681,59860,31879572.0,16.582588,2161936.8,391.2838215,IT=13;13 ,ii
4526,UP 1,25.644,54696,31633564.0,16.586667,2099016.2,391.2837562,IT=13;13 ,ii
4527,UP 1,26.518,56684,31638558.0,16.590779,2219743.8,391.2837263,IT=13;13 ,ii
4528,UP 1,27.046,57220,30892192.0,16.594723,1962545.2,391.2838368,IT=14;14 ,ii
4529,UP 1,26.603,56976,31389520.0,16.598823,2167244.2,391.2838235,IT=13;13 ,ii
4530,UP 1,26.447,56712,30796918.0,16.602927,2029284.4,391.2839217,IT=13;13 ,ii
4531,UP 1,28.062,58116,30760616.0,16.607054,2085713.6,391.2838211,IT=14;14 ,ii
4532,UP 1,26.826,58052,31429538.0,16.610981,2047130.1,391.2838412,IT=13;13 ,ii
4533,UP 1,25.960,56948,31425064.0,16.615077,2201020.2,391.2839203,IT=13;13 ,ii
4534,UP 1,27.589,59972,31475664.0,16.619206,2016817.1,391.2838946,IT=14;14 ,ii
4535,UP 1,26.668,55680,30753742.0,16.623298,2090113.4,391.2840021,IT=13;13 ,ii
4536,UP 1,25.740,54540,31222584.0,16.627231,2078017.4,391.28387,IT=13;13 ,ii
4537,UP 1,27.175,59448,31197410.0,16.631356,2078047.8,391.2838452,IT=14;14 ,ii
4538,UP 1,27.068,56736,31102334.0,16.635466,2210508.5,391.2838144,IT=14;14 ,ii
4539,UP 1,29.026,60568,30700196.0,16.639608,2072826.0,391.2839128,IT=15;15 ,ii
4541,UP 1,27.349,56184,30465334.0,16.644,2068238.4,391.2838109,IT=14;14 ,ii
4542,UP 1,27.006,57116,30216752.0,16.647939,1992870.4,391.2838447,IT=14;14 ,ii
4543,UP 1,27.180,57488,29747580.0,16.65205,1997249.4,391.2838856,IT=14;14 ,ii
4544,UP 1,27.116,57704,31173840.0,16.656156,2192343.2,391.2838558,IT=14;14 ,ii
4545,UP 1,26.640,59168,31266290.0,16.660254,2020298.4,391.2837959,IT=13;13 ,ii
4546,UP 1,28.566,58728,30737888.0,16.664225,2101031.2,391.2838179,IT=14;14 ,ii
4547,UP 1,27.000,58424,31207850.0,16.668316,2089443.2,391.2837945,IT=13;13 ,ii
4548,UP 1,28.149,61428,31000654.0,16.672441,2133187.0,391.2838532,IT=14;14 ,ii
4549,UP 1,27.404,57768,30870316.0,16.676541,2102715.8,371.1009893,IT=14;14 ,ii
4550,UP 1,26.494,59556,30981292.0,16.68047,2195041.0,391.2838386,IT=13;13 ,ii
4551,UP 1,27.165,56976,30553454.0,16.684585,2017842.8,391.2838401,IT=14;14 ,ii
4552,UP 1,26.681,57416,30200076.0,16.688685,2022415.8,391.2838907,IT=13;13 ,ii
4553,UP 1,27.235,58660,31427706.0,16.692808,2052804.6,371.1009162,IT=14;14 ,ii
4554,UP 1,27.299,55872,30648306.0,16.696908,2065988.4,391.2837556,IT=14;14 ,ii
4555,UP 1,27.551,59352,31272244.0,16.700854,2150010.0,391.2838894,IT=14;14 ,ii
4557,UP 1,27.162,59236,30874748.0,16.705074,2092595.4,391.2837959,IT=14;14 ,ii
4558,UP 1,27.475,59560,31249182.0,16.709191,2265952.8,391.2838046,IT=14;14 ,ii
4559,UP 1,26.469,57272,31033100.0,16.713287,2208020.8,391.2838559,IT=13;13 ,ii
4560,UP 1,27.747,57864,29531094.0,16.717412,1976212.9,391.2839097,IT=14;14 ,ii
4561,UP 1,27.686,56284,30261968.0,16.721518,2079042.5,391.2838609,IT=14;14 ,ii
4562,UP 1,27.545,59452,30633456.0,16.725628,2120152.2,391.2839074,IT=14;14 ,ii
4563,UP 1,27.599,59012,30432028.0,16.729743,2140970.8,391.2838934,IT=14;14 ,ii
4564,UP 1,27.748,58100,30637198.0,16.733693,2131299.8,391.28377,IT=14;14 ,ii
4565,UP 1,27.182,59040,31191934.0,16.737801,2176186.5,391.2838368,IT=14;14 ,ii
4566,UP 1,26.798,58596,30486452.0,16.741901,2061154.9,391.2837512,IT=13;13 ,ii
4567,UP 1,26.160,55208,30942342.0,16.745995,2110934.5,391.2837063,IT=13;13 ,ii
4568,UP 1,27.085,61812,31289800.0,16.749951,2180513.2,391.2837149,IT=14;14 ,ii
4569,UP 1,27.475,56324,30308592.0,16.753897,2052361.5,391.2837702,IT=14;14 ,ii
4570,UP 1,28.061,58104,30797740.0,16.75802,2197162.8,391.2837932,IT=14;14 ,ii
4571,UP 1,27.059,56876,29990934.0,16.762122,2018812.2,391.2838207,IT=14;14 ,ii
4572,UP 1,27.061,60460,31480766.0,16.766224,2079956.8,391.2837044,IT=14;14 ,ii
4573,UP 1,27.616,58344,30495656.0,16.770178,2102208.5,391.2836856,IT=14;14 ,ii
4574,UP 1,26.599,62216,31613488.0,16.774268,2181571.5,391.2837558,IT=13;13 ,ii
4575,UP 1,26.546,57116,30681670.0,16.778376,2117350.5,391.2838708,IT=13;13 ,ii
4576,UP 1,26.805,59132,30426526.0,16.782482,2203489.8,391.2838504,IT=13;13 ,ii
4577,UP 1,26.673,55860,30266750.0,16.78642,2104671.0,391.2838502,IT=13;13 ,ii
4578,UP 1,26.606,55828,30520538.0,16.790528,2102007.5,391.2837696,IT=13;13 ,ii
4579,UP 1,26.571,58132,30892742.0,16.79463,2182089.8,391.2837929,IT=13;13 ,ii
4580,UP 1,26.536,57960,31073726.0,16.798734,2217259.5,391.2838367,IT=13;13 ,ii
4581,UP 1,26.708,56460,30600074.0,16.802676,2087435.0,391.2837715,IT=13;13 ,ii
4582,UP 1,26.988,57312,30772632.0,16.806795,2128594.0,391.2838644,IT=13;13 ,ii
4584,UP 1,27.389,57332,30821266.0,16.811019,2200962.8,391.2837388,IT=14;14 ,ii
4585,UP 1,27.476,56840,31116800.0,16.815144,2149346.2,391.283702,IT=14;14 ,ii
4586,UP 1,26.270,56620,31074504.0,16.819076,2224214.8,391.2837014,IT=13;13 ,ii
4587,UP 1,27.168,57016,30853164.0,16.823192,2226159.8,391.2837199,IT=14;14 ,ii
4588,UP 1,27.515,61732,30997034.0,16.827305,2168585.2,391.2837516,IT=14;14 ,ii
4589,UP 1,27.288,57848,30506920.0,16.831403,2118285.5,391.283689,IT=14;14 ,ii
4590,UP 1,27.331,58072,30935946.0,16.835509,2239549.5,391.2837064,IT=14;14 ,ii
4591,UP 1,27.078,57952,30758092.0,16.839446,2092490.0,371.1008009,IT=14;14 ,ii
4592,UP 1,26.996,58740,30764090.0,16.84355,2054083.2,391.28379,IT=13;13 ,ii
4593,UP 1,26.985,57324,30683592.0,16.847652,2148831.0,391.2836984,IT=13;13 ,ii
4594,UP 1,27.327,59316,30847004.0,16.851761,2161745.0,391.2837811,IT=14;14 ,ii
4595,UP 1,27.185,58540,30122788.0,16.855698,2027215.5,391.2838493,IT=14;14 ,ii
4596,UP 1,27.425,57948,30729528.0,16.859817,2105831.5,391.2838068,IT=14;14 ,ii
4597,UP 1,27.156,57388,30063152.0,16.863919,2061886.1,391.2838426,IT=14;14 ,ii
4599,UP 1,27.898,58804,30351462.0,16.868319,2150432.8,391.2837224,IT=14;14 ,ii
4600,UP 1,26.285,60260,31731060.0,16.872234,2121947.8,371.1008022,IT=13;13 ,ii
4601,UP 1,26.649,58676,30702118.0,16.87634,2156319.2,391.283834,IT=13;13 ,ii
4603,UP 1,27.084,57824,30352620.0,16.880575,2100287.8,391.2838087,IT=14;14 ,ii
4604,UP 1,27.210,58480,30956204.0,16.884686,2140420.8,391.2838866,IT=14;14 ,ii
4607,UP 1,26.380,58344,30643178.0,16.890748,2107339.2,391.2837916,IT=13;13 ,ii
4608,UP 1,26.829,58720,30483072.0,16.894856,2080157.1,391.2838639,IT=13;13 ,ii
4610,UP 1,27.442,58284,30722742.0,16.899081,2124222.0,391.2837626,IT=14;14 ,ii
4611,UP 1,27.828,61716,31026316.0,16.9032,2112319.0,391.2838271,IT=14;14 ,ii
4612,UP 1,27.165,60332,31501916.0,16.9073,2148620.2,391.2837012,IT=14;14 ,ii
4613,UP 1,26.824,59168,31177280.0,16.911396,2201302.8,391.2838382,IT=13;13 ,ii
4614,UP 1,26.215,57528,30709924.0,16.915494,2129927.0,391.2838111,IT=13;13 ,ii
4615,UP 1,27.488,56816,30405900.0,16.919444,2099894.5,391.2838028,IT=14;14 ,ii
4616,UP 1,27.762,57412,30321190.0,16.923646,2069647.8,391.2837838,IT=14;14 ,ii
4617,UP 1,26.450,59576,30927170.0,16.927731,2095925.8,391.2837857,IT=13;13 ,ii
4619,UP 1,26.951,59984,30988844.0,16.932135,2041897.5,371.1008627,IT=13;13 ,ii
4620,UP 1,26.951,57596,30485956.0,16.936071,2082428.2,391.2837593,IT=13;13 ,ii
4621,UP 1,27.175,59608,30234410.0,16.940179,2046749.8,391.2838793,IT=14;14 ,ii
4622,UP 1,26.894,55584,30181578.0,16.944279,2109879.5,391.2838005,IT=13;13 ,ii
4623,UP 1,26.920,58180,30681900.0,16.948379,2090669.2,391.2838118,IT=13;13 ,ii
4624,UP 1,26.332,56868,31084298.0,16.952308,2211540.0,391.2837476,IT=13;13 ,ii
4625,UP 1,26.357,58020,30468184.0,16.956414,2058073.1,391.2837819,IT=13;13 ,ii
4626,UP 1,27.623,56992,29774612.0,16.960531,2090084.8,391.2838088,IT=14;14 ,ii
4627,UP 1,27.150,60292,30761906.0,16.964629,2048101.1,391.2837482,IT=14;14 ,ii
4628,UP 1,26.541,56728,31427766.0,16.968727,2207305.5,391.2837938,IT=13;13 ,ii
4630,UP 1,25.745,55748,31435604.0,16.972941,2200769.8,371.1008607,IT=13;13 ,ii
4631,UP 1,26.981,55960,30606644.0,16.977066,2071971.5,371.1009424,IT=13;13 ,ii
4632,UP 1,27.251,61872,31499348.0,16.981179,2113810.0,391.2838517,IT=14;14 ,ii
4633,UP 1,26.972,58388,31097942.0,16.985279,2199586.0,391.2838133,IT=13;13 ,ii
4634,UP 1,25.853,55576,30297518.0,16.989206,2094765.2,391.2838291,IT=13;13 ,ii
4635,UP 1,27.238,59464,31370522.0,16.993333,2087390.6,391.2837483,IT=14;14 ,ii
4636,UP 1,26.491,55928,31073272.0,16.997427,2175926.8,391.2836849,IT=13;13 ,ii
4637,UP 1,27.966,59136,31019384.0,17.001554,2214157.5,391.2837829,IT=14;14 ,ii
4638,UP 1,27.403,61292,31191384.0,17.005499,2118317.2,391.2837495,IT=14;14 ,ii
4639,UP 1,27.552,59012,31352194.0,17.00961,2125297.5,391.2837913,IT=14;14 ,ii
4640,UP 1,25.719,56644,31511108.0,17.013691,2293415.2,391.2837378,IT=13;13 ,ii
4641,UP 1,27.310,59428,30984840.0,17.017816,2122665.0,391.2837819,IT=14;14 ,ii
4642,UP 1,26.899,57852,30994858.0,17.021756,2106749.5,391.2838192,IT=13;13 ,ii
4643,UP 1,26.940,57572,31397028.0,17.025862,2235045.0,391.2837844,IT=13;13 ,ii
4644,UP 1,27.198,57044,31395966.0,17.029972,2217008.0,391.2837702,IT=14;14 ,ii
4645,UP 1,26.786,56200,30904032.0,17.034072,2140210.2,391.2838031,IT=13;13 ,ii
4647,UP 1,26.304,57476,30733312.0,17.038464,1976058.2,391.2838107,IT=13;13 ,ii
4648,UP 1,27.452,56628,30133782.0,17.042428,2054005.4,391.2837964,IT=14;14 ,ii
4649,UP 1,26.605,56880,30264030.0,17.046524,2082621.1,391.283754,IT=13;13 ,ii
4650,UP 1,26.636,57908,31383160.0,17.050628,2114659.0,391.2837713,IT=13;13 ,ii
4651,UP 1,27.223,57844,31155288.0,17.054743,2170951.0,391.283753,IT=14;14 ,ii
4652,UP 1,26.970,59880,31293018.0,17.058682,2087663.2,391.2837667,IT=13;13 ,ii
4653,UP 1,25.501,56168,31645382.0,17.062766,2283194.0,391.2838228,IT=13;13 ,ii
4654,UP 1,27.211,59660,31335346.0,17.066891,2109106.5,391.2837547,IT=14;14 ,ii
4655,UP 1,27.016,56856,30304696.0,17.070995,2104812.2,391.2838272,IT=14;14 ,ii
4656,UP 1,26.562,58220,31685966.0,17.074928,2168374.2,391.283735,IT=13;13 ,ii
4657,UP 1,27.269,59716,30710308.0,17.079047,2153326.5,391.2838297,IT=14;14 ,ii
4658,UP 1,26.023,58280,31218052.0,17.083132,2185538.5,391.2838274,IT=13;13 ,ii
4659,UP 1,26.452,60648,31582164.0,17.087241,2119129.8,391.2837805,IT=13;13 ,ii
4660,UP 1,26.009,59600,31904024.0,17.091172,2133243.0,391.2837926,IT=13;13 ,ii
4661,UP 1,26.512,55044,30688492.0,17.095288,2056256.4,391.2838725,IT=13;13 ,ii
4662,UP 1,26.159,58224,32099266.0,17.099382,2221472.8,391.2837683,IT=13;13 ,ii
4663,UP 1,27.126,60760,31339598.0,17.103505,2156524.2,391.2837635,IT=14;14 ,ii
4664,UP 1,27.289,61876,31023698.0,17.107607,2062436.0,391.2838334,IT=14;14 ,ii
4665,UP 1,26.493,57080,31296370.0,17.111536,2157917.5,391.2838037,IT=13;13 ,ii
4666,UP 1,26.880,58824,31620662.0,17.115647,2182328.2,391.2837235,IT=13;13 ,ii
4667,UP 1,26.353,58548,31212596.0,17.119744,2159690.2,391.2837883,IT=13;13 ,ii
4668,UP 1,24.991,56224,31867902.0,17.123826,2148539.0,391.2837528,IT=12;12 ,ii
4669,UP 1,26.558,58052,31744266.0,17.127774,2159876.2,391.2837955,IT=13;13 ,ii
4670,UP 1,26.306,57340,31156774.0,17.131876,2041311.9,391.2837542,IT=13;13 ,ii
4671,UP 1,26.831,57464,31863260.0,17.13599,2074447.5,391.2838126,IT=13;13 ,ii
4672,UP 1,26.737,56700,31565742.0,17.14009,2250810.8,391.2838577,IT=13;13 ,ii
4673,UP 1,26.704,59640,31347202.0,17.144024,2119285.0,391.2839403,IT=13;13 ,ii
4676,UP 1,27.456,59476,31381166.0,17.150119,2051965.0,391.283855,IT=14;14 ,ii
4677,UP 1,27.163,59828,31918706.0,17.154055,2163385.5,391.2838504,IT=14;14 ,ii
4678,UP 1,26.397,58140,31871114.0,17.158148,2231553.2,391.2838004,IT=13;13 ,ii
4679,UP 1,26.043,56032,31283394.0,17.162242,2225717.0,391.283838,IT=13;13 ,ii
4680,UP 1,26.069,58092,31797304.0,17.166348,2164742.5,391.2838113,IT=13;13 ,ii
4681,UP 1,27.231,63064,32129982.0,17.170309,2206411.2,391.2837974,IT=14;14 ,ii
4682,UP 1,26.896,59336,31557504.0,17.174413,2226730.5,391.2837535,IT=13;13 ,ii
4683,UP 1,26.449,58416,31185374.0,17.178525,2137277.5,391.2838623,IT=13;13 ,ii
4684,UP 1,27.139,58356,31149404.0,17.182636,2193369.0,391.2837507,IT=14;14 ,ii
4685,UP 1,26.662,58632,31464396.0,17.186571,2021139.5,391.2837366,IT=13;13 ,ii
4686,UP 1,27.209,58284,32566082.0,17.190688,2225335.5,391.2837019,IT=14;14 ,ii
4687,UP 1,26.649,58928,31515930.0,17.194786,2127273.8,391.2837835,IT=13;13 ,ii
4688,UP 1,26.176,54932,30339666.0,17.198881,2003206.6,391.2838519,IT=13;13 ,ii
4689,UP 1,25.739,56224,31925000.0,17.202811,2142080.0,391.2837576,IT=13;13 ,ii
4690,UP 1,25.659,55944,32290220.0,17.206919,2205773.5,391.2837383,IT=13;13 ,ii
4691,UP 1,26.110,57772,31154234.0,17.211034,2055252.1,391.2838369,IT=13;13 ,ii
4693,UP 1,26.655,62436,32100302.0,17.215406,2162182.0,391.2836885,IT=13;13 ,ii
4694,UP 1,26.991,60344,31998634.0,17.219356,2075353.0,391.283862,IT=13;13 ,ii
4696,UP 1,27.433,58848,30541036.0,17.223571,2039746.2,391.2837636,IT=14;14 ,ii
4697,UP 1,27.136,57900,31739866.0,17.227683,2112095.2,391.2837145,IT=14;14 ,ii
4698,UP 1,26.889,59896,31666432.0,17.231785,2101393.0,391.2836569,IT=13;13 ,ii
4699,UP 1,26.602,60440,32110342.0,17.235883,2096466.6,391.2836916,IT=13;13 ,ii
4700,UP 1,26.101,57580,31595120.0,17.239815,2179777.2,391.2836445,IT=13;13 ,ii
4701,UP 1,26.503,57500,31514550.0,17.243931,2118346.2,391.2837142,IT=13;13 ,ii
4702,UP 1,27.054,62632,32171302.0,17.248035,2062860.9,391.2836786,IT=14;14 ,ii
4703,UP 1,26.170,57952,32158022.0,17.252127,2121556.8,391.283675,IT=13;13 ,ii
4704,UP 1,26.594,56504,31444044.0,17.256064,2178968.0,391.2837548,IT=13;13 ,ii
4705,UP 1,25.808,56248,32477248.0,17.260154,2256007.8,391.2836834,IT=13;13 ,ii
4706,UP 1,26.041,61936,32561170.0,17.264256,2145414.0,391.2836832,IT=13;13 ,ii
4707,UP 1,26.366,58652,32485054.0,17.268356,2218532.0,391.283779,IT=13;13 ,ii
4708,UP 1,26.226,59528,32624558.0,17.272287,2214870.2,391.2837947,IT=13;13 ,ii
4709,UP 1,27.380,59408,31568254.0,17.276408,2077806.4,391.2838035,IT=14;14 ,ii
4710,UP 1,26.537,60740,32399892.0,17.280495,2086001.6,391.2837794,IT=13;13 ,ii
4711,UP 1,26.707,59256,32104404.0,17.284595,2147768.5,391.2836698,IT=13;13 ,ii
4712,UP 1,25.630,63208,33943868.0,17.288516,2259864.0,391.2836952,IT=13;13 ,ii
4713,UP 1,26.145,59544,32862624.0,17.292633,2175675.8,391.2837915,IT=13;13 ,ii
4714,UP 1,26.806,61204,32419226.0,17.296739,2107950.2,391.283688,IT=13;13 ,ii
4715,UP 1,26.591,58728,32116688.0,17.300837,2077487.8,391.2837489,IT=13;13 ,ii
4716,UP 1,25.542,57636,31719614.0,17.30492,2090422.5,391.2837756,IT=13;13 ,ii
4717,UP 1,25.943,58984,33071544.0,17.309025,2154847.2,391.283669,IT=13;13 ,ii
4719,UP 1,25.109,57688,32875148.0,17.313208,2262741.2,391.2837013,IT=13;13 ,ii
4720,UP 1,26.180,60984,32470156.0,17.31732,2086026.2,391.2838095,IT=13;13 ,ii
4721,UP 1,26.061,56956,32160956.0,17.321416,2164835.5,391.2836988,IT=13;13 ,ii
4722,UP 1,26.560,61128,32183516.0,17.32536,2143283.2,391.2837335,IT=13;13 ,ii
4723,UP 1,26.358,61812,32910260.0,17.329456,2121177.2,391.2836467,IT=13;13 ,ii
4724,UP 1,25.785,60020,33371570.0,17.333543,2163116.0,391.2836945,IT=13;13 ,ii
4725,UP 1,25.313,57428,32397976.0,17.337631,2207407.8,391.2838115,IT=13;13 ,ii
4726,UP 1,25.950,59896,32794066.0,17.341733,2210904.0,391.2838083,IT=13;13 ,ii
4727,UP 1,26.222,61348,33399180.0,17.345835,2196297.0,391.2837419,IT=13;13 ,ii
4728,UP 1,26.023,56020,32631030.0,17.34993,2079937.6,371.1008513,IT=13;13 ,ii
4729,UP 1,25.720,58960,32719496.0,17.354022,2136383.0,391.2837466,IT=13;13 ,ii
4730,UP 1,25.768,62092,33327790.0,17.357955,2141400.8,391.2837343,IT=13;13 ,ii
4731,UP 1,24.955,60484,33098854.0,17.362041,2154517.0,391.2836649,IT=12;12 ,ii
4732,UP 1,25.507,57776,32283338.0,17.366139,2088664.1,391.2837351,IT=13;13 ,ii
4733,UP 1,26.556,60164,33322424.0,17.370247,2067622.9,391.2837032,IT=13;13 ,ii
4734,UP 1,25.626,57104,32973740.0,17.374328,2184304.8,391.2836464,IT=13;13 ,ii
4735,UP 1,25.653,63100,34084960.0,17.378255,2091019.2,391.2837329,IT=13;13 ,ii
4736,UP 1,26.218,60448,32944288.0,17.382372,2076100.2,391.2836698,IT=13;13 ,ii
4737,UP 1,24.780,58996,33660124.0,17.386443,2158196.2,391.2836244,IT=12;12 ,ii
4738,UP 1,25.202,60364,34115224.0,17.390536,2176063.0,391.2836196,IT=13;13 ,ii
4739,UP 1,25.522,60968,33818372.0,17.394466,2228378.2,391.2836127,IT=13;13 ,ii
4740,UP 1,24.234,59040,33565756.0,17.398543,2143782.2,391.2836555,IT=12;12 ,ii
4741,UP 1,25.250,59228,34292144.0,17.402647,2084946.5,391.2836957,IT=13;13 ,ii
4743,UP 1,24.790,59932,34773512.0,17.407009,2213521.0,391.2836685,IT=12;12 ,ii
4744,UP 1,24.713,59544,34240296.0,17.410938,2209917.5,391.2837028,IT=12;12 ,ii
4747,UP 1,26.010,60012,33690124.0,17.417011,2093712.8,391.2837001,IT=13;13 ,ii
4748,UP 1,25.161,60432,33894824.0,17.420934,2121513.8,391.283661,IT=13;13 ,ii
4749,UP 1,26.081,60716,33347286.0,17.425045,2012959.8,391.2836355,IT=13;13 ,ii
4750,UP 1,24.773,59428,34453548.0,17.429126,2180978.8,391.283756,IT=12;12 ,ii
4752,UP 1,23.984,60016,35048120.0,17.433449,2138149.2,391.2836914,IT=12;12 ,ii
4753,UP 1,24.322,57720,34033472.0,17.437376,2147372.8,391.283795,IT=12;12 ,ii
4755,UP 1,24.366,58260,34318336.0,17.441542,2068462.4,371.1008915,IT=12;12 ,ii
4756,UP 1,24.754,61212,35086064.0,17.445642,2144237.0,391.2837531,IT=12;12 ,ii
4759,UP 1,24.617,56708,34095352.0,17.451676,2176502.5,391.2837288,IT=12;12 ,ii
4760,UP 1,24.769,61876,35683488.0,17.455773,2121043.8,391.283561,IT=12;12 ,ii
4761,UP 1,23.753,59840,35460136.0,17.459846,2154017.8,391.2836639,IT=12;12 ,ii
4762,UP 1,23.941,58984,34865644.0,17.463763,2052435.4,391.2837391,IT=12;12 ,ii
4763,UP 1,24.875,57348,34688604.0,17.467869,2033421.8,391.2837509,IT=12;12 ,ii
4764,UP 1,23.661,59972,35265156.0,17.471938,2166862.8,391.2837667,IT=12;12 ,ii
4767,UP 1,24.835,64912,36089580.0,17.47799,2117593.2,391.2837594,IT=12;12 ,ii
4768,UP 1,23.610,59284,35804808.0,17.482063,2159621.5,391.2837126,IT=12;12 ,ii
4769,UP 1,23.836,59512,35718548.0,17.485988,2089502.0,391.2837995,IT=12;12 ,ii
4770,UP 1,23.748,59128,35941296.0,17.489911,2089300.4,391.2836995,IT=12;12 ,ii
4771,UP 1,22.780,60924,36752724.0,17.493984,2172755.0,391.2837554,IT=11;11 ,ii
4774,UP 1,23.295,60316,36666528.0,17.49999,2112856.2,391.283729,IT=12;12 ,ii
4775,UP 1,23.437,59148,37381024.0,17.504075,2157627.8,391.2836796,IT=12;12 ,ii
4776,UP 1,22.516,61260,37851644.0,17.508142,2109303.2,391.2838582,IT=11;11 ,ii
4778,UP 1,21.316,58560,38046896.0,17.512258,2246268.5,391.2836968,IT=11;11 ,ii
4779,UP 1,22.112,57016,37158956.0,17.516348,2079664.9,391.2838227,IT=11;11 ,ii
4780,UP 1,23.057,60460,37907636.0,17.52044,2148084.8,391.2838117,IT=12;12 ,ii
4783,UP 1,22.040,61016,39054816.0,17.526425,2104486.8,391.2837042,IT=11;11 ,ii
4784,UP 1,23.275,60556,38943964.0,17.530525,2082958.2,391.2837458,IT=12;12 ,ii
4785,UP 1,21.671,58964,39315800.0,17.534573,2130778.8,391.2836258,IT=11;11 ,ii
4786,UP 1,20.831,57736,40315568.0,17.538471,2254656.0,391.2837732,IT=10;10 ,ii
4789,UP 1,20.894,61248,41336664.0,17.544475,2112895.0,391.2837216,IT=10;10 ,ii
4790,UP 1,19.687,59124,43777784.0,17.548538,2263369.5,371.100872,IT=9.8;9.8 ,ii
4792,UP 1,19.419,56568,43349680.0,17.552652,2171246.0,391.2837179,IT=9.7;9.7 ,ii
4793,UP 1,19.309,59020,45092652.0,17.556715,2176138.0,391.2837208,IT=9.7;9.7 ,ii
4796,UP 1,17.527,57164,48461888.0,17.562635,2346211.8,391.283641,IT=8.8;8.8 ,ii
4797,UP 1,16.890,53224,49858916.0,17.566692,2811761.8,401.858036,IT=8.4;8.4 ,ii
4799,UP 1,16.353,54268,52925016.0,17.570746,3560751.8,401.8579234,IT=8.2;8.2 ,ii
4800,UP 1,14.784,54624,56048620.0,17.574769,3964351.2,401.8580825,IT=7.4;7.4 ,ii
4802,UP 1,14.039,53820,59399808.0,17.578773,4881863.0,401.8578961,IT=7;7 ,ii
4803,UP 1,13.710,52592,63452880.0,17.582798,5809952.5,401.8579917,IT=6.9;6.9 ,ii
4808,UP 1,12.416,49256,67019664.0,17.592295,6826677.0,401.8580222,IT=6.2;6.2 ,ii
4809,UP 1,11.961,48632,68492392.0,17.596312,6913872.0,401.8579508,IT=6;6 ,ii
4811,UP 1,11.599,47624,70354728.0,17.602131,7161886.5,401.857965,IT=5.8;5.8 ,ii
4813,UP 1,11.917,46708,66967800.0,17.608006,6081912.0,401.8580834,IT=6;6 ,ii
4816,UP 1,13.327,52340,65133872.0,17.615722,5523613.0,401.858157,IT=6.7;6.7 ,ii
4819,UP 1,13.715,56540,65054756.0,17.62131,4863574.5,401.858025,IT=6.9;6.9 ,ii
4820,UP 1,13.700,55292,63047492.0,17.625345,4424452.5,401.8580942,IT=6.9;6.9 ,ii
4821,UP 1,13.681,53584,61005432.0,17.629177,3817202.8,401.857955,IT=6.8;6.8 ,ii
4824,UP 1,13.979,53196,59552612.0,17.636845,2904429.2,401.8579549,IT=7;7 ,ii
4825,UP 1,13.862,53480,59608708.0,17.640879,2825745.2,401.8580432,IT=6.9;6.9 ,ii
4826,UP 1,14.760,54996,56948044.0,17.644737,2297137.0,401.8579489,IT=7.4;7.4 ,ii
4827,UP 1,14.516,55628,58270804.0,17.648758,2137393.8,391.2835446,IT=7.3;7.3 ,ii
4828,UP 1,14.767,55236,58485216.0,17.652785,2206351.5,391.2835769,IT=7.4;7.4 ,ii
4829,UP 1,15.059,56752,58284320.0,17.65682,2292030.0,391.2836027,IT=7.5;7.5 ,ii
4830,UP 1,14.528,55784,57187188.0,17.660674,2238557.0,391.2835216,IT=7.3;7.3 ,ii
4831,UP 1,14.694,55548,57377572.0,17.664697,2125228.0,391.2833575,IT=7.3;7.3 ,ii
4832,UP 1,14.874,60392,60887328.0,17.668728,2304770.2,401.2184157,IT=7.4;7.4 ,ii
4834,UP 1,14.996,60024,60009516.0,17.674607,2293514.8,401.2182927,IT=7.5;7.5 ,ii
4835,UP 1,14.501,55672,60686072.0,17.678643,2426358.5,401.2184108,IT=7.3;7.3 ,ii
4837,UP 1,14.908,60976,61408128.0,17.682651,2322931.0,401.2184051,IT=7.5;7.5 ,ii
4838,UP 1,14.629,59964,61016008.0,17.686687,2402453.8,401.2184039,IT=7.3;7.3 ,ii
4839,UP 1,14.556,59464,61495332.0,17.690709,2417818.8,401.2184151,IT=7.3;7.3 ,ii
4841,UP 1,14.328,59868,63427700.0,17.696574,2666441.5,401.2183233,IT=7.2;7.2 ,ii
4842,UP 1,14.506,59920,62732424.0,17.700614,2384586.0,401.2183183,IT=7.3;7.3 ,ii
4843,UP 1,13.980,60360,64988560.0,17.704463,2664550.8,401.2182498,IT=7;7 ,ii
4845,UP 1,13.946,57764,64694776.0,17.710324,2564759.2,401.21835,IT=7;7 ,ii
4846,UP 1,13.357,56208,65487312.0,17.714186,2660891.2,401.218347,IT=6.7;6.7 ,ii
4847,UP 1,13.626,59468,66767948.0,17.718188,2653984.8,401.2183443,IT=6.8;6.8 ,ii
4849,UP 1,12.373,58264,69057264.0,17.724036,2686737.2,401.2183429,IT=6.2;6.2 ,ii
4852,UP 1,12.849,60128,70924280.0,17.731757,2505182.2,401.2183746,IT=6.4;6.4 ,ii
4856,UP 1,12.623,60608,71786256.0,17.739145,2397543.0,401.2182718,IT=6.3;6.3 ,ii
4857,UP 1,12.612,61624,72687248.0,17.743172,2422499.2,430.75416,IT=6.3;6.3 ,ii
4860,UP 1,11.789,57792,72326440.0,17.750836,2873033.5,430.7540622,IT=5.9;5.9 ,ii
4861,UP 1,11.537,58540,74724528.0,17.75484,3029594.5,430.7540581,IT=5.8;5.8 ,ii
4863,UP 1,11.841,56828,73616376.0,17.760663,3315058.5,430.7540525,IT=5.9;5.9 ,ii
4864,UP 1,11.499,56996,75571040.0,17.764671,3735904.2,430.7541846,IT=5.7;5.7 ,ii
4866,UP 1,11.426,59328,78774128.0,17.77049,4053458.8,430.7540539,IT=5.7;5.7 ,ii
4868,UP 1,10.793,58136,83576488.0,17.776359,4816809.5,430.7540723,IT=5.4;5.4 ,ii
4869,UP 1,10.726,57816,82293256.0,17.780348,5214847.0,430.754151,IT=5.4;5.4 ,ii
4872,UP 1,10.819,55612,81673072.0,17.787984,5234184.0,430.7540961,IT=5.4;5.4 ,ii
4873,UP 1,10.661,56796,84074024.0,17.791971,6045189.5,430.7541264,IT=5.3;5.3 ,ii
4876,UP 1,10.380,55684,86890376.0,17.7996,6612046.0,430.7541968,IT=5.2;5.2 ,ii
4879,UP 1,9.903,55448,92477392.0,17.807265,8163352.0,430.7541846,IT=5;5 ,ii
4880,UP 1,9.782,55004,92835568.0,17.811225,8775571.0,430.7542331,IT=4.9;4.9 ,ii
4883,UP 1,9.911,55060,90868608.0,17.817019,8681357.0,430.7541132,IT=5;5 ,ii
4884,UP 1,10.154,58816,92343568.0,17.820819,9145565.0,430.7541797,IT=5.1;5.1 ,ii
4888,UP 1,9.472,52444,91573960.0,17.830281,10036846.0,430.7541359,IT=4.7;4.7 ,ii
4890,UP 1,9.140,56228,94678072.0,17.836098,11092511.0,430.7541002,IT=4.6;4.6 ,ii
4892,UP 1,9.378,54080,92367160.0,17.841925,10879417.0,430.7542143,IT=4.7;4.7 ,ii
4895,UP 1,9.658,57940,94043264.0,17.849563,11706647.0,430.7542077,IT=4.8;4.8 ,ii
4901,UP 1,9.115,53688,97306944.0,17.860517,12787287.0,430.754126,IT=4.6;4.6 ,ii
4904,UP 1,8.828,56540,99510056.0,17.868146,13435058.0,430.7542881,IT=4.4;4.4 ,ii
4910,UP 1,9.338,55952,100389740.0,17.87915,13535516.0,430.754156,IT=4.7;4.7 ,ii
4913,UP 1,9.211,57940,103748680.0,17.886819,13791875.0,430.754132,IT=4.6;4.6 ,ii
4914,UP 1,8.942,56568,101669840.0,17.890598,13438117.0,430.7540833,IT=4.5;4.5 ,ii
4916,UP 1,9.178,59340,103618620.0,17.896389,13434680.0,430.7541571,IT=4.6;4.6 ,ii
4919,UP 1,9.278,60612,102738990.0,17.904029,13461552.0,430.7541581,IT=4.6;4.6 ,ii
4923,UP 1,8.913,57084,103305730.0,17.913489,13283459.0,430.7540977,IT=4.5;4.5 ,ii
4927,UP 1,9.599,61384,100771380.0,17.921166,12123715.0,430.7541684,IT=4.8;4.8 ,ii
4930,UP 1,10.053,57848,93869168.0,17.928818,10674695.0,430.7541546,IT=5;5 ,ii
4931,UP 1,9.785,60296,95836392.0,17.932614,10798346.0,430.7541154,IT=4.9;4.9 ,ii
4935,UP 1,10.021,58328,93461176.0,17.942091,9975305.0,430.7540507,IT=5;5 ,ii
4939,UP 1,10.015,62812,95694872.0,17.951622,9751926.0,430.7542301,IT=5;5 ,ii
4942,UP 1,9.704,59256,94171056.0,17.95671,9294710.0,430.7541163,IT=4.9;4.9 ,ii
4945,UP 1,9.896,61040,94009800.0,17.964378,8926774.0,430.7541583,IT=4.9;4.9 ,ii
4947,UP 1,10.032,61328,95624768.0,17.970237,8769905.0,430.7543094,IT=5;5 ,ii
4948,UP 1,10.063,62708,97832008.0,17.974212,8484815.0,430.7542455,IT=5;5 ,ii
4951,UP 1,9.613,62900,97440984.0,17.981841,8195581.0,430.7543045,IT=4.8;4.8 ,ii
4953,UP 1,9.781,63296,96701248.0,17.987714,8020153.5,430.7542279,IT=4.9;4.9 ,ii
4954,UP 1,9.933,58436,97290400.0,17.99152,7923554.0,430.7542288,IT=5;5 ,ii
4956,UP 1,9.871,61084,99799432.0,17.997312,7968427.0,430.7542828,IT=4.9;4.9 ,ii
4959,UP 1,9.549,59268,96391784.0,18.004991,7331545.0,430.7543876,IT=4.8;4.8 ,ii
4961,UP 1,9.720,63520,99229480.0,18.010495,7172733.0,430.7542917,IT=4.9;4.9 ,ii
4963,UP 1,9.367,60144,99730048.0,18.016336,7068792.5,430.7543073,IT=4.7;4.7 ,ii
4965,UP 1,9.675,59116,97918896.0,18.022184,6459675.0,430.7542698,IT=4.8;4.8 ,ii
4967,UP 1,9.547,61360,100142640.0,18.028016,6607043.0,430.7542434,IT=4.8;4.8 ,ii
4970,UP 1,9.425,60080,98956296.0,18.035411,6212758.0,430.7542274,IT=4.7;4.7 ,ii
4973,UP 1,9.365,62204,99791312.0,18.043067,5527833.5,430.7543508,IT=4.7;4.7 ,ii
4978,UP 1,9.541,60960,97464024.0,18.052247,5045990.0,430.75431,IT=4.8;4.8 ,ii
4981,UP 1,9.518,60968,97775544.0,18.057774,5022981.5,430.7543178,IT=4.8;4.8 ,ii
4984,UP 1,9.373,61784,100483190.0,18.063274,4793677.5,430.7542087,IT=4.7;4.7 ,ii
4986,UP 1,9.276,60816,98498144.0,18.069101,4697941.0,430.7542599,IT=4.6;4.6 ,ii
4990,UP 1,9.165,61656,99928480.0,18.078588,4022689.5,430.75417,IT=4.6;4.6 ,ii
4993,UP 1,9.094,59672,99499496.0,18.086221,3851897.2,359.2099753,IT=4.5;4.5 ,ii
4996,UP 1,9.211,60932,100848540.0,18.093911,3952177.5,359.2100242,IT=4.6;4.6 ,ii
5000,UP 1,9.866,62304,101319590.0,18.101586,4156594.5,359.2099134,IT=4.9;4.9 ,ii
5003,UP 1,9.391,62604,101106680.0,18.109242,4389306.5,359.2099389,IT=4.7;4.7 ,ii
5006,UP 1,9.728,62980,104402900.0,18.116898,4764021.0,359.2099862,IT=4.9;4.9 ,ii
5009,UP 1,10.067,66112,99760024.0,18.124565,4260972.0,359.2100324,IT=5;5 ,ii
5013,UP 1,10.073,62356,95088304.0,18.131929,4488352.5,359.2099701,IT=5;5 ,ii
5017,UP 1,10.082,61300,95121224.0,18.141415,4392863.0,359.2099049,IT=5;5 ,ii
5020,UP 1,9.859,65552,99290568.0,18.149077,4771784.0,359.2098739,IT=4.9;4.9 ,ii
5024,UP 1,10.299,66184,95919552.0,18.158592,4678780.0,359.2098663,IT=5.1;5.1 ,ii
5028,UP 1,10.111,67468,97142512.0,18.168085,4542955.5,359.209955,IT=5.1;5.1 ,ii
5032,UP 1,10.044,64104,95936768.0,18.177606,4420004.0,359.2099115,IT=5;5 ,ii
5040,UP 1,9.541,65364,101931940.0,18.194377,4632521.0,359.2097917,IT=4.8;4.8 ,ii
5046,UP 1,9.353,64216,104328630.0,18.205348,4712918.5,359.2095538,IT=4.7;4.7 ,ii
5051,UP 1,8.813,63552,105547690.0,18.214502,4849348.0,359.2093552,IT=4.4;4.4 ,ii
5055,UP 1,9.221,67272,109873000.0,18.223985,4861888.0,359.2094434,IT=4.6;4.6 ,ii
5058,UP 1,9.076,62956,107871340.0,18.231623,4617605.5,359.2096188,IT=4.5;4.5 ,ii
5062,UP 1,8.912,66040,110321350.0,18.238979,4275667.5,359.2098117,IT=4.5;4.5 ,ii
5065,UP 1,8.989,63932,111691200.0,18.246627,4008080.8,359.2098742,IT=4.5;4.5 ,ii
5069,UP 1,8.610,63044,112722370.0,18.256106,4024289.8,359.209881,IT=4.3;4.3 ,ii
5073,UP 1,8.324,62008,115546450.0,18.264518,4398322.5,488.2459996,IT=4.2;4.2 ,ii
5079,UP 1,8.643,63696,119761380.0,18.275518,4786601.5,488.5340273,IT=4.3;4.3 ,ii
5082,UP 1,8.888,62000,118413820.0,18.282031,5540679.5,488.5339812,IT=4.4;4.4 ,ii
5086,UP 1,8.642,61940,118654260.0,18.291528,6945992.5,488.5340113,IT=4.3;4.3 ,ii
5090,UP 1,8.642,63156,120755860.0,18.300793,6847647.0,488.5342393,IT=4.3;4.3 ,ii
5092,UP 1,8.695,62356,118252620.0,18.306622,6523489.0,488.5340842,IT=4.3;4.3 ,ii
5095,UP 1,8.309,61492,114956530.0,18.314247,6173169.5,488.5342197,IT=4.2;4.2 ,ii
5101,UP 1,9.169,65376,112131550.0,18.325232,4589425.0,488.5342091,IT=4.6;4.6 ,ii
5104,UP 1,9.094,65540,112331060.0,18.332884,3664542.8,488.5342756,IT=4.5;4.5 ,ii
5110,UP 1,9.358,65684,106928700.0,18.343863,2323375.8,488.5340489,IT=4.7;4.7 ,ii
5114,UP 1,9.453,66396,109397780.0,18.353165,2139918.2,391.2837399,IT=4.7;4.7 ,ii
5119,UP 1,9.150,64692,108287900.0,18.362647,2257483.2,509.7378558,IT=4.6;4.6 ,ii
5122,UP 1,9.144,66968,114227570.0,18.370322,2600129.0,509.7377674,IT=4.6;4.6 ,ii
5125,UP 1,9.121,65044,110762980.0,18.377961,2436356.8,439.225652,IT=4.6;4.6 ,ii
5130,UP 1,9.044,66380,116629600.0,18.386307,2606455.8,439.2256561,IT=4.5;4.5 ,ii
5134,UP 1,8.283,62884,119169700.0,18.395778,2635199.0,439.2256119,IT=4.1;4.1 ,ii
5137,UP 1,8.174,65648,125381690.0,18.403415,2587285.0,439.2258194,IT=4.1;4.1 ,ii
5143,UP 1,7.679,62912,127593020.0,18.414375,2591524.2,730.8574633,IT=3.8;3.8 ,ii
5149,UP 1,7.636,62188,134363410.0,18.42745,3369749.5,533.2694524,IT=3.8;3.8 ,ii
5157,UP 1,6.651,62248,147564960.0,18.44403,7470547.0,533.2696389,IT=3.3;3.3 ,ii
5163,UP 1,6.852,58396,149866940.0,18.455021,10046371.0,533.2694748,IT=3.4;3.4 ,ii
5170,UP 1,6.290,60324,169051330.0,18.468098,12733419.0,533.2694761,IT=3.1;3.1 ,ii
5177,UP 1,6.175,57608,164621340.0,18.480888,12914927.0,533.2694141,IT=3.1;3.1 ,ii
5184,UP 1,6.158,59500,162465390.0,18.493635,10982167.0,533.2695244,IT=3.1;3.1 ,ii
5189,UP 1,6.260,57412,153908480.0,18.502489,8869956.0,456.2139584,IT=3.1;3.1 ,ii
5194,UP 1,6.802,61232,147392930.0,18.513616,8525064.0,456.2139194,IT=3.4;3.4 ,ii
5198,UP 1,7.575,66448,144635380.0,18.523091,7480403.5,456.2139676,IT=3.8;3.8 ,ii
5204,UP 1,7.708,61700,131539100.0,18.53561,5787977.5,456.2141279,IT=3.9;3.9 ,ii
5213,UP 1,7.551,64040,138130220.0,18.55115,3650898.8,394.2130047,IT=3.8;3.8 ,ii
5221,UP 1,7.161,62388,138645680.0,18.565737,3957109.5,394.2131906,IT=3.6;3.6 ,ii
5228,UP 1,6.876,63992,149640780.0,18.578516,4276690.0,394.2130389,IT=3.4;3.4 ,ii
5237,UP 1,6.751,65060,154947870.0,18.593824,3616614.8,453.2191927,IT=3.4;3.4 ,ii
5248,UP 1,6.721,66252,158839070.0,18.614891,3657320.8,351.1732431,IT=3.4;3.4 ,ii
5257,UP 1,6.741,68536,169002620.0,18.631307,5589438.5,351.173339,IT=3.4;3.4 ,ii
5265,UP 1,6.142,66184,166216720.0,18.645609,6871069.0,351.1732199,IT=3.1;3.1 ,ii
5274,UP 1,6.143,67396,175919540.0,18.661932,7209906.0,351.1731832,IT=3.1;3.1 ,ii
5284,UP 1,5.953,70696,192195730.0,18.679584,7572768.0,489.5788668,IT=3;3 ,ii
5289,UP 1,5.673,61200,171634640.0,18.690674,7339511.5,489.5790041,IT=2.8;2.8 ,ii
5292,UP 1,5.942,64476,176508990.0,18.698276,6974518.5,489.5790199,IT=3;3 ,ii
5300,UP 1,6.444,65036,173099810.0,18.712863,8186631.5,369.1818102,IT=3.2;3.2 ,ii
5308,UP 1,6.066,63276,171166420.0,18.727463,11464024.0,369.1820322,IT=3;3 ,ii
5314,UP 1,6.401,65840,173135940.0,18.738407,13531878.0,369.1819058,IT=3.2;3.2 ,ii
5320,UP 1,5.865,65152,179985060.0,18.749088,15204328.0,369.1819606,IT=2.9;2.9 ,ii
5328,UP 1,5.927,64448,192840510.0,18.76365,18176566.0,369.1817833,IT=3;3 ,ii
5336,UP 1,6.164,66628,196862100.0,18.779235,18008092.0,369.1819638,IT=3.1;3.1 ,ii
5342,UP 1,6.033,67372,194796980.0,18.78984,15963046.0,369.1819042,IT=3;3 ,ii
5348,UP 1,5.893,64776,195244430.0,18.799071,13603245.0,369.1818974,IT=2.9;2.9 ,ii
5358,UP 1,4.691,62300,256257840.0,18.817266,35865644.0,390.2028489,IT=2.3;2.3 ,ii
5369,UP 1,3.453,50668,329024610.0,18.836725,71270944.0,390.2027604,IT=1.7;1.7 ,ii
5372,UP 1,3.047,47620,368124480.0,18.844129,87611808.0,390.2029687,IT=1.5;1.5 ,ii
5383,UP 1,2.868,48032,453304900.0,18.863252,102715150.0,390.2028981,IT=1.4;1.4 ,ii
5394,UP 1,3.001,47596,402630940.0,18.88267,66260152.0,390.2029752,IT=1.5;1.5 ,ii
5405,UP 1,3.311,51016,338505660.0,18.902678,34366880.0,390.2028854,IT=1.7;1.7 ,ii
5416,UP 1,4.821,59836,259566240.0,18.921257,19558100.0,489.2121495,IT=2.4;2.4 ,ii
5427,UP 1,5.678,64808,234712350.0,18.942349,11114680.0,387.6979175,IT=2.8;2.8 ,ii
5436,UP 1,5.571,66848,229622380.0,18.957724,13480285.0,387.6978827,IT=2.8;2.8 ,ii
5442,UP 1,5.466,59384,234891650.0,18.96863,16323876.0,415.2238073,IT=2.7;2.7 ,ii
5446,UP 1,5.777,65700,232281250.0,18.977413,18577168.0,415.2239846,IT=2.9;2.9 ,ii
5454,UP 1,6.024,66596,237927520.0,18.991397,22657584.0,415.2238135,IT=3;3 ,ii
5463,UP 1,5.670,64624,232506610.0,19.006859,22744162.0,415.2236878,IT=2.8;2.8 ,ii
5474,UP 1,5.851,65968,239383090.0,19.028905,18086134.0,415.2237908,IT=2.9;2.9 ,ii
5485,UP 1,5.454,62860,250726860.0,19.048203,16861268.0,373.7232883,IT=2.7;2.7 ,ii
5496,UP 1,4.945,58912,272257470.0,19.06679,20821110.0,373.7232688,IT=2.5;2.5 ,ii
5505,UP 1,4.891,59988,284349980.0,19.081483,21917638.0,373.7232303,IT=2.4;2.4 ,ii
5516,UP 1,5.128,62876,272353950.0,19.101294,19647476.0,373.7231401,IT=2.6;2.6 ,ii
5527,UP 1,6.715,74180,223533310.0,19.123337,12240208.0,373.7233719,IT=3.4;3.4 ,ii
5535,UP 1,7.427,69676,183759150.0,19.137842,7442040.5,373.7234118,IT=3.7;3.7 ,ii
5541,UP 1,8.129,72268,174303900.0,19.148798,4716426.0,370.1843966,IT=4.1;4.1 ,ii
5551,UP 1,8.291,75116,175549580.0,19.165718,5020828.0,383.6953269,IT=4.1;4.1 ,ii
5562,UP 1,7.463,71636,191639460.0,19.185114,9494122.0,383.695352,IT=3.7;3.7 ,ii
5565,UP 1,7.017,70100,198720770.0,19.19256,12138193.0,512.2284109,IT=3.5;3.5 ,ii
5571,UP 1,7.068,69008,203739230.0,19.203493,14376298.0,512.2283022,IT=3.5;3.5 ,ii
5576,UP 1,6.843,72404,209940320.0,19.212651,15519466.0,512.2281645,IT=3.4;3.4 ,ii
5577,UP 1,7.706,72140,199941500.0,19.21657,14765031.0,512.2281991,IT=3.9;3.9 ,ii
5580,UP 1,7.112,69460,199410910.0,19.224174,13663072.0,512.228218,IT=3.6;3.6 ,ii
5584,UP 1,7.603,70700,186219920.0,19.231497,11645011.0,512.2283068,IT=3.8;3.8 ,ii
5589,UP 1,7.999,73224,178405700.0,19.240632,9019439.0,512.228199,IT=4;4 ,ii
5597,UP 1,8.596,72444,162715260.0,19.255282,6057779.0,410.7132156,IT=4.3;4.3 ,ii
5605,UP 1,9.774,75832,146310500.0,19.27083,5116584.0,410.7130245,IT=4.9;4.9 ,ii
5608,UP 1,9.650,77296,145186300.0,19.276353,4393572.5,410.7130143,IT=4.8;4.8 ,ii
5614,UP 1,9.787,75676,139817020.0,19.287336,2726900.5,410.7127429,IT=4.9;4.9 ,ii
5623,UP 1,9.779,80284,150122110.0,19.303172,3092856.8,392.6860959,IT=4.9;4.9 ,ii
5633,UP 1,8.527,77420,166081900.0,19.320567,4729445.5,360.1912579,IT=4.3;4.3 ,ii
5641,UP 1,7.936,71492,181487380.0,19.334146,6183529.0,360.1913844,IT=4;4 ,ii
5647,UP 1,7.752,70660,187044540.0,19.345138,5818922.0,360.1912169,IT=3.9;3.9 ,ii
5653,UP 1,7.470,69604,192386580.0,19.35805,5586639.5,392.6861361,IT=3.7;3.7 ,ii
5656,UP 1,7.606,74820,193432180.0,19.36354,5264240.0,392.686081,IT=3.8;3.8 ,ii
5663,UP 1,7.558,73560,191739660.0,19.375444,5475286.0,392.6861638,IT=3.8;3.8 ,ii
5669,UP 1,7.521,73488,191377580.0,19.386409,5624380.5,392.6861127,IT=3.8;3.8 ,ii
5677,UP 1,7.414,73300,188809520.0,19.400408,4472465.5,392.686139,IT=3.7;3.7 ,ii
5688,UP 1,7.159,75084,210611250.0,19.419519,5680992.0,387.7209594,IT=3.6;3.6 ,ii
5699,UP 1,6.166,72988,235509520.0,19.440958,12507355.0,359.8485061,IT=3.1;3.1 ,ii
5710,UP 1,6.500,74784,244056400.0,19.460012,14937144.0,359.8486593,IT=3.3;3.3 ,ii
5721,UP 1,7.016,80116,227066110.0,19.478985,9923171.0,359.848671,IT=3.5;3.5 ,ii
5732,UP 1,7.173,78484,219162800.0,19.499049,7164907.0,534.7245633,IT=3.6;3.6 ,ii
5735,UP 1,7.400,80068,223730300.0,19.504539,7276495.0,534.7245062,IT=3.7;3.7 ,ii
5746,UP 1,7.891,84964,217784610.0,19.524691,6013477.5,379.7236971,IT=3.9;3.9 ,ii
5757,UP 1,7.848,79880,195565470.0,19.544728,5797366.5,381.1912057,IT=3.9;3.9 ,ii
5767,UP 1,8.293,83040,183934930.0,19.561355,4454787.0,381.1912671,IT=4.1;4.1 ,ii
5773,UP 1,8.631,83928,183220700.0,19.57233,3992263.8,494.9015719,IT=4.3;4.3 ,ii
5780,UP 1,8.554,83404,181213410.0,19.584507,3898317.2,494.9015367,IT=4.3;4.3 ,ii
5790,UP 1,8.829,82916,177384610.0,19.602017,4428752.5,494.9014492,IT=4.4;4.4 ,ii
5801,UP 1,8.952,83320,173863760.0,19.623419,4589426.0,361.6767792,IT=4.5;4.5 ,ii
5810,UP 1,9.006,83308,171713840.0,19.639161,5177655.5,416.7240675,IT=4.5;4.5 ,ii
5821,UP 1,8.779,85960,180043010.0,19.658644,6172383.0,416.7238719,IT=4.4;4.4 ,ii
5832,UP 1,8.376,79748,189483220.0,19.678275,4282601.5,469.2349333,IT=4.2;4.2 ,ii
5843,UP 1,7.984,83836,208246100.0,19.699246,8504842.0,469.2349486,IT=4;4 ,ii
5854,UP 1,7.981,80952,202996540.0,19.718204,8629574.0,469.2348887,IT=4;4 ,ii
5865,UP 1,8.144,79516,200978700.0,19.73725,7557617.0,445.2530681,IT=4.1;4.1 ,ii
5876,UP 1,7.877,78096,206669360.0,19.754916,6111652.5,445.2528152,IT=3.9;3.9 ,ii
5887,UP 1,7.356,73616,219668580.0,19.776885,8893208.0,379.7237014,IT=3.7;3.7 ,ii
5898,UP 1,6.257,71456,274470880.0,19.796966,20816226.0,378.8521885,IT=3.1;3.1 ,ii
5909,UP 1,4.862,63096,339443460.0,19.814324,39988724.0,378.8521704,IT=2.4;2.4 ,ii
5920,UP 1,4.379,55748,358291040.0,19.832891,50982988.0,378.8520738,IT=2.2;2.2 ,ii
5931,UP 1,5.373,62812,301847390.0,19.853001,39444868.0,378.8520834,IT=2.7;2.7 ,ii
5933,UP 1,6.265,65700,273726940.0,19.85863,33417006.0,378.8522241,IT=3.1;3.1 ,ii
5944,UP 1,8.193,74668,208098990.0,19.878026,14464650.0,378.8521932,IT=4.1;4.1 ,ii
5946,UP 1,8.439,74604,199272580.0,19.881701,11775075.0,378.8521983,IT=4.2;4.2 ,ii
5957,UP 1,9.671,77760,172674430.0,19.901284,5941200.0,378.8522997,IT=4.8;4.8 ,ii
5968,UP 1,10.799,79428,160443950.0,19.920495,4274993.0,378.7342747,IT=5.4;5.4 ,ii
5975,UP 1,10.684,81948,166766540.0,19.935019,5283550.5,378.7342617,IT=5.3;5.3 ,ii
5980,UP 1,10.237,76716,168398930.0,19.943936,5915686.0,468.7612587,IT=5.1;5.1 ,ii
5986,UP 1,9.507,75316,181221170.0,19.95493,8146319.5,468.7612586,IT=4.8;4.8 ,ii
5994,UP 1,9.272,76360,185219420.0,19.96934,8373810.5,468.7610622,IT=4.6;4.6 ,ii
5999,UP 1,8.809,75036,190991310.0,19.977525,7761416.0,468.7610857,IT=4.4;4.4 ,ii
6004,UP 1,8.555,76460,196985660.0,19.986273,6642532.0,468.7611012,IT=4.3;4.3 ,ii
6010,UP 1,8.370,73312,199829150.0,19.997255,7967596.5,510.2541182,IT=4.2;4.2 ,ii
6019,UP 1,7.669,72468,211224380.0,20.014019,11007099.0,366.6977069,IT=3.8;3.8 ,ii
6022,UP 1,7.366,72292,216856380.0,20.019488,12280508.0,510.2539699,IT=3.7;3.7 ,ii
6033,UP 1,7.109,72948,230226670.0,20.039567,13753294.0,352.7039818,IT=3.6;3.6 ,ii
6035,UP 1,7.408,76040,233932610.0,20.043237,15001358.0,352.7040373,IT=3.7;3.7 ,ii
6045,UP 1,7.306,71072,216962060.0,20.061431,19096584.0,352.7041554,IT=3.7;3.7 ,ii
6053,UP 1,8.164,78236,205355620.0,20.075896,18157152.0,352.7040953,IT=4.1;4.1 ,ii
6063,UP 1,9.300,83348,179204350.0,20.094166,14562905.0,352.7040564,IT=4.7;4.7 ,ii
6069,UP 1,10.148,84156,164551090.0,20.107204,13692618.0,352.7041957,IT=5.1;5.1 ,ii
6078,UP 1,10.139,82040,163311520.0,20.123629,16605391.0,352.7042012,IT=5.1;5.1 ,ii
6089,UP 1,9.794,82676,169404400.0,20.143556,19988110.0,352.704172,IT=4.9;4.9 ,ii
6097,UP 1,9.435,81508,177763390.0,20.15801,18689632.0,352.7041962,IT=4.7;4.7 ,ii
6105,UP 1,9.427,80932,188510830.0,20.172676,13997064.0,352.7040773,IT=4.7;4.7 ,ii
6115,UP 1,8.433,76152,206691840.0,20.190962,23929634.0,394.2133537,IT=4.2;4.2 ,ii
6126,UP 1,7.587,71244,221520300.0,20.210693,34553896.0,394.2132337,IT=3.8;3.8 ,ii
6137,UP 1,7.534,72216,220684580.0,20.230822,35298588.0,394.2132888,IT=3.8;3.8 ,ii
6148,UP 1,7.646,74356,216516580.0,20.250549,25931514.0,394.2133396,IT=3.8;3.8 ,ii
6151,UP 1,7.709,73276,209314510.0,20.256046,21989602.0,394.2133063,IT=3.9;3.9 ,ii
6162,UP 1,7.934,75208,206717820.0,20.276511,10753337.0,394.213468,IT=4;4 ,ii
6171,UP 1,7.717,75764,221082350.0,20.292919,19567556.0,450.7666222,IT=3.9;3.9 ,ii
6181,UP 1,6.739,66792,250483810.0,20.310973,30606800.0,450.7665127,IT=3.4;3.4 ,ii
6192,UP 1,6.211,65500,274380510.0,20.329386,29225964.0,450.7665518,IT=3.1;3.1 ,ii
6200,UP 1,6.065,63592,275533060.0,20.343177,26044028.0,437.2372916,IT=3;3 ,ii
6209,UP 1,6.362,64616,264905200.0,20.359327,22219606.0,437.2373028,IT=3.2;3.2 ,ii
6218,UP 1,6.696,67012,254240240.0,20.375471,19731168.0,480.7535249,IT=3.3;3.3 ,ii
6224,UP 1,6.631,68020,254440420.0,20.38566,16910612.0,480.7536132,IT=3.3;3.3 ,ii
6230,UP 1,6.770,69216,243737120.0,20.396589,11307619.0,480.7535594,IT=3.4;3.4 ,ii
6238,UP 1,6.532,65496,252459900.0,20.41121,19437178.0,408.7321016,IT=3.3;3.3 ,ii
6249,UP 1,5.433,61700,307901440.0,20.428518,57476368.0,408.7320394,IT=2.7;2.7 ,ii
6251,UP 1,5.253,57092,307345920.0,20.433145,64317068.0,408.7321484,IT=2.6;2.6 ,ii
6262,UP 1,4.360,56032,373454530.0,20.452328,106189640.0,408.732149,IT=2.2;2.2 ,ii
6264,UP 1,4.488,55276,371998910.0,20.455939,106220330.0,408.7322383,IT=2.2;2.2 ,ii
6275,UP 1,4.876,57692,335205020.0,20.475618,91112064.0,408.7322421,IT=2.4;2.4 ,ii
6286,UP 1,6.692,67520,244852100.0,20.494868,45126532.0,408.7322903,IT=3.3;3.3 ,ii
6296,UP 1,8.556,74872,204994640.0,20.513153,19329102.0,408.7319929,IT=4.3;4.3 ,ii
6307,UP 1,9.374,78216,185873650.0,20.533847,7950872.0,408.7321479,IT=4.7;4.7 ,ii
6310,UP 1,9.073,77948,191314610.0,20.539363,6918339.0,408.7319298,IT=4.5;4.5 ,ii
6321,UP 1,9.165,79888,190614080.0,20.559247,5216079.0,411.2291642,IT=4.6;4.6 ,ii
6324,UP 1,8.773,78152,196761600.0,20.564753,5302732.0,411.2290915,IT=4.4;4.4 ,ii
6335,UP 1,7.206,73004,233933150.0,20.58453,15808245.0,408.7145626,IT=3.6;3.6 ,ii
6346,UP 1,4.987,67024,338076580.0,20.602573,43450000.0,408.7141158,IT=2.5;2.5 ,ii
6357,UP 1,4.070,60720,403913820.0,20.621734,67540200.0,408.7139995,IT=2;2 ,ii
6368,UP 1,4.634,61720,349745220.0,20.641329,53177808.0,408.7139952,IT=2.3;2.3 ,ii
6371,UP 1,4.959,63416,316578240.0,20.646781,44057936.0,408.714058,IT=2.5;2.5 ,ii
6382,UP 1,7.226,73572,219192720.0,20.66686,17220284.0,408.7142315,IT=3.6;3.6 ,ii
6393,UP 1,8.413,77188,187903340.0,20.6867,6266062.5,408.7142988,IT=4.2;4.2 ,ii
6403,UP 1,8.683,79880,185087020.0,20.706962,10446413.0,402.2343126,IT=4.3;4.3 ,ii
6414,UP 1,8.980,81220,185829360.0,20.727079,13078204.0,402.2343791,IT=4.5;4.5 ,ii
6416,UP 1,8.996,80604,175508900.0,20.730777,12419160.0,402.2344695,IT=4.5;4.5 ,ii
6426,UP 1,9.253,81060,178798830.0,20.749097,9344794.0,402.2344697,IT=4.6;4.6 ,ii
6437,UP 1,9.188,78632,176048540.0,20.768314,7184913.0,383.2107574,IT=4.6;4.6 ,ii
6440,UP 1,9.203,79736,179356340.0,20.773814,7373162.0,383.2106926,IT=4.6;4.6 ,ii
6451,UP 1,9.260,82084,184223140.0,20.793872,5225298.5,383.2105517,IT=4.6;4.6 ,ii
6462,UP 1,9.414,85524,183361340.0,20.813153,5983162.0,394.7163559,IT=4.7;4.7 ,ii
6473,UP 1,8.908,79964,187961360.0,20.833339,6674805.5,394.7164328,IT=4.5;4.5 ,ii
6476,UP 1,9.424,80120,184378020.0,20.83888,5729565.0,394.7165036,IT=4.7;4.7 ,ii
6487,UP 1,9.833,79572,175644670.0,20.85953,3500600.0,566.268085,IT=4.9;4.9 ,ii
6489,UP 1,9.531,78936,173430560.0,20.863224,3328405.8,496.7381753,IT=4.8;4.8 ,ii
6497,UP 1,9.287,78896,171604620.0,20.877849,4789786.0,496.7382489,IT=4.6;4.6 ,ii
6503,UP 1,9.693,79040,167009140.0,20.888871,4434448.5,496.7381291,IT=4.8;4.8 ,ii
6513,UP 1,10.409,82544,161752020.0,20.905403,4981620.5,492.753903,IT=5.2;5.2 ,ii
6520,UP 1,10.897,82836,153099170.0,20.917682,3928411.5,492.7539304,IT=5.4;5.4 ,ii
6527,UP 1,11.189,83596,148649140.0,20.930463,3190767.2,406.2135727,IT=5.6;5.6 ,ii
6535,UP 1,12.097,82104,135755940.0,20.944721,2880877.0,406.2136543,IT=6;6 ,ii
6546,UP 1,12.779,90524,134713980.0,20.964836,2656773.8,412.9031301,IT=6.4;6.4 ,ii
6548,UP 1,12.670,91412,136853220.0,20.968581,2839284.2,412.903192,IT=6.3;6.3 ,ii
6557,UP 1,12.335,87912,140780020.0,20.985077,4498139.0,377.7083869,IT=6.2;6.2 ,ii
6560,UP 1,12.404,86576,139307010.0,20.990631,4645131.5,377.7082541,IT=6.2;6.2 ,ii
6570,UP 1,11.319,83112,152355150.0,21.00896,4609104.0,377.7081426,IT=5.7;5.7 ,ii
6573,UP 1,10.715,85820,159384260.0,21.015494,4177777.5,377.7082175,IT=5.4;5.4 ,ii
6584,UP 1,9.721,80676,179971950.0,21.034935,11941409.0,577.8123097,IT=4.9;4.9 ,ii
6586,UP 1,9.428,80988,186096850.0,21.038627,14855186.0,577.8122798,IT=4.7;4.7 ,ii
6597,UP 1,8.002,72316,215091710.0,21.058691,32355668.0,577.8123492,IT=4;4 ,ii
6608,UP 1,7.685,71580,222969300.0,21.078845,40464724.0,577.8123381,IT=3.8;3.8 ,ii
6619,UP 1,8.207,77756,212068850.0,21.098114,36044312.0,577.8120692,IT=4.1;4.1 ,ii
6630,UP 1,10.177,83212,177044690.0,21.120276,22612020.0,577.8123848,IT=5.1;5.1 ,ii
6641,UP 1,10.925,84128,165103490.0,21.140247,14094857.0,577.812322,IT=5.5;5.5 ,ii
6652,UP 1,11.096,84700,159527010.0,21.159661,9382107.0,577.8123555,IT=5.5;5.5 ,ii
6663,UP 1,10.195,77700,171365420.0,21.179305,6573569.0,577.8123519,IT=5.1;5.1 ,ii
6673,UP 1,9.035,76100,198222190.0,21.197621,15968888.0,466.7379047,IT=4.5;4.5 ,ii
6681,UP 1,8.024,71372,215950300.0,21.212176,22392232.0,466.7379063,IT=4;4 ,ii
6692,UP 1,7.693,72368,227353760.0,21.231715,21969382.0,466.7379826,IT=3.8;3.8 ,ii
6695,UP 1,7.654,74352,227244720.0,21.237211,19985272.0,466.7379351,IT=3.8;3.8 ,ii
6706,UP 1,6.708,69616,255057700.0,21.256646,12103731.0,440.7241249,IT=3.4;3.4 ,ii
6709,UP 1,6.132,68628,280090500.0,21.263484,16932462.0,440.7241041,IT=3.1;3.1 ,ii
6720,UP 1,5.559,65628,321642910.0,21.283583,26781008.0,440.7239449,IT=2.8;2.8 ,ii
6731,UP 1,5.828,62312,291895170.0,21.303085,22444984.0,440.7240724,IT=2.9;2.9 ,ii
6739,UP 1,6.414,67580,266714210.0,21.316954,15123746.0,452.7344736,IT=3.2;3.2 ,ii
6748,UP 1,7.393,72552,232874270.0,21.331573,9559444.0,452.7346232,IT=3.7;3.7 ,ii
6756,UP 1,7.385,72420,231616110.0,21.345427,6449822.0,506.2407547,IT=3.7;3.7 ,ii
6764,UP 1,7.865,72912,230619740.0,21.360537,9835040.0,435.7195313,IT=3.9;3.9 ,ii
6772,UP 1,7.532,72224,241135470.0,21.375158,11767611.0,435.7194626,IT=3.8;3.8 ,ii
6779,UP 1,7.328,74592,241454020.0,21.387233,11290982.0,435.7194463,IT=3.7;3.7 ,ii
6787,UP 1,7.829,70524,217171650.0,21.401862,7288951.0,435.7195691,IT=3.9;3.9 ,ii
6793,UP 1,8.651,75140,201829250.0,21.411395,7768739.5,366.1926621,IT=4.3;4.3 ,ii
6798,UP 1,8.948,78552,195959410.0,21.420549,8682921.0,366.1927435,IT=4.5;4.5 ,ii
6801,UP 1,9.022,76400,182524800.0,21.425885,7755299.5,366.1925557,IT=4.5;4.5 ,ii
6811,UP 1,9.811,79124,179577150.0,21.444161,6968476.0,366.1927386,IT=4.9;4.9 ,ii
6822,UP 1,10.124,78260,170726820.0,21.464286,4083398.8,366.1925881,IT=5.1;5.1 ,ii
6825,UP 1,10.040,77176,164444420.0,21.469801,3537635.0,486.7506007,IT=5;5 ,ii
6836,UP 1,10.982,80420,159980290.0,21.489503,3283889.0,478.7800385,IT=5.5;5.5 ,ii
6841,UP 1,10.934,82108,157982590.0,21.498672,4019159.8,478.7802174,IT=5.5;5.5 ,ii
6850,UP 1,11.486,77880,146609900.0,21.514661,4763389.0,478.7800668,IT=5.7;5.7 ,ii
6861,UP 1,12.324,83884,140166290.0,21.536763,3768708.5,478.7801868,IT=6.2;6.2 ,ii
6867,UP 1,12.881,81108,127644780.0,21.547475,2647769.8,478.7802579,IT=6.4;6.4 ,ii
6876,UP 1,13.362,78948,119972090.0,21.563882,1966003.0,391.284268,IT=6.7;6.7 ,ii
6884,UP 1,13.775,82600,118127100.0,21.578627,2125068.0,391.2843313,IT=6.9;6.9 ,ii
6891,UP 1,13.419,83204,122821990.0,21.591036,2937502.5,451.7453662,IT=6.7;6.7 ,ii
6896,UP 1,12.580,79688,127535500.0,21.600248,3813565.0,451.7454498,IT=6.3;6.3 ,ii
6903,UP 1,11.567,81380,145088720.0,21.612363,6664986.0,389.1816388,IT=5.8;5.8 ,ii
6908,UP 1,10.253,76696,166634100.0,21.621069,11060172.0,389.1815686,IT=5.1;5.1 ,ii
6917,UP 1,7.744,66868,225117540.0,21.637177,22436300.0,389.1813307,IT=3.9;3.9 ,ii
6928,UP 1,5.610,58360,308343040.0,21.657281,35172860.0,389.1813578,IT=2.8;2.8 ,ii
6936,UP 1,5.302,56328,331265600.0,21.67192,37684584.0,599.7648299,IT=2.7;2.7 ,ii
6944,UP 1,5.773,58892,313657760.0,21.687495,36675696.0,599.7649084,IT=2.9;2.9 ,ii
6950,UP 1,6.195,62476,286332100.0,21.698491,30176204.0,599.7649196,IT=3.1;3.1 ,ii
6958,UP 1,7.557,65628,229119820.0,21.713087,20403408.0,599.7651437,IT=3.8;3.8 ,ii
6961,UP 1,8.219,67768,212465010.0,21.718581,16408079.0,599.765161,IT=4.1;4.1 ,ii
6964,UP 1,8.890,74128,199026910.0,21.724076,13462165.0,599.7651996,IT=4.4;4.4 ,ii
6970,UP 1,10.412,77252,177568720.0,21.735064,8832070.0,373.2262725,IT=5.2;5.2 ,ii
6977,UP 1,11.206,78772,162267410.0,21.747897,4980723.0,373.2262381,IT=5.6;5.6 ,ii
6984,UP 1,11.308,76736,159867040.0,21.759968,4553900.0,405.6941173,IT=5.7;5.7 ,ii
6990,UP 1,11.198,74476,157177500.0,21.772209,6432349.0,466.2403904,IT=5.6;5.6 ,ii
6999,UP 1,11.063,73960,160086080.0,21.788703,10290527.0,466.2402778,IT=5.5;5.5 ,ii
7007,UP 1,10.278,71632,164452480.0,21.803309,12569558.0,466.2403795,IT=5.1;5.1 ,ii
7013,UP 1,10.417,70896,163320560.0,21.814284,13142488.0,466.2402317,IT=5.2;5.2 ,ii
7015,UP 1,10.862,69336,159103230.0,21.820151,12567017.0,466.2402984,IT=5.4;5.4 ,ii
7019,UP 1,10.734,73608,160818940.0,21.829678,11743276.0,466.2402473,IT=5.4;5.4 ,ii
7024,UP 1,11.225,73228,153832320.0,21.840657,9512018.0,466.2404702,IT=5.6;5.6 ,ii
7031,UP 1,11.767,74168,145509940.0,21.853557,6211469.5,466.2404125,IT=5.9;5.9 ,ii
7036,UP 1,11.526,73464,142897820.0,21.862753,4973784.5,466.2403686,IT=5.8;5.8 ,ii
7040,UP 1,12.575,74504,138095440.0,21.870446,3931827.2,527.786043,IT=6.3;6.3 ,ii
7048,UP 1,12.563,78284,135806990.0,21.885079,3961814.0,527.7862091,IT=6.3;6.3 ,ii
7054,UP 1,12.739,81496,135071980.0,21.896094,3642247.2,527.7861693,IT=6.4;6.4 ,ii
7059,UP 1,12.604,77164,132690250.0,21.905313,5544574.0,366.2003415,IT=6.3;6.3 ,ii
7061,UP 1,12.532,77868,136061200.0,21.911196,6688410.0,366.2003971,IT=6.3;6.3 ,ii
7064,UP 1,12.252,76088,137862430.0,21.917106,8793657.0,366.2003207,IT=6.1;6.1 ,ii
7068,UP 1,12.135,80400,142944900.0,21.926627,10897442.0,366.2002683,IT=6.1;6.1 ,ii
7074,UP 1,11.851,74596,140470940.0,21.939666,13136319.0,366.2003337,IT=5.9;5.9 ,ii
7080,UP 1,12.324,75932,136107390.0,21.950298,13259602.0,366.2003052,IT=6.2;6.2 ,ii
7087,UP 1,13.319,77928,134451100.0,21.963164,12736540.0,366.2003179,IT=6.7;6.7 ,ii
7093,UP 1,13.453,76744,124919870.0,21.974206,10209672.0,366.2003902,IT=6.7;6.7 ,ii
7097,UP 1,13.974,80172,121068310.0,21.981983,8946268.0,366.200422,IT=7;7 ,ii
7104,UP 1,14.922,82500,112147950.0,21.994625,6030920.5,366.2003946,IT=7.5;7.5 ,ii
7109,UP 1,15.742,83136,105124460.0,22.003812,4529787.0,380.7134941,IT=7.9;7.9 ,ii
7115,UP 1,16.422,84856,100997180.0,22.014885,3977584.0,380.7135781,IT=8.2;8.2 ,ii
7120,UP 1,16.687,84320,100863520.0,22.024476,3233999.0,380.7134611,IT=8.3;8.3 ,ii
7121,UP 1,17.849,85072,97799720.0,22.028549,3053452.8,380.7135394,IT=8.9;8.9 ,ii
7124,UP 1,17.401,84660,98717368.0,22.034203,2641666.8,380.7135486,IT=8.7;8.7 ,ii
7127,UP 1,17.273,89496,99709160.0,22.039837,2127180.8,380.7137323,IT=8.6;8.6 ,ii
7133,UP 1,16.829,84956,99493680.0,22.050955,2531909.8,425.7372568,IT=8.4;8.4 ,ii
7139,UP 1,16.627,87164,103220820.0,22.062049,3645468.2,425.7372118,IT=8.3;8.3 ,ii
7144,UP 1,15.903,84924,108467850.0,22.071334,4441916.5,425.737173,IT=8;8 ,ii
7149,UP 1,15.300,81056,114097280.0,22.08092,4930049.0,425.7369652,IT=7.6;7.6 ,ii
7150,UP 1,15.505,82280,116261650.0,22.08498,5086858.5,425.7369271,IT=7.8;7.8 ,ii
7152,UP 1,15.036,80932,116723610.0,22.088955,5023639.0,425.7369378,IT=7.5;7.5 ,ii
7154,UP 1,14.631,82064,119262180.0,22.093745,5102400.5,425.7368763,IT=7.3;7.3 ,ii
7157,UP 1,14.607,79852,119118590.0,22.101482,4694862.0,425.7368634,IT=7.3;7.3 ,ii
7158,UP 1,14.560,83128,124438160.0,22.105522,4653212.0,425.7366924,IT=7.3;7.3 ,ii
7163,UP 1,14.242,77628,121352300.0,22.114763,3873668.5,458.2486865,IT=7.1;7.1 ,ii
7164,UP 1,15.272,83740,123131660.0,22.118822,4900731.0,458.2486503,IT=7.6;7.6 ,ii
7167,UP 1,14.018,79232,124574380.0,22.124417,6317661.0,458.2485509,IT=7;7 ,ii
7168,UP 1,14.246,79340,125983140.0,22.128463,7614522.5,458.248712,IT=7.1;7.1 ,ii
7172,UP 1,13.706,79408,130131460.0,22.135921,10681814.0,458.2485045,IT=6.9;6.9 ,ii
7173,UP 1,13.607,78656,129639340.0,22.139957,12054960.0,458.2485554,IT=6.8;6.8 ,ii
7178,UP 1,13.003,76536,133155280.0,22.149182,16113447.0,458.2485393,IT=6.5;6.5 ,ii
7182,UP 1,12.838,75196,137378820.0,22.15688,19348488.0,458.2485246,IT=6.4;6.4 ,ii
7187,UP 1,12.357,76048,145714690.0,22.166075,22351030.0,458.2484646,IT=6.2;6.2 ,ii
7193,UP 1,11.924,74652,153096750.0,22.177134,25499286.0,458.2483611,IT=6;6 ,ii
7198,UP 1,11.897,71324,148899860.0,22.188323,23629874.0,458.2483554,IT=5.9;5.9 ,ii
7205,UP 1,12.489,78604,146834900.0,22.201127,20613948.0,458.2484085,IT=6.2;6.2 ,ii
7210,UP 1,12.141,75080,147270560.0,22.21034,17153730.0,458.2484148,IT=6.1;6.1 ,ii
7217,UP 1,12.071,78540,146749060.0,22.223154,12833707.0,458.2483741,IT=6;6 ,ii
7224,UP 1,12.671,74168,142592110.0,22.235069,8450499.0,458.2484762,IT=6.3;6.3 ,ii
7230,UP 1,12.000,73212,145437700.0,22.24611,8806486.0,390.7103812,IT=6;6 ,ii
7237,UP 1,12.032,76516,152569860.0,22.258994,12346292.0,390.7103472,IT=6;6 ,ii
7242,UP 1,11.609,75196,154206590.0,22.268194,14886281.0,390.7103439,IT=5.8;5.8 ,ii
7248,UP 1,11.584,75344,153372320.0,22.279225,15953068.0,390.7103036,IT=5.8;5.8 ,ii
7253,UP 1,11.682,74088,148927780.0,22.290585,16069067.0,390.7104153,IT=5.8;5.8 ,ii
7258,UP 1,11.909,73128,143135550.0,22.299772,14843685.0,390.7103329,IT=6;6 ,ii
7263,UP 1,12.629,76584,139883920.0,22.308977,12702240.0,390.7103528,IT=6.3;6.3 ,ii
7269,UP 1,12.895,75584,132168780.0,22.319089,10332661.0,390.710278,IT=6.4;6.4 ,ii
7270,UP 1,14.078,76624,131313980.0,22.322972,9357390.0,390.7103927,IT=7;7 ,ii
7273,UP 1,13.504,77716,128244020.0,22.328562,7950235.0,390.7103809,IT=6.8;6.8 ,ii
7278,UP 1,14.435,80224,121330670.0,22.337808,5498717.0,390.7102642,IT=7.2;7.2 ,ii
7279,UP 1,14.782,79752,122776440.0,22.341858,4856530.0,390.7102968,IT=7.4;7.4 ,ii
7283,UP 1,14.894,80596,117815060.0,22.349281,3782162.2,390.71032,IT=7.4;7.4 ,ii
7286,UP 1,15.125,78688,112213800.0,22.35522,2946032.8,454.2133199,IT=7.6;7.6 ,ii
7287,UP 1,15.248,80600,115342470.0,22.359266,2959311.0,454.2132914,IT=7.6;7.6 ,ii
7292,UP 1,15.567,82024,111663160.0,22.368514,2850438.8,454.2132912,IT=7.8;7.8 ,ii
7298,UP 1,15.948,80104,108417900.0,22.379595,2639103.8,454.2134265,IT=8;8 ,ii
7303,UP 1,16.263,80684,107938300.0,22.389218,2340950.5,428.748167,IT=8.1;8.1 ,ii
7304,UP 1,16.410,84372,108000580.0,22.39327,2795371.0,428.748224,IT=8.2;8.2 ,ii
7307,UP 1,16.023,80404,108598760.0,22.398899,3467545.8,428.748196,IT=8;8 ,ii
7309,UP 1,16.416,84832,107925650.0,22.40298,4015896.0,428.7480655,IT=8.2;8.2 ,ii
7310,UP 1,16.284,81980,107812420.0,22.407028,4411103.5,428.7481567,IT=8.1;8.1 ,ii
7314,UP 1,16.022,82724,109579810.0,22.414453,4945702.5,428.7481923,IT=8;8 ,ii
7315,UP 1,16.350,80788,109826290.0,22.41834,5518537.0,428.7482867,IT=8.2;8.2 ,ii
7320,UP 1,15.540,84064,114874960.0,22.427609,6490164.5,428.7482057,IT=7.8;7.8 ,ii
7321,UP 1,15.589,79240,114464180.0,22.431655,6985227.0,428.7482832,IT=7.8;7.8 ,ii
7326,UP 1,14.935,79620,116389040.0,22.441174,6973191.0,428.748101,IT=7.5;7.5 ,ii
7327,UP 1,15.215,81464,118673020.0,22.445053,7247327.5,428.7481279,IT=7.6;7.6 ,ii
7330,UP 1,14.343,78216,122420540.0,22.450655,7145975.0,428.7479303,IT=7.2;7.2 ,ii
7331,UP 1,15.311,80708,120967960.0,22.454715,7197751.0,428.7480946,IT=7.7;7.7 ,ii
7337,UP 1,13.872,77252,126695820.0,22.46573,6607557.5,428.747974,IT=6.9;6.9 ,ii
7338,UP 1,14.679,80084,125322820.0,22.469778,6210716.5,428.7480126,IT=7.3;7.3 ,ii
7345,UP 1,14.097,74372,123688540.0,22.482723,6719019.0,474.2923722,IT=7;7 ,ii
7350,UP 1,14.497,76448,123725460.0,22.491986,7284510.0,474.2924969,IT=7.2;7.2 ,ii
7356,UP 1,14.035,77600,129790550.0,22.503044,8037609.5,474.2923128,IT=7;7 ,ii
7361,UP 1,13.511,78092,129623100.0,22.512279,8299942.5,474.2923034,IT=6.8;6.8 ,ii
7366,UP 1,12.773,71804,132918900.0,22.521508,8765317.0,474.2923522,IT=6.4;6.4 ,ii
7372,UP 1,12.280,76048,139794020.0,22.532552,8749805.0,474.2922454,IT=6.1;6.1 ,ii
7376,UP 1,12.343,75072,141075570.0,22.542096,8881192.0,474.29214,IT=6.2;6.2 ,ii
7379,UP 1,12.281,77464,144031380.0,22.549852,8746818.0,474.2922281,IT=6.1;6.1 ,ii
7383,UP 1,12.039,74416,144196900.0,22.557569,8533112.0,474.2922324,IT=6;6 ,ii
7387,UP 1,12.294,76012,143721550.0,22.564971,8267014.0,474.2922218,IT=6.1;6.1 ,ii
7391,UP 1,11.682,73672,149602420.0,22.573871,7832989.5,474.2921363,IT=5.8;5.8 ,ii
7395,UP 1,10.854,72148,161220860.0,22.583383,8949363.0,374.2161363,IT=5.4;5.4 ,ii
7401,UP 1,10.284,71132,170350140.0,22.593668,10919717.0,374.2162183,IT=5.1;5.1 ,ii
7406,UP 1,9.554,70424,186411070.0,22.604806,13057752.0,374.2165648,IT=4.8;4.8 ,ii
7414,UP 1,8.313,62296,209013340.0,22.619487,21209550.0,488.7280121,IT=4.2;4.2 ,ii
7421,UP 1,7.411,61188,237920590.0,22.632291,31584560.0,488.7279159,IT=3.7;3.7 ,ii
7427,UP 1,7.066,59548,245075060.0,22.643254,37890944.0,488.7278274,IT=3.5;3.5 ,ii
7436,UP 1,6.878,63044,250248380.0,22.659241,41950568.0,488.72781,IT=3.4;3.4 ,ii
7446,UP 1,7.376,64972,233504940.0,22.677485,37355500.0,488.7278597,IT=3.7;3.7 ,ii
7452,UP 1,7.449,64108,223086320.0,22.688472,31611046.0,488.7278107,IT=3.7;3.7 ,ii
7457,UP 1,7.733,67632,217441140.0,22.697276,25450898.0,488.7278751,IT=3.9;3.9 ,ii
7468,UP 1,8.803,72100,194130430.0,22.717388,13933607.0,488.7280396,IT=4.4;4.4 ,ii
7478,UP 1,9.566,69792,177163710.0,22.735653,9173454.0,468.2090216,IT=4.8;4.8 ,ii
7484,UP 1,9.979,74780,172395890.0,22.746626,7647779.5,468.2089145,IT=5;5 ,ii
7490,UP 1,10.386,74528,166498540.0,22.759355,5453232.0,468.2088656,IT=5.2;5.2 ,ii
7501,UP 1,11.242,78248,154942460.0,22.780313,3937203.5,365.7083196,IT=5.6;5.6 ,ii
7503,UP 1,11.616,80636,152118780.0,22.784044,4096988.5,365.7082482,IT=5.8;5.8 ,ii
7513,UP 1,11.520,77552,147230670.0,22.802377,5110518.5,365.7082609,IT=5.8;5.8 ,ii
7524,UP 1,11.990,77356,142785200.0,22.822583,4259952.5,365.7083195,IT=6;6 ,ii
7534,UP 1,11.544,78256,143964940.0,22.840898,3604496.2,516.7374255,IT=5.8;5.8 ,ii
7540,UP 1,11.814,78520,141792540.0,22.851956,4203902.0,351.885106,IT=5.9;5.9 ,ii
7547,UP 1,11.666,79024,141708830.0,22.866094,5511736.5,367.2263535,IT=5.8;5.8 ,ii
7555,UP 1,12.399,80736,138704690.0,22.880233,6731198.0,367.2262767,IT=6.2;6.2 ,ii
7565,UP 1,11.809,77064,137934510.0,22.898564,7036492.0,367.2263197,IT=5.9;5.9 ,ii
7573,UP 1,12.473,80872,137372430.0,22.913231,5460420.0,367.2262769,IT=6.2;6.2 ,ii
7580,UP 1,12.346,78328,137027630.0,22.925222,4168571.5,367.2263187,IT=6.2;6.2 ,ii
7587,UP 1,11.725,78036,141046830.0,22.939068,3080102.2,380.8876335,IT=5.9;5.9 ,ii
7592,UP 1,12.139,78640,143426190.0,22.948272,3405873.8,459.2689448,IT=6.1;6.1 ,ii
7597,UP 1,12.044,78964,147082350.0,22.957476,3988775.0,617.8053453,IT=6;6 ,ii
7602,UP 1,12.045,84788,146461250.0,22.96672,4709577.0,617.8052972,IT=6;6 ,ii
7608,UP 1,12.000,81888,145532460.0,22.977749,5524209.0,617.805251,IT=6;6 ,ii
7614,UP 1,12.248,81548,142098240.0,22.988826,5295010.0,617.8049651,IT=6.1;6.1 ,ii
7617,UP 1,12.473,82124,141189700.0,22.996564,5052613.5,617.8049411,IT=6.2;6.2 ,ii
7618,UP 1,13.185,83816,135040480.0,23.000441,4839907.5,617.8052805,IT=6.6;6.6 ,ii
7622,UP 1,13.076,80356,130198220.0,23.007857,4256510.0,617.8053373,IT=6.5;6.5 ,ii
7629,UP 1,12.582,81236,131176810.0,23.02032,3321837.5,574.7940351,IT=6.3;6.3 ,ii
7635,UP 1,11.739,81480,135566080.0,23.031355,3278215.5,574.7939506,IT=5.9;5.9 ,ii
7642,UP 1,11.440,77988,143191870.0,23.044547,3620329.5,422.2225886,IT=5.7;5.7 ,ii
7650,UP 1,10.665,77920,155601010.0,23.058711,4419931.5,422.222546,IT=5.3;5.3 ,ii
7660,UP 1,9.206,73968,181465390.0,23.076213,4823398.0,366.2173002,IT=4.6;4.6 ,ii
7669,UP 1,8.100,67964,213154240.0,23.092017,7711443.5,488.2301907,IT=4.1;4.1 ,ii
7679,UP 1,7.488,66048,228546830.0,23.110644,8620259.0,567.7858291,IT=3.7;3.7 ,ii
7687,UP 1,7.590,65908,230204860.0,23.124254,11793696.0,567.7857959,IT=3.8;3.8 ,ii
7693,UP 1,7.404,67340,227912720.0,23.135246,13459198.0,567.7858192,IT=3.7;3.7 ,ii
7698,UP 1,7.336,65952,225677230.0,23.144692,13745697.0,567.7858693,IT=3.7;3.7 ,ii
7706,UP 1,7.890,68784,208250530.0,23.159288,11223691.0,567.7859092,IT=3.9;3.9 ,ii
7715,UP 1,8.495,69344,200565870.0,23.174875,7579432.5,567.785901,IT=4.2;4.2 ,ii
7721,UP 1,8.889,72664,197353250.0,23.187866,7471047.0,444.7427842,IT=4.4;4.4 ,ii
7727,UP 1,8.587,70444,209468060.0,23.198714,14681065.0,444.7429121,IT=4.3;4.3 ,ii
7737,UP 1,7.285,66468,240233120.0,23.217004,32618818.0,444.7429531,IT=3.6;3.6 ,ii
7747,UP 1,6.110,63472,291146940.0,23.234768,55147400.0,444.7429005,IT=3.1;3.1 ,ii
7758,UP 1,5.309,62764,329302180.0,23.254168,69463184.0,444.7428256,IT=2.7;2.7 ,ii
7761,UP 1,5.177,59896,332314300.0,23.259635,71005568.0,444.742939,IT=2.6;2.6 ,ii
7772,UP 1,5.756,60652,303801890.0,23.278903,59407820.0,444.7428054,IT=2.9;2.9 ,ii
7783,UP 1,6.833,67072,255666000.0,23.298962,38346896.0,444.7427548,IT=3.4;3.4 ,ii
7785,UP 1,7.230,66520,248444380.0,23.302628,34744860.0,444.7427577,IT=3.6;3.6 ,ii
7796,UP 1,8.792,71112,201549490.0,23.322709,18493446.0,444.7428086,IT=4.4;4.4 ,ii
7799,UP 1,9.102,71572,192300400.0,23.328224,15588130.0,444.7428498,IT=4.6;4.6 ,ii
7810,UP 1,9.306,70328,190323420.0,23.34833,19638408.0,398.2395902,IT=4.7;4.7 ,ii
7817,UP 1,8.495,68168,202832290.0,23.363103,31976780.0,398.2397111,IT=4.2;4.2 ,ii
7825,UP 1,8.185,67380,210628190.0,23.377734,42791044.0,398.2397191,IT=4.1;4.1 ,ii
7836,UP 1,8.114,65944,209866820.0,23.397855,49112872.0,398.2398404,IT=4.1;4.1 ,ii
7846,UP 1,9.230,70284,188535060.0,23.416146,39911780.0,398.2398831,IT=4.6;4.6 ,ii
7849,UP 1,9.658,69536,179615780.0,23.421673,35887496.0,398.2398644,IT=4.8;4.8 ,ii
7859,UP 1,10.685,73552,161977890.0,23.43999,22963786.0,398.2397769,IT=5.3;5.3 ,ii
7870,UP 1,12.185,82520,151542640.0,23.460102,11932537.0,398.2398554,IT=6.1;6.1 ,ii
7878,UP 1,12.456,79316,141521020.0,23.474773,7198847.5,398.2398864,IT=6.2;6.2 ,ii
7883,UP 1,12.975,79600,135590500.0,23.484,6986425.5,668.3369783,IT=6.5;6.5 ,ii
7888,UP 1,13.587,80904,130426510.0,23.493215,7173601.0,566.7933435,IT=6.8;6.8 ,ii
7894,UP 1,13.895,83792,126276260.0,23.50425,6865494.0,566.7933235,IT=6.9;6.9 ,ii
7895,UP 1,15.387,84220,121793670.0,23.508316,6663058.0,566.7934665,IT=7.7;7.7 ,ii
7900,UP 1,14.456,82020,121465070.0,23.517562,6131964.0,566.7932595,IT=7.2;7.2 ,ii
7907,UP 1,15.301,85204,120259910.0,23.530468,4621190.5,566.7932828,IT=7.7;7.7 ,ii
7912,UP 1,14.946,83584,121518490.0,23.539664,3280261.2,424.2207567,IT=7.5;7.5 ,ii
7913,UP 1,15.639,84344,121116600.0,23.543552,4086295.8,424.2208198,IT=7.8;7.8 ,ii
7921,UP 1,12.716,79264,144272370.0,23.558054,9009280.0,424.220829,IT=6.4;6.4 ,ii
7930,UP 1,10.622,76052,179089280.0,23.574603,16860708.0,424.2207057,IT=5.3;5.3 ,ii
7933,UP 1,9.654,74672,197297980.0,23.580112,20193390.0,424.2206822,IT=4.8;4.8 ,ii
7944,UP 1,7.467,63912,248182450.0,23.600205,29428588.0,424.2206329,IT=3.7;3.7 ,ii
7955,UP 1,6.135,57708,284928260.0,23.620137,32951740.0,424.2204824,IT=3.1;3.1 ,ii
7966,UP 1,5.816,56900,303224640.0,23.638868,27226786.0,424.2204417,IT=2.9;2.9 ,ii
7977,UP 1,5.849,57260,304530940.0,23.658891,16860462.0,424.2203465,IT=2.9;2.9 ,ii
7988,UP 1,5.696,57424,300540510.0,23.678953,19972874.0,576.2879725,IT=2.8;2.8 ,ii
7995,UP 1,6.188,60708,281543230.0,23.692726,19376932.0,576.2883037,IT=3.1;3.1 ,ii
8001,UP 1,6.691,60788,269138590.0,23.703713,17951206.0,576.2881981,IT=3.3;3.3 ,ii
8007,UP 1,6.977,62204,250793620.0,23.714682,18947958.0,420.2287087,IT=3.5;3.5 ,ii
8012,UP 1,7.635,66960,233583260.0,23.725973,20732214.0,420.2288231,IT=3.8;3.8 ,ii
8021,UP 1,8.545,67924,208726620.0,23.742463,19285038.0,420.2288412,IT=4.3;4.3 ,ii
8030,UP 1,10.155,71280,184014770.0,23.758958,14512624.0,420.2288009,IT=5.1;5.1 ,ii
8038,UP 1,11.870,78712,163994180.0,23.774821,9341211.0,420.2289236,IT=5.9;5.9 ,ii
8047,UP 1,12.261,78972,145860860.0,23.790927,5229345.0,540.2599269,IT=6.1;6.1 ,ii
8055,UP 1,13.187,78016,136863440.0,23.805625,3195399.2,540.2600241,IT=6.6;6.6 ,ii
8060,UP 1,13.937,81940,132222460.0,23.814875,2812954.8,567.2779085,IT=7;7 ,ii
8066,UP 1,14.594,81492,128701440.0,23.825935,3578014.5,567.2779218,IT=7.3;7.3 ,ii
8072,UP 1,14.145,84820,128545340.0,23.837089,3765748.2,567.2777514,IT=7.1;7.1 ,ii
8077,UP 1,14.637,90592,130136640.0,23.846325,4036640.0,567.2779149,IT=7.3;7.3 ,ii
8084,UP 1,13.962,84032,133256660.0,23.859193,4876221.0,445.2407924,IT=7;7 ,ii
8093,UP 1,13.543,84444,141870820.0,23.874616,7419401.5,445.2407127,IT=6.8;6.8 ,ii
8098,UP 1,12.774,83272,147758290.0,23.883839,8772455.0,445.240563,IT=6.4;6.4 ,ii
8104,UP 1,12.515,82656,149216450.0,23.894556,9534372.0,445.2406123,IT=6.3;6.3 ,ii
8113,UP 1,11.629,78364,158511780.0,23.910905,9424059.0,445.2405918,IT=5.8;5.8 ,ii
8119,UP 1,11.197,74028,159760770.0,23.921928,8230069.5,445.2406632,IT=5.6;5.6 ,ii
8128,UP 1,11.027,76636,165622930.0,23.939007,6048888.0,445.2407237,IT=5.5;5.5 ,ii
8134,UP 1,11.253,76248,160358880.0,23.950066,4954613.0,379.5643736,IT=5.6;5.6 ,ii
8142,UP 1,11.301,74468,160338530.0,23.964595,6103320.0,379.5643723,IT=5.7;5.7 ,ii
8148,UP 1,11.670,75472,151618020.0,23.975436,6313033.0,379.5644148,IT=5.8;5.8 ,ii
8159,UP 1,11.592,76560,151081650.0,23.995578,6243117.0,379.5643763,IT=5.8;5.8 ,ii
8170,UP 1,12.152,81300,153452590.0,24.015732,4779313.0,379.5643265,IT=6.1;6.1 ,ii
8181,UP 1,12.640,78372,149098180.0,24.03554,2704828.0,379.5643042,IT=6.3;6.3 ,ii
8184,UP 1,12.079,77312,152598370.0,24.041092,2984168.8,681.3496679,IT=6;6 ,ii
8189,UP 1,11.908,78488,158790450.0,24.050282,3926468.0,681.3496506,IT=6;6 ,ii
8197,UP 1,11.460,73284,166480180.0,24.064092,4808427.5,681.3496129,IT=5.7;5.7 ,ii
8205,UP 1,10.450,76148,177569790.0,24.078765,7004346.0,425.7188822,IT=5.2;5.2 ,ii
8213,UP 1,10.309,74592,184593840.0,24.093246,13960110.0,425.7188352,IT=5.2;5.2 ,ii
8220,UP 1,9.262,70148,201956980.0,24.107025,25010488.0,425.7188964,IT=4.6;4.6 ,ii
8228,UP 1,8.309,67708,219115920.0,24.121625,37959372.0,425.7188915,IT=4.2;4.2 ,ii
8238,UP 1,7.611,61952,238812900.0,24.139927,50895948.0,425.7188701,IT=3.8;3.8 ,ii
8247,UP 1,7.413,58948,227050930.0,24.156383,52721024.0,425.7189327,IT=3.7;3.7 ,ii
8258,UP 1,8.521,66468,205534580.0,24.176537,42294788.0,425.7187291,IT=4.3;4.3 ,ii
8266,UP 1,9.473,67536,197774510.0,24.190283,33644284.0,425.7189258,IT=4.7;4.7 ,ii
8276,UP 1,9.755,73016,190940540.0,24.207518,22607222.0,425.7188358,IT=4.9;4.9 ,ii
8287,UP 1,9.891,71760,184842620.0,24.227618,12463452.0,425.7187611,IT=4.9;4.9 ,ii
8295,UP 1,9.350,72236,202156270.0,24.24227,14431771.0,391.2079473,IT=4.7;4.7 ,ii
8302,UP 1,9.160,72164,200612160.0,24.25508,14179991.0,624.8040207,IT=4.6;4.6 ,ii
8308,UP 1,9.349,72188,199500610.0,24.267172,17188264.0,624.8041771,IT=4.7;4.7 ,ii
8317,UP 1,9.145,71136,201132060.0,24.283665,19906444.0,624.8041502,IT=4.6;4.6 ,ii
8327,UP 1,9.794,74292,189281500.0,24.301695,17181082.0,624.8041388,IT=4.9;4.9 ,ii
8338,UP 1,10.732,76228,173654670.0,24.320986,10534970.0,624.8042065,IT=5.4;5.4 ,ii
8347,UP 1,10.526,76516,171280770.0,24.337471,6449752.0,403.7286014,IT=5.3;5.3 ,ii
8350,UP 1,10.537,78236,174480740.0,24.343011,8846536.0,403.7283034,IT=5.3;5.3 ,ii
8359,UP 1,10.727,76136,170220590.0,24.35949,13629679.0,403.7281241,IT=5.4;5.4 ,ii
8370,UP 1,10.488,76260,174049700.0,24.379634,18781160.0,403.7281306,IT=5.2;5.2 ,ii
8373,UP 1,10.198,75204,176324880.0,24.385154,19612704.0,403.7281766,IT=5.1;5.1 ,ii
8382,UP 1,10.256,76348,173438990.0,24.401727,17738446.0,403.7281944,IT=5.1;5.1 ,ii
8387,UP 1,10.426,77560,175135230.0,24.409275,16398682.0,403.7282111,IT=5.2;5.2 ,ii
8396,UP 1,10.073,74964,174219650.0,24.425729,11803907.0,403.728036,IT=5;5 ,ii
8404,UP 1,9.849,75220,186141710.0,24.440289,17167652.0,430.7390987,IT=4.9;4.9 ,ii
8409,UP 1,9.349,73076,192937820.0,24.448929,20450850.0,430.7391112,IT=4.7;4.7 ,ii
8415,UP 1,8.743,70468,197849500.0,24.459752,21137724.0,430.7391944,IT=4.4;4.4 ,ii
8425,UP 1,8.195,66636,206241780.0,24.478025,25357276.0,425.7664949,IT=4.1;4.1 ,ii
8430,UP 1,8.218,67776,209455890.0,24.487152,29057736.0,425.7664136,IT=4.1;4.1 ,ii
8435,UP 1,8.045,66044,214189500.0,24.496262,32524646.0,425.7664431,IT=4;4 ,ii
8441,UP 1,8.241,67412,210659460.0,24.507235,35569468.0,425.7663785,IT=4.1;4.1 ,ii
8444,UP 1,8.315,63964,210199340.0,24.514604,36972800.0,425.7664446,IT=4.2;4.2 ,ii
8450,UP 1,8.424,66748,209807310.0,24.525049,37268408.0,425.7663999,IT=4.2;4.2 ,ii
8455,UP 1,8.270,63600,210580850.0,24.534087,36367000.0,425.7663099,IT=4.1;4.1 ,ii
8461,UP 1,8.167,63000,215391380.0,24.545055,34967020.0,425.7663643,IT=4.1;4.1 ,ii
8466,UP 1,7.862,64828,225856640.0,24.554261,33221156.0,425.7663217,IT=3.9;3.9 ,ii
8472,UP 1,7.463,63460,239203580.0,24.565541,29910460.0,425.7661496,IT=3.7;3.7 ,ii
8483,UP 1,6.996,60296,271219420.0,24.585655,24797670.0,425.766102,IT=3.5;3.5 ,ii
8494,UP 1,6.271,62288,307134910.0,24.606209,29434138.0,506.2394735,IT=3.1;3.1 ,ii
8502,UP 1,5.892,58116,308783810.0,24.620755,28215854.0,506.2393702,IT=2.9;2.9 ,ii
8508,UP 1,6.004,60052,310197470.0,24.630488,26052736.0,506.239415,IT=3;3 ,ii
8513,UP 1,6.110,60000,296690720.0,24.639615,22890532.0,506.2394279,IT=3.1;3.1 ,ii
8517,UP 1,6.425,60756,281911330.0,24.649061,22910576.0,402.7264837,IT=3.2;3.2 ,ii
8522,UP 1,6.877,61824,269507100.0,24.658203,21209026.0,402.7265114,IT=3.4;3.4 ,ii
8528,UP 1,7.513,65708,240687780.0,24.669132,17940450.0,402.7264294,IT=3.8;3.8 ,ii
8533,UP 1,8.352,64288,218878990.0,24.679088,15825082.0,371.7319289,IT=4.2;4.2 ,ii
8539,UP 1,9.064,68348,201836110.0,24.69009,13493476.0,371.7318676,IT=4.5;4.5 ,ii
8542,UP 1,10.064,72416,185440220.0,24.697815,10926691.0,371.7319349,IT=5;5 ,ii
8545,UP 1,10.494,73944,177374850.0,24.705498,8981392.0,371.732024,IT=5.2;5.2 ,ii
8550,UP 1,11.484,74152,158673360.0,24.715038,6079517.0,371.7320944,IT=5.7;5.7 ,ii
8554,UP 1,12.304,80016,153787120.0,24.722761,5035644.5,425.766467,IT=6.2;6.2 ,ii
8559,UP 1,12.593,80952,148378700.0,24.73199,4870489.0,425.7664983,IT=6.3;6.3 ,ii
8564,UP 1,12.712,78248,144339250.0,24.741189,4545155.0,425.7664138,IT=6.4;6.4 ,ii
8565,UP 1,13.355,81984,144675250.0,24.745069,4213798.0,425.7663808,IT=6.7;6.7 ,ii
8571,UP 1,12.329,80236,146214190.0,24.756119,3975741.0,425.7663857,IT=6.2;6.2 ,ii
8576,UP 1,12.374,80060,153408300.0,24.767333,3705659.2,425.7663716,IT=6.2;6.2 ,ii
8577,UP 1,12.724,83180,156031920.0,24.771214,3764003.5,425.7665198,IT=6.4;6.4 ,ii
8585,UP 1,11.258,79176,175030160.0,24.785858,5660946.0,483.2383279,IT=5.6;5.6 ,ii
8592,UP 1,9.991,75332,187396030.0,24.798743,7732786.0,483.2383079,IT=5;5 ,ii
8601,UP 1,9.247,75700,207455340.0,24.815218,9906615.0,483.2381912,IT=4.6;4.6 ,ii
8612,UP 1,8.894,75320,210123010.0,24.835408,10194188.0,523.777797,IT=4.4;4.4 ,ii
8623,UP 1,8.549,74420,219077570.0,24.855501,8628448.0,352.7079061,IT=4.3;4.3 ,ii
8631,UP 1,8.321,73408,220039140.0,24.870168,12109232.0,576.2829052,IT=4.2;4.2 ,ii
8638,UP 1,8.844,72620,208582290.0,24.88298,12963712.0,352.7079955,IT=4.4;4.4 ,ii
8641,UP 1,9.207,73576,206048220.0,24.888503,12958542.0,352.7078669,IT=4.6;4.6 ,ii
8644,UP 1,9.142,75208,209431740.0,24.896147,13640571.0,352.707877,IT=4.6;4.6 ,ii
8649,UP 1,9.158,75000,206713920.0,24.905678,12324006.0,352.7078327,IT=4.6;4.6 ,ii
8653,UP 1,9.811,78668,195816800.0,24.91517,10844034.0,352.7078534,IT=4.9;4.9 ,ii
8656,UP 1,9.833,77060,192757140.0,24.922859,9468378.0,352.7077248,IT=4.9;4.9 ,ii
8664,UP 1,10.325,75012,178465410.0,24.939503,6070027.0,352.7079605,IT=5.2;5.2 ,ii
8675,UP 1,10.850,76768,174983310.0,24.958938,6474462.5,400.8837699,IT=5.4;5.4 ,ii
8678,UP 1,10.912,79580,178393920.0,24.964484,7644016.5,400.8838054,IT=5.5;5.5 ,ii
8687,UP 1,10.752,79144,176311940.0,24.980859,11151737.0,400.8839618,IT=5.4;5.4 ,ii
8697,UP 1,10.808,75756,172997280.0,24.999152,14390362.0,400.8840372,IT=5.4;5.4 ,ii
8705,UP 1,10.904,75412,170037490.0,25.013821,15349954.0,400.8841109,IT=5.5;5.5 ,ii
8710,UP 1,10.878,76676,171445460.0,25.023006,16058577.0,400.8841036,IT=5.4;5.4 ,ii
8716,UP 1,11.456,76444,161473550.0,25.034017,15105940.0,400.8841,IT=5.7;5.7 ,ii
8720,UP 1,10.927,74504,163212460.0,25.041719,14374482.0,400.8840429,IT=5.5;5.5 ,ii
8729,UP 1,11.801,76700,153828940.0,25.058275,10811934.0,400.8841721,IT=5.9;5.9 ,ii
8738,UP 1,12.364,79436,147308500.0,25.074839,6992715.0,400.8840435,IT=6.2;6.2 ,ii
8745,UP 1,11.691,79480,151650700.0,25.087712,6490416.5,383.6899973,IT=5.8;5.8 ,ii
8754,UP 1,11.975,77572,149460500.0,25.105195,9208331.0,383.6900322,IT=6;6 ,ii
8765,UP 1,12.569,80724,151348220.0,25.125289,10824053.0,383.6901,IT=6.3;6.3 ,ii
8767,UP 1,12.773,80880,148281090.0,25.129035,11019059.0,383.6901333,IT=6.4;6.4 ,ii
8778,UP 1,13.425,80564,144651710.0,25.149222,9867835.0,383.6902057,IT=6.7;6.7 ,ii
8789,UP 1,13.456,81060,140433900.0,25.169428,7171693.0,383.6900324,IT=6.7;6.7 ,ii
8800,UP 1,13.303,81316,138638370.0,25.189499,5805101.5,614.818196,IT=6.7;6.7 ,ii
8802,UP 1,13.314,77544,138425300.0,25.193253,6489530.5,614.8181999,IT=6.7;6.7 ,ii
8805,UP 1,12.808,78588,143169870.0,25.198859,7945013.5,614.8181726,IT=6.4;6.4 ,ii
8808,UP 1,12.845,78420,143081570.0,25.20442,9121511.0,614.8182138,IT=6.4;6.4 ,ii
8818,UP 1,12.812,73396,147177440.0,25.222797,13231778.0,614.8183137,IT=6.4;6.4 ,ii
8821,UP 1,12.170,74472,151842670.0,25.228372,13983916.0,614.8182995,IT=6.1;6.1 ,ii
8826,UP 1,12.660,79584,150401700.0,25.237586,14723896.0,614.8183132,IT=6.3;6.3 ,ii
8831,UP 1,12.528,77232,150953180.0,25.246815,14747147.0,614.8184889,IT=6.3;6.3 ,ii
8836,UP 1,12.588,77472,148252750.0,25.25603,14284407.0,614.8182039,IT=6.3;6.3 ,ii
8841,UP 1,13.918,80956,142753180.0,25.266274,12323644.0,614.8184355,IT=7;7 ,ii
8847,UP 1,13.958,74344,132268500.0,25.277336,9879240.0,614.8183324,IT=7;7 ,ii
8848,UP 1,15.640,80600,132024810.0,25.281407,9074615.0,614.8184789,IT=7.8;7.8 ,ii
8854,UP 1,14.900,83408,128076580.0,25.292209,6760237.5,614.8183998,IT=7.5;7.5 ,ii
8860,UP 1,15.660,82652,124083060.0,25.302763,5008771.0,472.765686,IT=7.8;7.8 ,ii
8868,UP 1,15.485,82156,121400760.0,25.317575,4638992.0,472.7658567,IT=7.7;7.7 ,ii
8876,UP 1,15.478,84824,121827500.0,25.332311,3961604.0,472.7659442,IT=7.7;7.7 ,ii
8884,UP 1,14.861,79988,126461460.0,25.347075,3860027.8,436.8983176,IT=7.4;7.4 ,ii
8888,UP 1,15.073,78896,125652320.0,25.354506,4231417.5,436.898432,IT=7.5;7.5 ,ii
8893,UP 1,14.746,84056,129712460.0,25.363739,4313579.5,436.898373,IT=7.4;7.4 ,ii
8898,UP 1,14.206,77796,129180580.0,25.372985,4466612.5,436.8984018,IT=7.1;7.1 ,ii
8903,UP 1,15.178,81580,128573360.0,25.382248,4208465.0,436.8981316,IT=7.6;7.6 ,ii
8904,UP 1,15.619,81932,129459640.0,25.386302,4179788.2,436.8982894,IT=7.8;7.8 ,ii
8910,UP 1,15.402,86620,131065060.0,25.397362,3897727.5,436.8983094,IT=7.7;7.7 ,ii
8916,UP 1,15.429,86804,127339780.0,25.408475,3747218.5,470.3339955,IT=7.7;7.7 ,ii
8917,UP 1,16.088,86824,127370460.0,25.412535,3650798.5,470.3340724,IT=8;8 ,ii
8922,UP 1,16.107,84832,121430730.0,25.421772,3319267.2,470.3340451,IT=8.1;8.1 ,ii
8928,UP 1,15.772,87956,125727180.0,25.433833,2806447.0,470.3341276,IT=7.9;7.9 ,ii
8932,UP 1,15.669,84656,124931020.0,25.441612,2576921.8,470.333977,IT=7.8;7.8 ,ii
8933,UP 1,16.427,90572,125590230.0,25.445672,2312584.0,431.2558502,IT=8.2;8.2 ,ii
8942,UP 1,15.789,88708,124026300.0,25.462245,2264185.0,391.2843806,IT=7.9;7.9 ,ii
8948,UP 1,16.169,88380,121850810.0,25.473403,2204971.5,391.2843139,IT=8.1;8.1 ,ii
8954,UP 1,15.719,90056,122409380.0,25.484574,2257151.0,408.7631657,IT=7.9;7.9 ,ii
8955,UP 1,18.208,99240,121082900.0,25.488662,2185338.8,408.7633575,IT=9.1;9.1 ,ii
8958,UP 1,15.352,89864,122174140.0,25.49428,2174672.0,408.7633007,IT=7.7;7.7 ,ii
8966,UP 1,15.449,88144,122837780.0,25.508226,2626241.2,497.7542238,IT=7.7;7.7 ,ii
8972,UP 1,15.274,91480,126693080.0,25.521276,3515627.2,497.2538366,IT=7.6;7.6 ,ii
8980,UP 1,14.556,89656,130681720.0,25.536003,4622305.0,497.2537915,IT=7.3;7.3 ,ii
8989,UP 1,13.876,87856,133056700.0,25.552513,4765325.0,497.2537069,IT=6.9;6.9 ,ii
9000,UP 1,12.907,87208,140643710.0,25.57274,4448568.5,510.5836497,IT=6.5;6.5 ,ii
9003,UP 1,13.163,83968,139785040.0,25.578344,4688018.5,510.5837745,IT=6.6;6.6 ,ii
9014,UP 1,12.308,86620,151556420.0,25.598523,5600428.5,510.583631,IT=6.2;6.2 ,ii
9019,UP 1,12.169,81776,152177330.0,25.609719,4910600.0,510.5838394,IT=6.1;6.1 ,ii
9025,UP 1,11.836,80816,155500940.0,25.620752,6642075.5,403.2200807,IT=5.9;5.9 ,ii
9032,UP 1,11.144,78316,167430190.0,25.633583,8897639.0,403.2207374,IT=5.6;5.6 ,ii
9038,UP 1,10.364,76104,173964030.0,25.64456,10196995.0,403.220875,IT=5.2;5.2 ,ii
9049,UP 1,10.652,74788,172675060.0,25.664721,10978384.0,403.2326499,IT=5.3;5.3 ,ii
9052,UP 1,10.068,73392,178892290.0,25.67025,12704129.0,403.2330265,IT=5;5 ,ii
9063,UP 1,9.987,75100,189147460.0,25.689941,15836226.0,403.2338266,IT=5;5 ,ii
9065,UP 1,9.900,76368,190153520.0,25.693639,15250964.0,403.2340631,IT=5;5 ,ii
9076,UP 1,10.350,81124,183181520.0,25.713727,12677735.0,403.2346639,IT=5.2;5.2 ,ii
9087,UP 1,11.425,84808,168322380.0,25.73386,7619864.5,403.2347255,IT=5.7;5.7 ,ii
9097,UP 1,11.991,85036,157589460.0,25.752158,6462474.0,543.7467334,IT=6;6 ,ii
9108,UP 1,12.904,85192,146750910.0,25.77223,6677417.5,543.7469039,IT=6.5;6.5 ,ii
9115,UP 1,13.209,89392,142185040.0,25.786872,5023484.0,543.7468923,IT=6.6;6.6 ,ii
9125,UP 1,13.643,88880,140020320.0,25.804945,4489128.0,507.7650259,IT=6.8;6.8 ,ii
9132,UP 1,14.176,91372,135669040.0,25.817828,4951556.0,507.7651042,IT=7.1;7.1 ,ii
9136,UP 1,14.006,89420,135245140.0,25.825274,4890102.0,507.7650105,IT=7;7 ,ii
9137,UP 1,15.581,92168,130048900.0,25.829336,4711351.5,507.7650589,IT=7.8;7.8 ,ii
9140,UP 1,14.314,88100,130510480.0,25.834941,4288529.5,507.7651466,IT=7.2;7.2 ,ii
9143,UP 1,15.502,87756,124878860.0,25.840568,3790887.8,507.7652193,IT=7.8;7.8 ,ii
9149,UP 1,15.208,90696,125742700.0,25.851678,3130047.5,507.7651076,IT=7.6;7.6 ,ii
9157,UP 1,14.745,84740,127237100.0,25.865788,4292433.0,395.2395713,IT=7.4;7.4 ,ii
9164,UP 1,14.353,86052,136218580.0,25.87838,6720239.5,395.2395382,IT=7.2;7.2 ,ii
9171,UP 1,13.096,85140,145981150.0,25.891282,8408195.0,395.2394932,IT=6.5;6.5 ,ii
9177,UP 1,11.884,82356,163018700.0,25.902373,9999560.0,395.2394082,IT=5.9;5.9 ,ii
9180,UP 1,11.333,80884,169064940.0,25.9101,9329317.0,395.239443,IT=5.7;5.7 ,ii
9185,UP 1,10.397,76648,179692740.0,25.919307,8929656.0,395.2394386,IT=5.2;5.2 ,ii
9196,UP 1,9.029,73416,211019360.0,25.94044,22477090.0,358.2083605,IT=4.5;4.5 ,ii
9198,UP 1,9.008,73660,211374100.0,25.944123,25454766.0,358.2084094,IT=4.5;4.5 ,ii
9208,UP 1,7.785,67832,244154720.0,25.962352,45870348.0,358.2083635,IT=3.9;3.9 ,ii
9216,UP 1,6.896,64488,275194820.0,25.97695,61526792.0,358.2083624,IT=3.4;3.4 ,ii
9224,UP 1,6.414,57276,285698940.0,25.990567,69052176.0,358.2083507,IT=3.2;3.2 ,ii
9228,UP 1,6.028,57668,307509600.0,25.997864,74482256.0,358.208268,IT=3;3 ,ii
9235,UP 1,6.370,57100,288401660.0,26.011998,68366672.0,358.20828,IT=3.2;3.2 ,ii
9244,UP 1,7.283,61056,262535950.0,26.028479,55261332.0,358.2083316,IT=3.6;3.6 ,ii
9255,UP 1,9.285,73316,210581010.0,26.048583,33453070.0,358.2084188,IT=4.6;4.6 ,ii
9260,UP 1,10.057,71896,186503010.0,26.057772,26283530.0,358.2084298,IT=5;5 ,ii
9267,UP 1,11.600,80988,166216480.0,26.070674,17721974.0,358.2084961,IT=5.8;5.8 ,ii
9277,UP 1,12.619,84728,154336960.0,26.088989,10830729.0,358.2083847,IT=6.3;6.3 ,ii
9284,UP 1,12.885,83336,146652350.0,26.102899,7878733.0,358.2085603,IT=6.4;6.4 ,ii
9291,UP 1,12.202,83324,157646560.0,26.115818,6305646.0,358.2084962,IT=6.1;6.1 ,ii
9297,UP 1,11.366,79664,166240080.0,26.126855,6107835.0,419.2269877,IT=5.7;5.7 ,ii
9302,UP 1,10.877,78600,176095600.0,26.138222,8319254.0,457.7691086,IT=5.4;5.4 ,ii
9308,UP 1,10.346,78144,184662770.0,26.149211,12240818.0,457.7690861,IT=5.2;5.2 ,ii
9314,UP 1,9.676,75992,191001600.0,26.160213,16249317.0,457.7691501,IT=4.8;4.8 ,ii
9320,UP 1,8.869,71580,204524910.0,26.171213,22520646.0,457.7690652,IT=4.4;4.4 ,ii
9328,UP 1,9.118,74692,196849440.0,26.185903,24710976.0,457.7691005,IT=4.6;4.6 ,ii
9334,UP 1,9.693,71520,182282130.0,26.196911,24430652.0,457.7690168,IT=4.8;4.8 ,ii
9340,UP 1,10.934,77664,170534900.0,26.207998,22002790.0,457.7691422,IT=5.5;5.5 ,ii
9344,UP 1,11.543,81012,162036880.0,26.215061,20679006.0,457.7689892,IT=5.8;5.8 ,ii
9347,UP 1,11.732,77784,150689500.0,26.222767,17456548.0,457.769164,IT=5.9;5.9 ,ii
9352,UP 1,13.077,82104,143861310.0,26.231821,14330158.0,457.7692707,IT=6.5;6.5 ,ii
9358,UP 1,14.117,85448,130893320.0,26.242921,10186977.0,457.7691984,IT=7.1;7.1 ,ii
9367,UP 1,14.995,83260,122527300.0,26.259515,5621488.5,457.7692131,IT=7.5;7.5 ,ii
9375,UP 1,14.895,86336,125153160.0,26.275213,5342101.0,379.7240651,IT=7.4;7.4 ,ii
9383,UP 1,14.369,84692,126797740.0,26.289944,6686989.0,379.724009,IT=7.2;7.2 ,ii
9389,UP 1,14.097,82988,124339750.0,26.301019,7124585.0,379.7238365,IT=7;7 ,ii
9397,UP 1,13.909,80972,129143760.0,26.315737,7191877.0,379.7239547,IT=7;7 ,ii
9404,UP 1,14.614,83024,124589400.0,26.328641,5938847.0,379.7239146,IT=7.3;7.3 ,ii
9410,UP 1,14.997,85944,121646160.0,26.339758,4777480.5,379.7239107,IT=7.5;7.5 ,ii
9411,UP 1,15.662,86516,123511370.0,26.343814,4750757.0,379.7239934,IT=7.8;7.8 ,ii
9414,UP 1,14.397,84488,123451600.0,26.349418,4339473.5,493.7618126,IT=7.2;7.2 ,ii
9423,UP 1,15.081,83484,123739300.0,26.365991,3853202.0,493.7617521,IT=7.5;7.5 ,ii
9429,UP 1,13.507,79804,130514560.0,26.377072,5443456.5,541.2805034,IT=6.8;6.8 ,ii
9436,UP 1,12.698,78532,141875660.0,26.389516,8799075.0,541.2804993,IT=6.3;6.3 ,ii
9443,UP 1,12.326,78724,148514240.0,26.401876,11730315.0,541.2804978,IT=6.2;6.2 ,ii
9448,UP 1,11.431,80236,163018780.0,26.411074,14867947.0,541.2806816,IT=5.7;5.7 ,ii
9457,UP 1,10.963,73924,163955700.0,26.427099,17394634.0,541.2806069,IT=5.5;5.5 ,ii
9463,UP 1,10.270,73264,173915550.0,26.43857,18864038.0,541.2804061,IT=5.1;5.1 ,ii
9471,UP 1,9.818,71112,176041280.0,26.453236,16907626.0,541.2804933,IT=4.9;4.9 ,ii
9477,UP 1,9.936,71168,183262480.0,26.464222,15032669.0,541.280476,IT=5;5 ,ii
9483,UP 1,9.531,71264,191097900.0,26.475203,13397366.0,508.7438563,IT=4.8;4.8 ,ii
9491,UP 1,9.110,70324,202574080.0,26.489226,19923320.0,508.7439484,IT=4.6;4.6 ,ii
9502,UP 1,8.758,66900,211651280.0,26.509371,24967214.0,508.7438363,IT=4.4;4.4 ,ii
9512,UP 1,8.771,67412,209726160.0,26.527661,23570144.0,508.7440449,IT=4.4;4.4 ,ii
9515,UP 1,9.144,71484,210435890.0,26.533184,22812180.0,508.7439655,IT=4.6;4.6 ,ii
9523,UP 1,9.128,71868,203997100.0,26.547819,17856442.0,508.743905,IT=4.6;4.6 ,ii
9532,UP 1,9.437,71916,188136080.0,26.56429,16315139.0,350.7336256,IT=4.7;4.7 ,ii
9537,UP 1,10.814,74860,186376430.0,26.573506,19581368.0,350.7338296,IT=5.4;5.4 ,ii
9543,UP 1,10.456,73668,185206590.0,26.583702,22535178.0,350.7338181,IT=5.2;5.2 ,ii
9551,UP 1,10.527,73760,182418110.0,26.598373,23588728.0,350.7337038,IT=5.3;5.3 ,ii
9557,UP 1,10.845,73984,173150640.0,26.609673,21399720.0,350.7338358,IT=5.4;5.4 ,ii
9563,UP 1,11.181,76292,177495980.0,26.620727,19261474.0,350.7337929,IT=5.6;5.6 ,ii
9569,UP 1,10.743,74032,179103020.0,26.631739,17052460.0,350.7337586,IT=5.4;5.4 ,ii
9572,UP 1,11.042,74388,175609140.0,26.63761,14841492.0,350.7337807,IT=5.5;5.5 ,ii
9574,UP 1,10.605,72660,180303660.0,26.643485,13314215.0,350.7336815,IT=5.3;5.3 ,ii
9579,UP 1,10.488,74816,186781280.0,26.654797,10278595.0,350.733746,IT=5.2;5.2 ,ii
9583,UP 1,9.850,68784,185286700.0,26.662154,11694143.0,551.2807244,IT=4.9;4.9 ,ii
9586,UP 1,9.763,72144,198479820.0,26.669843,14236349.0,551.2807115,IT=4.9;4.9 ,ii
9592,UP 1,9.210,69864,210185460.0,26.682824,16888760.0,551.2805364,IT=4.6;4.6 ,ii
9597,UP 1,9.359,70104,205377100.0,26.694158,18464118.0,551.2808902,IT=4.7;4.7 ,ii
9603,UP 1,9.027,71700,206330340.0,26.704978,17706868.0,551.2807388,IT=4.5;4.5 ,ii
9607,UP 1,9.460,72820,199795090.0,26.714453,15622178.0,551.2807147,IT=4.7;4.7 ,ii
9614,UP 1,10.009,72108,187776210.0,26.726553,12599877.0,551.2808557,IT=5;5 ,ii
9620,UP 1,9.942,72936,181325940.0,26.737551,10096961.0,551.2808349,IT=5;5 ,ii
9625,UP 1,10.578,75776,170623790.0,26.746718,7472836.5,551.2808761,IT=5.3;5.3 ,ii
9630,UP 1,10.976,75680,163545660.0,26.755966,7357934.5,392.2235904,IT=5.5;5.5 ,ii
9635,UP 1,11.051,75640,162143580.0,26.767134,7653082.5,392.2236919,IT=5.5;5.5 ,ii
9644,UP 1,11.479,75112,153948130.0,26.78362,7284958.0,392.2235869,IT=5.7;5.7 ,ii
9652,UP 1,12.146,77968,145851730.0,26.798315,6094230.0,392.2236189,IT=6.1;6.1 ,ii
9655,UP 1,12.344,76460,141639260.0,26.803869,5668106.5,392.2235922,IT=6.2;6.2 ,ii
9661,UP 1,13.186,81128,136752160.0,26.814911,4436849.0,392.2236644,IT=6.6;6.6 ,ii
9666,UP 1,13.257,81448,133856520.0,26.824157,3794652.5,572.3411209,IT=6.6;6.6 ,ii
9671,UP 1,14.279,82864,128044340.0,26.833444,3401934.8,572.340945,IT=7.1;7.1 ,ii
9672,UP 1,15.700,86024,125336500.0,26.837505,3004294.5,572.3411438,IT=7.9;7.9 ,ii
9676,UP 1,14.249,83448,124780780.0,26.844934,2685003.5,576.281635,IT=7.1;7.1 ,ii
9680,UP 1,15.516,85004,118037110.0,26.852711,2647093.0,576.2817075,IT=7.8;7.8 ,ii
9686,UP 1,15.785,81568,113583500.0,26.863757,2504116.2,576.2819184,IT=7.9;7.9 ,ii
9687,UP 1,17.585,88900,113564750.0,26.867665,2468277.5,576.2821693,IT=8.8;8.8 ,ii
9690,UP 1,15.720,87640,115809830.0,26.873273,2237146.8,576.2823129,IT=7.9;7.9 ,ii
9696,UP 1,16.031,90780,119930350.0,26.884346,2511131.2,608.3137053,IT=8;8 ,ii
9703,UP 1,15.180,82320,120794620.0,26.897256,3595633.5,608.3135754,IT=7.6;7.6 ,ii
9710,UP 1,14.780,84000,128208170.0,26.910175,4615177.0,608.313525,IT=7.4;7.4 ,ii
9721,UP 1,12.415,77276,150098850.0,26.930381,7045674.0,435.2582968,IT=6.2;6.2 ,ii
9723,UP 1,12.053,82748,161547140.0,26.936094,8510238.0,435.2582642,IT=6;6 ,ii
9734,UP 1,10.442,74488,184816500.0,26.95501,13137781.0,435.2581498,IT=5.2;5.2 ,ii
9744,UP 1,9.168,71896,212407900.0,26.973381,16866546.0,435.2580693,IT=4.6;4.6 ,ii
9755,UP 1,9.055,70852,215281680.0,26.993527,16793734.0,435.258148,IT=4.5;4.5 ,ii
9764,UP 1,9.468,72252,204322130.0,27.009999,14712238.0,435.2580304,IT=4.7;4.7 ,ii
9769,UP 1,9.519,74584,200733280.0,27.019187,13099478.0,435.2580735,IT=4.8;4.8 ,ii
9772,UP 1,10.246,75972,191034340.0,27.026862,10741654.0,435.2581754,IT=5.1;5.1 ,ii
9779,UP 1,10.738,78104,181014340.0,27.039653,8079855.0,435.2582618,IT=5.4;5.4 ,ii
9789,UP 1,11.472,85532,169863840.0,27.057064,4620570.5,435.2581998,IT=5.7;5.7 ,ii
9800,UP 1,11.530,83104,163035260.0,27.077261,4248448.5,608.3133653,IT=5.8;5.8 ,ii
9807,UP 1,12.356,87352,159908900.0,27.090122,4023063.2,608.3133141,IT=6.2;6.2 ,ii
9818,UP 1,12.606,84244,149821540.0,27.111311,3798936.2,435.774319,IT=6.3;6.3 ,ii
9821,UP 1,12.098,79924,150823100.0,27.116874,5319639.5,435.774357,IT=6;6 ,ii
9832,UP 1,11.790,84968,156940430.0,27.136724,11746587.0,435.774202,IT=5.9;5.9 ,ii
9838,UP 1,11.245,84624,167988900.0,27.147157,17013102.0,435.7742141,IT=5.6;5.6 ,ii
9846,UP 1,11.197,80396,170374160.0,27.161873,21790346.0,435.7742391,IT=5.6;5.6 ,ii
9854,UP 1,10.360,79272,182134380.0,27.176569,25490900.0,435.7739926,IT=5.2;5.2 ,ii
9862,UP 1,10.901,80768,174578000.0,27.191261,22853128.0,435.7740101,IT=5.5;5.5 ,ii
9873,UP 1,12.059,83516,160582540.0,27.2114,16059022.0,435.7740855,IT=6;6 ,ii
9880,UP 1,12.837,86504,151895300.0,27.2239,11735663.0,435.7741112,IT=6.4;6.4 ,ii
9887,UP 1,14.492,89360,137789120.0,27.236773,7451920.0,435.7742733,IT=7.2;7.2 ,ii
9898,UP 1,15.339,92868,131240290.0,27.256725,3531133.5,435.7741682,IT=7.7;7.7 ,ii
9902,UP 1,15.533,90116,124724860.0,27.265233,2606442.8,435.7742378,IT=7.8;7.8 ,ii
9909,UP 1,15.071,87972,128648530.0,27.278162,3684191.5,409.7241544,IT=7.5;7.5 ,ii
9916,UP 1,14.379,84912,136957860.0,27.291102,6030324.0,566.7679479,IT=7.2;7.2 ,ii
9924,UP 1,12.952,84604,153556380.0,27.305758,13432266.0,566.7677989,IT=6.5;6.5 ,ii
9935,UP 1,10.861,76056,179327040.0,27.325904,27188260.0,566.7678353,IT=5.4;5.4 ,ii
9946,UP 1,9.041,71812,220165340.0,27.34602,42913756.0,566.7677828,IT=4.5;4.5 ,ii
9957,UP 1,7.770,64788,243750660.0,27.366105,47689384.0,566.7676624,IT=3.9;3.9 ,ii
9968,UP 1,7.333,66864,256583840.0,27.386247,40404792.0,566.7674907,IT=3.7;3.7 ,ii
9979,UP 1,7.075,68384,269289760.0,27.406324,25132170.0,566.7672789,IT=3.5;3.5 ,ii
9990,UP 1,6.656,64992,278515680.0,27.426384,27899130.0,457.786885,IT=3.3;3.3 ,ii
10001,UP 1,6.834,63072,274709950.0,27.447307,31607554.0,457.7871154,IT=3.4;3.4 ,ii
10012,UP 1,7.861,67124,245716460.0,27.467444,28262640.0,457.786987,IT=3.9;3.9 ,ii
10023,UP 1,9.916,74240,201447170.0,27.486273,19141304.0,457.7871154,IT=5;5 ,ii
10034,UP 1,11.683,78108,166288270.0,27.506421,9821815.0,457.786984,IT=5.8;5.8 ,ii
10036,UP 1,12.072,81568,162024990.0,27.512142,10486722.0,373.2445152,IT=6;6 ,ii
10047,UP 1,13.780,80904,144464660.0,27.531517,13399600.0,373.2445089,IT=6.9;6.9 ,ii
10057,UP 1,14.030,78496,136649020.0,27.549852,13520603.0,373.2445097,IT=7;7 ,ii
10065,UP 1,14.659,81904,133629340.0,27.564619,11883702.0,373.2443892,IT=7.3;7.3 ,ii
10072,UP 1,15.080,83528,130459680.0,27.577512,9593314.0,373.244371,IT=7.5;7.5 ,ii
10078,UP 1,15.576,84288,125992110.0,27.588631,6752238.0,373.2443471,IT=7.8;7.8 ,ii
10083,UP 1,16.041,88468,127331750.0,27.59791,5451645.0,373.2443354,IT=8;8 ,ii
10087,UP 1,15.726,87488,126223760.0,27.605385,4279438.0,367.7134754,IT=7.9;7.9 ,ii
10091,UP 1,15.085,84788,127851250.0,27.613156,5420251.0,367.713414,IT=7.5;7.5 ,ii
10092,UP 1,16.231,90528,131029380.0,27.617216,5531007.5,367.7134507,IT=8.1;8.1 ,ii
10095,UP 1,14.848,87604,132489820.0,27.622829,6028679.0,367.7135334,IT=7.4;7.4 ,ii
10098,UP 1,15.000,88540,132084770.0,27.628424,6520781.0,367.7135369,IT=7.5;7.5 ,ii
10105,UP 1,14.482,81640,132309970.0,27.641176,6839798.5,367.7134343,IT=7.2;7.2 ,ii
10115,UP 1,14.490,83884,134545470.0,27.659591,5969349.5,367.713464,IT=7.2;7.2 ,ii
10125,UP 1,13.314,78280,134682940.0,27.677764,4552020.0,367.7134566,IT=6.7;6.7 ,ii
10130,UP 1,13.548,77876,137579620.0,27.688997,4504489.5,403.7112847,IT=6.8;6.8 ,ii
10131,UP 1,14.285,79724,138039730.0,27.693043,4670320.5,403.7114858,IT=7.1;7.1 ,ii
10135,UP 1,13.275,82164,144247150.0,27.700466,4415750.0,403.7113475,IT=6.6;6.6 ,ii
10141,UP 1,12.989,80620,146999090.0,27.711486,4484154.0,403.711407,IT=6.5;6.5 ,ii
10148,UP 1,12.345,77824,147531200.0,27.724336,4751826.5,394.237245,IT=6.2;6.2 ,ii
10153,UP 1,12.436,78240,151384800.0,27.733274,4938832.0,394.2371126,IT=6.2;6.2 ,ii
10157,UP 1,12.117,78024,156623980.0,27.742807,5054611.0,394.2371745,IT=6.1;6.1 ,ii
10162,UP 1,12.250,78804,159964750.0,27.750542,4822151.5,394.2371574,IT=6.1;6.1 ,ii
10167,UP 1,11.740,75116,160177700.0,27.759759,4041006.0,394.2371989,IT=5.9;5.9 ,ii
10173,UP 1,11.127,75216,172407180.0,27.772961,4947792.5,421.758183,IT=5.6;5.6 ,ii
10178,UP 1,10.661,73584,185427680.0,27.781723,6631506.5,421.7581792,IT=5.3;5.3 ,ii
10185,UP 1,9.357,72336,202839490.0,27.794527,9162594.0,421.7582451,IT=4.7;4.7 ,ii
10191,UP 1,9.270,68440,208088080.0,27.804017,10927884.0,421.7583285,IT=4.6;4.6 ,ii
10199,UP 1,7.967,65008,234984720.0,27.81864,15639088.0,421.7582852,IT=4;4 ,ii
10205,UP 1,7.446,64132,257414080.0,27.829602,18784222.0,421.7582737,IT=3.7;3.7 ,ii
10210,UP 1,7.037,62132,264777950.0,27.838727,20996384.0,421.7581906,IT=3.5;3.5 ,ii
10217,UP 1,7.151,61436,256927680.0,27.852562,23211034.0,421.7582086,IT=3.6;3.6 ,ii
10225,UP 1,7.386,63836,252587570.0,27.867162,24937460.0,421.7582602,IT=3.7;3.7 ,ii
10230,UP 1,7.822,65156,239906080.0,27.876298,24905650.0,421.7582251,IT=3.9;3.9 ,ii
10236,UP 1,8.370,66144,216671360.0,27.887264,23599450.0,421.7583204,IT=4.2;4.2 ,ii
10241,UP 1,9.226,70388,204014770.0,27.896746,21529750.0,421.7581752,IT=4.6;4.6 ,ii
10246,UP 1,10.040,70844,184166660.0,27.905935,19227870.0,421.7582086,IT=5;5 ,ii
10250,UP 1,10.697,74348,173774830.0,27.913643,16788856.0,421.7582288,IT=5.3;5.3 ,ii
10256,UP 1,12.120,75600,151617740.0,27.925037,13678986.0,421.758166,IT=6.1;6.1 ,ii
10263,UP 1,14.595,84848,134529150.0,27.939968,8977210.0,421.7582515,IT=7.3;7.3 ,ii
10271,UP 1,14.427,85316,129920480.0,27.954656,6070701.5,421.7583039,IT=7.2;7.2 ,ii
10278,UP 1,15.519,89728,127746000.0,27.967547,4021696.5,421.7583297,IT=7.8;7.8 ,ii
10283,UP 1,15.679,87976,128141590.0,27.976845,3066727.8,589.3106681,IT=7.8;7.8 ,ii
10284,UP 1,16.977,93728,127358620.0,27.980914,3152712.5,589.310896,IT=8.5;8.5 ,ii
10287,UP 1,14.858,86404,128392660.0,27.986526,3107899.8,589.310818,IT=7.4;7.4 ,ii
10296,UP 1,15.477,86976,131053410.0,28.003078,4459294.0,402.6988483,IT=7.7;7.7 ,ii
10303,UP 1,14.408,87420,141483340.0,28.01603,7397982.5,402.6989029,IT=7.2;7.2 ,ii
10306,UP 1,13.707,88204,145424700.0,28.021622,8858566.0,402.6988791,IT=6.9;6.9 ,ii
10316,UP 1,13.119,82168,154389440.0,28.040005,12863141.0,402.6987821,IT=6.6;6.6 ,ii
10323,UP 1,12.091,86380,169263570.0,28.052865,15548277.0,402.6988199,IT=6;6 ,ii
10332,UP 1,11.449,81564,176218370.0,28.069384,15846630.0,402.6987077,IT=5.7;5.7 ,ii
10339,UP 1,10.669,83296,191716850.0,28.082265,14668409.0,402.6987705,IT=5.3;5.3 ,ii
10344,UP 1,10.076,77204,193578820.0,28.091338,13422360.0,374.2233189,IT=5;5 ,ii
10350,UP 1,9.764,75672,205582110.0,28.10438,17617282.0,374.2234421,IT=4.9;4.9 ,ii
10361,UP 1,9.177,74916,218348290.0,28.124548,21497972.0,374.2233724,IT=4.6;4.6 ,ii
10372,UP 1,8.573,70648,219185230.0,28.144725,22203256.0,374.2234589,IT=4.3;4.3 ,ii
10383,UP 1,8.987,72452,213307580.0,28.164844,18021152.0,374.2234826,IT=4.5;4.5 ,ii
10394,UP 1,10.744,73692,177374460.0,28.185,13243314.0,589.3109856,IT=5.4;5.4 ,ii
10405,UP 1,11.948,81172,160291980.0,28.205193,12054734.0,589.311109,IT=6;6 ,ii
10416,UP 1,12.925,82280,147100000.0,28.225235,9907890.0,589.3110843,IT=6.5;6.5 ,ii
10418,UP 1,12.345,82808,152029310.0,28.228972,10017018.0,589.3109873,IT=6.2;6.2 ,ii
10427,UP 1,12.893,83940,151679840.0,28.245529,8777929.0,589.3111096,IT=6.4;6.4 ,ii
10438,UP 1,12.686,84672,158281700.0,28.265739,7153574.0,589.3108602,IT=6.3;6.3 ,ii
10448,UP 1,11.740,79872,166769660.0,28.285089,10839577.0,450.2818403,IT=5.9;5.9 ,ii
10459,UP 1,11.084,82632,182121570.0,28.305122,16067531.0,450.2816172,IT=5.5;5.5 ,ii
10470,UP 1,10.266,79744,194142180.0,28.324924,18724866.0,450.2814488,IT=5.1;5.1 ,ii
10481,UP 1,9.780,80980,199282300.0,28.344222,16615912.0,450.2812691,IT=4.9;4.9 ,ii
10492,UP 1,9.957,78520,196958290.0,28.364378,11965560.0,450.2814788,IT=5;5 ,ii
10501,UP 1,10.297,81744,190647600.0,28.380886,9370928.0,447.7196358,IT=5.1;5.1 ,ii
10511,UP 1,10.781,78072,180896500.0,28.398892,7721103.5,424.7110756,IT=5.4;5.4 ,ii
10514,UP 1,10.609,81220,185527330.0,28.40443,7507340.0,424.7110458,IT=5.3;5.3 ,ii
10523,UP 1,10.683,77912,180537550.0,28.420907,6218831.5,424.7109082,IT=5.3;5.3 ,ii
10532,UP 1,10.767,78956,176025420.0,28.437856,5895533.0,554.2613542,IT=5.4;5.4 ,ii
10541,UP 1,10.745,79476,179844350.0,28.453288,5841287.5,446.2458823,IT=5.4;5.4 ,ii
10552,UP 1,10.732,76948,183357740.0,28.473525,9163148.0,420.7684844,IT=5.4;5.4 ,ii
10561,UP 1,10.568,75508,179821020.0,28.490039,14145299.0,420.7684071,IT=5.3;5.3 ,ii
10569,UP 1,10.792,77204,188484030.0,28.504754,17575788.0,420.7685632,IT=5.4;5.4 ,ii
10580,UP 1,10.403,73800,186491220.0,28.524983,18824604.0,420.7685511,IT=5.2;5.2 ,ii
10590,UP 1,10.639,73924,183632400.0,28.543293,16320596.0,420.7686304,IT=5.3;5.3 ,ii
10599,UP 1,10.904,76300,178710160.0,28.559854,11685090.0,420.7686196,IT=5.5;5.5 ,ii
10610,UP 1,11.507,79440,164853220.0,28.579366,6345745.5,420.7686751,IT=5.8;5.8 ,ii
10612,UP 1,12.326,84508,165657920.0,28.583103,5864853.0,522.2907135,IT=6.2;6.2 ,ii
10620,UP 1,12.944,81660,153198420.0,28.597793,5290065.0,688.3179867,IT=6.5;6.5 ,ii
10628,UP 1,13.269,85452,145145710.0,28.613628,4514553.0,688.3183626,IT=6.6;6.6 ,ii
10635,UP 1,13.431,84264,147123010.0,28.626476,4029599.2,570.2813957,IT=6.7;6.7 ,ii
10643,UP 1,13.369,85424,148232690.0,28.641145,4191075.8,689.3192442,IT=6.7;6.7 ,ii
10649,UP 1,12.766,86932,154306770.0,28.65219,5132460.0,689.3191098,IT=6.4;6.4 ,ii
10660,UP 1,12.473,81240,160791250.0,28.671899,6398084.0,689.31916,IT=6.2;6.2 ,ii
10663,UP 1,12.081,80988,163152780.0,28.677465,6430159.5,689.318984,IT=6;6 ,ii
10666,UP 1,12.213,83744,168448240.0,28.68303,6798023.5,689.3191501,IT=6.1;6.1 ,ii
10673,UP 1,11.400,77536,175542180.0,28.695915,7883785.5,504.2547477,IT=5.7;5.7 ,ii
10681,UP 1,11.109,78360,184728720.0,28.710628,12341766.0,504.2545907,IT=5.6;5.6 ,ii
10688,UP 1,10.713,76552,180863300.0,28.723494,15340959.0,504.2546824,IT=5.4;5.4 ,ii
10695,UP 1,10.548,74000,182879700.0,28.736348,17405320.0,504.2545793,IT=5.3;5.3 ,ii
10701,UP 1,10.848,77424,177024800.0,28.747398,17377044.0,504.2545522,IT=5.4;5.4 ,ii
10706,UP 1,11.173,77048,177574050.0,28.756573,16593385.0,504.2543794,IT=5.6;5.6 ,ii
10712,UP 1,11.137,79768,174978540.0,28.768592,14994667.0,504.2545332,IT=5.6;5.6 ,ii
10720,UP 1,11.015,77500,175071340.0,28.78545,11197955.0,504.2546476,IT=5.5;5.5 ,ii
10731,UP 1,11.484,77800,169196780.0,28.805644,8011779.0,646.834281,IT=5.7;5.7 ,ii
10734,UP 1,11.729,81664,172264940.0,28.811185,7586006.5,646.8341972,IT=5.9;5.9 ,ii
10745,UP 1,11.800,81940,164565440.0,28.831185,5541364.5,646.8342383,IT=5.9;5.9 ,ii
10756,UP 1,13.542,84032,154717980.0,28.850518,3584625.0,646.8342188,IT=6.8;6.8 ,ii
10766,UP 1,13.779,83724,146632590.0,28.868868,4341699.0,506.2604363,IT=6.9;6.9 ,ii
10776,UP 1,13.714,84620,139086530.0,28.886591,4856043.5,506.2603972,IT=6.9;6.9 ,ii
10787,UP 1,14.436,84036,134831310.0,28.906774,4381674.5,506.2604238,IT=7.2;7.2 ,ii
10790,UP 1,14.981,86940,137252290.0,28.912389,3950287.8,506.2603689,IT=7.5;7.5 ,ii
10801,UP 1,14.103,84992,137078290.0,28.932632,5128127.0,363.2134868,IT=7.1;7.1 ,ii
10811,UP 1,13.020,85848,149992770.0,28.951988,6945227.0,363.2134952,IT=6.5;6.5 ,ii
10816,UP 1,12.743,82508,154059680.0,28.961201,7460754.0,363.2134172,IT=6.4;6.4 ,ii
10826,UP 1,11.971,81372,163364210.0,28.979511,6983738.0,363.213402,IT=6;6 ,ii
10837,UP 1,11.386,81752,173109820.0,28.999694,5440991.0,457.2953347,IT=5.7;5.7 ,ii
10848,UP 1,11.435,81576,175876020.0,29.019267,5660554.0,664.8281411,IT=5.7;5.7 ,ii
10859,UP 1,11.816,83008,172438350.0,29.039473,6254663.0,664.8283266,IT=5.9;5.9 ,ii
10870,UP 1,12.455,83284,161887090.0,29.059669,4862445.5,664.8282588,IT=6.2;6.2 ,ii
10881,UP 1,13.915,87232,149818370.0,29.07985,3055835.8,435.7742462,IT=7;7 ,ii
10889,UP 1,14.208,88196,145769790.0,29.09459,3582736.5,558.2888709,IT=7.1;7.1 ,ii
10896,UP 1,14.432,87936,140191470.0,29.108512,4175136.8,651.3231535,IT=7.2;7.2 ,ii
10906,UP 1,14.014,87008,140955020.0,29.126883,6654161.0,651.3232955,IT=7;7 ,ii
10917,UP 1,13.718,87452,145928160.0,29.14706,7847768.0,651.323281,IT=6.9;6.9 ,ii
10928,UP 1,14.493,93700,148461390.0,29.167306,6300113.0,651.3232589,IT=7.2;7.2 ,ii
10930,UP 1,14.476,93964,147654420.0,29.171081,5879707.0,651.3231469,IT=7.2;7.2 ,ii
10941,UP 1,15.606,92056,134261260.0,29.19137,3202692.5,515.2668839,IT=7.8;7.8 ,ii
10952,UP 1,15.386,90680,133425870.0,29.211753,4689410.5,440.7243642,IT=7.7;7.7 ,ii
10954,UP 1,14.996,88792,132342660.0,29.215541,5034728.5,440.7243773,IT=7.5;7.5 ,ii
10965,UP 1,16.199,87832,123222380.0,29.235843,5807132.5,440.7244728,IT=8.1;8.1 ,ii
10968,UP 1,15.748,91548,125308010.0,29.241451,5881349.5,440.7243723,IT=7.9;7.9 ,ii
10979,UP 1,16.183,97084,122596020.0,29.261713,4555530.0,440.7243573,IT=8.1;8.1 ,ii
10990,UP 1,15.794,91892,123331130.0,29.282901,3111233.8,440.7244583,IT=7.9;7.9 ,ii
11001,UP 1,15.891,93608,128974530.0,29.303086,2665998.0,618.3047398,IT=7.9;7.9 ,ii
11012,UP 1,13.519,89800,143884800.0,29.322959,4218763.0,618.3047909,IT=6.8;6.8 ,ii
11022,UP 1,12.961,88084,154681950.0,29.341327,5573893.5,508.293251,IT=6.5;6.5 ,ii
11033,UP 1,11.649,83020,169520190.0,29.363563,8697032.0,508.293191,IT=5.8;5.8 ,ii
11041,UP 1,11.406,80716,180089500.0,29.37765,9627155.0,508.2931854,IT=5.7;5.7 ,ii
11052,UP 1,10.384,77092,189083900.0,29.397827,8457105.0,508.2930035,IT=5.2;5.2 ,ii
11063,UP 1,10.334,75284,189188080.0,29.41801,7655631.5,451.2711379,IT=5.2;5.2 ,ii
11066,UP 1,10.383,74148,189773940.0,29.423579,8456192.0,451.2711958,IT=5.2;5.2 ,ii
11077,UP 1,11.366,80512,177958750.0,29.443716,8264382.0,451.2711985,IT=5.7;5.7 ,ii
11080,UP 1,11.551,77148,170457020.0,29.449273,7819716.0,451.2711969,IT=5.8;5.8 ,ii
11091,UP 1,12.673,82496,152916620.0,29.469427,5539884.0,388.2101248,IT=6.3;6.3 ,ii
11093,UP 1,12.968,82720,148068880.0,29.473191,5053096.0,388.2100405,IT=6.5;6.5 ,ii
11103,UP 1,15.137,91408,135815150.0,29.491625,3067347.0,435.7505783,IT=7.6;7.6 ,ii
11114,UP 1,15.835,87648,131355630.0,29.511439,3307635.2,435.7506091,IT=7.9;7.9 ,ii
11124,UP 1,15.114,87272,135492140.0,29.531845,3047969.2,435.7508336,IT=7.6;7.6 ,ii
11133,UP 1,14.107,88044,143115820.0,29.547274,3276340.0,446.2162435,IT=7.1;7.1 ,ii
11138,UP 1,13.982,85084,143239490.0,29.556539,3563104.8,446.216156,IT=7;7 ,ii
11139,UP 1,15.019,90068,139486820.0,29.560426,3645948.2,446.2162521,IT=7.5;7.5 ,ii
11145,UP 1,13.784,83612,145036290.0,29.571476,4155139.8,490.7274388,IT=6.9;6.9 ,ii
11151,UP 1,13.811,82496,137750050.0,29.582597,4010549.0,490.7275716,IT=6.9;6.9 ,ii
11159,UP 1,14.111,87256,136585970.0,29.597047,3828685.2,587.322464,IT=7.1;7.1 ,ii
11165,UP 1,13.746,85748,134650800.0,29.608163,4632021.0,587.3223849,IT=6.9;6.9 ,ii
11171,UP 1,14.114,83524,131644050.0,29.619184,5824976.5,587.3224289,IT=7.1;7.1 ,ii
11177,UP 1,14.357,85712,134056600.0,29.630296,7005502.0,587.3224416,IT=7.2;7.2 ,ii
11185,UP 1,13.883,82572,136480240.0,29.645051,8139138.5,587.3223417,IT=6.9;6.9 ,ii
11194,UP 1,12.857,78892,147916480.0,29.661436,9323105.0,587.3224356,IT=6.4;6.4 ,ii
11205,UP 1,11.653,78828,168442350.0,29.681381,9409404.0,587.3221656,IT=5.8;5.8 ,ii
11216,UP 1,10.350,79660,194057630.0,29.701836,8852014.0,587.3220779,IT=5.2;5.2 ,ii
11218,UP 1,9.970,76088,195388530.0,29.705546,8116261.0,587.3221137,IT=5;5 ,ii
11229,UP 1,8.373,71980,234971020.0,29.725739,23089622.0,416.2502046,IT=4.2;4.2 ,ii
11240,UP 1,6.903,64968,283587580.0,29.745883,50614872.0,416.250349,IT=3.5;3.5 ,ii
11243,UP 1,6.396,61008,292664990.0,29.751339,57846128.0,416.2503228,IT=3.2;3.2 ,ii
11254,UP 1,5.390,53540,334023650.0,29.771437,88945064.0,416.250367,IT=2.7;2.7 ,ii
11265,UP 1,5.286,53960,340037060.0,29.791527,99067168.0,416.2503425,IT=2.6;2.6 ,ii
11276,UP 1,6.065,60156,303828190.0,29.81167,86205840.0,416.2502962,IT=3;3 ,ii
11287,UP 1,7.889,67380,240572420.0,29.83186,58001336.0,416.2503071,IT=3.9;3.9 ,ii
11290,UP 1,8.298,67496,224613730.0,29.83738,49941956.0,416.2502771,IT=4.1;4.1 ,ii
11301,UP 1,11.845,80808,175372980.0,29.858589,25947652.0,416.2503987,IT=5.9;5.9 ,ii
11312,UP 1,13.662,87048,151752700.0,29.878778,13304476.0,416.2504091,IT=6.8;6.8 ,ii
11323,UP 1,14.314,86760,140055540.0,29.899009,8145342.5,533.2830228,IT=7.2;7.2 ,ii
11334,UP 1,14.417,90508,137885650.0,29.918926,7934858.5,533.2827296,IT=7.2;7.2 ,ii
11336,UP 1,14.756,90312,134603500.0,29.924676,7396449.5,533.2829721,IT=7.4;7.4 ,ii
11347,UP 1,15.661,90052,128487470.0,29.944969,4497937.0,533.2830304,IT=7.8;7.8 ,ii
11358,UP 1,14.472,87368,135887440.0,29.964719,6207297.0,660.3395725,IT=7.2;7.2 ,ii
11361,UP 1,14.392,92132,142986830.0,29.970346,7014855.5,660.3394876,IT=7.2;7.2 ,ii
11372,UP 1,13.413,82144,150114450.0,29.990619,7582848.0,660.3394071,IT=6.7;6.7 ,ii
11383,UP 1,11.336,80896,169644820.0,30.010858,6552236.5,660.3393495,IT=5.7;5.7 ,ii
11386,UP 1,11.925,83112,169116190.0,30.016421,5782737.0,660.3393151,IT=6;6 ,ii
11397,UP 1,11.739,81128,164851580.0,30.036673,5321279.5,450.5734842,IT=5.9;5.9 ,ii
11408,UP 1,12.321,88100,165269900.0,30.056929,3817023.5,433.2372299,IT=6.2;6.2 ,ii
11419,UP 1,12.254,85700,156572780.0,30.075706,2482769.5,448.926191,IT=6.1;6.1 ,ii
11430,UP 1,14.006,90300,152138770.0,30.095927,2576243.0,442.7635143,IT=7;7 ,ii
11441,UP 1,14.604,89932,141328500.0,30.118129,4663156.5,442.7300235,IT=7.3;7.3 ,ii
11452,UP 1,16.027,93136,129956120.0,30.137335,5351303.0,442.7299895,IT=8;8 ,ii
11463,UP 1,15.975,92840,123183910.0,30.157576,4960776.5,442.7298607,IT=8;8 ,ii
11466,UP 1,16.398,90476,125482020.0,30.163224,4746944.5,442.7297011,IT=8.2;8.2 ,ii
11476,UP 1,15.297,91548,132238800.0,30.181709,3644213.5,442.7297242,IT=7.6;7.6 ,ii
11487,UP 1,15.481,88728,131602420.0,30.201882,3100311.8,673.3469593,IT=7.7;7.7 ,ii
11498,UP 1,14.253,84828,137354540.0,30.222109,4476046.0,673.3468048,IT=7.1;7.1 ,ii
11509,UP 1,14.335,82076,132713970.0,30.242317,4141441.8,673.3468406,IT=7.2;7.2 ,ii
11516,UP 1,14.926,85900,133540290.0,30.255217,3708348.5,673.346724,IT=7.5;7.5 ,ii
11521,UP 1,15.534,88716,130130910.0,30.26554,3061256.2,673.3468564,IT=7.8;7.8 ,ii
11529,UP 1,16.155,86272,121204540.0,30.280315,3008688.8,430.7534826,IT=8.1;8.1 ,ii
11539,UP 1,15.918,87612,122758460.0,30.298815,3506210.0,430.7534254,IT=8;8 ,ii
11548,UP 1,17.001,85288,115440620.0,30.315386,3249331.0,430.7534451,IT=8.5;8.5 ,ii
11556,UP 1,17.944,92768,110535130.0,30.330173,2594391.0,430.7534249,IT=9;9 ,ii
11566,UP 1,18.401,91464,106340230.0,30.348619,2053624.2,391.2844377,IT=9.2;9.2 ,ii
11573,UP 1,18.617,92828,104198180.0,30.361587,2161173.8,391.2844913,IT=9.3;9.3 ,ii
11580,UP 1,18.195,91664,105138140.0,30.374543,2032354.6,391.284489,IT=9.1;9.1 ,ii
11587,UP 1,17.581,91536,112954500.0,30.38747,2049223.4,391.2844156,IT=8.8;8.8 ,ii
11597,UP 1,14.668,84640,129213940.0,30.405777,4566910.0,356.5452227,IT=7.3;7.3 ,ii
11608,UP 1,12.627,83628,154925470.0,30.425899,8589630.0,356.5450676,IT=6.3;6.3 ,ii
11619,UP 1,11.313,75068,176562160.0,30.447197,13448493.0,356.545191,IT=5.7;5.7 ,ii
11630,UP 1,10.830,73248,180278960.0,30.467312,14428449.0,356.5453851,IT=5.4;5.4 ,ii
11641,UP 1,11.049,75328,184469280.0,30.487472,13037327.0,356.5452204,IT=5.5;5.5 ,ii
11652,UP 1,10.308,74836,188348220.0,30.507639,11036691.0,420.7869215,IT=5.2;5.2 ,ii
11663,UP 1,10.594,76532,190527840.0,30.52788,19253214.0,420.7869132,IT=5.3;5.3 ,ii
11674,UP 1,10.539,72364,191149870.0,30.548063,25067010.0,420.7869227,IT=5.3;5.3 ,ii
11677,UP 1,10.567,72340,190968320.0,30.553603,25738954.0,420.7869717,IT=5.3;5.3 ,ii
11684,UP 1,10.641,72080,186505700.0,30.566478,26067110.0,420.7868549,IT=5.3;5.3 ,ii
11692,UP 1,10.943,76852,190249460.0,30.581121,23287320.0,420.7868502,IT=5.5;5.5 ,ii
11697,UP 1,10.973,77092,184711020.0,30.590363,19977202.0,420.786778,IT=5.5;5.5 ,ii
11706,UP 1,11.056,78820,181852540.0,30.607942,13501789.0,420.7868775,IT=5.5;5.5 ,ii
11716,UP 1,11.710,84188,176164690.0,30.626298,10528739.0,569.2937374,IT=5.9;5.9 ,ii
11727,UP 1,12.954,82992,157470270.0,30.646465,8952368.0,569.2938466,IT=6.5;6.5 ,ii
11735,UP 1,12.941,82268,153699810.0,30.661208,7320543.5,569.2938641,IT=6.5;6.5 ,ii
11746,UP 1,13.686,82676,151175410.0,30.681389,5233728.0,423.258141,IT=6.8;6.8 ,ii
11756,UP 1,12.267,81076,164774770.0,30.699162,11363849.0,423.2581352,IT=6.1;6.1 ,ii
11761,UP 1,11.719,81820,173968020.0,30.708379,14487623.0,423.2581744,IT=5.9;5.9 ,ii
11770,UP 1,10.836,79624,188693300.0,30.724829,20459730.0,423.2581375,IT=5.4;5.4 ,ii
11780,UP 1,9.898,78256,198743180.0,30.74311,23431796.0,423.2582276,IT=4.9;4.9 ,ii
11791,UP 1,9.180,78356,203893950.0,30.762281,20475342.0,423.2580833,IT=4.6;4.6 ,ii
11802,UP 1,10.241,82148,196049760.0,30.783414,13123101.0,423.2581484,IT=5.1;5.1 ,ii
11805,UP 1,10.200,79780,190021420.0,30.788947,10813718.0,423.2581195,IT=5.1;5.1 ,ii
11816,UP 1,10.817,84436,182275870.0,30.809149,7060797.5,500.7875332,IT=5.4;5.4 ,ii
11827,UP 1,11.908,82728,167829740.0,30.82933,11120150.0,500.7876406,IT=6;6 ,ii
11829,UP 1,11.791,87748,170737010.0,30.833061,11790217.0,500.7876831,IT=5.9;5.9 ,ii
11840,UP 1,12.602,88436,162704020.0,30.853334,13563902.0,500.7875624,IT=6.3;6.3 ,ii
11848,UP 1,12.892,88724,157242320.0,30.870026,11360617.0,500.7876789,IT=6.4;6.4 ,ii
11859,UP 1,13.825,94808,151263620.0,30.890217,6822988.0,500.7877294,IT=6.9;6.9 ,ii
11870,UP 1,14.468,95396,147251660.0,30.910546,3648839.0,723.848981,IT=7.2;7.2 ,ii
11881,UP 1,13.635,88212,146903700.0,30.930738,3573083.8,478.8946741,IT=6.8;6.8 ,ii
11892,UP 1,13.024,92832,160586800.0,30.950875,6849641.0,478.8945737,IT=6.5;6.5 ,ii
11895,UP 1,12.681,88484,160903940.0,30.95645,8124322.0,478.8944655,IT=6.3;6.3 ,ii
11906,UP 1,12.700,90164,162613260.0,30.976623,9645794.0,478.8946255,IT=6.3;6.3 ,ii
11917,UP 1,13.201,88368,157132190.0,30.99691,8255598.5,478.8946002,IT=6.6;6.6 ,ii
11928,UP 1,13.770,90892,155508580.0,31.017108,6202597.5,478.8945405,IT=6.9;6.9 ,ii
11939,UP 1,13.575,91260,154790140.0,31.038002,4706920.0,367.233861,IT=6.8;6.8 ,ii
11950,UP 1,14.018,90204,149242350.0,31.058212,7787331.5,367.2339988,IT=7;7 ,ii
11961,UP 1,12.763,85828,155861790.0,31.078408,10069470.0,367.2340625,IT=6.4;6.4 ,ii
11972,UP 1,12.019,83908,168725280.0,31.097864,10065754.0,367.2339743,IT=6;6 ,ii
11974,UP 1,12.611,82756,174459250.0,31.101607,9943928.0,367.2338963,IT=6.3;6.3 ,ii
11985,UP 1,11.187,79612,176989360.0,31.121084,7177018.0,666.8547745,IT=5.6;5.6 ,ii
11993,UP 1,11.152,80348,184577390.0,31.135753,7405024.0,400.2402399,IT=5.6;5.6 ,ii
12004,UP 1,11.319,77284,182494940.0,31.155942,8877524.0,400.2401144,IT=5.7;5.7 ,ii
12015,UP 1,12.168,82776,175083920.0,31.176132,9838774.0,400.240088,IT=6.1;6.1 ,ii
12026,UP 1,12.665,81256,160504860.0,31.197271,9513135.0,400.2401611,IT=6.3;6.3 ,ii
12037,UP 1,12.849,83684,154710380.0,31.217075,8878022.0,400.2401912,IT=6.4;6.4 ,ii
12048,UP 1,14.225,86348,146596850.0,31.23729,6834720.5,400.2402172,IT=7.1;7.1 ,ii
12059,UP 1,14.058,86904,140748910.0,31.257583,4791143.5,400.2399986,IT=7;7 ,ii
12069,UP 1,13.949,89244,147466160.0,31.277981,3484894.8,400.2402123,IT=7;7 ,ii
12079,UP 1,13.581,85020,152622130.0,31.29646,4878487.0,580.796088,IT=6.8;6.8 ,ii
12086,UP 1,12.650,81348,162899170.0,31.309352,5880265.0,580.7958349,IT=6.3;6.3 ,ii
12094,UP 1,11.712,78736,174620830.0,31.323995,6249969.0,580.7956117,IT=5.9;5.9 ,ii
12097,UP 1,11.726,81436,180311810.0,31.329537,7311556.0,564.7899682,IT=5.9;5.9 ,ii
12105,UP 1,10.675,76764,193168290.0,31.344208,10287937.0,564.7901011,IT=5.3;5.3 ,ii
12110,UP 1,10.590,80120,198562740.0,31.353414,11841058.0,564.7898129,IT=5.3;5.3 ,ii
12117,UP 1,10.081,75636,203258450.0,31.36841,13843602.0,564.7898471,IT=5;5 ,ii
12125,UP 1,9.913,75960,203829710.0,31.383028,13225715.0,564.7899148,IT=5;5 ,ii
12136,UP 1,9.513,74312,198804350.0,31.403157,10166368.0,564.7898618,IT=4.8;4.8 ,ii
12147,UP 1,10.330,76668,190491220.0,31.422443,6312626.0,564.7898191,IT=5.2;5.2 ,ii
12149,UP 1,10.267,78156,192761860.0,31.428151,6231252.0,760.8838014,IT=5.1;5.1 ,ii
12160,UP 1,10.940,76936,178745550.0,31.44837,4858225.0,760.8835066,IT=5.5;5.5 ,ii
12162,UP 1,11.070,78656,177668220.0,31.452101,4646366.0,760.8838611,IT=5.5;5.5 ,ii
12173,UP 1,11.329,81868,174079460.0,31.47229,4451879.0,532.2934699,IT=5.7;5.7 ,ii
12175,UP 1,11.787,81184,173661980.0,31.476019,4575486.0,532.2933763,IT=5.9;5.9 ,ii
12182,UP 1,11.784,79900,170251100.0,31.488909,4871108.0,532.2933554,IT=5.9;5.9 ,ii
12190,UP 1,12.674,84736,164350610.0,31.503617,4479271.5,532.2933903,IT=6.3;6.3 ,ii
12195,UP 1,12.891,83956,162960590.0,31.514828,3743892.5,532.2934328,IT=6.4;6.4 ,ii
12202,UP 1,13.196,88340,159995230.0,31.526867,3734985.2,625.8418665,IT=6.6;6.6 ,ii
12208,UP 1,12.772,85432,159178980.0,31.537425,3756868.0,625.8418309,IT=6.4;6.4 ,ii
12217,UP 1,12.809,88008,163974900.0,31.554298,3406177.0,625.8418077,IT=6.4;6.4 ,ii
12227,UP 1,11.893,81364,171205150.0,31.572588,4432853.5,750.3421931,IT=5.9;5.9 ,ii
12236,UP 1,10.238,78688,195083900.0,31.5891,7599086.0,750.3420868,IT=5.1;5.1 ,ii
12246,UP 1,9.519,78168,215466770.0,31.60741,9086019.0,750.3419452,IT=4.8;4.8 ,ii
12257,UP 1,8.839,74036,232835620.0,31.62755,10507786.0,573.6327171,IT=4.4;4.4 ,ii
12265,UP 1,8.628,76180,245398690.0,31.642277,12350338.0,573.6328176,IT=4.3;4.3 ,ii
12270,UP 1,8.231,71092,241771200.0,31.6514,12476935.0,573.632703,IT=4.1;4.1 ,ii
12276,UP 1,9.058,74508,232138590.0,31.662758,12101980.0,510.2618358,IT=4.5;4.5 ,ii
12284,UP 1,9.150,72256,220677700.0,31.677456,11792623.0,510.2617639,IT=4.6;4.6 ,ii
12294,UP 1,10.261,78612,206158590.0,31.696876,10203667.0,510.2619097,IT=5.1;5.1 ,ii
12304,UP 1,10.645,80580,198529660.0,31.715245,7563224.5,441.2294106,IT=5.3;5.3 ,ii
12315,UP 1,10.794,84252,197697860.0,31.735074,7419872.5,441.229501,IT=5.4;5.4 ,ii
12326,UP 1,10.717,83768,199007390.0,31.755295,7821082.5,760.8831874,IT=5.4;5.4 ,ii
12329,UP 1,11.099,83260,200815520.0,31.762842,8253110.0,760.8834785,IT=5.5;5.5 ,ii
12340,UP 1,10.832,80696,201157630.0,31.783017,11215212.0,513.3090864,IT=5.4;5.4 ,ii
12351,UP 1,10.736,79692,200118740.0,31.803169,19415554.0,513.3090959,IT=5.4;5.4 ,ii
12362,UP 1,10.651,76724,198099280.0,31.822028,24973318.0,513.3091769,IT=5.3;5.3 ,ii
12373,UP 1,11.189,77788,200009700.0,31.842238,26812318.0,513.3089051,IT=5.6;5.6 ,ii
12376,UP 1,10.802,78052,198603950.0,31.84975,25543896.0,513.3091269,IT=5.4;5.4 ,ii
12387,UP 1,10.572,77368,197118670.0,31.869419,18809856.0,513.3090638,IT=5.3;5.3 ,ii
12396,UP 1,10.222,76388,201130540.0,31.885746,17639326.0,502.3236249,IT=5.1;5.1 ,ii
12406,UP 1,9.776,74496,206723520.0,31.904106,19547214.0,502.3237385,IT=4.9;4.9 ,ii
12417,UP 1,10.107,74396,207980780.0,31.923179,17947732.0,502.3236538,IT=5.1;5.1 ,ii
12428,UP 1,10.262,80588,202756780.0,31.944458,14098888.0,414.2186608,IT=5.1;5.1 ,ii
12439,UP 1,10.185,80732,202720660.0,31.964641,10328965.0,414.2185144,IT=5.1;5.1 ,ii
12450,UP 1,9.637,78728,222761470.0,31.984818,21715634.0,569.277599,IT=4.8;4.8 ,ii
12461,UP 1,9.022,76556,242793170.0,32.00407,36094916.0,569.2775435,IT=4.5;4.5 ,ii
12472,UP 1,8.047,70512,250952670.0,32.026266,45855232.0,569.2776738,IT=4;4 ,ii
12483,UP 1,8.499,74252,244619300.0,32.046399,42405676.0,569.2775441,IT=4.2;4.2 ,ii
12485,UP 1,8.729,70884,235330420.0,32.050076,41603100.0,569.2776351,IT=4.4;4.4 ,ii
12496,UP 1,9.686,76472,214202100.0,32.070084,27682492.0,569.2775202,IT=4.8;4.8 ,ii
12507,UP 1,10.669,73580,191557390.0,32.090101,14791509.0,569.2772408,IT=5.3;5.3 ,ii
12518,UP 1,11.886,85064,181114190.0,32.112142,11051456.0,684.3392312,IT=5.9;5.9 ,ii
12529,UP 1,12.165,83776,177463820.0,32.132373,10896866.0,684.3393076,IT=6.1;6.1 ,ii
12540,UP 1,13.523,86400,165352460.0,32.15258,7722577.0,684.3392373,IT=6.8;6.8 ,ii
12543,UP 1,13.367,82536,163589760.0,32.158155,6765042.0,684.3393127,IT=6.7;6.7 ,ii
12554,UP 1,13.289,84336,159753140.0,32.178217,4517670.0,408.7160587,IT=6.6;6.6 ,ii
12565,UP 1,13.320,85736,164834880.0,32.200502,4335948.0,510.3287109,IT=6.7;6.7 ,ii
12576,UP 1,12.009,82440,176525820.0,32.220665,5741981.5,510.3288121,IT=6;6 ,ii
12587,UP 1,11.735,85248,191703090.0,32.2398,7107624.5,510.3288934,IT=5.9;5.9 ,ii
12598,UP 1,10.616,79488,205081220.0,32.259935,10099415.0,581.3132393,IT=5.3;5.3 ,ii
12609,UP 1,9.678,80512,223234800.0,32.2801,14606067.0,581.3132035,IT=4.8;4.8 ,ii
12620,UP 1,9.937,83112,226535300.0,32.300301,15356240.0,581.3131875,IT=5;5 ,ii
12631,UP 1,10.620,83660,215388610.0,32.31968,12236994.0,581.3132209,IT=5.3;5.3 ,ii
12642,UP 1,10.468,83952,218997440.0,32.339843,10180527.0,690.362167,IT=5.2;5.2 ,ii
12653,UP 1,10.312,85268,223537410.0,32.36197,13577427.0,690.3622914,IT=5.2;5.2 ,ii
12664,UP 1,10.244,79924,216905070.0,32.382153,12142696.0,638.3253195,IT=5.1;5.1 ,ii
12675,UP 1,10.945,84016,210929860.0,32.401584,10926723.0,638.3255957,IT=5.5;5.5 ,ii
12686,UP 1,11.510,86724,198962750.0,32.42183,7526342.0,556.2805449,IT=5.8;5.8 ,ii
12696,UP 1,12.220,86340,187135200.0,32.442178,6244757.5,556.2808056,IT=6.1;6.1 ,ii
12707,UP 1,13.093,89200,171550530.0,32.462419,3870295.5,556.2809111,IT=6.5;6.5 ,ii
12716,UP 1,13.738,92252,166095490.0,32.478938,3863013.5,581.310966,IT=6.9;6.9 ,ii
12726,UP 1,13.917,90540,160633040.0,32.497315,3514423.5,631.8052066,IT=7;7 ,ii
12737,UP 1,15.202,87416,150516130.0,32.517033,3675656.0,468.7558274,IT=7.6;7.6 ,ii
12748,UP 1,14.422,86456,151727820.0,32.538348,3002050.5,451.7458479,IT=7.2;7.2 ,ii
12755,UP 1,15.218,95084,146680640.0,32.551289,3084839.8,451.7457594,IT=7.6;7.6 ,ii
12765,UP 1,15.268,89500,142349180.0,32.56966,2975208.0,451.7458105,IT=7.6;7.6 ,ii
12776,UP 1,16.927,94380,134699140.0,32.589964,3336313.0,460.7638489,IT=8.5;8.5 ,ii
12785,UP 1,17.285,95444,130332700.0,32.606647,3615604.2,460.763759,IT=8.6;8.6 ,ii
12795,UP 1,18.202,93632,123872360.0,32.625112,3223588.2,460.7638553,IT=9.1;9.1 ,ii
12806,UP 1,18.899,101300,121271380.0,32.645485,2250136.5,391.2844729,IT=9.4;9.4 ,ii
12815,UP 1,18.773,97724,125080190.0,32.662095,2337240.0,391.2844876,IT=9.4;9.4 ,ii
12826,UP 1,16.776,97880,139108990.0,32.682391,3230955.0,554.3063229,IT=8.4;8.4 ,ii
12829,UP 1,16.478,94520,142250480.0,32.689105,4011773.2,554.3063203,IT=8.2;8.2 ,ii
12840,UP 1,14.688,90428,156330560.0,32.709372,5915051.0,554.3062847,IT=7.3;7.3 ,ii
12843,UP 1,15.064,95624,159154610.0,32.715001,6161307.5,554.3060958,IT=7.5;7.5 ,ii
12854,UP 1,13.477,88008,174405860.0,32.735238,6654413.0,554.305979,IT=6.7;6.7 ,ii
12865,UP 1,13.921,88360,173165810.0,32.755517,5714042.5,538.8035018,IT=7;7 ,ii
12876,UP 1,13.819,91788,172363760.0,32.775759,4704325.0,538.8034795,IT=6.9;6.9 ,ii
12887,UP 1,13.772,89484,174872240.0,32.796007,4096397.2,488.2795151,IT=6.9;6.9 ,ii
12898,UP 1,12.753,85264,181075220.0,32.816252,8893876.0,488.2792578,IT=6.4;6.4 ,ii
12908,UP 1,11.245,82180,198742240.0,32.83455,15627765.0,488.2792885,IT=5.6;5.6 ,ii
12919,UP 1,10.817,79264,215552160.0,32.854752,24375968.0,488.2791768,IT=5.4;5.4 ,ii
12930,UP 1,10.054,77660,224939220.0,32.875969,31925334.0,488.2793839,IT=5;5 ,ii
12937,UP 1,10.093,75808,229701860.0,32.888818,33472796.0,488.2793778,IT=5;5 ,ii
12948,UP 1,10.503,78540,222014740.0,32.909041,30913974.0,488.2795676,IT=5.3;5.3 ,ii
12951,UP 1,10.472,79016,221215920.0,32.914608,29140388.0,488.2795521,IT=5.2;5.2 ,ii
12962,UP 1,11.499,87124,202107200.0,32.934201,20272524.0,488.2792921,IT=5.7;5.7 ,ii
12973,UP 1,12.327,88432,183219280.0,32.955537,11793342.0,488.2793677,IT=6.2;6.2 ,ii
12984,UP 1,12.461,88792,179107890.0,32.975795,6079323.5,488.2793872,IT=6.2;6.2 ,ii
12995,UP 1,12.402,89896,184976580.0,32.995993,10009855.0,468.9142809,IT=6.2;6.2 ,ii
13006,UP 1,11.409,86132,191076880.0,33.016165,14337707.0,468.91433,IT=5.7;5.7 ,ii
13009,UP 1,11.521,82828,191802060.0,33.023703,15276133.0,468.9144621,IT=5.8;5.8 ,ii
13020,UP 1,11.323,82768,190059860.0,33.043876,13456688.0,468.9144389,IT=5.7;5.7 ,ii
13031,UP 1,12.111,87264,185296400.0,33.064119,9412951.0,468.9143229,IT=6.1;6.1 ,ii
13042,UP 1,13.007,85964,176301600.0,33.083667,5329141.0,468.9143026,IT=6.5;6.5 ,ii
13053,UP 1,13.788,89760,169437220.0,33.103917,4338667.5,580.7962244,IT=6.9;6.9 ,ii
13055,UP 1,14.021,93796,167501490.0,33.107684,4286204.5,580.7961182,IT=7;7 ,ii
13066,UP 1,14.356,91924,157770660.0,33.127919,3419176.2,580.7961824,IT=7.2;7.2 ,ii
13077,UP 1,15.096,96828,155961010.0,33.147542,2481247.0,391.2843405,IT=7.5;7.5 ,ii
13088,UP 1,14.344,93832,159562670.0,33.167806,5433094.0,680.3568485,IT=7.2;7.2 ,ii
13099,UP 1,13.431,92492,177549980.0,33.187648,10612994.0,680.3566977,IT=6.7;6.7 ,ii
13110,UP 1,11.969,84168,191722580.0,33.208512,15110220.0,680.3567581,IT=6;6 ,ii
13121,UP 1,10.826,78368,207519520.0,33.228693,15927922.0,680.3566504,IT=5.4;5.4 ,ii
13132,UP 1,10.807,82980,223987790.0,33.248958,13590935.0,680.3565986,IT=5.4;5.4 ,ii
13135,UP 1,10.263,80820,231717020.0,33.254493,12382053.0,680.3566097,IT=5.1;5.1 ,ii
13146,UP 1,10.420,80732,229063020.0,33.274328,12994821.0,817.4147416,IT=5.2;5.2 ,ii
13157,UP 1,10.950,79936,217487550.0,33.293464,13714813.0,817.4149844,IT=5.5;5.5 ,ii
13168,UP 1,11.692,83284,208580620.0,33.313663,10219580.0,817.414823,IT=5.8;5.8 ,ii
13179,UP 1,11.066,83672,215347660.0,33.333836,17889550.0,590.8147108,IT=5.5;5.5 ,ii
13181,UP 1,10.744,81656,217114770.0,33.337561,20708670.0,590.814716,IT=5.4;5.4 ,ii
13192,UP 1,9.492,74636,231968780.0,33.358674,35720424.0,590.8149051,IT=4.7;4.7 ,ii
13203,UP 1,8.374,68396,252939840.0,33.378771,47743692.0,590.8147725,IT=4.2;4.2 ,ii
13214,UP 1,8.592,69156,255907680.0,33.398078,48816604.0,590.8148476,IT=4.3;4.3 ,ii
13224,UP 1,9.116,70056,239124740.0,33.416425,40069356.0,590.8149787,IT=4.6;4.6 ,ii
13230,UP 1,9.489,71228,228725440.0,33.427484,33572364.0,590.8146387,IT=4.7;4.7 ,ii
13237,UP 1,10.008,74372,215682400.0,33.442454,23975644.0,590.8147607,IT=5;5 ,ii
13244,UP 1,11.165,73028,200467300.0,33.455346,16140313.0,590.8147773,IT=5.6;5.6 ,ii
13249,UP 1,10.919,75228,198729360.0,33.463715,18074668.0,454.2661909,IT=5.5;5.5 ,ii
13254,UP 1,11.267,74656,194415410.0,33.47294,21499798.0,454.266176,IT=5.6;5.6 ,ii
13257,UP 1,11.326,72888,193986900.0,33.480654,24375154.0,454.2662245,IT=5.7;5.7 ,ii
13262,UP 1,10.920,70852,194035250.0,33.489868,27109474.0,454.26628,IT=5.5;5.5 ,ii
13267,UP 1,10.912,73308,194588850.0,33.499087,28533510.0,454.2661363,IT=5.5;5.5 ,ii
13272,UP 1,10.895,73592,199198190.0,33.510443,30639750.0,454.2660968,IT=5.4;5.4 ,ii
13277,UP 1,11.037,73096,196385740.0,33.521643,29967196.0,454.2662007,IT=5.5;5.5 ,ii
13285,UP 1,10.853,71200,199584060.0,33.536297,29571090.0,454.2662204,IT=5.4;5.4 ,ii
13291,UP 1,10.985,73664,205949520.0,33.546622,28771846.0,454.2661687,IT=5.5;5.5 ,ii
13301,UP 1,11.462,76972,198370910.0,33.564656,22845016.0,454.266183,IT=5.7;5.7 ,ii
13307,UP 1,12.155,79256,194750450.0,33.575212,18866178.0,454.2660525,IT=6.1;6.1 ,ii
13313,UP 1,12.475,81788,187722620.0,33.586293,14768006.0,454.2660262,IT=6.2;6.2 ,ii
13321,UP 1,12.672,78148,175282820.0,33.60303,9878809.0,632.8435235,IT=6.3;6.3 ,ii
13329,UP 1,13.860,82924,170404320.0,33.617176,11297969.0,632.8436033,IT=6.9;6.9 ,ii
13334,UP 1,14.073,85260,168262140.0,33.626007,11780745.0,632.8435868,IT=7;7 ,ii
13340,UP 1,14.605,85296,163669740.0,33.637088,11341285.0,632.8435306,IT=7.3;7.3 ,ii
13341,UP 1,15.605,92936,163517410.0,33.640978,10815313.0,632.8435787,IT=7.8;7.8 ,ii
13348,UP 1,14.851,87172,158682660.0,33.653899,8890697.0,632.8436204,IT=7.4;7.4 ,ii
13357,UP 1,15.765,88892,155525470.0,33.670553,6060165.0,632.8434906,IT=7.9;7.9 ,ii
13364,UP 1,16.144,87860,150882700.0,33.683584,6481681.0,599.8382228,IT=8.1;8.1 ,ii
13374,UP 1,15.965,89680,157076340.0,33.702015,9910482.0,599.8381286,IT=8;8 ,ii
13382,UP 1,15.529,89468,163230930.0,33.716777,12835644.0,599.8382883,IT=7.8;7.8 ,ii
13389,UP 1,13.826,83236,174090140.0,33.729746,15854005.0,599.838289,IT=6.9;6.9 ,ii
13396,UP 1,13.748,84920,188547150.0,33.742663,19377994.0,599.8382381,IT=6.9;6.9 ,ii
13401,UP 1,12.405,80544,195271550.0,33.751548,21640400.0,599.8380919,IT=6.2;6.2 ,ii
13412,UP 1,11.424,79460,215572530.0,33.771767,25410554.0,599.8380519,IT=5.7;5.7 ,ii
13414,UP 1,11.047,78224,216116960.0,33.777467,26370248.0,599.8382705,IT=5.5;5.5 ,ii
13424,UP 1,10.339,76040,228991020.0,33.795823,26896414.0,599.8381248,IT=5.2;5.2 ,ii
13433,UP 1,9.738,75620,237675820.0,33.812346,26094950.0,599.8381041,IT=4.9;4.9 ,ii
13444,UP 1,9.448,74328,251706160.0,33.832533,22564048.0,599.8381377,IT=4.7;4.7 ,ii
13455,UP 1,9.562,75892,252521060.0,33.851974,17207006.0,599.8380532,IT=4.8;4.8 ,ii
13466,UP 1,10.124,77700,240716460.0,33.874124,18103300.0,400.6949626,IT=5.1;5.1 ,ii
13477,UP 1,10.173,79816,235589980.0,33.894381,17178372.0,400.6948831,IT=5.1;5.1 ,ii
13488,UP 1,10.516,80428,231997550.0,33.91458,12115541.0,400.6948524,IT=5.3;5.3 ,ii
13499,UP 1,10.836,78904,223011740.0,33.934649,7351649.5,515.7879138,IT=5.4;5.4 ,ii
13510,UP 1,11.071,81060,216427010.0,33.956826,10386165.0,515.7881667,IT=5.5;5.5 ,ii
13521,UP 1,11.179,84548,218087810.0,33.976813,11549136.0,515.7880572,IT=5.6;5.6 ,ii
13532,UP 1,12.101,82744,199263730.0,33.997013,9052998.0,515.7883156,IT=6.1;6.1 ,ii
13535,UP 1,12.883,88312,197527260.0,34.002621,8212299.5,515.788092,IT=6.4;6.4 ,ii
13546,UP 1,14.788,94876,173419570.0,34.024805,5498690.5,525.7248635,IT=7.4;7.4 ,ii
13557,UP 1,16.818,91128,155321970.0,34.045048,5303981.5,525.7251072,IT=8.4;8.4 ,ii
13568,UP 1,16.688,93444,148521540.0,34.065371,4087027.5,611.3210735,IT=8.3;8.3 ,ii
13579,UP 1,17.253,94760,145380030.0,34.085702,6256138.5,611.3210544,IT=8.6;8.6 ,ii
13582,UP 1,16.189,91420,147729070.0,34.091358,7043987.5,611.3210737,IT=8.1;8.1 ,ii
13593,UP 1,16.640,91192,153324380.0,34.111558,8055098.0,611.3210369,IT=8.3;8.3 ,ii
13596,UP 1,16.386,92272,154146880.0,34.11721,8293458.5,611.3210777,IT=8.2;8.2 ,ii
13607,UP 1,17.211,93348,147490480.0,34.137498,7151964.0,611.3211289,IT=8.6;8.6 ,ii
13618,UP 1,19.295,97992,131260620.0,34.157418,4593543.5,611.3215387,IT=9.6;9.6 ,ii
13620,UP 1,18.652,93372,126317840.0,34.161277,4090800.0,397.5683018,IT=9.3;9.3 ,ii
13631,UP 1,20.920,101524,118399230.0,34.18161,3768403.0,397.5682275,IT=10;10 ,ii
13639,UP 1,21.436,101868,116649130.0,34.19851,3033596.2,397.5682849,IT=11;11 ,ii
13642,UP 1,21.410,103324,114442440.0,34.204243,2599480.2,397.568289,IT=11;11 ,ii
13653,UP 1,20.698,98312,117893170.0,34.224624,2615226.8,545.6031747,IT=10;10 ,ii
13664,UP 1,19.327,97488,128743620.0,34.244922,3679070.5,545.6031969,IT=9.7;9.7 ,ii
13675,UP 1,17.899,93028,146112910.0,34.26517,5373919.0,508.293499,IT=8.9;8.9 ,ii
13678,UP 1,16.811,89160,148191660.0,34.270797,6644137.5,508.2935426,IT=8.4;8.4 ,ii
13688,UP 1,15.164,88100,168665860.0,34.289265,10847649.0,508.2935064,IT=7.6;7.6 ,ii
13699,UP 1,13.271,81668,190944660.0,34.30879,15051321.0,508.2934167,IT=6.6;6.6 ,ii
13710,UP 1,12.476,81044,203723950.0,34.329003,15892219.0,508.2932385,IT=6.2;6.2 ,ii
13713,UP 1,12.498,81244,206241200.0,34.334575,15232529.0,508.2932945,IT=6.2;6.2 ,ii
13724,UP 1,13.123,84936,201937170.0,34.354842,11900081.0,508.2930504,IT=6.6;6.6 ,ii
13726,UP 1,13.330,85712,202025730.0,34.359634,11785037.0,917.464033,IT=6.7;6.7 ,ii
13734,UP 1,14.147,83060,190322240.0,34.374427,9894743.0,917.4638885,IT=7.1;7.1 ,ii
13743,UP 1,14.898,87396,170514160.0,34.391006,6922981.5,917.464281,IT=7.4;7.4 ,ii
13750,UP 1,15.819,89980,156334450.0,34.403965,5935363.5,546.2964791,IT=7.9;7.9 ,ii
13759,UP 1,17.842,92800,138200350.0,34.420594,4766889.5,546.2964493,IT=8.9;8.9 ,ii
13769,UP 1,18.469,99060,133144230.0,34.439108,3079632.8,546.2963751,IT=9.2;9.2 ,ii
13780,UP 1,21.745,98460,117254450.0,34.459477,2779475.5,444.2932588,IT=11;11 ,ii
13783,UP 1,20.903,97508,117158520.0,34.46521,2986779.2,444.2931029,IT=10;10 ,ii
13794,UP 1,22.300,100984,111969540.0,34.485604,2809088.0,444.2931595,IT=11;11 ,ii
13801,UP 1,21.024,104032,114075620.0,34.49862,2695876.5,444.29316,IT=11;11 ,ii
13807,UP 1,22.006,102936,112915330.0,34.509801,2343437.2,391.2843488,IT=11;11 ,ii
13814,UP 1,20.654,101012,117806640.0,34.523845,2265436.5,391.2843174,IT=10;10 ,ii
13825,UP 1,19.055,97776,128766730.0,34.544168,3134257.2,576.2854403,IT=9.5;9.5 ,ii
13833,UP 1,16.829,89960,138362340.0,34.558939,6215586.0,576.2853247,IT=8.4;8.4 ,ii
13841,UP 1,16.102,93100,157443500.0,34.573674,10726947.0,576.2852947,IT=8.1;8.1 ,ii
13848,UP 1,14.678,86676,171321420.0,34.586597,14197510.0,576.2852471,IT=7.3;7.3 ,ii
13854,UP 1,14.344,85196,179562530.0,34.599672,16935982.0,576.2852025,IT=7.2;7.2 ,ii
13865,UP 1,13.507,84568,183294110.0,34.619796,17483186.0,576.2851816,IT=6.8;6.8 ,ii
13870,UP 1,13.813,88724,178276370.0,34.629051,16167727.0,576.2852683,IT=6.9;6.9 ,ii
13879,UP 1,14.817,84628,166320500.0,34.645659,11833833.0,576.2853076,IT=7.4;7.4 ,ii
13889,UP 1,15.779,89132,161028640.0,34.663529,7047663.0,576.2850263,IT=7.9;7.9 ,ii
13900,UP 1,15.493,88920,160294820.0,34.683875,3759852.8,514.7909706,IT=7.7;7.7 ,ii
13911,UP 1,14.732,89008,166687200.0,34.704175,4780238.0,523.2878945,IT=7.4;7.4 ,ii
13922,UP 1,15.123,87812,165793890.0,34.72445,4810367.0,523.2880262,IT=7.6;7.6 ,ii
13933,UP 1,13.961,88172,165385630.0,34.744746,6111295.0,744.3549049,IT=7;7 ,ii
13943,UP 1,14.896,87016,165623870.0,34.763175,8978786.0,744.3547226,IT=7.4;7.4 ,ii
13953,UP 1,14.437,85404,164845780.0,34.783591,10294629.0,744.3551419,IT=7.2;7.2 ,ii
13963,UP 1,15.072,87124,164505870.0,34.801218,10011772.0,744.3551427,IT=7.5;7.5 ,ii
13974,UP 1,15.474,88688,155198400.0,34.821583,7163621.0,744.3550194,IT=7.7;7.7 ,ii
13977,UP 1,16.040,87012,151666240.0,34.827235,6558489.5,744.3549727,IT=8;8 ,ii
13988,UP 1,16.090,92420,152884590.0,34.847564,3797206.5,744.355077,IT=8;8 ,ii
13999,UP 1,17.002,91796,146238610.0,34.867862,2864254.0,565.8018436,IT=8.5;8.5 ,ii
14002,UP 1,16.658,95328,146984830.0,34.873499,3041944.0,565.8018771,IT=8.3;8.3 ,ii
14010,UP 1,17.132,92472,141100500.0,34.888253,2726668.0,565.801988,IT=8.6;8.6 ,ii
14021,UP 1,18.445,99352,140663420.0,34.907959,3081536.8,484.7641883,IT=9.2;9.2 ,ii
14032,UP 1,18.101,97772,138834740.0,34.92828,5657328.0,401.2396967,IT=9.1;9.1 ,ii
14043,UP 1,16.759,93704,142731620.0,34.949621,10660325.0,401.2398238,IT=8.4;8.4 ,ii
14045,UP 1,17.059,93100,145977810.0,34.95344,11777335.0,401.2398091,IT=8.5;8.5 ,ii
14056,UP 1,16.590,91120,151199520.0,34.973244,14730548.0,401.23995,IT=8.3;8.3 ,ii
14067,UP 1,15.648,91760,155157740.0,34.993196,14359200.0,401.2399574,IT=7.8;7.8 ,ii
14078,UP 1,14.796,85632,170568750.0,35.013506,12245467.0,401.2399881,IT=7.4;7.4 ,ii
14089,UP 1,12.785,84428,194917710.0,35.033712,22090656.0,472.7696177,IT=6.4;6.4 ,ii
14100,UP 1,10.665,75792,232435460.0,35.053946,44349084.0,472.7697034,IT=5.3;5.3 ,ii
14111,UP 1,8.562,66984,270241790.0,35.074077,67938704.0,472.7696371,IT=4.3;4.3 ,ii
14122,UP 1,7.889,61788,293055970.0,35.094289,84715800.0,472.7694942,IT=3.9;3.9 ,ii
14133,UP 1,7.916,61320,282056130.0,35.115452,82663064.0,472.7697723,IT=4;4 ,ii
14135,UP 1,8.147,60716,276796060.0,35.11912,79989416.0,472.7696083,IT=4.1;4.1 ,ii
14146,UP 1,9.565,69092,243494000.0,35.139268,63136784.0,472.7697067,IT=4.8;4.8 ,ii
14157,UP 1,11.106,80372,213493460.0,35.159124,42623800.0,472.7697686,IT=5.6;5.6 ,ii
14168,UP 1,13.184,85000,185963440.0,35.179405,24036752.0,472.7695968,IT=6.6;6.6 ,ii
14178,UP 1,14.377,89456,173233820.0,35.199811,12226054.0,472.7696756,IT=7.2;7.2 ,ii
14189,UP 1,15.056,83332,168861230.0,35.22009,11048065.0,565.314919,IT=7.5;7.5 ,ii
14192,UP 1,14.747,88960,166845090.0,35.225717,10838795.0,565.3148571,IT=7.4;7.4 ,ii
14203,UP 1,16.044,87916,155319820.0,35.245988,8488572.0,565.3151071,IT=8;8 ,ii
14214,UP 1,17.315,90300,143191390.0,35.266259,5774920.0,565.3152724,IT=8.7;8.7 ,ii
14217,UP 1,17.514,90072,140399140.0,35.271913,5230086.5,565.3152884,IT=8.8;8.8 ,ii
14223,UP 1,17.459,87508,136116720.0,35.283059,3895792.5,565.3155462,IT=8.7;8.7 ,ii
14228,UP 1,18.471,89176,138076610.0,35.292402,3517411.2,565.315668,IT=9.2;9.2 ,ii
14229,UP 1,19.776,93252,136635760.0,35.29649,3161319.5,565.3159603,IT=9.9;9.9 ,ii
14232,UP 1,18.715,92316,134706820.0,35.302163,2852670.2,565.316011,IT=9.4;9.4 ,ii
14236,UP 1,18.847,95804,136564700.0,35.309675,2593687.0,391.28433,IT=9.4;9.4 ,ii
14243,UP 1,19.393,92248,134287820.0,35.32265,2550315.0,541.7678699,IT=9.7;9.7 ,ii
14254,UP 1,20.103,94364,138040160.0,35.342996,3589626.2,854.4222997,IT=10;10 ,ii
14263,UP 1,19.759,94120,136237810.0,35.361687,4476718.5,854.4226011,IT=9.9;9.9 ,ii
14274,UP 1,19.805,93128,135199470.0,35.382027,4394423.5,854.4228631,IT=9.9;9.9 ,ii
14276,UP 1,20.209,94108,135195760.0,35.385896,4213307.5,854.4228243,IT=10;10 ,ii
14285,UP 1,19.558,92548,131976810.0,35.402568,3056391.5,854.422977,IT=9.8;9.8 ,ii
14290,UP 1,20.226,95668,133465590.0,35.411331,3208764.8,791.931719,IT=10;10 ,ii
14297,UP 1,19.005,91328,135855710.0,35.424124,4205201.0,791.931926,IT=9.5;9.5 ,ii
14304,UP 1,19.331,95684,137260050.0,35.437126,4729795.0,791.931745,IT=9.7;9.7 ,ii
14314,UP 1,17.952,88512,136952130.0,35.455628,4827571.0,791.9318726,IT=9;9 ,ii
14320,UP 1,18.395,92064,142693940.0,35.466851,4420531.5,473.9031857,IT=9.2;9.2 ,ii
14321,UP 1,19.343,94248,141798780.0,35.470762,4365501.0,473.9031846,IT=9.7;9.7 ,ii
14325,UP 1,17.658,89660,142559780.0,35.478237,4476610.5,473.9032629,IT=8.8;8.8 ,ii
14329,UP 1,18.194,91360,143300020.0,35.486024,4453668.5,509.9203472,IT=9.1;9.1 ,ii
14336,UP 1,17.627,86964,142991120.0,35.499191,5542242.5,509.9203024,IT=8.8;8.8 ,ii
14343,UP 1,17.446,84532,141179710.0,35.512143,6786913.0,509.9203393,IT=8.7;8.7 ,ii
14348,UP 1,17.503,89000,138421060.0,35.522476,6730746.0,509.920436,IT=8.8;8.8 ,ii
14356,UP 1,18.172,91672,136054580.0,35.537278,7046040.0,509.9204206,IT=9.1;9.1 ,ii
14363,UP 1,18.980,87972,129292300.0,35.550305,6054462.5,509.9203715,IT=9.5;9.5 ,ii
14369,UP 1,19.020,91416,129121810.0,35.561496,5376221.0,509.9202292,IT=9.5;9.5 ,ii
14370,UP 1,19.500,88652,128454660.0,35.565571,4939815.5,509.9204358,IT=9.8;9.8 ,ii
14379,UP 1,18.917,93212,129606620.0,35.582211,3772033.0,453.7379022,IT=9.5;9.5 ,ii
14390,UP 1,18.660,90740,135150540.0,35.602554,4765026.5,584.2901609,IT=9.3;9.3 ,ii
14393,UP 1,17.695,89660,140367790.0,35.608234,6119652.0,584.2900672,IT=8.8;8.8 ,ii
14404,UP 1,16.172,87720,156840930.0,35.628546,11096261.0,584.2901691,IT=8.1;8.1 ,ii
14406,UP 1,15.685,86184,163340370.0,35.632354,12330223.0,584.2901594,IT=7.8;7.8 ,ii
14417,UP 1,13.900,81924,178944860.0,35.652638,15640746.0,584.2900539,IT=7;7 ,ii
14428,UP 1,12.849,81180,189014210.0,35.672391,16376994.0,606.3414067,IT=6.4;6.4 ,ii
14439,UP 1,13.428,80220,178865920.0,35.693648,15834630.0,606.3414864,IT=6.7;6.7 ,ii
14441,UP 1,13.455,80356,178055840.0,35.697418,15625834.0,606.3416084,IT=6.7;6.7 ,ii
14452,UP 1,13.176,79496,172826800.0,35.717654,11269778.0,606.3415969,IT=6.6;6.6 ,ii
14463,UP 1,13.227,78028,184283860.0,35.737908,12763402.0,584.8095492,IT=6.6;6.6 ,ii
14474,UP 1,12.363,76508,194744060.0,35.758097,14145109.0,584.8093586,IT=6.2;6.2 ,ii
14485,UP 1,12.131,76984,199488560.0,35.778318,10803586.0,584.8094334,IT=6.1;6.1 ,ii
14496,UP 1,11.577,76992,218482180.0,35.797503,13851045.0,652.3610037,IT=5.8;5.8 ,ii
14501,UP 1,10.727,74232,228491630.0,35.806693,17455676.0,652.3609925,IT=5.4;5.4 ,ii
14507,UP 1,9.700,74212,249502270.0,35.817772,25932534.0,652.3607124,IT=4.9;4.9 ,ii
14513,UP 1,8.729,68500,267789330.0,35.830957,33275202.0,652.3608667,IT=4.4;4.4 ,ii
14521,UP 1,8.209,61612,293275390.0,35.845599,41889588.0,652.3605304,IT=4.1;4.1 ,ii
14527,UP 1,7.871,61136,307397540.0,35.85758,47621136.0,652.3607124,IT=3.9;3.9 ,ii
14538,UP 1,6.959,59172,337858560.0,35.877048,56177636.0,652.360624,IT=3.5;3.5 ,ii
14541,UP 1,7.315,59344,335116580.0,35.882517,54740044.0,652.360629,IT=3.7;3.7 ,ii
14552,UP 1,6.908,59292,349161250.0,35.902675,53250632.0,652.3606923,IT=3.5;3.5 ,ii
14563,UP 1,6.717,59276,348886270.0,35.922838,43710272.0,652.3605335,IT=3.4;3.4 ,ii
14574,UP 1,6.402,58132,367594660.0,35.943802,32100730.0,652.3606849,IT=3.2;3.2 ,ii
14585,UP 1,6.238,59432,397690080.0,35.963221,26502812.0,706.3990054,IT=3.1;3.1 ,ii
14596,UP 1,5.383,53580,436548380.0,35.983308,37418932.0,536.8058211,IT=2.7;2.7 ,ii
14599,UP 1,5.413,54568,443149730.0,35.988792,39838784.0,536.8057828,IT=2.7;2.7 ,ii
14610,UP 1,5.081,56008,448971420.0,36.008862,45428084.0,737.9228664,IT=2.5;2.5 ,ii
14621,UP 1,6.388,60968,399951390.0,36.03095,42100884.0,737.9229386,IT=3.2;3.2 ,ii
14632,UP 1,7.859,67184,329826940.0,36.050333,31574782.0,737.9231381,IT=3.9;3.9 ,ii
14643,UP 1,9.420,69536,267626210.0,36.070443,20175336.0,737.9231272,IT=4.7;4.7 ,ii
14654,UP 1,10.825,76452,235908350.0,36.090616,11469542.0,737.9228437,IT=5.4;5.4 ,ii
14665,UP 1,12.052,78336,221701200.0,36.112836,10174461.0,599.3281916,IT=6;6 ,ii
14676,UP 1,11.957,74848,214304460.0,36.132326,11221486.0,599.3280689,IT=6;6 ,ii
14687,UP 1,12.540,82124,207348110.0,36.152211,10647471.0,599.3279364,IT=6.3;6.3 ,ii
14698,UP 1,13.536,83140,195224690.0,36.172421,9652820.0,599.3280538,IT=6.8;6.8 ,ii
14707,UP 1,14.830,84688,182620380.0,36.190459,8347657.5,599.3282808,IT=7.4;7.4 ,ii
14713,UP 1,15.456,88632,176902030.0,36.200967,7436502.5,599.3282177,IT=7.7;7.7 ,ii
14724,UP 1,16.900,89292,159075310.0,36.221271,5697784.0,599.3282353,IT=8.5;8.5 ,ii
14735,UP 1,18.218,94132,146013570.0,36.241523,4095610.0,447.7400844,IT=9.1;9.1 ,ii
14746,UP 1,18.595,94012,139562160.0,36.261869,3763583.2,622.8177074,IT=9.3;9.3 ,ii
14754,UP 1,19.486,93032,135730770.0,36.276717,3297130.0,622.8178564,IT=9.7;9.7 ,ii
14757,UP 1,19.049,95912,140647440.0,36.282427,3528128.0,622.8178163,IT=9.5;9.5 ,ii
14765,UP 1,19.457,92560,136072960.0,36.297312,3480568.8,622.3314779,IT=9.7;9.7 ,ii
14774,UP 1,18.205,91192,139151070.0,36.313933,3707925.5,622.3312797,IT=9.1;9.1 ,ii
14783,UP 1,19.203,92252,140075730.0,36.3296,3881703.2,745.8807187,IT=9.6;9.6 ,ii
14794,UP 1,19.262,94736,142835060.0,36.349945,3267144.0,745.8803442,IT=9.6;9.6 ,ii
14803,UP 1,18.308,92392,143464690.0,36.368612,3976505.2,513.8015852,IT=9.2;9.2 ,ii
14806,UP 1,20.158,98420,147539820.0,36.37431,4163838.2,513.8015551,IT=10;10 ,ii
14817,UP 1,19.562,96468,150974910.0,36.394668,4928300.5,513.8014763,IT=9.8;9.8 ,ii
14828,UP 1,19.483,92716,146576180.0,36.414697,3963712.0,513.801439,IT=9.7;9.7 ,ii
14839,UP 1,20.916,102692,148468800.0,36.434947,2650590.0,513.8016049,IT=10;10 ,ii
14849,UP 1,19.489,98924,146882480.0,36.453499,3748454.0,668.3407688,IT=9.7;9.7 ,ii
14860,UP 1,20.781,96728,138140260.0,36.473855,3797246.0,668.3411011,IT=10;10 ,ii
14871,UP 1,20.488,103108,135256290.0,36.494228,3050754.0,668.3413395,IT=10;10 ,ii
14882,UP 1,22.068,97980,128039610.0,36.514625,2422196.0,415.2551624,IT=11;11 ,ii
14893,UP 1,22.609,99868,128510560.0,36.536096,3867629.0,415.2555304,IT=11;11 ,ii
14904,UP 1,22.907,100144,139082100.0,36.556496,4546456.5,415.2553758,IT=11;11 ,ii
14915,UP 1,22.995,103752,138153540.0,36.57695,3902598.2,415.2553981,IT=11;11 ,ii
14926,UP 1,23.681,101388,129941230.0,36.597352,3022394.8,556.3281632,IT=12;12 ,ii
14937,UP 1,23.315,102352,117079210.0,36.619754,2385517.0,391.2845051,IT=12;12 ,ii
14940,UP 1,24.324,105060,115710100.0,36.625539,2251041.2,391.284457,IT=12;12 ,ii
14951,UP 1,25.032,102184,109668940.0,36.645968,2370413.0,391.2846205,IT=13;13 ,ii
14954,UP 1,25.259,103380,106705620.0,36.651754,2335135.0,391.2846085,IT=13;13 ,ii
14965,UP 1,25.301,107948,108061550.0,36.672143,2312496.5,391.2844755,IT=13;13 ,ii
14967,UP 1,24.566,102940,107690200.0,36.678049,2549246.2,488.2852055,IT=12;12 ,ii
14977,UP 1,24.075,102768,108540750.0,36.696618,2750390.5,488.2851244,IT=12;12 ,ii
14987,UP 1,24.853,109056,113056380.0,36.715289,2379700.2,488.2852074,IT=12;12 ,ii
14998,UP 1,23.488,103628,118234520.0,36.735672,2528232.8,391.2844788,IT=12;12 ,ii
15008,UP 1,21.368,105732,132468490.0,36.75427,2973403.2,545.3012013,IT=11;11 ,ii
15014,UP 1,19.796,103128,138851100.0,36.767511,3749239.2,630.319464,IT=9.9;9.9 ,ii
15024,UP 1,17.676,96076,146354420.0,36.78599,5014484.5,630.3196714,IT=8.8;8.8 ,ii
15035,UP 1,17.913,92700,148605580.0,36.806213,5216414.5,630.31946,IT=9;9 ,ii
15046,UP 1,18.054,87404,145546460.0,36.826523,4647567.5,604.8069401,IT=9;9 ,ii
15057,UP 1,18.351,90104,138640210.0,36.846884,5433380.0,604.8067694,IT=9.2;9.2 ,ii
15064,UP 1,19.380,93208,133462880.0,36.859888,4781978.0,604.806721,IT=9.7;9.7 ,ii
15070,UP 1,20.362,97752,128983020.0,36.871046,3996212.8,604.8067688,IT=10;10 ,ii
15079,UP 1,22.699,95928,116877080.0,36.887779,2487434.8,604.807047,IT=11;11 ,ii
15089,UP 1,21.650,92648,110948830.0,36.906377,2261531.5,546.7887824,IT=11;11 ,ii
15092,UP 1,22.902,100752,113050370.0,36.912121,2593112.2,546.7886774,IT=11;11 ,ii
15095,UP 1,23.346,99320,111331220.0,36.917871,3053923.0,546.7886885,IT=12;12 ,ii
15104,UP 1,22.782,95452,111216910.0,36.934633,4123279.0,546.7885259,IT=11;11 ,ii
15115,UP 1,22.398,98272,117384760.0,36.95702,4411812.0,546.7887763,IT=11;11 ,ii
15126,UP 1,21.410,95780,125114440.0,36.977356,3324061.0,546.7886946,IT=11;11 ,ii
15134,UP 1,20.431,93872,129600700.0,36.992212,3117548.2,554.3248475,IT=10;10 ,ii
15145,UP 1,19.158,91020,134159800.0,37.012603,3889066.8,554.3248645,IT=9.6;9.6 ,ii
15148,UP 1,18.943,92272,140337390.0,37.020258,3869600.5,554.3249211,IT=9.5;9.5 ,ii
15159,UP 1,17.018,86784,144019600.0,37.040512,3261350.2,554.3248741,IT=8.5;8.5 ,ii
15170,UP 1,16.930,86504,156456930.0,37.060857,6251361.0,598.8201326,IT=8.5;8.5 ,ii
15181,UP 1,15.946,86944,166508380.0,37.081157,8675038.0,598.8199819,IT=8;8 ,ii
15184,UP 1,16.297,83516,165115100.0,37.086811,8898924.0,598.8199853,IT=8.1;8.1 ,ii
15195,UP 1,15.835,86768,165260340.0,37.106882,9252437.0,598.8200191,IT=7.9;7.9 ,ii
15206,UP 1,16.835,88784,154965100.0,37.126655,7048954.5,598.8201393,IT=8.4;8.4 ,ii
15215,UP 1,18.003,92136,152966130.0,37.143284,4870236.0,598.8200983,IT=9;9 ,ii
15221,UP 1,17.340,90204,148906670.0,37.154463,3454951.0,598.8198719,IT=8.7;8.7 ,ii
15230,UP 1,18.202,93480,150221040.0,37.171104,3977914.5,658.8228025,IT=9.1;9.1 ,ii
15241,UP 1,18.171,92300,144362540.0,37.193375,3929898.5,658.8230595,IT=9.1;9.1 ,ii
15243,UP 1,18.017,92992,143438290.0,37.197223,3832469.5,658.8231276,IT=9;9 ,ii
15251,UP 1,18.281,91812,140842700.0,37.212108,3502073.5,658.8231481,IT=9.1;9.1 ,ii
15259,UP 1,19.481,91700,135595310.0,37.227023,3116195.0,645.8445824,IT=9.7;9.7 ,ii
15265,UP 1,21.407,92372,127988590.0,37.238229,2856644.8,645.8445519,IT=11;11 ,ii
15270,UP 1,21.506,94040,126004680.0,37.247621,2555560.0,645.8446735,IT=11;11 ,ii
15275,UP 1,22.616,99532,122541510.0,37.257014,2603888.0,391.2843512,IT=11;11 ,ii
15283,UP 1,22.875,96936,115084340.0,37.271929,2391637.8,391.2843926,IT=11;11 ,ii
15289,UP 1,24.104,96180,111011790.0,37.283175,2439090.8,391.2843347,IT=12;12 ,ii
15290,UP 1,26.820,98564,110633600.0,37.287312,2415230.8,391.2844585,IT=13;13 ,ii
15293,UP 1,23.656,99380,111151460.0,37.293068,2296503.2,391.284417,IT=12;12 ,ii
15296,UP 1,24.212,98840,111178500.0,37.298868,2503698.0,391.2843696,IT=12;12 ,ii
15302,UP 1,24.418,99288,112518100.0,37.310122,3196514.5,515.3022158,IT=12;12 ,ii
15307,UP 1,22.661,93096,113360340.0,37.31956,4146417.2,515.301859,IT=11;11 ,ii
15311,UP 1,22.841,94276,117507260.0,37.327147,5040846.5,515.3016064,IT=11;11 ,ii
15312,UP 1,25.413,96424,115973660.0,37.331274,5324318.5,515.3014233,IT=13;13 ,ii
15318,UP 1,21.782,91164,119228110.0,37.342557,6381134.0,515.3012215,IT=11;11 ,ii
15324,UP 1,22.611,92996,122771140.0,37.354832,6951296.0,515.3013007,IT=11;11 ,ii
15330,UP 1,21.350,92204,125707370.0,37.366055,6845199.0,515.301165,IT=11;11 ,ii
15331,UP 1,24.065,100136,126861260.0,37.370014,6684747.0,515.3013202,IT=12;12 ,ii
15334,UP 1,21.985,89844,123722590.0,37.375755,6402394.0,515.3013365,IT=11;11 ,ii
15340,UP 1,22.584,97500,125698780.0,37.38699,5473508.0,515.3010934,IT=11;11 ,ii
15341,UP 1,23.598,97956,124246220.0,37.390922,5265382.0,515.3013414,IT=12;12 ,ii
15350,UP 1,22.752,94996,118149810.0,37.407678,3658852.2,515.3013424,IT=11;11 ,ii
15356,UP 1,22.746,97076,119575310.0,37.418649,2924003.5,515.3012479,IT=11;11 ,ii
15362,UP 1,23.221,96648,116067580.0,37.429923,2638156.8,461.2740946,IT=12;12 ,ii
15368,UP 1,23.485,92548,115730160.0,37.443198,2958892.8,461.2743206,IT=12;12 ,ii
15378,UP 1,22.106,91256,116632780.0,37.46174,2915896.2,550.3096412,IT=11;11 ,ii
15387,UP 1,21.722,91168,116895840.0,37.47845,3374500.8,550.3097915,IT=11;11 ,ii
15394,UP 1,21.212,91476,123037430.0,37.491534,3389063.5,550.3096291,IT=11;11 ,ii
15402,UP 1,20.875,91300,124137970.0,37.506425,3333081.2,672.8423069,IT=10;10 ,ii
15408,UP 1,19.634,87152,127543450.0,37.517592,4189167.8,672.8421935,IT=9.8;9.8 ,ii
15414,UP 1,18.721,84864,131866750.0,37.528827,5006239.5,672.8419423,IT=9.4;9.4 ,ii
15415,UP 1,18.812,87000,135046100.0,37.532892,5327138.5,672.8421209,IT=9.4;9.4 ,ii
15419,UP 1,17.656,86592,140421650.0,37.540379,6612613.0,571.3092886,IT=8.8;8.8 ,ii
15425,UP 1,17.112,80184,143321420.0,37.551829,8906414.0,571.3091954,IT=8.6;8.6 ,ii
15433,UP 1,16.337,79552,147360580.0,37.566652,11417964.0,571.3091876,IT=8.2;8.2 ,ii
15436,UP 1,16.363,82844,152647860.0,37.5723,12233873.0,571.3093462,IT=8.2;8.2 ,ii
15440,UP 1,16.248,80596,150269840.0,37.57976,12766928.0,571.3093846,IT=8.1;8.1 ,ii
15444,UP 1,16.822,78644,147173540.0,37.587243,13502044.0,571.3091164,IT=8.4;8.4 ,ii
15445,UP 1,17.707,81336,148977950.0,37.591316,13355658.0,571.3092996,IT=8.9;8.9 ,ii
15450,UP 1,17.390,83244,143978770.0,37.600612,12368601.0,571.3091626,IT=8.7;8.7 ,ii
15451,UP 1,18.662,84316,142952080.0,37.604529,12512743.0,571.3094078,IT=9.3;9.3 ,ii
15460,UP 1,17.994,80736,137771140.0,37.62117,10364339.0,571.3094108,IT=9;9 ,ii
15466,UP 1,17.878,83928,138597040.0,37.632303,9616851.0,473.2798885,IT=8.9;8.9 ,ii
15474,UP 1,17.229,83888,145138690.0,37.647139,15610414.0,473.2800083,IT=8.6;8.6 ,ii
15479,UP 1,16.873,81104,149266110.0,37.656441,19666716.0,473.2800082,IT=8.4;8.4 ,ii
15487,UP 1,15.720,73808,159971140.0,37.671243,26652932.0,473.2801558,IT=7.9;7.9 ,ii
15493,UP 1,14.442,72484,167696140.0,37.682341,31137968.0,473.2799831,IT=7.2;7.2 ,ii
15501,UP 1,13.259,72576,187796000.0,37.697043,37979828.0,473.2799788,IT=6.6;6.6 ,ii
15510,UP 1,12.249,68048,198822740.0,37.713632,42030992.0,473.2798877,IT=6.1;6.1 ,ii
15520,UP 1,12.122,71232,206632210.0,37.732063,39791864.0,473.2798234,IT=6.1;6.1 ,ii
15531,UP 1,12.553,74816,202551780.0,37.752353,33025418.0,473.2797159,IT=6.3;6.3 ,ii
15534,UP 1,12.620,70576,194655710.0,37.758961,29467018.0,473.2799269,IT=6.3;6.3 ,ii
15543,UP 1,13.981,76496,180276450.0,37.775575,20461802.0,473.279875,IT=7;7 ,ii
15551,UP 1,14.836,79324,168103890.0,37.790357,14175343.0,473.2797987,IT=7.4;7.4 ,ii
15560,UP 1,16.565,84088,154574750.0,37.806956,8500708.0,473.2797595,IT=8.3;8.3 ,ii
15563,UP 1,17.171,84032,152270260.0,37.812636,7389965.0,473.2799711,IT=8.6;8.6 ,ii
15574,UP 1,18.656,88372,140757890.0,37.833,3958388.8,596.3411397,IT=9.3;9.3 ,ii
15585,UP 1,18.625,89432,141299170.0,37.852996,3163260.0,582.3197091,IT=9.3;9.3 ,ii
15593,UP 1,17.779,86624,148528180.0,37.869808,5634432.5,582.3196958,IT=8.9;8.9 ,ii
15601,UP 1,16.713,84028,152430270.0,37.884443,7821153.5,582.3197669,IT=8.4;8.4 ,ii
15609,UP 1,16.162,86340,162198690.0,37.89851,9845673.0,582.3197839,IT=8.1;8.1 ,ii
15618,UP 1,15.907,85452,162419870.0,37.915068,10491180.0,582.3196527,IT=8;8 ,ii
15629,UP 1,16.353,86164,155493630.0,37.935379,8797155.0,582.3197987,IT=8.2;8.2 ,ii
15632,UP 1,16.029,81704,156240940.0,37.941006,8375399.0,582.3197592,IT=8;8 ,ii
15643,UP 1,17.145,87648,150588980.0,37.961341,5860266.0,582.3196859,IT=8.6;8.6 ,ii
15646,UP 1,17.109,88168,146695780.0,37.966987,4857246.5,582.3197392,IT=8.6;8.6 ,ii
15657,UP 1,20.215,92508,136471490.0,37.987355,4224212.0,476.2432058,IT=10;10 ,ii
15666,UP 1,19.603,94976,131763200.0,38.004047,3470077.8,476.2431357,IT=9.8;9.8 ,ii
15674,UP 1,20.231,93080,125746380.0,38.020915,2521704.2,677.3873765,IT=10;10 ,ii
15685,UP 1,20.116,91708,125347580.0,38.041292,2676210.5,677.3880297,IT=10;10 ,ii
15692,UP 1,20.663,92640,126129790.0,38.054326,2621446.2,525.9481406,IT=10;10 ,ii
15698,UP 1,19.939,94480,125741190.0,38.065544,2656901.2,525.9480803,IT=10;10 ,ii
15704,UP 1,20.157,89500,123262790.0,38.076759,2439526.0,525.9483185,IT=10;10 ,ii
15710,UP 1,21.667,94968,123287720.0,38.088044,2280957.2,391.2844104,IT=11;11 ,ii
15715,UP 1,20.737,92604,120956720.0,38.097446,2436354.8,391.2842067,IT=10;10 ,ii
15716,UP 1,22.330,96772,122083340.0,38.101375,2409030.5,391.2844107,IT=11;11 ,ii
15725,UP 1,20.734,91892,120430990.0,38.118083,2451008.2,783.8958548,IT=10;10 ,ii
15732,UP 1,22.320,96304,123166610.0,38.131173,2953147.0,783.8959343,IT=11;11 ,ii
15742,UP 1,21.678,95604,123862410.0,38.149733,3537503.0,783.8953717,IT=11;11 ,ii
15748,UP 1,21.510,93112,123977690.0,38.160952,3411062.0,783.894902,IT=11;11 ,ii
15749,UP 1,24.477,104084,125109470.0,38.164912,3265435.0,783.8948181,IT=12;12 ,ii
15758,UP 1,23.597,100380,122797560.0,38.181654,3139428.2,669.3652784,IT=12;12 ,ii
15765,UP 1,23.771,100776,121553100.0,38.195802,3499311.2,669.3654943,IT=12;12 ,ii
15773,UP 1,24.497,100912,121328700.0,38.210837,3304080.0,669.3654209,IT=12;12 ,ii
15781,UP 1,23.737,104460,129167560.0,38.225814,2856551.5,669.3654782,IT=12;12 ,ii
15791,UP 1,23.106,100348,133074490.0,38.244464,3588648.5,893.4172496,IT=12;12 ,ii
15802,UP 1,21.008,96980,135634020.0,38.264895,3723807.2,893.4172705,IT=11;11 ,ii
15813,UP 1,19.712,89804,132745840.0,38.28508,3611603.0,474.2824655,IT=9.9;9.9 ,ii
15820,UP 1,19.104,89336,137757630.0,38.297861,4249248.5,474.2824545,IT=9.6;9.6 ,ii
15827,UP 1,17.712,87700,137423600.0,38.310903,4673054.0,474.2822964,IT=8.9;8.9 ,ii
15832,UP 1,19.100,91416,137281310.0,38.320278,4394169.5,474.2821885,IT=9.6;9.6 ,ii
15833,UP 1,21.483,96176,136525680.0,38.32422,4468178.5,474.2822557,IT=11;11 ,ii
15840,UP 1,20.059,95256,133202650.0,38.337255,4444625.5,585.8464836,IT=10;10 ,ii
15846,UP 1,20.694,92308,124025040.0,38.349592,4175163.5,585.84657,IT=10;10 ,ii
15852,UP 1,20.616,92860,118517220.0,38.360809,3987203.8,585.8464768,IT=10;10 ,ii
15853,UP 1,22.786,94964,115667940.0,38.364917,3674990.2,585.8466002,IT=11;11 ,ii
15860,UP 1,21.697,93672,112327970.0,38.37794,4430905.5,559.7833564,IT=11;11 ,ii
15866,UP 1,23.685,98760,108867670.0,38.38923,4703689.5,559.7834347,IT=12;12 ,ii
15872,UP 1,22.889,90960,108832910.0,38.400798,4983000.5,559.7834103,IT=11;11 ,ii
15878,UP 1,21.945,94328,117142420.0,38.412036,7431368.0,477.3056821,IT=11;11 ,ii
15885,UP 1,18.250,86008,133594030.0,38.425359,15305139.0,477.3057134,IT=9.1;9.1 ,ii
15896,UP 1,13.414,75036,175592880.0,38.444865,33006682.0,477.3056626,IT=6.7;6.7 ,ii
15898,UP 1,12.748,74216,191290660.0,38.448627,39595652.0,477.3056006,IT=6.4;6.4 ,ii
15909,UP 1,9.035,61364,261079380.0,38.468781,68137032.0,477.305418,IT=4.5;4.5 ,ii
15911,UP 1,8.385,61700,279187650.0,38.472456,75627760.0,477.3052763,IT=4.2;4.2 ,ii
15922,UP 1,6.348,55468,344176830.0,38.492589,100568530.0,477.3053422,IT=3.2;3.2 ,ii
15933,UP 1,5.914,55724,384440190.0,38.512389,110085790.0,477.305122,IT=3;3 ,ii
15944,UP 1,6.079,56712,384358530.0,38.533487,94983016.0,477.305447,IT=3;3 ,ii
15955,UP 1,6.466,60244,355609860.0,38.553726,68854984.0,477.30536,IT=3.2;3.2 ,ii
15958,UP 1,6.909,60268,345102460.0,38.559231,60331168.0,477.3054843,IT=3.5;3.5 ,ii
15969,UP 1,7.685,65680,317351140.0,38.579378,36974936.0,477.3054019,IT=3.8;3.8 ,ii
15972,UP 1,7.934,63920,309623490.0,38.584905,32186986.0,477.3053594,IT=4;4 ,ii
15983,UP 1,9.117,68544,264873580.0,38.605099,24645972.0,765.9011542,IT=4.6;4.6 ,ii
15994,UP 1,12.012,76232,218145120.0,38.627124,17589072.0,765.9015799,IT=6;6 ,ii
16002,UP 1,12.979,82460,196653280.0,38.641807,11443653.0,765.9016004,IT=6.5;6.5 ,ii
16013,UP 1,14.254,84640,180613840.0,38.662092,7240030.5,477.3054548,IT=7.1;7.1 ,ii
16015,UP 1,14.194,85744,178585540.0,38.665892,6837589.0,477.3055258,IT=7.1;7.1 ,ii
16026,UP 1,13.587,81016,183650510.0,38.686182,6470413.5,654.6431951,IT=6.8;6.8 ,ii
16037,UP 1,13.166,84116,201372510.0,38.708432,7189522.0,607.3153635,IT=6.6;6.6 ,ii
16048,UP 1,13.512,82384,200150180.0,38.728729,8658559.0,607.3156206,IT=6.8;6.8 ,ii
16059,UP 1,15.071,84648,184675040.0,38.748963,7583099.5,607.3156485,IT=7.5;7.5 ,ii
16062,UP 1,14.643,84860,179846140.0,38.754617,7286353.0,607.3151375,IT=7.3;7.3 ,ii
16073,UP 1,16.591,91240,161603630.0,38.77501,4847882.5,607.3150249,IT=8.3;8.3 ,ii
16084,UP 1,19.808,95916,144013390.0,38.795312,3174148.2,477.3055,IT=9.9;9.9 ,ii
16095,UP 1,22.631,93772,128245990.0,38.815779,2782790.0,477.3056801,IT=11;11 ,ii
16098,UP 1,22.549,98748,128783660.0,38.821548,2671070.5,477.3056347,IT=11;11 ,ii
16109,UP 1,23.861,92968,119916830.0,38.841993,2441798.2,477.3056209,IT=12;12 ,ii
16120,UP 1,24.494,99164,118012240.0,38.864408,2458536.0,391.2843239,IT=12;12 ,ii
16122,UP 1,24.932,93892,113572890.0,38.86837,2424478.2,391.2843405,IT=12;12 ,ii
16131,UP 1,24.006,98240,112724220.0,38.885183,2808372.5,418.2376068,IT=12;12 ,ii
16136,UP 1,24.947,94524,108517410.0,38.894641,2755706.5,418.2375909,IT=12;12 ,ii
16142,UP 1,25.868,98144,105608710.0,38.90593,2600515.2,418.2376636,IT=13;13 ,ii
16148,UP 1,24.903,95404,102242820.0,38.917234,2652036.2,522.7979633,IT=12;12 ,ii
16153,UP 1,25.456,93164,99487672.0,38.926661,3608571.5,522.7978695,IT=13;13 ,ii
16154,UP 1,28.538,99748,99703416.0,38.930816,3946505.5,522.7980604,IT=14;14 ,ii
16159,UP 1,27.153,99564,98658816.0,38.940291,5171803.0,522.7980376,IT=14;14 ,ii
16165,UP 1,26.737,98940,98758696.0,38.951655,5933746.0,522.7980764,IT=13;13 ,ii
16171,UP 1,27.632,97336,97581912.0,38.963028,6351942.0,522.7979302,IT=14;14 ,ii
16172,UP 1,29.862,97052,93405272.0,38.967176,5961942.0,522.7979553,IT=15;15 ,ii
16178,UP 1,27.578,93856,95678464.0,38.978524,6059369.5,522.7979796,IT=14;14 ,ii
16179,UP 1,28.805,101640,99765288.0,38.982663,6061492.5,522.7979804,IT=14;14 ,ii
16186,UP 1,26.814,96940,102171870.0,38.995821,5235603.5,522.7980367,IT=13;13 ,ii
16192,UP 1,26.056,94428,103948470.0,39.00714,4129424.2,522.7979061,IT=13;13 ,ii
16201,UP 1,23.426,89000,113990830.0,39.024861,2824760.2,522.7979694,IT=12;12 ,ii
16208,UP 1,22.598,91328,120835520.0,39.037954,2979585.0,654.3175984,IT=11;11 ,ii
16216,UP 1,22.530,98640,127617980.0,39.052881,3263571.5,379.7498578,IT=11;11 ,ii
16223,UP 1,22.149,89396,126413490.0,39.066025,3251161.0,379.7498337,IT=11;11 ,ii
16229,UP 1,21.631,83004,120091020.0,39.077283,2976456.2,379.7497949,IT=11;11 ,ii
16235,UP 1,21.876,91864,122425670.0,39.088533,2784796.2,379.7497732,IT=11;11 ,ii
16240,UP 1,22.466,95484,123051220.0,39.099644,2513773.5,391.2842276,IT=11;11 ,ii
16246,UP 1,22.953,98376,121530780.0,39.110956,2473930.0,391.2842498,IT=11;11 ,ii
16247,UP 1,24.742,98472,120739430.0,39.114906,2522483.2,391.2843294,IT=12;12 ,ii
16254,UP 1,22.320,93604,120127370.0,39.127956,2521388.0,391.2843335,IT=11;11 ,ii
16260,UP 1,22.223,91976,119323450.0,39.139185,2544951.5,391.2842293,IT=11;11 ,ii
16261,UP 1,23.997,97240,122494460.0,39.143298,2465804.2,391.2842606,IT=12;12 ,ii
16268,UP 1,21.465,92044,127162690.0,39.156345,2837396.5,443.2744749,IT=11;11 ,ii
16276,UP 1,19.802,92112,131858810.0,39.171229,4157210.8,443.2744464,IT=9.9;9.9 ,ii
16285,UP 1,18.410,84988,136233870.0,39.187947,5086270.0,443.2742765,IT=9.2;9.2 ,ii
16292,UP 1,19.805,85596,136679700.0,39.20101,4746145.0,443.2743472,IT=9.9;9.9 ,ii
16297,UP 1,18.402,83640,135518940.0,39.21036,4246910.0,443.2742931,IT=9.2;9.2 ,ii
16303,UP 1,19.426,86724,138184560.0,39.221568,4453320.0,591.2977979,IT=9.7;9.7 ,ii
16304,UP 1,19.709,87148,137865340.0,39.225643,4556793.0,591.2979238,IT=9.9;9.9 ,ii
16309,UP 1,19.504,87740,133492590.0,39.235022,4337915.5,591.2977324,IT=9.8;9.8 ,ii
16310,UP 1,19.946,87700,136789170.0,39.239103,4328650.0,591.2978999,IT=10;10 ,ii
16313,UP 1,19.687,88816,132995030.0,39.244782,3953066.8,591.2978445,IT=9.8;9.8 ,ii
16318,UP 1,19.329,86696,131150300.0,39.25418,3707363.5,591.2978836,IT=9.7;9.7 ,ii
16323,UP 1,19.214,84696,131220280.0,39.265565,6645696.5,495.2929223,IT=9.6;9.6 ,ii
16324,UP 1,20.505,86612,136183060.0,39.269492,8291180.0,495.2929705,IT=10;10 ,ii
16327,UP 1,18.620,84368,135881380.0,39.275165,11020161.0,495.2929402,IT=9.3;9.3 ,ii
16330,UP 1,18.775,86316,139318300.0,39.280869,14682204.0,495.2928631,IT=9.4;9.4 ,ii
16331,UP 1,18.374,83004,146335380.0,39.28477,18265194.0,495.2931968,IT=9.2;9.2 ,ii
16338,UP 1,14.802,78124,168208850.0,39.297751,31425654.0,495.2932814,IT=7.4;7.4 ,ii
16347,UP 1,11.919,68580,206755950.0,39.314371,53953416.0,495.2929959,IT=6;6 ,ii
16354,UP 1,10.338,59956,228281980.0,39.327213,68888000.0,495.2929404,IT=5.2;5.2 ,ii
16360,UP 1,9.189,59404,259601730.0,39.338284,82329088.0,495.293037,IT=4.6;4.6 ,ii
16370,UP 1,8.100,52888,284557980.0,39.356679,91604832.0,495.2928601,IT=4;4 ,ii
16373,UP 1,8.394,55020,280679900.0,39.362192,87772544.0,495.2928598,IT=4.2;4.2 ,ii
16384,UP 1,8.827,58736,267747890.0,39.381927,73793776.0,495.292892,IT=4.4;4.4 ,ii
16395,UP 1,10.607,67044,235344560.0,39.402054,50061536.0,495.2930608,IT=5.3;5.3 ,ii
16406,UP 1,12.580,72616,209663950.0,39.422333,30735912.0,495.2929182,IT=6.3;6.3 ,ii
16417,UP 1,14.906,78232,173289940.0,39.443575,17340220.0,495.2929964,IT=7.5;7.5 ,ii
16428,UP 1,17.057,79284,149983810.0,39.463912,13728025.0,572.8148159,IT=8.5;8.5 ,ii
16431,UP 1,17.434,82636,145611680.0,39.469583,13692560.0,572.8148499,IT=8.7;8.7 ,ii
16442,UP 1,21.845,89748,120993100.0,39.489999,9676286.0,572.8151374,IT=11;11 ,ii
16448,UP 1,22.457,91448,111173680.0,39.501245,7403194.0,572.8151931,IT=11;11 ,ii
16454,UP 1,24.368,96248,105189200.0,39.51256,6736462.0,495.2930669,IT=12;12 ,ii
16458,UP 1,26.067,95008,100057090.0,39.522145,6130325.5,495.2933478,IT=13;13 ,ii
16463,UP 1,26.722,100932,99234872.0,39.531609,5666914.5,495.2933384,IT=13;13 ,ii
16468,UP 1,25.871,98220,99052912.0,39.54143,5150889.5,495.2932875,IT=13;13 ,ii
16474,UP 1,25.063,92676,103896890.0,39.552753,4957628.5,495.2932307,IT=13;13 ,ii
16483,UP 1,22.231,89992,118525580.0,39.569495,6592383.0,577.7910922,IT=11;11 ,ii
16494,UP 1,18.351,85976,140302510.0,39.589836,12262069.0,577.7909642,IT=9.2;9.2 ,ii
16505,UP 1,16.842,83004,151626350.0,39.610128,17008480.0,577.7908003,IT=8.4;8.4 ,ii
16516,UP 1,17.141,84544,154632540.0,39.630442,16933944.0,577.790836,IT=8.6;8.6 ,ii
16518,UP 1,16.807,79412,152484110.0,39.634257,16382437.0,577.7908804,IT=8.4;8.4 ,ii
16529,UP 1,19.580,90996,144175700.0,39.654588,12333081.0,577.7908732,IT=9.8;9.8 ,ii
16531,UP 1,19.449,87896,141018290.0,39.658448,11103794.0,577.790906,IT=9.7;9.7 ,ii
16542,UP 1,20.771,89712,134690900.0,39.678809,6980365.0,577.7908225,IT=10;10 ,ii
16553,UP 1,19.536,86460,135386660.0,39.700063,4192181.5,495.2944157,IT=9.8;9.8 ,ii
16564,UP 1,18.525,86720,139726350.0,39.720367,4166695.5,495.2943244,IT=9.3;9.3 ,ii
16575,UP 1,18.349,88652,142162740.0,39.740685,3658052.5,495.2944169,IT=9.2;9.2 ,ii
16586,UP 1,18.766,89900,142610610.0,39.761008,3080452.5,495.2942726,IT=9.4;9.4 ,ii
16596,UP 1,18.528,84220,136569420.0,39.779556,3116236.5,601.3349092,IT=9.3;9.3 ,ii
16603,UP 1,18.935,85120,134880270.0,39.792587,3470777.5,601.3349598,IT=9.5;9.5 ,ii
16608,UP 1,19.920,82548,129215350.0,39.802003,3316671.0,601.3349938,IT=10;10 ,ii
16614,UP 1,20.467,84996,125457320.0,39.813258,3108094.8,601.3349204,IT=10;10 ,ii
16619,UP 1,22.032,89136,119818840.0,39.822676,2766683.0,601.3349024,IT=11;11 ,ii
16623,UP 1,21.541,89912,118375100.0,39.830574,2811821.5,534.8069299,IT=11;11 ,ii
16624,UP 1,23.663,90108,116234220.0,39.834533,3123508.5,534.8069279,IT=12;12 ,ii
16627,UP 1,22.093,88184,114454400.0,39.840293,3199737.8,534.8067787,IT=11;11 ,ii
16630,UP 1,23.412,91688,114081130.0,39.847087,3449809.2,534.8069224,IT=12;12 ,ii
16639,UP 1,23.372,89260,111222090.0,39.863874,3815743.2,534.806833,IT=12;12 ,ii
16645,UP 1,24.192,95944,114160380.0,39.875163,3892118.2,534.8067569,IT=12;12 ,ii
16655,UP 1,22.062,89756,113829570.0,39.893732,3166563.8,534.8066865,IT=11;11 ,ii
16664,UP 1,22.424,91460,119851140.0,39.910478,3429629.0,580.3149248,IT=11;11 ,ii
16667,UP 1,20.792,87956,123215320.0,39.916174,4070624.8,580.3147727,IT=10;10 ,ii
16677,UP 1,18.738,88428,136855390.0,39.934749,5927942.0,580.3148336,IT=9.4;9.4 ,ii
16684,UP 1,17.331,84212,150330980.0,39.94773,8526778.0,621.8572268,IT=8.7;8.7 ,ii
16694,UP 1,14.465,80760,169802830.0,39.966159,14536312.0,621.8570954,IT=7.2;7.2 ,ii
16705,UP 1,12.769,72648,187879580.0,39.986454,19887334.0,621.8571246,IT=6.4;6.4 ,ii
16707,UP 1,12.294,69536,198208530.0,39.990206,21544272.0,621.8571382,IT=6.1;6.1 ,ii
16718,UP 1,11.736,71032,208549870.0,40.010381,20637506.0,621.8568447,IT=5.9;5.9 ,ii
16725,UP 1,12.038,70832,205512030.0,40.024337,18547218.0,492.7852729,IT=6;6 ,ii
16732,UP 1,12.339,70636,197882020.0,40.037302,21620294.0,492.7853959,IT=6.2;6.2 ,ii
16738,UP 1,12.829,72356,186180140.0,40.0484,22868632.0,492.7853121,IT=6.4;6.4 ,ii
16744,UP 1,13.372,75596,177372260.0,40.059514,22517904.0,492.7850859,IT=6.7;6.7 ,ii
16745,UP 1,14.886,74820,175077230.0,40.063406,22637046.0,492.7853634,IT=7.4;7.4 ,ii
16753,UP 1,15.961,77588,157671470.0,40.078258,19841286.0,492.7855857,IT=8;8 ,ii
16757,UP 1,16.617,80680,148134480.0,40.085727,17732176.0,492.7851731,IT=8.3;8.3 ,ii
16758,UP 1,18.427,80524,142184380.0,40.08981,16204501.0,492.7852802,IT=9.2;9.2 ,ii
16763,UP 1,18.766,84500,139538510.0,40.099181,13997077.0,492.7853073,IT=9.4;9.4 ,ii
16764,UP 1,20.479,87832,131398630.0,40.10327,12107843.0,492.7852814,IT=10;10 ,ii
16769,UP 1,20.183,83648,122876670.0,40.112633,9556089.0,492.7852014,IT=10;10 ,ii
16774,UP 1,21.790,88580,115166810.0,40.122416,7260073.5,492.7852741,IT=11;11 ,ii
16775,UP 1,25.165,96188,115660120.0,40.12656,6671348.0,492.7853669,IT=13;13 ,ii
16779,UP 1,22.651,92800,112063610.0,40.134145,4917455.0,492.7852988,IT=11;11 ,ii
16785,UP 1,24.786,92296,108861860.0,40.145453,3281149.2,492.7853706,IT=12;12 ,ii
16791,UP 1,25.313,93056,107425820.0,40.156739,3201867.5,640.367468,IT=13;13 ,ii
16796,UP 1,24.101,91452,106753620.0,40.166201,4092226.0,640.3674141,IT=12;12 ,ii
16801,UP 1,24.527,92480,109077880.0,40.175653,5281074.5,640.3674263,IT=12;12 ,ii
16807,UP 1,23.534,88980,110567370.0,40.18693,6291170.0,640.3675935,IT=12;12 ,ii
16812,UP 1,23.770,90440,114497510.0,40.196353,7240592.5,640.3676158,IT=12;12 ,ii
16817,UP 1,22.326,88592,118588960.0,40.20577,7592083.0,640.3673608,IT=11;11 ,ii
16818,UP 1,23.856,94920,120689900.0,40.20988,7567910.5,640.3675157,IT=12;12 ,ii
16827,UP 1,22.148,89932,121115980.0,40.226563,6996261.0,640.3673163,IT=11;11 ,ii
16835,UP 1,20.965,87952,124251300.0,40.241488,5923195.0,640.3673849,IT=10;10 ,ii
16841,UP 1,20.434,85164,126725220.0,40.25269,7313089.5,465.2948954,IT=10;10 ,ii
16842,UP 1,23.229,89448,126327780.0,40.256811,7567541.0,465.2949306,IT=12;12 ,ii
16845,UP 1,19.224,83300,131311350.0,40.262507,8967309.0,465.2950067,IT=9.6;9.6 ,ii
16851,UP 1,18.488,78552,136392910.0,40.272992,9941761.0,465.2948275,IT=9.2;9.2 ,ii
16855,UP 1,19.470,81260,137932140.0,40.280527,10343777.0,465.294986,IT=9.7;9.7 ,ii
16860,UP 1,17.875,82024,143382850.0,40.290234,10410578.0,465.2949063,IT=8.9;8.9 ,ii
16865,UP 1,17.932,79148,144136720.0,40.299952,10145614.0,465.2948581,IT=9;9 ,ii
16870,UP 1,18.143,79696,145715870.0,40.30929,9627316.0,507.8135276,IT=9.1;9.1 ,ii
16871,UP 1,18.587,80824,145370640.0,40.313356,9613631.0,507.8135813,IT=9.3;9.3 ,ii
16874,UP 1,17.361,77544,143580720.0,40.319008,10176949.0,507.8135579,IT=8.7;8.7 ,ii
16877,UP 1,18.043,81604,142635940.0,40.324696,10085423.0,507.8137016,IT=9;9 ,ii
16884,UP 1,19.449,85184,137506800.0,40.337729,9404472.0,507.8135045,IT=9.7;9.7 ,ii
16887,UP 1,18.773,80904,135543890.0,40.343423,8979569.0,507.8135078,IT=9.4;9.4 ,ii
16896,UP 1,20.010,90360,130287750.0,40.360141,6398891.0,507.8137413,IT=10;10 ,ii
16905,UP 1,20.551,85816,124436710.0,40.376866,4126593.0,507.8138325,IT=10;10 ,ii
16910,UP 1,19.024,83892,129871010.0,40.386271,3844167.8,493.3081579,IT=9.5;9.5 ,ii
16919,UP 1,17.732,85788,140859310.0,40.402941,4896177.0,493.3081228,IT=8.9;8.9 ,ii
16926,UP 1,16.264,79884,147672750.0,40.415916,5408341.0,493.308065,IT=8.1;8.1 ,ii
16934,UP 1,15.338,78056,150540540.0,40.430756,5601435.5,735.8836624,IT=7.7;7.7 ,ii
16941,UP 1,16.579,79100,146735020.0,40.444764,5709473.5,735.8836477,IT=8.3;8.3 ,ii
16951,UP 1,17.462,81220,142326210.0,40.463272,4510959.5,735.8839315,IT=8.7;8.7 ,ii
16960,UP 1,18.564,81296,132047390.0,40.47996,3449189.0,663.8534314,IT=9.3;9.3 ,ii
16968,UP 1,18.903,83364,132514540.0,40.494834,3968018.0,466.7766784,IT=9.5;9.5 ,ii
16978,UP 1,18.423,79500,131807700.0,40.512661,4909785.0,466.7766248,IT=9.2;9.2 ,ii
16982,UP 1,18.855,77520,134109620.0,40.520188,5147122.5,466.7765085,IT=9.4;9.4 ,ii
16983,UP 1,19.335,84504,139445010.0,40.524265,5773938.0,533.3250482,IT=9.7;9.7 ,ii
16990,UP 1,18.037,79820,137548160.0,40.537311,8001392.0,533.324644,IT=9;9 ,ii
16995,UP 1,18.801,84084,145450610.0,40.546663,9854446.0,533.3249532,IT=9.4;9.4 ,ii
17005,UP 1,18.536,79396,139923490.0,40.565213,10960495.0,533.3249323,IT=9.3;9.3 ,ii
17010,UP 1,17.894,80048,142243570.0,40.574553,11383905.0,533.325023,IT=8.9;8.9 ,ii
17016,UP 1,17.943,80592,140031760.0,40.585265,10919422.0,533.3251121,IT=9;9 ,ii
17026,UP 1,18.294,83684,135660340.0,40.603779,8596865.0,507.7449635,IT=9.1;9.1 ,ii
17037,UP 1,20.149,84724,133277520.0,40.624379,9327940.0,507.745143,IT=10;10 ,ii
17047,UP 1,19.539,83168,132723520.0,40.642781,9349170.0,507.7449089,IT=9.8;9.8 ,ii
17058,UP 1,18.718,83340,135374530.0,40.663146,9064388.0,507.7448192,IT=9.4;9.4 ,ii
17060,UP 1,18.485,83136,135948960.0,40.666987,9155738.0,507.7448536,IT=9.2;9.2 ,ii
17070,UP 1,17.746,81356,138188350.0,40.685529,9003022.0,467.2652113,IT=8.9;8.9 ,ii
17077,UP 1,17.418,80844,145694370.0,40.698481,9819449.0,467.2653951,IT=8.7;8.7 ,ii
17088,UP 1,18.041,78228,144580700.0,40.718885,9158842.0,467.2654028,IT=9;9 ,ii
17095,UP 1,17.482,76820,143210300.0,40.731895,8189983.5,467.2652824,IT=8.7;8.7 ,ii
17104,UP 1,17.254,80020,145578480.0,40.748537,7100258.5,467.265271,IT=8.6;8.6 ,ii
17110,UP 1,16.487,74848,148098340.0,40.759697,5972304.0,467.2652454,IT=8.2;8.2 ,ii
17111,UP 1,17.847,80364,152202210.0,40.763778,5797195.0,467.2650945,IT=8.9;8.9 ,ii
17116,UP 1,17.051,79004,153036460.0,40.772189,5841734.5,624.348401,IT=8.5;8.5 ,ii
17123,UP 1,16.717,77700,154507820.0,40.785168,8117739.0,624.348492,IT=8.4;8.4 ,ii
17128,UP 1,16.234,76900,152513820.0,40.794455,9060117.0,624.3484219,IT=8.1;8.1 ,ii
17133,UP 1,16.425,76072,156852430.0,40.804114,10130617.0,624.3483094,IT=8.2;8.2 ,ii
17134,UP 1,16.577,74328,153710480.0,40.80817,10465296.0,624.34836,IT=8.3;8.3 ,ii
17140,UP 1,16.801,78008,151535920.0,40.819288,10077312.0,624.348456,IT=8.4;8.4 ,ii
17144,UP 1,16.900,77492,149248960.0,40.827101,9538823.0,624.3483636,IT=8.4;8.4 ,ii
17148,UP 1,17.750,81280,144747810.0,40.83467,8753802.0,624.3482616,IT=8.9;8.9 ,ii
17149,UP 1,18.615,81084,143578660.0,40.838747,8432203.0,624.3483249,IT=9.3;9.3 ,ii
17152,UP 1,18.448,83060,140628960.0,40.844436,7347138.5,624.3483052,IT=9.2;9.2 ,ii
17159,UP 1,19.643,84844,131998760.0,40.857509,5158710.5,367.7260686,IT=9.8;9.8 ,ii
17165,UP 1,19.683,85084,131624720.0,40.868732,4104073.8,367.7260275,IT=9.8;9.8 ,ii
17166,UP 1,21.095,85712,126013790.0,40.872826,4024253.0,663.8532375,IT=11;11 ,ii
17171,UP 1,19.488,80204,126025540.0,40.88218,4072465.0,663.8533075,IT=9.7;9.7 ,ii
17178,UP 1,20.847,84980,126183350.0,40.895215,5048194.0,703.8624499,IT=10;10 ,ii
17184,UP 1,19.051,82916,128025870.0,40.906446,6223365.5,703.8625008,IT=9.5;9.5 ,ii
17188,UP 1,19.725,86748,131694620.0,40.914327,7398058.5,703.862584,IT=9.9;9.9 ,ii
17194,UP 1,19.793,83316,134375920.0,40.92554,8756132.0,703.8623914,IT=9.9;9.9 ,ii
17200,UP 1,18.228,82796,137282530.0,40.937748,9545947.0,703.8625858,IT=9.1;9.1 ,ii
17201,UP 1,20.207,83532,134914910.0,40.941844,8959912.0,703.8625159,IT=10;10 ,ii
17211,UP 1,18.401,82024,135642640.0,40.960392,7746781.5,703.8626633,IT=9.2;9.2 ,ii
17218,UP 1,19.120,81052,136353680.0,40.9734,6548979.5,703.8627126,IT=9.6;9.6 ,ii
17223,UP 1,18.844,84820,142999680.0,40.982733,5761770.0,703.8627411,IT=9.4;9.4 ,ii
17230,UP 1,17.408,77768,150581220.0,40.995764,5700199.5,594.8279139,IT=8.7;8.7 ,ii
17241,UP 1,16.527,74208,160540690.0,41.016112,8319313.0,894.4681422,IT=8.3;8.3 ,ii
17249,UP 1,15.119,72984,173208190.0,41.03081,11013663.0,894.4680088,IT=7.6;7.6 ,ii
17258,UP 1,15.284,70860,175715260.0,41.04742,12325056.0,894.4680945,IT=7.6;7.6 ,ii
17261,UP 1,14.838,71596,173206420.0,41.053052,12531065.0,894.4682383,IT=7.4;7.4 ,ii
17270,UP 1,15.643,73020,168603860.0,41.069653,11500354.0,894.468054,IT=7.8;7.8 ,ii
17277,UP 1,15.803,75364,161798290.0,41.082647,9340221.0,894.4679425,IT=7.9;7.9 ,ii
17283,UP 1,16.750,76048,151404000.0,41.09383,7682770.0,894.4679944,IT=8.4;8.4 ,ii
17289,UP 1,18.253,78548,142834830.0,41.106037,6118523.5,710.3784292,IT=9.1;9.1 ,ii
17294,UP 1,18.370,78516,136266260.0,41.115347,5694269.5,710.3785266,IT=9.2;9.2 ,ii
17301,UP 1,20.296,80508,124360160.0,41.128409,4264803.5,710.3787167,IT=10;10 ,ii
17308,UP 1,21.252,81988,115657410.0,41.141442,3214804.8,710.3786858,IT=11;11 ,ii
17313,UP 1,21.665,86120,113896500.0,41.150859,2815312.0,894.4681867,IT=11;11 ,ii
17318,UP 1,22.339,88800,112307260.0,41.160251,2393268.2,894.4682929,IT=11;11 ,ii
17319,UP 1,24.543,90668,111326580.0,41.164369,2316413.2,391.284443,IT=12;12 ,ii
17325,UP 1,24.489,91952,109513060.0,41.175657,2457242.2,408.7528767,IT=12;12 ,ii
17330,UP 1,22.802,84256,105321660.0,41.185403,2878432.2,408.7528767,IT=11;11 ,ii
17335,UP 1,23.007,87076,105905240.0,41.194857,3089146.5,408.7527673,IT=12;12 ,ii
17336,UP 1,25.798,88544,105685520.0,41.198988,3202961.8,408.752813,IT=13;13 ,ii
17344,UP 1,24.970,91292,105394690.0,41.213975,3208508.5,408.7528252,IT=12;12 ,ii
17350,UP 1,25.842,90424,105047660.0,41.225309,2901099.5,408.7528296,IT=13;13 ,ii
17355,UP 1,25.474,88376,102083190.0,41.234788,2331422.5,391.2844421,IT=13;13 ,ii
17360,UP 1,26.817,91880,106047320.0,41.243502,2466141.2,391.2842944,IT=13;13 ,ii
17361,UP 1,27.439,96740,109936970.0,41.247448,2681954.2,748.3872446,IT=14;14 ,ii
17366,UP 1,26.897,91072,107017080.0,41.256923,2779587.8,748.3869184,IT=13;13 ,ii
17371,UP 1,25.339,93060,110032900.0,41.267456,2769610.5,748.3871106,IT=13;13 ,ii
17377,UP 1,25.580,90676,110346960.0,41.278769,2888895.8,663.8859104,IT=13;13 ,ii
17378,UP 1,27.139,94896,109593270.0,41.282898,2934172.8,663.8859612,IT=14;14 ,ii
17384,UP 1,25.639,90928,110593780.0,41.294164,3160748.0,415.2685566,IT=13;13 ,ii
17390,UP 1,27.057,90424,102351860.0,41.305554,3694516.5,415.2686515,IT=14;14 ,ii
17396,UP 1,26.996,94548,101727050.0,41.316862,4164877.5,415.2686156,IT=13;13 ,ii
17400,UP 1,28.797,95972,99624104.0,41.324889,4418743.5,415.2686165,IT=14;14 ,ii
17401,UP 1,30.024,94540,97074560.0,41.328856,4367052.5,415.2686622,IT=15;15 ,ii
17404,UP 1,28.299,96544,97556808.0,41.334725,4460277.0,415.2687043,IT=14;14 ,ii
17409,UP 1,30.117,94548,91766968.0,41.344289,3974821.2,415.2687325,IT=15;15 ,ii
17415,UP 1,31.988,95560,87770072.0,41.35566,3577067.8,415.2688111,IT=16;16 ,ii
17420,UP 1,31.975,99884,89940256.0,41.365545,3162024.0,415.2687029,IT=16;16 ,ii
17424,UP 1,31.434,96756,87051192.0,41.373278,2524936.8,415.2686827,IT=16;16 ,ii
17425,UP 1,34.461,103156,87558592.0,41.377464,2350975.0,415.2687736,IT=17;17 ,ii
17432,UP 1,31.633,97776,86918792.0,41.390691,2323273.2,391.2845329,IT=16;16 ,ii
17436,UP 1,31.500,94460,87925152.0,41.398451,2343468.2,460.7584423,IT=16;16 ,ii
17437,UP 1,32.109,98612,87362328.0,41.402414,2687274.0,460.7585234,IT=16;16 ,ii
17442,UP 1,30.640,93584,88220528.0,41.411955,3710570.2,460.7584362,IT=15;15 ,ii
17447,UP 1,29.310,94884,91093528.0,41.421472,4952768.5,460.7583488,IT=15;15 ,ii
17451,UP 1,27.910,91484,93220480.0,41.43022,6300159.5,460.7585235,IT=14;14 ,ii
17457,UP 1,25.831,82768,93746440.0,41.441522,7443488.5,460.7584793,IT=13;13 ,ii
17458,UP 1,27.288,84160,95336144.0,41.445484,7924968.0,460.7585897,IT=14;14 ,ii
17464,UP 1,24.885,84016,102303430.0,41.456767,8974224.0,460.7584794,IT=12;12 ,ii
17469,UP 1,24.466,82736,105579040.0,41.466574,9206476.0,460.7585289,IT=12;12 ,ii
17475,UP 1,22.452,81712,106639440.0,41.477809,8679306.0,460.7584677,IT=11;11 ,ii
17481,UP 1,22.217,81500,111562000.0,41.489069,8012272.0,460.7581409,IT=11;11 ,ii
17482,UP 1,23.116,83428,112496860.0,41.492999,7864633.5,460.7582938,IT=12;12 ,ii
17486,UP 1,22.783,84864,112764580.0,41.500594,6742914.0,460.7582767,IT=11;11 ,ii
17487,UP 1,25.012,84364,107904090.0,41.504548,6198634.0,460.7583332,IT=13;13 ,ii
17490,UP 1,22.834,87884,111652400.0,41.512313,5524494.0,460.7583771,IT=11;11 ,ii
17501,UP 1,25.989,93900,102300160.0,41.5328,3302167.2,460.7585296,IT=13;13 ,ii
17506,UP 1,26.341,93228,99359064.0,41.542273,2432436.5,460.7584892,IT=13;13 ,ii
17511,UP 1,28.236,97620,97460128.0,41.551792,2396103.8,391.2845105,IT=14;14 ,ii
17516,UP 1,29.104,95468,93528704.0,41.561333,2363199.0,391.2843039,IT=15;15 ,ii
17517,UP 1,29.635,94900,89629720.0,41.565467,2284821.8,391.2845151,IT=15;15 ,ii
17524,UP 1,31.081,97016,86901208.0,41.578685,2304667.0,391.2845515,IT=16;16 ,ii
17532,UP 1,32.283,97432,84817392.0,41.593808,2459064.5,391.2843543,IT=16;16 ,ii
17538,UP 1,33.809,103092,85744440.0,41.605196,2310767.8,391.2844857,IT=17;17 ,ii
17543,UP 1,33.543,96092,83393152.0,41.614794,2386619.2,541.2885106,IT=17;17 ,ii
17544,UP 1,33.984,97732,84838120.0,41.618943,2590313.5,541.2886619,IT=17;17 ,ii
17550,UP 1,32.807,99356,86326000.0,41.630391,3311373.5,541.2884562,IT=16;16 ,ii
17551,UP 1,33.188,99660,86231488.0,41.634533,3563380.0,541.2886046,IT=17;17 ,ii
17558,UP 1,30.968,96000,88489936.0,41.647754,4083849.8,541.2885931,IT=15;15 ,ii
17563,UP 1,29.534,93308,91524800.0,41.657275,4377138.0,541.2885955,IT=15;15 ,ii
17569,UP 1,28.788,93272,94849216.0,41.668079,4538308.5,541.2886299,IT=14;14 ,ii
17575,UP 1,26.966,90060,95970056.0,41.67941,3921228.0,541.2883914,IT=13;13 ,ii
17583,UP 1,28.154,88600,97767152.0,41.696451,3927346.2,543.2800169,IT=14;14 ,ii
17589,UP 1,25.184,90592,100718500.0,41.707787,4161479.0,543.2799698,IT=13;13 ,ii
17590,UP 1,29.363,94884,101829030.0,41.711789,3899472.2,543.2801257,IT=15;15 ,ii
17598,UP 1,26.599,92020,101259490.0,41.726759,3440323.8,543.2802111,IT=13;13 ,ii
17604,UP 1,26.782,94208,104251970.0,41.738122,3129029.2,543.2801226,IT=13;13 ,ii
17605,UP 1,28.076,91364,102069180.0,41.742255,2802474.0,682.8578206,IT=14;14 ,ii
17608,UP 1,25.316,91068,104627410.0,41.748093,2793915.8,682.8577417,IT=13;13 ,ii
17613,UP 1,24.926,86984,106064390.0,41.75758,2923856.0,682.857465,IT=12;12 ,ii
17619,UP 1,23.161,86488,116591550.0,41.770874,4843511.0,635.3283232,IT=12;12 ,ii
17624,UP 1,21.160,80936,123470420.0,41.78028,7100802.5,635.3282296,IT=11;11 ,ii
17635,UP 1,17.252,76340,145383390.0,41.800586,13855118.0,635.328358,IT=8.6;8.6 ,ii
17644,UP 1,15.731,73152,161280770.0,41.817276,18710786.0,635.3280567,IT=7.9;7.9 ,ii
17655,UP 1,14.707,70620,164199940.0,41.83763,21536034.0,635.3279904,IT=7.4;7.4 ,ii
17662,UP 1,15.260,71980,161847090.0,41.850575,20548176.0,635.3281968,IT=7.6;7.6 ,ii
17668,UP 1,16.506,74076,151060880.0,41.861817,17787356.0,635.3281448,IT=8.3;8.3 ,ii
17673,UP 1,17.088,74076,143537100.0,41.871154,15754454.0,635.3282862,IT=8.5;8.5 ,ii
17678,UP 1,17.901,77140,135480450.0,41.880492,12871229.0,635.3281559,IT=9;9 ,ii
17683,UP 1,19.823,78092,126501500.0,41.889858,10163248.0,635.3282038,IT=9.9;9.9 ,ii
17688,UP 1,20.274,81664,122371760.0,41.899223,8250453.5,635.328222,IT=10;10 ,ii
17694,UP 1,21.704,82608,114449550.0,41.910535,5837804.0,635.3282752,IT=11;11 ,ii
17699,UP 1,21.909,83864,109209710.0,41.919962,4501660.0,635.3283032,IT=11;11 ,ii
17703,UP 1,22.371,78208,104606370.0,41.929506,3575590.2,635.3283621,IT=11;11 ,ii
17706,UP 1,23.125,83324,105215300.0,41.93526,3194523.8,635.3282416,IT=12;12 ,ii
17707,UP 1,24.904,85432,104071470.0,41.939385,2909035.2,635.3284597,IT=12;12 ,ii
17712,UP 1,24.080,87624,105148670.0,41.948812,2616188.8,609.3430762,IT=12;12 ,ii
17713,UP 1,25.863,84836,102444040.0,41.952768,2551196.2,710.3783554,IT=13;13 ,ii
17720,UP 1,24.366,84644,103181310.0,41.965883,2520656.2,391.28433,IT=12;12 ,ii
17725,UP 1,23.839,86032,102723540.0,41.975304,2750250.5,851.4102243,IT=12;12 ,ii
17731,UP 1,24.104,82372,102498790.0,41.986579,3022536.8,851.4104652,IT=12;12 ,ii
17738,UP 1,24.447,83276,100975820.0,41.999679,2884678.0,851.4105261,IT=12;12 ,ii
17745,UP 1,26.151,86492,96928232.0,42.01288,2655813.0,851.4103341,IT=13;13 ,ii
17750,UP 1,26.316,88976,98591824.0,42.022335,2492790.8,391.2844008,IT=13;13 ,ii
17756,UP 1,25.201,79692,93889288.0,42.03367,3314313.2,589.8194971,IT=13;13 ,ii
17757,UP 1,26.594,83908,96489648.0,42.03762,4108283.5,589.8197139,IT=13;13 ,ii
17760,UP 1,24.576,82084,99263336.0,42.043422,5344522.0,589.8196546,IT=12;12 ,ii
17764,UP 1,24.740,81328,100056290.0,42.051057,7483226.0,589.8196445,IT=12;12 ,ii
17765,UP 1,24.550,83296,103720330.0,42.055149,8840403.0,589.819864,IT=12;12 ,ii
17769,UP 1,23.460,77908,108468480.0,42.062745,11874916.0,589.8196433,IT=12;12 ,ii
17770,UP 1,22.863,79536,111836740.0,42.066826,13421043.0,589.8198605,IT=11;11 ,ii
17775,UP 1,19.789,68192,115040730.0,42.076199,16632429.0,589.8197567,IT=9.9;9.9 ,ii
17780,UP 1,17.926,74632,133625770.0,42.085876,21368826.0,589.8196167,IT=9;9 ,ii
17781,UP 1,19.163,74020,134298030.0,42.089961,22312214.0,589.8197789,IT=9.6;9.6 ,ii
17785,UP 1,16.102,66952,144003600.0,42.097428,25493472.0,589.8199325,IT=8.1;8.1 ,ii
17791,UP 1,15.834,66088,155937120.0,42.108505,27220740.0,589.8198437,IT=7.9;7.9 ,ii
17792,UP 1,16.115,66660,158715700.0,42.112396,28028514.0,589.8199202,IT=8.1;8.1 ,ii
17796,UP 1,14.463,62664,162450880.0,42.11983,27600708.0,589.8197703,IT=7.2;7.2 ,ii
17801,UP 1,14.645,64764,162116990.0,42.129136,25174090.0,589.8197422,IT=7.3;7.3 ,ii
17808,UP 1,14.756,68844,167781900.0,42.142109,23009964.0,589.819676,IT=7.4;7.4 ,ii
17814,UP 1,15.419,70828,162799410.0,42.153265,18852842.0,589.8195524,IT=7.7;7.7 ,ii
17821,UP 1,16.354,69776,148161220.0,42.16624,14224494.0,757.3973688,IT=8.2;8.2 ,ii
17826,UP 1,17.673,75228,139528030.0,42.175611,12094812.0,757.3974151,IT=8.8;8.8 ,ii
17832,UP 1,18.396,73836,134263680.0,42.186806,9903577.0,757.3972353,IT=9.2;9.2 ,ii
17838,UP 1,18.600,77976,136322670.0,42.197996,9752481.0,714.3462284,IT=9.3;9.3 ,ii
17839,UP 1,20.189,81824,138192340.0,42.201919,11139278.0,714.3461864,IT=10;10 ,ii
17847,UP 1,17.614,75796,144496290.0,42.216756,16838674.0,714.3460472,IT=8.8;8.8 ,ii
17858,UP 1,15.961,70156,159258900.0,42.236964,25259156.0,714.3462709,IT=8;8 ,ii
17868,UP 1,14.752,67276,170846960.0,42.254998,30454564.0,714.3460165,IT=7.4;7.4 ,ii
17874,UP 1,13.945,67712,176348930.0,42.267081,32769736.0,714.3462543,IT=7;7 ,ii
17875,UP 1,14.465,67840,177489890.0,42.271118,32150366.0,714.3462686,IT=7.2;7.2 ,ii
17878,UP 1,13.600,63884,172317950.0,42.276731,32030032.0,714.346288,IT=6.8;6.8 ,ii
17882,UP 1,14.031,65852,171221540.0,42.284179,30700420.0,714.3462984,IT=7;7 ,ii
17886,UP 1,14.490,66812,166974000.0,42.291993,29373362.0,714.3461681,IT=7.2;7.2 ,ii
17893,UP 1,15.741,70660,156796960.0,42.304947,25768256.0,714.3462222,IT=7.9;7.9 ,ii
17898,UP 1,16.294,68268,153308190.0,42.314303,24104804.0,714.3461773,IT=8.1;8.1 ,ii
17899,UP 1,17.389,74056,150032930.0,42.318372,22543494.0,714.3464497,IT=8.7;8.7 ,ii
17902,UP 1,17.383,71440,143012130.0,42.324007,21199134.0,714.3464923,IT=8.7;8.7 ,ii
17908,UP 1,18.423,72776,134421980.0,42.335137,17359138.0,714.3462106,IT=9.2;9.2 ,ii
17909,UP 1,19.551,77320,134388740.0,42.339218,16245725.0,714.3465508,IT=9.8;9.8 ,ii
17914,UP 1,19.559,73324,130999660.0,42.348609,14267760.0,714.346439,IT=9.8;9.8 ,ii
17920,UP 1,19.974,76060,129432070.0,42.359641,12580937.0,714.3463723,IT=10;10 ,ii
17921,UP 1,20.656,80240,127985350.0,42.363559,11753326.0,714.3464982,IT=10;10 ,ii
17926,UP 1,19.494,74128,125271080.0,42.372936,10364805.0,714.3465269,IT=9.7;9.7 ,ii
17931,UP 1,21.160,76648,118605130.0,42.382359,8789311.0,714.3460191,IT=11;11 ,ii
17932,UP 1,20.862,77644,123957710.0,42.38643,8910165.0,714.3464006,IT=10;10 ,ii
17936,UP 1,21.224,77260,118602490.0,42.393982,7915700.5,714.3463193,IT=11;11 ,ii
17937,UP 1,22.603,80696,118267130.0,42.398078,7655391.0,714.3464384,IT=11;11 ,ii
17943,UP 1,22.651,78120,112177630.0,42.409361,6603908.5,714.3464259,IT=11;11 ,ii
17944,UP 1,24.002,78360,111310520.0,42.413467,6324765.0,714.3465147,IT=12;12 ,ii
17947,UP 1,23.593,82920,110739870.0,42.41924,6077363.0,714.3463739,IT=12;12 ,ii
17950,UP 1,23.595,79344,106675820.0,42.426005,5544101.5,714.3464367,IT=12;12 ,ii
17953,UP 1,23.081,79908,104889860.0,42.431751,5336190.5,714.3465635,IT=12;12 ,ii
17958,UP 1,24.417,80248,104469520.0,42.441521,4941058.5,714.3463393,IT=12;12 ,ii
17959,UP 1,25.298,82572,103899420.0,42.44563,4678291.0,714.3464376,IT=13;13 ,ii
17960,UP 1,24.876,83920,105088380.0,42.449721,4737975.5,714.3465393,IT=12;12 ,ii
17964,UP 1,24.297,80264,101660270.0,42.457323,4215540.0,714.3464046,IT=12;12 ,ii
17965,UP 1,26.051,82164,101508700.0,42.461448,4188713.2,714.3464676,IT=13;13 ,ii
17969,UP 1,24.691,82180,101202340.0,42.469069,3884370.2,714.3463223,IT=12;12 ,ii
17970,UP 1,25.729,80032,98498232.0,42.473186,3701119.0,714.3466676,IT=13;13 ,ii
17973,UP 1,25.708,80204,100384680.0,42.479007,3543187.0,714.3465409,IT=13;13 ,ii
17977,UP 1,26.953,84788,99932456.0,42.486688,3450664.8,714.3466526,IT=13;13 ,ii
17983,UP 1,25.673,83568,97999808.0,42.498015,3214582.8,714.3466901,IT=13;13 ,ii
17988,UP 1,26.466,77872,93556016.0,42.507829,2817260.5,714.3464662,IT=13;13 ,ii
17992,UP 1,28.111,82864,90892768.0,42.515875,2658076.0,714.3466995,IT=14;14 ,ii
17997,UP 1,28.745,83800,89099512.0,42.5254,2429050.5,714.3466443,IT=14;14 ,ii
18001,UP 1,29.541,86372,85735272.0,42.533102,2426315.8,714.3464079,IT=15;15 ,ii
18002,UP 1,31.338,85700,85107320.0,42.537267,2326026.5,714.3465932,IT=16;16 ,ii
18005,UP 1,30.768,87112,85245064.0,42.543175,2281906.8,391.2842703,IT=15;15 ,ii
18006,UP 1,33.243,90324,85083832.0,42.547346,2435292.2,391.2843966,IT=17;17 ,ii
18011,UP 1,33.227,89348,83034608.0,42.556994,2236112.2,391.2844909,IT=17;17 ,ii
18015,UP 1,31.152,86184,84668248.0,42.565056,2381178.5,391.2843816,IT=16;16 ,ii
18022,UP 1,31.325,90852,86831600.0,42.578345,2671091.0,703.8578765,IT=16;16 ,ii
18029,UP 1,29.688,84580,92626200.0,42.591604,3659982.8,703.8578389,IT=15;15 ,ii
18035,UP 1,27.410,87884,99740264.0,42.603924,4414812.5,703.8581162,IT=14;14 ,ii
18040,UP 1,25.905,82924,99723360.0,42.613399,4465021.5,703.8579695,IT=13;13 ,ii
18041,UP 1,26.435,87460,104515160.0,42.61751,4515332.0,703.8579361,IT=13;13 ,ii
18046,UP 1,25.463,81468,102560970.0,42.627014,4253742.0,703.8578664,IT=13;13 ,ii
18052,UP 1,25.671,87232,103272570.0,42.638343,3707557.2,703.8578691,IT=13;13 ,ii
18053,UP 1,27.947,86708,102790680.0,42.64248,3623169.5,703.8580392,IT=14;14 ,ii
18058,UP 1,26.928,85832,99215368.0,42.651989,3648958.5,643.8648622,IT=13;13 ,ii
18061,UP 1,27.139,84508,97141168.0,42.658132,3726362.2,643.8646802,IT=14;14 ,ii
18062,UP 1,29.216,88700,96178440.0,42.662109,3612178.8,643.864916,IT=15;15 ,ii
18068,UP 1,29.361,91760,94187928.0,42.673453,3305340.2,643.8647139,IT=15;15 ,ii
18069,UP 1,30.969,87964,92128960.0,42.67743,3139128.2,643.8649789,IT=15;15 ,ii
18073,UP 1,30.955,90180,87557360.0,42.685143,2659169.2,643.8649829,IT=15;15 ,ii
18074,UP 1,30.543,89608,87261040.0,42.689103,2438491.0,643.8651007,IT=15;15 ,ii
18080,UP 1,32.742,94864,87080520.0,42.700549,2423473.0,391.284346,IT=16;16 ,ii
18081,UP 1,34.062,95912,84493784.0,42.704536,2276541.2,391.2844773,IT=17;17 ,ii
18087,UP 1,31.897,95592,86572480.0,42.715959,2307320.8,391.2844859,IT=16;16 ,ii
18088,UP 1,32.958,92812,85282672.0,42.719932,2311308.0,391.2845691,IT=16;16 ,ii
18091,UP 1,31.480,95372,88035424.0,42.725819,2436062.8,391.2844355,IT=16;16 ,ii
18097,UP 1,32.572,99104,88594440.0,42.737211,2260331.5,391.2844075,IT=16;16 ,ii
18103,UP 1,29.525,95144,90230072.0,42.748623,2258025.0,391.2843599,IT=15;15 ,ii
18108,UP 1,27.656,89856,90924768.0,42.758161,2495070.8,391.2842017,IT=14;14 ,ii
18116,UP 1,28.822,92776,93798856.0,42.774244,2613924.5,572.321612,IT=14;14 ,ii
18122,UP 1,28.390,86984,94548952.0,42.785579,3340871.0,572.321589,IT=14;14 ,ii
18127,UP 1,28.560,91372,94672184.0,42.795446,3871992.8,572.3217461,IT=14;14 ,ii
18134,UP 1,28.928,91236,95432240.0,42.808981,4496517.5,572.3218921,IT=14;14 ,ii
18142,UP 1,28.576,90340,94006016.0,42.823996,4211985.0,572.3218813,IT=14;14 ,ii
18148,UP 1,28.228,90204,94632232.0,42.835335,3927042.8,572.3217593,IT=14;14 ,ii
18155,UP 1,29.908,92244,95101616.0,42.848652,3057454.2,572.3217778,IT=15;15 ,ii
18160,UP 1,28.465,90984,98625320.0,42.860185,2350147.8,391.2844901,IT=14;14 ,ii
18165,UP 1,27.665,92112,101814800.0,42.869723,2440146.5,391.2843453,IT=14;14 ,ii
18170,UP 1,26.376,93300,105092870.0,42.879239,2396265.2,391.2843129,IT=13;13 ,ii
18171,UP 1,28.166,94392,106279400.0,42.88337,2394889.8,391.2843777,IT=14;14 ,ii
18177,UP 1,25.611,93820,114135870.0,42.894737,2526706.2,391.2843159,IT=13;13 ,ii
18186,UP 1,22.888,87280,118663500.0,42.911535,3863552.8,818.9498717,IT=11;11 ,ii
18195,UP 1,21.154,82576,123905080.0,42.928328,6495997.5,818.9498943,IT=11;11 ,ii
18206,UP 1,18.923,78392,132992040.0,42.948628,9654678.0,818.9497802,IT=9.5;9.5 ,ii
18208,UP 1,19.228,82968,135717660.0,42.952485,10185630.0,818.9499151,IT=9.6;9.6 ,ii
18217,UP 1,18.991,77968,133240220.0,42.96917,10721162.0,818.9498552,IT=9.5;9.5 ,ii
18226,UP 1,18.596,78368,133286230.0,42.985884,10297003.0,818.949968,IT=9.3;9.3 ,ii
18236,UP 1,18.989,76228,127112700.0,43.004422,8171807.0,818.9496965,IT=9.5;9.5 ,ii
18239,UP 1,19.935,77656,125045140.0,43.011486,7178060.5,818.9500658,IT=10;10 ,ii
18248,UP 1,20.967,80740,119353220.0,43.028276,4693699.5,818.9498244,IT=10;10 ,ii
18254,UP 1,19.850,76416,118425800.0,43.039509,4575604.5,699.3987555,IT=9.9;9.9 ,ii
18255,UP 1,22.465,80892,120844640.0,43.043632,4945392.5,699.3990339,IT=11;11 ,ii
18259,UP 1,20.620,80076,121714440.0,43.051169,5083824.5,699.3989038,IT=10;10 ,ii
18260,UP 1,22.094,78896,119412780.0,43.055267,4984550.5,699.3989351,IT=11;11 ,ii
18264,UP 1,19.380,78300,125348920.0,43.062796,5089362.5,699.3988387,IT=9.7;9.7 ,ii
18270,UP 1,19.728,79888,130475740.0,43.074025,5371951.0,528.2745291,IT=9.9;9.9 ,ii
18276,UP 1,18.593,77704,132460510.0,43.085252,7196634.5,528.2746964,IT=9.3;9.3 ,ii
18284,UP 1,17.078,75896,141659150.0,43.100073,9838380.0,528.2746088,IT=8.5;8.5 ,ii
18292,UP 1,16.993,76844,146898910.0,43.114952,11073017.0,528.2746532,IT=8.5;8.5 ,ii
18300,UP 1,17.211,73980,143723900.0,43.129788,10665843.0,528.2746076,IT=8.6;8.6 ,ii
18308,UP 1,18.665,72296,135658900.0,43.144671,9411217.0,528.2746501,IT=9.3;9.3 ,ii
18314,UP 1,18.719,74836,127826860.0,43.155864,7073736.0,528.2745947,IT=9.4;9.4 ,ii
18319,UP 1,20.945,78976,119659680.0,43.165217,5651199.5,528.2746631,IT=10;10 ,ii
18324,UP 1,21.695,82840,114513610.0,43.174598,4473322.0,528.2746496,IT=11;11 ,ii
18325,UP 1,24.313,87232,110563140.0,43.178714,3853168.0,528.2747733,IT=12;12 ,ii
18330,UP 1,23.369,82776,106175980.0,43.188445,3104785.8,675.357511,IT=12;12 ,ii
18331,UP 1,25.840,86372,102565930.0,43.192577,2877426.8,675.3577775,IT=13;13 ,ii
18337,UP 1,26.407,91716,99957152.0,43.20391,2390589.2,675.3576629,IT=13;13 ,ii
18341,UP 1,26.797,87400,95504456.0,43.211847,2555715.8,391.2842865,IT=13;13 ,ii
18342,UP 1,28.437,91344,95349424.0,43.215995,2385117.5,391.2844749,IT=14;14 ,ii
18348,UP 1,28.250,86660,91939520.0,43.227343,2477318.8,391.284345,IT=14;14 ,ii
18349,UP 1,28.384,85672,91368288.0,43.23146,2403515.2,391.2844346,IT=14;14 ,ii
18355,UP 1,28.579,88800,90182728.0,43.242824,2600509.8,479.3108393,IT=14;14 ,ii
18361,UP 1,27.807,85972,90638208.0,43.254222,3502719.8,479.310716,IT=14;14 ,ii
18362,UP 1,29.741,91176,91169672.0,43.258195,3769552.0,479.310826,IT=15;15 ,ii
18366,UP 1,28.644,86136,90765368.0,43.265876,4302157.5,479.3108502,IT=14;14 ,ii
18373,UP 1,26.893,82612,92252248.0,43.278626,5032855.0,479.3108841,IT=13;13 ,ii
18378,UP 1,28.396,89916,95228040.0,43.28812,5020443.5,479.3107966,IT=14;14 ,ii
18379,UP 1,28.779,84888,93518296.0,43.292241,5088232.5,479.3107862,IT=14;14 ,ii
18382,UP 1,26.914,84808,95715520.0,43.298076,5160468.0,479.3107863,IT=13;13 ,ii
18383,UP 1,28.686,89144,95727720.0,43.302047,4938799.5,479.3109012,IT=14;14 ,ii
18388,UP 1,28.065,82876,93965176.0,43.311616,4695473.0,479.3109151,IT=14;14 ,ii
18389,UP 1,29.044,88652,94020216.0,43.315743,4409296.0,479.3109238,IT=15;15 ,ii
18392,UP 1,27.736,84648,92297360.0,43.321576,4028488.5,479.3108117,IT=14;14 ,ii
18399,UP 1,28.840,84792,92666488.0,43.334736,3243731.5,479.3109347,IT=14;14 ,ii
18405,UP 1,28.901,88084,90992952.0,43.346126,2560920.2,479.3107682,IT=14;14 ,ii
18406,UP 1,29.588,87792,92193008.0,43.350255,2317540.0,391.2843919,IT=15;15 ,ii
18410,UP 1,30.636,91192,90075384.0,43.358276,2471869.0,391.2842996,IT=15;15 ,ii
18411,UP 1,30.059,90088,89919592.0,43.362394,2444152.5,391.2844198,IT=15;15 ,ii
18414,UP 1,28.820,86764,92258248.0,43.368238,2587556.2,391.2843596,IT=14;14 ,ii
18419,UP 1,29.618,91900,90238680.0,43.37779,2480573.8,391.2842828,IT=15;15 ,ii
18420,UP 1,31.067,91272,89818272.0,43.381938,2345833.5,391.2843602,IT=16;16 ,ii
18426,UP 1,30.492,90596,89430176.0,43.393365,2266324.5,391.2843429,IT=15;15 ,ii
18427,UP 1,31.537,94000,91517016.0,43.397334,2409329.5,391.2844385,IT=16;16 ,ii
18433,UP 1,30.829,90044,87574616.0,43.408715,2383872.2,391.284371,IT=15;15 ,ii
18437,UP 1,32.767,94276,85929952.0,43.416488,2300330.5,391.2843015,IT=16;16 ,ii
18438,UP 1,34.767,93032,84631256.0,43.420656,2308021.5,391.2844622,IT=17;17 ,ii
18442,UP 1,34.715,94536,84546536.0,43.428721,2361044.2,391.2842653,IT=17;17 ,ii
18443,UP 1,35.322,94872,82934104.0,43.432877,2296281.5,391.2844143,IT=18;18 ,ii
18446,UP 1,34.116,94924,82264016.0,43.438792,2404424.0,391.2843137,IT=17;17 ,ii
18451,UP 1,34.771,97792,81638488.0,43.448408,2424544.2,391.2842393,IT=17;17 ,ii
18452,UP 1,35.470,97332,79169544.0,43.452569,2376060.0,522.8012907,IT=18;18 ,ii
18455,UP 1,35.993,94764,78295192.0,43.45856,2504161.2,522.8011213,IT=18;18 ,ii
18460,UP 1,34.948,91724,77271472.0,43.468179,2642562.8,522.8011172,IT=17;17 ,ii
18463,UP 1,35.490,98548,77900240.0,43.474483,2715199.2,522.8010291,IT=18;18 ,ii
18464,UP 1,34.001,91540,78208968.0,43.478444,2693832.5,522.8011266,IT=17;17 ,ii
18468,UP 1,34.581,91740,75909672.0,43.486221,2478280.8,522.8007641,IT=17;17 ,ii
18469,UP 1,35.309,94864,79925576.0,43.490381,2482125.8,391.2843838,IT=18;18 ,ii
18472,UP 1,35.101,97108,79167664.0,43.496656,2244347.2,391.2843021,IT=18;18 ,ii
18473,UP 1,34.088,92684,79840984.0,43.500793,2300224.8,391.2844131,IT=17;17 ,ii
18476,UP 1,32.314,92280,83551600.0,43.506708,2433867.2,391.2843225,IT=16;16 ,ii
18477,UP 1,32.416,88740,81735368.0,43.510837,2433023.8,391.2844133,IT=16;16 ,ii
18481,UP 1,31.899,91720,82021872.0,43.51856,2394060.2,521.7592219000001,IT=16;16 ,ii
18487,UP 1,31.475,89352,83702400.0,43.529974,2434592.2,521.7590132,IT=16;16 ,ii
18492,UP 1,31.496,91384,83685160.0,43.539537,2463607.8,391.2843781,IT=16;16 ,ii
18495,UP 1,32.827,91288,81408368.0,43.545445,2305334.2,391.2842596,IT=16;16 ,ii
18496,UP 1,33.182,93596,82184104.0,43.549589,2341250.2,391.284306,IT=17;17 ,ii
18499,UP 1,32.685,95252,82957456.0,43.55556,2433448.5,391.2844061,IT=16;16 ,ii
18504,UP 1,32.732,94768,81540704.0,43.565141,2391012.0,391.2844153,IT=16;16 ,ii
18509,UP 1,34.306,91272,79802944.0,43.574774,2391475.0,391.2842635,IT=17;17 ,ii
18510,UP 1,35.311,94308,78461304.0,43.578772,2284683.8,391.2844261,IT=18;18 ,ii
18514,UP 1,36.049,98892,81618440.0,43.586878,2360187.5,391.2844388,IT=18;18 ,ii
18515,UP 1,35.329,92960,77524072.0,43.591024,2422325.5,391.2845098,IT=18;18 ,ii
18519,UP 1,35.477,93804,78885536.0,43.599128,2389458.2,391.2844631,IT=18;18 ,ii
18520,UP 1,33.769,94864,79819560.0,43.603255,2334799.0,391.2844289,IT=17;17 ,ii
18525,UP 1,35.236,97884,80597536.0,43.613214,2313463.5,391.2844392,IT=18;18 ,ii
18526,UP 1,35.726,95580,80741584.0,43.617201,2417594.8,391.2844819,IT=18;18 ,ii
18535,UP 1,32.688,97124,83835008.0,43.634205,2425500.8,391.2844343,IT=16;16 ,ii
18541,UP 1,31.777,91952,86030440.0,43.64559,2237006.0,391.2844355,IT=16;16 ,ii
18542,UP 1,33.879,96392,88458624.0,43.649761,2380434.5,391.2845281,IT=17;17 ,ii
18545,UP 1,31.172,91604,89066160.0,43.655674,2559105.2,648.8808714,IT=16;16 ,ii
18550,UP 1,29.132,89728,92612232.0,43.665261,3344576.0,648.8809005,IT=15;15 ,ii
18555,UP 1,30.216,90852,91561152.0,43.675115,3761483.5,648.8807948,IT=15;15 ,ii
18556,UP 1,31.505,96652,92530520.0,43.679265,4069885.2,648.8810189,IT=16;16 ,ii
18561,UP 1,27.997,87244,96659760.0,43.688769,4411612.0,648.8808071,IT=14;14 ,ii
18566,UP 1,28.412,95452,98319360.0,43.698307,4287658.5,648.8808126,IT=14;14 ,ii
18573,UP 1,26.659,89604,99449456.0,43.711798,3746275.8,648.8807079,IT=13;13 ,ii
18579,UP 1,26.457,86896,101918060.0,43.723131,2966388.5,648.8807616,IT=13;13 ,ii
18580,UP 1,25.209,88700,103944060.0,43.727215,2993380.5,635.3283555,IT=13;13 ,ii
18585,UP 1,24.345,86968,105632040.0,43.736679,3922456.5,635.3283604,IT=12;12 ,ii
18589,UP 1,23.354,86136,106350680.0,43.744652,4593392.5,635.3283439,IT=12;12 ,ii
18597,UP 1,23.010,83696,110765140.0,43.759542,6015385.5,600.3417322,IT=12;12 ,ii
18603,UP 1,22.393,79616,109640590.0,43.77081,6945565.0,600.3417836,IT=11;11 ,ii
18609,UP 1,21.942,78008,109499110.0,43.782046,7451923.5,600.3417983,IT=11;11 ,ii
18614,UP 1,22.187,80032,109417910.0,43.791446,7979886.0,600.341656,IT=11;11 ,ii
18620,UP 1,22.540,83896,107753430.0,43.802656,7534492.0,600.3417481,IT=11;11 ,ii
18629,UP 1,23.996,78400,101736310.0,43.819739,5890418.0,600.341667,IT=12;12 ,ii
18636,UP 1,25.178,79468,97231056.0,43.832906,5210403.5,628.8470226,IT=13;13 ,ii
18641,UP 1,26.566,81056,91683920.0,43.842425,5317813.5,628.8470087,IT=13;13 ,ii
18646,UP 1,28.222,83100,88526504.0,43.85292,5165537.5,628.8472081,IT=14;14 ,ii
18652,UP 1,30.502,88000,85942840.0,43.864347,4804117.5,628.8469716,IT=15;15 ,ii
18657,UP 1,32.186,88960,83280240.0,43.873939,4076949.5,628.8470473,IT=16;16 ,ii
18658,UP 1,35.332,89116,79660824.0,43.877955,3868747.8,628.8470685,IT=18;18 ,ii
18663,UP 1,33.381,90280,79750168.0,43.887539,3362178.8,628.8468779,IT=17;17 ,ii
18664,UP 1,35.413,92676,77586192.0,43.891712,2801618.8,628.8471049,IT=18;18 ,ii
18668,UP 1,36.885,94128,76700104.0,43.899516,2446195.8,628.8471186,IT=18;18 ,ii
18673,UP 1,37.316,94284,76055112.0,43.90922,2298155.0,391.2843099,IT=19;19 ,ii
18674,UP 1,38.584,92580,74291600.0,43.913401,2414611.8,391.2844766,IT=19;19 ,ii
18678,UP 1,36.649,95124,75270376.0,43.921251,2253618.8,391.2844259,IT=18;18 ,ii
18686,UP 1,37.993,95152,74810184.0,43.936782,2229622.0,391.2844917,IT=19;19 ,ii
18691,UP 1,34.752,90256,77781464.0,43.946409,2356399.5,391.2843571,IT=17;17 ,ii
18692,UP 1,35.046,93196,79401032.0,43.950563,2340117.8,391.2845825,IT=18;18 ,ii
18697,UP 1,33.034,89964,81679928.0,43.960167,2200494.5,391.2845399,IT=17;17 ,ii
18703,UP 1,31.918,88040,85116936.0,43.971559,2326645.8,391.2844068,IT=16;16 ,ii
18704,UP 1,32.654,92428,86845664.0,43.975705,2295845.5,391.2844803,IT=16;16 ,ii
18709,UP 1,29.098,88460,88076856.0,43.985261,2342300.2,391.2843896,IT=15;15 ,ii
18715,UP 1,29.248,85620,89801176.0,43.996671,2319843.0,627.3125724,IT=15;15 ,ii
18716,UP 1,29.407,86664,91382048.0,44.000623,2422339.0,391.2842955,IT=15;15 ,ii
18722,UP 1,29.518,82792,87258880.0,44.012046,2317792.5,844.4553492,IT=15;15 ,ii
18723,UP 1,30.707,88720,86898336.0,44.016186,2368723.2,391.2843248,IT=15;15 ,ii
18724,UP 1,30.337,90136,87216144.0,44.020307,2323001.5,391.2843306,IT=15;15 ,ii
18726,UP 1,29.056,84472,85833616.0,44.024582,2441679.0,391.2842887,IT=15;15 ,ii
18727,UP 1,31.792,90080,82987568.0,44.028754,2323675.8,391.2843453,IT=16;16 ,ii
18731,UP 1,32.817,95648,83031728.0,44.036509,2444316.5,391.2843337,IT=16;16 ,ii
18732,UP 1,33.883,89680,80800176.0,44.040661,2394759.5,391.2843536,IT=17;17 ,ii
18733,UP 1,34.885,92132,77598576.0,44.044819,2314671.0,391.2843781,IT=17;17 ,ii
18735,UP 1,34.557,93240,76124168.0,44.04935,2301610.2,391.2843315,IT=17;17 ,ii
18736,UP 1,36.508,92972,73516000.0,44.053529,2297537.8,391.2844049,IT=18;18 ,ii
18742,UP 1,37.735,95996,70518376.0,44.065058,2242751.2,391.2843698,IT=19;19 ,ii
18743,UP 1,38.327,97940,71333208.0,44.069233,2368256.2,391.2844619,IT=19;19 ,ii
18747,UP 1,42.215,99304,68169040.0,44.077423,2324249.2,391.2844096,IT=21;21 ,ii
18748,UP 1,40.282,94844,67580856.0,44.081394,2235236.5,391.2843975,IT=20;20 ,ii
18749,UP 1,40.505,96296,66883220.0,44.085573,2244398.8,391.2844549,IT=20;20 ,ii
18752,UP 1,41.962,100260,66840692.0,44.091664,2196425.2,391.2843902,IT=21;21 ,ii
18753,UP 1,41.774,95540,64564528.0,44.095842,2147804.2,391.2845858,IT=21;21 ,ii
18758,UP 1,45.495,98392,63834556.0,44.105646,2122622.5,391.2844077,IT=23;23 ,ii
18759,UP 1,42.594,97312,64660832.0,44.109773,2273800.0,391.2844647,IT=21;21 ,ii
18762,UP 1,44.463,98052,64563560.0,44.11591,2130893.2,391.2844051,IT=22;22 ,ii
18763,UP 1,45.490,97968,64646952.0,44.120127,2284936.5,391.2844053,IT=23;23 ,ii
18764,UP 1,43.340,97408,65190372.0,44.124091,2263734.8,391.284539,IT=22;22 ,ii
18770,UP 1,44.493,98388,64457972.0,44.13572,2188241.2,391.2846067,IT=22;22 ,ii
18775,UP 1,45.735,99932,63670524.0,44.145583,2236165.2,391.2844455,IT=23;23 ,ii
18776,UP 1,44.925,97432,62589940.0,44.149581,2128433.5,391.2845375,IT=22;22 ,ii
18780,UP 1,43.964,100588,63777340.0,44.157526,2243157.8,391.284511,IT=22;22 ,ii
18781,UP 1,45.467,97848,64164384.0,44.161562,2154761.0,391.2846215,IT=23;23 ,ii
18786,UP 1,46.704,104280,64318896.0,44.171376,2141390.8,391.2845468,IT=23;23 ,ii
18787,UP 1,45.854,103252,65919888.0,44.175537,2236773.0,391.2844942,IT=23;23 ,ii
18788,UP 1,43.439,96988,66139080.0,44.179674,2143631.2,391.2845058,IT=22;22 ,ii
18794,UP 1,42.991,97692,69141184.0,44.191235,2185779.8,391.2845077,IT=21;21 ,ii
18800,UP 1,39.092,96508,75126704.0,44.20282,2392045.8,391.2844352,IT=20;20 ,ii
18805,UP 1,36.953,96764,78689760.0,44.212453,3143628.0,895.9506375,IT=18;18 ,ii
18812,UP 1,33.156,91260,88512688.0,44.225724,4688585.0,895.9507934,IT=17;17 ,ii
18818,UP 1,28.850,85840,100104700.0,44.237097,7172114.0,895.950864,IT=14;14 ,ii
18824,UP 1,24.748,82520,111755410.0,44.248388,9811975.0,895.950539,IT=12;12 ,ii
18825,UP 1,24.376,78564,115454970.0,44.252476,10010382.0,895.9504482,IT=12;12 ,ii
18835,UP 1,19.245,75948,140567470.0,44.273038,16113911.0,895.9505523,IT=9.6;9.6 ,ii
18843,UP 1,16.794,65448,153367570.0,44.28788,19554462.0,895.9504857,IT=8.4;8.4 ,ii
18848,UP 1,16.926,68728,159639740.0,44.297232,21104428.0,895.9502884,IT=8.5;8.5 ,ii
18849,UP 1,16.500,68240,160294110.0,44.301282,21724842.0,895.9503917,IT=8.2;8.2 ,ii
18853,UP 1,15.763,65380,162407170.0,44.308765,20683890.0,895.9502148,IT=7.9;7.9 ,ii
18854,UP 1,16.787,68084,159095940.0,44.312838,21414232.0,895.9504002,IT=8.4;8.4 ,ii
18859,UP 1,15.771,64248,155018510.0,44.32248,20624364.0,895.9504624,IT=7.9;7.9 ,ii
18860,UP 1,17.355,67688,150805330.0,44.326384,21034516.0,895.9506922,IT=8.7;8.7 ,ii
18866,UP 1,17.786,69516,139416180.0,44.337615,18354056.0,895.950415,IT=8.9;8.9 ,ii
18867,UP 1,19.980,72264,130476890.0,44.34154,17056664.0,895.9506582,IT=10;10 ,ii
18870,UP 1,18.918,70660,127305150.0,44.347219,15262613.0,895.950774,IT=9.5;9.5 ,ii
18874,UP 1,21.250,71004,114492060.0,44.354804,12935768.0,895.9507672,IT=11;11 ,ii
18879,UP 1,24.311,75060,101950680.0,44.364586,10689616.0,895.9507425,IT=12;12 ,ii
18885,UP 1,27.080,79448,91665800.0,44.375919,8139098.0,895.9506608,IT=14;14 ,ii
18886,UP 1,29.920,83960,88146864.0,44.379906,7032376.5,895.9509156,IT=15;15 ,ii
18892,UP 1,31.360,85920,80397168.0,44.391333,5320795.5,895.9505715,IT=16;16 ,ii
18893,UP 1,35.238,86844,77621344.0,44.395356,4700100.5,895.9508919,IT=18;18 ,ii
18898,UP 1,33.753,88724,76537456.0,44.404927,3565748.2,895.9509252,IT=17;17 ,ii
18904,UP 1,35.303,95580,78599888.0,44.416493,2662857.8,895.9505052,IT=18;18 ,ii
18905,UP 1,36.579,91676,77432520.0,44.420671,2433186.5,391.2843616,IT=18;18 ,ii
18908,UP 1,33.914,89860,79862032.0,44.428573,2245071.5,391.2844027,IT=17;17 ,ii
18911,UP 1,33.169,94048,82994968.0,44.434521,2367574.5,391.2843473,IT=17;17 ,ii
18916,UP 1,32.047,89488,87458600.0,44.444108,2358741.2,391.2843064,IT=16;16 ,ii
18917,UP 1,29.928,85384,88461496.0,44.448035,2366361.8,391.2844109,IT=15;15 ,ii
18920,UP 1,30.301,88840,92631352.0,44.453891,2816646.8,981.4679209,IT=15;15 ,ii
18927,UP 1,27.400,87208,98825504.0,44.46706,3745516.5,981.4678057,IT=14;14 ,ii
18932,UP 1,26.390,81644,100793550.0,44.476516,4357909.0,981.4679044,IT=13;13 ,ii
18939,UP 1,26.560,78348,102020390.0,44.489676,4809926.0,981.4679174,IT=13;13 ,ii
18944,UP 1,26.783,83904,100067410.0,44.499268,4363861.5,981.4678971,IT=13;13 ,ii
18950,UP 1,27.807,81040,96917080.0,44.510614,4172315.2,981.4677291,IT=14;14 ,ii
18951,UP 1,29.294,84904,95371048.0,44.514758,3755573.8,981.468082,IT=15;15 ,ii
18955,UP 1,28.256,83856,94535928.0,44.522445,3219282.5,981.4677354,IT=14;14 ,ii
18960,UP 1,27.147,82156,91925848.0,44.531966,2562131.0,454.2555867,IT=14;14 ,ii
18961,UP 1,30.069,83740,89102424.0,44.536132,2618714.0,454.2557302,IT=15;15 ,ii
18966,UP 1,28.784,83500,87941096.0,44.545668,3049303.0,890.4421727,IT=14;14 ,ii
18967,UP 1,28.217,80440,88054832.0,44.549772,3435966.0,890.442227,IT=14;14 ,ii
18968,UP 1,28.964,83736,89262328.0,44.553899,3820325.8,890.4425836,IT=14;14 ,ii
18971,UP 1,28.815,83096,90121080.0,44.560038,4307625.0,890.4425249,IT=14;14 ,ii
18972,UP 1,29.061,85564,90195184.0,44.564161,4615045.0,890.4425464,IT=15;15 ,ii
18978,UP 1,28.414,83624,89396000.0,44.575515,5087223.5,890.4423657,IT=14;14 ,ii
18979,UP 1,31.433,87420,90049016.0,44.57968,5263557.5,890.4427192,IT=16;16 ,ii
18983,UP 1,29.729,84768,90135920.0,44.587413,5285465.0,890.442512,IT=15;15 ,ii
18984,UP 1,29.812,89116,90798648.0,44.591638,4944320.0,890.4428088,IT=15;15 ,ii
18991,UP 1,28.579,86300,87098624.0,44.604832,4443987.5,890.4427508,IT=14;14 ,ii
18998,UP 1,30.103,85892,85079176.0,44.618051,3450316.2,890.442766,IT=15;15 ,ii
19006,UP 1,31.452,89560,81904712.0,44.633144,2490552.8,391.2843483,IT=16;16 ,ii
19013,UP 1,31.489,86792,80024592.0,44.646394,2298679.2,391.2844377,IT=16;16 ,ii
19019,UP 1,31.722,88484,78442704.0,44.657846,2428180.5,391.284461,IT=16;16 ,ii
19022,UP 1,31.483,86256,78362648.0,44.663765,2471643.5,391.2842942,IT=16;16 ,ii
19023,UP 1,30.918,85564,76999624.0,44.667713,2400740.0,391.2843198,IT=15;15 ,ii
19027,UP 1,31.293,86008,77254768.0,44.67545,2338790.8,391.2842775,IT=16;16 ,ii
19028,UP 1,33.452,85764,76941648.0,44.679617,2357870.8,391.2844208,IT=17;17 ,ii
19031,UP 1,33.043,83020,76253312.0,44.685538,2284875.5,391.2844049,IT=17;17 ,ii
19033,UP 1,31.474,88316,77280776.0,44.690063,2341707.2,391.2842707,IT=16;16 ,ii
19034,UP 1,33.470,84492,77392952.0,44.694056,2349796.8,391.2843277,IT=17;17 ,ii
19035,UP 1,30.862,82048,78681360.0,44.698158,2481051.0,391.2843092,IT=15;15 ,ii
19036,UP 1,33.044,88756,80326008.0,44.702319,2438245.0,391.2844031,IT=17;17 ,ii
19041,UP 1,30.762,82632,78974304.0,44.71214,2348417.8,391.2843062,IT=15;15 ,ii
19042,UP 1,32.521,85380,80420296.0,44.716298,2451541.5,391.2843961,IT=16;16 ,ii
19045,UP 1,31.106,84892,80594936.0,44.722181,2415390.0,391.2843471,IT=16;16 ,ii
19050,UP 1,29.765,78380,81274840.0,44.731733,2489610.5,634.8834449,IT=15;15 ,ii
19051,UP 1,32.133,87424,84439472.0,44.735723,2738138.2,634.883521,IT=16;16 ,ii
19055,UP 1,28.970,81120,84070872.0,44.743729,3082313.8,634.8834588,IT=14;14 ,ii
19056,UP 1,27.754,81568,86756096.0,44.74766,3364570.5,634.8835543,IT=14;14 ,ii
19061,UP 1,27.429,81264,89217272.0,44.757162,3692268.0,634.8833481,IT=14;14 ,ii
19062,UP 1,26.653,78920,90476240.0,44.761277,3839820.2,634.8834341,IT=13;13 ,ii
19067,UP 1,26.439,76728,92463304.0,44.770754,3869225.0,634.8833331,IT=13;13 ,ii
19070,UP 1,25.669,81740,94990816.0,44.776562,3918906.0,634.8832875,IT=13;13 ,ii
19071,UP 1,26.454,77968,95362936.0,44.780687,3813213.8,634.88326,IT=13;13 ,ii
19072,UP 1,25.935,77924,99442200.0,44.784626,3753276.5,640.6967563,IT=13;13 ,ii
19077,UP 1,23.659,70076,98792000.0,44.794064,3952662.5,640.6965907,IT=12;12 ,ii
19078,UP 1,23.943,74388,98831080.0,44.798156,3842438.8,640.6968438,IT=12;12 ,ii
19081,UP 1,24.229,73208,98720848.0,44.804201,3964341.8,640.6967144,IT=12;12 ,ii
19082,UP 1,24.667,74652,99663456.0,44.808303,3984261.0,658.9015873,IT=12;12 ,ii
19084,UP 1,24.071,74260,98688584.0,44.812655,3878286.0,658.9013116,IT=12;12 ,ii
19085,UP 1,26.143,74740,99072696.0,44.816616,4167075.8,640.6970446,IT=13;13 ,ii
19090,UP 1,25.029,76008,97774376.0,44.826085,3879933.5,640.6969002,IT=13;13 ,ii
19091,UP 1,26.071,76752,94844176.0,44.830201,3760647.0,467.2743621,IT=13;13 ,ii
19094,UP 1,25.540,77740,94646368.0,44.836303,3907443.0,467.2742422,IT=13;13 ,ii
19095,UP 1,26.831,79408,94396960.0,44.840428,3886683.2,467.2742833,IT=13;13 ,ii
19101,UP 1,26.788,79856,90751144.0,44.851807,3856674.2,467.2743536,IT=13;13 ,ii
19102,UP 1,29.671,81036,88066520.0,44.855966,3373360.8,467.2744218,IT=15;15 ,ii
19106,UP 1,29.927,82648,84541784.0,44.863688,2997706.0,467.2743108,IT=15;15 ,ii
19107,UP 1,29.105,80928,85077712.0,44.867803,2856657.2,467.2743051,IT=15;15 ,ii
19112,UP 1,29.232,74884,80357608.0,44.877309,2507116.8,391.2842475,IT=15;15 ,ii
19113,UP 1,30.817,79644,80541112.0,44.881282,2356310.2,391.2842222,IT=15;15 ,ii
19114,UP 1,30.939,84896,81920504.0,44.885407,2356801.8,391.2843985,IT=15;15 ,ii
19118,UP 1,31.120,82016,80837336.0,44.893403,2773985.0,561.2913541,IT=16;16 ,ii
19119,UP 1,30.479,84204,84941200.0,44.897372,3049475.0,561.2915387,IT=15;15 ,ii
19125,UP 1,30.038,81508,85232992.0,44.908744,3209085.5,561.2912309,IT=15;15 ,ii
19126,UP 1,28.143,82040,87920880.0,44.912665,3518187.8,561.2913647,IT=14;14 ,ii
19129,UP 1,28.176,81840,88568152.0,44.918517,3741191.5,713.3677858,IT=14;14 ,ii
19135,UP 1,25.219,75500,92993872.0,44.929838,5587930.5,713.3676331,IT=13;13 ,ii
19140,UP 1,24.544,77820,97628400.0,44.940311,7163987.5,713.367638,IT=12;12 ,ii
19145,UP 1,23.483,71980,102649940.0,44.949798,9093171.0,713.3675003,IT=12;12 ,ii
19146,UP 1,23.547,75964,106096530.0,44.95388,9958810.0,713.3675959,IT=12;12 ,ii
19152,UP 1,21.244,73572,110588080.0,44.9651,11837427.0,713.3673176,IT=11;11 ,ii
19153,UP 1,21.403,68200,109559900.0,44.969186,12017288.0,713.3675856,IT=11;11 ,ii
19157,UP 1,20.159,70168,113266660.0,44.976729,13429324.0,713.3673348,IT=10;10 ,ii
19158,UP 1,21.141,70904,112722920.0,44.980819,13341855.0,713.3673634,IT=11;11 ,ii
19162,UP 1,20.424,72560,117261320.0,44.988367,14421896.0,713.3675643,IT=10;10 ,ii
19163,UP 1,20.488,72800,117634260.0,44.992277,14605006.0,713.3676811,IT=10;10 ,ii
19168,UP 1,19.977,68136,115110480.0,45.001658,14387973.0,713.3677193,IT=10;10 ,ii
19175,UP 1,20.192,73084,111427220.0,45.014729,13216784.0,713.3674316,IT=10;10 ,ii
19185,UP 1,21.917,76908,107575570.0,45.035333,10391476.0,713.3676458,IT=11;11 ,ii
19190,UP 1,23.469,76228,104062260.0,45.044619,9053843.0,713.3675494,IT=12;12 ,ii
19195,UP 1,23.488,75736,103336160.0,45.054071,7482200.5,713.367373,IT=12;12 ,ii
19196,UP 1,24.325,74344,100699110.0,45.058171,6637989.5,713.3676007,IT=12;12 ,ii
19201,UP 1,24.044,77624,98829808.0,45.067631,5351817.0,713.3676968,IT=12;12 ,ii
19206,UP 1,25.046,77444,96839224.0,45.077093,4216207.0,713.3676284,IT=13;13 ,ii
19211,UP 1,25.123,77408,95536336.0,45.086889,3233704.2,713.367518,IT=13;13 ,ii
19212,UP 1,27.102,80648,94212144.0,45.091022,3220768.5,466.2844985,IT=14;14 ,ii
19217,UP 1,26.202,80580,94750952.0,45.100529,3601645.2,466.2845343,IT=13;13 ,ii
19218,UP 1,26.858,80952,92387064.0,45.104479,3760438.2,466.2845476,IT=13;13 ,ii
19222,UP 1,27.039,78968,92370424.0,45.112139,3984981.0,466.28448,IT=14;14 ,ii
19223,UP 1,27.055,77020,91246696.0,45.116251,3974698.0,466.2846765,IT=14;14 ,ii
19231,UP 1,26.978,81452,90010096.0,45.131307,4092344.0,466.2845071,IT=13;13 ,ii
19236,UP 1,28.297,80800,88526024.0,45.140785,3956866.0,466.2845747,IT=14;14 ,ii
19241,UP 1,28.134,83432,88122696.0,45.150639,3619989.8,466.2845824,IT=14;14 ,ii
19246,UP 1,28.479,78276,86773008.0,45.160168,3360731.0,466.284576,IT=14;14 ,ii
19249,UP 1,27.722,83520,88200640.0,45.166018,3555189.8,727.4232493,IT=14;14 ,ii
19250,UP 1,30.342,80888,86539944.0,45.170178,3789428.8,727.423219,IT=15;15 ,ii
19252,UP 1,28.801,83852,87059896.0,45.176174,3931414.5,727.4232849,IT=14;14 ,ii
19253,UP 1,31.175,87728,85477312.0,45.18033,4035878.0,727.4232949,IT=16;16 ,ii
19256,UP 1,30.343,82564,82486544.0,45.186232,4057565.5,727.4233233,IT=15;15 ,ii
19257,UP 1,32.085,87628,83863760.0,45.190224,4038820.2,727.4234327,IT=16;16 ,ii
19262,UP 1,31.581,82252,79650792.0,45.199793,3837005.8,727.4234117,IT=16;16 ,ii
19263,UP 1,33.841,85260,78413888.0,45.203978,3624482.5,727.4236333,IT=17;17 ,ii
19268,UP 1,33.194,83872,75504416.0,45.213605,3200371.5,727.4235997,IT=17;17 ,ii
19272,UP 1,37.142,91092,72627192.0,45.221422,2782376.0,727.4233462,IT=19;19 ,ii
19273,UP 1,36.063,87832,72413240.0,45.225563,2482373.5,727.4235658,IT=18;18 ,ii
19275,UP 1,35.957,88132,69505896.0,45.229959,2345616.0,391.2843939,IT=18;18 ,ii
19276,UP 1,39.123,91788,68073016.0,45.234169,2280579.8,391.2844195,IT=20;20 ,ii
19279,UP 1,40.982,95864,68168256.0,45.240542,2313693.8,391.2843684,IT=20;20 ,ii
19280,UP 1,41.506,93960,66089416.0,45.244734,2355136.2,391.2843596,IT=21;21 ,ii
19281,UP 1,40.659,89564,64412136.0,45.248725,2285338.0,391.2844285,IT=20;20 ,ii
19283,UP 1,41.330,92144,63951684.0,45.253209,2170208.8,391.2843578,IT=21;21 ,ii
19284,UP 1,41.293,89732,62787064.0,45.257384,2298157.5,391.28454,IT=21;21 ,ii
19287,UP 1,42.473,89856,64219780.0,45.263486,2409927.8,543.3042357,IT=21;21 ,ii
19288,UP 1,39.796,90068,62872752.0,45.267611,2568068.2,543.3042211,IT=20;20 ,ii
19294,UP 1,39.926,90328,64033768.0,45.279192,3523382.2,543.3042266,IT=20;20 ,ii
19295,UP 1,41.861,88368,62968408.0,45.283396,3847476.0,543.3042892,IT=21;21 ,ii
19296,UP 1,39.824,87492,63461932.0,45.287536,4088182.2,543.3042354,IT=20;20 ,ii
19297,UP 1,40.223,85164,63659672.0,45.291542,4259320.0,543.3042362,IT=20;20 ,ii
19301,UP 1,40.755,89044,65495824.0,45.299727,4746454.0,543.3041369,IT=20;20 ,ii
19302,UP 1,39.056,83452,66071936.0,45.303884,4937250.5,543.3041754,IT=20;20 ,ii
19308,UP 1,37.588,88072,69940312.0,45.315402,5422236.0,543.3041412,IT=19;19 ,ii
19314,UP 1,36.025,82248,68238504.0,45.326902,5167084.5,543.3041666,IT=18;18 ,ii
19320,UP 1,35.235,86224,68417016.0,45.338344,4705454.5,543.3039503,IT=18;18 ,ii
19324,UP 1,35.997,83632,68739344.0,45.34721,4235712.0,543.303907,IT=18;18 ,ii
19325,UP 1,38.263,83308,66699132.0,45.351412,4013950.2,543.3041302,IT=19;19 ,ii
19329,UP 1,39.383,89444,67673232.0,45.359296,3316354.0,543.3041528,IT=20;20 ,ii
19333,UP 1,38.058,89616,66605848.0,45.367485,2911411.0,543.303986,IT=19;19 ,ii
19334,UP 1,39.284,86740,63938028.0,45.371495,2596360.8,543.3040507,IT=20;20 ,ii
19338,UP 1,40.746,91136,63391408.0,45.379383,2257200.5,391.2843271,IT=20;20 ,ii
19339,UP 1,40.897,84972,61979684.0,45.383564,2314159.8,391.2842899,IT=20;20 ,ii
19340,UP 1,42.498,88972,62147064.0,45.387595,2234690.8,391.2843803,IT=21;21 ,ii
19341,UP 1,43.327,89096,61488112.0,45.391789,2218511.2,391.284417,IT=22;22 ,ii
19343,UP 1,42.656,89152,60483120.0,45.396277,2218338.8,391.2843407,IT=21;21 ,ii
19344,UP 1,42.935,94476,61709100.0,45.400462,2357102.8,391.2844059,IT=21;21 ,ii
19349,UP 1,45.550,93368,59704920.0,45.410287,2205921.0,391.2843777,IT=23;23 ,ii
19350,UP 1,45.594,96796,60337364.0,45.414293,2257078.0,391.284456,IT=23;23 ,ii
19355,UP 1,44.154,95504,59922676.0,45.424066,2137834.2,391.2843938,IT=22;22 ,ii
19356,UP 1,43.849,95176,61002984.0,45.428426,2207082.8,391.2844458,IT=22;22 ,ii
19360,UP 1,42.912,91596,62128704.0,45.436335,2272795.8,391.2842774,IT=21;21 ,ii
19361,UP 1,43.909,97084,62002488.0,45.440368,2088521.5,391.2843948,IT=22;22 ,ii
19366,UP 1,39.991,91032,64681524.0,45.450089,2378638.8,391.2842551,IT=20;20 ,ii
19367,UP 1,39.425,92720,66716360.0,45.454251,2246611.0,391.2843932,IT=20;20 ,ii
19371,UP 1,36.963,86772,68105936.0,45.461845,2392874.0,421.255313,IT=18;18 ,ii
19372,UP 1,36.612,85648,70438464.0,45.466005,2680484.8,421.2554286,IT=18;18 ,ii
19377,UP 1,35.620,84540,70811512.0,45.475607,3564312.0,421.2553041,IT=18;18 ,ii
19378,UP 1,34.905,88668,73879984.0,45.479743,3909102.8,421.255375,IT=17;17 ,ii
19382,UP 1,33.334,84504,74047344.0,45.487536,4748185.0,421.2553039,IT=17;17 ,ii
19383,UP 1,32.939,89320,75310688.0,45.49167,5038329.5,421.2553944,IT=16;16 ,ii
19388,UP 1,32.731,82596,76205480.0,45.501328,6123382.5,421.2553782,IT=16;16 ,ii
19389,UP 1,33.545,78432,73043904.0,45.50532,6054753.0,421.2553372,IT=17;17 ,ii
19394,UP 1,34.726,83508,72862056.0,45.516936,6390136.5,421.2553562,IT=17;17 ,ii
19395,UP 1,35.208,85576,72625480.0,45.520922,6543108.0,421.2553969,IT=18;18 ,ii
19398,UP 1,35.962,80080,69499544.0,45.527188,6276071.5,421.2555146,IT=18;18 ,ii
19401,UP 1,37.211,82800,67255480.0,45.533526,6056945.5,421.2551819,IT=19;19 ,ii
19402,UP 1,37.375,81100,67004624.0,45.537517,6075571.5,421.2553769,IT=19;19 ,ii
19403,UP 1,38.378,89688,67821864.0,45.541703,5827402.0,421.2553084,IT=19;19 ,ii
19404,UP 1,38.417,90580,67585616.0,45.545882,5578953.0,421.2552737,IT=19;19 ,ii
19405,UP 1,38.141,90572,67279400.0,45.550051,5303242.5,421.2553081,IT=19;19 ,ii
19408,UP 1,40.949,86984,66185392.0,45.55639,4722915.5,421.2552237,IT=20;20 ,ii
19409,UP 1,39.901,87856,64975884.0,45.560553,4430812.0,421.2554015,IT=20;20 ,ii
19414,UP 1,40.524,89644,64498148.0,45.57028,3556008.2,421.2553623,IT=20;20 ,ii
19415,UP 1,43.688,91368,62263916.0,45.574334,3157254.2,421.25541,IT=22;22 ,ii
19420,UP 1,43.760,89352,60015504.0,45.584107,2518633.5,421.2553042,IT=22;22 ,ii
19421,UP 1,45.498,93780,59942004.0,45.588313,2310779.5,636.3784816,IT=23;23 ,ii
19425,UP 1,46.063,95064,58344228.0,45.596606,2236463.5,391.2844817,IT=23;23 ,ii
19426,UP 1,47.240,97004,57900640.0,45.600629,2189126.5,391.2844874,IT=24;24 ,ii
19430,UP 1,48.532,96280,56396496.0,45.608652,2227759.8,391.2844255,IT=24;24 ,ii
19431,UP 1,50.000,96392,55550248.0,45.612863,2194106.0,391.2844636,IT=25;25 ,ii
19433,UP 1,50.000,93632,55123368.0,45.617473,2126295.0,391.2843756,IT=25;25 ,ii
19434,UP 1,50.000,93924,53977004.0,45.621646,2138060.8,391.2843985,IT=25;25 ,ii
19435,UP 1,50.000,97668,54127044.0,45.625821,2092879.6,391.2844415,IT=25;25 ,ii
19438,UP 1,50.000,96384,52575696.0,45.63234,2121720.0,391.2844437,IT=25;25 ,ii
19439,UP 1,50.000,94588,50953772.0,45.636521,2129285.0,391.2845669,IT=25;25 ,ii
19443,UP 1,50.000,96764,51931920.0,45.644594,2141356.0,391.2844835,IT=25;25 ,ii
19444,UP 1,50.000,91260,48901956.0,45.6486,2279477.8,391.2844511,IT=25;25 ,ii
19445,UP 1,50.000,95848,48821996.0,45.652769,2011388.4,391.284476,IT=25;25 ,ii
19446,UP 1,50.000,97272,48786252.0,45.656944,2120066.2,391.2845057,IT=25;25 ,ii
19450,UP 1,50.000,90776,46832764.0,45.664968,2218314.2,391.2844783,IT=25;25 ,ii
19451,UP 1,50.000,93736,47253244.0,45.669137,2120317.2,391.2846007,IT=25;25 ,ii
19456,UP 1,50.000,91704,45863732.0,45.67931,2041383.4,391.2845646,IT=25;25 ,ii
19461,UP 1,50.000,90216,45487264.0,45.69117,2022587.5,391.2845759,IT=25;25 ,ii
19462,UP 1,50.000,90432,46398772.0,45.695341,2114434.8,391.2845976,IT=25;25 ,ii
19467,UP 1,50.000,94760,47828624.0,45.705195,2228556.2,391.284554,IT=25;25 ,ii
19468,UP 1,50.000,97008,49530160.0,45.709368,2148634.2,391.2845733,IT=25;25 ,ii
19471,UP 1,50.000,90180,47909132.0,45.715612,2195835.2,391.2845478,IT=25;25 ,ii
19475,UP 1,50.000,89844,50662916.0,45.723666,2131220.2,391.284464,IT=25;25 ,ii
19476,UP 1,50.000,91972,51371624.0,45.727843,2128278.8,391.2845219,IT=25;25 ,ii
19481,UP 1,50.000,95116,55820796.0,45.737724,2272033.8,391.284339,IT=25;25 ,ii
19482,UP 1,47.894,93496,56781212.0,45.74186,2140952.5,391.2843555,IT=24;24 ,ii
19487,UP 1,46.659,92508,59838112.0,45.75167,2279208.5,391.2844003,IT=23;23 ,ii
19491,UP 1,44.803,86768,60811404.0,45.759614,2180228.5,391.2842958,IT=22;22 ,ii
19492,UP 1,41.638,86604,63940884.0,45.763937,2353093.0,391.2843607,IT=21;21 ,ii
19499,UP 1,40.303,84964,65540080.0,45.777359,2399648.2,391.2843841,IT=20;20 ,ii
19504,UP 1,37.631,82736,71514416.0,45.787007,2732818.5,637.8675115,IT=19;19 ,ii
19505,UP 1,33.970,77980,71471664.0,45.791105,2931787.0,637.8674022,IT=17;17 ,ii
19511,UP 1,33.950,77344,74507648.0,45.802559,4255904.5,637.8675309,IT=17;17 ,ii
19517,UP 1,31.031,73876,77991976.0,45.81399,5219101.0,637.8673515,IT=16;16 ,ii
19518,UP 1,30.489,71692,77631528.0,45.818111,5535040.0,637.867191,IT=15;15 ,ii
19520,UP 1,29.746,74548,81914384.0,45.822376,6113029.0,637.8672448,IT=15;15 ,ii
19521,UP 1,28.943,71888,83279304.0,45.826482,6492083.0,637.8673101,IT=14;14 ,ii
19523,UP 1,28.156,69232,82826112.0,45.830751,6715341.0,637.8671856,IT=14;14 ,ii
19524,UP 1,28.042,70816,84762456.0,45.834859,7113207.0,637.8674079,IT=14;14 ,ii
19525,UP 1,28.388,70004,84284184.0,45.838978,7221691.5,637.867275,IT=14;14 ,ii
19526,UP 1,27.335,69380,87775312.0,45.843078,7573875.0,637.8672294,IT=14;14 ,ii
19527,UP 1,27.577,70000,88072944.0,45.847209,7494470.0,637.8674288,IT=14;14 ,ii
19530,UP 1,26.392,72084,89675048.0,45.85329,7396105.0,637.867226,IT=13;13 ,ii
19531,UP 1,27.137,68200,86860472.0,45.857253,7259043.5,637.8673862,IT=14;14 ,ii
19536,UP 1,25.856,67760,88589872.0,45.867038,6995204.0,637.8671614,IT=13;13 ,ii
19537,UP 1,26.835,72188,88480696.0,45.871159,6749837.5,637.8674551,IT=13;13 ,ii
19540,UP 1,26.808,69664,87433256.0,45.877003,6338469.5,637.8671774,IT=13;13 ,ii
19541,UP 1,26.228,69144,86945472.0,45.881103,6265970.0,637.8674835,IT=13;13 ,ii
19545,UP 1,27.345,71028,83980312.0,45.888784,5499610.0,637.8672171,IT=14;14 ,ii
19546,UP 1,28.793,72300,83232536.0,45.892921,5049965.0,637.867407,IT=14;14 ,ii
19550,UP 1,29.795,74236,81540568.0,45.900913,4249311.0,637.867089,IT=15;15 ,ii
19551,UP 1,31.065,77448,79355592.0,45.904882,3868469.5,637.8673649,IT=16;16 ,ii
19555,UP 1,32.053,75780,75807152.0,45.912642,3387081.2,637.8673556,IT=16;16 ,ii
19556,UP 1,33.010,78160,74404488.0,45.916792,3108918.0,637.8676875,IT=17;17 ,ii
19560,UP 1,34.605,76504,71153064.0,45.924588,2625527.0,637.8675662,IT=17;17 ,ii
19561,UP 1,36.300,78120,68843832.0,45.928773,2390474.0,391.2843548,IT=18;18 ,ii
19565,UP 1,37.446,85608,68008272.0,45.936898,2290591.8,391.2843701,IT=19;19 ,ii
19566,UP 1,38.267,83464,66239012.0,45.941079,2223305.2,391.2843862,IT=19;19 ,ii
19567,UP 1,38.344,84160,66452288.0,45.94525,2390496.0,391.2844946,IT=19;19 ,ii
19571,UP 1,41.369,88188,63705664.0,45.953179,2264664.0,391.2842094,IT=21;21 ,ii
19572,UP 1,39.356,85584,63810156.0,45.957321,2351446.5,391.2844655,IT=20;20 ,ii
19574,UP 1,40.809,86404,63437328.0,45.961802,2240869.8,391.2845332,IT=20;20 ,ii
19576,UP 1,41.088,86824,62329952.0,45.966471,2275582.0,391.2844148,IT=21;21 ,ii
19577,UP 1,41.889,84996,60776652.0,45.970662,2284332.8,391.2845253,IT=21;21 ,ii
19581,UP 1,42.131,84596,61320024.0,45.978556,2560837.8,707.9000405,IT=21;21 ,ii
19582,UP 1,41.518,83152,59996592.0,45.982725,2723724.2,707.9001109,IT=21;21 ,ii
19584,UP 1,41.664,85104,60796660.0,45.987356,2638099.0,707.8999691,IT=21;21 ,ii
19585,UP 1,41.704,86100,60372188.0,45.991535,2902295.8,707.9002194,IT=21;21 ,ii
19587,UP 1,41.346,90624,62072848.0,45.996025,3060462.0,707.9000366,IT=21;21 ,ii
19588,UP 1,41.059,84420,61275860.0,46.000202,3052463.2,707.9000174,IT=21;21 ,ii
19589,UP 1,41.613,84552,60865708.0,46.004385,3335105.8,707.8999873,IT=21;21 ,ii
19590,UP 1,39.569,83136,58974336.0,46.008668,2914729.0,707.9000564,IT=20;20 ,ii
19591,UP 1,40.211,86608,61723568.0,46.012866,3119306.8,707.8999258,IT=20;20 ,ii
19592,UP 1,38.892,85168,61973248.0,46.016852,3157884.2,707.9000368,IT=19;19 ,ii
19594,UP 1,39.416,88180,63073860.0,46.021293,2915941.0,707.9000387,IT=20;20 ,ii
19595,UP 1,39.657,87628,63081740.0,46.025468,3316170.2,499.7475483,IT=20;20 ,ii
19600,UP 1,36.601,81500,64701924.0,46.035122,4518312.0,499.747502,IT=18;18 ,ii
19601,UP 1,36.119,81388,65341208.0,46.039268,5017744.5,499.7475899,IT=18;18 ,ii
19603,UP 1,34.395,77500,66402716.0,46.043618,5605596.5,499.7474086,IT=17;17 ,ii
19604,UP 1,34.564,83952,68012584.0,46.047768,6211830.0,499.7475591,IT=17;17 ,ii
19609,UP 1,32.117,77020,68665584.0,46.057358,7439653.5,499.7474351,IT=16;16 ,ii
19610,UP 1,34.173,78780,69112712.0,46.061539,7967464.5,499.7476761,IT=17;17 ,ii
19613,UP 1,31.702,75368,69678120.0,46.067716,8364734.5,499.7475689,IT=16;16 ,ii
19615,UP 1,32.081,81020,72969784.0,46.07226,8991039.0,499.747449,IT=16;16 ,ii
19616,UP 1,32.514,79288,71096752.0,46.076239,9348108.0,499.7474756,IT=16;16 ,ii
19617,UP 1,32.829,79568,72800016.0,46.080382,9782029.0,499.7476165,IT=16;16 ,ii
19620,UP 1,31.743,77964,72000184.0,46.086572,9820790.0,499.7474663,IT=16;16 ,ii
19621,UP 1,32.136,76668,70199192.0,46.090718,9548635.0,499.7475147,IT=16;16 ,ii
19624,UP 1,32.324,77576,71240264.0,46.096901,9364796.0,499.7475271,IT=16;16 ,ii
19625,UP 1,32.855,77892,70598984.0,46.101051,9302363.0,499.7476634,IT=16;16 ,ii
19627,UP 1,32.150,77040,69063144.0,46.105376,8927158.0,499.747453,IT=16;16 ,ii
19628,UP 1,35.082,81696,69576984.0,46.109563,8895068.0,499.7474104,IT=18;18 ,ii
19629,UP 1,35.138,80796,67499792.0,46.113551,8062312.5,499.7475014,IT=18;18 ,ii
19634,UP 1,37.327,83516,63577172.0,46.123205,7008541.0,499.7475024,IT=19;19 ,ii
19635,UP 1,38.010,83752,62539676.0,46.127384,6551097.5,499.7474715,IT=19;19 ,ii
19640,UP 1,41.487,91104,60537660.0,46.137136,5443825.0,499.7474414,IT=21;21 ,ii
19641,UP 1,41.106,85976,58851856.0,46.141309,4895671.0,499.7472967,IT=21;21 ,ii
19642,UP 1,42.016,88312,59339940.0,46.14533,4587679.0,499.7473171,IT=21;21 ,ii
19643,UP 1,43.410,89984,58499644.0,46.149534,4087688.8,499.7474185,IT=22;22 ,ii
19646,UP 1,44.693,89248,56242836.0,46.155924,3360972.5,499.7473002,IT=22;22 ,ii
19647,UP 1,46.645,90660,54622472.0,46.160138,2996672.0,499.7474713,IT=23;23 ,ii
19649,UP 1,45.049,86932,54896708.0,46.164676,2637043.2,499.7472183,IT=23;23 ,ii
19650,UP 1,46.834,89844,53024584.0,46.168886,2382799.5,499.7471382,IT=23;23 ,ii
19651,UP 1,47.310,89804,54189544.0,46.173073,2226403.0,391.2842751,IT=24;24 ,ii
19652,UP 1,47.627,92736,53819892.0,46.177084,2122840.0,391.2844433,IT=24;24 ,ii
19658,UP 1,46.094,91140,53394868.0,46.188761,2277829.0,391.2842137,IT=23;23 ,ii
19659,UP 1,47.290,90228,52107752.0,46.192788,2135545.5,391.2843795,IT=24;24 ,ii
19664,UP 1,49.218,89900,51771528.0,46.202663,2181702.2,391.2843941,IT=25;25 ,ii
19665,UP 1,47.163,89092,52138000.0,46.206802,2174131.2,391.2844534,IT=24;24 ,ii
19668,UP 1,48.710,90788,51143616.0,46.213011,2060729.6,391.2843634,IT=24;24 ,ii
19669,UP 1,47.548,90068,51302144.0,46.217169,2143316.5,391.2843913,IT=24;24 ,ii
19670,UP 1,48.617,88504,51388624.0,46.221356,2071315.0,391.2845513,IT=24;24 ,ii
19674,UP 1,50.000,89516,50465036.0,46.229677,2080270.0,391.2845813,IT=25;25 ,ii
19675,UP 1,49.038,86780,50971160.0,46.233838,2112466.2,391.2845785,IT=25;25 ,ii
19678,UP 1,50.000,92696,53155128.0,46.240065,2157533.8,391.2844729,IT=25;25 ,ii
19679,UP 1,47.476,89020,53768832.0,46.244192,2196955.8,391.2844949,IT=24;24 ,ii
19682,UP 1,44.234,85764,54978312.0,46.25061,2173236.5,391.2843785,IT=22;22 ,ii
19683,UP 1,43.844,88604,56815932.0,46.254779,2618478.2,655.8562803,IT=22;22 ,ii
19684,UP 1,41.953,87892,60195920.0,46.259135,3549705.2,655.8561565,IT=21;21 ,ii
19685,UP 1,38.757,83744,61230392.0,46.26325,4213421.0,655.8564445,IT=19;19 ,ii
19688,UP 1,36.989,80872,65780412.0,46.269254,5587467.5,655.8563712,IT=18;18 ,ii
19693,UP 1,32.329,75540,74007192.0,46.27886,8446172.0,655.8562915,IT=16;16 ,ii
19698,UP 1,27.082,70508,84210576.0,46.288362,11793699.0,655.8559082,IT=14;14 ,ii
19699,UP 1,25.464,71588,88681608.0,46.29245,13403917.0,655.8561689,IT=13;13 ,ii
19707,UP 1,20.393,63888,109373490.0,46.307345,20824700.0,655.8562098,IT=10;10 ,ii
19713,UP 1,17.012,59668,123793290.0,46.318581,24837790.0,655.8558014,IT=8.5;8.5 ,ii
19714,UP 1,16.811,57728,129916070.0,46.322635,27118084.0,655.8561774,IT=8.4;8.4 ,ii
19725,UP 1,14.212,57196,145751740.0,46.34296,30937518.0,655.8560448,IT=7.1;7.1 ,ii
19731,UP 1,14.506,54068,144079310.0,46.356099,30093666.0,655.85592,IT=7.3;7.3 ,ii
19737,UP 1,15.422,58164,138536540.0,46.367289,28363036.0,655.8559581,IT=7.7;7.7 ,ii
19742,UP 1,16.301,56312,128469180.0,46.376958,24280302.0,655.855864,IT=8.2;8.2 ,ii
19743,UP 1,17.712,63700,126527330.0,46.381033,22878438.0,655.8560075,IT=8.9;8.9 ,ii
19748,UP 1,18.437,61844,115190900.0,46.390435,19549698.0,655.8559303,IT=9.2;9.2 ,ii
19749,UP 1,19.883,66052,113523320.0,46.394353,18421462.0,655.8561766,IT=9.9;9.9 ,ii
19751,UP 1,20.684,64688,109151830.0,46.398455,16942700.0,655.8558957,IT=10;10 ,ii
19752,UP 1,22.595,65200,102414740.0,46.402557,15228083.0,655.8560273,IT=11;11 ,ii
19754,UP 1,22.572,66216,101228980.0,46.406699,14685794.0,655.8559263,IT=11;11 ,ii
19755,UP 1,23.171,66128,95665184.0,46.410795,13211589.0,655.8560877,IT=12;12 ,ii
19759,UP 1,25.631,71668,90850296.0,46.418674,11164633.0,655.8557692,IT=13;13 ,ii
19760,UP 1,26.983,74652,88731296.0,46.422636,10409581.0,655.8559024,IT=13;13 ,ii
19764,UP 1,29.719,71964,80722704.0,46.432291,8294662.5,655.8556301,IT=15;15 ,ii
19765,UP 1,30.047,70252,79488424.0,46.436424,7667506.0,655.8558876,IT=15;15 ,ii
19766,UP 1,32.562,77992,80186216.0,46.440599,7607666.0,655.8557526,IT=16;16 ,ii
19767,UP 1,33.011,78408,77780376.0,46.444757,6660416.5,655.8556878,IT=17;17 ,ii
19768,UP 1,34.258,77104,73939896.0,46.448755,6152811.0,655.8561253,IT=17;17 ,ii
19771,UP 1,33.102,75488,73244080.0,46.454684,5614536.0,655.8559209,IT=17;17 ,ii
19774,UP 1,36.145,78228,71111776.0,46.460997,5034962.5,655.8556551,IT=18;18 ,ii
19775,UP 1,36.573,80416,71686968.0,46.464997,4966109.0,655.8559484,IT=18;18 ,ii
19778,UP 1,37.051,75952,68118048.0,46.470978,4563421.0,655.8558426,IT=19;19 ,ii
19779,UP 1,37.173,79028,68756472.0,46.474967,4341251.5,655.8558825,IT=19;19 ,ii
19781,UP 1,38.903,79816,67695584.0,46.479407,4236565.5,655.8555227,IT=19;19 ,ii
19782,UP 1,40.538,81608,66798412.0,46.483609,3981799.8,655.8558931,IT=20;20 ,ii
19783,UP 1,41.013,81508,66208760.0,46.487782,3752672.2,655.8558984,IT=21;21 ,ii
19784,UP 1,39.923,80152,66100900.0,46.491765,3812833.2,822.7706477,IT=20;20 ,ii
19786,UP 1,41.107,84552,66429344.0,46.496238,3557528.5,822.7709718,IT=21;21 ,ii
19787,UP 1,40.228,78748,64850008.0,46.500401,3585158.8,822.7705812,IT=20;20 ,ii
19791,UP 1,39.834,80936,65052484.0,46.508302,3387444.8,822.770377,IT=20;20 ,ii
19792,UP 1,40.983,81712,66888368.0,46.512319,3695510.8,822.7704572,IT=20;20 ,ii
19793,UP 1,39.422,82444,65444712.0,46.516475,3431452.8,822.7704265,IT=20;20 ,ii
19794,UP 1,39.005,79772,64303964.0,46.520634,3218292.0,822.7706108,IT=20;20 ,ii
19797,UP 1,38.628,79840,65730844.0,46.526659,3045613.0,822.7705133,IT=19;19 ,ii
19798,UP 1,37.011,80940,65701276.0,46.530796,3025704.5,822.7706466,IT=19;19 ,ii
19802,UP 1,37.241,76204,65650604.0,46.538644,2694045.0,822.77053,IT=19;19 ,ii
19803,UP 1,36.906,75480,64257488.0,46.542798,2643582.0,822.7708,IT=18;18 ,ii
19808,UP 1,37.272,77964,65924196.0,46.552467,2390605.2,391.2842788,IT=19;19 ,ii
19809,UP 1,37.239,76180,65228388.0,46.556631,2477844.5,430.7189862,IT=19;19 ,ii
19813,UP 1,37.249,83412,67497280.0,46.564725,2367492.5,430.718895,IT=19;19 ,ii
19814,UP 1,35.861,77436,64310980.0,46.568867,2306513.5,430.7190459,IT=18;18 ,ii
19817,UP 1,36.921,80280,64543436.0,46.575173,2361565.5,391.2841492,IT=18;18 ,ii
19818,UP 1,36.100,77400,65793840.0,46.579312,2385595.2,391.2842485,IT=18;18 ,ii
19819,UP 1,37.147,79404,64416728.0,46.583483,2276432.0,391.2842299,IT=19;19 ,ii
19820,UP 1,37.136,78404,64438116.0,46.587471,2346604.0,391.2842294,IT=19;19 ,ii
19826,UP 1,37.325,81248,64295828.0,46.601002,2434941.2,391.2842239,IT=19;19 ,ii
19827,UP 1,36.866,82432,64859232.0,46.605158,2331523.8,391.284293,IT=18;18 ,ii
19831,UP 1,37.714,83120,65497044.0,46.6133,2420356.0,391.2842038,IT=19;19 ,ii
19832,UP 1,38.379,81256,62779424.0,46.617475,2339025.0,391.2842683,IT=19;19 ,ii
19833,UP 1,38.141,83628,62262156.0,46.621637,2328565.5,391.2842761,IT=19;19 ,ii
19836,UP 1,38.050,85284,63237008.0,46.627931,2393313.8,391.2842793,IT=19;19 ,ii
19837,UP 1,37.506,81660,62563796.0,46.632087,2275176.2,391.2843527,IT=19;19 ,ii
19842,UP 1,39.726,82148,60833340.0,46.64181,2365509.0,391.2841436,IT=20;20 ,ii
19843,UP 1,39.070,84236,60467804.0,46.645793,2217470.5,391.2841914,IT=20;20 ,ii
19844,UP 1,39.981,87240,61022656.0,46.649976,2356127.0,391.2842719,IT=20;20 ,ii
19845,UP 1,42.120,89796,60347612.0,46.654185,2239568.5,391.2842615,IT=21;21 ,ii
19850,UP 1,41.356,84808,60280452.0,46.664201,2404284.0,391.2842493,IT=21;21 ,ii
19851,UP 1,41.736,87488,60312016.0,46.668212,2241091.0,391.2843327,IT=21;21 ,ii
19853,UP 1,40.469,87664,60473488.0,46.67266,2431759.0,391.2842086,IT=20;20 ,ii
19854,UP 1,41.918,84880,59376344.0,46.676856,2327150.0,391.2844011,IT=21;21 ,ii
19859,UP 1,42.923,83960,60244156.0,46.686583,2349604.5,391.2842516,IT=21;21 ,ii
19860,UP 1,41.082,85052,61345684.0,46.690726,2682913.0,709.8684192,IT=21;21 ,ii
19865,UP 1,40.788,87604,62856144.0,46.700435,3207785.5,709.8681441,IT=20;20 ,ii
19866,UP 1,39.517,88184,63871652.0,46.704412,3485960.2,709.8683172,IT=20;20 ,ii
19869,UP 1,38.428,85104,65547732.0,46.710445,3832167.5,709.8683825,IT=19;19 ,ii
19873,UP 1,39.380,84608,65427792.0,46.718357,3869738.5,709.8680996,IT=20;20 ,ii
19874,UP 1,38.319,84092,67070128.0,46.722507,4092688.2,709.8684101,IT=19;19 ,ii
19878,UP 1,38.920,84480,67363176.0,46.730649,4041938.0,709.8684489,IT=19;19 ,ii
19882,UP 1,37.498,84584,68619720.0,46.738899,4003354.8,709.8682546,IT=19;19 ,ii
19883,UP 1,37.448,82456,68431872.0,46.742893,3786281.5,709.8684637,IT=19;19 ,ii
19887,UP 1,36.757,84212,71034504.0,46.750713,3525820.0,709.8682821,IT=18;18 ,ii
19888,UP 1,34.522,76280,69721168.0,46.754843,3356835.5,709.8683155,IT=17;17 ,ii
19891,UP 1,37.067,83132,68555504.0,46.76183,2845747.8,709.8684243,IT=19;19 ,ii
19895,UP 1,38.537,85864,70150720.0,46.769692,2456071.2,709.8683101,IT=19;19 ,ii
19896,UP 1,36.777,82356,70302184.0,46.773655,2440418.8,391.2843476,IT=18;18 ,ii
19899,UP 1,38.385,79096,68117576.0,46.779961,2312928.5,391.2843075,IT=19;19 ,ii
19900,UP 1,37.651,82816,67985384.0,46.784113,2535661.8,391.2842353,IT=19;19 ,ii
19901,UP 1,36.783,80364,67851704.0,46.788263,2312675.2,391.2843321,IT=18;18 ,ii
19906,UP 1,40.523,85088,66029696.0,46.797921,2355207.2,391.2843169,IT=20;20 ,ii
19907,UP 1,41.516,84640,64015640.0,46.802111,2286482.0,391.2843669,IT=21;21 ,ii
19910,UP 1,39.339,81780,63546992.0,46.808163,2404675.5,391.2843876,IT=20;20 ,ii
19914,UP 1,41.388,86604,63075936.0,46.816092,2246657.0,391.2842332,IT=21;21 ,ii
19915,UP 1,40.938,83512,61529696.0,46.820265,2241124.8,391.2842882,IT=20;20 ,ii
19919,UP 1,41.301,85296,60395544.0,46.828184,2398240.2,391.2844317,IT=21;21 ,ii
19923,UP 1,41.749,83108,59938828.0,46.836102,2377629.0,391.2842347,IT=21;21 ,ii
19924,UP 1,40.019,85828,60541368.0,46.840392,2312641.8,391.2843182,IT=20;20 ,ii
19929,UP 1,40.677,84412,60103304.0,46.850129,2355812.8,391.2843576,IT=20;20 ,ii
19932,UP 1,40.368,86336,59233664.0,46.856183,2158514.0,391.2843779,IT=20;20 ,ii
19933,UP 1,41.122,90228,62447356.0,46.860196,2354744.5,391.2844413,IT=21;21 ,ii
19938,UP 1,39.429,84748,62472800.0,46.870206,2330943.8,391.2842928,IT=20;20 ,ii
19939,UP 1,38.526,85236,62778604.0,46.874361,2240664.5,391.2843951,IT=19;19 ,ii
19945,UP 1,38.976,86144,65414996.0,46.885919,2263536.2,391.2843335,IT=19;19 ,ii
19946,UP 1,37.377,83168,66140656.0,46.89006,2398287.2,391.2844382,IT=19;19 ,ii
19949,UP 1,35.706,84072,67180840.0,46.896031,2372888.8,391.2842775,IT=18;18 ,ii
19950,UP 1,35.675,84388,68507264.0,46.900192,2293922.5,391.2843603,IT=18;18 ,ii
19954,UP 1,34.262,82484,68226688.0,46.907979,2318435.5,391.2841888,IT=17;17 ,ii
19955,UP 1,34.774,81368,68591920.0,46.912133,2398646.2,391.2842136,IT=17;17 ,ii
19956,UP 1,34.915,84464,68748688.0,46.916279,2318656.5,391.2842823,IT=17;17 ,ii
19959,UP 1,34.546,83468,69698280.0,46.922562,2424413.2,391.2842787,IT=17;17 ,ii
19960,UP 1,34.340,79756,67777280.0,46.926725,2284378.5,391.2843667,IT=17;17 ,ii
19963,UP 1,34.402,81784,67914584.0,46.932677,2440940.2,391.2842835,IT=17;17 ,ii
19964,UP 1,36.906,84888,67269112.0,46.936868,2479842.2,391.2842887,IT=18;18 ,ii
19967,UP 1,36.830,82652,65637056.0,46.943152,2435332.8,391.2842228,IT=18;18 ,ii
19968,UP 1,37.745,84156,65191472.0,46.947329,2335494.8,391.2843978,IT=19;19 ,ii
19971,UP 1,39.508,84272,63445052.0,46.95365,2348858.8,391.284268,IT=20;20 ,ii
19972,UP 1,38.712,81032,62245384.0,46.957804,2295225.2,391.2844394,IT=19;19 ,ii
19974,UP 1,39.633,86384,61859152.0,46.962418,2402940.0,391.2842914,IT=20;20 ,ii
19975,UP 1,41.575,89644,61282312.0,46.96662,2319600.5,391.2842964,IT=21;21 ,ii
19976,UP 1,42.013,86188,59548640.0,46.970806,2262075.5,391.284328,IT=21;21 ,ii
19977,UP 1,41.796,83584,58810076.0,46.974987,2411203.8,391.2843156,IT=21;21 ,ii
19978,UP 1,42.301,87740,58474612.0,46.979166,2303317.0,391.2844074,IT=21;21 ,ii
19980,UP 1,41.895,85252,57387040.0,46.98381,2259306.8,391.2843484,IT=21;21 ,ii
19981,UP 1,43.476,84412,56846464.0,46.987841,2369626.2,391.2843499,IT=22;22 ,ii
19985,UP 1,43.193,82616,55350504.0,46.996058,2314195.8,391.2843299,IT=22;22 ,ii
19986,UP 1,44.413,86224,55947504.0,47.000256,2315898.5,697.3785719,IT=22;22 ,ii
19989,UP 1,45.255,86760,55240868.0,47.006676,2556495.2,697.3786373,IT=23;23 ,ii
19990,UP 1,44.787,85240,54349056.0,47.010845,2575282.5,697.3786516,IT=22;22 ,ii
19991,UP 1,44.491,82036,53872496.0,47.014843,2676994.5,697.3786099,IT=22;22 ,ii
19993,UP 1,44.912,85688,53576792.0,47.019362,2656957.8,697.3785064,IT=22;22 ,ii
19994,UP 1,45.637,86620,54681428.0,47.023551,2868486.5,697.3784935,IT=23;23 ,ii
19995,UP 1,44.202,84404,54514364.0,47.027707,2850407.8,697.3786065,IT=22;22 ,ii
19996,UP 1,44.060,87096,55188972.0,47.031889,2969694.2,697.3788324,IT=22;22 ,ii
20001,UP 1,45.952,86488,53587944.0,47.041707,2775407.8,697.3784806,IT=23;23 ,ii
20002,UP 1,43.823,81700,54023156.0,47.04568,2837362.5,697.3787005,IT=22;22 ,ii
20006,UP 1,44.716,83004,53671888.0,47.053628,2717908.5,697.3787114,IT=22;22 ,ii
20007,UP 1,45.432,81380,52599608.0,47.057663,2832957.5,599.3525829,IT=23;23 ,ii
20010,UP 1,45.572,81952,52790064.0,47.064067,3240420.2,599.352316,IT=23;23 ,ii
20011,UP 1,45.513,81576,53483172.0,47.06807,3390676.8,599.3523043,IT=23;23 ,ii
20012,UP 1,44.444,77572,52408004.0,47.072226,3592278.5,599.3523503,IT=22;22 ,ii
20013,UP 1,45.124,82176,51759060.0,47.076413,3810077.5,599.3524659,IT=23;23 ,ii
20014,UP 1,44.496,78668,51238660.0,47.080592,3809010.2,599.3523856,IT=22;22 ,ii
20015,UP 1,46.066,81704,50905060.0,47.084626,3990745.5,599.3526078,IT=23;23 ,ii
20018,UP 1,45.741,83396,51352700.0,47.090784,4060376.5,599.3523644,IT=23;23 ,ii
20019,UP 1,48.129,87132,51312100.0,47.095207,3995139.2,599.3524293,IT=24;24 ,ii
20020,UP 1,46.573,80536,49027784.0,47.099355,3838540.5,599.3524318,IT=23;23 ,ii
20021,UP 1,48.262,84432,49282052.0,47.103559,3792596.0,599.3523838,IT=24;24 ,ii
20022,UP 1,48.469,82844,47285464.0,47.107738,3564872.0,599.3526036,IT=24;24 ,ii
20027,UP 1,50.000,82180,46283828.0,47.11793,3287223.5,599.3524963,IT=25;25 ,ii
20028,UP 1,50.000,83872,46286736.0,47.121932,3160626.2,599.3526077,IT=25;25 ,ii
20033,UP 1,50.000,84900,43965312.0,47.131807,2557003.0,599.3525985,IT=25;25 ,ii
20034,UP 1,50.000,85784,43785592.0,47.135975,2377165.0,599.3526296,IT=25;25 ,ii
20036,UP 1,50.000,84116,43736568.0,47.1406,2155952.8,391.2845541,IT=25;25 ,ii
20037,UP 1,50.000,84288,43010400.0,47.144771,2125827.8,391.2844985,IT=25;25 ,ii
20039,UP 1,50.000,84064,42746384.0,47.149565,2135695.5,391.2845214,IT=25;25 ,ii
20040,UP 1,50.000,83160,43141368.0,47.153567,2186112.0,391.2845595,IT=25;25 ,ii
20044,UP 1,50.000,82688,43446624.0,47.161938,2123014.8,391.2844098,IT=25;25 ,ii
20045,UP 1,50.000,83224,44014500.0,47.166108,2182386.0,391.2843646,IT=25;25 ,ii
20046,UP 1,50.000,82636,45217420.0,47.170279,2211798.0,391.2843584,IT=25;25 ,ii
20049,UP 1,50.000,83220,46632772.0,47.178563,2915212.2,659.8674969,IT=25;25 ,ii
20050,UP 1,49.964,81544,47919728.0,47.182733,3309634.8,659.8676285,IT=25;25 ,ii
20053,UP 1,48.159,85416,51694020.0,47.189181,4389759.0,659.8676331,IT=24;24 ,ii
20054,UP 1,45.716,82632,52902952.0,47.193308,4882542.0,659.8676127,IT=23;23 ,ii
20059,UP 1,41.152,76772,57788004.0,47.203052,6549162.0,659.8674385,IT=21;21 ,ii
20060,UP 1,39.570,77040,59892476.0,47.207025,6883223.0,659.8674111,IT=20;20 ,ii
20062,UP 1,38.266,75680,63129912.0,47.211448,7827282.5,659.8673914,IT=19;19 ,ii
20063,UP 1,36.022,70148,64019600.0,47.215575,8221466.5,659.8672985,IT=18;18 ,ii
20064,UP 1,35.201,67728,64502716.0,47.21971,8532942.0,659.8672702,IT=18;18 ,ii
20065,UP 1,33.018,70712,68234400.0,47.223831,9063493.0,659.8672268,IT=17;17 ,ii
20066,UP 1,32.150,68880,71204616.0,47.227783,9817709.0,659.867383,IT=16;16 ,ii
20070,UP 1,31.415,65804,72408704.0,47.235789,9923970.0,659.8672624,IT=16;16 ,ii
20073,UP 1,29.989,61624,72816360.0,47.241975,9889280.0,659.8672194,IT=15;15 ,ii
20074,UP 1,30.541,66692,74419488.0,47.246112,9996796.0,659.8672649,IT=15;15 ,ii
20075,UP 1,29.673,67716,74903672.0,47.250218,10042332.0,659.8672486,IT=15;15 ,ii
20076,UP 1,30.117,66240,73088000.0,47.254185,9305452.0,659.8671375,IT=15;15 ,ii
20079,UP 1,29.496,65824,73142016.0,47.262043,8748872.0,659.8672567,IT=15;15 ,ii
20080,UP 1,31.943,65920,70944992.0,47.266214,8201477.0,659.8671788,IT=16;16 ,ii
20081,UP 1,32.190,71324,71180488.0,47.270168,7891954.0,659.8673076,IT=16;16 ,ii
20084,UP 1,32.324,69780,70095112.0,47.276349,7122156.5,659.8670692,IT=16;16 ,ii
20085,UP 1,34.258,69324,66622776.0,47.280527,6295947.0,659.8670314,IT=17;17 ,ii
20086,UP 1,34.426,69420,65835524.0,47.284677,5998111.5,659.8672275,IT=17;17 ,ii
20089,UP 1,36.873,71664,62462636.0,47.290929,4952768.0,659.8671325,IT=18;18 ,ii
20090,UP 1,39.430,74352,61322988.0,47.295131,4630448.0,659.8672585,IT=20;20 ,ii
20092,UP 1,38.908,79264,60661484.0,47.299731,4025906.0,659.8672516,IT=19;19 ,ii
20093,UP 1,40.715,79808,57844164.0,47.303924,3562089.0,659.8673453,IT=20;20 ,ii
20094,UP 1,41.111,80832,56155308.0,47.307933,3202091.5,659.8675167,IT=21;21 ,ii
20097,UP 1,45.026,82100,54502676.0,47.314351,2675252.2,659.8673365,IT=23;23 ,ii
20098,UP 1,46.242,83064,53194932.0,47.318374,2298233.5,659.8677013,IT=23;23 ,ii
20101,UP 1,48.919,81040,50891468.0,47.324862,2091022.9,391.2843148,IT=24;24 ,ii
20102,UP 1,48.159,86664,51461668.0,47.328851,2250519.8,391.2842512,IT=24;24 ,ii
20103,UP 1,47.226,84976,50700884.0,47.333007,2144689.5,391.2842441,IT=24;24 ,ii
20104,UP 1,50.000,86380,50175348.0,47.33723,2150756.5,391.2844201,IT=25;25 ,ii
20107,UP 1,50.000,86524,50011384.0,47.343726,2191307.8,391.2841886,IT=25;25 ,ii
20108,UP 1,50.000,85380,49615876.0,47.347897,2141585.8,391.2843175,IT=25;25 ,ii
20112,UP 1,50.000,85612,50082016.0,47.355953,2188187.0,391.2843238,IT=25;25 ,ii
20113,UP 1,50.000,83816,49177840.0,47.360124,2081580.4,391.284317,IT=25;25 ,ii
20114,UP 1,50.000,84232,50919276.0,47.364293,2306318.2,391.2844575,IT=25;25 ,ii
20116,UP 1,50.000,83324,51337536.0,47.369078,2134808.2,391.2842996,IT=25;25 ,ii
20117,UP 1,50.000,84592,52595072.0,47.373249,2260990.2,391.2843188,IT=25;25 ,ii
20120,UP 1,50.000,81704,54061124.0,47.379461,2383562.8,803.0326544,IT=25;25 ,ii
20121,UP 1,50.000,83836,53903040.0,47.383632,2491957.0,803.0330498,IT=25;25 ,ii
20123,UP 1,49.525,85084,56126524.0,47.388241,2828611.0,803.032841,IT=25;25 ,ii
20124,UP 1,46.926,81076,57021984.0,47.392367,2964212.8,803.033037,IT=23;23 ,ii
20125,UP 1,47.534,86588,60165852.0,47.396555,3441533.8,803.0329285,IT=24;24 ,ii
20126,UP 1,44.802,79388,60233476.0,47.400684,3467963.8,803.0327862,IT=22;22 ,ii
20129,UP 1,42.791,79976,62903344.0,47.406761,3727769.5,803.0324531,IT=21;21 ,ii
20130,UP 1,42.964,83432,64154840.0,47.41094,3965490.0,803.0326735,IT=21;21 ,ii
20131,UP 1,40.046,76808,65298676.0,47.414894,4170151.2,803.0326567,IT=20;20 ,ii
20134,UP 1,38.868,76364,68192488.0,47.420921,4328313.0,803.0325073,IT=19;19 ,ii
20137,UP 1,37.906,73676,70847448.0,47.428894,4808737.5,803.0324138,IT=19;19 ,ii
20138,UP 1,36.465,75840,73029240.0,47.433034,4922536.0,803.0324895,IT=18;18 ,ii
20141,UP 1,35.748,71168,72775968.0,47.438992,4778191.0,803.0324458,IT=18;18 ,ii
20145,UP 1,35.362,75932,75672632.0,47.44709,5207662.5,803.0322953,IT=18;18 ,ii
20146,UP 1,34.753,71224,75313832.0,47.451073,5070818.5,803.0325239,IT=17;17 ,ii
20150,UP 1,32.823,72896,76378336.0,47.459138,5167543.5,803.0320608,IT=16;16 ,ii
20151,UP 1,32.099,73012,75556760.0,47.463096,5250154.5,803.0323813,IT=16;16 ,ii
20154,UP 1,32.490,70020,73531536.0,47.469023,4822158.5,803.0320356,IT=16;16 ,ii
20155,UP 1,30.788,71600,74710664.0,47.472963,4919616.5,803.0323571,IT=15;15 ,ii
20157,UP 1,31.934,66152,70573888.0,47.477279,4626946.0,803.0322878,IT=16;16 ,ii
20158,UP 1,31.115,70264,72191480.0,47.481404,4394103.5,803.032266,IT=16;16 ,ii
20159,UP 1,32.713,71600,71563912.0,47.485567,4158695.0,803.0322615,IT=16;16 ,ii
20161,UP 1,32.832,75516,70621328.0,47.49005,4280661.0,803.032096,IT=16;16 ,ii
20162,UP 1,32.698,71032,69357752.0,47.494017,4115682.5,803.0321001,IT=16;16 ,ii
20163,UP 1,33.094,72472,67915816.0,47.498158,3855623.2,803.0321085,IT=17;17 ,ii
20164,UP 1,32.341,69612,67075768.0,47.502298,3578044.2,803.0323845,IT=16;16 ,ii
20166,UP 1,35.804,76232,64524956.0,47.506827,3136449.0,803.0323044,IT=18;18 ,ii
20167,UP 1,33.090,73556,65030988.0,47.510762,3147531.0,803.0321092,IT=17;17 ,ii
20168,UP 1,35.087,75136,64243480.0,47.514938,3063339.0,803.0324793,IT=18;18 ,ii
20171,UP 1,35.397,72280,61386132.0,47.521169,2633106.5,803.0323413,IT=18;18 ,ii
20172,UP 1,36.069,77636,61639004.0,47.525333,2388345.8,391.284332,IT=18;18 ,ii
20176,UP 1,34.895,75500,61272072.0,47.533139,2329407.2,391.2842371,IT=17;17 ,ii
20177,UP 1,35.305,77472,60747164.0,47.537296,2304565.2,391.2843049,IT=18;18 ,ii
20180,UP 1,35.289,75784,61477668.0,47.54355,2342431.2,391.284233,IT=18;18 ,ii
20181,UP 1,36.702,78000,60661140.0,47.547556,2358001.0,391.284231,IT=18;18 ,ii
20182,UP 1,36.422,78036,59848872.0,47.551712,2367765.8,391.2842626,IT=18;18 ,ii
20183,UP 1,36.593,75504,59832864.0,47.555875,2398107.5,391.2842758,IT=18;18 ,ii
20184,UP 1,36.317,78600,60860316.0,47.560033,2245505.5,391.2844214,IT=18;18 ,ii
20187,UP 1,35.526,77940,61479972.0,47.566285,2294089.8,391.2842877,IT=18;18 ,ii
20188,UP 1,35.266,73504,61265424.0,47.570439,2376609.2,884.9731173,IT=18;18 ,ii
20193,UP 1,34.499,74228,61568428.0,47.580064,2563381.5,884.9729057,IT=17;17 ,ii
20194,UP 1,34.753,78388,62659660.0,47.58422,2470034.8,884.9729016,IT=17;17 ,ii
20197,UP 1,35.412,77500,62806856.0,47.59022,2716097.5,884.9726446,IT=18;18 ,ii
20198,UP 1,34.927,72768,61999516.0,47.59437,2820679.2,884.9726709,IT=17;17 ,ii
20199,UP 1,35.605,75996,61790476.0,47.598533,2811968.8,884.9727184,IT=18;18 ,ii
20202,UP 1,36.178,77376,61349592.0,47.604779,2765409.2,884.9726417,IT=18;18 ,ii
20203,UP 1,36.039,80560,62988276.0,47.608939,2740148.8,884.9725423,IT=18;18 ,ii
20204,UP 1,35.405,77492,61567560.0,47.613087,2729737.5,884.9728351,IT=18;18 ,ii
20207,UP 1,34.929,80664,62549532.0,47.619035,2700921.8,884.9729981,IT=17;17 ,ii
20211,UP 1,35.025,77784,60005080.0,47.62716,2522957.2,884.9730655,IT=18;18 ,ii
20214,UP 1,36.036,75196,59372024.0,47.633126,2336540.5,884.9730116,IT=18;18 ,ii
20219,UP 1,37.281,75012,58284312.0,47.64313,2333886.0,391.2842645,IT=19;19 ,ii
20220,UP 1,37.042,77856,57603396.0,47.647282,2366914.2,391.2843267,IT=19;19 ,ii
20223,UP 1,37.745,76224,57629556.0,47.653276,2383979.2,391.2842874,IT=19;19 ,ii
20224,UP 1,39.367,81528,56873584.0,47.657466,2282251.0,391.2843541,IT=20;20 ,ii
20225,UP 1,39.221,74756,55416508.0,47.661632,2375241.5,391.2844001,IT=20;20 ,ii
20229,UP 1,39.860,80716,55943032.0,47.66952,2298538.2,391.2844067,IT=20;20 ,ii
20230,UP 1,39.659,76012,54970892.0,47.673799,2331495.2,391.2844194,IT=20;20 ,ii
20234,UP 1,39.710,79032,54864624.0,47.681934,2330707.5,391.2843403,IT=20;20 ,ii
20235,UP 1,40.802,78412,53756568.0,47.685949,2209371.5,391.2844291,IT=20;20 ,ii
20237,UP 1,41.963,77472,52894068.0,47.690415,2275045.5,391.2843838,IT=21;21 ,ii
20238,UP 1,40.559,77576,53651148.0,47.69457,2385770.8,391.2843204,IT=20;20 ,ii
20239,UP 1,43.712,83212,53373444.0,47.698799,2201532.8,391.2842989,IT=22;22 ,ii
20240,UP 1,43.718,81436,53410836.0,47.702801,2248575.5,391.2843741,IT=22;22 ,ii
20243,UP 1,42.229,75620,50966400.0,47.708897,2234866.8,730.9045023,IT=21;21 ,ii
20244,UP 1,45.366,76304,51565620.0,47.712961,2322050.0,391.2843878,IT=23;23 ,ii
20245,UP 1,44.889,77332,49831984.0,47.717132,2341436.5,730.9046349,IT=22;22 ,ii
20246,UP 1,45.900,82488,50939460.0,47.72133,2589640.5,730.9044403,IT=23;23 ,ii
20247,UP 1,47.678,79716,48746080.0,47.725534,2624575.8,730.9047004,IT=24;24 ,ii
20248,UP 1,47.879,82980,49437336.0,47.72954,2832945.5,730.9048723,IT=24;24 ,ii
20249,UP 1,48.251,83808,49570196.0,47.733719,2834259.5,730.9045235,IT=24;24 ,ii
20250,UP 1,48.851,83984,48498472.0,47.737901,2874353.0,730.9047944,IT=24;24 ,ii
20252,UP 1,49.156,82704,47533668.0,47.742661,2824377.8,730.9046875,IT=25;25 ,ii
20253,UP 1,50.000,81192,46516272.0,47.746846,2761737.2,730.9046081,IT=25;25 ,ii
20254,UP 1,50.000,82420,45517816.0,47.750848,2745996.5,730.9048179,IT=25;25 ,ii
20255,UP 1,50.000,81660,45243008.0,47.755019,2579289.5,730.9045728,IT=25;25 ,ii
20257,UP 1,50.000,83824,44412392.0,47.761392,2504859.0,730.9047229,IT=25;25 ,ii
20258,UP 1,50.000,85332,43412300.0,47.765567,2372308.8,730.9048886,IT=25;25 ,ii
20261,UP 1,50.000,85496,42689588.0,47.771777,2198622.8,730.9046763,IT=25;25 ,ii
20262,UP 1,50.000,84036,43080784.0,47.775959,2159178.5,391.2845199,IT=25;25 ,ii
20265,UP 1,50.000,84628,42374648.0,47.782154,2176653.0,391.2844016,IT=25;25 ,ii
20266,UP 1,50.000,86680,42931328.0,47.786323,2186305.8,391.28447,IT=25;25 ,ii
20269,UP 1,50.000,81000,40810028.0,47.792536,2122999.0,391.2845637,IT=25;25 ,ii
20273,UP 1,50.000,82084,39894048.0,47.800594,2061205.6,391.2845251,IT=25;25 ,ii
20274,UP 1,50.000,91620,41552876.0,47.80461,2118313.5,391.2844354,IT=25;25 ,ii
20275,UP 1,50.000,85360,40786656.0,47.808779,2188270.2,391.284634,IT=25;25 ,ii
20277,UP 1,50.000,82780,39174336.0,47.813396,2054795.0,391.2844647,IT=25;25 ,ii
20278,UP 1,50.000,88536,41104912.0,47.817565,2221375.5,391.2843562,IT=25;25 ,ii
20279,UP 1,50.000,88096,39592920.0,47.821737,2085869.6,391.2845624,IT=25;25 ,ii
20283,UP 1,50.000,89552,40714440.0,47.829812,2154177.0,391.284485,IT=25;25 ,ii
20284,UP 1,50.000,81984,38444028.0,47.833983,2024874.5,391.2846512,IT=25;25 ,ii
20287,UP 1,50.000,88584,40399312.0,47.840475,2165097.5,391.2845513,IT=25;25 ,ii
20288,UP 1,50.000,89724,40554928.0,47.844931,2136409.0,391.2844883,IT=25;25 ,ii
20289,UP 1,50.000,84536,39671480.0,47.8491,2143035.2,391.2845955,IT=25;25 ,ii
20293,UP 1,50.000,87460,39253752.0,47.857466,2102728.5,391.2844714,IT=25;25 ,ii
20294,UP 1,50.000,87920,39946104.0,47.861637,2154438.8,391.2844381,IT=25;25 ,ii
20295,UP 1,50.000,91560,40654720.0,47.865808,2107397.2,391.2845578,IT=25;25 ,ii
20297,UP 1,50.000,92972,41480044.0,47.870589,2144332.2,391.2844588,IT=25;25 ,ii
20298,UP 1,50.000,87036,39858768.0,47.874756,2088239.6,391.284512,IT=25;25 ,ii
20299,UP 1,50.000,86592,40905816.0,47.878762,2067611.8,391.2845083,IT=25;25 ,ii
20300,UP 1,50.000,91356,42749576.0,47.882931,2275490.2,391.2844103,IT=25;25 ,ii
20301,UP 1,50.000,88648,42026720.0,47.887104,2054370.1,391.2844307,IT=25;25 ,ii
20302,UP 1,50.000,87020,43105072.0,47.891275,2157432.0,391.2844618,IT=25;25 ,ii
20305,UP 1,50.000,87632,45136432.0,47.897768,2224677.5,391.2844637,IT=25;25 ,ii
20306,UP 1,50.000,87912,46128688.0,47.901939,2315340.2,391.2845324,IT=25;25 ,ii
20312,UP 1,49.103,86584,48431128.0,47.913622,2176817.0,391.284398,IT=25;25 ,ii
20318,UP 1,44.963,85800,51713152.0,47.925278,2907335.2,718.3762677,IT=22;22 ,ii
20319,UP 1,41.534,80096,53383596.0,47.929587,3090358.5,718.3766183,IT=21;21 ,ii
20321,UP 1,40.850,80644,55580848.0,47.934226,3481374.0,718.3763609,IT=20;20 ,ii
20322,UP 1,40.653,78032,54215428.0,47.938399,3426485.2,718.3764908,IT=20;20 ,ii
20324,UP 1,39.999,81760,56370652.0,47.94286,3595826.0,718.3762454,IT=20;20 ,ii
20325,UP 1,39.831,81360,57509856.0,47.947024,3755799.5,718.3762993,IT=20;20 ,ii
20326,UP 1,40.324,82884,58137252.0,47.951205,3826191.2,718.3763919,IT=20;20 ,ii
20327,UP 1,37.091,81480,58502984.0,47.955328,3767252.5,718.376495,IT=19;19 ,ii
20331,UP 1,37.843,77404,57932072.0,47.963197,3588835.5,718.3763791,IT=19;19 ,ii
20332,UP 1,36.253,77104,58590972.0,47.967334,3516315.2,718.3763727,IT=18;18 ,ii
20336,UP 1,36.444,74860,59641008.0,47.975136,3312902.2,718.3764324,IT=18;18 ,ii
20337,UP 1,35.472,75980,59505260.0,47.979107,3224164.8,718.3763329,IT=18;18 ,ii
20341,UP 1,36.153,78496,58620444.0,47.986922,2621589.0,718.3763009,IT=18;18 ,ii
20342,UP 1,37.191,78036,59859976.0,47.990932,2665636.5,718.3765346,IT=19;19 ,ii
20345,UP 1,36.084,80320,60284328.0,47.996893,2305547.2,718.3762974,IT=18;18 ,ii
20346,UP 1,36.797,75456,58720820.0,48.000888,2252856.2,391.2844024,IT=18;18 ,ii
20350,UP 1,35.207,71908,60290296.0,48.008682,2452417.0,391.2842908,IT=18;18 ,ii
20352,UP 1,33.998,72536,61182956.0,48.014767,2315599.0,391.2842184,IT=17;17 ,ii
20353,UP 1,34.574,75532,62685312.0,48.018926,2416981.0,391.2843446,IT=17;17 ,ii
20357,UP 1,34.733,75060,64529232.0,48.026763,2403700.0,391.2842117,IT=17;17 ,ii
20358,UP 1,35.330,75988,63344004.0,48.030926,2362013.2,391.2842749,IT=18;18 ,ii
20360,UP 1,33.133,70344,63687392.0,48.035434,2591710.8,391.284178,IT=17;17 ,ii
20361,UP 1,33.705,71836,65184448.0,48.039588,2921867.2,543.3145166,IT=17;17 ,ii
20364,UP 1,31.650,69976,65203992.0,48.045778,3371831.2,543.3144645,IT=16;16 ,ii
20365,UP 1,33.416,72164,65801848.0,48.049955,3763964.2,543.3145517,IT=17;17 ,ii
20368,UP 1,32.408,74828,66364188.0,48.056165,4250121.0,543.3143844,IT=16;16 ,ii
20369,UP 1,31.477,72656,66757512.0,48.060119,4634884.0,543.3144792,IT=16;16 ,ii
20370,UP 1,32.257,71068,67228120.0,48.064267,4906345.5,543.3144605,IT=16;16 ,ii
20373,UP 1,31.223,69844,67270176.0,48.070457,5298374.5,543.3143162,IT=16;16 ,ii
20374,UP 1,32.056,72060,67320824.0,48.074609,5672173.0,543.3145166,IT=16;16 ,ii
20376,UP 1,31.179,70652,66949076.0,48.078896,5637059.0,543.3142797,IT=16;16 ,ii
20377,UP 1,31.892,73728,67622712.0,48.083042,5749465.5,543.3145318,IT=16;16 ,ii
20381,UP 1,31.765,71796,66726040.0,48.090842,5735187.5,543.3144364,IT=16;16 ,ii
20382,UP 1,32.166,72052,66305168.0,48.094986,5906781.5,543.3145914,IT=16;16 ,ii
20386,UP 1,32.364,70216,65391132.0,48.10275,5507611.0,543.3144952,IT=16;16 ,ii
20387,UP 1,33.795,74696,66047668.0,48.106911,5431812.5,543.3146672,IT=17;17 ,ii
20389,UP 1,33.731,74392,65779044.0,48.111263,5119429.0,543.3144818,IT=17;17 ,ii
20390,UP 1,33.979,73712,64400024.0,48.115408,4666528.5,543.3145984,IT=17;17 ,ii
20391,UP 1,34.697,73468,64481152.0,48.119567,4631140.5,543.3146738,IT=17;17 ,ii
20393,UP 1,33.657,74076,65480840.0,48.123917,4365558.0,543.3145511,IT=17;17 ,ii
20394,UP 1,34.704,73680,63550624.0,48.128079,3968185.5,543.3144575,IT=17;17 ,ii
20395,UP 1,35.311,72672,63450252.0,48.132237,3684224.5,543.3144377,IT=18;18 ,ii
20396,UP 1,36.098,74228,62641608.0,48.136406,3271489.8,543.3144886,IT=18;18 ,ii
20397,UP 1,35.072,70912,63188952.0,48.140377,3078493.8,501.2799063,IT=18;18 ,ii
20398,UP 1,36.744,76692,63179676.0,48.144558,3195165.0,501.2799152,IT=18;18 ,ii
20399,UP 1,36.763,76660,62494664.0,48.148723,3015376.8,501.2798609,IT=18;18 ,ii
20403,UP 1,38.172,77136,61923844.0,48.156837,3023285.8,501.2797816,IT=19;19 ,ii
20404,UP 1,39.518,76968,60241172.0,48.160854,2815820.0,501.2799675,IT=20;20 ,ii
20406,UP 1,39.049,73984,59768872.0,48.165462,2887151.2,501.2798868,IT=20;20 ,ii
20407,UP 1,39.108,78704,59308060.0,48.169635,2691381.2,501.2798444,IT=20;20 ,ii
20408,UP 1,39.523,78236,57113440.0,48.17391,2575182.0,501.2798293,IT=20;20 ,ii
20413,UP 1,42.292,82828,55775856.0,48.183639,2256510.8,391.2843498,IT=21;21 ,ii
20415,UP 1,42.747,83332,55343076.0,48.18817,2355185.2,391.2842138,IT=21;21 ,ii
20416,UP 1,41.529,80340,54350528.0,48.192327,2152923.8,391.284475,IT=21;21 ,ii
20419,UP 1,44.479,83512,52868964.0,48.198733,2248643.0,391.2842985,IT=22;22 ,ii
20420,UP 1,45.582,80512,51568536.0,48.202927,2188600.2,391.2844656,IT=23;23 ,ii
20425,UP 1,45.206,83932,51520752.0,48.213002,2090878.5,391.2844211,IT=23;23 ,ii
20426,UP 1,45.199,85956,52244236.0,48.217179,2280744.5,391.2844134,IT=23;23 ,ii
20430,UP 1,44.134,81224,51111088.0,48.225445,2127784.0,391.2843646,IT=22;22 ,ii
20431,UP 1,44.335,85252,52175512.0,48.229622,2272265.8,391.2843897,IT=22;22 ,ii
20434,UP 1,44.716,85304,52074288.0,48.236026,2183432.0,391.2842942,IT=22;22 ,ii
20435,UP 1,41.704,80180,53294424.0,48.240149,2367849.5,391.2843927,IT=21;21 ,ii
20438,UP 1,40.373,84428,55996812.0,48.246451,2369055.0,391.2843015,IT=20;20 ,ii
20439,UP 1,41.243,77844,55274280.0,48.250639,2302389.0,391.2843143,IT=21;21 ,ii
20442,UP 1,40.074,79740,56442840.0,48.256695,2170141.8,391.2843902,IT=20;20 ,ii
20443,UP 1,38.990,80824,58152812.0,48.260845,2310965.0,391.2842476,IT=19;19 ,ii
20444,UP 1,39.160,78956,58271088.0,48.265018,2393704.5,391.2842989,IT=20;20 ,ii
20448,UP 1,37.201,78972,58019836.0,48.272851,2276107.8,391.2843173,IT=19;19 ,ii
20452,UP 1,37.010,77052,60390992.0,48.281043,2368090.2,391.2842753,IT=19;19 ,ii
20453,UP 1,36.862,78140,61349124.0,48.285199,2271001.0,391.2843322,IT=18;18 ,ii
20456,UP 1,36.504,76044,61450004.0,48.291457,2372360.0,391.2842045,IT=18;18 ,ii
20457,UP 1,37.256,78708,63815400.0,48.295628,2339107.5,391.2841102,IT=19;19 ,ii
20458,UP 1,34.286,75768,65035244.0,48.299736,2463896.2,391.2841222,IT=17;17 ,ii
20459,UP 1,33.723,76764,62869440.0,48.30387,2329749.5,391.2841771,IT=17;17 ,ii
20460,UP 1,34.825,80000,64480216.0,48.308032,2293290.8,775.9129334,IT=17;17 ,ii
20461,UP 1,34.077,74724,65518520.0,48.312174,2404632.0,775.9132552,IT=17;17 ,ii
20466,UP 1,34.916,73788,64857200.0,48.322088,2405712.0,391.284204,IT=17;17 ,ii
20467,UP 1,34.277,76256,66622936.0,48.326057,2282766.5,391.2842453,IT=17;17 ,ii
20472,UP 1,33.459,76184,66750028.0,48.335751,2355218.5,391.2841799,IT=17;17 ,ii
20473,UP 1,34.283,78456,66454800.0,48.339913,2323966.8,391.2841935,IT=17;17 ,ii
20476,UP 1,34.603,77744,68242880.0,48.346899,2524112.8,391.2841318,IT=17;17 ,ii
20477,UP 1,35.648,79040,67067520.0,48.351065,2276713.5,391.2843172,IT=18;18 ,ii
20480,UP 1,33.775,73544,68185200.0,48.357274,2362632.0,391.2841234,IT=17;17 ,ii
20481,UP 1,35.652,82352,69495152.0,48.361446,2341882.8,391.2842017,IT=18;18 ,ii
20486,UP 1,35.445,80488,69022096.0,48.371371,2479569.0,391.2841509,IT=18;18 ,ii
20487,UP 1,34.433,81008,68264976.0,48.375509,2453014.5,391.2842694,IT=17;17 ,ii
20492,UP 1,34.919,77736,68638664.0,48.385427,2435648.2,391.2841954,IT=17;17 ,ii
20493,UP 1,33.891,75120,67584400.0,48.389561,2474871.2,391.2842187,IT=17;17 ,ii
20494,UP 1,35.677,79316,68548304.0,48.393732,2350664.0,391.2842335,IT=18;18 ,ii
20498,UP 1,34.539,75452,66272628.0,48.401857,2406159.2,391.2842164,IT=17;17 ,ii
20499,UP 1,34.403,71176,65024072.0,48.40583,2493349.0,391.2842954,IT=17;17 ,ii
20502,UP 1,34.232,79560,67188352.0,48.412079,2346714.5,391.2841119,IT=17;17 ,ii
20503,UP 1,32.056,76136,67710168.0,48.416186,2285044.0,391.2842545,IT=16;16 ,ii
20505,UP 1,31.502,75812,68258536.0,48.420479,2476671.8,391.2841695,IT=16;16 ,ii
20506,UP 1,32.829,77428,69319656.0,48.424644,2433856.2,391.2841463,IT=16;16 ,ii
20507,UP 1,33.910,69180,65626424.0,48.4288,2440961.5,391.2842865,IT=17;17 ,ii
20510,UP 1,30.991,71804,66911152.0,48.434961,2235617.0,391.2842165,IT=15;15 ,ii
20511,UP 1,31.848,75752,69533816.0,48.438929,2466309.0,830.4519259,IT=16;16 ,ii
20512,UP 1,31.752,72680,68751528.0,48.443063,2508790.2,391.2840697,IT=16;16 ,ii
20513,UP 1,31.186,73084,68867976.0,48.447183,2459425.0,830.4519983,IT=16;16 ,ii
20517,UP 1,29.900,70984,68486232.0,48.454904,2557416.0,830.4521046,IT=15;15 ,ii
20518,UP 1,30.664,71200,67957648.0,48.458867,2444071.5,830.4521773,IT=15;15 ,ii
20521,UP 1,29.687,70404,69851768.0,48.465002,2705455.2,830.4518332,IT=15;15 ,ii
20522,UP 1,30.429,72520,71587120.0,48.469133,2792770.8,830.4520531,IT=15;15 ,ii
20525,UP 1,29.121,67716,69858200.0,48.474983,2821304.0,830.4519664,IT=15;15 ,ii
20526,UP 1,30.785,69244,68581544.0,48.479137,2739614.0,830.4520531,IT=15;15 ,ii
20529,UP 1,29.307,64524,70335512.0,48.4853,2928797.5,830.4520171,IT=15;15 ,ii
20530,UP 1,28.991,69836,70467888.0,48.489412,2864898.5,830.4521442,IT=14;14 ,ii
20531,UP 1,29.880,67792,68908168.0,48.49355,2711544.8,830.4520468,IT=15;15 ,ii
20533,UP 1,28.842,68560,72248352.0,48.497798,3190909.2,560.3244984,IT=14;14 ,ii
20534,UP 1,29.661,68964,71327800.0,48.501927,3713680.0,560.3246088,IT=15;15 ,ii
20538,UP 1,28.230,68992,72521416.0,48.509631,4599445.5,560.3245519,IT=14;14 ,ii
20539,UP 1,28.796,68604,71729096.0,48.513587,5120480.5,560.3247802,IT=14;14 ,ii
20543,UP 1,28.212,65996,72866592.0,48.521245,6279604.0,560.3247417,IT=14;14 ,ii
20544,UP 1,28.099,62016,71358392.0,48.525356,6545573.0,560.3247868,IT=14;14 ,ii
20547,UP 1,27.570,66892,73473320.0,48.531191,7462380.5,560.3246463,IT=14;14 ,ii
20548,UP 1,28.979,62700,71590736.0,48.535335,7789799.0,560.3247711,IT=14;14 ,ii
20553,UP 1,27.435,65332,73666000.0,48.545118,8830283.0,560.3246603,IT=14;14 ,ii
20554,UP 1,27.618,66768,74115928.0,48.549235,9114568.0,560.3248049,IT=14;14 ,ii
20559,UP 1,28.382,64256,72606784.0,48.558747,9285092.0,560.3246958,IT=14;14 ,ii
20560,UP 1,29.114,66100,72311904.0,48.56287,9041823.0,560.3247923,IT=15;15 ,ii
20563,UP 1,29.870,66280,70581360.0,48.568778,8651955.0,560.3247699,IT=15;15 ,ii
20564,UP 1,30.130,69436,69759248.0,48.572903,8591738.0,560.3248031,IT=15;15 ,ii
20566,UP 1,30.955,68740,67158280.0,48.577205,8134237.0,560.3247431,IT=15;15 ,ii
20567,UP 1,31.488,68212,65715452.0,48.581345,7558175.0,560.324857,IT=16;16 ,ii
20571,UP 1,33.307,70836,64002672.0,48.589112,6699636.0,560.3245892,IT=17;17 ,ii
20572,UP 1,35.362,71496,63734240.0,48.593282,6569086.5,560.3249529,IT=18;18 ,ii
20575,UP 1,37.108,75936,59461956.0,48.599561,5545168.0,560.3247266,IT=19;19 ,ii
20576,UP 1,37.654,76104,59389816.0,48.603555,5272489.5,560.3247876,IT=19;19 ,ii
20578,UP 1,38.249,74508,56871256.0,48.607961,4876853.0,560.3246206,IT=19;19 ,ii
20579,UP 1,38.666,78656,56480936.0,48.612132,4350772.5,560.324825,IT=19;19 ,ii
20580,UP 1,40.685,81812,55017804.0,48.616334,3876229.8,560.32471,IT=20;20 ,ii
20581,UP 1,40.492,79140,53904632.0,48.620336,3547386.8,560.3247519,IT=20;20 ,ii
20582,UP 1,41.653,79444,53354232.0,48.62453,3189751.0,560.3248474,IT=21;21 ,ii
20583,UP 1,44.862,81528,52234876.0,48.628772,3025958.0,560.3248795,IT=22;22 ,ii
20587,UP 1,44.097,80208,50590580.0,48.636984,2400642.0,560.3248377,IT=22;22 ,ii
20588,UP 1,46.964,82408,49105604.0,48.641047,2223848.2,560.325038,IT=23;23 ,ii
20591,UP 1,45.219,84684,50135980.0,48.647451,2298890.2,391.2843377,IT=23;23 ,ii
20592,UP 1,46.314,83600,49363936.0,48.651476,2112757.5,391.2843764,IT=23;23 ,ii
20595,UP 1,48.025,85928,50075728.0,48.657936,2287887.8,391.2842811,IT=24;24 ,ii
20596,UP 1,45.742,86164,50190248.0,48.662072,2135192.8,391.2844272,IT=23;23 ,ii
20599,UP 1,43.999,80220,51741132.0,48.66848,2328066.8,391.2842781,IT=22;22 ,ii
20600,UP 1,45.378,83524,52757148.0,48.672699,2176683.8,391.2843686,IT=23;23 ,ii
20604,UP 1,42.688,82084,53833848.0,48.680917,2282162.5,391.2842668,IT=21;21 ,ii
20605,UP 1,40.815,76340,53123108.0,48.685063,2240966.8,391.2843499,IT=20;20 ,ii
20608,UP 1,38.625,77136,56046332.0,48.691069,2277059.5,391.2843431,IT=19;19 ,ii
20612,UP 1,38.426,81248,59479248.0,48.69894,2915737.0,660.840299,IT=19;19 ,ii
20613,UP 1,35.791,73892,59989564.0,48.703084,3255995.8,660.840432,IT=18;18 ,ii
20617,UP 1,32.938,71540,62708188.0,48.710792,3952358.5,660.8402318,IT=16;16 ,ii
20618,UP 1,34.406,72572,62997292.0,48.714955,4143583.5,660.8403252,IT=17;17 ,ii
20622,UP 1,32.015,69700,64819080.0,48.722984,4816246.5,660.8404419,IT=16;16 ,ii
20626,UP 1,32.484,72916,65809512.0,48.73109,5363345.5,660.8402918,IT=16;16 ,ii
20627,UP 1,33.190,71544,65071520.0,48.735236,5530035.5,660.8406259,IT=17;17 ,ii
20630,UP 1,33.073,68716,64566748.0,48.741438,5404678.5,660.8404322,IT=17;17 ,ii
20631,UP 1,32.149,67572,65414184.0,48.745558,5573370.0,660.8404097,IT=16;16 ,ii
20632,UP 1,32.566,68676,64671532.0,48.7497,5423063.0,660.8404334,IT=16;16 ,ii
20633,UP 1,34.420,70888,63879288.0,48.753704,5268963.5,660.8405316,IT=17;17 ,ii
20634,UP 1,34.418,71076,63211556.0,48.757846,5143458.0,660.8405584,IT=17;17 ,ii
20636,UP 1,34.677,74820,61960892.0,48.762208,4843226.5,660.8403707,IT=17;17 ,ii
20637,UP 1,34.672,72740,62190952.0,48.766365,4718866.0,660.8405821,IT=17;17 ,ii
20640,UP 1,36.886,74684,60903140.0,48.772356,4220312.0,660.8404826,IT=18;18 ,ii
20645,UP 1,38.307,75924,56983116.0,48.782058,3434395.2,660.840445,IT=19;19 ,ii
20646,UP 1,39.380,76880,56769508.0,48.786064,3135516.2,660.8404437,IT=20;20 ,ii
20647,UP 1,38.458,74516,55756456.0,48.790037,2878059.0,660.8404807,IT=19;19 ,ii
20648,UP 1,41.056,79476,54698344.0,48.79425,2632762.8,660.8404786,IT=21;21 ,ii
20649,UP 1,41.070,79468,54138040.0,48.798429,2368374.2,391.2842161,IT=21;21 ,ii
20650,UP 1,41.952,78412,53774168.0,48.802618,2361504.0,391.2842075,IT=21;21 ,ii
20651,UP 1,44.214,80936,52887088.0,48.80667,2275194.5,391.2844022,IT=22;22 ,ii
20655,UP 1,44.074,80800,51472460.0,48.814908,2276159.8,391.2843668,IT=22;22 ,ii
20656,UP 1,44.738,80452,51211440.0,48.819095,2234778.8,391.2844483,IT=22;22 ,ii
20659,UP 1,45.180,78868,51055448.0,48.825489,2279779.5,391.2842577,IT=23;23 ,ii
20660,UP 1,44.513,81032,51291540.0,48.829656,2259663.5,391.2844293,IT=22;22 ,ii
20663,UP 1,44.814,83196,51270240.0,48.836052,2200113.8,391.284369,IT=22;22 ,ii
20664,UP 1,45.203,77644,50444732.0,48.840235,2279091.0,391.2843222,IT=23;23 ,ii
20667,UP 1,43.771,79968,52645112.0,48.848308,2303834.2,391.2843309,IT=22;22 ,ii
20668,UP 1,43.049,76012,52744084.0,48.852472,2283098.2,391.2844187,IT=22;22 ,ii
20672,UP 1,42.243,78932,55538776.0,48.860416,2401210.0,391.2843075,IT=21;21 ,ii
20673,UP 1,39.121,78552,57219772.0,48.864539,2773810.5,807.4552712,IT=20;20 ,ii
20676,UP 1,38.006,75604,59239864.0,48.870831,3310260.2,807.4549908,IT=19;19 ,ii
20677,UP 1,37.926,75208,59378928.0,48.874993,3631717.8,807.4552414,IT=19;19 ,ii
20679,UP 1,35.230,71232,61536632.0,48.879368,4068529.0,807.4550114,IT=18;18 ,ii
20680,UP 1,36.037,72512,62291700.0,48.883532,4378626.5,807.4552902,IT=18;18 ,ii
20684,UP 1,33.564,70600,65362992.0,48.891301,5181486.0,807.4548818,IT=17;17 ,ii
20685,UP 1,33.311,68564,66869200.0,48.895435,5599303.5,807.4551052,IT=17;17 ,ii
20690,UP 1,31.057,68836,69959560.0,48.904974,6314050.5,807.4548831,IT=16;16 ,ii
20691,UP 1,31.854,68504,69066520.0,48.909118,6626750.0,807.4549988,IT=16;16 ,ii
20695,UP 1,30.108,63920,71623448.0,48.916824,7059569.5,807.4548326,IT=15;15 ,ii
20696,UP 1,30.610,67652,70040272.0,48.92097,6899206.0,807.4551143,IT=15;15 ,ii
20697,UP 1,30.438,68460,72506008.0,48.925099,7255534.0,807.4550818,IT=15;15 ,ii
20702,UP 1,29.803,66532,71405480.0,48.934882,7047671.5,807.4548703,IT=15;15 ,ii
20703,UP 1,29.821,66064,71062504.0,48.939007,6868559.5,807.4550684,IT=15;15 ,ii
20705,UP 1,29.668,65964,69234152.0,48.943284,6862834.5,807.4549939,IT=15;15 ,ii
20706,UP 1,30.329,64544,69875176.0,48.947419,6668221.0,807.4549291,IT=15;15 ,ii
20709,UP 1,32.667,69252,66214688.0,48.953647,5987469.5,807.4550248,IT=16;16 ,ii
20711,UP 1,33.016,70556,66315820.0,48.958174,5811411.5,807.4548089,IT=17;17 ,ii
20712,UP 1,32.895,64844,63501676.0,48.962307,5381828.0,807.4549265,IT=16;16 ,ii
20715,UP 1,35.910,71336,61139728.0,48.968301,4909361.5,807.4549357,IT=18;18 ,ii
20716,UP 1,36.816,73380,59230808.0,48.972299,4482770.0,807.4551235,IT=18;18 ,ii
20718,UP 1,39.537,75604,57295628.0,48.976732,4129177.0,807.4552149,IT=20;20 ,ii
20721,UP 1,41.394,77500,54678260.0,48.98313,3478475.5,807.4549704,IT=21;21 ,ii
20722,UP 1,43.441,81328,54774428.0,48.98734,3238445.5,807.4548089,IT=22;22 ,ii
20723,UP 1,42.725,79656,52427256.0,48.991503,2774480.2,807.4549688,IT=21;21 ,ii
20726,UP 1,47.936,79332,50315024.0,48.997694,2433536.8,807.4549461,IT=24;24 ,ii
20727,UP 1,48.230,79752,49281408.0,49.001871,2200962.2,391.2842235,IT=24;24 ,ii
20728,UP 1,49.497,80264,48781012.0,49.006067,2345094.0,391.2841733,IT=25;25 ,ii
20729,UP 1,50.000,78952,46165292.0,49.010077,2169069.2,391.2841275,IT=25;25 ,ii
20731,UP 1,50.000,84808,48210916.0,49.014694,2172905.0,391.2841767,IT=25;25 ,ii
20732,UP 1,50.000,81684,47558504.0,49.018863,2330656.0,391.284206,IT=25;25 ,ii
20733,UP 1,50.000,83820,46560804.0,49.023034,2172935.0,391.2843133,IT=25;25 ,ii
20734,UP 1,50.000,80844,46401064.0,49.027204,2232560.2,391.2843083,IT=25;25 ,ii
20735,UP 1,50.000,83336,46515536.0,49.031207,2179902.2,391.2843315,IT=25;25 ,ii
20738,UP 1,50.000,78068,44162836.0,49.037402,2168610.8,391.2841159,IT=25;25 ,ii
20739,UP 1,50.000,81228,45148772.0,49.041408,2121106.0,391.2842255,IT=25;25 ,ii
20740,UP 1,50.000,76712,44411824.0,49.045573,2168940.2,391.2844431,IT=25;25 ,ii
20743,UP 1,50.000,75744,45105644.0,49.051769,2216266.2,391.2843209,IT=25;25 ,ii
20744,UP 1,50.000,80380,46050824.0,49.05594,2220778.8,391.2843743,IT=25;25 ,ii
20745,UP 1,50.000,80484,46582264.0,49.060108,2169844.5,391.2844775,IT=25;25 ,ii
20747,UP 1,49.626,80336,47437588.0,49.064883,2205389.2,391.2843869,IT=25;25 ,ii
20748,UP 1,48.152,77584,47084160.0,49.068861,2144522.8,391.2844691,IT=24;24 ,ii
20752,UP 1,48.116,74064,48361796.0,49.077185,2294905.5,391.2843816,IT=24;24 ,ii
20753,UP 1,46.075,72936,47811184.0,49.081335,2150682.8,391.2845111,IT=23;23 ,ii
20755,UP 1,46.335,71528,47859404.0,49.086062,2138973.5,391.2844334,IT=23;23 ,ii
20756,UP 1,40.799,67356,48924176.0,49.089977,2286015.2,391.284342,IT=20;20 ,ii
20757,UP 1,43.017,72196,48453212.0,49.094316,2141482.5,391.2844258,IT=22;22 ,ii
20759,UP 1,41.854,68900,49242540.0,49.098789,2291818.8,391.2843974,IT=21;21 ,ii
20760,UP 1,42.147,70404,49239092.0,49.102971,2252643.5,391.2844376,IT=21;21 ,ii
20762,UP 1,42.153,68292,48812532.0,49.107635,2338578.5,547.8636843,IT=21;21 ,ii
20763,UP 1,41.678,67960,49088832.0,49.111808,2555116.5,547.8635942,IT=21;21 ,ii
20764,UP 1,42.850,70496,49130712.0,49.115833,2591877.0,547.8637797,IT=21;21 ,ii
20767,UP 1,41.652,70600,48853412.0,49.121912,2760082.0,547.863585,IT=21;21 ,ii
20768,UP 1,42.966,71272,49207560.0,49.125937,2776405.8,547.8638111,IT=21;21 ,ii
20771,UP 1,42.053,71508,48118480.0,49.132283,2892317.5,547.8636276,IT=21;21 ,ii
20772,UP 1,44.191,72868,46533000.0,49.136491,2661814.0,547.8636464,IT=22;22 ,ii
20773,UP 1,43.333,72736,46416848.0,49.140662,2736295.5,547.8637678,IT=22;22 ,ii
20774,UP 1,42.110,70176,46664024.0,49.14482,2808532.5,547.8636757,IT=21;21 ,ii
20775,UP 1,44.509,74432,45914028.0,49.148862,2665722.2,547.8637721,IT=22;22 ,ii
20776,UP 1,46.279,71720,44675444.0,49.152893,2585324.2,547.8638227,IT=23;23 ,ii
20778,UP 1,45.706,75192,45141316.0,49.15746,2504912.8,547.8635529,IT=23;23 ,ii
20779,UP 1,45.926,75164,44313440.0,49.161637,2372404.8,547.8637113,IT=23;23 ,ii
20780,UP 1,47.446,77532,45125640.0,49.165843,2325456.5,547.8638115,IT=24;24 ,ii
20782,UP 1,46.479,72404,44308588.0,49.170583,2292634.8,391.2843355,IT=23;23 ,ii
20783,UP 1,46.645,72976,42895952.0,49.174978,2215630.8,391.2843978,IT=23;23 ,ii
20784,UP 1,49.212,74728,42836352.0,49.179201,2325393.0,391.2844378,IT=25;25 ,ii
20785,UP 1,50.000,75228,42080836.0,49.183387,2196738.8,391.2845517,IT=25;25 ,ii
20786,UP 1,50.000,77608,42859704.0,49.187558,2229315.8,391.2844049,IT=25;25 ,ii
20787,UP 1,49.663,77072,42480656.0,49.191555,2158858.0,391.2844564,IT=25;25 ,ii
20788,UP 1,48.107,75484,41933108.0,49.195697,2254123.5,391.2845061,IT=24;24 ,ii
20791,UP 1,50.000,76556,40911992.0,49.201907,2090865.9,391.2844778,IT=25;25 ,ii
20792,UP 1,50.000,81692,41136704.0,49.206078,2125745.5,391.2844595,IT=25;25 ,ii
20793,UP 1,50.000,78024,40785452.0,49.210262,2024638.9,391.284606,IT=25;25 ,ii
20799,UP 1,50.000,73076,39165380.0,49.222041,2062187.1,391.2844501,IT=25;25 ,ii
20800,UP 1,50.000,76716,40632836.0,49.226216,2261058.5,391.2843447,IT=25;25 ,ii
20801,UP 1,50.000,76188,39734540.0,49.230384,2029587.4,391.2845299,IT=25;25 ,ii
20804,UP 1,50.000,74640,39717356.0,49.236613,2084840.2,391.2845307,IT=25;25 ,ii
20805,UP 1,50.000,78516,39983652.0,49.240784,2143401.8,391.2844601,IT=25;25 ,ii
20806,UP 1,50.000,77552,39588308.0,49.244786,2166052.0,391.2845922,IT=25;25 ,ii
20808,UP 1,50.000,77488,39796760.0,49.249384,2183726.5,391.2845633,IT=25;25 ,ii
20809,UP 1,50.000,81120,39722960.0,49.253555,2058304.0,391.2844574,IT=25;25 ,ii
20810,UP 1,50.000,77284,39458340.0,49.258007,2165578.2,391.2845226,IT=25;25 ,ii
20813,UP 1,50.000,74964,39893680.0,49.264222,2124079.0,391.2844691,IT=25;25 ,ii
20814,UP 1,50.000,77656,40014004.0,49.26839,2231851.8,391.2845414,IT=25;25 ,ii
20818,UP 1,50.000,82576,40777456.0,49.276786,2159205.8,391.2844575,IT=25;25 ,ii
20819,UP 1,50.000,81820,40700640.0,49.280788,2161208.0,391.2845555,IT=25;25 ,ii
20822,UP 1,50.000,81196,40444856.0,49.287015,2149662.0,391.2844412,IT=25;25 ,ii
20823,UP 1,50.000,81040,41248588.0,49.291184,2267586.0,391.2845576,IT=25;25 ,ii
20827,UP 1,50.000,81300,40127076.0,49.299238,2150532.5,391.2844692,IT=25;25 ,ii
20828,UP 1,50.000,77552,40395460.0,49.30324,2082809.0,391.2845736,IT=25;25 ,ii
20829,UP 1,50.000,80284,41166932.0,49.307415,2133915.8,391.284511,IT=25;25 ,ii
20831,UP 1,50.000,77712,41961416.0,49.312036,2191759.8,391.284455,IT=25;25 ,ii
20832,UP 1,50.000,77392,41734216.0,49.316207,2145241.2,391.2843886,IT=25;25 ,ii
20833,UP 1,50.000,76924,41242644.0,49.320375,2136205.2,391.2845157,IT=25;25 ,ii
20835,UP 1,50.000,76748,42125560.0,49.324986,2110724.5,391.2844234,IT=25;25 ,ii
20836,UP 1,50.000,75700,42402496.0,49.328986,2243572.2,391.2843982,IT=25;25 ,ii
20837,UP 1,49.923,77264,43049272.0,49.333154,2221198.0,391.2843748,IT=25;25 ,ii
20838,UP 1,48.868,78356,42765432.0,49.337306,2168876.8,391.284306,IT=24;24 ,ii
20839,UP 1,49.267,76668,43074452.0,49.341752,2215703.0,391.2843617,IT=25;25 ,ii
20840,UP 1,50.000,75628,42184388.0,49.345934,2167076.0,391.284437,IT=25;25 ,ii
20842,UP 1,49.570,79392,43285508.0,49.350546,2142036.2,391.2842887,IT=25;25 ,ii
20843,UP 1,49.749,75528,42425052.0,49.354721,2210966.0,391.2842761,IT=25;25 ,ii
20844,UP 1,50.000,75492,41875480.0,49.358898,2130615.2,391.2843751,IT=25;25 ,ii
20845,UP 1,50.000,76132,41692376.0,49.363065,2168247.2,391.2844704,IT=25;25 ,ii
20847,UP 1,50.000,74212,42397408.0,49.367846,2307839.0,391.2843138,IT=25;25 ,ii
20848,UP 1,50.000,76792,42174796.0,49.371846,2197726.5,391.2843851,IT=25;25 ,ii
20849,UP 1,50.000,73764,41728440.0,49.376021,2177406.8,391.2844504,IT=25;25 ,ii
20851,UP 1,50.000,76364,41488916.0,49.380644,2160142.2,391.2843459,IT=25;25 ,ii
20852,UP 1,50.000,77848,41170092.0,49.384814,2183857.5,391.2844184,IT=25;25 ,ii
20855,UP 1,50.000,81456,41670936.0,49.391042,2224048.0,391.2843603,IT=25;25 ,ii
20856,UP 1,50.000,78904,41259908.0,49.395212,2139167.2,391.2843828,IT=25;25 ,ii
20859,UP 1,50.000,79240,42139832.0,49.401712,2265047.0,391.2844313,IT=25;25 ,ii
20860,UP 1,50.000,77624,42014236.0,49.405885,2171282.0,391.2843573,IT=25;25 ,ii
20861,UP 1,50.000,78944,41835352.0,49.409887,2125474.5,391.2844238,IT=25;25 ,ii
20863,UP 1,50.000,81084,43384852.0,49.414508,2281691.5,391.2844123,IT=25;25 ,ii
20864,UP 1,49.341,82488,44623860.0,49.418664,2164318.2,391.2843875,IT=25;25 ,ii
20865,UP 1,48.532,75820,43790808.0,49.422823,2234280.2,391.2843709,IT=24;24 ,ii
20868,UP 1,45.420,74128,47000876.0,49.430954,2317950.2,391.2841928,IT=23;23 ,ii
20869,UP 1,44.377,76256,48298104.0,49.435118,2493796.5,710.3787075,IT=22;22 ,ii
20872,UP 1,40.933,73888,50952140.0,49.441466,3079946.2,710.3785505,IT=20;20 ,ii
20873,UP 1,39.121,70792,51949920.0,49.445635,3501002.2,710.378555,IT=20;20 ,ii
20877,UP 1,36.833,66104,55548692.0,49.453739,4286590.0,710.3784589,IT=18;18 ,ii
20878,UP 1,35.777,72672,58027792.0,49.457722,4813932.5,710.3785374,IT=18;18 ,ii
20883,UP 1,33.336,66896,60827976.0,49.467316,5538988.5,710.3783037,IT=17;17 ,ii
20884,UP 1,31.530,62440,61694720.0,49.471433,6084457.0,710.3786753,IT=16;16 ,ii
20886,UP 1,31.779,68472,63898460.0,49.475724,6100857.5,710.3783116,IT=16;16 ,ii
20887,UP 1,31.485,68868,65007020.0,49.47986,6148768.5,710.3783257,IT=16;16 ,ii
20888,UP 1,29.743,61768,66070328.0,49.483795,6481459.5,710.3784603,IT=15;15 ,ii
20891,UP 1,29.742,65424,66490336.0,49.489649,6241261.0,710.3783225,IT=15;15 ,ii
20892,UP 1,30.249,67516,67467000.0,49.493612,6357822.5,710.3782013,IT=15;15 ,ii
20893,UP 1,28.745,63624,68060056.0,49.497718,6244522.0,710.3783953,IT=14;14 ,ii
20896,UP 1,30.090,62812,67438168.0,49.503605,6046589.0,710.3784345,IT=15;15 ,ii
20897,UP 1,30.212,65840,65715508.0,49.50782,5462773.5,710.3785236,IT=15;15 ,ii
20900,UP 1,30.229,65012,66716976.0,49.513978,5142556.5,710.3782571,IT=15;15 ,ii
20901,UP 1,30.352,67740,65952252.0,49.518112,4718508.0,710.3783016,IT=15;15 ,ii
20902,UP 1,31.463,67084,65556900.0,49.522266,4462996.5,710.3782948,IT=16;16 ,ii
20903,UP 1,31.204,67976,65732904.0,49.526243,4028373.5,710.3782782,IT=16;16 ,ii
20904,UP 1,32.653,65132,63197032.0,49.530397,3686940.5,710.3784405,IT=16;16 ,ii
20907,UP 1,34.137,66024,61136328.0,49.536345,3036305.5,710.3780787,IT=17;17 ,ii
20908,UP 1,34.137,66372,61025692.0,49.540499,2813608.8,710.3781605,IT=17;17 ,ii
20910,UP 1,34.877,66568,58229200.0,49.54502,2468985.8,782.3811269,IT=17;17 ,ii
20911,UP 1,35.270,68400,58006920.0,49.549191,2551675.5,782.3812838,IT=18;18 ,ii
20912,UP 1,36.809,71316,55676828.0,49.553193,2369877.5,782.3816058,IT=18;18 ,ii
20915,UP 1,37.252,70656,55294756.0,49.559209,2399467.5,391.2842503,IT=19;19 ,ii
20916,UP 1,38.933,72696,53708040.0,49.563232,2286104.0,391.2843047,IT=19;19 ,ii
20919,UP 1,41.385,69704,52157316.0,49.569597,2390803.5,391.2841585,IT=21;21 ,ii
20920,UP 1,41.825,76188,51744880.0,49.57378,2273377.8,391.2842018,IT=21;21 ,ii
20921,UP 1,43.622,78380,50949852.0,49.577995,2326733.8,391.2842116,IT=22;22 ,ii
20922,UP 1,45.077,74592,48762988.0,49.582199,2333722.2,391.2842198,IT=23;23 ,ii
20923,UP 1,46.794,78564,48338112.0,49.58623,2301858.8,391.2843432,IT=23;23 ,ii
20926,UP 1,48.507,85144,46708492.0,49.592717,2142764.2,391.2842791,IT=24;24 ,ii
20927,UP 1,49.111,74152,44445948.0,49.596736,2223302.5,391.2844266,IT=25;25 ,ii
20929,UP 1,50.000,83384,44750120.0,49.601338,2197529.8,391.2842361,IT=25;25 ,ii
20930,UP 1,50.000,79764,43704432.0,49.605509,2185634.8,391.2843224,IT=25;25 ,ii
20931,UP 1,50.000,79376,43274420.0,49.60969,2235344.8,391.2843134,IT=25;25 ,ii
20932,UP 1,50.000,79708,42361536.0,49.613861,2158714.2,391.28438,IT=25;25 ,ii
20936,UP 1,50.000,81824,40977332.0,49.621938,2185324.2,391.2842995,IT=25;25 ,ii
20937,UP 1,50.000,79352,40419712.0,49.626111,2098351.8,391.2844237,IT=25;25 ,ii
20940,UP 1,50.000,79136,40021744.0,49.632594,2182185.0,391.2843471,IT=25;25 ,ii
20941,UP 1,50.000,79508,39223340.0,49.636769,2103530.2,391.2843221,IT=25;25 ,ii
20942,UP 1,50.000,80000,39208092.0,49.640944,2173875.2,391.2842934,IT=25;25 ,ii
20943,UP 1,50.000,77784,38404788.0,49.644946,2111664.0,391.2843761,IT=25;25 ,ii
20944,UP 1,50.000,79196,39128048.0,49.649113,2241945.8,391.2843656,IT=25;25 ,ii
20946,UP 1,50.000,79572,38822684.0,49.653723,2051131.2,391.2843613,IT=25;25 ,ii
20947,UP 1,50.000,82960,39088532.0,49.657892,2178858.5,391.2844543,IT=25;25 ,ii
20949,UP 1,50.000,86312,39309852.0,49.662698,2136967.8,391.2844199,IT=25;25 ,ii
20950,UP 1,50.000,86056,39732800.0,49.666869,2116816.5,391.2844979,IT=25;25 ,ii
20952,UP 1,50.000,82180,40146232.0,49.671492,2228829.8,391.2843102,IT=25;25 ,ii
20953,UP 1,50.000,85900,40784996.0,49.675946,2252442.0,391.284409,IT=25;25 ,ii
20957,UP 1,50.000,77608,38944228.0,49.684312,2161556.8,391.284404,IT=25;25 ,ii
20958,UP 1,50.000,85308,40873988.0,49.688496,2159098.2,391.2844535,IT=25;25 ,ii
20961,UP 1,50.000,79776,40425580.0,49.695021,2110806.2,391.2843886,IT=25;25 ,ii
20962,UP 1,49.984,81996,42027644.0,49.69919,2212976.2,391.2843614,IT=25;25 ,ii
20964,UP 1,48.805,79612,41951428.0,49.703954,2237790.0,391.2842655,IT=24;24 ,ii
20965,UP 1,50.000,79368,41546456.0,49.707977,2124362.8,391.2842874,IT=25;25 ,ii
20966,UP 1,50.000,78208,42416280.0,49.712146,2257518.5,391.2842109,IT=25;25 ,ii
20967,UP 1,50.000,80736,41808584.0,49.716319,2134127.0,582.3745465,IT=25;25 ,ii
20969,UP 1,50.000,79236,41182144.0,49.721087,2135574.0,391.2842299,IT=25;25 ,ii
20970,UP 1,50.000,84392,42292720.0,49.725258,2240843.8,391.2843141,IT=25;25 ,ii
20972,UP 1,50.000,79396,41919824.0,49.729864,2204226.2,391.2843329,IT=25;25 ,ii
20973,UP 1,49.688,75152,40961744.0,49.734029,2131553.8,582.3745706,IT=25;25 ,ii
20976,UP 1,50.000,78352,42446952.0,49.740273,2149846.8,391.2843303,IT=25;25 ,ii
20977,UP 1,50.000,79512,41269876.0,49.744439,2230996.0,391.2843436,IT=25;25 ,ii
20980,UP 1,50.000,75144,39947756.0,49.750979,2132925.8,391.2843089,IT=25;25 ,ii
20981,UP 1,50.000,80316,40876364.0,49.75515,2285757.5,391.2843478,IT=25;25 ,ii
20982,UP 1,50.000,77348,39790884.0,49.75962,2167097.2,391.2843802,IT=25;25 ,ii
20983,UP 1,50.000,76532,38804488.0,49.763787,2138450.5,391.2844883,IT=25;25 ,ii
20986,UP 1,50.000,79420,37797276.0,49.770293,2152260.5,391.2843628,IT=25;25 ,ii
20987,UP 1,50.000,75784,36529076.0,49.774464,2153573.2,391.2843757,IT=25;25 ,ii
20988,UP 1,50.000,78628,35867044.0,49.778635,2069245.5,391.2845844,IT=25;25 ,ii
20990,UP 1,50.000,81084,35833680.0,49.783243,2104615.5,391.2843527,IT=25;25 ,ii
20991,UP 1,50.000,76520,35115816.0,49.787412,2119327.0,391.2843246,IT=25;25 ,ii
20992,UP 1,50.000,76624,34238016.0,49.791581,2090076.5,391.2843676,IT=25;25 ,ii
20993,UP 1,50.000,73500,33469908.0,49.795747,2178445.8,391.2844864,IT=25;25 ,ii
20995,UP 1,50.000,81112,34079956.0,49.800514,2052278.2,391.2843483,IT=25;25 ,ii
20996,UP 1,50.000,76384,33086436.0,49.804516,2127768.2,391.2844323,IT=25;25 ,ii
20997,UP 1,50.000,74692,31824300.0,49.808687,2109762.0,391.2844648,IT=25;25 ,ii
20999,UP 1,50.000,75132,31827696.0,49.81332,2095676.1,391.2844775,IT=25;25 ,ii
21000,UP 1,50.000,75520,30264428.0,49.817495,1982163.9,391.2846503,IT=25;25 ,ii
21002,UP 1,50.000,74864,30328930.0,49.82226,2088655.0,391.2844943,IT=25;25 ,ii
21003,UP 1,50.000,74764,30473158.0,49.826264,2016269.5,391.2844216,IT=25;25 ,ii
21004,UP 1,50.000,79016,30532298.0,49.830432,2141917.0,391.2844137,IT=25;25 ,ii
21005,UP 1,50.000,74164,29546560.0,49.834601,2036478.4,391.2844272,IT=25;25 ,ii
21006,UP 1,50.000,77600,29638122.0,49.838776,2111089.8,391.2844201,IT=25;25 ,ii
21007,UP 1,50.000,77216,28921370.0,49.843239,2050771.1,391.2844412,IT=25;25 ,ii
21008,UP 1,50.000,71848,28439722.0,49.847409,2117081.2,391.2844338,IT=25;25 ,ii
21009,UP 1,50.000,75488,27575282.0,49.851578,1979360.9,391.2844537,IT=25;25 ,ii
21010,UP 1,50.000,76548,28938252.0,49.855751,2129965.5,391.2844713,IT=25;25 ,ii
21011,UP 1,50.000,77564,28785064.0,49.859918,2133465.2,391.2844684,IT=25;25 ,ii
21012,UP 1,50.000,73328,27582442.0,49.864086,1967552.6,391.2845851,IT=25;25 ,ii
21013,UP 1,50.000,74868,27762538.0,49.868088,2026385.5,391.2846783,IT=25;25 ,ii
21015,UP 1,50.000,73516,27661978.0,49.872715,1986201.1,391.2845741,IT=25;25 ,ii
21016,UP 1,50.000,76408,28309436.0,49.876884,2120720.0,391.2845175,IT=25;25 ,ii
21017,UP 1,50.000,70844,26846848.0,49.881051,1972959.5,391.2845785,IT=25;25 ,ii
21019,UP 1,50.000,74844,27431664.0,49.885826,1981426.6,391.2844622,IT=25;25 ,ii
21020,UP 1,50.000,70712,27500656.0,49.889826,2154456.8,391.2843594,IT=25;25 ,ii
21021,UP 1,50.000,69628,26464686.0,49.893997,1998872.9,391.2845048,IT=25;25 ,ii
21022,UP 1,50.000,73636,27129306.0,49.898167,1980605.4,391.2845319,IT=25;25 ,ii
21024,UP 1,50.000,74116,27546412.0,49.902959,2065597.9,391.2844214,IT=25;25 ,ii
21025,UP 1,50.000,73424,26912734.0,49.907124,1974563.6,391.2845242,IT=25;25 ,ii
21026,UP 1,50.000,69524,26991160.0,49.911126,2034067.8,391.2844629,IT=25;25 ,ii
21027,UP 1,50.000,71808,27257556.0,49.915292,1967724.9,391.2845662,IT=25;25 ,ii
21029,UP 1,50.000,71696,27229646.0,49.91989,2013351.0,391.2844641,IT=25;25 ,ii
21030,UP 1,50.000,75208,27291624.0,49.924353,2065605.9,391.2844754,IT=25;25 ,ii
21031,UP 1,50.000,73256,26856436.0,49.928523,2002685.9,391.2845102,IT=25;25 ,ii
21032,UP 1,50.000,70624,27048732.0,49.932523,2072346.4,391.2844714,IT=25;25 ,ii
21033,UP 1,50.000,73936,27619558.0,49.936692,2103550.5,391.2845024,IT=25;25 ,ii
21034,UP 1,50.000,76452,27966268.0,49.940861,2078539.4,391.2845118,IT=25;25 ,ii
21037,UP 1,50.000,72496,26934744.0,49.947082,2007603.0,391.2845327,IT=25;25 ,ii
21038,UP 1,50.000,70880,27060256.0,49.95125,1965805.4,391.284515,IT=25;25 ,ii
21040,UP 1,50.000,71608,28029246.0,49.956015,2064586.6,391.2843473,IT=25;25 ,ii
21041,UP 1,50.000,74804,28291460.0,49.960184,2089314.0,391.2844386,IT=25;25 ,ii
21042,UP 1,50.000,71128,27254444.0,49.964188,2006135.1,391.2844883,IT=25;25 ,ii
21043,UP 1,50.000,74436,28664926.0,49.968356,2060390.9,391.2844119,IT=25;25 ,ii
21044,UP 1,50.000,76864,28354066.0,49.972523,2099582.2,391.2845135,IT=25;25 ,ii
21047,UP 1,50.000,73128,27456474.0,49.978752,1979568.8,391.2844899,IT=25;25 ,ii
21048,UP 1,50.000,71360,27740336.0,49.982921,2139717.2,391.2845862,IT=25;25 ,ii
21051,UP 1,50.000,72768,28201574.0,49.989419,2077900.1,391.2844432,IT=25;25 ,ii
21052,UP 1,50.000,73720,28982560.0,49.993588,2148872.2,391.2845081,IT=25;25 ,ii
21054,UP 1,50.000,75772,28046780.0,49.998369,2001827.8,391.2845755,IT=25;25 ,ii
21055,UP 1,50.000,70988,28044928.0,50.002379,2021332.2,391.2844652,IT=25;25 ,ii
21056,UP 1,50.000,74104,28812736.0,50.00655,2129258.0,391.2843993,IT=25;25 ,ii
21057,UP 1,50.000,77588,28341452.0,50.011006,1937749.8,391.2845022,IT=25;25 ,ii
21059,UP 1,50.000,74200,29314748.0,50.015606,2072409.1,391.2844465,IT=25;25 ,ii
21060,UP 1,50.000,74772,29062568.0,50.019777,2017503.8,391.2844406,IT=25;25 ,ii
21061,UP 1,50.000,70848,29265346.0,50.023946,2088543.1,391.2844543,IT=25;25 ,ii
21064,UP 1,50.000,75152,29841144.0,50.030456,1930941.0,391.2844194,IT=25;25 ,ii
21065,UP 1,50.000,74520,30739352.0,50.034625,2090833.0,391.284531,IT=25;25 ,ii
21067,UP 1,50.000,79396,31535770.0,50.039246,2041347.5,391.28436,IT=25;25 ,ii
21068,UP 1,50.000,76344,31864966.0,50.043416,2131558.2,391.2843433,IT=25;25 ,ii
21072,UP 1,50.000,76144,33205056.0,50.051791,2048111.5,391.2843265,IT=25;25 ,ii
21073,UP 1,50.000,79292,33983500.0,50.055962,2137122.8,391.2844063,IT=25;25 ,ii
21076,UP 1,50.000,83244,35050312.0,50.062189,2093338.1,391.284388,IT=25;25 ,ii
21081,UP 1,50.000,81484,36144776.0,50.072079,2112278.0,391.2843022,IT=25;25 ,ii
21082,UP 1,50.000,79096,36602920.0,50.076081,2105609.0,391.2842365,IT=25;25 ,ii
21083,UP 1,50.000,81156,36962900.0,50.080249,2098704.2,391.2842401,IT=25;25 ,ii
21084,UP 1,50.000,83136,37148904.0,50.084422,2154517.2,391.2842111,IT=25;25 ,ii
21085,UP 1,50.000,81188,37151864.0,50.088595,2011597.8,391.2843364,IT=25;25 ,ii
21088,UP 1,50.000,80760,38825912.0,50.096795,2224005.8,391.2842734,IT=25;25 ,ii
21089,UP 1,48.994,81000,38488772.0,50.100949,2081305.8,391.2842889,IT=24;24 ,ii
21090,UP 1,49.543,77308,39339088.0,50.10513,2308202.8,391.2843007,IT=25;25 ,ii
21091,UP 1,49.578,78508,39172696.0,50.109303,2222651.5,391.2843864,IT=25;25 ,ii
21094,UP 1,48.477,77352,40227360.0,50.115474,2217599.5,391.2843332,IT=24;24 ,ii
21095,UP 1,48.197,78084,40262720.0,50.119472,2218587.8,391.2843419,IT=24;24 ,ii
21096,UP 1,48.202,79044,40019352.0,50.12366,2182631.0,391.2842948,IT=24;24 ,ii
21097,UP 1,47.574,78124,39970956.0,50.127816,2214074.0,391.2842396,IT=24;24 ,ii
21098,UP 1,49.214,83100,39729156.0,50.13202,2239331.8,391.2842188,IT=25;25 ,ii
21099,UP 1,49.235,76620,38285628.0,50.136189,2119386.5,391.2843537,IT=25;25 ,ii
21101,UP 1,50.000,77292,38633964.0,50.140816,2091529.9,391.2842746,IT=25;25 ,ii
21102,UP 1,50.000,79516,38487844.0,50.144991,2189137.2,391.2843817,IT=25;25 ,ii
21105,UP 1,50.000,75176,37818320.0,50.151501,2092769.1,391.2842774,IT=25;25 ,ii
21106,UP 1,50.000,78448,37679552.0,50.155682,2235261.8,391.2843127,IT=25;25 ,ii
21108,UP 1,50.000,75964,36499580.0,50.160307,2212004.0,391.2843394,IT=25;25 ,ii
21109,UP 1,50.000,80096,37146996.0,50.164476,2062261.4,391.2843697,IT=25;25 ,ii
21111,UP 1,50.000,75216,36424788.0,50.169249,2252048.5,391.284253,IT=25;25 ,ii
21112,UP 1,50.000,75132,35487888.0,50.17342,2091362.6,391.2842813,IT=25;25 ,ii
21114,UP 1,50.000,76224,36554708.0,50.179768,2166584.0,391.2842858,IT=25;25 ,ii
21115,UP 1,50.000,74808,35912000.0,50.183938,2156557.0,391.2843573,IT=25;25 ,ii
21119,UP 1,50.000,74704,35219932.0,50.192001,2128303.0,391.28429,IT=25;25 ,ii
21120,UP 1,50.000,77544,35158236.0,50.196178,2154557.2,391.2843187,IT=25;25 ,ii
21121,UP 1,50.000,75588,35040864.0,50.200353,2134536.5,391.2844483,IT=25;25 ,ii
21123,UP 1,50.000,73772,34924196.0,50.204951,2118833.5,391.2843492,IT=25;25 ,ii
21124,UP 1,50.000,74884,35183640.0,50.209132,2162631.8,391.2843938,IT=25;25 ,ii
21125,UP 1,50.000,75368,35072848.0,50.213301,2136865.0,391.2842643,IT=25;25 ,ii
21126,UP 1,50.000,76124,35459996.0,50.217471,2194134.0,391.28433,IT=25;25 ,ii
21127,UP 1,50.000,71624,34340472.0,50.221646,2126597.0,391.2843497,IT=25;25 ,ii
21128,UP 1,50.000,73388,34708612.0,50.225648,2139898.8,391.2842759,IT=25;25 ,ii
21129,UP 1,50.000,73072,34367680.0,50.229817,2027046.6,391.2845175,IT=25;25 ,ii
21131,UP 1,50.000,72016,33498694.0,50.23445,2081949.5,391.2843207,IT=25;25 ,ii
21132,UP 1,50.000,73692,34305188.0,50.238619,2173507.2,391.2844209,IT=25;25 ,ii
21134,UP 1,50.000,74872,34206252.0,50.2434,2153134.0,391.2842442,IT=25;25 ,ii
21135,UP 1,50.000,72632,33889092.0,50.247413,2121446.8,391.2842661,IT=25;25 ,ii
21136,UP 1,50.000,72948,33321084.0,50.251582,2159619.8,391.2843431,IT=25;25 ,ii
21137,UP 1,50.000,73436,33374116.0,50.255773,2066034.5,391.2844044,IT=25;25 ,ii
21139,UP 1,50.000,75700,33492082.0,50.26213,2091763.8,391.2843368,IT=25;25 ,ii
21140,UP 1,50.000,77576,34391504.0,50.266298,2172923.8,391.2843742,IT=25;25 ,ii
21141,UP 1,50.000,76968,33075274.0,50.270467,2014131.5,391.2843402,IT=25;25 ,ii
21142,UP 1,50.000,73856,33706928.0,50.274638,2186543.5,391.2843181,IT=25;25 ,ii
21143,UP 1,50.000,76360,33789752.0,50.278644,2107010.8,391.2845026,IT=25;25 ,ii
21147,UP 1,50.000,74444,34187200.0,50.286992,2114761.2,391.2843225,IT=25;25 ,ii
21148,UP 1,50.000,74292,34742792.0,50.291165,2284846.8,391.2844649,IT=25;25 ,ii
21150,UP 1,50.000,76772,34699536.0,50.295767,2157780.5,391.2843534,IT=25;25 ,ii
21151,UP 1,50.000,73476,34534156.0,50.299938,2152728.5,391.2844189,IT=25;25 ,ii
21152,UP 1,50.000,77316,35903084.0,50.304108,2162206.2,391.2843827,IT=25;25 ,ii
21153,UP 1,50.000,76864,35071224.0,50.308292,2026722.6,391.2844846,IT=25;25 ,ii
21154,UP 1,50.000,77052,36809760.0,50.312471,2215017.5,391.2844528,IT=25;25 ,ii
21156,UP 1,50.000,76268,37031092.0,50.317075,2231336.2,391.2844137,IT=25;25 ,ii
21157,UP 1,50.000,73568,36597628.0,50.321254,2154171.2,391.2844215,IT=25;25 ,ii
21158,UP 1,50.000,78524,37663536.0,50.325425,2100113.8,642.33098,IT=25;25 ,ii
21160,UP 1,50.000,78028,38168728.0,50.330044,2231337.5,642.3307726,IT=25;25 ,ii
21161,UP 1,50.000,71908,36700932.0,50.334214,2314491.8,642.3307746,IT=25;25 ,ii
21162,UP 1,50.000,74800,37653876.0,50.338235,2376742.5,642.3305313,IT=25;25 ,ii
21163,UP 1,50.000,74028,37342644.0,50.342689,2501590.0,642.3305214,IT=25;25 ,ii
21164,UP 1,50.000,79208,37721424.0,50.346877,2492722.0,642.3305154,IT=25;25 ,ii
21165,UP 1,50.000,78220,38109584.0,50.351052,2595301.2,642.3306882,IT=25;25 ,ii
21167,UP 1,50.000,76808,37089176.0,50.355835,2512538.0,642.3305846,IT=25;25 ,ii
21168,UP 1,50.000,72036,35638904.0,50.360008,2443433.2,642.3305288,IT=25;25 ,ii
21169,UP 1,50.000,76268,36996144.0,50.364008,2405442.8,642.3307266,IT=25;25 ,ii
21170,UP 1,50.000,76948,35438724.0,50.368183,2236906.5,642.3304879,IT=25;25 ,ii
21171,UP 1,50.000,76684,35716204.0,50.372352,2148166.2,642.3307142,IT=25;25 ,ii
21172,UP 1,50.000,77256,35898136.0,50.37652,2149867.5,391.2843573,IT=25;25 ,ii
21173,UP 1,50.000,77872,35462576.0,50.380522,2069640.6,391.2844431,IT=25;25 ,ii
21175,UP 1,50.000,76064,34563616.0,50.385127,2103295.0,391.284311,IT=25;25 ,ii
21176,UP 1,50.000,77564,34388556.0,50.389302,2052200.6,391.2843218,IT=25;25 ,ii
21177,UP 1,50.000,76948,34811560.0,50.393472,2018097.2,391.2844014,IT=25;25 ,ii
21180,UP 1,50.000,75664,33855396.0,50.39996,2081081.5,391.2843663,IT=25;25 ,ii
21181,UP 1,50.000,78624,34471780.0,50.404131,2129927.0,391.2843223,IT=25;25 ,ii
21182,UP 1,50.000,76232,33912556.0,50.408306,2088130.6,391.2843519,IT=25;25 ,ii
21184,UP 1,50.000,71608,33455650.0,50.412906,2081543.0,391.28434,IT=25;25 ,ii
21185,UP 1,50.000,77592,35164108.0,50.417083,2192202.2,391.2844443,IT=25;25 ,ii
21190,UP 1,50.000,73088,36028268.0,50.426978,2161819.5,391.2843892,IT=25;25 ,ii
21194,UP 1,49.551,75032,37372380.0,50.437035,2131942.5,391.284269,IT=25;25 ,ii
21195,UP 1,50.000,74784,37765360.0,50.44121,2086695.5,391.2843661,IT=25;25 ,ii
21200,UP 1,45.822,73496,40778420.0,50.451072,2204463.5,391.2841842,IT=23;23 ,ii
21201,UP 1,47.866,74244,41636120.0,50.455118,2228860.5,391.2842717,IT=24;24 ,ii
21204,UP 1,46.735,74708,42451164.0,50.461257,2168778.2,391.2841824,IT=23;23 ,ii
21205,UP 1,46.900,70772,42780984.0,50.465268,2178475.0,391.2843131,IT=23;23 ,ii
21208,UP 1,43.949,69972,44818388.0,50.471678,2178719.5,391.2841244,IT=22;22 ,ii
21209,UP 1,43.239,71540,46055840.0,50.475682,2294720.5,391.2842206,IT=22;22 ,ii
21211,UP 1,42.206,64564,45563704.0,50.480186,2371370.5,391.2841634,IT=21;21 ,ii
21212,UP 1,42.016,69632,45797784.0,50.484368,2252853.0,391.2842195,IT=21;21 ,ii
21215,UP 1,44.190,72388,47121480.0,50.490499,2259026.2,391.2841893,IT=22;22 ,ii
21216,UP 1,44.619,69972,46666584.0,50.494686,2196211.8,391.2841317,IT=22;22 ,ii
21219,UP 1,41.983,70084,48285792.0,50.501024,2313149.8,391.2840474,IT=21;21 ,ii
21220,UP 1,40.599,65244,48277104.0,50.505182,2320296.0,391.2839486,IT=20;20 ,ii
21223,UP 1,39.326,68288,50175168.0,50.513211,2239458.5,391.2840013,IT=20;20 ,ii
21224,UP 1,36.946,63040,49897896.0,50.517351,2393126.5,391.2839702,IT=18;18 ,ii
21225,UP 1,37.624,63436,51067484.0,50.521509,2285628.8,391.2840883,IT=19;19 ,ii
21226,UP 1,36.460,64540,50736904.0,50.525655,2395742.2,851.4571081,IT=18;18 ,ii
21230,UP 1,36.222,58984,51984760.0,50.53349,3204843.8,851.457379,IT=18;18 ,ii
21231,UP 1,34.884,64980,53539784.0,50.537623,3327254.8,851.4571424,IT=17;17 ,ii
21232,UP 1,32.916,64592,53839064.0,50.541736,3682363.8,851.4575808,IT=16;16 ,ii
21237,UP 1,33.356,57348,52462392.0,50.55163,4166949.0,851.4571978,IT=17;17 ,ii
21238,UP 1,33.439,60008,52840108.0,50.5556,4199243.5,851.4572274,IT=17;17 ,ii
21239,UP 1,32.696,57028,52733492.0,50.55973,4615764.0,851.4573722,IT=16;16 ,ii
21241,UP 1,33.219,59860,52458132.0,50.564073,4617583.0,851.457192,IT=17;17 ,ii
21242,UP 1,34.378,62904,52461456.0,50.568232,4796757.5,851.4571197,IT=17;17 ,ii
21243,UP 1,34.856,61320,51845620.0,50.572209,4643835.0,851.4570853,IT=17;17 ,ii
21244,UP 1,35.124,58076,50868112.0,50.576361,4417073.5,851.4571398,IT=18;18 ,ii
21245,UP 1,35.993,63816,49718112.0,50.580519,4219673.0,851.4574134,IT=18;18 ,ii
21248,UP 1,35.932,62160,49079560.0,50.586511,3944373.5,851.4572179,IT=18;18 ,ii
21249,UP 1,37.758,60032,46067320.0,50.590711,3698021.5,851.4571595,IT=19;19 ,ii
21250,UP 1,38.519,66064,45742452.0,50.594884,3459549.2,851.4572697,IT=19;19 ,ii
21251,UP 1,40.186,62324,43618984.0,50.598911,3001903.0,851.4574131,IT=20;20 ,ii
21255,UP 1,44.434,70588,41688152.0,50.606906,2636828.5,851.4572764,IT=22;22 ,ii
21256,UP 1,46.688,70576,40292112.0,50.611119,2290609.2,391.2841598,IT=23;23 ,ii
21257,UP 1,47.666,67512,38104836.0,50.615133,2185868.0,391.2843604,IT=24;24 ,ii
21261,UP 1,50.000,70664,36320880.0,50.623194,2093636.8,391.2842785,IT=25;25 ,ii
21262,UP 1,50.000,72352,35629844.0,50.627369,2176349.0,391.2843101,IT=25;25 ,ii
21263,UP 1,50.000,73784,35232224.0,50.631369,2062127.0,391.2845158,IT=25;25 ,ii
21265,UP 1,50.000,73268,34966008.0,50.635992,2138222.0,391.284313,IT=25;25 ,ii
21266,UP 1,50.000,77116,35216592.0,50.640167,2165924.2,391.2844466,IT=25;25 ,ii
21268,UP 1,50.000,71992,34158492.0,50.644787,2014625.6,391.2843729,IT=25;25 ,ii
21269,UP 1,50.000,74296,34514072.0,50.648962,2134886.5,391.2843562,IT=25;25 ,ii
21271,UP 1,50.000,72708,34481008.0,50.653739,2110967.2,391.2843362,IT=25;25 ,ii
21272,UP 1,50.000,71500,35139296.0,50.657746,2123160.0,391.2844147,IT=25;25 ,ii
21275,UP 1,50.000,71924,35387488.0,50.66426,2175187.5,391.2843385,IT=25;25 ,ii
21276,UP 1,50.000,72016,36511284.0,50.668271,2157926.2,391.284453,IT=25;25 ,ii
21278,UP 1,50.000,73384,36891704.0,50.672904,2226091.2,391.2842918,IT=25;25 ,ii
21279,UP 1,50.000,75696,38490644.0,50.67737,2170500.0,391.2842855,IT=25;25 ,ii
21280,UP 1,48.732,76688,39378392.0,50.681529,2204896.5,391.2842127,IT=24;24 ,ii
21281,UP 1,49.179,75788,39163580.0,50.685714,2178879.2,391.2842494,IT=25;25 ,ii
21282,UP 1,47.875,74196,40695108.0,50.689706,2267470.2,391.2842176,IT=24;24 ,ii
21283,UP 1,48.932,76632,40342060.0,50.693889,2065612.2,391.2842134,IT=24;24 ,ii
21284,UP 1,45.875,70576,41158696.0,50.69801,2278556.0,636.8568103,IT=23;23 ,ii
21285,UP 1,43.944,70164,41601140.0,50.702158,2387752.8,636.8568842,IT=22;22 ,ii
21288,UP 1,42.571,71292,42828724.0,50.708524,2724217.0,636.8569453,IT=21;21 ,ii
21289,UP 1,43.586,68548,43575752.0,50.712716,2893170.0,636.8567824,IT=22;22 ,ii
21290,UP 1,42.976,70180,44423928.0,50.716883,3168196.8,636.8569287,IT=21;21 ,ii
21293,UP 1,41.013,73064,44878768.0,50.722914,3295775.8,636.8568938,IT=21;21 ,ii
21294,UP 1,41.644,77272,46430600.0,50.726926,3290908.8,636.8568892,IT=21;21 ,ii
21298,UP 1,39.884,71492,46816348.0,50.735135,3283640.0,636.8567635,IT=20;20 ,ii
21299,UP 1,40.402,66232,45417888.0,50.739312,3214627.0,636.8567471,IT=20;20 ,ii
21300,UP 1,41.126,72812,45303776.0,50.743322,3055671.0,636.8565939,IT=21;21 ,ii
21301,UP 1,42.528,71496,45098484.0,50.74752,3020544.5,636.8567254,IT=21;21 ,ii
21302,UP 1,43.715,70184,43302288.0,50.751714,2674987.2,636.8568589,IT=22;22 ,ii
21303,UP 1,42.930,71672,43896668.0,50.755878,2680079.8,636.85673,IT=21;21 ,ii
21304,UP 1,43.246,70252,44183200.0,50.760235,2539554.8,636.8566691,IT=22;22 ,ii
21305,UP 1,42.589,73056,43764964.0,50.764397,2386833.8,670.9063441,IT=21;21 ,ii
21308,UP 1,44.617,73024,43946720.0,50.770534,2438987.5,670.9061891,IT=22;22 ,ii
21309,UP 1,44.279,72092,42885912.0,50.77453,2359800.2,670.9062109,IT=22;22 ,ii
21312,UP 1,46.807,75960,42703732.0,50.780705,2430331.0,670.9061559,IT=23;23 ,ii
21313,UP 1,45.905,75352,42736536.0,50.784874,2405509.0,670.9063472,IT=23;23 ,ii
21315,UP 1,46.602,76592,41716624.0,50.789418,2390381.2,670.9061585,IT=23;23 ,ii
21316,UP 1,46.360,73980,41435952.0,50.793591,2287959.2,391.2841271,IT=23;23 ,ii
21317,UP 1,48.989,77872,40954316.0,50.797811,2259278.0,391.2840252,IT=24;24 ,ii
21318,UP 1,48.708,78756,40569040.0,50.801988,2161866.8,391.2841279,IT=24;24 ,ii
21320,UP 1,48.852,78440,40343048.0,50.806586,2184698.2,391.2841606,IT=24;24 ,ii
21321,UP 1,49.488,79196,40376300.0,50.810772,2128986.5,391.2842585,IT=25;25 ,ii
21323,UP 1,50.000,76440,39303400.0,50.81539,2159231.0,391.2841973,IT=25;25 ,ii
21324,UP 1,48.519,76772,39436336.0,50.81954,2095320.6,391.2842859,IT=24;24 ,ii
21326,UP 1,46.680,75460,40465420.0,50.824272,2345754.2,391.2841738,IT=23;23 ,ii
21327,UP 1,49.813,77840,39856764.0,50.828326,2153246.5,391.2842515,IT=25;25 ,ii
21329,UP 1,47.009,76468,40172456.0,50.832894,2231017.2,391.2842175,IT=24;24 ,ii
21330,UP 1,48.092,76152,40194264.0,50.837096,2240007.5,391.2841852,IT=24;24 ,ii
21331,UP 1,46.992,73368,38975372.0,50.841253,2256872.8,391.2841012,IT=23;23 ,ii
21332,UP 1,49.954,81372,39731396.0,50.845478,2184683.5,391.284104,IT=25;25 ,ii
21335,UP 1,50.000,75924,38624016.0,50.851988,2145748.2,391.2841069,IT=25;25 ,ii
21336,UP 1,48.300,73884,38802516.0,50.85613,2161351.0,391.2842577,IT=24;24 ,ii
21339,UP 1,49.944,75772,37874640.0,50.862617,2071578.8,391.2842213,IT=25;25 ,ii
21340,UP 1,49.021,74664,37977988.0,50.866773,2239593.5,391.2841628,IT=25;25 ,ii
21341,UP 1,48.589,77868,38831832.0,50.870767,2197033.0,391.2841497,IT=24;24 ,ii
21342,UP 1,50.000,73304,37591100.0,50.874961,2182065.2,391.2841503,IT=25;25 ,ii
21343,UP 1,48.261,77016,37801656.0,50.879102,2142719.0,391.284142,IT=24;24 ,ii
21344,UP 1,50.000,78232,37751816.0,50.883302,2249315.0,391.2842832,IT=25;25 ,ii
21345,UP 1,50.000,77276,36669292.0,50.887302,2172826.0,391.2843033,IT=25;25 ,ii
21346,UP 1,50.000,80584,36498664.0,50.891471,2126921.0,391.2843936,IT=25;25 ,ii
21348,UP 1,50.000,75480,35649560.0,50.896098,2103495.0,391.2843183,IT=25;25 ,ii
21349,UP 1,50.000,75044,34899568.0,50.900277,2059659.5,391.2843129,IT=25;25 ,ii
21350,UP 1,50.000,76520,34849928.0,50.904436,1993299.5,391.2844409,IT=25;25 ,ii
21353,UP 1,50.000,76136,35071480.0,50.910931,2119568.8,391.2843205,IT=25;25 ,ii
21354,UP 1,50.000,76452,34924436.0,50.915096,2144934.5,391.2842692,IT=25;25 ,ii
21355,UP 1,50.000,77840,34532672.0,50.919121,2002422.4,391.2844482,IT=25;25 ,ii
21358,UP 1,50.000,79504,35820644.0,50.92535,2132880.5,391.2844762,IT=25;25 ,ii
21362,UP 1,50.000,80856,36729412.0,50.935367,2133177.2,391.2843895,IT=25;25 ,ii
21363,UP 1,50.000,80888,36801528.0,50.939536,2070174.8,391.2844039,IT=25;25 ,ii
21367,UP 1,49.761,81868,38362976.0,50.947579,2093520.4,391.2843787,IT=25;25 ,ii
21368,UP 1,50.000,79196,38433232.0,50.951594,2047624.5,391.2844432,IT=25;25 ,ii
21369,UP 1,48.140,74988,39106248.0,50.955742,2162745.2,391.2842598,IT=24;24 ,ii
21370,UP 1,47.197,79116,40546472.0,50.959894,2245031.2,391.284328,IT=24;24 ,ii
21371,UP 1,47.365,81384,40917292.0,50.964069,2145201.5,391.2842507,IT=24;24 ,ii
21372,UP 1,46.851,77188,41259140.0,50.968239,2277260.5,391.2842266,IT=23;23 ,ii
21373,UP 1,44.786,74024,41893564.0,50.972212,2230340.0,391.284358,IT=22;22 ,ii
21375,UP 1,46.741,78208,42558092.0,50.976781,2218201.2,391.2841682,IT=23;23 ,ii
21376,UP 1,43.988,76792,43634628.0,50.98091,2253325.5,391.284308,IT=22;22 ,ii
21377,UP 1,44.220,74316,43268424.0,50.985087,2245869.5,391.2841528,IT=22;22 ,ii
21378,UP 1,44.532,79628,44637552.0,50.989095,2149770.2,391.2842361,IT=22;22 ,ii
21379,UP 1,44.274,77952,44016944.0,50.993093,2179008.8,391.2842283,IT=22;22 ,ii
21380,UP 1,43.732,80392,44536740.0,50.997258,2212388.8,391.2841806,IT=22;22 ,ii
21381,UP 1,44.386,77868,43819236.0,51.001445,2233836.8,391.2842459,IT=22;22 ,ii
21382,UP 1,43.157,76340,43802924.0,51.0056,2163767.0,391.2841922,IT=22;22 ,ii
21384,UP 1,44.558,79952,43029352.0,51.01186,2116225.8,391.28407,IT=22;22 ,ii
21385,UP 1,44.939,79348,43930380.0,51.016043,2158969.8,391.2842344,IT=22;22 ,ii
21389,UP 1,45.378,77388,43479588.0,51.024031,2237599.2,391.284138,IT=23;23 ,ii
21390,UP 1,45.489,82360,43485108.0,51.028218,2117385.5,391.2841919,IT=23;23 ,ii
21393,UP 1,45.737,76588,42130912.0,51.034643,2272685.8,391.2841639,IT=23;23 ,ii
21394,UP 1,45.785,82312,42648400.0,51.03882,2206806.0,391.2842607,IT=23;23 ,ii
21398,UP 1,48.545,81264,42085788.0,51.047164,2209980.8,391.2841864,IT=24;24 ,ii
21399,UP 1,48.438,81732,42244956.0,51.051333,2186873.0,391.2842958,IT=24;24 ,ii
21403,UP 1,47.565,83444,42682104.0,51.059366,2131726.0,391.2841626,IT=24;24 ,ii
21404,UP 1,47.542,81932,42442528.0,51.063368,2198240.0,391.284253,IT=24;24 ,ii
21406,UP 1,44.960,77396,43990572.0,51.067887,2234495.2,391.2841108,IT=22;22 ,ii
21407,UP 1,44.598,81420,46094588.0,51.072074,2273908.8,391.2841302,IT=22;22 ,ii
21413,UP 1,43.253,76592,46217940.0,51.083716,2324773.0,391.284106,IT=22;22 ,ii
21414,UP 1,42.738,73088,46052312.0,51.087876,2248870.0,391.2842185,IT=21;21 ,ii
21416,UP 1,42.483,78540,47508096.0,51.092357,2190606.8,391.2840922,IT=21;21 ,ii
21417,UP 1,43.651,80776,47717380.0,51.096562,2205174.0,391.2841502,IT=22;22 ,ii
21420,UP 1,44.245,79036,47961552.0,51.102678,2113300.0,391.2839919,IT=22;22 ,ii
21421,UP 1,42.263,75468,48743936.0,51.106822,2213742.2,391.2840864,IT=21;21 ,ii
21422,UP 1,41.620,75756,49895736.0,51.110816,2242944.8,391.2841705,IT=21;21 ,ii
21426,UP 1,39.637,73300,49502880.0,51.118736,2249782.5,391.284064,IT=20;20 ,ii
21427,UP 1,40.536,70788,47823608.0,51.122924,2167525.2,391.2841489,IT=20;20 ,ii
21430,UP 1,40.252,73752,48973484.0,51.128957,2367928.2,391.2841006,IT=20;20 ,ii
21431,UP 1,41.455,76172,47563000.0,51.133151,2188088.0,391.2841576,IT=21;21 ,ii
21432,UP 1,40.170,72284,46826828.0,51.13713,2251545.5,391.2841014,IT=20;20 ,ii
21433,UP 1,40.451,72320,47264784.0,51.141309,2358932.8,391.2840836,IT=20;20 ,ii
21434,UP 1,41.666,72016,45016348.0,51.145509,2162675.8,391.2840738,IT=21;21 ,ii
21435,UP 1,40.878,73056,45128016.0,51.149671,2276398.8,391.2840665,IT=20;20 ,ii
21436,UP 1,41.662,74148,44303720.0,51.153686,2165766.5,391.2840891,IT=21;21 ,ii
21437,UP 1,42.809,75028,43215308.0,51.157882,2195303.0,391.2843106,IT=21;21 ,ii
21439,UP 1,41.908,73436,42824432.0,51.162388,2231255.8,391.2842029,IT=21;21 ,ii
21440,UP 1,44.441,78788,42488256.0,51.166601,2196803.0,391.284159,IT=22;22 ,ii
21441,UP 1,44.284,74928,42177588.0,51.170773,2344433.0,391.2842352,IT=22;22 ,ii
21442,UP 1,44.965,77608,41765676.0,51.175146,2107427.5,391.2843363,IT=22;22 ,ii
21447,UP 1,44.574,74416,42493100.0,51.184967,2255108.0,391.2841492,IT=22;22 ,ii
21448,UP 1,45.039,75684,41596860.0,51.18915,2115006.5,493.7981011,IT=23;23 ,ii
21451,UP 1,44.314,73536,42572040.0,51.19525,2181319.5,391.2842076,IT=22;22 ,ii
21452,UP 1,43.020,71912,43674308.0,51.199405,2377018.5,391.2841955,IT=22;22 ,ii
21457,UP 1,41.593,76688,46873804.0,51.209129,2089574.2,391.2841842,IT=21;21 ,ii
21458,UP 1,40.132,72952,48011300.0,51.213284,2295182.2,391.2842122,IT=20;20 ,ii
21461,UP 1,39.466,73396,50388352.0,51.219598,2266233.2,391.284169,IT=20;20 ,ii
21462,UP 1,38.102,75376,51958120.0,51.223571,2268406.0,391.2841794,IT=19;19 ,ii
21466,UP 1,37.122,72924,54137924.0,51.231425,2451305.2,391.2841754,IT=19;19 ,ii
21467,UP 1,34.108,68472,55163320.0,51.235538,2382550.5,391.2841854,IT=17;17 ,ii
21471,UP 1,36.436,71424,53698000.0,51.243408,2319671.5,391.2841492,IT=18;18 ,ii
21472,UP 1,36.532,69112,54681912.0,51.247565,2380757.5,391.2841966,IT=18;18 ,ii
21476,UP 1,37.372,74496,54177944.0,51.255373,2269479.8,391.2841159,IT=19;19 ,ii
21477,UP 1,36.141,73892,54002824.0,51.25934,2225858.5,391.2842681,IT=18;18 ,ii
21480,UP 1,38.033,78456,53854032.0,51.265619,2399611.0,391.2840775,IT=19;19 ,ii
21481,UP 1,37.509,78280,53192116.0,51.269785,2331116.2,391.2841609,IT=19;19 ,ii
21482,UP 1,38.644,81248,52597988.0,51.273967,2317492.5,391.284137,IT=19;19 ,ii
21483,UP 1,42.308,77092,48829376.0,51.278196,2156379.5,391.2842376,IT=21;21 ,ii
21486,UP 1,41.367,80320,47800348.0,51.284296,2223626.5,391.2841799,IT=21;21 ,ii
21487,UP 1,45.526,83820,45589460.0,51.288541,2271465.8,391.2842105,IT=23;23 ,ii
21488,UP 1,45.110,81252,44959320.0,51.292535,2286983.8,391.2842868,IT=23;23 ,ii
21492,UP 1,46.261,83380,42306220.0,51.300525,2238070.0,391.2842551,IT=23;23 ,ii
21493,UP 1,47.485,84312,41473876.0,51.304737,2088145.2,391.2843501,IT=24;24 ,ii
21497,UP 1,47.576,84532,41631200.0,51.312756,2113217.8,391.2843407,IT=24;24 ,ii
21501,UP 1,46.453,80692,40986972.0,51.321099,2206383.5,391.2842873,IT=23;23 ,ii
21502,UP 1,49.985,84424,40035768.0,51.325162,2085901.4,391.2843691,IT=25;25 ,ii
21505,UP 1,49.351,86848,41228920.0,51.331645,2159195.2,391.2841943,IT=25;25 ,ii
21506,UP 1,47.420,83688,41747648.0,51.335614,2249957.5,391.2842844,IT=24;24 ,ii
21508,UP 1,48.899,85264,40882960.0,51.340201,2036025.6,391.284246,IT=24;24 ,ii
21509,UP 1,48.319,83928,40837256.0,51.344366,2004666.1,391.2843031,IT=24;24 ,ii
21511,UP 1,49.365,86072,41656056.0,51.348981,2092598.0,391.2842144,IT=25;25 ,ii
21512,UP 1,48.466,83988,40644440.0,51.353139,2122147.2,391.2841713,IT=24;24 ,ii
21513,UP 1,49.268,84088,40700596.0,51.357158,2145713.0,391.2842813,IT=25;25 ,ii
21517,UP 1,49.761,83116,40910388.0,51.365474,2108456.8,391.2842694,IT=25;25 ,ii
21518,UP 1,50.000,85512,40633760.0,51.369653,2028556.4,391.2843614,IT=25;25 ,ii
21523,UP 1,48.608,87212,41889716.0,51.379832,2091553.4,391.284198,IT=24;24 ,ii
21524,UP 1,48.385,86692,42720808.0,51.384003,2112513.0,391.2843037,IT=24;24 ,ii
21530,UP 1,46.922,83504,42483572.0,51.39568,2122046.0,391.2842482,IT=23;23 ,ii
21535,UP 1,45.568,82864,43509072.0,51.405491,2126079.2,391.2842116,IT=23;23 ,ii
21536,UP 1,44.700,76672,43348448.0,51.409478,2155830.8,391.2842451,IT=22;22 ,ii
21539,UP 1,42.080,80488,44325676.0,51.415557,2132557.0,391.2842779,IT=21;21 ,ii
21542,UP 1,42.855,78576,43737644.0,51.421668,2191790.8,391.2841534,IT=21;21 ,ii
21543,UP 1,42.125,78348,43707612.0,51.425999,2125397.5,391.284151,IT=21;21 ,ii
21544,UP 1,44.790,85704,43622300.0,51.430228,2040388.8,391.2843795,IT=22;22 ,ii
21547,UP 1,47.008,78752,41490044.0,51.43669,2106965.0,391.2842478,IT=24;24 ,ii
21548,UP 1,44.260,80836,42641236.0,51.440822,2130279.2,391.2843341,IT=22;22 ,ii
21552,UP 1,45.379,81756,42320272.0,51.449072,2196507.2,391.2843159,IT=23;23 ,ii
21553,UP 1,43.054,79056,42295660.0,51.45304,2173731.8,391.2843972,IT=22;22 ,ii
21557,UP 1,43.819,79384,42436048.0,51.460999,2199177.5,391.2842789,IT=22;22 ,ii
21558,UP 1,44.903,79952,42289256.0,51.465192,2148212.5,391.2843715,IT=22;22 ,ii
21563,UP 1,44.977,81224,42911572.0,51.475021,2052964.0,391.2842523,IT=22;22 ,ii
21564,UP 1,43.934,78416,42651216.0,51.479009,2227595.8,391.2842977,IT=22;22 ,ii
21568,UP 1,43.972,80532,43994040.0,51.487213,2169284.8,391.2841504,IT=22;22 ,ii
21569,UP 1,42.858,78796,44011824.0,51.491384,2171340.0,391.2842114,IT=21;21 ,ii
21572,UP 1,45.882,81828,44189624.0,51.497813,2153699.8,391.2841612,IT=23;23 ,ii
21573,UP 1,43.940,81992,44099472.0,51.501957,2021549.9,391.2843019,IT=22;22 ,ii
21575,UP 1,45.040,85324,44333140.0,51.50649,2136613.0,391.2842228,IT=23;23 ,ii
21576,UP 1,44.394,85272,45212772.0,51.510848,2119282.0,391.2842885,IT=22;22 ,ii
21580,UP 1,43.854,86560,44241480.0,51.519109,2151955.0,391.2841828,IT=22;22 ,ii
21581,UP 1,43.446,86092,43508916.0,51.523279,2033987.5,391.2841434,IT=22;22 ,ii
21582,UP 1,46.349,85968,43558476.0,51.527332,2100667.8,391.2842984,IT=23;23 ,ii
21588,UP 1,47.683,86920,42949728.0,51.539031,2149422.2,391.2842979,IT=24;24 ,ii
21593,UP 1,47.449,86072,42215812.0,51.5489,2100791.0,391.2842836,IT=24;24 ,ii
21594,UP 1,49.088,91660,42228280.0,51.552944,1978291.0,391.2843761,IT=25;25 ,ii
21597,UP 1,50.000,87272,42790176.0,51.559167,2102306.0,391.2843077,IT=25;25 ,ii
21601,UP 1,48.083,89320,44039808.0,51.567531,2115296.0,391.284385,IT=24;24 ,ii
21606,UP 1,48.157,90064,45294208.0,51.577402,2087251.4,391.2843133,IT=24;24 ,ii
21607,UP 1,44.946,83936,45733724.0,51.581519,2172604.5,391.2843616,IT=22;22 ,ii
21612,UP 1,41.995,86076,49183576.0,51.591287,2204030.5,391.2842009,IT=21;21 ,ii
21613,UP 1,42.365,84032,49281368.0,51.595617,2104371.8,391.2842843,IT=21;21 ,ii
21617,UP 1,38.374,84180,52885144.0,51.603491,2074905.8,391.2841105,IT=19;19 ,ii
21618,UP 1,38.458,81308,53085580.0,51.607489,2193844.5,391.2842403,IT=19;19 ,ii
21625,UP 1,31.257,72900,58518208.0,51.620745,2437092.5,738.8763146,IT=16;16 ,ii
21633,UP 1,26.218,67648,65020432.0,51.63581,3592963.8,738.8764234,IT=13;13 ,ii
21640,UP 1,25.268,63868,68362792.0,51.648997,3301567.0,738.876342,IT=13;13 ,ii
21646,UP 1,25.714,61280,67000136.0,51.660308,2605524.0,738.8764702,IT=13;13 ,ii
21651,UP 1,27.147,63916,64112100.0,51.669818,2413867.8,391.283985,IT=14;14 ,ii
21652,UP 1,28.010,66540,61967512.0,51.673947,2527877.2,391.2840493,IT=14;14 ,ii
21655,UP 1,28.702,68008,60735804.0,51.679801,2313209.2,391.2840549,IT=14;14 ,ii
21656,UP 1,32.273,71780,58010304.0,51.683976,2181410.8,391.284199,IT=16;16 ,ii
21659,UP 1,33.598,75392,56986144.0,51.68988,2398274.0,391.2840964,IT=17;17 ,ii
21660,UP 1,36.165,72452,52294088.0,51.694066,2213122.5,391.2842918,IT=18;18 ,ii
21664,UP 1,39.202,79152,49848684.0,51.702228,2223172.0,391.2842187,IT=20;20 ,ii
21665,UP 1,41.231,75816,47944864.0,51.706435,2272260.2,391.284225,IT=21;21 ,ii
21666,UP 1,44.553,81604,44571856.0,51.710657,2112507.5,391.2843125,IT=22;22 ,ii
21667,UP 1,45.060,83156,44884180.0,51.714845,2138036.2,391.2842854,IT=23;23 ,ii
21668,UP 1,46.504,81944,42450808.0,51.719047,2088414.0,391.284351,IT=23;23 ,ii
21670,UP 1,50.000,85576,42543180.0,51.723655,2163330.8,391.2842733,IT=25;25 ,ii
21671,UP 1,50.000,89464,42185100.0,51.727832,2079520.4,391.2843325,IT=25;25 ,ii
21675,UP 1,50.000,89824,40830896.0,51.736163,2055302.5,391.2842764,IT=25;25 ,ii
21676,UP 1,50.000,89352,41504956.0,51.740168,2178198.2,391.2843912,IT=25;25 ,ii
21677,UP 1,50.000,90144,41849024.0,51.744343,2035805.4,391.2844191,IT=25;25 ,ii
21680,UP 1,50.000,87208,39804232.0,51.750845,2069378.1,391.2843585,IT=25;25 ,ii
21681,UP 1,50.000,86344,39413292.0,51.755015,1985037.0,391.284402,IT=25;25 ,ii
21684,UP 1,50.000,83312,38800484.0,51.763324,2124097.0,391.2843043,IT=25;25 ,ii
21685,UP 1,50.000,89932,40220948.0,51.767495,2052726.5,391.2843424,IT=25;25 ,ii
21690,UP 1,50.000,91288,40727264.0,51.777738,2007816.1,391.2842155,IT=25;25 ,ii
21691,UP 1,50.000,88684,40214256.0,51.781907,2037201.8,391.2843828,IT=25;25 ,ii
21695,UP 1,50.000,87512,41483804.0,51.789984,2060732.9,391.2842275,IT=25;25 ,ii
21696,UP 1,50.000,86488,41131496.0,51.793996,1995804.6,391.2843138,IT=25;25 ,ii
21701,UP 1,45.756,86488,44196260.0,51.803819,2094343.1,391.2842451,IT=23;23 ,ii
21702,UP 1,43.955,81620,44188332.0,51.807961,2189824.0,391.2843214,IT=22;22 ,ii
21708,UP 1,45.119,82916,45659968.0,51.8196,2110451.0,391.2843037,IT=23;23 ,ii
21712,UP 1,43.060,91680,48537052.0,51.827554,2173537.2,391.2841488,IT=22;22 ,ii
21713,UP 1,44.127,84808,48455424.0,51.831596,2178840.2,391.2843058,IT=22;22 ,ii
21717,UP 1,45.169,89564,47471228.0,51.839875,2280496.8,391.284173,IT=23;23 ,ii
21718,UP 1,43.906,88972,46999684.0,51.844238,2227612.0,391.2841652,IT=22;22 ,ii
21719,UP 1,46.409,83748,43966712.0,51.848454,2056988.8,391.2842968,IT=23;23 ,ii
21721,UP 1,49.250,92640,43688288.0,51.853044,2208732.0,391.2842107,IT=25;25 ,ii
21722,UP 1,47.992,86996,41560124.0,51.857217,2157959.2,391.2843366,IT=24;24 ,ii
21724,UP 1,50.000,91216,39143160.0,51.861833,2027127.8,391.2843845,IT=25;25 ,ii
21725,UP 1,50.000,88876,38198052.0,51.866008,2055715.6,391.2843808,IT=25;25 ,ii
21727,UP 1,50.000,89976,36363340.0,51.870817,2068840.0,391.2842982,IT=25;25 ,ii
21728,UP 1,50.000,87644,36465376.0,51.874988,2191190.5,391.2843624,IT=25;25 ,ii
21730,UP 1,50.000,86780,35016004.0,51.8796,1955654.2,391.2842696,IT=25;25 ,ii
21731,UP 1,50.000,82036,34010452.0,51.883775,1964765.8,391.2843196,IT=25;25 ,ii
21732,UP 1,50.000,83100,34290548.0,51.887946,2013325.8,391.2843495,IT=25;25 ,ii
21735,UP 1,50.000,82960,34003340.0,51.894437,1990925.6,391.2844328,IT=25;25 ,ii
21736,UP 1,50.000,85288,35708540.0,51.898608,2079023.2,391.2844215,IT=25;25 ,ii
21740,UP 1,50.000,85960,36226880.0,51.906666,1952401.6,391.2843794,IT=25;25 ,ii
21741,UP 1,50.000,90420,37510480.0,51.910668,2053558.2,391.2843735,IT=25;25 ,ii
21746,UP 1,50.000,84520,38119852.0,51.920531,2162326.0,391.2842593,IT=25;25 ,ii
21747,UP 1,50.000,90920,39358600.0,51.9247,2093420.1,391.2844299,IT=25;25 ,ii
21750,UP 1,50.000,88836,38289604.0,51.930898,1970613.0,391.2844253,IT=25;25 ,ii
21754,UP 1,50.000,88332,38687148.0,51.938945,2009434.1,391.2843876,IT=25;25 ,ii
21755,UP 1,49.401,88548,39541812.0,51.942937,2065799.6,391.284422,IT=25;25 ,ii
21758,UP 1,50.000,89964,39667616.0,51.949137,2049546.1,391.2844354,IT=25;25 ,ii
21764,UP 1,50.000,89472,39315496.0,51.960883,2063892.0,391.2842668,IT=25;25 ,ii
21765,UP 1,49.327,85408,39124552.0,51.964874,2205257.5,391.2842508,IT=25;25 ,ii
21768,UP 1,50.000,84116,37809652.0,51.971083,1961278.5,391.2843831,IT=25;25 ,ii
21771,UP 1,50.000,82244,37136344.0,51.977295,2012428.2,391.2841166,IT=25;25 ,ii
21772,UP 1,50.000,84100,37533556.0,51.981301,2035373.4,391.284397,IT=25;25 ,ii
21776,UP 1,50.000,86816,38206368.0,51.989633,2168249.5,391.284242,IT=25;25 ,ii
21777,UP 1,50.000,81924,37036496.0,51.993812,2017838.2,391.2843225,IT=25;25 ,ii
21780,UP 1,50.000,87452,38450800.0,52.000332,2214391.0,391.2841974,IT=25;25 ,ii
21781,UP 1,50.000,84996,37385824.0,52.004503,1981911.1,391.2843326,IT=25;25 ,ii
21785,UP 1,50.000,88748,39126764.0,52.014572,2003375.5,391.2841766,IT=25;25 ,ii
21786,UP 1,50.000,87408,38832440.0,52.018568,2127245.8,391.2842841,IT=25;25 ,ii
21789,UP 1,50.000,86452,38737336.0,52.024762,2033408.8,391.2843713,IT=25;25 ,ii
21795,UP 1,50.000,89400,42934824.0,52.036511,2124151.8,391.2841563,IT=25;25 ,ii
21796,UP 1,47.028,88080,44634692.0,52.040632,2183314.0,391.2842204,IT=24;24 ,ii
21803,UP 1,36.612,78896,55822336.0,52.05398,2649541.5,644.7294314,IT=18;18 ,ii
21812,UP 1,26.806,66780,77791512.0,52.070832,6320913.5,644.7289695,IT=13;13 ,ii
21818,UP 1,20.111,56132,96303136.0,52.082072,10142761.0,644.728665,IT=10;10 ,ii
21823,UP 1,17.479,50624,107383270.0,52.091455,12240586.0,644.7285769,IT=8.7;8.7 ,ii
21824,UP 1,16.756,50080,113496180.0,52.095505,12449703.0,644.728758,IT=8.4;8.4 ,ii
21830,UP 1,17.370,49884,114076400.0,52.106717,11607806.0,644.7284077,IT=8.7;8.7 ,ii
21831,UP 1,17.317,50336,110894230.0,52.110776,11894051.0,644.7287513,IT=8.7;8.7 ,ii
21835,UP 1,18.009,50060,101571940.0,52.118251,9838367.0,644.7289012,IT=9;9 ,ii
21840,UP 1,21.806,56848,88104184.0,52.12769,7250383.5,644.7287683,IT=11;11 ,ii
21841,UP 1,18.901,52148,82805416.0,52.131721,6625982.0,644.7288343,IT=9.5;9.5 ,ii
21843,UP 1,23.854,62924,76012496.0,52.136046,5341637.0,644.7289544,IT=12;12 ,ii
21844,UP 1,26.270,62212,70129184.0,52.140009,4159711.5,644.7290292,IT=13;13 ,ii
21848,UP 1,30.805,68628,62869948.0,52.147736,2624331.8,644.7289728,IT=15;15 ,ii
21849,UP 1,30.068,69144,58849836.0,52.151848,2238748.2,391.2840097,IT=15;15 ,ii
21854,UP 1,32.351,75668,58027776.0,52.16174,2474744.8,919.4012676,IT=16;16 ,ii
21855,UP 1,31.714,71860,58322384.0,52.165859,2755747.5,919.4015382,IT=16;16 ,ii
21859,UP 1,31.318,73788,60623024.0,52.173917,3309218.2,919.4012437,IT=16;16 ,ii
21860,UP 1,30.509,71852,62948508.0,52.178,3577134.8,919.401443,IT=15;15 ,ii
21863,UP 1,28.624,71480,66160204.0,52.183854,3951237.8,919.4011867,IT=14;14 ,ii
21869,UP 1,28.119,65132,65947928.0,52.195188,3956773.0,919.4014638,IT=14;14 ,ii
21875,UP 1,31.827,65044,61536372.0,52.206617,3649602.5,919.4012064,IT=16;16 ,ii
21876,UP 1,30.106,69736,61002640.0,52.210723,3501155.2,919.4012529,IT=15;15 ,ii
21878,UP 1,29.781,67928,59318608.0,52.215002,3245900.8,919.401062,IT=15;15 ,ii
21879,UP 1,31.771,66848,56938052.0,52.219158,2977381.2,919.4012549,IT=16;16 ,ii
21884,UP 1,34.136,71532,53091252.0,52.228804,2366822.8,391.2840141,IT=17;17 ,ii
21885,UP 1,35.626,69168,50365840.0,52.232975,2270705.0,391.2841305,IT=18;18 ,ii
21887,UP 1,37.062,72616,48574668.0,52.237546,2252051.8,391.28421,IT=19;19 ,ii
21888,UP 1,37.378,72852,47606344.0,52.241537,2224939.2,391.2843433,IT=19;19 ,ii
21892,UP 1,38.950,71976,47125280.0,52.24965,2263877.5,391.2840768,IT=19;19 ,ii
21893,UP 1,37.293,73456,49206524.0,52.253791,2750288.8,549.3143351,IT=19;19 ,ii
21896,UP 1,35.222,66952,48778252.0,52.260018,4267296.5,549.3142316,IT=18;18 ,ii
21897,UP 1,34.462,67384,51518732.0,52.264164,5728306.0,549.3143942,IT=17;17 ,ii
21903,UP 1,28.348,61312,58189616.0,52.275514,9366732.0,549.3143293,IT=14;14 ,ii
21904,UP 1,26.724,61328,60453924.0,52.279437,10350251.0,549.3143586,IT=13;13 ,ii
21905,UP 1,25.872,56448,62075648.0,52.283541,11322123.0,549.314277,IT=13;13 ,ii
21906,UP 1,25.579,59832,64068892.0,52.287639,12071363.0,549.314307,IT=13;13 ,ii
21909,UP 1,26.542,61312,63502504.0,52.293729,12149716.0,549.3143607,IT=13;13 ,ii
21910,UP 1,26.211,57612,61756680.0,52.297826,11631331.0,549.3143206,IT=13;13 ,ii
21911,UP 1,26.324,57420,59691952.0,52.301933,10892906.0,549.3142791,IT=13;13 ,ii
21912,UP 1,28.969,61528,57255064.0,52.305914,10079028.0,549.314276,IT=14;14 ,ii
21913,UP 1,30.448,65964,53992336.0,52.31007,8470322.0,549.3144186,IT=15;15 ,ii
21915,UP 1,33.307,66276,50416036.0,52.314383,7236692.0,549.314391,IT=17;17 ,ii
21916,UP 1,35.995,71772,48999244.0,52.318576,6161171.5,549.3144863,IT=18;18 ,ii
21920,UP 1,43.344,79460,42365512.0,52.326826,3875708.8,549.3143975,IT=22;22 ,ii
21921,UP 1,45.208,77396,39614552.0,52.331041,3088109.0,549.3146385,IT=23;23 ,ii
21924,UP 1,50.000,80700,37651924.0,52.337266,2324031.2,549.3145679,IT=25;25 ,ii
21925,UP 1,50.000,82400,36965732.0,52.341728,1990291.4,391.2843749,IT=25;25 ,ii
21928,UP 1,50.000,85216,36439384.0,52.348205,2035878.1,391.2843569,IT=25;25 ,ii
21929,UP 1,50.000,84808,36318512.0,52.352374,2108246.5,391.2844057,IT=25;25 ,ii
21935,UP 1,50.000,85072,35969220.0,52.364086,2023039.4,391.284248,IT=25;25 ,ii
21936,UP 1,50.000,84760,37264072.0,52.368257,2201608.2,391.2843274,IT=25;25 ,ii
21942,UP 1,50.000,83488,36458484.0,52.38002,2128192.2,391.2841967,IT=25;25 ,ii
21943,UP 1,50.000,86052,36210156.0,52.38419,2004545.1,391.2843083,IT=25;25 ,ii
21946,UP 1,50.000,86668,36801024.0,52.390715,2119054.0,391.2842145,IT=25;25 ,ii
21947,UP 1,50.000,83812,37286484.0,52.394886,2119128.5,391.2841311,IT=25;25 ,ii
21948,UP 1,50.000,85852,36938288.0,52.399055,2134649.0,391.2842629,IT=25;25 ,ii
21950,UP 1,50.000,84956,35945680.0,52.40383,2078737.2,391.2841973,IT=25;25 ,ii
21951,UP 1,50.000,85632,35839928.0,52.407832,2086334.2,391.2842901,IT=25;25 ,ii
21955,UP 1,50.000,88712,36349196.0,52.415909,2076298.0,391.2840989,IT=25;25 ,ii
21956,UP 1,50.000,89372,36715568.0,52.420078,2068240.8,391.284211,IT=25;25 ,ii
21960,UP 1,49.483,87812,36876448.0,52.430086,2041826.1,391.2843073,IT=25;25 ,ii
21965,UP 1,50.000,87044,37603364.0,52.439973,2114383.8,391.2843399,IT=25;25 ,ii
21970,UP 1,48.600,83116,37918388.0,52.449842,2109877.0,391.284279,IT=24;24 ,ii
21971,UP 1,49.057,82596,38408420.0,52.454023,2193809.2,391.284229,IT=25;25 ,ii
21976,UP 1,49.539,84104,37156752.0,52.463894,2060038.2,391.2842922,IT=25;25 ,ii
21977,UP 1,49.587,82176,36836728.0,52.468079,2049008.6,391.2843656,IT=25;25 ,ii
21980,UP 1,50.000,82280,36978304.0,52.474571,2099150.8,391.2843439,IT=25;25 ,ii
21982,UP 1,49.598,77404,36017592.0,52.479396,2052778.0,391.2843151,IT=25;25 ,ii
21983,UP 1,49.556,77664,36993532.0,52.483567,2136880.2,391.2843863,IT=25;25 ,ii
21986,UP 1,47.685,81860,37562764.0,52.489723,2077849.8,391.2842416,IT=24;24 ,ii
21987,UP 1,46.681,78300,37475700.0,52.493892,2078162.1,391.28426,IT=23;23 ,ii
21988,UP 1,48.831,85644,38890132.0,52.497929,2122174.0,391.2843216,IT=24;24 ,ii
21990,UP 1,46.615,81624,39267732.0,52.502475,2136773.8,391.2841581,IT=23;23 ,ii
21991,UP 1,46.880,82780,39292188.0,52.506654,2254285.0,694.3884778,IT=23;23 ,ii
21992,UP 1,48.049,79936,38982416.0,52.511094,2223497.8,694.3887343,IT=24;24 ,ii
21994,UP 1,48.266,79272,38674952.0,52.515829,2179391.8,694.3885707,IT=24;24 ,ii
21995,UP 1,49.368,78260,38222348.0,52.51985,2121632.0,391.2842736,IT=25;25 ,ii
21997,UP 1,48.243,77916,37548460.0,52.524452,2068103.9,391.2842406,IT=24;24 ,ii
21998,UP 1,50.000,81144,37896528.0,52.528654,2112595.2,391.2842297,IT=25;25 ,ii
21999,UP 1,49.644,79776,36697600.0,52.532819,2100145.5,391.2843313,IT=25;25 ,ii
22002,UP 1,50.000,82164,36117920.0,52.539302,2085423.6,391.2842655,IT=25;25 ,ii
22003,UP 1,50.000,88500,36986312.0,52.543477,2097153.8,391.2842038,IT=25;25 ,ii
22004,UP 1,50.000,84828,36301440.0,52.547648,2075475.0,391.2843095,IT=25;25 ,ii
22009,UP 1,50.000,77972,36697856.0,52.557543,2021720.5,391.2840982,IT=25;25 ,ii
22010,UP 1,49.639,83416,39201836.0,52.561539,2146868.0,391.2842304,IT=25;25 ,ii
22015,UP 1,41.786,76416,42554960.0,52.571252,4072843.8,595.3347041,IT=21;21 ,ii
22016,UP 1,37.691,69684,45598804.0,52.575358,5559142.0,595.3348039,IT=19;19 ,ii
22019,UP 1,35.556,68592,49282668.0,52.581614,6993954.5,595.3348813,IT=18;18 ,ii
22020,UP 1,33.057,65364,51488080.0,52.585727,8020183.0,595.3347622,IT=17;17 ,ii
22021,UP 1,32.967,65172,52891600.0,52.589862,8943582.0,595.3348772,IT=16;16 ,ii
22022,UP 1,31.757,64848,54204320.0,52.593808,9455186.0,595.334676,IT=16;16 ,ii
22023,UP 1,30.613,60472,55754412.0,52.59792,10140340.0,595.3348071,IT=15;15 ,ii
22025,UP 1,30.828,62876,54131376.0,52.602191,9559259.0,595.3347951,IT=15;15 ,ii
22026,UP 1,30.691,64472,55620756.0,52.606318,9719199.0,595.3348611,IT=15;15 ,ii
22030,UP 1,35.642,69024,51789132.0,52.614364,7805731.5,595.3346427,IT=18;18 ,ii
22031,UP 1,37.247,71104,49476352.0,52.618537,6839686.0,595.3347565,IT=19;19 ,ii
22034,UP 1,39.142,74236,48629652.0,52.624862,5597346.5,595.3347267,IT=20;20 ,ii
22035,UP 1,39.477,75732,47107452.0,52.629033,4983719.0,595.3346629,IT=20;20 ,ii
22040,UP 1,41.328,80052,45097640.0,52.638799,3078024.0,595.3348787,IT=21;21 ,ii
22043,UP 1,42.411,78900,43035272.0,52.644899,2423194.8,595.3346236,IT=21;21 ,ii
22044,UP 1,41.572,82980,44006340.0,52.649062,2120160.5,391.2841733,IT=21;21 ,ii
22049,UP 1,46.220,82488,42351288.0,52.658924,2095503.6,391.2841183,IT=23;23 ,ii
22050,UP 1,44.610,79408,42738324.0,52.662903,2167949.8,391.2841071,IT=22;22 ,ii
22053,UP 1,45.217,86188,42940640.0,52.669032,2199532.0,391.2839819,IT=23;23 ,ii
22054,UP 1,44.835,83460,41854216.0,52.673034,2204143.2,391.2841092,IT=22;22 ,ii
22059,UP 1,50.000,82932,39125920.0,52.684951,2112547.2,391.2840715,IT=25;25 ,ii
22060,UP 1,50.000,82448,38328176.0,52.68914,2121974.8,391.2842102,IT=25;25 ,ii
22066,UP 1,50.000,82696,35815624.0,52.700838,2068242.5,391.2841212,IT=25;25 ,ii
22067,UP 1,50.000,83832,35302520.0,52.705009,2136286.8,391.2842226,IT=25;25 ,ii
22069,UP 1,50.000,79896,34892596.0,52.709624,2010489.6,391.2840807,IT=25;25 ,ii
22070,UP 1,50.000,83512,35750928.0,52.713799,2115664.2,391.2840685,IT=25;25 ,ii
22071,UP 1,50.000,86116,35600068.0,52.717969,2071567.5,391.2841272,IT=25;25 ,ii
22072,UP 1,50.000,82460,36660852.0,52.721969,2202990.5,391.2840395,IT=25;25 ,ii
22073,UP 1,50.000,84416,35840836.0,52.72614,2130430.5,391.2840551,IT=25;25 ,ii
22074,UP 1,50.000,84752,36251456.0,52.730309,1986682.1,391.2842243,IT=25;25 ,ii
22075,UP 1,50.000,83992,36544048.0,52.734492,2123146.0,391.2841315,IT=25;25 ,ii
22076,UP 1,50.000,80136,35034212.0,52.738505,2081022.6,391.2841403,IT=25;25 ,ii
22077,UP 1,50.000,80968,34804656.0,52.742686,2055654.1,391.2842196,IT=25;25 ,ii
22082,UP 1,50.000,82772,34131516.0,52.752886,1968992.6,391.2841899,IT=25;25 ,ii
22083,UP 1,50.000,85392,34449432.0,52.757053,2023115.4,391.2843052,IT=25;25 ,ii
22086,UP 1,50.000,80312,34146904.0,52.763557,2082775.5,391.2841704,IT=25;25 ,ii
22087,UP 1,50.000,82720,33324110.0,52.767725,2109338.2,391.2842517,IT=25;25 ,ii
22090,UP 1,50.000,82164,33055516.0,52.77395,2045713.1,391.2841973,IT=25;25 ,ii
22091,UP 1,50.000,79356,32426912.0,52.778119,2024382.9,391.2842477,IT=25;25 ,ii
22093,UP 1,50.000,80224,32576130.0,52.782888,2112849.5,391.2842047,IT=25;25 ,ii
22094,UP 1,50.000,77016,32073056.0,52.787056,2061175.0,391.2841661,IT=25;25 ,ii
22095,UP 1,50.000,76076,31658480.0,52.791061,2100841.8,391.2842592,IT=25;25 ,ii
22097,UP 1,50.000,76464,31244890.0,52.795688,1974820.0,391.2842546,IT=25;25 ,ii
22098,UP 1,50.000,80436,32703398.0,52.79986,2124630.0,391.2842439,IT=25;25 ,ii
22099,UP 1,50.000,76804,31749822.0,52.804035,2074278.5,391.2842826,IT=25;25 ,ii
22103,UP 1,50.000,77468,31244938.0,52.812352,2085949.8,391.2842302,IT=25;25 ,ii
22104,UP 1,50.000,79800,30328840.0,52.816523,2105204.5,391.2842832,IT=25;25 ,ii
22105,UP 1,50.000,74688,28879062.0,52.820692,1996831.4,391.2842815,IT=25;25 ,ii
22106,UP 1,50.000,77088,29492768.0,52.82486,2079257.4,391.2844178,IT=25;25 ,ii
22108,UP 1,50.000,77908,29096004.0,52.829639,2111039.8,391.2842942,IT=25;25 ,ii
22109,UP 1,50.000,76604,27710630.0,52.83365,1985755.2,391.2842713,IT=25;25 ,ii
22110,UP 1,50.000,76876,28296930.0,52.837829,2133199.8,391.2842293,IT=25;25 ,ii
22111,UP 1,50.000,78532,28069486.0,52.841998,2014801.8,391.2843679,IT=25;25 ,ii
22113,UP 1,50.000,77556,27582936.0,52.846779,1904990.4,391.284387,IT=25;25 ,ii
22114,UP 1,50.000,76484,28045612.0,52.850948,2001255.1,391.2843421,IT=25;25 ,ii
22115,UP 1,50.000,74736,29127414.0,52.854952,2117350.2,391.2842763,IT=25;25 ,ii
22116,UP 1,50.000,76820,29738594.0,52.859137,2175664.5,391.2843586,IT=25;25 ,ii
22120,UP 1,50.000,79116,30681588.0,52.86747,2105740.2,391.2841566,IT=25;25 ,ii
22121,UP 1,50.000,74828,30981504.0,52.87147,2002916.4,391.2842297,IT=25;25 ,ii
22124,UP 1,50.000,80576,33147950.0,52.877677,2163221.5,391.2841475,IT=25;25 ,ii
22125,UP 1,50.000,77792,32528076.0,52.881681,2079763.1,391.2842964,IT=25;25 ,ii
22128,UP 1,50.000,77996,32605826.0,52.888168,2155613.0,391.2842692,IT=25;25 ,ii
22129,UP 1,50.000,77468,32841370.0,52.89217,2071142.5,391.2842682,IT=25;25 ,ii
22131,UP 1,50.000,83524,32532110.0,52.896789,2033656.9,391.2842971,IT=25;25 ,ii
22132,UP 1,50.000,77632,32366088.0,52.90096,2117413.5,391.2841622,IT=25;25 ,ii
22133,UP 1,50.000,79088,31732046.0,52.905133,2134975.8,391.2842548,IT=25;25 ,ii
22134,UP 1,50.000,80400,32426142.0,52.909137,2052848.5,391.2843444,IT=25;25 ,ii
22138,UP 1,50.000,79964,32613274.0,52.917226,2038461.0,391.2841976,IT=25;25 ,ii
22139,UP 1,50.000,80160,33456202.0,52.921397,2243640.5,391.2841439,IT=25;25 ,ii
22144,UP 1,50.000,78080,33987700.0,52.93327,2190268.5,391.2841569,IT=25;25 ,ii
22145,UP 1,50.000,79656,33521368.0,52.937443,2024367.0,391.2842412,IT=25;25 ,ii
22150,UP 1,50.000,81800,34160208.0,52.947297,2058785.5,391.284115,IT=25;25 ,ii
22151,UP 1,50.000,76828,34031648.0,52.951297,2147094.0,391.2840994,IT=25;25 ,ii
22152,UP 1,50.000,78672,33420096.0,52.955468,2055199.0,391.2841789,IT=25;25 ,ii
22155,UP 1,50.000,77264,32303966.0,52.961949,2105905.5,391.2841526,IT=25;25 ,ii
22156,UP 1,50.000,80596,32540304.0,52.966122,2086610.0,391.2842101,IT=25;25 ,ii
22158,UP 1,50.000,76660,30945532.0,52.970761,2023154.9,391.2841242,IT=25;25 ,ii
22159,UP 1,50.000,74820,29576458.0,52.97493,2062805.1,391.2843084,IT=25;25 ,ii
22162,UP 1,50.000,79028,28704750.0,52.981149,2010775.5,391.2842019,IT=25;25 ,ii
22163,UP 1,50.000,78084,28285036.0,52.985322,2029799.2,391.2843056,IT=25;25 ,ii
22164,UP 1,50.000,77884,27674740.0,52.989326,1984929.1,391.2842628,IT=25;25 ,ii
22165,UP 1,50.000,78008,27543622.0,52.99349,2016821.5,391.2842919,IT=25;25 ,ii
22166,UP 1,50.000,75712,26903062.0,52.997659,2007925.9,391.2842238,IT=25;25 ,ii
22169,UP 1,50.000,76336,27104976.0,53.003856999999996,1986877.2,391.2842207,IT=25;25 ,ii
22170,UP 1,50.000,75112,27145736.0,53.008324,2051829.0,391.2843051,IT=25;25 ,ii
22171,UP 1,50.000,77080,27269070.0,53.012501,2063335.2,391.2843216,IT=25;25 ,ii
22174,UP 1,50.000,80116,26893266.0,53.019013,2037668.8,391.2843863,IT=25;25 ,ii
22175,UP 1,50.000,76616,27242820.0,53.023205,2070901.4,391.2843718,IT=25;25 ,ii
22176,UP 1,50.000,74608,26601586.0,53.027367,2078903.0,391.2842979,IT=25;25 ,ii
22177,UP 1,50.000,75072,26498848.0,53.031371,1985329.8,391.2843496,IT=25;25 ,ii
22180,UP 1,50.000,75920,27037226.0,53.037613,2099687.8,391.2843233,IT=25;25 ,ii
22181,UP 1,50.000,77128,27334190.0,53.041617,1977382.1,391.2843536,IT=25;25 ,ii
22186,UP 1,50.000,77668,28705106.0,53.05154,2058736.2,391.2842762,IT=25;25 ,ii
22187,UP 1,50.000,73832,29976132.0,53.055709,2042898.1,391.2843397,IT=25;25 ,ii
22190,UP 1,50.000,77152,32990980.0,53.062182,2120124.5,391.2841946,IT=25;25 ,ii
22191,UP 1,50.000,74660,34711976.0,53.066353,2054090.5,391.2842569,IT=25;25 ,ii
22194,UP 1,46.583,70576,37858056.0,53.07278,2612160.2,911.4040936,IT=23;23 ,ii
22195,UP 1,43.454,67004,40690176.0,53.0769,3170960.8,911.4041796,IT=22;22 ,ii
22198,UP 1,41.643,69992,43319100.0,53.08324,3722259.8,911.4038865,IT=21;21 ,ii
22199,UP 1,39.542,67516,44587988.0,53.087377,3923249.8,911.4038925,IT=20;20 ,ii
22200,UP 1,38.932,64424,44862080.0,53.091648,4162156.8,911.4042838,IT=19;19 ,ii
22202,UP 1,39.851,64920,43460788.0,53.096252,3980341.5,911.4042297,IT=20;20 ,ii
22203,UP 1,40.566,67768,43333268.0,53.100261,3670688.5,911.4042718,IT=20;20 ,ii
22207,UP 1,44.761,71080,38842392.0,53.108506,2996870.2,911.4041175,IT=22;22 ,ii
22208,UP 1,48.565,74780,37528496.0,53.112742,2586803.0,911.4043177,IT=24;24 ,ii
22210,UP 1,48.285,75864,35454968.0,53.117319,2119629.2,911.404277,IT=24;24 ,ii
22211,UP 1,49.977,74416,34578576.0,53.121512,2141769.8,391.2842158,IT=25;25 ,ii
22212,UP 1,50.000,73736,33226676.0,53.125683,2145599.2,391.2843112,IT=25;25 ,ii
22215,UP 1,50.000,73912,32651094.0,53.131904,2164919.5,391.2842199,IT=25;25 ,ii
22216,UP 1,50.000,75388,32330660.0,53.136083,2054464.9,391.284289,IT=25;25 ,ii
22220,UP 1,50.000,72600,31873318.0,53.144398,2085477.5,391.2843145,IT=25;25 ,ii
22221,UP 1,50.000,74856,32344838.0,53.148398,2072857.8,391.2844252,IT=25;25 ,ii
22225,UP 1,50.000,71244,32173652.0,53.156464,2084438.9,391.2842581,IT=25;25 ,ii
22226,UP 1,49.436,72864,32631166.0,53.160629,2106466.0,391.2843188,IT=25;25 ,ii
22230,UP 1,50.000,76380,32653398.0,53.16866,2140725.5,391.2841758,IT=25;25 ,ii
22231,UP 1,50.000,77000,32780358.0,53.172833,2049106.2,391.2842246,IT=25;25 ,ii
22234,UP 1,50.000,75120,31471932.0,53.179325,2150347.8,391.2841086,IT=25;25 ,ii
22235,UP 1,50.000,74460,29976682.0,53.183495,1926208.8,391.2842719,IT=25;25 ,ii
22237,UP 1,50.000,75980,30901806.0,53.188264,2133041.5,391.2842046,IT=25;25 ,ii
22238,UP 1,50.000,74460,28755212.0,53.192435,2009987.8,391.2842277,IT=25;25 ,ii
22239,UP 1,50.000,72944,28589090.0,53.196433,2071504.1,391.2842285,IT=25;25 ,ii
22240,UP 1,50.000,75192,28836688.0,53.200606,2114291.8,391.2842236,IT=25;25 ,ii
22241,UP 1,50.000,68108,26700344.0,53.204774,2002285.8,391.2842495,IT=25;25 ,ii
22242,UP 1,50.000,73564,27340608.0,53.208945,2016545.6,391.2843475,IT=25;25 ,ii
22244,UP 1,50.000,71016,26223278.0,53.213712,2106599.0,391.284249,IT=25;25 ,ii
22245,UP 1,50.000,74712,26641210.0,53.217893,2013141.6,391.2844381,IT=25;25 ,ii
22247,UP 1,50.000,75556,26828264.0,53.222493,2085906.2,391.2843096,IT=25;25 ,ii
22248,UP 1,50.000,72600,26619008.0,53.226662,2038146.1,391.2842414,IT=25;25 ,ii
22249,UP 1,50.000,69896,27230112.0,53.23083,2075139.8,391.2843029,IT=25;25 ,ii
22250,UP 1,50.000,72824,27446812.0,53.235003,2018914.0,391.284224,IT=25;25 ,ii
22251,UP 1,50.000,74384,28357364.0,53.239003,2029875.6,391.2842543,IT=25;25 ,ii
22252,UP 1,50.000,70776,29133762.0,53.243178,2125967.2,493.805833,IT=25;25 ,ii
22254,UP 1,50.000,72524,30452890.0,53.247797,2538215.5,493.8057872,IT=25;25 ,ii
22255,UP 1,50.000,77484,31508832.0,53.251976,2841550.0,493.8058107,IT=25;25 ,ii
22256,UP 1,50.000,70368,31315664.0,53.255978,3009736.2,493.8058939,IT=25;25 ,ii
22257,UP 1,50.000,72920,33124638.0,53.260432,3025880.2,493.8057609,IT=25;25 ,ii
22258,UP 1,49.170,71992,34154056.0,53.264603,2997340.8,493.8056994,IT=25;25 ,ii
22259,UP 1,47.969,70744,34520724.0,53.268755,2749035.0,493.8059671,IT=24;24 ,ii
22261,UP 1,43.642,69268,37076620.0,53.273436,3306054.2,498.8082219,IT=22;22 ,ii
22262,UP 1,42.138,66032,38991684.0,53.277589,4026971.2,498.808193,IT=21;21 ,ii
22263,UP 1,38.472,62816,40044820.0,53.281526,4539080.5,498.8082928,IT=19;19 ,ii
22267,UP 1,37.645,64344,42072020.0,53.289641,5331481.0,498.8081281,IT=19;19 ,ii
22268,UP 1,37.904,65356,42285232.0,53.293805,5484212.0,498.8081692,IT=19;19 ,ii
22269,UP 1,38.957,65340,40447468.0,53.297813,5174692.0,498.8084009,IT=19;19 ,ii
22271,UP 1,39.660,67764,41222748.0,53.302259,5064805.0,498.8082473,IT=20;20 ,ii
22272,UP 1,41.439,70512,40716840.0,53.306457,4529095.5,498.80839,IT=21;21 ,ii
22276,UP 1,44.472,71432,37343400.0,53.314443,3230062.0,498.808172,IT=22;22 ,ii
22277,UP 1,48.188,75680,37419000.0,53.318684,2715721.8,498.808355,IT=24;24 ,ii
22281,UP 1,50.000,75448,35085196.0,53.326715,2080086.4,391.2840685,IT=25;25 ,ii
22282,UP 1,50.000,75636,34663264.0,53.330715,2087684.6,391.284154,IT=25;25 ,ii
22283,UP 1,50.000,76160,34849756.0,53.334882,2173635.5,391.284146,IT=25;25 ,ii
22284,UP 1,50.000,74512,33066194.0,53.339051,2165040.8,391.2840656,IT=25;25 ,ii
22286,UP 1,50.000,78668,32910924.0,53.345388,2097174.5,391.2841866,IT=25;25 ,ii
22287,UP 1,50.000,76836,31228592.0,53.349557,2110963.2,391.2842264,IT=25;25 ,ii
22290,UP 1,50.000,77828,30121078.0,53.355778,2039532.9,391.2842513,IT=25;25 ,ii
22291,UP 1,50.000,77352,29396238.0,53.359948,2055951.9,391.2842898,IT=25;25 ,ii
22294,UP 1,50.000,75360,28524368.0,53.366421,2162023.8,391.2842144,IT=25;25 ,ii
22295,UP 1,50.000,72972,27325994.0,53.37059,2068680.1,391.2843993,IT=25;25 ,ii
22298,UP 1,50.000,68544,25844758.0,53.376767,1992514.9,391.2842506,IT=25;25 ,ii
22299,UP 1,50.000,74052,26384786.0,53.380936,2039802.0,391.2842422,IT=25;25 ,ii
22300,UP 1,50.000,74788,26280570.0,53.385107,2077604.0,391.2842693,IT=25;25 ,ii
22301,UP 1,50.000,76084,25530868.0,53.389109,2014747.5,391.2842403,IT=25;25 ,ii
22302,UP 1,50.000,74588,25325398.0,53.393279,2019807.2,391.2842564,IT=25;25 ,ii
22303,UP 1,50.000,71524,25328372.0,53.397448,2112677.5,391.2842584,IT=25;25 ,ii
22304,UP 1,50.000,74156,25653820.0,53.401621,1998431.6,391.2843267,IT=25;25 ,ii
22308,UP 1,50.000,74444,26939904.0,53.409702,2106855.2,391.2842765,IT=25;25 ,ii
22309,UP 1,50.000,77196,27848376.0,53.413877,2058057.6,391.2842786,IT=25;25 ,ii
22313,UP 1,50.000,74140,29311346.0,53.422221,2036435.9,391.2842777,IT=25;25 ,ii
22314,UP 1,50.000,76720,30982702.0,53.426677,2092472.2,391.2841818,IT=25;25 ,ii
22315,UP 1,50.000,74664,31649960.0,53.430846,2137797.0,391.2841066,IT=25;25 ,ii
22316,UP 1,50.000,74772,32126372.0,53.435017,2104453.8,391.284123,IT=25;25 ,ii
22317,UP 1,50.000,75996,33623852.0,53.439187,2091416.1,391.2841909,IT=25;25 ,ii
22319,UP 1,50.000,80292,34281676.0,53.443958,2193896.0,391.2841058,IT=25;25 ,ii
22320,UP 1,50.000,76404,34443704.0,53.44796,2187115.2,391.2841957,IT=25;25 ,ii
22323,UP 1,50.000,77424,34825352.0,53.454469,2257275.2,391.2842093,IT=25;25 ,ii
22324,UP 1,50.000,75928,33526338.0,53.458471,2104633.0,391.2841457,IT=25;25 ,ii
22325,UP 1,50.000,75244,33790796.0,53.462641,2158164.0,391.2841988,IT=25;25 ,ii
22326,UP 1,50.000,74076,33362674.0,53.46681,2193417.8,391.2842807,IT=25;25 ,ii
22330,UP 1,50.000,75564,33014514.0,53.474837,2187934.8,391.2841397,IT=25;25 ,ii
22331,UP 1,50.000,77424,32537580.0,53.478839,2138300.5,391.284137,IT=25;25 ,ii
22332,UP 1,50.000,71576,31639086.0,53.483008,2119887.2,391.2840852,IT=25;25 ,ii
22333,UP 1,50.000,74792,31846204.0,53.487177,2097079.2,391.2841835,IT=25;25 ,ii
22335,UP 1,50.000,72028,31842230.0,53.49196,2150848.5,391.284194,IT=25;25 ,ii
22336,UP 1,50.000,75032,32132524.0,53.49596,2153246.2,391.2841966,IT=25;25 ,ii
22337,UP 1,50.000,75800,31237686.0,53.500131,2040112.2,391.2842578,IT=25;25 ,ii
22339,UP 1,50.000,74404,31427586.0,53.504764,2196599.5,391.2842809,IT=25;25 ,ii
22340,UP 1,50.000,76052,31375912.0,53.509227,2110005.0,391.2841311,IT=25;25 ,ii
22341,UP 1,50.000,76612,30759516.0,53.513404,2135373.5,391.2842407,IT=25;25 ,ii
22345,UP 1,50.000,74180,30077310.0,53.521741,2014541.6,391.2842149,IT=25;25 ,ii
22346,UP 1,50.000,73068,30980158.0,53.525931,2160203.2,391.2842723,IT=25;25 ,ii
22349,UP 1,50.000,79372,30889674.0,53.532424,2070760.5,391.284135,IT=25;25 ,ii
22350,UP 1,50.000,77936,30747364.0,53.536601,2157744.5,391.2841361,IT=25;25 ,ii
22351,UP 1,50.000,79040,30906582.0,53.54077,2109720.2,391.2842117,IT=25;25 ,ii
22352,UP 1,50.000,76080,30209314.0,53.544941,2127696.2,391.2842494,IT=25;25 ,ii
22356,UP 1,50.000,76480,29546722.0,53.552989,2010811.0,391.2841333,IT=25;25 ,ii
22357,UP 1,50.000,80216,30352774.0,53.55716,2170783.2,391.284351,IT=25;25 ,ii
22359,UP 1,50.000,78656,29356076.0,53.561947,2076982.4,391.2841371,IT=25;25 ,ii
22360,UP 1,50.000,75664,28051076.0,53.566112,1980880.4,391.2842677,IT=25;25 ,ii
22361,UP 1,50.000,75144,27999320.0,53.570124,2077981.1,391.2841995,IT=25;25 ,ii
22362,UP 1,50.000,78376,27556254.0,53.574299,2099183.0,391.2842929,IT=25;25 ,ii
22364,UP 1,50.000,80060,27510872.0,53.578899,2067073.1,391.2842741,IT=25;25 ,ii
22365,UP 1,50.000,75396,26898728.0,53.58307,2066545.4,391.2842353,IT=25;25 ,ii
22366,UP 1,50.000,73996,25984458.0,53.587272,2010337.5,391.2843018,IT=25;25 ,ii
22367,UP 1,50.000,74112,26923470.0,53.59173,2192438.2,391.284189,IT=25;25 ,ii
22368,UP 1,50.000,77492,26666562.0,53.595907,2024073.9,391.2842696,IT=25;25 ,ii
22370,UP 1,50.000,74528,26749062.0,53.600507,2094362.2,391.2840387,IT=25;25 ,ii
22371,UP 1,50.000,76952,27632158.0,53.604676,2040915.1,391.2841835,IT=25;25 ,ii
22372,UP 1,50.000,76068,27306148.0,53.608845,2064738.6,391.2842346,IT=25;25 ,ii
22376,UP 1,50.000,76384,29002922.0,53.616932,2159873.0,391.2841346,IT=25;25 ,ii
22377,UP 1,50.000,76600,28799252.0,53.621107,2094862.2,391.2842453,IT=25;25 ,ii
22379,UP 1,50.000,80848,30051454.0,53.625895,2160388.5,391.2840835,IT=25;25 ,ii
22380,UP 1,50.000,77588,29914660.0,53.63007,2075681.8,391.2842163,IT=25;25 ,ii
22382,UP 1,50.000,78372,30279044.0,53.634688,2202879.2,391.2841393,IT=25;25 ,ii
22383,UP 1,50.000,80104,30119036.0,53.638857,2083890.6,391.2840961,IT=25;25 ,ii
22384,UP 1,50.000,78256,29401618.0,53.643026,2082678.6,391.2841687,IT=25;25 ,ii
22385,UP 1,50.000,76620,29217100.0,53.647192,2107131.5,391.2841889,IT=25;25 ,ii
22386,UP 1,50.000,78596,28541610.0,53.651365,2093451.1,391.28419,IT=25;25 ,ii
22388,UP 1,50.000,77360,28260364.0,53.655998,2182915.0,391.2841735,IT=25;25 ,ii
22389,UP 1,50.000,76932,27276564.0,53.660165,2064785.8,391.2841992,IT=25;25 ,ii
22390,UP 1,50.000,78740,26627490.0,53.664336,2049538.0,391.2841813,IT=25;25 ,ii
22391,UP 1,50.000,79148,25982598.0,53.668503,2043841.8,391.2841184,IT=25;25 ,ii
22392,UP 1,50.000,75520,25715256.0,53.672671,2063693.2,391.2841705,IT=25;25 ,ii
22393,UP 1,50.000,78500,25586166.0,53.677132,2069196.6,391.2842984,IT=25;25 ,ii
22395,UP 1,50.000,76660,25095670.0,53.681742,2113343.2,391.2842771,IT=25;25 ,ii
22396,UP 1,50.000,74172,25001736.0,53.685913,2114596.5,391.2842517,IT=25;25 ,ii
22397,UP 1,50.000,76272,25187208.0,53.690084,2071446.9,391.2842874,IT=25;25 ,ii
22399,UP 1,50.000,75156,25032210.0,53.694882,2077747.8,391.2842399,IT=25;25 ,ii
22400,UP 1,50.000,72992,25120724.0,53.699054,2020262.9,391.2842049,IT=25;25 ,ii
22401,UP 1,50.000,77516,26320068.0,53.703054,2144822.0,391.2841727,IT=25;25 ,ii
22402,UP 1,50.000,75532,26164328.0,53.707229,2117815.8,391.2842642,IT=25;25 ,ii
22404,UP 1,50.000,74860,26203280.0,53.711844,2019259.6,391.2842034,IT=25;25 ,ii
22405,UP 1,50.000,73356,26514274.0,53.716015,2138376.2,391.2843704,IT=25;25 ,ii
22407,UP 1,50.000,75348,26957588.0,53.720811,2125885.5,391.2841591,IT=25;25 ,ii
22408,UP 1,50.000,75504,27530410.0,53.724813,2184032.5,391.2842254,IT=25;25 ,ii
22410,UP 1,50.000,74444,26910336.0,53.729444,2121962.8,391.2842437,IT=25;25 ,ii
22411,UP 1,50.000,72924,26913184.0,53.73361,2082910.0,391.2841402,IT=25;25 ,ii
22412,UP 1,50.000,75644,27413374.0,53.737783,2148365.8,391.2841173,IT=25;25 ,ii
22413,UP 1,50.000,76736,27277232.0,53.741958,2122095.0,391.2842384,IT=25;25 ,ii
22416,UP 1,50.000,74792,27585634.0,53.748456,2214821.8,391.2840664,IT=25;25 ,ii
22417,UP 1,50.000,76032,27544868.0,53.752631,2147519.8,391.2842364,IT=25;25 ,ii
22420,UP 1,50.000,74988,27817526.0,53.759112,2242762.2,391.284121,IT=25;25 ,ii
22421,UP 1,50.000,77408,27479952.0,53.763577,1978628.6,391.2842651,IT=25;25 ,ii
22423,UP 1,50.000,76404,28254024.0,53.768181,2119435.2,391.2841698,IT=25;25 ,ii
22424,UP 1,50.000,75104,28908598.0,53.772194,2200220.2,391.2841534,IT=25;25 ,ii
22426,UP 1,50.000,78972,29321980.0,53.776829,2167877.8,391.2840789,IT=25;25 ,ii
22427,UP 1,50.000,79784,29950028.0,53.781004,2143540.8,391.2840367,IT=25;25 ,ii
22428,UP 1,50.000,72396,28866344.0,53.785183,2131297.0,391.2841492,IT=25;25 ,ii
22432,UP 1,50.000,76492,30625062.0,53.793266,2241069.0,391.2839224,IT=25;25 ,ii
22433,UP 1,50.000,76596,29872152.0,53.797441,2101745.8,391.2840083,IT=25;25 ,ii
22434,UP 1,50.000,79180,31198202.0,53.801608,2157696.2,391.2839807,IT=25;25 ,ii
22435,UP 1,50.000,76108,30315924.0,53.805777,2283325.5,391.2841357,IT=25;25 ,ii
22438,UP 1,50.000,79356,30607006.0,53.812287,2098021.8,391.2840596,IT=25;25 ,ii
22439,UP 1,50.000,78872,30305022.0,53.816456,2222009.0,391.2840734,IT=25;25 ,ii
22442,UP 1,50.000,77936,29987220.0,53.822929,2256616.2,391.2840081,IT=25;25 ,ii
22443,UP 1,50.000,81828,29780714.0,53.8271,2103919.8,391.284129,IT=25;25 ,ii
22445,UP 1,50.000,76308,29645270.0,53.831706,2242075.5,391.2839924,IT=25;25 ,ii
22446,UP 1,50.000,79292,30244806.0,53.835876,2225290.8,391.2840248,IT=25;25 ,ii
22447,UP 1,50.000,77292,29041352.0,53.840047,2153914.2,391.284079,IT=25;25 ,ii
22449,UP 1,50.000,78680,27927122.0,53.846393,2168643.0,391.2840393,IT=25;25 ,ii
22450,UP 1,50.000,78580,27808512.0,53.850564,2097127.4,391.2840689,IT=25;25 ,ii
22451,UP 1,50.000,78016,26813106.0,53.854751,1967623.9,391.2842097,IT=25;25 ,ii
22453,UP 1,50.000,76812,26201314.0,53.859516,2025024.0,391.2840576,IT=25;25 ,ii
22454,UP 1,50.000,75720,26093742.0,53.863535,2190947.8,391.2840827,IT=25;25 ,ii
22455,UP 1,50.000,72288,24545414.0,53.867708,1984229.6,391.2839431,IT=25;25 ,ii
22456,UP 1,50.000,77388,25636396.0,53.871876,2108687.2,391.2840441,IT=25;25 ,ii
22457,UP 1,50.000,73536,24893052.0,53.876049,2078269.4,391.2841398,IT=25;25 ,ii
22458,UP 1,50.000,74488,24750254.0,53.880064,2051243.4,391.2842119,IT=25;25 ,ii
22459,UP 1,50.000,71592,24337128.0,53.884234,2067148.0,391.2842128,IT=25;25 ,ii
22460,UP 1,50.000,73704,24791300.0,53.888401,2154547.0,391.2841679,IT=25;25 ,ii
22461,UP 1,50.000,73972,24259566.0,53.892576,2009428.8,391.2840992,IT=25;25 ,ii
22462,UP 1,50.000,73760,24624514.0,53.896764,2044047.6,391.2841998,IT=25;25 ,ii
22463,UP 1,50.000,75200,24969872.0,53.900774,2027943.6,391.2841973,IT=25;25 ,ii
22464,UP 1,50.000,75088,24730522.0,53.904937,2063626.8,391.2840381,IT=25;25 ,ii
22466,UP 1,50.000,76732,25963778.0,53.909543,2210068.2,391.2840956,IT=25;25 ,ii
22467,UP 1,50.000,74332,25550456.0,53.913711,2000214.4,391.2841743,IT=25;25 ,ii
22468,UP 1,50.000,74744,26073832.0,53.917886,2150464.2,391.2842065,IT=25;25 ,ii
22471,UP 1,50.000,77644,27101058.0,53.92412,2157840.0,391.2841184,IT=25;25 ,ii
22472,UP 1,50.000,74344,26672190.0,53.928118,2116419.8,391.2840159,IT=25;25 ,ii
22473,UP 1,50.000,75292,26747296.0,53.93228,2150968.2,391.2841975,IT=25;25 ,ii
22476,UP 1,50.000,77468,27494698.0,53.938751,2117371.8,391.2840815,IT=25;25 ,ii
22477,UP 1,50.000,72908,27193192.0,53.942922,2101952.8,391.2841447,IT=25;25 ,ii
22478,UP 1,50.000,70408,27816958.0,53.94709,2105467.0,391.2840825,IT=25;25 ,ii
22479,UP 1,50.000,73104,28451518.0,53.951263,2131912.0,391.2841241,IT=25;25 ,ii
22480,UP 1,50.000,70504,29169582.0,53.955438,2377341.2,516.7960897,IT=25;25 ,ii
22481,UP 1,50.000,71576,30778228.0,53.959438,3006167.2,516.795901,IT=25;25 ,ii
22482,UP 1,50.000,70816,31070440.0,53.963611,3320587.2,516.7958904,IT=25;25 ,ii
22483,UP 1,48.885,69752,31332182.0,53.967763,3579110.5,516.7960114,IT=24;24 ,ii
22484,UP 1,49.221,71336,32334076.0,53.971948,3772977.0,516.7960119,IT=25;25 ,ii
22485,UP 1,47.980,69836,31560738.0,53.975936,3630303.8,516.7959491,IT=24;24 ,ii
22486,UP 1,49.022,68024,31050318.0,53.980132,3339572.2,516.7959477,IT=25;25 ,ii
22487,UP 1,50.000,69552,30633752.0,53.984311,3090589.2,516.7959,IT=25;25 ,ii
22488,UP 1,50.000,74100,30104928.0,53.988482,2702830.5,516.7958985,IT=25;25 ,ii
22489,UP 1,50.000,71744,28508174.0,53.992655,2180622.0,391.2840577,IT=25;25 ,ii
22490,UP 1,50.000,73356,28314100.0,53.996665,2177793.2,391.2841402,IT=25;25 ,ii
22492,UP 1,50.000,74360,27076892.0,54.001269,2064217.6,391.2841226,IT=25;25 ,ii
22493,UP 1,50.000,73116,26827126.0,54.00544,2165252.5,391.2841812,IT=25;25 ,ii
22494,UP 1,50.000,79356,27630664.0,54.010034,2135900.8,391.2841746,IT=25;25 ,ii
22495,UP 1,50.000,74112,26836980.0,54.0142,2166941.0,391.2841366,IT=25;25 ,ii
22496,UP 1,50.000,75352,27300362.0,54.018202,2202970.0,391.2841605,IT=25;25 ,ii
22497,UP 1,50.000,77508,27554720.0,54.022371,2154048.5,391.2842093,IT=25;25 ,ii
22501,UP 1,50.000,76144,27330852.0,54.030398,2079977.2,391.2841188,IT=25;25 ,ii
22502,UP 1,50.000,77584,27586338.0,54.034398,2094213.6,391.2842023,IT=25;25 ,ii
22505,UP 1,50.000,75012,27766492.0,54.040886,2187002.2,391.2841466,IT=25;25 ,ii
22506,UP 1,50.000,77468,28075316.0,54.044885,2160215.5,391.284159,IT=25;25 ,ii
22507,UP 1,50.000,77420,29033976.0,54.049056,2175241.8,391.2841252,IT=25;25 ,ii
22508,UP 1,50.000,75436,28275150.0,54.053225,2059865.2,391.2842774,IT=25;25 ,ii
22512,UP 1,50.000,77500,29748086.0,54.061604,2105935.2,391.2841239,IT=25;25 ,ii
22513,UP 1,50.000,75488,29883128.0,54.065606,2134066.0,391.2840038,IT=25;25 ,ii
22514,UP 1,50.000,77572,31470536.0,54.069777,2235879.2,391.2841165,IT=25;25 ,ii
22516,UP 1,50.000,75440,32337416.0,54.074404,2280132.2,391.2839355,IT=25;25 ,ii
22517,UP 1,50.000,81220,33178468.0,54.078575,2242311.0,391.283993,IT=25;25 ,ii
22519,UP 1,50.000,75840,33172604.0,54.08336,2186425.0,391.2839345,IT=25;25 ,ii
22520,UP 1,50.000,79400,33877216.0,54.087371,2184409.2,391.2839889,IT=25;25 ,ii
22521,UP 1,50.000,76932,34480060.0,54.091825,2269592.5,391.283962,IT=25;25 ,ii
22522,UP 1,50.000,75668,33568996.0,54.095998,2169897.0,391.2840742,IT=25;25 ,ii
22525,UP 1,50.000,74276,33590468.0,54.102237,2174315.0,391.2840124,IT=25;25 ,ii
22526,UP 1,50.000,76812,32476180.0,54.106408,2133190.0,391.2839816,IT=25;25 ,ii
22527,UP 1,50.000,74284,31290214.0,54.110579,2128930.8,391.2841521,IT=25;25 ,ii
22529,UP 1,50.000,76424,30486210.0,54.115362,2168926.0,391.2840834,IT=25;25 ,ii
22530,UP 1,50.000,75940,29494366.0,54.119364,2131041.2,391.284282,IT=25;25 ,ii
22533,UP 1,50.000,73392,28354752.0,54.12587,2188280.2,391.284148,IT=25;25 ,ii
22534,UP 1,50.000,74016,27240452.0,54.129872,2104831.0,391.2842355,IT=25;25 ,ii
22536,UP 1,50.000,74040,27141244.0,54.134489,2152958.0,391.2840791,IT=25;25 ,ii
22537,UP 1,50.000,73752,26834456.0,54.138662,2062248.1,391.2841117,IT=25;25 ,ii
22538,UP 1,50.000,75696,26465654.0,54.142841,2045773.1,391.2842902,IT=25;25 ,ii
22540,UP 1,50.000,74956,26134374.0,54.147629,2079274.6,391.2841574,IT=25;25 ,ii
22541,UP 1,50.000,72064,26486870.0,54.151631,2141286.2,391.2841771,IT=25;25 ,ii
22542,UP 1,50.000,75180,26632552.0,54.155799,2099260.2,391.2841315,IT=25;25 ,ii
22543,UP 1,50.000,71128,25981760.0,54.159978,2099340.0,391.2841267,IT=25;25 ,ii
22544,UP 1,50.000,75336,26642424.0,54.164153,2056079.9,391.284142,IT=25;25 ,ii
22545,UP 1,50.000,74448,26278540.0,54.168322,2115601.2,391.2841426,IT=25;25 ,ii
22546,UP 1,50.000,73600,25804690.0,54.172326,2041139.0,391.2842894,IT=25;25 ,ii
22548,UP 1,50.000,72496,25722914.0,54.17696,2102869.2,391.2841521,IT=25;25 ,ii
22549,UP 1,50.000,76956,25827454.0,54.181132,2035918.9,391.2841337,IT=25;25 ,ii
22550,UP 1,50.000,76416,25993204.0,54.185312,2115190.8,391.2841341,IT=25;25 ,ii
22551,UP 1,50.000,78064,25692596.0,54.189324,2019871.4,391.2841433,IT=25;25 ,ii
22552,UP 1,50.000,75640,25715874.0,54.193493,2106610.8,391.2841416,IT=25;25 ,ii
22553,UP 1,50.000,76380,25793462.0,54.197676,2110844.0,391.2841389,IT=25;25 ,ii
22554,UP 1,50.000,78068,25747998.0,54.201851,2113119.8,391.2841937,IT=25;25 ,ii
22555,UP 1,50.000,76168,25303656.0,54.20603,1997687.6,391.2841997,IT=25;25 ,ii
22556,UP 1,50.000,74992,25408534.0,54.210032,2101499.0,391.2842535,IT=25;25 ,ii
22558,UP 1,50.000,76280,25118120.0,54.214641,1945764.0,391.2841772,IT=25;25 ,ii
22559,UP 1,50.000,79128,26063596.0,54.218813,2006286.0,391.2842606,IT=25;25 ,ii
22560,UP 1,50.000,75480,25972682.0,54.22298,2135276.0,391.2840683,IT=25;25 ,ii
22561,UP 1,50.000,77528,26084408.0,54.227153,2054014.0,391.2841387,IT=25;25 ,ii
22563,UP 1,50.000,79112,27269670.0,54.231751,2090495.0,391.2840793,IT=25;25 ,ii
22564,UP 1,50.000,80040,28268468.0,54.235922,2142422.0,391.2841508,IT=25;25 ,ii
22565,UP 1,50.000,77064,28773554.0,54.240093,2113560.8,391.2840745,IT=25;25 ,ii
22567,UP 1,50.000,74756,29751690.0,54.244878,2141604.0,391.2840044,IT=25;25 ,ii
22568,UP 1,50.000,76896,30602010.0,54.249049,2204050.8,391.2840569,IT=25;25 ,ii
22571,UP 1,50.000,75000,31354842.0,54.255261,2108513.0,391.2839789,IT=25;25 ,ii
22572,UP 1,48.242,75652,32367104.0,54.259688,2128985.0,391.2840878,IT=24;24 ,ii
22575,UP 1,47.692,73484,32627320.0,54.266126,2203340.8,391.2839417,IT=24;24 ,ii
22576,UP 1,48.497,73440,33065094.0,54.270305,2254299.0,391.283986,IT=24;24 ,ii
22577,UP 1,47.449,71748,32196498.0,54.274292,2217788.8,391.2840096,IT=24;24 ,ii
22578,UP 1,49.517,73328,31573690.0,54.278494,2131582.5,391.2841148,IT=25;25 ,ii
22580,UP 1,50.000,71940,29973746.0,54.283103,2083727.6,391.2839792,IT=25;25 ,ii
22581,UP 1,50.000,72844,28946936.0,54.287273,2106444.0,391.2839894,IT=25;25 ,ii
22582,UP 1,50.000,74016,28653122.0,54.291444,2137886.0,391.2840441,IT=25;25 ,ii
22583,UP 1,50.000,77404,28325094.0,54.295444,2149158.2,391.2841161,IT=25;25 ,ii
22584,UP 1,50.000,72112,26793632.0,54.299615,2085773.6,391.2839988,IT=25;25 ,ii
22585,UP 1,50.000,73544,27037608.0,54.303786,2136927.5,391.284007,IT=25;25 ,ii
22586,UP 1,50.000,74356,26990690.0,54.307957,2214932.5,391.2840068,IT=25;25 ,ii
22587,UP 1,50.000,71088,26262832.0,54.311961,2087189.0,391.2840064,IT=25;25 ,ii
22588,UP 1,50.000,76192,26367896.0,54.316132,2043354.5,391.2842266,IT=25;25 ,ii
22590,UP 1,50.000,73792,26250346.0,54.320742,2045152.1,391.284128,IT=25;25 ,ii
22591,UP 1,50.000,75340,26637334.0,54.324911,2118181.5,391.2842527,IT=25;25 ,ii
22593,UP 1,50.000,74008,26411622.0,54.329677,2116583.5,391.2841337,IT=25;25 ,ii
22594,UP 1,50.000,74388,26506972.0,54.333848,2115174.0,391.2840591,IT=25;25 ,ii
22595,UP 1,50.000,75948,26447328.0,54.33785,2044222.1,391.2842056,IT=25;25 ,ii
22597,UP 1,50.000,73484,26726368.0,54.34245,2151119.5,391.283997,IT=25;25 ,ii
22598,UP 1,50.000,73516,26483604.0,54.346617,2173688.8,391.2841166,IT=25;25 ,ii
22599,UP 1,50.000,72948,26567614.0,54.3508,2108873.8,391.2840969,IT=25;25 ,ii
22600,UP 1,50.000,70152,26101862.0,54.354806,2143433.2,391.2841512,IT=25;25 ,ii
22601,UP 1,50.000,72880,25988612.0,54.358975,2023566.2,391.2841014,IT=25;25 ,ii
22602,UP 1,50.000,74120,26060508.0,54.363144,2018880.8,391.2841411,IT=25;25 ,ii
22603,UP 1,50.000,72140,25615084.0,54.367317,2031096.1,391.2840925,IT=25;25 ,ii
22604,UP 1,50.000,72044,25662010.0,54.37149,2069770.0,391.2842711,IT=25;25 ,ii
22606,UP 1,50.000,71572,25219322.0,54.376108,2093892.8,391.2840673,IT=25;25 ,ii
22607,UP 1,50.000,69036,24369530.0,54.380277,2030305.1,391.2840751,IT=25;25 ,ii
22608,UP 1,50.000,69188,24593986.0,54.384448,2065888.0,391.2840524,IT=25;25 ,ii
22609,UP 1,50.000,71848,24950388.0,54.388617,2078587.2,391.2840761,IT=25;25 ,ii
22610,UP 1,50.000,70636,24479688.0,54.392783,2119671.5,391.284268,IT=25;25 ,ii
22612,UP 1,50.000,72136,24498428.0,54.3974,2019557.5,391.2842473,IT=25;25 ,ii
22613,UP 1,50.000,68828,24151264.0,54.401566,2089568.6,391.2842347,IT=25;25 ,ii
22615,UP 1,50.000,71840,24035516.0,54.406183,1958308.9,391.2841429,IT=25;25 ,ii
22616,UP 1,50.000,72496,24277018.0,54.410354,2059342.6,391.2841615,IT=25;25 ,ii
22617,UP 1,50.000,72504,24294196.0,54.414523,2018483.1,391.2841797,IT=25;25 ,ii
22618,UP 1,50.000,74604,24284894.0,54.418525,2048230.6,391.2840621,IT=25;25 ,ii
22619,UP 1,50.000,71532,24156998.0,54.4227,2115787.5,391.2841994,IT=25;25 ,ii
22620,UP 1,50.000,71188,24039426.0,54.426875,2108873.0,391.2840938,IT=25;25 ,ii
22621,UP 1,50.000,71664,24047658.0,54.431043,2138458.0,391.2840753,IT=25;25 ,ii
22622,UP 1,50.000,74032,24518936.0,54.435212,2058184.2,391.2841541,IT=25;25 ,ii
22623,UP 1,50.000,71232,24206668.0,54.439214,2089251.4,391.284149,IT=25;25 ,ii
22624,UP 1,50.000,75052,24780156.0,54.443385,2074686.6,391.2841184,IT=25;25 ,ii
22625,UP 1,50.000,73640,24841154.0,54.447554,2076421.8,391.284241,IT=25;25 ,ii
22626,UP 1,50.000,70080,24248216.0,54.451724,2089439.6,391.2842786,IT=25;25 ,ii
22627,UP 1,50.000,73168,24229372.0,54.455724,1955760.4,391.2843081,IT=25;25 ,ii
22628,UP 1,50.000,75372,24646816.0,54.459895,2109398.0,391.2843037,IT=25;25 ,ii
22629,UP 1,50.000,73072,24404466.0,54.464064,2031803.9,391.2843642,IT=25;25 ,ii
22631,UP 1,50.000,69640,23984412.0,54.468681,2115092.0,391.2842701,IT=25;25 ,ii
22632,UP 1,50.000,73344,24816218.0,54.472849,2140786.0,391.2842302,IT=25;25 ,ii
22633,UP 1,50.000,72596,24846214.0,54.476851,2107007.8,391.2842305,IT=25;25 ,ii
22634,UP 1,50.000,71520,24459598.0,54.48102,1991125.1,391.2843227,IT=25;25 ,ii
22637,UP 1,50.000,70628,24792760.0,54.487512,2112946.5,391.2842587,IT=25;25 ,ii
22638,UP 1,50.000,73336,25429346.0,54.491676,2078027.5,391.2842792,IT=25;25 ,ii
22639,UP 1,50.000,71232,25095862.0,54.495847,2033847.8,391.2843239,IT=25;25 ,ii
22640,UP 1,50.000,70264,24922326.0,54.500026,1992298.2,391.2842795,IT=25;25 ,ii
22641,UP 1,50.000,68988,25231520.0,54.504026,2069831.0,391.2842804,IT=25;25 ,ii
22642,UP 1,50.000,70408,25311206.0,54.508495,2131316.2,391.2842463,IT=25;25 ,ii
22643,UP 1,50.000,72628,25291624.0,54.512668,2057960.1,391.2842605,IT=25;25 ,ii
22644,UP 1,50.000,70208,25018128.0,54.516843,2065422.9,391.2842753,IT=25;25 ,ii
22645,UP 1,50.000,72272,25137738.0,54.521009,2084728.4,391.2842175,IT=25;25 ,ii
22646,UP 1,50.000,70872,24507610.0,54.525009,1961671.5,391.2842128,IT=25;25 ,ii
22647,UP 1,50.000,70276,24088432.0,54.529178,2035032.6,391.2842803,IT=25;25 ,ii
22648,UP 1,50.000,70308,23960248.0,54.533355,2010197.5,391.2842025,IT=25;25 ,ii
22649,UP 1,50.000,68144,23884352.0,54.537532,2083922.2,391.2841836,IT=25;25 ,ii
22650,UP 1,50.000,67376,23238052.0,54.54153,2007485.1,391.2842505,IT=25;25 ,ii
22651,UP 1,50.000,71796,23474986.0,54.545695,2029603.6,391.2842666,IT=25;25 ,ii
22652,UP 1,50.000,69488,23538450.0,54.549863,2043131.0,391.2842593,IT=25;25 ,ii
22653,UP 1,50.000,67636,23316512.0,54.554036,2035460.2,391.2844087,IT=25;25 ,ii
22655,UP 1,50.000,69160,23101372.0,54.55882,1940370.6,391.2842934,IT=25;25 ,ii
22656,UP 1,50.000,68468,23103756.0,54.562822,2062938.5,391.2842462,IT=25;25 ,ii
22657,UP 1,50.000,70872,23436902.0,54.566992,1991808.5,391.2842813,IT=25;25 ,ii
22658,UP 1,50.000,69624,23354106.0,54.571161,2044506.9,391.2842327,IT=25;25 ,ii
22659,UP 1,50.000,70540,22947732.0,54.575332,1959706.5,391.284287,IT=25;25 ,ii
22660,UP 1,50.000,73048,23004244.0,54.579509,1902712.4,391.2842717,IT=25;25 ,ii
22661,UP 1,50.000,68724,22892018.0,54.583511,1967510.9,391.2843619,IT=25;25 ,ii
22663,UP 1,50.000,69588,22764010.0,54.588128,2005259.2,391.2842073,IT=25;25 ,ii
22664,UP 1,50.000,69756,23064574.0,54.592582,2052571.1,391.2842889,IT=25;25 ,ii
22665,UP 1,50.000,69152,22831986.0,54.596753,2054319.1,391.2842805,IT=25;25 ,ii
22666,UP 1,50.000,67028,22288892.0,54.600921,1963010.9,391.2841718,IT=25;25 ,ii
22667,UP 1,50.000,71136,22987436.0,54.604919,2024791.6,391.2842502,IT=25;25 ,ii
22668,UP 1,50.000,69960,23010104.0,54.609088,2022654.6,391.2843272,IT=25;25 ,ii
22669,UP 1,50.000,69928,22664094.0,54.613255,1903994.2,391.2842882,IT=25;25 ,ii
22671,UP 1,50.000,70552,22984676.0,54.618057,1980334.2,391.2842418,IT=25;25 ,ii
22672,UP 1,50.000,69320,23098964.0,54.622217,1983596.2,391.2842861,IT=25;25 ,ii
22673,UP 1,50.000,71968,23755118.0,54.626217,2092201.2,391.2842492,IT=25;25 ,ii
22674,UP 1,50.000,71752,23094090.0,54.630388,1953587.1,391.2842572,IT=25;25 ,ii
22675,UP 1,50.000,68316,23011460.0,54.634561,1980053.6,391.2841925,IT=25;25 ,ii
22676,UP 1,50.000,70948,23441508.0,54.638732,2046187.5,391.284167,IT=25;25 ,ii
22677,UP 1,50.000,71180,22962744.0,54.642734,1887190.4,391.2843195,IT=25;25 ,ii
22678,UP 1,50.000,68300,22969396.0,54.646917,2025845.1,391.2842692,IT=25;25 ,ii
22679,UP 1,50.000,70256,22909936.0,54.651088,1923274.1,391.2843732,IT=25;25 ,ii
22681,UP 1,50.000,67948,22909816.0,54.655686,2099031.2,391.2842369,IT=25;25 ,ii
22682,UP 1,50.000,71880,23158772.0,54.659856,2041740.6,391.2842367,IT=25;25 ,ii
22683,UP 1,50.000,71736,22750530.0,54.663856,1921439.0,391.2842669,IT=25;25 ,ii
22684,UP 1,50.000,69504,22762308.0,54.668035,1960797.8,391.284304,IT=25;25 ,ii
22685,UP 1,50.000,73272,23168316.0,54.672211,1969828.5,391.2842545,IT=25;25 ,ii
22686,UP 1,50.000,68752,22562614.0,54.676667,1954358.8,391.2843089,IT=25;25 ,ii
22687,UP 1,50.000,68732,22982096.0,54.680835,1955657.5,391.2842607,IT=25;25 ,ii
22688,UP 1,50.000,69868,22989130.0,54.684835,1994136.8,391.2842385,IT=25;25 ,ii
22689,UP 1,50.000,69740,23035608.0,54.689004,2016964.0,391.2842392,IT=25;25 ,ii
22690,UP 1,50.000,69268,23487848.0,54.693177,2049523.5,391.2842642,IT=25;25 ,ii
22691,UP 1,50.000,67040,22822824.0,54.697352,1973906.0,391.284296,IT=25;25 ,ii
22694,UP 1,50.000,71840,23763924.0,54.703567,1976275.2,391.2842403,IT=25;25 ,ii
22695,UP 1,50.000,69980,23350782.0,54.707737,1943459.4,391.2841851,IT=25;25 ,ii
22696,UP 1,50.000,72076,23730410.0,54.711739,1989854.5,391.2842933,IT=25;25 ,ii
22697,UP 1,50.000,69816,23185884.0,54.71591,1913645.8,391.2842758,IT=25;25 ,ii
22698,UP 1,50.000,73084,23673876.0,54.720077,2015475.1,391.2841877,IT=25;25 ,ii
22699,UP 1,50.000,71108,23241246.0,54.72426,1872963.1,391.2842884,IT=25;25 ,ii
22700,UP 1,50.000,70280,23317234.0,54.728271,1992708.9,391.2842108,IT=25;25 ,ii
22701,UP 1,50.000,70900,23480662.0,54.732437,1951280.8,391.2842416,IT=25;25 ,ii
22702,UP 1,50.000,75080,23504784.0,54.736606,1929779.2,391.284315,IT=25;25 ,ii
22703,UP 1,50.000,72848,23286502.0,54.740777,1900384.8,391.2842993,IT=25;25 ,ii
22704,UP 1,50.000,72388,23915036.0,54.744945,2020294.8,391.2843257,IT=25;25 ,ii
22705,UP 1,50.000,71440,23565296.0,54.748947,1931772.9,391.2843174,IT=25;25 ,ii
22706,UP 1,50.000,75840,23825120.0,54.753116,1911923.1,391.2842859,IT=25;25 ,ii
22707,UP 1,50.000,71184,23661070.0,54.757572,1944304.5,391.2842782,IT=25;25 ,ii
22708,UP 1,50.000,71088,23804248.0,54.761741,1910954.4,391.2842716,IT=25;25 ,ii
22709,UP 1,50.000,68652,23821586.0,54.765914,1965632.4,391.284304,IT=25;25 ,ii
22710,UP 1,50.000,71268,24280364.0,54.769914,1918201.0,391.2843756,IT=25;25 ,ii
22712,UP 1,50.000,73076,24617744.0,54.774533,1981314.8,391.2843762,IT=25;25 ,ii
22713,UP 1,50.000,71756,24983486.0,54.77871,1922539.4,391.2843778,IT=25;25 ,ii
22715,UP 1,50.000,72812,25553250.0,54.783481,1987620.5,391.2842752,IT=25;25 ,ii
22716,UP 1,50.000,70228,25575616.0,54.787651,1948786.9,391.2841982,IT=25;25 ,ii
22717,UP 1,50.000,72884,26137454.0,54.791656,1922720.0,391.284364,IT=25;25 ,ii
22719,UP 1,50.000,67936,26410668.0,54.796274,2073661.6,391.2842548,IT=25;25 ,ii
22720,UP 1,50.000,72072,26319500.0,54.800447,1949524.1,391.284145,IT=25;25 ,ii
22721,UP 1,50.000,69452,26795752.0,54.80462,2000381.4,391.2841372,IT=25;25 ,ii
22722,UP 1,50.000,70004,26008374.0,54.808793,1900309.9,391.2839915,IT=25;25 ,ii
22723,UP 1,50.000,71976,26132152.0,54.812797,1892361.8,391.2841394,IT=25;25 ,ii
22724,UP 1,50.000,68496,25970846.0,54.816968,1879265.2,391.2842204,IT=25;25 ,ii
22725,UP 1,50.000,70468,25861312.0,54.821141,1943085.8,391.2841769,IT=25;25 ,ii
22726,UP 1,50.000,71660,25612264.0,54.825314,1945348.0,391.2842606,IT=25;25 ,ii
22727,UP 1,50.000,76084,25789684.0,54.829318,1908194.2,391.2842713,IT=25;25 ,ii
22728,UP 1,50.000,84192,28731884.0,54.833493,1926479.9,391.2842949,IT=25;25 ,ii
22731,UP 1,8.946,127392,221619380.0,54.839328,2768103.8,494.2797678,IT=4.5;4.5 ,ii
22742,UP 1,22.178,109184,90543488.0,54.860334,2046927.2,387.2016452,IT=11;11 ,ii
22746,UP 1,21.582,112228,91245808.0,54.86789,2095617.8,387.2016364,IT=11;11 ,ii
22748,UP 1,21.262,109420,90053264.0,54.872251,1614662.4,391.2840444,IT=11;11 ,ii
22749,UP 1,21.792,108416,85201360.0,54.876172,1421468.5,391.2840711,IT=11;11 ,ii
22750,UP 1,23.161,115152,92172256.0,54.880274,1562615.1,419.3153884,IT=12;12 ,ii
22751,UP 1,19.767,111456,95539832.0,54.884299,1609060.8,419.3153256,IT=9.9;9.9 ,ii
22752,UP 1,19.893,111948,99966016.0,54.888369,1693366.6,419.3153886,IT=9.9;9.9 ,ii
22753,UP 1,18.636,110200,101354780.0,54.892253,1782279.5,419.3152775,IT=9.3;9.3 ,ii
22754,UP 1,17.476,105060,106317940.0,54.896288,2169272.2,423.1807567,IT=8.7;8.7 ,ii
22755,UP 1,16.723,104140,106654430.0,54.900326,2654942.8,423.1807889,IT=8.4;8.4 ,ii
22756,UP 1,16.275,99800,105778810.0,54.904365,2779096.5,423.1807659,IT=8.1;8.1 ,ii
22757,UP 1,15.688,102256,106410860.0,54.908232,2853079.2,423.1807138,IT=7.8;7.8 ,ii
22758,UP 1,16.276,102736,106701670.0,54.912286,2272794.0,423.1807633,IT=8.1;8.1 ,ii
22759,UP 1,15.789,103040,106115190.0,54.916332,2042578.6,419.3153351,IT=7.9;7.9 ,ii
22760,UP 1,15.935,104248,105282820.0,54.920386,2168149.2,419.3152923,IT=8;8 ,ii
22761,UP 1,15.906,103556,102991900.0,54.92444,2202749.2,419.3152807,IT=8;8 ,ii
22762,UP 1,16.315,103292,101802210.0,54.928496,2216061.5,419.3153304,IT=8.2;8.2 ,ii
22763,UP 1,16.773,104364,98944624.0,54.932557,2226447.0,419.3153681,IT=8.4;8.4 ,ii
22764,UP 1,16.952,108372,98913000.0,54.936611,2252797.8,419.3153279,IT=8.5;8.5 ,ii
22765,UP 1,16.705,106792,98811152.0,54.940492,2210175.2,419.3152989,IT=8.4;8.4 ,ii
22766,UP 1,15.807,107980,106294380.0,54.944527,2409224.0,419.3153163,IT=7.9;7.9 ,ii
22767,UP 1,15.987,106616,102664760.0,54.948579,2459503.0,419.3153239,IT=8;8 ,ii
22768,UP 1,15.210,108220,107399080.0,54.952611,2599308.8,419.3152227,IT=7.6;7.6 ,ii
22769,UP 1,16.508,108592,99189280.0,54.956502,2544922.8,419.3153249,IT=8.3;8.3 ,ii
22770,UP 1,16.882,107288,96580896.0,54.960554,2466839.8,419.3153603,IT=8.4;8.4 ,ii
22771,UP 1,16.242,108076,98663432.0,54.964594,2517599.2,419.3152688,IT=8.1;8.1 ,ii
22772,UP 1,16.536,109824,100366580.0,54.968642,2639800.8,419.3152791,IT=8.3;8.3 ,ii
22773,UP 1,15.557,110004,101704270.0,54.972504,2668803.8,419.3153749,IT=7.8;7.8 ,ii
22774,UP 1,15.448,104412,102126470.0,54.976546,2794401.2,419.3152652,IT=7.7;7.7 ,ii
22775,UP 1,15.513,111108,102773060.0,54.980588,2811555.2,419.3152822,IT=7.8;7.8 ,ii
22776,UP 1,15.586,108536,101442660.0,54.984627,2734026.0,419.3152841,IT=7.8;7.8 ,ii
22777,UP 1,15.456,108860,103430520.0,54.988496,2760892.0,419.3153222,IT=7.7;7.7 ,ii
22778,UP 1,14.991,109676,104898910.0,54.992529,3050651.8,419.315324,IT=7.5;7.5 ,ii
22779,UP 1,15.857,110820,104113580.0,54.996581,2900849.5,419.3153677,IT=7.9;7.9 ,ii
22780,UP 1,15.057,107004,103067080.0,55.000615,2896684.0,419.3153914,IT=7.5;7.5 ,ii
22781,UP 1,14.241,107936,106126620.0,55.004631,3088790.8,419.3153789,IT=7.1;7.1 ,ii
22782,UP 1,15.387,108772,103706310.0,55.008679,2974981.8,419.3153673,IT=7.7;7.7 ,ii
22783,UP 1,15.160,105976,103244660.0,55.012714,2972562.0,419.3154078,IT=7.6;7.6 ,ii
22784,UP 1,14.449,101108,101535980.0,55.016746,2989822.2,419.3153855,IT=7.2;7.2 ,ii
22785,UP 1,15.155,105668,102749810.0,55.020621,3129134.5,419.3153899,IT=7.6;7.6 ,ii
22786,UP 1,14.611,108976,105268590.0,55.024648,3245413.0,419.3154512,IT=7.3;7.3 ,ii
22787,UP 1,14.931,103980,100609590.0,55.028685,3065554.2,419.3153354,IT=7.5;7.5 ,ii
22788,UP 1,14.997,107052,104261220.0,55.032723,3145665.2,419.3154311,IT=7.5;7.5 ,ii
22789,UP 1,14.641,109336,106968060.0,55.036587,3284956.2,419.3154084,IT=7.3;7.3 ,ii
22790,UP 1,14.732,108588,106074550.0,55.040625,3413500.5,419.3153656,IT=7.4;7.4 ,ii
22791,UP 1,15.032,110144,104229020.0,55.044662,3216886.8,419.3154457,IT=7.5;7.5 ,ii
22792,UP 1,14.253,109000,106774150.0,55.048685,3487174.0,419.3153714,IT=7.1;7.1 ,ii
22793,UP 1,14.512,107584,103404050.0,55.052556,3401072.2,419.3152237,IT=7.3;7.3 ,ii
22794,UP 1,14.704,105908,104336950.0,55.056602,3370732.2,419.315311,IT=7.4;7.4 ,ii
22795,UP 1,13.935,101720,105756350.0,55.06062,3478431.0,419.3153834,IT=7;7 ,ii
22796,UP 1,14.235,105088,104494190.0,55.064641,3503184.5,419.3152737,IT=7.1;7.1 ,ii
22797,UP 1,14.587,105268,103959240.0,55.068502,3458248.0,419.3153405,IT=7.3;7.3 ,ii
22798,UP 1,14.396,103840,103682550.0,55.072531,3431040.0,419.3154619,IT=7.2;7.2 ,ii
22799,UP 1,14.670,104240,99571384.0,55.07657,3482391.0,419.31532,IT=7.3;7.3 ,ii
22800,UP 1,14.574,106404,100299070.0,55.080606,3399072.5,419.3151466,IT=7.3;7.3 ,ii
22801,UP 1,15.323,108936,102955500.0,55.084481,3451269.5,419.3152593,IT=7.7;7.7 ,ii
22802,UP 1,14.907,108132,99759536.0,55.088516,3526458.5,419.3154211,IT=7.5;7.5 ,ii
22803,UP 1,15.497,109648,101633140.0,55.092566,3445237.2,419.3153527,IT=7.7;7.7 ,ii
22804,UP 1,14.473,106148,102302310.0,55.096589,3653882.5,419.3153529,IT=7.2;7.2 ,ii
22805,UP 1,16.126,112388,98070592.0,55.100476,3358951.8,419.3153184,IT=8.1;8.1 ,ii
22806,UP 1,15.813,112712,101410850.0,55.104516,3526272.2,419.3152471,IT=7.9;7.9 ,ii
22807,UP 1,15.427,106728,98195176.0,55.108549,3457784.5,419.3153865,IT=7.7;7.7 ,ii
22808,UP 1,15.297,112296,102331910.0,55.112587,3618181.8,419.3153619,IT=7.6;7.6 ,ii
22809,UP 1,15.676,110200,99951536.0,55.116466,3422538.0,419.3153442,IT=7.8;7.8 ,ii
22810,UP 1,15.592,110832,101116200.0,55.120508,3529311.0,419.3153407,IT=7.8;7.8 ,ii
22811,UP 1,15.978,113768,101203730.0,55.124553,3525113.2,419.3153461,IT=8;8 ,ii
22812,UP 1,16.067,107716,97020208.0,55.128597,3528459.5,419.3153224,IT=8;8 ,ii
22813,UP 1,15.692,113028,100766060.0,55.132637,3575987.2,419.3152901,IT=7.8;7.8 ,ii
22814,UP 1,15.062,110288,101024880.0,55.136666,3602957.2,419.3153037,IT=7.5;7.5 ,ii
22815,UP 1,16.449,110244,97802504.0,55.140722,3506905.2,419.315302,IT=8.2;8.2 ,ii
22816,UP 1,15.201,107740,100054970.0,55.144745,3506597.2,419.3153437,IT=7.6;7.6 ,ii
22817,UP 1,15.146,109976,102301510.0,55.148618,3616543.5,419.3153424,IT=7.6;7.6 ,ii
22818,UP 1,16.027,111224,100594820.0,55.15267,3730343.5,419.31521,IT=8;8 ,ii
22819,UP 1,15.881,109156,99416624.0,55.156711,3569748.5,419.3152901,IT=7.9;7.9 ,ii
22820,UP 1,15.313,110092,102263950.0,55.160745,3820264.5,419.3152977,IT=7.7;7.7 ,ii
22821,UP 1,14.972,109912,101775700.0,55.164616,3680180.8,419.3153527,IT=7.5;7.5 ,ii
22822,UP 1,16.032,111956,96292032.0,55.168666,3722796.2,419.3153831,IT=8;8 ,ii
22823,UP 1,16.914,108700,90927576.0,55.172722,3744395.0,419.3154134,IT=8.5;8.5 ,ii
22824,UP 1,15.885,109012,95212360.0,55.176755,3809411.2,419.3153469,IT=7.9;7.9 ,ii
22825,UP 1,15.905,108092,98141312.0,55.180632,3709337.5,419.3153556,IT=8;8 ,ii
22826,UP 1,15.656,108852,98191864.0,55.184665,3781075.8,419.3153492,IT=7.8;7.8 ,ii
22827,UP 1,15.322,109164,98846096.0,55.188701,3837218.2,419.3152913,IT=7.7;7.7 ,ii
22828,UP 1,16.411,110684,98803592.0,55.192755,4059302.5,419.3152466,IT=8.2;8.2 ,ii
22829,UP 1,15.590,110216,101814420.0,55.196626,3892848.5,419.315301,IT=7.8;7.8 ,ii
22830,UP 1,15.529,110008,100708150.0,55.200663,3880526.5,419.3152902,IT=7.8;7.8 ,ii
22831,UP 1,15.274,110456,100627260.0,55.204699,4003291.2,419.315385,IT=7.6;7.6 ,ii
22832,UP 1,14.869,107776,101883740.0,55.208728,4046029.0,419.3153661,IT=7.4;7.4 ,ii
22833,UP 1,15.085,114040,103201340.0,55.212601,4005804.8,419.3153451,IT=7.5;7.5 ,ii
22834,UP 1,15.900,107692,94378432.0,55.216653,3939252.2,419.3153946,IT=8;8 ,ii
22835,UP 1,16.335,112204,99518072.0,55.220699,3759745.5,419.3153262,IT=8.2;8.2 ,ii
22836,UP 1,15.815,108404,98356696.0,55.224732,4050014.8,419.3153739,IT=7.9;7.9 ,ii
22837,UP 1,15.120,112964,102731270.0,55.228596,4109388.0,419.3153597,IT=7.6;7.6 ,ii
22838,UP 1,15.999,109964,96642624.0,55.232651,4190754.8,419.3153374,IT=8;8 ,ii
22839,UP 1,16.428,106336,94750656.0,55.236701,4200023.0,419.3153712,IT=8.2;8.2 ,ii
22840,UP 1,15.259,113836,104209760.0,55.240726,4210666.0,419.3153043,IT=7.6;7.6 ,ii
22841,UP 1,16.834,120164,106172420.0,55.244621,4325419.5,419.3153076,IT=8.4;8.4 ,ii
22842,UP 1,13.695,108992,113334930.0,55.248625,4954878.0,419.3152885,IT=6.8;6.8 ,ii
22843,UP 1,16.338,111836,97407032.0,55.252684,4339369.5,419.3153,IT=8.2;8.2 ,ii
22844,UP 1,15.917,111736,100193680.0,55.256723,4099573.2,419.3152417,IT=8;8 ,ii
22845,UP 1,16.918,115144,98376712.0,55.260615,3962348.0,419.3152187,IT=8.5;8.5 ,ii
22846,UP 1,15.390,115780,104910460.0,55.264642,4066208.8,419.3153163,IT=7.7;7.7 ,ii
22847,UP 1,15.152,110264,102846090.0,55.268673,4051337.5,419.3152333,IT=7.6;7.6 ,ii
22848,UP 1,15.154,110820,102435940.0,55.272711,4266583.0,419.3151943,IT=7.6;7.6 ,ii
22849,UP 1,15.716,108648,94114496.0,55.276592,4255034.5,419.3152344,IT=7.9;7.9 ,ii
22850,UP 1,14.507,113604,106026320.0,55.280615,4619923.5,419.3153238,IT=7.3;7.3 ,ii
22851,UP 1,15.915,115344,99970864.0,55.284671,4164481.5,419.3152088,IT=8;8 ,ii
22852,UP 1,16.028,112248,95374032.0,55.288713,4238790.0,419.3153429,IT=8;8 ,ii
22853,UP 1,15.431,114204,99641232.0,55.292577,4035206.8,419.3151998,IT=7.7;7.7 ,ii
22854,UP 1,16.004,114964,100606190.0,55.296638,4173581.8,419.3152667,IT=8;8 ,ii
22855,UP 1,15.950,107996,98985816.0,55.300675,4268139.5,419.3152744,IT=8;8 ,ii
22856,UP 1,15.983,115084,101483370.0,55.304717,4307556.0,419.3153562,IT=8;8 ,ii
22857,UP 1,15.613,109580,98956392.0,55.308583,4394061.5,419.3153424,IT=7.8;7.8 ,ii
22858,UP 1,16.445,116400,100554610.0,55.312642,4381340.0,419.315243,IT=8.2;8.2 ,ii
22859,UP 1,15.892,111660,97671736.0,55.316675,4393569.0,419.3152057,IT=7.9;7.9 ,ii
22860,UP 1,14.637,115284,118546460.0,55.320696,4953384.0,419.3152968,IT=7.3;7.3 ,ii
22861,UP 1,13.491,106872,104730750.0,55.324546,4520121.5,419.3153202,IT=6.7;6.7 ,ii
22862,UP 1,12.408,111148,121161040.0,55.328533,5302521.5,419.3153456,IT=6.2;6.2 ,ii
22863,UP 1,13.449,111468,116803340.0,55.332533,5065654.5,419.3153587,IT=6.7;6.7 ,ii
22864,UP 1,16.112,112396,99408112.0,55.336587,4306579.5,419.3152017,IT=8.1;8.1 ,ii
22865,UP 1,15.923,110252,96825848.0,55.340462,4561620.5,419.3152489,IT=8;8 ,ii
22866,UP 1,16.741,110900,95387200.0,55.344519,4167978.0,419.3152795,IT=8.4;8.4 ,ii
22867,UP 1,16.650,115484,98655736.0,55.34856,4173080.0,419.3152382,IT=8.3;8.3 ,ii
22868,UP 1,18.398,114844,92537256.0,55.352637,4331779.0,419.3152693,IT=9.2;9.2 ,ii
22869,UP 1,16.371,109496,97467040.0,55.356493,4290547.5,419.3152728,IT=8.2;8.2 ,ii
22870,UP 1,16.640,112252,95957464.0,55.360548,4528811.0,419.3152702,IT=8.3;8.3 ,ii
22871,UP 1,14.984,113148,109177610.0,55.364566,4928805.5,419.3152111,IT=7.5;7.5 ,ii
22872,UP 1,16.488,108740,95587288.0,55.368629,4556078.5,419.3151356,IT=8.2;8.2 ,ii
22873,UP 1,16.852,112156,96297240.0,55.372512,4563123.0,419.3151926,IT=8.4;8.4 ,ii
22874,UP 1,16.400,113048,97877128.0,55.376556,4571500.0,419.3151859,IT=8.2;8.2 ,ii
22875,UP 1,16.354,107456,95808888.0,55.3806,4485625.0,419.3152111,IT=8.2;8.2 ,ii
22876,UP 1,17.762,116252,97487576.0,55.384672,4698077.5,419.3152816,IT=8.9;8.9 ,ii
22877,UP 1,17.656,116480,96985144.0,55.388552,4529828.5,419.3152181,IT=8.8;8.8 ,ii
22878,UP 1,17.575,110692,90348552.0,55.392604,4507009.0,419.3151516,IT=8.8;8.8 ,ii
22879,UP 1,16.572,114880,100149630.0,55.396641,4477245.0,419.3151187,IT=8.3;8.3 ,ii
22880,UP 1,15.640,114072,101247080.0,55.400674,4685067.5,419.3152159,IT=7.8;7.8 ,ii
22881,UP 1,16.627,116400,98497712.0,55.404564,4671379.5,419.3152248,IT=8.3;8.3 ,ii
22882,UP 1,16.505,114264,100247540.0,55.408608,4453729.5,419.3152258,IT=8.3;8.3 ,ii
22883,UP 1,17.226,113508,100209050.0,55.412668,4691513.5,419.3153698,IT=8.6;8.6 ,ii
22884,UP 1,15.793,112572,101086140.0,55.416691,4683688.5,419.3153101,IT=7.9;7.9 ,ii
22885,UP 1,16.903,113704,97725336.0,55.420583,4796618.5,419.3152982,IT=8.5;8.5 ,ii
22886,UP 1,18.119,116176,92581792.0,55.424653,4578664.0,419.3152612,IT=9.1;9.1 ,ii
22887,UP 1,16.455,113240,100445110.0,55.428678,4901766.5,419.3152992,IT=8.2;8.2 ,ii
22888,UP 1,16.179,114208,99677984.0,55.432718,4811266.5,419.3151849,IT=8.1;8.1 ,ii
22889,UP 1,18.558,117032,93851504.0,55.436635,4524524.0,419.3152315,IT=9.3;9.3 ,ii
22890,UP 1,16.746,116568,100646820.0,55.440668,4770986.5,419.3151603,IT=8.4;8.4 ,ii
22891,UP 1,16.349,110908,96604048.0,55.444703,4795797.0,419.3152867,IT=8.2;8.2 ,ii
22892,UP 1,15.748,109248,99615888.0,55.448739,4822130.5,419.3151236,IT=7.9;7.9 ,ii
22893,UP 1,16.417,110352,92782520.0,55.452622,4766011.0,419.3151715,IT=8.2;8.2 ,ii
22894,UP 1,16.144,113340,100436900.0,55.45667,4656046.0,419.3152061,IT=8.1;8.1 ,ii
22895,UP 1,16.597,114344,99793640.0,55.460714,4657576.0,419.3151802,IT=8.3;8.3 ,ii
22896,UP 1,16.401,114232,101586830.0,55.464926,5203042.5,419.3152156,IT=8.2;8.2 ,ii
22897,UP 1,17.157,116624,104537780.0,55.468814,4928269.5,419.3150302,IT=8.6;8.6 ,ii
22898,UP 1,13.889,115460,115108980.0,55.472811,5635886.5,419.3151539,IT=6.9;6.9 ,ii
22899,UP 1,15.463,115872,114029050.0,55.476861,5526354.0,419.3151248,IT=7.7;7.7 ,ii
22900,UP 1,15.290,110160,100362310.0,55.480901,5040821.5,419.3151883,IT=7.6;7.6 ,ii
22901,UP 1,17.486,114964,97291400.0,55.484805,4908343.5,419.315156,IT=8.7;8.7 ,ii
22902,UP 1,17.122,117900,100498940.0,55.488861,4660347.5,419.3151196,IT=8.6;8.6 ,ii
22903,UP 1,15.091,110984,103852020.0,55.49287,5114595.5,419.3152013,IT=7.5;7.5 ,ii
22904,UP 1,16.272,113836,101720670.0,55.496928,4703957.5,419.3150503,IT=8.1;8.1 ,ii
22905,UP 1,15.951,111252,102654020.0,55.500799,4947522.0,419.3151399,IT=8;8 ,ii
22906,UP 1,15.305,113428,103113100.0,55.504834,5035655.5,419.3151139,IT=7.7;7.7 ,ii
22907,UP 1,15.558,112668,104433380.0,55.508874,5103590.5,419.3151181,IT=7.8;7.8 ,ii
22908,UP 1,15.453,109360,102506660.0,55.512913,5101281.0,419.3152029,IT=7.7;7.7 ,ii
22909,UP 1,16.137,111176,101628840.0,55.516794,4829822.5,419.3151449,IT=8.1;8.1 ,ii
22910,UP 1,15.802,113620,101282210.0,55.520842,4915248.5,419.3151173,IT=7.9;7.9 ,ii
22911,UP 1,15.404,114436,109084780.0,55.524874,5211392.0,419.3152505,IT=7.7;7.7 ,ii
22912,UP 1,15.855,110464,103045970.0,55.528924,5020509.0,419.3151407,IT=7.9;7.9 ,ii
22913,UP 1,16.235,119724,115129500.0,55.532798,5421059.5,419.3152557,IT=8.1;8.1 ,ii
22914,UP 1,14.924,110824,105322650.0,55.53683,5068077.5,419.31519,IT=7.5;7.5 ,ii
22915,UP 1,15.548,111308,105198530.0,55.540876,5330089.5,419.3151726,IT=7.8;7.8 ,ii
22916,UP 1,14.278,110420,108778560.0,55.544896,5521217.0,419.3151438,IT=7.1;7.1 ,ii
22917,UP 1,14.643,115164,119565620.0,55.548932,5781515.5,419.3151388,IT=7.3;7.3 ,ii
22918,UP 1,14.636,113624,116476610.0,55.552969,5788087.5,419.315122,IT=7.3;7.3 ,ii
22919,UP 1,17.212,114800,99706320.0,55.557046,4914683.0,419.3151213,IT=8.6;8.6 ,ii
22920,UP 1,16.585,118192,107049010.0,55.561086,5223262.0,419.315118,IT=8.3;8.3 ,ii
22921,UP 1,18.816,122492,110235940.0,55.565,5433807.0,419.3153086,IT=9.4;9.4 ,ii
22922,UP 1,16.089,119700,109071740.0,55.569019,5463496.5,419.3152453,IT=8;8 ,ii
22923,UP 1,14.015,115084,121696270.0,55.573025,5990002.5,419.3152025,IT=7;7 ,ii
22924,UP 1,15.116,117272,120691900.0,55.577073,5995592.5,419.3152586,IT=7.6;7.6 ,ii
22925,UP 1,14.387,113936,116479740.0,55.580929,5763563.5,419.3152639,IT=7.2;7.2 ,ii
22926,UP 1,14.511,107764,105390100.0,55.584971,5233204.0,419.3152825,IT=7.3;7.3 ,ii
22927,UP 1,15.193,114408,111146230.0,55.589019,5584072.5,419.3151628,IT=7.6;7.6 ,ii
22928,UP 1,13.999,112624,114923040.0,55.593036,5529946.5,419.3152111,IT=7;7 ,ii
22929,UP 1,15.508,111320,105338310.0,55.596919,4897299.0,419.3151653,IT=7.8;7.8 ,ii
22930,UP 1,15.766,118272,108280320.0,55.600959,5108837.5,419.315136,IT=7.9;7.9 ,ii
22931,UP 1,15.242,112448,107397690.0,55.604996,5387964.5,419.3152013,IT=7.6;7.6 ,ii
22932,UP 1,13.831,112036,117048140.0,55.609008,5860003.0,419.3152499,IT=6.9;6.9 ,ii
22933,UP 1,14.714,114496,114055760.0,55.612871,5890055.5,419.3151677,IT=7.4;7.4 ,ii
22934,UP 1,14.107,115200,117410890.0,55.616902,6064077.5,419.3151289,IT=7.1;7.1 ,ii
22935,UP 1,14.042,111480,113989550.0,55.620925,5832971.5,419.3152671,IT=7;7 ,ii
22936,UP 1,14.633,113368,115344430.0,55.624967,6089369.0,419.3151939,IT=7.3;7.3 ,ii
22937,UP 1,16.467,112740,101895620.0,55.628867,5146433.5,419.3152239,IT=8.2;8.2 ,ii
22938,UP 1,15.191,117408,110166210.0,55.632892,5615444.0,419.3152308,IT=7.6;7.6 ,ii
22939,UP 1,16.643,112724,101718420.0,55.636956,5250449.5,419.3152313,IT=8.3;8.3 ,ii
22940,UP 1,16.212,113508,103523770.0,55.641002,5324456.0,419.3151904,IT=8.1;8.1 ,ii
22941,UP 1,16.119,110112,97928256.0,55.644879,5245133.0,419.3152755,IT=8.1;8.1 ,ii
22942,UP 1,16.012,116764,106974810.0,55.648923,5477940.0,419.3153075,IT=8;8 ,ii
22943,UP 1,15.843,113000,104677990.0,55.65296,5427076.0,419.3153827,IT=7.9;7.9 ,ii
22944,UP 1,17.416,115644,97810960.0,55.657037,5456135.0,419.3152906,IT=8.7;8.7 ,ii
22945,UP 1,17.626,118600,99905056.0,55.660923,5298838.5,419.3153038,IT=8.8;8.8 ,ii
22946,UP 1,14.003,113308,110996760.0,55.664916,5921520.5,419.3152259,IT=7;7 ,ii
22947,UP 1,16.517,116608,103411690.0,55.668979,5274386.0,419.3152655,IT=8.3;8.3 ,ii
22948,UP 1,17.212,110776,97921000.0,55.673037,5070283.0,419.3152899,IT=8.6;8.6 ,ii
22949,UP 1,16.375,117340,104195410.0,55.676906,5566497.5,419.315187,IT=8.2;8.2 ,ii
22950,UP 1,15.366,113372,110547620.0,55.680937,5801468.0,419.3152466,IT=7.7;7.7 ,ii
22951,UP 1,15.534,109228,101558540.0,55.684981,5385535.0,419.3152079,IT=7.8;7.8 ,ii
22952,UP 1,17.196,115036,101324930.0,55.689048,5423035.5,419.3152709,IT=8.6;8.6 ,ii
22953,UP 1,15.012,112156,108798200.0,55.692893,5517242.0,419.3151824,IT=7.5;7.5 ,ii
22954,UP 1,16.456,112564,102575480.0,55.69696,5304650.5,419.3151224,IT=8.2;8.2 ,ii
22955,UP 1,15.876,113728,104533970.0,55.701002,5263886.0,419.3152471,IT=7.9;7.9 ,ii
22956,UP 1,16.322,116568,110589790.0,55.705047,5606437.5,419.3151476,IT=8.2;8.2 ,ii
22957,UP 1,16.440,115156,103853500.0,55.708924,5098726.5,419.3151739,IT=8.2;8.2 ,ii
22958,UP 1,15.258,110776,102725410.0,55.712954,5388167.0,419.315261,IT=7.6;7.6 ,ii
22959,UP 1,14.710,111536,108752580.0,55.716997,5809751.0,419.3152353,IT=7.4;7.4 ,ii
22960,UP 1,16.041,119116,115165950.0,55.721054,5964707.0,419.3152669,IT=8;8 ,ii
22961,UP 1,15.697,111784,107174810.0,55.724922,5443818.0,419.3152482,IT=7.8;7.8 ,ii
22962,UP 1,16.552,118912,109504170.0,55.728981,5605091.5,419.3153316,IT=8.3;8.3 ,ii
22963,UP 1,13.595,107480,114835800.0,55.732987,6010763.0,419.3152828,IT=6.8;6.8 ,ii
22964,UP 1,16.683,115532,103688300.0,55.737049,5376230.0,419.3152808,IT=8.3;8.3 ,ii
22965,UP 1,16.262,122404,114864840.0,55.74092,5817429.0,419.3152136,IT=8.1;8.1 ,ii
22966,UP 1,15.075,111512,106320410.0,55.744943,5588571.5,419.3151684,IT=7.5;7.5 ,ii
22967,UP 1,14.896,109348,108348490.0,55.74898,5959398.0,419.3151376,IT=7.4;7.4 ,ii
22968,UP 1,17.533,118372,107915180.0,55.75306,5621563.0,419.3152151,IT=8.8;8.8 ,ii
22969,UP 1,12.841,109788,122632230.0,55.757032,6611230.0,419.3152526,IT=6.4;6.4 ,ii
22970,UP 1,16.813,111596,103771740.0,55.76093,5559931.5,419.3150995,IT=8.4;8.4 ,ii
22971,UP 1,13.504,115500,122603910.0,55.764924,6542277.0,419.3151445,IT=6.8;6.8 ,ii
22972,UP 1,13.281,112304,124970780.0,55.768935,6596349.0,419.3151414,IT=6.6;6.6 ,ii
22973,UP 1,16.053,116344,105671160.0,55.772818,5552368.5,419.3151333,IT=8;8 ,ii
22974,UP 1,16.003,114800,109883860.0,55.776874,5570103.0,419.3151553,IT=8;8 ,ii
22975,UP 1,13.790,112724,117338410.0,55.780882,5903036.0,419.3151714,IT=6.9;6.9 ,ii
22976,UP 1,12.979,109084,119602030.0,55.784889,6614916.5,419.3151594,IT=6.5;6.5 ,ii
22977,UP 1,15.383,109112,103533070.0,55.788763,5507128.0,419.3150987,IT=7.7;7.7 ,ii
22978,UP 1,13.558,115056,127263140.0,55.792772,6571666.0,419.3152277,IT=6.8;6.8 ,ii
22979,UP 1,14.730,111560,106028900.0,55.796805,5529300.5,419.3152077,IT=7.4;7.4 ,ii
22980,UP 1,15.442,110996,108111070.0,55.800863,5605490.5,419.3151224,IT=7.7;7.7 ,ii
22981,UP 1,14.032,108348,116954340.0,55.804711,6078995.0,419.3151293,IT=7;7 ,ii
22982,UP 1,13.002,104016,116642500.0,55.80872,6199109.5,419.3152568,IT=6.5;6.5 ,ii
22983,UP 1,17.237,111460,100427540.0,55.812784,5117255.0,419.3151574,IT=8.6;8.6 ,ii
22984,UP 1,15.260,110760,104529980.0,55.816801,5354284.5,419.3152031,IT=7.6;7.6 ,ii
22985,UP 1,15.821,109460,101332080.0,55.820682,5410761.0,419.3152019,IT=7.9;7.9 ,ii
22986,UP 1,17.550,110736,97328144.0,55.824753,5300233.5,419.3151548,IT=8.8;8.8 ,ii
22987,UP 1,15.129,108636,107781800.0,55.828761,5494733.0,419.315288,IT=7.6;7.6 ,ii
22988,UP 1,17.698,116528,99686176.0,55.83284,5455032.0,419.3151688,IT=8.8;8.8 ,ii
22989,UP 1,14.085,112216,116288200.0,55.836663,6313723.5,419.3152384,IT=7;7 ,ii
22990,UP 1,14.078,114836,118895590.0,55.84069,6585102.0,419.3151472,IT=7;7 ,ii
22991,UP 1,15.541,114288,114235820.0,55.844738,6113627.0,419.3152463,IT=7.8;7.8 ,ii
22992,UP 1,15.944,116140,112971960.0,55.848784,6103743.5,419.3153323,IT=8;8 ,ii
22993,UP 1,14.578,112648,108917210.0,55.852632,5758359.0,419.3152324,IT=7.3;7.3 ,ii
22994,UP 1,14.928,111244,114906230.0,55.856673,6095783.0,419.3152691,IT=7.5;7.5 ,ii
22995,UP 1,15.912,110280,103376700.0,55.860728,5639291.0,419.3152025,IT=8;8 ,ii
22996,UP 1,16.488,113068,103689470.0,55.864782,5631096.5,419.3152095,IT=8.2;8.2 ,ii
22997,UP 1,14.204,114828,117126700.0,55.868617,6167837.5,419.3151493,IT=7.1;7.1 ,ii
22998,UP 1,17.388,109968,96254312.0,55.872694,5287354.5,419.3152504,IT=8.7;8.7 ,ii
22999,UP 1,17.028,113712,108102440.0,55.876738,5967622.5,419.3153104,IT=8.5;8.5 ,ii
23000,UP 1,13.884,112900,118437610.0,55.880736,6376841.0,419.315194,IT=6.9;6.9 ,ii
23001,UP 1,13.256,109800,112566190.0,55.88475,5849749.5,419.3152012,IT=6.6;6.6 ,ii
23002,UP 1,14.682,110124,111915720.0,55.888777,5919595.0,419.3152845,IT=7.3;7.3 ,ii
23003,UP 1,14.477,113340,117467190.0,55.892809,6105089.5,419.3153529,IT=7.2;7.2 ,ii
23004,UP 1,13.929,112840,117369070.0,55.896834,6412598.0,419.3153359,IT=7;7 ,ii
23005,UP 1,16.063,116772,111367940.0,55.900725,5734003.5,419.3152085,IT=8;8 ,ii
23006,UP 1,13.649,107096,104759010.0,55.904725,5974472.5,419.3152925,IT=6.8;6.8 ,ii
23007,UP 1,15.980,107452,96311896.0,55.908777,5620234.0,419.3152743,IT=8;8 ,ii
23008,UP 1,14.912,109860,112475950.0,55.9128,6292471.5,419.3152704,IT=7.5;7.5 ,ii
23009,UP 1,14.239,106568,105770220.0,55.916658,5653252.5,419.3152679,IT=7.1;7.1 ,ii
23010,UP 1,17.778,115568,100958060.0,55.92075,5239640.5,419.3152708,IT=8.9;8.9 ,ii
23011,UP 1,17.920,112484,96415360.0,55.9248,5058240.5,419.3153378,IT=9;9 ,ii
23012,UP 1,17.822,116044,99595720.0,55.928852,5485044.5,419.3153314,IT=8.9;8.9 ,ii
23013,UP 1,16.795,112812,100811700.0,55.932725,5486396.5,419.3153603,IT=8.4;8.4 ,ii
23014,UP 1,14.400,110756,115059110.0,55.936729,6308556.0,419.3153261,IT=7.2;7.2 ,ii
23015,UP 1,14.230,108456,105577500.0,55.940754,5763037.0,419.3153735,IT=7.1;7.1 ,ii
23016,UP 1,18.486,113640,94732272.0,55.94485,5248420.5,419.3153593,IT=9.2;9.2 ,ii
23017,UP 1,17.457,114064,96807216.0,55.948719,5290715.0,419.315348,IT=8.7;8.7 ,ii
23018,UP 1,14.550,118036,113209450.0,55.952723,6008005.0,419.3153915,IT=7.3;7.3 ,ii
23019,UP 1,15.925,113596,109976520.0,55.956781,5984944.5,419.3154193,IT=8;8 ,ii
23020,UP 1,18.989,115108,93535624.0,55.960875,5317800.5,419.3153535,IT=9.5;9.5 ,ii
23021,UP 1,17.145,119060,103799780.0,55.964741,5737163.5,419.3153752,IT=8.6;8.6 ,ii
23022,UP 1,18.493,117492,101626720.0,55.96881,5564981.5,419.3154016,IT=9.2;9.2 ,ii
23023,UP 1,17.315,116284,100843950.0,55.972848,5494017.5,419.3153766,IT=8.7;8.7 ,ii
23024,UP 1,15.851,109024,102938180.0,55.976881,5657093.0,419.3153859,IT=7.9;7.9 ,ii
23025,UP 1,16.845,114092,103147900.0,55.98077,5744977.5,419.3154363,IT=8.4;8.4 ,ii
23026,UP 1,15.700,115852,108094170.0,55.984804,5776877.5,419.3153607,IT=7.9;7.9 ,ii
23027,UP 1,14.090,114300,119553930.0,55.988814,6667809.5,419.315449,IT=7;7 ,ii
23028,UP 1,14.693,113872,120273550.0,55.992854,6848046.5,419.3154413,IT=7.3;7.3 ,ii
23029,UP 1,15.480,109488,98202888.0,55.996908,5497197.0,419.3154252,IT=7.7;7.7 ,ii
23030,UP 1,18.067,114172,97715816.0,56.000993,5444099.5,419.3152722,IT=9;9 ,ii
23031,UP 1,14.898,113240,114492970.0,56.004997,6155256.5,419.3153244,IT=7.4;7.4 ,ii
23032,UP 1,17.025,109400,96621552.0,56.00907,5562498.0,419.3153313,IT=8.5;8.5 ,ii
23033,UP 1,14.565,114124,117122460.0,56.012908,6556509.5,419.3153338,IT=7.3;7.3 ,ii
23034,UP 1,14.457,109304,107771190.0,56.016947,6034292.5,419.3152867,IT=7.2;7.2 ,ii
23035,UP 1,18.878,114092,93850064.0,56.021054,5191129.0,419.315274,IT=9.4;9.4 ,ii
23036,UP 1,18.097,116988,96819088.0,56.025106,5256190.5,419.3152491,IT=9;9 ,ii
23037,UP 1,16.693,111956,95385464.0,56.028966,5364695.5,419.3152016,IT=8.3;8.3 ,ii
23038,UP 1,17.563,115184,97806384.0,56.033031,5306469.5,419.3151718,IT=8.8;8.8 ,ii
23039,UP 1,17.095,118544,109951370.0,56.037087,5800201.5,419.3152179,IT=8.5;8.5 ,ii
23040,UP 1,15.870,106432,94862608.0,56.041116,5671276.0,419.3152318,IT=7.9;7.9 ,ii
23041,UP 1,17.792,113504,98118632.0,56.045022,5451185.0,419.3152381,IT=8.9;8.9 ,ii
23042,UP 1,19.883,112540,88672416.0,56.04912,5098646.5,419.3151816,IT=9.9;9.9 ,ii
23043,UP 1,14.645,111136,107956990.0,56.053099,6000647.5,419.3152265,IT=7.3;7.3 ,ii
23044,UP 1,19.560,116596,95017112.0,56.057216,5281558.5,419.3151549,IT=9.8;9.8 ,ii
23045,UP 1,19.006,121968,108510940.0,56.06111,5977291.5,419.3151751,IT=9.5;9.5 ,ii
23046,UP 1,17.017,109936,95940912.0,56.065143,5462242.5,419.315063,IT=8.5;8.5 ,ii
23047,UP 1,15.372,113712,112257390.0,56.069166,6133269.0,419.3151891,IT=7.7;7.7 ,ii
23048,UP 1,16.596,107052,93345256.0,56.073224,5435212.0,419.3151959,IT=8.3;8.3 ,ii
23049,UP 1,15.762,115144,111402970.0,56.077089,6132178.0,419.3152388,IT=7.9;7.9 ,ii
23050,UP 1,17.152,110652,94396160.0,56.080989,5360138.0,419.3152048,IT=8.6;8.6 ,ii
23051,UP 1,18.717,113096,93789968.0,56.085064,5311368.5,419.3152684,IT=9.4;9.4 ,ii
23052,UP 1,17.129,119456,112372980.0,56.089097,6385676.0,419.3153151,IT=8.6;8.6 ,ii
23053,UP 1,16.289,120292,114212380.0,56.092961,6614742.5,419.3151874,IT=8.1;8.1 ,ii
23054,UP 1,18.587,119924,110230350.0,56.097047,5937460.5,419.3153041,IT=9.3;9.3 ,ii
23055,UP 1,16.258,118300,116053870.0,56.101084,6578374.0,419.3152572,IT=8.1;8.1 ,ii
23056,UP 1,15.071,115736,115572120.0,56.105107,6738778.0,419.3152393,IT=7.5;7.5 ,ii
23057,UP 1,15.453,110664,99649920.0,56.108986,5690498.5,419.315335,IT=7.7;7.7 ,ii
23058,UP 1,19.673,112796,88677448.0,56.113101,5224995.0,419.3152794,IT=9.8;9.8 ,ii
23059,UP 1,14.831,113804,113112420.0,56.117086,6330117.0,419.3152477,IT=7.4;7.4 ,ii
23060,UP 1,17.137,119048,110205890.0,56.121163,6135503.5,419.3154001,IT=8.6;8.6 ,ii
23061,UP 1,14.926,112976,114961930.0,56.125005,6336662.5,419.3153646,IT=7.5;7.5 ,ii
23062,UP 1,17.305,115420,109670370.0,56.129088,6274599.0,419.3154069,IT=8.7;8.7 ,ii
23063,UP 1,18.800,112156,92920464.0,56.133161,5438646.0,419.3153567,IT=9.4;9.4 ,ii
23064,UP 1,16.540,110692,100803300.0,56.137182,5827760.0,419.3153411,IT=8.3;8.3 ,ii
23065,UP 1,16.217,115720,108682420.0,56.141057,6045049.0,419.3153178,IT=8.1;8.1 ,ii
23066,UP 1,16.315,111996,102676540.0,56.145103,5614001.5,419.3152943,IT=8.2;8.2 ,ii
23067,UP 1,20.718,119336,95242328.0,56.149217,5151066.0,419.3152669,IT=10;10 ,ii
23068,UP 1,20.034,114644,91513712.0,56.153274,5347184.0,419.3153466,IT=10;10 ,ii
23069,UP 1,16.214,113020,109731580.0,56.157111,6039495.5,419.315239,IT=8.1;8.1 ,ii
23070,UP 1,18.014,110876,92198528.0,56.16119,5265318.5,419.315263,IT=9;9 ,ii
23071,UP 1,19.333,115040,92580272.0,56.165265,5250286.5,419.3152603,IT=9.7;9.7 ,ii
23072,UP 1,15.634,114468,110433290.0,56.169265,6136910.0,419.3152698,IT=7.8;7.8 ,ii
23073,UP 1,16.114,119352,114996900.0,56.173311,6333486.0,419.3153158,IT=8.1;8.1 ,ii
23074,UP 1,16.001,118776,114704020.0,56.177186,6409342.0,419.3152685,IT=8;8 ,ii
23075,UP 1,17.252,111640,94548016.0,56.181253,5379312.5,419.3152707,IT=8.6;8.6 ,ii
23076,UP 1,19.870,115220,89385864.0,56.18535,5101933.5,419.3152529,IT=9.9;9.9 ,ii
23077,UP 1,19.145,113840,91928824.0,56.189402,5176213.0,419.3152591,IT=9.6;9.6 ,ii
23078,UP 1,20.398,112560,84760288.0,56.193323,4962824.0,419.3150419,IT=10;10 ,ii
23079,UP 1,17.190,119524,110463980.0,56.197354,6115553.0,419.3153627,IT=8.6;8.6 ,ii
23080,UP 1,15.473,111984,108495780.0,56.20138,5963025.0,419.3152401,IT=7.7;7.7 ,ii
23081,UP 1,19.924,118736,95086688.0,56.205496,5185405.5,419.315233,IT=10;10 ,ii
23082,UP 1,21.015,116120,88321144.0,56.209413,4976852.0,419.3153951,IT=11;11 ,ii
23083,UP 1,15.486,112776,109937640.0,56.213409,6064101.5,419.3153153,IT=7.7;7.7 ,ii
23084,UP 1,16.607,117632,113948900.0,56.217467,6196133.0,419.3154117,IT=8.3;8.3 ,ii
23085,UP 1,16.140,118888,114795360.0,56.221511,6278110.0,419.3154237,IT=8.1;8.1 ,ii
23086,UP 1,14.774,112052,110586790.0,56.225369,6215559.5,419.3153709,IT=7.4;7.4 ,ii
23087,UP 1,21.336,117568,87471072.0,56.229515,4801037.0,419.3153833,IT=11;11 ,ii
23088,UP 1,19.513,118300,93745760.0,56.233561,5096616.0,419.3153677,IT=9.8;9.8 ,ii
23089,UP 1,17.443,117092,100712150.0,56.237602,5508060.5,419.3152995,IT=8.7;8.7 ,ii
23090,UP 1,19.455,116116,90135000.0,56.241521,5194823.5,419.3153808,IT=9.7;9.7 ,ii
23091,UP 1,19.757,117156,93145776.0,56.245596,5046224.5,419.3152853,IT=9.9;9.9 ,ii
23092,UP 1,19.779,116564,92161312.0,56.249667,5115183.5,419.3153773,IT=9.9;9.9 ,ii
23093,UP 1,16.864,115068,98203864.0,56.253687,5370768.5,419.3152537,IT=8.4;8.4 ,ii
23094,UP 1,19.170,115816,94917224.0,56.257612,5312513.5,419.3153551,IT=9.6;9.6 ,ii
23095,UP 1,20.382,116840,87831680.0,56.261702,4938734.0,419.3153587,IT=10;10 ,ii
23096,UP 1,17.099,111972,92127832.0,56.265723,5317331.0,419.3153477,IT=8.5;8.5 ,ii
23097,UP 1,20.645,120104,92971720.0,56.269829,4854318.5,419.3154262,IT=10;10 ,ii
23098,UP 1,19.008,121400,105192220.0,56.273708,5914603.5,419.3154361,IT=9.5;9.5 ,ii
23099,UP 1,16.091,110260,95233824.0,56.277727,5367368.0,419.3153752,IT=8;8 ,ii
23100,UP 1,19.792,118184,96149976.0,56.281835,5229749.5,419.3154176,IT=9.9;9.9 ,ii
23101,UP 1,19.862,114028,88301320.0,56.285908,5237787.0,419.3154234,IT=9.9;9.9 ,ii
23102,UP 1,21.595,115680,85799248.0,56.289848,4945859.0,419.3154665,IT=11;11 ,ii
23103,UP 1,18.946,114284,91392712.0,56.293887,5251978.5,419.315388,IT=9.5;9.5 ,ii
23104,UP 1,15.685,109896,101106380.0,56.297898,5933751.0,419.3154567,IT=7.8;7.8 ,ii
23105,UP 1,17.567,113888,98964816.0,56.301973,5773057.0,419.3154439,IT=8.8;8.8 ,ii
23106,UP 1,16.058,113788,104442600.0,56.305837,6042803.0,419.3154115,IT=8;8 ,ii
23107,UP 1,19.725,117772,90500696.0,56.309948,5221326.0,419.315376,IT=9.9;9.9 ,ii
23108,UP 1,17.332,117824,107369580.0,56.313979,5936824.5,419.3153833,IT=8.7;8.7 ,ii
23109,UP 1,18.533,115068,94627344.0,56.318056,5326342.5,419.3154262,IT=9.3;9.3 ,ii
23110,UP 1,19.007,115804,95591224.0,56.321956,5580510.0,419.3154358,IT=9.5;9.5 ,ii
23111,UP 1,18.127,110052,87468528.0,56.326008,5319035.0,419.3153885,IT=9.1;9.1 ,ii
23112,UP 1,22.350,119284,83558712.0,56.330135,4790652.5,419.3154861,IT=11;11 ,ii
23113,UP 1,19.389,116512,93094560.0,56.33417,5130399.5,419.3154759,IT=9.7;9.7 ,ii
23114,UP 1,19.729,111664,84360688.0,56.338076,4987181.0,419.3153866,IT=9.9;9.9 ,ii
23115,UP 1,16.429,111520,99512312.0,56.342099,6013325.0,419.3155626,IT=8.2;8.2 ,ii
23116,UP 1,17.715,115372,101093020.0,56.346164,5907265.5,419.3154738,IT=8.9;8.9 ,ii
23117,UP 1,21.990,116928,83286784.0,56.350291,4938487.5,419.3152655,IT=11;11 ,ii
23118,UP 1,16.741,118084,107181550.0,56.354122,5995741.5,419.3154628,IT=8.4;8.4 ,ii
23119,UP 1,22.207,119188,83664464.0,56.358262,4984507.5,419.3154365,IT=11;11 ,ii
23120,UP 1,18.870,110088,87934504.0,56.362287,4930089.0,419.3154717,IT=9.4;9.4 ,ii
23121,UP 1,20.816,115540,86408472.0,56.36638,5092989.0,419.3155223,IT=10;10 ,ii
23122,UP 1,17.243,115000,101788570.0,56.370228,5637034.0,419.3154377,IT=8.6;8.6 ,ii
23123,UP 1,22.652,118196,85574216.0,56.37438,4937865.0,419.3154149,IT=11;11 ,ii
23124,UP 1,20.775,112652,85627040.0,56.378435,5067775.0,419.3154017,IT=10;10 ,ii
23125,UP 1,15.207,115952,111543980.0,56.38242,6525978.5,419.3154225,IT=7.6;7.6 ,ii
23126,UP 1,16.233,114364,105553060.0,56.386316,6075002.0,419.315401,IT=8.1;8.1 ,ii
23127,UP 1,22.661,115752,84519752.0,56.390474,5049270.5,419.3154448,IT=11;11 ,ii
23128,UP 1,15.233,114292,108168960.0,56.394437,6298835.5,419.3153307,IT=7.6;7.6 ,ii
23129,UP 1,21.794,115356,85999680.0,56.398587,5027308.5,419.3154266,IT=11;11 ,ii
23130,UP 1,17.935,112564,100634290.0,56.402439,5804045.0,419.3153989,IT=9;9 ,ii
23131,UP 1,18.509,118936,102754420.0,56.406509,5742051.0,419.31551,IT=9.3;9.3 ,ii
23132,UP 1,20.822,115652,85298912.0,56.410609,5041891.0,419.3154247,IT=10;10 ,ii
23133,UP 1,18.045,115032,102180730.0,56.414641,5839663.5,419.3154922,IT=9;9 ,ii
23134,UP 1,23.876,118940,80330568.0,56.418795,4850859.0,419.315467,IT=12;12 ,ii
23135,UP 1,20.104,113832,89587744.0,56.422655,5109018.0,419.3154619,IT=10;10 ,ii
23136,UP 1,20.640,118688,91985000.0,56.42674,5070886.5,419.3153934,IT=10;10 ,ii
23137,UP 1,18.730,111032,92308384.0,56.430778,5412569.5,419.3153146,IT=9.4;9.4 ,ii
23138,UP 1,18.103,118612,105563050.0,56.434826,6169349.0,419.3154008,IT=9.1;9.1 ,ii
23139,UP 1,17.586,116572,105232040.0,56.438703,6047132.5,419.3153883,IT=8.8;8.8 ,ii
23140,UP 1,15.489,115328,107796900.0,56.442726,6258752.0,419.3152646,IT=7.7;7.7 ,ii
23141,UP 1,17.515,117032,103167350.0,56.446807,6003962.5,419.315368,IT=8.8;8.8 ,ii
23142,UP 1,22.086,118116,84805448.0,56.450926,4954307.5,419.3153912,IT=11;11 ,ii
23143,UP 1,21.643,117628,92001496.0,56.454836,5416137.0,419.3153568,IT=11;11 ,ii
23144,UP 1,20.375,114164,84566664.0,56.458886,5205871.0,419.3152894,IT=10;10 ,ii
23145,UP 1,21.524,118936,91287304.0,56.462972,5218430.5,419.3153861,IT=11;11 ,ii
23146,UP 1,16.704,115452,104151190.0,56.466969,6074836.0,419.3153578,IT=8.4;8.4 ,ii
23147,UP 1,20.674,117468,89136056.0,56.470915,5087829.5,419.3153618,IT=10;10 ,ii
23148,UP 1,20.908,114612,89494376.0,56.474992,5228364.0,419.3154102,IT=10;10 ,ii
23149,UP 1,20.245,115276,87373056.0,56.47905,5113887.0,419.3152677,IT=10;10 ,ii
23150,UP 1,20.311,115800,86576920.0,56.483126,5102343.0,419.3153151,IT=10;10 ,ii
23151,UP 1,20.515,117324,88641216.0,56.487021,5105195.0,419.3152765,IT=10;10 ,ii
23152,UP 1,19.451,114388,90954184.0,56.491076,5024505.5,419.3153623,IT=9.7;9.7 ,ii
23153,UP 1,18.694,111528,89616496.0,56.495125,5114940.5,419.3153365,IT=9.3;9.3 ,ii
23154,UP 1,21.163,115956,90101088.0,56.499223,5316316.0,419.3153166,IT=11;11 ,ii
23155,UP 1,18.751,113452,92759864.0,56.503103,5281451.5,419.3153496,IT=9.4;9.4 ,ii
23156,UP 1,21.201,114792,85321952.0,56.507198,5233854.0,419.3152672,IT=11;11 ,ii
23157,UP 1,17.857,116964,104726960.0,56.511215,6056919.0,419.3153411,IT=8.9;8.9 ,ii
23158,UP 1,18.994,120244,99710768.0,56.515288,5754524.5,419.3152913,IT=9.5;9.5 ,ii
23159,UP 1,20.469,117016,88515688.0,56.519204,5060907.0,419.3152884,IT=10;10 ,ii
23160,UP 1,22.763,115428,84979320.0,56.523315,5088240.5,419.3153081,IT=11;11 ,ii
23161,UP 1,20.921,112240,88454304.0,56.527363,5230379.5,419.3153179,IT=10;10 ,ii
23162,UP 1,20.106,113220,88699000.0,56.531421,5377454.0,419.3153113,IT=10;10 ,ii
23163,UP 1,21.327,115860,86544592.0,56.535338,5162195.0,419.3153053,IT=11;11 ,ii
23164,UP 1,15.914,110796,106020700.0,56.539323,6216298.0,419.3153716,IT=8;8 ,ii
23165,UP 1,16.618,111296,104799690.0,56.543375,6286874.0,419.3153214,IT=8.3;8.3 ,ii
23166,UP 1,18.287,118348,105671860.0,56.547448,6098819.5,419.315328,IT=9.1;9.1 ,ii
23167,UP 1,16.574,119860,114469180.0,56.551479,6520164.0,419.3153911,IT=8.3;8.3 ,ii
23168,UP 1,17.169,112364,105821700.0,56.555529,6097852.5,419.3153797,IT=8.6;8.6 ,ii
23169,UP 1,21.144,113872,86269368.0,56.559644,5105439.5,419.3153067,IT=11;11 ,ii
23170,UP 1,17.592,115676,106651250.0,56.563663,5972699.0,419.3155289,IT=8.8;8.8 ,ii
23171,UP 1,19.186,114356,93062536.0,56.567573,5307739.0,419.3153951,IT=9.6;9.6 ,ii
23172,UP 1,20.504,117068,96510096.0,56.571658,5502503.5,419.315398,IT=10;10 ,ii
23173,UP 1,16.073,117268,109502120.0,56.575654,6259157.0,419.3153809,IT=8;8 ,ii
23174,UP 1,18.760,113136,99144024.0,56.579742,5664472.0,419.3152997,IT=9.4;9.4 ,ii
23175,UP 1,22.647,113300,83034384.0,56.583694,4903352.5,419.3153677,IT=11;11 ,ii
23176,UP 1,20.735,109180,83186232.0,56.587744,4947966.5,419.3152887,IT=10;10 ,ii
23177,UP 1,18.889,113840,93816288.0,56.591783,5350812.5,419.3153725,IT=9.4;9.4 ,ii
23178,UP 1,19.512,115108,93223496.0,56.595862,5228612.0,419.3153494,IT=9.8;9.8 ,ii
23179,UP 1,20.927,113388,86674128.0,56.599783,5058934.5,419.315321,IT=10;10 ,ii
23180,UP 1,20.616,115068,87822864.0,56.603852,4961031.0,419.3151812,IT=10;10 ,ii
23181,UP 1,20.112,116220,91016136.0,56.607914,5199114.5,419.315333,IT=10;10 ,ii
23182,UP 1,20.747,117024,89509648.0,56.611991,5004291.0,419.3153536,IT=10;10 ,ii
23183,UP 1,21.307,114040,86398024.0,56.61591,4922361.0,419.315344,IT=11;11 ,ii
23184,UP 1,22.225,117204,87116648.0,56.62,5146962.5,419.3153218,IT=11;11 ,ii
23185,UP 1,19.961,114352,90481992.0,56.624037,5264343.5,419.3152827,IT=10;10 ,ii
23186,UP 1,22.105,115688,85021376.0,56.628148,5163799.0,419.3153358,IT=11;11 ,ii
23187,UP 1,21.002,118248,91849312.0,56.63221,5340618.0,419.3153618,IT=11;11 ,ii
23188,UP 1,18.080,112528,93791184.0,56.636068,5434151.5,419.3153398,IT=9;9 ,ii
23189,UP 1,20.926,116216,89274416.0,56.640187,5053138.5,419.315353,IT=10;10 ,ii
23190,UP 1,20.886,117976,95896336.0,56.644256,5440423.0,419.3153387,IT=10;10 ,ii
23191,UP 1,16.334,112872,106529810.0,56.648256,6117329.0,419.3153258,IT=8.2;8.2 ,ii
23192,UP 1,18.189,114816,101037380.0,56.652177,5849653.0,419.3153809,IT=9.1;9.1 ,ii
23193,UP 1,18.447,111992,93193472.0,56.656233,5574179.5,419.3153006,IT=9.2;9.2 ,ii
23194,UP 1,20.638,109144,84353712.0,56.660329,5272448.5,419.315373,IT=10;10 ,ii
23195,UP 1,15.806,112480,108260120.0,56.66432,6261002.0,419.3153668,IT=7.9;7.9 ,ii
23196,UP 1,20.770,113924,91125048.0,56.668281,5092771.5,419.3153933,IT=10;10 ,ii
23197,UP 1,19.828,114084,94191912.0,56.672341,5361221.5,419.3154098,IT=9.9;9.9 ,ii
23198,UP 1,16.572,114736,108116150.0,56.676355,6001038.5,419.3153729,IT=8.3;8.3 ,ii
23199,UP 1,20.930,115420,89871912.0,56.680489,4975135.0,419.3154055,IT=10;10 ,ii
23200,UP 1,19.505,114308,93585864.0,56.684368,5170640.0,419.3153943,IT=9.8;9.8 ,ii
23201,UP 1,18.517,110372,92979056.0,56.688428,5152001.0,419.3153535,IT=9.3;9.3 ,ii
23202,UP 1,20.679,116828,91782888.0,56.692522,5353688.5,419.3153059,IT=10;10 ,ii
23203,UP 1,18.789,113388,93186696.0,56.696562,5372644.5,419.3154146,IT=9.4;9.4 ,ii
23204,UP 1,19.275,109508,90152016.0,56.700468,5263795.0,419.3152897,IT=9.6;9.6 ,ii
23205,UP 1,21.062,112916,87890672.0,56.704566,5310146.5,419.3152698,IT=11;11 ,ii
23206,UP 1,15.579,113984,108876960.0,56.708553,6212063.5,419.3152268,IT=7.8;7.8 ,ii
23207,UP 1,21.072,114776,87722816.0,56.712689,5079247.5,419.3152385,IT=11;11 ,ii
23208,UP 1,20.158,118416,97632512.0,56.716745,5488683.0,419.3152373,IT=10;10 ,ii
23209,UP 1,18.585,112508,92871816.0,56.720789,5216188.0,419.3152335,IT=9.3;9.3 ,ii
23210,UP 1,20.425,114756,92072096.0,56.724882,5084590.5,419.3152055,IT=10;10 ,ii
23211,UP 1,18.367,107200,92067440.0,56.728918,5349393.0,419.3153065,IT=9.2;9.2 ,ii
23212,UP 1,19.186,109276,88486016.0,56.73282,5168534.5,419.3152347,IT=9.6;9.6 ,ii
23213,UP 1,19.851,112948,89784512.0,56.736901,5141203.5,419.3153315,IT=9.9;9.9 ,ii
23214,UP 1,16.833,106272,93424688.0,56.740922,5438626.5,419.3152551,IT=8.4;8.4 ,ii
23215,UP 1,20.166,113356,92545864.0,56.745034,5141724.5,419.3152838,IT=10;10 ,ii
23216,UP 1,19.356,109080,88364632.0,56.748922,5299611.5,419.3152684,IT=9.7;9.7 ,ii
23217,UP 1,16.612,116256,108369180.0,56.752947,6229694.5,419.3153096,IT=8.3;8.3 ,ii
23218,UP 1,16.465,108440,96259672.0,56.757003,5605161.0,419.3152596,IT=8.2;8.2 ,ii
23219,UP 1,16.524,114196,107927200.0,56.761053,6285376.5,419.3152629,IT=8.3;8.3 ,ii
23220,UP 1,16.867,112764,102963700.0,56.76494,6036952.5,419.3152787,IT=8.4;8.4 ,ii
23221,UP 1,24.898,117444,82780744.0,56.769132,4780106.0,419.3153047,IT=12;12 ,ii
23222,UP 1,20.064,112676,88205584.0,56.773149,5067748.5,419.3152342,IT=10;10 ,ii
23223,UP 1,21.567,116884,86889312.0,56.777259,4822903.5,419.3152681,IT=11;11 ,ii
23224,UP 1,20.516,115728,89098392.0,56.781159,5099289.0,419.315293,IT=10;10 ,ii
23225,UP 1,21.439,110388,83978256.0,56.785259,4943023.0,419.3152978,IT=11;11 ,ii
23226,UP 1,19.015,111736,96744256.0,56.789294,5587448.5,419.3152956,IT=9.5;9.5 ,ii
23227,UP 1,17.137,106500,101663390.0,56.79333,5846996.0,419.3151846,IT=8.6;8.6 ,ii
23228,UP 1,19.371,114124,91779000.0,56.797253,5254058.0,419.3151499,IT=9.7;9.7 ,ii
23229,UP 1,20.333,109476,83210888.0,56.801338,5016500.0,419.3152325,IT=10;10 ,ii
23230,UP 1,21.772,113800,87728600.0,56.805432,4885995.5,419.3152171,IT=11;11 ,ii
23231,UP 1,20.732,111800,90206240.0,56.809492,5046134.0,419.315317,IT=10;10 ,ii
23232,UP 1,18.613,111772,92522816.0,56.813538,5238392.5,419.3151926,IT=9.3;9.3 ,ii
23233,UP 1,21.755,112756,83815440.0,56.81748,4745524.5,419.3152266,IT=11;11 ,ii
23234,UP 1,19.074,109828,90008784.0,56.821523,5279980.5,419.3151676,IT=9.5;9.5 ,ii
23235,UP 1,17.228,113076,103966410.0,56.825552,5727231.5,419.3151947,IT=8.6;8.6 ,ii
23236,UP 1,21.174,113196,86415656.0,56.829669,5009773.5,419.3152398,IT=11;11 ,ii
23237,UP 1,20.142,110952,89104984.0,56.833567,4941434.5,419.3152189,IT=10;10 ,ii
23238,UP 1,19.617,108624,88104496.0,56.837629,5054772.0,419.31509,IT=9.8;9.8 ,ii
23239,UP 1,19.862,112028,91489304.0,56.841702,5146528.0,419.3153377,IT=9.9;9.9 ,ii
23240,UP 1,21.100,111956,85782184.0,56.845794,4937169.5,419.3152911,IT=11;11 ,ii
23241,UP 1,20.477,112384,88252000.0,56.849694,4831621.0,419.3152333,IT=10;10 ,ii
23242,UP 1,21.542,108572,81667448.0,56.853786,5019363.5,419.3153468,IT=11;11 ,ii
23243,UP 1,21.706,111376,83148352.0,56.857871,4859189.5,419.3153319,IT=11;11 ,ii
23244,UP 1,19.944,114604,91617536.0,56.861913,5149492.0,419.3153438,IT=10;10 ,ii
23245,UP 1,22.078,122724,101021380.0,56.86585,5535015.0,419.3154393,IT=11;11 ,ii
23246,UP 1,17.402,110808,103021820.0,56.869856,5961430.0,419.3154342,IT=8.7;8.7 ,ii
23247,UP 1,19.634,108860,88523032.0,56.87395,5275821.0,419.315311,IT=9.8;9.8 ,ii
23248,UP 1,16.812,112848,106980540.0,56.877973,6071450.0,419.3153199,IT=8.4;8.4 ,ii
23249,UP 1,15.637,110904,107775310.0,56.882006,6251593.0,419.3152732,IT=7.8;7.8 ,ii
23250,UP 1,16.720,109276,100738350.0,56.886069,5871040.5,419.3152764,IT=8.4;8.4 ,ii
23251,UP 1,19.231,108660,94113304.0,56.890156,5490933.0,419.3152168,IT=9.6;9.6 ,ii
23252,UP 1,18.277,113572,98925664.0,56.894208,5658652.5,419.3152971,IT=9.1;9.1 ,ii
23253,UP 1,18.112,115724,104852460.0,56.898096,5957797.0,419.3152182,IT=9.1;9.1 ,ii
23254,UP 1,19.711,111368,88662816.0,56.902187,5250159.5,419.3152051,IT=9.9;9.9 ,ii
23255,UP 1,17.359,115364,106693820.0,56.906221,6196291.0,419.3152726,IT=8.7;8.7 ,ii
23256,UP 1,16.904,111284,104293800.0,56.910271,5945295.0,419.3152438,IT=8.5;8.5 ,ii
23257,UP 1,18.273,106096,89134800.0,56.914181,5255688.5,419.315265,IT=9.1;9.1 ,ii
23258,UP 1,17.747,114024,103904220.0,56.918231,6072495.0,419.3152994,IT=8.9;8.9 ,ii
23259,UP 1,15.387,107344,102220640.0,56.92225,5927514.5,419.3153526,IT=7.7;7.7 ,ii
23260,UP 1,21.994,110784,84712584.0,56.926402,4872603.0,419.3153835,IT=11;11 ,ii
23261,UP 1,21.886,110276,81992664.0,56.930312,4649262.5,419.3153756,IT=11;11 ,ii
23262,UP 1,20.692,108572,86337544.0,56.934377,4888280.0,419.3153936,IT=10;10 ,ii
23263,UP 1,19.888,110952,89116728.0,56.938437,5166627.5,419.315322,IT=9.9;9.9 ,ii
23264,UP 1,21.267,109112,81031328.0,56.942533,4833112.5,419.3153366,IT=11;11 ,ii
23265,UP 1,21.729,115936,86566000.0,56.94646,4804329.5,419.3153488,IT=11;11 ,ii
23266,UP 1,20.257,112456,87216272.0,56.950518,5032161.0,419.3153985,IT=10;10 ,ii
23267,UP 1,21.182,110436,80590096.0,56.954614,4785889.5,419.3154689,IT=11;11 ,ii
23268,UP 1,18.240,105176,83033160.0,56.958641,5091674.5,419.3154626,IT=9.1;9.1 ,ii
23269,UP 1,19.918,112476,86676664.0,56.962574,5016537.5,419.3154867,IT=10;10 ,ii
23270,UP 1,20.252,107736,84423632.0,56.966656,5108375.5,419.3154408,IT=10;10 ,ii
23271,UP 1,17.819,109020,93045504.0,56.970685,5303909.0,419.3155232,IT=8.9;8.9 ,ii
23272,UP 1,23.976,117900,83219728.0,56.974845,5011457.5,419.3154896,IT=12;12 ,ii
23273,UP 1,20.678,114916,88728104.0,56.978885,5310808.0,419.3153806,IT=10;10 ,ii
23274,UP 1,22.015,111332,83101760.0,56.98281,4943710.0,419.3154142,IT=11;11 ,ii
23275,UP 1,22.089,111248,84276208.0,56.986895,4978897.0,419.3153838,IT=11;11 ,ii
23276,UP 1,16.996,112160,100062990.0,56.990891,5946194.5,419.3153221,IT=8.5;8.5 ,ii
23277,UP 1,16.708,110652,101734640.0,56.994935,5825019.5,419.3152834,IT=8.4;8.4 ,ii
23278,UP 1,18.140,111916,98897528.0,56.998839,5881920.0,419.3154345,IT=9.1;9.1 ,ii
23279,UP 1,23.458,115668,83043632.0,57.002989,4917310.0,419.3154503,IT=12;12 ,ii
23280,UP 1,22.478,119096,91537312.0,57.007059,5366007.5,419.3154387,IT=11;11 ,ii
23281,UP 1,19.915,110280,87522784.0,57.011097,5081201.0,419.3153593,IT=10;10 ,ii
23282,UP 1,21.476,113824,87187240.0,57.01502,4988184.0,419.3153495,IT=11;11 ,ii
23283,UP 1,23.282,115276,80445168.0,57.019128,4759513.0,419.3152604,IT=12;12 ,ii
23284,UP 1,21.933,109500,82416384.0,57.023186,5065793.5,419.315243,IT=11;11 ,ii
23285,UP 1,21.312,119880,95536880.0,57.027247,5435878.5,419.3152976,IT=11;11 ,ii
23286,UP 1,16.139,108380,98688176.0,57.031072,5956234.5,419.3153359,IT=8.1;8.1 ,ii
23287,UP 1,24.886,116788,77274168.0,57.03527,4495449.5,419.3153081,IT=12;12 ,ii
23288,UP 1,22.063,115924,85091744.0,57.039311,4916636.0,419.3152886,IT=11;11 ,ii
23289,UP 1,22.357,112804,83430448.0,57.043388,5077531.0,419.3153052,IT=11;11 ,ii
23290,UP 1,17.742,113532,99702168.0,57.047228,5805139.0,419.3152791,IT=8.9;8.9 ,ii
23291,UP 1,17.465,112256,98778736.0,57.05128,5803386.0,419.3153033,IT=8.7;8.7 ,ii
23292,UP 1,22.490,115640,83786960.0,57.055415,5006337.5,419.3152382,IT=11;11 ,ii
23293,UP 1,20.148,112980,86847528.0,57.059451,5219947.5,419.3153651,IT=10;10 ,ii
23294,UP 1,18.466,111636,95430184.0,57.06332,5611038.5,419.315379,IT=9.2;9.2 ,ii
23295,UP 1,18.258,117456,103906270.0,57.06738,5942418.5,419.3154615,IT=9.1;9.1 ,ii
23297,UP 1,14.826,108420,102277060.0,57.071417,6033586.5,419.3152397,IT=7.4;7.4 ,ii
23298,UP 1,20.671,120280,97931280.0,57.075557,5914913.0,419.3153457,IT=10;10 ,ii
23299,UP 1,20.220,119264,95008992.0,57.079449,5444306.0,419.3152283,IT=10;10 ,ii
23300,UP 1,21.948,113892,84137272.0,57.083547,5133749.0,419.3153957,IT=11;11 ,ii
23301,UP 1,19.116,113164,93439560.0,57.087576,5503640.0,419.3153459,IT=9.6;9.6 ,ii
23302,UP 1,18.219,117184,101125340.0,57.091622,5967520.0,419.3154455,IT=9.1;9.1 ,ii
23303,UP 1,18.346,116692,101348010.0,57.095509,5840727.0,419.3153936,IT=9.2;9.2 ,ii
23304,UP 1,19.829,121860,100146020.0,57.099592,5814323.0,419.3153572,IT=9.9;9.9 ,ii
23305,UP 1,17.765,113956,101197280.0,57.103626,6205763.0,419.3154124,IT=8.9;8.9 ,ii
23306,UP 1,20.059,119052,102571360.0,57.107717,6213449.5,419.3154225,IT=10;10 ,ii
23307,UP 1,24.469,116924,79295208.0,57.111688,4779399.0,419.3154216,IT=12;12 ,ii
23308,UP 1,21.289,113524,82753720.0,57.115726,4998571.0,419.3153704,IT=11;11 ,ii
23309,UP 1,17.779,115440,98910848.0,57.119744,5871659.5,419.3155142,IT=8.9;8.9 ,ii
23310,UP 1,22.793,116684,81501392.0,57.123884,5105789.5,419.3154412,IT=11;11 ,ii
23311,UP 1,18.156,113016,98587800.0,57.127715,5838275.5,419.3154267,IT=9.1;9.1 ,ii
23312,UP 1,22.822,115508,83126296.0,57.13185,5067584.0,419.3154703,IT=11;11 ,ii
23313,UP 1,17.734,115832,100273980.0,57.135844,6146703.5,419.315411,IT=8.9;8.9 ,ii
23314,UP 1,19.765,115948,97760944.0,57.139932,5939987.5,419.3154171,IT=9.9;9.9 ,ii
23315,UP 1,18.774,116704,102240550.0,57.143819,6178311.0,419.3155344,IT=9.4;9.4 ,ii
23316,UP 1,21.765,113360,81390560.0,57.147929,5027373.0,419.3154448,IT=11;11 ,ii
23317,UP 1,19.698,113484,93241624.0,57.151969,5518984.0,419.3154689,IT=9.8;9.8 ,ii
23318,UP 1,23.867,117804,83133552.0,57.156106,5026125.5,419.3154595,IT=12;12 ,ii
23319,UP 1,20.759,110484,81660496.0,57.159981,5029854.5,419.3154288,IT=10;10 ,ii
23320,UP 1,23.486,118132,82489400.0,57.1641,4940495.0,419.3154798,IT=12;12 ,ii
23321,UP 1,23.851,115380,80960192.0,57.16819,4800117.0,419.3155483,IT=12;12 ,ii
23322,UP 1,23.668,116068,76665344.0,57.172277,4983575.0,419.3154452,IT=12;12 ,ii
23323,UP 1,22.368,122716,94942256.0,57.176331,5768383.5,419.3154947,IT=11;11 ,ii
23324,UP 1,22.415,113336,80254944.0,57.180244,5010394.0,419.3154198,IT=11;11 ,ii
23325,UP 1,20.957,117016,94293976.0,57.1843,5751484.5,419.3154817,IT=10;10 ,ii
23326,UP 1,19.034,115080,88342288.0,57.188342,5362421.0,419.3154117,IT=9.5;9.5 ,ii
23327,UP 1,22.094,113628,79384496.0,57.192456,5022573.5,419.3154605,IT=11;11 ,ii
23328,UP 1,24.793,117648,79533040.0,57.196408,4902811.5,419.315455,IT=12;12 ,ii
23329,UP 1,20.233,117596,97468688.0,57.200427,5913050.0,419.3155004,IT=10;10 ,ii
23330,UP 1,18.095,116652,101766850.0,57.204458,6292383.0,419.3154981,IT=9;9 ,ii
23331,UP 1,20.583,114864,89310736.0,57.208554,5580374.0,419.3155329,IT=10;10 ,ii
23332,UP 1,18.367,115632,100751780.0,57.212425,6289560.5,419.3154605,IT=9.2;9.2 ,ii
23333,UP 1,18.416,115532,97997080.0,57.216483,6020130.0,419.3154592,IT=9.2;9.2 ,ii
23334,UP 1,21.057,121892,97931968.0,57.220583,5679059.5,419.3155297,IT=11;11 ,ii
23335,UP 1,22.066,119460,88881656.0,57.224671,5316211.0,419.315467,IT=11;11 ,ii
23336,UP 1,16.784,113268,102941030.0,57.228502,6154002.5,419.3154301,IT=8.4;8.4 ,ii
23337,UP 1,22.832,119372,89395720.0,57.232646,5521725.0,419.3153517,IT=11;11 ,ii
23338,UP 1,20.516,117640,98366808.0,57.236685,5940907.5,419.315489,IT=10;10 ,ii
23339,UP 1,19.266,117332,99319920.0,57.240733,6100079.0,419.315435,IT=9.6;9.6 ,ii
23340,UP 1,24.080,120292,86328240.0,57.24471,5354606.5,419.3154162,IT=12;12 ,ii
23341,UP 1,20.098,117968,95779360.0,57.248735,5937813.5,419.3155013,IT=10;10 ,ii
23342,UP 1,18.271,116904,100558700.0,57.25277,6060937.0,419.315474,IT=9.1;9.1 ,ii
23343,UP 1,23.758,116324,83625688.0,57.256916,4997370.0,419.3154072,IT=12;12 ,ii
23344,UP 1,24.541,111404,75279168.0,57.260845,4736108.0,419.3154135,IT=12;12 ,ii
23345,UP 1,23.047,116336,84730648.0,57.264912,5251063.5,419.315374,IT=12;12 ,ii
23346,UP 1,24.792,112836,76930448.0,57.269022,5041656.5,419.3154132,IT=12;12 ,ii
23347,UP 1,21.800,114748,87891176.0,57.273062,5444583.0,419.315457,IT=11;11 ,ii
23348,UP 1,18.292,108140,92041576.0,57.276918,5764918.0,419.3154096,IT=9.1;9.1 ,ii
23349,UP 1,22.906,119396,91879320.0,57.281054,5512328.5,419.3154144,IT=11;11 ,ii
23350,UP 1,18.529,109788,95074576.0,57.28506,5907767.5,419.3153412,IT=9.3;9.3 ,ii
23351,UP 1,17.162,111252,96544576.0,57.289095,5774332.5,419.3153931,IT=8.6;8.6 ,ii
23352,UP 1,23.717,116540,85869440.0,57.293087,5160398.0,419.3155233,IT=12;12 ,ii
23353,UP 1,21.761,109768,78213848.0,57.297141,4843362.5,419.3154805,IT=11;11 ,ii
23354,UP 1,23.219,118276,85331888.0,57.301239,5094737.0,419.3156198,IT=12;12 ,ii
23355,UP 1,18.060,99936,76090864.0,57.305235,4836988.5,419.3155061,IT=9;9 ,ii
23356,UP 1,21.933,112100,85991952.0,57.309187,5103922.5,419.3154897,IT=11;11 ,ii
23357,UP 1,24.171,114864,86592640.0,57.313301,5073493.0,419.3155399,IT=12;12 ,ii
23358,UP 1,21.002,109496,88276896.0,57.317341,5473482.0,419.3154369,IT=11;11 ,ii
23359,UP 1,19.923,118360,101599120.0,57.321397,5880711.0,419.3155023,IT=10;10 ,ii
23360,UP 1,17.161,106404,95755152.0,57.325264,5752853.0,419.3154559,IT=8.6;8.6 ,ii
23361,UP 1,21.299,110648,83497696.0,57.329387,4886358.0,419.3154466,IT=11;11 ,ii
23362,UP 1,19.704,107848,85838008.0,57.333434,5129013.5,419.3153681,IT=9.9;9.9 ,ii
23363,UP 1,20.768,106612,81616864.0,57.33752,4969418.0,419.3154624,IT=10;10 ,ii
23364,UP 1,22.516,109404,81343936.0,57.341622,4853497.5,419.315428,IT=11;11 ,ii
23365,UP 1,21.403,111168,85170408.0,57.345509,5033070.0,419.3154771,IT=11;11 ,ii
23366,UP 1,21.784,108140,84370016.0,57.349593,4952116.5,419.3154255,IT=11;11 ,ii
23367,UP 1,19.821,109500,90067856.0,57.353634,5272246.0,419.3154203,IT=9.9;9.9 ,ii
23368,UP 1,20.888,108632,80530512.0,57.357722,4949666.0,419.3153836,IT=10;10 ,ii
23369,UP 1,20.061,110444,88717864.0,57.361616,5449908.0,419.3153466,IT=10;10 ,ii
23370,UP 1,21.469,107952,80207480.0,57.365703,5007789.0,419.3151801,IT=11;11 ,ii
23371,UP 1,22.313,108620,78574792.0,57.36979,4965312.5,419.3153248,IT=11;11 ,ii
23372,UP 1,16.463,108708,102983800.0,57.373765,6293763.0,419.3153369,IT=8.2;8.2 ,ii
23373,UP 1,18.268,110416,96904920.0,57.377678,6015659.5,419.3153223,IT=9.1;9.1 ,ii
23374,UP 1,18.775,114896,97377976.0,57.381742,5912039.0,419.3153432,IT=9.4;9.4 ,ii
23375,UP 1,17.756,95460,75632704.0,57.385782,4762333.0,419.3154151,IT=8.9;8.9 ,ii
23376,UP 1,20.801,109988,83633792.0,57.38989,5087044.0,419.3153342,IT=10;10 ,ii
23377,UP 1,23.062,112060,79536656.0,57.393826,4838213.0,419.3154318,IT=12;12 ,ii
23378,UP 1,18.782,111420,92177440.0,57.397844,5445752.5,419.31538,IT=9.4;9.4 ,ii
23379,UP 1,22.414,108648,78168432.0,57.401969,4942690.5,419.3153937,IT=11;11 ,ii
23380,UP 1,22.798,111296,79774000.0,57.406053,4941187.5,419.315387,IT=11;11 ,ii
23381,UP 1,22.935,108812,76498368.0,57.409967,4801737.0,419.3153943,IT=11;11 ,ii
23382,UP 1,23.542,111332,76183336.0,57.414059,5050798.0,419.3153269,IT=12;12 ,ii
23383,UP 1,21.502,114368,83285848.0,57.418109,5204190.0,419.3153126,IT=11;11 ,ii
23384,UP 1,21.308,109756,80449984.0,57.422178,5010766.0,419.3153516,IT=11;11 ,ii
23385,UP 1,21.816,112268,81128928.0,57.426092,4959455.5,419.3152927,IT=11;11 ,ii
23386,UP 1,23.710,110432,75391600.0,57.430203,4749414.5,419.3152423,IT=12;12 ,ii
23387,UP 1,22.841,112096,80439696.0,57.434271,4903420.5,419.3152049,IT=11;11 ,ii
23388,UP 1,20.923,115572,90658008.0,57.438319,5348835.0,419.3152426,IT=10;10 ,ii
23389,UP 1,17.188,113588,99697856.0,57.442163,5707607.0,419.3152391,IT=8.6;8.6 ,ii
23390,UP 1,20.508,110676,87134584.0,57.446273,5420370.0,419.3152934,IT=10;10 ,ii
23391,UP 1,23.313,111624,78129304.0,57.450384,4928752.0,419.3152298,IT=12;12 ,ii
23392,UP 1,24.020,112988,79835384.0,57.454477,4939812.0,419.3152824,IT=12;12 ,ii
23393,UP 1,21.852,109360,78837488.0,57.458359,4966475.0,419.3151911,IT=11;11 ,ii
23394,UP 1,20.542,114684,89052768.0,57.462419,5621114.0,419.315218,IT=10;10 ,ii
23395,UP 1,23.833,113592,79825664.0,57.466542,4973058.5,419.3152488,IT=12;12 ,ii
23396,UP 1,18.629,111048,93178024.0,57.470544,5801683.5,419.3153239,IT=9.3;9.3 ,ii
23397,UP 1,24.264,114532,77769304.0,57.474531,4612296.5,419.3153156,IT=12;12 ,ii
23398,UP 1,21.358,106124,79581040.0,57.478575,5071615.0,419.3152989,IT=11;11 ,ii
23399,UP 1,24.212,114108,77675848.0,57.48269,4989665.0,419.3153061,IT=12;12 ,ii
23400,UP 1,24.213,114060,79002064.0,57.486775,4763075.0,419.3152969,IT=12;12 ,ii
23401,UP 1,22.631,111036,77672200.0,57.490669,4814928.5,419.3152677,IT=11;11 ,ii
23402,UP 1,23.630,116812,84229856.0,57.494769,4965539.5,419.3152921,IT=12;12 ,ii
23403,UP 1,23.774,112440,79233464.0,57.498852,4706609.5,419.3153708,IT=12;12 ,ii
23404,UP 1,24.228,115568,79276584.0,57.502942,4778145.5,419.3154693,IT=12;12 ,ii
23405,UP 1,22.427,111244,77092840.0,57.507,4916926.0,419.3153544,IT=11;11 ,ii
23406,UP 1,18.322,114416,95956336.0,57.51085,5912974.5,419.3153813,IT=9.2;9.2 ,ii
23407,UP 1,22.925,117168,81168696.0,57.514994,4993946.0,419.3153537,IT=11;11 ,ii
23408,UP 1,19.812,117596,95501712.0,57.519021,5798989.0,419.3154053,IT=9.9;9.9 ,ii
23409,UP 1,27.022,116912,72061568.0,57.523214,4646705.5,419.3152576,IT=14;14 ,ii
23410,UP 1,24.041,118752,83722632.0,57.527108,5211172.5,419.3153859,IT=12;12 ,ii
23411,UP 1,18.111,108808,93822656.0,57.531104,5680246.5,419.3153314,IT=9.1;9.1 ,ii
23412,UP 1,26.927,116376,71917904.0,57.535306,4492814.0,419.3154125,IT=13;13 ,ii
23413,UP 1,18.742,112036,89528056.0,57.539273,5594246.0,419.3153116,IT=9.4;9.4 ,ii
23414,UP 1,25.314,120340,86636136.0,57.543273,5354141.5,419.3153139,IT=13;13 ,ii
23415,UP 1,17.825,110120,91515016.0,57.547252,5591232.0,419.315317,IT=8.9;8.9 ,ii
23416,UP 1,23.932,111412,77151768.0,57.551406,5041603.0,419.3153792,IT=12;12 ,ii
23417,UP 1,19.350,112724,89297008.0,57.555414,5633564.0,419.3154162,IT=9.7;9.7 ,ii
23418,UP 1,19.567,110272,91451504.0,57.559318,5599856.0,419.3153717,IT=9.8;9.8 ,ii
23419,UP 1,22.237,113376,81906528.0,57.563433,5029098.0,419.3153333,IT=11;11 ,ii
23420,UP 1,23.277,112840,79806928.0,57.567527,5011593.0,419.3153247,IT=12;12 ,ii
23421,UP 1,24.811,115796,74508296.0,57.571633,4671096.5,419.3152501,IT=12;12 ,ii
23422,UP 1,24.579,116728,79362832.0,57.575552,5022717.0,419.3153062,IT=12;12 ,ii
23423,UP 1,21.962,108336,79851304.0,57.579602,4971779.5,419.3152733,IT=11;11 ,ii
23424,UP 1,22.155,107880,76529568.0,57.583679,4974616.5,419.3152659,IT=11;11 ,ii
23425,UP 1,24.930,115372,76761544.0,57.587801,4569564.0,419.3152886,IT=12;12 ,ii
23426,UP 1,21.419,109520,81207360.0,57.591708,4967317.0,419.3152484,IT=11;11 ,ii
23427,UP 1,22.380,112372,83235072.0,57.595804,5140510.5,419.315244,IT=11;11 ,ii
23428,UP 1,20.697,108348,84466184.0,57.599856,5179255.0,419.3151881,IT=10;10 ,ii
23429,UP 1,23.889,114140,79609360.0,57.603981,4992881.5,419.3153035,IT=12;12 ,ii
23430,UP 1,23.528,112904,81153432.0,57.607905,5077087.0,419.3153294,IT=12;12 ,ii
23431,UP 1,19.809,110984,86436968.0,57.611933,5024357.5,419.3153452,IT=9.9;9.9 ,ii
23432,UP 1,22.876,109200,75903360.0,57.616062,4875948.0,419.3153266,IT=11;11 ,ii
23433,UP 1,23.623,119952,89145688.0,57.620153,5349025.5,419.315369,IT=12;12 ,ii
23434,UP 1,21.402,106136,77510112.0,57.624049,4769388.0,419.3152504,IT=11;11 ,ii
23435,UP 1,23.974,113100,80772712.0,57.628172,4763250.0,419.3153535,IT=12;12 ,ii
23436,UP 1,23.032,114952,82307240.0,57.632243,5085584.0,419.3153178,IT=12;12 ,ii
23437,UP 1,23.138,113968,82503496.0,57.636332,4759727.0,419.3153118,IT=12;12 ,ii
23438,UP 1,22.947,110720,76745840.0,57.640403,4958410.0,419.3153795,IT=11;11 ,ii
23439,UP 1,19.219,113376,94912200.0,57.644257,5812360.5,419.3153877,IT=9.6;9.6 ,ii
23440,UP 1,22.803,113236,79852680.0,57.648384,4961782.5,419.3153598,IT=11;11 ,ii
23441,UP 1,24.556,112852,74370880.0,57.652493,4800704.5,419.315391,IT=12;12 ,ii
23442,UP 1,20.885,120560,94148480.0,57.656524,5497313.5,419.3154662,IT=10;10 ,ii
23443,UP 1,25.978,113096,74330176.0,57.660511,4768331.0,419.315397,IT=13;13 ,ii
23444,UP 1,19.443,108376,85253328.0,57.664507,5401089.0,419.3153115,IT=9.7;9.7 ,ii
23445,UP 1,23.847,120988,89976520.0,57.668661,5601072.5,419.3154947,IT=12;12 ,ii
23446,UP 1,20.078,114844,91287360.0,57.672674,5915621.5,419.3153986,IT=10;10 ,ii
23447,UP 1,22.595,109584,75860712.0,57.676622,4880872.0,419.3153093,IT=11;11 ,ii
23448,UP 1,24.286,120536,89827304.0,57.680734,5498128.5,419.3154261,IT=12;12 ,ii
23449,UP 1,19.952,106948,79262344.0,57.684753,5141815.0,419.3152991,IT=10;10 ,ii
23450,UP 1,24.631,115300,78596496.0,57.688907,4890670.0,419.315331,IT=12;12 ,ii
23451,UP 1,24.625,110732,73728136.0,57.692832,4762165.5,419.3152966,IT=12;12 ,ii
23452,UP 1,20.370,108504,79180000.0,57.696861,5241098.5,419.3152527,IT=10;10 ,ii
23453,UP 1,23.171,112804,78437288.0,57.700978,4729005.5,419.3152676,IT=12;12 ,ii
23454,UP 1,25.597,116880,75673112.0,57.705105,4808304.5,419.31527,IT=13;13 ,ii
23455,UP 1,23.930,114744,79135936.0,57.709011,4910086.5,419.3153236,IT=12;12 ,ii
23456,UP 1,24.282,110736,74153912.0,57.713105,5077468.5,419.31529,IT=12;12 ,ii
23457,UP 1,26.555,113048,73371552.0,57.717232,4885129.0,419.3153568,IT=13;13 ,ii
23458,UP 1,21.715,111524,83784200.0,57.721255,5306068.5,419.3152883,IT=11;11 ,ii
23459,UP 1,22.070,116044,84778472.0,57.725178,5111476.0,419.3153642,IT=11;11 ,ii
23460,UP 1,24.175,116540,81062008.0,57.729294,4974233.0,419.3153663,IT=12;12 ,ii
23461,UP 1,19.671,108948,78171728.0,57.733313,5230746.0,419.3152776,IT=9.8;9.8 ,ii
23462,UP 1,26.255,116720,74413088.0,57.737492,4823833.0,419.3153554,IT=13;13 ,ii
23463,UP 1,23.588,115480,77060744.0,57.741388,4805919.0,419.3152878,IT=12;12 ,ii
23464,UP 1,24.187,110072,73896216.0,57.745492,4875246.0,419.3152367,IT=12;12 ,ii
23465,UP 1,19.786,110432,87066384.0,57.749511,5633620.0,419.3153154,IT=9.9;9.9 ,ii
23466,UP 1,26.040,116092,75163664.0,57.753688,4643024.5,419.3153127,IT=13;13 ,ii
23467,UP 1,23.377,118036,83289360.0,57.757744,5168433.5,419.3152618,IT=12;12 ,ii
23468,UP 1,25.114,113624,74863808.0,57.761707,4784552.0,419.3153212,IT=13;13 ,ii
23469,UP 1,24.988,119420,74964424.0,57.765794,4652175.5,419.3152936,IT=12;12 ,ii
23470,UP 1,20.931,115696,87079400.0,57.769827,5552530.0,419.3152536,IT=10;10 ,ii
23471,UP 1,21.237,118848,91461984.0,57.773911,5497833.5,419.3154356,IT=11;11 ,ii
23472,UP 1,25.968,118404,76070472.0,57.777898,4689193.5,419.3153496,IT=13;13 ,ii
23473,UP 1,21.466,112824,86506152.0,57.781927,5546016.5,419.3153149,IT=11;11 ,ii
23474,UP 1,26.668,114600,70477056.0,57.786092,4759737.0,419.3153152,IT=13;13 ,ii
23475,UP 1,23.889,117840,84559344.0,57.790152,5218480.5,419.3153566,IT=12;12 ,ii
23476,UP 1,19.992,107652,80980800.0,57.794015,5097632.0,419.3153012,IT=10;10 ,ii
23477,UP 1,26.360,119452,82550304.0,57.7982,5082705.5,419.3154666,IT=13;13 ,ii
23478,UP 1,19.760,111472,79111472.0,57.802194,5160697.0,419.3152963,IT=9.9;9.9 ,ii
23479,UP 1,22.990,115152,82629320.0,57.806319,5306506.0,419.315255,IT=11;11 ,ii
23480,UP 1,20.187,105512,79788232.0,57.810192,5085582.5,419.3153616,IT=10;10 ,ii
23481,UP 1,25.004,114064,75715976.0,57.814356,4798898.5,419.3153385,IT=13;13 ,ii
23482,UP 1,18.398,110068,89891184.0,57.818342,5819184.5,419.315328,IT=9.2;9.2 ,ii
23483,UP 1,19.853,114584,93731896.0,57.822429,5852201.5,419.315387,IT=9.9;9.9 ,ii
23484,UP 1,23.065,115384,83772280.0,57.826389,5201846.0,419.3153396,IT=12;12 ,ii
23485,UP 1,21.287,110404,84772024.0,57.83045,5388519.0,419.3153923,IT=11;11 ,ii
23486,UP 1,21.914,114920,89638360.0,57.834541,5680040.0,419.3153373,IT=11;11 ,ii
23487,UP 1,22.548,108184,75505728.0,57.838635,4864621.0,419.3152418,IT=11;11 ,ii
23488,UP 1,24.113,108964,73397512.0,57.842739,4746189.5,419.3152897,IT=12;12 ,ii
23489,UP 1,18.743,112388,94641488.0,57.846741,5758946.5,419.3152436,IT=9.4;9.4 ,ii
23490,UP 1,20.427,114908,93119136.0,57.850829,5717480.5,419.3152745,IT=10;10 ,ii
23491,UP 1,20.654,109320,82391696.0,57.854908,5071824.0,419.3151396,IT=10;10 ,ii
23492,UP 1,23.127,108376,78501880.0,57.859025,4857454.0,419.315221,IT=12;12 ,ii
23493,UP 1,18.722,111560,92966832.0,57.862864,5696296.5,419.3151884,IT=9.4;9.4 ,ii
23494,UP 1,24.979,114732,79223184.0,57.867041,5013580.0,419.3152674,IT=12;12 ,ii
23495,UP 1,20.533,120544,97536928.0,57.871054,5890849.5,419.3152927,IT=10;10 ,ii
23496,UP 1,17.961,109744,97961416.0,57.875087,6102119.5,419.3153769,IT=9;9 ,ii
23497,UP 1,23.284,106496,75984056.0,57.879068,4895289.5,419.315365,IT=12;12 ,ii
23498,UP 1,23.877,113656,79684752.0,57.883166,4975594.0,419.3153341,IT=12;12 ,ii
23499,UP 1,17.688,109084,94151216.0,57.887156,5769758.0,419.3152377,IT=8.8;8.8 ,ii
23500,UP 1,23.820,112076,78031048.0,57.891316,4885302.0,419.3152503,IT=12;12 ,ii
23501,UP 1,17.374,111956,94685032.0,57.895133,5806169.0,419.3152524,IT=8.7;8.7 ,ii
23502,UP 1,27.098,114740,74449024.0,57.899352,4660462.5,419.3153226,IT=14;14 ,ii
23503,UP 1,22.356,108576,79094512.0,57.903378,5035688.0,419.3153388,IT=11;11 ,ii
23504,UP 1,22.460,108140,74864360.0,57.907462,4729107.0,419.3153347,IT=11;11 ,ii
23505,UP 1,25.294,114328,77120200.0,57.911428,4745623.0,419.3153613,IT=13;13 ,ii
23506,UP 1,20.074,116912,95782136.0,57.915441,5710235.5,419.3152773,IT=10;10 ,ii
23507,UP 1,23.294,107284,75781608.0,57.919568,4790870.5,419.315341,IT=12;12 ,ii
23508,UP 1,19.134,115584,94722536.0,57.923585,5741690.0,419.3153882,IT=9.6;9.6 ,ii
23509,UP 1,19.821,108716,84930200.0,57.927493,5367034.0,419.3153364,IT=9.9;9.9 ,ii
23510,UP 1,18.047,109812,95313720.0,57.931539,5747142.0,419.315343,IT=9;9 ,ii
23511,UP 1,19.553,110688,90670400.0,57.935622,5452883.0,419.3152961,IT=9.8;9.8 ,ii
23512,UP 1,24.557,110832,75648800.0,57.939772,4857964.0,419.3153083,IT=12;12 ,ii
23513,UP 1,18.990,111588,92359968.0,57.943607,5612092.5,419.315259,IT=9.5;9.5 ,ii
23514,UP 1,19.300,114312,95385912.0,57.94768,5878243.5,419.315281,IT=9.6;9.6 ,ii
23515,UP 1,21.329,113592,85411984.0,57.951782,5089190.0,419.3152504,IT=11;11 ,ii
23516,UP 1,21.678,108764,79552560.0,57.955866,5161537.0,419.3152455,IT=11;11 ,ii
23517,UP 1,18.602,112536,96327984.0,57.959728,6052949.5,419.3152749,IT=9.3;9.3 ,ii
23518,UP 1,18.593,112176,95000824.0,57.963793,6056536.5,419.3152974,IT=9.3;9.3 ,ii
23519,UP 1,18.541,110360,92681568.0,57.967857,5831417.5,419.3151976,IT=9.3;9.3 ,ii
23520,UP 1,27.423,118492,77734360.0,57.97207,4888633.5,419.3152685,IT=14;14 ,ii
23521,UP 1,19.725,107100,83795168.0,57.975893,5160106.5,419.3153412,IT=9.9;9.9 ,ii
23522,UP 1,31.180,121264,74270888.0,57.980157,4525048.0,419.3154106,IT=16;16 ,ii
23523,UP 1,22.861,109780,74932056.0,57.984155,4689761.0,419.3152338,IT=11;11 ,ii
23524,UP 1,21.016,110956,81991816.0,57.988211,5186681.5,419.3152788,IT=11;11 ,ii
23525,UP 1,21.827,106736,74329192.0,57.992299,4745242.0,419.3151842,IT=11;11 ,ii
23526,UP 1,22.682,115084,81994024.0,57.996226,5414173.0,419.3152855,IT=11;11 ,ii
23527,UP 1,24.801,113544,77398488.0,58.000351,5015096.0,419.3152955,IT=12;12 ,ii
23528,UP 1,22.247,110024,76400144.0,58.004407,5182910.0,419.3152673,IT=11;11 ,ii
23529,UP 1,19.390,112692,93416816.0,58.008442,6056341.0,419.3153286,IT=9.7;9.7 ,ii
23530,UP 1,22.533,109012,74763464.0,58.012401,4966721.5,419.3153039,IT=11;11 ,ii
23531,UP 1,22.921,110660,80389768.0,58.01649,5220424.5,419.3152652,IT=11;11 ,ii
23532,UP 1,19.198,110628,91252552.0,58.020509,5789952.5,419.31529,IT=9.6;9.6 ,ii
23533,UP 1,21.931,114948,85785120.0,58.024621,5347692.0,419.3153084,IT=11;11 ,ii
23534,UP 1,24.482,112788,75275048.0,58.028578,5049558.0,419.315204,IT=12;12 ,ii
23535,UP 1,18.841,115280,94019208.0,58.03258,6137296.5,419.3152989,IT=9.4;9.4 ,ii
23536,UP 1,20.719,113380,90726104.0,58.036678,5741851.0,419.3152728,IT=10;10 ,ii
23537,UP 1,18.712,110388,90838160.0,58.040715,5816467.0,419.3151596,IT=9.4;9.4 ,ii
23538,UP 1,22.931,110988,77706192.0,58.04469,5070698.0,419.3152692,IT=11;11 ,ii
23539,UP 1,26.303,115508,73293904.0,58.048823,4639382.0,419.3153479,IT=13;13 ,ii
23540,UP 1,21.919,108936,77033904.0,58.05285,4857951.0,419.3151996,IT=11;11 ,ii
23541,UP 1,24.682,107824,72700464.0,58.056973,4815668.0,419.3152015,IT=12;12 ,ii
23542,UP 1,22.483,108316,76282872.0,58.060861,5047624.0,419.315256,IT=11;11 ,ii
23543,UP 1,18.751,110728,90402336.0,58.06488,5811132.0,419.3152861,IT=9.4;9.4 ,ii
23544,UP 1,22.932,108060,76649368.0,58.069009,5023392.0,419.3152936,IT=11;11 ,ii
23545,UP 1,20.652,113144,89773456.0,58.073057,5683760.5,419.3152015,IT=10;10 ,ii
23546,UP 1,19.507,113220,93118544.0,58.076938,6062937.0,419.3152511,IT=9.8;9.8 ,ii
23547,UP 1,21.178,113684,86768448.0,58.081036,5477524.5,419.3152571,IT=11;11 ,ii
23548,UP 1,23.592,113612,75998824.0,58.085146,4654018.5,419.315236,IT=12;12 ,ii
23549,UP 1,23.524,108452,73557912.0,58.089227,4785723.0,419.3153357,IT=12;12 ,ii
23550,UP 1,17.772,105276,89291784.0,58.093221,5517718.5,419.3152859,IT=8.9;8.9 ,ii
23551,UP 1,24.316,110688,73125200.0,58.097388,4803316.5,419.3152966,IT=12;12 ,ii
23552,UP 1,21.304,113824,84351400.0,58.10144,5329097.5,419.3152961,IT=11;11 ,ii
23553,UP 1,24.904,110092,71657632.0,58.105577,4558706.0,419.3153417,IT=12;12 ,ii
23554,UP 1,23.074,112520,75466168.0,58.109481,4511283.5,419.3153888,IT=12;12 ,ii
23555,UP 1,21.262,111820,80506592.0,58.113538,5150923.0,419.3152269,IT=11;11 ,ii
23556,UP 1,20.199,112480,89146400.0,58.117594,5665031.0,419.3152898,IT=10;10 ,ii
23557,UP 1,19.204,114052,93566488.0,58.121656,5954845.5,419.3153956,IT=9.6;9.6 ,ii
23558,UP 1,20.624,112136,88412632.0,58.125746,5657589.0,419.3153716,IT=10;10 ,ii
23559,UP 1,20.788,111820,89309488.0,58.129652,5604603.5,419.3154502,IT=10;10 ,ii
23560,UP 1,20.184,114796,86891792.0,58.133721,5330852.5,419.3154107,IT=10;10 ,ii
23561,UP 1,21.124,116204,88826032.0,58.137819,5354459.5,419.3154648,IT=11;11 ,ii
23562,UP 1,20.881,112228,84912936.0,58.141894,5248417.0,419.3154985,IT=10;10 ,ii
23563,UP 1,20.842,107824,79967336.0,58.1458,5066904.5,419.3155205,IT=10;10 ,ii
23564,UP 1,24.540,114740,74007688.0,58.149939,4593660.5,419.3154671,IT=12;12 ,ii
23565,UP 1,24.537,112428,75832016.0,58.154031,4842633.5,419.3153934,IT=12;12 ,ii
23566,UP 1,25.316,112916,73043680.0,58.158137,4499444.5,419.3153952,IT=13;13 ,ii
23567,UP 1,22.743,110940,73862312.0,58.162035,4572166.0,419.3153901,IT=11;11 ,ii
23568,UP 1,23.516,110272,75126808.0,58.166129,4740292.0,419.3155507,IT=12;12 ,ii
23569,UP 1,19.265,105444,79790664.0,58.170148,5112192.0,419.3153903,IT=9.6;9.6 ,ii
23570,UP 1,22.874,107408,71565032.0,58.174275,4821469.0,419.315421,IT=11;11 ,ii
23571,UP 1,25.759,119968,84514120.0,58.178241,5093274.5,419.315586,IT=13;13 ,ii
23572,UP 1,18.441,110260,91606432.0,58.18222,5894149.5,419.3154992,IT=9.2;9.2 ,ii
23573,UP 1,21.334,112124,85935504.0,58.186331,5311941.5,419.3155152,IT=11;11 ,ii
23574,UP 1,23.536,115188,78523560.0,58.190445,4994993.5,419.315431,IT=12;12 ,ii
23575,UP 1,21.627,112020,77657928.0,58.194335,4819272.0,419.3154531,IT=11;11 ,ii
23576,UP 1,25.554,113036,73173704.0,58.198483,4340240.5,419.315474,IT=13;13 ,ii
23577,UP 1,23.498,111380,72989352.0,58.202547,4551949.0,419.3154116,IT=12;12 ,ii
23578,UP 1,21.449,110788,80102520.0,58.206606,4913216.5,419.3155062,IT=11;11 ,ii
23579,UP 1,25.689,111396,69720064.0,58.210587,4301235.0,419.3154406,IT=13;13 ,ii
23580,UP 1,19.380,110584,87267576.0,58.214587,5253099.5,419.3153718,IT=9.7;9.7 ,ii
23581,UP 1,24.951,114756,72714296.0,58.218747,4462893.0,419.3154163,IT=12;12 ,ii
23582,UP 1,17.645,110724,90881832.0,58.222731,5618703.5,419.3153036,IT=8.8;8.8 ,ii
23583,UP 1,22.405,108480,76865080.0,58.226699,4686358.5,419.3153429,IT=11;11 ,ii
23584,UP 1,24.981,109104,71241920.0,58.230837,4524655.5,419.3154183,IT=12;12 ,ii
23585,UP 1,21.864,112784,82628336.0,58.234883,4940407.5,419.3154501,IT=11;11 ,ii
23586,UP 1,25.527,111176,74656160.0,58.239022,4549449.0,419.3153899,IT=13;13 ,ii
23587,UP 1,19.289,111264,88895368.0,58.24302,5192060.0,419.3153952,IT=9.6;9.6 ,ii
23588,UP 1,20.481,114516,89254632.0,58.246939,5402551.0,419.3153473,IT=10;10 ,ii
23589,UP 1,20.640,110884,82958848.0,58.251018,5002003.5,419.3153928,IT=10;10 ,ii
23590,UP 1,20.163,111412,86197432.0,58.255085,5099205.0,419.3153887,IT=10;10 ,ii
23591,UP 1,19.645,107632,82022232.0,58.259153,5011172.5,419.3153867,IT=9.8;9.8 ,ii
23592,UP 1,26.722,112432,65999672.0,58.263178,3949337.8,419.3154315,IT=13;13 ,ii
23593,UP 1,26.880,112336,69220152.0,58.267289,4111136.5,419.3154226,IT=13;13 ,ii
23594,UP 1,27.840,112472,64660932.0,58.271414,3952842.5,419.3152878,IT=14;14 ,ii
23595,UP 1,25.236,113064,70319512.0,58.275487,4059156.0,419.3152313,IT=13;13 ,ii
23596,UP 1,23.365,109496,70984312.0,58.279393,4110116.5,419.3152793,IT=12;12 ,ii
23597,UP 1,20.974,108536,79893640.0,58.283436,4866636.5,419.3153094,IT=10;10 ,ii
23598,UP 1,20.247,108772,83705080.0,58.287501,5078913.5,419.3153652,IT=10;10 ,ii
23599,UP 1,19.977,113088,83388288.0,58.291568,4873463.0,419.3153801,IT=10;10 ,ii
23600,UP 1,21.921,111828,79109584.0,58.295499,4788989.5,419.3154633,IT=11;11 ,ii
23601,UP 1,24.679,112932,74230720.0,58.299628,4296406.0,419.3154823,IT=12;12 ,ii
23602,UP 1,20.573,108232,77133560.0,58.303657,4720323.5,419.3154077,IT=10;10 ,ii
23603,UP 1,22.532,111096,77077408.0,58.307763,4589096.0,419.3154978,IT=11;11 ,ii
23604,UP 1,26.634,116156,71264304.0,58.311753,4180720.5,419.3155965,IT=13;13 ,ii
23605,UP 1,22.418,106368,67823112.0,58.315788,4099022.8,419.3153382,IT=11;11 ,ii
23606,UP 1,25.658,105980,61678008.0,58.319928,3882696.0,419.3155632,IT=13;13 ,ii
23607,UP 1,26.825,105260,58913096.0,58.324051,3509976.2,419.3154902,IT=13;13 ,ii
23608,UP 1,26.599,105348,61000260.0,58.32799,3688523.8,419.3155372,IT=13;13 ,ii
23609,UP 1,27.212,111176,61450520.0,58.332113,3507298.8,419.315624,IT=14;14 ,ii
23610,UP 1,27.859,109884,61664124.0,58.336234,3503657.0,419.3155934,IT=14;14 ,ii
23611,UP 1,24.355,117716,72343408.0,58.34029,4266713.0,419.3156329,IT=12;12 ,ii
23612,UP 1,21.849,105332,67808664.0,58.344178,4017611.5,419.3155266,IT=11;11 ,ii
23613,UP 1,27.722,108720,59504344.0,58.34819,3814258.8,419.3155839,IT=14;14 ,ii
23614,UP 1,20.421,109744,77965728.0,58.352184,4603672.0,419.3154825,IT=10;10 ,ii
23615,UP 1,24.129,111624,69642880.0,58.356319,4196245.0,419.3156072,IT=12;12 ,ii
23616,UP 1,21.986,110508,71971288.0,58.360373,4197354.0,419.315649,IT=11;11 ,ii
23617,UP 1,23.143,108992,73149176.0,58.364309,4287781.0,419.3155617,IT=12;12 ,ii
23618,UP 1,19.913,104772,74223560.0,58.368342,4423930.0,419.3155171,IT=10;10 ,ii
23619,UP 1,24.283,110568,69565296.0,58.372484,4156969.8,419.3156184,IT=12;12 ,ii
23620,UP 1,21.357,104156,65513504.0,58.376527,3911650.8,419.315633,IT=11;11 ,ii
23621,UP 1,29.290,109164,58775616.0,58.380571,3468673.8,419.3156763,IT=15;15 ,ii
23622,UP 1,20.818,109056,74834880.0,58.384555,4341302.5,419.3156465,IT=10;10 ,ii
23623,UP 1,32.922,111300,53362604.0,58.388829,3283183.5,419.3156482,IT=16;16 ,ii
23624,UP 1,24.770,106716,61012800.0,58.392834,3636349.8,419.3155857,IT=12;12 ,ii
23625,UP 1,28.170,106568,56490012.0,58.396823,3505365.8,419.3156224,IT=14;14 ,ii
23626,UP 1,23.134,112772,72711096.0,58.400852,4292274.0,419.3156156,IT=12;12 ,ii
23627,UP 1,21.440,107000,72971712.0,58.404913,4440909.5,419.3156394,IT=11;11 ,ii
23628,UP 1,25.550,113484,68225272.0,58.409059,3930719.0,419.3156419,IT=13;13 ,ii
23629,UP 1,22.000,110112,72105168.0,58.412931,4272267.5,419.3155759,IT=11;11 ,ii
23630,UP 1,25.058,107044,65520208.0,58.417065,3921353.5,419.3157136,IT=13;13 ,ii
23631,UP 1,28.574,106612,56177656.0,58.421221,3289628.0,419.3156301,IT=14;14 ,ii
23632,UP 1,23.644,102816,60928412.0,58.425258,3674567.8,419.3155086,IT=12;12 ,ii
23633,UP 1,26.436,104048,54408576.0,58.429238,3261871.0,419.3155294,IT=13;13 ,ii
23634,UP 1,29.748,109492,55188612.0,58.433398,3217381.2,419.3155294,IT=15;15 ,ii
23635,UP 1,23.005,105756,63375056.0,58.437413,3582137.2,419.3154675,IT=12;12 ,ii
23636,UP 1,28.520,107936,55840548.0,58.441592,3185178.8,419.31564,IT=14;14 ,ii
23637,UP 1,25.085,105312,56892424.0,58.445483,3288199.5,419.3155197,IT=13;13 ,ii
23638,UP 1,27.019,103708,57323860.0,58.449617,3332642.2,419.315516,IT=14;14 ,ii
23639,UP 1,25.162,107652,59305284.0,58.453692,3257239.0,419.3155107,IT=13;13 ,ii
23640,UP 1,30.156,104652,51611920.0,58.457873,3140332.8,419.3156378,IT=15;15 ,ii
23641,UP 1,21.814,98044,58178264.0,58.461867,3500691.8,419.3155297,IT=11;11 ,ii
23642,UP 1,28.691,105436,54908956.0,58.466066,3178996.0,419.3156871,IT=14;14 ,ii
23643,UP 1,28.905,105364,52308152.0,58.470185,3122913.5,419.3155338,IT=14;14 ,ii
23644,UP 1,28.286,104976,53162008.0,58.474296,3053539.2,419.3155337,IT=14;14 ,ii
23645,UP 1,27.576,108596,57334852.0,58.478402,3262917.0,419.3155421,IT=14;14 ,ii
23646,UP 1,30.525,106972,51388956.0,58.4824,3088751.2,419.3156444,IT=15;15 ,ii
23647,UP 1,22.451,108204,68098576.0,58.486393,3867962.0,419.3155532,IT=11;11 ,ii
23648,UP 1,25.183,104000,56078892.0,58.490525,3255373.8,419.3155392,IT=13;13 ,ii
23649,UP 1,29.647,102020,50286156.0,58.494698,3090727.8,419.3155528,IT=15;15 ,ii
23650,UP 1,23.886,106576,62384464.0,58.498556,3683794.2,419.3155163,IT=12;12 ,ii
23651,UP 1,27.596,102320,53997172.0,58.502708,3145694.2,419.3155134,IT=14;14 ,ii
23652,UP 1,28.738,106556,52773676.0,58.506841,2990311.8,419.3155914,IT=14;14 ,ii
23653,UP 1,23.093,105932,61340312.0,58.51087,3560109.0,419.3157117,IT=12;12 ,ii
23654,UP 1,29.538,107580,51250488.0,58.51492,2971390.5,419.3156931,IT=15;15 ,ii
23655,UP 1,31.359,105508,47509148.0,58.519074,2785930.5,419.315684,IT=16;16 ,ii
23656,UP 1,25.393,97740,52683916.0,58.523116,3164802.5,419.315623,IT=13;13 ,ii
23657,UP 1,31.082,106932,47575772.0,58.527303,2851155.0,419.3155718,IT=16;16 ,ii
23658,UP 1,23.299,103320,60858312.0,58.531299,3548311.0,419.3156387,IT=12;12 ,ii
23659,UP 1,27.024,100896,52044768.0,58.535281,3197665.2,419.3155902,IT=14;14 ,ii
23660,UP 1,29.680,107516,49658868.0,58.539431,3070852.2,419.3157191,IT=15;15 ,ii
23661,UP 1,25.666,103772,53434976.0,58.543485,3151112.0,419.3156739,IT=13;13 ,ii
23662,UP 1,25.727,104932,56677676.0,58.547583,3465394.5,419.3157671,IT=13;13 ,ii
23663,UP 1,22.368,101924,61015452.0,58.551624,3532203.5,419.3156105,IT=11;11 ,ii
23664,UP 1,23.962,105516,59715100.0,58.555728,3578155.8,419.3155911,IT=12;12 ,ii
23665,UP 1,23.532,103536,60224968.0,58.559807,3610828.8,419.315659,IT=12;12 ,ii
23666,UP 1,26.960,108760,54681468.0,58.563949,3121966.5,419.3157531,IT=13;13 ,ii
23667,UP 1,23.115,100372,57824276.0,58.567824,3547007.5,419.3156995,IT=12;12 ,ii
23668,UP 1,28.920,102576,48591372.0,58.572005,3017801.8,419.3157155,IT=14;14 ,ii
23669,UP 1,26.625,103304,52267592.0,58.576089,3120370.5,419.3156463,IT=13;13 ,ii
23670,UP 1,29.115,104108,49033004.0,58.580232,2986797.8,419.3157194,IT=15;15 ,ii
23671,UP 1,30.684,102292,46216848.0,58.584209,2776466.0,419.3158086,IT=15;15 ,ii
23672,UP 1,28.406,102752,48000384.0,58.588309,2900717.0,419.3156738,IT=14;14 ,ii
23673,UP 1,26.006,99608,54317584.0,58.592384,3144283.0,419.3157721,IT=13;13 ,ii
23674,UP 1,29.285,106024,49468924.0,58.596541,2862094.2,419.3156956,IT=15;15 ,ii
23675,UP 1,22.412,104800,60586196.0,58.600549,3510078.5,419.3157024,IT=11;11 ,ii
23676,UP 1,23.270,104980,60617388.0,58.604491,3649137.0,419.3157342,IT=12;12 ,ii
23677,UP 1,25.290,102020,54515712.0,58.608613,3326837.0,419.3157977,IT=13;13 ,ii
23678,UP 1,25.797,102808,53209844.0,58.612726,3165519.0,419.3158779,IT=13;13 ,ii
23679,UP 1,32.456,102028,42480300.0,58.616934,2565515.5,419.3158372,IT=16;16 ,ii
23680,UP 1,27.942,100232,48799116.0,58.62084,2864927.0,419.3158148,IT=14;14 ,ii
23681,UP 1,28.571,101416,48751440.0,58.624957,2878920.2,419.3157945,IT=14;14 ,ii
23682,UP 1,28.274,100808,48227328.0,58.629069,3010677.5,419.3157062,IT=14;14 ,ii
23683,UP 1,28.537,99484,47422064.0,58.633192,2862423.2,419.3156851,IT=14;14 ,ii
23684,UP 1,28.084,105604,49932376.0,58.637144,2896354.5,419.3157894,IT=14;14 ,ii
23685,UP 1,29.279,103616,46940804.0,58.641282,2894289.8,419.3157385,IT=15;15 ,ii
23686,UP 1,29.779,100640,45929624.0,58.645411,2704134.0,419.315808,IT=15;15 ,ii
23687,UP 1,27.173,105660,51266036.0,58.649494,2957451.2,419.3157924,IT=14;14 ,ii
23688,UP 1,21.954,99660,60699364.0,58.653359,3711120.0,419.3157317,IT=11;11 ,ii
23689,UP 1,25.219,100964,54179724.0,58.657496,3236080.8,419.3156879,IT=13;13 ,ii
23690,UP 1,20.808,97032,59159416.0,58.661521,3621715.2,419.3156801,IT=10;10 ,ii
23691,UP 1,25.389,103308,52424448.0,58.665671,3118985.5,419.3157506,IT=13;13 ,ii
23692,UP 1,26.467,97584,48921920.0,58.669617,2971819.2,419.3157177,IT=13;13 ,ii
23693,UP 1,28.994,99548,45339416.0,58.673665,2676295.0,419.3156911,IT=14;14 ,ii
23694,UP 1,23.494,99344,53279280.0,58.677694,3099297.0,419.3156199,IT=12;12 ,ii
23695,UP 1,29.777,99288,44070952.0,58.681888,2516406.5,419.315712,IT=15;15 ,ii
23696,UP 1,26.715,96348,47284336.0,58.685965,2815552.0,419.3156422,IT=13;13 ,ii
23697,UP 1,28.495,101076,47123448.0,58.689936,2689878.5,419.3156909,IT=14;14 ,ii
23698,UP 1,28.584,99288,45977716.0,58.694052,2761009.8,419.3157133,IT=14;14 ,ii
23699,UP 1,23.826,98392,55054488.0,58.698098,3130760.8,419.3157081,IT=12;12 ,ii
23700,UP 1,26.908,102764,48598156.0,58.702242,2799131.8,419.3156947,IT=13;13 ,ii
23701,UP 1,25.693,95136,49885564.0,58.706165,3023067.8,419.3156639,IT=13;13 ,ii
23702,UP 1,30.069,96464,40281508.0,58.710342,2424374.8,419.3157686,IT=15;15 ,ii
23703,UP 1,24.958,102220,52560404.0,58.714386,3154793.0,419.315676,IT=12;12 ,ii
23704,UP 1,24.640,100788,53109044.0,58.718481,3097264.8,419.3157746,IT=12;12 ,ii
23705,UP 1,28.732,101040,45724016.0,58.722475,2707027.0,419.3156531,IT=14;14 ,ii
23706,UP 1,31.825,99460,37825212.0,58.726644,2317459.5,419.315746,IT=16;16 ,ii
23707,UP 1,28.135,97504,45759464.0,58.730721,2696949.5,419.3157319,IT=14;14 ,ii
23708,UP 1,32.736,100032,36474552.0,58.734917,2111314.0,419.3157404,IT=16;16 ,ii
23709,UP 1,30.286,98572,42029376.0,58.738844,2599109.8,419.3156641,IT=15;15 ,ii
23710,UP 1,32.013,100948,39101644.0,58.743006,2301884.8,419.3156229,IT=16;16 ,ii
23711,UP 1,28.378,96896,44774624.0,58.747087,2651084.0,419.3155783,IT=14;14 ,ii
23712,UP 1,32.998,91312,30843548.0,58.751281,1882553.9,419.3158708,IT=16;16 ,ii
23713,UP 1,24.075,97572,52497876.0,58.755277,3172541.2,419.3155888,IT=12;12 ,ii
23714,UP 1,28.384,99756,45409764.0,58.759302,2701046.2,419.3155503,IT=14;14 ,ii
23715,UP 1,28.612,98028,45124320.0,58.763423,2730633.2,419.3155339,IT=14;14 ,ii
23716,UP 1,28.587,94752,43834544.0,58.767548,2678512.0,419.3155707,IT=14;14 ,ii
23717,UP 1,28.407,101704,45615368.0,58.771656,2577655.5,419.315546,IT=14;14 ,ii
23718,UP 1,26.450,95540,46338916.0,58.775579,2750276.0,419.3155704,IT=13;13 ,ii
23719,UP 1,28.104,95924,44401560.0,58.779714,2642998.2,419.3155551,IT=14;14 ,ii
23720,UP 1,26.604,98840,47541064.0,58.783798,2858085.0,419.3155782,IT=13;13 ,ii
23721,UP 1,30.016,95048,40130624.0,58.78796,2387911.2,419.3156052,IT=15;15 ,ii
23722,UP 1,28.563,101456,43924876.0,58.791896,2646699.2,419.3155929,IT=14;14 ,ii
23723,UP 1,29.892,102140,43441240.0,58.796035,2675833.0,419.3155501,IT=15;15 ,ii
23724,UP 1,26.230,96824,48905992.0,58.80011,2956325.2,419.3155615,IT=13;13 ,ii
23725,UP 1,29.408,92860,42196808.0,58.804271,2519877.2,419.3154879,IT=15;15 ,ii
23726,UP 1,27.660,96192,45828944.0,58.808197,2700809.2,419.315478,IT=14;14 ,ii
23727,UP 1,23.276,97316,53543740.0,58.812239,3205364.2,419.3154943,IT=12;12 ,ii
23728,UP 1,30.308,96908,41279656.0,58.816441,2564923.2,419.3155971,IT=15;15 ,ii
23729,UP 1,26.147,95412,47095032.0,58.820502,2823555.5,419.3155869,IT=13;13 ,ii
23730,UP 1,25.682,94920,47637504.0,58.824591,2935692.8,419.3155009,IT=13;13 ,ii
23731,UP 1,25.458,98836,49080276.0,58.828522,2830937.2,419.3154683,IT=13;13 ,ii
23732,UP 1,23.712,102376,54325764.0,58.832589,3267160.8,419.3154428,IT=12;12 ,ii
23733,UP 1,29.365,102856,44876032.0,58.836766,2592347.0,419.3155299,IT=15;15 ,ii
23734,UP 1,27.758,98880,46514548.0,58.840864,2773538.5,419.315511,IT=14;14 ,ii
23735,UP 1,26.356,97876,48232032.0,58.844778,2921254.0,419.3155211,IT=13;13 ,ii
23736,UP 1,27.915,99760,46062136.0,58.848908,2773166.0,419.3154747,IT=14;14 ,ii
23737,UP 1,28.914,96564,44073412.0,58.853037,2744122.5,419.3154715,IT=14;14 ,ii
23738,UP 1,22.250,97512,55405788.0,58.857041,3321345.5,419.3154108,IT=11;11 ,ii
23739,UP 1,22.436,94320,51547628.0,58.860962,3229708.5,419.3154502,IT=11;11 ,ii
23740,UP 1,22.613,100796,55947912.0,58.865043,3519641.2,419.3154031,IT=11;11 ,ii
23741,UP 1,24.927,95908,50500564.0,58.86916,3144636.8,419.3154971,IT=12;12 ,ii
23742,UP 1,29.986,99760,42350032.0,58.873335,2675373.5,419.3154516,IT=15;15 ,ii
23743,UP 1,23.786,99096,53475924.0,58.87718,3234336.5,419.3155321,IT=12;12 ,ii
23744,UP 1,22.225,97936,55974568.0,58.881241,3432213.2,419.3155328,IT=11;11 ,ii
23745,UP 1,25.530,99764,49861820.0,58.885376,3021045.0,419.3155189,IT=13;13 ,ii
23746,UP 1,28.648,98184,43753452.0,58.88952,2746986.0,419.315522,IT=14;14 ,ii
23747,UP 1,24.291,99216,52279900.0,58.893401,3272304.0,419.3155143,IT=12;12 ,ii
23748,UP 1,20.995,94996,56062684.0,58.897437,3498700.8,419.315387,IT=10;10 ,ii
23749,UP 1,27.748,99760,45833680.0,58.901628,2757721.0,419.3155286,IT=14;14 ,ii
23750,UP 1,29.322,99968,42329080.0,58.905761,2508774.8,419.3156057,IT=15;15 ,ii
23751,UP 1,28.265,95420,43758540.0,58.909697,2873705.2,419.3156155,IT=14;14 ,ii
23752,UP 1,22.296,97268,53766600.0,58.913718,3396614.0,419.3154953,IT=11;11 ,ii
23753,UP 1,30.105,101960,42645276.0,58.91793,2552254.2,419.3155991,IT=15;15 ,ii
23754,UP 1,22.420,96396,52883772.0,58.921924,3344233.8,419.3155075,IT=11;11 ,ii
23755,UP 1,24.150,93992,51325304.0,58.926038,3194237.5,419.3155865,IT=12;12 ,ii
23756,UP 1,25.395,92660,47774128.0,58.929984,3109185.5,419.3155911,IT=13;13 ,ii
23757,UP 1,26.092,98372,48253056.0,58.934099,2866953.0,419.3155685,IT=13;13 ,ii
23758,UP 1,22.739,101640,56472656.0,58.938147,3342152.0,419.315573,IT=11;11 ,ii
23759,UP 1,20.158,88872,52116444.0,58.942188,3195252.0,419.3155107,IT=10;10 ,ii
23760,UP 1,25.465,94272,48886216.0,58.946184,3032447.5,419.3155361,IT=13;13 ,ii
23761,UP 1,25.288,93552,48521852.0,58.950274,2936909.0,419.3155468,IT=13;13 ,ii
23762,UP 1,20.533,85228,50499388.0,58.954294,2973775.2,419.3154269,IT=10;10 ,ii
23763,UP 1,21.535,87180,56355472.0,58.958384,3079168.5,419.3154026,IT=11;11 ,ii
23764,UP 1,20.729,86736,57414568.0,58.962282,3414050.2,376.2592796,IT=10;10 ,ii
23765,UP 1,21.450,89240,58265132.0,58.966367,4291045.5,376.2592224,IT=11;11 ,ii
23766,UP 1,16.944,90684,76455896.0,58.970367,6505902.0,376.2592262,IT=8.5;8.5 ,ii
23767,UP 1,14.085,82916,83705968.0,58.974369,8255432.0,376.2591457,IT=7;7 ,ii
23768,UP 1,12.278,74128,88793008.0,58.978192,9939821.0,376.2591398,IT=6.1;6.1 ,ii
23769,UP 1,12.519,73104,93133488.0,58.982173,11717178.0,376.25913,IT=6.3;6.3 ,ii
23771,UP 1,12.922,68240,83500800.0,58.988017,12339553.0,376.2590539,IT=6.5;6.5 ,ii
23772,UP 1,13.170,72068,89006864.0,58.992057,14115189.0,376.2590031,IT=6.6;6.6 ,ii
23774,UP 1,10.289,61756,93964336.0,58.997852,17154080.0,376.258954,IT=5.1;5.1 ,ii
23775,UP 1,9.602,62708,108413600.0,59.001819,20213000.0,376.2588896,IT=4.8;4.8 ,ii
23776,UP 1,8.639,61008,130944910.0,59.005723,24046256.0,376.2589527,IT=4.3;4.3 ,ii
23779,UP 1,7.734,55664,128064420.0,59.01329,25433706.0,376.2589183,IT=3.9;3.9 ,ii
23780,UP 1,8.099,57756,120491360.0,59.017217,24503212.0,376.2589194,IT=4;4 ,ii
23781,UP 1,7.967,53780,108119430.0,59.020936,23167890.0,376.2590972,IT=4;4 ,ii
23782,UP 1,9.299,52740,103357850.0,59.024832,22524210.0,376.2591124,IT=4.6;4.6 ,ii
23783,UP 1,7.526,58128,131512780.0,59.028717,26360368.0,376.2590645,IT=3.8;3.8 ,ii
23785,UP 1,7.653,56692,131889640.0,59.034483,25826724.0,376.2589377,IT=3.8;3.8 ,ii
23786,UP 1,8.152,59704,126073910.0,59.038413,23829724.0,376.2590024,IT=4.1;4.1 ,ii
23788,UP 1,8.511,60244,121329820.0,59.044186,21534688.0,376.2589789,IT=4.3;4.3 ,ii
23790,UP 1,8.867,62232,113267450.0,59.050004,19009730.0,376.2589825,IT=4.4;4.4 ,ii
23791,UP 1,10.701,70088,107988630.0,59.053977,16713368.0,376.2589929,IT=5.4;5.4 ,ii
23792,UP 1,10.580,68084,95314128.0,59.057754,14033598.0,376.2590514,IT=5.3;5.3 ,ii
23793,UP 1,14.906,71880,77999392.0,59.061767,10419048.0,376.2590718,IT=7.5;7.5 ,ii
23794,UP 1,14.334,74592,77539024.0,59.06579,9517745.0,376.259048,IT=7.2;7.2 ,ii
23795,UP 1,16.442,79012,70626504.0,59.069844,7624814.0,376.2591137,IT=8.2;8.2 ,ii
23796,UP 1,18.384,81972,65761064.0,59.073754,6296431.5,376.2591917,IT=9.2;9.2 ,ii
23797,UP 1,17.203,78596,63528484.0,59.077798,5519701.5,376.2591646,IT=8.6;8.6 ,ii
23798,UP 1,20.282,89828,62518880.0,59.0819,4231396.0,376.2592571,IT=10;10 ,ii
23799,UP 1,23.549,91728,59872680.0,59.086023,3737225.2,376.2593254,IT=12;12 ,ii
23800,UP 1,20.668,84664,50095288.0,59.09006,3002110.8,419.3154531,IT=10;10 ,ii
23801,UP 1,24.396,97136,52970816.0,59.094216,2949649.0,419.315563,IT=12;12 ,ii
23802,UP 1,23.887,95688,56581244.0,59.0983,3453117.8,419.3155723,IT=12;12 ,ii
23803,UP 1,21.005,92268,59207832.0,59.102341,3601093.8,419.3155502,IT=11;11 ,ii
23804,UP 1,23.572,96604,53677884.0,59.106287,3149656.8,419.3155832,IT=12;12 ,ii
23805,UP 1,27.575,97700,47964132.0,59.110439,3050326.2,419.3155962,IT=14;14 ,ii
23806,UP 1,20.026,92480,59682180.0,59.11442,3892235.8,419.3155981,IT=10;10 ,ii
23807,UP 1,24.907,97588,49660416.0,59.11857,3159898.5,419.315564,IT=12;12 ,ii
23808,UP 1,21.153,95612,56655368.0,59.122431,3595254.5,419.3155988,IT=11;11 ,ii
23809,UP 1,21.669,95956,55326152.0,59.126514,3404404.2,419.3155921,IT=11;11 ,ii
23810,UP 1,23.568,87796,45167404.0,59.130641,3115112.5,419.3156227,IT=12;12 ,ii
23811,UP 1,25.944,97560,48941760.0,59.134766,3037114.5,419.3156854,IT=13;13 ,ii
23812,UP 1,24.107,98736,52550328.0,59.13867,3302311.8,419.3156189,IT=12;12 ,ii
23813,UP 1,24.713,96916,51057404.0,59.142772,3134669.5,419.3155863,IT=12;12 ,ii
23814,UP 1,24.516,97368,51123924.0,59.14686,3350299.8,419.3156587,IT=12;12 ,ii
23815,UP 1,24.090,95476,50412024.0,59.150945,3209894.8,419.3156145,IT=12;12 ,ii
23816,UP 1,24.276,96916,50783212.0,59.154868,3255492.5,419.3155439,IT=12;12 ,ii
23817,UP 1,28.604,97596,43400692.0,59.159031,2813639.2,419.3155324,IT=14;14 ,ii
23818,UP 1,30.031,98528,42468216.0,59.163164,2627369.0,419.3156497,IT=15;15 ,ii
23819,UP 1,24.960,94064,47782496.0,59.16721,3122124.0,419.3155033,IT=12;12 ,ii
23820,UP 1,28.024,96128,44472088.0,59.171349,2879928.8,419.3156285,IT=14;14 ,ii
23821,UP 1,21.163,93208,53801236.0,59.175258,3496355.2,419.3155431,IT=11;11 ,ii
23822,UP 1,23.643,93720,51090272.0,59.179374,3277566.5,419.3155956,IT=12;12 ,ii
23823,UP 1,24.129,96160,47849576.0,59.183466,3070372.0,419.315597,IT=12;12 ,ii
23825,UP 1,26.736,95400,44891620.0,59.187866,2890757.8,419.3155249,IT=13;13 ,ii
23826,UP 1,24.384,95112,48722420.0,59.191762,3198453.8,419.3156185,IT=12;12 ,ii
23827,UP 1,23.873,90672,47307688.0,59.195847,3161045.5,419.3156627,IT=12;12 ,ii
23828,UP 1,27.356,96744,44863016.0,59.199987,3081330.8,419.3155737,IT=14;14 ,ii
23829,UP 1,24.600,94076,49586288.0,59.204045,3198899.0,419.3156185,IT=12;12 ,ii
23830,UP 1,22.792,94920,52631332.0,59.207939,3486811.5,419.3155429,IT=11;11 ,ii
23831,UP 1,28.714,97752,43676472.0,59.21212,2884939.8,419.3155275,IT=14;14 ,ii
23832,UP 1,26.364,97152,46580692.0,59.216199,2964665.8,419.3156659,IT=13;13 ,ii
23833,UP 1,23.962,94296,49532052.0,59.220255,3199371.0,419.3157572,IT=12;12 ,ii
23834,UP 1,28.448,97768,43557396.0,59.224249,2903776.0,419.3156699,IT=14;14 ,ii
23835,UP 1,26.259,96240,46149684.0,59.228341,3038793.5,419.3155915,IT=13;13 ,ii
23836,UP 1,27.943,96216,44516436.0,59.232468,3060183.2,419.3155894,IT=14;14 ,ii
23837,UP 1,23.812,93444,48207268.0,59.236513,3118025.5,419.3155726,IT=12;12 ,ii
23838,UP 1,28.025,96764,45064312.0,59.240668,2953433.0,419.3155348,IT=14;14 ,ii
23839,UP 1,23.334,91256,49219972.0,59.244534,3275365.8,419.3156113,IT=12;12 ,ii
23840,UP 1,24.644,93520,46608496.0,59.24864,3045251.5,419.3155327,IT=12;12 ,ii
23841,UP 1,27.221,100176,46503816.0,59.252774,2984202.8,419.315646,IT=14;14 ,ii
23842,UP 1,22.474,96940,53521804.0,59.256805,3320183.5,419.3154903,IT=11;11 ,ii
23843,UP 1,26.971,94528,44742836.0,59.260801,2999731.2,419.3154992,IT=13;13 ,ii
23844,UP 1,23.700,94572,49598648.0,59.264853,3268461.8,419.3154342,IT=12;12 ,ii
23845,UP 1,27.413,94736,44524260.0,59.268996,2918839.5,419.3156031,IT=14;14 ,ii
23846,UP 1,26.796,100316,46360764.0,59.273088,2952019.5,419.3156203,IT=13;13 ,ii
23847,UP 1,20.971,91880,54719024.0,59.27693,3585689.2,419.3155275,IT=10;10 ,ii
23848,UP 1,24.229,89616,46071952.0,59.281059,3077229.2,419.3155351,IT=12;12 ,ii
23849,UP 1,27.486,98068,45388460.0,59.285203,2943732.5,419.3155869,IT=14;14 ,ii
23850,UP 1,30.926,99540,41752060.0,59.289363,2814629.0,419.3155178,IT=15;15 ,ii
23851,UP 1,26.054,93088,46273828.0,59.293236,3139293.5,419.3155291,IT=13;13 ,ii
23852,UP 1,26.591,99400,46587828.0,59.297344,3001351.5,419.3155616,IT=13;13 ,ii
23853,UP 1,23.899,96628,51630584.0,59.301403,3414535.0,419.3155514,IT=12;12 ,ii
23854,UP 1,22.171,95924,52770328.0,59.305459,3465441.0,419.3154606,IT=11;11 ,ii
23855,UP 1,26.313,101816,48744868.0,59.30944,3109900.2,419.3154821,IT=13;13 ,ii
23856,UP 1,24.212,98552,51182672.0,59.313507,3381120.0,419.3154806,IT=12;12 ,ii
23857,UP 1,22.694,94384,50306188.0,59.317567,3243049.8,419.3153872,IT=11;11 ,ii
23858,UP 1,28.712,96976,43607312.0,59.321752,2780431.8,419.3155868,IT=14;14 ,ii
23859,UP 1,27.090,99732,46403944.0,59.325669,2915339.8,419.3154946,IT=14;14 ,ii
23860,UP 1,26.993,100584,47000928.0,59.329773,3026494.2,419.3154125,IT=13;13 ,ii
23861,UP 1,24.493,95916,47877804.0,59.333838,3160015.0,419.3154409,IT=12;12 ,ii
23862,UP 1,20.023,96416,58232068.0,59.337854,3855591.0,419.3154989,IT=10;10 ,ii
23863,UP 1,20.823,95964,55762628.0,59.341936,3707003.2,419.3154538,IT=10;10 ,ii
23864,UP 1,25.567,99168,48063636.0,59.345919,3173855.5,419.315374,IT=13;13 ,ii
23865,UP 1,28.896,100012,44355940.0,59.350075,2974910.2,419.3153811,IT=14;14 ,ii
23866,UP 1,26.702,96352,44713524.0,59.354154,3075308.0,419.3153565,IT=13;13 ,ii
23867,UP 1,23.543,92092,46745184.0,59.358206,3145185.5,419.3153854,IT=12;12 ,ii
23868,UP 1,26.369,94440,45822188.0,59.362173,2951518.0,419.3154017,IT=13;13 ,ii
23869,UP 1,27.107,92080,43321396.0,59.366285,2976728.8,419.3154308,IT=14;14 ,ii
23870,UP 1,22.841,92856,47803740.0,59.370321,3212128.0,419.3153891,IT=11;11 ,ii
23871,UP 1,27.048,96920,45274288.0,59.374475,2992046.0,419.3154129,IT=14;14 ,ii
23872,UP 1,26.035,93652,44449744.0,59.378396,3020762.0,419.3154414,IT=13;13 ,ii
23873,UP 1,25.942,95452,45367408.0,59.382494,3040545.2,419.3154909,IT=13;13 ,ii
23874,UP 1,26.060,96188,47513632.0,59.386596,2995628.0,419.3155507,IT=13;13 ,ii
23875,UP 1,24.446,94712,46852500.0,59.390667,3084023.5,419.3155313,IT=12;12 ,ii
23876,UP 1,26.769,98360,45391624.0,59.394627,3098333.8,419.31545,IT=13;13 ,ii
23877,UP 1,22.053,95516,52756944.0,59.398656,3443535.8,419.3154146,IT=11;11 ,ii
23878,UP 1,23.095,99056,53147700.0,59.402758,3504207.2,419.3153928,IT=12;12 ,ii
23879,UP 1,22.730,92144,47958820.0,59.406835,3394091.0,419.3153522,IT=11;11 ,ii
23880,UP 1,26.198,99860,48938176.0,59.410806,3220155.8,419.3154829,IT=13;13 ,ii
23881,UP 1,26.294,95940,44563116.0,59.414908,3030906.5,419.3153785,IT=13;13 ,ii
23882,UP 1,21.162,94040,53186400.0,59.418937,3477169.2,419.3153446,IT=11;11 ,ii
23883,UP 1,25.938,95076,46125516.0,59.423089,3033103.2,419.3153892,IT=13;13 ,ii
23884,UP 1,25.344,91580,45787924.0,59.427062,2994015.0,419.3153517,IT=13;13 ,ii
23885,UP 1,28.969,96584,42236952.0,59.43122,2794365.0,419.3153433,IT=14;14 ,ii
23886,UP 1,24.517,92780,46767840.0,59.435262,3084862.5,419.315332,IT=12;12 ,ii
23887,UP 1,26.605,97420,45143060.0,59.439389,3015591.8,419.3152821,IT=13;13 ,ii
23888,UP 1,27.671,93276,42841528.0,59.443506,2897434.8,419.3153864,IT=14;14 ,ii
23889,UP 1,23.819,91100,46683768.0,59.447387,3036207.2,419.3153915,IT=12;12 ,ii
23890,UP 1,26.608,96268,45738548.0,59.45152,2906555.2,419.3153301,IT=13;13 ,ii
23891,UP 1,27.606,93312,43235036.0,59.455637,2873238.5,419.3153367,IT=14;14 ,ii
23892,UP 1,25.665,93116,46636472.0,59.459712,3167894.0,419.3154217,IT=13;13 ,ii
23893,UP 1,25.377,94772,45600656.0,59.463639,3016998.8,419.3153914,IT=13;13 ,ii
23894,UP 1,21.222,90432,51968752.0,59.467662,3467931.0,419.3154366,IT=11;11 ,ii
23895,UP 1,22.224,95844,53605652.0,59.471756,3493954.5,419.3154039,IT=11;11 ,ii
23896,UP 1,26.287,90584,45289320.0,59.475904,3059495.0,419.3153235,IT=13;13 ,ii
23897,UP 1,22.862,95936,52819080.0,59.479778,3530070.8,419.3153958,IT=11;11 ,ii
23898,UP 1,21.166,92644,53622004.0,59.483833,3608327.5,419.3153874,IT=11;11 ,ii
23899,UP 1,28.929,99496,44734344.0,59.488033,2932122.0,419.3153474,IT=14;14 ,ii
23900,UP 1,24.074,96256,49040444.0,59.492064,3193630.0,419.3153297,IT=12;12 ,ii
23901,UP 1,26.125,91976,44207532.0,59.496018,3020725.2,419.3152951,IT=13;13 ,ii
23902,UP 1,23.047,95904,53056888.0,59.500066,3592289.0,419.3153917,IT=12;12 ,ii
23903,UP 1,22.023,94696,52789488.0,59.504135,3436723.8,419.3154716,IT=11;11 ,ii
23904,UP 1,23.519,95192,48162832.0,59.508237,3285502.0,419.315399,IT=12;12 ,ii
23905,UP 1,21.740,98004,53853192.0,59.512124,3570981.0,419.3153213,IT=11;11 ,ii
23906,UP 1,23.974,93380,50315468.0,59.516241,3557176.0,419.3153521,IT=12;12 ,ii
23907,UP 1,20.141,91704,55139612.0,59.520266,3750296.0,419.3153416,IT=10;10 ,ii
23908,UP 1,24.539,99356,51003512.0,59.524403,3414392.8,419.3154342,IT=12;12 ,ii
23909,UP 1,27.343,98772,44349376.0,59.528378,2824556.8,419.3154725,IT=14;14 ,ii
23910,UP 1,25.104,94876,46228676.0,59.532449,3083290.5,419.3154406,IT=13;13 ,ii
23911,UP 1,25.380,91152,45189256.0,59.536551,3078186.5,419.3154745,IT=13;13 ,ii
23912,UP 1,26.494,95984,45839836.0,59.540663,3009353.8,419.315471,IT=13;13 ,ii
23913,UP 1,26.535,99560,48076084.0,59.544763,3079527.2,419.3154465,IT=13;13 ,ii
23914,UP 1,23.828,90932,44634812.0,59.54882,3033141.5,419.3153138,IT=12;12 ,ii
23915,UP 1,27.257,93624,43624976.0,59.552963,2997997.8,419.3153572,IT=14;14 ,ii
23916,UP 1,23.493,92456,47006164.0,59.557005,3112463.0,419.3154196,IT=12;12 ,ii
23917,UP 1,29.057,101668,43208752.0,59.56118,2795419.8,419.3154257,IT=15;15 ,ii
23918,UP 1,24.834,94052,46004392.0,59.565059,2912044.2,419.3154118,IT=12;12 ,ii
23919,UP 1,25.506,93644,45569728.0,59.569167,2984685.0,419.315451,IT=13;13 ,ii
23921,UP 1,22.511,91352,44919592.0,59.573328,3092717.8,419.3153665,IT=11;11 ,ii
23922,UP 1,28.912,93276,42372988.0,59.577513,2813493.2,419.3154495,IT=14;14 ,ii
23923,UP 1,20.929,96548,55952472.0,59.581326,3746861.2,419.3154917,IT=10;10 ,ii
23924,UP 1,26.065,94780,46481848.0,59.585492,3172788.2,419.3154794,IT=13;13 ,ii
23925,UP 1,20.816,94424,54017908.0,59.589503,3586215.8,419.3154148,IT=10;10 ,ii
23926,UP 1,20.988,94532,55069324.0,59.59359,3536846.0,419.3154735,IT=10;10 ,ii
23927,UP 1,21.572,93848,52160724.0,59.597507,3475348.2,419.315424,IT=11;11 ,ii
23928,UP 1,22.970,90840,50030876.0,59.601611,3226281.0,419.3154912,IT=11;11 ,ii
23929,UP 1,23.928,91172,46218080.0,59.605713,2931068.5,419.3155174,IT=12;12 ,ii
23930,UP 1,28.261,96132,43055800.0,59.609869,2866745.2,419.3154213,IT=14;14 ,ii
23931,UP 1,21.258,92380,49270748.0,59.613863,3053666.8,419.3154259,IT=11;11 ,ii
23932,UP 1,23.193,90584,47072076.0,59.617803,2973941.2,419.3153621,IT=12;12 ,ii
23933,UP 1,27.762,92512,41990960.0,59.621965,2620705.8,419.3154091,IT=14;14 ,ii
23934,UP 1,23.484,88076,43369132.0,59.626,2857860.2,419.3153379,IT=12;12 ,ii
23935,UP 1,27.524,96408,44565920.0,59.630152,2679669.2,419.3154813,IT=14;14 ,ii
23936,UP 1,26.434,94440,43717180.0,59.634242,2672796.8,419.3155419,IT=13;13 ,ii
23937,UP 1,21.603,92416,47845372.0,59.638263,2877475.8,419.3155214,IT=11;11 ,ii
23938,UP 1,24.404,92296,47482348.0,59.642384,2918692.2,419.3154457,IT=12;12 ,ii
23939,UP 1,27.292,96816,44674748.0,59.646517,2710576.5,419.3154357,IT=14;14 ,ii
23940,UP 1,22.690,92316,48214228.0,59.650381,2780372.8,419.3154683,IT=11;11 ,ii
23941,UP 1,23.983,92348,47021712.0,59.654484,2733776.2,419.3154686,IT=12;12 ,ii
23942,UP 1,25.352,92884,44496328.0,59.658594,2603083.8,419.3154217,IT=13;13 ,ii
23943,UP 1,22.995,87680,45126040.0,59.662644,2585238.0,419.3154575,IT=11;11 ,ii
23944,UP 1,26.061,94316,43817060.0,59.666606,2476588.5,419.3154317,IT=13;13 ,ii
23945,UP 1,23.964,87756,42582996.0,59.670673,2446761.8,419.3153849,IT=12;12 ,ii
23946,UP 1,30.590,92304,37852416.0,59.674871,2304097.5,419.3155022,IT=15;15 ,ii
23947,UP 1,27.806,92528,39237696.0,59.67895,2215480.2,419.3155168,IT=14;14 ,ii
23949,UP 1,27.185,92240,39632948.0,59.683192,2140334.8,419.3154582,IT=14;14 ,ii
23950,UP 1,27.778,92152,39309880.0,59.687148,2101049.5,419.31543,IT=14;14 ,ii
23951,UP 1,28.365,91460,38892428.0,59.691273,1943100.1,419.3154305,IT=14;14 ,ii
23952,UP 1,28.161,93440,38867228.0,59.695387,2009257.4,419.3154347,IT=14;14 ,ii
23953,UP 1,29.088,92032,37563280.0,59.699517,1978137.8,419.3154456,IT=15;15 ,ii
23954,UP 1,30.108,91820,37172380.0,59.703489,1884679.0,419.315443,IT=15;15 ,ii
23955,UP 1,30.261,88692,35912512.0,59.707621,1893788.1,419.3153984,IT=15;15 ,ii
23956,UP 1,31.007,91084,34948288.0,59.711771,1922324.2,419.3153694,IT=16;16 ,ii
23957,UP 1,30.160,86848,34611584.0,59.715885,1813919.0,419.3153722,IT=15;15 ,ii
23958,UP 1,30.377,88692,35026564.0,59.719848,1789001.2,419.3153831,IT=15;15 ,ii
23959,UP 1,30.019,92368,36284940.0,59.723977,1835012.0,419.3153961,IT=15;15 ,ii
23960,UP 1,30.150,88724,34227492.0,59.72811,1873771.0,419.3153656,IT=15;15 ,ii
23961,UP 1,30.491,92324,34993000.0,59.732254,1827654.1,419.3154551,IT=15;15 ,ii
23962,UP 1,32.075,91772,34589696.0,59.736237,1813540.2,419.3154927,IT=16;16 ,ii
23963,UP 1,34.036,92416,33963556.0,59.74041,1730790.9,419.3154983,IT=17;17 ,ii
23964,UP 1,31.617,90912,34304248.0,59.744529,1693600.4,419.3154123,IT=16;16 ,ii
23965,UP 1,32.225,88096,33605456.0,59.748681,1714243.0,419.3155253,IT=16;16 ,ii
23966,UP 1,31.328,90972,34819636.0,59.752802,1745748.0,419.3155205,IT=16;16 ,ii
23967,UP 1,32.482,92912,33891408.0,59.756918,1698765.9,419.3154866,IT=16;16 ,ii
23968,UP 1,33.336,90772,32701456.0,59.761072,1738515.0,419.3154567,IT=17;17 ,ii
23969,UP 1,33.860,90492,32668318.0,59.765229,1737865.4,419.3154019,IT=17;17 ,ii
23970,UP 1,32.778,92276,33433242.0,59.769354,1662406.4,419.3153295,IT=16;16 ,ii
23971,UP 1,30.828,90072,34138104.0,59.773285,1579838.8,419.3153256,IT=15;15 ,ii
23972,UP 1,31.296,91308,34767696.0,59.777418,1681897.2,419.3153372,IT=16;16 ,ii
23973,UP 1,33.040,90596,33312292.0,59.781576,1667420.0,419.315369,IT=17;17 ,ii
23974,UP 1,33.838,92376,32810170.0,59.785735,1637710.0,419.3152909,IT=17;17 ,ii
23975,UP 1,30.815,87592,32892040.0,59.789653,1614653.0,419.315278,IT=15;15 ,ii
23976,UP 1,31.644,92156,34509032.0,59.793793,1630961.9,419.3152675,IT=16;16 ,ii
23977,UP 1,32.951,89480,33081372.0,59.797943,1571550.0,419.3153147,IT=16;16 ,ii
23978,UP 1,32.068,87728,32953960.0,59.80207,1608521.8,419.3152629,IT=16;16 ,ii
23979,UP 1,31.628,91812,33915444.0,59.806197,1605779.2,419.315184,IT=16;16 ,ii
23980,UP 1,30.744,90628,34112888.0,59.810143,1634778.8,419.3151851,IT=15;15 ,ii
23981,UP 1,31.942,86896,33389814.0,59.814285,1590062.0,419.3152846,IT=16;16 ,ii
23982,UP 1,30.967,90088,34599872.0,59.818403,1656784.1,419.3152141,IT=15;15 ,ii
23983,UP 1,31.533,89172,34036308.0,59.822537,1642086.6,419.3152168,IT=16;16 ,ii
23984,UP 1,31.728,87116,33453346.0,59.826503,1574856.1,419.3152751,IT=16;16 ,ii
23985,UP 1,33.006,91740,33399112.0,59.830659,1631260.9,419.3151263,IT=17;17 ,ii
23986,UP 1,31.616,91904,33341554.0,59.83477,1624386.0,419.3151209,IT=16;16 ,ii
23987,UP 1,33.321,89552,32636222.0,59.838932,1565358.8,419.3151179,IT=17;17 ,ii
23988,UP 1,30.902,91056,34092036.0,59.843028,1596477.5,419.3151476,IT=15;15 ,ii
23989,UP 1,31.438,87388,33011096.0,59.847172,1538182.0,419.3150614,IT=16;16 ,ii
23990,UP 1,32.669,89456,33621744.0,59.851326,1614016.5,419.31504,IT=16;16 ,ii
23991,UP 1,32.798,87748,32545434.0,59.855461,1616031.9,419.3151931,IT=16;16 ,ii
23992,UP 1,29.792,85808,33465642.0,59.859549,1595843.0,419.3152099,IT=15;15 ,ii
23993,UP 1,30.150,85196,33513018.0,59.863505,1608612.1,419.3151104,IT=15;15 ,ii
23994,UP 1,31.136,87156,33624124.0,59.867653,1649274.6,419.3151067,IT=16;16 ,ii
23995,UP 1,28.875,85304,33367282.0,59.871745,1602639.4,419.3150714,IT=14;14 ,ii
23996,UP 1,31.911,83940,32962726.0,59.875907,1605584.8,419.315195,IT=16;16 ,ii
23997,UP 1,28.565,83020,33404190.0,59.879811,1628338.4,419.3151171,IT=14;14 ,ii
23998,UP 1,28.958,82284,32801804.0,59.883932,1573646.9,419.3149366,IT=14;14 ,ii
23999,UP 1,31.066,87912,33603792.0,59.88808,1594517.0,419.3150429,IT=16;16 ,ii
24000,UP 1,29.602,87444,34005684.0,59.892182,1641797.0,419.3150897,IT=15;15 ,ii
24001,UP 1,29.948,83552,33010612.0,59.896142,1609814.9,419.3150823,IT=15;15 ,ii
24002,UP 1,31.711,86184,32484108.0,59.900297,1573674.4,419.3150807,IT=16;16 ,ii
24003,UP 1,30.179,83828,32464038.0,59.904401,1658800.6,419.3151438,IT=15;15 ,ii
24004,UP 1,31.794,86804,32490098.0,59.908555,1531131.5,419.3150603,IT=16;16 ,ii
24005,UP 1,30.313,85184,32614948.0,59.912503,1423963.9,419.315171,IT=15;15 ,ii
24006,UP 1,29.676,82396,32705842.0,59.916619,1491252.5,419.3150603,IT=15;15 ,ii
24007,UP 1,29.747,82156,32181974.0,59.920742,1493910.8,419.3150142,IT=15;15 ,ii
24008,UP 1,29.813,83260,32374846.0,59.924861,1497886.5,419.3149543,IT=15;15 ,ii
24009,UP 1,29.377,80880,32298462.0,59.928975,1467162.9,419.3150103,IT=15;15 ,ii
24010,UP 1,29.874,80964,31585860.0,59.932936,1448410.8,419.31506,IT=15;15 ,ii
24011,UP 1,29.839,82592,31753864.0,59.937061,1456649.1,419.3150199,IT=15;15 ,ii
24012,UP 1,30.297,81264,32000174.0,59.94119,1474866.9,419.3150562,IT=15;15 ,ii
24013,UP 1,29.748,82188,31445636.0,59.945313,1377103.9,419.3150737,IT=15;15 ,ii
24014,UP 1,30.242,82956,31615218.0,59.949269,1416608.2,419.3150863,IT=15;15 ,ii
24015,UP 1,30.497,82384,31009078.0,59.953394,1403228.9,419.3151319,IT=15;15 ,ii
24016,UP 1,30.942,84488,32089992.0,59.957523,1383919.0,419.3151206,IT=15;15 ,ii
24017,UP 1,29.664,80348,31502548.0,59.961636,1399659.0,419.3150501,IT=15;15 ,ii
24018,UP 1,29.715,85432,32243520.0,59.965756,1472694.4,419.3150337,IT=15;15 ,ii
24019,UP 1,28.629,83600,32264070.0,59.969859,1419364.9,419.3151172,IT=14;14 ,ii
24020,UP 1,29.854,80892,31449580.0,59.973996,1380479.4,419.3150013,IT=15;15 ,ii
24021,UP 1,30.036,80524,30898836.0,59.978119,1304738.5,419.3149912,IT=15;15 ,ii
24022,UP 1,30.089,79324,30750124.0,59.982244,1282673.2,419.3150619,IT=15;15 ,ii
24023,UP 1,29.643,79740,30150826.0,59.986192,1302452.6,419.3149967,IT=15;15 ,ii
24024,UP 1,30.656,80684,30447546.0,59.990327,1320073.2,419.3149567,IT=15;15 ,ii
24025,UP 1,30.124,82040,30824522.0,59.994442,1332233.5,419.3150139,IT=15;15 ,ii
24026,UP 1,30.145,83292,30710826.0,59.998569,1273151.0,419.3148985,IT=15;15 ,ii
24027,UP 1,30.294,80968,30188198.0,60.002523,1292599.8,419.3149408,IT=15;15 ,ii
24028,UP 1,30.084,80048,30692694.0,60.006656,1269745.9,419.3149591,IT=15;15 ,ii
24029,UP 1,29.899,79080,30016386.0,60.010781,1270514.2,419.3150446,IT=15;15 ,ii
24030,UP 1,30.579,80568,30229614.0,60.014919,1314929.9,419.3150793,IT=15;15 ,ii
24031,UP 1,31.837,81536,29579786.0,60.018902,1302839.2,419.3150621,IT=16;16 ,ii
24032,UP 1,31.030,77704,28693364.0,60.023023,1198353.9,419.3150386,IT=16;16 ,ii
24033,UP 1,31.051,79888,29501876.0,60.027152,1222340.5,419.3150335,IT=16;16 ,ii
24034,UP 1,30.741,78520,29390688.0,60.031275,1208820.0,419.3149992,IT=15;15 ,ii
24035,UP 1,31.362,76784,28659902.0,60.035243,1166652.4,419.3150327,IT=16;16 ,ii
24036,UP 1,29.629,81644,29924248.0,60.039177,1192662.1,419.3149764,IT=15;15 ,ii
24037,UP 1,32.676,80956,29229946.0,60.043356,1208597.0,419.3150001,IT=16;16 ,ii
24038,UP 1,30.758,78600,28719198.0,60.04746,1151948.4,419.3149811,IT=15;15 ,ii
24039,UP 1,30.399,77864,28753614.0,60.051583,1147210.5,419.3148944,IT=15;15 ,ii
24040,UP 1,31.701,76816,28111376.0,60.055562,1174969.8,419.3149405,IT=16;16 ,ii
24041,UP 1,32.870,78396,27774086.0,60.059718,1081109.2,419.3149096,IT=16;16 ,ii
24042,UP 1,30.751,74672,28034770.0,60.063825,1124434.8,419.3148971,IT=15;15 ,ii
24043,UP 1,33.068,82096,28070508.0,60.067989,1115308.1,419.3149843,IT=17;17 ,ii
24044,UP 1,33.742,77736,27664834.0,60.07197,1082781.0,419.3148862,IT=17;17 ,ii
24045,UP 1,31.480,79748,27952854.0,60.076079,1124685.1,419.3148993,IT=16;16 ,ii
24046,UP 1,31.376,79924,28927774.0,60.080208,1130824.5,419.3149173,IT=16;16 ,ii
24047,UP 1,31.839,76148,27099076.0,60.084354,1096519.4,419.3149079,IT=16;16 ,ii
24048,UP 1,31.758,76576,27362654.0,60.088312,1060592.6,419.3148796,IT=16;16 ,ii
24049,UP 1,35.047,78224,26596702.0,60.092501,1018543.2,419.315058,IT=18;18 ,ii
24050,UP 1,33.826,77556,27043848.0,60.096628,1065288.5,419.3149119,IT=17;17 ,ii
24051,UP 1,31.970,79084,27864230.0,60.100743,1092100.8,419.3149413,IT=16;16 ,ii
24052,UP 1,33.272,75916,26914216.0,60.104899,1040265.1,391.283648,IT=17;17 ,ii
24053,UP 1,33.256,75212,26518418.0,60.108872,1051620.4,391.2835914,IT=17;17 ,ii
24054,UP 1,33.163,75344,26453702.0,60.113014,1017217.7,391.2836666,IT=17;17 ,ii
24055,UP 1,32.794,74352,26279444.0,60.117149,1027266.6,391.2836643,IT=16;16 ,ii
24056,UP 1,33.270,77128,26736824.0,60.121299,1037070.1,391.2836536,IT=17;17 ,ii
24057,UP 1,34.849,77004,26406376.0,60.125297,1027916.6,391.2836648,IT=17;17 ,ii
24058,UP 1,33.803,75880,26311818.0,60.129432,1092335.2,391.2835875,IT=17;17 ,ii
24059,UP 1,34.647,73020,25464448.0,60.133591,1045494.8,391.2836889,IT=17;17 ,ii
24060,UP 1,33.896,73380,25775050.0,60.13773,1073569.1,391.2835272,IT=17;17 ,ii
24061,UP 1,35.025,77428,25757996.0,60.141722,1043839.8,391.283628,IT=18;18 ,ii
24062,UP 1,33.461,80256,28035746.0,60.145845,1138623.4,419.3150077,IT=17;17 ,ii
24063,UP 1,35.527,79244,25667062.0,60.150022,989958.81,391.2835635,IT=18;18 ,ii
24064,UP 1,33.799,77148,25731542.0,60.154145,1064885.5,391.2836032,IT=17;17 ,ii
24065,UP 1,37.020,74240,23538260.0,60.158343,992071.69,391.283681,IT=19;19 ,ii
24066,UP 1,35.813,73728,25168044.0,60.162311,1081932.1,391.2836497,IT=18;18 ,ii
24067,UP 1,35.566,74120,24563228.0,60.166466,1034516.8,391.2836566,IT=18;18 ,ii
24068,UP 1,35.734,72600,23537698.0,60.170622,1049095.2,391.2836895,IT=18;18 ,ii
24069,UP 1,34.110,72208,24316134.0,60.174788,1074114.6,391.2836588,IT=17;17 ,ii
24070,UP 1,35.924,74736,24400848.0,60.178795,1090361.1,391.2835805,IT=18;18 ,ii
24071,UP 1,37.337,74584,23612944.0,60.182972,993580.81,391.2836951,IT=19;19 ,ii
24072,UP 1,37.066,76188,24590852.0,60.187145,1063607.0,391.2836077,IT=19;19 ,ii
24073,UP 1,36.589,71884,23618978.0,60.191315,1028789.9,391.2836533,IT=18;18 ,ii
24074,UP 1,35.176,73884,24093316.0,60.195297,1048393.8,391.2836248,IT=18;18 ,ii
24075,UP 1,36.900,71920,23219764.0,60.199472,1046727.2,391.283712,IT=18;18 ,ii
24076,UP 1,36.198,71260,23324144.0,60.203622,1048302.4,391.2836783,IT=18;18 ,ii
24077,UP 1,40.514,75956,22400554.0,60.207859,1000122.3,391.2836995,IT=20;20 ,ii
24078,UP 1,37.815,75908,23952384.0,60.212005,1086541.6,391.2837217,IT=19;19 ,ii
24079,UP 1,36.929,76396,23736776.0,60.216167,1047717.4,391.283664,IT=18;18 ,ii
24080,UP 1,36.582,70608,23285458.0,60.220332,1090040.2,391.2836633,IT=18;18 ,ii
24081,UP 1,37.679,72960,23058026.0,60.224517,1045482.1,391.2836888,IT=19;19 ,ii
24082,UP 1,38.685,70904,22600230.0,60.228723,1104339.9,391.2836931,IT=19;19 ,ii
24083,UP 1,37.000,69792,22179150.0,60.232709,1099731.4,391.2836809,IT=18;18 ,ii
24084,UP 1,38.801,74656,22848710.0,60.236907,1018845.2,391.2836081,IT=19;19 ,ii
24085,UP 1,37.692,72176,22489502.0,60.241069,1090410.9,391.2836366,IT=19;19 ,ii
24086,UP 1,37.573,73156,22945220.0,60.245244,1125907.8,391.2836665,IT=19;19 ,ii
24087,UP 1,40.351,74036,22147254.0,60.249463,1041554.2,391.2836367,IT=20;20 ,ii
24088,UP 1,39.477,70852,21604242.0,60.253457,1082962.6,391.2837362,IT=20;20 ,ii
24089,UP 1,39.160,70764,22068598.0,60.257727,1100867.2,391.283725,IT=20;20 ,ii
24090,UP 1,36.765,73336,23911800.0,60.261869,1078371.4,391.2836699,IT=18;18 ,ii
24091,UP 1,39.194,71388,22230574.0,60.266077,1047274.2,391.2837212,IT=20;20 ,ii
24092,UP 1,39.952,74404,22311492.0,60.270102,1041588.8,391.2836625,IT=20;20 ,ii
24093,UP 1,37.853,69696,21299566.0,60.274238,1074920.8,391.2837129,IT=19;19 ,ii
24094,UP 1,41.826,73068,21197658.0,60.278469,1088451.4,391.2836295,IT=21;21 ,ii
24095,UP 1,38.790,67940,20797644.0,60.2826,1072700.2,391.2836189,IT=19;19 ,ii
24096,UP 1,39.376,71668,21530474.0,60.286782,1053643.0,391.2836445,IT=20;20 ,ii
24097,UP 1,40.512,71248,21488428.0,60.290796,1052584.9,391.2836327,IT=20;20 ,ii
24098,UP 1,39.159,71408,21426720.0,60.29494,1062908.9,391.2836492,IT=20;20 ,ii
24099,UP 1,39.458,69344,21100832.0,60.299119,1091538.2,391.2837225,IT=20;20 ,ii
24100,UP 1,38.509,66944,21291908.0,60.303273,1129215.6,391.2836787,IT=19;19 ,ii
24101,UP 1,40.232,69948,20876136.0,60.307304,1075976.5,391.283738,IT=20;20 ,ii
24102,UP 1,40.674,68804,20629136.0,60.311496,1055342.8,391.2837661,IT=20;20 ,ii
24103,UP 1,40.473,70524,20527178.0,60.315675,1107986.4,391.2838385,IT=20;20 ,ii
24104,UP 1,40.183,67332,20369890.0,60.31986,1143235.0,391.2837726,IT=20;20 ,ii
24105,UP 1,42.965,71748,20439322.0,60.324091,1056439.6,391.283768,IT=21;21 ,ii
24106,UP 1,43.178,72028,20542868.0,60.328104,1060520.8,391.2837058,IT=22;22 ,ii
24107,UP 1,42.229,66912,19334798.0,60.332264,1074375.2,391.2838346,IT=21;21 ,ii
24108,UP 1,41.931,69600,20394984.0,60.336443,1094937.4,391.2837966,IT=21;21 ,ii
24109,UP 1,41.560,69360,20081032.0,60.340758,1061447.6,391.2838125,IT=21;21 ,ii
24110,UP 1,42.034,69300,19898930.0,60.34495,1072791.8,391.2838789,IT=21;21 ,ii
24111,UP 1,41.223,66836,19613996.0,60.348937,1081791.2,391.2838367,IT=21;21 ,ii
24112,UP 1,41.430,68916,20145390.0,60.353118,1073062.2,391.2838359,IT=21;21 ,ii
24113,UP 1,42.920,73352,20727702.0,60.357327,1054421.9,391.2837605,IT=21;21 ,ii
24114,UP 1,41.562,65632,19158646.0,60.361489,1132191.9,391.2838631,IT=21;21 ,ii
24115,UP 1,42.672,65704,18589294.0,60.36552,1068555.8,391.2838629,IT=21;21 ,ii
24116,UP 1,43.295,65428,18769878.0,60.369706,1082041.1,391.2838276,IT=22;22 ,ii
24117,UP 1,44.268,67124,18880378.0,60.373904,1098550.5,391.2837373,IT=22;22 ,ii
24118,UP 1,42.740,65888,18868526.0,60.378062,1054122.1,391.2837667,IT=21;21 ,ii
24119,UP 1,44.116,69084,19187438.0,60.382264,1088576.1,391.2837534,IT=22;22 ,ii
24120,UP 1,43.637,66128,19246330.0,60.386266,1083974.9,391.2837774,IT=22;22 ,ii
24121,UP 1,42.909,65584,18869064.0,60.390426,1065869.8,391.2838917,IT=21;21 ,ii
24122,UP 1,44.423,67868,18853694.0,60.394629,1081229.6,391.2839049,IT=22;22 ,ii
24123,UP 1,43.685,65740,18677510.0,60.398791,1057022.5,391.2839132,IT=22;22 ,ii
24124,UP 1,44.538,64968,18904294.0,60.402806,1144946.1,391.2838188,IT=22;22 ,ii
24125,UP 1,43.313,63928,18783428.0,60.406958,1111903.2,391.2838813,IT=22;22 ,ii
24126,UP 1,45.497,70700,19355536.0,60.41117,1106792.6,391.2839139,IT=23;23 ,ii
24127,UP 1,42.268,63928,18161392.0,60.415293,1081656.5,391.2839429,IT=21;21 ,ii
24128,UP 1,42.686,68300,18857302.0,60.419305,1104323.1,391.2839294,IT=21;21 ,ii
24129,UP 1,44.209,65244,18129142.0,60.42352,1090435.9,391.2839236,IT=22;22 ,ii
24130,UP 1,44.693,67404,18713966.0,60.427707,1142899.0,391.2838992,IT=22;22 ,ii
24131,UP 1,43.578,64708,17849512.0,60.431872,1100908.5,391.2839087,IT=22;22 ,ii
24132,UP 1,45.720,62188,17162088.0,60.436095,1061789.4,391.2839088,IT=23;23 ,ii
24133,UP 1,45.140,63612,17486008.0,60.440099,1126572.5,391.283884,IT=23;23 ,ii
24134,UP 1,45.926,66844,18355490.0,60.444297,1113985.8,391.2838141,IT=23;23 ,ii
24135,UP 1,47.573,64060,17059290.0,60.448516,1099007.5,391.2839444,IT=24;24 ,ii
24136,UP 1,46.504,66772,17809292.0,60.452686,1084638.4,391.2838981,IT=23;23 ,ii
24137,UP 1,48.542,65012,17567194.0,60.456728,1083758.0,391.2838106,IT=24;24 ,ii
24138,UP 1,44.505,61244,17512052.0,60.460859,1135036.6,391.2838925,IT=22;22 ,ii
24139,UP 1,48.562,66504,17480142.0,60.465105,1061226.5,391.2838306,IT=24;24 ,ii
24140,UP 1,45.990,60648,16843900.0,60.469247,1153150.5,391.2838991,IT=23;23 ,ii
24141,UP 1,44.861,62688,17514558.0,60.473411,1139349.2,391.2838561,IT=22;22 ,ii
24142,UP 1,47.081,63900,17912676.0,60.477457,1070502.6,391.2839176,IT=24;24 ,ii
24143,UP 1,46.240,64288,17458396.0,60.481628,1156298.6,391.2838856,IT=23;23 ,ii
24144,UP 1,48.216,65084,17053830.0,60.485851,1070156.0,391.2839515,IT=24;24 ,ii
24145,UP 1,44.929,60908,17149524.0,60.489986,1118403.0,391.2839071,IT=22;22 ,ii
24146,UP 1,47.436,64120,17491596.0,60.494042,1089273.5,391.2838481,IT=24;24 ,ii
24147,UP 1,46.669,65924,17418712.0,60.498219,1134762.6,391.2838071,IT=23;23 ,ii
24148,UP 1,45.832,64592,17126660.0,60.502388,1122022.9,391.2838939,IT=23;23 ,ii
24149,UP 1,47.694,61360,16335150.0,60.506605,1128901.0,391.2839024,IT=24;24 ,ii
24150,UP 1,47.362,61396,16914464.0,60.511026,1140606.8,391.2838223,IT=24;24 ,ii
24151,UP 1,47.766,62376,16821400.0,60.515207,1137766.4,391.2838611,IT=24;24 ,ii
24152,UP 1,46.144,59224,16523042.0,60.519353,1112575.1,391.283846,IT=23;23 ,ii
24153,UP 1,45.873,64612,17099492.0,60.523524,1176640.9,391.2839563,IT=23;23 ,ii
24154,UP 1,48.266,62540,16941134.0,60.527732,1136343.2,391.2839188,IT=24;24 ,ii
24155,UP 1,50.000,61056,16156133.0,60.531932,1107186.1,391.2839605,IT=25;25 ,ii
24156,UP 1,49.045,62744,16793928.0,60.535917,1132074.5,391.2839052,IT=25;25 ,ii
24157,UP 1,47.309,64212,16812354.0,60.540061,1128697.2,391.2839759,IT=24;24 ,ii
24158,UP 1,47.609,60808,16383308.0,60.54424,1151187.2,391.2839544,IT=24;24 ,ii
24159,UP 1,48.686,59736,16248278.0,60.548432,1111062.5,391.2838912,IT=24;24 ,ii
24160,UP 1,48.565,58744,15939585.0,60.552598,1158892.9,391.2839316,IT=24;24 ,ii
24161,UP 1,50.000,57444,15545780.0,60.556794,1121268.6,391.2839824,IT=25;25 ,ii
24162,UP 1,47.828,62976,16647772.0,60.560936,1164485.2,391.2839346,IT=24;24 ,ii
24163,UP 1,46.322,58360,16392387.0,60.565082,1156204.2,391.2839549,IT=23;23 ,ii
24164,UP 1,49.479,62784,16086064.0,60.569309,1140436.6,391.2840044,IT=25;25 ,ii
24165,UP 1,50.000,59344,15476645.0,60.573315,1139787.8,391.2839226,IT=25;25 ,ii
24166,UP 1,49.963,57456,15311861.0,60.577481,1124676.4,391.2840491,IT=25;25 ,ii
24167,UP 1,50.000,57076,15533094.0,60.58165,1127344.8,391.2839711,IT=25;25 ,ii
24168,UP 1,48.840,59904,16363447.0,60.585798,1157862.2,391.2839271,IT=24;24 ,ii
24169,UP 1,50.000,59036,15519469.0,60.589819,1099211.5,391.2840305,IT=25;25 ,ii
24170,UP 1,49.642,57564,14824908.0,60.594269,1080875.4,391.2840812,IT=25;25 ,ii
24171,UP 1,50.000,60904,15569199.0,60.598448,1104399.6,391.2839908,IT=25;25 ,ii
24172,UP 1,49.460,58556,15355595.0,60.602604,1115921.6,391.2839948,IT=25;25 ,ii
24173,UP 1,50.000,58240,15376688.0,60.606785,1177868.5,391.2839949,IT=25;25 ,ii
24174,UP 1,50.000,58256,16023905.0,60.610794,1147729.9,391.2839578,IT=25;25 ,ii
24175,UP 1,50.000,55780,14883930.0,60.614956,1161033.6,391.2840397,IT=25;25 ,ii
24176,UP 1,50.000,57608,15043603.0,60.619125,1158767.9,391.2841162,IT=25;25 ,ii
24177,UP 1,50.000,60568,15929013.0,60.623292,1183911.2,391.2840147,IT=25;25 ,ii
24178,UP 1,50.000,54736,14246762.0,60.627289,1110426.9,391.2841527,IT=25;25 ,ii
24179,UP 1,50.000,54680,14393168.0,60.631458,1151538.6,391.2840411,IT=25;25 ,ii
24180,UP 1,49.619,58116,15534833.0,60.635635,1162999.5,391.284,IT=25;25 ,ii
24181,UP 1,50.000,55456,14711194.0,60.639808,1133615.9,391.2840695,IT=25;25 ,ii
24182,UP 1,50.000,55604,14223510.0,60.643979,1097224.1,391.2841507,IT=25;25 ,ii
24183,UP 1,50.000,56384,15017160.0,60.647977,1099890.1,391.2840793,IT=25;25 ,ii
24184,UP 1,50.000,57004,14707332.0,60.652148,1137607.0,391.2840993,IT=25;25 ,ii
24185,UP 1,50.000,56028,14550105.0,60.656327,1166101.4,391.2840688,IT=25;25 ,ii
24186,UP 1,50.000,54808,14480028.0,60.66051,1154693.2,391.284021,IT=25;25 ,ii
24187,UP 1,50.000,56448,15130096.0,60.664518,1166585.8,391.2840572,IT=25;25 ,ii
24188,UP 1,50.000,54856,14828588.0,60.668695,1189214.5,391.2840671,IT=25;25 ,ii
24189,UP 1,50.000,54156,14153117.0,60.672875,1122524.5,391.2841109,IT=25;25 ,ii
24190,UP 1,50.000,53464,14646206.0,60.677333,1124796.8,391.2840186,IT=25;25 ,ii
24191,UP 1,50.000,57248,15026872.0,60.681512,1107561.5,391.2839855,IT=25;25 ,ii
24192,UP 1,50.000,52932,14113098.0,60.685514,1143571.1,391.2839669,IT=25;25 ,ii
24193,UP 1,50.000,55412,14778019.0,60.689681,1147113.0,391.2839857,IT=25;25 ,ii
24194,UP 1,50.000,51832,13834874.0,60.69386,1133389.1,391.2840133,IT=25;25 ,ii
24195,UP 1,50.000,53892,14326794.0,60.698041,1148830.1,391.2839398,IT=25;25 ,ii
24196,UP 1,50.000,53904,14071535.0,60.702051,1155374.6,391.2840277,IT=25;25 ,ii
24197,UP 1,50.000,51960,13932715.0,60.706231,1123216.4,391.2839576,IT=25;25 ,ii
24198,UP 1,50.000,56028,14483960.0,60.71041,1141031.4,391.2838713,IT=25;25 ,ii
24199,UP 1,50.000,52984,13891618.0,60.714587,1114439.6,391.2840025,IT=25;25 ,ii
24200,UP 1,50.000,50256,13470009.0,60.71877,1132637.5,391.2839998,IT=25;25 ,ii
24201,UP 1,50.000,50508,13617398.0,60.722772,1118954.5,391.2839306,IT=25;25 ,ii
24202,UP 1,50.000,54232,14429635.0,60.726937,1144689.4,391.2839636,IT=25;25 ,ii
24203,UP 1,50.000,50588,13517336.0,60.731101,1145070.2,391.2840045,IT=25;25 ,ii
24204,UP 1,50.000,52520,13835283.0,60.735268,1182898.2,391.2839613,IT=25;25 ,ii
24205,UP 1,50.000,51360,14004797.0,60.739266,1157629.6,391.2839883,IT=25;25 ,ii
24206,UP 1,50.000,49076,13410692.0,60.743441,1121668.6,391.2838867,IT=25;25 ,ii
24207,UP 1,50.000,52412,13620018.0,60.74762,1134802.8,391.2840374,IT=25;25 ,ii
24208,UP 1,50.000,49132,13497296.0,60.751791,1149739.1,391.2840008,IT=25;25 ,ii
24209,UP 1,50.000,48908,13218274.0,60.755964,1169462.5,391.2840486,IT=25;25 ,ii
24210,UP 1,50.000,47352,12890055.0,60.760418,1162775.9,391.2840946,IT=25;25 ,ii
24211,UP 1,50.000,54072,14272861.0,60.764586,1146510.6,391.2840198,IT=25;25 ,ii
24212,UP 1,50.000,51140,13391586.0,60.768759,1142718.1,391.284107,IT=25;25 ,ii
24213,UP 1,50.000,50264,13412952.0,60.772934,1147027.5,391.2840212,IT=25;25 ,ii
24214,UP 1,50.000,52964,13499626.0,60.776932,1159735.0,391.2838981,IT=25;25 ,ii
24215,UP 1,50.000,50740,13185003.0,60.781097,1138667.1,391.2840814,IT=25;25 ,ii
24216,UP 1,50.000,48520,13113801.0,60.785265,1231844.8,391.2840553,IT=25;25 ,ii
24217,UP 1,50.000,47196,12939916.0,60.789434,1199220.1,391.2840811,IT=25;25 ,ii
24218,UP 1,50.000,46580,12698192.0,60.793603,1131438.9,391.284054,IT=25;25 ,ii
24219,UP 1,50.000,44384,12415252.0,60.797605,1134870.9,391.2841482,IT=25;25 ,ii
24220,UP 1,50.000,48920,12837620.0,60.801772,1164019.0,391.284046,IT=25;25 ,ii
24221,UP 1,50.000,50156,13003448.0,60.805942,1136007.9,391.2840494,IT=25;25 ,ii
24222,UP 1,50.000,46280,12358828.0,60.810115,1128903.1,391.2839973,IT=25;25 ,ii
24223,UP 1,50.000,45848,12450561.0,60.814122,1144138.8,391.2841517,IT=25;25 ,ii
24224,UP 1,50.000,45936,12295468.0,60.818292,1201239.2,391.28419,IT=25;25 ,ii
24225,UP 1,50.000,44648,12488392.0,60.822457,1216223.8,391.2841366,IT=25;25 ,ii
24226,UP 1,50.000,45260,12286404.0,60.826624,1130133.8,391.2841698,IT=25;25 ,ii
24227,UP 1,50.000,47208,12395725.0,60.830799,1182403.5,391.284159,IT=25;25 ,ii
24228,UP 1,50.000,46524,12370501.0,60.834799,1115434.4,391.2840581,IT=25;25 ,ii
24229,UP 1,50.000,47668,12477846.0,60.838959,1099516.8,391.2840018,IT=25;25 ,ii
24230,UP 1,50.000,45004,12237610.0,60.84343,1152428.6,391.2840442,IT=25;25 ,ii
24231,UP 1,50.000,41256,11799935.0,60.847605,1167655.8,391.2840723,IT=25;25 ,ii
24232,UP 1,50.000,44972,12218327.0,60.851607,1172802.8,391.2839869,IT=25;25 ,ii
24233,UP 1,50.000,44956,12717759.0,60.855771,1175923.4,391.2840022,IT=25;25 ,ii
24234,UP 1,50.000,44220,12003540.0,60.859952,1188593.5,391.2840379,IT=25;25 ,ii
24235,UP 1,50.000,44392,12114232.0,60.864142,1198128.8,391.284021,IT=25;25 ,ii
24236,UP 1,50.000,43856,12551702.0,60.868315,1226607.5,391.2839577,IT=25;25 ,ii
24237,UP 1,50.000,44516,12392825.0,60.872325,1144612.1,391.2839883,IT=25;25 ,ii
24238,UP 1,50.000,43076,11957942.0,60.876494,1204695.9,391.2840135,IT=25;25 ,ii
24239,UP 1,50.000,44536,12166478.0,60.880671,1149738.2,391.2840361,IT=25;25 ,ii
24240,UP 1,50.000,45032,12273456.0,60.884848,1181694.9,391.2841147,IT=25;25 ,ii
24241,UP 1,50.000,44252,12200629.0,60.888858,1181665.1,391.284108,IT=25;25 ,ii
24242,UP 1,50.000,45728,12503699.0,60.89304,1213911.9,391.2840497,IT=25;25 ,ii
24243,UP 1,50.000,42712,11612926.0,60.897221,1142637.5,391.2842047,IT=25;25 ,ii
24244,UP 1,50.000,42104,11929068.0,60.9014,1240261.9,391.28411,IT=25;25 ,ii
24245,UP 1,50.000,42236,12059278.0,60.905579,1216261.6,391.2840842,IT=25;25 ,ii
24246,UP 1,50.000,42240,11846493.0,60.909592,1189894.6,391.2842016,IT=25;25 ,ii
24247,UP 1,50.000,41536,12047698.0,60.91376,1247465.1,391.2841032,IT=25;25 ,ii
24248,UP 1,50.000,43012,12117371.0,60.917929,1250637.5,391.2841658,IT=25;25 ,ii
24249,UP 1,50.000,39692,11720829.0,60.922102,1181629.1,391.2841898,IT=25;25 ,ii
24250,UP 1,50.000,41976,11765059.0,60.926565,1234312.2,391.2841833,IT=25;25 ,ii
24251,UP 1,50.000,42700,11781675.0,60.930733,1181508.0,391.2841469,IT=25;25 ,ii
24252,UP 1,50.000,42180,11715407.0,60.934902,1159754.2,391.2841486,IT=25;25 ,ii
24253,UP 1,50.000,41192,11664971.0,60.939071,1198341.8,391.2840769,IT=25;25 ,ii
24254,UP 1,50.000,41812,11813192.0,60.943239,1222115.0,391.2841031,IT=25;25 ,ii
24255,UP 1,50.000,42056,11545950.0,60.947241,1184622.1,391.2841018,IT=25;25 ,ii
24256,UP 1,50.000,40988,11739682.0,60.95141,1232913.9,391.2841024,IT=25;25 ,ii
24257,UP 1,50.000,38564,11462595.0,60.955579,1229613.2,391.2841404,IT=25;25 ,ii
24258,UP 1,50.000,41492,11872312.0,60.959748,1249832.1,391.2840521,IT=25;25 ,ii
24259,UP 1,50.000,40892,11653882.0,60.963916,1237682.1,391.284216,IT=25;25 ,ii
24260,UP 1,50.000,39596,11646550.0,60.968083,1231153.6,391.2841608,IT=25;25 ,ii
24261,UP 1,50.000,40300,11216538.0,60.972254,1156966.1,391.2842058,IT=25;25 ,ii
24262,UP 1,50.000,42272,11725924.0,60.976423,1249722.2,391.2842215,IT=25;25 ,ii
24263,UP 1,50.000,41544,11684513.0,60.980589,1238383.8,391.2841116,IT=25;25 ,ii
24264,UP 1,50.000,40412,11421461.0,60.984589,1241748.9,391.2842396,IT=25;25 ,ii
24265,UP 1,50.000,38284,11585073.0,60.988756,1304470.4,391.2841017,IT=25;25 ,ii
24266,UP 1,50.000,39748,11690191.0,60.992927,1244127.8,391.284148,IT=25;25 ,ii
24267,UP 1,50.000,42164,11922963.0,60.997097,1268660.6,391.2841632,IT=25;25 ,ii
24268,UP 1,50.000,36816,11504399.0,61.001268,1277887.5,391.2841088,IT=25;25 ,ii
24269,UP 1,50.000,38072,11510297.0,61.005268,1286091.1,391.2841046,IT=25;25 ,ii
24270,UP 1,50.000,41188,11233060.0,61.009731,1198138.4,391.2841806,IT=25;25 ,ii
24271,UP 1,50.000,37860,11378095.0,61.013897,1259203.8,391.2841287,IT=25;25 ,ii
24272,UP 1,50.000,38472,11531345.0,61.018066,1290008.9,391.2840622,IT=25;25 ,ii
24273,UP 1,50.000,37012,11495632.0,61.022064,1271278.9,391.2840409,IT=25;25 ,ii
24274,UP 1,50.000,38220,11403213.0,61.026233,1273575.2,391.2841382,IT=25;25 ,ii
24275,UP 1,50.000,37948,11349693.0,61.030399,1291955.4,391.2841473,IT=25;25 ,ii
24276,UP 1,50.000,36216,11034558.0,61.034568,1218338.8,391.2842185,IT=25;25 ,ii
24277,UP 1,50.000,35280,11202438.0,61.038735,1293641.8,391.2841206,IT=25;25 ,ii
24278,UP 1,50.000,37100,11258003.0,61.042739,1236512.5,391.2841954,IT=25;25 ,ii
24279,UP 1,50.000,37404,11263383.0,61.046905,1303152.0,391.284196,IT=25;25 ,ii
24280,UP 1,50.000,36664,11534986.0,61.051074,1373383.4,391.2842192,IT=25;25 ,ii
24281,UP 1,50.000,37264,11122417.0,61.055241,1284429.5,391.2841531,IT=25;25 ,ii
24282,UP 1,50.000,38984,11450343.0,61.059239,1279017.8,391.2841266,IT=25;25 ,ii
24283,UP 1,50.000,35648,11263798.0,61.063407,1278481.5,391.2842003,IT=25;25 ,ii
24284,UP 1,50.000,40224,11500761.0,61.067587,1274018.1,391.2841747,IT=25;25 ,ii
24285,UP 1,50.000,38320,11410583.0,61.071764,1241505.2,391.2841891,IT=25;25 ,ii
24286,UP 1,50.000,35044,11200950.0,61.075945,1275302.2,391.2842215,IT=25;25 ,ii
24287,UP 1,50.000,38548,11553271.0,61.079955,1307810.8,391.284094,IT=25;25 ,ii
24288,UP 1,50.000,37776,11279124.0,61.084126,1286438.9,391.2841788,IT=25;25 ,ii
24289,UP 1,50.000,37020,11454375.0,61.088309,1308915.0,391.2841193,IT=25;25 ,ii
24290,UP 1,50.000,36184,11290052.0,61.092763,1309905.4,391.2841197,IT=25;25 ,ii
24291,UP 1,50.000,37576,11691063.0,61.096943,1344840.0,391.2840894,IT=25;25 ,ii
24292,UP 1,50.000,38252,11457164.0,61.101113,1296187.0,391.2840978,IT=25;25 ,ii
24293,UP 1,50.000,34568,11386214.0,61.105282,1323013.6,391.2841508,IT=25;25 ,ii
24294,UP 1,50.000,37456,11268954.0,61.109453,1331080.5,391.2842538,IT=25;25 ,ii
24295,UP 1,50.000,35752,11253164.0,61.113628,1310273.5,391.2841783,IT=25;25 ,ii
24296,UP 1,50.000,37216,11128846.0,61.117628,1271301.0,391.2841899,IT=25;25 ,ii
24297,UP 1,50.000,37552,11356971.0,61.121794,1333233.1,391.2841335,IT=25;25 ,ii
24298,UP 1,50.000,35068,11095113.0,61.125965,1298909.2,391.2841419,IT=25;25 ,ii
24299,UP 1,50.000,38204,11437186.0,61.130138,1302535.4,391.2842141,IT=25;25 ,ii
24300,UP 1,50.000,35536,10880552.0,61.134313,1274120.1,391.2842076,IT=25;25 ,ii
24301,UP 1,50.000,38944,11233862.0,61.138476,1293418.6,391.2841953,IT=25;25 ,ii
24302,UP 1,50.000,38584,11169279.0,61.142644,1281194.4,391.2842224,IT=25;25 ,ii
24303,UP 1,50.000,33800,10589112.0,61.146811,1225160.8,391.284109,IT=25;25 ,ii
24304,UP 1,50.000,34688,11117221.0,61.150978,1340547.5,391.2842024,IT=25;25 ,ii
24305,UP 1,50.000,36548,10893370.0,61.154978,1280909.6,391.2841852,IT=25;25 ,ii
24306,UP 1,50.000,37192,11267437.0,61.159144,1310894.8,391.2842933,IT=25;25 ,ii
24307,UP 1,50.000,36988,11188514.0,61.163313,1329175.8,391.2841183,IT=25;25 ,ii
24308,UP 1,50.000,34416,11067414.0,61.167484,1340852.6,391.2840644,IT=25;25 ,ii
24309,UP 1,50.000,34920,11099230.0,61.171492,1300387.5,391.2840932,IT=25;25 ,ii
24310,UP 1,50.000,36132,10946737.0,61.175965,1269605.6,391.2841846,IT=25;25 ,ii
24311,UP 1,50.000,34440,11185628.0,61.180136,1347570.5,391.2840968,IT=25;25 ,ii
24312,UP 1,50.000,38156,11367311.0,61.184309,1345915.6,391.2841583,IT=25;25 ,ii
24313,UP 1,50.000,34760,10957976.0,61.188473,1300839.9,391.284149,IT=25;25 ,ii
24314,UP 1,50.000,35444,11416252.0,61.192477,1366833.2,391.2840776,IT=25;25 ,ii
24315,UP 1,50.000,31984,10806146.0,61.196644,1298025.5,391.2840846,IT=25;25 ,ii
24316,UP 1,50.000,35364,11242132.0,61.200821,1378213.1,391.2840893,IT=25;25 ,ii
24317,UP 1,50.000,36096,11450235.0,61.204994,1366188.5,391.2840866,IT=25;25 ,ii
24318,UP 1,50.000,36052,11179726.0,61.208992,1339331.1,391.2842382,IT=25;25 ,ii
24319,UP 1,50.000,34656,10999605.0,61.213152,1307712.5,391.2841742,IT=25;25 ,ii
24320,UP 1,50.000,34408,11403689.0,61.217323,1374414.9,391.2840518,IT=25;25 ,ii
24321,UP 1,50.000,36752,11349110.0,61.221494,1324527.1,391.2840554,IT=25;25 ,ii
24322,UP 1,50.000,35384,10969417.0,61.225663,1284589.2,391.2841745,IT=25;25 ,ii
24323,UP 1,50.000,33328,10734274.0,61.229663,1299937.6,391.2841154,IT=25;25 ,ii
24324,UP 1,50.000,35648,11360934.0,61.233833,1392454.9,391.2841005,IT=25;25 ,ii
24325,UP 1,50.000,37156,11330706.0,61.23801,1369196.4,391.2840419,IT=25;25 ,ii
24326,UP 1,50.000,35752,11272431.0,61.242194,1366274.1,391.2840728,IT=25;25 ,ii
24327,UP 1,50.000,35956,11298890.0,61.246202,1421253.1,391.2841123,IT=25;25 ,ii
24328,UP 1,50.000,34168,11230610.0,61.250385,1377077.9,391.2840344,IT=25;25 ,ii
24329,UP 1,50.000,33552,11139179.0,61.254564,1376966.5,391.2841013,IT=25;25 ,ii
24330,UP 1,50.000,32064,10932020.0,61.259035,1332916.4,391.284128,IT=25;25 ,ii
24331,UP 1,50.000,31088,11005172.0,61.263204,1354463.6,391.284108,IT=25;25 ,ii
24332,UP 1,50.000,34440,11380923.0,61.267202,1388922.9,391.2840521,IT=25;25 ,ii
24333,UP 1,50.000,40336,11225779.0,61.271373,1302753.1,391.2841782,IT=25;25 ,ii
24334,UP 1,50.000,34464,11346649.0,61.27555,1402405.8,391.2840158,IT=25;25 ,ii
24335,UP 1,50.000,33868,10711934.0,61.279727,1275128.4,391.2841711,IT=25;25 ,ii
24336,UP 1,50.000,33012,10787715.0,61.283737,1288168.5,391.2841236,IT=25;25 ,ii
24337,UP 1,50.000,32276,10922220.0,61.287752,1366076.9,391.2841154,IT=25;25 ,ii
24338,UP 1,50.000,32964,11243916.0,61.291937,1420878.8,391.2840971,IT=25;25 ,ii
24339,UP 1,50.000,32684,10947121.0,61.296116,1310097.0,391.2840913,IT=25;25 ,ii
24340,UP 1,50.000,32260,11071900.0,61.3003,1430298.4,391.2840726,IT=25;25 ,ii
24341,UP 1,50.000,31988,10895756.0,61.304479,1318439.4,391.284133,IT=25;25 ,ii
24342,UP 1,50.000,31456,10906514.0,61.308647,1340230.1,391.2841354,IT=25;25 ,ii
24343,UP 1,50.000,32084,10933324.0,61.312822,1332981.5,391.2840726,IT=25;25 ,ii
24344,UP 1,50.000,34916,11482175.0,61.316995,1419819.5,391.2840852,IT=25;25 ,ii
24345,UP 1,50.000,30392,11110609.0,61.321158,1397589.5,391.284102,IT=25;25 ,ii
24346,UP 1,50.000,35308,11661171.0,61.32516,1458719.6,391.2840576,IT=25;25 ,ii
24347,UP 1,50.000,33268,11394347.0,61.329331,1426457.4,391.2841188,IT=25;25 ,ii
24348,UP 1,50.000,34128,10816809.0,61.333508,1335557.8,391.2842702,IT=25;25 ,ii
24349,UP 1,50.000,34152,10984102.0,61.337674,1342107.5,391.2842407,IT=25;25 ,ii
24350,UP 1,50.000,33124,11172765.0,61.342141,1426276.1,391.2841981,IT=25;25 ,ii
24351,UP 1,50.000,33200,11189920.0,61.346316,1403981.1,391.2841504,IT=25;25 ,ii
24352,UP 1,50.000,34940,11640766.0,61.350481,1434219.9,391.284134,IT=25;25 ,ii
24353,UP 1,50.000,33472,11233789.0,61.354649,1404489.6,391.2841295,IT=25;25 ,ii
24354,UP 1,50.000,31108,11004429.0,61.35882,1389060.0,391.2842254,IT=25;25 ,ii
24355,UP 1,50.000,32120,11013128.0,61.362822,1329049.8,391.2839756,IT=25;25 ,ii
24356,UP 1,50.000,30468,11198046.0,61.366995,1448209.9,391.2841845,IT=25;25 ,ii
24357,UP 1,50.000,31732,11328846.0,61.371162,1429628.8,391.2841324,IT=25;25 ,ii
24358,UP 1,50.000,33232,11317192.0,61.37533,1421287.6,391.2841218,IT=25;25 ,ii
24359,UP 1,50.000,31188,10652482.0,61.379332,1341894.6,391.2842002,IT=25;25 ,ii
24360,UP 1,50.000,35080,11264337.0,61.383507,1384721.9,391.2840875,IT=25;25 ,ii
24361,UP 1,50.000,31480,11255105.0,61.387682,1444380.1,391.2841603,IT=25;25 ,ii
24362,UP 1,50.000,32244,11217366.0,61.391845,1404831.8,391.2841045,IT=25;25 ,ii
24363,UP 1,50.000,30920,10790639.0,61.396014,1352338.2,391.2841585,IT=25;25 ,ii
24364,UP 1,50.000,32608,11089174.0,61.400014,1396881.0,391.2840908,IT=25;25 ,ii
24365,UP 1,50.000,34588,11326867.0,61.404184,1398809.2,391.2840843,IT=25;25 ,ii
24366,UP 1,50.000,32404,11469243.0,61.408347,1464077.2,391.2840826,IT=25;25 ,ii
24367,UP 1,50.000,32144,11065267.0,61.412515,1401036.8,391.2841563,IT=25;25 ,ii
24368,UP 1,50.000,32096,11408564.0,61.416513,1428518.2,391.2840754,IT=25;25 ,ii
24369,UP 1,50.000,30320,10967354.0,61.42068,1393754.6,391.2841539,IT=25;25 ,ii
24370,UP 1,50.000,31072,10934179.0,61.42514,1373284.5,391.284099,IT=25;25 ,ii
24371,UP 1,50.000,32728,11081760.0,61.429311,1349702.8,391.284085,IT=25;25 ,ii
24372,UP 1,50.000,32592,10854107.0,61.433482,1359868.9,391.2841549,IT=25;25 ,ii
24373,UP 1,50.000,32124,11276800.0,61.437484,1403185.8,391.2840636,IT=25;25 ,ii
24374,UP 1,50.000,34608,11339854.0,61.441657,1417686.1,391.2840244,IT=25;25 ,ii
24375,UP 1,50.000,31716,11216108.0,61.445836,1400226.1,391.2839629,IT=25;25 ,ii
24376,UP 1,50.000,32580,11718863.0,61.450017,1523779.0,391.2839931,IT=25;25 ,ii
24377,UP 1,50.000,31040,11632467.0,61.454028,1448417.8,391.2840303,IT=25;25 ,ii
24378,UP 1,50.000,31792,11493994.0,61.458207,1396021.5,391.2841053,IT=25;25 ,ii
24379,UP 1,50.000,30972,11842358.0,61.462403,1479445.8,391.2841274,IT=25;25 ,ii
24380,UP 1,50.000,30216,11267065.0,61.466584,1441823.5,391.2841532,IT=25;25 ,ii
24381,UP 1,50.000,30428,11280633.0,61.470763,1401253.6,391.2841488,IT=25;25 ,ii
24382,UP 1,50.000,31872,11755190.0,61.474771,1501685.2,391.2841141,IT=25;25 ,ii
24383,UP 1,50.000,30592,11562007.0,61.478942,1467655.5,391.2842123,IT=25;25 ,ii
24384,UP 1,50.000,28624,11700234.0,61.483125,1494105.9,391.2840811,IT=25;25 ,ii
24385,UP 1,50.000,30988,12003203.0,61.487305,1525165.9,391.2840746,IT=25;25 ,ii
24386,UP 1,50.000,32640,12069636.0,61.491313,1495559.6,391.284,IT=25;25 ,ii
24387,UP 1,50.000,33544,11870676.0,61.495496,1491146.2,391.284015,IT=25;25 ,ii
24388,UP 1,50.000,33500,11818016.0,61.499667,1466226.2,391.2840318,IT=25;25 ,ii
24389,UP 1,50.000,33480,12149731.0,61.503834,1513247.8,391.2841685,IT=25;25 ,ii
24390,UP 1,50.000,30540,11680847.0,61.508302,1516448.2,391.2838855,IT=25;25 ,ii
24391,UP 1,50.000,32364,12192435.0,61.512475,1517890.8,391.2840735,IT=25;25 ,ii
24392,UP 1,50.000,31464,12214129.0,61.51664,1573292.4,391.2840574,IT=25;25 ,ii
24393,UP 1,50.000,31028,11967319.0,61.520809,1527676.2,391.2841057,IT=25;25 ,ii
24394,UP 1,50.000,31064,11762380.0,61.524977,1463108.5,391.2840387,IT=25;25 ,ii
24395,UP 1,50.000,32332,11958714.0,61.528977,1494514.4,391.2839859,IT=25;25 ,ii
24396,UP 1,50.000,30668,11605248.0,61.533144,1471330.1,391.284022,IT=25;25 ,ii
24397,UP 1,50.000,32588,11455469.0,61.53731,1435800.4,391.2841436,IT=25;25 ,ii
24398,UP 1,50.000,32652,12418576.0,61.541481,1564584.8,391.2840257,IT=25;25 ,ii
24399,UP 1,50.000,33588,11843979.0,61.545648,1500593.1,391.2840765,IT=25;25 ,ii
24400,UP 1,50.000,31828,11190162.0,61.549815,1396996.9,391.2840686,IT=25;25 ,ii
24401,UP 1,50.000,30760,11683551.0,61.553981,1490693.8,391.2839766,IT=25;25 ,ii
24402,UP 1,50.000,31124,11808107.0,61.558148,1442088.5,391.2839734,IT=25;25 ,ii
24403,UP 1,50.000,31932,12026897.0,61.562317,1589662.5,391.2840755,IT=25;25 ,ii
24404,UP 1,50.000,31080,11991285.0,61.566317,1571607.0,391.2840731,IT=25;25 ,ii
24405,UP 1,50.000,32264,12137428.0,61.570483,1543812.1,391.2840678,IT=25;25 ,ii
24406,UP 1,50.000,33712,12448766.0,61.57465,1542212.5,391.2840201,IT=25;25 ,ii
24407,UP 1,50.000,34440,11612199.0,61.578816,1433257.8,391.2841951,IT=25;25 ,ii
24408,UP 1,50.000,32952,12346410.0,61.582983,1522093.1,391.2840379,IT=25;25 ,ii
24409,UP 1,50.000,35040,12458315.0,61.586985,1533185.8,391.2840051,IT=25;25 ,ii
24410,UP 1,50.000,33856,11877126.0,61.591446,1434441.6,391.2840734,IT=25;25 ,ii
24411,UP 1,50.000,32872,12324214.0,61.595612,1529506.1,391.2841019,IT=25;25 ,ii
24412,UP 1,50.000,33232,12632363.0,61.599779,1585101.9,391.2840694,IT=25;25 ,ii
24413,UP 1,50.000,34996,11943579.0,61.603781,1457875.4,391.2840439,IT=25;25 ,ii
24414,UP 1,50.000,30396,12277676.0,61.607783,1567000.0,391.284031,IT=25;25 ,ii
24415,UP 1,50.000,32564,12132112.0,61.611958,1568604.2,391.2838673,IT=25;25 ,ii
24416,UP 1,50.000,31684,12127583.0,61.616137,1506187.1,391.2840936,IT=25;25 ,ii
24417,UP 1,50.000,30824,12296615.0,61.620316,1573645.1,391.2840264,IT=25;25 ,ii
24418,UP 1,50.000,33188,12455115.0,61.624329,1517569.2,391.2839647,IT=25;25 ,ii
24419,UP 1,50.000,34656,12215347.0,61.628497,1453008.0,391.2841103,IT=25;25 ,ii
24420,UP 1,50.000,33412,12013702.0,61.632679,1481505.2,391.2840544,IT=25;25 ,ii
24421,UP 1,50.000,31340,12473224.0,61.636872,1619898.6,391.2840447,IT=25;25 ,ii
24422,UP 1,50.000,34856,12468435.0,61.640891,1532022.6,391.2840359,IT=25;25 ,ii
24423,UP 1,50.000,33108,12285312.0,61.645074,1504846.6,391.2839704,IT=25;25 ,ii
24424,UP 1,50.000,32584,12531256.0,61.649253,1545500.8,391.2840298,IT=25;25 ,ii
24425,UP 1,50.000,31120,12075249.0,61.653435,1521240.6,391.284104,IT=25;25 ,ii
24426,UP 1,50.000,32120,12589009.0,61.657614,1555196.8,391.283993,IT=25;25 ,ii
24427,UP 1,50.000,32088,12487782.0,61.661622,1559137.0,391.2840122,IT=25;25 ,ii
24428,UP 1,50.000,32400,12299446.0,61.665791,1544172.0,391.2841008,IT=25;25 ,ii
24429,UP 1,50.000,31656,12415965.0,61.66997,1545054.0,391.2840107,IT=25;25 ,ii
24430,UP 1,50.000,34400,13024762.0,61.674447,1596790.5,391.2839392,IT=25;25 ,ii
24431,UP 1,50.000,32428,12648734.0,61.678628,1575175.5,391.2840333,IT=25;25 ,ii
24432,UP 1,50.000,33888,12108705.0,61.68263,1512347.6,391.2841441,IT=25;25 ,ii
24433,UP 1,50.000,34024,13090819.0,61.686797,1675441.9,391.2840097,IT=25;25 ,ii
24434,UP 1,50.000,32944,12824647.0,61.690976,1599459.4,391.284082,IT=25;25 ,ii
24435,UP 1,50.000,31852,12724232.0,61.695153,1562879.6,391.283962,IT=25;25 ,ii
24436,UP 1,50.000,30812,12704516.0,61.699166,1613564.5,391.2840025,IT=25;25 ,ii
24437,UP 1,50.000,33100,12823111.0,61.703332,1662650.8,391.2839904,IT=25;25 ,ii
24438,UP 1,50.000,32908,12771220.0,61.707499,1539767.2,391.2840735,IT=25;25 ,ii
24439,UP 1,50.000,31620,12882083.0,61.711666,1643371.1,391.2839969,IT=25;25 ,ii
24440,UP 1,50.000,30884,12863574.0,61.715841,1668150.8,391.2840384,IT=25;25 ,ii
24441,UP 1,50.000,33748,12650923.0,61.719845,1536240.0,391.2840675,IT=25;25 ,ii
24442,UP 1,50.000,32360,12733535.0,61.72402,1614764.2,391.2839043,IT=25;25 ,ii
24443,UP 1,50.000,32760,13276949.0,61.728195,1650534.1,391.2838708,IT=25;25 ,ii
24444,UP 1,50.000,32100,13119686.0,61.732372,1679979.5,391.284011,IT=25;25 ,ii
24445,UP 1,50.000,32172,13126159.0,61.736376,1600208.2,391.2839043,IT=25;25 ,ii
24446,UP 1,50.000,32584,13178403.0,61.740545,1633500.4,391.283784,IT=25;25 ,ii
24447,UP 1,50.000,33988,13014700.0,61.744717,1614268.4,391.2838999,IT=25;25 ,ii
24448,UP 1,50.000,32160,13390382.0,61.748905,1670404.5,391.2837867,IT=25;25 ,ii
24449,UP 1,50.000,32792,12959628.0,61.752915,1599212.1,391.2839203,IT=25;25 ,ii
24450,UP 1,50.000,33112,13186469.0,61.757384,1609778.5,391.2839001,IT=25;25 ,ii
24451,UP 1,50.000,33548,13322147.0,61.761565,1694787.2,391.2839556,IT=25;25 ,ii
24452,UP 1,50.000,34496,13139104.0,61.765728,1641893.8,391.2840045,IT=25;25 ,ii
24453,UP 1,50.000,33968,13409917.0,61.769899,1657665.8,391.2839717,IT=25;25 ,ii
24454,UP 1,50.000,34496,13734507.0,61.773907,1722443.4,391.2839838,IT=25;25 ,ii
24455,UP 1,50.000,34044,13642645.0,61.778088,1682822.8,391.2840454,IT=25;25 ,ii
24456,UP 1,50.000,34412,14086722.0,61.782269,1790504.4,391.2840445,IT=25;25 ,ii
24457,UP 1,50.000,33128,13469756.0,61.786448,1648461.5,391.2840593,IT=25;25 ,ii
24458,UP 1,50.000,35516,13398134.0,61.790461,1656694.2,391.2840163,IT=25;25 ,ii
24459,UP 1,50.000,32432,12791514.0,61.79464,1546357.1,391.2840954,IT=25;25 ,ii
24460,UP 1,50.000,37524,13780803.0,61.798817,1711348.6,391.2839732,IT=25;25 ,ii
24461,UP 1,50.000,33036,13353516.0,61.802984,1676525.5,391.2839983,IT=25;25 ,ii
24462,UP 1,50.000,33648,13815438.0,61.807152,1720153.1,391.2839157,IT=25;25 ,ii
24463,UP 1,50.000,34120,13725777.0,61.81115,1701848.5,391.2838862,IT=25;25 ,ii
24464,UP 1,50.000,32816,13319913.0,61.815317,1667650.2,391.2840309,IT=25;25 ,ii
24465,UP 1,50.000,34452,13742330.0,61.819488,1681545.9,391.2839015,IT=25;25 ,ii
24466,UP 1,50.000,33000,13758972.0,61.823659,1757275.5,391.2839118,IT=25;25 ,ii
24467,UP 1,50.000,35228,14095157.0,61.827669,1682792.1,391.2837739,IT=25;25 ,ii
24468,UP 1,50.000,34816,13792876.0,61.831852,1701839.2,391.2839238,IT=25;25 ,ii
24469,UP 1,50.000,34096,13286137.0,61.836033,1590358.1,391.2840331,IT=25;25 ,ii
24470,UP 1,50.000,31872,13705306.0,61.840206,1723585.9,391.2838952,IT=25;25 ,ii
24471,UP 1,50.000,34480,14271393.0,61.844669,1749788.9,391.2839914,IT=25;25 ,ii
24472,UP 1,50.000,33852,13736744.0,61.848838,1746906.2,391.2839986,IT=25;25 ,ii
24473,UP 1,50.000,34024,13349439.0,61.853006,1671270.9,391.2841025,IT=25;25 ,ii
24474,UP 1,50.000,32528,13568692.0,61.857175,1721714.1,391.2840071,IT=25;25 ,ii
24475,UP 1,50.000,32300,13520295.0,61.861342,1625340.4,391.2840564,IT=25;25 ,ii
24476,UP 1,50.000,33576,13841581.0,61.865512,1671973.8,391.2839285,IT=25;25 ,ii
24477,UP 1,50.000,37408,14104182.0,61.86951,1715704.4,391.2839727,IT=25;25 ,ii
24478,UP 1,50.000,34812,14209982.0,61.873677,1753670.8,391.2839654,IT=25;25 ,ii
24479,UP 1,50.000,35964,14340939.0,61.877846,1743598.8,391.2838763,IT=25;25 ,ii
24480,UP 1,50.000,34156,13657049.0,61.882016,1676646.9,391.2839304,IT=25;25 ,ii
24481,UP 1,50.000,34040,14739831.0,61.886185,1824547.1,391.2836956,IT=25;25 ,ii
24482,UP 1,50.000,33472,14133116.0,61.890358,1743252.0,391.2838398,IT=25;25 ,ii
24483,UP 1,50.000,33256,14368853.0,61.894529,1769429.8,391.2838321,IT=25;25 ,ii
24484,UP 1,50.000,34044,14015357.0,61.898702,1787603.8,391.2839065,IT=25;25 ,ii
24485,UP 1,50.000,31728,14058030.0,61.902879,1784818.9,391.2839054,IT=25;25 ,ii
24486,UP 1,50.000,34872,14629577.0,61.906887,1801679.6,391.2837933,IT=25;25 ,ii
24487,UP 1,50.000,33072,14051636.0,61.911064,1741732.8,391.2839109,IT=25;25 ,ii
24488,UP 1,50.000,34704,14003424.0,61.915231,1715994.6,391.2839665,IT=25;25 ,ii
24489,UP 1,50.000,36304,14965599.0,61.919404,1754418.8,391.2838695,IT=25;25 ,ii
24490,UP 1,50.000,34132,14374042.0,61.923408,1794325.4,391.2839811,IT=25;25 ,ii
24491,UP 1,50.000,36264,15095092.0,61.92787,1901778.9,391.2838213,IT=25;25 ,ii
24492,UP 1,50.000,33928,13942974.0,61.932043,1720076.8,391.2839098,IT=25;25 ,ii
24493,UP 1,50.000,34884,14135317.0,61.93622,1729836.0,391.2839397,IT=25;25 ,ii
24494,UP 1,50.000,35384,14386256.0,61.940397,1739314.0,391.2839385,IT=25;25 ,ii
24495,UP 1,50.000,34660,14804905.0,61.944402,1827419.4,391.2838934,IT=25;25 ,ii
24496,UP 1,50.000,35084,15102854.0,61.94857,1861649.2,391.2838223,IT=25;25 ,ii
24497,UP 1,50.000,35936,14574731.0,61.952741,1763871.4,391.2838601,IT=25;25 ,ii
24498,UP 1,50.000,33892,14497457.0,61.956918,1800867.2,391.2839246,IT=25;25 ,ii
24499,UP 1,50.000,32820,14889017.0,61.960928,1871703.5,391.2839073,IT=25;25 ,ii
24500,UP 1,50.000,35120,14834530.0,61.965101,1796363.4,391.2838846,IT=25;25 ,ii
24501,UP 1,50.000,34440,14653141.0,61.969274,1769936.8,391.2838596,IT=25;25 ,ii
24502,UP 1,50.000,34560,14853582.0,61.973445,1813754.6,391.2838385,IT=25;25 ,ii
24503,UP 1,50.000,33704,14738711.0,61.977616,1813503.5,391.2838702,IT=25;25 ,ii
24504,UP 1,50.000,32800,14801488.0,61.981624,1770483.2,391.2838866,IT=25;25 ,ii
24505,UP 1,50.000,30440,14418649.0,61.985797,1811563.2,391.2838963,IT=25;25 ,ii
24506,UP 1,50.000,36052,15357714.0,61.98998,1838002.1,391.2837769,IT=25;25 ,ii
24507,UP 1,50.000,34980,15150611.0,61.994162,1930333.9,391.283795,IT=25;25 ,ii
24508,UP 1,50.000,32596,15120138.0,61.998174,1862712.1,391.2838342,IT=25;25 ,ii
24509,UP 1,50.000,33992,15324710.0,62.002357,1871163.0,391.2838705,IT=25;25 ,ii
24510,UP 1,50.000,34524,15979466.0,62.006539,2016960.4,391.283732,IT=25;25 ,ii
24511,UP 1,50.000,32080,15212442.0,62.010997,1841537.0,391.2838176,IT=25;25 ,ii
24512,UP 1,50.000,36016,15465513.0,62.01517,1883084.1,391.2839463,IT=25;25 ,ii
24513,UP 1,50.000,35252,15415869.0,62.01917,1850708.2,391.2838032,IT=25;25 ,ii
24514,UP 1,50.000,35352,15290813.0,62.023343,1854420.8,391.2838634,IT=25;25 ,ii
24515,UP 1,50.000,37024,14589956.0,62.027516,1733934.6,391.2838812,IT=25;25 ,ii
24516,UP 1,50.000,34868,15350391.0,62.031691,1880403.0,391.2837853,IT=25;25 ,ii
24517,UP 1,49.609,32156,15599864.0,62.035697,1962823.8,391.283753,IT=25;25 ,ii
24518,UP 1,50.000,33448,15537274.0,62.039876,1935300.1,391.2837121,IT=25;25 ,ii
24519,UP 1,50.000,35860,15300771.0,62.044051,1878470.5,391.2838609,IT=25;25 ,ii
24520,UP 1,47.365,33484,15643334.0,62.048182,1962528.6,391.2838056,IT=24;24 ,ii
24521,UP 1,50.000,32400,15508115.0,62.052411,1929387.1,391.2837889,IT=25;25 ,ii
24522,UP 1,50.000,34684,15160023.0,62.05642,1799375.6,391.2838493,IT=25;25 ,ii
24523,UP 1,49.493,33712,15986248.0,62.060582,1974086.5,391.2837518,IT=25;25 ,ii
24524,UP 1,50.000,35616,15751788.0,62.064761,1923415.0,391.2837293,IT=25;25 ,ii
24525,UP 1,48.388,35680,15382649.0,62.068911,1854832.1,391.2838327,IT=24;24 ,ii
24526,UP 1,49.619,34996,15972996.0,62.072938,2011685.5,391.2837348,IT=25;25 ,ii
24527,UP 1,48.880,35208,15370675.0,62.077103,1826966.9,391.2837021,IT=24;24 ,ii
24528,UP 1,50.000,35168,16079734.0,62.081296,1940020.8,391.2836576,IT=25;25 ,ii
24529,UP 1,48.947,35416,15605094.0,62.085451,1914351.0,391.2836857,IT=24;24 ,ii
24530,UP 1,49.488,33072,15070180.0,62.089638,1833015.6,391.2837207,IT=25;25 ,ii
24531,UP 1,50.000,35456,15407253.0,62.094088,1887255.4,391.2837901,IT=25;25 ,ii
24532,UP 1,48.552,34884,15572955.0,62.098242,1846413.1,391.283728,IT=24;24 ,ii
24533,UP 1,50.000,30776,15765294.0,62.102436,1991577.8,391.2836647,IT=25;25 ,ii
24534,UP 1,50.000,37368,16456164.0,62.106603,2016827.9,391.283589,IT=25;25 ,ii
24535,UP 1,48.895,35180,15417500.0,62.110753,1858458.4,391.2837008,IT=24;24 ,ii
24536,UP 1,48.777,34616,15509600.0,62.11475,1902861.1,391.2837744,IT=24;24 ,ii
24537,UP 1,50.000,35052,15738425.0,62.11894,1962360.5,391.2838114,IT=25;25 ,ii
24538,UP 1,50.000,35344,15263805.0,62.123104,1820089.6,391.2837092,IT=25;25 ,ii
24539,UP 1,48.316,31716,15618760.0,62.127246,1966027.2,391.2836496,IT=24;24 ,ii
24540,UP 1,49.298,33036,15925358.0,62.131261,1975283.8,391.2837373,IT=25;25 ,ii
24541,UP 1,48.517,32320,16102639.0,62.135415,1973175.5,391.2836839,IT=24;24 ,ii
24542,UP 1,50.000,33680,15696279.0,62.139617,1902651.4,391.283636,IT=25;25 ,ii
24543,UP 1,47.872,30512,16005780.0,62.143754,2015474.6,391.2836414,IT=24;24 ,ii
24544,UP 1,49.354,36444,15674209.0,62.147773,1865964.9,391.2837132,IT=25;25 ,ii
24545,UP 1,49.827,34508,15701995.0,62.15195,1896432.0,391.2836989,IT=25;25 ,ii
24546,UP 1,46.197,30888,15486135.0,62.156063,1964706.8,391.283706,IT=23;23 ,ii
24547,UP 1,47.961,34072,16054901.0,62.160273,1899051.9,391.28372,IT=24;24 ,ii
24548,UP 1,49.958,34476,15840780.0,62.164471,1969701.1,391.2837282,IT=25;25 ,ii
24549,UP 1,50.000,33096,15738728.0,62.16864,1951829.9,391.2837192,IT=25;25 ,ii
24550,UP 1,47.914,33840,16000144.0,62.172775,2001500.1,391.2837248,IT=24;24 ,ii
24551,UP 1,47.126,34852,16401731.0,62.177183,1993674.9,391.2836045,IT=24;24 ,ii
24552,UP 1,49.717,32352,15980394.0,62.181398,2037497.4,391.2837469,IT=25;25 ,ii
24553,UP 1,49.850,32820,15486747.0,62.185573,1886660.6,391.2836465,IT=25;25 ,ii
24554,UP 1,49.371,34352,15831944.0,62.189569,1938455.4,391.2836854,IT=25;25 ,ii
24555,UP 1,50.000,34776,15432534.0,62.193752,1881435.8,391.2837714,IT=25;25 ,ii
24556,UP 1,47.708,35056,16609966.0,62.197881,2025939.5,391.2836222,IT=24;24 ,ii
24557,UP 1,50.000,32232,15395064.0,62.202098,1911880.5,391.2836093,IT=25;25 ,ii
24558,UP 1,49.259,33684,16356467.0,62.206096,2073000.8,391.2835506,IT=25;25 ,ii
24559,UP 1,47.748,32668,16144112.0,62.210246,1985668.8,391.283641,IT=24;24 ,ii
24560,UP 1,47.033,32380,16160844.0,62.214406,2074408.2,391.283643,IT=24;24 ,ii
24561,UP 1,48.762,33624,15923955.0,62.218602,1932475.1,391.283595,IT=24;24 ,ii
24562,UP 1,50.000,33436,15989082.0,62.222798,2002417.8,391.2836791,IT=25;25 ,ii
24563,UP 1,50.000,31568,15500659.0,62.2268,1875190.6,391.283668,IT=25;25 ,ii
24564,UP 1,49.691,35292,16065934.0,62.23097,1989486.5,391.2836031,IT=25;25 ,ii
24565,UP 1,48.284,35080,16396212.0,62.235112,2000270.8,391.2836852,IT=24;24 ,ii
24566,UP 1,49.567,35088,16424290.0,62.239306,2026271.1,391.2836362,IT=25;25 ,ii
24567,UP 1,49.514,35128,16268751.0,62.243308,2006776.8,391.283603,IT=25;25 ,ii
24568,UP 1,49.784,32832,16026208.0,62.247479,1949107.5,391.2836469,IT=25;25 ,ii
24569,UP 1,50.000,32532,15188541.0,62.251652,1889550.9,391.28374,IT=25;25 ,ii
24570,UP 1,50.000,34296,15800658.0,62.255829,1933054.1,391.2834512,IT=25;25 ,ii
24571,UP 1,48.578,34220,16219794.0,62.260268,1941942.2,391.2836016,IT=24;24 ,ii
24572,UP 1,50.000,34968,16706952.0,62.26446,2078913.4,391.283671,IT=25;25 ,ii
24573,UP 1,47.305,32300,15748497.0,62.268583,1938878.2,391.2838097,IT=24;24 ,ii
24574,UP 1,47.226,34000,16480978.0,62.272754,1999418.9,391.2836487,IT=24;24 ,ii
24575,UP 1,49.702,34580,16349300.0,62.276966,1991244.4,391.2836431,IT=25;25 ,ii
24576,UP 1,49.210,32332,16183246.0,62.280962,2017833.1,391.2835927,IT=25;25 ,ii
24577,UP 1,48.917,31740,15985116.0,62.28513,1977408.9,391.2835404,IT=24;24 ,ii
24578,UP 1,50.000,33588,16838676.0,62.28932,2109340.5,391.2835023,IT=25;25 ,ii
24579,UP 1,50.000,34132,16264726.0,62.293491,1991016.8,391.2836826,IT=25;25 ,ii
24580,UP 1,48.774,35416,16637326.0,62.297635,2005213.9,391.2836088,IT=24;24 ,ii
24581,UP 1,49.687,32144,15759560.0,62.301822,2033127.0,391.2836666,IT=25;25 ,ii
24582,UP 1,47.312,30872,15855156.0,62.305951,1953542.0,391.2837297,IT=24;24 ,ii
24583,UP 1,47.620,33844,16508076.0,62.310128,2003514.6,391.2837114,IT=24;24 ,ii
24584,UP 1,49.216,34420,16193930.0,62.314324,2023416.6,391.2837226,IT=25;25 ,ii
24585,UP 1,50.000,35740,16042652.0,62.31852,1931223.2,391.2837105,IT=25;25 ,ii
24586,UP 1,48.245,34592,16487922.0,62.322659,2020643.1,391.2836753,IT=24;24 ,ii
24587,UP 1,48.857,31916,15949670.0,62.326838,1976581.6,391.2836503,IT=24;24 ,ii
24588,UP 1,48.517,33656,16306895.0,62.331005,1990149.0,391.2835428,IT=24;24 ,ii
24589,UP 1,50.000,33292,16749366.0,62.335199,2044390.2,391.28355,IT=25;25 ,ii
24590,UP 1,50.000,32308,16037880.0,62.339199,2011749.4,391.283651,IT=25;25 ,ii
24591,UP 1,46.499,32872,16147444.0,62.343599,1977183.9,391.2836665,IT=23;23 ,ii
24592,UP 1,50.000,30660,16207732.0,62.347845,2079189.8,391.2836128,IT=25;25 ,ii
24593,UP 1,44.944,31372,16675611.0,62.351928,2030516.6,391.2836131,IT=22;22 ,ii
24594,UP 1,49.445,34516,16214306.0,62.356178,1968682.9,391.2836499,IT=25;25 ,ii
24595,UP 1,49.644,35048,16401884.0,62.360182,1974516.1,391.2834993,IT=25;25 ,ii
24596,UP 1,49.337,33776,15435770.0,62.364344,1885220.0,391.2836486,IT=25;25 ,ii
24597,UP 1,46.140,31620,16461416.0,62.368459,2132818.8,391.2836428,IT=23;23 ,ii
24598,UP 1,47.126,32192,16571759.0,62.372651,2080986.5,391.2835685,IT=24;24 ,ii
24599,UP 1,46.882,32536,16499553.0,62.376647,2013514.8,391.2834085,IT=23;23 ,ii
24600,UP 1,49.719,34604,16489053.0,62.380867,2011105.4,391.2835315,IT=25;25 ,ii
24601,UP 1,46.984,30352,15296666.0,62.38499,1885046.0,391.2836715,IT=23;23 ,ii
24602,UP 1,45.586,32508,16398702.0,62.389138,1961369.6,391.2837155,IT=23;23 ,ii
24603,UP 1,50.000,34156,16182100.0,62.393213,1963262.1,391.2835291,IT=25;25 ,ii
24604,UP 1,49.441,30708,16195764.0,62.397201,2074653.1,391.2835996,IT=25;25 ,ii
24605,UP 1,50.000,34460,16291760.0,62.40138,2016778.8,391.2835602,IT=25;25 ,ii
24606,UP 1,47.214,32480,15814780.0,62.405511,1932184.9,391.2837407,IT=24;24 ,ii
24607,UP 1,47.055,33620,16822410.0,62.409694,2165241.0,391.28362,IT=24;24 ,ii
24608,UP 1,50.000,34124,16108228.0,62.413755,1945409.0,391.2836686,IT=25;25 ,ii
24609,UP 1,50.000,32864,16280796.0,62.417938,1992413.9,391.2836484,IT=25;25 ,ii
24610,UP 1,45.567,31060,16604685.0,62.422044,2069521.2,391.2836733,IT=23;23 ,ii
24611,UP 1,48.618,32352,16661474.0,62.426502,2025215.1,391.2836397,IT=24;24 ,ii
24612,UP 1,48.583,31840,16609342.0,62.430684,2156651.2,391.2837,IT=24;24 ,ii
24613,UP 1,47.011,33192,16845090.0,62.434657,2013015.2,391.2836512,IT=24;24 ,ii
24614,UP 1,50.000,35712,16415624.0,62.438877,1946147.0,391.2836196,IT=25;25 ,ii
24615,UP 1,50.000,30480,15186908.0,62.443059,1942953.0,391.2837883,IT=25;25 ,ii
24616,UP 1,50.000,33032,16428608.0,62.447242,2084154.0,391.283586,IT=25;25 ,ii
24617,UP 1,50.000,33548,16740628.0,62.45125,2109342.8,391.2835756,IT=25;25 ,ii
24618,UP 1,50.000,32712,15943991.0,62.455429,1933245.8,391.2836304,IT=25;25 ,ii
24619,UP 1,47.260,32664,16494684.0,62.459567,2055038.2,391.2835669,IT=24;24 ,ii
24620,UP 1,45.975,32496,16519877.0,62.463731,2044511.8,391.2836194,IT=23;23 ,ii
24621,UP 1,50.000,34984,15954740.0,62.467983,1893553.0,391.2836293,IT=25;25 ,ii
24622,UP 1,48.340,30892,16018402.0,62.471967,2005695.2,391.2836703,IT=24;24 ,ii
24623,UP 1,46.447,28120,14827278.0,62.476108,1858131.1,391.2836861,IT=23;23 ,ii
24624,UP 1,50.000,30632,15583608.0,62.480352,1935726.8,391.2835434,IT=25;25 ,ii
24625,UP 1,48.080,31728,16396646.0,62.484502,2108850.5,391.2835323,IT=24;24 ,ii
24626,UP 1,46.900,32016,16183348.0,62.488494,2009290.6,391.2835442,IT=23;23 ,ii
24627,UP 1,50.000,29324,15216683.0,62.492727,1950121.1,391.2836137,IT=25;25 ,ii
24628,UP 1,50.000,31524,16231409.0,62.496906,2048634.0,391.283476,IT=25;25 ,ii
24629,UP 1,50.000,32184,16201085.0,62.501075,2010497.0,391.2835659,IT=25;25 ,ii
24630,UP 1,50.000,33400,16262319.0,62.505073,2065233.0,391.2834117,IT=25;25 ,ii
24631,UP 1,49.834,32904,15889174.0,62.509529,1984213.2,391.283627,IT=25;25 ,ii
24632,UP 1,46.271,26376,16374633.0,62.513639,2158102.8,391.283391,IT=23;23 ,ii
24633,UP 1,49.779,31892,16435596.0,62.517871,2036821.1,391.2834571,IT=25;25 ,ii
24634,UP 1,47.243,30652,15793975.0,62.521996,1953856.2,391.2836323,IT=24;24 ,ii
24635,UP 1,49.630,30788,16684134.0,62.526035,2117223.0,391.2835101,IT=25;25 ,ii
24636,UP 1,49.321,29876,15819493.0,62.530198,1967120.8,391.2835775,IT=25;25 ,ii
24637,UP 1,50.000,30788,15951085.0,62.534377,1937564.4,391.2835413,IT=25;25 ,ii
24638,UP 1,50.000,31756,17185424.0,62.538545,2176189.2,391.2834046,IT=25;25 ,ii
24639,UP 1,49.602,29864,16330625.0,62.542541,2058117.2,391.2834199,IT=25;25 ,ii
24640,UP 1,50.000,30492,15643434.0,62.546718,1994778.9,391.2835413,IT=25;25 ,ii
24641,UP 1,48.270,29656,15174605.0,62.550868,1890959.6,391.2836533,IT=24;24 ,ii
24642,UP 1,47.158,30076,15471482.0,62.555031,1918266.2,391.2835874,IT=24;24 ,ii
24643,UP 1,43.172,29048,16123094.0,62.559137,2081040.6,391.2836494,IT=22;22 ,ii
24644,UP 1,50.000,30824,15293874.0,62.563252,1953040.9,391.28369,IT=25;25 ,ii
24645,UP 1,49.131,32708,15693819.0,62.567416,1903650.5,391.2836568,IT=25;25 ,ii
24646,UP 1,47.664,31392,15841341.0,62.57157,1948732.2,391.2836831,IT=24;24 ,ii
24647,UP 1,49.370,30496,15297351.0,62.575772,1894273.0,391.2836814,IT=25;25 ,ii
24648,UP 1,50.000,30076,15767237.0,62.5798,1997153.9,391.2836002,IT=25;25 ,ii
24649,UP 1,49.974,29344,15890574.0,62.583976,2014688.1,391.2836498,IT=25;25 ,ii
24650,UP 1,50.000,30376,15399414.0,62.588145,1977315.2,391.2836561,IT=25;25 ,ii
24651,UP 1,50.000,33036,16579242.0,62.592608,1985291.1,391.2835501,IT=25;25 ,ii
24652,UP 1,50.000,32992,16450199.0,62.596787,2028994.4,391.2835417,IT=25;25 ,ii
24653,UP 1,47.495,29812,16115545.0,62.600745,2047310.2,391.2836163,IT=24;24 ,ii
24654,UP 1,50.000,29248,16029468.0,62.604964,2125486.2,391.283652,IT=25;25 ,ii
24655,UP 1,47.353,30912,16227800.0,62.609097,2025997.8,391.2836479,IT=24;24 ,ii
24656,UP 1,50.000,33568,15980368.0,62.613316,1961488.8,391.2836599,IT=25;25 ,ii
24657,UP 1,50.000,33008,15390945.0,62.617493,1916521.9,391.2838209,IT=25;25 ,ii
24658,UP 1,45.657,30464,16517328.0,62.621418,2103153.5,391.2836816,IT=23;23 ,ii
24659,UP 1,48.520,30204,16112429.0,62.625647,2030375.1,391.2836699,IT=24;24 ,ii
24660,UP 1,48.384,30308,15835895.0,62.629826,1924568.0,391.2837707,IT=24;24 ,ii
24661,UP 1,46.429,29340,15851703.0,62.63398,1966828.2,391.283804,IT=23;23 ,ii
24662,UP 1,47.264,33608,16526034.0,62.638005,2091917.0,391.2837007,IT=24;24 ,ii
24663,UP 1,49.354,30912,15857717.0,62.642211,1979216.5,391.2836535,IT=25;25 ,ii
24664,UP 1,50.000,31576,16089287.0,62.646407,2071688.8,391.2836573,IT=25;25 ,ii
24665,UP 1,45.211,29452,16221358.0,62.650493,2090029.4,391.2836684,IT=23;23 ,ii
24666,UP 1,50.000,32784,16504759.0,62.654572,2004046.8,391.2836369,IT=25;25 ,ii
24667,UP 1,50.000,32008,16132288.0,62.658572,2018655.8,391.2835856,IT=25;25 ,ii
24668,UP 1,48.348,32104,17314278.0,62.662715,2169847.2,391.2835429,IT=24;24 ,ii
24669,UP 1,47.140,31064,17114700.0,62.66688,2150732.2,391.2835078,IT=24;24 ,ii
24670,UP 1,49.986,31992,16868962.0,62.671111,2109654.0,391.2835633,IT=25;25 ,ii
24671,UP 1,48.514,31972,16613830.0,62.67554,2073202.9,391.2834797,IT=24;24 ,ii
24672,UP 1,49.985,33376,16223361.0,62.679734,2019491.9,391.283537,IT=25;25 ,ii
24673,UP 1,44.439,27440,16320579.0,62.683811,2127843.5,391.2835371,IT=22;22 ,ii
24674,UP 1,47.739,30808,15897249.0,62.68804,2005130.8,391.2836927,IT=24;24 ,ii
24675,UP 1,50.000,32372,16566004.0,62.692261,2075285.5,391.2835098,IT=25;25 ,ii
24676,UP 1,49.122,29864,15447982.0,62.696259,1863836.9,391.2836985,IT=25;25 ,ii
24677,UP 1,46.932,30952,16532374.0,62.700388,2056934.2,391.2835309,IT=23;23 ,ii
24678,UP 1,50.000,30772,16084436.0,62.704611,2011865.1,391.283522,IT=25;25 ,ii
24679,UP 1,45.360,30252,16374159.0,62.708713,2069015.4,391.2835984,IT=23;23 ,ii
24680,UP 1,49.793,31716,16033410.0,62.712798,1944091.9,391.2836177,IT=25;25 ,ii
24681,UP 1,50.000,30176,16065305.0,62.716986,2073641.8,391.2836355,IT=25;25 ,ii
24682,UP 1,47.285,30200,16159178.0,62.721111,2030173.6,391.2836924,IT=24;24 ,ii
24683,UP 1,50.000,31216,16064928.0,62.72533,2026635.0,391.2836465,IT=25;25 ,ii
24684,UP 1,49.138,30388,16286626.0,62.729496,1990271.1,391.2835781,IT=25;25 ,ii
24685,UP 1,46.639,30252,15659494.0,62.733455,1945182.4,391.2837024,IT=23;23 ,ii
24686,UP 1,50.000,28768,16051277.0,62.737684,2060165.5,391.2836722,IT=25;25 ,ii
24687,UP 1,49.012,29664,15710585.0,62.741848,1969536.4,391.2837466,IT=25;25 ,ii
24688,UP 1,50.000,29820,15675578.0,62.746046,1986318.0,391.2837485,IT=25;25 ,ii
24689,UP 1,45.281,29140,15781670.0,62.749967,2050633.5,391.2837599,IT=23;23 ,ii
24690,UP 1,44.991,30844,16056404.0,62.754136,1995731.2,391.2837347,IT=22;22 ,ii
24691,UP 1,50.000,30524,15453124.0,62.7586,1858417.5,391.283808,IT=25;25 ,ii
24692,UP 1,47.692,29164,16431812.0,62.762729,2054229.5,391.2837148,IT=24;24 ,ii
24693,UP 1,49.177,29360,15761807.0,62.766925,1979856.1,391.283752,IT=25;25 ,ii
24694,UP 1,49.289,31164,16533704.0,62.770925,2035923.5,391.2836674,IT=25;25 ,ii
24695,UP 1,48.923,32080,16598304.0,62.775088,2022963.1,391.2836188,IT=24;24 ,ii
24696,UP 1,46.607,30660,16785222.0,62.779231,2131959.0,391.2835906,IT=23;23 ,ii
24697,UP 1,47.663,30496,17160442.0,62.783433,2093299.0,391.2835377,IT=24;24 ,ii
24698,UP 1,46.316,30216,17056358.0,62.787423,2163539.2,391.2834939,IT=23;23 ,ii
24699,UP 1,44.480,27492,16685646.0,62.791583,2169400.8,391.2836374,IT=22;22 ,ii
24700,UP 1,47.681,31292,16497915.0,62.795829,2089562.1,391.2836718,IT=24;24 ,ii
24701,UP 1,46.439,31936,17075002.0,62.799981,2086521.2,391.283607,IT=23;23 ,ii
24702,UP 1,43.745,28896,16585905.0,62.804123,2040565.2,391.2836363,IT=22;22 ,ii
24703,UP 1,50.000,33172,15915338.0,62.808235,1940477.6,391.2837695,IT=25;25 ,ii
24704,UP 1,47.411,32072,17318826.0,62.812362,2125945.2,391.2836027,IT=24;24 ,ii
24705,UP 1,45.177,29348,17032166.0,62.816508,2151688.5,391.2834714,IT=23;23 ,ii
24706,UP 1,46.379,29976,16397153.0,62.820714,2045477.1,391.2837345,IT=23;23 ,ii
24707,UP 1,44.790,29504,16518294.0,62.8247,2078194.4,391.2836335,IT=22;22 ,ii
24708,UP 1,45.714,30820,15954935.0,62.828902,1997077.9,391.2836709,IT=23;23 ,ii
24709,UP 1,45.677,30204,16894342.0,62.833087,2175779.8,391.283607,IT=23;23 ,ii
24710,UP 1,50.000,31772,17564092.0,62.837348,2199595.0,391.2834673,IT=25;25 ,ii
24711,UP 1,46.497,29320,16347529.0,62.841754,2073028.8,391.283598,IT=23;23 ,ii
24712,UP 1,48.352,30884,17679596.0,62.845958,2211961.0,391.283355,IT=24;24 ,ii
24713,UP 1,50.000,30672,16538991.0,62.850156,2057073.5,391.2834362,IT=25;25 ,ii
24714,UP 1,43.534,28232,17166354.0,62.854218,2191355.2,391.2834855,IT=22;22 ,ii
24715,UP 1,43.083,28248,17167526.0,62.858383,2166565.2,391.2834717,IT=22;22 ,ii
24716,UP 1,44.511,31960,17674636.0,62.862408,2203855.2,391.2835157,IT=22;22 ,ii
24717,UP 1,47.563,29036,16708189.0,62.866637,2155679.8,391.2835072,IT=24;24 ,ii
24718,UP 1,48.561,32668,17380016.0,62.870824,2114276.2,391.2834036,IT=24;24 ,ii
24719,UP 1,45.341,30952,16926804.0,62.874941,2099829.8,391.2835822,IT=23;23 ,ii
24720,UP 1,45.802,30824,17498694.0,62.879127,2212061.0,391.2834558,IT=23;23 ,ii
24721,UP 1,50.000,31768,15902710.0,62.883368,1951904.2,391.2836982,IT=25;25 ,ii
24722,UP 1,45.146,29068,17664628.0,62.887456,2243943.5,391.2835541,IT=23;23 ,ii
24723,UP 1,48.468,31144,17083540.0,62.891685,2133622.5,391.2835873,IT=24;24 ,ii
24724,UP 1,43.545,31980,17534954.0,62.895781,2235460.2,391.2835574,IT=22;22 ,ii
24725,UP 1,45.366,29520,18098354.0,62.89982,2319289.0,391.2834227,IT=23;23 ,ii
24726,UP 1,47.568,32720,17878972.0,62.904022,2180136.8,391.283495,IT=24;24 ,ii
24727,UP 1,46.827,32780,17734668.0,62.90818,2108698.8,391.2835855,IT=23;23 ,ii
24728,UP 1,47.100,31228,18089842.0,62.91236,2293378.8,391.2835179,IT=24;24 ,ii
24729,UP 1,50.000,31312,17158108.0,62.91658,2080885.9,391.283436,IT=25;25 ,ii
24730,UP 1,47.858,31472,16901490.0,62.920547,2095289.9,391.2836172,IT=24;24 ,ii
24731,UP 1,46.747,30932,17101930.0,62.924953,2121952.8,391.2835815,IT=23;23 ,ii
24732,UP 1,46.747,32680,17496414.0,62.929126,2187288.5,391.283553,IT=23;23 ,ii
24733,UP 1,43.391,29172,17611786.0,62.933243,2207509.2,391.2835563,IT=22;22 ,ii
24734,UP 1,46.612,29480,17698870.0,62.937468,2271964.5,391.2834677,IT=23;23 ,ii
24735,UP 1,43.878,30376,18052116.0,62.941424,2210666.5,391.2835065,IT=22;22 ,ii
24736,UP 1,48.076,31616,17013322.0,62.945672,2156331.2,391.2835903,IT=24;24 ,ii
24737,UP 1,43.207,31000,18548396.0,62.949774,2219662.2,391.2835114,IT=22;22 ,ii
24738,UP 1,44.427,33260,17491156.0,62.95397,2076248.5,391.2836785,IT=22;22 ,ii
24739,UP 1,43.014,28700,17309324.0,62.957947,2079833.9,391.2835879,IT=22;22 ,ii
24740,UP 1,44.367,31376,17858540.0,62.962143,2219769.2,391.2836375,IT=22;22 ,ii
24741,UP 1,44.615,30796,17417984.0,62.966322,2147821.0,391.2836753,IT=22;22 ,ii
24742,UP 1,45.263,28996,16135217.0,62.970511,2036824.0,391.2838532,IT=23;23 ,ii
24743,UP 1,46.632,30364,17203672.0,62.974536,2065086.8,391.2836087,IT=23;23 ,ii
24744,UP 1,41.435,31252,18564362.0,62.978622,2354713.5,391.2835312,IT=21;21 ,ii
24745,UP 1,48.089,31044,17076928.0,62.982918,2156143.8,391.283601,IT=24;24 ,ii
24746,UP 1,42.817,29536,18129432.0,62.987013,2323442.8,391.283569,IT=21;21 ,ii
24747,UP 1,46.433,32184,18575430.0,62.991255,2338609.5,391.2835391,IT=23;23 ,ii
24748,UP 1,45.655,30864,17765036.0,62.995251,2194250.8,391.2836524,IT=23;23 ,ii
24749,UP 1,42.433,28136,17530724.0,62.999372,2199316.0,391.2836403,IT=21;21 ,ii
24750,UP 1,46.456,32008,17705716.0,63.00363,2179417.2,391.2836087,IT=23;23 ,ii
24751,UP 1,43.627,30304,17407544.0,63.007982,2184031.0,391.2836808,IT=22;22 ,ii
24752,UP 1,49.426,31640,17554730.0,63.012265,2169000.2,391.2834518,IT=25;25 ,ii
24753,UP 1,42.641,29588,17115688.0,63.016151,2215696.8,391.2835222,IT=21;21 ,ii
24754,UP 1,46.467,32976,17550010.0,63.020386,2166619.8,391.2835299,IT=23;23 ,ii
24755,UP 1,42.376,29460,18064304.0,63.024505,2282060.8,391.2835877,IT=21;21 ,ii
24756,UP 1,43.536,31844,17110814.0,63.028709,2089305.5,391.2836019,IT=22;22 ,ii
24757,UP 1,43.985,32204,18428194.0,63.03273,2281500.5,391.283446,IT=22;22 ,ii
24758,UP 1,43.290,30476,18152824.0,63.036907,2351686.8,391.2834803,IT=22;22 ,ii
24759,UP 1,41.117,26592,17317808.0,63.041046,2202020.8,391.2835415,IT=21;21 ,ii
24760,UP 1,44.939,31004,17518752.0,63.045298,2166879.8,391.2836282,IT=22;22 ,ii
24761,UP 1,44.769,28968,17842756.0,63.049482,2232815.2,391.2835407,IT=22;22 ,ii
24762,UP 1,44.875,30532,19064860.0,63.053484,2419830.0,391.2835137,IT=22;22 ,ii
24763,UP 1,44.103,31472,18931170.0,63.057644,2324702.0,391.2834704,IT=22;22 ,ii
24764,UP 1,45.288,29592,18460486.0,63.061836,2354342.0,391.2834848,IT=23;23 ,ii
24765,UP 1,44.292,29320,18603264.0,63.065992,2316718.8,391.283473,IT=22;22 ,ii
24766,UP 1,42.471,27376,17576892.0,63.069963,2204639.8,391.2836425,IT=21;21 ,ii
24767,UP 1,42.350,29816,18285972.0,63.074131,2304395.0,391.2835767,IT=21;21 ,ii
24768,UP 1,45.919,30012,18542856.0,63.078363,2247864.5,391.2835112,IT=23;23 ,ii
24769,UP 1,43.329,29060,18256816.0,63.082509,2295790.2,391.283604,IT=22;22 ,ii
24770,UP 1,42.970,27696,17959926.0,63.086502,2234414.5,391.2836048,IT=21;21 ,ii
24771,UP 1,42.786,30600,18695546.0,63.090838,2277626.5,391.2834969,IT=21;21 ,ii
24772,UP 1,44.638,29660,18799448.0,63.09505,2376289.2,391.2835325,IT=22;22 ,ii
24773,UP 1,44.724,31228,18384492.0,63.099223,2257721.0,391.2834385,IT=22;22 ,ii
24774,UP 1,47.078,31104,17806110.0,63.103438,2185844.0,391.2835075,IT=24;24 ,ii
24775,UP 1,47.034,31760,18361182.0,63.107446,2267862.5,391.2834029,IT=24;24 ,ii
24776,UP 1,40.695,28028,17738120.0,63.111525,2286379.0,391.2836055,IT=20;20 ,ii
24777,UP 1,41.156,28976,18157324.0,63.115706,2289425.0,391.2836077,IT=21;21 ,ii
24778,UP 1,43.989,29608,18222184.0,63.119942,2316832.5,391.2835568,IT=22;22 ,ii
24779,UP 1,42.299,27820,19024684.0,63.1241,2441635.2,391.2833609,IT=21;21 ,ii
24780,UP 1,42.674,30280,18937462.0,63.128114,2363205.2,391.2834047,IT=21;21 ,ii
24781,UP 1,41.081,28932,18757542.0,63.132269,2361700.2,391.2834086,IT=21;21 ,ii
24782,UP 1,41.998,27556,19206100.0,63.136471,2464820.0,391.2833694,IT=21;21 ,ii
24783,UP 1,41.340,29160,18561584.0,63.140641,2323582.5,391.2834523,IT=21;21 ,ii
24784,UP 1,41.710,29560,18708168.0,63.144658,2374463.2,391.2835128,IT=21;21 ,ii
24785,UP 1,41.848,29520,18983248.0,63.148846,2359153.8,391.2834435,IT=21;21 ,ii
24786,UP 1,45.642,29532,19029952.0,63.153094,2399330.0,391.2833434,IT=23;23 ,ii
24787,UP 1,41.514,28300,18342682.0,63.157208,2373806.0,391.2835142,IT=21;21 ,ii
24788,UP 1,44.574,29740,18660976.0,63.161446,2327815.5,391.2835839,IT=22;22 ,ii
24789,UP 1,43.183,30912,18036298.0,63.165604,2264943.2,391.2835817,IT=22;22 ,ii
24790,UP 1,43.350,28216,18077528.0,63.169783,2281755.8,391.2836157,IT=22;22 ,ii
24791,UP 1,43.779,29992,18499906.0,63.174135,2263002.8,391.2835677,IT=22;22 ,ii
24792,UP 1,43.601,29172,18662040.0,63.178306,2380307.8,391.2834146,IT=22;22 ,ii
24793,UP 1,42.684,28264,18478476.0,63.182293,2361130.5,391.2835242,IT=21;21 ,ii
24794,UP 1,41.710,29368,18970286.0,63.186462,2398544.5,391.2835121,IT=21;21 ,ii
24795,UP 1,42.970,30124,19190146.0,63.190654,2411361.8,391.2834143,IT=21;21 ,ii
24796,UP 1,42.538,28352,18495626.0,63.194816,2334396.8,391.2834981,IT=21;21 ,ii
24797,UP 1,42.431,30876,19783938.0,63.198987,2465501.2,391.2834477,IT=21;21 ,ii
24798,UP 1,43.865,29424,19071404.0,63.203012,2426862.5,391.2834778,IT=22;22 ,ii
24799,UP 1,41.704,28248,19097308.0,63.207152,2481423.0,391.2834117,IT=21;21 ,ii
24800,UP 1,43.007,30096,19218212.0,63.211341,2377065.8,391.2833928,IT=22;22 ,ii
24801,UP 1,41.658,30368,18601652.0,63.215493,2329249.5,391.2834412,IT=21;21 ,ii
24802,UP 1,41.424,28416,18915756.0,63.219489,2370266.2,391.2834542,IT=21;21 ,ii
24803,UP 1,43.379,31700,18529240.0,63.223695,2301426.0,391.2835255,IT=22;22 ,ii
24804,UP 1,41.378,29132,19063276.0,63.227835,2396110.2,391.2834001,IT=21;21 ,ii
24805,UP 1,40.889,28432,19030664.0,63.231997,2393009.8,391.28347,IT=20;20 ,ii
24806,UP 1,41.016,29756,18928712.0,63.236176,2361118.5,391.2834338,IT=21;21 ,ii
24807,UP 1,41.097,28348,19003838.0,63.240176,2424439.2,391.2834245,IT=21;21 ,ii
24808,UP 1,41.146,29024,19464452.0,63.244351,2488152.0,391.2833781,IT=21;21 ,ii
24809,UP 1,42.051,27968,18016660.0,63.248541,2221288.0,391.2834426,IT=21;21 ,ii
24810,UP 1,40.998,27260,19151276.0,63.252707,2443795.8,391.2833721,IT=20;20 ,ii
24811,UP 1,43.051,27736,18282176.0,63.257053,2268543.0,391.2832083,IT=22;22 ,ii
24812,UP 1,41.331,28632,19171930.0,63.261207,2476620.8,391.2834869,IT=21;21 ,ii
24813,UP 1,41.215,29140,19361382.0,63.265376,2362866.0,391.2834171,IT=21;21 ,ii
24814,UP 1,40.176,29708,18691822.0,63.269532,2364227.5,391.2834797,IT=20;20 ,ii
24815,UP 1,45.103,31224,19363396.0,63.273801,2410456.2,391.2833593,IT=23;23 ,ii
24816,UP 1,42.246,30672,19785584.0,63.277768,2532334.0,391.2834252,IT=21;21 ,ii
24817,UP 1,42.448,28428,19125028.0,63.281941,2399429.0,391.2833594,IT=21;21 ,ii
24818,UP 1,40.676,29152,19269036.0,63.286086,2444441.8,391.2834438,IT=20;20 ,ii
24819,UP 1,41.884,28648,19661678.0,63.29029,2478520.8,391.2834083,IT=21;21 ,ii
24820,UP 1,40.466,28052,19428362.0,63.294276,2546227.5,391.2834984,IT=20;20 ,ii
24821,UP 1,42.016,29512,19215816.0,63.298492,2374723.0,391.2834694,IT=21;21 ,ii
24822,UP 1,42.233,28484,19088824.0,63.302676,2448779.5,391.2834736,IT=21;21 ,ii
24823,UP 1,41.082,27736,19256574.0,63.306826,2452224.5,391.2834786,IT=21;21 ,ii
24824,UP 1,42.426,30712,19145148.0,63.311024,2354770.5,391.2834501,IT=21;21 ,ii
24825,UP 1,40.416,27260,19000698.0,63.314988,2400906.2,391.283545,IT=20;20 ,ii
24826,UP 1,42.004,29556,18724688.0,63.319188,2413865.5,391.2834882,IT=21;21 ,ii
24827,UP 1,41.839,29212,19008506.0,63.323369,2391502.0,391.2834282,IT=21;21 ,ii
24828,UP 1,42.187,29488,19361428.0,63.327549,2452744.2,391.2835609,IT=21;21 ,ii
24829,UP 1,42.418,29092,19508982.0,63.331555,2436236.5,391.2834144,IT=21;21 ,ii
24830,UP 1,41.010,28072,19187638.0,63.335703,2419384.0,391.2835289,IT=21;21 ,ii
24831,UP 1,42.496,29764,19228970.0,63.339903,2401714.2,391.2834277,IT=21;21 ,ii
24832,UP 1,41.277,28928,19739080.0,63.344211,2595951.5,391.2833432,IT=21;21 ,ii
24833,UP 1,40.946,28116,19321094.0,63.348382,2503548.8,391.2834193,IT=20;20 ,ii
24834,UP 1,41.687,27236,19378734.0,63.352396,2470424.2,391.2834176,IT=21;21 ,ii
24835,UP 1,43.056,28760,19409218.0,63.3566,2410911.8,391.2834499,IT=22;22 ,ii
24836,UP 1,42.997,29096,19357604.0,63.360786,2448288.0,391.283392,IT=21;21 ,ii
24837,UP 1,39.263,27776,19564578.0,63.364911,2420217.8,391.2834367,IT=20;20 ,ii
24838,UP 1,42.698,28016,19211890.0,63.368978,2468522.5,391.2833727,IT=21;21 ,ii
24839,UP 1,42.312,28924,19507628.0,63.373175,2539263.5,391.2833833,IT=21;21 ,ii
24840,UP 1,42.022,30344,19584124.0,63.377359,2500584.2,391.283423,IT=21;21 ,ii
24841,UP 1,42.653,30528,19197534.0,63.381559,2425849.0,391.2834477,IT=21;21 ,ii
24842,UP 1,41.822,28092,19798696.0,63.385734,2584514.2,391.2834176,IT=21;21 ,ii
24843,UP 1,40.784,29676,19729784.0,63.389732,2531146.5,391.2833783,IT=20;20 ,ii
24844,UP 1,43.759,29948,19598292.0,63.393961,2503093.2,391.2833718,IT=22;22 ,ii
24845,UP 1,42.237,28052,19657824.0,63.398121,2571168.8,391.2833347,IT=21;21 ,ii
24846,UP 1,43.052,28880,19125480.0,63.402321,2456133.8,391.2833447,IT=22;22 ,ii
24847,UP 1,42.262,28908,19200064.0,63.406323,2382776.5,391.2833121,IT=21;21 ,ii
24848,UP 1,42.143,31544,19653314.0,63.410517,2464270.0,391.2833272,IT=21;21 ,ii
24849,UP 1,41.759,29636,19719866.0,63.414681,2479884.2,391.2833634,IT=21;21 ,ii
24850,UP 1,41.022,27860,19163232.0,63.418846,2427533.5,391.2833939,IT=21;21 ,ii
24851,UP 1,42.116,27440,19050940.0,63.42304,2443956.8,391.2833615,IT=21;21 ,ii
24852,UP 1,41.946,27988,19788452.0,63.427362,2472799.0,391.2832919,IT=21;21 ,ii
24853,UP 1,41.324,28520,19215958.0,63.431527,2452809.8,391.2833756,IT=21;21 ,ii
24854,UP 1,40.974,28332,19454314.0,63.435698,2471128.0,391.2833676,IT=20;20 ,ii
24855,UP 1,40.300,25420,19432606.0,63.439867,2535298.2,391.2833374,IT=20;20 ,ii
24856,UP 1,40.884,26612,19440742.0,63.444052,2526976.5,391.2833869,IT=20;20 ,ii
24857,UP 1,40.035,27964,19865880.0,63.448039,2578747.2,391.2834566,IT=20;20 ,ii
24858,UP 1,41.441,29768,19823442.0,63.452237,2531890.0,391.2834553,IT=21;21 ,ii
24859,UP 1,40.986,27520,19308598.0,63.45641,2479117.0,391.2834069,IT=20;20 ,ii
24860,UP 1,41.021,26452,19840200.0,63.460587,2683254.2,391.2834374,IT=21;21 ,ii
24861,UP 1,39.582,27328,19596460.0,63.464566,2531902.0,391.2834199,IT=20;20 ,ii
24862,UP 1,40.633,29304,19867284.0,63.46876,2536123.2,391.2835075,IT=20;20 ,ii
24863,UP 1,40.947,28464,19720988.0,63.472952,2541952.0,391.2834254,IT=20;20 ,ii
24864,UP 1,41.411,28604,19013072.0,63.477133,2453227.5,391.2834792,IT=21;21 ,ii
24865,UP 1,41.654,29720,19165728.0,63.481146,2392908.5,391.2834965,IT=21;21 ,ii
24866,UP 1,41.165,31516,19164176.0,63.485314,2378297.0,391.2835417,IT=21;21 ,ii
24867,UP 1,42.313,27636,18826886.0,63.489514,2348165.0,391.2834247,IT=21;21 ,ii
24868,UP 1,40.423,28332,19771260.0,63.49366,2584701.5,391.2834247,IT=20;20 ,ii
24869,UP 1,40.560,26920,19281428.0,63.497843,2487579.8,391.2835156,IT=20;20 ,ii
24870,UP 1,40.633,27096,19708694.0,63.501845,2550010.0,391.2833853,IT=20;20 ,ii
24871,UP 1,41.092,27848,19845436.0,63.506031,2580644.8,391.2834281,IT=21;21 ,ii
24872,UP 1,39.324,27024,19748784.0,63.510308,2494412.0,391.2835089,IT=20;20 ,ii
24873,UP 1,39.985,27568,19449864.0,63.514497,2440624.8,391.2835258,IT=20;20 ,ii
24874,UP 1,39.857,27928,19318446.0,63.518495,2402556.5,391.2836061,IT=20;20 ,ii
24875,UP 1,41.250,30672,19680806.0,63.522693,2512699.2,391.2835075,IT=21;21 ,ii
24876,UP 1,41.279,28544,19304450.0,63.526887,2440005.5,391.2834942,IT=21;21 ,ii
24877,UP 1,42.584,29408,19165708.0,63.531097,2436882.2,391.2833507,IT=21;21 ,ii
24878,UP 1,40.629,29004,19192528.0,63.535255,2390491.8,391.2834378,IT=20;20 ,ii
24879,UP 1,40.045,28320,19895800.0,63.53926,2601678.5,391.2833531,IT=20;20 ,ii
24880,UP 1,40.967,29056,19376104.0,63.543466,2480613.8,391.2834122,IT=20;20 ,ii
24881,UP 1,40.354,27560,19535920.0,63.547647,2488870.5,391.2834019,IT=20;20 ,ii
24882,UP 1,39.553,28092,20142412.0,63.551826,2650709.0,391.2833667,IT=20;20 ,ii
24883,UP 1,39.644,26380,19576048.0,63.555841,2530298.0,391.2834669,IT=20;20 ,ii
24884,UP 1,41.356,27248,19427264.0,63.559874,2465991.2,391.2834854,IT=21;21 ,ii
24885,UP 1,40.065,26396,19206454.0,63.564035,2469985.0,391.2834431,IT=20;20 ,ii
24886,UP 1,39.641,26840,19808000.0,63.568216,2589982.5,391.2835133,IT=20;20 ,ii
24887,UP 1,41.128,26232,19587694.0,63.572424,2480526.2,391.2834796,IT=21;21 ,ii
24888,UP 1,41.648,27008,19677336.0,63.576447,2593192.0,391.2833764,IT=21;21 ,ii
24889,UP 1,43.152,28328,19192988.0,63.580659,2442277.0,391.2833682,IT=22;22 ,ii
24890,UP 1,42.980,30880,19266438.0,63.584845,2476131.8,391.2834613,IT=21;21 ,ii
24891,UP 1,40.290,27372,19429430.0,63.58898,2500581.8,391.2834689,IT=20;20 ,ii
24892,UP 1,41.158,29360,19378808.0,63.593286,2511997.2,391.2833822,IT=21;21 ,ii
24893,UP 1,41.601,28464,19750334.0,63.59748,2550433.8,391.2833574,IT=21;21 ,ii
24894,UP 1,41.538,27968,19417018.0,63.601666,2477377.2,391.2834268,IT=21;21 ,ii
24895,UP 1,40.504,26740,19497400.0,63.605811,2519422.5,391.2834369,IT=20;20 ,ii
24896,UP 1,39.400,28204,19924792.0,63.609968,2643996.8,391.2833805,IT=20;20 ,ii
24897,UP 1,39.958,28408,19782410.0,63.613967,2596413.5,391.283443,IT=20;20 ,ii
24898,UP 1,40.047,26500,19525696.0,63.61814,2624713.8,391.2834885,IT=20;20 ,ii
24899,UP 1,41.138,27952,19409490.0,63.622345,2502123.0,391.2833927,IT=21;21 ,ii
24900,UP 1,40.367,26440,19600632.0,63.626524,2560576.0,391.2833716,IT=20;20 ,ii
24901,UP 1,39.863,26980,19737964.0,63.630524,2601748.0,391.2833814,IT=20;20 ,ii
24902,UP 1,41.881,25756,19680932.0,63.63474,2572552.2,391.2834243,IT=21;21 ,ii
24903,UP 1,40.568,27632,19838718.0,63.638903,2575200.5,391.2833632,IT=20;20 ,ii
24904,UP 1,40.705,28828,19934820.0,63.643092,2556628.8,391.2833189,IT=20;20 ,ii
24905,UP 1,40.360,26208,19827416.0,63.647276,2559056.0,391.283381,IT=20;20 ,ii
24906,UP 1,41.326,26756,19665658.0,63.651298,2590998.8,391.2834495,IT=21;21 ,ii
24907,UP 1,40.955,28480,19745762.0,63.655469,2496781.2,391.2834466,IT=20;20 ,ii
24908,UP 1,41.522,29016,19565796.0,63.659659,2475366.0,391.283419,IT=21;21 ,ii
24909,UP 1,40.797,27492,19920386.0,63.663821,2613344.5,391.2834236,IT=20;20 ,ii
24910,UP 1,41.457,29156,19432880.0,63.667836,2477021.0,391.2835048,IT=21;21 ,ii
24911,UP 1,40.485,28772,19613940.0,63.671996,2576803.2,391.2834833,IT=20;20 ,ii
24912,UP 1,41.045,28976,19719910.0,63.676311,2538787.0,391.2834507,IT=21;21 ,ii
24913,UP 1,41.474,28212,19671176.0,63.680488,2472697.0,391.2834587,IT=21;21 ,ii
24914,UP 1,39.754,25820,19983452.0,63.684636,2600342.8,391.2833944,IT=20;20 ,ii
24915,UP 1,39.598,26096,19579190.0,63.688627,2559669.5,391.2834209,IT=20;20 ,ii
24916,UP 1,40.154,26876,19856908.0,63.692811,2506430.5,391.2833891,IT=20;20 ,ii
24917,UP 1,40.467,27428,19794078.0,63.697,2571153.8,391.283389,IT=20;20 ,ii
24918,UP 1,40.007,28248,19644310.0,63.701181,2500211.2,391.2833943,IT=20;20 ,ii
24919,UP 1,40.427,26672,19438552.0,63.705196,2524617.2,391.2833369,IT=20;20 ,ii
24920,UP 1,40.515,26720,20196798.0,63.709204,2709103.2,391.2832654,IT=20;20 ,ii
24921,UP 1,40.441,26468,19495818.0,63.713388,2483486.5,391.2833781,IT=20;20 ,ii
24922,UP 1,39.408,28248,20167804.0,63.717558,2663976.8,391.2832468,IT=20;20 ,ii
24923,UP 1,39.455,24764,19793240.0,63.721742,2551999.2,391.2833348,IT=20;20 ,ii
24924,UP 1,39.790,27036,20109242.0,63.725754,2640680.8,391.2833243,IT=20;20 ,ii
24925,UP 1,39.453,26580,19807736.0,63.729931,2526548.2,391.2834102,IT=20;20 ,ii
24926,UP 1,39.629,27340,19959074.0,63.734123,2612576.0,391.2833657,IT=20;20 ,ii
24927,UP 1,39.260,26152,19815962.0,63.738302,2604060.0,391.2833618,IT=20;20 ,ii
24928,UP 1,40.116,26592,19510690.0,63.742323,2530181.5,391.2833552,IT=20;20 ,ii
24929,UP 1,38.562,24520,20167136.0,63.746483,2753588.5,391.2833782,IT=19;19 ,ii
24930,UP 1,38.667,26752,20154048.0,63.750662,2645286.2,391.2834128,IT=19;19 ,ii
24931,UP 1,40.073,27816,19962344.0,63.754864,2647895.5,391.2833819,IT=20;20 ,ii
24932,UP 1,39.361,26516,19515870.0,63.759144,2549906.8,391.2834742,IT=20;20 ,ii
24933,UP 1,41.110,29092,19685302.0,63.763352,2585989.8,391.2834867,IT=21;21 ,ii
24934,UP 1,39.538,26060,19942808.0,63.7675,2609750.8,391.2833334,IT=20;20 ,ii
24935,UP 1,40.191,26872,19780678.0,63.771681,2544921.2,391.2833288,IT=20;20 ,ii
24936,UP 1,40.512,27228,19694360.0,63.775881,2574087.2,391.2833475,IT=20;20 ,ii
24937,UP 1,38.789,25808,20122704.0,63.779862,2743602.2,391.2833781,IT=19;19 ,ii
24938,UP 1,39.436,27452,20223122.0,63.783881,2727908.2,391.2832968,IT=20;20 ,ii
24939,UP 1,40.539,27104,19822202.0,63.78807,2539914.2,391.2833139,IT=20;20 ,ii
24940,UP 1,38.828,25804,20093356.0,63.792227,2711215.2,391.283326,IT=19;19 ,ii
24941,UP 1,38.963,26656,20320560.0,63.796412,2721038.2,391.2833587,IT=19;19 ,ii
24942,UP 1,40.865,26060,19879544.0,63.800625,2567915.2,391.2832904,IT=20;20 ,ii
24943,UP 1,39.895,27956,20151954.0,63.804791,2599943.5,391.2833398,IT=20;20 ,ii
24944,UP 1,41.204,27592,19669370.0,63.808991,2531523.5,391.2833827,IT=21;21 ,ii
24945,UP 1,39.671,27504,19935098.0,63.813137,2621245.5,391.2833491,IT=20;20 ,ii
24946,UP 1,41.297,27344,19717744.0,63.81716,2543877.2,391.2833606,IT=21;21 ,ii
24947,UP 1,40.290,24848,19539088.0,63.82132,2569230.2,391.2834272,IT=20;20 ,ii
24948,UP 1,40.594,26976,19708448.0,63.825497,2605810.0,391.2834049,IT=20;20 ,ii
24949,UP 1,40.277,25896,19720410.0,63.829672,2538838.2,391.283392,IT=20;20 ,ii
24950,UP 1,39.379,26820,20245296.0,63.833824,2628962.5,391.2834138,IT=20;20 ,ii
24951,UP 1,40.022,25960,20037394.0,63.837831,2711177.5,391.2834097,IT=20;20 ,ii
24952,UP 1,40.111,27256,19944692.0,63.842118,2657422.0,391.2833447,IT=20;20 ,ii
24953,UP 1,40.202,26768,19873702.0,63.846299,2557777.0,391.2833737,IT=20;20 ,ii
24954,UP 1,39.253,25656,19717644.0,63.850455,2616205.2,391.2833281,IT=20;20 ,ii
24955,UP 1,40.427,26556,19850526.0,63.854472,2609720.0,391.2833694,IT=20;20 ,ii
24956,UP 1,39.364,26160,20123272.0,63.858628,2646773.2,391.2833183,IT=20;20 ,ii
24957,UP 1,38.789,25688,20003268.0,63.862797,2614196.2,391.2833144,IT=19;19 ,ii
24958,UP 1,38.865,25392,20251854.0,63.866989,2706506.2,391.283384,IT=19;19 ,ii
24959,UP 1,38.835,25584,20172490.0,63.871159,2661041.0,391.2833616,IT=19;19 ,ii
24960,UP 1,38.970,26632,20449444.0,63.875164,2784984.8,391.2833748,IT=19;19 ,ii
24961,UP 1,39.414,25752,19629862.0,63.879345,2548648.0,391.2834255,IT=20;20 ,ii
24962,UP 1,39.937,25660,20451652.0,63.883539,2754356.2,391.2832774,IT=20;20 ,ii
24963,UP 1,40.545,26552,19847304.0,63.88773,2533922.0,391.2833886,IT=20;20 ,ii
24964,UP 1,40.522,26184,19568308.0,63.891728,2507853.5,391.2833636,IT=20;20 ,ii
24965,UP 1,39.828,25756,20374812.0,63.895899,2687195.0,391.2832593,IT=20;20 ,ii
24966,UP 1,39.512,25236,20165420.0,63.900068,2608899.8,391.2832643,IT=20;20 ,ii
24967,UP 1,39.957,26912,20384190.0,63.904255,2683944.2,391.2833363,IT=20;20 ,ii
24968,UP 1,39.375,26752,20390726.0,63.90843,2703467.8,391.2832609,IT=20;20 ,ii
24969,UP 1,40.145,25648,19597602.0,63.912449,2570176.8,391.2833756,IT=20;20 ,ii
24970,UP 1,39.884,27672,20918946.0,63.916632,2747269.5,391.2832928,IT=20;20 ,ii
24971,UP 1,39.737,26120,20182388.0,63.920817,2707400.2,391.2833455,IT=20;20 ,ii
24972,UP 1,39.785,24972,19729456.0,63.925095,2559192.5,391.2833495,IT=20;20 ,ii
24973,UP 1,38.717,26072,20138600.0,63.929263,2643226.5,391.2833616,IT=19;19 ,ii
24974,UP 1,39.060,27260,20374262.0,63.933278,2739150.8,391.2833654,IT=20;20 ,ii
24975,UP 1,41.272,28812,19516452.0,63.93749,2452429.0,391.2834084,IT=21;21 ,ii
24976,UP 1,40.341,26372,20096444.0,63.941672,2653415.5,391.2833735,IT=20;20 ,ii
24977,UP 1,40.305,28080,19971814.0,63.945855,2553434.8,391.2833929,IT=20;20 ,ii
24978,UP 1,39.542,25104,19875780.0,63.949853,2663638.5,391.2834082,IT=20;20 ,ii
24979,UP 1,39.848,24748,19967152.0,63.954028,2588762.0,391.2833977,IT=20;20 ,ii
24980,UP 1,38.428,24544,20218204.0,63.958188,2684976.0,391.2833791,IT=19;19 ,ii
24981,UP 1,39.854,25396,19799918.0,63.962388,2561011.0,391.2834108,IT=20;20 ,ii
24982,UP 1,41.234,26780,20032896.0,63.966596,2701162.5,391.283404,IT=21;21 ,ii
24983,UP 1,40.219,26448,20037140.0,63.970596,2527429.0,391.2834118,IT=20;20 ,ii
24984,UP 1,40.165,25364,19515732.0,63.974771,2557254.2,391.2834559,IT=20;20 ,ii
24985,UP 1,38.772,25032,20214452.0,63.978942,2614032.0,391.2833058,IT=19;19 ,ii
24986,UP 1,38.673,25216,20861880.0,63.983121,2797745.8,391.2833165,IT=19;19 ,ii
24987,UP 1,39.357,26620,20062806.0,63.987136,2571372.2,391.2834049,IT=20;20 ,ii
24988,UP 1,39.508,26008,20358474.0,63.991307,2719359.2,391.2834772,IT=20;20 ,ii
24989,UP 1,38.521,25204,20134784.0,63.995473,2591247.0,391.2833959,IT=19;19 ,ii
24990,UP 1,39.370,26516,19958558.0,63.999667,2578371.5,391.2834495,IT=20;20 ,ii
24991,UP 1,39.183,25176,20381052.0,64.003665,2731831.5,391.2834546,IT=20;20 ,ii
24992,UP 1,38.760,25912,20038198.0,64.007931,2668017.8,391.2834654,IT=19;19 ,ii
24993,UP 1,39.523,25636,20268160.0,64.012123,2790075.2,391.2833991,IT=20;20 ,ii
24994,UP 1,39.631,25288,19693804.0,64.0163,2536036.5,391.2834525,IT=20;20 ,ii
24995,UP 1,38.510,25476,20225196.0,64.020454,2713305.8,391.2834063,IT=19;19 ,ii
24996,UP 1,39.446,25184,20012440.0,64.024471,2625224.8,391.2834325,IT=20;20 ,ii
24997,UP 1,40.440,27472,19909026.0,64.028673,2573684.2,391.2834651,IT=20;20 ,ii
24998,UP 1,40.039,26696,20034352.0,64.032854,2596693.5,391.2833256,IT=20;20 ,ii
24999,UP 1,39.004,26380,20229080.0,64.037027,2562356.5,391.283418,IT=20;20 ,ii
25000,UP 1,39.126,25988,20078224.0,64.041038,2587402.8,391.2834301,IT=20;20 ,ii
25001,UP 1,39.106,26336,20167272.0,64.045225,2597267.0,391.2833413,IT=20;20 ,ii
25002,UP 1,38.413,24964,20204136.0,64.049385,2704404.5,391.2834127,IT=19;19 ,ii
25003,UP 1,37.705,24196,20387400.0,64.053552,2728747.5,391.2833966,IT=19;19 ,ii
25004,UP 1,38.269,25228,21126688.0,64.057738,2929825.2,391.2833017,IT=19;19 ,ii
25005,UP 1,39.360,25488,20090802.0,64.061754,2624760.2,391.2833802,IT=20;20 ,ii
25006,UP 1,38.112,25324,20364466.0,64.065914,2702517.5,391.2834753,IT=19;19 ,ii
25007,UP 1,39.489,25972,19992826.0,64.070117,2537135.8,391.2833856,IT=20;20 ,ii
25008,UP 1,40.420,27408,19977948.0,64.074325,2607109.5,391.2834173,IT=20;20 ,ii
25009,UP 1,40.293,26000,20353686.0,64.078335,2657948.2,391.2832863,IT=20;20 ,ii
25010,UP 1,38.447,23824,20448910.0,64.082493,2780365.8,391.2833556,IT=19;19 ,ii
25011,UP 1,38.742,24796,20491016.0,64.086677,2664927.8,391.2834015,IT=19;19 ,ii
25012,UP 1,38.046,26344,20709488.0,64.090921,2761486.2,391.2833047,IT=19;19 ,ii
25013,UP 1,38.763,23200,19903426.0,64.09511,2639687.2,391.2833889,IT=19;19 ,ii
25014,UP 1,39.381,26480,20654786.0,64.099123,2723454.2,391.2833402,IT=20;20 ,ii
25015,UP 1,39.328,26176,20551396.0,64.103291,2728867.0,391.2833741,IT=20;20 ,ii
25016,UP 1,39.540,25496,20203704.0,64.107477,2658667.2,391.2833686,IT=20;20 ,ii
25017,UP 1,40.319,26784,20155668.0,64.111674,2617702.8,391.2833885,IT=20;20 ,ii
25018,UP 1,39.138,28236,20811916.0,64.115675,2797714.5,391.28334,IT=20;20 ,ii
25019,UP 1,39.063,25256,20345814.0,64.11986,2774991.8,391.2833121,IT=20;20 ,ii
25020,UP 1,38.236,25768,20053868.0,64.124031,2657676.2,391.2832381,IT=19;19 ,ii
25021,UP 1,40.435,26320,20287616.0,64.128245,2679202.2,391.2832832,IT=20;20 ,ii
25022,UP 1,38.729,27116,20165740.0,64.132401,2661814.8,391.2833415,IT=19;19 ,ii
25023,UP 1,39.117,26300,20104930.0,64.136412,2705906.8,391.2833001,IT=20;20 ,ii
25024,UP 1,39.332,25112,20293232.0,64.140587,2757578.5,391.2833207,IT=20;20 ,ii
25025,UP 1,38.879,25044,20423930.0,64.144764,2646916.2,391.2832561,IT=19;19 ,ii
25026,UP 1,37.761,23796,20626896.0,64.148922,2718111.2,391.2832742,IT=19;19 ,ii
25027,UP 1,38.763,24300,20544902.0,64.152939,2775077.5,391.2832902,IT=19;19 ,ii
25028,UP 1,38.762,26404,20215340.0,64.157124,2676754.2,391.2834701,IT=19;19 ,ii
25029,UP 1,39.870,27960,20073890.0,64.161322,2608463.8,391.2834169,IT=20;20 ,ii
25030,UP 1,39.356,25932,20511512.0,64.165499,2761719.5,391.2834186,IT=20;20 ,ii
25031,UP 1,39.895,25768,19873238.0,64.169703,2637439.8,391.2834841,IT=20;20 ,ii
25032,UP 1,39.571,26156,20382144.0,64.173978,2751182.2,391.2834521,IT=20;20 ,ii
25033,UP 1,39.245,25252,20308992.0,64.178143,2634020.2,391.28343,IT=20;20 ,ii
25034,UP 1,39.576,26196,20275576.0,64.182324,2599570.2,391.2835474,IT=20;20 ,ii
25035,UP 1,39.305,26284,20363356.0,64.186493,2717922.0,391.2834762,IT=20;20 ,ii
25036,UP 1,39.258,24804,20248664.0,64.190484,2766164.0,391.2834009,IT=20;20 ,ii
25037,UP 1,40.291,25948,20584992.0,64.194672,2702136.8,391.2834553,IT=20;20 ,ii
25038,UP 1,38.461,25668,20351076.0,64.198811,2693988.8,391.2835037,IT=19;19 ,ii
25039,UP 1,39.346,23836,20744866.0,64.202993,2790535.2,391.2834005,IT=20;20 ,ii
25040,UP 1,38.099,25680,20304036.0,64.207141,2712221.0,391.2834601,IT=19;19 ,ii
25041,UP 1,39.861,27288,20147980.0,64.211166,2651876.5,391.2834463,IT=20;20 ,ii
25042,UP 1,39.097,27072,20735712.0,64.215324,2828936.0,391.2834214,IT=20;20 ,ii
25043,UP 1,38.679,25332,20502174.0,64.219486,2773272.0,391.2834612,IT=19;19 ,ii
25044,UP 1,39.141,25184,20457442.0,64.223674,2742451.2,391.2834076,IT=20;20 ,ii
25045,UP 1,38.461,26288,20626414.0,64.22767,2737147.0,391.28353,IT=19;19 ,ii
25046,UP 1,39.500,27372,20070616.0,64.23187,2696932.0,391.2835835,IT=20;20 ,ii
25047,UP 1,39.203,25236,20187492.0,64.236047,2635283.5,391.2835447,IT=20;20 ,ii
25048,UP 1,39.205,25064,20058286.0,64.240228,2601788.0,391.2835916,IT=20;20 ,ii
25049,UP 1,39.811,24760,19897930.0,64.244419,2674201.5,391.2834726,IT=20;20 ,ii
25050,UP 1,40.177,26116,20590864.0,64.248422,2766159.0,391.2834675,IT=20;20 ,ii
25051,UP 1,39.354,25708,20265352.0,64.252584,2647886.2,391.2834755,IT=20;20 ,ii
25052,UP 1,39.662,26232,20013302.0,64.256755,2615693.0,391.283446,IT=20;20 ,ii
25053,UP 1,38.768,24764,20630000.0,64.261019,2690710.8,391.2835327,IT=19;19 ,ii
25054,UP 1,39.282,24816,20064704.0,64.265215,2532726.2,391.2834929,IT=20;20 ,ii
25055,UP 1,39.269,25424,20157168.0,64.269386,2655552.2,391.2834792,IT=20;20 ,ii
25056,UP 1,39.292,26268,19694912.0,64.273567,2539583.0,391.2831841,IT=20;20 ,ii
25057,UP 1,40.193,26032,20204822.0,64.277763,2564342.8,391.2834233,IT=20;20 ,ii
25058,UP 1,38.519,25148,20578444.0,64.281921,2741660.0,391.2834599,IT=19;19 ,ii
25059,UP 1,37.754,25136,20467230.0,64.285913,2708985.8,391.283478,IT=19;19 ,ii
25060,UP 1,39.223,26100,19939034.0,64.290096,2592424.5,391.283548,IT=20;20 ,ii
25061,UP 1,39.230,25616,20171962.0,64.294275,2608679.8,391.2835409,IT=20;20 ,ii
25062,UP 1,39.047,25832,20508146.0,64.29845,2695347.2,391.2834904,IT=20;20 ,ii
25063,UP 1,38.852,26584,20273802.0,64.302621,2617503.8,391.2835173,IT=19;19 ,ii
25064,UP 1,39.435,27040,20076816.0,64.306627,2608550.0,391.283566,IT=20;20 ,ii
25065,UP 1,39.297,25800,20342716.0,64.310788,2630553.8,391.2834373,IT=20;20 ,ii
25066,UP 1,37.987,25428,20884658.0,64.314936,2724781.5,391.2834459,IT=19;19 ,ii
25067,UP 1,38.403,25032,20876068.0,64.319106,2656177.0,391.283571,IT=19;19 ,ii
25068,UP 1,37.643,24136,20588558.0,64.323096,2710452.2,391.2834908,IT=19;19 ,ii
25069,UP 1,38.008,25192,20719208.0,64.327267,2783338.8,391.2835579,IT=19;19 ,ii
25070,UP 1,38.941,23652,20217112.0,64.331454,2663565.5,391.2836223,IT=19;19 ,ii
25071,UP 1,38.191,24912,20344510.0,64.335623,2714804.2,391.2836218,IT=19;19 ,ii
25072,UP 1,38.110,24420,20271428.0,64.339629,2674523.5,391.2835436,IT=19;19 ,ii
25073,UP 1,40.053,25736,20353684.0,64.343921,2710139.5,391.2834934,IT=20;20 ,ii
25074,UP 1,38.600,26320,20574946.0,64.348075,2721054.2,391.2834597,IT=19;19 ,ii
25075,UP 1,39.955,26860,20304946.0,64.352265,2618141.0,391.2834957,IT=20;20 ,ii
25076,UP 1,37.928,25812,19926462.0,64.356404,2600736.2,391.2834931,IT=19;19 ,ii
25077,UP 1,38.804,26476,20611274.0,64.360419,2777013.0,391.2834324,IT=19;19 ,ii
25078,UP 1,38.387,25604,20479152.0,64.364592,2667887.8,391.2834773,IT=19;19 ,ii
25079,UP 1,40.430,26744,19923400.0,64.3688,2556263.0,391.2835464,IT=20;20 ,ii
25080,UP 1,39.661,24532,20289682.0,64.372975,2704224.0,391.2835142,IT=20;20 ,ii
25081,UP 1,39.602,25612,20464632.0,64.376981,2713584.0,391.2834709,IT=20;20 ,ii
25082,UP 1,39.923,25624,20166152.0,64.381171,2663734.5,391.2834724,IT=20;20 ,ii
25083,UP 1,38.798,25288,20557640.0,64.385331,2814519.8,391.2834527,IT=19;19 ,ii
25084,UP 1,40.389,26280,19995572.0,64.389535,2544300.5,391.2834505,IT=20;20 ,ii
25085,UP 1,39.177,24848,20382608.0,64.393704,2737183.5,391.2834454,IT=20;20 ,ii
25086,UP 1,39.350,25944,20581752.0,64.397712,2721198.5,391.2833873,IT=20;20 ,ii
25087,UP 1,40.218,26348,19909546.0,64.4019,2598504.5,391.2834367,IT=20;20 ,ii
25088,UP 1,38.780,24856,20517718.0,64.40606,2657478.0,391.2833883,IT=19;19 ,ii
25089,UP 1,37.348,26072,21052450.0,64.410214,2812851.2,391.2833508,IT=19;19 ,ii
25090,UP 1,39.228,26020,20734448.0,64.414248,2753809.2,391.2833036,IT=20;20 ,ii
25091,UP 1,39.921,26560,20556948.0,64.418441,2744623.0,391.2832084,IT=20;20 ,ii
25092,UP 1,39.120,25896,20349060.0,64.422618,2782051.5,391.283302,IT=20;20 ,ii
25093,UP 1,39.031,25964,20027218.0,64.426893,2605144.8,391.283282,IT=20;20 ,ii
25094,UP 1,38.804,25108,20664046.0,64.431066,2699868.0,391.2833319,IT=19;19 ,ii
25095,UP 1,37.971,22872,20858844.0,64.435056,2787617.5,391.2832863,IT=19;19 ,ii
25096,UP 1,38.614,24948,20250652.0,64.439229,2683916.2,391.2832507,IT=19;19 ,ii
25097,UP 1,37.846,24380,20694748.0,64.443395,2738119.2,391.2832353,IT=19;19 ,ii
25098,UP 1,38.228,24128,20136984.0,64.447574,2718272.5,391.2833157,IT=19;19 ,ii
25099,UP 1,40.655,27596,19769802.0,64.451616,2565842.8,391.2834397,IT=20;20 ,ii
25100,UP 1,38.994,26608,20779172.0,64.455774,2810215.0,391.2832995,IT=19;19 ,ii
25101,UP 1,38.948,26628,20470082.0,64.459958,2636964.2,391.2833309,IT=19;19 ,ii
25102,UP 1,37.908,23664,20616428.0,64.464114,2849514.0,391.2832585,IT=19;19 ,ii
25103,UP 1,38.462,25204,19861778.0,64.468297,2621060.5,391.2833119,IT=19;19 ,ii
25104,UP 1,39.231,26116,20066306.0,64.472314,2629345.2,391.2833466,IT=20;20 ,ii
25105,UP 1,39.679,25392,20754682.0,64.476493,2737374.8,391.2833573,IT=20;20 ,ii
25106,UP 1,39.975,26776,20335692.0,64.480685,2733314.8,391.2833724,IT=20;20 ,ii
25107,UP 1,40.652,26788,20212568.0,64.484878,2616558.0,391.2834411,IT=20;20 ,ii
25108,UP 1,37.935,23912,20487924.0,64.488841,2732311.0,391.2833405,IT=19;19 ,ii
25109,UP 1,38.526,24440,20335756.0,64.493032,2654190.2,391.2833718,IT=19;19 ,ii
25110,UP 1,38.978,26072,20365856.0,64.497214,2734922.2,391.2833607,IT=19;19 ,ii
25111,UP 1,42.755,27572,19671764.0,64.501453,2532202.8,391.2834707,IT=21;21 ,ii
25112,UP 1,39.134,25588,20627272.0,64.505578,2715741.8,391.2833989,IT=20;20 ,ii
25113,UP 1,39.325,26536,20932202.0,64.509851,2856399.8,391.2833225,IT=20;20 ,ii
25114,UP 1,39.778,25204,19929250.0,64.51403,2570717.8,391.2833862,IT=20;20 ,ii
25115,UP 1,37.864,25036,20670584.0,64.518168,2767896.0,391.2834207,IT=19;19 ,ii
25116,UP 1,38.816,24704,20454180.0,64.522355,2699898.8,391.2833463,IT=19;19 ,ii
25117,UP 1,40.940,26740,19594874.0,64.526401,2533779.2,391.2833957,IT=20;20 ,ii
25118,UP 1,38.683,26248,20013018.0,64.530551,2622729.5,391.2833397,IT=19;19 ,ii
25119,UP 1,40.271,27816,20643394.0,64.534749,2706834.0,391.283359,IT=20;20 ,ii
25120,UP 1,38.825,23920,19713180.0,64.538895,2627222.5,391.2834227,IT=19;19 ,ii
25121,UP 1,39.982,25168,20676332.0,64.543086,2689064.5,391.2833189,IT=20;20 ,ii
25122,UP 1,40.497,25392,20148464.0,64.547097,2703258.5,391.2834859,IT=20;20 ,ii
25123,UP 1,38.627,25528,20097468.0,64.55123,2636265.5,391.2834105,IT=19;19 ,ii
25124,UP 1,42.089,26404,19909492.0,64.555459,2592321.8,391.2833582,IT=21;21 ,ii
25125,UP 1,39.214,25944,20342648.0,64.55959,2673766.8,391.2833274,IT=20;20 ,ii
25126,UP 1,38.420,23204,20769330.0,64.563572,2759300.5,391.2833604,IT=19;19 ,ii
25127,UP 1,37.838,25516,20495388.0,64.56774,2649778.2,391.2833515,IT=19;19 ,ii
25128,UP 1,40.301,26312,19953504.0,64.571963,2592645.0,391.2833912,IT=20;20 ,ii
25129,UP 1,38.999,25344,19814332.0,64.576121,2723282.8,391.2834873,IT=19;19 ,ii
25130,UP 1,38.869,26096,20822438.0,64.580303,2711057.5,391.2833606,IT=19;19 ,ii
25131,UP 1,38.167,26436,20428962.0,64.584292,2709055.2,391.2834611,IT=19;19 ,ii
25132,UP 1,39.403,26200,20569200.0,64.588478,2628482.5,391.2834871,IT=20;20 ,ii
25133,UP 1,38.831,25324,20587536.0,64.59274,2700155.8,391.2833695,IT=19;19 ,ii
25134,UP 1,38.582,25056,20404316.0,64.596915,2659544.2,391.2833929,IT=19;19 ,ii
25135,UP 1,38.422,24292,20544116.0,64.600915,2719992.2,391.2834046,IT=19;19 ,ii
25136,UP 1,39.497,26160,20316498.0,64.6051,2691994.0,391.2834103,IT=20;20 ,ii
25137,UP 1,38.875,27920,20266224.0,64.609271,2711735.5,391.2834567,IT=19;19 ,ii
25138,UP 1,38.738,26316,20718266.0,64.61345,2716366.5,391.2833471,IT=19;19 ,ii
25139,UP 1,40.763,30456,19876686.0,64.617665,2598434.0,391.2834112,IT=20;20 ,ii
25140,UP 1,40.402,27004,20141306.0,64.621669,2610479.8,391.2834036,IT=20;20 ,ii
25141,UP 1,40.407,25212,19666862.0,64.625854,2676013.2,391.2834458,IT=20;20 ,ii
25142,UP 1,38.791,25316,20000296.0,64.630015,2641533.5,391.2834617,IT=19;19 ,ii
25143,UP 1,40.542,25748,20408132.0,64.634225,2718148.2,391.2834108,IT=20;20 ,ii
25144,UP 1,40.240,27844,20337030.0,64.638231,2637072.2,391.2834289,IT=20;20 ,ii
25145,UP 1,40.375,27192,20223792.0,64.642421,2633473.2,391.283472,IT=20;20 ,ii
25146,UP 1,40.435,26856,19641744.0,64.646606,2511382.0,391.2834442,IT=20;20 ,ii
25147,UP 1,39.223,25440,19964104.0,64.650771,2649271.2,391.2833753,IT=20;20 ,ii
25148,UP 1,39.788,29044,19981144.0,64.654965,2589434.5,391.2834793,IT=20;20 ,ii
25149,UP 1,40.087,26036,19632690.0,64.658975,2561860.5,391.2833824,IT=20;20 ,ii
25150,UP 1,40.201,26492,20169542.0,64.663148,2641942.8,391.283376,IT=20;20 ,ii
25151,UP 1,41.076,27424,20556972.0,64.66735,2620758.0,391.2833737,IT=21;21 ,ii
25152,UP 1,39.269,26336,20786226.0,64.671508,2716461.8,391.2834237,IT=20;20 ,ii
25153,UP 1,37.714,25736,20130718.0,64.675746,2733447.2,391.2834757,IT=19;19 ,ii
25154,UP 1,38.920,26416,20354844.0,64.679942,2755416.8,391.2834089,IT=19;19 ,ii
25155,UP 1,39.544,27380,20313116.0,64.684119,2699087.8,391.2834002,IT=20;20 ,ii
25156,UP 1,38.840,25588,20101436.0,64.688273,2790445.2,391.2834569,IT=19;19 ,ii
25157,UP 1,40.491,26656,19576340.0,64.692466,2553082.0,391.2834374,IT=20;20 ,ii
25158,UP 1,41.096,27656,19722194.0,64.696479,2606249.5,391.2834566,IT=21;21 ,ii
25159,UP 1,39.514,26536,19980466.0,64.700629,2605091.8,391.2834592,IT=20;20 ,ii
25160,UP 1,39.594,27624,19884980.0,64.704794,2638901.8,391.2834672,IT=20;20 ,ii
25161,UP 1,39.765,26516,19744856.0,64.708962,2581593.5,391.2834111,IT=20;20 ,ii
25162,UP 1,39.016,25320,20583970.0,64.712946,2801429.2,391.2835013,IT=20;20 ,ii
25163,UP 1,38.120,24956,20352572.0,64.717098,2686318.8,391.2834669,IT=19;19 ,ii
25164,UP 1,39.599,27312,20216688.0,64.721304,2682674.2,391.283366,IT=20;20 ,ii
25165,UP 1,39.199,27616,20243524.0,64.725479,2622813.5,391.283429,IT=20;20 ,ii
25166,UP 1,39.967,25740,19912692.0,64.72967,2560492.5,391.2834005,IT=20;20 ,ii
25167,UP 1,38.456,26872,20185858.0,64.733654,2668530.0,391.2833646,IT=19;19 ,ii
25168,UP 1,37.763,26528,21015352.0,64.73781,2809259.8,391.2834149,IT=19;19 ,ii
25169,UP 1,38.347,25684,19578792.0,64.741993,2554520.5,391.2834934,IT=19;19 ,ii
25170,UP 1,40.176,25528,20163088.0,64.746197,2700813.0,391.2833928,IT=20;20 ,ii
25171,UP 1,38.823,26180,20216928.0,64.750183,2697261.5,391.2833854,IT=19;19 ,ii
25172,UP 1,38.120,28236,19965912.0,64.754362,2574054.5,391.2834745,IT=19;19 ,ii
25173,UP 1,43.825,28632,18984684.0,64.758704,2478006.5,391.283409,IT=22;22 ,ii
25174,UP 1,39.473,25344,20425796.0,64.762814,2730891.0,391.2833484,IT=20;20 ,ii
25175,UP 1,39.974,26168,20008890.0,64.766993,2659777.2,391.2833396,IT=20;20 ,ii
25176,UP 1,39.309,26872,19570438.0,64.770976,2572677.8,391.2831938,IT=20;20 ,ii
25177,UP 1,39.005,25524,19561640.0,64.775154,2644976.0,391.283487,IT=20;20 ,ii
25178,UP 1,39.242,27240,19488208.0,64.779335,2473310.5,391.2833916,IT=20;20 ,ii
25179,UP 1,41.945,26308,19939766.0,64.783558,2604791.8,391.283273,IT=21;21 ,ii
25180,UP 1,38.509,25112,19353586.0,64.78751,2483724.8,391.2834552,IT=19;19 ,ii
25181,UP 1,38.503,26068,20013516.0,64.791691,2581202.2,391.283379,IT=19;19 ,ii
25182,UP 1,38.674,23496,19842306.0,64.79587,2678745.8,391.2834862,IT=19;19 ,ii
25183,UP 1,38.354,26352,19966304.0,64.800043,2560657.2,391.2833636,IT=19;19 ,ii
25184,UP 1,38.778,26032,19713730.0,64.804226,2565281.0,391.2833605,IT=19;19 ,ii
25185,UP 1,39.024,25736,20198716.0,64.80823,2668601.2,391.2834153,IT=20;20 ,ii
25186,UP 1,39.500,26892,20287328.0,64.812426,2666828.8,391.2834213,IT=20;20 ,ii
25187,UP 1,39.756,28064,19700106.0,64.816614,2603268.8,391.2835169,IT=20;20 ,ii
25188,UP 1,39.625,27712,19851462.0,64.820797,2596143.8,391.2835394,IT=20;20 ,ii
25189,UP 1,41.073,27476,19471754.0,64.824826,2535675.5,391.283434,IT=21;21 ,ii
25190,UP 1,44.840,28152,18547590.0,64.829074,2408577.5,391.2835206,IT=22;22 ,ii
25191,UP 1,39.713,24396,19260756.0,64.833172,2452783.0,391.2835169,IT=20;20 ,ii
25192,UP 1,39.907,26776,19389724.0,64.837361,2533579.2,391.2834077,IT=20;20 ,ii
25193,UP 1,39.685,26548,19562408.0,64.841634,2491938.0,391.2834066,IT=20;20 ,ii
25194,UP 1,43.403,27948,19923514.0,64.845878,2586792.2,391.2833734,IT=22;22 ,ii
25195,UP 1,39.755,27004,19716646.0,64.849999,2457111.2,391.2835391,IT=20;20 ,ii
25196,UP 1,41.958,26736,19319056.0,64.854197,2541673.5,391.2834997,IT=21;21 ,ii
25197,UP 1,40.512,27576,19104552.0,64.858345,2421718.0,391.2834999,IT=20;20 ,ii
25198,UP 1,42.478,27700,19063268.0,64.862376,2510499.8,391.2835612,IT=21;21 ,ii
25199,UP 1,39.788,27720,20044280.0,64.866505,2568441.0,391.283463,IT=20;20 ,ii
25200,UP 1,39.563,25192,19115210.0,64.870676,2514197.2,391.2835428,IT=20;20 ,ii
25201,UP 1,41.860,26864,19261468.0,64.874874,2444811.5,391.2835843,IT=21;21 ,ii
25202,UP 1,41.288,27116,20089620.0,64.879036,2688765.5,391.2834869,IT=21;21 ,ii
25203,UP 1,40.026,27000,19095150.0,64.883192,2396415.8,391.2835957,IT=20;20 ,ii
25204,UP 1,40.158,27624,19829890.0,64.887361,2601420.5,391.2835498,IT=20;20 ,ii
25205,UP 1,39.375,28268,19562264.0,64.891519,2458447.0,391.2836159,IT=20;20 ,ii
25206,UP 1,39.069,26324,20324220.0,64.895678,2736810.5,391.283533,IT=20;20 ,ii
25207,UP 1,39.329,30260,19608378.0,64.899674,2525180.0,391.2836914,IT=20;20 ,ii
25208,UP 1,38.929,26136,20166342.0,64.903834,2613934.2,391.283606,IT=19;19 ,ii
25209,UP 1,40.786,27096,20017068.0,64.90803,2621922.8,391.2835013,IT=20;20 ,ii
25210,UP 1,40.050,27548,20006544.0,64.91219,2586743.2,391.2835058,IT=20;20 ,ii
25211,UP 1,39.671,26160,19444606.0,64.916355,2491223.5,391.2835795,IT=20;20 ,ii
25212,UP 1,41.331,27544,19836810.0,64.920375,2698902.0,391.2834976,IT=21;21 ,ii
25213,UP 1,40.126,29504,19058118.0,64.924673,2514870.5,391.2836564,IT=20;20 ,ii
25214,UP 1,43.967,28688,19654348.0,64.9289,2562769.5,391.2835101,IT=22;22 ,ii
25215,UP 1,39.019,26792,19914362.0,64.932994,2636560.8,391.2835726,IT=20;20 ,ii
25216,UP 1,43.091,27120,19326788.0,64.93705,2439748.2,371.1006507,IT=22;22 ,ii
25217,UP 1,41.606,27720,20193346.0,64.9412,2594541.8,371.1006647,IT=21;21 ,ii
25218,UP 1,40.247,27700,19582808.0,64.945363,2574519.0,391.2836301,IT=20;20 ,ii
25219,UP 1,41.566,26560,19569572.0,64.949569,2516669.5,391.2836177,IT=21;21 ,ii
25220,UP 1,41.812,26072,20038980.0,64.953759,2728925.8,391.2835524,IT=21;21 ,ii
25221,UP 1,43.179,30924,19683662.0,64.957796,2552126.0,391.2836081,IT=22;22 ,ii
25222,UP 1,41.578,28392,18480206.0,64.961942,2364093.0,391.2836706,IT=21;21 ,ii
25223,UP 1,46.862,28624,19229688.0,64.966206,2439266.2,391.2835156,IT=23;23 ,ii
25224,UP 1,43.778,26968,19064636.0,64.970342,2459758.8,391.2835593,IT=22;22 ,ii
25225,UP 1,41.343,26268,18584396.0,64.974302,2439232.2,391.2836595,IT=21;21 ,ii
25226,UP 1,40.806,29908,18698328.0,64.978473,2452994.2,391.2837079,IT=20;20 ,ii
25227,UP 1,45.599,30380,18893888.0,64.982748,2441721.5,391.2836246,IT=23;23 ,ii
25228,UP 1,39.186,27800,18799558.0,64.986827,2424021.8,391.2836488,IT=20;20 ,ii
25229,UP 1,46.929,29424,18374188.0,64.991135,2298357.5,391.2836542,IT=23;23 ,ii
25230,UP 1,44.368,28816,20176382.0,64.995102,2599735.0,391.2835286,IT=22;22 ,ii
25231,UP 1,42.939,29964,18719058.0,64.99925,2506607.5,391.2837266,IT=21;21 ,ii
25232,UP 1,49.156,30136,17552682.0,65.003539,2213773.2,391.2837866,IT=25;25 ,ii
25233,UP 1,46.208,32292,18691660.0,65.007933,2396303.0,391.2836757,IT=23;23 ,ii
25234,UP 1,38.323,31240,18967848.0,65.011987,2346246.2,391.2837308,IT=19;19 ,ii
25235,UP 1,44.815,30388,18059266.0,65.016258,2367076.2,391.2837184,IT=22;22 ,ii
25236,UP 1,41.723,28712,17504678.0,65.020383,2239730.0,391.283783,IT=21;21 ,ii
25237,UP 1,45.518,29632,18682430.0,65.024618,2323339.8,391.2836708,IT=23;23 ,ii
25238,UP 1,43.922,31936,18554542.0,65.028764,2361373.2,391.2837061,IT=22;22 ,ii
25239,UP 1,44.678,32324,18039738.0,65.032777,2292012.8,391.2836534,IT=22;22 ,ii
25240,UP 1,46.012,31504,17836362.0,65.036975,2255898.2,391.2837241,IT=23;23 ,ii
25241,UP 1,44.075,30216,18165076.0,65.041114,2368302.0,391.2836706,IT=22;22 ,ii
25242,UP 1,45.642,32848,17544148.0,65.045314,2206299.0,391.2838099,IT=23;23 ,ii
25243,UP 1,44.020,29844,17357092.0,65.04946,2238933.0,391.2839187,IT=22;22 ,ii
25244,UP 1,44.618,30816,17396386.0,65.05347,2269054.8,391.2838133,IT=22;22 ,ii
25245,UP 1,43.653,31936,17702980.0,65.057627,2328714.0,391.2838345,IT=22;22 ,ii
25246,UP 1,44.614,30492,18100134.0,65.061816,2320471.2,391.2837416,IT=22;22 ,ii
25247,UP 1,48.538,31204,16824058.0,65.066058,2063000.6,391.2838982,IT=24;24 ,ii
25248,UP 1,42.427,29748,17336100.0,65.069958,2202769.0,391.2838161,IT=21;21 ,ii
25249,UP 1,44.197,31728,17399096.0,65.07416,2160434.2,391.2838572,IT=22;22 ,ii
25250,UP 1,44.185,29284,17190544.0,65.078335,2214773.8,391.2838337,IT=22;22 ,ii
25251,UP 1,45.093,30504,18127060.0,65.082526,2407674.8,391.2837097,IT=23;23 ,ii
25252,UP 1,42.693,29920,17915166.0,65.086497,2280127.0,391.2837768,IT=21;21 ,ii
25253,UP 1,41.936,28084,17761914.0,65.090818,2254977.2,391.2837138,IT=21;21 ,ii
25254,UP 1,41.703,29688,17632602.0,65.094991,2302949.8,391.2838252,IT=21;21 ,ii
25255,UP 1,43.981,29784,17147108.0,65.099203,2200531.0,391.2837943,IT=22;22 ,ii
25256,UP 1,46.609,31328,17950738.0,65.103424,2307207.8,391.2837721,IT=23;23 ,ii
25257,UP 1,43.468,29116,16944266.0,65.107391,2189774.5,391.2838943,IT=22;22 ,ii
25258,UP 1,45.070,30388,17666458.0,65.111587,2352529.0,391.283874,IT=23;23 ,ii
25259,UP 1,46.926,29988,17204242.0,65.115803,2143763.2,391.2837172,IT=23;23 ,ii
25260,UP 1,46.193,30480,17397908.0,65.119976,2189418.0,391.2837421,IT=23;23 ,ii
25261,UP 1,43.792,29372,17316972.0,65.123949,2216652.8,391.2838146,IT=22;22 ,ii
25262,UP 1,45.475,30604,17310984.0,65.12816,2279476.2,391.2839203,IT=23;23 ,ii
25263,UP 1,46.527,33312,17092240.0,65.132366,2120074.5,391.2839396,IT=23;23 ,ii
25264,UP 1,47.030,32896,16984554.0,65.136564,2130369.2,391.2838596,IT=24;24 ,ii
25265,UP 1,46.640,33792,16784082.0,65.140747,2072682.5,391.2839101,IT=23;23 ,ii
25266,UP 1,46.843,31360,17087898.0,65.144759,2133928.5,391.2837753,IT=23;23 ,ii
25267,UP 1,46.327,30120,17336870.0,65.148932,2182405.2,391.2837148,IT=23;23 ,ii
25268,UP 1,48.420,31652,17119170.0,65.153153,2172878.0,391.283831,IT=24;24 ,ii
25269,UP 1,45.165,33580,17128154.0,65.157268,2150109.0,391.2838783,IT=23;23 ,ii
25270,UP 1,44.771,29424,18214790.0,65.161261,2342582.5,391.2836889,IT=22;22 ,ii
25271,UP 1,44.459,31300,17454602.0,65.16544,2272862.0,391.2838204,IT=22;22 ,ii
25272,UP 1,46.894,31264,16853150.0,65.169657,2082589.9,391.2839299,IT=23;23 ,ii
25273,UP 1,46.983,29788,16753256.0,65.174067,2092341.8,391.2838666,IT=23;23 ,ii
25274,UP 1,45.292,30092,17426228.0,65.178213,2195272.8,391.2837044,IT=23;23 ,ii
25275,UP 1,46.836,30060,16952410.0,65.182236,2141106.8,391.2838589,IT=23;23 ,ii
25276,UP 1,47.181,32100,16640254.0,65.18642,2123314.2,391.2838335,IT=24;24 ,ii
25277,UP 1,44.521,31152,18145636.0,65.190561,2325992.8,391.2837732,IT=22;22 ,ii
25278,UP 1,47.007,29992,16520221.0,65.194782,2076755.2,391.2838511,IT=24;24 ,ii
25279,UP 1,44.864,29180,16645195.0,65.198749,2102316.0,391.2838877,IT=22;22 ,ii
25280,UP 1,48.939,30572,17071866.0,65.202986,2163215.0,391.2837384,IT=24;24 ,ii
25281,UP 1,45.487,29656,17464980.0,65.207101,2199975.0,391.2837771,IT=23;23 ,ii
25282,UP 1,45.599,30196,16956120.0,65.211278,2166346.2,391.2836928,IT=23;23 ,ii
25283,UP 1,46.041,33124,16594531.0,65.215459,2057399.4,391.2838103,IT=23;23 ,ii
25284,UP 1,46.598,32240,17584004.0,65.219465,2237021.0,391.283671,IT=23;23 ,ii
25285,UP 1,46.664,31448,16809392.0,65.223642,2126692.5,391.2837386,IT=23;23 ,ii
25286,UP 1,45.375,30872,16701464.0,65.227796,2132152.0,391.2838231,IT=23;23 ,ii
25287,UP 1,44.771,30328,17740034.0,65.231973,2257923.8,391.2836393,IT=22;22 ,ii
25288,UP 1,49.043,32460,17497622.0,65.236057,2145241.2,391.2837014,IT=25;25 ,ii
25289,UP 1,45.411,32092,17221238.0,65.24018,2140484.5,391.2837203,IT=23;23 ,ii
25290,UP 1,47.138,33856,17937052.0,65.244384,2224741.5,391.283664,IT=24;24 ,ii
25291,UP 1,44.933,30056,17331026.0,65.248538,2199060.2,391.2837952,IT=22;22 ,ii
25292,UP 1,44.599,30528,17966576.0,65.252717,2304692.8,391.2837411,IT=22;22 ,ii
25293,UP 1,45.216,30264,17337338.0,65.256742,2204206.8,391.283715,IT=23;23 ,ii
25294,UP 1,46.274,31848,17462152.0,65.261132,2152752.5,391.2837139,IT=23;23 ,ii
25295,UP 1,43.414,28636,17430976.0,65.265261,2236939.5,391.2838322,IT=22;22 ,ii
25296,UP 1,44.386,34192,17610588.0,65.269452,2184539.8,391.2837777,IT=22;22 ,ii
25297,UP 1,46.781,35256,17392158.0,65.273502,2111284.0,391.283786,IT=23;23 ,ii
25298,UP 1,43.708,30304,17494582.0,65.277463,2193812.2,391.2837567,IT=22;22 ,ii
25299,UP 1,46.755,32484,17934704.0,65.281696,2192124.5,391.2837472,IT=23;23 ,ii
25300,UP 1,42.001,28924,17472254.0,65.285802,2297056.0,391.2837836,IT=21;21 ,ii
25301,UP 1,43.386,30012,16941794.0,65.290013,2120724.0,391.2838744,IT=22;22 ,ii
25302,UP 1,47.492,35072,17489416.0,65.294092,2140701.8,391.2837747,IT=24;24 ,ii
25303,UP 1,43.211,30332,17643538.0,65.298202,2223915.5,391.2838113,IT=22;22 ,ii
25304,UP 1,48.020,32352,17297260.0,65.302469,2168534.8,391.2838734,IT=24;24 ,ii
25305,UP 1,46.502,30552,17714514.0,65.306629,2330582.2,391.2837619,IT=23;23 ,ii
25306,UP 1,45.121,30756,17578814.0,65.310621,2228590.0,391.2837687,IT=23;23 ,ii
25307,UP 1,45.620,31068,17230652.0,65.314814,2137466.0,391.2837861,IT=23;23 ,ii
25308,UP 1,45.040,31732,17709664.0,65.318989,2252213.2,391.2837015,IT=23;23 ,ii
25309,UP 1,43.537,29004,17965148.0,65.323152,2283109.8,391.2837485,IT=22;22 ,ii
25310,UP 1,45.187,31356,17720342.0,65.327366,2220675.5,391.2837929,IT=23;23 ,ii
25311,UP 1,43.163,28708,17381314.0,65.331343,2226988.0,391.2837369,IT=22;22 ,ii
25312,UP 1,44.257,30652,17783524.0,65.335537,2259507.5,391.283753,IT=22;22 ,ii
25313,UP 1,45.132,32708,18269944.0,65.339733,2284800.2,391.2836671,IT=23;23 ,ii
25314,UP 1,45.456,29900,16625664.0,65.344133,2080850.2,391.2837742,IT=23;23 ,ii
25315,UP 1,42.643,31012,18152980.0,65.348273,2372508.0,391.2835663,IT=21;21 ,ii
25316,UP 1,45.118,32680,17426978.0,65.352314,2201837.2,391.2837436,IT=23;23 ,ii
25317,UP 1,44.736,32448,17618798.0,65.356485,2269215.5,391.2837153,IT=22;22 ,ii
25318,UP 1,43.654,29424,17569626.0,65.360652,2241211.5,391.2836993,IT=22;22 ,ii
25319,UP 1,45.010,31236,17331688.0,65.36486,2113164.5,391.2836204,IT=23;23 ,ii
25320,UP 1,44.080,32012,18028498.0,65.368856,2256725.5,391.2836537,IT=22;22 ,ii
25321,UP 1,44.638,32316,17509300.0,65.373041,2138591.0,391.2837638,IT=22;22 ,ii
25322,UP 1,46.020,31964,17289632.0,65.377245,2148423.5,391.2837482,IT=23;23 ,ii
25323,UP 1,46.175,33464,18000862.0,65.38142,2270486.0,391.283696,IT=23;23 ,ii
25324,UP 1,44.286,31176,17817906.0,65.385564,2159037.0,391.2837603,IT=22;22 ,ii
25325,UP 1,45.278,33016,18112052.0,65.389579,2273493.8,391.2837422,IT=23;23 ,ii
25326,UP 1,41.339,29948,18091156.0,65.393691,2315736.2,391.2837137,IT=21;21 ,ii
25327,UP 1,45.410,30304,17234480.0,65.397945,2165932.8,391.2838061,IT=23;23 ,ii
25328,UP 1,45.878,31920,18012248.0,65.402131,2344178.8,391.2837444,IT=23;23 ,ii
25329,UP 1,44.886,32208,18311130.0,65.406116,2209415.0,391.2836551,IT=22;22 ,ii
25330,UP 1,42.826,30408,17189844.0,65.410258,2168626.0,391.2838466,IT=21;21 ,ii
25331,UP 1,44.811,30492,17502342.0,65.414464,2179913.0,391.283822,IT=22;22 ,ii
25332,UP 1,46.041,31532,17550070.0,65.418668,2194452.0,391.2836942,IT=23;23 ,ii
25333,UP 1,44.553,33396,17919362.0,65.422645,2274100.0,391.2837446,IT=22;22 ,ii
25334,UP 1,46.139,31260,17186278.0,65.427039,2163157.8,391.2837995,IT=23;23 ,ii
25335,UP 1,44.258,28416,17664920.0,65.431182,2269253.2,391.283716,IT=22;22 ,ii
25336,UP 1,42.494,30384,17620510.0,65.435328,2226134.8,391.2837737,IT=21;21 ,ii
25337,UP 1,42.844,29836,17886008.0,65.439507,2239793.0,391.2836496,IT=21;21 ,ii
25338,UP 1,44.905,30280,17889174.0,65.443555,2231279.5,371.1007458,IT=22;22 ,ii
25339,UP 1,44.085,32072,18804968.0,65.447724,2318441.5,391.2835419,IT=22;22 ,ii
25340,UP 1,43.412,31120,18297140.0,65.451905,2322474.2,391.2836983,IT=22;22 ,ii
25341,UP 1,44.797,31560,17787078.0,65.456124,2198417.5,391.2837711,IT=22;22 ,ii
25342,UP 1,43.328,29416,18302518.0,65.460116,2362943.5,391.2837107,IT=22;22 ,ii
25343,UP 1,43.518,32728,18159394.0,65.464305,2303896.0,391.2837595,IT=22;22 ,ii
25344,UP 1,43.833,31968,17652482.0,65.468495,2232407.8,391.2836958,IT=22;22 ,ii
25345,UP 1,41.693,31212,18360718.0,65.472643,2383765.8,391.2835714,IT=21;21 ,ii
25346,UP 1,43.270,31772,17919024.0,65.476857,2190502.2,391.2836749,IT=22;22 ,ii
25347,UP 1,44.727,32564,17328720.0,65.480893,2179434.5,391.2838752,IT=22;22 ,ii
25348,UP 1,43.466,30392,17820702.0,65.485053,2295849.2,391.2837768,IT=22;22 ,ii
25349,UP 1,42.661,31548,17882142.0,65.48922,2183837.0,391.2837841,IT=21;21 ,ii
25350,UP 1,44.252,32520,18250576.0,65.493417,2351401.5,391.2838538,IT=22;22 ,ii
25351,UP 1,43.555,32192,18636310.0,65.497424,2313121.5,391.2837754,IT=22;22 ,ii
25352,UP 1,45.126,32176,18043258.0,65.50163,2327897.2,391.2837364,IT=23;23 ,ii
25353,UP 1,42.922,31396,17757402.0,65.505769,2223010.8,391.2837938,IT=21;21 ,ii
25354,UP 1,45.807,31396,17758824.0,65.510167,2244269.5,391.2838259,IT=23;23 ,ii
25355,UP 1,43.942,31408,17164052.0,65.514309,2130478.2,391.2839192,IT=22;22 ,ii
25356,UP 1,44.244,31020,17351440.0,65.518317,2241710.5,391.2838434,IT=22;22 ,ii
25357,UP 1,46.966,34008,18271006.0,65.522536,2258073.5,391.2837678,IT=23;23 ,ii
25358,UP 1,43.774,29368,17954018.0,65.526667,2295103.2,391.2838141,IT=22;22 ,ii
25359,UP 1,43.525,29740,17333774.0,65.530836,2157449.0,391.2839514,IT=22;22 ,ii
25360,UP 1,44.297,32036,17969688.0,65.535021,2249121.5,391.2838607,IT=22;22 ,ii
25361,UP 1,44.188,30992,18234932.0,65.539019,2320438.8,391.2838131,IT=22;22 ,ii
25362,UP 1,44.705,32152,18185886.0,65.543203,2262854.0,391.283859,IT=22;22 ,ii
25363,UP 1,44.390,30872,18221012.0,65.547373,2263200.8,391.2838779,IT=22;22 ,ii
25364,UP 1,44.903,32852,17831014.0,65.551559,2158362.0,391.2838625,IT=22;22 ,ii
25365,UP 1,43.923,30740,18377934.0,65.555552,2337908.5,391.2838583,IT=22;22 ,ii
25366,UP 1,43.856,31704,18153214.0,65.559727,2321154.8,391.2838619,IT=22;22 ,ii
25367,UP 1,42.375,32432,17957312.0,65.563892,2268207.5,391.283881,IT=21;21 ,ii
25368,UP 1,45.623,32784,17910120.0,65.568144,2210806.5,391.2838569,IT=23;23 ,ii
25369,UP 1,43.121,29824,18277344.0,65.572117,2363335.2,391.283805,IT=22;22 ,ii
25370,UP 1,41.392,29856,18571268.0,65.576271,2388512.2,391.2838106,IT=21;21 ,ii
25371,UP 1,42.149,31784,18718824.0,65.580469,2423646.8,391.2838481,IT=21;21 ,ii
25372,UP 1,43.566,28880,17953568.0,65.584675,2215448.0,391.2838604,IT=22;22 ,ii
25373,UP 1,43.590,32620,18598190.0,65.588861,2398646.0,391.2838588,IT=22;22 ,ii
25374,UP 1,43.142,30756,17704732.0,65.593202,2247005.0,391.2838784,IT=22;22 ,ii
25375,UP 1,44.465,32844,18205340.0,65.597398,2285182.8,391.2837735,IT=22;22 ,ii
25376,UP 1,42.279,32064,18972348.0,65.60154,2387354.5,391.2837524,IT=21;21 ,ii
25377,UP 1,41.737,30824,18920300.0,65.605708,2463106.0,391.2838106,IT=21;21 ,ii
25378,UP 1,40.601,31212,17921850.0,65.60986,2205560.2,391.283949,IT=20;20 ,ii
25379,UP 1,43.764,31164,17941904.0,65.613912,2279344.2,391.2838951,IT=22;22 ,ii
25380,UP 1,43.173,32044,18332886.0,65.618081,2264616.5,391.2838619,IT=22;22 ,ii
25381,UP 1,41.015,30920,18645458.0,65.622217,2386262.5,391.2838022,IT=21;21 ,ii
25382,UP 1,42.985,31804,18251106.0,65.626425,2301849.2,391.2838391,IT=21;21 ,ii
25383,UP 1,45.748,34008,18000372.0,65.630473,2253922.5,391.2838609,IT=23;23 ,ii
25384,UP 1,42.243,32100,18456068.0,65.634587,2332485.5,391.2839072,IT=21;21 ,ii
25385,UP 1,42.823,34508,18579094.0,65.638789,2378323.8,391.2837785,IT=21;21 ,ii
25386,UP 1,44.188,33516,18799156.0,65.642979,2333908.2,391.2837301,IT=22;22 ,ii
25387,UP 1,41.839,31672,18431436.0,65.647114,2380539.2,391.2837631,IT=21;21 ,ii
25388,UP 1,43.729,33896,18305536.0,65.651148,2220418.5,391.2836983,IT=22;22 ,ii
25389,UP 1,44.467,31972,17877016.0,65.655335,2279198.8,391.2837931,IT=22;22 ,ii
25390,UP 1,42.701,32800,18675456.0,65.659483,2239179.2,391.2837055,IT=21;21 ,ii
25391,UP 1,40.557,30660,18203192.0,65.663625,2313530.5,391.2837282,IT=20;20 ,ii
25392,UP 1,43.148,30584,17611500.0,65.667671,2219280.8,391.2838719,IT=22;22 ,ii
25393,UP 1,41.822,32640,18560764.0,65.671827,2268189.5,391.2838205,IT=21;21 ,ii
25394,UP 1,41.744,32592,19052006.0,65.676152,2395302.5,391.2837205,IT=21;21 ,ii
25395,UP 1,42.967,33692,18370166.0,65.68035,2335121.8,391.2838362,IT=21;21 ,ii
25396,UP 1,42.287,31640,18364592.0,65.684516,2300486.2,391.2837438,IT=21;21 ,ii
25397,UP 1,42.520,32740,19295892.0,65.688522,2442710.8,391.2836726,IT=21;21 ,ii
25398,UP 1,42.741,32692,18960992.0,65.692708,2264842.0,391.2836856,IT=21;21 ,ii
25399,UP 1,43.456,33068,18567848.0,65.696906,2266421.0,391.2838966,IT=22;22 ,ii
25400,UP 1,42.245,32624,18993686.0,65.701076,2344614.5,391.2837737,IT=21;21 ,ii
25401,UP 1,42.419,34428,18927950.0,65.705095,2282922.0,391.2837695,IT=21;21 ,ii
25402,UP 1,40.447,30228,19426346.0,65.709254,2477671.2,391.2837404,IT=20;20 ,ii
25403,UP 1,41.274,31356,18878408.0,65.713462,2391930.0,391.2837857,IT=21;21 ,ii
25404,UP 1,42.893,31812,18574360.0,65.717676,2287868.2,391.2837078,IT=21;21 ,ii
25405,UP 1,41.927,32896,19325498.0,65.721849,2496948.5,391.2838156,IT=21;21 ,ii
25406,UP 1,40.915,31120,18909020.0,65.725849,2343026.0,391.283825,IT=20;20 ,ii
25407,UP 1,43.521,31876,18271986.0,65.730074,2369770.8,391.2838076,IT=22;22 ,ii
25408,UP 1,41.528,32216,19131892.0,65.73423,2391777.5,391.2837712,IT=21;21 ,ii
25409,UP 1,41.570,31896,18542822.0,65.738422,2364050.8,391.28377,IT=21;21 ,ii
25410,UP 1,42.761,32212,18641622.0,65.742455,2392359.5,391.2837727,IT=21;21 ,ii
25411,UP 1,43.838,33556,18422554.0,65.746649,2283521.8,391.2837195,IT=22;22 ,ii
25412,UP 1,43.391,32284,18847296.0,65.750822,2363291.8,391.2836633,IT=22;22 ,ii
25413,UP 1,42.904,32428,18909952.0,65.754989,2351918.2,391.2837228,IT=21;21 ,ii
25414,UP 1,40.238,31392,19833770.0,65.759285,2537014.2,391.2837855,IT=20;20 ,ii
25415,UP 1,41.779,32936,18899002.0,65.763486,2273243.2,391.2837029,IT=21;21 ,ii
25416,UP 1,41.815,32712,18816632.0,65.767666,2359623.0,391.2837829,IT=21;21 ,ii
25417,UP 1,42.357,31880,18629854.0,65.771853,2322021.8,391.283766,IT=21;21 ,ii
25418,UP 1,42.108,31048,19493100.0,65.776026,2456757.5,391.2837132,IT=21;21 ,ii
25419,UP 1,40.867,33364,18933162.0,65.780007,2350478.2,391.2837927,IT=20;20 ,ii
25420,UP 1,42.419,32364,18754428.0,65.784213,2376808.8,391.2836841,IT=21;21 ,ii
25421,UP 1,41.940,32396,18870902.0,65.788382,2345283.2,391.2836844,IT=21;21 ,ii
25422,UP 1,43.227,33192,18779670.0,65.792582,2400957.5,391.283682,IT=22;22 ,ii
25423,UP 1,42.638,32244,18952124.0,65.796747,2326075.8,391.2836871,IT=21;21 ,ii
25424,UP 1,42.141,31988,18728624.0,65.800918,2322433.2,391.2837087,IT=21;21 ,ii
25425,UP 1,42.268,32496,18410254.0,65.805099,2232813.5,391.2837254,IT=21;21 ,ii
25426,UP 1,41.051,31056,19567704.0,65.809257,2518557.8,391.2836648,IT=21;21 ,ii
25427,UP 1,42.149,32288,18987970.0,65.813463,2281956.8,371.1008721,IT=21;21 ,ii
25428,UP 1,41.521,31292,18999468.0,65.817467,2389603.5,391.2837037,IT=21;21 ,ii
25429,UP 1,42.804,31932,18821840.0,65.821659,2322300.0,391.2837905,IT=21;21 ,ii
25430,UP 1,41.431,29740,19020116.0,65.825813,2436324.8,391.2836727,IT=21;21 ,ii
25431,UP 1,41.243,30472,19012256.0,65.829988,2352583.0,391.2837378,IT=21;21 ,ii
25432,UP 1,41.612,31708,19210646.0,65.834171,2410739.5,391.2837103,IT=21;21 ,ii
25433,UP 1,42.744,33868,19550302.0,65.838192,2499587.8,391.2836595,IT=21;21 ,ii
25434,UP 1,41.559,32552,19393492.0,65.842501,2478681.8,391.2836875,IT=21;21 ,ii
25435,UP 1,41.782,34980,19521888.0,65.846684,2345248.2,391.2835681,IT=21;21 ,ii
25436,UP 1,40.283,29256,19033028.0,65.850836,2497680.2,391.2836422,IT=20;20 ,ii
25437,UP 1,40.670,29464,18725002.0,65.855017,2290847.0,391.2836109,IT=20;20 ,ii
25438,UP 1,41.187,32344,19136588.0,65.859028,2450189.8,391.283646,IT=21;21 ,ii
25439,UP 1,41.240,28148,18538644.0,65.863215,2354783.5,391.2837642,IT=21;21 ,ii
25440,UP 1,42.288,32492,18491196.0,65.867411,2228092.8,371.1008572,IT=21;21 ,ii
25441,UP 1,42.286,31472,18756420.0,65.871588,2336185.8,391.2837536,IT=21;21 ,ii
25442,UP 1,41.018,32508,19395650.0,65.875567,2473500.5,391.2837096,IT=21;21 ,ii
25443,UP 1,40.196,30872,19173926.0,65.879729,2357601.5,391.2835938,IT=20;20 ,ii
25444,UP 1,41.302,31100,18289762.0,65.883923,2338613.2,391.2837187,IT=21;21 ,ii
25445,UP 1,42.206,33492,19494328.0,65.888131,2433832.8,391.2836106,IT=21;21 ,ii
25446,UP 1,40.448,31028,18792492.0,65.892113,2320994.5,391.2837436,IT=20;20 ,ii
25447,UP 1,43.263,31268,18020218.0,65.896334,2205595.5,391.2836693,IT=22;22 ,ii
25448,UP 1,40.916,32360,18897184.0,65.900484,2374339.5,391.2837056,IT=20;20 ,ii
25449,UP 1,41.947,32000,18894854.0,65.904692,2328078.2,391.2836956,IT=21;21 ,ii
25450,UP 1,41.543,31576,19027742.0,65.908877,2378554.5,391.2836708,IT=21;21 ,ii
25451,UP 1,40.679,31652,18897524.0,65.912877,2449363.8,391.2836748,IT=20;20 ,ii
25452,UP 1,42.033,31108,19218338.0,65.917081,2419473.0,391.2836911,IT=21;21 ,ii
25453,UP 1,42.026,33432,18905138.0,65.921273,2349400.8,391.2837236,IT=21;21 ,ii
25454,UP 1,41.812,32676,19298152.0,65.925602,2461281.5,391.2837456,IT=21;21 ,ii
25455,UP 1,38.864,30284,19397962.0,65.92974,2446490.0,391.2837417,IT=19;19 ,ii
25456,UP 1,41.521,32156,19407490.0,65.933781,2401268.5,391.2836391,IT=21;21 ,ii
25457,UP 1,42.295,32580,19283526.0,65.937973,2425309.8,391.2836078,IT=21;21 ,ii
25458,UP 1,41.897,31580,19165654.0,65.942152,2424850.5,391.2836596,IT=21;21 ,ii
25459,UP 1,40.911,33212,19054180.0,65.946314,2380821.2,391.283607,IT=20;20 ,ii
25460,UP 1,41.214,31716,19528922.0,65.950321,2490258.8,391.2836424,IT=21;21 ,ii
25461,UP 1,41.896,32708,18877970.0,65.954508,2328494.5,391.2837297,IT=21;21 ,ii
25462,UP 1,41.025,31160,19077720.0,65.958679,2506336.2,391.2837766,IT=21;21 ,ii
25463,UP 1,40.260,30824,19051316.0,65.962841,2340657.5,391.2837436,IT=20;20 ,ii
25464,UP 1,42.018,31560,18690228.0,65.967058,2381493.5,391.2837934,IT=21;21 ,ii
25465,UP 1,42.255,31032,18872924.0,65.971073,2337150.2,391.2837978,IT=21;21 ,ii
25466,UP 1,42.636,31540,18523728.0,65.975254,2309212.5,391.2838289,IT=21;21 ,ii
25467,UP 1,41.526,31656,18690076.0,65.97941,2331552.8,391.2838218,IT=21;21 ,ii
25468,UP 1,41.942,32088,19403600.0,65.983595,2429999.8,391.283694,IT=21;21 ,ii
25469,UP 1,41.188,31668,18607904.0,65.987595,2289128.2,371.1008915,IT=21;21 ,ii
25470,UP 1,41.063,29612,17938234.0,65.99177,2300424.2,391.2838536,IT=21;21 ,ii
25471,UP 1,44.141,32856,18477972.0,65.996008,2235098.0,391.2837886,IT=22;22 ,ii
25472,UP 1,42.668,31144,18950640.0,66.00017,2397481.8,391.2837699,IT=21;21 ,ii
25473,UP 1,40.016,31940,19398730.0,66.004137,2430531.8,391.2838183,IT=20;20 ,ii
25474,UP 1,41.772,30984,18770396.0,66.008462,2392258.0,391.2838162,IT=21;21 ,ii
25475,UP 1,41.706,31580,18246932.0,66.012645,2279331.2,391.2838181,IT=21;21 ,ii
25476,UP 1,40.983,30980,18449338.0,66.016812,2343896.2,391.2838834,IT=20;20 ,ii
25477,UP 1,42.810,32272,18713920.0,66.021014,2372230.2,391.2837736,IT=21;21 ,ii
25478,UP 1,41.842,35012,18465952.0,66.025008,2220464.2,391.2838875,IT=21;21 ,ii
25479,UP 1,41.855,31532,19095790.0,66.029191,2410327.5,391.283811,IT=21;21 ,ii
25480,UP 1,41.184,30288,18664438.0,66.033364,2335877.5,391.2838459,IT=21;21 ,ii
25481,UP 1,41.356,31680,19148448.0,66.037558,2432173.0,391.283821,IT=21;21 ,ii
25482,UP 1,45.281,33764,18499142.0,66.041808,2285011.0,391.2837482,IT=23;23 ,ii
25483,UP 1,40.537,32016,19055810.0,66.045737,2364630.5,391.283814,IT=20;20 ,ii
25484,UP 1,42.853,31544,18711248.0,66.049947,2328414.5,391.2837181,IT=21;21 ,ii
25485,UP 1,43.026,35136,19375304.0,66.054137,2428880.0,391.2836961,IT=22;22 ,ii
25486,UP 1,40.036,28916,19437256.0,66.058274,2564133.2,391.2836671,IT=20;20 ,ii
25487,UP 1,40.589,32840,19159536.0,66.062282,2364178.5,391.2837445,IT=20;20 ,ii
25488,UP 1,41.035,33256,19719822.0,66.066485,2441190.5,391.2836391,IT=21;21 ,ii
25489,UP 1,40.855,32660,19187900.0,66.07067,2429962.0,391.2837807,IT=20;20 ,ii
25490,UP 1,42.434,30548,18478128.0,66.074887,2297513.0,391.2836648,IT=21;21 ,ii
25491,UP 1,43.392,32724,19169702.0,66.079089,2328987.0,391.2836459,IT=22;22 ,ii
25492,UP 1,39.958,31196,19731682.0,66.083043,2509558.8,391.2835961,IT=20;20 ,ii
25493,UP 1,40.089,32804,19517896.0,66.087228,2471700.2,391.2836094,IT=20;20 ,ii
25494,UP 1,41.494,31408,18699322.0,66.091539,2369068.8,391.2836976,IT=21;21 ,ii
25495,UP 1,42.972,31328,18624838.0,66.095749,2341374.8,391.2836721,IT=21;21 ,ii
25496,UP 1,42.135,33076,18817348.0,66.099741,2355838.2,391.2836743,IT=21;21 ,ii
25497,UP 1,41.930,30780,18914308.0,66.10392,2398811.2,391.2836282,IT=21;21 ,ii
25498,UP 1,42.111,32624,19182310.0,66.108113,2372164.8,391.283735,IT=21;21 ,ii
25499,UP 1,42.189,31660,18866926.0,66.112303,2385928.5,391.2836161,IT=21;21 ,ii
25500,UP 1,43.724,32808,18279990.0,66.116509,2236630.8,391.2836379,IT=22;22 ,ii
25501,UP 1,43.930,34696,19089772.0,66.120526,2303754.0,391.2836661,IT=22;22 ,ii
25502,UP 1,41.208,33628,19253854.0,66.124659,2374783.8,391.2836911,IT=21;21 ,ii
25503,UP 1,45.620,34876,18641130.0,66.128909,2195272.5,371.1008915,IT=23;23 ,ii
25504,UP 1,42.314,33180,19151032.0,66.133032,2411884.0,391.2836822,IT=21;21 ,ii
25505,UP 1,41.256,31892,19044834.0,66.137019,2408165.8,391.2836806,IT=21;21 ,ii
25506,UP 1,41.788,32408,18487904.0,66.141217,2347842.2,391.2838203,IT=21;21 ,ii
25507,UP 1,42.563,34944,18601008.0,66.145419,2309916.2,391.2837738,IT=21;21 ,ii
25508,UP 1,41.745,32132,18943956.0,66.149596,2310841.0,391.2837104,IT=21;21 ,ii
25509,UP 1,42.037,33192,18275010.0,66.153788,2281253.2,391.2838384,IT=21;21 ,ii
25510,UP 1,42.601,32176,18510172.0,66.157803,2403761.0,391.2837231,IT=21;21 ,ii
25511,UP 1,42.376,29336,18195502.0,66.161986,2337483.2,391.2837459,IT=21;21 ,ii
25512,UP 1,41.386,31844,19078058.0,66.166138,2398303.5,391.2838056,IT=21;21 ,ii
25513,UP 1,44.011,33588,18398298.0,66.170359,2248869.0,391.2836653,IT=22;22 ,ii
25514,UP 1,40.541,29876,18740088.0,66.174651,2405020.5,391.2837327,IT=20;20 ,ii
25515,UP 1,40.532,32808,18662874.0,66.178846,2236754.5,371.1009624,IT=20;20 ,ii
25516,UP 1,42.565,33392,19247344.0,66.183048,2376011.8,391.2837601,IT=21;21 ,ii
25517,UP 1,41.280,32880,19502742.0,66.187207,2396929.8,391.2836733,IT=21;21 ,ii
25518,UP 1,42.141,32324,18965594.0,66.1914,2412587.5,391.2837087,IT=21;21 ,ii
25519,UP 1,41.229,32184,18807610.0,66.19539,2385706.0,391.2837664,IT=21;21 ,ii
25520,UP 1,42.207,30936,18698380.0,66.199584,2457789.0,391.283733,IT=21;21 ,ii
25521,UP 1,42.959,30732,18435178.0,66.203775,2222556.2,391.283717,IT=21;21 ,ii
25522,UP 1,43.678,31180,18011388.0,66.207969,2326319.2,391.2837726,IT=22;22 ,ii
25523,UP 1,43.731,32788,18614398.0,66.211981,2221399.0,391.2836739,IT=22;22 ,ii
25524,UP 1,44.754,34632,18639212.0,66.216177,2272905.0,391.2836908,IT=22;22 ,ii
25525,UP 1,42.045,33340,19123830.0,66.220313,2350166.5,391.28359,IT=21;21 ,ii
25526,UP 1,44.036,30780,18950926.0,66.224525,2460770.5,391.2835307,IT=22;22 ,ii
25527,UP 1,40.484,31344,18196386.0,66.228642,2263592.0,391.28375,IT=20;20 ,ii
25528,UP 1,41.225,32080,19499250.0,66.232663,2451668.2,391.2835836,IT=21;21 ,ii
25529,UP 1,43.113,30804,18687958.0,66.236867,2311607.5,391.2836788,IT=22;22 ,ii
25530,UP 1,42.655,31796,19294294.0,66.241035,2485859.5,391.2836361,IT=21;21 ,ii
25531,UP 1,43.534,32072,18162804.0,66.245225,2243850.2,391.2837575,IT=22;22 ,ii
25532,UP 1,42.890,30564,18192834.0,66.249217,2270850.5,391.2837525,IT=21;21 ,ii
25533,UP 1,44.911,33412,19013620.0,66.253429,2377591.0,391.2837004,IT=22;22 ,ii
25534,UP 1,43.939,32120,17448796.0,66.257783,2150609.2,391.2838338,IT=22;22 ,ii
25535,UP 1,42.580,31712,18861530.0,66.261939,2337137.5,391.2837278,IT=21;21 ,ii
25536,UP 1,47.525,32396,18491308.0,66.2662,2371769.2,391.2837015,IT=24;24 ,ii
25537,UP 1,42.397,31720,18801760.0,66.270116,2322407.8,391.2836682,IT=21;21 ,ii
25538,UP 1,42.882,32296,17861938.0,66.274308,2271707.5,391.2837535,IT=21;21 ,ii
25539,UP 1,43.463,33160,18615968.0,66.278504,2317447.8,391.2836376,IT=22;22 ,ii
25540,UP 1,42.286,31200,17859970.0,66.282673,2228349.5,391.2837169,IT=21;21 ,ii
25541,UP 1,41.365,30612,18408666.0,66.28666,2296521.5,391.2835911,IT=21;21 ,ii
25542,UP 1,42.822,33092,18061892.0,66.290879,2172678.8,391.2837422,IT=21;21 ,ii
25543,UP 1,43.780,32424,18641162.0,66.295081,2276521.8,391.283697,IT=22;22 ,ii
25544,UP 1,43.106,33552,18699744.0,66.299258,2401148.0,391.2836337,IT=22;22 ,ii
25545,UP 1,43.074,31232,18055844.0,66.303435,2314826.8,391.2836397,IT=22;22 ,ii
25546,UP 1,43.983,33108,18718204.0,66.307466,2332435.8,391.2836048,IT=22;22 ,ii
25547,UP 1,41.053,32096,18674282.0,66.311595,2331802.2,391.2836576,IT=21;21 ,ii
25548,UP 1,42.998,31512,18602990.0,66.31582,2311941.2,391.2836696,IT=21;21 ,ii
25549,UP 1,46.634,32844,18829250.0,66.320068,2389370.8,391.2836034,IT=23;23 ,ii
25550,UP 1,43.356,31968,18129344.0,66.324018,2201010.2,391.2836851,IT=22;22 ,ii
25551,UP 1,44.671,31192,18154104.0,66.328231,2320838.0,391.283697,IT=22;22 ,ii
25552,UP 1,44.939,32304,18487138.0,66.332412,2273424.5,391.283634,IT=22;22 ,ii
25553,UP 1,45.954,32908,17887634.0,66.336606,2267441.0,391.2836624,IT=23;23 ,ii
25554,UP 1,42.850,32276,18357972.0,66.340945,2256165.8,391.2837636,IT=21;21 ,ii
25555,UP 1,42.816,32296,18844824.0,66.345122,2442555.0,391.2837245,IT=21;21 ,ii
25556,UP 1,41.971,33348,18436766.0,66.349295,2213159.5,391.2837205,IT=21;21 ,ii
25557,UP 1,42.086,30856,18241928.0,66.353476,2313720.2,391.2836262,IT=21;21 ,ii
25558,UP 1,43.785,32268,19051906.0,66.357683,2362082.8,391.2835833,IT=22;22 ,ii
25559,UP 1,44.628,31316,18121486.0,66.361872,2352624.0,391.2836987,IT=22;22 ,ii
25560,UP 1,42.902,31064,18130922.0,66.365847,2247082.2,391.283663,IT=21;21 ,ii
25561,UP 1,42.100,31380,18258334.0,66.370012,2345879.0,391.2836048,IT=21;21 ,ii
25562,UP 1,44.026,32540,17690436.0,66.374224,2147677.5,391.2837313,IT=22;22 ,ii
25563,UP 1,43.142,31016,17782838.0,66.378387,2251661.8,391.2837122,IT=22;22 ,ii
25564,UP 1,42.988,34120,18824452.0,66.38256,2298695.8,371.1007993,IT=21;21 ,ii
25565,UP 1,50.000,34988,18231114.0,66.386851,2266169.0,391.2837714,IT=25;25 ,ii
25566,UP 1,42.308,32252,19372316.0,66.390893,2448315.5,391.2835861,IT=21;21 ,ii
25567,UP 1,42.557,30724,18044882.0,66.395076,2203000.5,371.1008301,IT=21;21 ,ii
25568,UP 1,44.514,33172,18665606.0,66.399286,2342208.0,391.2836966,IT=22;22 ,ii
25569,UP 1,41.666,32204,18901840.0,66.403241,2375239.2,391.2836898,IT=21;21 ,ii
25570,UP 1,42.728,31348,17746560.0,66.407436,2229474.8,391.2837338,IT=21;21 ,ii
25571,UP 1,43.653,33780,18804386.0,66.411628,2383868.0,391.2836701,IT=22;22 ,ii
25572,UP 1,45.989,33068,18501148.0,66.415845,2315423.2,391.2836605,IT=23;23 ,ii
25573,UP 1,44.558,31044,18287568.0,66.419824,2361691.8,391.2836724,IT=22;22 ,ii
25574,UP 1,43.610,35372,18552808.0,66.424178,2345804.2,391.2837411,IT=22;22 ,ii
25575,UP 1,46.163,31868,18420472.0,66.428399,2352736.2,391.2836144,IT=23;23 ,ii
25576,UP 1,43.640,31460,18326672.0,66.432536,2279154.0,391.2836514,IT=22;22 ,ii
25577,UP 1,44.745,31672,18094634.0,66.436732,2197908.2,391.2836591,IT=22;22 ,ii
25578,UP 1,43.492,31284,18871614.0,66.440719,2433070.2,391.2836548,IT=22;22 ,ii
25579,UP 1,44.455,32836,18403870.0,66.444909,2369320.8,391.2836499,IT=22;22 ,ii
25580,UP 1,44.745,36324,18363630.0,66.449092,2236457.2,391.2837458,IT=22;22 ,ii
25582,UP 1,43.707,32256,18267256.0,66.453734,2316916.2,391.2837423,IT=22;22 ,ii
25583,UP 1,41.712,32732,18649494.0,66.45788,2292691.0,371.1007853,IT=21;21 ,ii
25584,UP 1,42.327,33056,17837758.0,66.461892,2153043.2,391.2837975,IT=21;21 ,ii
25585,UP 1,42.562,32140,18829616.0,66.466074,2361957.5,391.2836563,IT=21;21 ,ii
25586,UP 1,41.972,30924,18843024.0,66.470244,2397924.0,391.283724,IT=21;21 ,ii
25587,UP 1,43.552,32256,17766776.0,66.474448,2249309.5,391.2838081,IT=22;22 ,ii
25588,UP 1,42.706,33616,18671092.0,66.478438,2350097.0,391.2837576,IT=21;21 ,ii
25589,UP 1,43.425,33464,18283888.0,66.482628,2282775.0,391.2838001,IT=22;22 ,ii
25590,UP 1,44.273,34240,19122708.0,66.486821,2408757.2,391.2836698,IT=22;22 ,ii
25591,UP 1,44.064,32696,17932888.0,66.490996,2234076.2,391.283808,IT=22;22 ,ii
25592,UP 1,39.995,30448,18528234.0,66.495107,2410822.2,391.2837795,IT=20;20 ,ii
25593,UP 1,43.748,33092,18294048.0,66.499171,2269929.0,391.2837323,IT=22;22 ,ii
25594,UP 1,45.896,31976,18682908.0,66.503382,2420520.8,391.2837241,IT=23;23 ,ii
25595,UP 1,41.861,30984,18725052.0,66.507702,2351941.2,391.2837725,IT=21;21 ,ii
25596,UP 1,42.196,33148,17984078.0,66.511881,2227914.5,391.2838007,IT=21;21 ,ii
25597,UP 1,43.533,33780,19299444.0,66.515904,2369495.0,391.2836038,IT=22;22 ,ii
25598,UP 1,42.615,34012,18981010.0,66.520065,2365551.8,391.2836461,IT=21;21 ,ii
25599,UP 1,42.467,30804,18446222.0,66.524238,2321764.5,391.283702,IT=21;21 ,ii
25600,UP 1,41.619,31272,19042786.0,66.528394,2440856.8,391.2837219,IT=21;21 ,ii
25601,UP 1,43.728,31844,17961248.0,66.5326,2198195.0,391.2838258,IT=22;22 ,ii
25602,UP 1,43.552,31308,18745776.0,66.536598,2352761.2,391.2836968,IT=22;22 ,ii
25603,UP 1,43.950,32508,18057596.0,66.540781,2290152.0,391.2837681,IT=22;22 ,ii
25604,UP 1,43.116,34048,19028466.0,66.544948,2337300.0,391.2837507,IT=22;22 ,ii
25605,UP 1,42.233,33912,18427538.0,66.549131,2224028.2,391.2838603,IT=21;21 ,ii
25606,UP 1,42.934,33292,18888022.0,66.553152,2278401.8,391.2836911,IT=21;21 ,ii
25607,UP 1,41.721,31552,19410524.0,66.557329,2396998.0,391.2837634,IT=21;21 ,ii
25608,UP 1,45.026,32756,18240250.0,66.561579,2313354.0,391.2838156,IT=23;23 ,ii
25609,UP 1,44.068,34128,17914406.0,66.565746,2162848.2,391.2837476,IT=22;22 ,ii
25610,UP 1,43.386,30796,18020548.0,66.569912,2336709.5,391.2838133,IT=22;22 ,ii
25611,UP 1,44.370,31868,17825604.0,66.573933,2214624.2,391.2837939,IT=22;22 ,ii
25612,UP 1,42.393,30676,18916698.0,66.578077,2409443.5,391.2836628,IT=21;21 ,ii
25613,UP 1,45.130,32632,18380244.0,66.582302,2285645.5,391.2837672,IT=23;23 ,ii
25614,UP 1,43.797,32320,18169456.0,66.586466,2304039.5,391.2837543,IT=22;22 ,ii
25615,UP 1,42.768,33888,18956600.0,66.5908,2386034.0,391.2838176,IT=21;21 ,ii
25616,UP 1,43.094,31240,18890726.0,66.594983,2377357.0,391.2837747,IT=22;22 ,ii
25617,UP 1,45.713,33224,19339418.0,66.599202,2400109.0,371.1008639,IT=23;23 ,ii
25618,UP 1,42.021,31372,18875262.0,66.603325,2391305.5,391.2838318,IT=21;21 ,ii
25619,UP 1,40.082,29136,18895720.0,66.607468,2404105.2,391.2837632,IT=20;20 ,ii
25620,UP 1,44.821,33964,18621458.0,66.611545,2349841.0,391.2837475,IT=22;22 ,ii
25621,UP 1,41.429,29964,19011038.0,66.615668,2405788.5,391.2837605,IT=21;21 ,ii
25622,UP 1,45.139,33764,18478638.0,66.619908,2218141.2,371.1008751,IT=23;23 ,ii
25623,UP 1,44.404,32880,18591722.0,66.624077,2277146.5,391.2837807,IT=22;22 ,ii
25624,UP 1,43.141,33972,18561100.0,66.628058,2366071.8,391.2838042,IT=22;22 ,ii
25625,UP 1,44.275,32564,17863948.0,66.632264,2265179.0,391.2838364,IT=22;22 ,ii
25626,UP 1,42.207,31756,18587888.0,66.636399,2392710.2,391.2838361,IT=21;21 ,ii
25627,UP 1,42.243,32284,18649888.0,66.640574,2244616.0,371.1009683,IT=21;21 ,ii
25628,UP 1,43.536,33544,18491318.0,66.64477,2289980.8,391.2838355,IT=22;22 ,ii
25629,UP 1,43.363,34580,18760398.0,66.64877,2344073.0,391.2837605,IT=22;22 ,ii
25630,UP 1,46.258,33912,18909800.0,66.652989,2368715.5,391.2837305,IT=23;23 ,ii
25631,UP 1,44.639,32204,18293534.0,66.657137,2267721.5,391.2837357,IT=22;22 ,ii
25632,UP 1,44.786,34800,18026520.0,66.661312,2190065.0,391.2838608,IT=22;22 ,ii
25633,UP 1,43.656,32028,18834046.0,66.665293,2326870.0,391.2838029,IT=22;22 ,ii
25634,UP 1,42.786,30092,17664186.0,66.669451,2266176.0,391.2838089,IT=21;21 ,ii
25635,UP 1,44.211,32924,18701012.0,66.673814,2273201.2,371.1008299,IT=22;22 ,ii
25636,UP 1,40.792,29344,18816136.0,66.67793,2473586.8,391.2837788,IT=20;20 ,ii
25637,UP 1,43.601,32916,18632472.0,66.682151,2281605.5,391.2837806,IT=22;22 ,ii
25638,UP 1,45.737,33276,18521948.0,66.686187,2303137.0,391.2837652,IT=23;23 ,ii
25639,UP 1,43.923,33124,18423288.0,66.69033,2246948.2,371.1009326,IT=22;22 ,ii
25640,UP 1,41.893,30028,18713276.0,66.694484,2384056.5,391.2837796,IT=21;21 ,ii
25641,UP 1,43.206,33324,18269242.0,66.698699,2268301.0,391.2838083,IT=22;22 ,ii
25642,UP 1,43.889,32260,18092162.0,66.702732,2211401.2,391.2838461,IT=22;22 ,ii
25643,UP 1,42.287,31600,18678442.0,66.706899,2342774.5,391.2837063,IT=21;21 ,ii
25644,UP 1,41.440,33572,19029112.0,66.711066,2401636.2,391.2836907,IT=21;21 ,ii
25645,UP 1,42.854,33184,18680150.0,66.715276,2331931.0,391.2837204,IT=21;21 ,ii
25646,UP 1,42.139,32380,18191218.0,66.719447,2289832.0,391.2837993,IT=21;21 ,ii
25647,UP 1,43.379,33292,18781676.0,66.72348,2348926.8,391.2836766,IT=22;22 ,ii
25648,UP 1,44.665,33072,18234982.0,66.727676,2267969.8,391.2837681,IT=22;22 ,ii
25649,UP 1,41.155,30932,19105838.0,66.731805,2451531.5,391.2836827,IT=21;21 ,ii
25650,UP 1,44.470,32572,18941138.0,66.736051,2399581.5,391.2836856,IT=22;22 ,ii
25651,UP 1,41.020,32344,18662260.0,66.740009,2320373.0,391.2835894,IT=21;21 ,ii
25652,UP 1,44.738,33288,18586322.0,66.744263,2347593.5,391.2836798,IT=22;22 ,ii
25653,UP 1,40.893,30112,18287914.0,66.74838,2333700.5,391.2835695,IT=20;20 ,ii
25654,UP 1,42.562,30744,18159176.0,66.75259,2266881.5,391.2837407,IT=21;21 ,ii
25655,UP 1,40.337,28716,19047434.0,66.756738,2442896.0,391.2836811,IT=20;20 ,ii
25656,UP 1,43.227,30464,18582832.0,66.761082,2404797.2,391.2836573,IT=22;22 ,ii
25657,UP 1,44.270,32992,18188442.0,66.765272,2272022.5,391.2836572,IT=22;22 ,ii
25658,UP 1,41.719,32884,19405982.0,66.769405,2456094.2,391.2836655,IT=21;21 ,ii
25659,UP 1,44.907,32324,18240426.0,66.773632,2257403.0,391.2838382,IT=22;22 ,ii
25660,UP 1,47.140,32164,17951614.0,66.777674,2228273.0,391.2836385,IT=24;24 ,ii
25661,UP 1,45.252,31340,18332166.0,66.781817,2340928.8,391.283726,IT=23;23 ,ii
25662,UP 1,43.043,31312,18186384.0,66.785957,2213791.2,391.2837615,IT=22;22 ,ii
25663,UP 1,43.715,33736,18420542.0,66.79014,2259105.5,391.2837297,IT=22;22 ,ii
25664,UP 1,42.427,30000,18697734.0,66.794294,2431201.8,391.283625,IT=21;21 ,ii
25665,UP 1,44.663,32064,18363284.0,66.79833,2206254.5,391.2835997,IT=22;22 ,ii
25666,UP 1,41.842,30632,18454906.0,66.802457,2356834.2,391.2837284,IT=21;21 ,ii
25667,UP 1,40.436,31600,18667802.0,66.806607,2293772.0,391.2836199,IT=20;20 ,ii
25668,UP 1,43.829,31672,18356150.0,66.810836,2294519.5,391.2836951,IT=22;22 ,ii
25669,UP 1,42.991,32060,18995432.0,66.814823,2431227.5,391.2835908,IT=21;21 ,ii
25670,UP 1,40.574,30400,19038360.0,66.818954,2392089.8,391.2836389,IT=20;20 ,ii
25671,UP 1,43.518,34692,18479004.0,66.823179,2259064.8,391.2836946,IT=22;22 ,ii
25672,UP 1,42.964,32412,18399540.0,66.827356,2236544.8,391.2836121,IT=21;21 ,ii
25673,UP 1,44.293,31788,18693484.0,66.831554,2392038.8,391.2837046,IT=22;22 ,ii
25674,UP 1,42.168,30888,18493128.0,66.835519,2388267.8,391.2837135,IT=21;21 ,ii
25675,UP 1,45.842,34844,18913634.0,66.839754,2350989.0,391.2836531,IT=23;23 ,ii
25676,UP 1,46.415,34528,18646142.0,66.844152,2397885.5,391.2836122,IT=23;23 ,ii
25677,UP 1,44.671,33004,18092028.0,66.848296,2248076.5,391.2836926,IT=22;22 ,ii
25678,UP 1,45.056,34516,18161586.0,66.85231,2238603.2,391.2838002,IT=23;23 ,ii
25679,UP 1,43.052,34788,18799352.0,66.856454,2327343.0,391.2836719,IT=22;22 ,ii
25680,UP 1,42.198,32840,18768676.0,66.860625,2404220.2,391.2837565,IT=21;21 ,ii
25681,UP 1,42.416,32932,17585206.0,66.864817,2197475.5,391.283831,IT=21;21 ,ii
25682,UP 1,44.347,34024,18176286.0,66.869031,2262059.0,391.2837541,IT=22;22 ,ii
25683,UP 1,42.417,30432,18257806.0,66.873012,2263413.8,391.2836774,IT=21;21 ,ii
25684,UP 1,41.044,29964,18745500.0,66.877166,2357427.8,391.2837338,IT=21;21 ,ii
25685,UP 1,42.739,33740,18747284.0,66.881385,2306327.8,391.2837806,IT=21;21 ,ii
25686,UP 1,43.000,32320,18980470.0,66.885577,2401553.2,391.2835562,IT=21;21 ,ii
25687,UP 1,46.169,33344,18285400.0,66.889654,2295513.0,391.2837539,IT=23;23 ,ii
25688,UP 1,42.627,29740,18204696.0,66.893783,2359995.5,391.283757,IT=21;21 ,ii
25689,UP 1,41.533,32700,18994724.0,66.897937,2364621.2,391.2836749,IT=21;21 ,ii
25690,UP 1,42.286,31824,18801038.0,66.902125,2322696.2,391.2837012,IT=21;21 ,ii
25691,UP 1,42.272,32924,19313482.0,66.906298,2409922.0,391.2836773,IT=21;21 ,ii
25692,UP 1,45.018,33072,18554180.0,66.910354,2308484.8,391.2837352,IT=23;23 ,ii
25693,UP 1,43.568,30584,18128052.0,66.914504,2285527.5,391.2837838,IT=22;22 ,ii
25694,UP 1,42.048,32176,18739752.0,66.918652,2312709.0,391.2838264,IT=21;21 ,ii
25695,UP 1,45.153,32596,18243860.0,66.922877,2313631.2,391.2838193,IT=23;23 ,ii
25696,UP 1,44.379,32840,18306148.0,66.927245,2335426.0,391.283811,IT=22;22 ,ii
25697,UP 1,43.850,35136,19193024.0,66.931412,2384203.2,391.2837308,IT=22;22 ,ii
25698,UP 1,44.183,33108,18332208.0,66.935591,2283179.5,391.2835314,IT=22;22 ,ii
25699,UP 1,43.003,30504,18133886.0,66.939752,2244525.2,391.283849,IT=22;22 ,ii
25700,UP 1,45.550,33288,18422324.0,66.943968,2259366.2,391.2838108,IT=23;23 ,ii
25701,UP 1,41.181,33592,18780462.0,66.947893,2373938.0,391.2838219,IT=21;21 ,ii
25702,UP 1,42.373,32224,18820276.0,66.952091,2385378.0,391.2837755,IT=21;21 ,ii
25703,UP 1,44.379,33008,18940402.0,66.956306,2345414.5,391.283666,IT=22;22 ,ii
25704,UP 1,43.519,28700,18422266.0,66.960462,2420224.0,391.2836531,IT=22;22 ,ii
25705,UP 1,43.008,29916,18276026.0,66.964628,2319129.5,391.2837214,IT=22;22 ,ii
25706,UP 1,44.252,32148,18455104.0,66.968824,2351715.5,391.2837152,IT=22;22 ,ii
25707,UP 1,42.114,31456,18069010.0,66.972962,2220079.5,391.283778,IT=21;21 ,ii
25708,UP 1,44.150,33944,18758110.0,66.977172,2388236.8,391.28367,IT=22;22 ,ii
25709,UP 1,44.194,36172,17978022.0,66.981345,2209770.0,391.2836826,IT=22;22 ,ii
25710,UP 1,43.566,31812,18673260.0,66.985333,2331257.5,391.2836739,IT=22;22 ,ii
25711,UP 1,42.262,33184,18895348.0,66.989485,2350002.8,391.2836951,IT=21;21 ,ii
25712,UP 1,41.141,31872,18570924.0,66.993641,2362347.0,391.2836708,IT=21;21 ,ii
25713,UP 1,42.600,34260,18609108.0,66.997841,2316229.0,391.2837514,IT=21;21 ,ii
