Scan Number,RAW File,Ion Injection Time (ms),Total Number of Peaks,Total Ion Current,Retention Time (min),Base Peak Intensity,Base Peak Mass,Multi Inject Info,Multiple Injection
1,UP 2,50.000,53864,8314969.5,0.0028163247,536455.81,414.7161147,IT=25;25 ,ii
3,UP 2,17.900,43336,24534036.0,0.008730989,1549673.5,391.2844862,IT=9;9 ,ii
4,UP 2,18.231,46924,24688694.0,0.012876742,1519622.9,391.2845391,IT=9.1;9.1 ,ii
5,UP 2,22.203,48332,24044988.0,0.016993425,1599474.5,391.2845639,IT=11;11 ,ii
7,UP 2,20.274,45568,23807660.0,0.021087107,1516592.6,391.2844152,IT=10;10 ,ii
8,UP 2,22.093,50844,24858016.0,0.025028675,1558168.4,391.2843618,IT=11;11 ,ii
9,UP 2,24.528,52772,24010954.0,0.029149609,1462455.5,391.2846557,IT=12;12 ,ii
11,UP 2,19.304,44956,24845652.0,0.033395276,1632248.4,391.2843413,IT=9.7;9.7 ,ii
12,UP 2,22.716,52000,24909642.0,0.03751824,1574495.2,391.2844547,IT=11;11 ,ii
13,UP 2,20.895,48192,24289032.0,0.041405659,1519832.2,391.2844679,IT=10;10 ,ii
14,UP 2,21.795,46960,24262598.0,0.045497375,1615916.2,391.2844038,IT=11;11 ,ii
15,UP 2,24.851,56516,25227858.0,0.049622291,1567143.9,391.2845451,IT=12;12 ,ii
16,UP 2,26.034,52048,22869568.0,0.053732758,1373284.2,391.284576,IT=13;13 ,ii
17,UP 2,24.817,52444,24294056.0,0.057645139,1509599.2,391.2845394,IT=12;12 ,ii
18,UP 2,24.811,55032,25167310.0,0.06174309,1514981.9,371.101452,IT=12;12 ,ii
19,UP 2,27.023,56272,25380726.0,0.065870108,1572126.6,391.2845153,IT=14;14 ,ii
20,UP 2,26.579,55104,24238272.0,0.069965992,1481143.6,391.2846653,IT=13;13 ,ii
21,UP 2,25.682,53464,24496022.0,0.073890874,1543385.1,391.2845462,IT=13;13 ,ii
22,UP 2,27.365,60856,24376730.0,0.078022092,1535989.2,391.2845832,IT=14;14 ,ii
23,UP 2,25.688,52416,23727596.0,0.082103289,1463657.4,391.2846263,IT=13;13 ,ii
24,UP 2,28.300,60328,23986640.0,0.086253275,1438434.6,391.2846985,IT=14;14 ,ii
25,UP 2,22.927,53592,24933064.0,0.090197008,1503869.6,371.1014469,IT=11;11 ,ii
26,UP 2,24.221,52596,24947860.0,0.094301158,1553725.2,391.2843871,IT=12;12 ,ii
27,UP 2,25.552,55572,24721406.0,0.098415706,1535290.4,371.1013479,IT=13;13 ,ii
28,UP 2,24.403,54372,24753578.0,0.10249279,1495286.0,391.2843176,IT=12;12 ,ii
29,UP 2,24.620,55052,25291880.0,0.10658858,1602807.1,391.2842982,IT=12;12 ,ii
30,UP 2,24.990,54804,25096276.0,0.11051771,1546943.9,391.2843583,IT=12;12 ,ii
31,UP 2,24.911,53716,24833636.0,0.11461977,1519238.8,391.2844851,IT=12;12 ,ii
32,UP 2,22.344,52100,25424100.0,0.11866141,1584440.5,391.2842881,IT=11;11 ,ii
33,UP 2,27.934,59368,25714380.0,0.12283224,1588472.1,391.2844455,IT=14;14 ,ii
34,UP 2,24.025,51684,25596720.0,0.12671551,1607561.0,391.2844086,IT=12;12 ,ii
35,UP 2,26.903,54752,24135668.0,0.13085301,1536146.9,391.284478,IT=13;13 ,ii
36,UP 2,24.817,53948,24470186.0,0.13493002,1533466.0,391.2843739,IT=12;12 ,ii
37,UP 2,27.432,57064,24362126.0,0.13906547,1561836.8,391.2844453,IT=14;14 ,ii
38,UP 2,26.147,57128,24426986.0,0.14299042,1472510.0,391.2844584,IT=13;13 ,ii
39,UP 2,26.945,55020,24811108.0,0.14710291,1536317.1,391.2844279,IT=13;13 ,ii
40,UP 2,27.908,56312,24812236.0,0.15122161,1537534.9,371.1014329,IT=14;14 ,ii
41,UP 2,25.741,53968,24907350.0,0.15529871,1576013.4,371.1013475,IT=13;13 ,ii
42,UP 2,27.707,56720,24744000.0,0.15926322,1550002.2,371.1013791,IT=14;14 ,ii
43,UP 2,32.497,57628,23778220.0,0.16345491,1457889.4,391.2844871,IT=16;16 ,ii
44,UP 2,29.091,56952,23939228.0,0.16753609,1544335.9,391.2843999,IT=15;15 ,ii
45,UP 2,31.799,59384,23488542.0,0.17170477,1466549.6,391.2845457,IT=16;16 ,ii
46,UP 2,24.405,54088,24278840.0,0.17569651,1411822.8,391.2843073,IT=12;12 ,ii
47,UP 2,30.801,61064,24049828.0,0.17989648,1420952.0,391.2844034,IT=15;15 ,ii
48,UP 2,30.211,55204,23506912.0,0.18401518,1481359.4,391.284307,IT=15;15 ,ii
49,UP 2,26.432,54640,24127358.0,0.18807549,1500398.5,391.2843126,IT=13;13 ,ii
50,UP 2,29.128,57704,23668818.0,0.19222761,1401174.1,391.284407,IT=15;15 ,ii
51,UP 2,24.359,52720,25379560.0,0.19610256,1604787.9,371.1012651,IT=12;12 ,ii
52,UP 2,31.562,62616,24358050.0,0.20031299,1444789.1,391.284385,IT=16;16 ,ii
53,UP 2,25.841,52644,24362602.0,0.20434832,1500456.8,391.2841768,IT=13;13 ,ii
54,UP 2,30.885,60284,23884904.0,0.20853586,1393308.6,391.2843629,IT=15;15 ,ii
55,UP 2,24.671,53872,25071096.0,0.21239204,1587398.4,391.2842232,IT=12;12 ,ii
56,UP 2,27.937,55764,23998266.0,0.21653791,1425142.8,391.2843439,IT=14;14 ,ii
57,UP 2,32.507,59696,23358388.0,0.22072532,1426533.8,391.2844139,IT=16;16 ,ii
58,UP 2,27.357,54884,24673362.0,0.22477743,1519173.0,391.2842277,IT=14;14 ,ii
59,UP 2,34.111,62972,22779688.0,0.22883776,1406388.9,391.2845457,IT=17;17 ,ii
60,UP 2,29.591,55564,23402340.0,0.23290862,1373407.5,391.284365,IT=15;15 ,ii
61,UP 2,33.676,61348,23314900.0,0.23710024,1338657.6,391.2844589,IT=17;17 ,ii
62,UP 2,29.016,56412,24434314.0,0.24117316,1480986.8,391.2843955,IT=15;15 ,ii
63,UP 2,28.780,56884,24106364.0,0.24512729,1442978.5,371.1013579,IT=14;14 ,ii
64,UP 2,30.388,60428,24529494.0,0.24927091,1462478.0,391.2844192,IT=15;15 ,ii
65,UP 2,33.173,61452,23136552.0,0.25345006,1397951.1,391.2844743,IT=17;17 ,ii
66,UP 2,24.947,55612,24068738.0,0.25745628,1448102.4,391.2843194,IT=12;12 ,ii
67,UP 2,35.784,60560,21471316.0,0.26173136,1302834.8,391.2844567,IT=18;18 ,ii
68,UP 2,28.897,57268,24080172.0,0.26560001,1470118.8,371.1013331,IT=14;14 ,ii
69,UP 2,29.904,59100,24470302.0,0.26973129,1496562.2,391.2843854,IT=15;15 ,ii
70,UP 2,28.213,54884,24096982.0,0.27383119,1457554.9,391.2842365,IT=14;14 ,ii
71,UP 2,29.093,56592,23974022.0,0.27796248,1492595.1,391.2842034,IT=15;15 ,ii
72,UP 2,30.795,55412,23653946.0,0.28194574,1475999.4,391.2842539,IT=15;15 ,ii
73,UP 2,30.450,56708,24220014.0,0.28606869,1564384.5,391.2842314,IT=15;15 ,ii
74,UP 2,30.058,55140,23875172.0,0.29018947,1467719.1,391.2843085,IT=15;15 ,ii
75,UP 2,32.366,60744,23478226.0,0.29436446,1394761.6,371.1014368,IT=16;16 ,ii
76,UP 2,28.792,52964,23984610.0,0.29827482,1487994.2,371.1012724,IT=14;14 ,ii
77,UP 2,33.920,59428,22271284.0,0.30248109,1298869.6,391.2844127,IT=17;17 ,ii
78,UP 2,30.737,62344,23959568.0,0.30657061,1475629.4,391.2843319,IT=15;15 ,ii
79,UP 2,25.472,53932,25161974.0,0.31061021,1584392.6,371.1010756,IT=13;13 ,ii
80,UP 2,28.933,54088,24311256.0,0.31476641,1480161.8,391.2841732,IT=14;14 ,ii
81,UP 2,29.119,59116,24840832.0,0.31871838,1447951.1,391.2841955,IT=15;15 ,ii
82,UP 2,26.519,55520,24700912.0,0.32278927,1565374.4,391.2841333,IT=13;13 ,ii
83,UP 2,30.908,58908,23798608.0,0.32696833,1460570.9,391.2842114,IT=15;15 ,ii
84,UP 2,28.716,58360,24911628.0,0.33105379,1547665.0,391.2843192,IT=14;14 ,ii
85,UP 2,29.740,55028,23936264.0,0.33502869,1468060.8,371.1012673,IT=15;15 ,ii
86,UP 2,31.176,61300,23668458.0,0.33917866,1395428.6,391.2844003,IT=16;16 ,ii
87,UP 2,28.565,59456,25138180.0,0.34326617,1516886.6,391.2842069,IT=14;14 ,ii
88,UP 2,26.161,57804,24863724.0,0.34733911,1476678.9,391.2841743,IT=13;13 ,ii
89,UP 2,28.418,59292,25225618.0,0.35131611,1476001.6,391.2841011,IT=14;14 ,ii
90,UP 2,32.830,62268,23451464.0,0.35550782,1355552.9,391.2842748,IT=16;16 ,ii
91,UP 2,25.727,54068,24300398.0,0.35953066,1515305.2,391.284119,IT=13;13 ,ii
92,UP 2,33.349,57300,22428934.0,0.36375984,1378361.8,391.284267,IT=17;17 ,ii
93,UP 2,30.929,60484,24127606.0,0.36785769,1466778.5,391.2842233,IT=15;15 ,ii
94,UP 2,28.903,58456,23966948.0,0.37195759,1405083.2,391.2843146,IT=14;14 ,ii
95,UP 2,30.219,59940,24117688.0,0.37609724,1438554.0,391.2843174,IT=15;15 ,ii
96,UP 2,31.660,58120,22973032.0,0.38025341,1394561.9,391.284304,IT=16;16 ,ii
97,UP 2,29.337,57144,23546976.0,0.38435551,1421682.5,391.284249,IT=15;15 ,ii
98,UP 2,25.468,56960,25252470.0,0.38824293,1572095.6,391.2840825,IT=13;13 ,ii
99,UP 2,25.736,55540,25298962.0,0.39234922,1569892.8,371.1010351,IT=13;13 ,ii
100,UP 2,32.063,61964,24363626.0,0.39655122,1431211.4,391.2841833,IT=16;16 ,ii
101,UP 2,28.256,57512,24424348.0,0.40062209,1426735.0,391.28418,IT=14;14 ,ii
102,UP 2,25.954,53004,24283740.0,0.40453661,1481330.5,371.1011752,IT=13;13 ,ii
103,UP 2,33.093,60284,22052278.0,0.40876372,1296517.1,391.2843568,IT=17;17 ,ii
104,UP 2,27.479,53396,23862772.0,0.41281154,1448137.5,391.2841897,IT=14;14 ,ii
105,UP 2,31.087,59040,23886632.0,0.41698243,1478832.9,391.2842151,IT=16;16 ,ii
106,UP 2,28.156,57716,24161938.0,0.42089269,1460544.1,391.2842693,IT=14;14 ,ii
107,UP 2,30.306,60056,23501840.0,0.42504902,1352780.1,391.2842538,IT=15;15 ,ii
108,UP 2,28.550,56208,23849608.0,0.42914064,1453149.4,391.2842033,IT=14;14 ,ii
109,UP 2,28.373,56748,23797938.0,0.43325107,1441555.2,391.2841963,IT=14;14 ,ii
110,UP 2,24.780,50612,24586302.0,0.43714266,1532266.5,391.284171,IT=12;12 ,ii
111,UP 2,27.818,56636,24060538.0,0.44113016,1473526.1,391.2841937,IT=14;14 ,ii
112,UP 2,28.018,55408,24619200.0,0.44525101,1527412.9,391.2841456,IT=14;14 ,ii
113,UP 2,27.262,57008,24660954.0,0.44935094,1500494.1,391.2840734,IT=14;14 ,ii
114,UP 2,28.404,56040,24612016.0,0.45347589,1485037.0,371.1011318,IT=14;14 ,ii
115,UP 2,29.538,59140,24156282.0,0.45744664,1432798.4,371.1012507,IT=15;15 ,ii
116,UP 2,26.443,55380,24307686.0,0.46151754,1461826.2,391.2841014,IT=13;13 ,ii
117,UP 2,32.201,64316,23596660.0,0.46572367,1379281.9,391.2842803,IT=16;16 ,ii
118,UP 2,27.679,53844,23665824.0,0.46978622,1444103.0,391.2842341,IT=14;14 ,ii
119,UP 2,28.110,57752,24060788.0,0.47374029,1455903.4,391.2841006,IT=14;14 ,ii
120,UP 2,26.525,55056,24091194.0,0.47782992,1465632.6,391.2841997,IT=13;13 ,ii
121,UP 2,25.257,55408,24334962.0,0.48191524,1426741.8,391.2841075,IT=13;13 ,ii
122,UP 2,28.252,58132,23696680.0,0.48606321,1506589.4,391.2841845,IT=14;14 ,ii
123,UP 2,27.899,57436,24764192.0,0.49001104,1497760.0,371.1012072,IT=14;14 ,ii
124,UP 2,28.602,55916,23549340.0,0.49413187,1403310.6,371.1013666,IT=14;14 ,ii
125,UP 2,26.565,56100,23870052.0,0.49820887,1406495.6,391.2842901,IT=13;13 ,ii
126,UP 2,32.748,59624,22877966.0,0.50242349,1379533.0,391.2844044,IT=16;16 ,ii
127,UP 2,26.036,50676,24093366.0,0.50628382,1494027.6,371.1013292,IT=13;13 ,ii
129,UP 2,25.280,52364,24639710.0,0.51221301,1490974.9,391.2842498,IT=13;13 ,ii
130,UP 2,32.238,58156,23353516.0,0.51626499,1408022.6,391.2842952,IT=16;16 ,ii
131,UP 2,22.557,50604,24824808.0,0.52024009,1571826.8,391.2842518,IT=11;11 ,ii
133,UP 2,27.818,56432,24157832.0,0.52445661,1418923.9,391.284305,IT=14;14 ,ii
134,UP 2,31.136,58344,22757604.0,0.52863166,1356039.1,391.2843853,IT=16;16 ,ii
135,UP 2,26.133,54840,24532508.0,0.53268366,1442723.4,391.2843206,IT=13;13 ,ii
136,UP 2,31.364,58660,23331920.0,0.53687119,1402282.0,391.2843525,IT=16;16 ,ii
137,UP 2,26.065,56944,24574284.0,0.54090651,1503838.1,391.2842778,IT=13;13 ,ii
138,UP 2,28.166,55772,23834732.0,0.54504407,1465981.2,391.2842165,IT=14;14 ,ii
139,UP 2,27.676,54140,23590384.0,0.54898147,1451582.4,391.2842184,IT=14;14 ,ii
140,UP 2,28.878,58584,23974478.0,0.55310857,1430435.4,391.2842518,IT=14;14 ,ii
141,UP 2,29.615,58092,23935400.0,0.55723561,1556689.9,391.2842508,IT=15;15 ,ii
142,UP 2,21.272,48576,25385016.0,0.56121896,1623803.8,371.1011356,IT=11;11 ,ii
143,UP 2,27.799,53840,23890792.0,0.56540221,1463697.6,391.2841698,IT=14;14 ,ii
144,UP 2,32.434,64176,23731850.0,0.56942299,1427622.9,391.2843458,IT=16;16 ,ii
145,UP 2,30.191,58576,23627522.0,0.57352092,1489914.1,391.2842829,IT=15;15 ,ii
146,UP 2,27.199,54376,24332472.0,0.57759998,1531497.0,391.2841489,IT=14;14 ,ii
147,UP 2,29.042,55068,24462972.0,0.58173752,1498165.4,391.2841134,IT=15;15 ,ii
148,UP 2,25.772,52788,24482008.0,0.58563121,1506431.9,391.2841202,IT=13;13 ,ii
149,UP 2,27.176,53216,23935218.0,0.58974991,1490818.8,371.1012501,IT=14;14 ,ii
150,UP 2,27.771,53380,24020078.0,0.59386449,1442893.4,391.2841976,IT=14;14 ,ii
151,UP 2,27.524,53172,23331064.0,0.59797079,1440278.2,391.2842315,IT=14;14 ,ii
152,UP 2,32.388,57380,22628180.0,0.60199779,1346910.8,391.2842545,IT=16;16 ,ii
153,UP 2,26.685,52508,23216130.0,0.60604366,1461154.1,391.2842328,IT=13;13 ,ii
154,UP 2,25.887,52020,24072030.0,0.61013731,1496157.9,391.2840737,IT=13;13 ,ii
155,UP 2,29.436,60680,24407244.0,0.61429566,1448745.5,391.2842597,IT=15;15 ,ii
156,UP 2,28.240,53028,23481436.0,0.61839769,1424448.4,371.1012564,IT=14;14 ,ii
157,UP 2,27.892,57360,24142538.0,0.62250604,1474244.8,391.2841871,IT=14;14 ,ii
158,UP 2,29.245,58948,24013616.0,0.62663931,1402845.0,391.2843495,IT=15;15 ,ii
159,UP 2,30.699,59296,24054882.0,0.63077879,1431999.6,391.284343,IT=15;15 ,ii
160,UP 2,25.128,54540,24044308.0,0.63481216,1455053.2,391.2842605,IT=13;13 ,ii
161,UP 2,27.452,55392,23606964.0,0.63878083,1399708.4,391.2842664,IT=14;14 ,ii
162,UP 2,29.255,57392,23240440.0,0.64292257,1429261.9,391.2843587,IT=15;15 ,ii
163,UP 2,30.053,57312,23313048.0,0.64705371,1431725.4,391.2842789,IT=15;15 ,ii
164,UP 2,26.306,55012,24767772.0,0.65112457,1610665.2,391.284092,IT=13;13 ,ii
165,UP 2,27.410,55452,24062490.0,0.65508907,1475408.6,391.2841866,IT=14;14 ,ii
166,UP 2,24.362,51372,24320850.0,0.65914954,1475989.4,391.2842274,IT=12;12 ,ii
167,UP 2,25.730,50384,24050730.0,0.66326611,1497712.2,391.2842073,IT=13;13 ,ii
168,UP 2,29.906,60964,24188006.0,0.66743074,1432206.2,371.1012793,IT=15;15 ,ii
169,UP 2,29.856,56268,23290696.0,0.67138479,1415306.8,391.2843191,IT=15;15 ,ii
170,UP 2,25.625,54952,25331102.0,0.67544526,1538381.8,391.2841455,IT=13;13 ,ii
171,UP 2,25.301,57052,25243938.0,0.67954311,1496687.8,391.2841072,IT=13;13 ,ii
172,UP 2,26.195,56736,24684740.0,0.68365356,1502622.6,391.2842213,IT=13;13 ,ii
173,UP 2,27.470,59456,24274362.0,0.68760971,1392247.4,391.284274,IT=14;14 ,ii
174,UP 2,26.709,53968,24055862.0,0.69171181,1433699.8,371.1011688,IT=13;13 ,ii
175,UP 2,26.637,53668,23850622.0,0.69582011,1465651.9,391.2841564,IT=13;13 ,ii
176,UP 2,28.631,58300,23990770.0,0.69995969,1464817.5,391.2842649,IT=14;14 ,ii
177,UP 2,26.573,51624,24082120.0,0.70404504,1502755.6,391.2841889,IT=13;13 ,ii
178,UP 2,28.763,55224,23533274.0,0.70801577,1491241.8,391.2842829,IT=14;14 ,ii
179,UP 2,28.383,57068,23848198.0,0.71213042,1433872.6,391.2842033,IT=14;14 ,ii
180,UP 2,23.712,47364,23467400.0,0.71616991,1485204.6,391.2841133,IT=12;12 ,ii
181,UP 2,27.663,55884,24672202.0,0.72031998,1466124.1,371.1011893,IT=14;14 ,ii
182,UP 2,21.314,47776,24783348.0,0.72416359,1581295.5,391.2841266,IT=11;11 ,ii
183,UP 2,30.173,56608,24299728.0,0.72838866,1465438.1,371.1011832,IT=15;15 ,ii
184,UP 2,24.293,51256,25036112.0,0.73241772,1578525.2,371.1010708,IT=12;12 ,ii
185,UP 2,29.849,57072,24051626.0,0.73660321,1491365.9,391.2841434,IT=15;15 ,ii
186,UP 2,27.121,54408,24075674.0,0.74050934,1555635.5,391.2840901,IT=14;14 ,ii
187,UP 2,25.336,51716,24192884.0,0.74458852,1488249.2,371.1010938,IT=13;13 ,ii
188,UP 2,28.608,56476,23386932.0,0.74874054,1467673.6,391.2842252,IT=14;14 ,ii
189,UP 2,24.803,54132,24464848.0,0.75279051,1459602.2,391.284092,IT=12;12 ,ii
190,UP 2,27.282,59228,24631728.0,0.75678843,1429627.2,391.284137,IT=14;14 ,ii
191,UP 2,29.315,57684,23695820.0,0.76092801,1411243.6,391.284197,IT=15;15 ,ii
192,UP 2,26.385,52632,24127994.0,0.76499878,1490698.2,371.101198,IT=13;13 ,ii
193,UP 2,27.686,55160,23843204.0,0.76912589,1457468.0,391.2841893,IT=14;14 ,ii
194,UP 2,25.903,52472,24080976.0,0.77304249,1546430.8,391.2842469,IT=13;13 ,ii
195,UP 2,24.983,55772,24240236.0,0.77713208,1432664.6,391.2842218,IT=12;12 ,ii
196,UP 2,29.544,57324,24199554.0,0.78130494,1500925.1,391.2841897,IT=15;15 ,ii
197,UP 2,26.159,51468,23920764.0,0.78538201,1452487.4,391.2840632,IT=13;13 ,ii
198,UP 2,24.336,56536,25166488.0,0.78944241,1592515.1,391.2841427,IT=12;12 ,ii
199,UP 2,29.404,53740,24414972.0,0.79345066,1493910.9,371.1011075,IT=15;15 ,ii
200,UP 2,22.970,52728,24714264.0,0.79746734,1478204.6,391.2840882,IT=11;11 ,ii
201,UP 2,23.917,50384,24824518.0,0.80156932,1533029.0,391.2840982,IT=12;12 ,ii
202,UP 2,23.853,51144,24564004.0,0.80566729,1527028.2,391.2840124,IT=12;12 ,ii
203,UP 2,27.502,57668,25207342.0,0.80964222,1569143.1,371.1010712,IT=14;14 ,ii
204,UP 2,25.724,51236,23711540.0,0.81372141,1557670.4,391.2841059,IT=13;13 ,ii
205,UP 2,29.602,52308,23221832.0,0.81788172,1413212.5,371.101117,IT=15;15 ,ii
206,UP 2,29.458,57100,24234806.0,0.82200262,1503747.9,391.2841235,IT=15;15 ,ii
207,UP 2,26.341,52848,23792356.0,0.82590671,1466423.9,391.2841305,IT=13;13 ,ii
208,UP 2,28.859,57632,24203482.0,0.83005674,1413602.2,391.2841411,IT=14;14 ,ii
209,UP 2,26.034,55292,24648470.0,0.83411916,1499341.0,391.2840785,IT=13;13 ,ii
210,UP 2,23.998,53064,25210180.0,0.83818991,1570527.0,371.1010258,IT=12;12 ,ii
211,UP 2,26.643,54808,24287106.0,0.84216701,1478665.2,391.2841086,IT=13;13 ,ii
212,UP 2,26.153,53276,24747450.0,0.84626291,1531291.5,371.1010736,IT=13;13 ,ii
213,UP 2,27.531,54496,25516700.0,0.85038988,1614520.5,371.1010967,IT=14;14 ,ii
214,UP 2,24.032,49776,24586396.0,0.85444197,1509482.2,391.2840274,IT=12;12 ,ii
215,UP 2,28.427,55724,24110088.0,0.85843984,1486501.4,391.2840899,IT=14;14 ,ii
216,UP 2,25.273,52548,24109826.0,0.86250859,1477837.0,391.2841196,IT=13;13 ,ii
217,UP 2,27.359,55720,24105866.0,0.86664189,1485775.5,391.2841438,IT=14;14 ,ii
218,UP 2,29.872,59356,23079412.0,0.87078978,1381888.9,391.28434,IT=15;15 ,ii
219,UP 2,26.239,52936,24041152.0,0.87485641,1493131.2,391.2842003,IT=13;13 ,ii
220,UP 2,28.834,59676,24265688.0,0.87883966,1403000.2,391.2841373,IT=14;14 ,ii
221,UP 2,24.276,53924,25027782.0,0.88288552,1560899.4,391.2840367,IT=12;12 ,ii
222,UP 2,25.344,52264,24107056.0,0.88699378,1567803.2,391.2840117,IT=13;13 ,ii
223,UP 2,27.523,58340,24406520.0,0.89112299,1455987.0,371.1011284,IT=14;14 ,ii
224,UP 2,28.277,57180,24182166.0,0.89509166,1498237.0,391.2841646,IT=14;14 ,ii
225,UP 2,25.473,49828,24427852.0,0.89915211,1523992.0,391.2840087,IT=13;13 ,ii
226,UP 2,28.120,59332,24680060.0,0.90329367,1539239.4,391.284109,IT=14;14 ,ii
227,UP 2,24.100,50540,24720164.0,0.90733744,1536931.9,391.2839061,IT=12;12 ,ii
228,UP 2,26.756,56236,24406288.0,0.91130611,1418143.0,371.1011362,IT=13;13 ,ii
229,UP 2,25.458,51980,24518188.0,0.91538949,1527966.0,391.2841377,IT=13;13 ,ii
230,UP 2,25.411,52080,23579830.0,0.91948729,1486276.2,391.2840674,IT=13;13 ,ii
231,UP 2,24.368,55268,24471640.0,0.92356446,1572164.8,391.2840637,IT=12;12 ,ii
232,UP 2,29.179,59820,24302256.0,0.92756854,1480563.2,391.2841553,IT=15;15 ,ii
233,UP 2,23.561,52676,25126398.0,0.93159356,1528525.2,371.1010617,IT=12;12 ,ii
234,UP 2,24.180,53740,25498864.0,0.93569557,1518304.6,371.1010403,IT=12;12 ,ii
235,UP 2,24.021,54384,24453702.0,0.93978934,1513439.1,391.2842383,IT=12;12 ,ii
236,UP 2,28.267,57416,23854920.0,0.94377884,1427258.9,391.2842364,IT=14;14 ,ii
237,UP 2,23.895,56376,25326904.0,0.94782261,1556795.6,391.2841191,IT=12;12 ,ii
238,UP 2,27.955,53828,23698238.0,0.95197877,1431585.6,391.2841903,IT=14;14 ,ii
239,UP 2,24.809,51556,24378272.0,0.95604339,1531395.4,391.2840629,IT=12;12 ,ii
240,UP 2,25.410,51996,24697242.0,0.96013917,1516295.2,391.2841113,IT=13;13 ,ii
241,UP 2,29.263,56556,23810064.0,0.96413282,1459150.5,371.1011674,IT=15;15 ,ii
242,UP 2,25.286,52180,24853100.0,0.96818494,1500370.8,371.1010725,IT=13;13 ,ii
243,UP 2,27.491,56732,24553242.0,0.97232444,1435041.6,391.2840586,IT=14;14 ,ii
244,UP 2,28.142,55544,23638674.0,0.97644742,1414272.8,391.2841329,IT=14;14 ,ii
245,UP 2,28.437,58852,23977370.0,0.98040151,1465425.9,391.2842371,IT=14;14 ,ii
246,UP 2,26.875,53544,23838142.0,0.98449526,1475991.5,391.2841216,IT=13;13 ,ii
247,UP 2,28.790,56272,23513994.0,0.98863267,1428012.1,391.2842499,IT=14;14 ,ii
248,UP 2,26.076,52964,23770948.0,0.99270776,1490106.5,391.2839585,IT=13;13 ,ii
249,UP 2,27.166,55432,24443272.0,0.99665974,1420143.1,391.2841131,IT=14;14 ,ii
250,UP 2,22.455,47244,24764766.0,1.0006931,1584738.6,371.1009776,IT=11;11 ,ii
251,UP 2,24.157,49600,24149112.0,1.0047972,1531822.0,391.2840621,IT=12;12 ,ii
252,UP 2,27.313,51588,23689430.0,1.0089389,1481869.9,371.1011457,IT=14;14 ,ii
254,UP 2,20.706,47000,24846650.0,1.013043,1593629.1,391.2840119,IT=10;10 ,ii
255,UP 2,25.782,53160,24641810.0,1.0171972,1546389.8,391.2841005,IT=13;13 ,ii
256,UP 2,25.518,52324,23570180.0,1.0212846,1415928.6,391.2842237,IT=13;13 ,ii
258,UP 2,22.807,48616,23579316.0,1.0254138,1508129.6,391.2841053,IT=11;11 ,ii
259,UP 2,27.645,57868,24374720.0,1.0295783,1416495.5,391.2840956,IT=14;14 ,ii
260,UP 2,27.163,56568,23857552.0,1.0336761,1482387.2,391.2841262,IT=14;14 ,ii
261,UP 2,27.744,57212,24212914.0,1.0377887,1436754.5,391.284082,IT=14;14 ,ii
262,UP 2,25.329,52512,24457300.0,1.0418552,1464485.1,391.284074,IT=13;13 ,ii
263,UP 2,27.032,56532,24211206.0,1.0459762,1551622.5,391.2841401,IT=14;14 ,ii
264,UP 2,23.882,50400,24086792.0,1.0498614,1472365.6,391.2840603,IT=12;12 ,ii
265,UP 2,26.880,59956,24911484.0,1.053999,1453369.4,371.1012253,IT=13;13 ,ii
266,UP 2,25.794,57016,24757628.0,1.0580781,1471962.6,391.2841436,IT=13;13 ,ii
267,UP 2,25.939,52536,24202730.0,1.062176,1523093.9,371.1010361,IT=13;13 ,ii
268,UP 2,24.406,52296,25112254.0,1.0660801,1551976.1,391.284074,IT=12;12 ,ii
269,UP 2,23.986,52928,24490780.0,1.0701635,1476647.5,371.1011627,IT=12;12 ,ii
270,UP 2,26.184,53180,23542558.0,1.0742842,1454516.8,391.2841655,IT=13;13 ,ii
271,UP 2,23.290,53500,24766962.0,1.0783301,1520272.2,391.2841215,IT=12;12 ,ii
272,UP 2,26.048,53280,22921618.0,1.0822967,1402135.4,391.2842724,IT=13;13 ,ii
273,UP 2,24.035,55564,25966530.0,1.0863654,1563025.9,391.2841155,IT=12;12 ,ii
274,UP 2,23.672,52640,25238144.0,1.0904466,1561622.5,391.2840568,IT=12;12 ,ii
275,UP 2,23.393,53704,25475860.0,1.0945258,1551444.2,371.1012144,IT=12;12 ,ii
276,UP 2,25.560,55324,25303172.0,1.0984924,1519727.4,371.1011341,IT=13;13 ,ii
277,UP 2,26.651,54860,24597256.0,1.1026091,1480712.5,371.1011762,IT=13;13 ,ii
278,UP 2,26.582,52724,24519744.0,1.106709,1533605.9,391.2841092,IT=13;13 ,ii
279,UP 2,27.490,60296,25080614.0,1.1108278,1537132.9,391.2841922,IT=14;14 ,ii
280,UP 2,24.195,52716,24060402.0,1.1148819,1486096.0,391.2841566,IT=12;12 ,ii
281,UP 2,25.249,52576,24663830.0,1.1189901,1534147.8,371.1010705,IT=13;13 ,ii
282,UP 2,25.435,52028,23702702.0,1.123086,1447505.9,391.2840258,IT=13;13 ,ii
283,UP 2,27.856,55868,23540578.0,1.1272192,1388131.8,391.284303,IT=14;14 ,ii
284,UP 2,22.849,53840,24953846.0,1.1312401,1476146.9,391.2840587,IT=11;11 ,ii
285,UP 2,26.120,52468,23748178.0,1.1352129,1417413.5,391.2841593,IT=13;13 ,ii
286,UP 2,24.508,50944,23741432.0,1.1392859,1455352.8,391.2841303,IT=12;12 ,ii
287,UP 2,23.302,54232,24647556.0,1.1433525,1475846.8,391.2840093,IT=12;12 ,ii
288,UP 2,27.335,57016,24263664.0,1.1474963,1495884.0,391.2841782,IT=14;14 ,ii
289,UP 2,23.886,52624,24002846.0,1.1513795,1415620.9,371.1012175,IT=12;12 ,ii
290,UP 2,23.863,55056,24913998.0,1.155465,1488747.6,371.1010678,IT=12;12 ,ii
291,UP 2,23.833,54600,24998242.0,1.1595482,1518466.2,391.2840283,IT=12;12 ,ii
292,UP 2,26.294,53028,24209000.0,1.1636774,1469269.5,371.1011177,IT=13;13 ,ii
293,UP 2,25.708,54804,24821832.0,1.1675982,1551137.1,391.2840972,IT=13;13 ,ii
294,UP 2,24.910,50992,24433500.0,1.1716836,1487462.6,391.284077,IT=12;12 ,ii
295,UP 2,26.274,52008,24046002.0,1.175796,1460806.5,371.1011555,IT=13;13 ,ii
296,UP 2,26.313,53576,24258774.0,1.179894,1479837.2,391.2841292,IT=13;13 ,ii
297,UP 2,23.936,54480,25075952.0,1.1837877,1514490.2,391.2839176,IT=12;12 ,ii
298,UP 2,28.144,57224,23135178.0,1.187946,1396600.8,391.2842582,IT=14;14 ,ii
299,UP 2,25.549,50384,23599628.0,1.1920126,1465029.2,391.2841346,IT=13;13 ,ii
300,UP 2,24.661,46508,22855040.0,1.1960981,1505016.9,391.2841283,IT=12;12 ,ii
301,UP 2,25.911,55908,24912884.0,1.2002021,1497325.9,371.1012258,IT=13;13 ,ii
302,UP 2,23.188,51648,24264740.0,1.2040875,1457559.4,391.2841501,IT=12;12 ,ii
303,UP 2,22.310,50328,24907268.0,1.2081542,1514513.5,371.1011584,IT=11;11 ,ii
304,UP 2,26.337,54236,23940080.0,1.2122978,1422989.8,391.2841709,IT=13;13 ,ii
305,UP 2,26.307,53372,24101114.0,1.2163937,1455908.8,391.2841947,IT=13;13 ,ii
307,UP 2,18.968,43784,24051008.0,1.2204582,1498160.2,391.283975,IT=9.5;9.5 ,ii
308,UP 2,27.278,54624,24565482.0,1.2246603,1532603.2,391.284065,IT=14;14 ,ii
309,UP 2,23.618,48804,24564516.0,1.2287019,1517912.5,371.101095,IT=12;12 ,ii
310,UP 2,26.705,53340,24156708.0,1.2328353,1432691.9,391.2840376,IT=13;13 ,ii
311,UP 2,26.767,54160,24841414.0,1.2367644,1500477.1,391.2840888,IT=13;13 ,ii
312,UP 2,24.407,52012,24367362.0,1.240829,1473190.2,391.284097,IT=12;12 ,ii
313,UP 2,26.027,58100,24933866.0,1.2449394,1465837.1,391.2841554,IT=13;13 ,ii
314,UP 2,23.394,54528,25254714.0,1.2489914,1537154.4,391.2840434,IT=12;12 ,ii
315,UP 2,25.280,49060,23831130.0,1.2529351,1487645.1,371.1011705,IT=13;13 ,ii
316,UP 2,25.306,52856,24392818.0,1.2571143,1592969.9,391.2840899,IT=13;13 ,ii
317,UP 2,24.172,52552,24377568.0,1.261185,1454754.4,371.1010617,IT=12;12 ,ii
318,UP 2,27.642,54940,24771188.0,1.2653288,1503009.1,371.101045,IT=14;14 ,ii
319,UP 2,23.286,52480,24999976.0,1.2691934,1530293.5,391.2839999,IT=12;12 ,ii
320,UP 2,23.410,51852,24581372.0,1.2732767,1564574.9,391.2840089,IT=12;12 ,ii
321,UP 2,25.642,55192,25296934.0,1.2773933,1524417.2,371.1011432,IT=13;13 ,ii
322,UP 2,22.810,52808,25311898.0,1.2814391,1565433.6,391.2840967,IT=11;11 ,ii
323,UP 2,19.774,44716,23580408.0,1.2854662,1482365.9,391.2840671,IT=9.9;9.9 ,ii
324,UP 2,28.573,53748,22916242.0,1.2895161,1345144.1,391.2841652,IT=14;14 ,ii
325,UP 2,26.879,51164,23971908.0,1.2936015,1497877.0,391.2839244,IT=13;13 ,ii
326,UP 2,23.508,52220,24740668.0,1.2976473,1539987.1,391.2839462,IT=12;12 ,ii
327,UP 2,28.196,57256,24449658.0,1.3018057,1424069.9,391.2840717,IT=14;14 ,ii
328,UP 2,27.042,54700,23299368.0,1.3057243,1419959.4,391.2841899,IT=14;14 ,ii
329,UP 2,23.984,51440,24201704.0,1.3097785,1487309.5,391.2840473,IT=12;12 ,ii
330,UP 2,21.988,50904,24015040.0,1.3138284,1411146.9,391.2840619,IT=11;11 ,ii
331,UP 2,26.598,56004,24580642.0,1.3179764,1535275.0,391.284049,IT=13;13 ,ii
332,UP 2,21.690,47940,24354744.0,1.3218284,1445758.8,371.1009981,IT=11;11 ,ii
333,UP 2,27.961,51988,23649408.0,1.3260097,1419619.6,371.1011742,IT=14;14 ,ii
334,UP 2,20.068,45656,24932774.0,1.3299846,1513688.5,371.1010035,IT=10;10 ,ii
335,UP 2,23.210,51328,25149512.0,1.3341013,1520481.4,391.2840114,IT=12;12 ,ii
336,UP 2,26.137,53104,23813256.0,1.3380637,1425251.5,371.1012721,IT=13;13 ,ii
337,UP 2,27.204,54920,24248616.0,1.3421804,1444380.5,391.2841838,IT=14;14 ,ii
338,UP 2,23.452,50064,24717422.0,1.3462178,1513233.4,371.1011208,IT=12;12 ,ii
339,UP 2,24.126,52024,25231098.0,1.3503199,1583441.6,391.2840335,IT=12;12 ,ii
340,UP 2,27.422,56940,24296822.0,1.3542865,1459786.0,391.2841509,IT=14;14 ,ii
341,UP 2,21.484,47768,24484794.0,1.358299,1590827.1,391.2840415,IT=11;11 ,ii
342,UP 2,27.496,55400,24614644.0,1.362474,1540348.9,391.2840452,IT=14;14 ,ii
343,UP 2,25.280,51612,23535468.0,1.3665469,1382807.8,391.2841717,IT=13;13 ,ii
344,UP 2,24.478,53340,24373876.0,1.3704593,1462106.0,371.1011584,IT=12;12 ,ii
345,UP 2,26.827,60268,25560146.0,1.3745844,1544509.0,391.284166,IT=13;13 ,ii
346,UP 2,23.762,50716,23933926.0,1.3786343,1489796.5,391.2840897,IT=12;12 ,ii
347,UP 2,27.570,51964,23477192.0,1.3827885,1548504.4,391.2840805,IT=14;14 ,ii
348,UP 2,25.866,55516,24556532.0,1.386853,1529284.9,391.2840733,IT=13;13 ,ii
349,UP 2,25.726,58388,24770956.0,1.3907883,1471639.0,391.2841251,IT=13;13 ,ii
350,UP 2,24.268,54728,25279192.0,1.394855,1540277.9,391.2841252,IT=12;12 ,ii
351,UP 2,24.653,52720,24466690.0,1.3989487,1468203.5,371.1011139,IT=12;12 ,ii
352,UP 2,24.344,51664,24400224.0,1.4030321,1555810.5,371.1011357,IT=12;12 ,ii
353,UP 2,27.088,56772,24374010.0,1.4069924,1412701.5,371.1011124,IT=14;14 ,ii
354,UP 2,25.135,51408,23513600.0,1.4110653,1436004.2,391.2842053,IT=13;13 ,ii
355,UP 2,25.387,54108,23553040.0,1.4151611,1444106.4,391.2841686,IT=13;13 ,ii
356,UP 2,26.551,56260,23844804.0,1.4192735,1436729.0,391.2841831,IT=13;13 ,ii
357,UP 2,26.733,56048,24649768.0,1.4232777,1531814.4,391.2840806,IT=13;13 ,ii
358,UP 2,24.491,52168,24713414.0,1.4273423,1528996.8,391.283956,IT=12;12 ,ii
359,UP 2,26.894,54504,24335162.0,1.4314672,1483013.4,371.1011411,IT=13;13 ,ii
360,UP 2,24.086,49676,23983084.0,1.4355194,1528749.2,391.2840482,IT=12;12 ,ii
361,UP 2,27.810,56836,24448838.0,1.4394964,1502931.9,371.10113,IT=14;14 ,ii
362,UP 2,27.918,52876,22932432.0,1.4436089,1398162.1,391.2842058,IT=14;14 ,ii
363,UP 2,24.150,51912,24278886.0,1.4476525,1471077.5,391.2840455,IT=12;12 ,ii
364,UP 2,21.771,48920,24195694.0,1.4517026,1526334.5,391.2841053,IT=11;11 ,ii
365,UP 2,24.457,53212,24754040.0,1.4556567,1576637.0,391.2841552,IT=12;12 ,ii
366,UP 2,24.989,51796,23840146.0,1.4597588,1487302.5,391.2841134,IT=12;12 ,ii
367,UP 2,25.053,51732,24137904.0,1.4638483,1481582.6,391.2839814,IT=13;13 ,ii
368,UP 2,21.197,46892,24154242.0,1.4678754,1556881.9,391.2840032,IT=11;11 ,ii
369,UP 2,24.341,48092,23851702.0,1.4718441,1468998.0,391.2841156,IT=12;12 ,ii
370,UP 2,25.179,51944,23599082.0,1.4759483,1475079.1,391.2841206,IT=13;13 ,ii
371,UP 2,22.422,51112,24567194.0,1.479992,1476808.4,391.2840561,IT=11;11 ,ii
372,UP 2,23.398,47788,24062628.0,1.4840899,1554524.1,391.2841109,IT=12;12 ,ii
373,UP 2,27.554,54292,24048244.0,1.4882315,1427001.4,391.2841192,IT=14;14 ,ii
374,UP 2,20.530,48188,25881898.0,1.4920605,1614074.0,371.101083,IT=10;10 ,ii
375,UP 2,24.672,49876,23962488.0,1.496196,1551071.6,391.2838963,IT=12;12 ,ii
376,UP 2,26.451,56000,24052614.0,1.5003105,1388531.6,371.1010802,IT=13;13 ,ii
377,UP 2,23.727,51460,24274108.0,1.5043605,1514672.6,391.2838937,IT=12;12 ,ii
378,UP 2,26.378,55796,24540258.0,1.5083396,1442453.0,391.2841864,IT=13;13 ,ii
379,UP 2,23.980,51668,23613056.0,1.5124021,1425501.6,391.284164,IT=12;12 ,ii
381,UP 2,20.599,46700,24965636.0,1.5164958,1593186.4,391.2839398,IT=10;10 ,ii
382,UP 2,25.570,56376,24009590.0,1.520648,1420628.4,391.2840878,IT=13;13 ,ii
383,UP 2,23.963,51280,23868280.0,1.5245416,1511668.5,391.2841428,IT=12;12 ,ii
385,UP 2,21.562,52896,24899074.0,1.5286687,1426331.4,371.1009958,IT=11;11 ,ii
386,UP 2,24.491,50656,24198672.0,1.5327916,1462450.5,391.2840943,IT=12;12 ,ii
387,UP 2,24.541,50256,23793812.0,1.5368749,1464086.5,371.1011481,IT=12;12 ,ii
388,UP 2,24.093,50040,23728958.0,1.5407853,1425245.6,391.2841158,IT=12;12 ,ii
389,UP 2,25.835,51052,24139012.0,1.5448999,1522210.1,371.101033,IT=13;13 ,ii
390,UP 2,22.589,51344,24533070.0,1.5489415,1511311.4,371.1010145,IT=11;11 ,ii
391,UP 2,22.773,52540,24905060.0,1.5530228,1544223.8,391.2840061,IT=11;11 ,ii
392,UP 2,24.381,52204,23800904.0,1.5571248,1440767.6,371.1010602,IT=12;12 ,ii
393,UP 2,25.756,49612,23492318.0,1.5612331,1464746.9,391.2838626,IT=13;13 ,ii
394,UP 2,25.936,54744,24874932.0,1.5653309,1517998.1,391.2839591,IT=13;13 ,ii
395,UP 2,23.024,53152,24819810.0,1.5693789,1559723.8,391.2839642,IT=12;12 ,ii
396,UP 2,26.647,55272,23875068.0,1.5735164,1388047.2,391.2838748,IT=13;13 ,ii
397,UP 2,23.214,48352,24004400.0,1.5773934,1534972.5,391.2840174,IT=12;12 ,ii
398,UP 2,21.878,49308,24358490.0,1.5814538,1517186.2,371.1009868,IT=11;11 ,ii
399,UP 2,24.064,50992,23832728.0,1.5855641,1421693.6,391.2839787,IT=12;12 ,ii
400,UP 2,25.065,49924,23721662.0,1.5896642,1480240.8,371.1010101,IT=13;13 ,ii
401,UP 2,22.543,50028,24216390.0,1.5935432,1578903.1,371.1010968,IT=11;11 ,ii
402,UP 2,24.062,52516,24344060.0,1.5976474,1488370.1,371.1011647,IT=12;12 ,ii
403,UP 2,21.024,48652,24275422.0,1.6016786,1511991.4,391.284042,IT=11;11 ,ii
404,UP 2,25.191,50944,23639252.0,1.6058203,1509897.8,391.2839976,IT=13;13 ,ii
405,UP 2,23.363,50096,23956532.0,1.6097098,1491255.0,391.2840085,IT=12;12 ,ii
406,UP 2,23.842,50584,24407956.0,1.6137994,1491821.1,391.2839648,IT=12;12 ,ii
407,UP 2,24.252,50452,23901772.0,1.6178889,1497704.8,391.2839973,IT=12;12 ,ii
408,UP 2,23.774,48320,22996668.0,1.621966,1407475.6,391.2840174,IT=12;12 ,ii
409,UP 2,24.177,52940,24458688.0,1.6258847,1486840.0,391.2840379,IT=12;12 ,ii
410,UP 2,24.292,51704,23857048.0,1.6299743,1415071.4,391.2840037,IT=12;12 ,ii
411,UP 2,25.373,49956,23103752.0,1.6340763,1359208.8,371.101104,IT=13;13 ,ii
412,UP 2,24.009,48168,23745164.0,1.6381429,1436161.9,371.1011604,IT=12;12 ,ii
413,UP 2,23.045,47320,24177350.0,1.6420429,1510611.0,391.2839972,IT=12;12 ,ii
414,UP 2,25.065,49276,23457366.0,1.6461575,1443128.4,371.1010351,IT=13;13 ,ii
415,UP 2,23.834,48072,23976812.0,1.6502261,1493395.4,391.2840215,IT=12;12 ,ii
416,UP 2,24.649,50124,24223944.0,1.654322,1450709.4,391.2839301,IT=12;12 ,ii
417,UP 2,25.295,51032,23408612.0,1.6582511,1431027.4,391.2838739,IT=13;13 ,ii
418,UP 2,24.968,52484,24473688.0,1.6623407,1504567.4,391.2839643,IT=12;12 ,ii
419,UP 2,23.721,51068,23548650.0,1.6664136,1352508.6,371.1011336,IT=12;12 ,ii
420,UP 2,22.285,46096,23774828.0,1.6704677,1461529.1,391.2838415,IT=11;11 ,ii
421,UP 2,23.322,49668,23686838.0,1.6745593,1562974.5,391.2839211,IT=12;12 ,ii
422,UP 2,23.623,49268,23305372.0,1.6784781,1460668.4,371.1010665,IT=12;12 ,ii
423,UP 2,23.047,44104,23160856.0,1.682553,1479706.8,391.2839477,IT=12;12 ,ii
424,UP 2,24.252,52120,23944492.0,1.6866509,1443306.0,391.2840082,IT=12;12 ,ii
425,UP 2,25.138,51220,23665770.0,1.6905843,1419392.0,391.2840778,IT=13;13 ,ii
426,UP 2,22.759,49984,24612158.0,1.6946384,1547448.0,391.2839519,IT=11;11 ,ii
427,UP 2,23.541,53488,25107376.0,1.6987279,1513649.1,371.1009926,IT=12;12 ,ii
428,UP 2,23.619,49324,23740540.0,1.7028175,1483976.2,371.1010031,IT=12;12 ,ii
429,UP 2,20.312,44760,24441326.0,1.7068341,1589802.4,391.283929,IT=10;10 ,ii
430,UP 2,23.581,50492,24282848.0,1.7107903,1503644.4,391.2839644,IT=12;12 ,ii
431,UP 2,25.438,53652,24527400.0,1.7148986,1499138.0,391.2839583,IT=13;13 ,ii
432,UP 2,25.292,47880,23203302.0,1.7189903,1398473.2,391.2838493,IT=13;13 ,ii
433,UP 2,23.347,49708,23266736.0,1.7230507,1400810.2,371.1010758,IT=12;12 ,ii
434,UP 2,23.288,51204,23548398.0,1.7269611,1430926.4,391.2842208,IT=12;12 ,ii
436,UP 2,20.734,47524,23858724.0,1.7310715,1469421.8,371.1010456,IT=10;10 ,ii
437,UP 2,23.485,49424,24843918.0,1.735186,1633575.8,371.1010458,IT=12;12 ,ii
438,UP 2,23.849,50500,24326824.0,1.7392756,1541994.9,391.2840965,IT=12;12 ,ii
439,UP 2,24.118,49848,23627050.0,1.7432006,1473429.1,371.1011253,IT=12;12 ,ii
440,UP 2,22.332,48500,24138748.0,1.7472547,1481023.9,391.2839784,IT=11;11 ,ii
441,UP 2,22.456,50104,24724470.0,1.7513317,1557725.6,371.1010707,IT=11;11 ,ii
442,UP 2,21.177,44372,22945578.0,1.755388,1442119.2,391.283994,IT=11;11 ,ii
443,UP 2,24.132,48976,23490452.0,1.7595067,1468399.0,391.2839801,IT=12;12 ,ii
444,UP 2,23.764,50928,24329458.0,1.7635817,1528816.1,391.284098,IT=12;12 ,ii
445,UP 2,23.252,48624,23527218.0,1.7676546,1444018.6,391.2840236,IT=12;12 ,ii
446,UP 2,23.810,50464,24171460.0,1.7717399,1516790.0,371.1009204,IT=12;12 ,ii
447,UP 2,22.566,48264,23940686.0,1.7756358,1511384.4,391.2839914,IT=11;11 ,ii
448,UP 2,24.094,50720,23004532.0,1.7797399,1377447.4,391.2840301,IT=12;12 ,ii
449,UP 2,24.208,50008,23122436.0,1.7838232,1415150.9,391.2839558,IT=12;12 ,ii
450,UP 2,22.499,51576,24795094.0,1.7878794,1545223.0,371.1009172,IT=11;11 ,ii
451,UP 2,24.245,54048,24577280.0,1.7918169,1606120.9,391.2840158,IT=12;12 ,ii
452,UP 2,24.815,47360,22592054.0,1.7959148,1377680.1,391.2839703,IT=12;12 ,ii
453,UP 2,21.054,45564,23434838.0,1.7999419,1551144.0,391.2839619,IT=11;11 ,ii
454,UP 2,23.214,50740,24279130.0,1.8040439,1533218.8,371.1010901,IT=12;12 ,ii
455,UP 2,22.335,49736,24611290.0,1.8081106,1514741.2,391.2839585,IT=11;11 ,ii
456,UP 2,23.380,50940,24794190.0,1.8120355,1572060.6,391.2840083,IT=12;12 ,ii
457,UP 2,23.643,49228,23532226.0,1.8161272,1493981.6,391.283928,IT=12;12 ,ii
458,UP 2,24.332,51360,23368228.0,1.8202146,1392374.6,391.2840236,IT=12;12 ,ii
459,UP 2,24.970,50868,23284294.0,1.8243104,1403744.9,391.2840108,IT=12;12 ,ii
460,UP 2,23.325,48636,23755848.0,1.828202,1473408.4,391.2840142,IT=12;12 ,ii
461,UP 2,23.316,50540,23044904.0,1.8322875,1441709.8,391.2839824,IT=12;12 ,ii
462,UP 2,23.232,50380,23971618.0,1.8363687,1411824.2,371.1010525,IT=12;12 ,ii
463,UP 2,22.218,49544,24591332.0,1.8404353,1541540.4,391.2839824,IT=11;11 ,ii
464,UP 2,22.891,50568,24331646.0,1.8443561,1479081.4,391.2839499,IT=11;11 ,ii
465,UP 2,22.989,49188,24202792.0,1.8484478,1481157.9,371.1009612,IT=11;11 ,ii
466,UP 2,20.500,45080,24909724.0,1.852479,1589684.5,391.2838642,IT=10;10 ,ii
467,UP 2,23.069,47712,23486092.0,1.8565873,1513603.6,391.2839721,IT=12;12 ,ii
468,UP 2,22.571,49456,24038498.0,1.8604914,1499350.4,391.2840011,IT=11;11 ,ii
469,UP 2,23.261,49264,24173912.0,1.8645831,1509717.6,391.2840214,IT=12;12 ,ii
470,UP 2,23.355,50688,23845936.0,1.8686705,1425144.2,391.2840342,IT=12;12 ,ii
471,UP 2,22.300,44164,23177952.0,1.872733,1436752.1,391.2839772,IT=11;11 ,ii
472,UP 2,22.364,48896,24247310.0,1.8766434,1554467.2,391.2839724,IT=11;11 ,ii
473,UP 2,24.237,49312,23733356.0,1.8807538,1506156.8,371.1010659,IT=12;12 ,ii
474,UP 2,21.527,47316,23584936.0,1.8847954,1439249.8,391.2839637,IT=11;11 ,ii
475,UP 2,21.063,50108,24669580.0,1.8888559,1539546.2,391.2840107,IT=11;11 ,ii
476,UP 2,22.108,48528,23860190.0,1.8927767,1442030.1,371.1010097,IT=11;11 ,ii
477,UP 2,20.345,45760,23759414.0,1.8968225,1558533.9,391.2839761,IT=10;10 ,ii
478,UP 2,19.587,45608,24143048.0,1.9008766,1550187.2,391.2839201,IT=9.8;9.8 ,ii
479,UP 2,21.642,45940,23901300.0,1.9049724,1541300.9,391.2839343,IT=11;11 ,ii
480,UP 2,24.089,49284,23466610.0,1.9089203,1490817.1,391.283968,IT=12;12 ,ii
481,UP 2,20.890,48500,24317404.0,1.9129557,1533454.0,391.2839815,IT=10;10 ,ii
482,UP 2,22.447,45792,23097974.0,1.9170473,1502211.4,391.283992,IT=11;11 ,ii
483,UP 2,22.751,50132,24041280.0,1.9211264,1460341.0,371.1010025,IT=11;11 ,ii
484,UP 2,23.163,52628,24611380.0,1.9252223,1543672.0,391.2839634,IT=12;12 ,ii
485,UP 2,22.494,50908,24422712.0,1.929291,1568205.0,371.1009741,IT=11;11 ,ii
486,UP 2,20.227,43760,23302156.0,1.9333264,1428575.8,391.2838509,IT=10;10 ,ii
487,UP 2,23.003,48756,23510788.0,1.9374389,1449410.1,391.2840822,IT=12;12 ,ii
488,UP 2,21.389,48140,24368764.0,1.9414909,1576461.1,391.2840032,IT=11;11 ,ii
489,UP 2,21.416,50160,24607408.0,1.9453992,1521735.8,391.2839881,IT=11;11 ,ii
490,UP 2,20.197,46996,24589224.0,1.9494617,1584240.2,371.1009097,IT=10;10 ,ii
491,UP 2,23.713,51696,23900614.0,1.9535763,1483318.5,391.2840027,IT=12;12 ,ii
492,UP 2,22.135,48280,23990314.0,1.9576325,1518876.1,391.2839904,IT=11;11 ,ii
493,UP 2,20.441,48412,24531144.0,1.9615116,1498466.5,391.2839431,IT=10;10 ,ii
494,UP 2,21.955,47168,23564946.0,1.9656074,1451278.9,371.100977,IT=11;11 ,ii
495,UP 2,22.958,51756,24033634.0,1.9697032,1510221.2,391.2840448,IT=11;11 ,ii
496,UP 2,20.519,47316,24412220.0,1.973749,1588280.0,371.1009484,IT=10;10 ,ii
497,UP 2,20.698,47144,24053560.0,1.9776469,1507800.1,371.1010348,IT=10;10 ,ii
498,UP 2,23.783,52612,24334042.0,1.9817698,1491877.8,371.1010022,IT=12;12 ,ii
499,UP 2,22.238,48640,24181688.0,1.9858281,1567643.6,391.2839016,IT=11;11 ,ii
500,UP 2,24.287,53704,24170192.0,1.9899365,1498197.1,371.1009429,IT=12;12 ,ii
501,UP 2,21.412,48588,24453422.0,1.9938031,1511459.1,391.2839616,IT=11;11 ,ii
502,UP 2,22.003,48736,24090600.0,1.9978864,1527242.2,391.283967,IT=11;11 ,ii
503,UP 2,24.104,52628,24117788.0,2.0019946,1445230.1,391.2840624,IT=12;12 ,ii
504,UP 2,22.790,49436,23317976.0,2.0060572,1462422.0,391.2840611,IT=11;11 ,ii
505,UP 2,22.026,46632,23645776.0,2.009953,1468230.0,391.2839539,IT=11;11 ,ii
506,UP 2,22.330,50192,24322918.0,2.0140342,1526072.2,391.2840099,IT=11;11 ,ii
508,UP 2,22.749,49148,23674670.0,2.0181633,1539461.8,391.28399,IT=11;11 ,ii
509,UP 2,20.356,44968,23782528.0,2.022205,1486917.9,391.2839572,IT=10;10 ,ii
510,UP 2,24.064,49428,23856544.0,2.0261737,1513984.0,371.1011304,IT=12;12 ,ii
512,UP 2,18.214,44804,24979908.0,2.0302445,1601457.9,391.2839609,IT=9.1;9.1 ,ii
513,UP 2,22.200,49140,25030642.0,2.0343736,1628433.4,371.1010481,IT=11;11 ,ii
514,UP 2,23.350,50876,23694522.0,2.0384674,1470987.0,391.284068,IT=12;12 ,ii
515,UP 2,21.326,49300,24340608.0,2.0423528,1511222.0,371.1010189,IT=11;11 ,ii
516,UP 2,22.386,51016,24441372.0,2.0464507,1540895.2,391.2839806,IT=11;11 ,ii
517,UP 2,23.467,52244,24134938.0,2.0505381,1471336.2,391.2839963,IT=12;12 ,ii
518,UP 2,22.341,45136,22731432.0,2.0546006,1394134.8,371.1011524,IT=11;11 ,ii
519,UP 2,23.336,49996,23782200.0,2.0585235,1431673.5,391.2839669,IT=12;12 ,ii
520,UP 2,24.481,51324,22906706.0,2.0626256,1372668.9,391.2839271,IT=12;12 ,ii
521,UP 2,22.594,52188,24135268.0,2.0666797,1484536.4,391.2840196,IT=11;11 ,ii
522,UP 2,24.357,50712,23258920.0,2.0707859,1446161.8,391.2841342,IT=12;12 ,ii
523,UP 2,22.059,46880,23930106.0,2.0748359,1514442.1,371.1008952,IT=11;11 ,ii
524,UP 2,20.902,46656,23881104.0,2.0787213,1477314.0,391.2839276,IT=10;10 ,ii
525,UP 2,22.834,49136,24016212.0,2.0828337,1472988.2,371.1010857,IT=11;11 ,ii
526,UP 2,23.702,47580,23590034.0,2.086917,1485461.8,371.1010013,IT=12;12 ,ii
527,UP 2,23.884,52032,24356438.0,2.0910024,1514084.0,371.1009799,IT=12;12 ,ii
528,UP 2,21.941,49800,24138038.0,2.0948815,1491481.4,371.1009211,IT=11;11 ,ii
529,UP 2,21.614,47172,23778398.0,2.0989545,1505828.1,391.2838575,IT=11;11 ,ii
530,UP 2,22.613,49640,23430226.0,2.1030482,1488155.9,391.2839401,IT=11;11 ,ii
531,UP 2,23.647,51200,23702350.0,2.1071461,1440698.5,371.1011087,IT=12;12 ,ii
532,UP 2,20.524,47948,23783626.0,2.1110023,1424615.4,371.1009916,IT=10;10 ,ii
533,UP 2,22.663,50112,23592318.0,2.1151106,1491712.5,391.2839301,IT=11;11 ,ii
534,UP 2,22.539,48296,23610440.0,2.1191856,1485844.4,371.100925,IT=11;11 ,ii
535,UP 2,21.448,50680,24627526.0,2.1232439,1526054.5,371.1008084,IT=11;11 ,ii
536,UP 2,22.727,48968,23480126.0,2.1271751,1497558.2,391.2838571,IT=11;11 ,ii
537,UP 2,22.654,50172,24504128.0,2.1312564,1514370.2,391.2838472,IT=11;11 ,ii
538,UP 2,20.613,50760,24847258.0,2.1353021,1543402.0,371.1008828,IT=10;10 ,ii
539,UP 2,24.372,49260,23358480.0,2.1394313,1437340.4,371.1009627,IT=12;12 ,ii
540,UP 2,23.572,53560,24693744.0,2.1433333,1468879.1,391.2839574,IT=12;12 ,ii
541,UP 2,25.280,53596,23209614.0,2.1474459,1391807.2,391.2840072,IT=13;13 ,ii
542,UP 2,22.272,50860,24118014.0,2.1514895,1455581.4,391.2839788,IT=11;11 ,ii
543,UP 2,22.210,49636,23595026.0,2.1555583,1437366.1,391.2840033,IT=11;11 ,ii
544,UP 2,22.980,50408,23601054.0,2.1594832,1472915.5,391.2839489,IT=11;11 ,ii
545,UP 2,21.950,46812,24104070.0,2.1635478,1526635.6,391.2839104,IT=11;11 ,ii
546,UP 2,22.526,47440,23859418.0,2.1676311,1499883.6,391.283854,IT=11;11 ,ii
547,UP 2,22.806,48268,23204030.0,2.1717269,1394229.6,371.1010252,IT=11;11 ,ii
548,UP 2,20.829,47736,23939742.0,2.1756102,1476989.2,391.2838806,IT=10;10 ,ii
549,UP 2,20.896,46028,23846614.0,2.1796894,1456768.6,371.1009106,IT=10;10 ,ii
550,UP 2,22.404,49396,23779970.0,2.183781,1475973.1,391.283876,IT=11;11 ,ii
551,UP 2,22.890,50776,23622956.0,2.1878622,1447229.6,371.1009222,IT=11;11 ,ii
552,UP 2,21.762,49308,23764996.0,2.191758,1445614.5,391.2838173,IT=11;11 ,ii
553,UP 2,22.214,51144,24104820.0,2.1958413,1520682.8,391.284016,IT=11;11 ,ii
554,UP 2,22.135,47684,23708450.0,2.1999163,1501599.0,391.2838939,IT=11;11 ,ii
555,UP 2,22.378,46648,23106880.0,2.2039955,1487005.6,391.2838657,IT=11;11 ,ii
556,UP 2,22.690,47404,23794518.0,2.2079121,1509060.0,391.283864,IT=11;11 ,ii
557,UP 2,21.325,48840,24342106.0,2.2119684,1517533.0,391.28395,IT=11;11 ,ii
558,UP 2,25.009,53316,23144676.0,2.2161057,1397188.0,391.2840633,IT=13;13 ,ii
559,UP 2,21.665,44504,23129890.0,2.2201391,1438898.8,391.2839333,IT=11;11 ,ii
560,UP 2,24.448,46576,22365304.0,2.2242578,1395427.6,391.28405,IT=12;12 ,ii
561,UP 2,22.094,50480,24486286.0,2.2281349,1501031.6,371.1010207,IT=11;11 ,ii
562,UP 2,24.081,53496,23678236.0,2.2322494,1437013.6,371.1010573,IT=12;12 ,ii
564,UP 2,22.514,46608,23086912.0,2.2364035,1498638.0,371.1009007,IT=11;11 ,ii
565,UP 2,22.620,48600,23704430.0,2.240491,1508223.5,391.2839926,IT=11;11 ,ii
566,UP 2,21.546,48628,23921024.0,2.2443785,1474913.6,391.2840088,IT=11;11 ,ii
567,UP 2,24.150,54388,23830860.0,2.2484993,1432221.8,391.2840388,IT=12;12 ,ii
568,UP 2,21.104,47484,23513942.0,2.2525305,1455851.2,391.2838288,IT=11;11 ,ii
569,UP 2,21.921,48096,23684354.0,2.2566159,1484023.6,391.2839346,IT=11;11 ,ii
570,UP 2,22.044,46900,24047532.0,2.2605263,1486847.2,391.2838516,IT=11;11 ,ii
571,UP 2,22.913,47440,23337062.0,2.264618,1424499.4,391.2839859,IT=11;11 ,ii
572,UP 2,20.375,45848,23491748.0,2.2686512,1475551.9,391.2839511,IT=10;10 ,ii
573,UP 2,23.195,47804,22943296.0,2.2727659,1432226.2,391.2840241,IT=12;12 ,ii
574,UP 2,24.803,49460,22611522.0,2.2767033,1365456.4,391.2841143,IT=12;12 ,ii
575,UP 2,23.603,50916,23766768.0,2.2807721,1484807.4,391.2840515,IT=12;12 ,ii
576,UP 2,21.856,46012,23151006.0,2.2848261,1511728.9,391.2840045,IT=11;11 ,ii
577,UP 2,22.638,46440,23428562.0,2.2889095,1480454.4,371.1010009,IT=11;11 ,ii
578,UP 2,22.138,50804,23689410.0,2.2928073,1449501.8,371.1009463,IT=11;11 ,ii
579,UP 2,23.778,52296,23628446.0,2.2969136,1439672.6,391.2840701,IT=12;12 ,ii
580,UP 2,23.422,49396,23243352.0,2.3009906,1416223.6,391.2839454,IT=12;12 ,ii
581,UP 2,23.201,47752,23121398.0,2.3050656,1426934.2,391.2839888,IT=12;12 ,ii
582,UP 2,20.845,45440,23682200.0,2.3089406,1548035.8,391.2838057,IT=10;10 ,ii
583,UP 2,23.746,47220,22715546.0,2.3130594,1502997.1,391.2839331,IT=12;12 ,ii
584,UP 2,21.837,48196,24184072.0,2.3171093,1519732.8,371.100823,IT=11;11 ,ii
585,UP 2,23.340,47084,22707194.0,2.3212114,1458112.9,391.283932,IT=12;12 ,ii
586,UP 2,23.900,51836,23888138.0,2.3251384,1499087.2,371.1010464,IT=12;12 ,ii
587,UP 2,22.486,48956,24155826.0,2.329203,1508023.8,391.283891,IT=11;11 ,ii
588,UP 2,22.020,46848,23578802.0,2.3332737,1519194.2,371.1008791,IT=11;11 ,ii
589,UP 2,23.627,51664,23958592.0,2.3373737,1536246.0,371.100963,IT=12;12 ,ii
590,UP 2,23.716,49368,23409458.0,2.3413133,1558881.8,391.2839592,IT=12;12 ,ii
591,UP 2,23.600,50004,23153276.0,2.3452258,1482856.0,391.2838924,IT=12;12 ,ii
592,UP 2,23.364,49204,23190448.0,2.349309,1416972.5,371.100975,IT=12;12 ,ii
593,UP 2,23.758,49252,23663184.0,2.3533944,1477206.6,391.2840426,IT=12;12 ,ii
594,UP 2,21.784,46796,23322406.0,2.3572736,1489067.2,391.283972,IT=11;11 ,ii
595,UP 2,22.938,45020,22480866.0,2.3612048,1443312.2,391.2840071,IT=11;11 ,ii
596,UP 2,21.370,51784,24637870.0,2.3652693,1518289.5,371.1009459,IT=11;11 ,ii
597,UP 2,21.306,47732,23725380.0,2.3693443,1480945.8,371.10099,IT=11;11 ,ii
598,UP 2,23.047,49984,23840160.0,2.3732839,1468666.8,391.2840067,IT=12;12 ,ii
599,UP 2,25.256,53956,23938544.0,2.3774026,1548446.6,371.1010826,IT=13;13 ,ii
600,UP 2,21.068,43524,23305358.0,2.3814234,1589338.4,391.2838709,IT=11;11 ,ii
601,UP 2,22.532,50144,23972836.0,2.3855255,1502431.0,391.2838774,IT=11;11 ,ii
602,UP 2,23.917,48688,23015076.0,2.3896192,1430389.0,391.2839193,IT=12;12 ,ii
603,UP 2,23.145,48788,23027582.0,2.3935254,1470139.8,391.2839676,IT=12;12 ,ii
604,UP 2,23.758,49364,24155818.0,2.3976129,1526259.6,371.1010047,IT=12;12 ,ii
605,UP 2,22.849,48044,23340996.0,2.4016795,1511943.4,391.2838524,IT=11;11 ,ii
606,UP 2,23.361,51596,23000682.0,2.4057691,1410985.2,391.2840061,IT=12;12 ,ii
607,UP 2,20.986,47976,24143558.0,2.4096419,1574042.8,371.1009139,IT=10;10 ,ii
608,UP 2,23.729,47812,23120612.0,2.4137649,1467807.5,391.2839792,IT=12;12 ,ii
609,UP 2,24.086,51520,23121952.0,2.4178648,1388637.2,391.2841021,IT=12;12 ,ii
610,UP 2,21.499,46892,23262764.0,2.4218982,1480641.2,371.1009407,IT=11;11 ,ii
611,UP 2,22.638,49092,23544900.0,2.4258273,1505750.4,371.1009773,IT=11;11 ,ii
612,UP 2,22.410,49984,23696166.0,2.4299023,1430660.8,391.2840012,IT=11;11 ,ii
613,UP 2,23.974,52360,23779260.0,2.4340001,1421192.8,391.2839618,IT=12;12 ,ii
614,UP 2,20.913,47080,23956132.0,2.4380314,1531174.2,391.2838767,IT=10;10 ,ii
615,UP 2,24.106,50408,23005132.0,2.4419876,1410581.2,371.1010639,IT=12;12 ,ii
616,UP 2,22.083,49008,23244858.0,2.4460417,1472187.1,391.2839337,IT=11;11 ,ii
617,UP 2,21.670,48400,24925722.0,2.4501083,1599400.9,371.1009263,IT=11;11 ,ii
618,UP 2,22.572,51004,24069256.0,2.4542,1464665.4,391.2840231,IT=11;11 ,ii
619,UP 2,24.330,50032,24194948.0,2.4581291,1535698.8,391.2839202,IT=12;12 ,ii
620,UP 2,21.551,48964,23898982.0,2.4621708,1485284.6,391.2839792,IT=11;11 ,ii
621,UP 2,22.664,49184,24371780.0,2.4662624,1526780.9,371.1010274,IT=11;11 ,ii
622,UP 2,20.477,43988,23937976.0,2.4703041,1540124.5,391.283915,IT=10;10 ,ii
623,UP 2,22.973,50328,23897486.0,2.4742478,1471151.8,371.1008867,IT=11;11 ,ii
624,UP 2,19.520,44784,24060214.0,2.4782728,1542260.6,371.1009067,IT=9.8;9.8 ,ii
625,UP 2,22.658,51496,24126290.0,2.4823915,1480364.6,371.1010181,IT=11;11 ,ii
626,UP 2,23.320,47128,23289390.0,2.486479,1473273.2,391.2839626,IT=12;12 ,ii
627,UP 2,24.751,52492,23788142.0,2.4904123,1470994.5,391.2840695,IT=12;12 ,ii
628,UP 2,23.113,49820,24001880.0,2.4944748,1517210.1,391.2839683,IT=12;12 ,ii
629,UP 2,22.329,47668,23394456.0,2.4985393,1525741.1,391.2839578,IT=11;11 ,ii
630,UP 2,23.973,50772,23628166.0,2.5026413,1486399.2,371.1009946,IT=12;12 ,ii
631,UP 2,22.015,51836,23823906.0,2.5065476,1427386.4,391.2838784,IT=11;11 ,ii
632,UP 2,21.948,51364,24163426.0,2.510456,1501422.4,371.101028,IT=11;11 ,ii
633,UP 2,22.903,49376,23592372.0,2.5145496,1526096.5,391.2840518,IT=11;11 ,ii
634,UP 2,21.351,43772,23382948.0,2.5185997,1507197.6,371.1011003,IT=11;11 ,ii
636,UP 2,20.036,45304,24309062.0,2.5226996,1589342.1,391.2839627,IT=10;10 ,ii
637,UP 2,24.277,51892,23878882.0,2.5266746,1549374.1,371.1010895,IT=12;12 ,ii
638,UP 2,20.962,44564,23542634.0,2.5307058,1528803.5,391.2840993,IT=10;10 ,ii
640,UP 2,19.107,46472,24104320.0,2.5347891,1521904.9,371.100992,IT=9.6;9.6 ,ii
641,UP 2,23.059,48216,23393766.0,2.5389182,1449690.4,391.2839673,IT=12;12 ,ii
642,UP 2,23.272,52632,24195562.0,2.5428349,1498903.0,391.2840433,IT=12;12 ,ii
643,UP 2,22.102,46880,23560176.0,2.5468953,1480301.0,391.2839201,IT=11;11 ,ii
644,UP 2,23.651,49860,23439614.0,2.5509953,1442662.4,391.2839756,IT=12;12 ,ii
645,UP 2,25.102,54300,23733744.0,2.5550973,1413027.0,391.2840707,IT=13;13 ,ii
646,UP 2,23.343,51212,23865102.0,2.5591597,1484842.5,371.1010293,IT=12;12 ,ii
647,UP 2,21.990,49104,23705276.0,2.5632202,1476542.0,391.2839738,IT=11;11 ,ii
648,UP 2,21.573,49028,24106472.0,2.5672846,1551061.2,371.1009539,IT=11;11 ,ii
649,UP 2,23.161,47720,23656920.0,2.5713847,1498161.1,391.2840229,IT=12;12 ,ii
650,UP 2,21.961,43824,23119428.0,2.57527,1499365.1,371.101017,IT=11;11 ,ii
651,UP 2,23.260,50656,23618950.0,2.57937,1498130.1,371.1011502,IT=12;12 ,ii
652,UP 2,22.794,50552,23747604.0,2.5834429,1458145.4,391.2840053,IT=11;11 ,ii
653,UP 2,23.225,50832,23850184.0,2.5875283,1459064.4,391.2840517,IT=12;12 ,ii
654,UP 2,24.228,54156,24052022.0,2.5916262,1488369.1,391.2840403,IT=12;12 ,ii
655,UP 2,24.043,53480,23799330.0,2.5957095,1439108.0,391.2840907,IT=12;12 ,ii
656,UP 2,19.014,44892,24472998.0,2.5997178,1524764.4,391.2839399,IT=9.5;9.5 ,ii
657,UP 2,23.041,49168,23412392.0,2.6038491,1460553.8,391.2840459,IT=12;12 ,ii
658,UP 2,22.560,51132,23689778.0,2.6077448,1487041.2,371.1011203,IT=11;11 ,ii
659,UP 2,21.965,49452,24503782.0,2.6118136,1608602.5,391.2838659,IT=11;11 ,ii
660,UP 2,21.527,47544,23833892.0,2.6158823,1525303.8,371.1009964,IT=11;11 ,ii
661,UP 2,22.992,50488,24242236.0,2.6199781,1481482.4,391.2839951,IT=11;11 ,ii
662,UP 2,23.146,55344,25463272.0,2.6238905,1579030.0,391.2839394,IT=12;12 ,ii
663,UP 2,19.374,41704,23216476.0,2.6279114,1492889.1,371.1009243,IT=9.7;9.7 ,ii
664,UP 2,20.703,44172,23241090.0,2.6319926,1466101.4,371.1010135,IT=10;10 ,ii
665,UP 2,22.522,49440,24059158.0,2.6360947,1563627.4,391.283897,IT=11;11 ,ii
666,UP 2,22.722,46484,23478152.0,2.6401738,1533550.2,391.2839112,IT=11;11 ,ii
667,UP 2,22.858,51232,24458436.0,2.6440843,1492427.0,391.2839545,IT=11;11 ,ii
668,UP 2,21.168,48092,23963578.0,2.6481362,1598695.0,391.2839239,IT=11;11 ,ii
669,UP 2,22.351,49992,23581450.0,2.6522279,1445667.9,391.2840046,IT=11;11 ,ii
670,UP 2,23.363,51716,23705548.0,2.6563153,1451625.8,391.2840046,IT=12;12 ,ii
671,UP 2,21.587,47324,24016918.0,2.6601986,1528998.1,391.2839569,IT=11;11 ,ii
672,UP 2,19.920,45988,24071002.0,2.6642424,1491858.4,391.2839605,IT=10;10 ,ii
673,UP 2,20.725,48228,25232436.0,2.6683236,1623629.6,391.2839377,IT=10;10 ,ii
674,UP 2,20.319,47808,24125992.0,2.672384,1493602.9,371.1011107,IT=10;10 ,ii
675,UP 2,19.391,42424,23729192.0,2.6762652,1584952.2,391.2839897,IT=9.7;9.7 ,ii
676,UP 2,23.526,49480,23030458.0,2.6804006,1521591.9,391.2840463,IT=12;12 ,ii
677,UP 2,20.642,46392,22941108.0,2.6844318,1392708.5,391.2840322,IT=10;10 ,ii
678,UP 2,23.749,47520,23048648.0,2.688561,1489117.5,391.2840232,IT=12;12 ,ii
679,UP 2,24.318,51860,23835500.0,2.6924796,1510514.0,371.1010816,IT=12;12 ,ii
680,UP 2,23.321,50880,23472000.0,2.6965609,1464034.9,391.284092,IT=12;12 ,ii
681,UP 2,21.127,44800,23086436.0,2.7005963,1501978.8,371.1010502,IT=11;11 ,ii
682,UP 2,23.552,51672,23881516.0,2.7047067,1528996.6,391.284029,IT=12;12 ,ii
683,UP 2,22.451,50200,24271988.0,2.7085983,1560125.0,371.1009709,IT=11;11 ,ii
684,UP 2,23.158,55300,25284658.0,2.71269,1590251.8,371.1010119,IT=12;12 ,ii
685,UP 2,23.849,51240,24025932.0,2.7167774,1508081.2,391.2839798,IT=12;12 ,ii
686,UP 2,24.082,52392,23370072.0,2.7208628,1393824.6,391.2840639,IT=12;12 ,ii
687,UP 2,22.321,45280,23535488.0,2.7247461,1576682.6,391.2839136,IT=11;11 ,ii
688,UP 2,22.292,49592,24049912.0,2.7288253,1529631.9,371.1009398,IT=11;11 ,ii
689,UP 2,21.464,48828,24137150.0,2.7328919,1517649.8,371.1009146,IT=11;11 ,ii
690,UP 2,24.073,53036,25121842.0,2.7370002,1600299.9,371.1009995,IT=12;12 ,ii
691,UP 2,24.427,50468,23763422.0,2.7409231,1499963.1,391.2839855,IT=12;12 ,ii
692,UP 2,25.344,52560,23737634.0,2.745021,1499882.9,371.1011044,IT=13;13 ,ii
693,UP 2,23.332,47124,23478816.0,2.7490814,1497652.9,391.2839575,IT=12;12 ,ii
694,UP 2,22.569,51160,23793072.0,2.753148,1381241.2,391.2839834,IT=11;11 ,ii
695,UP 2,22.210,47940,23293516.0,2.7572209,1459115.1,391.2840129,IT=11;11 ,ii
696,UP 2,21.184,47384,23815526.0,2.7612855,1501369.5,391.283972,IT=11;11 ,ii
697,UP 2,24.565,49824,23451478.0,2.7654125,1559757.1,391.2840335,IT=12;12 ,ii
698,UP 2,22.835,53548,24510632.0,2.7694709,1521960.9,391.2839209,IT=11;11 ,ii
699,UP 2,23.967,50524,23273916.0,2.7735687,1461265.5,391.2839951,IT=12;12 ,ii
700,UP 2,21.716,47920,23349092.0,2.7774437,1474439.9,371.1010008,IT=11;11 ,ii
701,UP 2,21.841,48488,23581224.0,2.7815228,1491467.1,391.2840786,IT=11;11 ,ii
702,UP 2,23.622,50704,23528848.0,2.7856229,1436975.2,391.283942,IT=12;12 ,ii
703,UP 2,23.120,49304,23176318.0,2.7896978,1471962.0,391.2841011,IT=12;12 ,ii
704,UP 2,22.306,47256,23216448.0,2.7935935,1418140.1,371.1010148,IT=11;11 ,ii
705,UP 2,24.807,52060,23138214.0,2.7977102,1429782.6,371.1011197,IT=12;12 ,ii
706,UP 2,23.746,48724,22839240.0,2.8017789,1407599.6,371.1010829,IT=12;12 ,ii
707,UP 2,23.797,54052,24369010.0,2.8058623,1517216.0,391.2841091,IT=12;12 ,ii
708,UP 2,24.997,51672,23306118.0,2.8097956,1454186.1,391.2840594,IT=12;12 ,ii
709,UP 2,23.470,47916,23586276.0,2.8138622,1481284.8,371.1009688,IT=12;12 ,ii
710,UP 2,23.221,48500,22616154.0,2.8179351,1419110.5,371.1011108,IT=12;12 ,ii
711,UP 2,25.126,53256,23278812.0,2.8220455,1463912.4,391.284134,IT=13;13 ,ii
712,UP 2,24.126,50040,23205292.0,2.8259537,1428475.8,371.1010578,IT=12;12 ,ii
713,UP 2,21.136,44448,23337710.0,2.8299892,1510563.8,371.1010334,IT=11;11 ,ii
714,UP 2,23.647,48812,23440740.0,2.8340995,1465647.0,391.284127,IT=12;12 ,ii
715,UP 2,24.018,51052,22657784.0,2.8381849,1387223.2,391.2840503,IT=12;12 ,ii
716,UP 2,24.104,50560,23618642.0,2.8421182,1470076.4,371.1010508,IT=12;12 ,ii
717,UP 2,24.054,53192,23956544.0,2.8462036,1511816.4,391.2840555,IT=12;12 ,ii
718,UP 2,22.659,45200,22868546.0,2.8502619,1476307.0,371.1009421,IT=11;11 ,ii
719,UP 2,23.714,50500,23509634.0,2.8543536,1485972.8,371.1010665,IT=12;12 ,ii
720,UP 2,22.617,47612,22831906.0,2.8582556,1381544.1,371.1010231,IT=11;11 ,ii
721,UP 2,20.962,48512,23922172.0,2.8623098,1514231.9,371.1009573,IT=10;10 ,ii
722,UP 2,22.773,50900,24087402.0,2.866416,1547670.8,391.2839556,IT=11;11 ,ii
723,UP 2,24.233,49596,23328486.0,2.8705201,1451446.4,391.2839406,IT=12;12 ,ii
724,UP 2,24.143,52876,23238412.0,2.8744347,1457591.2,391.2840127,IT=12;12 ,ii
725,UP 2,22.153,48484,23933722.0,2.8784888,1498583.1,371.1010208,IT=11;11 ,ii
726,UP 2,25.288,52004,22794804.0,2.8826159,1391354.9,391.2839151,IT=13;13 ,ii
727,UP 2,21.431,48392,23468464.0,2.8866513,1419671.5,391.2839554,IT=11;11 ,ii
728,UP 2,21.995,49740,23762522.0,2.8905658,1433637.1,371.1010739,IT=11;11 ,ii
729,UP 2,24.628,51872,23221720.0,2.8946929,1405429.2,371.1010645,IT=12;12 ,ii
730,UP 2,23.654,48372,22878536.0,2.8987637,1442169.4,391.2839952,IT=12;12 ,ii
731,UP 2,25.112,51752,23441308.0,2.9028658,1450233.0,391.2840222,IT=13;13 ,ii
732,UP 2,22.118,46904,23488162.0,2.9069116,1481267.4,371.1010217,IT=11;11 ,ii
733,UP 2,22.716,50604,23811518.0,2.9108241,1489934.2,391.2840357,IT=11;11 ,ii
734,UP 2,22.070,51720,24272458.0,2.9148928,1519918.0,371.1010756,IT=11;11 ,ii
735,UP 2,22.950,49928,23628466.0,2.9189824,1542672.5,391.2839452,IT=11;11 ,ii
736,UP 2,24.653,52992,23975014.0,2.9230927,1482438.1,371.1010595,IT=12;12 ,ii
737,UP 2,22.632,49592,23614390.0,2.9270114,1485729.2,371.1010211,IT=11;11 ,ii
738,UP 2,22.700,49956,23413792.0,2.9310948,1456672.5,371.1010709,IT=11;11 ,ii
739,UP 2,26.503,56436,23086424.0,2.9352342,1376457.0,391.2841089,IT=13;13 ,ii
740,UP 2,25.256,50744,23096128.0,2.9393093,1436568.5,391.2840128,IT=13;13 ,ii
741,UP 2,21.681,49748,23994180.0,2.9431696,1491460.0,391.2840308,IT=11;11 ,ii
742,UP 2,25.473,52336,23381960.0,2.9473092,1420842.1,391.284163,IT=13;13 ,ii
743,UP 2,22.799,48764,23681772.0,2.9513571,1474021.6,391.2840087,IT=11;11 ,ii
744,UP 2,22.202,48800,24289664.0,2.9554237,1495823.1,391.2840897,IT=11;11 ,ii
745,UP 2,23.743,48784,22864508.0,2.9593612,1440115.6,371.1011347,IT=12;12 ,ii
746,UP 2,22.463,48288,23601264.0,2.9634237,1485796.2,391.2841306,IT=11;11 ,ii
747,UP 2,22.638,47028,23074606.0,2.9674986,1442172.4,391.2841091,IT=11;11 ,ii
748,UP 2,25.098,54616,23704584.0,2.9716195,1398906.4,371.1011416,IT=13;13 ,ii
749,UP 2,22.394,50576,24533952.0,2.9754903,1530519.0,391.2840086,IT=11;11 ,ii
750,UP 2,23.188,50684,23120300.0,2.9795819,1423900.9,391.2841517,IT=12;12 ,ii
751,UP 2,21.590,50404,23711032.0,2.9836381,1476807.4,391.284106,IT=11;11 ,ii
752,UP 2,24.411,54444,23961314.0,2.9877569,1460792.8,391.2840122,IT=12;12 ,ii
753,UP 2,22.504,47944,23164386.0,2.9916401,1454686.2,371.101109,IT=11;11 ,ii
754,UP 2,24.789,52264,22945828.0,2.9957569,1486318.2,391.2840981,IT=12;12 ,ii
755,UP 2,23.397,51020,23494426.0,2.9998213,1446690.9,371.1010366,IT=12;12 ,ii
756,UP 2,24.797,52264,23144294.0,3.0039256,1372408.5,391.2841514,IT=12;12 ,ii
757,UP 2,22.348,46796,23305290.0,3.0078005,1488612.1,391.2840289,IT=11;11 ,ii
758,UP 2,24.159,49624,23041208.0,3.0119089,1414544.9,371.1011516,IT=12;12 ,ii
759,UP 2,23.396,51360,23799116.0,3.0159817,1437607.1,391.2841191,IT=12;12 ,ii
760,UP 2,22.190,49176,24214292.0,3.0200422,1500838.4,391.2840936,IT=11;11 ,ii
762,UP 2,19.523,42912,23293848.0,3.0242858,1533637.4,371.1009847,IT=9.8;9.8 ,ii
763,UP 2,23.777,50568,23386206.0,3.0282565,1417476.6,371.10111,IT=12;12 ,ii
764,UP 2,21.532,49132,23524980.0,3.0323024,1523045.4,371.1010388,IT=11;11 ,ii
766,UP 2,19.373,41384,22859586.0,3.0363857,1497336.0,371.1009161,IT=9.7;9.7 ,ii
767,UP 2,23.833,53040,23960360.0,3.0405232,1532591.0,371.1009253,IT=12;12 ,ii
768,UP 2,23.873,52028,23423524.0,3.0444398,1428548.0,391.2840063,IT=12;12 ,ii
769,UP 2,23.034,49732,23551494.0,3.0485086,1478526.1,391.2839335,IT=12;12 ,ii
770,UP 2,22.601,45888,23004454.0,3.0525897,1494124.5,391.2839575,IT=11;11 ,ii
771,UP 2,25.096,52256,22904020.0,3.0567002,1399810.8,391.2840656,IT=13;13 ,ii
772,UP 2,24.217,51336,23462278.0,3.0606209,1480085.0,391.2840122,IT=12;12 ,ii
773,UP 2,22.349,49904,24042084.0,3.0646689,1523634.9,391.2839487,IT=11;11 ,ii
774,UP 2,25.117,51984,23085022.0,3.0687875,1442003.0,391.284093,IT=13;13 ,ii
775,UP 2,23.377,47308,22353734.0,3.0728521,1479447.2,391.2840266,IT=12;12 ,ii
776,UP 2,24.390,48508,22786076.0,3.0767813,1453404.2,391.2840687,IT=12;12 ,ii
777,UP 2,22.717,50524,23699226.0,3.0808438,1428209.1,371.1010041,IT=11;11 ,ii
778,UP 2,24.221,49800,23069176.0,3.0849458,1447213.0,391.2839854,IT=12;12 ,ii
779,UP 2,22.238,48264,22980746.0,3.0889958,1455891.2,371.1010344,IT=11;11 ,ii
780,UP 2,23.017,47348,22715884.0,3.0930874,1441268.0,391.2840311,IT=12;12 ,ii
781,UP 2,23.729,50752,23651746.0,3.0971853,1465451.2,391.2840129,IT=12;12 ,ii
782,UP 2,23.210,48036,23490706.0,3.1012582,1516770.5,391.2839659,IT=12;12 ,ii
783,UP 2,23.870,47508,22595558.0,3.105352,1388640.2,391.2840015,IT=12;12 ,ii
784,UP 2,23.194,47428,23152840.0,3.1092602,1455009.9,391.2839358,IT=12;12 ,ii
785,UP 2,23.170,46472,22761572.0,3.1133436,1475998.0,371.1010308,IT=12;12 ,ii
786,UP 2,22.955,48724,23012596.0,3.1174185,1476302.1,391.2839686,IT=11;11 ,ii
787,UP 2,22.518,50912,23913774.0,3.1214873,1485121.9,391.2839594,IT=11;11 ,ii
788,UP 2,24.414,49944,22957140.0,3.1254268,1379473.5,391.283977,IT=12;12 ,ii
789,UP 2,23.812,48684,23126536.0,3.1293372,1499245.4,391.2838434,IT=12;12 ,ii
790,UP 2,22.424,48324,23699730.0,3.1334017,1483256.5,391.2838709,IT=11;11 ,ii
791,UP 2,23.375,49236,23226604.0,3.1374913,1448319.8,371.1010715,IT=12;12 ,ii
792,UP 2,24.334,52676,23641208.0,3.1414183,1428078.8,391.2840148,IT=12;12 ,ii
793,UP 2,23.033,49316,23619254.0,3.1453163,1510084.8,391.2839889,IT=12;12 ,ii
794,UP 2,25.208,52540,23206868.0,3.1494412,1482144.4,371.1011136,IT=13;13 ,ii
795,UP 2,24.121,50568,23040242.0,3.1535183,1479675.0,371.1010486,IT=12;12 ,ii
796,UP 2,22.332,50636,24658364.0,3.1575724,1555694.8,371.1010029,IT=11;11 ,ii
797,UP 2,24.089,50428,23590594.0,3.1615099,1526047.1,391.2840148,IT=12;12 ,ii
798,UP 2,23.598,49168,23296412.0,3.165589,1476668.5,371.1010413,IT=12;12 ,ii
799,UP 2,25.996,51796,22573040.0,3.1697119,1408092.8,391.2840841,IT=13;13 ,ii
800,UP 2,23.352,48952,23125586.0,3.1737661,1493646.0,391.2839037,IT=12;12 ,ii
801,UP 2,24.505,51448,23360004.0,3.1776972,1448322.6,371.1010481,IT=12;12 ,ii
802,UP 2,24.654,52348,23298276.0,3.181791,1419373.2,371.1010038,IT=12;12 ,ii
803,UP 2,23.363,49448,22779458.0,3.1858597,1509745.8,391.2840037,IT=12;12 ,ii
804,UP 2,24.323,51060,22952594.0,3.189968,1381325.6,371.1011554,IT=12;12 ,ii
805,UP 2,24.479,48880,23016184.0,3.1938846,1428489.0,391.2840837,IT=12;12 ,ii
806,UP 2,24.014,50872,23290462.0,3.1979659,1404620.0,371.1010334,IT=12;12 ,ii
807,UP 2,23.576,51048,23489710.0,3.2020408,1504847.8,391.2840877,IT=12;12 ,ii
808,UP 2,24.165,52152,23379136.0,3.2061346,1406570.2,371.1011169,IT=12;12 ,ii
809,UP 2,23.418,51616,23475036.0,3.2100387,1432916.9,391.2840198,IT=12;12 ,ii
810,UP 2,24.013,47432,22619156.0,3.2141325,1421530.1,391.2840679,IT=12;12 ,ii
811,UP 2,23.480,48652,23317368.0,3.2182053,1480308.4,391.2840275,IT=12;12 ,ii
812,UP 2,23.303,51892,23862776.0,3.2222866,1503460.9,371.1010668,IT=12;12 ,ii
813,UP 2,21.930,45984,22951672.0,3.2261761,1512771.9,371.1011,IT=11;11 ,ii
814,UP 2,23.174,50020,24050558.0,3.230274,1509706.9,371.101016,IT=12;12 ,ii
815,UP 2,22.109,49048,23612566.0,3.2343385,1543948.1,371.100987,IT=11;11 ,ii
816,UP 2,24.678,48636,22114286.0,3.2384552,1366093.5,391.2841279,IT=12;12 ,ii
817,UP 2,23.358,49952,22985990.0,3.2423531,1451095.6,391.2840397,IT=12;12 ,ii
818,UP 2,22.664,45936,22861152.0,3.246426,1544597.2,391.2839194,IT=11;11 ,ii
819,UP 2,24.289,50080,23296012.0,3.2505322,1434072.8,391.2840208,IT=12;12 ,ii
820,UP 2,25.208,52648,23270572.0,3.2546343,1457588.2,391.283915,IT=13;13 ,ii
821,UP 2,22.839,49604,23992542.0,3.2585176,1542927.1,391.2838311,IT=11;11 ,ii
822,UP 2,23.748,50436,22603988.0,3.2626197,1389503.5,391.2839276,IT=12;12 ,ii
823,UP 2,24.466,47544,22378476.0,3.2667154,1415284.6,391.2839359,IT=12;12 ,ii
824,UP 2,25.074,50900,22591288.0,3.2708134,1417677.2,391.2839245,IT=13;13 ,ii
825,UP 2,24.530,49960,22272990.0,3.2747279,1424308.2,391.2839897,IT=12;12 ,ii
826,UP 2,24.717,50400,22705862.0,3.2788195,1418491.9,371.1010285,IT=12;12 ,ii
827,UP 2,24.703,50860,23266598.0,3.2829049,1453038.9,371.1009343,IT=12;12 ,ii
828,UP 2,23.198,48608,22800924.0,3.2869737,1497688.1,371.1010033,IT=12;12 ,ii
829,UP 2,22.581,49020,23719006.0,3.291034,1530246.6,371.1009823,IT=11;11 ,ii
830,UP 2,22.269,49364,23934412.0,3.2949402,1560452.6,371.1009914,IT=11;11 ,ii
831,UP 2,23.619,49052,22848852.0,3.2990423,1429364.8,371.1010201,IT=12;12 ,ii
832,UP 2,22.528,46860,23596884.0,3.3031068,1518791.8,391.2839474,IT=11;11 ,ii
833,UP 2,23.073,49816,23885862.0,3.3071964,1538021.0,391.2839442,IT=12;12 ,ii
834,UP 2,24.499,49716,22339892.0,3.3111318,1408193.2,391.2840707,IT=12;12 ,ii
835,UP 2,24.386,51624,22439480.0,3.3152234,1384531.2,391.2840021,IT=12;12 ,ii
836,UP 2,24.491,49284,23069666.0,3.3193213,1492238.0,391.2839759,IT=12;12 ,ii
837,UP 2,23.664,48872,23211456.0,3.323388,1457735.5,391.2840063,IT=12;12 ,ii
838,UP 2,23.152,48124,22697188.0,3.3272983,1375633.2,371.1010293,IT=12;12 ,ii
839,UP 2,22.924,49860,23865166.0,3.3313733,1466378.5,391.2840672,IT=11;11 ,ii
840,UP 2,22.748,48096,23133262.0,3.3354483,1476273.2,391.283996,IT=11;11 ,ii
841,UP 2,23.950,53804,24086924.0,3.3395461,1460335.4,371.1010821,IT=12;12 ,ii
842,UP 2,23.091,46996,22947626.0,3.3434774,1475556.8,391.2840201,IT=12;12 ,ii
843,UP 2,21.989,47844,23533612.0,3.3475378,1499784.6,371.1009959,IT=11;11 ,ii
844,UP 2,22.293,45788,22357752.0,3.3516127,1407145.0,391.2838291,IT=11;11 ,ii
845,UP 2,24.178,49288,22711810.0,3.355719,1425914.0,391.2840096,IT=12;12 ,ii
846,UP 2,23.171,50740,23493190.0,3.3596189,1449051.0,371.1010244,IT=12;12 ,ii
847,UP 2,24.880,53804,23031386.0,3.3637315,1425123.9,391.284025,IT=12;12 ,ii
848,UP 2,23.417,50088,23031042.0,3.3677939,1479871.0,391.284016,IT=12;12 ,ii
849,UP 2,22.058,45676,23300578.0,3.3718605,1523129.4,391.283872,IT=11;11 ,ii
850,UP 2,23.655,48536,22571760.0,3.3757959,1469179.1,371.1009659,IT=12;12 ,ii
851,UP 2,23.098,50824,23044538.0,3.3798772,1441468.0,391.2839446,IT=12;12 ,ii
852,UP 2,21.271,44928,23224068.0,3.3839271,1474320.6,391.2839013,IT=11;11 ,ii
853,UP 2,23.429,51556,23197150.0,3.3880375,1438026.1,391.2839253,IT=12;12 ,ii
854,UP 2,22.862,47976,22026202.0,3.3919437,1339985.8,371.1010009,IT=11;11 ,ii
855,UP 2,23.585,49012,23360778.0,3.3960332,1504930.1,391.2839486,IT=12;12 ,ii
856,UP 2,23.359,50664,23632950.0,3.4001166,1460379.5,391.2840156,IT=12;12 ,ii
857,UP 2,22.229,49460,23211932.0,3.4041749,1452105.6,391.2839213,IT=11;11 ,ii
858,UP 2,23.851,49404,22984120.0,3.4081124,1484831.5,371.1009525,IT=12;12 ,ii
859,UP 2,23.686,50080,23340832.0,3.412027,1543195.5,391.2839486,IT=12;12 ,ii
860,UP 2,23.215,46852,22582320.0,3.416104,1480481.5,391.2839879,IT=12;12 ,ii
861,UP 2,23.491,50744,23907904.0,3.4201873,1508793.8,371.1009151,IT=12;12 ,ii
862,UP 2,23.240,50112,23151870.0,3.4240998,1466576.5,391.2839507,IT=12;12 ,ii
863,UP 2,23.791,50132,22850120.0,3.4280227,1441793.0,391.2839633,IT=12;12 ,ii
864,UP 2,24.429,52696,22927206.0,3.4321185,1421762.2,371.1010374,IT=12;12 ,ii
865,UP 2,21.771,50536,24083254.0,3.4361601,1502369.4,391.2839045,IT=11;11 ,ii
866,UP 2,21.940,47488,22712964.0,3.4400705,1431523.8,371.1009576,IT=11;11 ,ii
867,UP 2,22.914,47880,22879440.0,3.4439976,1453305.0,371.100974,IT=11;11 ,ii
868,UP 2,23.160,49732,23079064.0,3.448085,1440203.5,391.2840074,IT=12;12 ,ii
869,UP 2,21.777,52044,24459548.0,3.4521393,1556219.0,391.2839917,IT=11;11 ,ii
870,UP 2,21.619,49252,23574636.0,3.4560538,1496761.8,391.284006,IT=11;11 ,ii
871,UP 2,25.059,51416,22865468.0,3.460185,1406816.5,371.1010852,IT=13;13 ,ii
872,UP 2,23.419,47108,22625582.0,3.4642474,1420973.8,391.2840871,IT=12;12 ,ii
873,UP 2,22.909,48044,22451630.0,3.4683224,1464228.4,371.1010011,IT=11;11 ,ii
874,UP 2,21.957,49504,23525670.0,3.4723787,1591250.4,391.2840552,IT=11;11 ,ii
875,UP 2,24.438,52512,23219722.0,3.4763369,1437091.6,391.2840983,IT=12;12 ,ii
876,UP 2,21.376,44308,23048804.0,3.4803703,1507701.9,371.100986,IT=11;11 ,ii
877,UP 2,24.137,47772,22154474.0,3.4844868,1393676.8,391.2839864,IT=12;12 ,ii
878,UP 2,23.069,47264,21789042.0,3.4885556,1318360.9,391.28409,IT=12;12 ,ii
879,UP 2,25.001,52732,23108250.0,3.4924993,1473584.6,391.2839722,IT=13;13 ,ii
880,UP 2,23.010,49236,22781136.0,3.4965639,1435343.5,371.1010515,IT=12;12 ,ii
881,UP 2,21.663,47024,23481980.0,3.5006263,1526106.6,371.1010027,IT=11;11 ,ii
882,UP 2,23.781,50268,22948760.0,3.5047326,1415774.0,391.2839386,IT=12;12 ,ii
883,UP 2,23.165,48672,22812196.0,3.5088034,1478805.2,391.283919,IT=12;12 ,ii
884,UP 2,25.422,52828,22944992.0,3.5129221,1416353.2,391.2840347,IT=13;13 ,ii
885,UP 2,24.092,49636,22755520.0,3.5169971,1514634.9,391.283973,IT=12;12 ,ii
886,UP 2,22.827,48792,23064652.0,3.5210575,1512763.8,371.1011931,IT=11;11 ,ii
888,UP 2,19.289,42440,22629730.0,3.5251283,1479963.8,391.2839662,IT=9.6;9.6 ,ii
889,UP 2,23.293,50836,23313270.0,3.5292575,1445809.2,371.1010184,IT=12;12 ,ii
890,UP 2,23.272,47440,22956384.0,3.5333407,1492044.6,371.1011406,IT=12;12 ,ii
892,UP 2,20.440,49068,24359128.0,3.5376095,1592017.5,391.2839148,IT=10;10 ,ii
893,UP 2,25.052,50264,22393476.0,3.5417553,1409959.9,391.2840744,IT=13;13 ,ii
894,UP 2,22.401,47756,22626714.0,3.5456322,1463354.9,371.1011094,IT=11;11 ,ii
895,UP 2,23.050,46472,22651464.0,3.549724,1439800.2,391.2840381,IT=12;12 ,ii
896,UP 2,23.494,51420,22977040.0,3.5538093,1434178.5,391.2840499,IT=12;12 ,ii
897,UP 2,23.529,49752,22845664.0,3.5578927,1450280.5,391.2840293,IT=12;12 ,ii
898,UP 2,23.518,49648,23035640.0,3.5618051,1489607.9,371.1011291,IT=12;12 ,ii
899,UP 2,21.988,51608,24235404.0,3.5658676,1570247.2,391.2838575,IT=11;11 ,ii
900,UP 2,21.451,44452,22729162.0,3.5699321,1473021.2,391.283984,IT=11;11 ,ii
901,UP 2,23.908,45368,21902716.0,3.5740447,1471519.8,391.2840644,IT=12;12 ,ii
902,UP 2,25.137,50920,21809528.0,3.5779862,1333516.5,391.2841592,IT=13;13 ,ii
903,UP 2,22.926,46020,22588844.0,3.5820404,1495287.8,391.2840383,IT=11;11 ,ii
904,UP 2,22.676,45436,22823184.0,3.5861132,1522688.5,371.1010017,IT=11;11 ,ii
905,UP 2,23.053,50744,23698168.0,3.5901966,1506179.0,391.2838776,IT=12;12 ,ii
906,UP 2,23.132,45568,22636478.0,3.594107,1467295.6,391.2839785,IT=12;12 ,ii
907,UP 2,23.376,47784,22870920.0,3.5981924,1506534.8,391.2840826,IT=12;12 ,ii
909,UP 2,21.159,46996,22765538.0,3.6023152,1447481.9,391.2839604,IT=11;11 ,ii
910,UP 2,23.222,47504,22419214.0,3.6064174,1467655.6,391.2839828,IT=12;12 ,ii
911,UP 2,24.375,51540,23081836.0,3.6103527,1424779.4,391.2839218,IT=12;12 ,ii
912,UP 2,22.979,48608,22297742.0,3.6144111,1413885.0,391.2838961,IT=11;11 ,ii
913,UP 2,23.097,47948,23235168.0,3.6184922,1537687.1,371.1009674,IT=12;12 ,ii
914,UP 2,22.417,48988,22930600.0,3.6225652,1491305.0,391.2839559,IT=11;11 ,ii
915,UP 2,21.675,47228,22905570.0,3.6264651,1459523.8,391.2839845,IT=11;11 ,ii
916,UP 2,24.688,49732,22592484.0,3.6305985,1478531.0,371.1010257,IT=12;12 ,ii
917,UP 2,23.773,49352,23241636.0,3.6346713,1513783.4,371.1010214,IT=12;12 ,ii
918,UP 2,21.687,50084,23733168.0,3.6387191,1497195.6,371.100957,IT=11;11 ,ii
919,UP 2,24.338,49772,22607004.0,3.6426774,1456376.4,391.2840402,IT=12;12 ,ii
920,UP 2,22.749,49428,23139128.0,3.6467421,1479759.1,371.1010699,IT=11;11 ,ii
921,UP 2,22.746,47296,22886620.0,3.650817,1465034.6,371.1011274,IT=11;11 ,ii
922,UP 2,23.809,52660,22870314.0,3.6549191,1453084.6,391.2840485,IT=12;12 ,ii
923,UP 2,22.535,52760,23620672.0,3.6589836,1519875.9,391.2840116,IT=11;11 ,ii
924,UP 2,22.782,49764,23042704.0,3.6629045,1481091.9,391.2840802,IT=11;11 ,ii
925,UP 2,24.421,50724,22903792.0,3.6670148,1383992.9,371.1011605,IT=12;12 ,ii
926,UP 2,23.115,47640,22325892.0,3.6710753,1442555.6,391.2840818,IT=12;12 ,ii
927,UP 2,22.561,44660,21951724.0,3.675144,1476131.9,391.2840754,IT=11;11 ,ii
928,UP 2,24.254,49016,22620318.0,3.6790814,1436360.1,391.2840048,IT=12;12 ,ii
929,UP 2,21.787,47756,23045264.0,3.6831293,1526705.4,371.1010067,IT=11;11 ,ii
930,UP 2,23.820,46512,22416836.0,3.6872376,1541447.1,391.2839789,IT=12;12 ,ii
931,UP 2,24.198,49980,22631936.0,3.6913251,1441853.1,371.1010551,IT=12;12 ,ii
932,UP 2,21.511,47676,23269872.0,3.6951959,1526045.0,391.2839194,IT=11;11 ,ii
933,UP 2,24.446,51252,22806022.0,3.6993188,1446755.8,391.2840815,IT=12;12 ,ii
934,UP 2,24.057,49428,22311338.0,3.7034,1404119.5,391.2841452,IT=12;12 ,ii
935,UP 2,22.843,47368,22577152.0,3.7074625,1513068.6,371.1010033,IT=11;11 ,ii
936,UP 2,23.926,46772,22239008.0,3.7113874,1402140.5,391.2839958,IT=12;12 ,ii
937,UP 2,23.550,48600,22462018.0,3.7154666,1427489.2,391.2839848,IT=12;12 ,ii
938,UP 2,23.726,49848,23042758.0,3.719552,1488685.6,391.2840299,IT=12;12 ,ii
939,UP 2,22.068,47640,23421236.0,3.7236061,1541272.9,371.100904,IT=11;11 ,ii
940,UP 2,22.688,46024,22728746.0,3.7275248,1500794.0,371.1009163,IT=11;11 ,ii
941,UP 2,23.207,48648,23027550.0,3.7316102,1493377.6,391.2838751,IT=12;12 ,ii
942,UP 2,23.851,52536,23192006.0,3.7357039,1496470.4,391.2839718,IT=12;12 ,ii
943,UP 2,22.429,49836,22748756.0,3.7397581,1462990.8,391.284073,IT=11;11 ,ii
944,UP 2,21.813,47112,22839066.0,3.7436581,1485223.5,391.2839907,IT=11;11 ,ii
945,UP 2,24.818,47560,22043598.0,3.7477852,1416856.4,391.2839634,IT=12;12 ,ii
946,UP 2,22.230,47384,23087522.0,3.7518267,1499800.1,371.1009934,IT=11;11 ,ii
947,UP 2,23.885,45512,22221356.0,3.7559371,1479531.2,371.1009903,IT=12;12 ,ii
948,UP 2,22.567,50776,22824810.0,3.759858,1446007.2,371.1010037,IT=11;11 ,ii
949,UP 2,22.581,46388,22526180.0,3.7639371,1518411.5,391.2839293,IT=11;11 ,ii
950,UP 2,22.872,50300,22901418.0,3.7680162,1463248.8,371.1009438,IT=11;11 ,ii
951,UP 2,22.719,46660,22267784.0,3.7720996,1449915.5,371.1010157,IT=11;11 ,ii
952,UP 2,23.459,46644,22009726.0,3.7760224,1373993.2,371.1010781,IT=12;12 ,ii
953,UP 2,21.330,50440,23703476.0,3.7800829,1459993.8,391.2838692,IT=11;11 ,ii
954,UP 2,22.883,43936,22118376.0,3.7841807,1476458.2,391.2840161,IT=11;11 ,ii
955,UP 2,22.441,50052,23364572.0,3.7882495,1497625.4,391.2839036,IT=11;11 ,ii
956,UP 2,21.855,48828,22928896.0,3.792314,1529106.9,391.2839781,IT=11;11 ,ii
957,UP 2,22.681,50572,23845772.0,3.796239,1570761.5,391.283853,IT=11;11 ,ii
958,UP 2,22.118,43196,22008952.0,3.800316,1442739.4,391.2839144,IT=11;11 ,ii
959,UP 2,22.656,49112,22512216.0,3.8043973,1450083.5,391.2840812,IT=11;11 ,ii
960,UP 2,24.405,49420,22186460.0,3.8085014,1390620.4,371.1010538,IT=12;12 ,ii
961,UP 2,23.461,49472,22848516.0,3.8124055,1452051.5,391.2839329,IT=12;12 ,ii
962,UP 2,21.239,47196,22588210.0,3.8164514,1409345.0,371.1010617,IT=11;11 ,ii
963,UP 2,19.804,43236,22512902.0,3.8204971,1552530.6,391.2838813,IT=9.9;9.9 ,ii
964,UP 2,23.033,46684,21544712.0,3.8246138,1397910.9,371.1010732,IT=12;12 ,ii
965,UP 2,23.361,50224,22594452.0,3.8285283,1385562.0,371.1010647,IT=12;12 ,ii
966,UP 2,22.473,46764,22236244.0,3.832595,1436636.8,391.2840412,IT=11;11 ,ii
967,UP 2,24.356,49528,21960832.0,3.8367116,1451148.4,391.2840871,IT=12;12 ,ii
968,UP 2,22.895,44076,21908102.0,3.840772,1410482.8,371.1010718,IT=11;11 ,ii
969,UP 2,23.829,48320,22315990.0,3.8447053,1442705.9,391.284004,IT=12;12 ,ii
970,UP 2,22.285,44512,22020208.0,3.8487616,1503056.0,391.2839343,IT=11;11 ,ii
971,UP 2,23.423,49708,22701202.0,3.8528552,1506090.2,391.2839621,IT=12;12 ,ii
972,UP 2,23.186,48256,22651062.0,3.8569345,1477614.5,391.2839557,IT=12;12 ,ii
973,UP 2,21.486,46884,22735656.0,3.8608177,1542222.0,391.2840314,IT=11;11 ,ii
974,UP 2,22.978,49644,22994780.0,3.8649177,1480932.5,391.2839488,IT=11;11 ,ii
975,UP 2,22.717,46736,22639294.0,3.8689947,1491929.5,391.2840322,IT=11;11 ,ii
976,UP 2,21.732,44488,23201154.0,3.8730552,1551132.9,371.1010378,IT=11;11 ,ii
977,UP 2,22.727,50288,23057862.0,3.8769801,1468383.9,391.2840571,IT=11;11 ,ii
978,UP 2,20.751,48264,23555146.0,3.8810322,1504256.4,371.101062,IT=10;10 ,ii
979,UP 2,23.147,48852,22842282.0,3.8851342,1452474.5,371.1010945,IT=12;12 ,ii
980,UP 2,22.103,49140,22609904.0,3.8891946,1389476.8,391.2841212,IT=11;11 ,ii
981,UP 2,23.359,46136,22033334.0,3.8931258,1429711.2,391.2841298,IT=12;12 ,ii
982,UP 2,23.001,49576,22778672.0,3.8972029,1419535.5,371.1011361,IT=12;12 ,ii
983,UP 2,22.832,49068,22572712.0,3.9012841,1493249.8,391.284091,IT=11;11 ,ii
984,UP 2,21.255,46728,22843822.0,3.9053424,1440544.6,391.2840081,IT=11;11 ,ii
985,UP 2,22.102,48840,23436212.0,3.9092674,1542919.0,391.2839781,IT=11;11 ,ii
986,UP 2,21.919,47860,22909254.0,3.9133445,1454399.8,391.2839773,IT=11;11 ,ii
987,UP 2,23.276,47924,22486988.0,3.9174548,1394804.2,391.284019,IT=12;12 ,ii
988,UP 2,21.382,47912,23488642.0,3.9215006,1553432.8,391.2839271,IT=11;11 ,ii
989,UP 2,23.186,47892,23020388.0,3.9256027,1501453.5,371.100981,IT=12;12 ,ii
990,UP 2,21.053,46884,23460466.0,3.929484,1571986.5,391.2840295,IT=11;11 ,ii
991,UP 2,22.094,45612,22482142.0,3.9335756,1475703.4,371.1010992,IT=11;11 ,ii
992,UP 2,21.960,45368,22428898.0,3.9376443,1602843.0,371.1010398,IT=11;11 ,ii
993,UP 2,21.874,45820,22942106.0,3.9417213,1468288.1,391.2840056,IT=11;11 ,ii
994,UP 2,21.854,48084,23122252.0,3.9457859,1468787.1,371.1010754,IT=11;11 ,ii
995,UP 2,22.468,46064,22840258.0,3.9498713,1507075.9,391.2840762,IT=11;11 ,ii
996,UP 2,22.222,49008,22692888.0,3.95394,1475111.6,391.2841581,IT=11;11 ,ii
997,UP 2,22.774,49028,23018656.0,3.9580337,1496736.5,391.2841386,IT=11;11 ,ii
998,UP 2,22.441,44288,22372666.0,3.9619295,1549004.2,391.2841354,IT=11;11 ,ii
999,UP 2,21.093,46396,22720142.0,3.9659879,1453242.8,391.284117,IT=11;11 ,ii
1000,UP 2,21.555,45532,22407814.0,3.9700628,1443236.5,371.1011122,IT=11;11 ,ii
1001,UP 2,21.157,44852,22880928.0,3.9741274,1524088.4,371.1010487,IT=11;11 ,ii
1002,UP 2,22.071,44340,22525342.0,3.9780461,1442513.4,391.2840135,IT=11;11 ,ii
1003,UP 2,23.058,48164,23286780.0,3.9821377,1453113.2,371.101086,IT=12;12 ,ii
1004,UP 2,21.261,44380,23173920.0,3.9861877,1542017.0,371.1010053,IT=11;11 ,ii
1005,UP 2,22.348,47604,23087360.0,3.9902731,1495024.2,371.1011329,IT=11;11 ,ii
1006,UP 2,21.360,44308,22311172.0,3.9941689,1448970.5,391.2839918,IT=11;11 ,ii
1007,UP 2,21.940,47332,23037512.0,3.9982543,1584357.6,371.1009103,IT=11;11 ,ii
1008,UP 2,22.594,45396,22070550.0,4.0023375,1478958.8,371.1010654,IT=11;11 ,ii
1009,UP 2,22.859,51308,23142120.0,4.0064167,1438945.8,391.284006,IT=11;11 ,ii
1010,UP 2,21.724,44048,22140788.0,4.0103063,1520590.5,371.1010367,IT=11;11 ,ii
1011,UP 2,21.671,47144,23539226.0,4.0143876,1580246.5,371.1010253,IT=11;11 ,ii
1012,UP 2,22.266,47428,22664546.0,4.0184645,1450030.5,371.1010329,IT=11;11 ,ii
1013,UP 2,21.687,47600,23123872.0,4.0225271,1523629.9,371.1011384,IT=11;11 ,ii
1015,UP 2,19.336,41484,22629620.0,4.0266041,1540868.5,371.1010096,IT=9.7;9.7 ,ii
1016,UP 2,22.793,48880,22663558.0,4.0307291,1456202.1,371.1010994,IT=11;11 ,ii
1017,UP 2,21.688,46616,23104158.0,4.0347895,1548195.4,371.1011332,IT=11;11 ,ii
1019,UP 2,19.189,44420,23151844.0,4.0390436,1497320.9,371.1010058,IT=9.6;9.6 ,ii
1020,UP 2,21.360,47512,22850098.0,4.0431332,1485957.1,371.1010979,IT=11;11 ,ii
1021,UP 2,21.883,45736,22593060.0,4.0470539,1508003.9,391.284041,IT=11;11 ,ii
1022,UP 2,22.195,47076,22187722.0,4.051129,1396489.4,391.2839999,IT=11;11 ,ii
1023,UP 2,21.044,44720,21878404.0,4.0551831,1450367.8,391.2839001,IT=11;11 ,ii
1024,UP 2,20.940,47636,22812928.0,4.0592539,1471326.8,371.1010475,IT=10;10 ,ii
1025,UP 2,21.342,46288,22731056.0,4.0631663,1543606.2,391.2839858,IT=11;11 ,ii
1026,UP 2,22.402,46184,22356070.0,4.0672601,1462115.8,371.1011176,IT=11;11 ,ii
1027,UP 2,21.596,45204,22740604.0,4.0713183,1532161.1,371.1009749,IT=11;11 ,ii
1028,UP 2,20.403,42112,22869076.0,4.0753705,1585575.2,371.1009417,IT=10;10 ,ii
1029,UP 2,23.289,48752,22874506.0,4.0793141,1461853.8,391.2840646,IT=12;12 ,ii
1030,UP 2,21.579,45888,22536800.0,4.0833683,1449571.4,371.1010552,IT=11;11 ,ii
1031,UP 2,21.398,47120,23129480.0,4.087437,1551453.6,371.100977,IT=11;11 ,ii
1032,UP 2,23.300,49432,22319622.0,4.0915412,1435641.8,371.1011184,IT=12;12 ,ii
1033,UP 2,21.735,44336,22750174.0,4.0954265,1536846.6,391.2839809,IT=11;11 ,ii
1034,UP 2,21.254,48712,22926324.0,4.0994953,1503912.5,391.2840783,IT=11;11 ,ii
1035,UP 2,21.418,44064,22042762.0,4.1035702,1487314.5,391.2840577,IT=11;11 ,ii
1036,UP 2,21.589,45684,22675044.0,4.1076453,1510107.9,391.2840314,IT=11;11 ,ii
1037,UP 2,21.740,46004,22540908.0,4.1115535,1443503.8,391.2840958,IT=11;11 ,ii
1038,UP 2,20.997,45968,22962950.0,4.115616,1490850.4,371.1010378,IT=10;10 ,ii
1039,UP 2,22.005,47000,22783158.0,4.1197035,1545490.4,391.283997,IT=11;11 ,ii
1040,UP 2,21.351,48892,22893522.0,4.1237702,1489346.4,391.2840611,IT=11;11 ,ii
1041,UP 2,21.801,46088,22570764.0,4.1276847,1489218.1,391.2840822,IT=11;11 ,ii
1042,UP 2,21.878,48444,23083150.0,4.1317618,1529692.6,371.1011233,IT=11;11 ,ii
1043,UP 2,21.803,45824,22680020.0,4.1358304,1547260.6,391.2839852,IT=11;11 ,ii
1044,UP 2,21.008,44744,22325748.0,4.1398909,1437029.2,371.1010038,IT=11;11 ,ii
1045,UP 2,23.368,48776,22006684.0,4.1438346,1368718.8,391.2841463,IT=12;12 ,ii
1046,UP 2,20.915,43324,22207640.0,4.1478763,1511551.5,391.2840151,IT=10;10 ,ii
1047,UP 2,22.201,44464,21647746.0,4.1519678,1430680.1,391.2841564,IT=11;11 ,ii
1048,UP 2,22.167,47888,22920948.0,4.156045,1524281.4,391.2839772,IT=11;11 ,ii
1049,UP 2,20.911,46464,22340786.0,4.159947,1508288.6,391.2840924,IT=10;10 ,ii
1050,UP 2,21.523,46592,22696154.0,4.1640324,1474525.8,391.2841318,IT=11;11 ,ii
1051,UP 2,20.820,44296,22139534.0,4.1681073,1495140.0,391.2840936,IT=10;10 ,ii
1052,UP 2,21.869,50116,22947396.0,4.1721949,1497785.2,391.2841123,IT=11;11 ,ii
1053,UP 2,22.853,46828,21708776.0,4.1761281,1438141.6,391.2841562,IT=11;11 ,ii
1054,UP 2,21.477,44188,21777164.0,4.1801927,1426731.0,391.2842231,IT=11;11 ,ii
1055,UP 2,21.689,47208,22404702.0,4.1842718,1466818.4,391.284162,IT=11;11 ,ii
1056,UP 2,21.754,45776,22088738.0,4.1883489,1499460.4,391.2841004,IT=11;11 ,ii
1057,UP 2,22.099,48132,22704314.0,4.192428,1483802.8,391.2841797,IT=11;11 ,ii
1058,UP 2,22.106,45572,22541046.0,4.1963426,1505690.5,391.2840822,IT=11;11 ,ii
1059,UP 2,22.497,47252,21809898.0,4.20043,1505287.0,391.284134,IT=11;11 ,ii
1060,UP 2,21.965,47856,22289930.0,4.2044967,1470609.0,371.1011305,IT=11;11 ,ii
1061,UP 2,23.065,49180,22438914.0,4.2085925,1491411.9,391.284085,IT=12;12 ,ii
1062,UP 2,21.065,43500,22572958.0,4.2124757,1582320.2,391.2840363,IT=11;11 ,ii
1063,UP 2,22.713,50420,22192220.0,4.216582,1433105.6,391.2841928,IT=11;11 ,ii
1064,UP 2,23.633,48652,21743880.0,4.2206757,1439774.5,391.2841525,IT=12;12 ,ii
1065,UP 2,21.793,47448,22990502.0,4.2247299,1563797.5,391.2840761,IT=11;11 ,ii
1066,UP 2,22.663,44964,22196282.0,4.2286548,1466091.5,391.2840986,IT=11;11 ,ii
1067,UP 2,22.069,45152,22157976.0,4.2327277,1440784.2,371.1011322,IT=11;11 ,ii
1068,UP 2,20.967,44992,22558690.0,4.236786,1532789.6,371.1011686,IT=10;10 ,ii
1069,UP 2,22.372,42288,21489556.0,4.240884,1477484.4,371.1011817,IT=11;11 ,ii
1070,UP 2,21.133,44888,22800936.0,4.2447839,1563661.1,371.1011646,IT=11;11 ,ii
1071,UP 2,21.653,49128,23630480.0,4.2488672,1555083.1,371.101074,IT=11;11 ,ii
1072,UP 2,21.834,46036,22575576.0,4.2529484,1551341.5,371.1011484,IT=11;11 ,ii
1073,UP 2,21.080,46448,23025244.0,4.2570151,1566251.8,391.2840631,IT=11;11 ,ii
1074,UP 2,21.531,46216,23040490.0,4.2609275,1543591.6,391.2840358,IT=11;11 ,ii
1075,UP 2,20.332,44740,22946572.0,4.2649838,1607710.5,391.2839999,IT=10;10 ,ii
1076,UP 2,22.611,45788,21614528.0,4.2690962,1476962.4,391.2841914,IT=11;11 ,ii
1077,UP 2,24.073,46900,21252010.0,4.2732025,1419430.2,391.284215,IT=12;12 ,ii
1078,UP 2,21.136,45056,22612084.0,4.2770775,1559126.6,391.2840762,IT=11;11 ,ii
1079,UP 2,23.771,49140,22349320.0,4.281192,1495032.4,391.2841998,IT=12;12 ,ii
1080,UP 2,21.651,49920,22832090.0,4.2852399,1484675.1,391.2840397,IT=11;11 ,ii
1081,UP 2,21.638,46584,22928582.0,4.2893149,1563165.4,391.2839319,IT=11;11 ,ii
1082,UP 2,21.651,45200,22261822.0,4.2932252,1504756.1,371.1010951,IT=11;11 ,ii
1083,UP 2,22.929,46972,22636408.0,4.2973294,1556153.5,391.2840585,IT=11;11 ,ii
1084,UP 2,21.399,48172,23635348.0,4.3013856,1629118.8,371.1010503,IT=11;11 ,ii
1085,UP 2,22.454,46380,22317020.0,4.3054856,1566439.0,371.1010873,IT=11;11 ,ii
1086,UP 2,22.226,46092,22413904.0,4.309396,1506233.9,391.2840601,IT=11;11 ,ii
1087,UP 2,21.395,46580,23351360.0,4.3134793,1583256.5,371.1010576,IT=11;11 ,ii
1088,UP 2,21.770,48576,22878836.0,4.3175605,1533309.0,371.1010275,IT=11;11 ,ii
1089,UP 2,23.330,47600,22310748.0,4.3216626,1528761.0,391.2841578,IT=12;12 ,ii
1090,UP 2,20.142,43876,23144070.0,4.3256917,1650952.5,371.1010333,IT=10;10 ,ii
1091,UP 2,23.721,46432,22016164.0,4.3296542,1477326.4,391.2841023,IT=12;12 ,ii
1092,UP 2,21.435,44492,22283340.0,4.3337062,1499987.6,371.1010276,IT=11;11 ,ii
1093,UP 2,22.087,45924,22109894.0,4.3377896,1483770.9,391.2839914,IT=11;11 ,ii
1094,UP 2,20.888,45084,22786898.0,4.3418458,1549262.0,391.2839265,IT=10;10 ,ii
1095,UP 2,22.758,44104,21267280.0,4.3457873,1432567.9,391.2840795,IT=11;11 ,ii
1096,UP 2,21.707,45048,22427694.0,4.3498478,1515244.8,371.1010069,IT=11;11 ,ii
1097,UP 2,23.911,49656,22944704.0,4.3539602,1568501.6,371.1010262,IT=12;12 ,ii
1098,UP 2,21.395,46060,22744924.0,4.358004,1565816.1,371.1010799,IT=11;11 ,ii
1099,UP 2,22.180,44580,23290880.0,4.3619268,1540468.2,371.1010804,IT=11;11 ,ii
1100,UP 2,22.240,45656,22604126.0,4.3660102,1475072.1,371.1010314,IT=11;11 ,ii
1101,UP 2,20.956,42960,22320470.0,4.3700705,1564869.2,391.2839112,IT=10;10 ,ii
1102,UP 2,23.500,48916,22954178.0,4.3741852,1614030.9,391.2839392,IT=12;12 ,ii
1103,UP 2,24.100,48320,22271778.0,4.3781184,1475986.5,391.2840912,IT=12;12 ,ii
1104,UP 2,22.019,48160,22452934.0,4.3821663,1475954.1,391.2840821,IT=11;11 ,ii
1105,UP 2,23.226,47532,22290744.0,4.3862642,1511277.2,391.2839551,IT=12;12 ,ii
1106,UP 2,21.967,46308,22671200.0,4.3903246,1515586.8,371.1009488,IT=11;11 ,ii
1107,UP 2,24.385,50864,22390542.0,4.3942787,1466765.2,391.2840238,IT=12;12 ,ii
1108,UP 2,22.102,46768,22773198.0,4.3983308,1597162.9,391.2838752,IT=11;11 ,ii
1109,UP 2,23.619,49408,22273546.0,4.402437,1447942.9,371.1010807,IT=12;12 ,ii
1110,UP 2,22.259,44932,22623720.0,4.4064974,1530473.4,371.1009296,IT=11;11 ,ii
1111,UP 2,20.942,45212,22676748.0,4.4103891,1495069.2,391.284005,IT=10;10 ,ii
1112,UP 2,21.939,45476,22320600.0,4.4144807,1534142.0,391.2839405,IT=11;11 ,ii
1113,UP 2,22.077,44924,22819946.0,4.4185598,1531435.2,391.283877,IT=11;11 ,ii
1114,UP 2,21.353,44096,22868862.0,4.4226285,1602713.6,371.1009202,IT=11;11 ,ii
1115,UP 2,22.180,48112,22735180.0,4.4267223,1495179.6,371.1009589,IT=11;11 ,ii
1116,UP 2,22.003,45680,21869170.0,4.4307931,1447895.5,391.2839418,IT=11;11 ,ii
1117,UP 2,23.161,44664,21805132.0,4.4348868,1473137.1,371.1009431,IT=12;12 ,ii
1118,UP 2,22.512,45752,22234062.0,4.4389577,1512603.9,391.2839175,IT=11;11 ,ii
1119,UP 2,23.291,48216,22838214.0,4.4428868,1507910.4,371.1009753,IT=12;12 ,ii
1120,UP 2,22.971,44256,21445872.0,4.4468013,1430708.6,391.28407,IT=11;11 ,ii
1121,UP 2,22.997,47960,22379810.0,4.4508888,1510162.4,391.2839933,IT=11;11 ,ii
1122,UP 2,22.502,44848,21818292.0,4.4549617,1539497.9,391.2839654,IT=11;11 ,ii
1123,UP 2,21.767,47076,22721946.0,4.4588637,1545016.4,371.1010915,IT=11;11 ,ii
1124,UP 2,22.867,46248,22249736.0,4.4627971,1433932.1,391.2841659,IT=11;11 ,ii
1125,UP 2,21.040,46972,22930142.0,4.4668512,1557638.2,371.1010093,IT=11;11 ,ii
1126,UP 2,22.165,47828,22722856.0,4.4709429,1589431.5,391.2839776,IT=11;11 ,ii
1127,UP 2,22.060,49788,23100912.0,4.4748574,1542120.1,391.2839506,IT=11;11 ,ii
1128,UP 2,21.793,47756,22874690.0,4.4789345,1541239.6,371.1010316,IT=11;11 ,ii
1129,UP 2,23.051,46584,22700738.0,4.4830302,1568419.9,391.2839427,IT=12;12 ,ii
1130,UP 2,21.629,46192,22707354.0,4.4870907,1560361.5,391.28395,IT=11;11 ,ii
1131,UP 2,22.846,45768,22089288.0,4.4911802,1511802.5,391.2840075,IT=11;11 ,ii
1132,UP 2,22.740,49832,22780382.0,4.4950947,1471795.4,391.2839476,IT=11;11 ,ii
1133,UP 2,23.515,47816,22028766.0,4.4991884,1487304.4,391.2840225,IT=12;12 ,ii
1134,UP 2,22.497,45468,22031896.0,4.5032571,1442379.6,391.284005,IT=11;11 ,ii
1135,UP 2,23.068,47132,22702062.0,4.5073488,1586456.0,391.283998,IT=12;12 ,ii
1136,UP 2,22.179,41496,22399996.0,4.5112509,1585304.6,371.1010269,IT=11;11 ,ii
1137,UP 2,21.685,46956,23126644.0,4.5153259,1581393.2,391.2839388,IT=11;11 ,ii
1138,UP 2,21.188,44932,22762576.0,4.519407,1596323.6,371.1010756,IT=11;11 ,ii
1139,UP 2,21.507,45976,23567698.0,4.5234779,1672331.0,371.101055,IT=11;11 ,ii
1141,UP 2,18.961,42580,23142070.0,4.5275445,1586467.2,391.2839718,IT=9.5;9.5 ,ii
1142,UP 2,23.004,47128,22207794.0,4.5316779,1469992.4,371.1011835,IT=12;12 ,ii
1143,UP 2,23.064,49496,22407862.0,4.535759,1521419.6,391.2841643,IT=12;12 ,ii
1145,UP 2,18.718,42420,22887732.0,4.5400112,1571898.2,371.1010349,IT=9.4;9.4 ,ii
1146,UP 2,23.306,46024,21820376.0,4.5439819,1473106.6,391.2841602,IT=12;12 ,ii
1147,UP 2,20.761,42220,22686848.0,4.5480257,1583148.4,371.1010244,IT=10;10 ,ii
1148,UP 2,21.766,45872,22277402.0,4.552111,1523543.0,391.2840403,IT=11;11 ,ii
1149,UP 2,22.485,45664,22696152.0,4.5561985,1518305.1,391.283953,IT=11;11 ,ii
1150,UP 2,20.791,44268,22690220.0,4.5600881,1635491.2,371.1010859,IT=10;10 ,ii
1151,UP 2,21.055,41716,22820932.0,4.5641651,1648873.6,371.1010517,IT=11;11 ,ii
1152,UP 2,21.661,45152,22829722.0,4.5682464,1585351.8,391.2839583,IT=11;11 ,ii
1153,UP 2,21.259,44656,23030128.0,4.5723193,1569195.8,371.1011108,IT=11;11 ,ii
1154,UP 2,20.881,43440,22690986.0,4.5763859,1587758.8,371.1010866,IT=10;10 ,ii
1155,UP 2,22.008,45436,22576438.0,4.5803151,1531133.1,391.2840302,IT=11;11 ,ii
1156,UP 2,21.190,43620,22366848.0,4.5843796,1587810.2,391.2841232,IT=11;11 ,ii
1157,UP 2,22.675,44416,21537616.0,4.5884795,1543783.4,391.2840921,IT=11;11 ,ii
1158,UP 2,21.103,44912,22915482.0,4.5925295,1527046.9,391.2840117,IT=11;11 ,ii
1159,UP 2,22.740,47288,23240450.0,4.5964752,1572542.2,391.2840829,IT=11;11 ,ii
1160,UP 2,22.281,46824,22628542.0,4.600542,1496328.0,391.2840697,IT=11;11 ,ii
1161,UP 2,21.673,45592,22276938.0,4.6046106,1540379.0,391.2840411,IT=11;11 ,ii
1162,UP 2,21.604,45276,22627820.0,4.6086857,1548482.9,391.2839451,IT=11;11 ,ii
1163,UP 2,22.420,48156,23102584.0,4.6126106,1648475.2,391.2839126,IT=11;11 ,ii
1164,UP 2,21.850,48472,22849478.0,4.6166814,1484190.5,371.1010093,IT=11;11 ,ii
1165,UP 2,21.274,43944,22002748.0,4.6207564,1541792.4,391.2840629,IT=11;11 ,ii
1166,UP 2,21.707,47744,23112756.0,4.6248335,1616208.6,391.2839491,IT=11;11 ,ii
1167,UP 2,22.108,44784,22658610.0,4.6287667,1583128.6,391.2838231,IT=11;11 ,ii
1168,UP 2,22.221,45332,22215914.0,4.6328397,1503453.4,391.2839575,IT=11;11 ,ii
1169,UP 2,21.489,46064,22791616.0,4.6369125,1568487.0,371.1009509,IT=11;11 ,ii
1170,UP 2,22.828,43668,21608968.0,4.6410126,1508926.0,371.1010731,IT=11;11 ,ii
1171,UP 2,20.917,47340,24117196.0,4.6449,1756512.4,371.1009311,IT=10;10 ,ii
1172,UP 2,21.862,46520,22945352.0,4.6489896,1635961.2,391.2839714,IT=11;11 ,ii
1173,UP 2,20.574,45484,23462782.0,4.6530437,1644015.0,371.100894,IT=10;10 ,ii
1174,UP 2,22.186,45392,22613098.0,4.6571416,1560767.5,391.2840155,IT=11;11 ,ii
1175,UP 2,20.770,42408,22308082.0,4.6610332,1505579.1,391.2840534,IT=10;10 ,ii
1176,UP 2,21.792,45796,22165236.0,4.665127,1495543.9,371.1010122,IT=11;11 ,ii
1177,UP 2,21.354,44300,22477468.0,4.6691915,1529919.1,371.1009784,IT=11;11 ,ii
1178,UP 2,21.587,43208,22008112.0,4.6732686,1487299.1,371.1009847,IT=11;11 ,ii
1179,UP 2,20.496,42264,22939560.0,4.6771623,1642513.1,391.2838718,IT=10;10 ,ii
1180,UP 2,21.902,45104,22541202.0,4.681256,1576630.2,371.1009447,IT=11;11 ,ii
1181,UP 2,21.519,47916,22926594.0,4.6853289,1525323.0,371.1010254,IT=11;11 ,ii
1182,UP 2,19.953,43768,23453748.0,4.6893747,1620307.0,391.2837659,IT=10;10 ,ii
1183,UP 2,20.468,41288,22701244.0,4.6932851,1661545.5,371.1008213,IT=10;10 ,ii
1184,UP 2,20.667,44452,22794478.0,4.697358,1578883.4,391.2839217,IT=10;10 ,ii
1185,UP 2,20.558,43308,22649610.0,4.7014246,1577412.8,371.1008666,IT=10;10 ,ii
1186,UP 2,20.430,39904,22438594.0,4.7054975,1668371.6,371.1008806,IT=10;10 ,ii
1187,UP 2,19.849,41712,22762392.0,4.7093933,1596819.4,371.1008648,IT=9.9;9.9 ,ii
1188,UP 2,21.025,42880,22356448.0,4.7134892,1552370.4,391.2838913,IT=11;11 ,ii
1189,UP 2,20.559,45956,23239044.0,4.7175537,1610297.4,391.283854,IT=10;10 ,ii
1190,UP 2,21.238,41828,21714826.0,4.721637,1505857.9,371.1008519,IT=11;11 ,ii
1191,UP 2,20.216,43552,22884946.0,4.7255224,1608325.1,391.2837726,IT=10;10 ,ii
1192,UP 2,20.706,44928,23107390.0,4.7294453,1629269.5,391.2837834,IT=10;10 ,ii
1193,UP 2,19.334,39440,22819788.0,4.7334973,1612209.1,371.1009484,IT=9.7;9.7 ,ii
1194,UP 2,20.883,42596,22572762.0,4.7375911,1589639.2,391.2837849,IT=10;10 ,ii
1195,UP 2,19.692,42164,23385034.0,4.7414848,1666268.9,391.2837224,IT=9.8;9.8 ,ii
1196,UP 2,19.409,42816,23010620.0,4.7455514,1631978.6,391.2838105,IT=9.7;9.7 ,ii
1197,UP 2,20.645,43464,22534930.0,4.7496409,1591228.1,391.2837573,IT=10;10 ,ii
1198,UP 2,21.208,44828,22899846.0,4.7537221,1568616.1,371.1008153,IT=11;11 ,ii
1199,UP 2,21.088,43912,22073746.0,4.7578013,1532255.1,391.2837319,IT=11;11 ,ii
1200,UP 2,20.711,43400,22284792.0,4.7616951,1528911.1,371.1008992,IT=10;10 ,ii
1201,UP 2,21.216,44628,22459882.0,4.7657763,1560167.0,391.2838837,IT=11;11 ,ii
1202,UP 2,20.355,41332,22241330.0,4.7698346,1652010.0,391.283875,IT=10;10 ,ii
1203,UP 2,20.246,44864,23286424.0,4.7739012,1591144.4,371.100891,IT=10;10 ,ii
1204,UP 2,21.279,45656,22960514.0,4.7778241,1545081.2,391.2838727,IT=11;11 ,ii
1205,UP 2,19.197,45208,23835492.0,4.7818595,1700935.1,371.1008892,IT=9.6;9.6 ,ii
1206,UP 2,19.207,43008,23825176.0,4.785922,1636993.4,391.2838177,IT=9.6;9.6 ,ii
1207,UP 2,20.207,42320,23060164.0,4.7900032,1655362.9,371.1008697,IT=10;10 ,ii
1208,UP 2,19.165,41796,22969016.0,4.7938885,1574318.8,391.2838803,IT=9.6;9.6 ,ii
1209,UP 2,18.793,38596,22311860.0,4.7979532,1694513.1,371.1008717,IT=9.4;9.4 ,ii
1210,UP 2,18.901,40428,23163066.0,4.8020156,1667091.6,391.2839078,IT=9.5;9.5 ,ii
1211,UP 2,19.471,42928,23167648.0,4.8060864,1594330.9,391.2838478,IT=9.7;9.7 ,ii
1212,UP 2,19.502,40756,22239578.0,4.8099905,1546518.6,391.2839315,IT=9.8;9.8 ,ii
1213,UP 2,19.265,41320,23187650.0,4.8140572,1649765.0,391.2838604,IT=9.6;9.6 ,ii
1214,UP 2,20.350,42352,22327762.0,4.8181384,1503927.2,371.1009933,IT=10;10 ,ii
1215,UP 2,18.973,40216,22913118.0,4.8221822,1655248.1,371.1010036,IT=9.5;9.5 ,ii
1216,UP 2,18.998,41760,22605866.0,4.82608,1632633.5,391.2839481,IT=9.5;9.5 ,ii
1217,UP 2,19.133,42640,22752004.0,4.8301446,1589175.4,391.2838831,IT=9.6;9.6 ,ii
1218,UP 2,19.870,39888,21989026.0,4.8342195,1568143.5,391.2838937,IT=9.9;9.9 ,ii
1219,UP 2,19.199,42616,23466686.0,4.8382779,1630625.2,391.2838539,IT=9.6;9.6 ,ii
1220,UP 2,19.236,41936,23048968.0,4.8421757,1616135.9,371.1009329,IT=9.6;9.6 ,ii
1221,UP 2,19.103,40532,23191624.0,4.8462382,1669632.1,391.2839325,IT=9.6;9.6 ,ii
1222,UP 2,18.985,41596,23074010.0,4.8503027,1623289.8,371.1009452,IT=9.5;9.5 ,ii
1223,UP 2,18.723,40916,23317500.0,4.8543611,1692990.1,391.2839245,IT=9.4;9.4 ,ii
1224,UP 2,19.668,41276,23068638.0,4.8582694,1641657.9,371.1010562,IT=9.8;9.8 ,ii
1225,UP 2,19.795,40116,22011208.0,4.8623402,1551850.2,391.2839986,IT=9.9;9.9 ,ii
1226,UP 2,19.715,40960,22868896.0,4.8664089,1587856.0,371.1010179,IT=9.9;9.9 ,ii
1227,UP 2,18.989,41864,22534650.0,4.8704694,1645066.0,391.2839479,IT=9.5;9.5 ,ii
1228,UP 2,19.049,42860,23208414.0,4.874363,1639893.0,391.2838394,IT=9.5;9.5 ,ii
1229,UP 2,18.210,41676,23987910.0,4.8784131,1753512.6,391.2838202,IT=9.1;9.1 ,ii
1230,UP 2,18.828,39860,22902250.0,4.8824796,1641414.0,371.100959,IT=9.4;9.4 ,ii
1231,UP 2,18.347,40704,22514456.0,4.8865338,1551408.2,371.1009748,IT=9.2;9.2 ,ii
1232,UP 2,19.461,41216,22525992.0,4.89044,1630191.2,371.100996,IT=9.7;9.7 ,ii
1233,UP 2,17.771,38156,23625680.0,4.8944817,1808365.0,371.1009018,IT=8.9;8.9 ,ii
1234,UP 2,19.006,42168,23592378.0,4.8985587,1694361.5,391.2839042,IT=9.5;9.5 ,ii
1235,UP 2,18.141,40132,23452378.0,4.9026066,1678530.8,391.2838462,IT=9.1;9.1 ,ii
1236,UP 2,18.231,41756,23474120.0,4.9065003,1666725.9,391.2838886,IT=9.1;9.1 ,ii
1237,UP 2,18.553,41504,23347012.0,4.910565,1698467.0,391.2839749,IT=9.3;9.3 ,ii
1238,UP 2,18.767,43236,23258984.0,4.9146315,1679072.4,391.2839596,IT=9.4;9.4 ,ii
1239,UP 2,19.546,41956,22907894.0,4.9187044,1620732.1,371.1010054,IT=9.8;9.8 ,ii
1240,UP 2,17.738,38020,23165938.0,4.9225794,1691698.0,391.2838686,IT=8.9;8.9 ,ii
1241,UP 2,18.913,40188,22296322.0,4.9266627,1621078.8,391.2839628,IT=9.5;9.5 ,ii
1242,UP 2,18.384,41584,23226400.0,4.9307189,1624655.9,391.2838626,IT=9.2;9.2 ,ii
1243,UP 2,18.652,40100,23303154.0,4.9347773,1664798.2,391.2840247,IT=9.3;9.3 ,ii
1244,UP 2,18.079,39412,23088110.0,4.9386626,1659403.2,371.1010031,IT=9;9 ,ii
1245,UP 2,17.910,40696,23619794.0,4.9427231,1618835.5,391.2839114,IT=9;9 ,ii
1246,UP 2,18.127,40128,23478712.0,4.9467834,1709888.2,371.1009313,IT=9.1;9.1 ,ii
1247,UP 2,18.271,39740,22926586.0,4.9508417,1621255.9,391.2840256,IT=9.1;9.1 ,ii
1248,UP 2,17.908,40160,23719254.0,4.9547271,1747590.6,371.1009668,IT=9;9 ,ii
1249,UP 2,18.057,39644,23197980.0,4.9587896,1711525.8,391.2839469,IT=9;9 ,ii
1250,UP 2,18.666,40580,22960482.0,4.9628541,1669413.9,371.100991,IT=9.3;9.3 ,ii
1251,UP 2,18.980,39572,22601602.0,4.9669187,1697984.8,391.2839255,IT=9.5;9.5 ,ii
1252,UP 2,18.021,39284,23075054.0,4.9708103,1680152.6,371.1008968,IT=9;9 ,ii
1253,UP 2,18.386,45848,24046556.0,4.9748749,1666460.5,391.2839352,IT=9.2;9.2 ,ii
1254,UP 2,18.407,39256,22544908.0,4.9789311,1587642.1,371.1010449,IT=9.2;9.2 ,ii
1255,UP 2,19.307,43252,22915072.0,4.983004,1596806.1,391.2839879,IT=9.7;9.7 ,ii
1256,UP 2,18.234,37328,22735420.0,4.987056,1615748.4,391.2839048,IT=9.1;9.1 ,ii
1257,UP 2,17.746,39468,23079300.0,4.9909352,1679285.0,371.1009114,IT=8.9;8.9 ,ii
1258,UP 2,17.978,40300,23960342.0,4.9949956,1716178.2,391.2838617,IT=9;9 ,ii
1259,UP 2,18.088,41576,23473848.0,4.9990518,1658225.9,371.1009655,IT=9;9 ,ii
1260,UP 2,19.667,42020,22898540.0,5.0031413,1562656.6,391.283951,IT=9.8;9.8 ,ii
1261,UP 2,18.052,40336,23522720.0,5.007008,1723066.8,391.2837406,IT=9;9 ,ii
1262,UP 2,17.908,36192,22728666.0,5.0110642,1731043.9,371.1009123,IT=9;9 ,ii
1263,UP 2,18.692,41308,23099280.0,5.0151413,1609112.5,391.2838734,IT=9.3;9.3 ,ii
1264,UP 2,17.354,37668,23520078.0,5.0191746,1749653.0,391.2837303,IT=8.7;8.7 ,ii
1265,UP 2,17.733,43092,24195638.0,5.0230662,1696470.0,391.2837656,IT=8.9;8.9 ,ii
1266,UP 2,17.790,39584,23256984.0,5.0271308,1653085.4,391.2839066,IT=8.9;8.9 ,ii
1268,UP 2,15.492,37560,23783122.0,5.0311558,1767019.1,391.2837418,IT=7.7;7.7 ,ii
1269,UP 2,17.818,38164,23005292.0,5.035237,1635961.5,391.2837831,IT=8.9;8.9 ,ii
1270,UP 2,18.247,40532,22985948.0,5.0391411,1620535.5,371.1010467,IT=9.1;9.1 ,ii
1272,UP 2,15.973,37284,24260908.0,5.0431703,1818306.8,391.2837576,IT=8;8 ,ii
1273,UP 2,17.120,36344,23267464.0,5.0472494,1767678.9,391.283757,IT=8.6;8.6 ,ii
1274,UP 2,17.344,39128,23303264.0,5.0513056,1666613.9,371.100837,IT=8.7;8.7 ,ii
1275,UP 2,17.201,40200,24132664.0,5.0551868,1732893.9,391.2837674,IT=8.6;8.6 ,ii
1276,UP 2,17.687,38396,23289142.0,5.0592452,1697259.0,391.2837673,IT=8.8;8.8 ,ii
1277,UP 2,18.152,40280,22773642.0,5.0633139,1592995.0,391.2838101,IT=9.1;9.1 ,ii
1278,UP 2,17.482,39648,22946352.0,5.0673555,1699730.9,391.283804,IT=8.7;8.7 ,ii
1279,UP 2,17.888,37200,23146286.0,5.0712492,1681063.8,391.2837563,IT=8.9;8.9 ,ii
1280,UP 2,17.800,39788,22933026.0,5.0753096,1625310.0,391.283723,IT=8.9;8.9 ,ii
1281,UP 2,17.401,35800,22577484.0,5.0793554,1620198.5,371.1007331,IT=8.7;8.7 ,ii
1282,UP 2,17.318,39384,23882190.0,5.0834117,1747894.8,391.2836947,IT=8.7;8.7 ,ii
1283,UP 2,17.076,35688,23114354.0,5.087297,1692922.5,391.2837416,IT=8.5;8.5 ,ii
1284,UP 2,18.121,39716,23703976.0,5.0913658,1758820.1,391.2837786,IT=9.1;9.1 ,ii
1285,UP 2,18.068,39568,22987202.0,5.0954261,1649284.0,371.1007917,IT=9;9 ,ii
1286,UP 2,17.445,41116,23921340.0,5.099472,1675289.1,371.1008256,IT=8.7;8.7 ,ii
1287,UP 2,17.709,37200,22836914.0,5.1033614,1605394.4,391.2837695,IT=8.9;8.9 ,ii
1288,UP 2,16.750,37376,23612404.0,5.1074052,1720147.9,391.2836345,IT=8.4;8.4 ,ii
1289,UP 2,17.163,38588,23070248.0,5.1114635,1646268.1,371.1008329,IT=8.6;8.6 ,ii
1290,UP 2,16.927,36916,23091516.0,5.1155031,1704724.1,391.2838305,IT=8.5;8.5 ,ii
1291,UP 2,16.910,37796,23305082.0,5.1193843,1646402.5,371.1008323,IT=8.5;8.5 ,ii
1292,UP 2,17.464,38524,23428704.0,5.1234385,1735647.4,391.2837363,IT=8.7;8.7 ,ii
1293,UP 2,16.943,38712,23985072.0,5.12748,1739560.8,391.2837178,IT=8.5;8.5 ,ii
1294,UP 2,16.484,39628,24192496.0,5.1315177,1741402.0,391.2837572,IT=8.2;8.2 ,ii
1295,UP 2,16.840,38108,23630838.0,5.1354092,1733277.5,371.1007649,IT=8.4;8.4 ,ii
1296,UP 2,17.430,40232,23537172.0,5.1394592,1768321.8,391.283697,IT=8.7;8.7 ,ii
1297,UP 2,17.458,40220,23696548.0,5.1435091,1701106.9,371.1008158,IT=8.7;8.7 ,ii
1298,UP 2,17.066,39036,23875218.0,5.1475529,1750581.5,391.2837285,IT=8.5;8.5 ,ii
1299,UP 2,16.553,40268,24438894.0,5.1514236,1765543.9,391.2837477,IT=8.3;8.3 ,ii
1300,UP 2,17.567,39640,23397990.0,5.1554841,1617477.8,391.2837713,IT=8.8;8.8 ,ii
1301,UP 2,16.050,40468,24556600.0,5.1595048,1718704.2,371.1007767,IT=8;8 ,ii
1302,UP 2,17.079,38308,23805564.0,5.1635653,1753960.8,391.2838475,IT=8.5;8.5 ,ii
1303,UP 2,16.424,35872,23819242.0,5.1674319,1819437.8,371.1007698,IT=8.2;8.2 ,ii
1304,UP 2,16.625,37940,23577378.0,5.1714798,1707485.8,391.283728,IT=8.3;8.3 ,ii
1305,UP 2,16.956,40512,24149284.0,5.1755255,1801836.1,391.2837907,IT=8.5;8.5 ,ii
1306,UP 2,17.019,38008,22894148.0,5.1795735,1687659.4,371.1007606,IT=8.5;8.5 ,ii
1307,UP 2,17.062,39724,23872192.0,5.1834567,1718218.4,391.2836924,IT=8.5;8.5 ,ii
1308,UP 2,16.177,37780,24304192.0,5.1874901,1750873.1,371.1007268,IT=8.1;8.1 ,ii
1309,UP 2,16.383,38648,23831858.0,5.1915338,1795967.6,391.2836601,IT=8.2;8.2 ,ii
1310,UP 2,16.213,36832,23497228.0,5.1955713,1776748.4,391.2838065,IT=8.1;8.1 ,ii
1311,UP 2,16.604,38152,23673284.0,5.1996212,1698909.4,391.2838263,IT=8.3;8.3 ,ii
1312,UP 2,16.343,37772,23705188.0,5.2036608,1800312.9,391.2838004,IT=8.2;8.2 ,ii
1313,UP 2,17.315,41100,23842932.0,5.2077191,1714082.1,391.2838373,IT=8.7;8.7 ,ii
1314,UP 2,16.835,37768,23254584.0,5.2117588,1656452.5,391.2837326,IT=8.4;8.4 ,ii
1315,UP 2,16.189,38512,24403532.0,5.2156274,1813374.8,391.2836316,IT=8.1;8.1 ,ii
1316,UP 2,16.144,38972,24079812.0,5.219667,1787307.9,391.2838036,IT=8.1;8.1 ,ii
1317,UP 2,17.059,40844,24312140.0,5.2237252,1734622.0,371.1007636,IT=8.5;8.5 ,ii
1318,UP 2,16.157,38236,24323094.0,5.2277566,1853661.8,391.2836646,IT=8.1;8.1 ,ii
1319,UP 2,16.206,38712,24606864.0,5.2316335,1751956.1,371.1007924,IT=8.1;8.1 ,ii
1320,UP 2,15.715,37304,23808138.0,5.2356648,1771929.0,371.1008107,IT=7.9;7.9 ,ii
1321,UP 2,16.206,38796,24699044.0,5.2397126,1833518.2,371.1007377,IT=8.1;8.1 ,ii
1322,UP 2,15.425,40224,24722248.0,5.2437419,1725186.5,371.1007043,IT=7.7;7.7 ,ii
1323,UP 2,16.247,37132,23572470.0,5.2476251,1758697.2,391.2837041,IT=8.1;8.1 ,ii
1324,UP 2,17.073,41176,24436958.0,5.2516772,1787081.1,371.1007197,IT=8.5;8.5 ,ii
1325,UP 2,16.493,40940,24860498.0,5.2557146,1795069.8,371.1008088,IT=8.2;8.2 ,ii
1326,UP 2,16.626,37316,24064602.0,5.2597605,1806965.5,391.2837325,IT=8.3;8.3 ,ii
1327,UP 2,16.205,39248,23754532.0,5.2636312,1665893.5,391.2837609,IT=8.1;8.1 ,ii
1328,UP 2,16.353,37280,24309706.0,5.2676771,1735705.5,371.1007663,IT=8.2;8.2 ,ii
1329,UP 2,16.414,37776,23859022.0,5.2717187,1693832.8,371.1007594,IT=8.2;8.2 ,ii
1330,UP 2,16.591,38888,24186280.0,5.2757625,1749628.6,391.2837797,IT=8.3;8.3 ,ii
1331,UP 2,16.590,40244,23651038.0,5.2796395,1587119.0,371.1007786,IT=8.3;8.3 ,ii
1332,UP 2,16.827,37296,23904660.0,5.2836874,1721909.0,371.1007404,IT=8.4;8.4 ,ii
1333,UP 2,16.015,39616,25028058.0,5.2877206,1801581.2,391.2835846,IT=8;8 ,ii
1334,UP 2,15.704,35752,23470194.0,5.291752,1683534.6,391.2837115,IT=7.9;7.9 ,ii
1335,UP 2,16.579,38124,24603192.0,5.2956373,1793865.5,391.2836401,IT=8.3;8.3 ,ii
1336,UP 2,15.267,36672,24280080.0,5.2996602,1798065.4,371.1006936,IT=7.6;7.6 ,ii
1337,UP 2,16.093,36320,23448492.0,5.303708,1717824.5,391.2837409,IT=8;8 ,ii
1338,UP 2,15.958,38096,23816714.0,5.3077456,1735415.6,371.1007172,IT=8;8 ,ii
1339,UP 2,16.043,37552,23873802.0,5.3116226,1747531.8,391.2836777,IT=8;8 ,ii
1340,UP 2,15.982,40308,24829940.0,5.3156622,1778889.8,371.1008016,IT=8;8 ,ii
1341,UP 2,15.457,37112,24772294.0,5.3196892,1881866.1,391.2836051,IT=7.7;7.7 ,ii
1342,UP 2,15.261,37500,25134714.0,5.3237247,1874389.8,391.2836501,IT=7.6;7.6 ,ii
1343,UP 2,15.475,36292,24601764.0,5.3275766,1821167.4,391.2836323,IT=7.7;7.7 ,ii
1344,UP 2,15.873,38672,24877090.0,5.3316225,1835507.9,371.1007369,IT=7.9;7.9 ,ii
1345,UP 2,14.793,37520,24971390.0,5.3356432,1784801.5,391.2836,IT=7.4;7.4 ,ii
1346,UP 2,16.196,38620,23899164.0,5.3397017,1697047.5,371.100834,IT=8.1;8.1 ,ii
1347,UP 2,15.342,37564,24044058.0,5.343562,1708165.6,371.1008019,IT=7.7;7.7 ,ii
1348,UP 2,15.691,39748,24752036.0,5.3475995,1784249.0,371.1007222,IT=7.8;7.8 ,ii
1349,UP 2,15.952,35536,24177052.0,5.3516452,1773109.8,371.100768,IT=8;8 ,ii
1350,UP 2,16.408,37392,23797704.0,5.3556911,1705718.4,391.2837523,IT=8.2;8.2 ,ii
1351,UP 2,15.588,37712,24420952.0,5.3595514,1832758.6,391.2836462,IT=7.8;7.8 ,ii
1352,UP 2,15.407,38308,25356592.0,5.3635848,1878875.8,391.2835926,IT=7.7;7.7 ,ii
1353,UP 2,15.125,37608,25397292.0,5.367618,1868612.2,371.1006143,IT=7.6;7.6 ,ii
1354,UP 2,15.137,35524,24544070.0,5.3716472,1841714.8,371.1006948,IT=7.6;7.6 ,ii
1355,UP 2,15.237,37852,24632914.0,5.3755034,1843071.1,391.2836932,IT=7.6;7.6 ,ii
1356,UP 2,14.846,36584,24588574.0,5.3795201,1854440.0,371.1007125,IT=7.4;7.4 ,ii
1357,UP 2,15.876,36604,24500140.0,5.3835617,1849460.0,391.2837679,IT=7.9;7.9 ,ii
1358,UP 2,15.893,37400,24294878.0,5.3876013,1775403.6,371.1006466,IT=7.9;7.9 ,ii
1359,UP 2,15.421,37956,24874200.0,5.3914658,1853019.8,391.2836159,IT=7.7;7.7 ,ii
1360,UP 2,14.995,38992,25211400.0,5.3954929,1898670.6,371.100681,IT=7.5;7.5 ,ii
1361,UP 2,15.594,37408,24378052.0,5.3995261,1730001.9,391.2836487,IT=7.8;7.8 ,ii
1362,UP 2,15.951,38744,25212770.0,5.403572,1880829.0,371.1006631,IT=8;8 ,ii
1363,UP 2,14.817,38268,25079088.0,5.4074219,1880347.6,391.2834899,IT=7.4;7.4 ,ii
1364,UP 2,14.466,35756,24665514.0,5.4114387,1801475.8,371.1006083,IT=7.2;7.2 ,ii
1365,UP 2,15.101,38024,25123586.0,5.4154635,1795900.2,391.2835913,IT=7.6;7.6 ,ii
1366,UP 2,14.733,36452,24615520.0,5.4194802,1765420.2,391.2835845,IT=7.4;7.4 ,ii
1367,UP 2,15.540,37432,24434812.0,5.4235114,1790458.6,391.2835967,IT=7.8;7.8 ,ii
1368,UP 2,15.963,39280,25071226.0,5.4275406,1807422.6,391.2835704,IT=8;8 ,ii
1369,UP 2,15.131,36936,24569062.0,5.4315634,1836053.9,391.2835403,IT=7.6;7.6 ,ii
1370,UP 2,14.859,37084,25240018.0,5.4355802,1895575.8,391.2836437,IT=7.4;7.4 ,ii
1371,UP 2,14.961,37560,24919382.0,5.43943,1793403.8,371.1006576,IT=7.5;7.5 ,ii
1372,UP 2,14.909,36556,24859890.0,5.4434572,1871762.9,391.2836074,IT=7.5;7.5 ,ii
1373,UP 2,14.662,35632,24861176.0,5.4474717,1822892.9,371.1006602,IT=7.3;7.3 ,ii
1374,UP 2,15.417,39632,25229898.0,5.4515009,1821165.9,391.2836469,IT=7.7;7.7 ,ii
1375,UP 2,14.374,38220,25717076.0,5.4553508,1895324.2,391.2836137,IT=7.2;7.2 ,ii
1376,UP 2,14.586,35816,25286276.0,5.4593612,1888839.4,371.1006443,IT=7.3;7.3 ,ii
1377,UP 2,15.027,36460,25446988.0,5.4633861,1840483.0,371.1007095,IT=7.5;7.5 ,ii
1378,UP 2,15.890,40460,25516252.0,5.4674341,1855293.2,371.1007334,IT=7.9;7.9 ,ii
1379,UP 2,15.427,40548,25988598.0,5.4712986,1853145.5,391.2836612,IT=7.7;7.7 ,ii
1380,UP 2,15.290,38308,25135244.0,5.4753278,1752812.4,391.2836256,IT=7.6;7.6 ,ii
1381,UP 2,14.841,36052,24846166.0,5.4793486,1925367.8,391.2836033,IT=7.4;7.4 ,ii
1382,UP 2,14.873,37828,25386762.0,5.4833778,1854465.2,371.1006988,IT=7.4;7.4 ,ii
1383,UP 2,14.651,35644,25147964.0,5.4872359,1809919.5,391.2836746,IT=7.3;7.3 ,ii
1384,UP 2,15.692,37168,25316608.0,5.4912714,1854206.6,371.100646,IT=7.8;7.8 ,ii
1385,UP 2,14.784,38020,25490870.0,5.4953027,1872814.9,371.1005849,IT=7.4;7.4 ,ii
1386,UP 2,14.212,36088,25650892.0,5.4993193,1868763.5,371.1006139,IT=7.1;7.1 ,ii
1387,UP 2,15.399,37248,25912848.0,5.50319,1916120.9,371.1006211,IT=7.7;7.7 ,ii
1388,UP 2,14.620,36904,25415072.0,5.5072109,1887379.2,371.1006392,IT=7.3;7.3 ,ii
1389,UP 2,15.521,36424,25352600.0,5.5112401,1903152.0,391.2835399,IT=7.8;7.8 ,ii
1390,UP 2,14.503,37356,26201058.0,5.5152609,1937267.8,371.1006569,IT=7.3;7.3 ,ii
1391,UP 2,13.776,34428,25579298.0,5.5190963,1923565.2,391.2835667,IT=6.9;6.9 ,ii
1392,UP 2,14.651,36996,25324790.0,5.5231108,1847645.1,391.2835763,IT=7.3;7.3 ,ii
1393,UP 2,14.589,38100,25723050.0,5.5271171,1868539.5,391.283609,IT=7.3;7.3 ,ii
1394,UP 2,14.354,34824,26017952.0,5.5311316,1910261.5,391.2836,IT=7.2;7.2 ,ii
1396,UP 2,14.393,37128,25995184.0,5.5351295,1843866.8,391.2835776,IT=7.2;7.2 ,ii
1397,UP 2,14.305,38596,26100894.0,5.5391732,1913346.6,391.2835561,IT=7.2;7.2 ,ii
1398,UP 2,14.757,37792,25708460.0,5.543192,1868116.4,391.2836873,IT=7.4;7.4 ,ii
1400,UP 2,13.743,36936,26127404.0,5.5473523,1932439.8,391.2835777,IT=6.9;6.9 ,ii
1401,UP 2,14.100,34396,26129616.0,5.5512272,2053484.4,391.2835294,IT=7.1;7.1 ,ii
1402,UP 2,13.857,36864,26703046.0,5.5552272,1953125.1,391.2835541,IT=6.9;6.9 ,ii
1403,UP 2,13.989,34660,26567646.0,5.5592314,1954952.0,391.2835119,IT=7;7 ,ii
1404,UP 2,14.334,35224,26487912.0,5.5632418,1980103.1,391.2834934,IT=7.2;7.2 ,ii
1405,UP 2,13.968,36596,27016412.0,5.5670814,1942482.4,371.1005955,IT=7;7 ,ii
1406,UP 2,15.073,37140,25860842.0,5.5711021,1840813.9,371.1006031,IT=7.5;7.5 ,ii
1407,UP 2,14.058,37628,27569358.0,5.5751084,2031541.8,371.1006242,IT=7;7 ,ii
1408,UP 2,14.159,38872,27628570.0,5.5791146,2023758.5,391.2834919,IT=7.1;7.1 ,ii
1409,UP 2,13.643,35808,27144524.0,5.5829542,1989662.4,371.1005922,IT=6.8;6.8 ,ii
1410,UP 2,14.094,37252,27130614.0,5.5869624,1956701.0,391.2834894,IT=7;7 ,ii
1411,UP 2,13.886,37412,27732516.0,5.5909708,1990922.6,391.2834359,IT=6.9;6.9 ,ii
1412,UP 2,13.781,35040,26294124.0,5.5948103,1930218.1,391.2834698,IT=6.9;6.9 ,ii
1413,UP 2,13.692,36600,27567864.0,5.5988103,2038853.5,391.2835754,IT=6.8;6.8 ,ii
1414,UP 2,13.749,37328,28188114.0,5.6028082,1995713.2,391.2834803,IT=6.9;6.9 ,ii
1415,UP 2,13.471,34664,27288476.0,5.606804,2055688.0,391.2834299,IT=6.7;6.7 ,ii
1416,UP 2,13.191,35716,27790502.0,5.610629,2034996.9,371.1005563,IT=6.6;6.6 ,ii
1417,UP 2,14.024,36896,27858514.0,5.6146352,2038767.4,391.2834057,IT=7;7 ,ii
1418,UP 2,14.365,36620,27945156.0,5.6186601,2054772.0,391.2834925,IT=7.2;7.2 ,ii
1419,UP 2,13.851,37104,27989864.0,5.6226685,1987590.0,371.1006061,IT=6.9;6.9 ,ii
1420,UP 2,12.911,36348,29058724.0,5.6264746,2144316.8,391.2834762,IT=6.5;6.5 ,ii
1421,UP 2,14.063,40784,29364478.0,5.6304726,2132250.2,391.283504,IT=7;7 ,ii
1422,UP 2,13.354,38752,29113460.0,5.6344725,2032730.8,391.2834477,IT=6.7;6.7 ,ii
1424,UP 2,12.722,36760,29312750.0,5.6403016,2221009.0,391.283359,IT=6.4;6.4 ,ii
1425,UP 2,13.066,39740,30019038.0,5.6443288,2118382.0,371.1004475,IT=6.5;6.5 ,ii
1426,UP 2,12.844,39068,31037856.0,5.6481412,2231965.5,371.1004237,IT=6.4;6.4 ,ii
1427,UP 2,12.783,37580,30309392.0,5.6519558,2229992.2,391.2832922,IT=6.4;6.4 ,ii
1428,UP 2,13.086,38508,30375682.0,5.6559349,2180152.2,371.1003587,IT=6.5;6.5 ,ii
1430,UP 2,12.265,34700,29700890.0,5.6617557,2290292.5,391.2833506,IT=6.1;6.1 ,ii
1431,UP 2,12.515,38420,31039046.0,5.6657745,2211025.8,371.1004228,IT=6.3;6.3 ,ii
1432,UP 2,12.779,36896,30439030.0,5.6697535,2231144.2,371.1004285,IT=6.4;6.4 ,ii
1433,UP 2,12.596,37984,30557204.0,5.6737265,2293157.0,391.2832824,IT=6.3;6.3 ,ii
1434,UP 2,12.641,37616,29913956.0,5.6776973,2104029.2,391.2833432,IT=6.3;6.3 ,ii
1435,UP 2,12.452,36620,30565762.0,5.6816702,2322096.0,371.1005085,IT=6.2;6.2 ,ii
1436,UP 2,12.880,36992,30628816.0,5.6854827,2248284.0,371.100502,IT=6.4;6.4 ,ii
1437,UP 2,12.830,39880,31359876.0,5.6893035,2249495.0,391.2832833,IT=6.4;6.4 ,ii
1438,UP 2,12.796,39784,31321534.0,5.6932909,2236009.8,391.2833481,IT=6.4;6.4 ,ii
1439,UP 2,12.665,39456,31653608.0,5.6972722,2228673.0,371.1005084,IT=6.3;6.3 ,ii
1440,UP 2,12.691,39112,31360240.0,5.7012492,2301921.0,371.1003883,IT=6.3;6.3 ,ii
1441,UP 2,12.328,37272,31472944.0,5.70522,2350792.2,391.2833678,IT=6.2;6.2 ,ii
1443,UP 2,11.927,37796,32554820.0,5.7110367,2390409.0,391.283328,IT=6;6 ,ii
1444,UP 2,11.919,38168,31945998.0,5.715045,2370512.0,391.2833494,IT=6;6 ,ii
1445,UP 2,13.049,39588,31051478.0,5.719022,2209018.0,391.2833613,IT=6.5;6.5 ,ii
1446,UP 2,12.520,39588,31812754.0,5.7230011,2256305.2,391.2832454,IT=6.3;6.3 ,ii
1447,UP 2,12.440,38780,32077092.0,5.7267928,2330653.2,371.1004385,IT=6.2;6.2 ,ii
1448,UP 2,12.628,39252,32390108.0,5.7307761,2417306.8,391.2832964,IT=6.3;6.3 ,ii
1449,UP 2,11.724,36548,31547614.0,5.7347324,2275902.5,391.2832309,IT=5.9;5.9 ,ii
1450,UP 2,12.862,38384,31585712.0,5.7385385,2316387.0,391.2832492,IT=6.4;6.4 ,ii
1451,UP 2,12.576,38856,31705350.0,5.7425198,2240442.5,371.1004531,IT=6.3;6.3 ,ii
1452,UP 2,11.950,36752,31770474.0,5.7464863,2327749.8,371.1003605,IT=6;6 ,ii
1453,UP 2,12.141,38140,32193228.0,5.7504489,2262114.8,391.2832452,IT=6.1;6.1 ,ii
1454,UP 2,13.063,38504,31182540.0,5.7542634,2152770.5,391.283285,IT=6.5;6.5 ,ii
1455,UP 2,12.865,40768,32132888.0,5.7582447,2275082.0,391.2832776,IT=6.4;6.4 ,ii
1456,UP 2,11.764,37816,32477694.0,5.7622071,2500950.5,391.2832973,IT=5.9;5.9 ,ii
1457,UP 2,12.199,38180,32014442.0,5.7661717,2360306.2,391.2833814,IT=6.1;6.1 ,ii
1458,UP 2,12.171,37520,31482916.0,5.7699695,2334984.8,391.2832923,IT=6.1;6.1 ,ii
1459,UP 2,12.915,39816,32156504.0,5.7739445,2315885.8,391.2832994,IT=6.5;6.5 ,ii
1460,UP 2,12.604,37936,31154684.0,5.7779176,2223900.8,391.2833781,IT=6.3;6.3 ,ii
1461,UP 2,12.742,40240,32390034.0,5.7818945,2406055.2,391.2832682,IT=6.4;6.4 ,ii
1462,UP 2,12.187,39404,32261036.0,5.7858694,2350345.0,371.100369,IT=6.1;6.1 ,ii
1463,UP 2,12.690,39728,32322572.0,5.7898507,2332261.0,371.1003602,IT=6.3;6.3 ,ii
1464,UP 2,12.601,38468,32375664.0,5.7938278,2375152.2,391.2832685,IT=6.3;6.3 ,ii
1465,UP 2,11.857,38580,32450934.0,5.7977881,2361903.8,391.2832556,IT=5.9;5.9 ,ii
1466,UP 2,12.358,38404,32030232.0,5.8015944,2318806.2,391.2832164,IT=6.2;6.2 ,ii
1467,UP 2,12.703,39800,32402296.0,5.8055714,2264448.2,371.1003687,IT=6.4;6.4 ,ii
1468,UP 2,12.352,40888,34006484.0,5.8095443,2370349.5,371.1003394,IT=6.2;6.2 ,ii
1469,UP 2,12.235,37952,32003978.0,5.8133484,2316031.8,391.2832445,IT=6.1;6.1 ,ii
1470,UP 2,12.701,39868,32291250.0,5.8173234,2410898.0,391.2831889,IT=6.4;6.4 ,ii
1471,UP 2,12.319,39280,32352262.0,5.8213004,2316268.5,391.2832044,IT=6.2;6.2 ,ii
1472,UP 2,12.542,38096,32099688.0,5.8252588,2372488.2,391.2831958,IT=6.3;6.3 ,ii
1473,UP 2,11.935,38212,32510602.0,5.8290525,2431253.5,391.2831855,IT=6;6 ,ii
1474,UP 2,12.626,41680,33009072.0,5.8330254,2389145.5,391.2831968,IT=6.3;6.3 ,ii
1475,UP 2,12.289,36624,32132654.0,5.8369941,2372175.8,391.2832208,IT=6.1;6.1 ,ii
1476,UP 2,12.059,38576,33052180.0,5.8409608,2501338.0,391.2831884,IT=6;6 ,ii
1477,UP 2,12.347,39216,33687104.0,5.8447669,2491933.0,391.2831704,IT=6.2;6.2 ,ii
1478,UP 2,12.309,38028,33268738.0,5.848744,2451068.8,371.1003288,IT=6.2;6.2 ,ii
1479,UP 2,12.463,40508,32926984.0,5.8527149,2520121.2,391.2832326,IT=6.2;6.2 ,ii
1480,UP 2,12.706,38824,32439586.0,5.8566961,2361522.8,391.2831397,IT=6.4;6.4 ,ii
1481,UP 2,12.935,40352,33375502.0,5.8605065,2549719.5,391.283205,IT=6.5;6.5 ,ii
1482,UP 2,12.537,41392,33338210.0,5.8644877,2409663.2,391.2831396,IT=6.3;6.3 ,ii
1483,UP 2,12.129,39040,33008812.0,5.8684544,2552242.8,391.2832125,IT=6.1;6.1 ,ii
1484,UP 2,12.705,38740,32034128.0,5.8724251,2393685.2,391.2832403,IT=6.4;6.4 ,ii
1485,UP 2,12.570,40236,32629108.0,5.8762272,2382329.5,391.2832096,IT=6.3;6.3 ,ii
1486,UP 2,13.423,42408,33025330.0,5.8802209,2473025.2,391.2832395,IT=6.7;6.7 ,ii
1487,UP 2,12.985,40088,31894900.0,5.8842084,2335434.2,391.2832444,IT=6.5;6.5 ,ii
1488,UP 2,12.478,39068,32530630.0,5.8880208,2299694.0,391.2832783,IT=6.2;6.2 ,ii
1489,UP 2,12.162,37864,32914104.0,5.8919854,2532009.5,391.2831917,IT=6.1;6.1 ,ii
1490,UP 2,12.840,39248,32194648.0,5.8959666,2330496.5,391.2831935,IT=6.4;6.4 ,ii
1491,UP 2,12.044,37532,32086674.0,5.8999416,2418808.2,391.2833088,IT=6;6 ,ii
1492,UP 2,12.786,39860,32600692.0,5.9037541,2430266.0,391.2831182,IT=6.4;6.4 ,ii
1493,UP 2,13.038,39584,32102934.0,5.9077353,2329411.0,391.2831634,IT=6.5;6.5 ,ii
1494,UP 2,12.357,37344,32769976.0,5.9117082,2459302.5,391.2831593,IT=6.2;6.2 ,ii
1495,UP 2,12.271,39264,32786572.0,5.9156769,2336049.8,391.2831711,IT=6.1;6.1 ,ii
1496,UP 2,12.409,38608,32545212.0,5.919481,2420653.0,391.2831701,IT=6.2;6.2 ,ii
1497,UP 2,12.928,39452,33057132.0,5.9235123,2520806.5,391.2831573,IT=6.5;6.5 ,ii
1498,UP 2,13.295,40980,32378334.0,5.9274913,2249906.8,391.2831993,IT=6.6;6.6 ,ii
1499,UP 2,13.234,39328,32626558.0,5.931481,2444112.0,391.2831579,IT=6.6;6.6 ,ii
1500,UP 2,13.135,40400,32484772.0,5.9353017,2346606.8,371.1003718,IT=6.6;6.6 ,ii
1501,UP 2,12.896,41436,33053842.0,5.9392872,2446438.8,371.1003123,IT=6.4;6.4 ,ii
1502,UP 2,12.195,36888,32596614.0,5.9432581,2586361.2,391.2832013,IT=6.1;6.1 ,ii
1503,UP 2,12.728,41764,33330938.0,5.9472371,2385822.8,371.1002954,IT=6.4;6.4 ,ii
1504,UP 2,12.924,40144,32523740.0,5.9512266,2461896.8,371.1003636,IT=6.5;6.5 ,ii
1505,UP 2,12.834,38252,32954852.0,5.9552162,2442550.8,391.2831351,IT=6.4;6.4 ,ii
1506,UP 2,12.103,37076,32404140.0,5.9591913,2360798.8,391.2832116,IT=6.1;6.1 ,ii
1507,UP 2,13.036,39456,32176692.0,5.9631766,2363470.5,391.2829541,IT=6.5;6.5 ,ii
1508,UP 2,13.058,39672,32558734.0,5.9669995,2295464.8,391.2832018,IT=6.5;6.5 ,ii
1509,UP 2,12.309,38344,32532000.0,5.9709703,2326152.5,391.2832018,IT=6.2;6.2 ,ii
1510,UP 2,13.510,40928,32676494.0,5.9749537,2326375.5,391.2831996,IT=6.8;6.8 ,ii
1511,UP 2,12.447,38592,31980128.0,5.9787619,2292216.0,391.2832617,IT=6.2;6.2 ,ii
1512,UP 2,12.744,40828,32860232.0,5.982739,2431745.0,391.2831799,IT=6.4;6.4 ,ii
1513,UP 2,12.898,40644,32743352.0,5.9867243,2324902.0,391.2831213,IT=6.4;6.4 ,ii
1514,UP 2,12.766,38236,32098426.0,5.9907035,2345042.5,391.2832125,IT=6.4;6.4 ,ii
1515,UP 2,12.431,39080,33131884.0,5.9945118,2380319.8,391.283165,IT=6.2;6.2 ,ii
1516,UP 2,13.038,41468,33590752.0,5.9984972,2494942.2,391.2831402,IT=6.5;6.5 ,ii
1517,UP 2,12.662,39956,33270968.0,6.0024804,2422561.0,371.1003268,IT=6.3;6.3 ,ii
1518,UP 2,13.227,40404,33740200.0,6.006468,2481252.2,371.1003108,IT=6.6;6.6 ,ii
1519,UP 2,12.672,40680,33769356.0,6.0102887,2407065.8,391.2831891,IT=6.3;6.3 ,ii
1520,UP 2,12.910,39632,32228564.0,6.0142721,2440189.0,391.2830627,IT=6.5;6.5 ,ii
1521,UP 2,12.677,40144,33203978.0,6.0182512,2394302.8,391.2831846,IT=6.3;6.3 ,ii
1522,UP 2,12.933,42748,33362870.0,6.0222283,2322142.2,391.2831498,IT=6.5;6.5 ,ii
1523,UP 2,12.897,40700,32849516.0,6.0260282,2386254.8,391.2832749,IT=6.4;6.4 ,ii
1524,UP 2,12.995,39620,32191356.0,6.0300095,2329686.2,391.2830288,IT=6.5;6.5 ,ii
1525,UP 2,12.556,39332,33023766.0,6.0339929,2335834.5,391.2832953,IT=6.3;6.3 ,ii
1527,UP 2,12.171,39668,33045754.0,6.0381178,2304944.8,371.1004153,IT=6.1;6.1 ,ii
1528,UP 2,12.576,41592,34542768.0,6.0419698,2485444.0,371.1003903,IT=6.3;6.3 ,ii
1529,UP 2,12.477,40136,33333730.0,6.0459407,2370464.2,391.2833885,IT=6.2;6.2 ,ii
1531,UP 2,11.802,39172,33524012.0,6.0498969,2353256.0,391.2833332,IT=5.9;5.9 ,ii
1532,UP 2,13.042,42072,32644864.0,6.0539239,2413022.2,391.2832534,IT=6.5;6.5 ,ii
1533,UP 2,13.305,42616,33717232.0,6.0577489,2471273.2,391.2833807,IT=6.7;6.7 ,ii
1534,UP 2,12.760,39528,32701000.0,6.0617343,2403886.0,391.283283,IT=6.4;6.4 ,ii
1535,UP 2,12.750,42640,33534174.0,6.0657135,2427490.0,391.2832205,IT=6.4;6.4 ,ii
1536,UP 2,12.942,42196,33930992.0,6.0695259,2412778.8,391.2832811,IT=6.5;6.5 ,ii
1537,UP 2,12.649,40552,33700960.0,6.0733426,2470161.8,371.1005122,IT=6.3;6.3 ,ii
1538,UP 2,12.693,38784,32902552.0,6.0773279,2495010.2,391.2832647,IT=6.3;6.3 ,ii
1539,UP 2,12.781,37708,32492394.0,6.0813071,2333173.5,391.2832702,IT=6.4;6.4 ,ii
1540,UP 2,12.735,40608,32765984.0,6.0851216,2340902.5,391.2831722,IT=6.4;6.4 ,ii
1541,UP 2,12.591,39192,33095390.0,6.0891007,2513288.5,391.2833814,IT=6.3;6.3 ,ii
1542,UP 2,13.139,38796,32027312.0,6.093084,2392317.5,371.1005604,IT=6.6;6.6 ,ii
1543,UP 2,13.374,40856,33176364.0,6.0970799,2490107.5,391.2832894,IT=6.7;6.7 ,ii
1544,UP 2,12.630,39016,32611228.0,6.1008944,2490248.5,391.2832848,IT=6.3;6.3 ,ii
1545,UP 2,13.474,41336,33099206.0,6.1048861,2498340.5,391.2832434,IT=6.7;6.7 ,ii
1546,UP 2,12.893,40016,32592812.0,6.1088756,2442746.2,391.2833527,IT=6.4;6.4 ,ii
1547,UP 2,13.456,39672,32405268.0,6.1128631,2357946.8,391.2832753,IT=6.7;6.7 ,ii
1548,UP 2,12.557,41272,33973176.0,6.1168443,2492028.8,391.2832077,IT=6.3;6.3 ,ii
1549,UP 2,13.132,39620,33397266.0,6.1208318,2436042.2,391.2832993,IT=6.6;6.6 ,ii
1550,UP 2,13.495,39728,31851056.0,6.124813,2311007.8,391.2833433,IT=6.7;6.7 ,ii
1551,UP 2,13.155,42128,33234952.0,6.1288005,2426121.2,391.2833888,IT=6.6;6.6 ,ii
1552,UP 2,13.243,41972,33301804.0,6.1326254,2337675.8,391.2833663,IT=6.6;6.6 ,ii
1553,UP 2,12.670,40052,33344414.0,6.1366088,2474887.5,391.2834438,IT=6.3;6.3 ,ii
1555,UP 2,12.415,37944,32824860.0,6.1405754,2401845.5,391.2832668,IT=6.2;6.2 ,ii
1556,UP 2,12.981,39220,32346412.0,6.1445984,2317753.5,371.1005116,IT=6.5;6.5 ,ii
1557,UP 2,13.376,40072,32751524.0,6.1484212,2502051.8,391.2833497,IT=6.7;6.7 ,ii
1558,UP 2,13.239,39956,32520832.0,6.1524087,2318828.0,391.2833858,IT=6.6;6.6 ,ii
1559,UP 2,13.305,41000,33484630.0,6.1563983,2430406.8,391.2833453,IT=6.7;6.7 ,ii
1560,UP 2,13.074,38552,32721936.0,6.1603899,2521559.8,391.2832494,IT=6.5;6.5 ,ii
1561,UP 2,13.539,41308,32662254.0,6.1642128,2365155.8,391.2832506,IT=6.8;6.8 ,ii
1562,UP 2,12.568,39960,33271900.0,6.1681877,2463123.5,391.2833343,IT=6.3;6.3 ,ii
1563,UP 2,13.471,42456,32976954.0,6.1721793,2523294.8,391.2832895,IT=6.7;6.7 ,ii
1564,UP 2,13.015,40472,33100652.0,6.1761793,2353615.2,391.2833247,IT=6.5;6.5 ,ii
1566,UP 2,12.724,39232,32887336.0,6.1820106,2460507.0,391.2833427,IT=6.4;6.4 ,ii
1567,UP 2,13.472,40952,32957448.0,6.1858731,2414994.0,371.1004648,IT=6.7;6.7 ,ii
1568,UP 2,13.454,39432,32520340.0,6.1898647,2401708.2,371.1004684,IT=6.7;6.7 ,ii
1569,UP 2,13.718,43272,33580724.0,6.1938647,2432651.0,391.2833514,IT=6.9;6.9 ,ii
1570,UP 2,13.230,42632,33237114.0,6.1978563,2377778.5,391.2832484,IT=6.6;6.6 ,ii
1571,UP 2,13.126,42288,33516864.0,6.2018438,2494782.8,391.2832629,IT=6.6;6.6 ,ii
1572,UP 2,13.415,42332,34205924.0,6.2058354,2422397.8,391.2831024,IT=6.7;6.7 ,ii
1573,UP 2,13.636,42476,33186902.0,6.2098375,2310707.0,371.1003929,IT=6.8;6.8 ,ii
1574,UP 2,13.340,39820,32815882.0,6.2138333,2395137.8,391.2832899,IT=6.7;6.7 ,ii
1575,UP 2,13.092,40236,33030730.0,6.2176562,2464889.2,391.2832762,IT=6.5;6.5 ,ii
1576,UP 2,13.193,40980,33176764.0,6.2216415,2356861.5,391.2833128,IT=6.6;6.6 ,ii
1577,UP 2,13.310,42452,33163520.0,6.2256145,2496651.0,391.2834057,IT=6.7;6.7 ,ii
1578,UP 2,13.668,43364,33504242.0,6.2294394,2342867.8,391.2832834,IT=6.8;6.8 ,ii
1579,UP 2,12.946,42064,34009100.0,6.233429,2586767.2,391.2833038,IT=6.5;6.5 ,ii
1580,UP 2,13.075,42180,33618132.0,6.2374143,2475514.5,371.100478,IT=6.5;6.5 ,ii
1581,UP 2,13.806,42104,32971060.0,6.2414081,2376782.8,391.2833024,IT=6.9;6.9 ,ii
1582,UP 2,12.747,41264,32947856.0,6.2452268,2424844.8,391.2833811,IT=6.4;6.4 ,ii
1583,UP 2,13.412,41572,32909640.0,6.2492143,2376999.8,391.2833044,IT=6.7;6.7 ,ii
1584,UP 2,13.024,41008,33158594.0,6.2531996,2398614.8,391.2832807,IT=6.5;6.5 ,ii
1586,UP 2,12.624,38148,32775678.0,6.2590246,2445230.5,371.1003856,IT=6.3;6.3 ,ii
1587,UP 2,13.323,40408,33154124.0,6.2630559,2415331.0,391.2831731,IT=6.7;6.7 ,ii
1588,UP 2,13.461,39508,32355820.0,6.2668829,2354460.8,391.2831838,IT=6.7;6.7 ,ii
1589,UP 2,13.096,42396,33372244.0,6.2708642,2461572.8,391.2831006,IT=6.5;6.5 ,ii
1590,UP 2,13.273,42616,33387174.0,6.2748641,2517888.8,391.2831707,IT=6.6;6.6 ,ii
1592,UP 2,13.055,40580,32852542.0,6.2807016,2425100.5,391.2831804,IT=6.5;6.5 ,ii
1593,UP 2,13.600,41840,32847842.0,6.284737,2414397.2,391.2832656,IT=6.8;6.8 ,ii
1594,UP 2,13.191,40668,33165064.0,6.2887328,2472674.5,371.1003397,IT=6.6;6.6 ,ii
1595,UP 2,12.768,41256,33349132.0,6.2925474,2379675.5,391.283355,IT=6.4;6.4 ,ii
1596,UP 2,13.194,41140,33080472.0,6.2965327,2288554.5,391.2832273,IT=6.6;6.6 ,ii
1597,UP 2,13.340,41784,33512824.0,6.3005244,2417882.8,391.2833176,IT=6.7;6.7 ,ii
1598,UP 2,13.668,41968,33148300.0,6.3045243,2438028.0,391.2832624,IT=6.8;6.8 ,ii
1599,UP 2,13.408,41356,33455926.0,6.3083556,2441923.0,391.2832953,IT=6.7;6.7 ,ii
1600,UP 2,12.939,41464,33103382.0,6.312343,2327801.5,391.2832658,IT=6.5;6.5 ,ii
1601,UP 2,14.248,41388,32705024.0,6.3163472,2447280.5,391.2833394,IT=7.1;7.1 ,ii
1602,UP 2,13.157,42296,33648356.0,6.3201784,2424781.2,391.2833494,IT=6.6;6.6 ,ii
1603,UP 2,13.847,43796,33467518.0,6.3241659,2341022.0,371.1004072,IT=6.9;6.9 ,ii
1604,UP 2,12.669,41788,33760052.0,6.3281471,2437558.0,391.2832869,IT=6.3;6.3 ,ii
1605,UP 2,13.417,40744,31800380.0,6.3321388,2258467.2,371.1004899,IT=6.7;6.7 ,ii
1606,UP 2,13.557,40208,32918760.0,6.3359657,2426321.0,371.1004375,IT=6.8;6.8 ,ii
1607,UP 2,13.355,39324,33144548.0,6.3399554,2515385.0,391.2833485,IT=6.7;6.7 ,ii
1608,UP 2,13.516,40248,32316336.0,6.343947,2491896.2,391.2833847,IT=6.8;6.8 ,ii
1609,UP 2,14.063,42152,32121040.0,6.3479512,2379161.5,391.2833333,IT=7;7 ,ii
1610,UP 2,13.866,43348,33238364.0,6.3517886,2316615.8,391.2832899,IT=6.9;6.9 ,ii
1611,UP 2,13.417,42396,33430044.0,6.3557844,2378192.5,391.2832967,IT=6.7;6.7 ,ii
1612,UP 2,13.316,41620,33282484.0,6.359776,2429108.5,391.283385,IT=6.7;6.7 ,ii
1613,UP 2,13.518,41880,32688142.0,6.363776,2309673.2,391.2833825,IT=6.8;6.8 ,ii
1614,UP 2,12.891,40992,33625336.0,6.367753,2504077.8,391.2834399,IT=6.4;6.4 ,ii
1615,UP 2,13.526,41728,33631724.0,6.3717406,2351269.2,391.2834253,IT=6.8;6.8 ,ii
1616,UP 2,14.046,43788,32407804.0,6.3757405,2235402.8,391.2833373,IT=7;7 ,ii
1617,UP 2,13.466,42328,33144128.0,6.3797447,2490296.8,391.2833263,IT=6.7;6.7 ,ii
1618,UP 2,13.161,41824,33301640.0,6.3835654,2374091.5,371.1005,IT=6.6;6.6 ,ii
1619,UP 2,13.015,41040,33463690.0,6.3875529,2505113.2,391.283333,IT=6.5;6.5 ,ii
1620,UP 2,13.284,41828,33926992.0,6.3915403,2416451.8,391.2833516,IT=6.6;6.6 ,ii
1621,UP 2,13.625,40712,33721584.0,6.3955425,2520040.8,391.28327,IT=6.8;6.8 ,ii
1622,UP 2,13.142,40920,33194124.0,6.3995382,2425611.2,391.2833122,IT=6.6;6.6 ,ii
1623,UP 2,13.590,40124,32762980.0,6.4035341,2478684.5,391.283296,IT=6.8;6.8 ,ii
1624,UP 2,13.624,42088,33241326.0,6.4075382,2406948.2,391.2833144,IT=6.8;6.8 ,ii
1625,UP 2,13.556,41644,32934048.0,6.4115362,2296550.8,391.283246,IT=6.8;6.8 ,ii
1626,UP 2,13.467,38860,32839854.0,6.4153631,2393052.8,391.2832617,IT=6.7;6.7 ,ii
1627,UP 2,13.130,41332,33729180.0,6.4193506,2465271.0,391.28334,IT=6.6;6.6 ,ii
1628,UP 2,13.337,40744,33140010.0,6.4233236,2330072.0,391.2834125,IT=6.7;6.7 ,ii
1629,UP 2,13.560,42420,33423484.0,6.4273214,2501096.8,391.2833053,IT=6.8;6.8 ,ii
1630,UP 2,13.180,41164,34163096.0,6.4311485,2496780.2,391.2834205,IT=6.6;6.6 ,ii
1631,UP 2,13.610,41728,32782102.0,6.4351464,2322164.8,391.2832828,IT=6.8;6.8 ,ii
1632,UP 2,14.136,41888,32269532.0,6.4391568,2388647.0,391.2833763,IT=7.1;7.1 ,ii
1633,UP 2,13.846,42756,33506418.0,6.4431609,2453295.8,391.2833547,IT=6.9;6.9 ,ii
1634,UP 2,13.891,41080,32531304.0,6.4469984,2327973.0,391.2833242,IT=6.9;6.9 ,ii
1635,UP 2,13.976,42168,32774376.0,6.4510046,2426784.0,391.2833678,IT=7;7 ,ii
1636,UP 2,14.516,42340,32374580.0,6.4550192,2341705.8,391.2833208,IT=7.3;7.3 ,ii
1637,UP 2,13.604,42128,33095156.0,6.4588545,2375300.0,391.28326,IT=6.8;6.8 ,ii
1638,UP 2,14.122,44732,33590396.0,6.462865,2300069.0,391.2832622,IT=7.1;7.1 ,ii
1639,UP 2,13.556,39988,32765376.0,6.4668628,2414176.0,391.2832816,IT=6.8;6.8 ,ii
1640,UP 2,14.130,43428,33350508.0,6.4708691,2373267.2,391.2833482,IT=7.1;7.1 ,ii
1641,UP 2,13.663,39780,32426466.0,6.4747065,2303756.5,391.2833034,IT=6.8;6.8 ,ii
1642,UP 2,13.968,42136,32488794.0,6.4787107,2284585.2,391.2832304,IT=7;7 ,ii
1643,UP 2,13.589,42684,33206134.0,6.4827085,2460233.8,391.2832362,IT=6.8;6.8 ,ii
1644,UP 2,13.773,39720,32332320.0,6.4867106,2351211.0,391.2832671,IT=6.9;6.9 ,ii
1645,UP 2,13.545,41924,33033336.0,6.490546,2368075.8,391.2832293,IT=6.8;6.8 ,ii
1646,UP 2,14.072,41284,33121656.0,6.4945544,2392539.0,371.1003139,IT=7;7 ,ii
1647,UP 2,14.112,42912,32934950.0,6.4985688,2390895.5,391.2832117,IT=7.1;7.1 ,ii
1648,UP 2,13.957,41360,32622744.0,6.5025772,2392743.8,391.2831892,IT=7;7 ,ii
1649,UP 2,13.830,39336,32591064.0,6.5065792,2364062.2,391.2832858,IT=6.9;6.9 ,ii
1650,UP 2,14.637,42944,32752590.0,6.5105959,2363493.2,371.1003531,IT=7.3;7.3 ,ii
1651,UP 2,13.927,43200,33350770.0,6.5146083,2433649.5,371.1004189,IT=7;7 ,ii
1652,UP 2,13.989,40764,32836174.0,6.5186167,2475817.8,391.2832491,IT=7;7 ,ii
1653,UP 2,14.756,41696,32325384.0,6.522452,2365283.2,391.2832561,IT=7.4;7.4 ,ii
1654,UP 2,14.424,44096,32758518.0,6.5264645,2369200.5,391.2832367,IT=7.2;7.2 ,ii
1655,UP 2,14.709,40948,31631452.0,6.5304873,2230013.0,371.1004639,IT=7.4;7.4 ,ii
1656,UP 2,14.353,42144,31942018.0,6.5345082,2324276.8,391.2832539,IT=7.2;7.2 ,ii
1657,UP 2,13.895,41624,32935706.0,6.5383477,2437274.0,391.2833824,IT=6.9;6.9 ,ii
1659,UP 2,13.821,41136,33148088.0,6.5423353,2413427.0,371.1004023,IT=6.9;6.9 ,ii
1660,UP 2,14.315,44232,33491216.0,6.5463789,2431011.2,391.2832185,IT=7.2;7.2 ,ii
1661,UP 2,14.269,42888,32102310.0,6.5503977,2274507.0,391.2832342,IT=7.1;7.1 ,ii
1663,UP 2,13.696,42784,33118702.0,6.5543831,2390763.8,391.2832371,IT=6.8;6.8 ,ii
1664,UP 2,14.752,42108,32168316.0,6.5584372,2328620.8,391.2831981,IT=7.4;7.4 ,ii
1665,UP 2,13.893,41672,33222578.0,6.5624538,2499318.5,391.2832671,IT=6.9;6.9 ,ii
1666,UP 2,14.414,42284,32576942.0,6.5664643,2368366.8,391.2832198,IT=7.2;7.2 ,ii
1667,UP 2,14.432,43996,32699604.0,6.5703142,2364522.8,391.2832654,IT=7.2;7.2 ,ii
1668,UP 2,14.027,41088,32862920.0,6.5743288,2467985.5,391.2832912,IT=7;7 ,ii
1669,UP 2,14.542,43000,32436548.0,6.5783454,2244828.5,371.1004347,IT=7.3;7.3 ,ii
1670,UP 2,14.177,41348,32115648.0,6.58236,2304219.2,391.2832802,IT=7.1;7.1 ,ii
1671,UP 2,14.211,43640,33534092.0,6.5862078,2451174.5,391.2831857,IT=7.1;7.1 ,ii
1672,UP 2,14.690,46132,32984766.0,6.5902308,2334535.8,371.1003406,IT=7.3;7.3 ,ii
1673,UP 2,14.436,44648,33368354.0,6.5942557,2404655.8,391.2832718,IT=7.2;7.2 ,ii
1674,UP 2,14.807,42472,32345122.0,6.5982787,2344234.2,371.1004017,IT=7.4;7.4 ,ii
1675,UP 2,14.570,45532,32636808.0,6.6021369,2400627.8,391.2831978,IT=7.3;7.3 ,ii
1676,UP 2,14.161,41604,32604856.0,6.6061494,2434337.2,391.2831283,IT=7.1;7.1 ,ii
1677,UP 2,14.672,43008,32302968.0,6.6101681,2297274.5,391.2832322,IT=7.3;7.3 ,ii
1678,UP 2,14.349,41508,31967674.0,6.614189,2387399.5,391.2832394,IT=7.2;7.2 ,ii
1679,UP 2,14.206,42652,32291820.0,6.6182097,2490825.5,391.2831263,IT=7.1;7.1 ,ii
1680,UP 2,14.379,43160,31963192.0,6.6222139,2342073.2,391.2832277,IT=7.2;7.2 ,ii
1681,UP 2,14.900,41696,31843250.0,6.6262325,2372634.5,391.2832548,IT=7.5;7.5 ,ii
1682,UP 2,14.426,42044,31993748.0,6.6302576,2344521.5,391.283247,IT=7.2;7.2 ,ii
1683,UP 2,14.839,42620,32516334.0,6.6341158,2479773.0,391.2832095,IT=7.4;7.4 ,ii
1684,UP 2,14.987,43232,31671356.0,6.6381471,2449370.2,391.2832384,IT=7.5;7.5 ,ii
1685,UP 2,15.061,44544,32433214.0,6.6421741,2376202.2,391.2832064,IT=7.5;7.5 ,ii
1686,UP 2,14.987,41460,31713398.0,6.6462075,2313627.0,371.100423,IT=7.5;7.5 ,ii
1687,UP 2,14.476,41944,32458874.0,6.6500595,2369687.8,391.283274,IT=7.2;7.2 ,ii
1688,UP 2,14.669,43932,32525040.0,6.6540845,2362419.8,371.1004288,IT=7.3;7.3 ,ii
1689,UP 2,15.090,43972,31836888.0,6.6581199,2305536.8,391.2832865,IT=7.5;7.5 ,ii
1690,UP 2,15.170,44068,32075098.0,6.6621511,2346521.5,391.2832974,IT=7.6;7.6 ,ii
1691,UP 2,14.553,45752,32655856.0,6.6660052,2339420.8,391.283257,IT=7.3;7.3 ,ii
1692,UP 2,14.558,42224,31884582.0,6.6700219,2351722.0,371.1004394,IT=7.3;7.3 ,ii
1693,UP 2,14.859,43152,32558048.0,6.6740469,2417970.0,391.283333,IT=7.4;7.4 ,ii
1694,UP 2,14.426,44056,33240254.0,6.6780677,2548729.8,391.283279,IT=7.2;7.2 ,ii
1695,UP 2,15.536,42584,31400390.0,6.6819343,2266890.8,391.2832728,IT=7.8;7.8 ,ii
1696,UP 2,15.450,46276,31880338.0,6.6859801,2195140.2,391.2833319,IT=7.7;7.7 ,ii
1697,UP 2,14.944,42832,31961374.0,6.6900093,2339107.8,391.2832197,IT=7.5;7.5 ,ii
1698,UP 2,14.983,43588,31665468.0,6.6940446,2339508.2,391.2832651,IT=7.5;7.5 ,ii
1699,UP 2,15.529,45088,31649764.0,6.6979155,2302265.0,391.2833076,IT=7.8;7.8 ,ii
1700,UP 2,15.364,42832,31642804.0,6.7019529,2346470.8,391.2832836,IT=7.7;7.7 ,ii
1701,UP 2,14.514,41568,32062946.0,6.7059821,2356041.0,371.1004239,IT=7.3;7.3 ,ii
1703,UP 2,13.665,40760,31972036.0,6.711832,2271178.8,371.100518,IT=6.8;6.8 ,ii
1704,UP 2,14.709,42800,31836766.0,6.7158841,2298025.0,391.2833303,IT=7.4;7.4 ,ii
1705,UP 2,14.702,42164,32129690.0,6.7197403,2369529.0,391.2833208,IT=7.4;7.4 ,ii
1706,UP 2,14.568,43156,31693488.0,6.7237445,2215900.5,391.2832736,IT=7.3;7.3 ,ii
1707,UP 2,15.416,45928,32665846.0,6.7277756,2367556.0,391.2833345,IT=7.7;7.7 ,ii
1708,UP 2,15.487,42544,31213446.0,6.7318174,2380084.2,371.1005577,IT=7.7;7.7 ,ii
1709,UP 2,14.810,44364,32813992.0,6.7356777,2401914.0,391.283353,IT=7.4;7.4 ,ii
1710,UP 2,15.558,43768,31239498.0,6.7397173,2299817.5,391.2833442,IT=7.8;7.8 ,ii
1711,UP 2,15.345,44308,32815220.0,6.7437526,2518647.0,391.2832798,IT=7.7;7.7 ,ii
1712,UP 2,15.283,42464,31271390.0,6.7477943,2266267.5,391.2833266,IT=7.6;7.6 ,ii
1713,UP 2,15.602,45120,32783592.0,6.7516692,2403225.8,391.2832717,IT=7.8;7.8 ,ii
1714,UP 2,14.726,44256,32102508.0,6.7556984,2313300.2,371.1004224,IT=7.4;7.4 ,ii
1715,UP 2,15.819,42412,31268768.0,6.7597379,2405228.2,391.2834647,IT=7.9;7.9 ,ii
1716,UP 2,15.492,44716,32327254.0,6.7637796,2411850.0,391.2833458,IT=7.7;7.7 ,ii
1717,UP 2,15.709,45144,31951078.0,6.7676545,2314535.8,391.2833097,IT=7.9;7.9 ,ii
1718,UP 2,14.899,44996,32477448.0,6.7716796,2424565.5,391.2833316,IT=7.4;7.4 ,ii
1719,UP 2,14.936,42600,32526824.0,6.7757045,2431017.0,391.2832501,IT=7.5;7.5 ,ii
1720,UP 2,15.308,44768,31959570.0,6.7797399,2380884.2,391.2832552,IT=7.7;7.7 ,ii
1722,UP 2,15.041,44140,31798602.0,6.7837544,2436212.0,391.283258,IT=7.5;7.5 ,ii
1723,UP 2,15.695,43220,31449456.0,6.7878128,2341638.2,391.2832925,IT=7.8;7.8 ,ii
1724,UP 2,14.698,45304,32223224.0,6.7918356,2257100.0,391.2832526,IT=7.3;7.3 ,ii
1725,UP 2,16.054,43528,31026516.0,6.7958814,2414645.5,391.2832614,IT=8;8 ,ii
1726,UP 2,16.134,45092,32079406.0,6.7997605,2354462.5,371.1003997,IT=8.1;8.1 ,ii
1727,UP 2,15.163,42452,32051244.0,6.8037938,2465662.5,391.2832371,IT=7.6;7.6 ,ii
1728,UP 2,15.209,44652,31974030.0,6.8078334,2423293.2,371.100409,IT=7.6;7.6 ,ii
1729,UP 2,15.364,44972,32155780.0,6.8118731,2364461.0,391.2832744,IT=7.7;7.7 ,ii
1730,UP 2,15.246,43444,31852838.0,6.8157438,2434864.2,391.2832756,IT=7.6;7.6 ,ii
1732,UP 2,14.599,42048,31629080.0,6.8216084,2283154.8,371.1005074,IT=7.3;7.3 ,ii
1733,UP 2,15.356,45424,32702806.0,6.8256625,2357580.2,391.2833011,IT=7.7;7.7 ,ii
1734,UP 2,16.020,45876,31822498.0,6.8297083,2269377.5,371.1004598,IT=8;8 ,ii
1735,UP 2,14.501,48420,33546856.0,6.8337292,2406963.0,391.2832057,IT=7.3;7.3 ,ii
1736,UP 2,15.422,44952,31721690.0,6.8375957,2320947.5,391.2833324,IT=7.7;7.7 ,ii
1738,UP 2,14.590,41392,31890950.0,6.8434916,2411374.0,391.2832618,IT=7.3;7.3 ,ii
1739,UP 2,15.301,45668,32058968.0,6.847379,2305232.2,391.2832272,IT=7.7;7.7 ,ii
1740,UP 2,15.315,44536,32408360.0,6.8514186,2394080.8,391.2832751,IT=7.7;7.7 ,ii
1741,UP 2,15.135,42564,31622160.0,6.8554582,2387656.5,391.2832895,IT=7.6;7.6 ,ii
1742,UP 2,15.678,47040,32021396.0,6.8594977,2360822.5,391.2833044,IT=7.8;7.8 ,ii
1743,UP 2,15.649,42184,31265716.0,6.8633747,2445400.2,391.2832752,IT=7.8;7.8 ,ii
1744,UP 2,15.755,44040,31920936.0,6.8674164,2400589.5,391.283296,IT=7.9;7.9 ,ii
1745,UP 2,15.874,46524,31677990.0,6.8714623,2250084.0,391.2832711,IT=7.9;7.9 ,ii
1746,UP 2,15.664,45852,32588482.0,6.8755039,2375001.0,371.1004004,IT=7.8;7.8 ,ii
1747,UP 2,15.164,44964,32273168.0,6.8793746,2360603.0,391.2832721,IT=7.6;7.6 ,ii
1748,UP 2,15.770,43412,31574956.0,6.8834163,2388315.5,391.2832114,IT=7.9;7.9 ,ii
1749,UP 2,16.075,45080,31758706.0,6.8874641,2442687.0,391.2831831,IT=8;8 ,ii
1750,UP 2,15.602,43488,31725798.0,6.8915016,2333922.2,391.2832274,IT=7.8;7.8 ,ii
1751,UP 2,15.760,44008,31836974.0,6.8953807,2435311.5,391.2832044,IT=7.9;7.9 ,ii
1752,UP 2,14.949,43264,32510344.0,6.8994078,2368062.2,371.1004527,IT=7.5;7.5 ,ii
1753,UP 2,15.835,43016,31634394.0,6.9034475,2352244.8,391.2833381,IT=7.9;7.9 ,ii
1754,UP 2,15.805,43732,31477198.0,6.9074974,2399682.8,391.2833063,IT=7.9;7.9 ,ii
1755,UP 2,16.030,45984,32181924.0,6.9113807,2374069.8,391.2832626,IT=8;8 ,ii
1756,UP 2,15.798,43764,32191544.0,6.9154182,2502581.0,391.2831883,IT=7.9;7.9 ,ii
1757,UP 2,14.925,43476,32386466.0,6.9194431,2468608.8,391.2833064,IT=7.5;7.5 ,ii
1758,UP 2,16.569,44364,30806650.0,6.9234952,2181359.5,371.1005048,IT=8.3;8.3 ,ii
1759,UP 2,15.937,44216,31921192.0,6.9273701,2433350.2,391.2832939,IT=8;8 ,ii
1760,UP 2,15.064,41660,31535988.0,6.9313993,2412966.2,391.2833134,IT=7.5;7.5 ,ii
1761,UP 2,15.544,43068,31548892.0,6.9354327,2422613.2,391.2832877,IT=7.8;7.8 ,ii
1762,UP 2,15.779,44248,31213728.0,6.9394805,2291959.5,391.2832556,IT=7.9;7.9 ,ii
1763,UP 2,15.949,46028,32796958.0,6.9433679,2405562.8,391.2833474,IT=8;8 ,ii
1764,UP 2,15.812,43996,31573522.0,6.9473992,2373141.8,371.1003901,IT=7.9;7.9 ,ii
1765,UP 2,15.796,45916,32376266.0,6.9514409,2312015.2,391.2832951,IT=7.9;7.9 ,ii
1766,UP 2,15.531,43864,31678592.0,6.9554825,2250264.0,391.2833737,IT=7.8;7.8 ,ii
1767,UP 2,15.408,43040,31867228.0,6.9593574,2416733.5,391.2833042,IT=7.7;7.7 ,ii
1768,UP 2,16.012,43116,32210868.0,6.9634012,2392360.8,391.2832366,IT=8;8 ,ii
1769,UP 2,15.774,42496,31696660.0,6.9674428,2360884.5,391.2832138,IT=7.9;7.9 ,ii
1771,UP 2,14.944,43220,32228854.0,6.9733073,2475200.5,391.2831706,IT=7.5;7.5 ,ii
1772,UP 2,15.054,44004,31246652.0,6.9773552,2335009.0,391.2832442,IT=7.5;7.5 ,ii
1773,UP 2,16.071,45464,31993872.0,6.9812364,2310167.0,391.2831806,IT=8;8 ,ii
1774,UP 2,15.711,42792,31971412.0,6.9852739,2494633.2,391.28319,IT=7.9;7.9 ,ii
1775,UP 2,16.099,45764,31573790.0,6.989326,2256430.8,391.2830537,IT=8;8 ,ii
1776,UP 2,14.840,42872,31938546.0,6.993353,2415406.2,391.2832176,IT=7.4;7.4 ,ii
1777,UP 2,15.691,46084,32551296.0,6.9972342,2351792.8,391.2831698,IT=7.8;7.8 ,ii
1778,UP 2,15.615,39636,30884802.0,7.001278,2292123.5,391.283217,IT=7.8;7.8 ,ii
1779,UP 2,15.219,46248,33067118.0,7.0053092,2454704.8,391.2832443,IT=7.6;7.6 ,ii
1780,UP 2,15.658,44752,32565202.0,7.0093551,2480971.2,391.2831766,IT=7.8;7.8 ,ii
1781,UP 2,15.841,43916,32214446.0,7.0132321,2393557.0,391.2833137,IT=7.9;7.9 ,ii
1782,UP 2,16.018,41928,31272792.0,7.0172821,2520273.0,391.2833456,IT=8;8 ,ii
1783,UP 2,16.696,46748,30682344.0,7.0213403,2239136.0,391.2833507,IT=8.3;8.3 ,ii
1784,UP 2,16.612,46952,32282138.0,7.0253862,2431225.8,391.2833171,IT=8.3;8.3 ,ii
1785,UP 2,15.309,44236,32450852.0,7.0292424,2479841.5,371.1005558,IT=7.7;7.7 ,ii
1786,UP 2,15.991,43644,31633056.0,7.0332841,2261619.2,371.1004888,IT=8;8 ,ii
1787,UP 2,16.024,44440,32011172.0,7.0373319,2415986.2,391.2832688,IT=8;8 ,ii
1788,UP 2,15.490,42336,32117884.0,7.0413674,2426907.0,391.283397,IT=7.7;7.7 ,ii
1790,UP 2,14.901,41732,31307910.0,7.0453965,2333889.0,371.1004769,IT=7.5;7.5 ,ii
1791,UP 2,15.426,42312,32454032.0,7.0494465,2522654.5,391.2833301,IT=7.7;7.7 ,ii
1792,UP 2,15.649,43328,31498866.0,7.0534922,2250530.5,391.2833964,IT=7.8;7.8 ,ii
1794,UP 2,15.502,42592,31738728.0,7.0576839,2318125.0,391.2833807,IT=7.8;7.8 ,ii
1795,UP 2,16.118,44408,31594976.0,7.061588,2369536.8,391.2832981,IT=8.1;8.1 ,ii
1796,UP 2,15.625,42228,31200574.0,7.0656214,2279788.8,391.2834058,IT=7.8;7.8 ,ii
1797,UP 2,15.748,43432,32197696.0,7.0696817,2429501.8,391.2834043,IT=7.9;7.9 ,ii
1798,UP 2,16.319,43104,31475432.0,7.0737338,2387986.2,391.283365,IT=8.2;8.2 ,ii
1799,UP 2,15.994,44888,32459670.0,7.0776129,2416218.5,391.2833278,IT=8;8 ,ii
1800,UP 2,16.362,43728,31615064.0,7.0816649,2490884.8,391.2832997,IT=8.2;8.2 ,ii
1801,UP 2,16.199,42452,31238120.0,7.0857066,2324370.8,391.2832427,IT=8.1;8.1 ,ii
1802,UP 2,17.307,46108,31572752.0,7.089769,2308688.8,391.2833394,IT=8.7;8.7 ,ii
1803,UP 2,16.444,43356,32195278.0,7.0936398,2466641.2,391.2832505,IT=8.2;8.2 ,ii
1804,UP 2,15.746,44036,31816620.0,7.0976899,2451537.0,391.2833133,IT=7.9;7.9 ,ii
1805,UP 2,15.913,41444,31733174.0,7.1017336,2407469.0,391.2833414,IT=8;8 ,ii
1806,UP 2,16.061,43128,31604286.0,7.1057795,2420704.2,391.2834123,IT=8;8 ,ii
1808,UP 2,15.519,42748,31807014.0,7.1098273,2448707.0,371.1004624,IT=7.8;7.8 ,ii
1809,UP 2,16.747,43740,31814064.0,7.1138939,2361870.2,391.2833201,IT=8.4;8.4 ,ii
1810,UP 2,16.558,43308,31111474.0,7.1179356,2270137.2,391.2834377,IT=8.3;8.3 ,ii
1811,UP 2,16.363,45112,31697500.0,7.1219793,2409133.2,391.2833836,IT=8.2;8.2 ,ii
1812,UP 2,15.502,41288,32063948.0,7.1260105,2405911.8,391.2833753,IT=7.8;7.8 ,ii
1813,UP 2,16.543,42448,30893206.0,7.1298939,2202538.5,391.2834154,IT=8.3;8.3 ,ii
1814,UP 2,15.815,45240,32251678.0,7.1339271,2364057.2,391.2833382,IT=7.9;7.9 ,ii
1815,UP 2,16.117,41764,31586218.0,7.1379709,2318662.2,391.2833904,IT=8.1;8.1 ,ii
1816,UP 2,15.888,42560,31492574.0,7.1420104,2319838.5,391.2833453,IT=7.9;7.9 ,ii
1817,UP 2,16.873,44412,31624812.0,7.1458979,2449538.2,391.2832645,IT=8.4;8.4 ,ii
1818,UP 2,14.843,43072,31726656.0,7.1499104,2484437.2,391.2832965,IT=7.4;7.4 ,ii
1819,UP 2,16.124,44384,31308962.0,7.1539583,2327841.8,391.2833634,IT=8.1;8.1 ,ii
1820,UP 2,16.056,43984,31420656.0,7.158002,2329512.0,371.1004541,IT=8;8 ,ii
1821,UP 2,16.184,42140,30847896.0,7.1618853,2289886.0,371.1005404,IT=8.1;8.1 ,ii
1822,UP 2,16.025,43988,31800096.0,7.165929,2379606.5,391.2833004,IT=8;8 ,ii
1823,UP 2,16.637,43840,31926680.0,7.1699831,2468198.2,391.2832179,IT=8.3;8.3 ,ii
1824,UP 2,16.231,42320,31057756.0,7.1740289,2277221.2,391.283272,IT=8.1;8.1 ,ii
1825,UP 2,16.333,45304,31573722.0,7.177906,2423667.0,391.2831892,IT=8.2;8.2 ,ii
1826,UP 2,16.678,43388,31252850.0,7.1819622,2324241.0,391.2832631,IT=8.3;8.3 ,ii
1827,UP 2,16.201,43252,31953272.0,7.1859976,2474602.2,391.2831793,IT=8.1;8.1 ,ii
1828,UP 2,15.681,40796,30773554.0,7.1900372,2442566.8,391.2832681,IT=7.8;7.8 ,ii
1829,UP 2,16.800,44384,32228876.0,7.1939288,2396360.0,391.2832223,IT=8.4;8.4 ,ii
1830,UP 2,16.109,43840,32190944.0,7.1979663,2410416.5,391.2831896,IT=8.1;8.1 ,ii
1831,UP 2,17.050,42980,31823426.0,7.2020288,2476356.0,391.2831612,IT=8.5;8.5 ,ii
1832,UP 2,16.554,41492,31440440.0,7.2060725,2464901.0,391.2832044,IT=8.3;8.3 ,ii
1833,UP 2,16.947,43376,31009962.0,7.2099559,2314903.5,391.2831937,IT=8.5;8.5 ,ii
1834,UP 2,16.330,43596,31914544.0,7.2139974,2436691.5,391.2832231,IT=8.2;8.2 ,ii
1835,UP 2,16.983,45316,32069258.0,7.218062,2470936.0,391.2832087,IT=8.5;8.5 ,ii
1836,UP 2,16.627,43424,32378212.0,7.2220995,2460391.5,391.2831859,IT=8.3;8.3 ,ii
1837,UP 2,16.114,41184,31154564.0,7.2259703,2368428.0,391.2832292,IT=8.1;8.1 ,ii
1838,UP 2,16.947,43388,31321620.0,7.2300306,2392586.5,391.2831858,IT=8.5;8.5 ,ii
1839,UP 2,16.437,42464,31381666.0,7.2340765,2450756.0,391.283239,IT=8.2;8.2 ,ii
1840,UP 2,16.243,41420,31779892.0,7.238116,2330002.0,391.2832162,IT=8.1;8.1 ,ii
1841,UP 2,17.540,43132,31623552.0,7.2420139,2396174.8,391.2833115,IT=8.8;8.8 ,ii
1843,UP 2,15.015,43508,32418062.0,7.2460493,2397987.8,391.2832646,IT=7.5;7.5 ,ii
1844,UP 2,17.330,44016,30882156.0,7.2501243,2251287.2,391.2833187,IT=8.7;8.7 ,ii
1845,UP 2,16.147,43632,32231010.0,7.2541596,2522409.0,391.2831748,IT=8.1;8.1 ,ii
1846,UP 2,17.112,44352,31393048.0,7.2582263,2362471.8,391.2833132,IT=8.6;8.6 ,ii
1848,UP 2,15.497,39968,31431018.0,7.26227,2434126.0,391.2833192,IT=7.7;7.7 ,ii
1849,UP 2,16.862,41004,31568452.0,7.2663407,2411955.8,391.2832871,IT=8.4;8.4 ,ii
1850,UP 2,17.032,45608,31920398.0,7.2703887,2337135.5,391.283389,IT=8.5;8.5 ,ii
1851,UP 2,16.835,44404,32255948.0,7.2742678,2326978.8,391.2834737,IT=8.4;8.4 ,ii
1853,UP 2,15.586,44068,32385426.0,7.2783095,2374625.5,391.2833571,IT=7.8;7.8 ,ii
1854,UP 2,16.507,42540,31584046.0,7.2823657,2476735.2,391.283365,IT=8.3;8.3 ,ii
1855,UP 2,17.470,43672,31219356.0,7.2864261,2312129.2,391.2833502,IT=8.7;8.7 ,ii
1856,UP 2,16.258,45688,32331436.0,7.2902927,2381941.0,391.283346,IT=8.1;8.1 ,ii
1857,UP 2,16.377,43316,32140160.0,7.2943428,2422852.0,391.2833011,IT=8.2;8.2 ,ii
1858,UP 2,16.471,42656,31339588.0,7.2983906,2444579.0,391.2833053,IT=8.2;8.2 ,ii
1859,UP 2,17.052,42124,30971104.0,7.3024448,2353532.2,391.2833272,IT=8.5;8.5 ,ii
1860,UP 2,16.711,45828,32778726.0,7.3063384,2512063.0,391.2832989,IT=8.4;8.4 ,ii
1861,UP 2,16.120,43600,32529478.0,7.3103677,2425190.5,391.2833131,IT=8.1;8.1 ,ii
1862,UP 2,16.613,45060,31809822.0,7.3144217,2268512.0,391.2832987,IT=8.3;8.3 ,ii
1863,UP 2,16.431,41236,31127960.0,7.3184635,2427622.8,391.2834481,IT=8.2;8.2 ,ii
1865,UP 2,15.822,40396,31216396.0,7.3224884,2378526.8,391.2832699,IT=7.9;7.9 ,ii
1866,UP 2,16.876,44772,31497934.0,7.326553,2316102.8,371.1004518,IT=8.4;8.4 ,ii
1867,UP 2,17.546,45184,31690364.0,7.3306112,2415208.0,391.2833616,IT=8.8;8.8 ,ii
1868,UP 2,16.797,42276,31165528.0,7.3346509,2400963.0,391.2833728,IT=8.4;8.4 ,ii
1869,UP 2,16.572,42660,31557586.0,7.3385215,2353660.5,391.2833824,IT=8.3;8.3 ,ii
1870,UP 2,16.932,43096,31154290.0,7.3425779,2299741.0,371.1005607,IT=8.5;8.5 ,ii
1872,UP 2,15.817,41976,31959426.0,7.3466069,2374057.5,391.2833348,IT=7.9;7.9 ,ii
1873,UP 2,17.347,45364,31980560.0,7.3506798,2362292.0,391.2833907,IT=8.7;8.7 ,ii
1874,UP 2,16.206,43584,32167492.0,7.3545485,2516621.5,391.2833623,IT=8.1;8.1 ,ii
1875,UP 2,16.847,43496,32076182.0,7.3586069,2485601.8,391.2833529,IT=8.4;8.4 ,ii
1876,UP 2,17.164,43908,31439682.0,7.362663,2345757.8,391.2833515,IT=8.6;8.6 ,ii
1877,UP 2,17.070,42008,31416956.0,7.3667089,2358959.8,391.283327,IT=8.5;8.5 ,ii
1878,UP 2,16.221,44944,32624926.0,7.3705776,2365311.0,391.2835404,IT=8.1;8.1 ,ii
1880,UP 2,15.708,41364,30964492.0,7.3745964,2273953.2,391.2833983,IT=7.9;7.9 ,ii
1881,UP 2,17.778,45712,32551248.0,7.3786775,2378865.5,391.2833769,IT=8.9;8.9 ,ii
1882,UP 2,16.131,43512,32366932.0,7.3826984,2519561.2,391.2832963,IT=8.1;8.1 ,ii
1883,UP 2,15.998,43148,32314910.0,7.3865691,2441502.0,391.2834062,IT=8;8 ,ii
1884,UP 2,16.905,44448,31855706.0,7.3906275,2434170.2,371.1005309,IT=8.5;8.5 ,ii
1885,UP 2,17.518,45420,32656506.0,7.3946857,2519903.0,391.2832933,IT=8.8;8.8 ,ii
1886,UP 2,16.585,41988,31182772.0,7.3987213,2334466.0,391.2834548,IT=8.3;8.3 ,ii
1887,UP 2,16.943,45944,32075192.0,7.4027711,2384351.0,391.2833039,IT=8.5;8.5 ,ii
1888,UP 2,17.256,43644,30884946.0,7.4068233,2377122.2,391.2833797,IT=8.6;8.6 ,ii
1889,UP 2,17.086,44048,31815700.0,7.410869,2360104.8,391.283412,IT=8.5;8.5 ,ii
1890,UP 2,16.647,43940,31919906.0,7.414917,2322809.8,391.2833969,IT=8.3;8.3 ,ii
1891,UP 2,16.339,41976,31541252.0,7.4187856,2454620.8,391.283382,IT=8.2;8.2 ,ii
1892,UP 2,16.697,43220,31899148.0,7.4228335,2343183.0,391.2833287,IT=8.3;8.3 ,ii
1893,UP 2,16.764,45992,32180864.0,7.4268814,2323584.8,391.2833498,IT=8.4;8.4 ,ii
1894,UP 2,17.248,44452,31108192.0,7.4309377,2281066.0,391.2835024,IT=8.6;8.6 ,ii
1896,UP 2,15.670,39608,31336656.0,7.434973,2553269.0,391.2833292,IT=7.8;7.8 ,ii
1897,UP 2,17.153,45760,32474222.0,7.4390397,2505535.2,391.2833238,IT=8.6;8.6 ,ii
1898,UP 2,17.717,44784,31580018.0,7.4431,2334056.8,371.1005476,IT=8.9;8.9 ,ii
1899,UP 2,17.445,43608,31794764.0,7.4471459,2362397.2,391.2834571,IT=8.7;8.7 ,ii
1900,UP 2,16.822,43804,31815444.0,7.4511875,2329530.8,391.2834037,IT=8.4;8.4 ,ii
1901,UP 2,17.256,42996,31472410.0,7.4550917,2440089.2,391.2833922,IT=8.6;8.6 ,ii
1902,UP 2,17.329,43600,30947616.0,7.4591416,2272471.0,391.2834606,IT=8.7;8.7 ,ii
1903,UP 2,16.927,44964,32176418.0,7.4631875,2415576.0,391.2833968,IT=8.5;8.5 ,ii
1904,UP 2,17.535,45040,31794084.0,7.4670936,2331496.5,391.2833811,IT=8.8;8.8 ,ii
1905,UP 2,17.202,43776,31563082.0,7.4711437,2375060.5,391.2834085,IT=8.6;8.6 ,ii
1906,UP 2,17.048,45144,31911656.0,7.4751936,2406677.0,391.2833383,IT=8.5;8.5 ,ii
1907,UP 2,17.284,44060,31696648.0,7.4792499,2423335.0,391.283451,IT=8.6;8.6 ,ii
1909,UP 2,16.166,42276,31119802.0,7.483454,2292008.2,391.2834109,IT=8.1;8.1 ,ii
1910,UP 2,17.455,44052,32139932.0,7.4873581,2495065.5,391.283413,IT=8.7;8.7 ,ii
1911,UP 2,16.758,41724,31369268.0,7.4914039,2515795.2,391.2834366,IT=8.4;8.4 ,ii
1912,UP 2,17.663,45548,31712864.0,7.4954643,2466877.2,391.2833736,IT=8.8;8.8 ,ii
1913,UP 2,17.337,43928,31615422.0,7.4995143,2412109.2,391.2833839,IT=8.7;8.7 ,ii
1914,UP 2,16.882,45568,32157300.0,7.5033913,2510904.8,391.2833358,IT=8.4;8.4 ,ii
1915,UP 2,17.183,45904,32461046.0,7.5074496,2435903.8,371.1005034,IT=8.6;8.6 ,ii
1916,UP 2,17.018,44268,32406048.0,7.5114976,2434111.0,391.2834145,IT=8.5;8.5 ,ii
1917,UP 2,16.810,41656,32163028.0,7.5155433,2493542.2,391.2833684,IT=8.4;8.4 ,ii
1918,UP 2,17.409,43036,31473160.0,7.5194432,2362519.2,391.283363,IT=8.7;8.7 ,ii
1919,UP 2,16.657,43032,32248320.0,7.5234766,2484181.8,391.2833322,IT=8.3;8.3 ,ii
1920,UP 2,17.428,42964,31208236.0,7.527537,2346057.5,391.2833783,IT=8.7;8.7 ,ii
1921,UP 2,17.470,42292,30481368.0,7.5315953,2201853.2,391.283327,IT=8.7;8.7 ,ii
1922,UP 2,17.266,43880,31931818.0,7.5356431,2462001.0,391.283246,IT=8.6;8.6 ,ii
1923,UP 2,17.354,43936,31262910.0,7.5397057,2379487.2,391.2833267,IT=8.7;8.7 ,ii
1924,UP 2,17.313,41540,31675620.0,7.5437535,2429213.0,391.2833786,IT=8.7;8.7 ,ii
1926,UP 2,16.339,43548,31808558.0,7.5479577,2358766.0,391.2832319,IT=8.2;8.2 ,ii
1927,UP 2,17.874,44168,32084248.0,7.5518681,2441104.8,391.2832293,IT=8.9;8.9 ,ii
1928,UP 2,16.220,44328,31839258.0,7.5558973,2445703.8,371.1005469,IT=8.1;8.1 ,ii
1930,UP 2,16.182,43196,31627680.0,7.5599347,2437983.5,391.2833558,IT=8.1;8.1 ,ii
1931,UP 2,16.829,41772,31305498.0,7.5639972,2290654.5,371.1004675,IT=8.4;8.4 ,ii
1932,UP 2,18.077,44044,31639946.0,7.5679013,2402770.0,391.2834029,IT=9;9 ,ii
1933,UP 2,16.917,43200,32227232.0,7.5719409,2411441.2,391.2833393,IT=8.5;8.5 ,ii
1934,UP 2,17.858,45196,31223832.0,7.5760054,2226445.2,391.2834573,IT=8.9;8.9 ,ii
1935,UP 2,16.756,43944,32710350.0,7.5800429,2539775.8,391.2834733,IT=8.4;8.4 ,ii
1936,UP 2,17.562,46308,32340856.0,7.5839407,2329704.2,391.283412,IT=8.8;8.8 ,ii
1937,UP 2,17.467,42460,32044078.0,7.5879928,2427691.8,391.2833417,IT=8.7;8.7 ,ii
1938,UP 2,18.196,47912,32364614.0,7.5920574,2388640.5,391.2833375,IT=9.1;9.1 ,ii
1939,UP 2,17.867,44264,31403636.0,7.5961157,2387680.5,391.2833166,IT=8.9;8.9 ,ii
1940,UP 2,18.078,44372,31353812.0,7.6000031,2415769.8,391.2833589,IT=9;9 ,ii
1941,UP 2,16.951,43528,32381190.0,7.6040448,2601476.5,391.2833724,IT=8.5;8.5 ,ii
1942,UP 2,17.021,43808,31806072.0,7.608099,2418597.8,391.2835194,IT=8.5;8.5 ,ii
1944,UP 2,16.475,43176,32614700.0,7.6123115,2448760.0,391.283509,IT=8.2;8.2 ,ii
1945,UP 2,17.107,42652,32038482.0,7.6163739,2464784.8,391.2834139,IT=8.6;8.6 ,ii
1946,UP 2,18.647,44688,31376872.0,7.6204593,2430390.5,391.2834477,IT=9.3;9.3 ,ii
1947,UP 2,17.666,43256,32180556.0,7.6245051,2376613.8,391.2834783,IT=8.8;8.8 ,ii
1948,UP 2,17.209,46460,32796362.0,7.628551,2463291.5,391.2833489,IT=8.6;8.6 ,ii
1949,UP 2,17.984,45308,32216014.0,7.6324592,2337303.0,391.2833878,IT=9;9 ,ii
1950,UP 2,17.167,45136,32048258.0,7.6365009,2418689.2,391.2833954,IT=8.6;8.6 ,ii
1951,UP 2,17.321,44188,31915770.0,7.640555,2411525.8,391.2833437,IT=8.7;8.7 ,ii
1952,UP 2,16.829,44732,32240400.0,7.6446029,2428535.8,391.2834106,IT=8.4;8.4 ,ii
1953,UP 2,17.964,44624,32266026.0,7.6486695,2497259.2,391.2833507,IT=9;9 ,ii
1954,UP 2,16.443,43440,32294678.0,7.6525321,2367926.8,391.2834591,IT=8.2;8.2 ,ii
1956,UP 2,16.470,42148,32036504.0,7.6565736,2383466.0,391.2834056,IT=8.2;8.2 ,ii
1957,UP 2,17.273,43636,32074900.0,7.6606403,2398422.5,391.2834018,IT=8.6;8.6 ,ii
1958,UP 2,17.714,44300,32011422.0,7.6647007,2414773.0,391.2833621,IT=8.9;8.9 ,ii
1959,UP 2,16.646,44748,32876420.0,7.6685674,2448448.8,391.2833692,IT=8.3;8.3 ,ii
1960,UP 2,17.840,43700,32079308.0,7.6726318,2445435.2,391.2833498,IT=8.9;8.9 ,ii
1961,UP 2,17.034,44872,32622562.0,7.6766715,2453903.5,391.2832854,IT=8.5;8.5 ,ii
1962,UP 2,17.176,42456,32612392.0,7.6807214,2537287.8,391.2834525,IT=8.6;8.6 ,ii
1963,UP 2,17.744,43868,32422198.0,7.6846131,2490794.8,391.2834283,IT=8.9;8.9 ,ii
1964,UP 2,17.363,42564,31905724.0,7.6886588,2416742.0,371.1005212,IT=8.7;8.7 ,ii
1965,UP 2,17.344,45428,32623488.0,7.6927068,2442086.8,391.2834243,IT=8.7;8.7 ,ii
1966,UP 2,18.158,45004,32374154.0,7.6967671,2451138.0,391.2833953,IT=9.1;9.1 ,ii
1967,UP 2,17.543,42772,32449880.0,7.7008108,2639427.0,391.2833811,IT=8.8;8.8 ,ii
1968,UP 2,17.486,44904,32637456.0,7.7048567,2431748.8,391.2833443,IT=8.7;8.7 ,ii
1969,UP 2,17.245,45704,32974816.0,7.7089025,2451025.8,391.2833026,IT=8.6;8.6 ,ii
1970,UP 2,17.071,43208,32765836.0,7.7129525,2536144.8,391.283334,IT=8.5;8.5 ,ii
1971,UP 2,18.294,47612,32612186.0,7.7168502,2370779.0,391.2833694,IT=9.1;9.1 ,ii
1972,UP 2,16.952,43992,33049008.0,7.7208836,2531717.0,391.2833929,IT=8.5;8.5 ,ii
1973,UP 2,16.674,43884,33284924.0,7.7249295,2496752.0,391.2833644,IT=8.3;8.3 ,ii
1974,UP 2,17.728,43092,32456116.0,7.7289898,2497325.8,391.2832401,IT=8.9;8.9 ,ii
1975,UP 2,16.779,43340,33145272.0,7.7328564,2628845.2,391.2832296,IT=8.4;8.4 ,ii
1976,UP 2,16.838,44564,33186886.0,7.7369023,2451043.5,371.1003906,IT=8.4;8.4 ,ii
1977,UP 2,17.711,45116,33165466.0,7.740969,2533991.8,391.283226,IT=8.9;8.9 ,ii
1978,UP 2,16.492,42932,33053226.0,7.7450002,2489288.8,391.2832451,IT=8.2;8.2 ,ii
1979,UP 2,17.539,46872,33415564.0,7.7488917,2438982.0,391.2832045,IT=8.8;8.8 ,ii
1980,UP 2,17.297,45744,33703436.0,7.7529459,2483015.8,391.2833486,IT=8.6;8.6 ,ii
1981,UP 2,17.786,45056,32915632.0,7.7570021,2501278.5,391.2833758,IT=8.9;8.9 ,ii
1982,UP 2,17.850,46708,32907242.0,7.7610605,2322231.8,371.100468,IT=8.9;8.9 ,ii
1983,UP 2,17.536,45052,33671744.0,7.7649312,2522989.5,391.283295,IT=8.8;8.8 ,ii
1984,UP 2,17.146,45216,33177652.0,7.7689792,2407520.8,391.2833672,IT=8.6;8.6 ,ii
1986,UP 2,16.373,43068,33405922.0,7.7730165,2452750.5,391.2833208,IT=8.2;8.2 ,ii
1987,UP 2,17.345,46812,33969692.0,7.7770791,2372840.8,391.2833877,IT=8.7;8.7 ,ii
1989,UP 2,16.342,44280,34046740.0,7.7811186,2614393.2,391.2832522,IT=8.2;8.2 ,ii
1990,UP 2,17.615,44308,32717744.0,7.7851874,2432998.5,391.2833948,IT=8.8;8.8 ,ii
1992,UP 2,16.206,43716,33350020.0,7.7892206,2480949.8,391.2833272,IT=8.1;8.1 ,ii
1993,UP 2,16.996,45460,33572332.0,7.7932832,2605363.5,391.2833353,IT=8.5;8.5 ,ii
1994,UP 2,16.654,44348,33268768.0,7.7971539,2380406.5,391.2834899,IT=8.3;8.3 ,ii
1996,UP 2,16.211,42052,33175218.0,7.8012081,2505453.5,391.2833685,IT=8.1;8.1 ,ii
1997,UP 2,18.678,48228,33504296.0,7.8052997,2511911.8,391.2833136,IT=9.3;9.3 ,ii
1998,UP 2,17.443,45588,33134054.0,7.8093331,2403631.8,391.283342,IT=8.7;8.7 ,ii
1999,UP 2,17.135,44656,32989802.0,7.8133767,2596361.8,391.2833129,IT=8.6;8.6 ,ii
2000,UP 2,17.409,46908,33579732.0,7.8174288,2411887.2,391.2832937,IT=8.7;8.7 ,ii
2001,UP 2,17.775,44424,33228730.0,7.821483,2544923.2,391.2833723,IT=8.9;8.9 ,ii
2003,UP 2,16.068,44112,34351492.0,7.8256871,2525357.0,371.1004203,IT=8;8 ,ii
2004,UP 2,17.874,48100,33975700.0,7.8295954,2375810.8,391.283314,IT=8.9;8.9 ,ii
2005,UP 2,17.403,44192,33444848.0,7.8336496,2509614.2,391.2833158,IT=8.7;8.7 ,ii
2006,UP 2,16.509,44496,33703476.0,7.8376849,2567819.0,391.2833759,IT=8.3;8.3 ,ii
2007,UP 2,18.883,44920,32339172.0,7.8417683,2344253.5,391.283412,IT=9.4;9.4 ,ii
2008,UP 2,18.842,44392,31766420.0,7.8456599,2367711.0,391.2834473,IT=9.4;9.4 ,ii
2010,UP 2,16.565,47556,35201824.0,7.8497182,2541388.5,391.2831888,IT=8.3;8.3 ,ii
2011,UP 2,17.721,45160,33115222.0,7.853791,2453010.2,391.2831921,IT=8.9;8.9 ,ii
2012,UP 2,17.733,45572,33935032.0,7.8578411,2666898.2,391.2832793,IT=8.9;8.9 ,ii
2013,UP 2,16.547,42860,33452156.0,7.8617098,2555601.8,371.1004587,IT=8.3;8.3 ,ii
2014,UP 2,18.121,46684,33546200.0,7.8657765,2520864.5,391.2832226,IT=9.1;9.1 ,ii
2015,UP 2,17.235,47376,34164380.0,7.8698222,2571351.8,391.2833443,IT=8.6;8.6 ,ii
2016,UP 2,18.426,43768,32145760.0,7.8738889,2447524.8,391.2832747,IT=9.2;9.2 ,ii
2017,UP 2,16.975,45892,34226040.0,7.8777513,2514995.2,391.2832887,IT=8.5;8.5 ,ii
2018,UP 2,17.794,47492,34159076.0,7.881818,2481102.2,391.2832632,IT=8.9;8.9 ,ii
2019,UP 2,18.441,49652,34227460.0,7.8858763,2418377.5,391.2832901,IT=9.2;9.2 ,ii
2020,UP 2,17.246,45556,33462850.0,7.8899117,2483033.2,391.2832247,IT=8.6;8.6 ,ii
2021,UP 2,18.834,46740,33736344.0,7.8938304,2440267.2,371.100466,IT=9.4;9.4 ,ii
2023,UP 2,16.638,44836,33622040.0,7.8978846,2507299.5,391.2832517,IT=8.3;8.3 ,ii
2024,UP 2,17.878,49328,35122312.0,7.9019574,2516258.5,391.2832435,IT=8.9;8.9 ,ii
2025,UP 2,18.570,45448,32627230.0,7.9060178,2279932.5,371.1005102,IT=9.3;9.3 ,ii
2026,UP 2,17.025,45784,34454260.0,7.9100491,2544179.2,391.2832883,IT=8.5;8.5 ,ii
2027,UP 2,16.661,45148,34919636.0,7.9139198,2667801.0,391.2832976,IT=8.3;8.3 ,ii
2028,UP 2,17.790,49152,34038688.0,7.9179885,2402407.0,391.2833666,IT=8.9;8.9 ,ii
2029,UP 2,18.081,46608,33753992.0,7.9220427,2408995.0,391.2833643,IT=9;9 ,ii
2030,UP 2,17.045,44572,33552018.0,7.9260781,2496304.2,391.2833854,IT=8.5;8.5 ,ii
2031,UP 2,17.829,47116,33513560.0,7.9299739,2436811.2,391.2833943,IT=8.9;8.9 ,ii
2032,UP 2,18.055,45524,32782732.0,7.9340322,2252481.5,391.2833648,IT=9;9 ,ii
2033,UP 2,17.402,46812,34626940.0,7.938076,2639759.0,391.2833957,IT=8.7;8.7 ,ii
2035,UP 2,16.630,45084,34417836.0,7.942303,2499106.5,391.2832454,IT=8.3;8.3 ,ii
2036,UP 2,17.008,45176,34060684.0,7.9461904,2501095.8,391.2834712,IT=8.5;8.5 ,ii
2037,UP 2,18.134,44520,33926680.0,7.9502571,2483096.2,391.2834153,IT=9.1;9.1 ,ii
2038,UP 2,17.843,47840,34896036.0,7.9543113,2620723.8,391.2834186,IT=8.9;8.9 ,ii
2039,UP 2,17.583,46016,34183124.0,7.9583571,2505115.0,391.2834319,IT=8.8;8.8 ,ii
2040,UP 2,18.569,47264,33615936.0,7.962257,2450715.2,371.1005341,IT=9.3;9.3 ,ii
2041,UP 2,17.731,46392,33401454.0,7.9663008,2491929.0,391.2833496,IT=8.9;8.9 ,ii
2042,UP 2,18.182,44864,33823760.0,7.970359,2556689.8,391.2833465,IT=9.1;9.1 ,ii
2043,UP 2,17.630,44348,33958584.0,7.9744049,2501614.8,371.1005041,IT=8.8;8.8 ,ii
2044,UP 2,17.928,44460,33303492.0,7.9782881,2426795.0,391.2834239,IT=9;9 ,ii
2045,UP 2,17.292,45132,34088136.0,7.9823318,2460568.0,371.1006866,IT=8.6;8.6 ,ii
2047,UP 2,17.084,47272,33986740.0,7.9863818,2467176.0,391.2832989,IT=8.5;8.5 ,ii
2048,UP 2,18.349,46620,33945768.0,7.9904568,2347172.0,391.2832793,IT=9.2;9.2 ,ii
2049,UP 2,17.841,48728,35137288.0,7.9943359,2642786.5,391.2834104,IT=8.9;8.9 ,ii
2051,UP 2,16.271,46212,34984960.0,7.9983964,2641281.2,391.2833024,IT=8.1;8.1 ,ii
2052,UP 2,18.317,47232,34194332.0,8.0024754,2498836.8,391.2832661,IT=9.2;9.2 ,ii
2053,UP 2,17.638,47040,34239532.0,8.0065193,2511422.5,391.283339,IT=8.8;8.8 ,ii
2054,UP 2,17.480,45572,33908504.0,8.0103983,2632788.8,391.2833833,IT=8.7;8.7 ,ii
2055,UP 2,18.048,48208,34221552.0,8.0144608,2389843.8,391.283308,IT=9;9 ,ii
2056,UP 2,17.557,45268,33786268.0,8.0185066,2574029.5,391.2831458,IT=8.8;8.8 ,ii
2057,UP 2,17.701,46136,34328596.0,8.0225566,2559323.5,391.2832988,IT=8.9;8.9 ,ii
2058,UP 2,18.206,47084,34088100.0,8.0264565,2533738.5,391.2834259,IT=9.1;9.1 ,ii
2059,UP 2,17.226,45524,34218488.0,8.0304899,2533856.0,391.2833607,IT=8.6;8.6 ,ii
2060,UP 2,17.443,45776,33993812.0,8.0345419,2503570.8,391.283354,IT=8.7;8.7 ,ii
2061,UP 2,17.654,45384,33548732.0,8.038594,2440638.8,391.2833311,IT=8.8;8.8 ,ii
2062,UP 2,17.943,47116,33923548.0,8.0424856,2416483.8,391.2833799,IT=9;9 ,ii
2063,UP 2,17.296,45768,34197172.0,8.0465272,2488193.0,391.283414,IT=8.6;8.6 ,ii
2065,UP 2,16.511,45056,35012880.0,8.0505647,2589000.8,391.2833349,IT=8.3;8.3 ,ii
2066,UP 2,17.331,45872,33896124.0,8.0546273,2458096.5,391.2833202,IT=8.7;8.7 ,ii
2067,UP 2,16.721,43976,34336052.0,8.058498,2573859.8,391.2833896,IT=8.4;8.4 ,ii
2069,UP 2,17.156,44688,34951844.0,8.0625626,2642073.0,391.283286,IT=8.6;8.6 ,ii
2070,UP 2,18.107,47092,33747268.0,8.0666333,2439211.5,391.2832234,IT=9.1;9.1 ,ii
2071,UP 2,18.135,45380,34114036.0,8.0706876,2577419.2,391.2832922,IT=9.1;9.1 ,ii
2072,UP 2,17.394,46828,34159148.0,8.0745604,2463703.8,391.2833031,IT=8.7;8.7 ,ii
2073,UP 2,18.250,48436,34907144.0,8.0786271,2467811.0,391.2832195,IT=9.1;9.1 ,ii
2074,UP 2,18.917,49548,34720724.0,8.0826916,2627592.0,391.2832593,IT=9.5;9.5 ,ii
2075,UP 2,17.492,45468,34367676.0,8.086727,2491252.5,391.283274,IT=8.7;8.7 ,ii
2076,UP 2,18.464,47960,34021024.0,8.0907936,2438988.0,391.2832984,IT=9.2;9.2 ,ii
2077,UP 2,18.162,49740,34024532.0,8.0948499,2392767.5,371.1004865,IT=9.1;9.1 ,ii
2078,UP 2,18.602,48076,34260724.0,8.0989103,2713306.8,391.2832443,IT=9.3;9.3 ,ii
2079,UP 2,17.377,47900,34365928.0,8.1029457,2504602.2,371.1003984,IT=8.7;8.7 ,ii
2080,UP 2,18.209,43568,33166086.0,8.1068456,2565503.2,391.2832091,IT=9.1;9.1 ,ii
2081,UP 2,17.889,47528,34255528.0,8.1108936,2525403.8,391.283451,IT=8.9;8.9 ,ii
2083,UP 2,17.190,44876,33734272.0,8.1149581,2519279.8,391.2833228,IT=8.6;8.6 ,ii
2084,UP 2,18.695,47256,34160572.0,8.1190415,2543538.8,391.2833508,IT=9.3;9.3 ,ii
2085,UP 2,17.985,47864,34560220.0,8.1229163,2492810.2,391.2832521,IT=9;9 ,ii
2086,UP 2,18.601,45536,33563456.0,8.1269789,2481938.0,391.2832668,IT=9.3;9.3 ,ii
2087,UP 2,18.229,47004,34354244.0,8.1310371,2513872.5,391.2833098,IT=9.1;9.1 ,ii
2088,UP 2,17.931,45780,34142348.0,8.1350871,2488307.8,391.2832828,IT=9;9 ,ii
2089,UP 2,17.697,48080,34149768.0,8.1389662,2460772.0,391.2832392,IT=8.8;8.8 ,ii
2090,UP 2,18.481,50300,34359128.0,8.1430392,2476701.2,391.2834118,IT=9.2;9.2 ,ii
2091,UP 2,18.255,49400,34155300.0,8.1470891,2470097.5,391.2833433,IT=9.1;9.1 ,ii
2092,UP 2,18.603,49620,34575512.0,8.1511475,2494546.0,391.2833573,IT=9.3;9.3 ,ii
2093,UP 2,18.783,47720,33482078.0,8.1550495,2366511.2,391.2833517,IT=9.4;9.4 ,ii
2094,UP 2,18.181,46136,33499798.0,8.1591037,2441294.5,391.2834979,IT=9.1;9.1 ,ii
2096,UP 2,17.411,47560,33830168.0,8.1631598,2435845.2,391.2833886,IT=8.7;8.7 ,ii
2097,UP 2,17.528,47548,33959332.0,8.167214,2513995.0,391.2833341,IT=8.8;8.8 ,ii
2098,UP 2,17.913,44912,32859544.0,8.1711056,2362784.2,371.1005772,IT=9;9 ,ii
2099,UP 2,18.526,46264,33264488.0,8.1751681,2573556.2,391.2833806,IT=9.3;9.3 ,ii
2100,UP 2,18.440,46920,33586528.0,8.1792201,2436160.0,371.1005446,IT=9.2;9.2 ,ii
2101,UP 2,18.544,48516,33816260.0,8.1832785,2419965.2,391.2832926,IT=9.3;9.3 ,ii
2102,UP 2,18.968,47576,33377664.0,8.1871742,2388620.2,391.2833453,IT=9.5;9.5 ,ii
2103,UP 2,18.871,45872,32280046.0,8.1912368,2313554.0,391.2833949,IT=9.4;9.4 ,ii
2104,UP 2,17.642,44628,33240286.0,8.1952742,2469619.2,391.2833201,IT=8.8;8.8 ,ii
2105,UP 2,18.245,48080,33742024.0,8.1993346,2494771.0,391.283368,IT=9.1;9.1 ,ii
2106,UP 2,19.237,46700,32993198.0,8.2032366,2388608.8,371.1004335,IT=9.6;9.6 ,ii
2107,UP 2,17.968,45608,34311784.0,8.2072804,2539612.5,371.1004087,IT=9;9 ,ii
2108,UP 2,18.543,46392,32224720.0,8.2113449,2373435.5,391.2830578,IT=9.3;9.3 ,ii
2109,UP 2,18.998,48948,33285324.0,8.2154074,2387584.5,391.2832572,IT=9.5;9.5 ,ii
2110,UP 2,18.985,47544,33229786.0,8.2194657,2481764.8,391.2832973,IT=9.5;9.5 ,ii
2111,UP 2,18.177,44288,33205950.0,8.223347,2476442.0,391.2832593,IT=9.1;9.1 ,ii
2112,UP 2,17.502,45136,33301380.0,8.2273927,2442814.5,391.2833502,IT=8.8;8.8 ,ii
2113,UP 2,19.022,49468,33736320.0,8.2314678,2414948.2,391.2833502,IT=9.5;9.5 ,ii
2114,UP 2,19.249,46484,33363152.0,8.2355385,2367696.0,391.2833257,IT=9.6;9.6 ,ii
2115,UP 2,17.582,44876,32868266.0,8.239399,2405523.5,391.2833701,IT=8.8;8.8 ,ii
2116,UP 2,18.697,47044,33190614.0,8.2434698,2357978.2,391.2832877,IT=9.3;9.3 ,ii
2117,UP 2,18.521,45636,33252882.0,8.2475343,2509260.8,391.2832942,IT=9.3;9.3 ,ii
2118,UP 2,18.302,45276,32616784.0,8.2515843,2348546.8,391.2832262,IT=9.2;9.2 ,ii
2119,UP 2,18.620,45736,33135502.0,8.2554737,2447130.8,391.2833289,IT=9.3;9.3 ,ii
2120,UP 2,19.234,47008,33210218.0,8.2595509,2446429.8,391.2832614,IT=9.6;9.6 ,ii
2121,UP 2,18.999,47264,33148824.0,8.2636009,2472151.5,391.2832889,IT=9.5;9.5 ,ii
2122,UP 2,18.687,45868,33068240.0,8.267655,2362545.8,391.2833004,IT=9.3;9.3 ,ii
2123,UP 2,18.166,44784,33095660.0,8.2715466,2497165.5,391.2834263,IT=9.1;9.1 ,ii
2125,UP 2,18.297,46320,33087148.0,8.2756299,2364057.0,391.2833839,IT=9.1;9.1 ,ii
2126,UP 2,18.287,45908,33568048.0,8.2796965,2557725.2,391.2833745,IT=9.1;9.1 ,ii
2127,UP 2,18.960,46548,32943114.0,8.283759,2520613.8,391.2834045,IT=9.5;9.5 ,ii
2128,UP 2,19.812,46700,32846462.0,8.2876673,2391858.5,391.2833015,IT=9.9;9.9 ,ii
2129,UP 2,18.302,43088,33091310.0,8.2917152,2545080.0,391.2834035,IT=9.2;9.2 ,ii
2130,UP 2,18.431,45192,33037972.0,8.2957714,2436111.8,391.2833653,IT=9.2;9.2 ,ii
2131,UP 2,19.088,48304,33371188.0,8.299836,2441392.8,391.2833702,IT=9.5;9.5 ,ii
2132,UP 2,18.461,45624,33263918.0,8.3037172,2443833.8,391.28335,IT=9.2;9.2 ,ii
2133,UP 2,19.319,45864,31923314.0,8.3077922,2225647.5,391.2834137,IT=9.7;9.7 ,ii
2134,UP 2,19.252,47840,33131192.0,8.3118547,2377057.2,391.2834678,IT=9.6;9.6 ,ii
2135,UP 2,19.588,49312,33505024.0,8.3159193,2413969.2,371.1005028,IT=9.8;9.8 ,ii
2136,UP 2,18.020,44068,32310448.0,8.3198025,2467277.2,391.2834276,IT=9;9 ,ii
2137,UP 2,19.244,46636,32508162.0,8.3238755,2340981.2,391.2834679,IT=9.6;9.6 ,ii
2139,UP 2,18.681,48960,33164282.0,8.3279504,2455528.5,391.2833749,IT=9.3;9.3 ,ii
2140,UP 2,19.537,45904,32444470.0,8.3320254,2471118.8,391.2833721,IT=9.8;9.8 ,ii
2141,UP 2,17.952,45232,33091948.0,8.3358961,2516306.5,371.1005179,IT=9;9 ,ii
2142,UP 2,20.031,44840,32221696.0,8.3399878,2389169.5,391.2833588,IT=10;10 ,ii
2143,UP 2,19.422,47072,33359800.0,8.344044,2440400.2,371.1004569,IT=9.7;9.7 ,ii
2144,UP 2,19.153,45688,32479152.0,8.3481024,2481138.2,391.2835572,IT=9.6;9.6 ,ii
2146,UP 2,18.478,45448,33036072.0,8.352169,2548800.5,391.2833786,IT=9.2;9.2 ,ii
2147,UP 2,19.446,49856,32875004.0,8.3562482,2413751.0,371.1005508,IT=9.7;9.7 ,ii
2148,UP 2,19.799,46768,32493886.0,8.3603189,2413749.0,371.1005033,IT=9.9;9.9 ,ii
2149,UP 2,19.101,47656,32802724.0,8.364369,2410839.0,391.2834441,IT=9.6;9.6 ,ii
2150,UP 2,19.695,46124,32469360.0,8.3684397,2597319.8,391.283348,IT=9.8;9.8 ,ii
2151,UP 2,19.051,46468,32127132.0,8.3724939,2298394.8,391.2833425,IT=9.5;9.5 ,ii
2152,UP 2,19.446,47928,32994578.0,8.376573,2443351.8,391.2833912,IT=9.7;9.7 ,ii
2153,UP 2,18.479,45452,32780338.0,8.3806209,2438107.2,391.283362,IT=9.2;9.2 ,ii
2154,UP 2,19.009,46208,32678176.0,8.384525,2339577.2,371.1005895,IT=9.5;9.5 ,ii
2155,UP 2,18.891,45412,32227178.0,8.3885855,2352005.5,391.2834854,IT=9.4;9.4 ,ii
2157,UP 2,18.524,46448,32477818.0,8.3926833,2343532.0,371.1006353,IT=9.3;9.3 ,ii
2158,UP 2,18.670,47488,32443118.0,8.3967437,2447636.5,391.2833959,IT=9.3;9.3 ,ii
2159,UP 2,19.216,44988,32545184.0,8.4008103,2410350.8,391.2833606,IT=9.6;9.6 ,ii
2160,UP 2,19.167,46564,32857474.0,8.4047041,2469962.8,371.100475,IT=9.6;9.6 ,ii
2161,UP 2,19.236,48480,33063874.0,8.4087666,2416550.2,391.2833257,IT=9.6;9.6 ,ii
2162,UP 2,19.109,46736,32821792.0,8.4128249,2392881.8,391.2834801,IT=9.6;9.6 ,ii
2164,UP 2,18.521,44220,32402908.0,8.417079,2612110.0,391.2833329,IT=9.3;9.3 ,ii
2165,UP 2,18.904,43840,31587094.0,8.4209789,2329135.8,371.10064,IT=9.5;9.5 ,ii
2166,UP 2,19.283,46964,32768866.0,8.4250519,2333417.8,391.2835022,IT=9.6;9.6 ,ii
2168,UP 2,18.986,46704,32394428.0,8.4291351,2426611.8,391.2833739,IT=9.5;9.5 ,ii
2169,UP 2,19.953,50300,33190474.0,8.4332143,2577840.2,391.2833424,IT=10;10 ,ii
2170,UP 2,19.735,49932,32240730.0,8.4371121,2336885.2,391.2834449,IT=9.9;9.9 ,ii
2171,UP 2,19.787,48548,32737678.0,8.4411893,2525650.5,391.2834136,IT=9.9;9.9 ,ii
2173,UP 2,18.669,43756,31987202.0,8.445285,2339270.0,391.2834006,IT=9.3;9.3 ,ii
2174,UP 2,19.289,47124,32381794.0,8.4493559,2351622.5,391.2833861,IT=9.6;9.6 ,ii
2175,UP 2,19.511,46432,32696022.0,8.4532537,2411945.5,391.2834054,IT=9.8;9.8 ,ii
2176,UP 2,20.386,46396,32612068.0,8.457335,2408664.5,391.2833812,IT=10;10 ,ii
2177,UP 2,18.928,46572,32836846.0,8.4613786,2585137.5,391.2834569,IT=9.5;9.5 ,ii
2178,UP 2,20.155,49516,32266100.0,8.4654558,2319082.8,391.2834114,IT=10;10 ,ii
2179,UP 2,19.281,45616,32415186.0,8.4695057,2443307.5,391.2834474,IT=9.6;9.6 ,ii
2180,UP 2,19.191,44812,32369528.0,8.4735703,2413401.5,391.2834393,IT=9.6;9.6 ,ii
2181,UP 2,20.186,46296,31720546.0,8.4776452,2295964.2,391.2833671,IT=10;10 ,ii
2182,UP 2,19.539,46756,32126192.0,8.4817015,2398600.0,371.100517,IT=9.8;9.8 ,ii
2183,UP 2,19.726,46844,31782874.0,8.4856056,2394171.0,391.2835777,IT=9.9;9.9 ,ii
2185,UP 2,19.042,45208,32538614.0,8.4896848,2504860.8,371.1005895,IT=9.5;9.5 ,ii
2186,UP 2,19.529,44940,32336734.0,8.4937576,2384495.8,391.2834073,IT=9.8;9.8 ,ii
2187,UP 2,19.392,45640,32233712.0,8.4978201,2438757.0,391.2834251,IT=9.7;9.7 ,ii
2188,UP 2,21.136,49484,31649990.0,8.5017472,2174038.8,391.2833858,IT=11;11 ,ii
2189,UP 2,19.764,47616,32683860.0,8.5057971,2461456.8,391.2834428,IT=9.9;9.9 ,ii
2190,UP 2,20.192,45872,31919984.0,8.5098721,2334871.2,391.2832841,IT=10;10 ,ii
2191,UP 2,20.041,44436,31309874.0,8.5139451,2413196.2,391.2834354,IT=10;10 ,ii
2192,UP 2,19.308,46864,32228972.0,8.5178345,2460849.2,391.2834061,IT=9.7;9.7 ,ii
2193,UP 2,20.264,46628,31200234.0,8.5219137,2249600.2,391.2834811,IT=10;10 ,ii
2194,UP 2,20.445,48568,31975920.0,8.5259803,2365476.0,391.2835042,IT=10;10 ,ii
2195,UP 2,20.320,47680,31752046.0,8.5300428,2307861.2,391.2835114,IT=10;10 ,ii
2196,UP 2,20.650,47188,31669412.0,8.5341157,2359928.5,391.2834565,IT=10;10 ,ii
2197,UP 2,20.245,45396,32187870.0,8.5380115,2340744.8,371.1005949,IT=10;10 ,ii
2198,UP 2,19.304,47280,32564328.0,8.5420635,2358544.2,391.283434,IT=9.7;9.7 ,ii
2199,UP 2,20.226,46912,32172918.0,8.5461386,2360610.0,391.2834897,IT=10;10 ,ii
2200,UP 2,19.123,45980,32366004.0,8.5501844,2457947.8,391.2835006,IT=9.6;9.6 ,ii
2202,UP 2,19.104,43092,31309174.0,8.5542718,2403513.5,371.1005696,IT=9.6;9.6 ,ii
2203,UP 2,20.339,45288,32007140.0,8.5583551,2485594.0,391.2834879,IT=10;10 ,ii
2204,UP 2,20.040,45944,31834482.0,8.5624133,2494555.2,391.2834652,IT=10;10 ,ii
2206,UP 2,19.687,45636,32011622.0,8.5666738,2435579.5,391.2833892,IT=9.8;9.8 ,ii
2207,UP 2,21.293,48564,32030884.0,8.5706008,2297727.0,391.2833378,IT=11;11 ,ii
2208,UP 2,19.657,45432,31734526.0,8.5746488,2408138.8,391.2833173,IT=9.8;9.8 ,ii
2209,UP 2,20.393,46052,32456624.0,8.5787279,2440735.8,391.2833984,IT=10;10 ,ii
2210,UP 2,20.611,47704,30668652.0,8.5827967,2213300.2,391.2833979,IT=10;10 ,ii
2211,UP 2,19.948,47400,32885934.0,8.5866841,2475520.2,391.2834031,IT=10;10 ,ii
2212,UP 2,19.637,46160,32267352.0,8.5907445,2411341.5,391.2833671,IT=9.8;9.8 ,ii
2213,UP 2,19.381,46544,32461072.0,8.5948069,2408980.5,391.2833416,IT=9.7;9.7 ,ii
2214,UP 2,20.814,46580,30797336.0,8.5988924,2118558.5,391.2834112,IT=10;10 ,ii
2215,UP 2,20.057,47508,32740228.0,8.6027819,2512036.8,391.2833533,IT=10;10 ,ii
2216,UP 2,20.715,46608,31758238.0,8.6068569,2368733.0,391.2834431,IT=10;10 ,ii
2217,UP 2,20.278,47680,32140576.0,8.6109235,2429179.5,391.2834001,IT=10;10 ,ii
2218,UP 2,20.020,45452,31616088.0,8.6149819,2444983.0,391.2834162,IT=10;10 ,ii
2220,UP 2,19.647,48176,32049540.0,8.6190901,2407994.8,391.2833422,IT=9.8;9.8 ,ii
2221,UP 2,20.210,47848,31956824.0,8.6231631,2373255.2,391.2833576,IT=10;10 ,ii
2222,UP 2,20.711,47464,31959092.0,8.6272338,2336984.2,391.2833584,IT=10;10 ,ii
2223,UP 2,20.177,46272,31251366.0,8.6313005,2307699.2,391.2833752,IT=10;10 ,ii
2224,UP 2,20.521,46348,31272182.0,8.6352067,2338812.0,391.2834731,IT=10;10 ,ii
2225,UP 2,19.839,45136,31798630.0,8.639265,2408219.8,391.2833984,IT=9.9;9.9 ,ii
2226,UP 2,19.897,46524,31384158.0,8.6433316,2227400.2,371.1005731,IT=9.9;9.9 ,ii
2227,UP 2,20.545,46056,32109936.0,8.6474025,2355712.2,371.1004519,IT=10;10 ,ii
2228,UP 2,20.855,46120,31405544.0,8.6513149,2362815.8,391.2833781,IT=10;10 ,ii
2229,UP 2,20.049,47672,31886774.0,8.6553732,2339319.5,391.2833228,IT=10;10 ,ii
2230,UP 2,20.941,48616,31610106.0,8.6594544,2289229.5,391.2834326,IT=10;10 ,ii
2231,UP 2,21.152,46976,31314444.0,8.6635273,2328402.8,391.2835703,IT=11;11 ,ii
2233,UP 2,19.837,47056,31618086.0,8.6677918,2340342.5,391.2834134,IT=9.9;9.9 ,ii
2234,UP 2,20.203,46588,31543682.0,8.6717064,2365965.5,391.283372,IT=10;10 ,ii
2235,UP 2,19.979,45048,31549754.0,8.6757855,2347656.0,391.2832949,IT=10;10 ,ii
2236,UP 2,20.702,46544,31808678.0,8.6798688,2423907.2,371.1006022,IT=10;10 ,ii
2237,UP 2,19.896,44236,30876084.0,8.6839292,2438855.5,391.2832052,IT=9.9;9.9 ,ii
2238,UP 2,20.503,47852,32128788.0,8.6878375,2364919.0,391.2833546,IT=10;10 ,ii
2239,UP 2,20.227,46536,31499860.0,8.6919042,2364685.5,391.2833796,IT=10;10 ,ii
2240,UP 2,21.514,50252,31481698.0,8.6959937,2336018.5,391.2833117,IT=11;11 ,ii
2241,UP 2,20.630,46968,31560682.0,8.7000541,2470975.8,391.2833248,IT=10;10 ,ii
2242,UP 2,20.400,46896,31650358.0,8.7039582,2470750.0,391.2832296,IT=10;10 ,ii
2243,UP 2,20.745,46548,31380160.0,8.7080375,2328969.8,371.1004255,IT=10;10 ,ii
2244,UP 2,20.384,45816,31297502.0,8.7121041,2390769.0,391.2833539,IT=10;10 ,ii
2245,UP 2,20.884,46056,31344726.0,8.7161791,2433209.2,391.2833146,IT=10;10 ,ii
2246,UP 2,20.681,44872,31084254.0,8.7200811,2330432.8,371.1005171,IT=10;10 ,ii
2247,UP 2,20.309,43344,30979904.0,8.7241478,2403353.5,391.2833608,IT=10;10 ,ii
2248,UP 2,21.413,47284,31479644.0,8.7282352,2326707.2,371.1005436,IT=11;11 ,ii
2249,UP 2,21.171,45868,30315780.0,8.7323082,2292550.2,391.2834013,IT=11;11 ,ii
2250,UP 2,21.429,47876,31268092.0,8.7362185,2269804.8,391.2832794,IT=11;11 ,ii
2251,UP 2,21.222,48108,31208960.0,8.7402914,2355600.2,371.1004966,IT=11;11 ,ii
2252,UP 2,20.801,45480,31095386.0,8.7443601,2450631.2,391.2833538,IT=10;10 ,ii
2253,UP 2,20.481,45240,31250862.0,8.7484309,2397329.5,391.2833358,IT=10;10 ,ii
2254,UP 2,21.681,48724,31408858.0,8.7523517,2300235.5,371.1005631,IT=11;11 ,ii
2255,UP 2,20.960,48620,31398718.0,8.7564183,2404608.0,391.283424,IT=10;10 ,ii
2256,UP 2,20.909,44528,31019278.0,8.7604954,2424665.5,391.2833676,IT=10;10 ,ii
2257,UP 2,21.891,48736,31013028.0,8.764585,2331875.5,391.2833905,IT=11;11 ,ii
2258,UP 2,21.958,47692,30472154.0,8.7685016,2282776.8,391.283428,IT=11;11 ,ii
2259,UP 2,20.475,44216,30716582.0,8.7725599,2306345.0,371.1007039,IT=10;10 ,ii
2261,UP 2,20.602,48468,31609728.0,8.7766703,2450634.2,391.2834375,IT=10;10 ,ii
2262,UP 2,22.201,47492,30136020.0,8.7807723,2227516.5,391.2835204,IT=11;11 ,ii
2263,UP 2,20.396,44176,31046856.0,8.7848202,2354385.0,391.2833836,IT=10;10 ,ii
2264,UP 2,21.817,48696,30576460.0,8.7887452,2361525.2,391.2833994,IT=11;11 ,ii
2265,UP 2,22.531,48608,30931748.0,8.7928368,2305018.0,391.2834439,IT=11;11 ,ii
2266,UP 2,20.842,49708,31416098.0,8.7968889,2283477.8,391.2834774,IT=10;10 ,ii
2267,UP 2,21.570,45164,30785828.0,8.8009743,2343886.5,391.2833944,IT=11;11 ,ii
2268,UP 2,21.333,46556,30417888.0,8.8048826,2217098.0,391.2834561,IT=11;11 ,ii
2269,UP 2,21.176,46316,31102534.0,8.8089618,2319086.0,391.2834006,IT=11;11 ,ii
2270,UP 2,21.870,47032,31614836.0,8.8130389,2373015.2,371.1005358,IT=11;11 ,ii
2271,UP 2,20.229,45512,30737376.0,8.8170867,2306567.8,391.2835001,IT=10;10 ,ii
2272,UP 2,20.954,45604,30645856.0,8.8210033,2402355.8,391.2834307,IT=10;10 ,ii
2273,UP 2,20.740,46452,30995732.0,8.8250763,2264967.8,391.2835619,IT=10;10 ,ii
2275,UP 2,20.797,46196,31067102.0,8.8292074,2356909.5,391.2834252,IT=10;10 ,ii
2276,UP 2,21.170,45792,30734042.0,8.8332887,2269991.0,391.2833955,IT=11;11 ,ii
2277,UP 2,20.953,46972,31078688.0,8.8371886,2337802.0,391.2834596,IT=10;10 ,ii
2278,UP 2,21.502,48492,30921140.0,8.8413657,2288114.0,371.100574,IT=11;11 ,ii
2279,UP 2,20.623,45556,31044618.0,8.8454261,2407975.5,391.2833556,IT=10;10 ,ii
2280,UP 2,20.475,46044,31816292.0,8.8494948,2452380.0,391.2835368,IT=10;10 ,ii
2282,UP 2,20.954,44156,30190462.0,8.853626,2383220.8,391.2835229,IT=10;10 ,ii
2283,UP 2,21.522,46884,30705316.0,8.8577052,2370265.8,391.2834164,IT=11;11 ,ii
2284,UP 2,21.499,47876,30863232.0,8.8617822,2336795.8,391.2832035,IT=11;11 ,ii
2285,UP 2,21.670,47244,31143162.0,8.8658593,2365718.2,391.2834261,IT=11;11 ,ii
2286,UP 2,20.747,45260,30727904.0,8.8697572,2344986.2,391.2834947,IT=10;10 ,ii
2287,UP 2,21.406,45468,30722272.0,8.8738488,2311871.0,391.2835107,IT=11;11 ,ii
2288,UP 2,22.062,46536,30829392.0,8.8779342,2335579.8,391.2835828,IT=11;11 ,ii
2289,UP 2,21.105,46184,30243792.0,8.8820029,2233424.8,391.283529,IT=11;11 ,ii
2290,UP 2,21.834,46280,30421784.0,8.8859258,2389846.0,391.2836,IT=11;11 ,ii
2291,UP 2,21.008,46112,30430808.0,8.8899925,2278583.2,371.1006785,IT=11;11 ,ii
2292,UP 2,21.668,46604,30405330.0,8.8940758,2323429.5,391.2835825,IT=11;11 ,ii
2293,UP 2,21.716,46004,31193180.0,8.8981529,2433841.2,391.2835338,IT=11;11 ,ii
2294,UP 2,21.827,46588,29905098.0,8.9020653,2247957.8,391.2835434,IT=11;11 ,ii
2295,UP 2,21.429,46240,30748038.0,8.9059737,2427911.8,391.2835282,IT=11;11 ,ii
2296,UP 2,21.738,48612,30296920.0,8.9100569,2306422.8,371.1007835,IT=11;11 ,ii
2297,UP 2,23.253,47908,29962934.0,8.9141569,2233446.2,391.2837354,IT=12;12 ,ii
2298,UP 2,20.894,45212,30499628.0,8.9180423,2264321.5,391.2837427,IT=10;10 ,ii
2299,UP 2,21.663,46412,29893076.0,8.9221318,2338789.8,391.2837063,IT=11;11 ,ii
2300,UP 2,22.806,48232,30325468.0,8.9262235,2348337.5,391.2836462,IT=11;11 ,ii
2301,UP 2,22.154,45956,30351026.0,8.9302964,2295099.2,391.2835686,IT=11;11 ,ii
2302,UP 2,22.006,49504,30204304.0,8.9343693,2251263.5,371.1006815,IT=11;11 ,ii
2303,UP 2,22.315,45368,29508444.0,8.9382879,2329404.2,371.1007298,IT=11;11 ,ii
2304,UP 2,21.744,47124,30860146.0,8.9423609,2374815.5,391.2837008,IT=11;11 ,ii
2306,UP 2,22.599,48048,29749780.0,8.9465233,2206016.0,371.1007811,IT=11;11 ,ii
2307,UP 2,22.541,47552,30311176.0,8.9506108,2283403.8,391.2836353,IT=11;11 ,ii
2308,UP 2,22.192,47432,30502160.0,8.9545233,2327492.0,391.2837038,IT=11;11 ,ii
2309,UP 2,21.977,47564,29833558.0,8.9586108,2242946.5,391.2836351,IT=11;11 ,ii
2310,UP 2,22.005,45124,29462020.0,8.9626815,2283510.5,391.2836638,IT=11;11 ,ii
2311,UP 2,22.586,52148,31134042.0,8.9667649,2287226.0,391.2836704,IT=11;11 ,ii
2312,UP 2,22.454,46160,29998480.0,8.9706794,2348074.0,391.2838052,IT=11;11 ,ii
2314,UP 2,22.052,45252,29775356.0,8.974819,2351819.8,391.2836235,IT=11;11 ,ii
2315,UP 2,22.440,48012,30210368.0,8.9789023,2327732.2,391.2836033,IT=11;11 ,ii
2316,UP 2,22.641,48076,30006232.0,8.9829877,2376543.8,391.283644,IT=11;11 ,ii
2317,UP 2,22.973,48532,30185458.0,8.9869043,2405205.5,391.2836737,IT=11;11 ,ii
2320,UP 2,21.946,47148,30291198.0,8.9929085,2330736.2,391.2836374,IT=11;11 ,ii
2321,UP 2,22.015,44144,29466754.0,8.9968377,2292282.0,391.283642,IT=11;11 ,ii
2322,UP 2,21.506,44964,29550740.0,9.0009209,2231612.0,391.2836823,IT=11;11 ,ii
2323,UP 2,23.260,47252,29961624.0,9.0050396,2418021.8,391.2835546,IT=12;12 ,ii
2324,UP 2,22.652,46688,29975112.0,9.009125,2295122.2,391.2834996,IT=11;11 ,ii
2325,UP 2,22.153,47428,30449730.0,9.0130458,2460903.0,391.2835605,IT=11;11 ,ii
2326,UP 2,22.490,48008,30110668.0,9.0171458,2359103.0,391.283636,IT=11;11 ,ii
2327,UP 2,22.934,47912,29502618.0,9.0212457,2241115.0,391.2835733,IT=11;11 ,ii
2328,UP 2,23.778,46896,29286838.0,9.025352,2274722.2,391.283591,IT=12;12 ,ii
2329,UP 2,22.580,47048,29586416.0,9.0292644,2335888.8,391.283571,IT=11;11 ,ii
2330,UP 2,23.182,45980,28707434.0,9.0333707,2121438.8,391.283633,IT=12;12 ,ii
2331,UP 2,23.434,47968,29677298.0,9.0374685,2269682.0,391.2835121,IT=12;12 ,ii
2332,UP 2,23.635,48488,29515814.0,9.0415769,2216876.8,391.2834714,IT=12;12 ,ii
2333,UP 2,22.604,46684,29368862.0,9.0454831,2334491.2,391.2834604,IT=11;11 ,ii
2334,UP 2,23.487,46060,29474980.0,9.0495915,2374568.5,391.2835226,IT=12;12 ,ii
2335,UP 2,22.522,46900,29202896.0,9.0536684,2207386.2,391.2835269,IT=11;11 ,ii
2336,UP 2,22.076,45928,29487908.0,9.0577518,2313812.2,391.2836198,IT=11;11 ,ii
2337,UP 2,21.359,45264,30012422.0,9.0616663,2327286.0,391.2835566,IT=11;11 ,ii
2338,UP 2,23.421,46872,28940208.0,9.0657893,2117970.0,391.2836756,IT=12;12 ,ii
2341,UP 2,23.022,48400,29866122.0,9.0715204,2312182.8,391.2834734,IT=12;12 ,ii
2342,UP 2,22.889,46128,29245714.0,9.0756038,2244041.2,391.2835305,IT=11;11 ,ii
2343,UP 2,23.293,48876,29694216.0,9.0796954,2403216.5,391.2835935,IT=12;12 ,ii
2344,UP 2,23.727,46768,28730494.0,9.0837766,2167775.0,391.283676,IT=12;12 ,ii
2345,UP 2,24.123,48444,29142284.0,9.0876994,2236390.2,391.283547,IT=12;12 ,ii
2346,UP 2,23.916,47384,29038164.0,9.091787,2234264.2,391.2835402,IT=12;12 ,ii
2347,UP 2,24.006,46380,28739686.0,9.0958827,2241875.0,391.2836134,IT=12;12 ,ii
2348,UP 2,22.789,45776,29078888.0,9.0999598,2290121.2,391.2836275,IT=11;11 ,ii
2349,UP 2,22.730,47712,29758080.0,9.1038848,2282925.0,391.2835679,IT=11;11 ,ii
2350,UP 2,23.413,48256,29282690.0,9.1079952,2142204.0,391.2836206,IT=12;12 ,ii
2351,UP 2,23.003,47964,29029828.0,9.1120764,2221351.8,391.2836128,IT=12;12 ,ii
2352,UP 2,23.207,48564,29322716.0,9.1161702,2266964.0,391.283712,IT=12;12 ,ii
2354,UP 2,21.953,42148,29019692.0,9.1202951,2310433.2,391.2835542,IT=11;11 ,ii
2355,UP 2,23.740,48364,29483302.0,9.1244118,2277805.0,391.2836177,IT=12;12 ,ii
2356,UP 2,23.599,47308,29078324.0,9.1285034,2223081.0,391.2835881,IT=12;12 ,ii
2357,UP 2,22.351,46324,29381150.0,9.1325764,2343121.2,391.2836204,IT=11;11 ,ii
2358,UP 2,22.838,50512,29641154.0,9.1365075,2218576.8,391.2835416,IT=11;11 ,ii
2359,UP 2,22.915,45236,29102016.0,9.1405992,2222900.8,391.2835729,IT=11;11 ,ii
2360,UP 2,23.932,47704,29307894.0,9.1447054,2364071.0,391.2835017,IT=12;12 ,ii
2361,UP 2,22.669,46012,29755904.0,9.1487783,2328069.0,391.2835872,IT=11;11 ,ii
2362,UP 2,25.347,49180,28580386.0,9.1527449,2131749.2,371.1006889,IT=13;13 ,ii
2363,UP 2,22.602,48460,29732002.0,9.1568053,2232774.2,391.2835429,IT=11;11 ,ii
2364,UP 2,22.671,48000,29489166.0,9.1608969,2210172.2,391.2835233,IT=11;11 ,ii
2365,UP 2,23.193,50928,29749246.0,9.1649991,2336642.2,391.2836449,IT=12;12 ,ii
2367,UP 2,22.795,48396,29426012.0,9.1693281,2229328.2,391.2835759,IT=11;11 ,ii
2368,UP 2,23.478,48944,30117484.0,9.1734197,2336157.5,391.2834892,IT=12;12 ,ii
2369,UP 2,23.468,47000,29316504.0,9.177499,2378192.8,391.2834407,IT=12;12 ,ii
2370,UP 2,23.803,47416,28508456.0,9.1815863,2123247.5,371.1006109,IT=12;12 ,ii
2371,UP 2,24.094,49888,28884846.0,9.1856781,2302745.8,391.2835181,IT=12;12 ,ii
2372,UP 2,23.025,45716,28964386.0,9.1895738,2274492.2,391.2834008,IT=12;12 ,ii
2373,UP 2,24.510,48372,28752262.0,9.1936842,2218393.0,391.2835802,IT=12;12 ,ii
2374,UP 2,23.407,46892,29366320.0,9.1977466,2327272.2,391.2835448,IT=12;12 ,ii
2375,UP 2,23.775,48776,29822586.0,9.2018384,2272462.2,391.2835359,IT=12;12 ,ii
2376,UP 2,22.657,47936,28983550.0,9.2057341,2236492.8,391.2836167,IT=11;11 ,ii
2377,UP 2,23.470,45404,28527290.0,9.2098279,2230471.8,391.2835991,IT=12;12 ,ii
2378,UP 2,24.425,50552,29205020.0,9.2139299,2158777.8,391.2836007,IT=12;12 ,ii
2379,UP 2,23.158,49268,29484308.0,9.2179945,2275661.0,391.2836121,IT=12;12 ,ii
2380,UP 2,22.898,49144,29409830.0,9.221909,2203095.8,391.2835732,IT=11;11 ,ii
2381,UP 2,24.086,49284,29416596.0,9.2260111,2338122.0,391.2835737,IT=12;12 ,ii
2382,UP 2,24.391,51652,28697406.0,9.2301027,2160210.8,391.2836758,IT=12;12 ,ii
2383,UP 2,24.236,47852,28808954.0,9.2341881,2226924.0,391.283654,IT=12;12 ,ii
2384,UP 2,23.815,48180,28953786.0,9.2381151,2241629.0,371.1008161,IT=12;12 ,ii
2385,UP 2,23.731,48248,29269990.0,9.2422027,2286514.5,391.2835971,IT=12;12 ,ii
2386,UP 2,22.348,47328,29525390.0,9.2462609,2314882.0,371.1008179,IT=11;11 ,ii
2387,UP 2,24.268,46980,28840432.0,9.2503797,2250220.8,391.2836434,IT=12;12 ,ii
2388,UP 2,23.609,49444,29337508.0,9.2544483,2291139.5,391.2835639,IT=12;12 ,ii
2389,UP 2,23.003,47368,29248822.0,9.2583775,2383503.5,391.2836162,IT=12;12 ,ii
2390,UP 2,24.833,52488,29052266.0,9.26249,2164480.0,391.2836267,IT=12;12 ,ii
2391,UP 2,23.654,48016,29099274.0,9.2665607,2273607.2,391.2835628,IT=12;12 ,ii
2392,UP 2,24.426,49640,29263380.0,9.2706608,2266196.0,371.1007381,IT=12;12 ,ii
2393,UP 2,24.375,49208,28596682.0,9.2745836,2176146.2,391.2836038,IT=12;12 ,ii
2394,UP 2,24.813,46888,27629806.0,9.2786858,2134080.5,391.2834987,IT=12;12 ,ii
2395,UP 2,23.517,45556,28695420.0,9.2827523,2193768.5,371.1006396,IT=12;12 ,ii
2396,UP 2,24.739,50280,28754808.0,9.2868586,2123097.0,391.2835589,IT=12;12 ,ii
2397,UP 2,23.722,48968,29436112.0,9.2907669,2249356.2,371.1005885,IT=12;12 ,ii
2398,UP 2,23.573,46928,29025422.0,9.2948565,2308221.5,391.2834587,IT=12;12 ,ii
2399,UP 2,23.858,46224,28817960.0,9.2989439,2254990.2,391.2835691,IT=12;12 ,ii
2401,UP 2,23.721,48156,29594268.0,9.303271,2356798.8,391.2835498,IT=12;12 ,ii
2402,UP 2,24.186,49460,28472806.0,9.3072043,2156889.5,371.1006545,IT=12;12 ,ii
2403,UP 2,24.299,50048,29128142.0,9.3112981,2290493.5,391.2835108,IT=12;12 ,ii
2404,UP 2,23.829,46764,28702690.0,9.3153772,2223013.8,391.2835762,IT=12;12 ,ii
2405,UP 2,24.824,47256,28500124.0,9.3194792,2268898.2,391.2835556,IT=12;12 ,ii
2406,UP 2,24.389,49568,29257310.0,9.3233958,2265878.2,371.1006478,IT=12;12 ,ii
2407,UP 2,23.432,46032,29008092.0,9.3274709,2331888.0,391.2836421,IT=12;12 ,ii
2409,UP 2,23.847,48060,28839460.0,9.3316396,2261882.8,391.2835761,IT=12;12 ,ii
2410,UP 2,24.113,47280,28230676.0,9.3357353,2272567.5,391.2836521,IT=12;12 ,ii
2411,UP 2,24.148,47520,28393030.0,9.3398228,2224865.8,391.2835632,IT=12;12 ,ii
2412,UP 2,24.298,46656,28404090.0,9.3437478,2279054.5,391.2836254,IT=12;12 ,ii
2413,UP 2,23.787,46472,28397702.0,9.3478353,2162786.0,391.2836529,IT=12;12 ,ii
2414,UP 2,25.659,49992,28249012.0,9.351956,2090247.4,391.2837531,IT=13;13 ,ii
2416,UP 2,23.905,50580,29074660.0,9.3562873,2219703.8,391.2835718,IT=12;12 ,ii
2417,UP 2,24.628,49836,29194974.0,9.3602247,2291342.5,391.2835329,IT=12;12 ,ii
2418,UP 2,24.236,48128,28924512.0,9.3643143,2333830.5,391.2835503,IT=12;12 ,ii
2419,UP 2,24.511,46572,28531206.0,9.3684101,2211778.8,371.1006909,IT=12;12 ,ii
2420,UP 2,24.010,48292,29457370.0,9.3724914,2352802.8,391.2834775,IT=12;12 ,ii
2421,UP 2,23.317,49144,29637104.0,9.3763976,2302310.5,391.283484,IT=12;12 ,ii
2422,UP 2,24.167,46540,28360010.0,9.3804976,2393335.2,391.2835672,IT=12;12 ,ii
2423,UP 2,24.549,48208,28444208.0,9.3845933,2198960.2,391.2834316,IT=12;12 ,ii
2424,UP 2,24.816,49948,28757730.0,9.3886954,2215227.8,391.2835946,IT=12;12 ,ii
2425,UP 2,24.434,47788,27978956.0,9.3926141,2174127.2,391.2836411,IT=12;12 ,ii
2426,UP 2,25.243,51312,27943178.0,9.3967204,2090702.0,391.2834976,IT=13;13 ,ii
2427,UP 2,23.192,48252,29337866.0,9.4007911,2307295.0,391.2834925,IT=12;12 ,ii
2428,UP 2,23.654,46548,28489530.0,9.4048849,2166400.2,371.100707,IT=12;12 ,ii
2429,UP 2,24.498,47192,28962108.0,9.4088245,2219628.5,391.2835367,IT=12;12 ,ii
2430,UP 2,24.131,48684,29312232.0,9.4129078,2285255.2,391.2835036,IT=12;12 ,ii
2431,UP 2,24.586,49408,28957996.0,9.4169994,2221099.2,391.2836043,IT=12;12 ,ii
2432,UP 2,24.734,48808,28540604.0,9.4210931,2164198.8,391.2836023,IT=12;12 ,ii
2433,UP 2,23.761,47244,28574784.0,9.4251702,2240854.5,391.2835491,IT=12;12 ,ii
2434,UP 2,23.731,46980,28743460.0,9.4290909,2279952.8,391.2835825,IT=12;12 ,ii
2435,UP 2,24.064,48780,28644546.0,9.4331847,2263025.8,391.2836374,IT=12;12 ,ii
2436,UP 2,25.534,50404,28966166.0,9.4372971,2192906.0,371.1007232,IT=13;13 ,ii
2437,UP 2,24.226,46740,28959528.0,9.4413826,2307059.0,391.283611,IT=12;12 ,ii
2438,UP 2,24.147,47712,29262584.0,9.4452971,2260758.0,391.2835833,IT=12;12 ,ii
2440,UP 2,24.084,47480,28058448.0,9.4496513,2150363.5,391.2835963,IT=12;12 ,ii
2441,UP 2,24.018,49856,29578166.0,9.4537408,2305491.8,391.2835878,IT=12;12 ,ii
2442,UP 2,24.169,47172,28814922.0,9.4578283,2359084.2,391.2836106,IT=12;12 ,ii
2443,UP 2,25.578,50120,28479758.0,9.4617741,2160790.2,391.2835636,IT=13;13 ,ii
2444,UP 2,24.926,48560,28643794.0,9.4658616,2244853.5,391.283564,IT=12;12 ,ii
2445,UP 2,24.508,49568,28442530.0,9.4699448,2089533.8,391.2835119,IT=12;12 ,ii
2446,UP 2,25.347,50648,28038412.0,9.4740511,2139655.5,391.2835523,IT=13;13 ,ii
2447,UP 2,23.878,49404,29646476.0,9.4779553,2272218.5,371.1007168,IT=12;12 ,ii
2449,UP 2,23.568,47816,29536730.0,9.4822989,2339400.5,371.1006306,IT=12;12 ,ii
2450,UP 2,23.598,44484,28789104.0,9.4863968,2291973.0,371.1006738,IT=12;12 ,ii
2451,UP 2,23.352,49288,29846430.0,9.4904677,2310327.0,391.2836551,IT=12;12 ,ii
2453,UP 2,24.341,48420,29038978.0,9.4948239,2336698.8,391.2836513,IT=12;12 ,ii
2455,UP 2,24.036,47612,28477120.0,9.4990551,2157330.8,391.2836253,IT=12;12 ,ii
2456,UP 2,23.608,48156,29059224.0,9.5031342,2205664.8,391.2835857,IT=12;12 ,ii
2457,UP 2,24.759,49832,28551064.0,9.5072383,2101353.2,391.2835214,IT=12;12 ,ii
2458,UP 2,24.681,49600,28522046.0,9.5113301,2243356.2,391.2835207,IT=12;12 ,ii
2459,UP 2,25.852,53400,28628534.0,9.5152737,2204212.0,391.2835203,IT=13;13 ,ii
2460,UP 2,25.189,48876,28578376.0,9.5193633,2174421.8,391.283523,IT=13;13 ,ii
2461,UP 2,24.398,49360,28949868.0,9.5234466,2204158.2,391.2835172,IT=12;12 ,ii
2462,UP 2,23.762,46136,28679122.0,9.5275258,2310904.0,391.2834937,IT=12;12 ,ii
2463,UP 2,23.855,46360,28454596.0,9.5314465,2150125.8,371.1006568,IT=12;12 ,ii
2464,UP 2,25.297,50920,28651700.0,9.5355632,2184320.8,391.2835326,IT=13;13 ,ii
2465,UP 2,25.170,52988,29699278.0,9.5396527,2189136.8,371.1005769,IT=13;13 ,ii
2466,UP 2,25.641,51460,28873110.0,9.5437632,2141167.2,391.2835035,IT=13;13 ,ii
2467,UP 2,23.688,50652,29142872.0,9.5478194,2129782.2,371.1007009,IT=12;12 ,ii
2468,UP 2,24.536,48508,28910552.0,9.5517588,2281287.0,391.283499,IT=12;12 ,ii
2469,UP 2,23.988,47464,29140650.0,9.5558381,2192094.2,371.1006343,IT=12;12 ,ii
2470,UP 2,23.669,47928,29655412.0,9.5599192,2284746.0,391.2835205,IT=12;12 ,ii
2471,UP 2,24.425,49412,29087630.0,9.5640151,2205358.0,371.1007615,IT=12;12 ,ii
2472,UP 2,24.731,48236,28656342.0,9.5679421,2139145.2,391.2835615,IT=12;12 ,ii
2473,UP 2,23.994,49336,29461310.0,9.5720255,2272095.2,391.2837094,IT=12;12 ,ii
2475,UP 2,24.764,47976,28305482.0,9.5762316,2148066.5,391.2836405,IT=12;12 ,ii
2476,UP 2,24.517,47716,28673710.0,9.5803233,2175037.0,371.1007348,IT=12;12 ,ii
2477,UP 2,24.268,49932,29273404.0,9.584242,2205442.5,391.2835995,IT=12;12 ,ii
2478,UP 2,25.252,52388,29107158.0,9.5883545,2114042.5,391.2836189,IT=13;13 ,ii
2479,UP 2,25.095,49532,29427150.0,9.592444,2244852.5,391.2835773,IT=13;13 ,ii
2480,UP 2,24.163,48540,28868118.0,9.5965211,2211495.0,371.100673,IT=12;12 ,ii
2481,UP 2,23.963,50320,30530248.0,9.6004398,2331877.2,371.1006813,IT=12;12 ,ii
2482,UP 2,23.858,48384,29737608.0,9.6045273,2248836.8,391.2836407,IT=12;12 ,ii
2483,UP 2,25.258,49856,29271416.0,9.6086377,2213125.8,391.283638,IT=13;13 ,ii
2484,UP 2,24.551,48708,28794264.0,9.6127231,2238316.8,391.2836803,IT=12;12 ,ii
2485,UP 2,24.342,49612,29132850.0,9.6168043,2092940.6,391.2836373,IT=12;12 ,ii
2486,UP 2,24.950,50520,29427402.0,9.6209044,2252018.5,391.2837766,IT=12;12 ,ii
2488,UP 2,24.068,48048,28941144.0,9.6250938,2086932.2,391.2838017,IT=12;12 ,ii
2489,UP 2,25.260,50340,29080680.0,9.6292062,2276266.5,391.283621,IT=13;13 ,ii
2490,UP 2,24.248,49628,28976362.0,9.6332834,2180263.8,371.1007264,IT=12;12 ,ii
2491,UP 2,24.102,51036,29364636.0,9.6372041,2192452.8,391.283598,IT=12;12 ,ii
2492,UP 2,24.397,49056,29083214.0,9.6413042,2178138.2,371.1006864,IT=12;12 ,ii
2493,UP 2,23.936,51200,29370312.0,9.6453978,2170670.8,391.2835711,IT=12;12 ,ii
2494,UP 2,23.504,50448,29732544.0,9.6494708,2264134.8,371.1006109,IT=12;12 ,ii
2495,UP 2,24.157,49776,29936644.0,9.6534082,2340621.8,391.2835854,IT=12;12 ,ii
2496,UP 2,24.122,48252,28842274.0,9.6574916,2185060.5,391.2836242,IT=12;12 ,ii
2497,UP 2,25.719,51192,29421066.0,9.661604,2232849.2,391.2835092,IT=13;13 ,ii
2498,UP 2,24.020,47892,28573296.0,9.6656749,2256871.2,391.2835982,IT=12;12 ,ii
2499,UP 2,25.576,49304,28472166.0,9.6696185,2153667.2,391.2835561,IT=13;13 ,ii
2501,UP 2,24.631,51512,29656184.0,9.6755372,2241016.2,391.283604,IT=12;12 ,ii
2502,UP 2,24.883,50196,29092852.0,9.6796371,2198729.8,391.2836549,IT=12;12 ,ii
2503,UP 2,25.477,47704,28619138.0,9.6837393,2226557.8,391.2836035,IT=13;13 ,ii
2504,UP 2,24.431,49668,28531796.0,9.6878268,2092813.4,371.100688,IT=12;12 ,ii
2505,UP 2,24.530,50012,29686154.0,9.6919184,2291330.0,391.2835625,IT=12;12 ,ii
2506,UP 2,24.307,47588,28985052.0,9.695835,2231318.0,391.2835681,IT=12;12 ,ii
2507,UP 2,23.947,48992,29834988.0,9.6999204,2271288.5,371.1007559,IT=12;12 ,ii
2508,UP 2,23.481,46952,29728770.0,9.7039995,2337303.0,391.2835856,IT=12;12 ,ii
2509,UP 2,24.699,51232,29074930.0,9.7081162,2083662.0,371.1007795,IT=12;12 ,ii
2510,UP 2,26.485,48804,28049996.0,9.7120828,2129110.5,391.2836281,IT=13;13 ,ii
2511,UP 2,24.756,51112,29071012.0,9.7161599,2216924.0,391.2835346,IT=12;12 ,ii
2512,UP 2,25.817,51700,29287916.0,9.720289,2161392.5,391.2834766,IT=13;13 ,ii
2513,UP 2,25.313,50228,28955532.0,9.7243828,2135901.5,391.2834899,IT=13;13 ,ii
2514,UP 2,25.211,48908,28805846.0,9.7283181,2193484.8,391.2836029,IT=13;13 ,ii
2515,UP 2,25.255,49800,29355472.0,9.7324307,2105520.5,391.2836238,IT=13;13 ,ii
2516,UP 2,24.745,49600,28888666.0,9.7365201,2229979.2,391.2836009,IT=12;12 ,ii
2517,UP 2,23.663,49772,30279534.0,9.7406014,2423463.8,391.2835898,IT=12;12 ,ii
2518,UP 2,23.864,49692,29945794.0,9.7445347,2262102.5,391.2835619,IT=12;12 ,ii
2519,UP 2,24.998,50164,29032954.0,9.7486555,2126467.5,391.2836046,IT=12;12 ,ii
2520,UP 2,24.026,50152,29789572.0,9.7527429,2263254.0,391.2835796,IT=12;12 ,ii
2521,UP 2,24.773,50112,29491318.0,9.7568618,2210374.8,391.2835142,IT=12;12 ,ii
2522,UP 2,24.481,48764,28970008.0,9.7607909,2186834.8,371.1006188,IT=12;12 ,ii
2523,UP 2,24.766,52232,30233012.0,9.7648992,2351966.2,391.2834607,IT=12;12 ,ii
2524,UP 2,24.877,48568,28762772.0,9.7689949,2191115.8,391.2835109,IT=12;12 ,ii
2525,UP 2,24.537,46840,29135072.0,9.7730825,2230063.5,391.2835119,IT=12;12 ,ii
2526,UP 2,24.592,48804,29332052.0,9.77717,2333790.2,391.2835248,IT=12;12 ,ii
2527,UP 2,24.607,49792,29665790.0,9.7810969,2155606.2,371.1005833,IT=12;12 ,ii
2528,UP 2,24.550,50816,29559056.0,9.7851865,2186079.5,391.2834838,IT=12;12 ,ii
2529,UP 2,24.433,48528,29060252.0,9.7892739,2204790.0,391.2835567,IT=12;12 ,ii
2530,UP 2,24.883,50776,29578402.0,9.7933698,2136042.8,371.10067,IT=12;12 ,ii
2531,UP 2,23.736,48808,29608168.0,9.7972739,2340698.5,391.2835212,IT=12;12 ,ii
2532,UP 2,25.044,51224,29398454.0,9.8013844,2239337.2,371.1008243,IT=13;13 ,ii
2534,UP 2,24.379,50420,28971284.0,9.8055634,2130445.2,371.1007649,IT=12;12 ,ii
2535,UP 2,24.816,51544,30070356.0,9.8096655,2227954.5,391.2836738,IT=12;12 ,ii
2536,UP 2,24.414,48020,28979696.0,9.8135884,2129897.0,391.2836717,IT=12;12 ,ii
2537,UP 2,24.297,49260,29169720.0,9.8176801,2250821.0,391.2836878,IT=12;12 ,ii
2538,UP 2,24.732,48852,29072454.0,9.8217779,2102173.8,371.1009465,IT=12;12 ,ii
2540,UP 2,24.366,51312,30079542.0,9.8261217,2257894.2,391.2837075,IT=12;12 ,ii
2541,UP 2,23.983,48512,29879640.0,9.8300446,2248069.5,391.2836919,IT=12;12 ,ii
2543,UP 2,24.511,49240,29457120.0,9.8342196,2122897.8,391.2836834,IT=12;12 ,ii
2544,UP 2,24.703,48880,28406268.0,9.8383173,2138320.0,391.2836194,IT=12;12 ,ii
2545,UP 2,24.604,52148,30345124.0,9.8424112,2305122.0,391.2836008,IT=12;12 ,ii
2546,UP 2,24.278,47140,29070114.0,9.8464945,2179769.8,391.2835903,IT=12;12 ,ii
2547,UP 2,23.962,50496,29890308.0,9.8504131,2275836.8,391.2836246,IT=12;12 ,ii
2548,UP 2,25.177,50708,29816370.0,9.8545214,2251333.8,391.2836667,IT=13;13 ,ii
2550,UP 2,24.444,48512,29212462.0,9.8586922,2236676.2,391.2835958,IT=12;12 ,ii
2551,UP 2,25.108,49632,29661182.0,9.8627985,2281845.5,391.2835809,IT=13;13 ,ii
2552,UP 2,23.754,50036,29712044.0,9.8668714,2206876.5,391.2836298,IT=12;12 ,ii
2553,UP 2,24.195,48476,29583842.0,9.8709631,2277342.2,391.2836398,IT=12;12 ,ii
2554,UP 2,25.419,49964,29229860.0,9.8750734,2199427.5,391.2835878,IT=13;13 ,ii
2555,UP 2,25.107,53280,29819240.0,9.8791651,2230290.8,391.2836934,IT=13;13 ,ii
2556,UP 2,24.900,51476,29458854.0,9.88309,2171034.8,391.2836,IT=12;12 ,ii
2557,UP 2,24.916,52284,30334174.0,9.8871817,2337057.5,391.2836353,IT=12;12 ,ii
2558,UP 2,23.269,49700,29979258.0,9.8912462,2184714.0,391.2836827,IT=12;12 ,ii
2559,UP 2,25.240,50972,29291068.0,9.8953712,2156825.2,391.28361,IT=13;13 ,ii
2560,UP 2,23.463,48944,29900030.0,9.8992691,2337209.0,391.2836414,IT=12;12 ,ii
2561,UP 2,24.385,46980,29080482.0,9.9033712,2127053.2,371.1008132,IT=12;12 ,ii
2562,UP 2,24.728,53216,30109044.0,9.9074648,2160808.5,371.100719,IT=12;12 ,ii
2563,UP 2,24.394,51952,29802814.0,9.9115503,2172179.8,391.2836811,IT=12;12 ,ii
2564,UP 2,25.205,52408,29632444.0,9.9154877,2179898.0,391.2836847,IT=13;13 ,ii
2565,UP 2,24.260,53036,30563332.0,9.9195689,2163551.0,391.2837191,IT=12;12 ,ii
2566,UP 2,23.820,50164,30129316.0,9.9236502,2255579.5,391.2836046,IT=12;12 ,ii
2567,UP 2,23.775,51624,30397900.0,9.9277377,2296053.8,391.2835545,IT=12;12 ,ii
2568,UP 2,24.386,51356,30524430.0,9.9318335,2155374.8,371.1007566,IT=12;12 ,ii
2569,UP 2,24.830,49172,29758752.0,9.9357626,2273722.2,391.2835621,IT=12;12 ,ii
2570,UP 2,24.379,49556,29974560.0,9.9398501,2266091.8,391.2835042,IT=12;12 ,ii
2571,UP 2,23.061,48880,30508292.0,9.9439146,2231912.5,391.2835529,IT=12;12 ,ii
2572,UP 2,23.870,48992,30384994.0,9.9480146,2222867.5,391.2836353,IT=12;12 ,ii
2574,UP 2,24.512,51456,30320420.0,9.9522104,2196925.0,371.100726,IT=12;12 ,ii
2575,UP 2,24.796,52260,30428318.0,9.9563041,2226728.0,391.2836228,IT=12;12 ,ii
2576,UP 2,24.121,49960,30193152.0,9.9603811,2259260.2,391.2835641,IT=12;12 ,ii
2577,UP 2,24.059,50288,29616122.0,9.9644645,2100163.2,391.2835905,IT=12;12 ,ii
2578,UP 2,24.409,53008,30079632.0,9.9683853,2146601.0,391.2837004,IT=12;12 ,ii
2579,UP 2,24.521,50588,29883252.0,9.9724749,2113725.0,391.2836658,IT=12;12 ,ii
2580,UP 2,24.048,48880,29880322.0,9.9765519,2242868.8,391.283618,IT=12;12 ,ii
2581,UP 2,25.398,50532,29144690.0,9.9806582,2085727.5,391.2836393,IT=13;13 ,ii
2582,UP 2,23.753,50696,30127598.0,9.984556,2154388.5,371.100783,IT=12;12 ,ii
2583,UP 2,24.124,51772,30598584.0,9.9886498,2330255.8,391.2836366,IT=12;12 ,ii
2584,UP 2,23.500,49640,30274508.0,9.9927226,2154057.8,371.1008068,IT=12;12 ,ii
2586,UP 2,23.681,50632,30135368.0,9.9970476,2256606.5,391.2836912,IT=12;12 ,ii
2587,UP 2,24.200,51576,30515314.0,10.001141,2195621.0,391.2837238,IT=12;12 ,ii
2589,UP 2,25.109,53176,29756948.0,10.005339,2115170.2,391.2836868,IT=13;13 ,ii
2590,UP 2,24.110,50208,30560852.0,10.009425,2320981.2,391.2836608,IT=12;12 ,ii
2591,UP 2,23.585,50844,30194026.0,10.013502,2157328.0,371.100711,IT=12;12 ,ii
2592,UP 2,24.207,54544,31127968.0,10.017598,2217320.5,391.2835401,IT=12;12 ,ii
2593,UP 2,24.527,50712,30487584.0,10.021524,2257029.2,391.2835909,IT=12;12 ,ii
2594,UP 2,24.547,51704,30185408.0,10.025618,2167132.5,391.2835966,IT=12;12 ,ii
2595,UP 2,24.927,50272,29394698.0,10.029712,2114699.0,391.28365,IT=12;12 ,ii
2596,UP 2,23.767,48716,29268528.0,10.033787,2235217.0,391.283593,IT=12;12 ,ii
2597,UP 2,24.188,51124,30085880.0,10.037708,2148340.2,391.2835862,IT=12;12 ,ii
2598,UP 2,25.046,50772,29931100.0,10.041814,2194486.5,391.2836123,IT=13;13 ,ii
2599,UP 2,23.927,52040,29962880.0,10.045889,2128781.8,371.1006958,IT=12;12 ,ii
2600,UP 2,24.276,52396,30811932.0,10.049981,2275738.0,391.2835609,IT=12;12 ,ii
2601,UP 2,23.922,51612,30916024.0,10.053895,2258042.5,391.2835921,IT=12;12 ,ii
2602,UP 2,24.153,51544,30051408.0,10.057987,2171477.5,391.2836404,IT=12;12 ,ii
2603,UP 2,24.424,51644,30093158.0,10.06208,2196688.0,391.2835286,IT=12;12 ,ii
2604,UP 2,24.301,53768,30114958.0,10.066166,2112323.8,391.2835968,IT=12;12 ,ii
2605,UP 2,24.543,51556,30309176.0,10.070091,2252393.0,391.2835882,IT=12;12 ,ii
2606,UP 2,24.632,52012,29903766.0,10.074187,2112109.5,391.2835419,IT=12;12 ,ii
2607,UP 2,23.538,50884,31049652.0,10.078262,2351039.0,391.2834847,IT=12;12 ,ii
2608,UP 2,23.395,56132,31055602.0,10.082343,2217142.8,391.2834868,IT=12;12 ,ii
2609,UP 2,23.873,54016,31084874.0,10.086435,2174146.8,391.2833709,IT=12;12 ,ii
2610,UP 2,24.102,50680,30347560.0,10.090378,2224217.0,391.2835701,IT=12;12 ,ii
2611,UP 2,23.720,54248,31139568.0,10.094464,2363712.8,391.2833502,IT=12;12 ,ii
2612,UP 2,24.235,49180,29415506.0,10.098553,2125265.5,391.2834673,IT=12;12 ,ii
2613,UP 2,25.039,52132,30695006.0,10.102653,2256306.8,391.2835444,IT=13;13 ,ii
2614,UP 2,24.652,53616,30880726.0,10.106572,2138161.5,391.2835632,IT=12;12 ,ii
2615,UP 2,23.577,50840,30683700.0,10.110645,2295815.0,391.2835679,IT=12;12 ,ii
2616,UP 2,23.129,50860,30889354.0,10.114722,2273196.5,391.2835898,IT=12;12 ,ii
2617,UP 2,24.290,52100,30738926.0,10.118824,2190341.5,391.2835456,IT=12;12 ,ii
2618,UP 2,23.795,49728,30283368.0,10.122736,2243503.2,391.2836598,IT=12;12 ,ii
2620,UP 2,24.205,50768,30219648.0,10.126924,2118077.8,391.2836659,IT=12;12 ,ii
2621,UP 2,25.160,55832,31304408.0,10.131034,2205038.5,391.2835355,IT=13;13 ,ii
2622,UP 2,23.889,51760,30574638.0,10.135109,2315279.5,391.2835502,IT=12;12 ,ii
2623,UP 2,24.753,53204,30709520.0,10.139047,2057986.6,391.2836139,IT=12;12 ,ii
2624,UP 2,24.053,52040,31006840.0,10.143134,2099940.5,371.1006853,IT=12;12 ,ii
2625,UP 2,24.169,53684,31797436.0,10.147217,2308660.5,391.2835897,IT=12;12 ,ii
2626,UP 2,23.993,54200,31321818.0,10.151301,2145398.0,391.283507,IT=12;12 ,ii
2627,UP 2,22.876,50600,31596492.0,10.155205,2287385.8,391.2835043,IT=11;11 ,ii
2628,UP 2,24.030,51392,30920820.0,10.159309,2370260.8,391.2834672,IT=12;12 ,ii
2629,UP 2,23.745,52256,30765530.0,10.16339,2187076.2,391.2835565,IT=12;12 ,ii
2630,UP 2,23.248,51964,31593934.0,10.167465,2183954.2,391.28353,IT=12;12 ,ii
2631,UP 2,23.037,50704,31676018.0,10.171388,2256746.0,391.2835732,IT=12;12 ,ii
2633,UP 2,23.169,50272,31494190.0,10.17728,2202335.8,391.283577,IT=12;12 ,ii
2634,UP 2,24.744,53484,30602550.0,10.181225,2084473.4,391.2835584,IT=12;12 ,ii
2635,UP 2,24.137,56488,32277908.0,10.185321,2340596.8,391.2834682,IT=12;12 ,ii
2636,UP 2,22.966,50508,31592626.0,10.1894,2243107.5,391.2835436,IT=11;11 ,ii
2637,UP 2,24.866,51864,30984308.0,10.193528,2072900.9,391.2835614,IT=12;12 ,ii
2638,UP 2,23.210,53916,31951644.0,10.197438,2275301.0,391.2834764,IT=12;12 ,ii
2639,UP 2,23.378,50812,30967340.0,10.20154,2084515.6,391.2835678,IT=12;12 ,ii
2640,UP 2,23.706,54332,32061418.0,10.205642,2212536.8,391.2834801,IT=12;12 ,ii
2641,UP 2,23.211,53408,32404512.0,10.209727,2245805.2,391.2835562,IT=12;12 ,ii
2642,UP 2,22.716,53296,32204776.0,10.21365,2224765.2,391.2835993,IT=11;11 ,ii
2643,UP 2,23.666,55512,32779562.0,10.217763,2191801.2,391.2835214,IT=12;12 ,ii
2644,UP 2,23.674,51524,31540028.0,10.221848,2186318.5,391.2836702,IT=12;12 ,ii
2645,UP 2,22.564,52544,32238288.0,10.225919,2155350.8,371.1006632,IT=11;11 ,ii
2646,UP 2,24.387,53588,31587532.0,10.229879,2162070.2,391.2835107,IT=12;12 ,ii
2647,UP 2,22.691,52208,32351254.0,10.233954,2183363.2,391.2834882,IT=11;11 ,ii
2648,UP 2,23.580,52004,31615908.0,10.238056,2086930.6,371.1006044,IT=12;12 ,ii
2649,UP 2,22.894,51328,32274662.0,10.242142,2383850.2,391.2835117,IT=11;11 ,ii
2650,UP 2,22.092,52776,32938900.0,10.246054,2250098.8,391.2835408,IT=11;11 ,ii
2651,UP 2,23.097,50408,31417996.0,10.250161,2078641.8,391.2835353,IT=12;12 ,ii
2652,UP 2,23.014,52500,32400724.0,10.254252,2146283.2,391.2835483,IT=12;12 ,ii
2653,UP 2,23.082,51592,31311540.0,10.258348,2125768.8,391.2835649,IT=12;12 ,ii
2654,UP 2,23.812,54012,32099118.0,10.262454,2181441.2,391.2835959,IT=12;12 ,ii
2655,UP 2,23.067,54604,33118112.0,10.266373,2227538.2,371.100766,IT=12;12 ,ii
2656,UP 2,22.547,53216,32957092.0,10.27045,2303132.5,391.2835902,IT=11;11 ,ii
2657,UP 2,23.155,51036,32469860.0,10.27454,2197211.8,391.2835942,IT=12;12 ,ii
2658,UP 2,22.702,53404,33062792.0,10.278615,2206355.5,391.2834857,IT=11;11 ,ii
2659,UP 2,23.616,52612,32152986.0,10.282716,2196938.0,391.2835985,IT=12;12 ,ii
2660,UP 2,22.282,50844,33374554.0,10.286783,2359706.2,391.2835781,IT=11;11 ,ii
2661,UP 2,22.962,52960,32773578.0,10.290869,2124422.5,391.283683,IT=11;11 ,ii
2664,UP 2,22.622,51636,33236668.0,10.296868,2353335.8,391.2835589,IT=11;11 ,ii
2665,UP 2,22.534,52516,32534874.0,10.300952,2101633.5,391.2836552,IT=11;11 ,ii
2666,UP 2,22.261,52664,33593204.0,10.304883,2286678.2,391.2836878,IT=11;11 ,ii
2668,UP 2,22.324,53760,33084252.0,10.309012,2246473.0,371.1007192,IT=11;11 ,ii
2669,UP 2,21.989,51972,34251116.0,10.313085,2281376.8,371.1007022,IT=11;11 ,ii
2670,UP 2,21.978,52592,34117104.0,10.317162,2374088.2,391.283548,IT=11;11 ,ii
2671,UP 2,22.774,51376,32764958.0,10.321256,2080978.2,391.2837705,IT=11;11 ,ii
2672,UP 2,23.073,52232,33028604.0,10.325185,2166763.8,391.2837403,IT=12;12 ,ii
2674,UP 2,22.086,54980,34038612.0,10.329312,2248558.2,391.2836764,IT=11;11 ,ii
2675,UP 2,22.856,55720,34133160.0,10.333399,2246460.2,391.2836625,IT=11;11 ,ii
2677,UP 2,21.754,53512,34358060.0,10.337687,2276810.2,391.2835809,IT=11;11 ,ii
2678,UP 2,21.894,52288,34177776.0,10.341768,2225510.5,391.28361,IT=11;11 ,ii
2679,UP 2,21.661,50784,33915848.0,10.345839,2297370.2,391.2835789,IT=11;11 ,ii
2680,UP 2,22.306,56020,34771296.0,10.34992,2338874.2,391.2835664,IT=11;11 ,ii
2681,UP 2,22.170,55744,34465636.0,10.353991,2226062.8,391.2835668,IT=11;11 ,ii
2682,UP 2,22.408,55260,34445500.0,10.357906,2253626.0,391.283782,IT=11;11 ,ii
2684,UP 2,21.427,51224,34309024.0,10.36202,2254644.0,391.2835817,IT=11;11 ,ii
2685,UP 2,22.388,51876,33707752.0,10.366116,2138491.0,391.2835982,IT=11;11 ,ii
2686,UP 2,22.048,54236,34743032.0,10.370185,2206614.2,391.2835393,IT=11;11 ,ii
2687,UP 2,21.594,52132,35146332.0,10.374087,2255306.5,371.1006892,IT=11;11 ,ii
2688,UP 2,21.849,52288,34532044.0,10.378166,2277497.8,391.2835788,IT=11;11 ,ii
2689,UP 2,21.726,52480,34811656.0,10.382239,2329179.2,391.2835273,IT=11;11 ,ii
2690,UP 2,22.105,54208,35030700.0,10.386322,2243986.2,391.2835856,IT=11;11 ,ii
2691,UP 2,21.486,54268,35436648.0,10.39023,2430503.5,391.283537,IT=11;11 ,ii
2692,UP 2,22.555,56028,34896316.0,10.394162,2208920.0,391.2835357,IT=11;11 ,ii
2693,UP 2,21.089,52880,35191712.0,10.39822,2356737.8,391.2835219,IT=11;11 ,ii
2694,UP 2,20.779,53632,35528268.0,10.402291,2217276.8,371.1006948,IT=10;10 ,ii
2695,UP 2,21.321,53924,35640652.0,10.406212,2257640.0,391.2836522,IT=11;11 ,ii
2696,UP 2,20.550,51472,35109292.0,10.410276,2159395.8,391.2836007,IT=10;10 ,ii
2697,UP 2,20.627,52528,35880204.0,10.414349,2284483.0,391.2834775,IT=10;10 ,ii
2698,UP 2,20.777,53532,36986276.0,10.418426,2434534.0,391.2835627,IT=10;10 ,ii
2700,UP 2,21.480,57260,36893636.0,10.422741,2260768.8,391.2834355,IT=11;11 ,ii
2701,UP 2,21.451,55424,36643268.0,10.42682,2292147.8,391.2835059,IT=11;11 ,ii
2702,UP 2,20.801,52968,36130600.0,10.43088,2225444.0,391.283505,IT=10;10 ,ii
2703,UP 2,20.964,54752,36895064.0,10.434951,2217618.5,391.2835324,IT=10;10 ,ii
2704,UP 2,20.686,55224,37380060.0,10.439016,2286756.0,391.2835025,IT=10;10 ,ii
2705,UP 2,21.409,54148,36939248.0,10.44293,2215285.5,391.2835535,IT=11;11 ,ii
2706,UP 2,20.279,54164,37064920.0,10.446984,2249800.5,391.2835972,IT=10;10 ,ii
2707,UP 2,20.806,55764,36986544.0,10.451057,2224599.0,371.1007918,IT=10;10 ,ii
2710,UP 2,19.488,53196,38751880.0,10.457022,2396917.2,391.2835491,IT=9.7;9.7 ,ii
2711,UP 2,20.215,52984,38357932.0,10.461097,2386760.2,391.2836634,IT=10;10 ,ii
2712,UP 2,20.656,56172,38458736.0,10.465186,2237213.5,391.2835956,IT=10;10 ,ii
2713,UP 2,19.499,51392,38324300.0,10.469078,2315999.8,391.2836441,IT=9.7;9.7 ,ii
2714,UP 2,19.851,52448,37036448.0,10.473161,2128786.8,391.2836258,IT=9.9;9.9 ,ii
2715,UP 2,19.788,59892,39735716.0,10.477238,2276042.5,391.2836524,IT=9.9;9.9 ,ii
2716,UP 2,19.544,55088,39235832.0,10.481311,2345827.2,391.2835028,IT=9.8;9.8 ,ii
2717,UP 2,18.980,52104,39482820.0,10.485211,2285785.2,371.1006984,IT=9.5;9.5 ,ii
2718,UP 2,19.423,54236,39656772.0,10.489292,2311708.5,391.2836215,IT=9.7;9.7 ,ii
2719,UP 2,18.913,54292,40709024.0,10.493355,2366645.0,391.2836205,IT=9.5;9.5 ,ii
2720,UP 2,18.661,53192,40447864.0,10.497417,2325386.5,391.2837099,IT=9.3;9.3 ,ii
2722,UP 2,18.696,52280,40134860.0,10.501488,2231322.0,391.2837069,IT=9.3;9.3 ,ii
2723,UP 2,18.428,55888,41902216.0,10.505546,2426888.5,391.2836488,IT=9.2;9.2 ,ii
2725,UP 2,18.921,54868,42162752.0,10.511378,2259787.8,391.2836361,IT=9.5;9.5 ,ii
2726,UP 2,19.221,55240,41154356.0,10.515448,2310229.0,391.2835691,IT=9.6;9.6 ,ii
2727,UP 2,19.207,55120,41542548.0,10.519509,2307605.5,391.2836344,IT=9.6;9.6 ,ii
2728,UP 2,18.579,54644,41961544.0,10.523396,2287683.0,391.2835313,IT=9.3;9.3 ,ii
2729,UP 2,18.073,53324,41758768.0,10.527444,2342378.2,391.2836308,IT=9;9 ,ii
2730,UP 2,18.237,56708,43364616.0,10.531502,2426023.2,391.2836162,IT=9.1;9.1 ,ii
2731,UP 2,17.761,52200,42486532.0,10.53555,2260634.8,371.1007047,IT=8.9;8.9 ,ii
2732,UP 2,17.961,53504,43503316.0,10.539438,2361925.8,371.1008152,IT=9;9 ,ii
2733,UP 2,17.498,51292,43102212.0,10.543484,2289313.8,391.2836419,IT=8.7;8.7 ,ii
2735,UP 2,17.870,54780,43945484.0,10.547546,2292997.8,391.2837221,IT=8.9;8.9 ,ii
2736,UP 2,17.434,52152,44109936.0,10.551596,2450675.0,391.2837513,IT=8.7;8.7 ,ii
2737,UP 2,17.051,53124,44249472.0,10.555477,2300684.5,391.28369,IT=8.5;8.5 ,ii
2739,UP 2,17.707,53932,43325656.0,10.559523,2384253.0,391.2835341,IT=8.9;8.9 ,ii
2740,UP 2,17.561,52492,43791008.0,10.56359,2337822.0,391.2836163,IT=8.8;8.8 ,ii
2741,UP 2,17.193,54832,45739464.0,10.567642,2482622.2,391.2837665,IT=8.6;8.6 ,ii
2744,UP 2,17.418,54628,44923160.0,10.57354,2325775.0,391.2836632,IT=8.7;8.7 ,ii
2745,UP 2,17.818,53296,44224484.0,10.577602,2229406.2,391.2836479,IT=8.9;8.9 ,ii
2746,UP 2,17.652,56248,46318600.0,10.581485,2409472.0,391.2835482,IT=8.8;8.8 ,ii
2747,UP 2,16.670,52824,45697500.0,10.585525,2365734.2,391.2836145,IT=8.3;8.3 ,ii
2748,UP 2,16.661,50040,44600516.0,10.589569,2379283.8,391.2835926,IT=8.3;8.3 ,ii
2749,UP 2,17.880,54520,45649344.0,10.593637,2333627.2,391.2835347,IT=8.9;8.9 ,ii
2750,UP 2,17.301,51748,44792136.0,10.59751,2385784.2,391.2836421,IT=8.7;8.7 ,ii
2751,UP 2,16.219,54664,46191264.0,10.601544,2286267.8,391.2836672,IT=8.1;8.1 ,ii
2752,UP 2,16.656,52892,46997236.0,10.605598,2307639.0,391.2836248,IT=8.3;8.3 ,ii
2753,UP 2,16.192,53400,48065648.0,10.609633,2338089.5,391.2836033,IT=8.1;8.1 ,ii
2754,UP 2,15.982,54224,48295416.0,10.613504,2392822.0,391.2834628,IT=8;8 ,ii
2755,UP 2,16.202,54276,47921400.0,10.617548,2213492.0,391.2836021,IT=8.1;8.1 ,ii
2756,UP 2,16.497,54420,48598212.0,10.6216,2283195.2,391.2836106,IT=8.2;8.2 ,ii
2758,UP 2,15.795,52612,49615624.0,10.62581,2403116.5,391.283661,IT=7.9;7.9 ,ii
2760,UP 2,15.818,53332,49020868.0,10.629891,2227415.8,391.2835925,IT=7.9;7.9 ,ii
2761,UP 2,15.895,54464,50207412.0,10.633956,2368596.0,391.2835937,IT=7.9;7.9 ,ii
2763,UP 2,14.992,53160,51853336.0,10.639831,2495468.2,391.2835374,IT=7.5;7.5 ,ii
2764,UP 2,15.175,51024,51378652.0,10.64387,2367247.8,371.1007737,IT=7.6;7.6 ,ii
2766,UP 2,14.821,52820,52755212.0,10.647881,2454897.8,391.2835692,IT=7.4;7.4 ,ii
2767,UP 2,14.940,54608,53355256.0,10.651929,2404584.2,391.2836032,IT=7.5;7.5 ,ii
2768,UP 2,14.256,50960,53644372.0,10.655787,2512054.8,391.2835871,IT=7.1;7.1 ,ii
2769,UP 2,14.444,55036,54703868.0,10.659804,2508187.2,391.2836123,IT=7.2;7.2 ,ii
2770,UP 2,14.107,51204,54687184.0,10.663822,2373720.5,371.1006915,IT=7.1;7.1 ,ii
2771,UP 2,14.053,53140,55243656.0,10.667826,2241909.5,391.2837254,IT=7;7 ,ii
2773,UP 2,13.808,52228,55994320.0,10.673678,2473890.8,391.2836694,IT=6.9;6.9 ,ii
2774,UP 2,13.793,53412,57045604.0,10.677714,2376215.8,391.2836762,IT=6.9;6.9 ,ii
2776,UP 2,13.827,51716,58440816.0,10.681728,2477791.8,371.1006844,IT=6.9;6.9 ,ii
2777,UP 2,13.304,48076,56729020.0,10.685753,2409157.0,391.2837107,IT=6.7;6.7 ,ii
2779,UP 2,13.540,51140,58159680.0,10.68991,2448340.8,465.2738664,IT=6.8;6.8 ,ii
2780,UP 2,13.385,52164,59350956.0,10.693776,2530504.2,391.283651,IT=6.7;6.7 ,ii
2782,UP 2,12.980,51628,59318120.0,10.69778,2428877.8,465.2739538,IT=6.5;6.5 ,ii
2783,UP 2,13.617,52012,60673696.0,10.701818,2609483.8,391.2836537,IT=6.8;6.8 ,ii
2785,UP 2,13.000,51580,59966944.0,10.705989,2531677.8,465.27382,IT=6.5;6.5 ,ii
2786,UP 2,13.094,54244,62522156.0,10.709847,2678251.2,391.2835154,IT=6.5;6.5 ,ii
2787,UP 2,13.248,50512,59945888.0,10.713841,2681335.2,465.2739192,IT=6.6;6.6 ,ii
2788,UP 2,13.460,52808,62183168.0,10.717839,2558197.2,465.2738875,IT=6.7;6.7 ,ii
2789,UP 2,13.262,52800,60226156.0,10.721839,2550440.2,465.2738285,IT=6.6;6.6 ,ii
2790,UP 2,12.560,51452,61208744.0,10.725657,2485652.2,465.2738599,IT=6.3;6.3 ,ii
2791,UP 2,12.661,51880,62744280.0,10.729641,2455894.5,391.2834566,IT=6.3;6.3 ,ii
2792,UP 2,12.524,53892,64293188.0,10.733616,2637177.2,391.2834169,IT=6.3;6.3 ,ii
2794,UP 2,12.705,51360,61444516.0,10.739461,2303902.5,371.1006181,IT=6.4;6.4 ,ii
2795,UP 2,12.672,54408,62397184.0,10.743484,2384223.2,391.2835045,IT=6.3;6.3 ,ii
2796,UP 2,13.000,52712,63051604.0,10.747303,2435990.8,391.2835419,IT=6.5;6.5 ,ii
2797,UP 2,12.290,55504,65228416.0,10.75128,2525002.2,391.283516,IT=6.1;6.1 ,ii
2798,UP 2,12.315,54928,62602856.0,10.755261,2213256.8,472.2817802,IT=6.2;6.2 ,ii
2799,UP 2,13.014,55208,63873392.0,10.75933,2460736.5,391.2836224,IT=6.5;6.5 ,ii
2800,UP 2,12.687,55256,64445456.0,10.763142,2490220.8,391.2835961,IT=6.3;6.3 ,ii
2801,UP 2,12.962,54368,63228692.0,10.767126,2614974.5,472.2816741,IT=6.5;6.5 ,ii
2803,UP 2,12.722,55156,65127128.0,10.77298,2652750.5,472.2815322,IT=6.4;6.4 ,ii
2804,UP 2,12.898,52804,62553372.0,10.777011,2866077.8,472.2815967,IT=6.4;6.4 ,ii
2806,UP 2,12.456,52928,63654944.0,10.782838,2901999.5,472.2816068,IT=6.2;6.2 ,ii
2808,UP 2,12.436,53244,64281292.0,10.788711,3082218.2,472.2816496,IT=6.2;6.2 ,ii
2809,UP 2,12.259,53540,64704408.0,10.792732,3365313.2,472.2817718,IT=6.1;6.1 ,ii
2811,UP 2,12.070,51872,65222944.0,10.796861,3650476.2,472.2816714,IT=6;6 ,ii
2813,UP 2,12.208,55004,66113240.0,10.802738,3708883.0,472.2815714,IT=6.1;6.1 ,ii
2814,UP 2,12.114,53340,67204616.0,10.806753,4429756.5,472.2816718,IT=6.1;6.1 ,ii
2817,UP 2,12.001,52680,67048600.0,10.81259,4523694.0,472.2816962,IT=6;6 ,ii
2819,UP 2,12.318,54220,66112280.0,10.818469,4848857.5,472.2816789,IT=6.2;6.2 ,ii
2820,UP 2,11.855,54792,69367392.0,10.82248,5091013.0,472.2815772,IT=5.9;5.9 ,ii
2821,UP 2,11.752,51776,68327160.0,10.826273,5578437.0,472.2818036,IT=5.9;5.9 ,ii
2823,UP 2,11.678,51272,67861952.0,10.830225,5813832.0,472.2816672,IT=5.8;5.8 ,ii
2824,UP 2,12.149,54032,69295680.0,10.834236,6005835.5,472.2817288,IT=6.1;6.1 ,ii
2826,UP 2,11.677,51624,68222384.0,10.83819,6749631.0,472.2817003,IT=5.8;5.8 ,ii
2827,UP 2,11.782,56068,71761896.0,10.842192,6969210.0,472.2815517,IT=5.9;5.9 ,ii
2829,UP 2,11.286,52256,69180080.0,10.848013,7193829.5,472.2817647,IT=5.6;5.6 ,ii
2830,UP 2,11.491,50420,69123216.0,10.852013,7348839.5,472.2817146,IT=5.7;5.7 ,ii
2831,UP 2,11.905,56512,72056816.0,10.855973,7771807.5,472.2816429,IT=6;6 ,ii
2833,UP 2,11.141,52508,72254168.0,10.861783,7958712.5,472.2818053,IT=5.6;5.6 ,ii
2835,UP 2,11.357,52404,71337680.0,10.865979,8288439.0,472.2817765,IT=5.7;5.7 ,ii
2837,UP 2,11.293,50772,72212136.0,10.871833,8271836.5,472.2816503,IT=5.6;5.6 ,ii
2838,UP 2,11.212,52308,70630808.0,10.875829,8308579.0,472.28189,IT=5.6;5.6 ,ii
2840,UP 2,11.308,52992,71719944.0,10.881644,8402792.0,472.2818786,IT=5.7;5.7 ,ii
2841,UP 2,11.739,53916,69963912.0,10.885479,8189198.5,472.2818911,IT=5.9;5.9 ,ii
2842,UP 2,11.050,52916,71448216.0,10.889429,7816240.0,472.281721,IT=5.5;5.5 ,ii
2843,UP 2,11.625,55360,70931960.0,10.893387,7728507.5,472.2817243,IT=5.8;5.8 ,ii
2844,UP 2,11.537,52072,69898496.0,10.897344,7625637.0,472.2818521,IT=5.8;5.8 ,ii
2846,UP 2,11.833,55400,68676600.0,10.903179,7238390.0,472.2818657,IT=5.9;5.9 ,ii
2847,UP 2,12.042,55244,70026984.0,10.907023,6726874.5,472.2817265,IT=6;6 ,ii
2848,UP 2,12.214,53240,67746832.0,10.910998,6294008.5,472.2817128,IT=6.1;6.1 ,ii
2850,UP 2,12.270,56480,68069560.0,10.916825,5900205.0,472.2817976,IT=6.1;6.1 ,ii
2853,UP 2,12.318,57544,66786760.0,10.924512,4886492.5,472.2817878,IT=6.2;6.2 ,ii
2854,UP 2,12.711,56064,64884052.0,10.928539,4843240.0,472.2818914,IT=6.4;6.4 ,ii
2855,UP 2,12.638,56196,65230072.0,10.932518,4369110.0,472.281779,IT=6.3;6.3 ,ii
2856,UP 2,12.883,57976,66220040.0,10.936504,4063988.5,472.2817382,IT=6.4;6.4 ,ii
2857,UP 2,12.874,58436,65089612.0,10.940489,3629166.8,472.2817988,IT=6.4;6.4 ,ii
2859,UP 2,12.964,55120,63453960.0,10.946339,3148289.5,472.2817923,IT=6.5;6.5 ,ii
2860,UP 2,13.533,59736,63276468.0,10.950381,2989420.5,472.2818024,IT=6.8;6.8 ,ii
2862,UP 2,13.295,61376,63387204.0,10.956229,2496105.0,472.2817851,IT=6.6;6.6 ,ii
2863,UP 2,13.556,57692,61181748.0,10.960264,2336037.2,472.2818715,IT=6.8;6.8 ,ii
2866,UP 2,13.097,60124,63552132.0,10.966124,2362122.2,393.7208631,IT=6.5;6.5 ,ii
2867,UP 2,13.297,61476,64491004.0,10.97016,2473329.8,393.7208975,IT=6.6;6.6 ,ii
2868,UP 2,12.548,62884,71934944.0,10.974149,3628853.0,393.7209239,IT=6.3;6.3 ,ii
2871,UP 2,2.456,87784,637458560.0,10.98163,38612420.0,393.7206805,IT=1.2;1.2 ,ii
2882,UP 2,0.768,63076,945697980.0,10.997545,36897856.0,380.694812,IT=0.38;0.38 ,ii
2893,UP 2,0.853,58192,870067010.0,11.008049,49845172.0,380.6947729,IT=0.43;0.43 ,ii
2904,UP 2,0.895,60732,1029121600.0,11.019241,48326120.0,380.6948767,IT=0.45;0.45 ,ii
2915,UP 2,0.826,54228,1134390900.0,11.032439,112171820.0,352.1898077,IT=0.41;0.41 ,ii
2926,UP 2,0.740,43560,1095782900.0,11.049443,192341010.0,352.1898052,IT=0.37;0.37 ,ii
2937,UP 2,0.819,48896,1263979000.0,11.061359,231632540.0,352.189741,IT=0.41;0.41 ,ii
2947,UP 2,1.018,49608,964544900.0,11.075722,139714590.0,352.189717,IT=0.51;0.51 ,ii
2958,UP 2,1.621,54356,596009340.0,11.092021,51758224.0,352.1895357,IT=0.81;0.81 ,ii
2967,UP 2,2.415,55736,384120740.0,11.107223,25046292.0,352.1897806,IT=1.2;1.2 ,ii
2974,UP 2,3.605,65644,310501790.0,11.120021,14804762.0,352.1898473,IT=1.8;1.8 ,ii
2984,UP 2,5.334,64944,207313730.0,11.138284,6867409.0,352.1898718,IT=2.7;2.7 ,ii
2990,UP 2,6.398,66536,171052300.0,11.148915,5160332.0,598.7673617,IT=3.2;3.2 ,ii
2996,UP 2,7.664,70324,142083180.0,11.159848,3389863.5,598.7670546,IT=3.8;3.8 ,ii
3000,UP 2,8.705,69456,130637100.0,11.169292,2992814.0,352.1900567,IT=4.4;4.4 ,ii
3006,UP 2,10.055,69372,110707340.0,11.182269,2821240.5,416.2863644,IT=5;5 ,ii
3010,UP 2,10.941,72144,105706650.0,11.189948,2708938.8,416.2863512,IT=5.5;5.5 ,ii
3012,UP 2,11.485,68756,100798960.0,11.195821,2540468.0,416.2863915,IT=5.7;5.7 ,ii
3013,UP 2,11.795,68864,96759880.0,11.199844,2615620.2,416.2863542,IT=5.9;5.9 ,ii
3014,UP 2,11.756,68724,95700368.0,11.203806,2476659.0,416.2863781,IT=5.9;5.9 ,ii
3017,UP 2,12.634,69068,90303168.0,11.211437,2439186.2,416.286342,IT=6.3;6.3 ,ii
3018,UP 2,12.627,70712,89936824.0,11.215304,2304786.2,391.2837609,IT=6.3;6.3 ,ii
3019,UP 2,13.783,72108,87823408.0,11.219323,2212541.8,416.2863847,IT=6.9;6.9 ,ii
3020,UP 2,13.678,70236,85878848.0,11.223333,2173457.0,416.2863843,IT=6.8;6.8 ,ii
3021,UP 2,13.267,66836,83427800.0,11.227171,2323340.2,391.2837807,IT=6.6;6.6 ,ii
3022,UP 2,14.598,73524,82151432.0,11.231196,2127067.5,391.2837491,IT=7.3;7.3 ,ii
3023,UP 2,14.321,71132,81346160.0,11.235221,2245115.2,391.2836862,IT=7.2;7.2 ,ii
3025,UP 2,14.793,71252,79358728.0,11.241093,2078112.1,391.2837965,IT=7.4;7.4 ,ii
3026,UP 2,14.559,71384,78753672.0,11.245133,2165066.0,391.2837806,IT=7.3;7.3 ,ii
3027,UP 2,14.111,67436,78605624.0,11.249164,2228496.5,391.2838478,IT=7.1;7.1 ,ii
3028,UP 2,15.071,71280,77117368.0,11.253031,2168077.0,391.283863,IT=7.5;7.5 ,ii
3029,UP 2,15.443,71416,76371192.0,11.257073,2271104.8,391.2838212,IT=7.7;7.7 ,ii
3032,UP 2,15.401,68520,74174624.0,11.262679,2035540.5,371.1009004,IT=7.7;7.7 ,ii
3033,UP 2,16.002,69624,74070480.0,11.266733,2056288.1,391.283831,IT=8;8 ,ii
3034,UP 2,15.661,68432,72598864.0,11.270791,2240058.0,391.2839473,IT=7.8;7.8 ,ii
3038,UP 2,16.361,71604,71362936.0,11.278237,2094439.8,391.2838499,IT=8.2;8.2 ,ii
3039,UP 2,16.775,72608,72435072.0,11.282295,2235308.2,391.2837968,IT=8.4;8.4 ,ii
3040,UP 2,16.815,71016,72400496.0,11.286177,2175664.5,391.2838993,IT=8.4;8.4 ,ii
3041,UP 2,16.401,71800,72074680.0,11.29022,2086148.0,391.28387,IT=8.2;8.2 ,ii
3042,UP 2,16.603,71172,70874880.0,11.29427,2083667.0,391.2838755,IT=8.3;8.3 ,ii
3043,UP 2,16.478,71036,70174544.0,11.298324,2160928.5,391.2838965,IT=8.2;8.2 ,ii
3044,UP 2,17.396,73284,70164080.0,11.302228,2229180.0,391.2838689,IT=8.7;8.7 ,ii
3045,UP 2,17.337,70532,69152024.0,11.306278,2160647.0,391.2839437,IT=8.7;8.7 ,ii
3046,UP 2,17.607,70220,67773792.0,11.310337,2089263.9,391.2839426,IT=8.8;8.8 ,ii
3047,UP 2,17.825,71440,67290376.0,11.314401,2121092.8,391.2839249,IT=8.9;8.9 ,ii
3048,UP 2,17.444,71836,67552480.0,11.31846,2103746.2,391.2840242,IT=8.7;8.7 ,ii
3050,UP 2,17.350,69832,68314960.0,11.322524,2128661.5,391.2839271,IT=8.7;8.7 ,ii
3051,UP 2,17.645,69020,67117280.0,11.326591,2098515.8,391.2839025,IT=8.8;8.8 ,ii
3052,UP 2,18.284,72384,66942792.0,11.330653,2124713.5,391.2839695,IT=9.1;9.1 ,ii
3053,UP 2,17.892,73788,67247392.0,11.334703,2036425.4,391.2839793,IT=8.9;8.9 ,ii
3056,UP 2,17.789,70016,66805960.0,11.340639,2149698.5,391.2839318,IT=8.9;8.9 ,ii
3057,UP 2,18.189,71248,66769664.0,11.344703,2176854.0,391.2839597,IT=9.1;9.1 ,ii
3059,UP 2,18.021,72232,67948800.0,11.348793,2177205.8,391.2839216,IT=9;9 ,ii
3060,UP 2,17.876,69236,65711672.0,11.352851,2026787.0,391.2839611,IT=8.9;8.9 ,ii
3061,UP 2,18.309,70864,65656592.0,11.356922,2085671.8,391.2839031,IT=9.2;9.2 ,ii
3062,UP 2,18.048,71124,65927020.0,11.360805,2027551.5,371.101041,IT=9;9 ,ii
3064,UP 2,17.673,69484,66379748.0,11.364884,2249638.5,391.283899,IT=8.8;8.8 ,ii
3065,UP 2,17.690,69676,66302064.0,11.368951,2057537.1,391.2839548,IT=8.8;8.8 ,ii
3067,UP 2,17.861,73160,66235396.0,11.373201,2149395.2,391.2837771,IT=8.9;8.9 ,ii
3068,UP 2,18.494,72204,65016508.0,11.37728,2158368.8,391.2837771,IT=9.2;9.2 ,ii
3069,UP 2,18.386,71520,65450028.0,11.381184,2130060.8,391.2839352,IT=9.2;9.2 ,ii
3071,UP 2,17.613,69888,65723492.0,11.385251,2224128.8,391.2837136,IT=8.8;8.8 ,ii
3072,UP 2,18.121,69420,64076324.0,11.389315,2230962.5,391.2838967,IT=9.1;9.1 ,ii
3073,UP 2,18.489,69480,63749696.0,11.39339,2189911.8,391.2838183,IT=9.2;9.2 ,ii
3074,UP 2,19.009,71652,63730552.0,11.397303,2049781.2,391.2838553,IT=9.5;9.5 ,ii
3076,UP 2,18.064,69872,66365020.0,11.401367,2239562.5,391.2838353,IT=9;9 ,ii
3077,UP 2,18.860,70076,64891488.0,11.405444,2121581.0,391.2838159,IT=9.4;9.4 ,ii
3078,UP 2,18.817,71312,63967968.0,11.409528,2119723.0,391.2838115,IT=9.4;9.4 ,ii
3079,UP 2,17.868,67992,65177132.0,11.413411,2152777.2,391.2838408,IT=8.9;8.9 ,ii
3080,UP 2,19.051,70920,63719440.0,11.417488,2223135.0,391.2838581,IT=9.5;9.5 ,ii
3082,UP 2,18.447,68972,64369984.0,11.421563,2040319.6,391.2838051,IT=9.2;9.2 ,ii
3083,UP 2,18.637,69644,64373952.0,11.42564,2423332.0,391.2839085,IT=9.3;9.3 ,ii
3087,UP 2,18.630,69892,64342052.0,11.433171,2224997.5,391.2838844,IT=9.3;9.3 ,ii
3088,UP 2,18.731,68032,63590788.0,11.437248,2182266.0,391.2837755,IT=9.4;9.4 ,ii
3089,UP 2,19.605,70652,64232964.0,11.441317,2155549.0,391.2838407,IT=9.8;9.8 ,ii
3090,UP 2,18.907,71048,64527004.0,11.445209,2153942.5,391.283778,IT=9.5;9.5 ,ii
3091,UP 2,18.914,68812,64102612.0,11.449275,2275221.5,391.2837657,IT=9.5;9.5 ,ii
3092,UP 2,18.617,70676,64696516.0,11.453338,2133630.5,391.2838743,IT=9.3;9.3 ,ii
3094,UP 2,18.916,69628,63397896.0,11.457615,2095855.1,391.2838225,IT=9.5;9.5 ,ii
3095,UP 2,18.680,70004,63641672.0,11.461523,2081932.8,391.2839236,IT=9.3;9.3 ,ii
3098,UP 2,18.762,69836,64208640.0,11.467486,2064666.6,391.283811,IT=9.4;9.4 ,ii
3099,UP 2,19.203,69496,64066036.0,11.471557,2217039.8,391.2838413,IT=9.6;9.6 ,ii
3100,UP 2,18.631,69072,63726560.0,11.475621,2137984.5,371.1008777,IT=9.3;9.3 ,ii
3101,UP 2,18.611,71624,64262080.0,11.479684,2180201.0,391.2838196,IT=9.3;9.3 ,ii
3102,UP 2,18.610,69248,65792568.0,11.483584,2187712.8,391.2838267,IT=9.3;9.3 ,ii
3103,UP 2,19.356,71964,65490864.0,11.487661,2154379.2,391.2837078,IT=9.7;9.7 ,ii
3104,UP 2,19.000,67332,62873268.0,11.491723,2117244.2,391.283978,IT=9.5;9.5 ,ii
3108,UP 2,18.890,68648,62776500.0,11.499229,2056107.2,391.2837708,IT=9.4;9.4 ,ii
3109,UP 2,18.080,66760,64131884.0,11.503281,2211096.0,391.283829,IT=9;9 ,ii
3112,UP 2,18.261,66928,64828688.0,11.510902,2209165.5,391.2839679,IT=9.1;9.1 ,ii
3115,UP 2,18.732,69140,64304584.0,11.516935,2151119.0,391.2838621,IT=9.4;9.4 ,ii
3116,UP 2,19.182,67728,64914072.0,11.520844,2221304.8,391.283931,IT=9.6;9.6 ,ii
3119,UP 2,18.601,67236,65142676.0,11.5265,2327141.0,391.2838806,IT=9.3;9.3 ,ii
3120,UP 2,18.658,70076,65998912.0,11.5304,2168370.2,391.2838851,IT=9.3;9.3 ,ii
3121,UP 2,18.205,68840,65462280.0,11.534456,2196003.2,391.283954,IT=9.1;9.1 ,ii
3124,UP 2,18.024,67308,65718260.0,11.540383,2178051.8,391.2838469,IT=9;9 ,ii
3125,UP 2,18.693,68344,66593260.0,11.544456,2190434.8,391.2838473,IT=9.3;9.3 ,ii
3126,UP 2,18.121,68580,65621720.0,11.548521,2193938.8,391.2839122,IT=9.1;9.1 ,ii
3127,UP 2,17.857,65776,65710584.0,11.552431,2286543.2,391.2839156,IT=8.9;8.9 ,ii
3128,UP 2,18.194,67232,66385000.0,11.556496,2315783.0,391.2838806,IT=9.1;9.1 ,ii
3129,UP 2,18.205,67812,66411940.0,11.560562,2191538.0,391.2838929,IT=9.1;9.1 ,ii
3130,UP 2,18.402,67360,66213344.0,11.564623,2147798.0,391.2838478,IT=9.2;9.2 ,ii
3131,UP 2,18.079,69848,66951640.0,11.568508,2295673.5,391.2839313,IT=9;9 ,ii
3132,UP 2,17.963,70860,67949040.0,11.572566,2291078.2,391.2838801,IT=9;9 ,ii
3133,UP 2,18.271,66920,66171796.0,11.576629,2213599.5,391.2839165,IT=9.1;9.1 ,ii
3136,UP 2,17.585,63576,65844284.0,11.582566,2189453.2,391.2838273,IT=8.8;8.8 ,ii
3137,UP 2,18.319,71764,68929760.0,11.586641,2341903.8,391.2837307,IT=9.2;9.2 ,ii
3138,UP 2,18.416,68820,67703032.0,11.590704,2194775.5,391.2839246,IT=9.2;9.2 ,ii
3141,UP 2,18.180,68284,67378312.0,11.596627,2232356.0,391.2838196,IT=9.1;9.1 ,ii
3142,UP 2,18.204,68148,67962472.0,11.60052,2222387.2,391.2838478,IT=9.1;9.1 ,ii
3143,UP 2,17.796,67676,68063552.0,11.604585,2204413.0,391.2837865,IT=8.9;8.9 ,ii
3144,UP 2,17.897,66104,67810544.0,11.608635,2229185.5,391.2839018,IT=8.9;8.9 ,ii
3147,UP 2,17.422,66208,67700832.0,11.614547,2172004.8,391.2839432,IT=8.7;8.7 ,ii
3148,UP 2,17.403,66888,69507264.0,11.618614,2303400.2,391.2839175,IT=8.7;8.7 ,ii
3150,UP 2,17.414,68860,68439760.0,11.622862,2173095.0,391.283851,IT=8.7;8.7 ,ii
3151,UP 2,17.894,66884,67364504.0,11.626768,2177860.8,391.2837953,IT=8.9;8.9 ,ii
3152,UP 2,17.923,65412,67987680.0,11.630831,2258847.5,391.2838419,IT=9;9 ,ii
3154,UP 2,17.477,65284,66973332.0,11.63491,2147084.2,391.2837838,IT=8.7;8.7 ,ii
3155,UP 2,17.968,65836,67426808.0,11.638982,2298992.5,391.2837479,IT=9;9 ,ii
3156,UP 2,18.361,65492,66967712.0,11.642893,2239410.0,391.2837482,IT=9.2;9.2 ,ii
3157,UP 2,17.060,65612,69128048.0,11.646935,2311959.2,391.2837219,IT=8.5;8.5 ,ii
3158,UP 2,17.712,64172,68111016.0,11.651005,2081415.1,391.2839207,IT=8.9;8.9 ,ii
3160,UP 2,17.517,66940,69140728.0,11.65523,2147342.8,391.2837491,IT=8.8;8.8 ,ii
3161,UP 2,17.611,66032,69994728.0,11.659136,2285145.2,371.1008658,IT=8.8;8.8 ,ii
3162,UP 2,17.865,64416,67867896.0,11.663209,2166620.2,391.2838389,IT=8.9;8.9 ,ii
3163,UP 2,17.560,66512,68850064.0,11.667272,2183230.8,391.283889,IT=8.8;8.8 ,ii
3164,UP 2,17.756,67964,70387880.0,11.671336,2275513.5,391.2838494,IT=8.9;8.9 ,ii
3166,UP 2,16.895,65080,69087072.0,11.677124,2252249.5,391.2839029,IT=8.4;8.4 ,ii
3167,UP 2,17.475,64940,69141936.0,11.681193,2339802.0,394.2186551,IT=8.7;8.7 ,ii
3168,UP 2,17.947,67488,69675096.0,11.685101,2323633.5,394.2187605,IT=9;9 ,ii
3170,UP 2,17.147,66044,68945160.0,11.689176,2409806.8,394.2187403,IT=8.6;8.6 ,ii
3172,UP 2,17.817,68068,69585520.0,11.693303,2405035.5,394.2187105,IT=8.9;8.9 ,ii
3173,UP 2,17.609,64816,67923416.0,11.697357,2378064.8,394.2187858,IT=8.8;8.8 ,ii
3175,UP 2,17.237,64772,68819024.0,11.701434,2398452.5,394.2187145,IT=8.6;8.6 ,ii
3176,UP 2,17.723,64524,67465696.0,11.705503,2558796.2,394.2186713,IT=8.9;8.9 ,ii
3177,UP 2,17.910,65736,67505400.0,11.709561,2495019.5,394.2187824,IT=9;9 ,ii
3178,UP 2,18.106,68616,67686136.0,11.713622,2492780.2,394.2187019,IT=9.1;9.1 ,ii
3179,UP 2,18.102,66608,67982368.0,11.717536,2660429.2,394.2186891,IT=9.1;9.1 ,ii
3180,UP 2,18.024,63956,68661640.0,11.721597,2510656.2,394.2187113,IT=9;9 ,ii
3181,UP 2,18.318,65328,67647296.0,11.725669,2655267.0,394.2186737,IT=9.2;9.2 ,ii
3182,UP 2,17.478,63324,68169384.0,11.729713,2787304.5,394.2187319,IT=8.7;8.7 ,ii
3183,UP 2,17.524,64088,67958712.0,11.733607,2799460.5,394.2186387,IT=8.8;8.8 ,ii
3184,UP 2,17.497,64020,67414592.0,11.737667,3005941.0,394.218808,IT=8.7;8.7 ,ii
3185,UP 2,17.578,64616,68358424.0,11.741728,2972947.5,394.2187242,IT=8.8;8.8 ,ii
3186,UP 2,17.876,65836,67756144.0,11.745801,2888087.5,394.2186469,IT=8.9;8.9 ,ii
3187,UP 2,17.885,65284,67886224.0,11.749692,3142447.8,394.2187611,IT=8.9;8.9 ,ii
3188,UP 2,18.570,64528,67852560.0,11.753763,2871733.5,394.2186704,IT=9.3;9.3 ,ii
3189,UP 2,17.589,64332,67014892.0,11.757817,2947105.8,394.2187451,IT=8.8;8.8 ,ii
3191,UP 2,17.649,64316,67969392.0,11.762042,3186227.8,394.2187249,IT=8.8;8.8 ,ii
3192,UP 2,17.851,67140,67960472.0,11.765955,3001578.8,394.2186204,IT=8.9;8.9 ,ii
3193,UP 2,18.159,65592,66870396.0,11.770013,3084477.8,394.2188769,IT=9.1;9.1 ,ii
3195,UP 2,17.961,66068,67955160.0,11.774073,3215722.5,394.2186955,IT=9;9 ,ii
3196,UP 2,18.385,65924,68191840.0,11.778144,3103156.8,394.2186499,IT=9.2;9.2 ,ii
3197,UP 2,18.252,65060,66738768.0,11.782027,3256537.5,394.2187497,IT=9.1;9.1 ,ii
3198,UP 2,17.664,63568,66351276.0,11.786077,3168701.5,394.2187958,IT=8.8;8.8 ,ii
3200,UP 2,17.972,64992,67492960.0,11.790142,3225219.5,394.2187568,IT=9;9 ,ii
3201,UP 2,17.776,63412,66906240.0,11.7942,3217514.0,394.2187808,IT=8.9;8.9 ,ii
3202,UP 2,17.896,66084,67094468.0,11.798083,3333467.2,394.2188017,IT=8.9;8.9 ,ii
3204,UP 2,18.108,64052,65349328.0,11.802175,3200392.8,394.2187232,IT=9.1;9.1 ,ii
3205,UP 2,18.346,64772,66490236.0,11.806238,3291578.5,394.2186534,IT=9.2;9.2 ,ii
3206,UP 2,17.864,66164,66691848.0,11.810296,3338811.2,394.2188134,IT=8.9;8.9 ,ii
3207,UP 2,18.211,62612,64724884.0,11.81419,3338563.0,394.2188443,IT=9.1;9.1 ,ii
3209,UP 2,18.089,61996,65533384.0,11.818279,3349284.8,394.2187977,IT=9;9 ,ii
3210,UP 2,18.764,66440,65604628.0,11.822352,3238169.5,394.2188018,IT=9.4;9.4 ,ii
3213,UP 2,18.464,61980,64811528.0,11.828344,3248135.8,394.2187365,IT=9.2;9.2 ,ii
3214,UP 2,18.579,66200,66767412.0,11.832423,3370221.0,394.2187885,IT=9.3;9.3 ,ii
3215,UP 2,18.555,64124,65028640.0,11.836492,3418520.2,394.2187867,IT=9.3;9.3 ,ii
3216,UP 2,18.811,62700,64313148.0,11.840567,3128209.2,394.2187546,IT=9.4;9.4 ,ii
3217,UP 2,18.357,65756,66441144.0,11.844633,3478970.5,394.2187372,IT=9.2;9.2 ,ii
3218,UP 2,18.398,61184,65435600.0,11.848698,3374210.0,394.2187923,IT=9.2;9.2 ,ii
3219,UP 2,18.685,65128,65198628.0,11.852775,3181396.8,394.2187114,IT=9.3;9.3 ,ii
3220,UP 2,18.268,61552,64764212.0,11.85666,3200808.0,394.2187696,IT=9.1;9.1 ,ii
3221,UP 2,18.443,63484,64538056.0,11.860727,3360505.2,394.2186907,IT=9.2;9.2 ,ii
3222,UP 2,17.806,60716,64092492.0,11.864791,3404556.2,394.2188561,IT=8.9;8.9 ,ii
3224,UP 2,19.114,64436,64286064.0,11.869062,3229397.5,394.2188586,IT=9.6;9.6 ,ii
3225,UP 2,18.947,62056,64782304.0,11.87297,3397131.8,394.2188357,IT=9.5;9.5 ,ii
3226,UP 2,18.537,63836,65659196.0,11.877037,3269577.0,394.2188234,IT=9.3;9.3 ,ii
3227,UP 2,19.129,65020,64996464.0,11.881114,3236212.0,394.218811,IT=9.6;9.6 ,ii
3230,UP 2,18.912,63724,64580828.0,11.88705,3369930.0,394.2187528,IT=9.5;9.5 ,ii
3231,UP 2,18.744,64088,64272168.0,11.891114,3202871.8,394.2188869,IT=9.4;9.4 ,ii
3233,UP 2,18.388,60628,63752436.0,11.895375,3384021.2,394.2188328,IT=9.2;9.2 ,ii
3234,UP 2,19.430,65272,64627232.0,11.899285,3287199.0,394.2188354,IT=9.7;9.7 ,ii
3236,UP 2,18.847,62924,63991604.0,11.903383,3211261.5,394.2187847,IT=9.4;9.4 ,ii
3237,UP 2,18.510,62856,64750008.0,11.907445,3337575.2,394.2188806,IT=9.3;9.3 ,ii
3238,UP 2,19.467,63392,62975960.0,11.91152,3066876.5,394.2188298,IT=9.7;9.7 ,ii
3239,UP 2,18.948,62428,63776184.0,11.915414,3423015.2,394.2187726,IT=9.5;9.5 ,ii
3240,UP 2,19.153,62360,63649356.0,11.919489,3176634.5,394.2187634,IT=9.6;9.6 ,ii
3241,UP 2,19.172,63340,63483812.0,11.923564,3194470.8,394.218812,IT=9.6;9.6 ,ii
3243,UP 2,19.129,63984,63499716.0,11.927812,3158076.8,394.2186953,IT=9.6;9.6 ,ii
3244,UP 2,18.828,63752,63691072.0,11.931708,3265335.2,394.2188512,IT=9.4;9.4 ,ii
3246,UP 2,19.464,65016,63829472.0,11.935789,3016674.2,394.2187186,IT=9.7;9.7 ,ii
3247,UP 2,19.576,63956,64096944.0,11.939858,3088468.8,394.2188185,IT=9.8;9.8 ,ii
3249,UP 2,19.178,62704,63582620.0,11.943939,2987712.2,394.2187407,IT=9.6;9.6 ,ii
3250,UP 2,19.263,62660,63427008.0,11.948005,3060311.5,394.2187304,IT=9.6;9.6 ,ii
3251,UP 2,19.215,61760,64106392.0,11.952078,3183275.8,394.2186625,IT=9.6;9.6 ,ii
3252,UP 2,19.099,59992,63740076.0,11.956139,2967938.8,394.2187522,IT=9.5;9.5 ,ii
3254,UP 2,19.189,63112,63207948.0,11.96022,2878094.2,394.2186861,IT=9.6;9.6 ,ii
3255,UP 2,18.778,63524,65051516.0,11.964295,3130811.0,394.2187164,IT=9.4;9.4 ,ii
3256,UP 2,18.791,61132,64055020.0,11.968186,2995836.8,408.2216559,IT=9.4;9.4 ,ii
3257,UP 2,19.056,64860,64296192.0,11.972266,3114368.2,394.2187915,IT=9.5;9.5 ,ii
3258,UP 2,18.849,64320,65029300.0,11.976324,3051270.2,408.221689,IT=9.4;9.4 ,ii
3259,UP 2,18.436,59556,64525304.0,11.980386,2991304.2,394.2188155,IT=9.2;9.2 ,ii
3260,UP 2,19.585,63444,63622692.0,11.984297,3012262.0,408.2215623,IT=9.8;9.8 ,ii
3261,UP 2,19.251,63516,65087468.0,11.988355,3049671.5,408.2217059,IT=9.6;9.6 ,ii
3262,UP 2,19.543,63868,64934620.0,11.992424,3036884.0,408.2217253,IT=9.8;9.8 ,ii
3263,UP 2,19.877,60296,62688632.0,11.996499,3055070.0,408.221784,IT=9.9;9.9 ,ii
3265,UP 2,19.173,61368,64299060.0,12.000582,3045132.5,408.2217552,IT=9.6;9.6 ,ii
3266,UP 2,18.877,61408,62950084.0,12.004642,2907056.2,408.2216608,IT=9.4;9.4 ,ii
3269,UP 2,19.588,62904,63315972.0,12.012319,3038996.8,408.2216645,IT=9.8;9.8 ,ii
3270,UP 2,20.070,63908,64033688.0,12.016226,3035265.5,408.2218765,IT=10;10 ,ii
3272,UP 2,19.302,61336,63077372.0,12.020332,3181642.2,408.2217356,IT=9.7;9.7 ,ii
3273,UP 2,19.769,63200,63103408.0,12.024407,3029354.8,408.2217562,IT=9.9;9.9 ,ii
3274,UP 2,19.421,62300,64654116.0,12.028469,3137858.0,408.2217317,IT=9.7;9.7 ,ii
3275,UP 2,19.623,62720,63451256.0,12.032536,3145077.2,408.2217882,IT=9.8;9.8 ,ii
3276,UP 2,19.535,65204,63050608.0,12.036599,3091626.2,408.2216575,IT=9.8;9.8 ,ii
3277,UP 2,19.135,62764,64336092.0,12.040665,3102797.5,408.2216265,IT=9.6;9.6 ,ii
3278,UP 2,19.668,62380,63623296.0,12.044732,3037773.8,408.2216936,IT=9.8;9.8 ,ii
3279,UP 2,19.268,61604,62540560.0,12.048628,3068568.0,408.2216098,IT=9.6;9.6 ,ii
3280,UP 2,19.833,62960,62999288.0,12.052705,3132126.0,408.2216673,IT=9.9;9.9 ,ii
3281,UP 2,20.234,64968,62732948.0,12.05678,3020944.8,408.221594,IT=10;10 ,ii
3282,UP 2,19.297,63812,63296360.0,12.060834,3017823.0,408.2216265,IT=9.6;9.6 ,ii
3283,UP 2,18.740,62828,63559440.0,12.064719,2937547.2,408.2216101,IT=9.4;9.4 ,ii
3284,UP 2,19.658,62560,63741456.0,12.068798,3072162.0,408.2216455,IT=9.8;9.8 ,ii
3285,UP 2,19.608,63348,64156336.0,12.072871,3016918.8,408.221783,IT=9.8;9.8 ,ii
3287,UP 2,19.346,63616,63039944.0,12.077146,3168731.2,408.2217599,IT=9.7;9.7 ,ii
3288,UP 2,19.420,60576,62475080.0,12.081046,2910570.2,408.22175,IT=9.7;9.7 ,ii
3289,UP 2,20.198,63916,62990084.0,12.084963,2968933.8,408.2218592,IT=10;10 ,ii
3293,UP 2,19.677,63760,62141520.0,12.092763,2998082.2,408.221754,IT=9.8;9.8 ,ii
3294,UP 2,20.022,63316,61869908.0,12.09684,2965346.2,408.2217671,IT=10;10 ,ii
3295,UP 2,19.818,61644,61302140.0,12.1009,2908820.0,408.2217918,IT=9.9;9.9 ,ii
3296,UP 2,20.332,63060,61353064.0,12.104981,2834365.0,408.2217261,IT=10;10 ,ii
3297,UP 2,20.665,64152,61221476.0,12.109059,2703800.5,408.2218063,IT=10;10 ,ii
3298,UP 2,20.401,66088,62070200.0,12.112961,2913945.0,408.2218135,IT=10;10 ,ii
3300,UP 2,19.915,61360,60484076.0,12.117065,2681526.5,408.2218218,IT=10;10 ,ii
3301,UP 2,20.435,63516,61022008.0,12.121142,2789587.5,408.2217975,IT=10;10 ,ii
3302,UP 2,20.938,64184,60301152.0,12.125219,2737691.8,408.2217652,IT=10;10 ,ii
3303,UP 2,20.254,65120,61092448.0,12.129285,2574532.0,408.2219666,IT=10;10 ,ii
3305,UP 2,20.848,64356,60932720.0,12.133419,2707626.5,408.2217608,IT=10;10 ,ii
3306,UP 2,20.112,62736,60937428.0,12.137481,2592570.0,408.2218478,IT=10;10 ,ii
3307,UP 2,20.393,60652,59443408.0,12.141552,2626977.0,408.2218167,IT=10;10 ,ii
3308,UP 2,20.746,64444,60659772.0,12.145633,2575598.2,408.2217266,IT=10;10 ,ii
3309,UP 2,20.384,63056,59840632.0,12.149537,2574115.8,408.2219084,IT=10;10 ,ii
3311,UP 2,20.676,61404,58486040.0,12.153667,2415857.2,408.2219052,IT=10;10 ,ii
3313,UP 2,20.562,64104,60462896.0,12.157844,2518098.2,408.2217503,IT=10;10 ,ii
3314,UP 2,21.444,65388,59487288.0,12.161931,2351024.0,408.2217975,IT=11;11 ,ii
3315,UP 2,20.286,62200,59894176.0,12.165825,2412596.2,408.2218148,IT=10;10 ,ii
3316,UP 2,20.617,61592,58907504.0,12.169904,2323000.8,391.2840597,IT=10;10 ,ii
3317,UP 2,21.016,63636,59429776.0,12.173983,2321199.2,408.2218463,IT=11;11 ,ii
3319,UP 2,21.091,61612,58828316.0,12.178298,2372951.0,408.2217272,IT=11;11 ,ii
3320,UP 2,20.857,63168,58994840.0,12.1822,2398087.8,408.2217057,IT=10;10 ,ii
3321,UP 2,21.294,65508,59666748.0,12.186285,2364605.2,391.2839984,IT=11;11 ,ii
3324,UP 2,21.103,60672,57175608.0,12.192,2349234.0,391.2839203,IT=11;11 ,ii
3325,UP 2,21.723,63300,57117800.0,12.196083,2236571.5,391.2838757,IT=11;11 ,ii
3326,UP 2,21.755,64684,57756544.0,12.200168,2283602.0,391.2839595,IT=11;11 ,ii
3327,UP 2,21.895,66208,57870828.0,12.204256,2161256.2,408.2217437,IT=11;11 ,ii
3328,UP 2,21.464,61892,55667204.0,12.208166,2120461.8,391.2841228,IT=11;11 ,ii
3330,UP 2,21.333,60360,56327028.0,12.212291,2266537.8,391.2840308,IT=11;11 ,ii
3331,UP 2,22.056,63048,56623076.0,12.216381,2207609.8,391.2840274,IT=11;11 ,ii
3333,UP 2,21.136,61504,56006128.0,12.220664,2214316.5,391.2839981,IT=11;11 ,ii
3334,UP 2,22.463,64580,56901980.0,12.224599,2322008.5,391.2838391,IT=11;11 ,ii
3335,UP 2,21.755,63776,56580580.0,12.228693,2366445.5,391.2839938,IT=11;11 ,ii
3337,UP 2,21.572,66028,57124728.0,12.232812,2408458.0,391.2838824,IT=11;11 ,ii
3338,UP 2,22.020,64660,55745620.0,12.236893,2220324.2,391.2839909,IT=11;11 ,ii
3339,UP 2,21.807,63704,56202952.0,12.240799,2202382.8,391.2839605,IT=11;11 ,ii
3340,UP 2,22.901,63080,54649636.0,12.244897,2191666.2,391.2839868,IT=11;11 ,ii
3341,UP 2,22.235,63252,55441792.0,12.248985,2240377.5,391.2838953,IT=11;11 ,ii
3342,UP 2,22.212,64580,56334940.0,12.253074,2448562.5,391.2839564,IT=11;11 ,ii
3343,UP 2,22.050,63800,55600516.0,12.257158,2380450.5,391.2839737,IT=11;11 ,ii
3344,UP 2,21.934,63908,54709108.0,12.261083,2158105.5,391.284005,IT=11;11 ,ii
3346,UP 2,22.182,63900,54596096.0,12.265222,2237853.0,391.2839365,IT=11;11 ,ii
3347,UP 2,23.416,65636,54764696.0,12.269322,2222707.5,391.283966,IT=12;12 ,ii
3349,UP 2,22.204,64340,53895732.0,12.273622,2086128.1,371.1011632,IT=11;11 ,ii
3351,UP 2,22.180,63000,53266732.0,12.277805,2272387.0,391.2840088,IT=11;11 ,ii
3352,UP 2,23.533,65988,54183228.0,12.281909,2225793.5,371.1009584,IT=12;12 ,ii
3353,UP 2,23.185,63904,53467860.0,12.286003,2085437.4,391.2839861,IT=12;12 ,ii
3354,UP 2,23.344,67044,54865324.0,12.290084,2334627.2,391.2839952,IT=12;12 ,ii
3355,UP 2,23.009,62960,54041964.0,12.293991,2251257.0,391.2840888,IT=12;12 ,ii
3357,UP 2,23.198,62388,53827968.0,12.298159,2273090.2,391.2839785,IT=12;12 ,ii
3358,UP 2,23.679,63916,53205988.0,12.302251,2073269.9,391.2840982,IT=12;12 ,ii
3360,UP 2,23.562,62680,52441968.0,12.306605,2223032.5,391.2840576,IT=12;12 ,ii
3361,UP 2,23.641,63720,52565256.0,12.310695,2221252.8,391.2839257,IT=12;12 ,ii
3363,UP 2,22.887,65488,53794888.0,12.314878,2228922.5,391.2840305,IT=11;11 ,ii
3364,UP 2,23.393,62208,52670564.0,12.318974,2160624.0,391.2840525,IT=12;12 ,ii
3367,UP 2,23.258,62868,53180444.0,12.325001,2124223.2,391.2840544,IT=12;12 ,ii
3368,UP 2,24.008,64556,52225968.0,12.329107,2189476.5,391.2839844,IT=12;12 ,ii
3369,UP 2,23.418,65204,53101232.0,12.333182,2298889.5,391.2840547,IT=12;12 ,ii
3371,UP 2,23.398,65876,53506304.0,12.337526,2269858.0,391.2839839,IT=12;12 ,ii
3372,UP 2,23.647,64336,52350112.0,12.341476,2132477.5,391.2840386,IT=12;12 ,ii
3373,UP 2,23.532,64212,52922216.0,12.345561,2254537.5,391.2838695,IT=12;12 ,ii
3374,UP 2,23.370,63672,52702084.0,12.349642,2308162.0,391.2839929,IT=12;12 ,ii
3375,UP 2,23.694,62256,51694636.0,12.353732,2222721.8,391.2839486,IT=12;12 ,ii
3376,UP 2,24.135,63248,52252612.0,12.357659,2148099.2,391.2839523,IT=12;12 ,ii
3377,UP 2,23.459,64768,52763840.0,12.361736,2222738.0,391.2840073,IT=12;12 ,ii
3378,UP 2,24.062,63872,52078112.0,12.365834,2108061.0,391.2838921,IT=12;12 ,ii
3379,UP 2,23.408,64336,53119064.0,12.369913,2189448.8,391.283925,IT=12;12 ,ii
3380,UP 2,22.848,64600,53220048.0,12.373823,2229700.0,371.100987,IT=11;11 ,ii
3381,UP 2,24.073,63952,52001712.0,12.37793,2092821.6,359.1797637,IT=12;12 ,ii
3382,UP 2,24.118,64832,52416752.0,12.382017,2071387.9,391.2839112,IT=12;12 ,ii
3383,UP 2,24.249,65232,52382436.0,12.386111,2208499.5,391.283922,IT=12;12 ,ii
3384,UP 2,23.074,61052,52500368.0,12.390015,2282465.8,391.28406,IT=12;12 ,ii
3385,UP 2,23.523,64520,52536600.0,12.394107,2288573.8,391.2840283,IT=12;12 ,ii
3386,UP 2,23.500,62240,51503164.0,12.39819,2249972.0,391.2839959,IT=12;12 ,ii
3387,UP 2,23.608,65836,51759172.0,12.402302,2180709.8,391.2839548,IT=12;12 ,ii
3388,UP 2,24.328,64928,51203756.0,12.406238,2225602.5,391.284083,IT=12;12 ,ii
3389,UP 2,23.977,64720,51187804.0,12.410342,2127248.2,391.2840345,IT=12;12 ,ii
3391,UP 2,24.309,62312,50343560.0,12.414513,2153536.0,391.2840399,IT=12;12 ,ii
3392,UP 2,24.054,65068,51657692.0,12.418613,2249703.2,391.2840103,IT=12;12 ,ii
3393,UP 2,24.169,61440,50745724.0,12.42254,2257064.2,391.2840192,IT=12;12 ,ii
3394,UP 2,24.115,65272,51742808.0,12.426488,2254148.2,391.2840335,IT=12;12 ,ii
3395,UP 2,24.192,64204,51351328.0,12.430577,2180972.0,359.1797652,IT=12;12 ,ii
3396,UP 2,23.467,64252,51793944.0,12.434652,2264051.0,391.2841312,IT=12;12 ,ii
3399,UP 2,24.769,62948,50876308.0,12.440692,2210058.5,391.2839812,IT=12;12 ,ii
3400,UP 2,23.901,64220,50829940.0,12.444771,2158615.5,391.2841023,IT=12;12 ,ii
3401,UP 2,24.268,65432,52208420.0,12.448706,2390735.0,391.2839562,IT=12;12 ,ii
3402,UP 2,24.207,63472,51217756.0,12.452806,2187413.5,371.101085,IT=12;12 ,ii
3403,UP 2,23.869,62444,50754904.0,12.4569,2183590.5,391.283996,IT=12;12 ,ii
3404,UP 2,23.775,64624,51362868.0,12.460998,2193352.0,359.1798732,IT=12;12 ,ii
3405,UP 2,24.409,62956,50317132.0,12.464935,2254898.2,391.283991,IT=12;12 ,ii
3406,UP 2,24.779,64008,50289976.0,12.469042,2142395.5,391.2839865,IT=12;12 ,ii
3407,UP 2,24.531,62592,51080868.0,12.473135,2327891.2,391.2839809,IT=12;12 ,ii
3408,UP 2,24.363,61408,49899448.0,12.477229,2185879.5,391.2839926,IT=12;12 ,ii
3409,UP 2,24.240,62972,50457808.0,12.481162,2344883.2,391.2839998,IT=12;12 ,ii
3410,UP 2,25.007,67096,50389836.0,12.485273,2226737.5,391.284057,IT=13;13 ,ii
3411,UP 2,24.513,63984,50683368.0,12.489366,2324324.0,391.2839686,IT=12;12 ,ii
3412,UP 2,24.311,62080,49228072.0,12.493458,2136008.8,391.2839588,IT=12;12 ,ii
3413,UP 2,24.490,63760,49589132.0,12.497558,2361250.5,391.2839376,IT=12;12 ,ii
3414,UP 2,23.965,64008,49812896.0,12.501481,2270984.8,391.2840553,IT=12;12 ,ii
3415,UP 2,24.823,63436,49902920.0,12.505587,2259973.8,391.2839591,IT=12;12 ,ii
3416,UP 2,24.805,65056,49452588.0,12.509693,2156976.2,391.2840279,IT=12;12 ,ii
3417,UP 2,24.854,64580,50076076.0,12.513791,2146073.5,391.2839949,IT=12;12 ,ii
3418,UP 2,24.830,63920,50003200.0,12.517724,2289015.2,391.2839815,IT=12;12 ,ii
3419,UP 2,24.013,61332,49495568.0,12.521814,2269540.8,391.2841212,IT=12;12 ,ii
3422,UP 2,25.055,63116,49327840.0,12.527864,2183898.8,391.2838709,IT=13;13 ,ii
3423,UP 2,24.513,64684,49564308.0,12.531949,2145888.8,391.2841272,IT=12;12 ,ii
3425,UP 2,26.169,64068,49044720.0,12.536145,2314910.2,391.2839217,IT=13;13 ,ii
3426,UP 2,25.046,63320,48552604.0,12.540224,2272727.5,391.2840124,IT=13;13 ,ii
3427,UP 2,25.121,65156,49540528.0,12.544156,2297752.8,391.2838791,IT=13;13 ,ii
3428,UP 2,25.531,65832,49187652.0,12.54826,2159270.0,391.2839724,IT=13;13 ,ii
3429,UP 2,25.579,64656,48542896.0,12.552355,2165321.2,371.1010007,IT=13;13 ,ii
3430,UP 2,25.691,61512,47302696.0,12.556453,2194786.5,391.2839984,IT=13;13 ,ii
3431,UP 2,25.380,63904,48310504.0,12.560541,2223475.0,391.2839472,IT=13;13 ,ii
3432,UP 2,25.828,65136,47397632.0,12.564641,2048211.2,391.2840739,IT=13;13 ,ii
3436,UP 2,25.817,64032,47965144.0,12.572228,2229713.8,391.2839846,IT=13;13 ,ii
3437,UP 2,24.908,62844,47969668.0,12.576153,2316115.5,391.2840438,IT=12;12 ,ii
3439,UP 2,25.513,65816,48338232.0,12.580339,2270425.0,391.2839188,IT=13;13 ,ii
3440,UP 2,25.899,65656,48396032.0,12.584468,2161716.5,391.2840391,IT=13;13 ,ii
3441,UP 2,26.793,64512,46961364.0,12.588587,2093851.8,391.2839289,IT=13;13 ,ii
3442,UP 2,26.324,64156,47826540.0,12.59272,2271000.8,391.2840247,IT=13;13 ,ii
3444,UP 2,26.012,64868,48223312.0,12.596909,2214052.8,391.2839375,IT=13;13 ,ii
3445,UP 2,26.459,65260,47779736.0,12.601016,2200421.2,391.2840085,IT=13;13 ,ii
3446,UP 2,26.300,64528,46802640.0,12.605116,2112758.2,391.2840966,IT=13;13 ,ii
3447,UP 2,26.073,64048,47894232.0,12.609051,2233305.8,391.2840507,IT=13;13 ,ii
3448,UP 2,26.648,63340,46957304.0,12.613159,2161058.2,391.283985,IT=13;13 ,ii
3449,UP 2,26.542,63788,47013856.0,12.617263,2290678.5,391.2839176,IT=13;13 ,ii
3450,UP 2,27.144,63580,46906872.0,12.621382,2187563.8,391.2839111,IT=14;14 ,ii
3451,UP 2,26.170,64028,47530080.0,12.625472,2254413.5,391.2839469,IT=13;13 ,ii
3452,UP 2,26.537,61280,47040120.0,12.629411,2209691.2,391.2839885,IT=13;13 ,ii
3453,UP 2,26.338,62932,47183668.0,12.633509,2233071.5,391.2840903,IT=13;13 ,ii
3456,UP 2,26.029,63728,46636672.0,12.639305,2128838.8,391.283806,IT=13;13 ,ii
3457,UP 2,26.134,62444,47194680.0,12.643407,2181312.5,391.2840393,IT=13;13 ,ii
3461,UP 2,27.137,64640,47829780.0,12.651038,2241643.5,391.2840182,IT=14;14 ,ii
3462,UP 2,26.417,65064,47509724.0,12.655144,2209696.0,391.2841638,IT=13;13 ,ii
3464,UP 2,25.897,61632,46954120.0,12.659338,2312466.8,391.2840074,IT=13;13 ,ii
3465,UP 2,25.866,61192,47397708.0,12.663442,2290552.5,391.2840289,IT=13;13 ,ii
3466,UP 2,26.379,64644,47824732.0,12.66739,2227884.0,371.1010571,IT=13;13 ,ii
3467,UP 2,26.560,62684,46825800.0,12.671499,2289485.0,391.2839325,IT=13;13 ,ii
3468,UP 2,26.304,62792,46205000.0,12.675617,2056949.0,391.2839721,IT=13;13 ,ii
3469,UP 2,26.502,63472,46843496.0,12.679723,2199586.8,391.2839377,IT=13;13 ,ii
3470,UP 2,26.527,62424,45807028.0,12.683667,2071695.1,371.1009943,IT=13;13 ,ii
3471,UP 2,25.983,63516,48533916.0,12.687776,2252647.8,391.28388,IT=13;13 ,ii
3472,UP 2,26.410,62940,47971360.0,12.691875,2347637.0,391.2838645,IT=13;13 ,ii
3473,UP 2,26.012,67608,48087328.0,12.695975,2194888.0,371.1011084,IT=13;13 ,ii
3475,UP 2,26.374,63940,47858340.0,12.700344,2332350.5,391.2838576,IT=13;13 ,ii
3476,UP 2,26.534,65608,47987944.0,12.704296,2237275.8,391.2840295,IT=13;13 ,ii
3478,UP 2,25.873,63524,47091396.0,12.708494,2229989.8,391.2839087,IT=13;13 ,ii
3479,UP 2,27.053,65368,46542208.0,12.712613,2123282.2,391.2840525,IT=14;14 ,ii
3481,UP 2,26.462,64384,47267724.0,12.716982,2248754.0,391.2839366,IT=13;13 ,ii
3482,UP 2,26.327,65844,46433128.0,12.720917,2110018.2,391.2839758,IT=13;13 ,ii
3483,UP 2,26.770,64164,46314924.0,12.725023,2155319.0,391.2839859,IT=13;13 ,ii
3484,UP 2,25.817,64568,46464484.0,12.729119,2116994.0,391.2840748,IT=13;13 ,ii
3485,UP 2,26.453,63388,47347220.0,12.733231,2349725.5,391.2839946,IT=13;13 ,ii
3486,UP 2,25.704,62848,47365388.0,12.737152,2193947.0,391.2840257,IT=13;13 ,ii
3487,UP 2,26.042,65156,48439588.0,12.741256,2292550.0,371.1010121,IT=13;13 ,ii
3488,UP 2,26.028,64580,47863964.0,12.745354,2206051.5,391.2839949,IT=13;13 ,ii
3489,UP 2,26.620,65692,47379308.0,12.749467,2177191.5,391.2839966,IT=13;13 ,ii
3490,UP 2,26.081,63600,47858860.0,12.753554,2198303.5,391.2838995,IT=13;13 ,ii
3491,UP 2,26.351,64304,47435544.0,12.757658,2239283.0,391.2839049,IT=13;13 ,ii
3492,UP 2,26.417,61516,45895160.0,12.761758,2103645.0,391.2840563,IT=13;13 ,ii
3493,UP 2,26.207,64872,47376536.0,12.765854,2213028.8,391.2840575,IT=13;13 ,ii
3495,UP 2,25.910,63944,47541096.0,12.770235,2159899.5,391.2839942,IT=13;13 ,ii
3496,UP 2,26.406,63016,47708100.0,12.77419,2137000.5,391.2840539,IT=13;13 ,ii
3498,UP 2,25.827,65244,48744752.0,12.778383,2337218.5,391.2839771,IT=13;13 ,ii
3501,UP 2,26.148,64640,47239508.0,12.784169,2084732.6,391.2839676,IT=13;13 ,ii
3502,UP 2,25.772,64112,47122996.0,12.788258,2142863.8,391.284,IT=13;13 ,ii
3503,UP 2,26.088,63268,47715008.0,12.792364,2218998.5,391.2839712,IT=13;13 ,ii
3504,UP 2,25.381,67028,48911436.0,12.796458,2262499.2,391.2839972,IT=13;13 ,ii
3505,UP 2,25.636,62316,48470840.0,12.800387,2262163.0,391.28389,IT=13;13 ,ii
3506,UP 2,25.028,62596,48391528.0,12.804473,2322205.2,391.2837645,IT=13;13 ,ii
3507,UP 2,25.893,67828,48783824.0,12.808577,2217791.8,371.1009767,IT=13;13 ,ii
3509,UP 2,25.359,64876,48280660.0,12.812931,2109041.8,391.2840961,IT=13;13 ,ii
3511,UP 2,25.503,64500,48338648.0,12.817185,2227166.5,391.2839247,IT=13;13 ,ii
3512,UP 2,26.256,64884,47349316.0,12.821297,2192575.8,391.2839744,IT=13;13 ,ii
3514,UP 2,25.397,63604,47499292.0,12.825506,2087979.9,371.1010866,IT=13;13 ,ii
3517,UP 2,26.089,63960,48616924.0,12.831608,2282668.5,391.2839071,IT=13;13 ,ii
3518,UP 2,25.688,64088,48349956.0,12.835702,2154481.2,391.2839403,IT=13;13 ,ii
3520,UP 2,25.734,67028,49661080.0,12.840081,2314764.5,391.283744,IT=13;13 ,ii
3521,UP 2,25.222,64840,48351044.0,12.844185,2253674.5,391.2838728,IT=13;13 ,ii
3522,UP 2,25.592,63076,48745392.0,12.848133,2198210.5,371.1008589,IT=13;13 ,ii
3523,UP 2,25.393,65472,48943176.0,12.852237,2318427.2,391.2838362,IT=13;13 ,ii
3524,UP 2,25.363,62832,48981256.0,12.856343,2296118.0,391.2837712,IT=13;13 ,ii
3525,UP 2,25.793,65356,48948880.0,12.860458,2208911.5,391.283852,IT=13;13 ,ii
3526,UP 2,25.357,65392,49173904.0,12.864383,2290210.8,391.2838162,IT=13;13 ,ii
3527,UP 2,25.715,66244,49194720.0,12.868489,2106690.0,391.2839193,IT=13;13 ,ii
3529,UP 2,25.764,62588,48356092.0,12.872708,2049825.2,391.2838729,IT=13;13 ,ii
3530,UP 2,25.561,63660,48923228.0,12.876808,2208889.8,391.2839309,IT=13;13 ,ii
3531,UP 2,24.880,65932,50465400.0,12.88073,2287378.0,391.2838479,IT=12;12 ,ii
3532,UP 2,25.197,63624,49925856.0,12.884833,2298406.8,391.2838937,IT=13;13 ,ii
3534,UP 2,25.170,63984,48970936.0,12.889022,2200299.5,391.2839133,IT=13;13 ,ii
3535,UP 2,25.262,63132,49245000.0,12.893126,2338242.0,391.283851,IT=13;13 ,ii
3536,UP 2,26.231,64424,48319568.0,12.897078,2096204.6,391.2839316,IT=13;13 ,ii
3537,UP 2,25.241,62084,49446868.0,12.90117,2315256.0,391.2839356,IT=13;13 ,ii
3538,UP 2,25.064,63452,50302712.0,12.905262,2387331.2,391.2837957,IT=13;13 ,ii
3539,UP 2,24.492,62000,48818084.0,12.909349,2129697.5,391.2840859,IT=12;12 ,ii
3541,UP 2,25.557,66380,49108144.0,12.913707,2249496.8,391.2838243,IT=13;13 ,ii
3542,UP 2,25.914,65368,48000736.0,12.917653,2145358.2,391.2839447,IT=13;13 ,ii
3544,UP 2,25.819,64860,48822624.0,12.921849,2241702.0,391.2839556,IT=13;13 ,ii
3545,UP 2,25.328,64916,48346892.0,12.925947,2169731.5,391.2839728,IT=13;13 ,ii
3546,UP 2,24.989,63004,48378176.0,12.930041,2193087.0,391.2839173,IT=12;12 ,ii
3547,UP 2,25.819,64144,48481524.0,12.933982,2130607.2,391.2840149,IT=13;13 ,ii
3548,UP 2,25.856,65836,48351884.0,12.938084,2153805.2,391.2840399,IT=13;13 ,ii
3549,UP 2,25.359,65784,49008964.0,12.942176,2245817.8,391.2840378,IT=13;13 ,ii
3551,UP 2,25.446,64460,47702900.0,12.946551,2194133.5,391.2837473,IT=13;13 ,ii
3552,UP 2,25.873,62020,48750392.0,12.950661,2197244.5,391.2840493,IT=13;13 ,ii
3553,UP 2,25.856,64488,49045336.0,12.954607,2225192.0,391.2839654,IT=13;13 ,ii
3554,UP 2,25.551,63152,48799292.0,12.958705,2200162.8,391.2839296,IT=13;13 ,ii
3555,UP 2,26.051,66644,49254860.0,12.962815,2243992.8,391.2838596,IT=13;13 ,ii
3556,UP 2,25.585,66352,48711496.0,12.966905,2102204.2,391.2840007,IT=13;13 ,ii
3557,UP 2,25.373,64804,48585280.0,12.97084,2120100.2,391.2840137,IT=13;13 ,ii
3558,UP 2,25.432,65712,49356768.0,12.974936,2141072.0,391.2839826,IT=13;13 ,ii
3559,UP 2,25.733,66044,49856628.0,12.979038,2374296.5,391.2838015,IT=13;13 ,ii
3560,UP 2,25.251,63428,48936684.0,12.983136,2225506.8,391.2838117,IT=13;13 ,ii
3561,UP 2,25.429,65100,48660832.0,12.987067,2202510.8,391.2839048,IT=13;13 ,ii
3562,UP 2,25.400,62708,48177116.0,12.991167,2138774.0,371.1009168,IT=13;13 ,ii
3563,UP 2,25.745,64044,48745072.0,12.995267,2245934.2,391.2839192,IT=13;13 ,ii
3564,UP 2,26.078,65784,48893340.0,12.999369,2123155.5,391.2838463,IT=13;13 ,ii
3565,UP 2,25.781,67956,48732984.0,13.0033,2084869.8,391.2839285,IT=13;13 ,ii
3566,UP 2,25.778,63616,48472292.0,13.007407,2100580.2,371.1010182,IT=13;13 ,ii
3567,UP 2,25.701,64204,48340076.0,13.011502,2216937.8,391.2839222,IT=13;13 ,ii
3568,UP 2,26.001,64972,48785768.0,13.015607,2214465.0,391.2838443,IT=13;13 ,ii
3569,UP 2,25.496,64132,48642324.0,13.019536,2285960.8,391.2839236,IT=13;13 ,ii
3570,UP 2,25.933,66564,49137748.0,13.023648,2302074.0,371.1009738,IT=13;13 ,ii
3571,UP 2,26.061,63344,47904848.0,13.027752,2130563.8,391.2839428,IT=13;13 ,ii
3572,UP 2,25.621,62500,48932172.0,13.031846,2399685.8,391.2839475,IT=13;13 ,ii
3573,UP 2,26.055,64236,48799672.0,13.035963,2174919.5,391.2839406,IT=13;13 ,ii
3574,UP 2,25.693,64712,48546728.0,13.040056,2199921.2,391.2838878,IT=13;13 ,ii
3575,UP 2,25.713,63976,49465860.0,13.044163,2358903.0,391.2839581,IT=13;13 ,ii
3576,UP 2,25.492,63200,48856544.0,13.048254,2437761.2,391.2838753,IT=13;13 ,ii
3577,UP 2,25.927,63288,48371688.0,13.052361,2186517.5,371.1009779,IT=13;13 ,ii
3578,UP 2,25.341,66104,49475388.0,13.056288,2281868.2,391.2839514,IT=13;13 ,ii
3580,UP 2,25.256,63764,48534964.0,13.060481,2116872.0,391.2839495,IT=13;13 ,ii
3581,UP 2,26.035,64876,47603096.0,13.064598,2107168.0,391.283941,IT=13;13 ,ii
3582,UP 2,25.345,65088,48303096.0,13.06869,2076504.9,371.1011211,IT=13;13 ,ii
3585,UP 2,25.866,66264,48217980.0,13.074469,2236134.2,391.2838651,IT=13;13 ,ii
3586,UP 2,26.048,65696,48462568.0,13.078417,2225853.8,391.2839242,IT=13;13 ,ii
3588,UP 2,25.123,66772,48542540.0,13.082594,2263684.8,391.2838342,IT=13;13 ,ii
3589,UP 2,25.333,66236,48781016.0,13.086694,2271227.0,391.2838694,IT=13;13 ,ii
3590,UP 2,26.002,65980,47344148.0,13.0908,2130593.8,391.2839881,IT=13;13 ,ii
3591,UP 2,26.028,65988,48109196.0,13.0949,2156105.8,391.2839133,IT=13;13 ,ii
3592,UP 2,25.629,64172,48341416.0,13.098835,2285734.2,391.2838908,IT=13;13 ,ii
3593,UP 2,25.014,66032,49861956.0,13.102925,2331101.0,371.1010339,IT=13;13 ,ii
3594,UP 2,25.527,63732,48932664.0,13.107029,2212415.8,391.2839975,IT=13;13 ,ii
3595,UP 2,26.205,64232,47972344.0,13.111137,2197872.5,391.2839428,IT=13;13 ,ii
3596,UP 2,25.172,66488,48767956.0,13.115058,2223730.8,391.283977,IT=13;13 ,ii
3597,UP 2,25.995,64932,48015244.0,13.119181,2147359.2,391.2839704,IT=13;13 ,ii
3598,UP 2,25.607,62644,48142200.0,13.123268,2159744.0,391.2839371,IT=13;13 ,ii
3599,UP 2,26.073,66144,49114784.0,13.127373,2233173.5,391.2838286,IT=13;13 ,ii
3600,UP 2,26.160,66288,48697624.0,13.13131,2287925.0,391.2838782,IT=13;13 ,ii
3601,UP 2,24.979,62036,48603800.0,13.135393,2288577.0,371.1011111,IT=12;12 ,ii
3603,UP 2,25.336,64172,48586476.0,13.139572,2293193.5,391.2839581,IT=13;13 ,ii
3605,UP 2,25.895,64720,48582164.0,13.143979,2266520.5,391.2838743,IT=13;13 ,ii
3606,UP 2,25.896,66388,50150140.0,13.147916,2315282.0,371.1010813,IT=13;13 ,ii
3610,UP 2,26.202,63732,48443560.0,13.155549,2208265.0,391.2839416,IT=13;13 ,ii
3611,UP 2,25.682,62420,48923564.0,13.159641,2222897.8,391.2839643,IT=13;13 ,ii
3614,UP 2,25.800,62800,47752904.0,13.165418,2221101.0,391.2839334,IT=13;13 ,ii
3615,UP 2,26.340,65308,48911772.0,13.169535,2294131.5,391.2838852,IT=13;13 ,ii
3616,UP 2,25.580,64068,48915608.0,13.173526,2288890.2,391.2839547,IT=13;13 ,ii
3617,UP 2,25.937,63592,48480696.0,13.177639,2296468.2,391.2839523,IT=13;13 ,ii
3618,UP 2,25.580,62288,48134336.0,13.181733,2169812.2,391.2839423,IT=13;13 ,ii
3619,UP 2,25.817,63340,48051684.0,13.185853,2266440.2,371.1010343,IT=13;13 ,ii
3620,UP 2,25.784,65248,48172348.0,13.189783,2194272.0,391.2840459,IT=13;13 ,ii
3622,UP 2,26.482,65632,48544588.0,13.193987,2091214.8,391.2838951,IT=13;13 ,ii
3623,UP 2,25.012,61548,48748084.0,13.198066,2353818.5,391.2839038,IT=13;13 ,ii
3624,UP 2,25.860,60148,48274576.0,13.202189,2177321.5,371.1009937,IT=13;13 ,ii
3625,UP 2,25.485,62736,48168260.0,13.20612,2265807.2,391.2840233,IT=13;13 ,ii
3627,UP 2,25.792,62988,48392180.0,13.210316,2275267.5,391.283884,IT=13;13 ,ii
3628,UP 2,25.767,63156,47960656.0,13.214418,2093205.8,391.2840664,IT=13;13 ,ii
3631,UP 2,26.069,63968,48533596.0,13.220214,2245848.0,391.2839672,IT=13;13 ,ii
3632,UP 2,26.351,64900,48335036.0,13.224318,2147761.0,391.2838828,IT=13;13 ,ii
3633,UP 2,25.433,61100,48306716.0,13.228405,2227916.8,391.2839113,IT=13;13 ,ii
3634,UP 2,25.851,63576,49183808.0,13.232343,2190128.2,391.2838846,IT=13;13 ,ii
3635,UP 2,26.452,64148,48417136.0,13.236457,2203005.0,371.1009282,IT=13;13 ,ii
3636,UP 2,25.402,65656,49393964.0,13.240538,2310173.0,391.2839063,IT=13;13 ,ii
3637,UP 2,24.895,62776,50359312.0,13.244624,2315840.0,391.2839524,IT=12;12 ,ii
3639,UP 2,25.933,63760,48816400.0,13.248855,2183479.0,391.2839779,IT=13;13 ,ii
3640,UP 2,25.916,62100,48530084.0,13.252953,2188456.0,391.2839475,IT=13;13 ,ii
3641,UP 2,25.588,61804,48515260.0,13.257049,2255084.5,391.2839265,IT=13;13 ,ii
3642,UP 2,25.083,60732,48420472.0,13.261149,2205569.0,391.2840415,IT=13;13 ,ii
3643,UP 2,25.531,64328,49244780.0,13.265086,2265145.2,431.2008557,IT=13;13 ,ii
3644,UP 2,26.207,62696,48239100.0,13.269199,2212590.8,391.2840114,IT=13;13 ,ii
3646,UP 2,25.449,62172,48280732.0,13.273394,2232542.2,371.1010295,IT=13;13 ,ii
3647,UP 2,25.812,65224,49975432.0,13.277503,2349658.0,431.2009317,IT=13;13 ,ii
3648,UP 2,25.712,62368,48977380.0,13.281603,2236564.2,371.1011152,IT=13;13 ,ii
3650,UP 2,25.946,60248,48758580.0,13.285801,2396590.2,431.2008979,IT=13;13 ,ii
3651,UP 2,25.008,63676,49590364.0,13.289892,2475505.2,431.2008861,IT=13;13 ,ii
3652,UP 2,25.248,63240,49319524.0,13.293994,2448152.5,431.2009521,IT=13;13 ,ii
3653,UP 2,25.704,63680,49469764.0,13.298096,2509750.2,431.2010383,IT=13;13 ,ii
3655,UP 2,25.558,63604,49757804.0,13.302282,2506920.8,431.200917,IT=13;13 ,ii
3656,UP 2,24.808,59072,48820240.0,13.306369,2477946.0,431.2009389,IT=12;12 ,ii
3657,UP 2,26.428,63260,49353396.0,13.31049,2608269.8,431.2008745,IT=13;13 ,ii
3658,UP 2,25.255,61872,49492176.0,13.314567,2576786.2,431.2011116,IT=13;13 ,ii
3660,UP 2,25.606,62536,49094172.0,13.318757,2553453.2,431.2010358,IT=13;13 ,ii
3661,UP 2,25.389,61856,49494760.0,13.322692,2685447.5,431.2010133,IT=13;13 ,ii
3665,UP 2,25.740,64400,49521680.0,13.330298,2648287.0,431.2009869,IT=13;13 ,ii
3666,UP 2,25.468,64232,51422232.0,13.334229,2824817.5,431.2009044,IT=13;13 ,ii
3667,UP 2,24.964,63092,50855736.0,13.338321,2788057.5,431.2009247,IT=12;12 ,ii
3668,UP 2,24.911,59412,49667736.0,13.342413,2835600.2,431.2012738,IT=12;12 ,ii
3671,UP 2,24.530,62016,51117548.0,13.348167,2937756.5,431.2011663,IT=12;12 ,ii
3672,UP 2,24.585,62872,50967296.0,13.352265,2977834.0,431.2009932,IT=12;12 ,ii
3673,UP 2,24.864,63600,51299184.0,13.356373,2893317.0,431.2008966,IT=12;12 ,ii
3674,UP 2,24.659,59392,50186152.0,13.360306,2940471.8,431.2011601,IT=12;12 ,ii
3675,UP 2,24.658,59724,49690724.0,13.364402,3047731.2,431.2010052,IT=12;12 ,ii
3676,UP 2,24.700,63968,50959916.0,13.368527,3059547.8,431.2009533,IT=12;12 ,ii
3677,UP 2,24.409,61100,50492096.0,13.372615,3064265.5,431.2010197,IT=12;12 ,ii
3680,UP 2,24.188,59184,50550884.0,13.378652,3121783.2,431.2008472,IT=12;12 ,ii
3681,UP 2,25.095,60160,50246556.0,13.382594,3163507.5,431.2009388,IT=13;13 ,ii
3682,UP 2,24.508,58596,49895624.0,13.386681,3259356.0,431.200896,IT=12;12 ,ii
3683,UP 2,24.350,59800,50649548.0,13.390767,3149768.2,431.2009481,IT=12;12 ,ii
3684,UP 2,24.487,60452,51437472.0,13.394865,3403177.8,431.2009637,IT=12;12 ,ii
3685,UP 2,24.793,59172,50575760.0,13.39895,3335648.5,431.2009699,IT=12;12 ,ii
3686,UP 2,24.319,60900,52047604.0,13.402871,3421288.0,431.2008468,IT=12;12 ,ii
3687,UP 2,24.751,63456,51511920.0,13.406962,3382684.2,431.2009605,IT=12;12 ,ii
3688,UP 2,24.170,60748,51171804.0,13.411039,3572825.5,431.2010041,IT=12;12 ,ii
3690,UP 2,24.009,60784,51247680.0,13.415391,3457420.8,431.2010169,IT=12;12 ,ii
3691,UP 2,23.638,58412,51517372.0,13.419308,3580211.0,431.2009751,IT=12;12 ,ii
3692,UP 2,23.608,61500,52208344.0,13.423396,3582451.5,431.2009793,IT=12;12 ,ii
3693,UP 2,23.412,58284,51944332.0,13.427475,3859015.0,431.2009275,IT=12;12 ,ii
3694,UP 2,23.319,57804,51572712.0,13.431558,3705728.2,431.2010113,IT=12;12 ,ii
3695,UP 2,24.258,60228,51982428.0,13.435493,3703530.2,431.2010176,IT=12;12 ,ii
3696,UP 2,23.556,59788,51997724.0,13.439573,3903864.0,431.2009753,IT=12;12 ,ii
3697,UP 2,24.140,60140,50519060.0,13.443681,3825412.8,431.2009119,IT=12;12 ,ii
3698,UP 2,23.954,57780,51084464.0,13.44777,3854131.8,431.2011123,IT=12;12 ,ii
3699,UP 2,23.881,61140,52576312.0,13.451856,3991714.5,431.2009153,IT=12;12 ,ii
3700,UP 2,23.193,60696,53027132.0,13.455941,4185616.8,431.2008541,IT=12;12 ,ii
3701,UP 2,23.741,59836,51394444.0,13.460035,3982852.5,431.2009634,IT=12;12 ,ii
3702,UP 2,23.505,61428,53268528.0,13.464114,4129968.5,431.2009222,IT=12;12 ,ii
3703,UP 2,23.623,62536,52796088.0,13.468212,4202984.0,431.2009276,IT=12;12 ,ii
3704,UP 2,23.707,60728,52504968.0,13.472133,4030425.5,431.2008082,IT=12;12 ,ii
3705,UP 2,23.374,58684,52399944.0,13.476216,4194975.0,431.2007941,IT=12;12 ,ii
3706,UP 2,23.167,61456,53848328.0,13.480295,4185650.0,431.2008799,IT=12;12 ,ii
3707,UP 2,23.873,61100,52557920.0,13.484389,4280530.0,431.200838,IT=12;12 ,ii
3708,UP 2,22.859,58384,52323388.0,13.488293,4340940.0,431.2009118,IT=11;11 ,ii
3709,UP 2,22.840,57824,52477996.0,13.492372,4447807.5,431.2010113,IT=11;11 ,ii
3710,UP 2,23.453,58192,53091444.0,13.496466,4410021.5,431.2008843,IT=12;12 ,ii
3711,UP 2,23.602,57012,52243016.0,13.500553,4339754.0,431.2009801,IT=12;12 ,ii
3712,UP 2,23.043,60464,53040360.0,13.504464,4455406.5,431.2009727,IT=12;12 ,ii
3713,UP 2,23.392,58708,52567848.0,13.508555,4460120.0,431.2009683,IT=12;12 ,ii
3714,UP 2,23.806,61288,52188952.0,13.512647,4601819.5,431.2008363,IT=12;12 ,ii
3715,UP 2,23.726,60456,52521008.0,13.516732,4724870.5,431.2009273,IT=12;12 ,ii
3716,UP 2,23.025,57728,51834212.0,13.520637,4499299.0,431.2008941,IT=12;12 ,ii
3717,UP 2,23.594,60460,53002876.0,13.524734,4594669.5,431.2008434,IT=12;12 ,ii
3718,UP 2,23.187,59608,52604968.0,13.528814,4599634.5,431.2008465,IT=12;12 ,ii
3719,UP 2,23.042,60028,53666824.0,13.532895,4752341.0,431.2006913,IT=12;12 ,ii
3720,UP 2,23.859,60272,52816896.0,13.536826,4781974.0,431.2008707,IT=12;12 ,ii
3721,UP 2,22.951,58700,53416508.0,13.540899,4852278.5,431.2009205,IT=11;11 ,ii
3722,UP 2,23.638,60168,52952708.0,13.544991,4915429.0,431.2009076,IT=12;12 ,ii
3723,UP 2,23.504,58664,51941708.0,13.549072,4776647.5,431.2008344,IT=12;12 ,ii
3724,UP 2,23.692,57404,53407848.0,13.552995,4995971.5,431.2008424,IT=12;12 ,ii
3725,UP 2,22.612,57664,52370844.0,13.557066,5013840.5,431.2008906,IT=11;11 ,ii
3726,UP 2,23.554,59356,51896560.0,13.561163,5016574.5,431.200966,IT=12;12 ,ii
3727,UP 2,23.628,58572,52521260.0,13.565249,4960098.5,431.2010011,IT=12;12 ,ii
3728,UP 2,23.723,59904,52082904.0,13.56917,4930441.5,431.2008352,IT=12;12 ,ii
3729,UP 2,24.169,59624,52485128.0,13.57327,5054201.0,431.2009821,IT=12;12 ,ii
3732,UP 2,23.716,57636,51838792.0,13.579305,5095646.5,431.200828,IT=12;12 ,ii
3733,UP 2,23.370,58224,52983880.0,13.583392,5198381.5,431.2008903,IT=12;12 ,ii
3734,UP 2,23.295,58436,53108644.0,13.587484,5076194.5,431.2007981,IT=12;12 ,ii
3736,UP 2,24.537,60180,52480204.0,13.593392,5117891.5,431.2009172,IT=12;12 ,ii
3737,UP 2,24.061,58212,52522904.0,13.597478,5177345.0,431.2008637,IT=12;12 ,ii
3738,UP 2,23.535,58784,52940524.0,13.601563,5256906.0,431.2008421,IT=12;12 ,ii
3739,UP 2,23.516,60808,53800580.0,13.605476,5368756.5,431.2008345,IT=12;12 ,ii
3740,UP 2,23.718,59300,52759500.0,13.609569,5328213.0,431.2008569,IT=12;12 ,ii
3741,UP 2,23.727,56304,52230204.0,13.613655,5324460.0,431.2008682,IT=12;12 ,ii
3742,UP 2,23.605,57700,52693644.0,13.617736,5416934.5,431.2008712,IT=12;12 ,ii
3743,UP 2,23.094,56940,52646720.0,13.621644,5331600.0,431.2008596,IT=12;12 ,ii
3744,UP 2,23.402,58720,52853952.0,13.625738,5496993.0,431.2009051,IT=12;12 ,ii
3746,UP 2,23.980,58680,52167752.0,13.629921,5576450.0,431.2008719,IT=12;12 ,ii
3747,UP 2,24.137,58348,53365280.0,13.634015,5559216.5,431.2008277,IT=12;12 ,ii
3748,UP 2,22.941,59068,54094232.0,13.637921,5738185.0,431.2009178,IT=11;11 ,ii
3750,UP 2,23.263,59164,52241792.0,13.642094,5721001.5,431.2010134,IT=12;12 ,ii
3751,UP 2,24.175,61472,53193072.0,13.646198,5596203.5,431.2008694,IT=12;12 ,ii
3752,UP 2,22.777,58284,52901604.0,13.650267,5473217.0,431.2009309,IT=11;11 ,ii
3753,UP 2,23.677,59732,52061072.0,13.654196,5710396.0,431.200949,IT=12;12 ,ii
3754,UP 2,23.896,61368,52594236.0,13.65829,5436945.5,431.2010068,IT=12;12 ,ii
3755,UP 2,23.490,58620,53126336.0,13.662369,5674051.0,431.2010005,IT=12;12 ,ii
3757,UP 2,22.882,56160,52835824.0,13.666715,5881252.0,431.2010845,IT=11;11 ,ii
3758,UP 2,23.138,55976,52103132.0,13.670646,5751323.0,431.2010062,IT=12;12 ,ii
3759,UP 2,23.652,57796,52691912.0,13.674756,5875556.5,431.200939,IT=12;12 ,ii
3760,UP 2,22.880,58980,53468244.0,13.678827,5870001.5,431.2009913,IT=11;11 ,ii
3761,UP 2,23.813,60128,53351496.0,13.682923,5996310.0,431.201009,IT=12;12 ,ii
3763,UP 2,23.947,56588,52788072.0,13.687273,5807772.5,431.2008936,IT=12;12 ,ii
3764,UP 2,24.975,60788,52074696.0,13.691221,5769772.5,431.2010809,IT=12;12 ,ii
3766,UP 2,24.078,59016,52400824.0,13.695406,5802294.5,431.2009484,IT=12;12 ,ii
3767,UP 2,23.661,58632,52638264.0,13.699494,5814949.5,431.2009762,IT=12;12 ,ii
3768,UP 2,23.115,58012,52733800.0,13.703571,5856247.0,431.2009282,IT=12;12 ,ii
3769,UP 2,23.507,57080,52131000.0,13.707496,5839472.5,431.2010267,IT=12;12 ,ii
3771,UP 2,24.125,58372,53158084.0,13.711685,6138960.5,431.2009522,IT=12;12 ,ii
3772,UP 2,24.015,59484,51696804.0,13.715775,5970330.0,431.201201,IT=12;12 ,ii
3774,UP 2,24.209,59856,52326484.0,13.720114,6039521.0,431.2008673,IT=12;12 ,ii
3775,UP 2,24.488,60912,52481992.0,13.724221,5943592.0,431.2010456,IT=12;12 ,ii
3776,UP 2,22.919,56120,51747344.0,13.728114,5991940.0,431.2009881,IT=11;11 ,ii
3777,UP 2,24.820,58544,52235280.0,13.732237,6053389.0,431.2010628,IT=12;12 ,ii
3778,UP 2,24.286,60264,53160116.0,13.736316,6064169.0,431.2009901,IT=12;12 ,ii
3779,UP 2,24.196,58884,51861968.0,13.740406,5972561.0,431.2009431,IT=12;12 ,ii
3780,UP 2,23.335,58124,52904588.0,13.74431,6301384.0,431.2009469,IT=12;12 ,ii
3781,UP 2,23.783,57284,52247288.0,13.748408,6173652.0,431.2010542,IT=12;12 ,ii
3784,UP 2,24.765,60932,51819832.0,13.754466,5923268.5,431.2008697,IT=12;12 ,ii
3785,UP 2,24.136,58772,52900460.0,13.758554,6194594.0,431.200807,IT=12;12 ,ii
3786,UP 2,24.608,60012,52691172.0,13.762656,5976938.0,431.2008211,IT=12;12 ,ii
3787,UP 2,24.589,57268,51147164.0,13.766583,6063688.0,431.2008186,IT=12;12 ,ii
3788,UP 2,23.977,58684,52521732.0,13.770668,6278747.0,431.200931,IT=12;12 ,ii
3790,UP 2,24.172,57444,52086380.0,13.774854,6325776.0,431.2008816,IT=12;12 ,ii
3791,UP 2,24.613,56764,51174548.0,13.778956,5967420.5,431.200964,IT=12;12 ,ii
3792,UP 2,24.302,59452,51874452.0,13.783043,6128423.5,431.2010153,IT=12;12 ,ii
3794,UP 2,24.502,60372,53549524.0,13.787218,6299261.0,431.2009791,IT=12;12 ,ii
3795,UP 2,24.371,59056,51589416.0,13.791304,6088528.0,431.2009348,IT=12;12 ,ii
3796,UP 2,24.366,60360,51457880.0,13.795389,6152393.0,431.2010492,IT=12;12 ,ii
3797,UP 2,24.378,58368,50316464.0,13.799478,6140215.0,431.2010711,IT=12;12 ,ii
3798,UP 2,24.743,58844,51437784.0,13.803406,6241543.0,431.2010415,IT=12;12 ,ii
3800,UP 2,25.668,60088,51223944.0,13.807597,6036650.0,431.201009,IT=13;13 ,ii
3801,UP 2,24.017,58160,52559236.0,13.81167,6351404.5,431.2009935,IT=12;12 ,ii
3802,UP 2,24.286,59012,51255104.0,13.815778,6116175.5,431.2010384,IT=12;12 ,ii
3804,UP 2,24.408,57788,51688992.0,13.819949,6299192.0,431.2010291,IT=12;12 ,ii
3805,UP 2,23.523,57476,52025604.0,13.824022,6335214.5,431.2010174,IT=12;12 ,ii
3806,UP 2,23.668,59356,52062832.0,13.82811,6280874.0,431.2010881,IT=12;12 ,ii
3809,UP 2,24.474,60608,51472016.0,13.833866,6281748.5,431.2010754,IT=12;12 ,ii
3810,UP 2,24.163,57388,51903444.0,13.837949,6442118.5,431.2010904,IT=12;12 ,ii
3811,UP 2,25.001,58612,51608628.0,13.842053,6431356.5,431.200979,IT=13;13 ,ii
3812,UP 2,24.956,59812,51724900.0,13.84598,6278674.5,431.2011693,IT=12;12 ,ii
3814,UP 2,25.026,57940,51107960.0,13.850162,6258406.5,431.2010373,IT=13;13 ,ii
3815,UP 2,24.739,59080,50395944.0,13.854259,6150228.0,431.2011551,IT=12;12 ,ii
3816,UP 2,24.831,60088,51248912.0,13.858347,6429360.0,431.2009802,IT=12;12 ,ii
3817,UP 2,25.325,58076,52091384.0,13.86228,6525039.0,431.2010064,IT=13;13 ,ii
3818,UP 2,24.336,59964,52006868.0,13.866366,6440368.5,431.2009625,IT=12;12 ,ii
3819,UP 2,24.323,56580,51541312.0,13.87048,6288615.5,431.2011599,IT=12;12 ,ii
3822,UP 2,24.680,58044,51443228.0,13.876503,6454946.5,431.2011077,IT=12;12 ,ii
3824,UP 2,23.891,58340,51854972.0,13.880738,6561512.5,431.2011287,IT=12;12 ,ii
3826,UP 2,24.459,56120,51362136.0,13.885136,6524427.0,431.2009772,IT=12;12 ,ii
3827,UP 2,24.768,56520,50165752.0,13.889067,6445068.0,431.20109,IT=12;12 ,ii
3828,UP 2,24.703,60260,51856916.0,13.893165,6436824.5,431.2011294,IT=12;12 ,ii
3830,UP 2,24.382,57920,51360512.0,13.897355,6568885.5,431.2010664,IT=12;12 ,ii
3831,UP 2,24.651,56660,50886004.0,13.901449,6534631.0,431.2011711,IT=12;12 ,ii
3832,UP 2,24.431,56000,50933700.0,13.905372,6389762.0,431.2009658,IT=12;12 ,ii
3833,UP 2,23.810,58724,51634024.0,13.909453,6442635.5,431.200953,IT=12;12 ,ii
3834,UP 2,23.802,58400,52045404.0,13.913536,6535882.0,431.2009597,IT=12;12 ,ii
3836,UP 2,24.826,59352,52503596.0,13.917713,6544374.0,431.2007169,IT=12;12 ,ii
3837,UP 2,23.829,57560,52262032.0,13.921788,6567525.0,431.2009673,IT=12;12 ,ii
3838,UP 2,25.452,58020,50892440.0,13.925759,6324218.5,431.2009639,IT=13;13 ,ii
3839,UP 2,24.243,59040,52717836.0,13.929851,6444582.0,431.2009528,IT=12;12 ,ii
3840,UP 2,24.956,58784,51578064.0,13.933948000000001,6628369.0,431.2010791,IT=12;12 ,ii
3842,UP 2,24.296,61280,52438868.0,13.93829,6485575.5,431.2009715,IT=12;12 ,ii
3843,UP 2,23.716,56824,52127888.0,13.942211,6563487.5,431.2009258,IT=12;12 ,ii
3844,UP 2,24.370,58220,52228340.0,13.946313,6495668.0,431.2009377,IT=12;12 ,ii
3845,UP 2,24.158,60520,53141448.0,13.950398,6753962.5,431.2009922,IT=12;12 ,ii
3846,UP 2,25.094,57948,51371900.0,13.954505,6495038.0,431.2009294,IT=13;13 ,ii
3847,UP 2,24.766,59264,51225180.0,13.958427,6320992.0,431.200864,IT=12;12 ,ii
3848,UP 2,24.746,56284,50827316.0,13.962527,6537103.0,431.2009673,IT=12;12 ,ii
3849,UP 2,24.450,57908,52086768.0,13.966615,6582120.5,431.2009694,IT=12;12 ,ii
3850,UP 2,24.838,60528,51854912.0,13.970709,6528447.5,431.2009774,IT=12;12 ,ii
3851,UP 2,24.974,60176,52228360.0,13.974638,6574036.0,431.2010394,IT=12;12 ,ii
3852,UP 2,24.221,56288,52229704.0,13.978719,6536735.0,431.2009486,IT=12;12 ,ii
3853,UP 2,25.092,60300,52140604.0,13.982825,6511792.5,431.2011125,IT=13;13 ,ii
3855,UP 2,23.580,57780,53036088.0,13.987006,6621572.0,431.2009477,IT=12;12 ,ii
3856,UP 2,23.685,61068,52114612.0,13.9911,6531461.0,431.2009457,IT=12;12 ,ii
3857,UP 2,24.110,58992,53360180.0,13.995025,6371910.0,431.2010751,IT=12;12 ,ii
3859,UP 2,24.378,57312,51715468.0,13.999383,6698259.0,431.2010995,IT=12;12 ,ii
3860,UP 2,25.453,59592,52324572.0,14.003494,6555035.0,431.2009723,IT=13;13 ,ii
3862,UP 2,25.181,59876,51619164.0,14.009423,6455098.0,431.2009755,IT=13;13 ,ii
3863,UP 2,25.174,58224,51320056.0,14.013525,6377192.0,431.2010576,IT=13;13 ,ii
3864,UP 2,24.679,58388,50833440.0,14.017617,6364735.5,431.2011192,IT=12;12 ,ii
3865,UP 2,24.273,60268,53261948.0,14.021525,6655631.0,431.2010298,IT=12;12 ,ii
3866,UP 2,24.959,58912,51816408.0,14.025629,6414683.0,431.2009822,IT=12;12 ,ii
3867,UP 2,24.181,63292,53087996.0,14.029704,6474084.5,431.2009678,IT=12;12 ,ii
3868,UP 2,24.779,56900,51712300.0,14.033821,6692060.0,431.2011022,IT=12;12 ,ii
3870,UP 2,24.944,58336,51726688.0,14.038,6363895.5,431.2010556,IT=12;12 ,ii
3871,UP 2,24.977,59468,51480660.0,14.042094,6465586.5,431.2009324,IT=12;12 ,ii
3872,UP 2,24.135,56984,52108584.0,14.046175,6506482.5,431.2010533,IT=12;12 ,ii
3873,UP 2,24.474,58452,52201012.0,14.050269,6408760.5,431.2009455,IT=12;12 ,ii
3874,UP 2,24.338,57064,51236796.0,14.054183,6404971.5,431.201032,IT=12;12 ,ii
3875,UP 2,25.126,59872,52749860.0,14.058289,6515462.5,431.2009691,IT=13;13 ,ii
3876,UP 2,24.414,57664,51539560.0,14.062364,6458338.5,431.2009495,IT=12;12 ,ii
3877,UP 2,25.514,60196,50720500.0,14.066468,6157034.5,431.2009737,IT=13;13 ,ii
3878,UP 2,24.265,56876,51597588.0,14.070372,6240003.5,431.2008592,IT=12;12 ,ii
3879,UP 2,24.850,63372,53404024.0,14.074473,6423712.0,431.2007331,IT=12;12 ,ii
3880,UP 2,23.650,58220,51217016.0,14.078539,6349921.0,431.2009083,IT=12;12 ,ii
3881,UP 2,24.903,60556,50628316.0,14.082675,6207480.0,431.200884,IT=12;12 ,ii
3882,UP 2,25.041,57676,52612484.0,14.086608,6368144.0,431.2008043,IT=13;13 ,ii
3883,UP 2,25.314,61160,52056832.0,14.090708,6125279.5,431.2008459,IT=13;13 ,ii
3884,UP 2,24.354,58516,51174396.0,14.094801,6162651.0,431.2010319,IT=12;12 ,ii
3886,UP 2,24.916,60024,51301880.0,14.098981,6194182.0,431.2008992,IT=12;12 ,ii
3887,UP 2,25.081,58264,51710576.0,14.103074,6288607.5,431.200836,IT=13;13 ,ii
3888,UP 2,24.879,60180,52054476.0,14.106997,6301712.0,431.2007664,IT=12;12 ,ii
3889,UP 2,24.477,59764,52615856.0,14.111083,6171945.0,431.2008113,IT=12;12 ,ii
3890,UP 2,24.828,58312,52660084.0,14.115172,6281419.0,431.2007885,IT=12;12 ,ii
3891,UP 2,24.965,59064,52174668.0,14.11927,6256653.5,431.2008922,IT=12;12 ,ii
3892,UP 2,24.829,59236,51346980.0,14.123195,6104420.5,431.2008941,IT=12;12 ,ii
3893,UP 2,25.392,60924,51199436.0,14.127299,6042103.0,431.2009364,IT=13;13 ,ii
3897,UP 2,25.475,61708,52083312.0,14.13488,6058371.5,431.2008449,IT=13;13 ,ii
3898,UP 2,25.532,61196,51337532.0,14.13882,6182315.0,431.2008953,IT=13;13 ,ii
3899,UP 2,24.775,60544,50620380.0,14.142909,5883134.0,431.2009086,IT=12;12 ,ii
3900,UP 2,25.710,59096,50828552.0,14.147018,6124832.0,431.2009064,IT=13;13 ,ii
3901,UP 2,25.243,60040,50918600.0,14.151107,5883103.0,431.201018,IT=13;13 ,ii
3902,UP 2,25.728,64212,51912308.0,14.155045,5974251.0,431.2010192,IT=13;13 ,ii
3904,UP 2,25.520,59440,50718676.0,14.159261,6023561.0,431.2010103,IT=13;13 ,ii
3905,UP 2,24.855,59928,51268348.0,14.163355,5860308.0,431.2009574,IT=12;12 ,ii
3906,UP 2,25.695,58808,49193852.0,14.167461,5714837.5,431.201116,IT=13;13 ,ii
3907,UP 2,25.825,61368,50556072.0,14.171397,5766129.5,431.2010131,IT=13;13 ,ii
3908,UP 2,25.378,59144,50635896.0,14.175491,5868595.5,431.2010494,IT=13;13 ,ii
3909,UP 2,26.329,63424,51035392.0,14.179601,5959135.5,431.2009056,IT=13;13 ,ii
3910,UP 2,26.152,62996,51021008.0,14.183699,5795391.0,431.2009521,IT=13;13 ,ii
3911,UP 2,25.378,61356,50071012.0,14.187628,5742792.0,431.2009386,IT=13;13 ,ii
3912,UP 2,25.808,59612,49814856.0,14.191732,5866985.0,431.2009297,IT=13;13 ,ii
3913,UP 2,25.645,58212,49945904.0,14.195826,5904380.0,431.2010118,IT=13;13 ,ii
3915,UP 2,25.439,61384,50563900.0,14.200201,5741332.5,431.2009706,IT=13;13 ,ii
3916,UP 2,25.186,61988,50898892.0,14.204303,5697982.5,431.200945,IT=13;13 ,ii
3917,UP 2,26.146,60276,49827548.0,14.208247,5580663.0,431.2009251,IT=13;13 ,ii
3918,UP 2,26.041,60144,50692480.0,14.212349,5785474.5,431.2009254,IT=13;13 ,ii
3919,UP 2,25.854,61836,50264644.0,14.216444,5629499.5,431.2010071,IT=13;13 ,ii
3920,UP 2,26.497,61560,50342336.0,14.220557,5709941.0,431.2009733,IT=13;13 ,ii
3922,UP 2,25.641,61016,50084720.0,14.224769,5708288.0,431.2008961,IT=13;13 ,ii
3923,UP 2,25.562,58904,50426424.0,14.228871,5769541.0,431.2009181,IT=13;13 ,ii
3924,UP 2,25.594,60304,50319264.0,14.23298,5505688.5,431.201003,IT=13;13 ,ii
3925,UP 2,25.929,62472,50151156.0,14.23708,5595429.5,431.2008267,IT=13;13 ,ii
3926,UP 2,26.071,60712,49652036.0,14.241017,5459956.0,431.2009433,IT=13;13 ,ii
3927,UP 2,25.836,60252,50665716.0,14.245115,5602383.0,431.20085,IT=13;13 ,ii
3928,UP 2,25.329,60668,49336404.0,14.249209,5431977.5,431.2009314,IT=13;13 ,ii
3929,UP 2,25.663,61976,50280260.0,14.253313,5495223.5,431.2008632,IT=13;13 ,ii
3931,UP 2,26.408,62692,49800944.0,14.259259,5384217.0,431.2008659,IT=13;13 ,ii
3932,UP 2,25.902,60080,49813096.0,14.263357,5447025.5,431.2007407,IT=13;13 ,ii
3933,UP 2,25.968,58880,48926876.0,14.267302,5278611.5,431.2009131,IT=13;13 ,ii
3934,UP 2,25.452,61840,51112312.0,14.271396,5576732.0,431.2009807,IT=13;13 ,ii
3936,UP 2,26.584,61692,49196820.0,14.275625,5405636.0,431.2008523,IT=13;13 ,ii
3938,UP 2,25.565,60872,50644968.0,14.280048,5525581.5,431.2008734,IT=13;13 ,ii
3939,UP 2,25.430,63588,51155788.0,14.284148,5376344.0,431.2008699,IT=13;13 ,ii
3941,UP 2,26.129,63304,50557536.0,14.288369,5304802.0,431.200813,IT=13;13 ,ii
3942,UP 2,26.612,61544,48705376.0,14.292482,5290739.0,431.2010731,IT=13;13 ,ii
3945,UP 2,26.518,59208,48363732.0,14.298548,5172603.0,431.2009006,IT=13;13 ,ii
3946,UP 2,26.020,63732,48484340.0,14.30265,5102057.0,431.201003,IT=13;13 ,ii
3947,UP 2,26.544,62088,48925324.0,14.306761,5278362.0,431.2010563,IT=13;13 ,ii
3949,UP 2,26.593,62276,49541668.0,14.311156,5289248.0,431.2009123,IT=13;13 ,ii
3950,UP 2,25.733,62116,48733076.0,14.315094,5247683.0,431.2008814,IT=13;13 ,ii
3951,UP 2,26.420,61148,48388352.0,14.319206,4986786.5,431.2009436,IT=13;13 ,ii
3952,UP 2,25.696,60052,48347360.0,14.3233,5074639.5,431.2007246,IT=13;13 ,ii
3953,UP 2,26.580,64792,49487024.0,14.327415,4947203.0,431.2010153,IT=13;13 ,ii
3954,UP 2,26.604,62536,49088336.0,14.331358,5087764.0,431.2010532,IT=13;13 ,ii
3956,UP 2,26.021,63720,49650064.0,14.335579,5015428.5,431.2008811,IT=13;13 ,ii
3957,UP 2,27.086,59792,48820312.0,14.339712,5221581.5,431.2007872,IT=14;14 ,ii
3958,UP 2,25.851,63460,49754440.0,14.343814,5019142.0,431.2008736,IT=13;13 ,ii
3959,UP 2,26.733,60596,49241392.0,14.347773,5133757.0,431.2007854,IT=13;13 ,ii
3960,UP 2,26.529,62492,48568628.0,14.351875,4915161.0,431.2009318,IT=13;13 ,ii
3961,UP 2,26.322,61156,48315960.0,14.355983,4920233.5,431.2008995,IT=13;13 ,ii
3962,UP 2,26.228,62772,49300604.0,14.360081,4983944.0,431.200804,IT=13;13 ,ii
3963,UP 2,26.403,61236,47851084.0,14.364023,4669238.5,431.2009363,IT=13;13 ,ii
3964,UP 2,27.306,60728,47304244.0,14.368145,4774769.5,431.2008775,IT=14;14 ,ii
3965,UP 2,27.145,64496,48664040.0,14.372252,4792509.0,431.2008822,IT=14;14 ,ii
3966,UP 2,26.720,65816,48629184.0,14.376354,4764036.0,431.200936,IT=13;13 ,ii
3967,UP 2,26.565,61072,48258188.0,14.380456,4830059.0,431.20091,IT=13;13 ,ii
3971,UP 2,27.773,64332,47934576.0,14.388083,4604427.0,431.2009936,IT=14;14 ,ii
3973,UP 2,26.833,62328,48166224.0,14.392531,4634605.5,431.200878,IT=13;13 ,ii
3974,UP 2,26.682,63680,48447084.0,14.396635,4666196.5,431.2009307,IT=13;13 ,ii
3976,UP 2,26.708,63060,48549944.0,14.400862,4711430.5,431.2008975,IT=13;13 ,ii
3977,UP 2,27.190,61032,47592280.0,14.404974,4543657.0,431.2009916,IT=14;14 ,ii
3978,UP 2,27.778,61660,46737832.0,14.409093,4496151.0,431.2009764,IT=14;14 ,ii
3979,UP 2,26.939,62316,48282024.0,14.413187,4633243.5,431.2009142,IT=13;13 ,ii
3980,UP 2,27.140,61348,47577208.0,14.417126,4466548.5,431.2010233,IT=14;14 ,ii
3984,UP 2,27.268,64248,47523532.0,14.424753,4481052.5,431.2009992,IT=14;14 ,ii
3985,UP 2,26.801,60604,47358740.0,14.428862,4501017.5,431.2009673,IT=13;13 ,ii
3986,UP 2,27.888,64052,47609800.0,14.432824,4303823.0,431.20102,IT=14;14 ,ii
3987,UP 2,27.157,61316,46273340.0,14.436928,4399874.5,431.2010627,IT=14;14 ,ii
3988,UP 2,27.994,62116,46770360.0,14.441049,4361651.5,431.2010854,IT=14;14 ,ii
3991,UP 2,27.314,60648,47447396.0,14.447147,4314530.0,431.200846,IT=14;14 ,ii
3992,UP 2,27.241,63492,46911868.0,14.451264,4260279.0,431.2010421,IT=14;14 ,ii
3994,UP 2,27.496,61216,47152276.0,14.455649,4274306.0,431.2009004,IT=14;14 ,ii
3995,UP 2,28.297,62524,47272212.0,14.459603,4275710.5,431.2010313,IT=14;14 ,ii
3996,UP 2,28.113,64340,47155152.0,14.463714,4170703.5,431.201122,IT=14;14 ,ii
3998,UP 2,28.022,62732,47280016.0,14.467937,4260312.0,431.201049,IT=14;14 ,ii
3999,UP 2,27.428,60628,47223676.0,14.472034,4222312.5,431.200955,IT=14;14 ,ii
4000,UP 2,27.344,63980,47667044.0,14.475986,4193937.0,431.2009218,IT=14;14 ,ii
4001,UP 2,27.785,60456,47487808.0,14.480114,4245458.5,431.2009226,IT=14;14 ,ii
4002,UP 2,27.411,61200,46640400.0,14.484224,3996684.5,431.2009577,IT=14;14 ,ii
4003,UP 2,27.704,60508,47133956.0,14.488339,4182058.8,431.2009395,IT=14;14 ,ii
4004,UP 2,27.546,60624,46891376.0,14.492438,4114230.2,431.2010038,IT=14;14 ,ii
4005,UP 2,27.284,61056,47305292.0,14.496395,4021023.8,431.2009544,IT=14;14 ,ii
4006,UP 2,27.548,62896,47122144.0,14.500503,4010987.8,431.2010609,IT=14;14 ,ii
4008,UP 2,27.766,62892,47982684.0,14.504728,4006494.8,431.2009678,IT=14;14 ,ii
4010,UP 2,27.579,61716,47017132.0,14.51069,3952984.8,431.2009091,IT=14;14 ,ii
4011,UP 2,26.714,61692,47351760.0,14.514792,4052067.5,431.2009454,IT=13;13 ,ii
4012,UP 2,26.844,61676,47667188.0,14.518736,4078913.5,431.2010377,IT=13;13 ,ii
4013,UP 2,26.853,60620,47709180.0,14.522844,4016887.8,431.2010348,IT=13;13 ,ii
4014,UP 2,27.589,60936,47007920.0,14.526953,3885608.2,431.2010916,IT=14;14 ,ii
4015,UP 2,27.609,60892,47382016.0,14.531061,3926984.0,431.2010079,IT=14;14 ,ii
4016,UP 2,27.835,59264,47325808.0,14.535169,3944578.8,431.2010312,IT=14;14 ,ii
4017,UP 2,27.920,60124,46951416.0,14.539115,3894639.5,431.2010848,IT=14;14 ,ii
4018,UP 2,27.431,61112,46478008.0,14.543219,3876274.5,431.2010122,IT=14;14 ,ii
4019,UP 2,28.048,62768,48213520.0,14.547334,3927219.5,431.2010311,IT=14;14 ,ii
4020,UP 2,27.602,58880,46391432.0,14.551436,3698805.8,431.2011394,IT=14;14 ,ii
4021,UP 2,27.228,60068,47168552.0,14.555378,3930161.5,431.2010779,IT=14;14 ,ii
4022,UP 2,26.876,59460,46339940.0,14.559473,3681542.0,431.2010891,IT=13;13 ,ii
4023,UP 2,28.224,62392,46759112.0,14.563617,3769949.0,431.2011279,IT=14;14 ,ii
4024,UP 2,27.641,63084,48137436.0,14.567717,3796328.8,431.2010226,IT=14;14 ,ii
4025,UP 2,27.441,59260,47087952.0,14.571657,3718550.5,431.2010863,IT=14;14 ,ii
4026,UP 2,27.077,58264,46466060.0,14.575759,3712406.0,431.2010205,IT=14;14 ,ii
4027,UP 2,27.882,63816,48096152.0,14.579877,3748571.0,431.2009986,IT=14;14 ,ii
4028,UP 2,27.783,63088,47823260.0,14.58399,3652428.2,431.2009928,IT=14;14 ,ii
4029,UP 2,27.429,63172,48276312.0,14.587927,3720413.0,431.2009061,IT=14;14 ,ii
4030,UP 2,27.913,60424,46688876.0,14.592132,3657620.8,431.2010841,IT=14;14 ,ii
4031,UP 2,27.839,61408,47295384.0,14.596242,3635538.8,431.2009537,IT=14;14 ,ii
4032,UP 2,26.820,61028,47852744.0,14.600361,3656372.2,431.2008808,IT=13;13 ,ii
4033,UP 2,26.997,60636,47956288.0,14.604465,3746614.2,431.2009503,IT=13;13 ,ii
4034,UP 2,27.701,61444,47512112.0,14.608419,3580341.0,431.2008279,IT=14;14 ,ii
4035,UP 2,27.522,61392,47053644.0,14.612531,3489488.8,431.2008858,IT=14;14 ,ii
4036,UP 2,27.230,58704,46870780.0,14.616644,3589058.0,431.2009454,IT=14;14 ,ii
4037,UP 2,26.838,60828,47036276.0,14.620738,3454288.2,431.2010166,IT=13;13 ,ii
4038,UP 2,27.850,60664,47606472.0,14.624698,3640480.2,431.2009334,IT=14;14 ,ii
4039,UP 2,27.512,59572,46882060.0,14.628806,3544201.5,431.200952,IT=14;14 ,ii
4040,UP 2,27.814,61128,46669064.0,14.632921,3487795.5,431.2009354,IT=14;14 ,ii
4041,UP 2,27.005,59388,48289300.0,14.637021,3522548.5,431.2008797,IT=14;14 ,ii
4042,UP 2,27.242,61072,46924760.0,14.640967,3495925.2,431.2009801,IT=14;14 ,ii
4043,UP 2,26.977,63208,48559976.0,14.645071,3415397.5,431.2008996,IT=13;13 ,ii
4044,UP 2,26.421,57448,47630596.0,14.649167,3340299.0,431.2010527,IT=13;13 ,ii
4045,UP 2,27.317,62460,47056148.0,14.653285,3504842.8,431.2009699,IT=14;14 ,ii
4047,UP 2,27.890,60704,47457828.0,14.657537,3318301.8,431.2009626,IT=14;14 ,ii
4049,UP 2,28.558,64364,47708932.0,14.661841,3291127.8,431.2009678,IT=14;14 ,ii
4050,UP 2,27.568,64156,48273944.0,14.665939,3323753.0,431.2009573,IT=14;14 ,ii
4051,UP 2,27.722,60492,46828272.0,14.670066,3342452.5,431.2009071,IT=14;14 ,ii
4052,UP 2,27.414,56832,46549796.0,14.674164,3193861.5,431.2010592,IT=14;14 ,ii
4053,UP 2,28.224,58564,46433396.0,14.678125,3036635.8,431.2009535,IT=14;14 ,ii
4054,UP 2,27.896,58392,45881616.0,14.682235,3077581.0,431.2009928,IT=14;14 ,ii
4055,UP 2,27.768,61788,46531788.0,14.68635,3045763.2,431.2009955,IT=14;14 ,ii
4056,UP 2,27.354,58236,47315244.0,14.690452,3025050.5,431.2009017,IT=14;14 ,ii
4057,UP 2,28.137,64624,47840928.0,14.694412,2966572.2,431.2009691,IT=14;14 ,ii
4058,UP 2,27.456,60296,46748144.0,14.698514,2991342.0,431.2009561,IT=14;14 ,ii
4059,UP 2,28.210,61136,46665216.0,14.702641,2862388.8,431.2009674,IT=14;14 ,ii
4061,UP 2,28.015,62028,47297444.0,14.707056,2776958.5,431.2009009,IT=14;14 ,ii
4062,UP 2,27.794,60944,46278388.0,14.711174,2726446.2,431.2009762,IT=14;14 ,ii
4063,UP 2,29.460,63412,46380476.0,14.71516,2665932.0,431.2007702,IT=15;15 ,ii
4064,UP 2,28.691,59652,46634888.0,14.719268,2496619.0,431.200977,IT=14;14 ,ii
4066,UP 2,28.337,63424,46628084.0,14.723501,2484108.5,431.2010211,IT=14;14 ,ii
4068,UP 2,28.094,61016,46441172.0,14.727943,2423978.5,431.2008824,IT=14;14 ,ii
4069,UP 2,28.324,59800,45708724.0,14.731899,2344496.5,431.2009144,IT=14;14 ,ii
4070,UP 2,27.607,57468,45699920.0,14.736014,2362725.0,431.2009396,IT=14;14 ,ii
4071,UP 2,28.502,60844,46048700.0,14.740145,2351829.5,391.2838988,IT=14;14 ,ii
4072,UP 2,28.930,59208,45062448.0,14.744272,2329124.2,431.2009069,IT=14;14 ,ii
4073,UP 2,28.795,61688,46111480.0,14.748235,2405438.5,391.2839864,IT=14;14 ,ii
4074,UP 2,29.311,61272,45184788.0,14.752357,2277659.5,391.283885,IT=15;15 ,ii
4075,UP 2,29.355,60964,45164164.0,14.756476,2317463.8,391.2839998,IT=15;15 ,ii
4077,UP 2,28.814,63528,45875860.0,14.76072,2210344.2,391.2838583,IT=14;14 ,ii
4078,UP 2,28.831,61808,45286820.0,14.764843,2379811.8,391.2838964,IT=14;14 ,ii
4080,UP 2,29.271,62124,44947104.0,14.769087,2282566.8,391.283894,IT=15;15 ,ii
4081,UP 2,28.557,62728,44466968.0,14.773203,2242403.8,391.2840548,IT=14;14 ,ii
4083,UP 2,29.666,61232,44307272.0,14.777457,2207557.2,391.2840075,IT=15;15 ,ii
4085,UP 2,28.950,59080,43235184.0,14.781932,2219575.2,371.1009607,IT=14;14 ,ii
4086,UP 2,28.775,59900,44911632.0,14.786045,2303360.2,371.1009984,IT=14;14 ,ii
4087,UP 2,29.445,62548,44903148.0,14.790005,2367127.8,391.2838173,IT=15;15 ,ii
4088,UP 2,29.271,59932,44038596.0,14.79412,2233425.5,391.2840173,IT=15;15 ,ii
4090,UP 2,29.514,61692,44702208.0,14.798374,2290708.2,391.2839293,IT=15;15 ,ii
4091,UP 2,30.031,61124,44643176.0,14.80252,2311860.8,391.2838245,IT=15;15 ,ii
4092,UP 2,29.528,58784,43603872.0,14.806465,2280280.8,391.2839504,IT=15;15 ,ii
4093,UP 2,30.273,64608,44552196.0,14.810597,2264464.0,391.2840324,IT=15;15 ,ii
4095,UP 2,29.854,60132,43938912.0,14.814853,2268549.2,391.2839195,IT=15;15 ,ii
4096,UP 2,29.678,61064,43646776.0,14.81899,2150261.5,391.2839702,IT=15;15 ,ii
4098,UP 2,29.998,62944,43586952.0,14.82342,2250910.2,391.2838795,IT=15;15 ,ii
4099,UP 2,29.448,61552,44128116.0,14.827365,2312502.8,391.283883,IT=15;15 ,ii
4100,UP 2,30.063,61120,43287736.0,14.831497,2190551.2,371.1010919,IT=15;15 ,ii
4101,UP 2,30.036,63956,43918080.0,14.835619,2285364.2,391.2840451,IT=15;15 ,ii
4103,UP 2,29.291,58736,42947324.0,14.84003,2234201.8,391.2839646,IT=15;15 ,ii
4104,UP 2,29.658,62568,44308192.0,14.844088,2256684.0,371.1010065,IT=15;15 ,ii
4105,UP 2,29.702,61816,44631244.0,14.848213,2282018.2,391.2839127,IT=15;15 ,ii
4106,UP 2,29.125,59108,43870608.0,14.852328,2283456.5,391.283979,IT=15;15 ,ii
4107,UP 2,30.034,61320,43461292.0,14.85648,2204526.5,391.2838349,IT=15;15 ,ii
4108,UP 2,30.271,63880,43581648.0,14.860609,2156472.2,391.2838789,IT=15;15 ,ii
4109,UP 2,29.877,64804,44323928.0,14.864582,2232342.5,391.2838127,IT=15;15 ,ii
4110,UP 2,28.983,59848,44145660.0,14.868698,2280590.0,391.2838226,IT=14;14 ,ii
4111,UP 2,30.223,61460,43123244.0,14.872853,2183436.5,391.2839834,IT=15;15 ,ii
4112,UP 2,30.027,61588,44139972.0,14.876988,2301723.5,391.283926,IT=15;15 ,ii
4113,UP 2,30.880,61600,43351840.0,14.880961,2201839.2,391.2839847,IT=15;15 ,ii
4114,UP 2,30.149,64484,44309388.0,14.885092,2257249.0,391.2840589,IT=15;15 ,ii
4116,UP 2,30.163,62824,43606188.0,14.889361,2203071.0,391.2839326,IT=15;15 ,ii
4117,UP 2,30.300,60456,43654008.0,14.893507,2261234.2,391.2839434,IT=15;15 ,ii
4118,UP 2,30.415,61192,43140928.0,14.897467,2250159.2,391.2840265,IT=15;15 ,ii
4120,UP 2,30.089,61872,42864576.0,14.901723,2170024.8,391.2839657,IT=15;15 ,ii
4121,UP 2,30.211,60364,43750480.0,14.90585,2266233.2,391.2838086,IT=15;15 ,ii
4122,UP 2,30.536,61892,42971488.0,14.909996,2275968.2,391.2838885,IT=15;15 ,ii
4123,UP 2,29.881,64400,43702936.0,14.914131,2309762.5,391.2838754,IT=15;15 ,ii
4124,UP 2,29.881,61884,43511124.0,14.918073,2157675.2,391.283937,IT=15;15 ,ii
4125,UP 2,30.740,63780,43359184.0,14.922213,2210676.0,391.2839006,IT=15;15 ,ii
4127,UP 2,30.059,62520,43798220.0,14.928217,2301399.0,391.2839714,IT=15;15 ,ii
4128,UP 2,30.624,62896,43328300.0,14.932352,2141708.2,391.2839201,IT=15;15 ,ii
4129,UP 2,31.521,63192,43268868.0,14.93649,2260040.8,391.2839164,IT=16;16 ,ii
4130,UP 2,30.622,62276,43147396.0,14.940604,2235204.5,391.2839796,IT=15;15 ,ii
4131,UP 2,30.140,62032,43937736.0,14.944552,2357192.0,391.283957,IT=15;15 ,ii
4135,UP 2,30.609,62448,43148288.0,14.952517,2144851.8,391.2838998,IT=15;15 ,ii
4136,UP 2,30.549,63652,43364924.0,14.956642,2198087.2,391.2839337,IT=15;15 ,ii
4137,UP 2,31.185,63700,43374876.0,14.960608,2250139.2,391.2840046,IT=16;16 ,ii
4139,UP 2,31.755,61376,43145252.0,14.964919,2224759.5,391.2840229,IT=16;16 ,ii
4142,UP 2,30.578,63080,43432184.0,14.971116,2265690.0,391.2838756,IT=15;15 ,ii
4143,UP 2,30.031,63300,43624904.0,14.975229,2147946.5,391.2839673,IT=15;15 ,ii
4144,UP 2,30.758,62564,43910244.0,14.979368,2296584.2,391.2839322,IT=15;15 ,ii
4145,UP 2,30.952,59512,42090788.0,14.983496,2141186.0,391.2838602,IT=15;15 ,ii
4146,UP 2,30.563,61748,43840068.0,14.987446,2372456.2,391.2839094,IT=15;15 ,ii
4147,UP 2,31.088,61796,43308636.0,14.991575,2211153.8,391.2838543,IT=16;16 ,ii
4149,UP 2,30.034,62260,43910312.0,14.995868,2307898.0,391.2838655,IT=15;15 ,ii
4150,UP 2,30.769,62316,43456284.0,15.000006,2241168.0,391.2837792,IT=15;15 ,ii
4151,UP 2,30.182,59980,43711780.0,15.003954,2402818.2,391.2838105,IT=15;15 ,ii
4152,UP 2,31.514,61896,42673052.0,15.008118,2132509.5,391.2838679,IT=16;16 ,ii
4153,UP 2,30.760,63500,43470416.0,15.012239,2239405.5,391.283922,IT=15;15 ,ii
4154,UP 2,30.728,62004,43500244.0,15.016366,2231220.8,391.2839101,IT=15;15 ,ii
4155,UP 2,30.302,63480,43014672.0,15.02032,2159236.0,391.2839795,IT=15;15 ,ii
4156,UP 2,29.903,62068,42903712.0,15.024279,2146686.5,391.2840408,IT=15;15 ,ii
4157,UP 2,30.249,61636,43607168.0,15.028412,2336655.2,391.2838767,IT=15;15 ,ii
4158,UP 2,30.657,61776,43064792.0,15.032549,2272627.2,391.2838924,IT=15;15 ,ii
4159,UP 2,30.039,63528,44203016.0,15.036662,2282148.0,391.283986,IT=15;15 ,ii
4160,UP 2,30.953,60556,42457896.0,15.040631,2194382.2,391.284012,IT=15;15 ,ii
4161,UP 2,30.990,65424,43868440.0,15.044762,2366020.0,391.2839005,IT=15;15 ,ii
4162,UP 2,30.979,64112,43684780.0,15.048889,2198713.2,391.2839783,IT=15;15 ,ii
4163,UP 2,30.552,59936,42469948.0,15.053008,2333041.5,391.2839475,IT=15;15 ,ii
4164,UP 2,30.682,63412,43330696.0,15.056964,2274561.0,391.283928,IT=15;15 ,ii
4165,UP 2,29.764,61240,43776216.0,15.061072,2248199.5,371.1010422,IT=15;15 ,ii
4166,UP 2,31.084,63780,43563660.0,15.065216,2403196.5,391.2838377,IT=16;16 ,ii
4167,UP 2,31.120,64168,43208208.0,15.069345,2179307.0,391.2839354,IT=16;16 ,ii
4168,UP 2,31.235,64540,43311124.0,15.073303,2113615.2,391.2839794,IT=16;16 ,ii
4169,UP 2,30.764,61976,43834420.0,15.077428,2312880.8,391.2839142,IT=15;15 ,ii
4170,UP 2,30.013,60040,42894844.0,15.081545,2266951.2,391.2839447,IT=15;15 ,ii
4171,UP 2,30.134,59496,42884392.0,15.085674,2203143.5,371.1010491,IT=15;15 ,ii
4172,UP 2,31.110,60712,42811096.0,15.089651,2329467.0,391.2838317,IT=16;16 ,ii
4173,UP 2,30.574,60648,43205376.0,15.093776,2294019.8,391.2838291,IT=15;15 ,ii
4174,UP 2,30.669,63180,44488984.0,15.097901,2331580.2,391.2838185,IT=15;15 ,ii
4175,UP 2,30.741,64352,43840812.0,15.102026,2310671.8,391.2838935,IT=15;15 ,ii
4176,UP 2,30.958,65680,43868664.0,15.106161,2315484.2,391.2838641,IT=15;15 ,ii
4177,UP 2,31.160,60656,42810308.0,15.110116,2081404.1,391.2839146,IT=16;16 ,ii
4178,UP 2,32.020,65716,42763728.0,15.114257,2166541.8,391.2838063,IT=16;16 ,ii
4179,UP 2,30.989,61816,43188296.0,15.118374,2305640.8,371.1009815,IT=15;15 ,ii
4180,UP 2,30.299,59372,42494928.0,15.122488,2177323.8,391.2839615,IT=15;15 ,ii
4181,UP 2,31.609,61100,43096976.0,15.12647,2275910.2,391.2838673,IT=16;16 ,ii
4182,UP 2,30.920,62452,43439576.0,15.130588,2245040.5,371.1009809,IT=15;15 ,ii
4183,UP 2,30.544,60712,41955084.0,15.134707,2154411.2,391.2839745,IT=15;15 ,ii
4184,UP 2,32.165,64448,42714572.0,15.138855,2166887.5,391.2839264,IT=16;16 ,ii
4185,UP 2,30.826,60876,42845624.0,15.142805,2284557.2,391.2838857,IT=15;15 ,ii
4186,UP 2,31.225,63064,42915772.0,15.146938,2307284.2,391.2838593,IT=16;16 ,ii
4187,UP 2,29.895,61432,42885764.0,15.151047,2276353.8,391.2837882,IT=15;15 ,ii
4188,UP 2,30.886,62324,43399216.0,15.155186,2263492.2,391.2838174,IT=15;15 ,ii
4189,UP 2,31.434,59344,42870164.0,15.159321,2275034.5,391.2837728,IT=16;16 ,ii
4190,UP 2,30.319,62668,43055276.0,15.163263,2244253.2,391.2838347,IT=15;15 ,ii
4191,UP 2,31.053,62736,42333596.0,15.167407,2168664.5,371.1009505,IT=16;16 ,ii
4192,UP 2,30.429,58932,42552540.0,15.171521,2322229.5,391.2838413,IT=15;15 ,ii
4193,UP 2,31.329,60620,42908612.0,15.175667,2256902.8,391.2839401,IT=16;16 ,ii
4195,UP 2,30.390,61136,42927576.0,15.179961,2207005.5,391.2837967,IT=15;15 ,ii
4196,UP 2,31.323,64700,43524408.0,15.184103,2314450.5,391.2837291,IT=16;16 ,ii
4197,UP 2,30.826,63732,43253136.0,15.188221,2194183.5,391.2839005,IT=15;15 ,ii
4198,UP 2,30.185,60488,43668988.0,15.192338,2322133.2,391.2838584,IT=15;15 ,ii
4199,UP 2,31.449,62936,43298652.0,15.196325,2326532.2,391.2838671,IT=16;16 ,ii
4200,UP 2,32.085,63576,42609940.0,15.200475,2206083.0,391.2838497,IT=16;16 ,ii
4201,UP 2,30.936,63832,43868892.0,15.204586,2366724.8,391.2838682,IT=15;15 ,ii
4202,UP 2,31.029,62268,42652292.0,15.208711,2274750.2,391.2840227,IT=16;16 ,ii
4204,UP 2,30.495,62640,43253032.0,15.213152,2367071.5,391.2838587,IT=15;15 ,ii
4205,UP 2,29.372,62476,42949148.0,15.2171,2286940.0,391.2841074,IT=15;15 ,ii
4207,UP 2,32.399,63792,42534328.0,15.221402,2213333.8,391.2838973,IT=16;16 ,ii
4208,UP 2,31.280,61248,42546732.0,15.225529,2276747.8,391.2840228,IT=16;16 ,ii
4210,UP 2,31.660,63340,43435876.0,15.229983,2357199.5,391.2838009,IT=16;16 ,ii
4211,UP 2,31.348,61332,43155616.0,15.234125,2367493.0,391.2838425,IT=16;16 ,ii
4212,UP 2,31.462,63860,42588824.0,15.238096,2267852.2,391.2838341,IT=16;16 ,ii
4213,UP 2,31.146,62820,42844696.0,15.242217,2247999.2,391.2838569,IT=16;16 ,ii
4214,UP 2,30.588,61748,42985484.0,15.246346,2304223.5,391.2839396,IT=15;15 ,ii
4215,UP 2,31.596,61716,42374372.0,15.250504,2187807.0,391.2839182,IT=16;16 ,ii
4216,UP 2,32.038,64576,42084128.0,15.254485,2172535.5,391.2839109,IT=16;16 ,ii
4217,UP 2,32.526,64492,42458004.0,15.258633,2189531.5,391.2838731,IT=16;16 ,ii
4218,UP 2,30.820,62024,41932148.0,15.262754,2240441.2,391.2839114,IT=15;15 ,ii
4219,UP 2,32.171,61752,41380728.0,15.266923,2145562.5,391.2840304,IT=16;16 ,ii
4220,UP 2,31.338,60720,41888636.0,15.270885,2252439.0,391.2840421,IT=16;16 ,ii
4222,UP 2,32.386,67700,42245484.0,15.275189,2114073.8,371.1011725,IT=16;16 ,ii
4224,UP 2,31.621,64708,42257476.0,15.279535,2202043.2,391.2841403,IT=16;16 ,ii
4226,UP 2,31.950,63776,41740184.0,15.284046,2218389.2,391.2839909,IT=16;16 ,ii
4227,UP 2,31.118,64656,42564532.0,15.288166,2268916.0,391.2838798,IT=16;16 ,ii
4228,UP 2,32.606,62672,41679932.0,15.292154,2292657.2,391.2838627,IT=16;16 ,ii
4229,UP 2,32.865,64152,42281368.0,15.296293,2341745.0,391.2839064,IT=16;16 ,ii
4231,UP 2,31.443,63212,41619420.0,15.300598,2210291.8,391.2838727,IT=16;16 ,ii
4232,UP 2,31.888,61836,42149052.0,15.304735,2354287.5,391.2838004,IT=16;16 ,ii
4233,UP 2,32.426,63060,41615924.0,15.308885,2172936.8,391.2839126,IT=16;16 ,ii
4234,UP 2,31.461,60524,41429832.0,15.312825,2288650.2,391.2839987,IT=16;16 ,ii
4236,UP 2,30.998,63160,41777868.0,15.317104,2210067.8,391.2839356,IT=15;15 ,ii
4237,UP 2,32.232,63452,41591112.0,15.32125,2230337.2,391.2839271,IT=16;16 ,ii
4238,UP 2,31.718,63660,41809492.0,15.325391,2217939.5,391.2839322,IT=16;16 ,ii
4239,UP 2,31.408,65172,42577344.0,15.329347,2217741.8,391.2838662,IT=16;16 ,ii
4240,UP 2,31.492,62676,41378960.0,15.333493,2127164.2,371.1009618,IT=16;16 ,ii
4241,UP 2,31.659,64824,42362764.0,15.337633,2311971.5,391.2839819,IT=16;16 ,ii
4243,UP 2,31.040,60768,42379240.0,15.342076,2357959.2,391.2839218,IT=16;16 ,ii
4244,UP 2,31.195,61728,41762816.0,15.346208,2233500.0,391.2840066,IT=16;16 ,ii
4245,UP 2,31.855,59216,41491212.0,15.350176,2255672.8,391.2839075,IT=16;16 ,ii
4246,UP 2,31.320,61648,41779288.0,15.354304,2321560.0,391.2838718,IT=16;16 ,ii
4247,UP 2,31.515,63740,41929240.0,15.358437,2207861.5,391.2839356,IT=16;16 ,ii
4248,UP 2,32.097,64364,41615912.0,15.362574,2209449.2,391.2839669,IT=16;16 ,ii
4249,UP 2,30.753,62152,41903152.0,15.366689,2292393.2,391.2839173,IT=15;15 ,ii
4250,UP 2,31.868,64000,42472960.0,15.370856,2389381.5,391.2838992,IT=16;16 ,ii
4251,UP 2,31.178,62716,42256636.0,15.374991,2260295.5,391.2838971,IT=16;16 ,ii
4252,UP 2,32.950,62900,41167228.0,15.379162,2217559.0,371.1010026,IT=16;16 ,ii
4253,UP 2,30.844,61072,42404820.0,15.383266,2297301.2,391.2838753,IT=15;15 ,ii
4254,UP 2,31.973,64312,41744876.0,15.387251,2268350.0,391.2840253,IT=16;16 ,ii
4256,UP 2,31.369,65020,43082508.0,15.391543,2318061.8,391.2838333,IT=16;16 ,ii
4257,UP 2,31.773,66248,43139228.0,15.395691,2316815.0,391.2839018,IT=16;16 ,ii
4259,UP 2,31.951,64144,41756676.0,15.400153,2268661.2,391.2839387,IT=16;16 ,ii
4260,UP 2,31.674,65656,42019356.0,15.404109,2246290.5,391.2839292,IT=16;16 ,ii
4261,UP 2,31.466,65520,42668556.0,15.408239,2338084.5,391.2838377,IT=16;16 ,ii
4262,UP 2,31.607,61996,41084604.0,15.412395,2166874.8,391.2839507,IT=16;16 ,ii
4263,UP 2,31.280,63936,41625512.0,15.416528,2110709.0,391.2839552,IT=16;16 ,ii
4264,UP 2,31.400,60240,41235960.0,15.420668,2261164.8,391.2839959,IT=16;16 ,ii
4265,UP 2,31.102,62268,42015716.0,15.424805,2196827.2,391.2839296,IT=16;16 ,ii
4266,UP 2,31.830,62380,42168296.0,15.428943,2282122.0,391.2840027,IT=16;16 ,ii
4267,UP 2,32.474,63160,42373672.0,15.433086,2287879.2,371.1010898,IT=16;16 ,ii
4268,UP 2,30.616,58504,41447008.0,15.437209,2347300.2,391.2840194,IT=15;15 ,ii
4269,UP 2,31.430,60668,41852904.0,15.441182,2267191.0,391.2841187,IT=16;16 ,ii
4271,UP 2,31.485,63228,42473488.0,15.445468,2353713.2,391.2839657,IT=16;16 ,ii
4272,UP 2,31.418,61696,41767976.0,15.449597,2209209.2,391.2841348,IT=16;16 ,ii
4275,UP 2,32.065,60820,41796040.0,15.455476,2319392.8,391.2839655,IT=16;16 ,ii
4276,UP 2,30.945,62184,41912548.0,15.45959,2235231.2,391.2840235,IT=15;15 ,ii
4277,UP 2,30.622,60760,42500132.0,15.463713,2274740.5,391.283918,IT=15;15 ,ii
4278,UP 2,30.945,61312,42742256.0,15.467671,2276372.5,391.2840188,IT=15;15 ,ii
4280,UP 2,31.273,60760,42162404.0,15.471961,2237350.0,391.2841028,IT=16;16 ,ii
4282,UP 2,30.462,63600,43000952.0,15.476298,2207034.0,391.2839764,IT=15;15 ,ii
4283,UP 2,31.839,61104,42245236.0,15.480449,2298171.0,391.2840372,IT=16;16 ,ii
4285,UP 2,31.685,63204,41986144.0,15.484934,2163023.8,391.2839656,IT=16;16 ,ii
4286,UP 2,30.370,63432,43393268.0,15.488875,2262189.2,391.2838992,IT=15;15 ,ii
4287,UP 2,30.867,60288,42663756.0,15.493007,2247940.0,391.283877,IT=15;15 ,ii
4288,UP 2,30.533,61980,42602796.0,15.497128,2182395.8,391.2839232,IT=15;15 ,ii
4290,UP 2,30.372,59224,42760968.0,15.50159,2256375.0,391.2838816,IT=15;15 ,ii
4291,UP 2,31.351,62464,42383216.0,15.505557,2241515.0,391.2837007,IT=16;16 ,ii
4292,UP 2,30.688,63536,43351144.0,15.509688,2180992.8,391.2839138,IT=15;15 ,ii
4293,UP 2,30.995,59248,43145800.0,15.513838,2380808.5,391.2838003,IT=15;15 ,ii
4294,UP 2,30.559,59620,43007636.0,15.517959,2326719.8,391.2839487,IT=15;15 ,ii
4296,UP 2,30.618,60664,42485560.0,15.522404,2129438.8,391.2840288,IT=15;15 ,ii
4297,UP 2,30.317,61384,43790748.0,15.526356,2293175.0,391.2838412,IT=15;15 ,ii
4298,UP 2,31.513,61128,42791860.0,15.530513,2262761.2,391.2838636,IT=16;16 ,ii
4299,UP 2,29.610,59876,43113492.0,15.534613,2378422.2,391.2838177,IT=15;15 ,ii
4300,UP 2,30.254,60432,43150744.0,15.538748,2255070.0,391.2837784,IT=15;15 ,ii
4301,UP 2,30.123,61956,44340040.0,15.542704,2394153.5,391.2837915,IT=15;15 ,ii
4302,UP 2,29.553,60628,43632196.0,15.546827,2333613.5,391.2837007,IT=15;15 ,ii
4303,UP 2,30.271,62468,43953664.0,15.550975,2287984.2,391.2838879,IT=15;15 ,ii
4304,UP 2,29.869,59684,43604376.0,15.5551,2258415.2,391.2837824,IT=15;15 ,ii
4305,UP 2,29.940,61072,44088664.0,15.559227,2300428.2,391.2837856,IT=15;15 ,ii
4306,UP 2,29.247,58548,42376168.0,15.563179,2236851.5,391.2837505,IT=15;15 ,ii
4307,UP 2,30.254,59480,42404904.0,15.567333,2129582.0,391.2839314,IT=15;15 ,ii
4308,UP 2,30.703,63864,44506156.0,15.571481,2346176.0,391.2838575,IT=15;15 ,ii
4309,UP 2,30.448,62488,43939896.0,15.575617,2213110.0,391.2839643,IT=15;15 ,ii
4310,UP 2,30.314,62816,44065868.0,15.579575,2176470.0,391.2839467,IT=15;15 ,ii
4311,UP 2,30.385,57360,42859204.0,15.583712,2280244.5,391.2840069,IT=15;15 ,ii
4312,UP 2,29.966,62768,43807440.0,15.587846,2170060.0,371.1010707,IT=15;15 ,ii
4313,UP 2,30.406,61612,44283436.0,15.591987,2283191.8,391.284004,IT=15;15 ,ii
4314,UP 2,29.716,60660,44401012.0,15.595935,2409078.8,391.2839362,IT=15;15 ,ii
4315,UP 2,29.748,60988,44291512.0,15.600064,2256220.0,391.2839892,IT=15;15 ,ii
4316,UP 2,29.075,59464,44461608.0,15.604183,2302105.5,391.2839863,IT=15;15 ,ii
4317,UP 2,30.007,61248,44464200.0,15.608318,2284045.2,391.2838943,IT=15;15 ,ii
4318,UP 2,30.094,57348,42910844.0,15.612279,2252262.0,391.2837722,IT=15;15 ,ii
4319,UP 2,29.977,59260,44329924.0,15.616404,2240831.5,391.2839385,IT=15;15 ,ii
4320,UP 2,30.552,61836,44608736.0,15.620543,2317662.5,391.2839667,IT=15;15 ,ii
4321,UP 2,30.989,60860,43423124.0,15.624679,2163521.5,391.2840768,IT=15;15 ,ii
4322,UP 2,30.040,60316,45038944.0,15.628791,2303609.8,391.2839267,IT=15;15 ,ii
4323,UP 2,28.677,59580,45201000.0,15.632729,2289027.2,391.2839539,IT=14;14 ,ii
4324,UP 2,29.490,59448,44318612.0,15.636868,2358863.8,391.2839644,IT=15;15 ,ii
4325,UP 2,29.186,58356,44634556.0,15.640989,2303161.8,391.2839577,IT=15;15 ,ii
4326,UP 2,28.979,61016,44699924.0,15.645104,2230652.5,371.1010904,IT=14;14 ,ii
4327,UP 2,29.035,60792,45475744.0,15.649058,2425436.0,391.2839289,IT=15;15 ,ii
4328,UP 2,30.213,61732,44659004.0,15.653189,2245339.2,391.2839703,IT=15;15 ,ii
4329,UP 2,29.634,62152,44596704.0,15.657312,2247098.8,391.2839854,IT=15;15 ,ii
4330,UP 2,29.119,59100,44929488.0,15.661424,2382113.5,391.2838752,IT=15;15 ,ii
4331,UP 2,29.230,63168,45566852.0,15.665381,2421860.5,371.1009972,IT=15;15 ,ii
4332,UP 2,29.703,57824,45639984.0,15.669503,2450517.8,391.2839473,IT=15;15 ,ii
4334,UP 2,29.641,58684,43968752.0,15.675505,2234444.8,391.2839391,IT=15;15 ,ii
4335,UP 2,29.491,61764,45396708.0,15.679624,2299814.0,391.2840634,IT=15;15 ,ii
4337,UP 2,28.915,61088,45154140.0,15.683887,2254093.0,391.2839662,IT=14;14 ,ii
4338,UP 2,29.690,57940,44227132.0,15.688016,2325859.0,391.2839958,IT=15;15 ,ii
4339,UP 2,29.899,59468,45179880.0,15.691968,2247169.2,371.1010378,IT=15;15 ,ii
4340,UP 2,29.003,60224,45704524.0,15.696078,2312291.5,391.2839717,IT=15;15 ,ii
4341,UP 2,29.233,60280,45204656.0,15.700201,2338536.5,391.2840284,IT=15;15 ,ii
4342,UP 2,29.024,61088,44972748.0,15.704318,2177628.5,391.2840493,IT=15;15 ,ii
4343,UP 2,28.617,58980,45271512.0,15.708264,2291386.2,391.2840564,IT=14;14 ,ii
4344,UP 2,29.285,60644,46067380.0,15.712386,2328485.2,391.2840921,IT=15;15 ,ii
4345,UP 2,28.653,59784,45198188.0,15.716497,2276188.2,391.2839906,IT=14;14 ,ii
4346,UP 2,28.909,62196,45570660.0,15.720609,2226406.5,391.2840056,IT=14;14 ,ii
4347,UP 2,29.958,59392,45225732.0,15.724741,2287352.2,391.2841357,IT=15;15 ,ii
4349,UP 2,29.282,59744,44804624.0,15.728995,2245251.2,391.2840378,IT=15;15 ,ii
4351,UP 2,29.640,60648,45370660.0,15.733316,2405136.2,391.2839948,IT=15;15 ,ii
4352,UP 2,29.297,59608,44528388.0,15.737432,2289657.8,371.1009951,IT=15;15 ,ii
4353,UP 2,29.568,59996,44446028.0,15.741551,2325183.5,391.2840054,IT=15;15 ,ii
4354,UP 2,29.670,59200,44490692.0,15.745518,2282379.2,391.2839794,IT=15;15 ,ii
4355,UP 2,29.281,57592,44916272.0,15.749634,2364039.5,371.1010182,IT=15;15 ,ii
4356,UP 2,30.072,60480,44754036.0,15.753765,2236139.2,391.2839666,IT=15;15 ,ii
4357,UP 2,29.284,62308,45569428.0,15.757884,2414903.5,391.2838962,IT=15;15 ,ii
4358,UP 2,29.321,59240,45178444.0,15.762007,2248990.8,391.2838981,IT=15;15 ,ii
4359,UP 2,29.160,60712,45168096.0,15.765957,2197383.8,391.2839421,IT=15;15 ,ii
4360,UP 2,29.902,61132,45191080.0,15.77009,2412421.8,391.2839072,IT=15;15 ,ii
4361,UP 2,29.404,60092,44936072.0,15.774217,2378331.8,391.2839773,IT=15;15 ,ii
4362,UP 2,30.645,60720,44187540.0,15.778357,2184257.8,391.2840873,IT=15;15 ,ii
4364,UP 2,30.143,62020,44862660.0,15.782788,2388080.5,391.2840232,IT=15;15 ,ii
4366,UP 2,30.216,59884,44522044.0,15.787101,2230069.5,371.1010609,IT=15;15 ,ii
4367,UP 2,30.722,61752,44252212.0,15.791246,2202441.5,391.2839962,IT=15;15 ,ii
4368,UP 2,29.259,60956,44989340.0,15.795367,2286802.0,391.2839487,IT=15;15 ,ii
4369,UP 2,29.848,62596,44639808.0,15.799511,2366641.8,391.2839971,IT=15;15 ,ii
4370,UP 2,29.564,59540,43857924.0,15.803475,2120834.5,391.2840623,IT=15;15 ,ii
4371,UP 2,29.721,61688,44934820.0,15.807609,2269357.2,391.2839161,IT=15;15 ,ii
4372,UP 2,30.568,58408,44922580.0,15.811757,2290415.2,371.1010934,IT=15;15 ,ii
4373,UP 2,29.945,59640,44839280.0,15.815886,2351997.8,391.2840493,IT=15;15 ,ii
4376,UP 2,30.179,60144,44330164.0,15.822004,2320652.8,391.2839604,IT=15;15 ,ii
4377,UP 2,30.582,63036,44796240.0,15.82614,2289357.0,391.2839422,IT=15;15 ,ii
4378,UP 2,30.440,59144,43385380.0,15.830098,2315196.8,391.2837533,IT=15;15 ,ii
4379,UP 2,30.304,61080,44596452.0,15.834236,2404703.2,391.2839601,IT=15;15 ,ii
4380,UP 2,29.755,60652,43912632.0,15.83835,2156780.2,371.1011076,IT=15;15 ,ii
4381,UP 2,30.086,59884,44596828.0,15.842479,2381354.5,391.2841066,IT=15;15 ,ii
4383,UP 2,29.931,61844,44452320.0,15.846746,2335920.8,391.2839882,IT=15;15 ,ii
4384,UP 2,30.684,60904,43744792.0,15.850886,2224628.5,391.2841056,IT=15;15 ,ii
4385,UP 2,30.689,62528,44558520.0,15.855025,2293611.5,391.2839635,IT=15;15 ,ii
4386,UP 2,31.091,60636,44613016.0,15.859156,2287273.5,391.2839575,IT=16;16 ,ii
4387,UP 2,29.818,61084,44474936.0,15.863269,2335117.5,371.1010957,IT=15;15 ,ii
4388,UP 2,30.434,61200,44607308.0,15.867404,2346106.2,391.28402,IT=15;15 ,ii
4389,UP 2,30.762,60480,44057072.0,15.871533,2272208.8,408.7141633,IT=15;15 ,ii
4390,UP 2,30.612,61344,45135952.0,15.87566,2563257.2,391.2838907,IT=15;15 ,ii
4391,UP 2,30.925,60772,43625596.0,15.879792,2241016.0,408.7142007,IT=15;15 ,ii
4392,UP 2,30.541,59320,43722024.0,15.883748,2248808.8,391.2838821,IT=15;15 ,ii
4393,UP 2,30.215,63248,44292088.0,15.887883,2269341.8,391.2839034,IT=15;15 ,ii
4394,UP 2,31.526,62520,43136228.0,15.892027,2170868.2,391.2840189,IT=16;16 ,ii
4396,UP 2,31.641,62204,43623156.0,15.896489,2242329.5,391.2839558,IT=16;16 ,ii
4397,UP 2,30.321,60924,44278828.0,15.900431,2436105.8,391.2841018,IT=15;15 ,ii
4399,UP 2,31.287,61280,43704112.0,15.904737,2391831.0,391.2838538,IT=16;16 ,ii
4400,UP 2,30.560,60916,43959572.0,15.908869,2312892.8,408.7141146,IT=15;15 ,ii
4401,UP 2,30.352,59788,43933092.0,15.912989,2477216.0,391.2838542,IT=15;15 ,ii
4402,UP 2,30.817,60040,42936640.0,15.917133,2325413.5,391.2840013,IT=15;15 ,ii
4403,UP 2,31.325,62700,43266048.0,15.921106,2313593.0,391.2839609,IT=16;16 ,ii
4404,UP 2,31.008,58984,42815956.0,15.925241,2256143.0,408.7141513,IT=16;16 ,ii
4405,UP 2,31.213,63644,44442856.0,15.929393,2415789.2,391.2838992,IT=16;16 ,ii
4406,UP 2,31.156,59220,43284812.0,15.933539,2358956.5,391.2838597,IT=16;16 ,ii
4407,UP 2,31.697,59512,42327900.0,15.937518,2287659.0,391.2839927,IT=16;16 ,ii
4408,UP 2,32.994,62968,42315376.0,15.941677,2297649.2,408.7141796,IT=16;16 ,ii
4409,UP 2,30.466,61428,43959544.0,15.945789,2399100.0,391.2839324,IT=15;15 ,ii
4410,UP 2,30.933,65588,43977724.0,15.949935,2336958.5,408.7141842,IT=15;15 ,ii
4411,UP 2,32.362,63168,43109000.0,15.954106,2297203.0,391.2840807,IT=16;16 ,ii
4415,UP 2,31.413,58708,41906752.0,15.961789,2196840.2,391.2840014,IT=16;16 ,ii
4416,UP 2,30.939,59568,44192072.0,15.96592,2344588.0,408.7141157,IT=15;15 ,ii
4417,UP 2,31.084,60076,43395084.0,15.970049,2365519.2,408.7143675,IT=16;16 ,ii
4419,UP 2,31.245,62556,43421920.0,15.974356,2288822.8,391.2841105,IT=16;16 ,ii
4421,UP 2,31.576,61360,44200020.0,15.978687,2437017.8,391.2840164,IT=16;16 ,ii
4422,UP 2,31.522,61748,43619484.0,15.982833,2476771.2,391.283918,IT=16;16 ,ii
4423,UP 2,31.394,59572,42922036.0,15.986974,2320722.5,408.7140902,IT=16;16 ,ii
4424,UP 2,31.979,57888,42525772.0,15.990949,2354979.5,408.7139896,IT=16;16 ,ii
4425,UP 2,30.845,58464,42814564.0,15.995068,2309052.5,408.7140034,IT=15;15 ,ii
4426,UP 2,31.561,62556,43657632.0,15.999205,2366879.8,408.7141889,IT=16;16 ,ii
4428,UP 2,31.301,60960,42233400.0,16.003491,2363337.8,408.7139924,IT=16;16 ,ii
4429,UP 2,31.456,60936,42881040.0,16.007635,2422450.2,408.7142148,IT=16;16 ,ii
4430,UP 2,31.301,60328,43569136.0,16.011607,2382296.5,391.2839464,IT=16;16 ,ii
4431,UP 2,32.031,61680,43045828.0,16.015745,2271185.0,408.7142826,IT=16;16 ,ii
4432,UP 2,32.007,62228,42861836.0,16.019895,2364433.5,391.2840608,IT=16;16 ,ii
4433,UP 2,32.136,61092,43026872.0,16.024039,2391422.8,408.714314,IT=16;16 ,ii
4434,UP 2,32.218,63156,43167108.0,16.028016,2285889.8,408.7143146,IT=16;16 ,ii
4435,UP 2,30.826,59324,43204844.0,16.03212,2492476.5,408.7142302,IT=15;15 ,ii
4436,UP 2,31.507,58612,43232016.0,16.036278,2334134.0,408.7143101,IT=16;16 ,ii
4437,UP 2,31.473,61204,43639752.0,16.04043,2380681.0,408.7143341,IT=16;16 ,ii
4438,UP 2,31.054,59240,43591136.0,16.044395,2455721.5,408.7142749,IT=16;16 ,ii
4439,UP 2,31.610,64120,44021252.0,16.048528,2480061.0,408.714222,IT=16;16 ,ii
4440,UP 2,31.641,62120,43785864.0,16.052659,2451328.0,391.2839623,IT=16;16 ,ii
4441,UP 2,32.497,63032,42645756.0,16.056807,2271379.0,408.714148,IT=16;16 ,ii
4442,UP 2,30.857,63228,44243100.0,16.06092,2405038.5,391.2839149,IT=15;15 ,ii
4443,UP 2,30.406,58976,43055592.0,16.06488,2368799.0,408.7142503,IT=15;15 ,ii
4444,UP 2,31.876,61588,42490896.0,16.069026,2391277.5,408.7141543,IT=16;16 ,ii
4445,UP 2,31.210,59504,43178500.0,16.073142,2429552.2,408.7142302,IT=16;16 ,ii
4446,UP 2,30.666,59024,42676804.0,16.077265,2308247.2,408.7142678,IT=15;15 ,ii
4447,UP 2,31.015,60696,43731940.0,16.081226,2456670.2,408.7142831,IT=16;16 ,ii
4448,UP 2,31.901,59900,42290852.0,16.085363,2315815.2,408.7143007,IT=16;16 ,ii
4449,UP 2,32.389,62488,43376028.0,16.089505,2419749.0,408.7141102,IT=16;16 ,ii
4450,UP 2,31.759,59264,42549756.0,16.093638,2393413.0,408.7141733,IT=16;16 ,ii
4451,UP 2,31.903,59108,42571552.0,16.097607,2392523.5,391.2840163,IT=16;16 ,ii
4452,UP 2,30.708,59052,43239768.0,16.101723,2383144.8,408.7143586,IT=15;15 ,ii
4454,UP 2,32.007,61988,42473060.0,16.106042,2362387.2,408.7141143,IT=16;16 ,ii
4455,UP 2,31.873,59424,42595984.0,16.110178,2327286.8,408.7141654,IT=16;16 ,ii
4456,UP 2,32.257,61972,42208848.0,16.114317,2193850.0,391.2839871,IT=16;16 ,ii
4457,UP 2,32.038,58616,42761444.0,16.118453,2368844.8,391.2839479,IT=16;16 ,ii
4458,UP 2,31.732,62404,43103940.0,16.12259,2375834.2,408.7142405,IT=16;16 ,ii
4459,UP 2,31.952,59952,43384520.0,16.126738,2381244.5,408.7142474,IT=16;16 ,ii
4460,UP 2,31.256,61760,43501340.0,16.130873,2397146.0,408.714193,IT=16;16 ,ii
4461,UP 2,31.329,58624,43218848.0,16.134844,2405356.0,371.1009976,IT=16;16 ,ii
4462,UP 2,31.251,61292,43188932.0,16.138975,2354251.0,391.2839934,IT=16;16 ,ii
4463,UP 2,32.086,61472,43530040.0,16.143132,2416180.8,391.2839724,IT=16;16 ,ii
4464,UP 2,32.380,61412,42893500.0,16.147288,2291759.0,408.7141935,IT=16;16 ,ii
4465,UP 2,31.136,62212,43665844.0,16.151413,2379788.0,408.7140873,IT=16;16 ,ii
4466,UP 2,31.594,61984,42880836.0,16.155394,2373210.8,408.7142071,IT=16;16 ,ii
4467,UP 2,32.658,61628,42397240.0,16.159546,2294023.5,408.7143109,IT=16;16 ,ii
4468,UP 2,30.503,58928,42445152.0,16.163663,2322382.2,408.7142696,IT=15;15 ,ii
4469,UP 2,32.081,61904,43387844.0,16.167829,2325672.2,391.2841163,IT=16;16 ,ii
4471,UP 2,31.792,60344,42738500.0,16.172123,2301476.2,391.2839676,IT=16;16 ,ii
4473,UP 2,31.337,58424,42252576.0,16.177173,2304589.8,408.7141837,IT=16;16 ,ii
4474,UP 2,31.173,57612,42521476.0,16.1813,2333436.8,408.7142083,IT=16;16 ,ii
4476,UP 2,32.207,61608,42366144.0,16.185631,2376208.8,408.714301,IT=16;16 ,ii
4477,UP 2,31.919,61796,42854672.0,16.189763,2295122.5,391.283991,IT=16;16 ,ii
4478,UP 2,32.023,60804,42526288.0,16.193729,2371936.2,408.7142488,IT=16;16 ,ii
4479,UP 2,31.843,60956,43510204.0,16.197864,2414372.8,391.2840154,IT=16;16 ,ii
4480,UP 2,31.065,60968,42853892.0,16.201987,2298031.0,391.2840201,IT=16;16 ,ii
4481,UP 2,31.336,63616,43540688.0,16.206123,2376311.2,391.2840178,IT=16;16 ,ii
4482,UP 2,31.711,61208,41967816.0,16.210264,2223659.2,408.7143425,IT=16;16 ,ii
4483,UP 2,31.358,60572,43031736.0,16.214227,2340704.0,391.2840499,IT=16;16 ,ii
4484,UP 2,31.123,62852,43245760.0,16.218356,2326465.0,408.714256,IT=16;16 ,ii
4485,UP 2,31.415,60356,42995012.0,16.222489,2396046.2,391.284126,IT=16;16 ,ii
4486,UP 2,30.868,58444,42458308.0,16.226612,2250084.5,408.7143627,IT=15;15 ,ii
4487,UP 2,31.914,61468,42624956.0,16.230594,2292212.8,391.2841647,IT=16;16 ,ii
4489,UP 2,32.505,65024,43028548.0,16.234902,2457613.5,391.2838739,IT=16;16 ,ii
4490,UP 2,32.263,62760,41836696.0,16.239037,2300811.8,391.284007,IT=16;16 ,ii
4491,UP 2,32.692,63168,43013916.0,16.243183,2351823.0,391.2839191,IT=16;16 ,ii
4492,UP 2,31.356,60248,42980980.0,16.247143,2419415.8,391.2839947,IT=16;16 ,ii
4493,UP 2,32.367,62976,42651564.0,16.2513,2446672.5,391.2839337,IT=16;16 ,ii
4494,UP 2,32.191,60392,42217324.0,16.255433,2287261.8,391.2840315,IT=16;16 ,ii
4495,UP 2,32.080,60056,42599852.0,16.259568,2382101.5,391.284061,IT=16;16 ,ii
4497,UP 2,32.870,61180,42208736.0,16.264041,2318727.0,391.2840831,IT=16;16 ,ii
4498,UP 2,31.921,57800,42184960.0,16.267997,2395175.0,391.2841735,IT=16;16 ,ii
4500,UP 2,32.254,60552,41436440.0,16.272312,2207497.2,371.1011818,IT=16;16 ,ii
4501,UP 2,31.246,60180,42010996.0,16.276437,2330970.0,391.2840879,IT=16;16 ,ii
4502,UP 2,31.829,58164,42101564.0,16.280585,2263945.0,391.2841284,IT=16;16 ,ii
4503,UP 2,32.320,60132,41951852.0,16.284729,2324934.0,391.2841038,IT=16;16 ,ii
4505,UP 2,32.533,63264,41642820.0,16.289028,2229819.5,391.2840875,IT=16;16 ,ii
4506,UP 2,31.610,59940,41852496.0,16.293145,2273908.2,408.7143694,IT=16;16 ,ii
4507,UP 2,32.876,62364,42474528.0,16.297308,2313782.0,391.2840072,IT=16;16 ,ii
4508,UP 2,32.473,59632,42085892.0,16.301449,2320925.8,391.2840117,IT=16;16 ,ii
4509,UP 2,33.395,61460,41073092.0,16.305443,2172308.2,391.2840398,IT=17;17 ,ii
4510,UP 2,33.655,60760,41331956.0,16.309595,2296635.0,391.2840144,IT=17;17 ,ii
4511,UP 2,32.838,59368,41397016.0,16.313733,2262527.2,391.2840674,IT=16;16 ,ii
4512,UP 2,32.524,60704,41732996.0,16.317878,2439617.2,391.2839762,IT=16;16 ,ii
4513,UP 2,34.113,61580,41393484.0,16.321883,2281504.5,391.2840916,IT=17;17 ,ii
4515,UP 2,33.113,60072,40997276.0,16.326193,2245826.8,391.2839361,IT=17;17 ,ii
4516,UP 2,32.619,61040,42047140.0,16.330349,2339387.2,391.284037,IT=16;16 ,ii
4518,UP 2,32.161,62880,41705584.0,16.334645,2331403.8,391.2839967,IT=16;16 ,ii
4519,UP 2,33.748,62164,41110836.0,16.338805,2280840.8,371.101079,IT=17;17 ,ii
4520,UP 2,32.106,58120,41152244.0,16.342932,2235937.5,371.1011148,IT=16;16 ,ii
4521,UP 2,32.860,62432,41324660.0,16.347078,2220326.2,371.1012057,IT=16;16 ,ii
4523,UP 2,33.653,62900,42126052.0,16.351397,2397761.8,391.284002,IT=17;17 ,ii
4524,UP 2,32.477,61344,41658688.0,16.35552,2277824.8,391.2840213,IT=16;16 ,ii
4525,UP 2,34.096,63600,41641608.0,16.359707,2243860.5,391.2840847,IT=17;17 ,ii
4526,UP 2,32.933,59644,41070344.0,16.363655,2213978.0,391.2841603,IT=16;16 ,ii
4528,UP 2,33.075,60228,41102672.0,16.367965,2331558.5,391.2840093,IT=17;17 ,ii
4529,UP 2,32.910,59892,41362460.0,16.372097,2324588.5,391.2839917,IT=16;16 ,ii
4530,UP 2,32.118,60188,42242972.0,16.37622,2341256.5,371.1010683,IT=16;16 ,ii
4531,UP 2,32.995,58372,41561232.0,16.380199,2494993.8,391.2840779,IT=16;16 ,ii
4533,UP 2,32.982,59380,40122736.0,16.384511,2198996.5,391.2838373,IT=16;16 ,ii
4534,UP 2,33.161,60896,41561064.0,16.388647,2304173.5,371.1010721,IT=17;17 ,ii
4535,UP 2,32.648,59520,41524612.0,16.392778,2349338.0,391.2840615,IT=16;16 ,ii
4537,UP 2,33.095,61708,41145948.0,16.397255,2236152.2,391.2840517,IT=17;17 ,ii
4539,UP 2,33.061,61816,41518720.0,16.40164,2297485.2,391.2839746,IT=17;17 ,ii
4540,UP 2,32.365,57204,41200788.0,16.405765,2367815.0,391.2839825,IT=16;16 ,ii
4541,UP 2,33.856,58064,40695708.0,16.409926,2396044.0,391.2840141,IT=17;17 ,ii
4542,UP 2,33.655,61344,40246140.0,16.414061,2225256.2,391.2839943,IT=17;17 ,ii
4543,UP 2,33.706,62256,41468524.0,16.418203,2412506.5,391.2839588,IT=17;17 ,ii
4544,UP 2,33.493,60948,40712036.0,16.422171,2245912.0,391.2840491,IT=17;17 ,ii
4545,UP 2,33.314,60336,40818508.0,16.426311,2281757.5,391.2841122,IT=17;17 ,ii
4546,UP 2,33.510,60564,40074288.0,16.430475,2236664.8,371.1011774,IT=17;17 ,ii
4547,UP 2,32.787,61852,40892804.0,16.4346,2248368.2,391.2840691,IT=16;16 ,ii
4548,UP 2,33.224,62708,40798484.0,16.438573,2286620.5,371.1011458,IT=17;17 ,ii
4549,UP 2,33.277,60124,41100652.0,16.442715,2378682.0,391.2840401,IT=17;17 ,ii
4550,UP 2,33.151,59900,40812876.0,16.446873,2350932.0,371.1011588,IT=17;17 ,ii
4551,UP 2,33.902,61972,40976360.0,16.451027,2254748.2,391.2839729,IT=17;17 ,ii
4552,UP 2,35.228,60420,40019496.0,16.455025,2237744.0,391.2839957,IT=18;18 ,ii
4553,UP 2,34.540,62372,40022076.0,16.459161,2244144.5,391.2841059,IT=17;17 ,ii
4556,UP 2,34.587,61132,40382676.0,16.46509,2259720.0,371.1009971,IT=17;17 ,ii
4557,UP 2,33.382,62232,40505576.0,16.469211,2360067.8,391.2840278,IT=17;17 ,ii
4558,UP 2,33.867,59964,39785528.0,16.473358,2188117.2,391.2840052,IT=17;17 ,ii
4559,UP 2,35.016,61000,39343104.0,16.477519,2295333.5,391.2841416,IT=18;18 ,ii
4561,UP 2,34.122,57860,39250104.0,16.48185,2232037.2,391.2839834,IT=17;17 ,ii
4562,UP 2,34.454,60640,39894896.0,16.486002,2297650.2,391.284063,IT=17;17 ,ii
4563,UP 2,33.358,61200,39661336.0,16.490121,2245343.2,391.2840557,IT=17;17 ,ii
4564,UP 2,34.694,61612,39681488.0,16.494283,2237370.2,391.28404,IT=17;17 ,ii
4565,UP 2,34.376,61752,39828768.0,16.498421,2285789.5,391.284107,IT=17;17 ,ii
4567,UP 2,33.638,60756,40000380.0,16.502762,2274945.5,391.2840296,IT=17;17 ,ii
4569,UP 2,34.909,61292,39726464.0,16.508844,2391306.5,391.2840326,IT=17;17 ,ii
4570,UP 2,34.261,61472,39680236.0,16.512821,2308984.5,391.2840033,IT=17;17 ,ii
4571,UP 2,34.709,59916,39189412.0,16.516981,2262347.0,391.2839287,IT=17;17 ,ii
4572,UP 2,34.555,61120,39463700.0,16.521133,2376612.0,391.2840671,IT=17;17 ,ii
4573,UP 2,33.802,61268,39531648.0,16.525277,2259851.2,371.1011187,IT=17;17 ,ii
4574,UP 2,35.160,60128,40113560.0,16.529279,2392119.5,391.2839518,IT=18;18 ,ii
4575,UP 2,34.300,59212,39666916.0,16.533418,2287031.2,371.1010473,IT=17;17 ,ii
4576,UP 2,35.381,61964,38913804.0,16.537589,2239737.0,391.2839609,IT=18;18 ,ii
4577,UP 2,34.657,61812,39327576.0,16.541737,2236011.5,391.2840947,IT=17;17 ,ii
4578,UP 2,35.682,63940,39158904.0,16.545743,2350151.5,391.2840018,IT=18;18 ,ii
4579,UP 2,36.606,61732,38257884.0,16.549927,2201701.2,371.1011325,IT=18;18 ,ii
4580,UP 2,35.146,61860,38811904.0,16.55407,2224811.2,391.2839693,IT=18;18 ,ii
4581,UP 2,35.740,64164,40048880.0,16.558229,2468195.2,391.2839267,IT=18;18 ,ii
4583,UP 2,35.438,60404,38343028.0,16.56275,2257989.0,371.1011319,IT=18;18 ,ii
4584,UP 2,35.260,61052,38328192.0,16.566727,2196545.5,391.2839317,IT=18;18 ,ii
4585,UP 2,34.846,62540,39469736.0,16.570866,2420910.5,391.2838819,IT=17;17 ,ii
4586,UP 2,35.083,62324,39135796.0,16.575022,2305845.0,371.1010644,IT=18;18 ,ii
4587,UP 2,35.726,62160,40068412.0,16.579181,2546610.8,391.2838527,IT=18;18 ,ii
4588,UP 2,35.326,60764,38730520.0,16.583158,2378530.5,391.2838906,IT=18;18 ,ii
4589,UP 2,37.026,63492,38803004.0,16.587337,2206141.0,391.2839348,IT=19;19 ,ii
4590,UP 2,35.326,62532,38392388.0,16.591464,2280047.0,391.2839504,IT=18;18 ,ii
4591,UP 2,35.175,58904,38153064.0,16.59561,2252280.2,391.2839988,IT=18;18 ,ii
4592,UP 2,35.751,60436,38275668.0,16.599768,2255464.5,391.2839952,IT=18;18 ,ii
4593,UP 2,36.072,62556,38086640.0,16.603762,2276100.8,391.2840948,IT=18;18 ,ii
4595,UP 2,36.835,61280,38172012.0,16.608139,2249100.5,391.2840421,IT=18;18 ,ii
4596,UP 2,37.100,63508,38257164.0,16.612297,2251584.0,371.1011017,IT=19;19 ,ii
4597,UP 2,36.083,61212,37642940.0,16.616445,2204637.8,391.2841062,IT=18;18 ,ii
4598,UP 2,35.767,60248,37776128.0,16.620435,2340145.2,391.284081,IT=18;18 ,ii
4599,UP 2,35.864,61448,37997080.0,16.624599,2225182.2,391.2840435,IT=18;18 ,ii
4600,UP 2,36.570,60928,37927544.0,16.628768,2315112.0,391.284048,IT=18;18 ,ii
4601,UP 2,36.852,63072,37926004.0,16.632941,2216252.5,371.10116849999997,IT=18;18 ,ii
4602,UP 2,36.894,66184,37805244.0,16.63712,2111536.0,391.2840335,IT=18;18 ,ii
4603,UP 2,37.171,62392,38513120.0,16.641126,2329896.2,371.1011351,IT=19;19 ,ii
4604,UP 2,35.530,62948,39075760.0,16.645251,2428681.5,391.2839731,IT=18;18 ,ii
4605,UP 2,35.748,59048,37030740.0,16.649414,2210054.0,371.1012333,IT=18;18 ,ii
4606,UP 2,36.610,62740,37816932.0,16.653589,2352642.8,391.2839939,IT=18;18 ,ii
4607,UP 2,36.496,62260,37735092.0,16.657597,2274808.0,391.2840416,IT=18;18 ,ii
4608,UP 2,36.828,61192,36786556.0,16.661763,2223905.0,391.2840112,IT=18;18 ,ii
4609,UP 2,36.268,62212,37726464.0,16.665922,2261270.0,371.1010984,IT=18;18 ,ii
4610,UP 2,36.470,62416,38304328.0,16.670088,2294320.0,391.2839649,IT=18;18 ,ii
4611,UP 2,36.610,63012,37540944.0,16.674257,2244149.5,391.2840811,IT=18;18 ,ii
4613,UP 2,37.932,64876,36597400.0,16.678651,2149372.2,391.2839716,IT=19;19 ,ii
4614,UP 2,36.932,64628,37527528.0,16.682795,2208590.0,391.2840926,IT=18;18 ,ii
4616,UP 2,37.905,63584,36860160.0,16.687193,2212091.5,391.2840353,IT=19;19 ,ii
4617,UP 2,36.586,61980,37624800.0,16.69133,2295291.5,371.1011366,IT=18;18 ,ii
4618,UP 2,37.990,67368,37143684.0,16.695342,2195743.5,391.2840613,IT=19;19 ,ii
4619,UP 2,37.272,60596,37195044.0,16.699501,2266709.8,391.2840735,IT=19;19 ,ii
4620,UP 2,38.230,64456,36511232.0,16.703701,2202553.0,391.2840419,IT=19;19 ,ii
4621,UP 2,37.522,63500,37714708.0,16.707857,2309042.0,371.1011344,IT=19;19 ,ii
4622,UP 2,37.391,63220,37456412.0,16.71202,2278592.5,391.284052,IT=19;19 ,ii
4623,UP 2,36.699,61568,36654548.0,16.715992,2269047.8,391.2840783,IT=18;18 ,ii
4624,UP 2,37.488,60432,35873808.0,16.720163,2233450.0,391.2840795,IT=19;19 ,ii
4625,UP 2,37.134,60500,36394964.0,16.724319,2325154.2,391.283957,IT=19;19 ,ii
4626,UP 2,38.574,61608,36053540.0,16.728503,2193876.8,391.2839774,IT=19;19 ,ii
4627,UP 2,37.956,59536,36244056.0,16.732484,2291786.8,391.2839951,IT=19;19 ,ii
4628,UP 2,37.858,63184,36397000.0,16.736653,2243721.8,391.2839778,IT=19;19 ,ii
4629,UP 2,37.844,64744,37906212.0,16.740817,2281204.8,391.2839329,IT=19;19 ,ii
4630,UP 2,37.907,63612,37124804.0,16.744984,2260148.8,391.2839653,IT=19;19 ,ii
4631,UP 2,38.686,64012,36793220.0,16.749165,2371785.0,391.2838765,IT=19;19 ,ii
4632,UP 2,38.626,62244,36340772.0,16.753165,2319314.0,391.283885,IT=19;19 ,ii
4633,UP 2,38.242,62124,35644032.0,16.757419,2140041.8,391.2839888,IT=19;19 ,ii
4634,UP 2,38.357,66092,36943988.0,16.761586,2332821.2,391.2839772,IT=19;19 ,ii
4635,UP 2,38.018,62528,36406292.0,16.765748,2255481.0,391.2839515,IT=19;19 ,ii
4636,UP 2,37.971,64404,36240464.0,16.769738,2300628.2,391.2840661,IT=19;19 ,ii
4638,UP 2,37.132,62536,36717524.0,16.774121,2289221.2,391.2838838,IT=19;19 ,ii
4639,UP 2,38.016,61636,36041664.0,16.778298,2265780.5,391.2839506,IT=19;19 ,ii
4640,UP 2,39.800,64368,36766236.0,16.782521,2402616.5,391.2838974,IT=20;20 ,ii
4641,UP 2,37.758,63696,36092216.0,16.786654,2210193.2,391.2839195,IT=19;19 ,ii
4642,UP 2,38.288,62780,35675976.0,16.790665,2185975.0,391.2839816,IT=19;19 ,ii
4643,UP 2,38.128,64148,36225020.0,16.794829,2240459.5,391.2838894,IT=19;19 ,ii
4644,UP 2,38.374,62548,35748324.0,16.799013,2264613.5,391.2838313,IT=19;19 ,ii
4645,UP 2,39.607,64644,36636212.0,16.803208,2333037.5,391.2838015,IT=20;20 ,ii
4646,UP 2,38.861,62952,36369600.0,16.8072,2269800.5,391.2838137,IT=19;19 ,ii
4647,UP 2,38.434,59176,35981932.0,16.811379,2394395.0,391.2838482,IT=19;19 ,ii
4648,UP 2,39.924,64928,35982156.0,16.815579,2164548.2,391.2839575,IT=20;20 ,ii
4650,UP 2,38.675,62056,34986644.0,16.819983,2278364.2,391.2839747,IT=19;19 ,ii
4651,UP 2,39.114,65392,35866816.0,16.824154,2255309.2,391.2839403,IT=20;20 ,ii
4652,UP 2,37.966,61064,35794560.0,16.828127,2300872.0,391.2839487,IT=19;19 ,ii
4653,UP 2,37.618,62016,36669948.0,16.832287,2290419.5,391.2839733,IT=19;19 ,ii
4654,UP 2,38.055,63980,35231584.0,16.83646,2132938.0,391.2840947,IT=19;19 ,ii
4655,UP 2,37.347,65548,36234648.0,16.840614,2249303.2,391.2840015,IT=19;19 ,ii
4656,UP 2,38.777,62904,35759552.0,16.844629,2179592.5,391.2841379,IT=19;19 ,ii
4658,UP 2,39.119,64088,36457980.0,16.849041,2357198.2,391.283955,IT=20;20 ,ii
4659,UP 2,39.248,61048,35771468.0,16.85321,2240497.2,391.2840057,IT=20;20 ,ii
4660,UP 2,39.030,64464,36028272.0,16.857377,2259340.2,391.2841005,IT=20;20 ,ii
4661,UP 2,39.552,64452,35949896.0,16.861558,2261659.8,391.2840534,IT=20;20 ,ii
4662,UP 2,39.314,63676,35650460.0,16.865546,2174300.0,391.2841216,IT=20;20 ,ii
4664,UP 2,39.232,64256,36223188.0,16.869958,2253138.8,391.2838964,IT=20;20 ,ii
4665,UP 2,38.876,64808,35878276.0,16.874122,2256801.0,391.2840435,IT=19;19 ,ii
4666,UP 2,38.615,63016,36168836.0,16.878289,2316014.2,391.2838676,IT=19;19 ,ii
4667,UP 2,38.986,66076,35561116.0,16.882466,2322908.8,391.2840831,IT=19;19 ,ii
4669,UP 2,39.417,65612,36231912.0,16.886908,2285246.8,371.1011241,IT=20;20 ,ii
4670,UP 2,38.504,63564,36346900.0,16.89106,2273768.5,391.2839462,IT=19;19 ,ii
4671,UP 2,39.403,65512,35626280.0,16.895237,2172833.8,391.2840371,IT=20;20 ,ii
4673,UP 2,39.457,62364,34909376.0,16.899849,2157401.2,391.2840673,IT=20;20 ,ii
4674,UP 2,38.023,64792,35739800.0,16.903991,2205895.5,391.2840577,IT=19;19 ,ii
4675,UP 2,38.340,65748,36015924.0,16.907991,2182820.2,391.2840345,IT=19;19 ,ii
4676,UP 2,39.051,64924,35948632.0,16.912172,2247702.8,391.2840791,IT=20;20 ,ii
4678,UP 2,38.036,63716,35478248.0,16.91657,2215048.2,391.2840661,IT=19;19 ,ii
4679,UP 2,39.022,64984,36124880.0,16.920755,2297139.2,391.2839167,IT=20;20 ,ii
4680,UP 2,38.211,62436,36562740.0,16.925014,2362837.8,391.2840833,IT=19;19 ,ii
4682,UP 2,39.607,63540,35496652.0,16.929458,2185711.0,371.1011142,IT=20;20 ,ii
4683,UP 2,38.901,64204,36099688.0,16.933614,2328493.5,391.2841022,IT=19;19 ,ii
4685,UP 2,39.593,67932,36457536.0,16.938066,2235121.5,391.283924,IT=20;20 ,ii
4686,UP 2,38.472,67540,36809808.0,16.94221,2375001.8,391.2838985,IT=19;19 ,ii
4687,UP 2,38.502,64116,36042428.0,16.946378,2141778.8,391.2838918,IT=19;19 ,ii
4688,UP 2,38.777,64752,36282844.0,16.950549,2326359.2,391.2839365,IT=19;19 ,ii
4689,UP 2,38.630,66912,37283736.0,16.954716,2440231.8,391.2839106,IT=19;19 ,ii
4690,UP 2,39.872,64572,34687920.0,16.958905,2161817.2,391.2840121,IT=20;20 ,ii
4691,UP 2,38.953,65576,36476068.0,16.963064,2262345.8,371.1011535,IT=19;19 ,ii
4693,UP 2,37.386,64172,36678768.0,16.967616,2252812.8,391.2839193,IT=19;19 ,ii
4694,UP 2,38.059,61524,35746260.0,16.971614,2221834.8,391.2839348,IT=19;19 ,ii
4695,UP 2,38.109,65192,36023444.0,16.975784,2275977.5,391.2839269,IT=19;19 ,ii
4696,UP 2,39.111,63552,35789684.0,16.97997,2275293.8,391.283954,IT=20;20 ,ii
4697,UP 2,38.018,63108,36063628.0,16.984124,2281700.2,391.2840556,IT=19;19 ,ii
4698,UP 2,39.629,66576,36482688.0,16.988143,2378951.5,391.2839287,IT=20;20 ,ii
4699,UP 2,40.339,66348,35173968.0,16.992326,2150802.2,391.284025,IT=20;20 ,ii
4700,UP 2,38.513,62828,36027956.0,16.996476,2413853.5,391.2839815,IT=19;19 ,ii
4701,UP 2,38.849,64532,36092832.0,17.000649,2242530.5,391.2841378,IT=19;19 ,ii
4703,UP 2,38.096,64164,36779176.0,17.005236,2315212.2,391.2840463,IT=19;19 ,ii
4705,UP 2,39.498,67568,35669756.0,17.00973,2287972.2,391.2839979,IT=20;20 ,ii
4706,UP 2,39.523,65260,35643160.0,17.013897,2279442.5,391.2839614,IT=20;20 ,ii
4707,UP 2,39.665,62968,34780052.0,17.018078,2148594.5,391.2840004,IT=20;20 ,ii
4708,UP 2,38.715,65192,37025244.0,17.022226,2357098.0,391.283901,IT=19;19 ,ii
4709,UP 2,38.393,66900,36827260.0,17.026388,2245424.8,371.1010856,IT=19;19 ,ii
4710,UP 2,37.971,64308,36881348.0,17.030369,2266523.0,391.2840438,IT=19;19 ,ii
4712,UP 2,38.599,65388,36375944.0,17.034772,2394663.5,391.2839561,IT=19;19 ,ii
4713,UP 2,40.043,66424,36455596.0,17.038961,2305198.8,391.2839813,IT=20;20 ,ii
4714,UP 2,37.270,64784,36150824.0,17.043086,2241010.0,391.2840249,IT=19;19 ,ii
4715,UP 2,39.296,64368,35980912.0,17.047109,2299585.2,391.2839913,IT=20;20 ,ii
4716,UP 2,39.550,64132,35508400.0,17.051284,2175943.5,391.2841059,IT=20;20 ,ii
4717,UP 2,39.176,66716,36340088.0,17.055448,2350002.0,391.283953,IT=20;20 ,ii
4718,UP 2,39.162,66436,36416360.0,17.059619,2237363.5,391.2841277,IT=20;20 ,ii
4720,UP 2,38.614,65224,36074848.0,17.064194,2356911.2,391.2840789,IT=19;19 ,ii
4721,UP 2,38.572,66204,37029408.0,17.068186,2303647.5,391.2839891,IT=19;19 ,ii
4722,UP 2,38.094,67296,36857072.0,17.072346,2222269.5,391.2839877,IT=19;19 ,ii
4723,UP 2,37.600,61400,36358728.0,17.076507,2305786.8,391.28401,IT=19;19 ,ii
4724,UP 2,38.223,62608,36341320.0,17.080688,2247255.8,391.2839732,IT=19;19 ,ii
4725,UP 2,39.045,64872,36594480.0,17.084698,2374005.8,391.2839154,IT=20;20 ,ii
4726,UP 2,40.074,64936,36287632.0,17.088886,2367137.8,391.2839088,IT=20;20 ,ii
4727,UP 2,37.763,63932,36093588.0,17.093023,2249096.2,391.2839332,IT=19;19 ,ii
4728,UP 2,37.761,65332,36684532.0,17.097194,2331833.8,391.2839866,IT=19;19 ,ii
4729,UP 2,38.322,62332,36181340.0,17.101363,2245783.8,391.2839566,IT=19;19 ,ii
4730,UP 2,39.986,65980,35603836.0,17.105388,2270343.8,391.2840561,IT=20;20 ,ii
4732,UP 2,38.793,66096,36168896.0,17.109798,2218003.2,391.2839883,IT=19;19 ,ii
4733,UP 2,38.090,66160,37096092.0,17.113948,2399623.8,391.2838397,IT=19;19 ,ii
4734,UP 2,38.539,65092,36522336.0,17.118123,2258753.0,391.2838606,IT=19;19 ,ii
4735,UP 2,36.736,61180,36585204.0,17.122263,2321768.2,391.2840098,IT=18;18 ,ii
4736,UP 2,38.629,63964,36063604.0,17.126279,2245529.8,391.2839972,IT=19;19 ,ii
4737,UP 2,38.522,66188,37292876.0,17.130465,2346484.0,391.2840155,IT=19;19 ,ii
4738,UP 2,37.572,64692,36400324.0,17.134617,2258117.2,391.2840132,IT=19;19 ,ii
4739,UP 2,37.864,61848,36876796.0,17.138785,2357797.8,391.2839487,IT=19;19 ,ii
4740,UP 2,37.217,64388,36016792.0,17.142762,2301144.0,391.28392,IT=19;19 ,ii
4741,UP 2,38.980,65612,36244484.0,17.146954,2327586.8,391.283921,IT=19;19 ,ii
4742,UP 2,39.507,68160,36423108.0,17.151133,2227962.2,391.283961,IT=20;20 ,ii
4743,UP 2,39.016,62844,36256808.0,17.155296,2325317.2,391.2839527,IT=20;20 ,ii
4744,UP 2,39.766,65296,36164192.0,17.159325,2193286.5,371.101128,IT=20;20 ,ii
4745,UP 2,38.545,65184,36479012.0,17.163481,2332094.0,391.2839949,IT=19;19 ,ii
4746,UP 2,37.824,64464,36355728.0,17.167648,2248861.2,391.2840187,IT=19;19 ,ii
4747,UP 2,37.976,63800,36530896.0,17.171827,2308830.0,391.2839286,IT=19;19 ,ii
4748,UP 2,39.783,64920,35457612.0,17.176108,2262557.5,391.2841113,IT=20;20 ,ii
4750,UP 2,40.139,66740,35553924.0,17.18055,2159834.5,391.2840006,IT=20;20 ,ii
4751,UP 2,38.985,66244,36145900.0,17.1847,2361017.2,391.2839018,IT=19;19 ,ii
4752,UP 2,37.811,65716,36450964.0,17.188852,2236160.5,391.2839544,IT=19;19 ,ii
4753,UP 2,39.162,63940,35875428.0,17.193039,2166531.0,391.2840256,IT=20;20 ,ii
4754,UP 2,38.978,66948,36447576.0,17.19722,2247587.2,391.2839781,IT=19;19 ,ii
4755,UP 2,39.013,64368,36217416.0,17.201383,2298167.0,391.2840234,IT=20;20 ,ii
4756,UP 2,39.935,61904,34936104.0,17.205589,2108476.5,391.2840522,IT=20;20 ,ii
4757,UP 2,39.336,66504,36328108.0,17.209752,2312013.5,391.2841258,IT=20;20 ,ii
4759,UP 2,38.167,67616,36096088.0,17.21432,2200196.8,391.2840378,IT=19;19 ,ii
4760,UP 2,40.626,63920,36219352.0,17.218531,2235880.5,391.2839569,IT=20;20 ,ii
4761,UP 2,38.624,64372,35903632.0,17.222499,2170552.0,391.2839983,IT=19;19 ,ii
4762,UP 2,38.223,60872,35466380.0,17.22666,2237736.8,391.2839869,IT=19;19 ,ii
4763,UP 2,39.171,65148,35744192.0,17.230843,2174038.0,391.2840272,IT=20;20 ,ii
4764,UP 2,39.494,65312,36457404.0,17.23502,2282015.5,391.2839695,IT=20;20 ,ii
4765,UP 2,38.495,64288,36064092.0,17.239001,2173700.8,371.1011309,IT=19;19 ,ii
4766,UP 2,37.704,63480,36448020.0,17.24316,2290504.2,391.2840027,IT=19;19 ,ii
4767,UP 2,36.533,64400,37388328.0,17.247305,2373895.0,391.2839086,IT=18;18 ,ii
4768,UP 2,37.490,64104,37185908.0,17.25148,2304501.5,391.2839537,IT=19;19 ,ii
4769,UP 2,37.931,65512,36597556.0,17.255651,2348674.0,391.2839593,IT=19;19 ,ii
4770,UP 2,39.758,67644,36548096.0,17.259674,2238454.5,391.2839378,IT=20;20 ,ii
4771,UP 2,37.934,65772,37103668.0,17.263818,2305580.8,391.2839829,IT=19;19 ,ii
4772,UP 2,38.768,66276,36072748.0,17.267999,2160207.0,391.2840376,IT=19;19 ,ii
4773,UP 2,38.397,66140,36806744.0,17.272164,2298128.8,391.2840628,IT=19;19 ,ii
4776,UP 2,39.823,66496,36423516.0,17.278445,2229872.2,391.2840379,IT=20;20 ,ii
4777,UP 2,38.119,68952,37093040.0,17.282584,2256046.5,391.2840192,IT=19;19 ,ii
4778,UP 2,38.811,66620,37107220.0,17.286586,2295629.2,391.2839612,IT=19;19 ,ii
4779,UP 2,37.733,63480,35999480.0,17.290736,2178769.2,391.283948,IT=19;19 ,ii
4780,UP 2,38.768,64756,35972036.0,17.29492,2229613.5,391.2839469,IT=19;19 ,ii
4781,UP 2,38.549,69244,37522732.0,17.299084,2293206.0,391.2839275,IT=19;19 ,ii
4782,UP 2,37.562,61092,36204508.0,17.303059,2343654.0,391.2839671,IT=19;19 ,ii
4783,UP 2,37.547,63744,36558604.0,17.307222,2205545.8,391.2840039,IT=19;19 ,ii
4784,UP 2,38.150,67016,37267080.0,17.311403,2262971.0,391.2840232,IT=19;19 ,ii
4786,UP 2,38.755,66764,36496668.0,17.315834,2151448.0,391.2839474,IT=19;19 ,ii
4787,UP 2,38.994,62092,36662056.0,17.320005,2287720.0,391.2840268,IT=19;19 ,ii
4789,UP 2,37.283,66912,37548920.0,17.324407,2282351.8,391.2839625,IT=19;19 ,ii
4790,UP 2,37.759,62348,36283844.0,17.328576,2176758.2,391.2839461,IT=19;19 ,ii
4791,UP 2,38.543,66388,36750460.0,17.332753,2256763.0,391.2839218,IT=19;19 ,ii
4792,UP 2,39.416,64800,36174624.0,17.336936,2202793.2,391.2840436,IT=20;20 ,ii
4793,UP 2,38.932,67180,37531952.0,17.34134,2187246.2,391.2838683,IT=19;19 ,ii
4794,UP 2,39.104,66104,37095128.0,17.345513,2281236.8,391.2838934,IT=20;20 ,ii
4795,UP 2,36.846,62552,37376660.0,17.349649,2325190.0,391.2839889,IT=18;18 ,ii
4797,UP 2,37.819,63812,37284804.0,17.354073,2348698.0,391.283948,IT=19;19 ,ii
4798,UP 2,38.284,65556,37000948.0,17.358244,2144698.5,391.2839726,IT=19;19 ,ii
4799,UP 2,38.861,67272,36703212.0,17.362421,2230068.8,391.2840286,IT=19;19 ,ii
4800,UP 2,38.171,67304,37517340.0,17.366577,2216195.2,391.2838418,IT=19;19 ,ii
4801,UP 2,37.646,66084,37998948.0,17.370736,2352566.5,391.2838461,IT=19;19 ,ii
4802,UP 2,37.177,65780,38132564.0,17.374892,2192476.0,391.2838709,IT=19;19 ,ii
4803,UP 2,38.495,67168,37836352.0,17.379075,2339212.0,391.2838688,IT=19;19 ,ii
4804,UP 2,37.751,64728,37500880.0,17.383055,2237951.2,391.2838562,IT=19;19 ,ii
4805,UP 2,37.328,66008,37753116.0,17.387211,2191963.0,391.2839478,IT=19;19 ,ii
4806,UP 2,37.543,66956,37074520.0,17.39139,2158093.8,391.2841104,IT=19;19 ,ii
4808,UP 2,37.682,65888,37765060.0,17.395802,2217070.8,391.283925,IT=19;19 ,ii
4809,UP 2,37.253,66328,37513832.0,17.399963,2257780.5,391.2840748,IT=19;19 ,ii
4811,UP 2,37.665,64832,37713560.0,17.404375,2302765.8,391.2839011,IT=19;19 ,ii
4812,UP 2,37.345,67156,38288384.0,17.408538,2259959.2,391.283935,IT=19;19 ,ii
4813,UP 2,37.538,68380,37987920.0,17.412706,2221131.5,391.2839837,IT=19;19 ,ii
4814,UP 2,37.604,66276,37944792.0,17.416877,2320101.8,391.2838514,IT=19;19 ,ii
4815,UP 2,37.647,66592,37676932.0,17.421046,2209967.5,391.2838978,IT=19;19 ,ii
4816,UP 2,37.949,66836,38422808.0,17.425046,2188278.2,391.2839815,IT=19;19 ,ii
4818,UP 2,37.158,66216,38277156.0,17.429454,2200560.8,391.2839551,IT=19;19 ,ii
4819,UP 2,36.115,67192,38437232.0,17.433598,2342946.5,391.2839043,IT=18;18 ,ii
4820,UP 2,36.535,68272,38257828.0,17.437763,2143005.5,391.2840883,IT=18;18 ,ii
4822,UP 2,36.715,68552,39027092.0,17.442327,2294350.0,391.2839507,IT=18;18 ,ii
4823,UP 2,36.561,67296,39637680.0,17.446315,2178923.0,391.2839147,IT=18;18 ,ii
4824,UP 2,36.883,67068,39239852.0,17.450485,2314281.8,391.2840494,IT=18;18 ,ii
4827,UP 2,37.521,69980,39755460.0,17.456462,2301825.0,391.2839103,IT=19;19 ,ii
4828,UP 2,35.723,67316,38474840.0,17.460596,2230561.0,391.2840161,IT=18;18 ,ii
4829,UP 2,35.956,67820,39515668.0,17.464756,2317949.5,391.2840337,IT=18;18 ,ii
4830,UP 2,35.859,70112,40566412.0,17.468739,2247007.5,391.2841012,IT=18;18 ,ii
4832,UP 2,35.682,67512,40465692.0,17.473104,2374978.2,391.283995,IT=18;18 ,ii
4833,UP 2,35.353,65384,40397056.0,17.477258,2295735.2,391.2841475,IT=18;18 ,ii
4835,UP 2,34.666,69124,40994512.0,17.481623,2354727.8,391.2840643,IT=17;17 ,ii
4836,UP 2,35.349,65536,40833516.0,17.485789,2321319.8,391.2839848,IT=18;18 ,ii
4837,UP 2,36.515,67836,40260552.0,17.489793,2196808.0,391.2839808,IT=18;18 ,ii
4838,UP 2,34.986,69700,41009636.0,17.493929,2272050.2,391.2839552,IT=17;17 ,ii
4839,UP 2,34.551,67144,40642788.0,17.49807,2302823.8,391.2840921,IT=17;17 ,ii
4842,UP 2,34.971,67932,40970476.0,17.504291,2297497.0,391.2839372,IT=17;17 ,ii
4843,UP 2,34.678,68372,41462860.0,17.508447,2262808.8,391.2841378,IT=17;17 ,ii
4845,UP 2,34.187,66644,40964172.0,17.512964,2335840.0,391.2840079,IT=17;17 ,ii
4846,UP 2,34.644,68200,40563264.0,17.517127,2197978.0,391.284117,IT=17;17 ,ii
4848,UP 2,34.113,69208,41699980.0,17.521458,2346599.8,391.2840332,IT=17;17 ,ii
4849,UP 2,34.362,66056,41106380.0,17.525608,2258508.2,391.2840774,IT=17;17 ,ii
4850,UP 2,34.206,67820,41943480.0,17.529745,2283341.8,391.284052,IT=17;17 ,ii
4851,UP 2,33.819,69252,42544880.0,17.533881,2345677.0,391.2840157,IT=17;17 ,ii
4852,UP 2,34.692,69168,41401736.0,17.537866,2253544.8,391.2840308,IT=17;17 ,ii
4853,UP 2,35.198,67504,41291816.0,17.542022,2264292.8,391.2840301,IT=18;18 ,ii
4854,UP 2,33.451,64300,41631416.0,17.546141,2414970.0,391.2840175,IT=17;17 ,ii
4855,UP 2,34.594,72424,42747400.0,17.55031,2386554.0,391.2839945,IT=17;17 ,ii
4856,UP 2,33.489,70208,41985584.0,17.554441,2134374.8,391.2840138,IT=17;17 ,ii
4857,UP 2,33.814,68564,42541356.0,17.558414,2279838.2,391.2839429,IT=17;17 ,ii
4858,UP 2,33.033,68428,42721820.0,17.562543,2224490.8,391.2840021,IT=17;17 ,ii
4859,UP 2,33.772,67364,42138636.0,17.566693,2185615.8,391.2840162,IT=17;17 ,ii
4862,UP 2,33.284,70156,42928252.0,17.572595,2362443.5,391.2839619,IT=17;17 ,ii
4863,UP 2,34.295,68256,42291100.0,17.576772,2142523.5,391.2840764,IT=17;17 ,ii
4864,UP 2,32.945,70500,43320500.0,17.580889,2327497.0,391.2841512,IT=16;16 ,ii
4867,UP 2,33.415,68996,43937844.0,17.587066,2235340.2,391.2840481,IT=17;17 ,ii
4868,UP 2,32.626,71840,44178368.0,17.591203,2272841.0,391.2840545,IT=16;16 ,ii
4869,UP 2,33.096,70228,44639932.0,17.595351,2263608.0,391.2839619,IT=17;17 ,ii
4870,UP 2,30.546,66260,44111896.0,17.599453,2307774.5,391.2840482,IT=15;15 ,ii
4871,UP 2,32.145,69524,45490620.0,17.603609,2368848.8,391.2841083,IT=16;16 ,ii
4872,UP 2,32.736,70360,43920700.0,17.607761,2166423.5,391.2841258,IT=16;16 ,ii
4873,UP 2,31.278,68528,45099436.0,17.611709,2362613.0,391.2840759,IT=16;16 ,ii
4876,UP 2,31.926,70032,45049436.0,17.617603,2188359.0,391.2840573,IT=16;16 ,ii
4877,UP 2,31.289,70328,45798740.0,17.621559,2193956.5,391.2840628,IT=16;16 ,ii
4878,UP 2,31.029,67756,46018788.0,17.625688,2228982.0,391.2839524,IT=16;16 ,ii
4879,UP 2,30.304,68472,46719108.0,17.629803,2343594.5,391.2840903,IT=15;15 ,ii
4881,UP 2,29.975,68224,47676532.0,17.63424,2340085.5,391.2839724,IT=15;15 ,ii
4882,UP 2,30.392,71116,47462196.0,17.638203,2333099.0,391.2839534,IT=15;15 ,ii
4883,UP 2,31.252,69796,46594768.0,17.642353,2333948.5,391.2839098,IT=16;16 ,ii
4884,UP 2,30.995,71868,48215748.0,17.64649,2392717.5,391.2840505,IT=15;15 ,ii
4888,UP 2,30.086,72520,48381528.0,17.654151,2252806.2,391.2840116,IT=15;15 ,ii
4889,UP 2,30.313,71888,48920408.0,17.658284,2302980.2,391.284088,IT=15;15 ,ii
4892,UP 2,28.745,69196,49158392.0,17.664382,2238050.5,391.2840568,IT=14;14 ,ii
4893,UP 2,30.085,73712,49308576.0,17.668526,2198838.2,391.2840229,IT=15;15 ,ii
4894,UP 2,28.758,71180,50430748.0,17.672634,2187091.8,391.2840318,IT=14;14 ,ii
4895,UP 2,27.178,70528,51968416.0,17.676565,2429556.5,391.2840605,IT=14;14 ,ii
4896,UP 2,27.480,71440,51920664.0,17.680534,2276362.5,391.2842161,IT=14;14 ,ii
4899,UP 2,25.823,68464,53559008.0,17.686592,2346790.5,391.2840041,IT=13;13 ,ii
4900,UP 2,25.823,71036,55333756.0,17.6907,2317872.2,391.2839678,IT=13;13 ,ii
4901,UP 2,25.059,69980,57076932.0,17.69479,2281131.2,391.2840549,IT=13;13 ,ii
4904,UP 2,23.705,66188,59107144.0,17.700548,2225282.8,401.8583819,IT=12;12 ,ii
4905,UP 2,23.605,68272,61861200.0,17.704638,2675401.8,401.8581975,IT=12;12 ,ii
4906,UP 2,23.085,65456,63114532.0,17.708719,3206279.0,401.8582876,IT=12;12 ,ii
4907,UP 2,21.749,67100,66521880.0,17.712629,3805127.8,401.8581377,IT=11;11 ,ii
4908,UP 2,21.546,67064,69161216.0,17.716711,4409190.5,401.8582013,IT=11;11 ,ii
4911,UP 2,19.330,64152,73897568.0,17.722667,5195262.5,401.8582705,IT=9.7;9.7 ,ii
4912,UP 2,19.663,64992,74725336.0,17.726738,5798163.5,401.8583319,IT=9.8;9.8 ,ii
4914,UP 2,18.415,64288,77620960.0,17.730977,6303020.0,401.8583195,IT=9.2;9.2 ,ii
4915,UP 2,18.179,61752,78437472.0,17.734875,6478306.0,401.8583759,IT=9.1;9.1 ,ii
4917,UP 2,17.794,63800,80153776.0,17.738956,6510328.5,401.8583266,IT=8.9;8.9 ,ii
4918,UP 2,18.930,66696,81155872.0,17.743035,6357977.5,401.8584081,IT=9.5;9.5 ,ii
4921,UP 2,17.338,66780,80523936.0,17.748973,6097577.5,401.8582846,IT=8.7;8.7 ,ii
4922,UP 2,17.669,65416,82846680.0,17.753037,6361601.0,401.8581922,IT=8.8;8.8 ,ii
4923,UP 2,17.415,65920,80635248.0,17.757092,5730844.5,401.8582174,IT=8.7;8.7 ,ii
4924,UP 2,18.158,67580,80903824.0,17.761,5626748.5,401.8582731,IT=9.1;9.1 ,ii
4926,UP 2,18.054,68148,79293416.0,17.765071,5078567.5,401.858174,IT=9;9 ,ii
4927,UP 2,18.276,67876,79023056.0,17.769135,4605806.5,401.8581923,IT=9.1;9.1 ,ii
4928,UP 2,18.594,66692,77373040.0,17.7732,4154934.8,401.8583286,IT=9.3;9.3 ,ii
4930,UP 2,18.834,68516,75497408.0,17.777302,3594696.8,401.8581944,IT=9.4;9.4 ,ii
4931,UP 2,19.934,69660,76106608.0,17.781387,3430362.2,401.8582012,IT=10;10 ,ii
4932,UP 2,19.135,69704,75774160.0,17.785452,3052689.5,401.8581739,IT=9.6;9.6 ,ii
4933,UP 2,19.023,74056,77724488.0,17.789529,2965084.0,401.8584147,IT=9.5;9.5 ,ii
4935,UP 2,18.663,71328,77346416.0,17.793627,2584644.5,401.8582905,IT=9.3;9.3 ,ii
4936,UP 2,19.135,72460,77261064.0,17.797704,2410896.5,401.8582388,IT=9.6;9.6 ,ii
4937,UP 2,19.302,70428,77677144.0,17.801768,2314900.0,391.2839464,IT=9.7;9.7 ,ii
4941,UP 2,18.115,71272,78081120.0,17.809245,2406609.2,391.2838517,IT=9.1;9.1 ,ii
4942,UP 2,18.933,72088,78538424.0,17.813318,2239034.2,371.1010719,IT=9.5;9.5 ,ii
4945,UP 2,18.014,71756,81536728.0,17.819302,2485497.0,474.8967126,IT=9;9 ,ii
4946,UP 2,19.242,72100,78891240.0,17.823387,2764948.8,474.8966189,IT=9.6;9.6 ,ii
4949,UP 2,17.539,72624,83599664.0,17.829029,3094006.5,474.8966561,IT=8.8;8.8 ,ii
4950,UP 2,17.741,68744,83065544.0,17.833093,3086133.8,474.8966656,IT=8.9;8.9 ,ii
4951,UP 2,17.728,70232,84076560.0,17.837147,3365295.0,474.8966954,IT=8.9;8.9 ,ii
4954,UP 2,16.952,70380,85555752.0,17.84476,3472841.8,474.8967652,IT=8.5;8.5 ,ii
4955,UP 2,16.670,71028,86649056.0,17.848822,3408640.8,474.8967393,IT=8.3;8.3 ,ii
4958,UP 2,16.596,72544,88552384.0,17.854445,3470827.8,474.8968242,IT=8.3;8.3 ,ii
4963,UP 2,16.451,69244,90755336.0,17.863708,3465574.2,474.8966287,IT=8.2;8.2 ,ii
4964,UP 2,16.733,73612,91503008.0,17.867778,3254528.5,474.8966113,IT=8.4;8.4 ,ii
4965,UP 2,16.917,72996,91847808.0,17.871833,3164865.2,474.8967113,IT=8.5;8.5 ,ii
4968,UP 2,15.881,71236,92709560.0,17.877716,2844050.5,474.8966062,IT=7.9;7.9 ,ii
4969,UP 2,15.799,73308,96054568.0,17.88176,3047869.0,474.8966672,IT=7.9;7.9 ,ii
4970,UP 2,16.136,72172,95435096.0,17.88581,2828350.0,401.2186533,IT=8.1;8.1 ,ii
4973,UP 2,15.079,69920,96167512.0,17.891405,2925030.8,401.2185506,IT=7.5;7.5 ,ii
4974,UP 2,14.878,73680,98095736.0,17.895453,3110091.5,401.2187769,IT=7.4;7.4 ,ii
4976,UP 2,14.988,70048,96901736.0,17.899484,3166656.5,401.2186699,IT=7.5;7.5 ,ii
4977,UP 2,15.984,75092,98958360.0,17.903545,3566263.5,401.218824,IT=8;8 ,ii
4982,UP 2,14.931,74696,99489040.0,17.913068,3646914.2,401.2186797,IT=7.5;7.5 ,ii
4983,UP 2,15.029,73592,101128310.0,17.917118,4144656.2,401.2187307,IT=7.5;7.5 ,ii
4985,UP 2,14.358,71012,100322010.0,17.921132,3871215.2,401.2186719,IT=7.2;7.2 ,ii
4986,UP 2,15.296,71524,100374940.0,17.925188,4178620.0,401.218618,IT=7.6;7.6 ,ii
4987,UP 2,14.681,71796,102561840.0,17.929222,4159061.5,401.2187204,IT=7.3;7.3 ,ii
4991,UP 2,14.273,71688,104333840.0,17.936913,4433051.0,401.2187145,IT=7.1;7.1 ,ii
4992,UP 2,14.428,71624,105188210.0,17.940955,4462743.0,401.2187306,IT=7.2;7.2 ,ii
4997,UP 2,13.871,73976,109375400.0,17.950211,4075387.5,401.2186508,IT=6.9;6.9 ,ii
4998,UP 2,14.093,75616,110898900.0,17.954245,4327633.5,401.2186852,IT=7;7 ,ii
5001,UP 2,13.317,73356,113302440.0,17.95983,4291610.5,430.7546987,IT=6.7;6.7 ,ii
5005,UP 2,12.874,71076,115625660.0,17.967219,4854565.5,430.754614,IT=6.4;6.4 ,ii
5006,UP 2,12.758,71764,117443900.0,17.971249,5255623.0,430.7546053,IT=6.4;6.4 ,ii
5011,UP 2,12.643,75796,120519490.0,17.980725,6056055.0,430.7546446,IT=6.3;6.3 ,ii
5015,UP 2,12.007,72008,121274390.0,17.988448,6852216.5,430.7545812,IT=6;6 ,ii
5020,UP 2,12.151,70900,121873260.0,17.997655,7793635.5,430.7547534,IT=6.1;6.1 ,ii
5024,UP 2,11.895,70720,119268350.0,18.005015,8042504.5,430.7546245,IT=5.9;5.9 ,ii
5028,UP 2,11.876,73052,125329990.0,18.014382,9566246.0,430.7546863,IT=5.9;5.9 ,ii
5029,UP 2,11.970,75696,127067500.0,18.018402,10121509.0,430.754687,IT=6;6 ,ii
5030,UP 2,12.594,76068,124527220.0,18.022236,10168629.0,430.7546326,IT=6.3;6.3 ,ii
5032,UP 2,11.787,72796,126647500.0,18.028081,10710031.0,430.7546398,IT=5.9;5.9 ,ii
5035,UP 2,11.724,74172,128447020.0,18.035819,11514791.0,430.754671,IT=5.9;5.9 ,ii
5038,UP 2,11.793,73364,128157660.0,18.043502,11767422.0,430.7547533,IT=5.9;5.9 ,ii
5044,UP 2,11.304,76616,133219760.0,18.054529,12377568.0,430.7545895,IT=5.7;5.7 ,ii
5047,UP 2,11.228,73580,133370520.0,18.06221,12829813.0,430.7547834,IT=5.6;5.6 ,ii
5053,UP 2,10.968,73492,135047420.0,18.07321,12986516.0,430.7546175,IT=5.5;5.5 ,ii
5056,UP 2,11.056,76796,142051580.0,18.080879,14517160.0,430.754777,IT=5.5;5.5 ,ii
5060,UP 2,10.691,74420,137985820.0,18.090431,13711247.0,430.7546034,IT=5.3;5.3 ,ii
5065,UP 2,10.486,73360,137944380.0,18.100429,14084564.0,430.754717,IT=5.2;5.2 ,ii
5071,UP 2,11.087,75660,139256110.0,18.111487,14034879.0,430.7546132,IT=5.5;5.5 ,ii
5076,UP 2,10.624,74484,141547060.0,18.120706,14362828.0,430.7546915,IT=5.3;5.3 ,ii
5079,UP 2,10.400,75536,149781040.0,18.126585,15023859.0,430.7545646,IT=5.2;5.2 ,ii
5080,UP 2,10.616,76256,148779970.0,18.130577,14518163.0,430.7545966,IT=5.3;5.3 ,ii
5084,UP 2,9.869,75336,152977870.0,18.138597,15243520.0,430.754768,IT=4.9;4.9 ,ii
5089,UP 2,10.131,75888,154550860.0,18.14776,14722788.0,430.7546893,IT=5.1;5.1 ,ii
5094,UP 2,9.600,75000,157972160.0,18.156958,14395173.0,430.7546485,IT=4.8;4.8 ,ii
5100,UP 2,9.509,73824,158126820.0,18.167976,13524537.0,430.7546788,IT=4.8;4.8 ,ii
5104,UP 2,9.123,74084,159767360.0,18.175637,12811528.0,430.7546785,IT=4.6;4.6 ,ii
5106,UP 2,9.240,76592,162402960.0,18.18148,12319381.0,430.7546088,IT=4.6;4.6 ,ii
5111,UP 2,9.623,78188,162928530.0,18.192193,10907602.0,430.7546826,IT=4.8;4.8 ,ii
5116,UP 2,9.303,77892,158955150.0,18.201368,9353562.0,430.7545625,IT=4.7;4.7 ,ii
5122,UP 2,9.409,80696,161531680.0,18.214224,8059371.0,430.7546034,IT=4.7;4.7 ,ii
5129,UP 2,9.189,79120,160931580.0,18.22708,6549027.0,430.7545531,IT=4.6;4.6 ,ii
5135,UP 2,9.240,78892,162832450.0,18.23742,5477564.0,430.7547077,IT=4.6;4.6 ,ii
5143,UP 2,9.636,81260,156723810.0,18.252082,5402780.0,359.2103569,IT=4.8;4.8 ,ii
5148,UP 2,9.750,80048,155297340.0,18.261236,5413865.0,359.210201,IT=4.9;4.9 ,ii
5156,UP 2,9.917,81268,153444450.0,18.277872,5376428.5,359.2101283,IT=5;5 ,ii
5162,UP 2,10.054,82644,151574080.0,18.288838,5289414.0,359.2101116,IT=5;5 ,ii
5167,UP 2,9.659,81884,154767780.0,18.297992,5754107.0,359.2099165,IT=4.8;4.8 ,ii
5171,UP 2,9.598,82372,159431170.0,18.306982,6359366.0,359.2096494,IT=4.8;4.8 ,ii
5177,UP 2,9.109,82548,168116670.0,18.317975,6669667.5,359.2092213,IT=4.6;4.6 ,ii
5184,UP 2,9.304,83332,168654240.0,18.330084,6199575.5,359.2089981,IT=4.7;4.7 ,ii
5189,UP 2,8.546,78356,173964060.0,18.339271,6038612.0,359.2091536,IT=4.3;4.3 ,ii
5198,UP 2,8.342,81920,197413900.0,18.357677,7975591.0,488.5345226,IT=4.2;4.2 ,ii
5209,UP 2,7.659,77876,210097490.0,18.376606,12717056.0,488.5343919,IT=3.8;3.8 ,ii
5220,UP 2,7.860,79128,198767440.0,18.395573,10488502.0,488.5345394,IT=3.9;3.9 ,ii
5229,UP 2,8.453,80388,188947460.0,18.411594,6430023.5,488.2465492,IT=4.2;4.2 ,ii
5239,UP 2,8.359,79400,188622720.0,18.429862,4655702.5,488.2463635,IT=4.2;4.2 ,ii
5245,UP 2,7.339,74508,197304860.0,18.442793,3205014.5,497.2189725,IT=3.7;3.7 ,ii
5249,UP 2,7.330,75348,206879940.0,18.452295,3814784.0,396.5266453,IT=3.7;3.7 ,ii
5259,UP 2,6.870,72688,218574460.0,18.47051,5976000.0,396.5267011,IT=3.4;3.4 ,ii
5270,UP 2,6.949,78044,233658590.0,18.48963,7251268.5,396.5267135,IT=3.5;3.5 ,ii
5281,UP 2,6.172,74696,244221100.0,18.508853,11661903.0,533.2696607,IT=3.1;3.1 ,ii
5283,UP 2,6.621,73400,240308460.0,18.514545,14949905.0,533.2700751,IT=3.3;3.3 ,ii
5294,UP 2,6.088,69228,250025010.0,18.533857,22502600.0,533.2700279,IT=3;3 ,ii
5305,UP 2,5.685,71984,262799460.0,18.553195,21699834.0,533.2700938,IT=2.8;2.8 ,ii
5308,UP 2,6.619,77924,274425860.0,18.558672,21512982.0,533.2700395,IT=3.3;3.3 ,ii
5311,UP 2,6.441,72200,240225630.0,18.56414,17122474.0,533.2700134,IT=3.2;3.2 ,ii
5320,UP 2,7.128,77520,226499900.0,18.580605,12622766.0,456.2144139,IT=3.6;3.6 ,ii
5329,UP 2,6.998,77172,212468510.0,18.59619,8286721.0,456.2143197,IT=3.5;3.5 ,ii
5335,UP 2,7.708,77380,210330260.0,18.608426,5457521.5,456.2145342,IT=3.9;3.9 ,ii
5346,UP 2,7.711,81304,213126300.0,18.6275,5007907.0,394.2133868,IT=3.9;3.9 ,ii
5349,UP 2,7.512,83004,234307820.0,18.633034,5804482.5,453.2199414,IT=3.8;3.8 ,ii
5360,UP 2,7.646,82188,225689140.0,18.651842,5012599.0,453.2198292,IT=3.8;3.8 ,ii
5371,UP 2,7.162,83336,233738770.0,18.669917,5921138.5,351.1734897,IT=3.6;3.6 ,ii
5373,UP 2,7.357,82768,223945470.0,18.675563,6468520.5,351.1735659,IT=3.7;3.7 ,ii
5384,UP 2,6.724,78180,243273600.0,18.694975,9806574.0,351.1735215,IT=3.4;3.4 ,ii
5395,UP 2,7.349,79356,232908420.0,18.714446,9572636.0,489.5796182,IT=3.7;3.7 ,ii
5404,UP 2,7.383,78036,221038740.0,18.730431,6937092.5,489.5796477,IT=3.7;3.7 ,ii
5412,UP 2,7.406,79744,214223760.0,18.744475,7184596.0,369.1823223,IT=3.7;3.7 ,ii
5419,UP 2,7.986,83836,224487150.0,18.757299,10033974.0,369.1821987,IT=4;4 ,ii
5424,UP 2,7.800,81180,219246900.0,18.768443,12328443.0,369.1823567,IT=3.9;3.9 ,ii
5434,UP 2,7.124,77704,224153570.0,18.785991,16121072.0,369.1823488,IT=3.6;3.6 ,ii
5444,UP 2,7.666,82428,242550660.0,18.803543,19281668.0,369.1824068,IT=3.8;3.8 ,ii
5450,UP 2,7.669,79028,224838340.0,18.813574,17310064.0,369.1823368,IT=3.8;3.8 ,ii
5455,UP 2,7.482,79008,245462400.0,18.822707,17607140.0,369.1822716,IT=3.7;3.7 ,ii
5463,UP 2,5.869,72032,293127100.0,18.837264,37650180.0,390.2033363,IT=2.9;2.9 ,ii
5472,UP 2,4.314,62424,396521660.0,18.852801,79276176.0,390.2033557,IT=2.2;2.2 ,ii
5483,UP 2,3.296,53548,508573890.0,18.872151,118293240.0,390.2032228,IT=1.6;1.6 ,ii
5494,UP 2,2.984,54440,571972220.0,18.891665,112387090.0,390.2032528,IT=1.5;1.5 ,ii
5505,UP 2,3.663,62284,484230050.0,18.911132,61940348.0,390.2031279,IT=1.8;1.8 ,ii
5516,UP 2,4.641,69632,354027780.0,18.930628,25828598.0,489.2126896,IT=2.3;2.3 ,ii
5527,UP 2,5.999,75612,293755140.0,18.950242,12219744.0,390.2031488,IT=3;3 ,ii
5532,UP 2,6.283,74092,272541090.0,18.958186,11921272.0,387.6981925,IT=3.1;3.1 ,ii
5539,UP 2,6.544,75944,261122820.0,18.970963,15984980.0,387.6982095,IT=3.3;3.3 ,ii
5545,UP 2,6.716,79048,282631390.0,18.981873,21360718.0,387.6980169,IT=3.4;3.4 ,ii
5552,UP 2,6.376,76240,269711170.0,18.9965,18200128.0,415.2242339,IT=3.2;3.2 ,ii
5561,UP 2,6.493,76892,281496290.0,19.011317,24223912.0,415.2241953,IT=3.2;3.2 ,ii
5572,UP 2,6.303,75620,272309120.0,19.0322,23134874.0,415.2244428,IT=3.2;3.2 ,ii
5575,UP 2,6.716,76084,281835170.0,19.037312,22676322.0,415.2242975,IT=3.4;3.4 ,ii
5586,UP 2,6.170,76408,303999810.0,19.056089,16662211.0,415.224253,IT=3.1;3.1 ,ii
5597,UP 2,5.468,71536,322429340.0,19.074508,19285132.0,373.7235495,IT=2.7;2.7 ,ii
5599,UP 2,5.604,72072,328509220.0,19.078135,20920176.0,373.723549,IT=2.8;2.8 ,ii
5610,UP 2,5.498,70524,312877950.0,19.097045,21205436.0,373.7234542,IT=2.7;2.7 ,ii
5612,UP 2,5.631,72760,315077950.0,19.10266,21523986.0,373.7235642,IT=2.8;2.8 ,ii
5622,UP 2,6.422,76728,281233060.0,19.120672,17784168.0,373.7235915,IT=3.2;3.2 ,ii
5631,UP 2,7.646,79700,235184380.0,19.136847,12153087.0,373.723766,IT=3.8;3.8 ,ii
5642,UP 2,8.625,83636,210428690.0,19.155964,6225176.0,373.723732,IT=4.3;4.3 ,ii
5648,UP 2,8.191,79164,209181810.0,19.166101,5334441.5,383.6957486,IT=4.1;4.1 ,ii
5657,UP 2,8.108,80152,223142690.0,19.18124,10980491.0,512.2285447,IT=4.1;4.1 ,ii
5667,UP 2,6.987,76060,238174210.0,19.200411,16199356.0,512.2287579,IT=3.5;3.5 ,ii
5678,UP 2,7.936,80360,232076700.0,19.218746,16224993.0,512.2286774,IT=4;4 ,ii
5689,UP 2,8.898,81032,196024820.0,19.238873,9243517.0,512.2287138,IT=4.4;4.4 ,ii
5700,UP 2,10.047,86884,170791360.0,19.257784,5073149.0,410.7132993,IT=5;5 ,ii
5711,UP 2,10.709,84544,158654350.0,19.276902,2984614.2,410.713039,IT=5.4;5.4 ,ii
5713,UP 2,11.418,87324,156151840.0,19.280629,2391061.5,410.7130057,IT=5.7;5.7 ,ii
5720,UP 2,10.670,84860,159691250.0,19.2934,2936682.0,360.1915781,IT=5.3;5.3 ,ii
5725,UP 2,10.696,89592,167545760.0,19.301994,4360579.5,360.1915438,IT=5.3;5.3 ,ii
5728,UP 2,10.703,85360,165608050.0,19.307533,5076737.5,360.1916405,IT=5.4;5.4 ,ii
5733,UP 2,9.736,81764,179575170.0,19.316758,6825281.0,360.191701,IT=4.9;4.9 ,ii
5738,UP 2,9.436,83808,185737170.0,19.325927,7829388.5,360.1916163,IT=4.7;4.7 ,ii
5744,UP 2,9.678,81456,187319940.0,19.336989,6848205.5,360.1916469,IT=4.8;4.8 ,ii
5750,UP 2,8.987,80780,196146800.0,19.349081,5602085.0,360.1916213,IT=4.5;4.5 ,ii
5756,UP 2,8.966,81552,192488450.0,19.360087,4736090.0,424.7002965,IT=4.5;4.5 ,ii
5761,UP 2,9.153,80692,193726420.0,19.369245,5021460.0,424.7002443,IT=4.6;4.6 ,ii
5769,UP 2,9.064,84548,193131500.0,19.383566,4130047.0,424.7003172,IT=4.5;4.5 ,ii
5776,UP 2,9.374,86256,191539010.0,19.39552,3269687.8,392.6865101,IT=4.7;4.7 ,ii
5785,UP 2,9.239,82732,193600100.0,19.41171,4627312.0,387.7214831,IT=4.6;4.6 ,ii
5796,UP 2,8.145,80212,223714880.0,19.431735,8499797.0,359.848963,IT=4.1;4.1 ,ii
5799,UP 2,8.037,80504,233499340.0,19.437218,10230092.0,359.8489381,IT=4;4 ,ii
5810,UP 2,7.368,79952,251822320.0,19.455755,16032684.0,359.8489442,IT=3.7;3.7 ,ii
5821,UP 2,7.817,81044,232803550.0,19.47537,13921708.0,359.8489685,IT=3.9;3.9 ,ii
5832,UP 2,8.852,86416,215730190.0,19.494586,8258201.0,359.8490125,IT=4.4;4.4 ,ii
5835,UP 2,9.098,85688,209967360.0,19.500084,6874843.0,534.7250876,IT=4.5;4.5 ,ii
5846,UP 2,10.079,90912,194546900.0,19.52008,6135754.5,534.724965,IT=5;5 ,ii
5854,UP 2,9.962,89360,193490300.0,19.535596,5038188.5,379.7240851,IT=5;5 ,ii
5865,UP 2,9.814,89140,190577230.0,19.555436,6402599.0,381.1915344,IT=4.9;4.9 ,ii
5876,UP 2,10.374,87756,174245650.0,19.574398,5597959.5,381.1914916,IT=5.2;5.2 ,ii
5882,UP 2,10.491,91808,176990000.0,19.585363,4398488.0,381.1915769,IT=5.2;5.2 ,ii
5889,UP 2,10.519,90120,173585890.0,19.598069,2939072.5,478.7677668,IT=5.3;5.3 ,ii
5896,UP 2,10.249,88816,177659330.0,19.610906,3238950.2,404.1995345,IT=5.1;5.1 ,ii
5902,UP 2,10.424,86080,172336770.0,19.621883,3415056.5,361.677147,IT=5.2;5.2 ,ii
5908,UP 2,9.787,89252,179300770.0,19.632908,4118439.2,361.6769474,IT=4.9;4.9 ,ii
5912,UP 2,9.979,88216,176835780.0,19.641992,4178642.0,361.6770423,IT=5;5 ,ii
5917,UP 2,10.575,92036,173979550.0,19.651558,3682531.8,361.6770882,IT=5.3;5.3 ,ii
5923,UP 2,10.672,87144,166259680.0,19.662579,4416971.0,416.7242923,IT=5.3;5.3 ,ii
5931,UP 2,10.447,90000,173677280.0,19.677141,5342582.5,416.7242612,IT=5.2;5.2 ,ii
5938,UP 2,10.650,91972,175952780.0,19.690758,5048474.0,416.7243373,IT=5.3;5.3 ,ii
5949,UP 2,9.982,91744,193906020.0,19.710595,4400115.5,489.7906325,IT=5;5 ,ii
5960,UP 2,8.889,88136,212891020.0,19.729449,7223202.5,469.2351972,IT=4.4;4.4 ,ii
5971,UP 2,8.507,88264,221206260.0,19.748139,8093359.0,469.2352113,IT=4.3;4.3 ,ii
5974,UP 2,7.970,86672,221052240.0,19.753635,7993456.0,469.2351751,IT=4;4 ,ii
5985,UP 2,8.142,82348,230572620.0,19.773159,8078791.0,445.2532332,IT=4.1;4.1 ,ii
5996,UP 2,7.488,83844,234217520.0,19.790759,7460788.0,379.7241431,IT=3.7;3.7 ,ii
6007,UP 2,7.360,83956,249949280.0,19.810734,9579477.0,379.7238622,IT=3.7;3.7 ,ii
6010,UP 2,7.099,82952,257748990.0,19.816026,9296385.0,379.7238615,IT=3.5;3.5 ,ii
6021,UP 2,5.497,72416,347456830.0,19.835453,30103678.0,378.8522857,IT=2.7;2.7 ,ii
6032,UP 2,4.076,66348,460414690.0,19.854573,60522768.0,378.8524069,IT=2;2 ,ii
6043,UP 2,4.045,65612,470703870.0,19.87388,63447292.0,378.8523333,IT=2;2 ,ii
6054,UP 2,5.410,73696,338611680.0,19.893463,34449932.0,378.8523639,IT=2.7;2.7 ,ii
6065,UP 2,7.041,81476,270595010.0,19.911659,14924532.0,378.8521791,IT=3.5;3.5 ,ii
6076,UP 2,7.911,84204,239306960.0,19.93064,6770058.5,378.8520721,IT=4;4 ,ii
6087,UP 2,8.271,84788,232272300.0,19.95281,7885470.0,468.7614471,IT=4.1;4.1 ,ii
6090,UP 2,8.066,82048,231296100.0,19.958292,9591239.0,468.7615505,IT=4;4 ,ii
6101,UP 2,7.507,82724,247712340.0,19.978248,11422374.0,468.7613654,IT=3.8;3.8 ,ii
6104,UP 2,7.590,85456,251957810.0,19.983758,11320157.0,468.7613636,IT=3.8;3.8 ,ii
6113,UP 2,6.966,82120,266265870.0,19.998666,8558283.0,510.2543366,IT=3.5;3.5 ,ii
6122,UP 2,6.837,79952,260902530.0,20.015106,12237880.0,510.2542468,IT=3.4;3.4 ,ii
6133,UP 2,6.619,81120,282287460.0,20.035216,16528715.0,510.2541793,IT=3.3;3.3 ,ii
6136,UP 2,6.417,78576,274893730.0,20.040687,16422274.0,510.2542926,IT=3.2;3.2 ,ii
6147,UP 2,6.255,82788,290112130.0,20.060816,17017648.0,352.7040988,IT=3.1;3.1 ,ii
6158,UP 2,7.409,85028,252518500.0,20.080195,17902934.0,352.7041269,IT=3.7;3.7 ,ii
6169,UP 2,8.103,86876,225448300.0,20.100343,14271529.0,352.7041281,IT=4.1;4.1 ,ii
6179,UP 2,9.172,92608,203919500.0,20.120216,12617864.0,352.7042923,IT=4.6;4.6 ,ii
6190,UP 2,9.169,86836,198623380.0,20.139878,16357140.0,352.7043382,IT=4.6;4.6 ,ii
6193,UP 2,8.777,89812,211349520.0,20.145388,17733998.0,352.7042672,IT=4.4;4.4 ,ii
6204,UP 2,8.061,84076,227544110.0,20.165136,17857010.0,352.704301,IT=4;4 ,ii
6215,UP 2,7.546,87304,260471500.0,20.184973,19507458.0,422.757274,IT=3.8;3.8 ,ii
6217,UP 2,7.442,83016,262985620.0,20.18863,19632188.0,422.7573308,IT=3.7;3.7 ,ii
6228,UP 2,6.548,79128,301049470.0,20.208686,35419056.0,394.2134501,IT=3.3;3.3 ,ii
6239,UP 2,6.075,75372,310477980.0,20.227929,45090164.0,394.2134286,IT=3;3 ,ii
6250,UP 2,6.114,77700,311824480.0,20.246783,41303924.0,394.2133572,IT=3.1;3.1 ,ii
6261,UP 2,6.329,79844,291405600.0,20.265779,26527632.0,394.2133759,IT=3.2;3.2 ,ii
6272,UP 2,6.378,79916,293093250.0,20.285056,18257668.0,450.7666959,IT=3.2;3.2 ,ii
6283,UP 2,6.022,78184,312569500.0,20.304212,36658580.0,450.7667245,IT=3;3 ,ii
6294,UP 2,5.307,73216,345624860.0,20.323677,37690212.0,450.7666612,IT=2.7;2.7 ,ii
6305,UP 2,5.086,70076,360386690.0,20.342731,32891620.0,437.2374952,IT=2.5;2.5 ,ii
6316,UP 2,4.919,70836,362207970.0,20.36146,26950280.0,437.2374676,IT=2.5;2.5 ,ii
6327,UP 2,5.517,72932,335858210.0,20.381153,20774260.0,480.753651,IT=2.8;2.8 ,ii
6329,UP 2,5.646,73576,324962020.0,20.384795,19036490.0,480.7536861,IT=2.8;2.8 ,ii
6340,UP 2,5.218,72576,361800100.0,20.403964,29699348.0,408.7322048,IT=2.6;2.6 ,ii
6343,UP 2,5.004,72472,372201890.0,20.409428,41086896.0,408.7321761,IT=2.5;2.5 ,ii
6354,UP 2,4.058,62880,451962240.0,20.428084,98662632.0,408.7322592,IT=2;2 ,ii
6365,UP 2,3.709,60040,481701630.0,20.448078,131039750.0,408.7323296,IT=1.9;1.9 ,ii
6376,UP 2,4.137,63608,411934880.0,20.466759,103512710.0,408.7323192,IT=2.1;2.1 ,ii
6387,UP 2,6.138,77312,311122620.0,20.485692,52434680.0,408.7323742,IT=3.1;3.1 ,ii
6398,UP 2,7.477,80688,249419570.0,20.504848,19834184.0,408.7321796,IT=3.7;3.7 ,ii
6409,UP 2,8.755,86084,223158820.0,20.525119,7685435.5,408.7321599,IT=4.4;4.4 ,ii
6420,UP 2,8.907,84252,212671100.0,20.545023,6008654.5,411.2293171,IT=4.5;4.5 ,ii
6431,UP 2,7.755,84396,248065020.0,20.564215,7204507.5,408.7145046,IT=3.9;3.9 ,ii
6442,UP 2,5.750,70316,324883200.0,20.582689,26065220.0,408.7145254,IT=2.9;2.9 ,ii
6453,UP 2,4.143,65776,432698560.0,20.60165,58610044.0,408.7142718,IT=2.1;2.1 ,ii
6464,UP 2,3.889,58972,447372960.0,20.62011,72749080.0,408.7142135,IT=1.9;1.9 ,ii
6475,UP 2,4.945,65312,375553820.0,20.63877,57828772.0,408.7141801,IT=2.5;2.5 ,ii
6486,UP 2,6.756,75084,264143550.0,20.65882,27452914.0,408.7142066,IT=3.4;3.4 ,ii
6497,UP 2,8.992,84368,201925180.0,20.67771,10263435.0,408.7143285,IT=4.5;4.5 ,ii
6508,UP 2,9.149,82184,195209060.0,20.699441,7339552.5,402.2345732,IT=4.6;4.6 ,ii
6515,UP 2,8.702,82728,199988910.0,20.712268,11450046.0,402.2346315,IT=4.4;4.4 ,ii
6526,UP 2,8.443,82152,211899420.0,20.732376,15180428.0,402.2345756,IT=4.2;4.2 ,ii
6529,UP 2,8.454,84984,212498370.0,20.737884,14669221.0,402.2345955,IT=4.2;4.2 ,ii
6540,UP 2,9.050,85316,203158610.0,20.757761,10375975.0,402.2346498,IT=4.5;4.5 ,ii
6543,UP 2,8.642,83860,203308850.0,20.76327,8951108.0,402.2346833,IT=4.3;4.3 ,ii
6554,UP 2,9.229,84308,203672220.0,20.78259,7464740.0,383.210748,IT=4.6;4.6 ,ii
6557,UP 2,8.610,85776,212840880.0,20.788098,8423139.0,383.2108007,IT=4.3;4.3 ,ii
6568,UP 2,8.657,88608,217465070.0,20.808173,7450935.0,383.2107528,IT=4.3;4.3 ,ii
6579,UP 2,8.387,89136,228006740.0,20.827059,5924911.5,507.2547021,IT=4.2;4.2 ,ii
6590,UP 2,7.722,87516,250522030.0,20.847192,8375822.5,394.7163126,IT=3.9;3.9 ,ii
6601,UP 2,7.500,87368,260113120.0,20.867892,6405749.5,394.7166586,IT=3.7;3.7 ,ii
6612,UP 2,7.296,84440,255096210.0,20.888044,5709583.5,566.2680453,IT=3.6;3.6 ,ii
6623,UP 2,7.575,83892,242918960.0,20.907162,5896960.0,496.7380736,IT=3.8;3.8 ,ii
6634,UP 2,8.088,92080,235206910.0,20.926023,6613037.5,492.7538907,IT=4;4 ,ii
6645,UP 2,8.342,90452,220062050.0,20.945102,4703528.5,492.753861,IT=4.2;4.2 ,ii
6656,UP 2,9.323,93844,208177410.0,20.963499,3811638.5,406.2134991,IT=4.7;4.7 ,ii
6667,UP 2,9.725,96248,200426800.0,20.983435,4056014.0,412.9032821,IT=4.9;4.9 ,ii
6678,UP 2,9.127,94392,208403700.0,21.003278,5659154.0,377.7083365,IT=4.6;4.6 ,ii
6689,UP 2,8.044,90828,236661340.0,21.023628,7342229.5,577.8123269,IT=4;4 ,ii
6700,UP 2,6.988,83296,274616930.0,21.041534,24311470.0,577.8122877,IT=3.5;3.5 ,ii
6711,UP 2,5.938,78608,323190110.0,21.060126,50852204.0,577.8121787,IT=3;3 ,ii
6722,UP 2,5.577,76432,337833790.0,21.079236,64873184.0,577.8124303,IT=2.8;2.8 ,ii
6733,UP 2,6.559,80832,302445310.0,21.097205,54819996.0,577.8124256,IT=3.3;3.3 ,ii
6744,UP 2,7.853,88284,247729920.0,21.117332,34006060.0,577.8124961,IT=3.9;3.9 ,ii
6755,UP 2,9.003,93972,218172510.0,21.136132,19402240.0,577.8124754,IT=4.5;4.5 ,ii
6766,UP 2,9.697,93396,203139230.0,21.156156,11492250.0,577.8123173,IT=4.8;4.8 ,ii
6777,UP 2,9.150,88744,217934560.0,21.176283,8101825.0,577.8120448,IT=4.6;4.6 ,ii
6780,UP 2,8.460,88556,232055120.0,21.18279,8914328.0,466.7379121,IT=4.2;4.2 ,ii
6791,UP 2,7.531,81880,252125060.0,21.202615,20925304.0,466.7378832,IT=3.8;3.8 ,ii
6793,UP 2,7.257,79964,261600420.0,21.206269,23627326.0,466.7377794,IT=3.6;3.6 ,ii
6804,UP 2,6.702,78440,281590850.0,21.225946,30029856.0,466.7378491,IT=3.4;3.4 ,ii
6807,UP 2,6.378,76160,281505440.0,21.231412,28948944.0,466.7378637,IT=3.2;3.2 ,ii
6818,UP 2,6.272,75276,298108260.0,21.251466,19561150.0,466.7377894,IT=3.1;3.1 ,ii
6829,UP 2,5.491,69420,337786370.0,21.270018,22093590.0,440.7240225,IT=2.7;2.7 ,ii
6832,UP 2,5.267,72140,352862210.0,21.275454,25597384.0,440.7240328,IT=2.6;2.6 ,ii
6843,UP 2,5.073,66984,367214850.0,21.29417,31162714.0,440.7241157,IT=2.5;2.5 ,ii
6854,UP 2,5.270,68716,337024740.0,21.313668,23410596.0,440.7241196,IT=2.6;2.6 ,ii
6865,UP 2,6.369,72220,287104380.0,21.332226,15608638.0,452.7345463,IT=3.2;3.2 ,ii
6868,UP 2,6.591,73724,277601060.0,21.337699,13051371.0,452.7344934,IT=3.3;3.3 ,ii
6877,UP 2,6.957,75712,268466340.0,21.353132,8967542.0,506.2410133,IT=3.5;3.5 ,ii
6883,UP 2,6.967,75536,265577730.0,21.364136,10020483.0,435.7193731,IT=3.5;3.5 ,ii
6894,UP 2,6.990,77380,278167780.0,21.383895,13782755.0,435.7194742,IT=3.5;3.5 ,ii
6900,UP 2,6.668,73288,284267230.0,21.394863,14083838.0,435.7194505,IT=3.3;3.3 ,ii
6903,UP 2,6.936,77672,280232160.0,21.400028,12552185.0,435.7193368,IT=3.5;3.5 ,ii
6914,UP 2,7.382,78272,262593870.0,21.41844,8282660.0,537.7808674,IT=3.7;3.7 ,ii
6917,UP 2,7.302,79768,251853900.0,21.42395,8729710.0,366.192534,IT=3.7;3.7 ,ii
6924,UP 2,7.879,80176,238058380.0,21.43688,10529750.0,366.1926729,IT=3.9;3.9 ,ii
6932,UP 2,8.753,83372,215513900.0,21.45083,10131606.0,366.1927664,IT=4.4;4.4 ,ii
6942,UP 2,9.052,85208,210087710.0,21.468669,7610297.5,366.1927616,IT=4.5;4.5 ,ii
6950,UP 2,8.655,82116,207793340.0,21.483208,6100567.5,366.1926362,IT=4.3;4.3 ,ii
6956,UP 2,8.859,81048,206708740.0,21.494231,5000643.0,486.7506699,IT=4.4;4.4 ,ii
6962,UP 2,8.996,81068,205083170.0,21.50466,4849129.5,486.7505395,IT=4.5;4.5 ,ii
6965,UP 2,9.040,84088,207969460.0,21.512319,4700164.0,486.7505172,IT=4.5;4.5 ,ii
6970,UP 2,9.229,86584,204221170.0,21.521798,4781337.0,478.780229,IT=4.6;4.6 ,ii
6979,UP 2,10.234,82536,185220270.0,21.538116,5951814.5,478.7802085,IT=5.1;5.1 ,ii
6990,UP 2,10.859,87612,169046800.0,21.557558,4985175.5,478.7801835,IT=5.4;5.4 ,ii
7001,UP 2,11.110,92120,166654930.0,21.577602,2996503.5,517.2229583,IT=5.6;5.6 ,ii
7003,UP 2,11.045,86320,162632930.0,21.581318,3002625.5,517.2229533,IT=5.5;5.5 ,ii
7014,UP 2,11.661,88824,152844300.0,21.601497,3477140.5,490.2295245,IT=5.8;5.8 ,ii
7025,UP 2,11.122,89892,166236420.0,21.622518,4465160.5,451.7453491,IT=5.6;5.6 ,ii
7027,UP 2,11.596,90996,168459760.0,21.626255,4805073.0,451.7454186,IT=5.8;5.8 ,ii
7038,UP 2,9.159,84316,203745650.0,21.645497,11496959.0,389.1815414,IT=4.6;4.6 ,ii
7049,UP 2,6.930,77056,283100380.0,21.664159,27180928.0,389.181494,IT=3.5;3.5 ,ii
7060,UP 2,4.895,66036,400698430.0,21.684065,45988020.0,389.181179,IT=2.4;2.4 ,ii
7071,UP 2,4.269,59800,459767070.0,21.706122,52112492.0,599.7646992,IT=2.1;2.1 ,ii
7082,UP 2,4.967,65348,413235650.0,21.72523,52270036.0,599.7649041,IT=2.5;2.5 ,ii
7093,UP 2,6.570,73308,319162620.0,21.744519,35813868.0,599.7650617,IT=3.3;3.3 ,ii
7104,UP 2,8.104,80300,248458460.0,21.762719,17442992.0,599.7649735,IT=4.1;4.1 ,ii
7107,UP 2,8.430,82440,234518380.0,21.770227,12821064.0,599.7651725,IT=4.2;4.2 ,ii
7118,UP 2,9.344,83972,215873870.0,21.789338,6724539.5,451.2064127,IT=4.7;4.7 ,ii
7129,UP 2,8.867,80508,223709840.0,21.80951,13549726.0,466.2405327,IT=4.4;4.4 ,ii
7140,UP 2,8.432,74356,220302430.0,21.828516,17640446.0,466.2404074,IT=4.2;4.2 ,ii
7150,UP 2,8.898,78864,223931230.0,21.845881,17540036.0,466.2404695,IT=4.4;4.4 ,ii
7159,UP 2,9.172,79164,207718160.0,21.86235,12739992.0,466.240488,IT=4.6;4.6 ,ii
7169,UP 2,9.794,83356,197822740.0,21.879233,7305074.0,466.240492,IT=4.9;4.9 ,ii
7172,UP 2,9.948,79564,190738000.0,21.884745,6215464.5,466.2406947,IT=5;5 ,ii
7180,UP 2,10.214,86432,188237490.0,21.899135,5395042.0,527.7862441,IT=5.1;5.1 ,ii
7185,UP 2,10.296,81048,181483470.0,21.908295,4978172.0,527.7862809,IT=5.1;5.1 ,ii
7191,UP 2,10.475,82456,181492930.0,21.919268,6698550.5,366.2004073,IT=5.2;5.2 ,ii
7194,UP 2,10.504,80760,181544350.0,21.926953,9121195.0,366.2004348,IT=5.3;5.3 ,ii
7203,UP 2,10.023,82712,188003090.0,21.943412,13886973.0,366.2004096,IT=5;5 ,ii
7209,UP 2,10.053,81936,190739500.0,21.954451,16699462.0,366.2004576,IT=5;5 ,ii
7216,UP 2,10.168,81312,183955470.0,21.966468,17306926.0,366.2004159,IT=5.1;5.1 ,ii
7224,UP 2,11.046,87848,173918700.0,21.981132,15487432.0,366.2003626,IT=5.5;5.5 ,ii
7229,UP 2,11.831,85016,163410450.0,21.990338,13097556.0,366.2005203,IT=5.9;5.9 ,ii
7234,UP 2,12.490,86756,154905890.0,21.999565,10457550.0,366.2005224,IT=6.2;6.2 ,ii
7239,UP 2,12.879,90188,151220850.0,22.00879,8380072.0,366.2005214,IT=6.4;6.4 ,ii
7244,UP 2,13.470,85112,138946620.0,22.017417,6029792.0,380.7136473,IT=6.7;6.7 ,ii
7249,UP 2,13.808,89084,135328340.0,22.026651,5418392.5,380.7135917,IT=6.9;6.9 ,ii
7259,UP 2,14.326,91704,129364390.0,22.044973,3592337.2,380.7136689,IT=7.2;7.2 ,ii
7266,UP 2,14.398,92464,126893490.0,22.057903,2764129.8,425.7373329,IT=7.2;7.2 ,ii
7277,UP 2,13.875,89188,137460290.0,22.077732,5101439.5,425.7371657,IT=6.9;6.9 ,ii
7283,UP 2,13.778,90884,141283600.0,22.087931,5796167.5,425.7372629,IT=6.9;6.9 ,ii
7289,UP 2,13.403,88520,148365810.0,22.099988,6174823.5,425.7370121,IT=6.7;6.7 ,ii
7290,UP 2,12.995,90372,150681650.0,22.104015,6182006.0,425.7371164,IT=6.5;6.5 ,ii
7297,UP 2,12.439,86184,156364850.0,22.116854,5473635.0,425.7371997,IT=6.2;6.2 ,ii
7302,UP 2,12.368,86420,160352930.0,22.126069,5234663.5,544.77079,IT=6.2;6.2 ,ii
7306,UP 2,12.101,85388,162499700.0,22.13346,5748247.5,458.2488248,IT=6.1;6.1 ,ii
7309,UP 2,11.559,84304,168717220.0,22.141158,8538064.0,458.2488674,IT=5.8;5.8 ,ii
7315,UP 2,12.003,86860,169508990.0,22.152192,13323902.0,458.248705,IT=6;6 ,ii
7321,UP 2,10.969,81788,176005140.0,22.163231,20218420.0,458.2487518,IT=5.5;5.5 ,ii
7327,UP 2,10.895,82324,184846700.0,22.174223,25537136.0,458.2485401,IT=5.4;5.4 ,ii
7331,UP 2,10.311,79436,196504030.0,22.183762,30757616.0,458.2486655,IT=5.2;5.2 ,ii
7337,UP 2,9.507,79180,210929220.0,22.194777,34369704.0,458.2485148,IT=4.8;4.8 ,ii
7346,UP 2,9.751,82684,208568160.0,22.213372,29422338.0,458.2486535,IT=4.9;4.9 ,ii
7357,UP 2,10.044,81224,200152290.0,22.233451,18834902.0,458.2487377,IT=5;5 ,ii
7359,UP 2,9.810,78384,199349280.0,22.237153,16547154.0,458.2487478,IT=4.9;4.9 ,ii
7370,UP 2,9.526,79752,208762400.0,22.257228,13299310.0,390.7104305,IT=4.8;4.8 ,ii
7381,UP 2,8.968,80288,219699540.0,22.277312,21001554.0,390.7103984,IT=4.5;4.5 ,ii
7392,UP 2,9.331,77108,206691500.0,22.297409,22044376.0,390.7104212,IT=4.7;4.7 ,ii
7401,UP 2,9.967,82420,200654780.0,22.313949,17512092.0,390.7103532,IT=5;5 ,ii
7412,UP 2,10.373,81692,188768180.0,22.333784,10008946.0,390.7104513,IT=5.2;5.2 ,ii
7423,UP 2,11.072,87580,181401600.0,22.352628,5106656.5,390.710363,IT=5.5;5.5 ,ii
7432,UP 2,11.665,86464,168775940.0,22.371075,3765509.5,616.8157984,IT=5.8;5.8 ,ii
7438,UP 2,12.077,91604,168746700.0,22.382111,4106748.8,428.7480291,IT=6;6 ,ii
7443,UP 2,12.456,90452,165105520.0,22.390544,5318738.0,428.7481389,IT=6.2;6.2 ,ii
7448,UP 2,12.483,90160,163569520.0,22.399334,6752180.5,428.748318,IT=6.2;6.2 ,ii
7451,UP 2,11.665,86596,171255180.0,22.404875,7843012.0,428.7481057,IT=5.8;5.8 ,ii
7455,UP 2,11.181,85408,178857970.0,22.414002,9473066.0,428.7481797,IT=5.6;5.6 ,ii
7460,UP 2,11.189,85640,177548300.0,22.423225,9979509.0,428.7480177,IT=5.6;5.6 ,ii
7463,UP 2,10.877,87524,182651490.0,22.430917,10058224.0,428.748125,IT=5.4;5.4 ,ii
7468,UP 2,11.191,85028,186803540.0,22.439731,9789009.0,428.7481225,IT=5.6;5.6 ,ii
7476,UP 2,10.883,87396,190356720.0,22.454433,9302364.0,569.753172,IT=5.4;5.4 ,ii
7486,UP 2,10.443,85380,195035380.0,22.472789,8565764.0,474.2924032,IT=5.2;5.2 ,ii
7493,UP 2,10.694,83912,189298850.0,22.485671,9056526.0,474.2924423,IT=5.3;5.3 ,ii
7498,UP 2,10.315,83324,187233500.0,22.494833,9695527.0,474.2924858,IT=5.2;5.2 ,ii
7504,UP 2,10.415,82828,188966540.0,22.505902,10897607.0,495.7588345,IT=5.2;5.2 ,ii
7509,UP 2,10.106,83408,195647550.0,22.517241,12554455.0,495.7590322,IT=5.1;5.1 ,ii
7516,UP 2,10.505,82844,191241120.0,22.530041,11990102.0,495.7590869,IT=5.3;5.3 ,ii
7525,UP 2,10.014,81404,201448300.0,22.546543,10469778.0,495.7591734,IT=5;5 ,ii
7534,UP 2,8.870,76244,226902480.0,22.562972,12790914.0,401.6813306,IT=4.4;4.4 ,ii
7540,UP 2,8.035,73716,253450860.0,22.573941,18865316.0,401.681205,IT=4;4 ,ii
7543,UP 2,7.293,71584,280503260.0,22.579412,22832412.0,401.6812712,IT=3.6;3.6 ,ii
7552,UP 2,5.905,63824,318277180.0,22.595907,39105456.0,488.7279777,IT=3;3 ,ii
7563,UP 2,5.514,65504,361784830.0,22.61597,57409364.0,488.728102,IT=2.8;2.8 ,ii
7574,UP 2,5.651,66512,350098370.0,22.636063,55678688.0,488.728043,IT=2.8;2.8 ,ii
7577,UP 2,6.053,68408,334505060.0,22.641509,50296380.0,488.7279959,IT=3;3 ,ii
7588,UP 2,6.306,70148,308501920.0,22.661092,34077700.0,488.7279466,IT=3.2;3.2 ,ii
7599,UP 2,6.886,76040,288054720.0,22.680786,18401630.0,488.7279094,IT=3.4;3.4 ,ii
7602,UP 2,7.483,74104,267923020.0,22.687267,15279078.0,468.2090012,IT=3.7;3.7 ,ii
7613,UP 2,8.060,80632,252137970.0,22.707409,15477333.0,468.2091138,IT=4;4 ,ii
7624,UP 2,8.893,81820,228570370.0,22.72604,11925035.0,468.2091625,IT=4.4;4.4 ,ii
7635,UP 2,9.792,82632,204508850.0,22.74616,6733869.0,468.2092369,IT=4.9;4.9 ,ii
7646,UP 2,10.653,86348,191383760.0,22.7663,6136583.5,365.7083015,IT=5.3;5.3 ,ii
7655,UP 2,10.883,87584,181293470.0,22.784808,5372792.0,365.7084208,IT=5.4;5.4 ,ii
7660,UP 2,11.018,86412,176220620.0,22.793491,5112241.5,351.8855331,IT=5.5;5.5 ,ii
7666,UP 2,10.829,84432,176061500.0,22.804516,5417971.0,351.8854518,IT=5.4;5.4 ,ii
7673,UP 2,10.838,85592,178526820.0,22.816708,5911399.0,367.2263548,IT=5.4;5.4 ,ii
7681,UP 2,10.835,84240,180266080.0,22.83137,7954340.5,367.2263366,IT=5.4;5.4 ,ii
7691,UP 2,10.554,83664,180388320.0,22.849718,8409914.0,367.2264248,IT=5.3;5.3 ,ii
7702,UP 2,10.880,85872,180609790.0,22.869535,6669282.0,367.2264523,IT=5.4;5.4 ,ii
7709,UP 2,10.849,87792,178800930.0,22.880958,5232258.0,367.2264962,IT=5.4;5.4 ,ii
7714,UP 2,10.872,84908,177233490.0,22.890162,3882066.5,367.2263847,IT=5.4;5.4 ,ii
7717,UP 2,11.254,81804,172594540.0,22.89788,3707210.0,459.2689671,IT=5.6;5.6 ,ii
7722,UP 2,11.107,82124,177403940.0,22.909205,4503263.5,459.268998,IT=5.6;5.6 ,ii
7729,UP 2,11.353,85148,175853140.0,22.922022,5619741.0,617.8054649,IT=5.7;5.7 ,ii
7740,UP 2,11.727,91092,172846450.0,22.944207,6730785.5,617.8054416,IT=5.9;5.9 ,ii
7746,UP 2,12.143,86528,162828670.0,22.955299,6240891.0,617.8055539,IT=6.1;6.1 ,ii
7754,UP 2,12.643,89404,157018500.0,22.969971,5159997.5,617.8055133,IT=6.3;6.3 ,ii
7762,UP 2,12.358,87736,157990820.0,22.984732,3976253.5,574.7940084,IT=6.2;6.2 ,ii
7765,UP 2,12.916,89612,155972300.0,22.990309,3999411.0,574.7943558,IT=6.5;6.5 ,ii
7771,UP 2,11.947,85552,162014700.0,23.001292,4006372.0,574.7941893,IT=6;6 ,ii
7778,UP 2,11.469,85864,169002640.0,23.01365,4608319.5,422.2227177,IT=5.7;5.7 ,ii
7787,UP 2,10.256,81908,187257470.0,23.029265,4890759.5,422.2225469,IT=5.1;5.1 ,ii
7795,UP 2,9.154,80964,217760450.0,23.043904,6500365.0,488.2304585,IT=4.6;4.6 ,ii
7803,UP 2,8.513,77312,236078540.0,23.058019,8497800.0,488.2304027,IT=4.3;4.3 ,ii
7811,UP 2,7.962,74484,256019490.0,23.072654,10242051.0,488.2303372,IT=4;4 ,ii
7819,UP 2,7.390,73908,270121500.0,23.086235,10434500.0,567.7856048,IT=3.7;3.7 ,ii
7830,UP 2,7.523,73516,260228400.0,23.107356,14916708.0,567.7857777,IT=3.8;3.8 ,ii
7836,UP 2,7.772,74868,258425500.0,23.118318,15808428.0,567.7860221,IT=3.9;3.9 ,ii
7841,UP 2,7.763,72892,251617090.0,23.127472,15926642.0,567.7858451,IT=3.9;3.9 ,ii
7847,UP 2,8.097,76020,244388960.0,23.139775,13170835.0,567.7859635,IT=4;4 ,ii
7853,UP 2,8.384,73544,234918620.0,23.150445,10211487.0,567.7863287,IT=4.2;4.2 ,ii
7859,UP 2,9.124,78328,228693330.0,23.161437,7939252.0,569.2900372,IT=4.6;4.6 ,ii
7863,UP 2,8.848,76792,227582340.0,23.169778,7603087.0,569.2900956,IT=4.4;4.4 ,ii
7869,UP 2,8.843,76288,226297420.0,23.182751,9137162.0,444.7430058,IT=4.4;4.4 ,ii
7876,UP 2,8.191,77080,240669820.0,23.195247,17852764.0,444.7430687,IT=4.1;4.1 ,ii
7885,UP 2,7.034,68756,277939360.0,23.211712,37426652.0,444.7429778,IT=3.5;3.5 ,ii
7893,UP 2,6.607,71468,308464510.0,23.225499,54170932.0,444.7430685,IT=3.3;3.3 ,ii
7900,UP 2,5.914,68180,342720610.0,23.237209,69187496.0,444.7430809,IT=3;3 ,ii
7906,UP 2,5.329,64848,366877120.0,23.248222,80250736.0,444.743018,IT=2.7;2.7 ,ii
7913,UP 2,5.031,61180,380923940.0,23.259955,86326512.0,444.7429237,IT=2.5;2.5 ,ii
7923,UP 2,5.622,68464,359900670.0,23.277572,77778192.0,444.7429233,IT=2.8;2.8 ,ii
7931,UP 2,6.251,68352,316832770.0,23.292105,61080844.0,444.7428976,IT=3.1;3.1 ,ii
7940,UP 2,7.302,73436,269357820.0,23.308082,40849956.0,444.7429204,IT=3.7;3.7 ,ii
7950,UP 2,8.819,74084,227556770.0,23.326355,24047086.0,444.7429673,IT=4.4;4.4 ,ii
7961,UP 2,9.305,80904,208402030.0,23.346021,14013408.0,444.7428952,IT=4.7;4.7 ,ii
7963,UP 2,9.800,78480,203494080.0,23.3517,15563632.0,398.2397888,IT=4.9;4.9 ,ii
7973,UP 2,9.243,75816,218400640.0,23.370083,29572156.0,398.2398634,IT=4.6;4.6 ,ii
7978,UP 2,8.898,75068,224919060.0,23.379242,36992136.0,398.2397719,IT=4.4;4.4 ,ii
7983,UP 2,8.681,72184,224186800.0,23.388414,43148400.0,398.2397499,IT=4.3;4.3 ,ii
7990,UP 2,8.803,70756,223776460.0,23.403229,49549548.0,398.2398856,IT=4.4;4.4 ,ii
8001,UP 2,8.700,72888,222574110.0,23.423318,49642288.0,398.2399327,IT=4.3;4.3 ,ii
8008,UP 2,9.929,73980,202550290.0,23.43617,42109408.0,398.2399253,IT=5;5 ,ii
8017,UP 2,11.070,79860,174715650.0,23.452518,29398546.0,398.2397828,IT=5.5;5.5 ,ii
8024,UP 2,11.820,80260,164268990.0,23.465366,22218774.0,398.2398605,IT=5.9;5.9 ,ii
8034,UP 2,12.843,85856,153112900.0,23.483685,12575622.0,398.239825,IT=6.4;6.4 ,ii
8042,UP 2,13.659,87076,147460460.0,23.498385,7986065.5,398.2398417,IT=6.8;6.8 ,ii
8047,UP 2,13.918,87380,145876560.0,23.507593,7184570.0,566.793093,IT=7;7 ,ii
8048,UP 2,14.744,89820,143384660.0,23.511647,7481918.0,566.7934286,IT=7.4;7.4 ,ii
8052,UP 2,14.202,84652,143818610.0,23.519057,7981874.5,566.7934264,IT=7.1;7.1 ,ii
8057,UP 2,13.519,90952,150895700.0,23.527607,8524198.0,566.7933654,IT=6.8;6.8 ,ii
8062,UP 2,13.535,86872,150104640.0,23.536824,8242331.5,566.7934273,IT=6.8;6.8 ,ii
8067,UP 2,13.508,87000,152501600.0,23.546055,8448533.0,668.337113,IT=6.8;6.8 ,ii
8072,UP 2,13.078,89508,155192160.0,23.55528,8047708.0,668.3371575,IT=6.5;6.5 ,ii
8078,UP 2,13.769,87904,154253600.0,23.566349,6944287.5,668.3372883,IT=6.9;6.9 ,ii
8083,UP 2,13.676,85956,153180940.0,23.575563,9733590.0,424.2209324,IT=6.8;6.8 ,ii
8089,UP 2,12.318,83108,159878670.0,23.586603,14869450.0,424.2208836,IT=6.2;6.2 ,ii
8096,UP 2,11.964,81900,174539490.0,23.599146,21680914.0,424.22089,IT=6;6 ,ii
8103,UP 2,10.827,77752,189554110.0,23.611978,28810844.0,424.220931,IT=5.4;5.4 ,ii
8108,UP 2,10.368,80752,202706720.0,23.621169,33015678.0,424.2209599,IT=5.2;5.2 ,ii
8119,UP 2,9.111,73516,227605490.0,23.64125,36645600.0,424.2208152,IT=4.6;4.6 ,ii
8122,UP 2,9.104,73124,227602750.0,23.646734,35616712.0,424.2207704,IT=4.6;4.6 ,ii
8133,UP 2,8.061,70112,249948530.0,23.665713,29903060.0,424.220788,IT=4;4 ,ii
8144,UP 2,7.207,65808,267357630.0,23.685812,20204616.0,400.7712247,IT=3.6;3.6 ,ii
8155,UP 2,6.246,61752,314406080.0,23.706929,24370492.0,400.7711452,IT=3.1;3.1 ,ii
8166,UP 2,5.622,60432,353036420.0,23.726212,22688336.0,495.2422517,IT=2.8;2.8 ,ii
8177,UP 2,4.784,59424,405051390.0,23.745772,26829022.0,495.4923754,IT=2.4;2.4 ,ii
8188,UP 2,4.631,57452,409836290.0,23.765874,26025912.0,420.2289214,IT=2.3;2.3 ,ii
8199,UP 2,5.800,65820,349802720.0,23.787908,25277232.0,420.2291112,IT=2.9;2.9 ,ii
8210,UP 2,7.411,69932,282212930.0,23.808037,18855468.0,420.2291401,IT=3.7;3.7 ,ii
8221,UP 2,8.979,76216,238191790.0,23.828214,15299548.0,540.2600127,IT=4.5;4.5 ,ii
8224,UP 2,9.528,79324,224613390.0,23.833736,14054318.0,540.2600409,IT=4.8;4.8 ,ii
8235,UP 2,10.891,85688,201561070.0,23.853374,10762191.0,540.2601698,IT=5.4;5.4 ,ii
8246,UP 2,11.665,87928,180792980.0,23.875574,5537630.0,540.2601964,IT=5.8;5.8 ,ii
8256,UP 2,11.989,90372,181586060.0,23.893874,4104649.2,486.7723796,IT=6;6 ,ii
8267,UP 2,11.747,90036,182939280.0,23.913984,7227923.0,445.2408962,IT=5.9;5.9 ,ii
8275,UP 2,10.885,89796,200030800.0,23.928646,10888773.0,445.2408748,IT=5.4;5.4 ,ii
8280,UP 2,10.868,90216,202117680.0,23.937798,11937442.0,445.2408062,IT=5.4;5.4 ,ii
8288,UP 2,10.204,87348,210954700.0,23.952473,12680049.0,445.2407996,IT=5.1;5.1 ,ii
8299,UP 2,9.987,87496,219997710.0,23.970744,10932071.0,445.2406551,IT=5;5 ,ii
8310,UP 2,10.079,81644,213815660.0,23.990175,6544836.0,445.2408966,IT=5;5 ,ii
8312,UP 2,9.610,82020,215672340.0,23.993881,6355600.0,379.5644309,IT=4.8;4.8 ,ii
8316,UP 2,9.418,83868,221180180.0,24.000813,7302114.5,379.5644129,IT=4.7;4.7 ,ii
8326,UP 2,9.648,80600,213968720.0,24.019168,8616520.0,379.564442,IT=4.8;4.8 ,ii
8335,UP 2,10.214,84788,206200160.0,24.037658,8503463.0,379.564571,IT=5.1;5.1 ,ii
8346,UP 2,10.990,87476,197468130.0,24.057808,6290420.5,379.5645034,IT=5.5;5.5 ,ii
8357,UP 2,11.196,88460,195134340.0,24.07756,3704282.2,379.5644169,IT=5.6;5.6 ,ii
8368,UP 2,11.047,88980,205359140.0,24.097712,4599316.5,375.2007178,IT=5.5;5.5 ,ii
8375,UP 2,10.266,83388,212352660.0,24.108601,5184968.5,375.2007308,IT=5.1;5.1 ,ii
8386,UP 2,9.679,82060,229721220.0,24.128745,11803079.0,425.7188902,IT=4.8;4.8 ,ii
8397,UP 2,8.033,76724,269130590.0,24.148822,29711440.0,425.7188816,IT=4;4 ,ii
8408,UP 2,7.415,67732,288602850.0,24.168438,50651736.0,425.7188958,IT=3.7;3.7 ,ii
8410,UP 2,6.935,67776,296524580.0,24.172101,54306352.0,425.7189719,IT=3.5;3.5 ,ii
8421,UP 2,6.778,65296,302680930.0,24.193153,67310432.0,425.7190536,IT=3.4;3.4 ,ii
8432,UP 2,7.335,69104,289134750.0,24.212917,63358708.0,425.7190502,IT=3.7;3.7 ,ii
8443,UP 2,8.056,73572,257911950.0,24.232882,46011600.0,425.7190485,IT=4;4 ,ii
8454,UP 2,9.325,80016,227642460.0,24.251788,27748558.0,425.7189615,IT=4.7;4.7 ,ii
8465,UP 2,9.969,82264,226858960.0,24.270781,16303283.0,425.7188518,IT=5;5 ,ii
8467,UP 2,9.435,82664,236048000.0,24.276471,15983366.0,391.2081877,IT=4.7;4.7 ,ii
8478,UP 2,9.406,81328,239702370.0,24.296017,16489347.0,391.2081792,IT=4.7;4.7 ,ii
8480,UP 2,9.589,82656,228612290.0,24.299723,15818339.0,391.2082842,IT=4.8;4.8 ,ii
8491,UP 2,8.742,79612,243415340.0,24.31986,19320930.0,624.8042367,IT=4.4;4.4 ,ii
8502,UP 2,8.487,80532,250595940.0,24.339546,25064734.0,624.8041995,IT=4.2;4.2 ,ii
8513,UP 2,8.911,80636,248075500.0,24.359222,23434416.0,624.8042089,IT=4.5;4.5 ,ii
8524,UP 2,9.060,80952,239176050.0,24.37932,15874323.0,624.8042163,IT=4.5;4.5 ,ii
8535,UP 2,9.009,83456,240649890.0,24.399212,17688670.0,403.7283363,IT=4.5;4.5 ,ii
8538,UP 2,9.153,81552,233822960.0,24.404714,18978932.0,403.7283784,IT=4.6;4.6 ,ii
8547,UP 2,9.284,81744,233339490.0,24.421218,23162810.0,403.7284139,IT=4.6;4.6 ,ii
8558,UP 2,9.590,83164,227897920.0,24.443389,23165136.0,403.7283726,IT=4.8;4.8 ,ii
8560,UP 2,9.178,81772,222706180.0,24.447076,21500132.0,403.7283908,IT=4.6;4.6 ,ii
8571,UP 2,9.344,80732,226646370.0,24.465486,15744484.0,403.7281003,IT=4.7;4.7 ,ii
8582,UP 2,8.364,77228,246962380.0,24.485382,19221438.0,430.7390897,IT=4.2;4.2 ,ii
8584,UP 2,8.298,77100,252211600.0,24.489057,21006970.0,430.7390658,IT=4.1;4.1 ,ii
8595,UP 2,7.140,72140,283934300.0,24.508674,34600332.0,425.7665067,IT=3.6;3.6 ,ii
8598,UP 2,7.219,74100,287700480.0,24.514178,37270448.0,425.7665213,IT=3.6;3.6 ,ii
8609,UP 2,6.756,68420,291359810.0,24.533674,48432024.0,425.7666227,IT=3.4;3.4 ,ii
8620,UP 2,7.309,71832,278617600.0,24.553786,50890760.0,425.7665634,IT=3.7;3.7 ,ii
8628,UP 2,7.466,70556,266600750.0,24.567698,49656436.0,425.7665549,IT=3.7;3.7 ,ii
8636,UP 2,8.150,77204,265292460.0,24.582361,46311764.0,425.7665612,IT=4.1;4.1 ,ii
8647,UP 2,8.048,75488,266311010.0,24.601848,37515584.0,425.7664453,IT=4;4 ,ii
8658,UP 2,6.941,71048,304873980.0,24.621242,31508316.0,425.7664639,IT=3.5;3.5 ,ii
8669,UP 2,5.858,70116,371610300.0,24.640494,29618732.0,506.2400441,IT=2.9;2.9 ,ii
8680,UP 2,5.033,67260,425912770.0,24.660531,41643256.0,506.239836,IT=2.5;2.5 ,ii
8691,UP 2,4.792,64772,449464480.0,24.679339,44388852.0,506.2399022,IT=2.4;2.4 ,ii
8702,UP 2,5.178,64024,399578400.0,24.698697,33487898.0,506.2397438,IT=2.6;2.6 ,ii
8713,UP 2,6.552,71876,328733950.0,24.718858,21842988.0,402.7267912,IT=3.3;3.3 ,ii
8716,UP 2,6.895,76036,311849660.0,24.724356,19331676.0,402.7268547,IT=3.4;3.4 ,ii
8726,UP 2,8.374,76196,251337420.0,24.742174,10791126.0,402.7268792,IT=4.2;4.2 ,ii
8732,UP 2,9.585,85724,228938220.0,24.753232,6996338.5,425.766523,IT=4.8;4.8 ,ii
8740,UP 2,10.461,89136,207004580.0,24.768945,6141985.0,425.7665394,IT=5.2;5.2 ,ii
8750,UP 2,10.566,90796,196986140.0,24.787297,5380112.5,425.7666726,IT=5.3;5.3 ,ii
8761,UP 2,9.428,89568,223382050.0,24.807261,5724882.5,507.2855577,IT=4.7;4.7 ,ii
8764,UP 2,9.433,89612,229047470.0,24.812784,6148986.0,507.2855425,IT=4.7;4.7 ,ii
8775,UP 2,8.032,87860,269595360.0,24.832267,10321877.0,483.2384904,IT=4;4 ,ii
8786,UP 2,7.194,83180,298586050.0,24.852028,13618322.0,523.7780072,IT=3.6;3.6 ,ii
8797,UP 2,6.969,79768,311373600.0,24.871705,14532517.0,523.7781237,IT=3.5;3.5 ,ii
8808,UP 2,6.803,80352,316701500.0,24.891211,16282322.0,352.7080707,IT=3.4;3.4 ,ii
8818,UP 2,6.990,79156,319435200.0,24.909473,19199562.0,576.2831408,IT=3.5;3.5 ,ii
8824,UP 2,7.088,82108,309214530.0,24.920465,18155562.0,576.283014,IT=3.5;3.5 ,ii
8835,UP 2,7.468,81436,299638140.0,24.940471,13017208.0,576.2830295,IT=3.7;3.7 ,ii
8838,UP 2,7.500,83004,297091650.0,24.94596,12326681.0,400.8839094,IT=3.8;3.8 ,ii
8849,UP 2,7.595,83072,298794020.0,24.965231,19818854.0,400.8839791,IT=3.8;3.8 ,ii
8860,UP 2,7.884,83892,288236540.0,24.982775,23405228.0,400.8840378,IT=3.9;3.9 ,ii
8871,UP 2,8.205,81816,262702060.0,25.002443,23449482.0,400.8840223,IT=4.1;4.1 ,ii
8882,UP 2,9.190,85364,236449260.0,25.022595,17422574.0,400.8840346,IT=4.6;4.6 ,ii
8885,UP 2,9.615,85896,219187970.0,25.028099,14970842.0,400.8839947,IT=4.8;4.8 ,ii
8896,UP 2,9.803,88088,213284800.0,25.048299,8802745.0,400.8840794,IT=4.9;4.9 ,ii
8907,UP 2,10.657,90272,199750660.0,25.068464,7096478.0,546.7887605,IT=5.3;5.3 ,ii
8918,UP 2,10.155,89352,206470060.0,25.088661,7082127.0,462.7161537,IT=5.1;5.1 ,ii
8921,UP 2,10.086,88688,207811970.0,25.095224,7896097.0,383.690267,IT=5;5 ,ii
8932,UP 2,9.763,87436,215396290.0,25.115053,12652084.0,383.6904043,IT=4.9;4.9 ,ii
8943,UP 2,9.534,87452,215820580.0,25.134722,14953732.0,383.6902787,IT=4.8;4.8 ,ii
8954,UP 2,9.901,86624,218152930.0,25.154107,14164282.0,383.6902585,IT=5;5 ,ii
8965,UP 2,9.101,85004,225423650.0,25.173763,10493815.0,614.8184881,IT=4.6;4.6 ,ii
8976,UP 2,8.899,84176,241849940.0,25.192994,18187434.0,614.8184414,IT=4.4;4.4 ,ii
8987,UP 2,8.950,82440,248341940.0,25.212831,23092448.0,614.8185649,IT=4.5;4.5 ,ii
8998,UP 2,9.396,83868,245655620.0,25.23099,20485330.0,614.8184427,IT=4.7;4.7 ,ii
9009,UP 2,9.962,83800,219233180.0,25.251152,13741610.0,614.818555,IT=5;5 ,ii
9018,UP 2,11.007,85756,200147040.0,25.267637,8606292.0,614.8181952,IT=5.5;5.5 ,ii
9021,UP 2,10.984,83956,192360660.0,25.274191,7215943.5,472.7656252,IT=5.5;5.5 ,ii
9031,UP 2,12.378,88188,171405600.0,25.292029,5781735.5,436.8983383,IT=6.2;6.2 ,ii
9040,UP 2,12.440,89064,168315470.0,25.308047,5218464.0,436.8983553,IT=6.2;6.2 ,ii
9048,UP 2,13.209,93232,163485020.0,25.322785,4414634.0,436.8985192,IT=6.6;6.6 ,ii
9056,UP 2,13.252,91952,161408930.0,25.337504,3289391.2,436.8984465,IT=6.6;6.6 ,ii
9063,UP 2,13.208,91892,162436460.0,25.34986,3114286.2,456.5753301,IT=6.6;6.6 ,ii
9071,UP 2,13.566,92640,166504800.0,25.364597,4197904.5,470.3341851,IT=6.8;6.8 ,ii
9082,UP 2,13.301,95312,172084620.0,25.384545,4457978.5,470.3340712,IT=6.7;6.7 ,ii
9084,UP 2,13.505,92832,170169520.0,25.388318,4585151.0,470.3341561,IT=6.8;6.8 ,ii
9094,UP 2,13.603,93100,171744770.0,25.406716,3940224.5,470.3341256,IT=6.8;6.8 ,ii
9103,UP 2,12.436,87528,173316590.0,25.42327,4630107.5,510.5837683,IT=6.2;6.2 ,ii
9114,UP 2,13.200,91892,167324140.0,25.444449,5651528.5,510.5839234,IT=6.6;6.6 ,ii
9124,UP 2,12.701,93764,169020190.0,25.462551,6465270.5,510.5839367,IT=6.4;6.4 ,ii
9133,UP 2,12.982,92740,162727680.0,25.479067,5714572.0,497.2539261,IT=6.5;6.5 ,ii
9136,UP 2,12.875,91876,162342540.0,25.48465,5994755.5,497.2539182,IT=6.4;6.4 ,ii
9146,UP 2,12.506,91244,168690860.0,25.502996,6244912.0,497.2537511,IT=6.3;6.3 ,ii
9155,UP 2,12.433,89456,169853920.0,25.519573,4388519.0,497.2533755,IT=6.2;6.2 ,ii
9166,UP 2,11.910,85108,180765890.0,25.539746,8099094.0,403.2348557,IT=6;6 ,ii
9169,UP 2,11.772,87404,184505260.0,25.54529,9630969.0,403.2351705,IT=5.9;5.9 ,ii
9179,UP 2,10.882,80032,190862060.0,25.563644,13346503.0,403.2343639,IT=5.4;5.4 ,ii
9190,UP 2,10.387,80292,189055420.0,25.583806,12747874.0,403.2350579,IT=5.2;5.2 ,ii
9201,UP 2,10.604,76948,180020770.0,25.603512,12091811.0,403.2299698,IT=5.3;5.3 ,ii
9203,UP 2,11.124,78784,182879950.0,25.608335,10500043.0,403.5692272,IT=5.6;5.6 ,ii
9209,UP 2,10.944,78472,183230620.0,25.618172,9460104.0,403.5691055,IT=5.5;5.5 ,ii
9215,UP 2,11.579,83796,183081780.0,25.629216,8630653.0,403.2329498,IT=5.8;5.8 ,ii
9224,UP 2,12.385,87048,182802510.0,25.645695,7708795.5,403.2337035,IT=6.2;6.2 ,ii
9233,UP 2,12.525,92120,174332050.0,25.662191,5830014.5,403.2345229,IT=6.3;6.3 ,ii
9244,UP 2,12.920,90276,167577420.0,25.682322,4504077.0,485.2778615,IT=6.5;6.5 ,ii
9255,UP 2,12.967,90044,163238690.0,25.704476,6322048.0,543.7471785,IT=6.5;6.5 ,ii
9266,UP 2,13.648,95532,162070260.0,25.724618,7809559.0,543.7471634,IT=6.8;6.8 ,ii
9269,UP 2,14.236,99520,161975810.0,25.730218,7670158.0,543.747044,IT=7.1;7.1 ,ii
9280,UP 2,13.814,95112,155833550.0,25.750428,6464171.0,543.7472995,IT=6.9;6.9 ,ii
9282,UP 2,13.940,90712,151575340.0,25.754207,6589224.5,543.747485,IT=7;7 ,ii
9290,UP 2,14.319,96036,153407900.0,25.768942,4577176.0,543.7472717,IT=7.2;7.2 ,ii
9296,UP 2,14.775,95796,149869500.0,25.780028,4530475.0,491.2489677,IT=7.4;7.4 ,ii
9301,UP 2,14.460,95144,151067570.0,25.789607,5212732.5,507.7653045,IT=7.2;7.2 ,ii
9307,UP 2,14.558,90620,145238420.0,25.800665,5638817.0,507.7652134,IT=7.3;7.3 ,ii
9308,UP 2,17.047,100048,141947010.0,25.804584,5461228.0,507.7653533,IT=8.5;8.5 ,ii
9311,UP 2,15.117,92872,142807550.0,25.810221,5685485.5,507.7653694,IT=7.6;7.6 ,ii
9316,UP 2,15.603,93964,139591600.0,25.819486,5160565.0,507.7654067,IT=7.8;7.8 ,ii
9321,UP 2,16.154,97032,138025660.0,25.828761,4600854.5,507.7654856,IT=8.1;8.1 ,ii
9327,UP 2,15.808,97880,140236080.0,25.83915,3837074.5,507.7652474,IT=7.9;7.9 ,ii
9328,UP 2,17.608,97032,135259020.0,25.843238,3602391.8,395.2396681,IT=8.8;8.8 ,ii
9337,UP 2,14.691,92216,146675070.0,25.859746,6350146.0,395.2397078,IT=7.3;7.3 ,ii
9343,UP 2,14.282,89852,152563940.0,25.87084,8288800.5,395.2396964,IT=7.1;7.1 ,ii
9348,UP 2,13.256,90580,162920690.0,25.88009,9499431.0,395.2395516,IT=6.6;6.6 ,ii
9354,UP 2,12.941,87740,175625120.0,25.890989,10346703.0,395.2393886,IT=6.5;6.5 ,ii
9355,UP 2,13.332,89580,179768370.0,25.89486,10541142.0,395.2393699,IT=6.7;6.7 ,ii
9362,UP 2,11.361,85328,193435730.0,25.90771,10080662.0,395.2394153,IT=5.7;5.7 ,ii
9369,UP 2,10.479,85720,212822530.0,25.920566,11687543.0,358.2084842,IT=5.2;5.2 ,ii
9380,UP 2,9.486,78024,234119120.0,25.942672,30640278.0,358.208639,IT=4.7;4.7 ,ii
9386,UP 2,8.683,74256,257331820.0,25.953635,44265588.0,358.2086007,IT=4.3;4.3 ,ii
9393,UP 2,7.805,68836,280013790.0,25.966433,59636364.0,358.2085878,IT=3.9;3.9 ,ii
9402,UP 2,7.078,66796,315850560.0,25.981835,75646664.0,358.2085743,IT=3.5;3.5 ,ii
9413,UP 2,6.314,63500,346946590.0,26.001166,84139216.0,358.2085449,IT=3.2;3.2 ,ii
9416,UP 2,6.541,64416,342571460.0,26.006622,80975048.0,358.208474,IT=3.3;3.3 ,ii
9427,UP 2,6.490,68900,333932990.0,26.026701,67563640.0,358.2084306,IT=3.2;3.2 ,ii
9430,UP 2,6.947,67076,316726880.0,26.032174,61103960.0,358.2085372,IT=3.5;3.5 ,ii
9441,UP 2,8.513,74268,262746050.0,26.052265,37711396.0,358.2086438,IT=4.3;4.3 ,ii
9452,UP 2,10.548,82404,212853440.0,26.07248,20851154.0,358.2086046,IT=5.3;5.3 ,ii
9455,UP 2,10.510,83456,205296160.0,26.078034,17826388.0,358.2085058,IT=5.3;5.3 ,ii
9464,UP 2,11.480,83712,186888880.0,26.094532,11025483.0,358.2084812,IT=5.7;5.7 ,ii
9475,UP 2,11.264,83612,185894820.0,26.116669,6744723.0,358.208589,IT=5.6;5.6 ,ii
9485,UP 2,10.386,85320,207651950.0,26.134996,9111728.0,457.7692254,IT=5.2;5.2 ,ii
9494,UP 2,9.469,81052,222882690.0,26.151498,15676677.0,457.7690737,IT=4.7;4.7 ,ii
9501,UP 2,9.064,78592,240568530.0,26.164352,22414708.0,457.7690469,IT=4.5;4.5 ,ii
9512,UP 2,8.618,76004,243790960.0,26.184504,28985498.0,457.7690937,IT=4.3;4.3 ,ii
9522,UP 2,9.503,79104,226746160.0,26.202256,27910432.0,457.7692018,IT=4.8;4.8 ,ii
9527,UP 2,10.035,79900,210139410.0,26.21145,25530310.0,457.7690465,IT=5;5 ,ii
9534,UP 2,11.519,84224,186182590.0,26.223587,20384410.0,457.769118,IT=5.8;5.8 ,ii
9539,UP 2,12.477,90260,172601790.0,26.232833,16432601.0,457.769188,IT=6.2;6.2 ,ii
9540,UP 2,13.935,91492,163327980.0,26.236718,14345825.0,457.7692505,IT=7;7 ,ii
9545,UP 2,14.108,93400,156622660.0,26.245954,10989446.0,457.7692729,IT=7.1;7.1 ,ii
9554,UP 2,14.939,93652,144500770.0,26.261918,6261650.5,457.7692041,IT=7.5;7.5 ,ii
9565,UP 2,14.647,92972,144820990.0,26.283043,5141956.0,379.7241104,IT=7.3;7.3 ,ii
9576,UP 2,13.657,92236,155794420.0,26.303224,7721436.0,379.7241232,IT=6.8;6.8 ,ii
9587,UP 2,12.702,91712,166918290.0,26.323151,8976880.0,379.7240074,IT=6.4;6.4 ,ii
9595,UP 2,13.525,90796,161673340.0,26.337878,7744718.5,379.7239776,IT=6.8;6.8 ,ii
9601,UP 2,13.670,90268,158114720.0,26.350807,6378702.0,379.7240652,IT=6.8;6.8 ,ii
9606,UP 2,13.387,92244,159044320.0,26.360049,5560919.0,493.7619026,IT=6.7;6.7 ,ii
9608,UP 2,13.518,94700,157258860.0,26.364011,5559508.0,493.7617186,IT=6.8;6.8 ,ii
9609,UP 2,14.422,93552,152512910.0,26.368061,5191544.0,493.7619651,IT=7.2;7.2 ,ii
9614,UP 2,13.213,94104,160291810.0,26.377293,5315982.0,493.7617698,IT=6.6;6.6 ,ii
9620,UP 2,12.943,91480,163529390.0,26.38838,4674112.5,493.7619606,IT=6.5;6.5 ,ii
9631,UP 2,12.083,86164,180052380.0,26.407728,8133780.5,541.2807597,IT=6;6 ,ii
9639,UP 2,10.676,84596,197164990.0,26.421696,13403501.0,541.2806626,IT=5.3;5.3 ,ii
9642,UP 2,10.421,83000,208581780.0,26.427236,16146911.0,541.2806506,IT=5.2;5.2 ,ii
9650,UP 2,9.726,84140,222945570.0,26.441338,21624496.0,541.2807031,IT=4.9;4.9 ,ii
9661,UP 2,8.791,79844,234051460.0,26.461227,24857016.0,541.2807027,IT=4.4;4.4 ,ii
9672,UP 2,8.789,79064,236906930.0,26.4804,22258846.0,541.2805607,IT=4.4;4.4 ,ii
9683,UP 2,7.801,80020,268651230.0,26.500548,19107408.0,508.7440085,IT=3.9;3.9 ,ii
9686,UP 2,7.952,74352,268111470.0,26.506044,22123860.0,508.7438672,IT=4;4 ,ii
9697,UP 2,7.503,72364,288857220.0,26.527233,31212612.0,508.7439497,IT=3.8;3.8 ,ii
9708,UP 2,7.518,75400,293859840.0,26.547289,31768918.0,508.7439671,IT=3.8;3.8 ,ii
9719,UP 2,8.101,78920,283127070.0,26.567404,23443340.0,508.7438767,IT=4.1;4.1 ,ii
9730,UP 2,8.332,80260,265196100.0,26.586658,28480266.0,350.7337205,IT=4.2;4.2 ,ii
9741,UP 2,9.804,82980,239897700.0,26.608808,25584346.0,350.7339299,IT=4.9;4.9 ,ii
9752,UP 2,10.215,85864,228758450.0,26.629014,19067198.0,350.7338911,IT=5.1;5.1 ,ii
9755,UP 2,9.783,86744,234490080.0,26.634543,17834830.0,350.7339468,IT=4.9;4.9 ,ii
9764,UP 2,9.977,85964,238564030.0,26.650147,11709122.0,421.0590015,IT=5;5 ,ii
9772,UP 2,8.946,81504,260191230.0,26.664753,13804734.0,551.2808373,IT=4.5;4.5 ,ii
9781,UP 2,8.313,77664,281936640.0,26.681201,21355992.0,551.2808131,IT=4.2;4.2 ,ii
9792,UP 2,7.860,75268,284662980.0,26.703282,24956248.0,551.280901,IT=3.9;3.9 ,ii
9799,UP 2,8.051,74760,275467140.0,26.71518,23196204.0,551.2808689,IT=4;4 ,ii
9810,UP 2,8.375,80168,254555180.0,26.73534,15782017.0,551.2809646,IT=4.2;4.2 ,ii
9813,UP 2,8.863,81316,249277570.0,26.740848,13104095.0,551.2809855,IT=4.4;4.4 ,ii
9824,UP 2,9.225,82052,232831380.0,26.761025,10724312.0,392.2234456,IT=4.6;4.6 ,ii
9830,UP 2,9.805,83984,217313870.0,26.773527,9215687.0,392.2235962,IT=4.9;4.9 ,ii
9840,UP 2,10.701,88384,204493230.0,26.793781,6583553.0,392.2236497,IT=5.4;5.4 ,ii
9851,UP 2,11.438,86764,192506740.0,26.813954,4408935.0,572.3412332,IT=5.7;5.7 ,ii
9854,UP 2,10.870,87332,191392620.0,26.819523,4069724.2,572.3412998,IT=5.4;5.4 ,ii
9865,UP 2,11.840,87092,181739790.0,26.839083,5132256.5,608.313598,IT=5.9;5.9 ,ii
9876,UP 2,11.766,90464,184851540.0,26.859193,6648977.0,608.3136121,IT=5.9;5.9 ,ii
9887,UP 2,12.841,91272,172225950.0,26.879402,5931468.0,608.3135922,IT=6.4;6.4 ,ii
9898,UP 2,11.872,89256,186334770.0,26.899552,6306789.0,435.2585076,IT=5.9;5.9 ,ii
9909,UP 2,10.968,87108,202650370.0,26.918135,11479239.0,435.258459,IT=5.5;5.5 ,ii
9920,UP 2,9.424,79312,232165310.0,26.937866,16930480.0,435.258341,IT=4.7;4.7 ,ii
9931,UP 2,8.581,74940,263379890.0,26.960013,21953038.0,435.2583341,IT=4.3;4.3 ,ii
9933,UP 2,8.252,75828,261754380.0,26.963699,21452158.0,435.2583476,IT=4.1;4.1 ,ii
9944,UP 2,9.154,81100,259940480.0,26.983818,18240182.0,435.2583371,IT=4.6;4.6 ,ii
9955,UP 2,9.498,81248,238991710.0,27.003915,13205860.0,435.2583797,IT=4.7;4.7 ,ii
9966,UP 2,10.604,84432,215352320.0,27.023011,7892908.0,435.2585032,IT=5.3;5.3 ,ii
9969,UP 2,11.008,89056,208959630.0,27.028584,6550145.5,435.2584427,IT=5.5;5.5 ,ii
9980,UP 2,12.113,90980,192836340.0,27.048761,5020088.5,661.8209473,IT=6.1;6.1 ,ii
9982,UP 2,11.798,86812,188389700.0,27.052521,4579639.0,661.8207604,IT=5.9;5.9 ,ii
9993,UP 2,12.590,95980,180421300.0,27.072679,3633724.2,661.8208723,IT=6.3;6.3 ,ii
10004,UP 2,12.667,92696,178059470.0,27.091654,5782450.5,435.7744576,IT=6.3;6.3 ,ii
10015,UP 2,11.734,90592,189858860.0,27.112883,14160740.0,435.7742283,IT=5.9;5.9 ,ii
10026,UP 2,11.049,87824,200766580.0,27.132204,22500758.0,435.7740433,IT=5.5;5.5 ,ii
10029,UP 2,10.514,86280,215378670.0,27.137746,26905556.0,435.7740176,IT=5.3;5.3 ,ii
10039,UP 2,10.350,88592,216494370.0,27.156114,29028482.0,435.7741175,IT=5.2;5.2 ,ii
10049,UP 2,11.406,84604,198818690.0,27.174483,24939906.0,435.7742,IT=5.7;5.7 ,ii
10060,UP 2,12.743,90836,186270460.0,27.193329,17379576.0,435.7742549,IT=6.4;6.4 ,ii
10071,UP 2,13.869,95324,171587150.0,27.213637,9403859.0,435.7742012,IT=6.9;6.9 ,ii
10073,UP 2,13.930,95168,165349380.0,27.217402,7905142.5,435.774342,IT=7;7 ,ii
10084,UP 2,14.352,97332,162802860.0,27.237626,3805767.5,435.7742927,IT=7.2;7.2 ,ii
10094,UP 2,13.902,94440,164788510.0,27.255943,3759014.2,409.7240653,IT=7;7 ,ii
10097,UP 2,14.093,97104,170813620.0,27.262547,5000194.0,566.7679276,IT=7;7 ,ii
10103,UP 2,13.078,95568,180709780.0,27.273584,9796989.0,566.7679206,IT=6.5;6.5 ,ii
10114,UP 2,10.505,87320,222658050.0,27.293751,26903968.0,566.7680526,IT=5.3;5.3 ,ii
10125,UP 2,8.483,81124,285350980.0,27.31384,50492256.0,566.7679468,IT=4.2;4.2 ,ii
10136,UP 2,7.192,76272,328929890.0,27.333926,65326256.0,566.767966,IT=3.6;3.6 ,ii
10147,UP 2,6.555,70028,350518940.0,27.353878,62663712.0,566.767952,IT=3.3;3.3 ,ii
10158,UP 2,6.212,72728,366956000.0,27.373982,42037256.0,566.7677201,IT=3.1;3.1 ,ii
10169,UP 2,5.748,67212,382279810.0,27.393827,35902032.0,457.7871589,IT=2.9;2.9 ,ii
10180,UP 2,5.695,68080,393344900.0,27.413806,43767628.0,457.787254,IT=2.8;2.8 ,ii
10191,UP 2,6.682,74340,339589380.0,27.433873,35223480.0,457.7871896,IT=3.3;3.3 ,ii
10202,UP 2,8.684,80940,272936320.0,27.452933,21336466.0,457.7873448,IT=4.3;4.3 ,ii
10213,UP 2,10.104,89092,235500260.0,27.473041,14299046.0,373.2447215,IT=5.1;5.1 ,ii
10224,UP 2,11.568,86020,206438190.0,27.493256,17753338.0,373.244745,IT=5.8;5.8 ,ii
10235,UP 2,12.283,88760,194919840.0,27.512681,17502692.0,373.2445481,IT=6.1;6.1 ,ii
10246,UP 2,12.520,93416,189478030.0,27.534841,11626231.0,373.2445561,IT=6.3;6.3 ,ii
10257,UP 2,12.251,92544,198744420.0,27.555022,6549860.5,373.2444047,IT=6.1;6.1 ,ii
10268,UP 2,11.963,91392,202582180.0,27.574618,7352045.5,367.7135771,IT=6;6 ,ii
10279,UP 2,10.990,85976,209395090.0,27.594747,8631253.0,367.7135214,IT=5.5;5.5 ,ii
10290,UP 2,11.358,86952,201794830.0,27.614878,7477577.5,367.7136515,IT=5.7;5.7 ,ii
10301,UP 2,11.723,89268,195783520.0,27.635026,5201524.0,367.7136256,IT=5.9;5.9 ,ii
10311,UP 2,12.303,88296,188848500.0,27.653353,5821040.0,403.7116607,IT=6.2;6.2 ,ii
10322,UP 2,11.307,89296,203050000.0,27.673511,5728165.0,403.7114624,IT=5.7;5.7 ,ii
10325,UP 2,10.996,87216,207306400.0,27.681057,6465413.0,446.2454329,IT=5.5;5.5 ,ii
10336,UP 2,9.703,80172,234130740.0,27.69955,12040684.0,446.2452438,IT=4.9;4.9 ,ii
10338,UP 2,9.130,79340,246156050.0,27.70325,12727958.0,446.2452914,IT=4.6;4.6 ,ii
10347,UP 2,8.163,77440,279997310.0,27.719723,18353360.0,446.2452273,IT=4.1;4.1 ,ii
10358,UP 2,7.215,71696,317589380.0,27.738937,21691148.0,446.2452491,IT=3.6;3.6 ,ii
10368,UP 2,6.454,70624,342860800.0,27.756581,23754804.0,421.758414,IT=3.2;3.2 ,ii
10379,UP 2,6.625,70824,339436450.0,27.775189,28547444.0,421.7585248,IT=3.3;3.3 ,ii
10386,UP 2,6.875,72084,316030340.0,27.787954,30215256.0,421.7585379,IT=3.4;3.4 ,ii
10396,UP 2,7.839,76100,285374750.0,27.806214,29376428.0,421.7584278,IT=3.9;3.9 ,ii
10406,UP 2,9.395,82344,243411230.0,27.823889,24223026.0,421.75851,IT=4.7;4.7 ,ii
10417,UP 2,11.107,88876,203312450.0,27.844145,17072230.0,421.7584584,IT=5.6;5.6 ,ii
10425,UP 2,12.299,89124,180558000.0,27.859876,11508915.0,421.7586427,IT=6.1;6.1 ,ii
10428,UP 2,12.781,90604,176314780.0,27.865478,9748186.0,421.7586389,IT=6.4;6.4 ,ii
10439,UP 2,13.983,93756,161217820.0,27.88572,5111389.5,421.7586463,IT=7;7 ,ii
10450,UP 2,14.601,98172,158443730.0,27.90598,3057519.5,516.2698106,IT=7.3;7.3 ,ii
10461,UP 2,14.914,93688,154633620.0,27.926203,3391843.2,457.2250689,IT=7.5;7.5 ,ii
10469,UP 2,14.793,93156,155305250.0,27.940724,4435777.5,457.2251011,IT=7.4;7.4 ,ii
10479,UP 2,13.725,97736,169344210.0,27.959082,5762794.5,402.6991141,IT=6.9;6.9 ,ii
10486,UP 2,13.796,98080,178306660.0,27.971544,8961319.0,402.6991033,IT=6.9;6.9 ,ii
10496,UP 2,11.976,86900,195647860.0,27.989888,14421796.0,402.699098,IT=6;6 ,ii
10505,UP 2,10.313,87280,225477340.0,28.006384,18568062.0,402.6988743,IT=5.2;5.2 ,ii
10513,UP 2,9.448,81164,247716700.0,28.022031,19176924.0,402.6989881,IT=4.7;4.7 ,ii
10524,UP 2,8.127,77776,284058750.0,28.042017,24505794.0,374.2236647,IT=4.1;4.1 ,ii
10535,UP 2,7.890,75248,289551780.0,28.062135,27517434.0,374.223649,IT=3.9;3.9 ,ii
10546,UP 2,8.814,79908,260002940.0,28.0823,23826788.0,374.2236974,IT=4.4;4.4 ,ii
10557,UP 2,10.177,83548,230641820.0,28.102541,17611652.0,374.2236884,IT=5.1;5.1 ,ii
10559,UP 2,10.232,81240,218226540.0,28.106245,16636551.0,374.2237521,IT=5.1;5.1 ,ii
10570,UP 2,11.583,85404,191016540.0,28.126422,11061546.0,589.311311,IT=5.8;5.8 ,ii
10580,UP 2,12.154,88188,182279630.0,28.14481,9543545.0,589.3113321,IT=6.1;6.1 ,ii
10583,UP 2,12.316,88516,183127250.0,28.150362,8967422.0,589.3113861,IT=6.2;6.2 ,ii
10594,UP 2,12.941,89376,175900930.0,28.170541,7451779.5,589.3112156,IT=6.5;6.5 ,ii
10604,UP 2,12.097,93512,189197730.0,28.189922,6614157.0,450.2820914,IT=6;6 ,ii
10614,UP 2,12.097,90276,196869820.0,28.208236,11720220.0,450.2818933,IT=6;6 ,ii
10625,UP 2,10.768,86088,214777390.0,28.228138,18499946.0,450.281938,IT=5.4;5.4 ,ii
10636,UP 2,10.836,88032,226815700.0,28.248282,21559330.0,450.2818204,IT=5.4;5.4 ,ii
10647,UP 2,10.242,83300,226046100.0,28.266359,19194956.0,450.2817228,IT=5.1;5.1 ,ii
10658,UP 2,9.760,85104,241326610.0,28.28653,14619868.0,450.2816574,IT=4.9;4.9 ,ii
10669,UP 2,9.510,83308,240218400.0,28.306727,10590539.0,447.7196282,IT=4.8;4.8 ,ii
10680,UP 2,8.756,86528,257028990.0,28.326963,11550076.0,424.7111597,IT=4.4;4.4 ,ii
10691,UP 2,9.813,86528,242028850.0,28.346856,9556476.0,424.7110671,IT=4.9;4.9 ,ii
10702,UP 2,10.050,86640,227699700.0,28.367221,7702386.5,554.2616523,IT=5;5 ,ii
10705,UP 2,10.146,89252,231250620.0,28.372748,8312020.0,554.2615488,IT=5.1;5.1 ,ii
10716,UP 2,9.982,87384,224434350.0,28.392798,8505011.0,420.7685667,IT=5;5 ,ii
10727,UP 2,10.328,83704,216977780.0,28.413008,14990587.0,420.768819,IT=5.2;5.2 ,ii
10738,UP 2,9.850,83884,232444540.0,28.433197,22221758.0,420.7688631,IT=4.9;4.9 ,ii
10749,UP 2,9.917,82156,231650160.0,28.453043,23116012.0,420.7688075,IT=5;5 ,ii
10760,UP 2,10.193,82584,229414370.0,28.473181,17136206.0,420.7689163,IT=5.1;5.1 ,ii
10771,UP 2,10.345,82712,223544140.0,28.49337,10505618.0,420.7688827,IT=5.2;5.2 ,ii
10782,UP 2,10.602,86896,212580380.0,28.512643,8039743.0,688.3182626,IT=5.3;5.3 ,ii
10793,UP 2,11.438,91004,207698450.0,28.533949,6382108.5,688.3183394,IT=5.7;5.7 ,ii
10804,UP 2,11.572,87764,197701790.0,28.55413,6105150.0,689.3195786,IT=5.8;5.8 ,ii
10815,UP 2,11.130,85972,209901260.0,28.57423,8023232.5,689.3193843,IT=5.6;5.6 ,ii
10818,UP 2,10.995,90000,212348960.0,28.57979,8787525.0,689.3192259,IT=5.5;5.5 ,ii
10829,UP 2,10.337,85848,222804670.0,28.599901,9540955.0,689.3190932,IT=5.2;5.2 ,ii
10840,UP 2,9.861,85724,232396910.0,28.619705,13125919.0,504.2547263,IT=4.9;4.9 ,ii
10851,UP 2,9.369,77620,239183460.0,28.639921,19981896.0,504.2547974,IT=4.7;4.7 ,ii
10862,UP 2,9.055,80008,251105520.0,28.659611,23722392.0,504.2549254,IT=4.5;4.5 ,ii
10865,UP 2,9.079,80628,250724380.0,28.665146,22788028.0,504.2547808,IT=4.5;4.5 ,ii
10876,UP 2,9.359,84432,253423500.0,28.685233,19465278.0,504.2546818,IT=4.7;4.7 ,ii
10887,UP 2,10.186,87592,242035010.0,28.706289,11671938.0,504.2547879,IT=5.1;5.1 ,ii
10898,UP 2,9.953,91888,239468540.0,28.726406,8863187.0,646.8344795,IT=5;5 ,ii
10909,UP 2,11.275,89552,206792620.0,28.7457,5040367.0,646.8346614,IT=5.6;5.6 ,ii
10920,UP 2,12.014,91088,197748880.0,28.765279,6266033.5,506.2607308,IT=6;6 ,ii
10931,UP 2,12.580,90316,183596590.0,28.784966,6297461.0,506.2607574,IT=6.3;6.3 ,ii
10942,UP 2,13.090,92412,181770930.0,28.804403,5272100.0,363.2137289,IT=6.5;6.5 ,ii
10953,UP 2,13.046,93136,177613810.0,28.824589,8250959.5,363.2138036,IT=6.5;6.5 ,ii
10964,UP 2,12.985,94292,178888060.0,28.844355,9031120.0,363.2136655,IT=6.5;6.5 ,ii
10972,UP 2,12.421,90100,182268670.0,28.860078,8510283.0,363.2137119,IT=6.2;6.2 ,ii
10983,UP 2,11.512,91124,202497420.0,28.880317,7855758.5,398.2130383,IT=5.8;5.8 ,ii
10994,UP 2,10.885,91220,217439840.0,28.899915,10506585.0,398.2128009,IT=5.4;5.4 ,ii
11005,UP 2,10.090,83740,231385220.0,28.919359,10917961.0,398.2129389,IT=5;5 ,ii
11016,UP 2,9.818,84148,225685660.0,28.939092,8375436.0,398.2128618,IT=4.9;4.9 ,ii
11027,UP 2,11.514,87476,210705440.0,28.959263,6938253.5,664.8284079,IT=5.8;5.8 ,ii
11038,UP 2,12.597,91940,186580960.0,28.979448,3966017.5,664.8284991,IT=6.3;6.3 ,ii
11049,UP 2,13.120,92932,177046350.0,28.999675,3849341.5,558.2888985,IT=6.6;6.6 ,ii
11060,UP 2,14.383,92268,169204850.0,29.01986,5929653.5,651.3232972,IT=7.2;7.2 ,ii
11071,UP 2,13.046,95052,175585340.0,29.040973,9145010.0,651.323404,IT=6.5;6.5 ,ii
11082,UP 2,14.400,92140,168783200.0,29.061279,9236825.0,651.3234621,IT=7.2;7.2 ,ii
11093,UP 2,14.932,97004,161608880.0,29.08121,6997540.0,651.3234009,IT=7.5;7.5 ,ii
11104,UP 2,15.367,100004,155724260.0,29.101414,4237926.5,651.3234194,IT=7.7;7.7 ,ii
11107,UP 2,16.162,97612,149280740.0,29.107047,3590358.5,515.2672887,IT=8.1;8.1 ,ii
11118,UP 2,16.346,100192,143696900.0,29.127364,3249798.2,405.2135434,IT=8.2;8.2 ,ii
11127,UP 2,16.482,93864,137881470.0,29.143978,4394024.5,440.7248089,IT=8.2;8.2 ,ii
11134,UP 2,16.895,97156,138065010.0,29.156978,5527118.0,440.7247116,IT=8.4;8.4 ,ii
11140,UP 2,17.087,97076,136289780.0,29.168134,6615335.5,440.7247041,IT=8.5;8.5 ,ii
11146,UP 2,16.523,98128,133273740.0,29.179209,6861035.0,440.7246209,IT=8.3;8.3 ,ii
11153,UP 2,17.525,102608,138013100.0,29.193184,6760904.5,440.7246143,IT=8.8;8.8 ,ii
11164,UP 2,16.987,98168,132460530.0,29.213428,5290180.0,440.7246026,IT=8.5;8.5 ,ii
11172,UP 2,17.008,98672,132979570.0,29.228159,4188792.0,440.7246668,IT=8.5;8.5 ,ii
11182,UP 2,15.897,98160,140369600.0,29.246513,2872104.8,618.30541,IT=7.9;7.9 ,ii
11189,UP 2,15.915,96120,144734590.0,29.259475,4008059.0,618.3051391,IT=8;8 ,ii
11195,UP 2,14.632,95772,157211740.0,29.272538,5290594.0,618.3053509,IT=7.3;7.3 ,ii
11203,UP 2,14.137,91052,167526500.0,29.287231,7097958.0,508.2935623,IT=7.1;7.1 ,ii
11210,UP 2,13.281,90668,180111860.0,29.300121,8845930.0,508.2935038,IT=6.6;6.6 ,ii
11221,UP 2,12.204,86428,193902180.0,29.319596,10153137.0,508.2934703,IT=6.1;6.1 ,ii
11232,UP 2,10.526,82064,209205180.0,29.339844,9432629.0,508.2932792,IT=5.3;5.3 ,ii
11243,UP 2,11.753,85276,214434430.0,29.360066,8393111.0,451.2713947,IT=5.9;5.9 ,ii
11254,UP 2,10.707,80236,217954700.0,29.380185,9585542.0,451.2714758,IT=5.4;5.4 ,ii
11265,UP 2,12.299,83732,193433420.0,29.400339,7732430.0,388.2103435,IT=6.1;6.1 ,ii
11276,UP 2,13.389,86308,177671550.0,29.420551,5599267.5,388.2102214,IT=6.7;6.7 ,ii
11285,UP 2,15.229,90484,155848800.0,29.438295,3575115.5,615.9743187,IT=7.6;7.6 ,ii
11296,UP 2,15.707,97104,154947870.0,29.458009,3814033.0,435.7506373,IT=7.9;7.9 ,ii
11307,UP 2,16.375,93088,150131520.0,29.478293,3559852.5,435.7508619,IT=8.2;8.2 ,ii
11318,UP 2,14.677,93072,160529490.0,29.498405,3747672.8,544.246726,IT=7.3;7.3 ,ii
11320,UP 2,14.487,95820,167112210.0,29.502195,3931871.8,446.2165445,IT=7.2;7.2 ,ii
11327,UP 2,14.217,89328,163697220.0,29.515149,4339198.0,446.2162825,IT=7.1;7.1 ,ii
11337,UP 2,13.657,89952,169073060.0,29.533501,5423126.0,490.7276957,IT=6.8;6.8 ,ii
11348,UP 2,13.654,91316,159684530.0,29.553138,4464654.5,490.7278388,IT=6.8;6.8 ,ii
11356,UP 2,14.265,91692,159459230.0,29.567773,4063028.2,587.3225904,IT=7.1;7.1 ,ii
11367,UP 2,15.146,95556,155622780.0,29.587984,5954349.0,587.3227383,IT=7.6;7.6 ,ii
11370,UP 2,14.478,90832,153396740.0,29.593944,6608812.0,587.3227546,IT=7.2;7.2 ,ii
11381,UP 2,14.048,90348,163955360.0,29.614173,9094458.0,587.322713,IT=7;7 ,ii
11391,UP 2,12.355,86032,180092850.0,29.632506,10714530.0,587.3225892,IT=6.2;6.2 ,ii
11402,UP 2,10.177,82164,214629490.0,29.651454,11789911.0,587.3224893,IT=5.1;5.1 ,ii
11413,UP 2,8.552,74780,261941380.0,29.671666,14317887.0,416.25061,IT=4.3;4.3 ,ii
11424,UP 2,7.133,73556,319072670.0,29.6918,37121708.0,416.2504877,IT=3.6;3.6 ,ii
11435,UP 2,5.915,64752,369944290.0,29.711949,69817904.0,416.2505352,IT=3;3 ,ii
11446,UP 2,5.061,60276,412551490.0,29.731624,101997700.0,416.2504289,IT=2.5;2.5 ,ii
11457,UP 2,5.149,57160,399702660.0,29.751447,113068010.0,416.2505702,IT=2.6;2.6 ,ii
11468,UP 2,5.886,63016,369669380.0,29.771584,100318410.0,416.2504293,IT=2.9;2.9 ,ii
11479,UP 2,7.744,71120,290486240.0,29.792724,65279284.0,416.2506083,IT=3.9;3.9 ,ii
11490,UP 2,10.272,82684,225153260.0,29.812928,36645360.0,416.2507331,IT=5.1;5.1 ,ii
11501,UP 2,12.885,94700,190456640.0,29.833209,18735148.0,416.2505804,IT=6.4;6.4 ,ii
11512,UP 2,13.924,99212,173249600.0,29.853421,10370046.0,416.250559,IT=7;7 ,ii
11523,UP 2,15.024,96284,162900850.0,29.875698,9556772.0,533.2833095,IT=7.5;7.5 ,ii
11534,UP 2,14.853,98216,162671700.0,29.895367,10031833.0,533.2833681,IT=7.4;7.4 ,ii
11545,UP 2,15.707,96436,150953660.0,29.915656,7583707.5,533.2833193,IT=7.9;7.9 ,ii
11556,UP 2,15.974,97628,151238640.0,29.935967,5268302.5,660.3399145,IT=8;8 ,ii
11567,UP 2,14.845,93364,161901540.0,29.955506,8173990.5,660.3397832,IT=7.4;7.4 ,ii
11578,UP 2,12.402,90376,182766500.0,29.975733,9279970.0,660.3398606,IT=6.2;6.2 ,ii
11589,UP 2,11.879,90480,200269040.0,29.995939,7807339.5,660.339736,IT=5.9;5.9 ,ii
11600,UP 2,10.818,87160,206897120.0,30.016135,7405023.5,450.5734526,IT=5.4;5.4 ,ii
11611,UP 2,11.831,94284,204573490.0,30.038203,5811088.5,450.5735944,IT=5.9;5.9 ,ii
11622,UP 2,11.471,93680,206214020.0,30.058235,4267775.0,450.5735365,IT=5.7;5.7 ,ii
11633,UP 2,12.063,92172,194828050.0,30.076943,3052354.8,373.2358504,IT=6;6 ,ii
11644,UP 2,13.170,97628,195041630.0,30.095982,5334711.0,442.7298683,IT=6.6;6.6 ,ii
11655,UP 2,13.345,95892,182383420.0,30.116132,6907316.5,442.7299543,IT=6.7;6.7 ,ii
11666,UP 2,14.322,98768,171478030.0,30.136353,6457978.0,442.7299293,IT=7.2;7.2 ,ii
11669,UP 2,14.244,99900,171796800.0,30.141969,6025604.5,442.7297768,IT=7.1;7.1 ,ii
11680,UP 2,13.511,99724,169012750.0,30.162169,4051071.0,442.7296684,IT=6.8;6.8 ,ii
11691,UP 2,13.360,93568,173398460.0,30.181607,3980758.2,361.215824,IT=6.7;6.7 ,ii
11702,UP 2,12.696,95440,180930210.0,30.202786,5416984.0,673.3469587,IT=6.3;6.3 ,ii
11713,UP 2,12.601,95416,187404590.0,30.222596,6336464.0,673.3469461,IT=6.3;6.3 ,ii
11724,UP 2,13.118,93884,178268770.0,30.242648,5399495.5,673.3469354,IT=6.6;6.6 ,ii
11735,UP 2,13.197,96484,172584500.0,30.26286,4558571.5,430.7534298,IT=6.6;6.6 ,ii
11746,UP 2,13.849,97060,167282960.0,30.282531,4294914.0,430.7535933,IT=6.9;6.9 ,ii
11757,UP 2,14.524,101036,160192780.0,30.302833,3119459.0,430.7537152,IT=7.3;7.3 ,ii
11768,UP 2,15.371,100372,153204430.0,30.323087,2119516.2,391.2845475,IT=7.7;7.7 ,ii
11770,UP 2,14.984,101212,152683330.0,30.326883,2152414.8,391.2844595,IT=7.5;7.5 ,ii
11781,UP 2,13.970,98080,166749360.0,30.347049,3712350.0,356.5452195,IT=7;7 ,ii
11792,UP 2,11.095,89144,200392320.0,30.367366,9492352.0,356.545313,IT=5.5;5.5 ,ii
11803,UP 2,10.032,85748,229300110.0,30.38733,15260809.0,356.5453149,IT=5;5 ,ii
11814,UP 2,9.101,81120,250353680.0,30.407272,19017846.0,356.5454714,IT=4.6;4.6 ,ii
11825,UP 2,9.206,86008,260235730.0,30.427024,17185556.0,356.5452358,IT=4.6;4.6 ,ii
11836,UP 2,9.413,87228,261641280.0,30.448686,16155132.0,420.7870306,IT=4.7;4.7 ,ii
11847,UP 2,8.583,83444,274009820.0,30.468851,27902670.0,420.7870251,IT=4.3;4.3 ,ii
11858,UP 2,9.431,83236,258853620.0,30.489025,33616324.0,420.7870086,IT=4.7;4.7 ,ii
11869,UP 2,9.714,84044,248999500.0,30.509015,30895554.0,420.7871726,IT=4.9;4.9 ,ii
11880,UP 2,10.015,87816,240752590.0,30.52919,20673688.0,420.787089,IT=5;5 ,ii
11891,UP 2,9.752,87392,243168370.0,30.54864,11848226.0,569.2937217,IT=4.9;4.9 ,ii
11902,UP 2,10.359,86112,238772380.0,30.5688,13650571.0,569.2938374,IT=5.2;5.2 ,ii
11913,UP 2,10.551,89136,228222300.0,30.588235,12183564.0,569.2937263,IT=5.3;5.3 ,ii
11924,UP 2,11.679,89392,204139760.0,30.610352,6942340.5,569.2939015,IT=5.8;5.8 ,ii
11935,UP 2,11.389,89292,207495280.0,30.629947,13441436.0,423.2583068,IT=5.7;5.7 ,ii
11946,UP 2,10.444,85420,218568500.0,30.648635,21880328.0,423.2584418,IT=5.2;5.2 ,ii
11957,UP 2,9.785,81512,225480850.0,30.668778,25529008.0,423.2584939,IT=4.9;4.9 ,ii
11968,UP 2,9.892,82376,228265330.0,30.68872,22974684.0,423.2584514,IT=4.9;4.9 ,ii
11979,UP 2,9.690,82604,228713440.0,30.706568,16309982.0,423.2583993,IT=4.8;4.8 ,ii
11990,UP 2,10.665,89516,214598830.0,30.726734,8384880.5,423.2583861,IT=5.3;5.3 ,ii
12001,UP 2,11.471,87768,207766290.0,30.746963,10819760.0,500.7879539,IT=5.7;5.7 ,ii
12012,UP 2,12.040,91636,195072400.0,30.767205,14610769.0,500.7879279,IT=6;6 ,ii
12022,UP 2,13.473,90764,174072160.0,30.786565,14257198.0,500.7879287,IT=6.7;6.7 ,ii
12033,UP 2,13.922,100108,176656100.0,30.806792,11199286.0,500.7879115,IT=7;7 ,ii
12036,UP 2,13.457,98164,178085760.0,30.812361,9690437.0,500.7879085,IT=6.7;6.7 ,ii
12047,UP 2,13.162,98068,184500350.0,30.832584,6101874.5,723.8494519,IT=6.6;6.6 ,ii
12058,UP 2,12.571,97444,191192940.0,30.852575,5893312.5,723.8491266,IT=6.3;6.3 ,ii
12069,UP 2,12.800,94996,188541810.0,30.872319,8633926.0,478.8950014,IT=6.4;6.4 ,ii
12080,UP 2,13.098,94468,186156990.0,30.891485,10753620.0,478.8949548,IT=6.5;6.5 ,ii
12083,UP 2,13.090,95424,185117950.0,30.8971,11128101.0,478.8949823,IT=6.5;6.5 ,ii
12092,UP 2,13.888,96464,175894590.0,30.913671,10579010.0,478.894823,IT=6.9;6.9 ,ii
12103,UP 2,14.961,98664,167051760.0,30.93392,8359837.5,478.8948549,IT=7.5;7.5 ,ii
12114,UP 2,14.953,98532,162716240.0,30.955251,5215509.5,478.894777,IT=7.5;7.5 ,ii
12125,UP 2,14.577,98748,167967490.0,30.974376,5283090.5,367.2339492,IT=7.3;7.3 ,ii
12136,UP 2,13.671,94096,173599490.0,30.99462,9029277.0,367.2340547,IT=6.8;6.8 ,ii
12147,UP 2,13.110,95228,189365490.0,31.014166,11419124.0,367.2340222,IT=6.6;6.6 ,ii
12158,UP 2,12.569,91392,195287500.0,31.034351,11478114.0,367.2339506,IT=6.3;6.3 ,ii
12169,UP 2,11.735,85976,204602960.0,31.053613,8670011.0,367.2340289,IT=5.9;5.9 ,ii
12180,UP 2,11.514,85660,216970080.0,31.072967,8846309.0,400.2402746,IT=5.8;5.8 ,ii
12191,UP 2,10.879,85952,216490990.0,31.09314,10560445.0,400.2401506,IT=5.4;5.4 ,ii
12202,UP 2,11.194,85652,214625140.0,31.114342,11887545.0,400.2403688,IT=5.6;5.6 ,ii
12213,UP 2,12.127,89448,203912540.0,31.134529,11657348.0,400.2403885,IT=6.1;6.1 ,ii
12224,UP 2,12.434,88084,190338590.0,31.153804,10299121.0,400.2403406,IT=6.2;6.2 ,ii
12227,UP 2,12.770,90268,191842860.0,31.159381,10009734.0,400.2403133,IT=6.4;6.4 ,ii
12238,UP 2,14.420,100644,178042190.0,31.179592,7304804.5,400.2402578,IT=7.2;7.2 ,ii
12249,UP 2,13.851,93460,173815680.0,31.199814,5218697.5,400.2403927,IT=6.9;6.9 ,ii
12260,UP 2,12.905,96120,184969180.0,31.220081,5601953.5,490.2556058,IT=6.5;6.5 ,ii
12271,UP 2,11.550,91576,208817710.0,31.240241,6817026.0,490.255452,IT=5.8;5.8 ,ii
12282,UP 2,11.529,90636,223882900.0,31.260397,7569585.0,580.795807,IT=5.8;5.8 ,ii
12293,UP 2,9.810,87096,247461260.0,31.281587,10795789.0,564.790071,IT=4.9;4.9 ,ii
12295,UP 2,9.572,84780,248252300.0,31.28528,11971703.0,564.7900758,IT=4.8;4.8 ,ii
12306,UP 2,9.438,80148,240885340.0,31.305489,15648392.0,564.790048,IT=4.7;4.7 ,ii
12313,UP 2,9.501,81520,246198770.0,31.318357,16283209.0,564.790027,IT=4.8;4.8 ,ii
12324,UP 2,9.059,82844,247550690.0,31.338434,13205678.0,564.789745,IT=4.5;4.5 ,ii
12335,UP 2,9.489,81876,247859540.0,31.358545,8757279.0,564.7897765,IT=4.7;4.7 ,ii
12346,UP 2,9.514,85012,238383170.0,31.378353,7800585.5,760.8837857,IT=4.8;4.8 ,ii
12357,UP 2,9.724,82436,234115390.0,31.397898,6426523.0,760.8836002,IT=4.9;4.9 ,ii
12368,UP 2,9.816,81336,228639230.0,31.418096,6492460.0,577.2823374,IT=4.9;4.9 ,ii
12379,UP 2,10.546,87352,224112510.0,31.438198,6250347.5,577.2821739,IT=5.3;5.3 ,ii
12390,UP 2,11.013,88280,210223980.0,31.458425,4611563.0,625.8419868,IT=5.5;5.5 ,ii
12401,UP 2,11.218,91328,210488560.0,31.477902,4213243.5,625.8420101,IT=5.6;5.6 ,ii
12404,UP 2,11.394,91096,209963740.0,31.483469,3836412.8,625.8421001,IT=5.7;5.7 ,ii
12415,UP 2,9.847,87260,226276750.0,31.503583,5585555.0,573.6329483,IT=4.9;4.9 ,ii
12426,UP 2,9.257,83892,254638560.0,31.523421,10006874.0,573.6328462,IT=4.6;4.6 ,ii
12437,UP 2,8.316,79484,288645060.0,31.543514,13984194.0,573.6327818,IT=4.2;4.2 ,ii
12448,UP 2,7.857,77060,288201180.0,31.563685,14965529.0,573.6328855,IT=3.9;3.9 ,ii
12459,UP 2,8.373,79360,281996580.0,31.583081,13789446.0,510.2618459,IT=4.2;4.2 ,ii
12470,UP 2,9.561,79764,252169410.0,31.603183,14283796.0,510.2619196,IT=4.8;4.8 ,ii
12481,UP 2,10.286,86504,235401540.0,31.623503,12857486.0,510.2620671,IT=5.1;5.1 ,ii
12492,UP 2,10.572,89644,224753660.0,31.643716,10084842.0,510.2617963,IT=5.3;5.3 ,ii
12503,UP 2,10.749,90116,224719090.0,31.662132,9428580.0,441.2295948,IT=5.4;5.4 ,ii
12514,UP 2,10.431,88132,231725900.0,31.682361,7813761.5,441.2294536,IT=5.2;5.2 ,ii
12525,UP 2,9.962,86240,244591700.0,31.704586,10975848.0,513.309156,IT=5;5 ,ii
12536,UP 2,9.860,87000,251714910.0,31.724721,19761152.0,513.3091784,IT=4.9;4.9 ,ii
12547,UP 2,9.529,80408,250459540.0,31.744242,28392656.0,513.3091752,IT=4.8;4.8 ,ii
12558,UP 2,9.770,82100,242990900.0,31.764438,30419034.0,513.3091684,IT=4.9;4.9 ,ii
12569,UP 2,10.922,84008,226751020.0,31.786533,25813170.0,513.3092889,IT=5.5;5.5 ,ii
12580,UP 2,11.286,83848,220816930.0,31.805938,18387386.0,513.3091808,IT=5.6;5.6 ,ii
12591,UP 2,10.853,81300,224929730.0,31.825964,17960866.0,502.3237787,IT=5.4;5.4 ,ii
12602,UP 2,9.839,76416,235915550.0,31.846095,22646232.0,502.3236991,IT=4.9;4.9 ,ii
12613,UP 2,10.141,76984,236521200.0,31.868227,21594372.0,502.3237914,IT=5.1;5.1 ,ii
12624,UP 2,10.529,83520,232569700.0,31.887722,17381802.0,502.3240018,IT=5.3;5.3 ,ii
12635,UP 2,10.636,81952,227017820.0,31.907908,11421793.0,502.3239499,IT=5.3;5.3 ,ii
12646,UP 2,9.981,80416,239956190.0,31.928091,23311104.0,569.2775587,IT=5;5 ,ii
12657,UP 2,9.296,81160,272510270.0,31.949822,41479648.0,569.2779764,IT=4.6;4.6 ,ii
12668,UP 2,7.877,73004,292856900.0,31.969951,53261212.0,569.2778047,IT=3.9;3.9 ,ii
12679,UP 2,8.078,70560,291164480.0,31.989895,53459780.0,569.2779944,IT=4;4 ,ii
12690,UP 2,8.398,72992,278788030.0,32.009509,43417232.0,569.2775286,IT=4.2;4.2 ,ii
12701,UP 2,9.868,80260,243949680.0,32.031603,25059466.0,569.277595,IT=4.9;4.9 ,ii
12712,UP 2,10.534,84284,226314480.0,32.051725,13231696.0,569.2774578,IT=5.3;5.3 ,ii
12723,UP 2,11.929,86460,210241820.0,32.071954,13859660.0,684.3396837,IT=6;6 ,ii
12733,UP 2,12.539,91224,195070610.0,32.09034,11638563.0,684.339324,IT=6.3;6.3 ,ii
12744,UP 2,14.134,91364,180493340.0,32.112652,7424092.0,684.339759,IT=7.1;7.1 ,ii
12755,UP 2,14.007,90552,176579980.0,32.132923,4319025.5,408.7164399,IT=7;7 ,ii
12757,UP 2,14.146,91792,182039380.0,32.136692,4039636.2,510.3290606,IT=7.1;7.1 ,ii
12768,UP 2,12.772,88648,188731630.0,32.156848,5421406.0,510.3290435,IT=6.4;6.4 ,ii
12779,UP 2,11.889,87220,202889440.0,32.175952,7052791.0,510.3289684,IT=5.9;5.9 ,ii
12790,UP 2,10.906,83848,223067340.0,32.196179,8237546.5,581.3135309,IT=5.5;5.5 ,ii
12801,UP 2,10.126,85696,245178900.0,32.216308,15275539.0,581.3134613,IT=5.1;5.1 ,ii
12812,UP 2,9.421,83100,265122340.0,32.236324,23342290.0,581.3134968,IT=4.7;4.7 ,ii
12823,UP 2,9.145,82912,269532000.0,32.255657,26937658.0,581.3133429,IT=4.6;4.6 ,ii
12834,UP 2,9.759,84868,264771620.0,32.277863,25170594.0,581.313514,IT=4.9;4.9 ,ii
12845,UP 2,10.688,88148,251438740.0,32.298038,18161732.0,581.3134696,IT=5.3;5.3 ,ii
12856,UP 2,10.307,87624,247169860.0,32.318176,12858738.0,690.3626978,IT=5.2;5.2 ,ii
12867,UP 2,10.466,88144,247433070.0,32.338401,15473648.0,690.3624814,IT=5.2;5.2 ,ii
12876,UP 2,10.700,87268,247174830.0,32.356932,14831569.0,690.362615,IT=5.3;5.3 ,ii
12879,UP 2,10.204,84936,242304260.0,32.362488,13635438.0,638.3256988,IT=5.1;5.1 ,ii
12890,UP 2,11.476,88604,232683740.0,32.381992,13122978.0,638.3259137,IT=5.7;5.7 ,ii
12901,UP 2,11.043,89260,225542320.0,32.402269,9692341.0,638.32582,IT=5.5;5.5 ,ii
12903,UP 2,11.268,88168,219170450.0,32.40599,8835990.0,638.3257887,IT=5.6;5.6 ,ii
12914,UP 2,12.705,91520,208563620.0,32.426129,7081656.0,556.2806563,IT=6.4;6.4 ,ii
12925,UP 2,13.010,95848,199467840.0,32.448377,4438400.0,581.3111203,IT=6.5;6.5 ,ii
12936,UP 2,13.954,90940,185963870.0,32.468579,4421890.0,581.3112263,IT=7;7 ,ii
12938,UP 2,13.708,95388,186258620.0,32.472341,4266431.5,581.3110323,IT=6.9;6.9 ,ii
12949,UP 2,13.744,94620,181644640.0,32.492581,4219654.5,631.805099,IT=6.9;6.9 ,ii
12951,UP 2,14.502,94224,180993950.0,32.496354,4006059.0,631.8050798,IT=7.3;7.3 ,ii
12962,UP 2,14.097,92840,177796610.0,32.516618,3597539.8,451.7458988,IT=7;7 ,ii
12973,UP 2,14.721,99492,170644140.0,32.536833,3296820.5,451.7459055,IT=7.4;7.4 ,ii
12976,UP 2,14.687,97884,169950260.0,32.542441,3117817.5,513.8013434,IT=7.3;7.3 ,ii
12987,UP 2,16.439,100640,158658050.0,32.562762,3247927.0,460.763979,IT=8.2;8.2 ,ii
12998,UP 2,16.359,97252,148911380.0,32.583005,4051273.8,460.7639458,IT=8.2;8.2 ,ii
13009,UP 2,17.811,104152,142131620.0,32.603324,3932814.5,460.7637975,IT=8.9;8.9 ,ii
13020,UP 2,19.607,109332,137676140.0,32.625263,2786888.2,460.7639328,IT=9.8;9.8 ,ii
13031,UP 2,19.120,106188,134142990.0,32.645565,2304892.0,391.2844611,IT=9.6;9.6 ,ii
13042,UP 2,18.814,105160,142560020.0,32.665698,2353730.0,391.2844409,IT=9.4;9.4 ,ii
13044,UP 2,18.690,105060,143190240.0,32.669544,2464054.2,391.2843999,IT=9.3;9.3 ,ii
13055,UP 2,16.264,99372,162218450.0,32.689792,4767398.0,554.3064023,IT=8.1;8.1 ,ii
13066,UP 2,15.017,97136,181724480.0,32.710021,6611136.5,554.3063417,IT=7.5;7.5 ,ii
13077,UP 2,13.704,97628,198275680.0,32.730262,7528012.5,554.3062024,IT=6.9;6.9 ,ii
13088,UP 2,13.542,95348,196759170.0,32.750477,6657520.0,554.3060601,IT=6.8;6.8 ,ii
13099,UP 2,14.024,97040,196836180.0,32.770775,5490174.5,538.803448,IT=7;7 ,ii
13110,UP 2,14.576,100668,197770980.0,32.791979,3696657.8,538.8035161,IT=7.3;7.3 ,ii
13121,UP 2,13.573,96104,205393860.0,32.812262,7952604.0,488.2793866,IT=6.8;6.8 ,ii
13132,UP 2,12.095,94684,218239220.0,32.83246,14592486.0,488.27954,IT=6;6 ,ii
13143,UP 2,11.020,87008,237532380.0,32.852672,23876272.0,488.2793252,IT=5.5;5.5 ,ii
13154,UP 2,10.064,83432,255363580.0,32.872851,33011326.0,488.2793653,IT=5;5 ,ii
13165,UP 2,9.469,79132,262133920.0,32.893026,37069948.0,488.2793972,IT=4.7;4.7 ,ii
13176,UP 2,9.838,79372,264619340.0,32.910932,36424392.0,488.279364,IT=4.9;4.9 ,ii
13187,UP 2,10.488,82500,248438500.0,32.930053,29335192.0,488.2792209,IT=5.2;5.2 ,ii
13198,UP 2,11.691,89344,224463680.0,32.951157,19136710.0,488.2794952,IT=5.8;5.8 ,ii
13209,UP 2,12.974,98028,206090720.0,32.971365,10940142.0,488.2795435,IT=6.5;6.5 ,ii
13220,UP 2,13.110,94976,199950700.0,32.991538,6638544.5,599.2953131,IT=6.6;6.6 ,ii
13231,UP 2,11.803,89484,208691070.0,33.011786,9133658.0,599.2951393,IT=5.9;5.9 ,ii
13242,UP 2,10.756,89304,227530500.0,33.033406,12799501.0,468.9144531,IT=5.4;5.4 ,ii
13253,UP 2,11.115,89684,231084530.0,33.0536,16957826.0,468.9145881,IT=5.6;5.6 ,ii
13264,UP 2,11.340,91360,225655390.0,33.073829,17307140.0,468.9145866,IT=5.7;5.7 ,ii
13275,UP 2,11.862,93648,214413040.0,33.094021,12701768.0,468.9143626,IT=5.9;5.9 ,ii
13286,UP 2,12.781,93952,202422350.0,33.113812,7974566.5,468.9144299,IT=6.4;6.4 ,ii
13297,UP 2,13.510,100928,191808900.0,33.13401,4765231.5,580.7963067,IT=6.8;6.8 ,ii
13308,UP 2,13.955,93000,177113580.0,33.153508,3854081.2,580.7960814,IT=7;7 ,ii
13319,UP 2,15.009,96464,169779090.0,33.173787,2455379.0,486.2407205,IT=7.5;7.5 ,ii
13322,UP 2,14.874,102820,173181870.0,33.181401,2596592.8,680.3570409,IT=7.4;7.4 ,ii
13333,UP 2,13.956,94544,178348420.0,33.201614,6020551.5,680.3570795,IT=7;7 ,ii
13344,UP 2,12.977,89992,201099340.0,33.221139,11335155.0,680.3569889,IT=6.5;6.5 ,ii
13355,UP 2,11.451,86288,222952380.0,33.241332,17314132.0,680.3570432,IT=5.7;5.7 ,ii
13366,UP 2,11.252,87172,238801070.0,33.26154,19500766.0,680.3570166,IT=5.6;5.6 ,ii
13377,UP 2,10.849,86928,243546460.0,33.281763,17014572.0,680.3568893,IT=5.4;5.4 ,ii
13388,UP 2,10.523,84420,244649970.0,33.301198,12052852.0,680.3566475,IT=5.3;5.3 ,ii
13399,UP 2,10.465,87496,260792620.0,33.32025,12684089.0,817.4150019,IT=5.2;5.2 ,ii
13410,UP 2,9.781,86480,277435520.0,33.340427,16989384.0,817.4148488,IT=4.9;4.9 ,ii
13421,UP 2,9.469,83152,287605090.0,33.361633,18415294.0,590.8146266,IT=4.7;4.7 ,ii
13432,UP 2,8.737,79628,301117820.0,33.3818,35960320.0,590.8147066,IT=4.4;4.4 ,ii
13443,UP 2,8.148,76500,315282910.0,33.401075,51773880.0,590.8147596,IT=4.1;4.1 ,ii
13454,UP 2,7.876,74624,312817250.0,33.421256,58334600.0,590.8146383,IT=3.9;3.9 ,ii
13462,UP 2,8.157,72332,312153660.0,33.437227,57312964.0,590.8147822,IT=4.1;4.1 ,ii
13473,UP 2,9.118,81352,292899100.0,33.457435,43078120.0,590.8148072,IT=4.6;4.6 ,ii
13476,UP 2,9.161,77740,276057540.0,33.462933,37297292.0,590.8147592,IT=4.6;4.6 ,ii
13483,UP 2,9.118,75412,266189500.0,33.475787,27522484.0,590.8146259,IT=4.6;4.6 ,ii
13491,UP 2,10.020,77260,249831150.0,33.49046,24704402.0,454.266198,IT=5;5 ,ii
13501,UP 2,9.960,74708,239896980.0,33.508774,29499828.0,454.2660227,IT=5;5 ,ii
13507,UP 2,10.213,80252,239127820.0,33.52183,31410246.0,454.2661961,IT=5.1;5.1 ,ii
13517,UP 2,10.174,78484,231753180.0,33.54012,31867676.0,454.2661495,IT=5.1;5.1 ,ii
13528,UP 2,10.563,80564,228216100.0,33.560292,29864016.0,454.2663132,IT=5.3;5.3 ,ii
13539,UP 2,10.815,79764,231341650.0,33.57934,27219266.0,454.2662118,IT=5.4;5.4 ,ii
13541,UP 2,10.707,79492,227817260.0,33.583053,25534846.0,454.2662526,IT=5.4;5.4 ,ii
13552,UP 2,11.640,81612,213184990.0,33.603221,18683902.0,454.2662373,IT=5.8;5.8 ,ii
13557,UP 2,12.225,85752,210163700.0,33.611871,15464013.0,454.2661862,IT=6.1;6.1 ,ii
13564,UP 2,12.846,87692,203563700.0,33.623994,11332903.0,454.266262,IT=6.4;6.4 ,ii
13569,UP 2,13.199,91192,201155260.0,33.633248,8352206.5,454.2661592,IT=6.6;6.6 ,ii
13577,UP 2,13.035,88964,196020140.0,33.647981,11362866.0,632.8435853,IT=6.5;6.5 ,ii
13587,UP 2,13.992,91656,193491200.0,33.665771,13451680.0,632.8435735,IT=7;7 ,ii
13598,UP 2,13.816,90840,185304700.0,33.686031,13049298.0,632.8433124,IT=6.9;6.9 ,ii
13607,UP 2,14.980,95204,180692340.0,33.704648,10045090.0,632.8436178,IT=7.5;7.5 ,ii
13616,UP 2,14.939,90296,176844450.0,33.720427,7520324.5,599.8382143,IT=7.5;7.5 ,ii
13627,UP 2,15.129,92300,180249360.0,33.740668,11274700.0,599.8381657,IT=7.6;7.6 ,ii
13629,UP 2,14.558,90400,182840960.0,33.744443,12454623.0,599.8381383,IT=7.3;7.3 ,ii
13640,UP 2,13.752,89708,198650850.0,33.764647,17626404.0,599.8382078,IT=6.9;6.9 ,ii
13643,UP 2,13.157,90876,208735490.0,33.770258,19218658.0,599.8382416,IT=6.6;6.6 ,ii
13653,UP 2,11.888,87208,229004610.0,33.788657,24415456.0,599.8381278,IT=5.9;5.9 ,ii
13664,UP 2,10.634,84652,250481420.0,33.808824,29011768.0,599.8381747,IT=5.3;5.3 ,ii
13666,UP 2,10.656,83572,256559540.0,33.812566,29630862.0,599.8382809,IT=5.3;5.3 ,ii
13677,UP 2,10.037,83504,277361180.0,33.832755,32198194.0,599.8381383,IT=5;5 ,ii
13688,UP 2,9.493,78452,278018780.0,33.852443,28384290.0,599.8379321,IT=4.7;4.7 ,ii
13699,UP 2,8.932,80424,293047260.0,33.872913,24498982.0,599.8380423,IT=4.5;4.5 ,ii
13710,UP 2,8.612,75444,293718300.0,33.892296,19600182.0,400.6947864,IT=4.3;4.3 ,ii
13721,UP 2,9.250,83100,294764990.0,33.911463,22844340.0,400.6948613,IT=4.6;4.6 ,ii
13732,UP 2,9.421,81904,280158240.0,33.931219,19716122.0,400.6947892,IT=4.7;4.7 ,ii
13743,UP 2,9.610,82428,274484830.0,33.952925,12708567.0,400.6947124,IT=4.8;4.8 ,ii
13754,UP 2,9.631,86548,284051870.0,33.972775,12653884.0,515.7881666,IT=4.8;4.8 ,ii
13765,UP 2,9.515,85360,282719460.0,33.992925,13563445.0,515.7881277,IT=4.8;4.8 ,ii
13776,UP 2,10.007,85812,266227300.0,34.01276,12080946.0,515.7880725,IT=5;5 ,ii
13787,UP 2,10.982,91008,247713440.0,34.034004,8426356.0,515.7880818,IT=5.5;5.5 ,ii
13798,UP 2,11.838,91968,229730580.0,34.05302,6488732.5,733.8472118,IT=5.9;5.9 ,ii
13809,UP 2,13.014,95216,207685760.0,34.073266,7340433.0,525.724998,IT=6.5;6.5 ,ii
13820,UP 2,14.049,97072,197571200.0,34.091701,6720304.0,525.7250107,IT=7;7 ,ii
13831,UP 2,14.497,99288,193661950.0,34.11398,8649574.0,611.3211895,IT=7.2;7.2 ,ii
13842,UP 2,14.148,96064,192766450.0,34.134203,10625570.0,611.3214227,IT=7.1;7.1 ,ii
13853,UP 2,14.281,96268,188101260.0,34.15437,9112795.0,611.3210898,IT=7.1;7.1 ,ii
13864,UP 2,15.679,99240,175548500.0,34.17467,6780645.5,611.3211302,IT=7.8;7.8 ,ii
13875,UP 2,16.648,101412,163240220.0,34.194276,4593006.0,397.5683352,IT=8.3;8.3 ,ii
13886,UP 2,18.948,108072,147255490.0,34.214671,3844927.0,397.5683098,IT=9.5;9.5 ,ii
13888,UP 2,18.125,104392,145134880.0,34.218521,3718480.0,397.5682562,IT=9.1;9.1 ,ii
13899,UP 2,20.291,107820,139757470.0,34.238913,2665716.0,397.5684149,IT=10;10 ,ii
13910,UP 2,18.114,108420,149423040.0,34.259254,3023592.2,545.6032072,IT=9.1;9.1 ,ii
13921,UP 2,16.873,100508,160386290.0,34.281467,4754855.5,545.6033495,IT=8.4;8.4 ,ii
13932,UP 2,15.585,100080,182207520.0,34.301662,7000539.0,508.2934605,IT=7.8;7.8 ,ii
13943,UP 2,13.324,90244,205779810.0,34.321125,12683738.0,508.2935166,IT=6.7;6.7 ,ii
13954,UP 2,12.379,93080,227209120.0,34.341352,18150828.0,508.2934791,IT=6.2;6.2 ,ii
13965,UP 2,12.452,90620,242076260.0,34.361543,18820252.0,508.2934685,IT=6.2;6.2 ,ii
13976,UP 2,11.903,89244,252475280.0,34.381831,15547006.0,508.2934319,IT=6;6 ,ii
13987,UP 2,11.688,88252,246771070.0,34.401083,14812405.0,917.4643714,IT=5.8;5.8 ,ii
13998,UP 2,13.084,93712,220035120.0,34.421318,9894084.0,917.4640773,IT=6.5;6.5 ,ii
14009,UP 2,14.435,94320,193532080.0,34.442578,6852106.0,546.2963915,IT=7.2;7.2 ,ii
14020,UP 2,16.803,100776,167719220.0,34.462911,4422299.5,546.2964483,IT=8.4;8.4 ,ii
14031,UP 2,17.911,99908,148307500.0,34.483101,3324736.0,444.2931775,IT=9;9 ,ii
14034,UP 2,17.858,100820,148299860.0,34.488761,3351860.2,444.2931632,IT=8.9;8.9 ,ii
14045,UP 2,19.858,103128,139789470.0,34.509076,2539373.2,444.2932061,IT=9.9;9.9 ,ii
14055,UP 2,19.706,109152,140885150.0,34.52758,2336732.5,391.2843527,IT=9.9;9.9 ,ii
14066,UP 2,18.138,103512,145293810.0,34.547857,2374522.0,391.2843706,IT=9.1;9.1 ,ii
14069,UP 2,17.906,107068,150901840.0,34.553503,2325959.0,391.2843154,IT=9;9 ,ii
14080,UP 2,16.662,99528,166429520.0,34.573788,4748461.0,576.2853163,IT=8.3;8.3 ,ii
14091,UP 2,14.439,94496,189681950.0,34.594096,10894388.0,576.2851727,IT=7.2;7.2 ,ii
14102,UP 2,12.618,89312,214225820.0,34.61531,18751180.0,576.2851246,IT=6.3;6.3 ,ii
14113,UP 2,12.036,87660,227206480.0,34.635108,23214100.0,576.2852932,IT=6;6 ,ii
14115,UP 2,12.029,87344,225162080.0,34.63885,22803096.0,576.2853544,IT=6;6 ,ii
14126,UP 2,12.492,89108,218589790.0,34.659052,21071456.0,576.2851784,IT=6.2;6.2 ,ii
14137,UP 2,14.220,92764,203952320.0,34.678731,12918110.0,576.2850756,IT=7.1;7.1 ,ii
14148,UP 2,13.880,91976,192119330.0,34.698949,6826029.5,576.2850929,IT=6.9;6.9 ,ii
14159,UP 2,13.618,92304,193520620.0,34.719231,5632653.0,523.2877946,IT=6.8;6.8 ,ii
14170,UP 2,13.637,94036,195239970.0,34.739537,5424248.5,523.287782,IT=6.8;6.8 ,ii
14181,UP 2,13.909,95248,192387790.0,34.759041,5278469.5,744.354579,IT=7;7 ,ii
14192,UP 2,13.279,92084,199391580.0,34.780399,9253422.0,744.3548775,IT=6.6;6.6 ,ii
14203,UP 2,13.810,91404,195471550.0,34.80039,12099571.0,744.3550595,IT=6.9;6.9 ,ii
14214,UP 2,13.568,90192,196992140.0,34.820099,12999395.0,744.3550048,IT=6.8;6.8 ,ii
14225,UP 2,14.528,93108,187350290.0,34.840392,10481631.0,744.3548579,IT=7.3;7.3 ,ii
14235,UP 2,14.792,92568,182155340.0,34.858088,7630754.5,744.355014,IT=7.4;7.4 ,ii
14246,UP 2,15.395,94132,174447710.0,34.878417,4790684.5,744.3550386,IT=7.7;7.7 ,ii
14249,UP 2,14.951,94116,172971150.0,34.884046,4187448.0,744.3550273,IT=7.5;7.5 ,ii
14260,UP 2,15.252,94592,168557150.0,34.904296,3420018.5,565.8018922,IT=7.6;7.6 ,ii
14271,UP 2,17.221,97512,164449630.0,34.923817,3546103.2,484.7639118,IT=8.6;8.6 ,ii
14274,UP 2,16.325,96804,162865010.0,34.930464,3505144.5,484.7639878,IT=8.2;8.2 ,ii
14285,UP 2,16.487,97384,164288560.0,34.950735,6903456.5,401.2396414,IT=8.2;8.2 ,ii
14287,UP 2,17.063,98596,161676860.0,34.954554,7619354.0,401.2397313,IT=8.5;8.5 ,ii
14298,UP 2,16.587,99496,163752780.0,34.974566,12197772.0,401.2397008,IT=8.3;8.3 ,ii
14309,UP 2,15.634,95016,167419620.0,34.994935,15818908.0,401.2398135,IT=7.8;7.8 ,ii
14320,UP 2,16.617,96848,167241980.0,35.014674,15750059.0,401.2397715,IT=8.3;8.3 ,ii
14331,UP 2,15.761,91604,167653220.0,35.034958,13563566.0,401.2399126,IT=7.9;7.9 ,ii
14334,UP 2,15.423,93432,171602260.0,35.04058,12570476.0,401.2399918,IT=7.7;7.7 ,ii
14345,UP 2,14.319,89116,183181020.0,35.06078,16430679.0,472.7694011,IT=7.2;7.2 ,ii
14356,UP 2,12.302,81720,209351900.0,35.081059,34605924.0,472.7695943,IT=6.2;6.2 ,ii
14367,UP 2,10.355,75324,256892480.0,35.101251,58451788.0,472.7696783,IT=5.2;5.2 ,ii
14378,UP 2,8.783,65972,292800480.0,35.122497,81440336.0,472.7697279,IT=4.4;4.4 ,ii
14381,UP 2,8.412,65908,299995140.0,35.127988,86054344.0,472.7697479,IT=4.2;4.2 ,ii
14392,UP 2,8.068,61932,310351300.0,35.148148,93203184.0,472.769656,IT=4;4 ,ii
14403,UP 2,8.296,68204,303555070.0,35.168348,84597928.0,472.7696082,IT=4.1;4.1 ,ii
14414,UP 2,9.872,75216,272225150.0,35.188546,64553092.0,472.7695727,IT=4.9;4.9 ,ii
14425,UP 2,12.331,85436,227095870.0,35.21054,39177184.0,472.7696704,IT=6.2;6.2 ,ii
14436,UP 2,14.302,92356,197040240.0,35.230792,22257618.0,472.7696427,IT=7.2;7.2 ,ii
14447,UP 2,15.322,93484,182513010.0,35.251117,11775612.0,472.7697096,IT=7.7;7.7 ,ii
14458,UP 2,14.899,97332,185034190.0,35.271314,11955303.0,565.3147934,IT=7.4;7.4 ,ii
14460,UP 2,14.423,93760,185826190.0,35.277077,11840464.0,565.315031,IT=7.2;7.2 ,ii
14471,UP 2,15.307,97440,189255940.0,35.297375,10740035.0,565.3149471,IT=7.7;7.7 ,ii
14482,UP 2,14.382,100800,190370050.0,35.317581,8078458.0,565.3150894,IT=7.2;7.2 ,ii
14493,UP 2,15.643,95924,182821890.0,35.337964,5238731.0,565.315204,IT=7.8;7.8 ,ii
14504,UP 2,15.782,99008,175096670.0,35.358249,3562236.8,627.6463386,IT=7.9;7.9 ,ii
14507,UP 2,15.679,98268,173998130.0,35.363891,3422248.2,627.9806039,IT=7.8;7.8 ,ii
14518,UP 2,16.890,98668,162868960.0,35.383828,3088523.5,541.7678489,IT=8.4;8.4 ,ii
14529,UP 2,17.270,101084,161615970.0,35.404159,2889856.5,542.270311,IT=8.6;8.6 ,ii
14532,UP 2,17.413,100840,162329440.0,35.409828,2865482.5,542.2704826,IT=8.7;8.7 ,ii
14543,UP 2,18.184,100928,160462690.0,35.43013,2824873.5,714.8983402,IT=9.1;9.1 ,ii
14554,UP 2,17.791,94620,167561890.0,35.452413,5307127.0,854.4227151,IT=8.9;8.9 ,ii
14565,UP 2,17.162,95632,178310990.0,35.47208,6686733.0,854.4226183,IT=8.6;8.6 ,ii
14576,UP 2,16.465,95160,185435220.0,35.491727,6101559.5,854.4224824,IT=8.2;8.2 ,ii
14587,UP 2,16.355,94356,180552160.0,35.512046,5959488.5,473.9031604,IT=8.2;8.2 ,ii
14598,UP 2,15.089,96564,184372850.0,35.532285,6062646.0,791.931397,IT=7.5;7.5 ,ii
14609,UP 2,14.350,88724,185994880.0,35.55251,5189917.0,509.9200137,IT=7.2;7.2 ,ii
14620,UP 2,14.621,90272,186738850.0,35.572171,7990344.0,509.9201287,IT=7.3;7.3 ,ii
14630,UP 2,14.581,93880,188763090.0,35.590618,10003902.0,509.9201485,IT=7.3;7.3 ,ii
14638,UP 2,14.729,93076,184540660.0,35.606406,10128387.0,509.9203018,IT=7.4;7.4 ,ii
14647,UP 2,14.919,92168,174620060.0,35.622964,8449350.0,509.9202644,IT=7.5;7.5 ,ii
14653,UP 2,15.638,93480,169383440.0,35.634074,6860520.5,509.9201558,IT=7.8;7.8 ,ii
14654,UP 2,16.404,92292,165526340.0,35.638135,5966004.5,509.9202255,IT=8.2;8.2 ,ii
14664,UP 2,15.300,91988,164313200.0,35.656618,4214270.5,453.7377894,IT=7.6;7.6 ,ii
14675,UP 2,15.905,95188,174749950.0,35.676916,8822299.0,584.2899293,IT=8;8 ,ii
14678,UP 2,14.582,90048,180002110.0,35.682534,10362963.0,584.2900762,IT=7.3;7.3 ,ii
14689,UP 2,13.155,89468,207811580.0,35.702797,16909762.0,584.2900608,IT=6.6;6.6 ,ii
14700,UP 2,12.120,87344,223579760.0,35.722415,19977676.0,584.2898904,IT=6.1;6.1 ,ii
14711,UP 2,11.197,83776,237075730.0,35.74268,20068268.0,606.3412008,IT=5.6;5.6 ,ii
14721,UP 2,11.399,82536,222522580.0,35.761094,18369884.0,606.3411584,IT=5.7;5.7 ,ii
14732,UP 2,11.680,80584,216909070.0,35.78228,13244401.0,606.3412159,IT=5.8;5.8 ,ii
14743,UP 2,11.131,82456,233762580.0,35.802342,16188335.0,584.8094192,IT=5.6;5.6 ,ii
14754,UP 2,10.664,78044,240190350.0,35.822548,17879534.0,584.8090372,IT=5.3;5.3 ,ii
14765,UP 2,10.822,79164,248081460.0,35.841656,15053319.0,584.8092072,IT=5.4;5.4 ,ii
14776,UP 2,9.977,80660,270406340.0,35.861958,16791530.0,652.3608544,IT=5;5 ,ii
14787,UP 2,8.608,73308,296627550.0,35.882108,29269574.0,652.3606835,IT=4.3;4.3 ,ii
14798,UP 2,7.772,68696,339382980.0,35.902243,44197812.0,652.3606091,IT=3.9;3.9 ,ii
14809,UP 2,6.703,65496,390679840.0,35.921316,59806800.0,652.3602983,IT=3.4;3.4 ,ii
14820,UP 2,6.253,60600,408341120.0,35.941385,67738560.0,652.3603059,IT=3.1;3.1 ,ii
14831,UP 2,6.143,61296,423912260.0,35.96121,67092860.0,652.3604602,IT=3.1;3.1 ,ii
14842,UP 2,6.134,62136,422185410.0,35.981335,55990520.0,652.3605138,IT=3.1;3.1 ,ii
14853,UP 2,5.903,64752,443496960.0,36.000749,43367012.0,652.3605352,IT=3;3 ,ii
14864,UP 2,5.669,62968,479997820.0,36.020818,32731096.0,706.3986056,IT=2.8;2.8 ,ii
14875,UP 2,5.124,60696,518434690.0,36.042863,46287520.0,536.8056299,IT=2.6;2.6 ,ii
14886,UP 2,4.780,56868,553319230.0,36.062911,53146564.0,737.9225936,IT=2.4;2.4 ,ii
14897,UP 2,5.101,60112,522005980.0,36.082984,56910400.0,737.9226855,IT=2.6;2.6 ,ii
14908,UP 2,6.005,64596,454188510.0,36.102869,49883944.0,737.92255,IT=3;3 ,ii
14919,UP 2,7.644,68936,358075140.0,36.124065,33815204.0,737.9230657,IT=3.8;3.8 ,ii
14930,UP 2,9.660,75760,295642620.0,36.144319,20625692.0,737.9231771,IT=4.8;4.8 ,ii
14941,UP 2,10.474,82748,266765550.0,36.164521,11907998.0,737.9229632,IT=5.2;5.2 ,ii
14952,UP 2,10.812,82832,256420500.0,36.184685,12802413.0,599.3277928,IT=5.4;5.4 ,ii
14963,UP 2,11.917,86036,253972450.0,36.205366,13670502.0,599.3277954,IT=6;6 ,ii
14974,UP 2,12.144,89100,243861010.0,36.225416,13361225.0,599.3279483,IT=6.1;6.1 ,ii
14985,UP 2,12.836,92024,233375740.0,36.245102,11846495.0,599.3278774,IT=6.4;6.4 ,ii
14996,UP 2,14.169,93696,213231060.0,36.265312,9605607.0,599.3280148,IT=7.1;7.1 ,ii
15007,UP 2,15.183,98240,195955090.0,36.28532,7138104.0,599.3279744,IT=7.6;7.6 ,ii
15018,UP 2,17.261,102476,180553700.0,36.305691,5260351.5,599.3281866,IT=8.6;8.6 ,ii
15029,UP 2,17.114,102804,171831300.0,36.325995,4628066.0,622.8176801,IT=8.6;8.6 ,ii
15040,UP 2,17.874,102532,164861660.0,36.346163,4205533.0,622.8180827,IT=8.9;8.9 ,ii
15051,UP 2,16.787,98996,169931870.0,36.368461,4497586.0,622.3312449,IT=8.4;8.4 ,ii
15062,UP 2,16.936,99140,170440610.0,36.388788,4372752.0,622.3311824,IT=8.5;8.5 ,ii
15073,UP 2,17.158,102084,175275200.0,36.409053,3737275.8,745.8807358,IT=8.6;8.6 ,ii
15084,UP 2,17.744,105284,180504610.0,36.429315,4601363.5,513.8015855,IT=8.9;8.9 ,ii
15095,UP 2,17.635,99020,182793040.0,36.449075,5838886.0,513.8014938,IT=8.8;8.8 ,ii
15106,UP 2,16.752,96124,179216130.0,36.469504,5101689.0,513.8016464,IT=8.4;8.4 ,ii
15117,UP 2,19.069,103456,178463810.0,36.489694,4653602.0,444.2206797,IT=9.5;9.5 ,ii
15128,UP 2,18.495,103348,169128370.0,36.51,4258358.5,668.3406962,IT=9.2;9.2 ,ii
15131,UP 2,19.024,103496,163705490.0,36.516664,4354473.0,668.3411292,IT=9.5;9.5 ,ii
15142,UP 2,19.319,103956,162281730.0,36.537048,4582727.5,668.3410986,IT=9.7;9.7 ,ii
15153,UP 2,19.083,103208,160321600.0,36.55737,3875480.8,668.3409748,IT=9.5;9.5 ,ii
15164,UP 2,19.905,103124,150616320.0,36.57772,3042031.5,415.2553233,IT=10;10 ,ii
15175,UP 2,21.432,109548,147837860.0,36.598089,4206626.0,415.2553459,IT=11;11 ,ii
15186,UP 2,21.398,107012,141368750.0,36.618457,4358585.0,415.2554592,IT=11;11 ,ii
15197,UP 2,23.232,110048,145408340.0,36.638543,3814951.8,415.2552753,IT=12;12 ,ii
15208,UP 2,22.724,108800,152115680.0,36.659051,3305953.2,556.3281541,IT=11;11 ,ii
15219,UP 2,22.884,104956,152544560.0,36.679422,4303908.5,925.8173193,IT=11;11 ,ii
15230,UP 2,23.889,116604,150785900.0,36.700924,3968263.2,925.8177522,IT=12;12 ,ii
15233,UP 2,24.120,108832,142292160.0,36.70669,4056649.2,925.8175245,IT=12;12 ,ii
15244,UP 2,22.864,106724,135572700.0,36.72709,2498396.0,488.2852072,IT=11;11 ,ii
15255,UP 2,23.334,107772,125926200.0,36.747436,3231315.8,488.2851166,IT=12;12 ,ii
15266,UP 2,24.125,113264,122942610.0,36.76785,2879582.8,488.2851526,IT=12;12 ,ii
15269,UP 2,25.175,108740,122229440.0,36.775613,2703261.2,488.285145,IT=13;13 ,ii
15280,UP 2,23.647,111720,126287500.0,36.795975,2378322.8,391.2844821,IT=12;12 ,ii
15291,UP 2,21.562,110480,136855220.0,36.816412,2445146.5,391.2844839,IT=11;11 ,ii
15302,UP 2,20.096,108936,158360660.0,36.836821,3825649.0,630.3194171,IT=10;10 ,ii
15305,UP 2,18.171,104856,166536900.0,36.844483,5033423.5,630.319489,IT=9.1;9.1 ,ii
15316,UP 2,16.957,100232,179661230.0,36.864797,7537079.5,630.3194092,IT=8.5;8.5 ,ii
15327,UP 2,16.006,102336,189725200.0,36.885118,9093879.0,630.3194425,IT=8;8 ,ii
15329,UP 2,15.974,103784,193155120.0,36.888933,9338600.0,630.3193442,IT=8;8 ,ii
15340,UP 2,16.664,99396,184761310.0,36.909249,8304092.5,630.3194506,IT=8.3;8.3 ,ii
15343,UP 2,16.174,97452,180540020.0,36.914885,7597784.0,630.3193431,IT=8.1;8.1 ,ii
15354,UP 2,17.179,98336,169144830.0,36.935151,6641606.5,604.8066955,IT=8.6;8.6 ,ii
15365,UP 2,18.242,94476,156259520.0,36.955491,5662890.5,604.8068363,IT=9.1;9.1 ,ii
15376,UP 2,19.575,99828,148952640.0,36.975851,3584404.0,604.8068464,IT=9.8;9.8 ,ii
15387,UP 2,20.183,105396,141427300.0,36.996236,3538997.0,546.7885786,IT=10;10 ,ii
15398,UP 2,20.425,99456,139199260.0,37.016624,5086211.5,546.7887005,IT=10;10 ,ii
15409,UP 2,20.563,105380,143596080.0,37.039067,5232989.5,546.7888147,IT=10;10 ,ii
15420,UP 2,18.635,99856,153041060.0,37.059394,3902198.5,546.7887515,IT=9.3;9.3 ,ii
15431,UP 2,18.121,99120,158805980.0,37.079698,4119052.8,554.3248149,IT=9.1;9.1 ,ii
15442,UP 2,17.060,98632,172922910.0,37.100056,4949691.0,554.3248521,IT=8.5;8.5 ,ii
15453,UP 2,16.251,98244,178987970.0,37.121981,4098449.2,598.8201576,IT=8.1;8.1 ,ii
15464,UP 2,15.200,94376,192730240.0,37.142331,7991309.5,598.8200641,IT=7.6;7.6 ,ii
15475,UP 2,14.074,87184,201369920.0,37.162671,10988897.0,598.8200276,IT=7;7 ,ii
15486,UP 2,14.234,93732,211796320.0,37.182408,11321369.0,598.8199798,IT=7.1;7.1 ,ii
15497,UP 2,14.497,95796,205018020.0,37.202645,9259658.0,598.8200596,IT=7.2;7.2 ,ii
15508,UP 2,16.058,95068,192740620.0,37.223005,5627040.0,598.8198983,IT=8;8 ,ii
15519,UP 2,15.956,95280,189588030.0,37.243251,3811489.8,711.3518064,IT=8;8 ,ii
15530,UP 2,16.244,96016,181257120.0,37.263549,4792064.0,658.8228877,IT=8.1;8.1 ,ii
15541,UP 2,16.056,94900,179787020.0,37.285865,5311488.5,658.8231738,IT=8;8 ,ii
15549,UP 2,17.473,98636,173114220.0,37.300724,4943532.5,658.8231901,IT=8.7;8.7 ,ii
15559,UP 2,18.320,99312,158027840.0,37.319217,3327199.8,658.823251,IT=9.2;9.2 ,ii
15569,UP 2,20.839,103376,149249100.0,37.337723,2795193.2,714.3680958,IT=10;10 ,ii
15575,UP 2,21.002,104452,143580060.0,37.348948,2436121.8,391.2844969,IT=11;11 ,ii
15586,UP 2,21.762,104540,141518210.0,37.369373,3194503.2,483.7745422,IT=11;11 ,ii
15597,UP 2,21.015,100604,142080340.0,37.389742,4003719.2,515.3020604,IT=11;11 ,ii
15608,UP 2,20.691,104316,149741360.0,37.410179,6525648.0,515.3013798,IT=10;10 ,ii
15613,UP 2,19.926,102240,157248860.0,37.419604,7988044.0,515.3010866,IT=10;10 ,ii
15624,UP 2,19.564,103856,162399440.0,37.440975,8238401.5,515.3011851,IT=9.8;9.8 ,ii
15635,UP 2,20.574,103280,161110700.0,37.461321,6505780.0,515.3013088,IT=10;10 ,ii
15646,UP 2,21.378,104108,156797100.0,37.481308,4657031.5,515.3011444,IT=11;11 ,ii
15657,UP 2,19.978,100520,149123150.0,37.501683,3328364.5,461.2741438,IT=10;10 ,ii
15660,UP 2,20.299,104856,151014900.0,37.50741,3289357.8,461.2740883,IT=10;10 ,ii
15669,UP 2,20.909,106152,146717180.0,37.524116,3065357.0,461.2741291,IT=10;10 ,ii
15680,UP 2,21.018,102316,144875300.0,37.544197,3947375.0,550.309885,IT=11;11 ,ii
15691,UP 2,19.366,102680,150907490.0,37.564522,4046889.5,550.3097856,IT=9.7;9.7 ,ii
15694,UP 2,18.971,99632,153374850.0,37.570203,4016857.0,550.3098461,IT=9.5;9.5 ,ii
15705,UP 2,17.501,98324,167387600.0,37.590561,5073843.5,672.8422587,IT=8.8;8.8 ,ii
15712,UP 2,16.467,92852,174255090.0,37.604547,6414014.5,672.8422692,IT=8.2;8.2 ,ii
15720,UP 2,14.698,88424,183771810.0,37.619301,9152851.0,571.309476,IT=7.3;7.3 ,ii
15723,UP 2,14.840,89244,190263620.0,37.624913,10825972.0,571.3095782,IT=7.4;7.4 ,ii
15734,UP 2,14.011,85596,195370030.0,37.645244,15325887.0,571.3094052,IT=7;7 ,ii
15737,UP 2,13.920,84424,198753040.0,37.650836,16576077.0,571.3094091,IT=7;7 ,ii
15745,UP 2,14.173,83856,192975660.0,37.665592,16975100.0,571.3095286,IT=7.1;7.1 ,ii
15755,UP 2,14.215,86012,190528300.0,37.683811,15643285.0,571.3095073,IT=7.1;7.1 ,ii
15764,UP 2,14.491,85404,191566880.0,37.700425,18316912.0,473.279829,IT=7.2;7.2 ,ii
15775,UP 2,13.491,80208,204151600.0,37.720685,30639318.0,473.2799305,IT=6.7;6.7 ,ii
15778,UP 2,13.628,85148,211902830.0,37.726298,33651548.0,473.2800785,IT=6.8;6.8 ,ii
15788,UP 2,11.823,78800,231345380.0,37.744742,43864132.0,473.2800387,IT=5.9;5.9 ,ii
15799,UP 2,11.264,73964,243241440.0,37.764875,49167616.0,473.2799591,IT=5.6;5.6 ,ii
15802,UP 2,10.817,74656,248022060.0,37.771458,50125868.0,473.2801328,IT=5.4;5.4 ,ii
15813,UP 2,11.196,76676,256673730.0,37.791666,45738332.0,473.2799339,IT=5.6;5.6 ,ii
15824,UP 2,11.259,76256,245194320.0,37.811924,34623564.0,473.2798107,IT=5.6;5.6 ,ii
15835,UP 2,13.033,85668,225577820.0,37.832206,21226126.0,473.2796301,IT=6.5;6.5 ,ii
15846,UP 2,14.995,90468,201151650.0,37.852505,11682341.0,473.2797375,IT=7.5;7.5 ,ii
15857,UP 2,16.354,90284,182630190.0,37.872843,5914769.0,473.2798412,IT=8.2;8.2 ,ii
15868,UP 2,16.799,96192,177132000.0,37.893132,3583774.0,596.3409507,IT=8.4;8.4 ,ii
15879,UP 2,16.843,94312,179600720.0,37.912732,5243359.0,582.3198869,IT=8.4;8.4 ,ii
15882,UP 2,16.077,95512,189017500.0,37.918382,6237676.0,582.3199973,IT=8;8 ,ii
15893,UP 2,14.764,93660,195392580.0,37.93803,9996132.0,582.3196326,IT=7.4;7.4 ,ii
15896,UP 2,14.837,86600,195037710.0,37.944669,11273402.0,582.319904,IT=7.4;7.4 ,ii
15907,UP 2,14.600,88068,196247020.0,37.963978,12252880.0,582.3198947,IT=7.3;7.3 ,ii
15918,UP 2,14.580,88444,190337920.0,37.984259,10546551.0,582.3197919,IT=7.3;7.3 ,ii
15929,UP 2,15.738,94956,184473870.0,38.004596,7231252.0,582.3198655,IT=7.9;7.9 ,ii
15940,UP 2,16.823,95156,174295660.0,38.024952,5201315.0,588.7991729,IT=8.4;8.4 ,ii
15951,UP 2,17.892,91316,164677390.0,38.045333,5153218.0,476.2434754,IT=8.9;8.9 ,ii
15953,UP 2,16.354,94944,167804290.0,38.049137,5124377.5,476.2433305,IT=8.2;8.2 ,ii
15964,UP 2,17.998,97556,159072380.0,38.069517,4186674.0,476.2433149,IT=9;9 ,ii
15975,UP 2,17.808,92032,151121460.0,38.089852,3181537.8,677.3879219,IT=8.9;8.9 ,ii
15986,UP 2,20.561,99116,147885460.0,38.111181,2853155.5,525.9482775,IT=10;10 ,ii
15997,UP 2,20.142,98832,136763780.0,38.131583,2376174.8,391.2844655,IT=10;10 ,ii
16008,UP 2,20.061,98016,138197540.0,38.15197,2422665.0,391.2844224,IT=10;10 ,ii
16011,UP 2,20.512,99420,141415280.0,38.157672,2556324.0,391.2844399,IT=10;10 ,ii
16022,UP 2,19.827,103272,148928540.0,38.178045,3577195.5,783.8959669,IT=9.9;9.9 ,ii
16025,UP 2,20.015,103180,148427760.0,38.183778,3769362.2,783.8956099,IT=10;10 ,ii
16036,UP 2,20.024,103496,151411100.0,38.20413,4257754.0,783.8952861,IT=10;10 ,ii
16044,UP 2,20.420,101488,151412240.0,38.218968,4129565.8,783.8952147,IT=10;10 ,ii
16047,UP 2,21.300,107848,149862370.0,38.224709,3689517.0,783.8952496,IT=11;11 ,ii
16056,UP 2,21.851,108636,144439310.0,38.241447,4228041.5,669.3655388,IT=11;11 ,ii
16067,UP 2,23.712,115448,144184830.0,38.261984,4134947.0,669.365497,IT=12;12 ,ii
16078,UP 2,22.396,107964,147020660.0,38.283434,3122117.0,716.0553819,IT=11;11 ,ii
16089,UP 2,23.208,103796,155483940.0,38.303909,4342767.5,893.4173452,IT=12;12 ,ii
16100,UP 2,19.379,99224,169475630.0,38.324256,5492009.0,893.4173993,IT=9.7;9.7 ,ii
16111,UP 2,18.815,95448,175041490.0,38.344254,5176976.0,893.4172166,IT=9.4;9.4 ,ii
16122,UP 2,17.737,99944,177241700.0,38.364325,5394900.5,474.2821547,IT=8.9;8.9 ,ii
16133,UP 2,17.871,95144,170664660.0,38.384679,4659477.0,474.2821066,IT=8.9;8.9 ,ii
16144,UP 2,17.936,94940,162891220.0,38.405008,5165865.5,585.8465449,IT=9;9 ,ii
16154,UP 2,19.602,97448,149355650.0,38.423585,4394641.0,585.8464651,IT=9.8;9.8 ,ii
16165,UP 2,20.087,99724,141512030.0,38.444933,5318890.5,559.7833881,IT=10;10 ,ii
16175,UP 2,19.534,99760,143494610.0,38.463462,8318533.0,477.3057769,IT=9.8;9.8 ,ii
16181,UP 2,16.969,89924,156911890.0,38.474599,15014713.0,477.3058823,IT=8.5;8.5 ,ii
16189,UP 2,13.718,81452,186997660.0,38.489326,28338608.0,477.3058074,IT=6.9;6.9 ,ii
16200,UP 2,10.717,70576,249673790.0,38.508593,55794252.0,477.305765,IT=5.4;5.4 ,ii
16211,UP 2,7.629,66756,332811300.0,38.528676,88208776.0,477.3054847,IT=3.8;3.8 ,ii
16222,UP 2,6.018,55880,409463100.0,38.548818,117810870.0,477.3055075,IT=3;3 ,ii
16233,UP 2,5.683,54108,425297020.0,38.56843,118212570.0,477.3055326,IT=2.8;2.8 ,ii
16244,UP 2,6.053,62492,424896100.0,38.588569,100658340.0,477.3054315,IT=3;3 ,ii
16255,UP 2,6.632,66408,391051300.0,38.609673,69827600.0,477.3054395,IT=3.3;3.3 ,ii
16266,UP 2,7.400,67420,367944770.0,38.629813,43651508.0,477.3053299,IT=3.7;3.7 ,ii
16277,UP 2,7.525,70356,353918270.0,38.649952,31832154.0,765.9014581,IT=3.8;3.8 ,ii
16288,UP 2,8.396,72348,324500480.0,38.670106,31963186.0,765.9013932,IT=4.2;4.2 ,ii
16291,UP 2,8.840,76552,310322240.0,38.677583,29991082.0,765.9016099,IT=4.4;4.4 ,ii
16302,UP 2,10.398,80040,266146820.0,38.697756,21328862.0,765.9015033,IT=5.2;5.2 ,ii
16305,UP 2,10.575,83268,258607600.0,38.703281,19159682.0,765.9018032,IT=5.3;5.3 ,ii
16316,UP 2,12.912,94224,229968830.0,38.723575,10534180.0,765.9014517,IT=6.5;6.5 ,ii
16327,UP 2,12.396,88072,225059740.0,38.743862,9246187.0,654.6434643,IT=6.2;6.2 ,ii
16338,UP 2,12.393,87836,236302610.0,38.764087,11587839.0,654.6431277,IT=6.2;6.2 ,ii
16349,UP 2,10.989,85656,256389920.0,38.786276,11194981.0,654.6433853,IT=5.5;5.5 ,ii
16360,UP 2,12.061,86428,241051140.0,38.806512,10856121.0,607.3154452,IT=6;6 ,ii
16371,UP 2,13.642,91784,221259470.0,38.826816,9560424.0,607.3156711,IT=6.8;6.8 ,ii
16382,UP 2,15.878,97424,193683460.0,38.84722,6959241.0,607.3156679,IT=7.9;7.9 ,ii
16393,UP 2,18.767,101328,167827340.0,38.867615,3965433.0,607.3158849,IT=9.4;9.4 ,ii
16404,UP 2,19.890,103260,161735700.0,38.887999,2978334.8,477.3055277,IT=9.9;9.9 ,ii
16415,UP 2,20.791,102568,152998940.0,38.908348,2958808.8,917.8962777,IT=10;10 ,ii
16426,UP 2,22.068,101824,147923630.0,38.928784,3049128.8,418.2375176,IT=11;11 ,ii
16437,UP 2,21.930,102544,143112020.0,38.951163,3569976.0,418.2376851,IT=11;11 ,ii
16448,UP 2,20.995,99216,137627150.0,38.971569,3376756.5,418.2379269,IT=10;10 ,ii
16451,UP 2,22.355,98332,133689670.0,38.977304,3467947.5,522.7981594,IT=11;11 ,ii
16460,UP 2,23.597,106920,129445480.0,38.994069,5433276.0,522.7981567,IT=12;12 ,ii
16467,UP 2,24.311,102116,121729060.0,39.0072,6230986.5,522.7981617,IT=12;12 ,ii
16476,UP 2,23.280,103484,122023720.0,39.023971,7176412.0,522.7980915,IT=12;12 ,ii
16487,UP 2,24.712,102356,119807500.0,39.044412,6051073.0,522.7981176,IT=12;12 ,ii
16495,UP 2,24.332,105052,122611500.0,39.059391,4500437.5,522.798246,IT=12;12 ,ii
16501,UP 2,22.324,100284,130918620.0,39.070631,3672560.5,522.7981303,IT=11;11 ,ii
16507,UP 2,21.451,95492,138162030.0,39.081899,3299481.8,379.7499764,IT=11;11 ,ii
16514,UP 2,20.368,96196,150295100.0,39.094985,3925417.5,379.7498274,IT=10;10 ,ii
16523,UP 2,19.258,95792,159861340.0,39.112687,4162705.5,654.3174608,IT=9.6;9.6 ,ii
16533,UP 2,18.301,95256,162883550.0,39.131193,3707188.0,654.3177246,IT=9.2;9.2 ,ii
16544,UP 2,19.243,98580,159475790.0,39.151526,2976491.8,613.289511,IT=9.6;9.6 ,ii
16546,UP 2,19.914,98720,157730210.0,39.155393,2854943.8,464.2565273,IT=10;10 ,ii
16557,UP 2,20.211,100724,154070060.0,39.175818,2634779.5,391.2844715,IT=10;10 ,ii
16567,UP 2,20.226,106124,153016750.0,39.194357,2583323.0,391.2844018,IT=10;10 ,ii
16578,UP 2,19.677,103024,158555170.0,39.214148,3674472.0,443.2746121,IT=9.8;9.8 ,ii
16588,UP 2,18.692,99708,165080060.0,39.232725,5393309.5,443.2742611,IT=9.3;9.3 ,ii
16599,UP 2,17.665,96700,168657570.0,39.25295,5608234.0,443.2741397,IT=8.8;8.8 ,ii
16608,UP 2,17.840,92048,166340480.0,39.270408,5095432.0,591.2978304,IT=8.9;8.9 ,ii
16613,UP 2,17.010,86556,168483700.0,39.279744,5865104.5,591.2978095,IT=8.5;8.5 ,ii
16619,UP 2,17.494,93556,169723420.0,39.290894,5770391.5,591.2977489,IT=8.7;8.7 ,ii
16626,UP 2,17.895,93252,168187120.0,39.303752,4843688.0,591.2978791,IT=8.9;8.9 ,ii
16633,UP 2,17.282,94772,168739660.0,39.316781,9367562.0,495.2931217,IT=8.6;8.6 ,ii
16639,UP 2,17.241,86476,175361310.0,39.327958,16170627.0,495.2931511,IT=8.6;8.6 ,ii
16643,UP 2,15.221,88956,185782080.0,39.335791,23286136.0,495.2931386,IT=7.6;7.6 ,ii
16648,UP 2,14.111,76472,198217380.0,39.345085,34724160.0,495.29333,IT=7.1;7.1 ,ii
16652,UP 2,12.794,74708,216149570.0,39.352868,45899336.0,495.2932716,IT=6.4;6.4 ,ii
16663,UP 2,10.184,66956,261273700.0,39.373008,73686544.0,495.2930994,IT=5.1;5.1 ,ii
16665,UP 2,9.856,66160,268327950.0,39.376729,78468984.0,495.29316,IT=4.9;4.9 ,ii
16676,UP 2,8.299,57660,303927260.0,39.396985,97642536.0,495.2928774,IT=4.1;4.1 ,ii
16679,UP 2,8.483,58940,302123490.0,39.402508,95188192.0,495.2929328,IT=4.2;4.2 ,ii
16690,UP 2,8.804,60992,305073790.0,39.422051,89731368.0,495.2928398,IT=4.4;4.4 ,ii
16701,UP 2,9.676,67804,275635970.0,39.443209,65180568.0,495.2929556,IT=4.8;4.8 ,ii
16712,UP 2,11.671,75224,242346240.0,39.46333,40574484.0,495.2929379,IT=5.8;5.8 ,ii
16723,UP 2,13.503,84732,220007420.0,39.483607,24088038.0,495.2927583,IT=6.8;6.8 ,ii
16734,UP 2,15.014,83092,203217570.0,39.503915,15836534.0,495.2928587,IT=7.5;7.5 ,ii
16745,UP 2,17.257,86804,175924160.0,39.526213,15949471.0,572.8146569,IT=8.6;8.6 ,ii
16756,UP 2,19.830,91580,148239260.0,39.546613,13663708.0,572.8148877,IT=9.9;9.9 ,ii
16767,UP 2,22.918,99012,132896150.0,39.567058,9306257.0,572.8149572,IT=11;11 ,ii
16776,UP 2,24.490,100928,115779730.0,39.583788,5743348.0,495.2930116,IT=12;12 ,ii
16783,UP 2,25.023,106396,121399880.0,39.596902,5509738.5,495.2932566,IT=13;13 ,ii
16794,UP 2,22.869,99860,126046180.0,39.617323,5076612.5,495.2931626,IT=11;11 ,ii
16797,UP 2,22.923,95852,131037020.0,39.623081,5995417.0,577.7909313,IT=11;11 ,ii
16808,UP 2,18.979,93456,153900260.0,39.64335,12271711.0,577.7909323,IT=9.5;9.5 ,ii
16819,UP 2,17.019,88284,171548640.0,39.66371,18635022.0,577.7911185,IT=8.5;8.5 ,ii
16830,UP 2,15.868,83456,182551730.0,39.683995,21687712.0,577.7907502,IT=7.9;7.9 ,ii
16841,UP 2,17.476,87308,176155090.0,39.70632,18092354.0,577.7908731,IT=8.7;8.7 ,ii
16852,UP 2,18.152,93832,167549970.0,39.726595,12271129.0,577.7910319,IT=9.1;9.1 ,ii
16863,UP 2,18.877,100216,165387440.0,39.74697,7301749.5,577.7908967,IT=9.4;9.4 ,ii
16874,UP 2,18.974,96676,166338960.0,39.767359,4832560.0,577.7908356,IT=9.5;9.5 ,ii
16885,UP 2,17.358,92660,168415220.0,39.787699,4142134.5,495.2942372,IT=8.7;8.7 ,ii
16896,UP 2,17.786,90288,170025600.0,39.808009,3691570.8,495.2943356,IT=8.9;8.9 ,ii
16907,UP 2,17.334,93672,174293090.0,39.828426,3946808.8,601.3348764,IT=8.7;8.7 ,ii
16918,UP 2,18.070,92568,169238300.0,39.848815,4997508.5,601.334991,IT=9;9 ,ii
16929,UP 2,18.746,92844,159392530.0,39.870217,4806756.5,601.3349983,IT=9.4;9.4 ,ii
16940,UP 2,21.004,97916,147748320.0,39.890679,3472822.8,601.3349667,IT=11;11 ,ii
16943,UP 2,19.945,97176,142836900.0,39.896379,3206642.8,534.8069924,IT=10;10 ,ii
16946,UP 2,22.583,99952,137900900.0,39.902115,3531846.8,534.8070447,IT=11;11 ,ii
16952,UP 2,22.634,96696,132852980.0,39.913365,3948639.5,534.8070126,IT=11;11 ,ii
16962,UP 2,22.498,103072,132857230.0,39.931992,4603956.0,534.8068769,IT=11;11 ,ii
16973,UP 2,22.736,101692,136323360.0,39.952477,4370442.0,534.8069821,IT=11;11 ,ii
16984,UP 2,21.043,98836,144966320.0,39.972862,3863279.0,580.314967,IT=11;11 ,ii
16995,UP 2,19.694,97900,157613150.0,39.993252,5736463.5,580.3147826,IT=9.8;9.8 ,ii
17006,UP 2,16.266,93056,184967940.0,40.013576,8939223.0,621.856771,IT=8.1;8.1 ,ii
17017,UP 2,13.857,82984,217676620.0,40.03482,17361786.0,621.8569008,IT=6.9;6.9 ,ii
17028,UP 2,11.844,75864,233186860.0,40.055007,21829768.0,621.8570832,IT=5.9;5.9 ,ii
17039,UP 2,10.482,73144,260736380.0,40.075295,24497566.0,621.8567866,IT=5.2;5.2 ,ii
17042,UP 2,10.580,72784,260830020.0,40.080847,23461968.0,621.8568254,IT=5.3;5.3 ,ii
17051,UP 2,11.081,73076,250284820.0,40.097518,24949014.0,492.7853061,IT=5.5;5.5 ,ii
17059,UP 2,12.311,79004,233574780.0,40.112209,26927222.0,492.7852032,IT=6.2;6.2 ,ii
17069,UP 2,13.256,81808,208273120.0,40.130653,24852172.0,492.7853086,IT=6.6;6.6 ,ii
17072,UP 2,13.135,79412,197689810.0,40.136251,23847614.0,492.7852583,IT=6.6;6.6 ,ii
17078,UP 2,15.260,86256,182245280.0,40.147411,19783780.0,492.7854611,IT=7.6;7.6 ,ii
17084,UP 2,16.736,92424,168167260.0,40.158586,16541669.0,492.7852619,IT=8.4;8.4 ,ii
17085,UP 2,17.960,90932,163518050.0,40.162667,14962597.0,492.785331,IT=9;9 ,ii
17090,UP 2,19.452,92028,153415340.0,40.171969,12077713.0,492.7853928,IT=9.7;9.7 ,ii
17095,UP 2,20.157,93808,140983310.0,40.182452,8807038.0,492.7854788,IT=10;10 ,ii
17102,UP 2,22.574,98568,130650460.0,40.195575,5732194.0,492.7855257,IT=11;11 ,ii
17109,UP 2,24.058,101208,125674280.0,40.208252,3630212.8,492.7855216,IT=12;12 ,ii
17116,UP 2,23.655,100212,129216290.0,40.221373,3976499.2,640.3675679,IT=12;12 ,ii
17123,UP 2,23.541,98608,129543550.0,40.234469,5687747.0,640.3677217,IT=12;12 ,ii
17133,UP 2,22.473,94944,133612000.0,40.253054,7618691.0,640.367595,IT=11;11 ,ii
17143,UP 2,21.244,97104,145048670.0,40.271629,8743076.0,640.3674973,IT=11;11 ,ii
17154,UP 2,21.281,93640,147402750.0,40.292029,7634925.5,640.3674173,IT=11;11 ,ii
17162,UP 2,19.937,89472,151203150.0,40.306889,8092871.0,465.2951048,IT=10;10 ,ii
17171,UP 2,18.772,86684,155745890.0,40.323139,10596123.0,465.2951182,IT=9.4;9.4 ,ii
17177,UP 2,18.091,90504,165214270.0,40.334366,11676458.0,465.2951371,IT=9;9 ,ii
17184,UP 2,17.558,87628,167194800.0,40.34736,11721970.0,465.2950327,IT=8.8;8.8 ,ii
17195,UP 2,18.452,86812,164409250.0,40.368747,9780301.0,507.8138311,IT=9.2;9.2 ,ii
17204,UP 2,17.939,84332,162448990.0,40.385457,10432866.0,507.8137964,IT=9;9 ,ii
17211,UP 2,20.215,92264,150771340.0,40.398505,8736842.0,507.8136824,IT=10;10 ,ii
17222,UP 2,21.436,92712,143810830.0,40.418949,6086272.0,507.8138206,IT=11;11 ,ii
17233,UP 2,19.480,97228,148517500.0,40.43928,4440043.0,493.308357,IT=9.7;9.7 ,ii
17244,UP 2,18.937,94812,163705680.0,40.459717,5956313.0,493.3082534,IT=9.5;9.5 ,ii
17255,UP 2,15.558,89776,177556560.0,40.480105,6035153.0,493.3081848,IT=7.8;7.8 ,ii
17258,UP 2,15.853,92020,182077200.0,40.48573,6344574.0,735.8839056,IT=7.9;7.9 ,ii
17269,UP 2,15.470,85864,180141860.0,40.506011,7312898.5,735.8837391,IT=7.7;7.7 ,ii
17272,UP 2,15.421,88436,179686110.0,40.512675,7018738.5,735.8838479,IT=7.7;7.7 ,ii
17283,UP 2,16.357,87012,165842430.0,40.532925,5351411.0,735.8839452,IT=8.2;8.2 ,ii
17294,UP 2,18.652,91504,157603940.0,40.553333,4696801.5,466.776579,IT=9.3;9.3 ,ii
17305,UP 2,17.545,87024,156953470.0,40.572946,6062381.0,466.7767508,IT=8.8;8.8 ,ii
17316,UP 2,18.240,91784,160998320.0,40.592918,7311778.5,533.32508,IT=9.1;9.1 ,ii
17319,UP 2,18.346,89316,160039820.0,40.598633,8633461.0,533.32502,IT=9.2;9.2 ,ii
17324,UP 2,18.204,86380,163479710.0,40.607979,10405917.0,533.325156,IT=9.1;9.1 ,ii
17331,UP 2,17.916,89900,164577500.0,40.621012,12088737.0,533.325055,IT=9;9 ,ii
17338,UP 2,17.306,92816,172846220.0,40.634041,13586963.0,533.3250766,IT=8.7;8.7 ,ii
17349,UP 2,18.137,89848,166332670.0,40.654464,12552957.0,533.3251734,IT=9.1;9.1 ,ii
17360,UP 2,18.571,92808,162123710.0,40.673912,9384569.0,533.3251702,IT=9.3;9.3 ,ii
17366,UP 2,19.088,90484,157418850.0,40.685497,7889122.0,507.7451315,IT=9.5;9.5 ,ii
17369,UP 2,18.829,90664,159355900.0,40.691176,8226148.5,507.7451257,IT=9.4;9.4 ,ii
17379,UP 2,18.522,92980,159675070.0,40.709643,9017224.0,507.7450527,IT=9.3;9.3 ,ii
17390,UP 2,17.751,89608,168324140.0,40.729995,10521402.0,467.2654963,IT=8.9;8.9 ,ii
17400,UP 2,16.508,90768,177637570.0,40.748538,11928961.0,467.2654166,IT=8.3;8.3 ,ii
17411,UP 2,15.376,86880,181323180.0,40.768832,11489172.0,467.2654433,IT=7.7;7.7 ,ii
17422,UP 2,15.664,86360,186562050.0,40.789188,9670659.0,467.265308,IT=7.8;7.8 ,ii
17424,UP 2,15.639,83480,188169700.0,40.793005,9624561.0,467.2653455,IT=7.8;7.8 ,ii
17435,UP 2,14.643,85000,195296850.0,40.813248,7259962.5,507.7447664,IT=7.3;7.3 ,ii
17446,UP 2,14.390,83300,199009260.0,40.833508,9233455.0,624.3484053,IT=7.2;7.2 ,ii
17457,UP 2,13.723,83448,208123520.0,40.852829,12752674.0,624.3482471,IT=6.9;6.9 ,ii
17459,UP 2,14.281,82132,204258990.0,40.857631,13033761.0,624.348481,IT=7.1;7.1 ,ii
17465,UP 2,14.460,81404,197691740.0,40.868798,13600156.0,624.3484782,IT=7.2;7.2 ,ii
17476,UP 2,15.540,89572,184703840.0,40.889133,10140202.0,624.3485518,IT=7.8;7.8 ,ii
17478,UP 2,16.172,90540,185006780.0,40.892935,9102653.0,624.3485209,IT=8.1;8.1 ,ii
17489,UP 2,17.835,92316,168803310.0,40.91337,5231262.0,367.7261405,IT=8.9;8.9 ,ii
17500,UP 2,17.602,92324,165908300.0,40.933699,5347351.5,703.8624928,IT=8.8;8.8 ,ii
17510,UP 2,16.907,93188,170371520.0,40.954205,9355862.0,703.862525,IT=8.5;8.5 ,ii
17513,UP 2,17.544,92692,174660240.0,40.959862,10819669.0,703.8627615,IT=8.8;8.8 ,ii
17524,UP 2,16.601,92552,178372910.0,40.98022,13393169.0,703.8625897,IT=8.3;8.3 ,ii
17535,UP 2,15.964,87976,180695060.0,41.000611,11647350.0,703.8627029,IT=8;8 ,ii
17546,UP 2,15.272,89492,199037040.0,41.020932,8524623.0,703.8623779,IT=7.6;7.6 ,ii
17557,UP 2,13.767,77916,218425410.0,41.041311,12963505.0,894.4679267,IT=6.9;6.9 ,ii
17568,UP 2,12.680,76572,229901340.0,41.061217,16732666.0,894.4681081,IT=6.3;6.3 ,ii
17579,UP 2,12.855,76024,235686400.0,41.081465,16702696.0,894.4680425,IT=6.4;6.4 ,ii
17590,UP 2,13.269,76556,217234190.0,41.101709,13438050.0,894.4678697,IT=6.6;6.6 ,ii
17601,UP 2,15.279,83196,190822320.0,41.123984,8643694.0,710.3785904,IT=7.6;7.6 ,ii
17612,UP 2,18.371,87812,159247200.0,41.144392,6301015.0,710.3786069,IT=9.2;9.2 ,ii
17621,UP 2,19.840,89004,142888340.0,41.161056,4176831.2,710.3786845,IT=9.9;9.9 ,ii
17624,UP 2,20.001,96572,141372610.0,41.16675,3498110.0,710.3786441,IT=10;10 ,ii
17634,UP 2,20.895,93080,134537060.0,41.185342,2664165.0,894.4683025,IT=10;10 ,ii
17641,UP 2,22.350,96972,133556260.0,41.198271,2443352.0,894.4682913,IT=11;11 ,ii
17647,UP 2,21.525,94732,131118600.0,41.209491,3045271.5,408.7529018,IT=11;11 ,ii
17656,UP 2,21.776,94740,132242750.0,41.22627,3606651.5,408.7527656,IT=11;11 ,ii
17662,UP 2,22.523,101076,132159970.0,41.237524,3985326.0,408.7526363,IT=11;11 ,ii
17663,UP 2,22.958,96528,133125800.0,41.241445,3754651.0,408.75282,IT=11;11 ,ii
17672,UP 2,22.065,93332,135936110.0,41.258241,3456370.8,408.7526641,IT=11;11 ,ii
17675,UP 2,22.284,93616,128180040.0,41.265008,2891702.0,408.7527134,IT=11;11 ,ii
17683,UP 2,23.423,97200,136190900.0,41.279955,3207805.2,663.8857759,IT=12;12 ,ii
17692,UP 2,23.478,97768,135300930.0,41.296799,3320433.0,663.8860181,IT=12;12 ,ii
17701,UP 2,22.508,95268,134211050.0,41.313605,4314677.0,415.2687133,IT=11;11 ,ii
17707,UP 2,25.558,100020,127917100.0,41.324901,4843640.5,415.2687057,IT=13;13 ,ii
17713,UP 2,25.300,95724,119990060.0,41.336243,5210069.0,415.2686631,IT=13;13 ,ii
17714,UP 2,27.791,103256,119494850.0,41.34038,5168412.5,415.268775,IT=14;14 ,ii
17720,UP 2,26.204,98400,113618670.0,41.351699,5017205.5,415.2685847,IT=13;13 ,ii
17721,UP 2,30.122,104064,113076770.0,41.355874,4658937.5,415.2686396,IT=15;15 ,ii
17724,UP 2,27.783,100292,108045320.0,41.361699,4371885.0,415.2686167,IT=14;14 ,ii
17730,UP 2,29.642,103908,105234790.0,41.373049,3506771.5,415.2687696,IT=15;15 ,ii
17737,UP 2,31.414,106688,101373100.0,41.386288,2766616.0,415.2687183,IT=16;16 ,ii
17745,UP 2,31.545,107480,102066300.0,41.401367,2419123.8,391.2845669,IT=16;16 ,ii
17750,UP 2,31.712,105452,100083120.0,41.410973,2353011.5,391.284375,IT=16;16 ,ii
17751,UP 2,33.022,108416,98609208.0,41.415128,2237120.0,391.2844521,IT=17;17 ,ii
17755,UP 2,31.447,103184,98741408.0,41.422825,2281700.0,460.7584796,IT=16;16 ,ii
17756,UP 2,33.318,103852,100135300.0,41.42699,2692701.2,460.758549,IT=17;17 ,ii
17759,UP 2,28.883,100368,104090520.0,41.432819,3631466.5,460.7585006,IT=14;14 ,ii
17767,UP 2,27.864,100468,106010980.0,41.447836,5821565.0,460.7584232,IT=14;14 ,ii
17773,UP 2,26.247,95584,111208420.0,41.459144,7699003.0,460.7584576,IT=13;13 ,ii
17774,UP 2,27.844,99696,112537890.0,41.463273,8293155.5,460.75861,IT=14;14 ,ii
17779,UP 2,24.245,93396,118516380.0,41.472681,9812952.0,460.7584731,IT=12;12 ,ii
17784,UP 2,23.280,92856,121418070.0,41.482154,10721638.0,460.7584785,IT=12;12 ,ii
17789,UP 2,21.805,90504,127122210.0,41.491571,11026171.0,460.7583956,IT=11;11 ,ii
17790,UP 2,23.031,88676,128674220.0,41.495669,10894432.0,460.7583594,IT=12;12 ,ii
17799,UP 2,21.655,89284,135161810.0,41.512468,10299924.0,460.7583904,IT=11;11 ,ii
17807,UP 2,21.820,87688,132233230.0,41.52937,7729136.0,460.7584069,IT=11;11 ,ii
17816,UP 2,22.812,95304,131358700.0,41.54615,5417682.0,460.7583373,IT=11;11 ,ii
17827,UP 2,24.870,97700,119678780.0,41.566593,3246289.0,460.7583981,IT=12;12 ,ii
17838,UP 2,28.230,107620,113089330.0,41.587106,2258818.5,391.2844068,IT=14;14 ,ii
17848,UP 2,29.937,101484,103164070.0,41.605828,2263710.2,391.2843891,IT=15;15 ,ii
17859,UP 2,29.764,109468,106516020.0,41.626374,2419045.8,391.2843719,IT=15;15 ,ii
17862,UP 2,30.173,110240,105745100.0,41.632262,2369193.2,541.2884442,IT=15;15 ,ii
17871,UP 2,29.168,103152,106282900.0,41.649105,3722070.8,541.2884019,IT=15;15 ,ii
17878,UP 2,28.468,103896,110434900.0,41.662311,4740200.5,541.2885853,IT=14;14 ,ii
17885,UP 2,27.490,100856,115296440.0,41.675478,5348774.5,541.2883621,IT=14;14 ,ii
17895,UP 2,24.676,97396,119355400.0,41.695386,4900467.0,541.288445,IT=12;12 ,ii
17901,UP 2,25.029,94012,121806060.0,41.706721,4693751.5,541.2883933,IT=13;13 ,ii
17912,UP 2,24.088,93404,120664870.0,41.727242,4883249.0,543.2795328,IT=12;12 ,ii
17922,UP 2,24.508,91088,120576450.0,41.745869,4230042.5,543.2799492,IT=12;12 ,ii
17932,UP 2,22.665,95764,126056580.0,41.764517,3472994.5,682.8572986,IT=11;11 ,ii
17935,UP 2,23.838,93736,126945740.0,41.771471,3590859.0,682.8572941,IT=12;12 ,ii
17945,UP 2,21.031,92408,142734050.0,41.790081,5651006.5,635.3281902,IT=11;11 ,ii
17956,UP 2,17.710,83000,160961410.0,41.810423,12579668.0,635.3280607,IT=8.9;8.9 ,ii
17967,UP 2,15.046,79248,193245780.0,41.830731,21195384.0,635.3281439,IT=7.5;7.5 ,ii
17978,UP 2,13.751,74620,202073540.0,41.851039,26996052.0,635.3283284,IT=6.9;6.9 ,ii
17986,UP 2,13.920,78052,209216130.0,41.865897,28541308.0,635.3283365,IT=7;7 ,ii
17996,UP 2,14.614,79464,187320000.0,41.884395,23447870.0,635.3282426,IT=7.3;7.3 ,ii
18007,UP 2,16.716,80240,166804780.0,41.904737,16969360.0,635.3281461,IT=8.4;8.4 ,ii
18018,UP 2,20.207,84968,139520030.0,41.925149,9300049.0,635.3281796,IT=10;10 ,ii
18027,UP 2,20.834,88876,131933570.0,41.94388,5540192.0,635.3284027,IT=10;10 ,ii
18033,UP 2,21.819,89364,124227060.0,41.955147,4133460.0,635.3282885,IT=11;11 ,ii
18034,UP 2,22.943,90568,122531800.0,41.959245,3989896.0,635.3283163,IT=11;11 ,ii
18037,UP 2,22.749,92432,124323990.0,41.964972,3396280.8,635.3283937,IT=11;11 ,ii
18044,UP 2,22.316,88656,121321490.0,41.978076,2959737.2,710.3786163,IT=11;11 ,ii
18051,UP 2,22.647,88544,119489540.0,41.991138,2925552.2,851.4103602,IT=11;11 ,ii
18057,UP 2,22.369,90168,119716150.0,42.002378,3364707.2,851.4105903,IT=11;11 ,ii
18065,UP 2,23.211,87164,116446230.0,42.017373,4069967.2,851.4102955,IT=12;12 ,ii
18071,UP 2,23.223,92116,118864760.0,42.028592,3954664.5,851.4101808,IT=12;12 ,ii
18072,UP 2,25.109,91112,117783020.0,42.032726,3971086.0,851.4105752,IT=13;13 ,ii
18078,UP 2,23.324,93136,120239600.0,42.043821,3593041.2,851.4103499,IT=12;12 ,ii
18087,UP 2,24.688,92312,116160740.0,42.060592,4137748.0,589.8196008,IT=12;12 ,ii
18090,UP 2,23.902,90132,117582580.0,42.066354,5492897.5,589.819718,IT=12;12 ,ii
18097,UP 2,21.979,84920,119757650.0,42.079444,9488289.0,589.8198372,IT=11;11 ,ii
18103,UP 2,21.747,85584,128222090.0,42.090706,14244310.0,589.8196679,IT=11;11 ,ii
18109,UP 2,19.104,80444,139909280.0,42.102867,20060476.0,589.8199033,IT=9.6;9.6 ,ii
18114,UP 2,17.688,77080,149606990.0,42.112244,23929606.0,589.819901,IT=8.8;8.8 ,ii
18119,UP 2,17.103,73352,153916370.0,42.121542,27742328.0,589.8198666,IT=8.6;8.6 ,ii
18122,UP 2,16.153,75404,165437740.0,42.127181,29386878.0,589.8199401,IT=8.1;8.1 ,ii
18128,UP 2,15.122,66792,171152350.0,42.138285,31598272.0,589.8198012,IT=7.6;7.6 ,ii
18135,UP 2,14.376,68464,185469310.0,42.151235,31191166.0,589.8196927,IT=7.2;7.2 ,ii
18140,UP 2,14.143,67808,186288460.0,42.160566,29154196.0,589.8195032,IT=7.1;7.1 ,ii
18141,UP 2,14.235,69164,188638340.0,42.164441,28153268.0,589.8196588,IT=7.1;7.1 ,ii
18147,UP 2,14.220,68984,189652020.0,42.175612,24637586.0,589.8194434,IT=7.1;7.1 ,ii
18152,UP 2,14.698,72120,185912540.0,42.184943,20204774.0,589.8194876,IT=7.3;7.3 ,ii
18157,UP 2,14.902,71016,179498690.0,42.194245,18944504.0,757.3975245,IT=7.5;7.5 ,ii
18162,UP 2,15.638,73788,173500930.0,42.203516,17907808.0,757.3975655,IT=7.8;7.8 ,ii
18166,UP 2,16.983,78960,167811600.0,42.211028,16614953.0,757.3976602,IT=8.5;8.5 ,ii
18170,UP 2,16.656,77020,158198110.0,42.218751,14862994.0,757.3973466,IT=8.3;8.3 ,ii
18173,UP 2,17.690,82784,160510340.0,42.224414,13553233.0,757.3975603,IT=8.8;8.8 ,ii
18178,UP 2,17.962,83816,155754820.0,42.233778,11159084.0,757.3974198,IT=9;9 ,ii
18187,UP 2,17.433,82312,160056500.0,42.250487,14245078.0,714.3462915,IT=8.7;8.7 ,ii
18198,UP 2,16.353,80428,176947730.0,42.270768,24823174.0,714.3461101,IT=8.2;8.2 ,ii
18206,UP 2,14.536,73024,189785170.0,42.286551,32060740.0,714.3463133,IT=7.3;7.3 ,ii
18211,UP 2,13.907,69236,197966850.0,42.295842,36470096.0,714.3461029,IT=7;7 ,ii
18221,UP 2,13.099,68504,208854370.0,42.314272,40242124.0,714.3461686,IT=6.5;6.5 ,ii
18230,UP 2,13.523,71180,199960510.0,42.33088,38629372.0,714.3459645,IT=6.8;6.8 ,ii
18239,UP 2,13.730,72992,194007890.0,42.347546,35349344.0,714.3460099,IT=6.9;6.9 ,ii
18250,UP 2,16.376,73900,174923970.0,42.367811,27626090.0,714.3460954,IT=8.2;8.2 ,ii
18253,UP 2,16.373,78480,171094110.0,42.373448,25658384.0,714.3460673,IT=8.2;8.2 ,ii
18263,UP 2,17.818,78204,160712740.0,42.391988,19747312.0,714.3460645,IT=8.9;8.9 ,ii
18271,UP 2,18.539,75676,154192700.0,42.406887,15585365.0,714.3463143,IT=9.3;9.3 ,ii
18279,UP 2,19.127,80768,154055500.0,42.421725,13024966.0,714.3463478,IT=9.6;9.6 ,ii
18285,UP 2,18.409,79880,148637790.0,42.433929,11278743.0,714.3461505,IT=9.2;9.2 ,ii
18286,UP 2,20.207,86048,148407380.0,42.438021,10954899.0,714.3464099,IT=10;10 ,ii
18295,UP 2,19.186,80896,141204720.0,42.45471,8998736.0,714.3465238,IT=9.6;9.6 ,ii
18298,UP 2,20.410,86980,140180830.0,42.460412,8262353.5,714.3463085,IT=10;10 ,ii
18303,UP 2,20.554,80224,131107450.0,42.469841,7610951.5,714.3464797,IT=10;10 ,ii
18309,UP 2,21.874,87852,131184300.0,42.481075,6738069.5,714.3464754,IT=11;11 ,ii
18310,UP 2,21.545,83636,127910410.0,42.48515,6566400.0,714.346423,IT=11;11 ,ii
18315,UP 2,21.367,86032,126253750.0,42.494514,6097951.5,714.3465198,IT=11;11 ,ii
18320,UP 2,21.980,82044,121327870.0,42.503933,5342022.5,714.3465676,IT=11;11 ,ii
18325,UP 2,23.012,89124,123682910.0,42.513378,5267288.5,714.3465646,IT=12;12 ,ii
18331,UP 2,23.156,88796,117751590.0,42.524997,4534881.5,714.3466382,IT=12;12 ,ii
18336,UP 2,23.430,89368,115634220.0,42.534478,4242132.0,714.3465527,IT=12;12 ,ii
18343,UP 2,24.983,87508,112218100.0,42.547616,3945004.2,714.3467113,IT=12;12 ,ii
18348,UP 2,24.932,89296,107929290.0,42.557109,3554485.2,714.3466255,IT=12;12 ,ii
18354,UP 2,27.028,93444,105139610.0,42.568449,3431979.5,714.3466961,IT=14;14 ,ii
18357,UP 2,26.135,87144,102499510.0,42.574597,3265056.8,714.3466524,IT=13;13 ,ii
18361,UP 2,27.516,89000,101347320.0,42.582613,3079391.0,714.3466149,IT=14;14 ,ii
18365,UP 2,28.052,94528,102089950.0,42.59062,2938117.0,714.346522,IT=14;14 ,ii
18372,UP 2,27.217,89800,103018830.0,42.604809,2682427.2,714.3464541,IT=14;14 ,ii
18378,UP 2,26.596,93492,108328900.0,42.616197,3312144.5,703.8576601,IT=13;13 ,ii
18379,UP 2,27.937,93992,110189140.0,42.62033,3764913.8,703.8578621,IT=14;14 ,ii
18389,UP 2,24.334,88500,119764270.0,42.638955,5425711.0,703.8578854,IT=12;12 ,ii
18397,UP 2,23.076,89952,126854640.0,42.653919,5887434.5,703.857868,IT=12;12 ,ii
18403,UP 2,22.315,88056,129427880.0,42.665159,5860942.0,703.857763,IT=11;11 ,ii
18408,UP 2,22.132,86972,128258780.0,42.674659,5205121.5,703.8575815,IT=11;11 ,ii
18414,UP 2,23.496,89004,125693410.0,42.687909,4012822.2,703.8575637,IT=12;12 ,ii
18415,UP 2,24.771,91300,124846160.0,42.691856,4140012.0,643.8647079,IT=12;12 ,ii
18425,UP 2,25.528,94604,114965580.0,42.710486,3645444.8,643.8647878,IT=13;13 ,ii
18429,UP 2,27.068,96864,111597080.0,42.718129,3246262.0,643.8649631,IT=14;14 ,ii
18433,UP 2,27.179,99108,107762920.0,42.726133,2875727.8,643.8647154,IT=14;14 ,ii
18434,UP 2,29.185,101280,107613690.0,42.73011,2597676.0,643.8649139,IT=15;15 ,ii
18437,UP 2,28.817,99372,103903620.0,42.736,2460116.0,643.8649102,IT=14;14 ,ii
18443,UP 2,29.699,100164,104905410.0,42.747446,2414563.0,391.2844071,IT=15;15 ,ii
18453,UP 2,27.935,99684,108357190.0,42.766133,2310764.0,391.2843358,IT=14;14 ,ii
18463,UP 2,25.259,95624,114804780.0,42.784785,2611737.2,391.2843743,IT=13;13 ,ii
18471,UP 2,25.027,92020,119282810.0,42.799497,3972076.8,572.3216363,IT=13;13 ,ii
18478,UP 2,22.852,92264,122784060.0,42.812654,5603093.0,572.3216138,IT=11;11 ,ii
18489,UP 2,24.027,92212,119542060.0,42.833191,7276863.0,572.3215944,IT=12;12 ,ii
18499,UP 2,24.499,93096,117138070.0,42.851818,6856303.5,572.3214365,IT=12;12 ,ii
18508,UP 2,26.743,95580,112126840.0,42.870586,5352494.0,572.3217644,IT=13;13 ,ii
18511,UP 2,25.311,95316,114816420.0,42.876416,4882088.0,572.3216524,IT=13;13 ,ii
18520,UP 2,26.607,103628,116940300.0,42.893291,2909273.0,572.3217455,IT=13;13 ,ii
18528,UP 2,25.156,100640,123689460.0,42.90834,2637440.0,391.2843259,IT=13;13 ,ii
18534,UP 2,24.406,96420,125745550.0,42.919638,2498510.2,391.2843558,IT=12;12 ,ii
18542,UP 2,22.944,94884,138467920.0,42.934607,2569704.8,391.2842173,IT=11;11 ,ii
18553,UP 2,19.416,85212,148519630.0,42.95503,5442613.0,818.9496558,IT=9.7;9.7 ,ii
18556,UP 2,20.180,91876,153126540.0,42.960765,6373949.0,818.9497103,IT=10;10 ,ii
18567,UP 2,18.318,87840,162563410.0,42.981111,10449191.0,818.9498484,IT=9.2;9.2 ,ii
18578,UP 2,17.272,85116,163948370.0,43.001438,12373313.0,818.9499317,IT=8.6;8.6 ,ii
18589,UP 2,18.130,83100,162073660.0,43.021771,12705339.0,818.9498656,IT=9.1;9.1 ,ii
18591,UP 2,18.024,82716,159992610.0,43.026627,12140557.0,818.9498501,IT=9;9 ,ii
18602,UP 2,18.936,84132,148820560.0,43.047029,9083628.0,818.9497512,IT=9.5;9.5 ,ii
18613,UP 2,18.908,87048,143158850.0,43.067496,5836721.5,818.949801,IT=9.5;9.5 ,ii
18620,UP 2,19.127,84664,143701630.0,43.080531,5349360.0,699.3988624,IT=9.6;9.6 ,ii
18628,UP 2,18.589,86316,152443040.0,43.09542,6136096.5,699.3989115,IT=9.3;9.3 ,ii
18639,UP 2,17.016,77260,163469600.0,43.115743,8205100.0,528.2745904,IT=8.5;8.5 ,ii
18641,UP 2,16.670,80692,166941020.0,43.119568,9090079.0,528.2744543,IT=8.3;8.3 ,ii
18652,UP 2,15.159,75540,182357020.0,43.139849,13362393.0,528.2746764,IT=7.6;7.6 ,ii
18654,UP 2,15.047,75440,181739900.0,43.143647,13375337.0,528.2746767,IT=7.5;7.5 ,ii
18665,UP 2,15.038,73764,182000720.0,43.164043,13496476.0,528.2747056,IT=7.5;7.5 ,ii
18668,UP 2,15.251,77196,181622980.0,43.169674,13198599.0,528.2744264,IT=7.6;7.6 ,ii
18679,UP 2,16.863,77480,166469970.0,43.191047,9099035.0,528.2745379,IT=8.4;8.4 ,ii
18681,UP 2,17.130,79608,159390340.0,43.194866,8252196.5,528.2745265,IT=8.6;8.6 ,ii
18692,UP 2,18.583,83264,146892910.0,43.215234,5410421.5,830.4519372,IT=9.3;9.3 ,ii
18695,UP 2,19.589,84528,139185810.0,43.220924,4470154.5,830.4520904,IT=9.8;9.8 ,ii
18706,UP 2,21.886,87632,131068940.0,43.24128,3879591.8,675.3574855,IT=11;11 ,ii
18708,UP 2,20.803,85876,128023980.0,43.245159,3621206.8,675.3573752,IT=10;10 ,ii
18717,UP 2,22.870,89700,118688730.0,43.261976,2693528.5,730.8853605,IT=11;11 ,ii
18723,UP 2,22.648,85404,115797020.0,43.275338,3324943.2,479.3107177,IT=11;11 ,ii
18728,UP 2,24.546,92556,115039980.0,43.284796,4207539.5,479.3108356,IT=12;12 ,ii
18734,UP 2,24.835,91068,111448410.0,43.295667,4839479.5,479.3106752,IT=12;12 ,ii
18735,UP 2,26.129,92552,114111880.0,43.299621,5253249.0,479.3109033,IT=13;13 ,ii
18742,UP 2,24.088,91444,113980670.0,43.312736,5706564.5,479.3107498,IT=12;12 ,ii
18747,UP 2,26.317,94744,109725450.0,43.322213,5328032.0,479.3106878,IT=13;13 ,ii
18748,UP 2,25.779,90896,111019270.0,43.326142,5492034.5,479.3107793,IT=13;13 ,ii
18752,UP 2,25.630,91164,110726020.0,43.333798,5428507.5,479.310651,IT=13;13 ,ii
18753,UP 2,26.577,93816,110495300.0,43.337748,5024874.5,479.3107247,IT=13;13 ,ii
18760,UP 2,25.768,91312,109761980.0,43.350862,4287582.5,479.3107779,IT=13;13 ,ii
18768,UP 2,25.025,87064,111708480.0,43.365794,3349898.8,479.3106802,IT=13;13 ,ii
18771,UP 2,26.402,91244,110092720.0,43.371596,2968455.2,479.3106923,IT=13;13 ,ii
18780,UP 2,26.542,92644,106906310.0,43.388458,2799322.2,681.3551778,IT=13;13 ,ii
18784,UP 2,27.264,95460,111845140.0,43.396127,2883996.2,681.3549436,IT=14;14 ,ii
18785,UP 2,28.183,98104,110480810.0,43.400258,2934414.0,681.3549874,IT=14;14 ,ii
18788,UP 2,26.670,92960,108065230.0,43.406066,2888426.8,681.3550018,IT=13;13 ,ii
18795,UP 2,26.740,93796,106959500.0,43.419252,2826629.2,681.3550578,IT=13;13 ,ii
18800,UP 2,28.939,95628,106614820.0,43.430766,2810185.5,681.3549743,IT=14;14 ,ii
18806,UP 2,27.941,92528,104003630.0,43.442106,2533457.0,681.3549907,IT=14;14 ,ii
18807,UP 2,29.729,95536,102918930.0,43.446245,2484358.8,391.284196,IT=15;15 ,ii
18813,UP 2,28.251,99196,102304490.0,43.457635,2396934.5,391.2842885,IT=14;14 ,ii
18814,UP 2,30.405,100960,103394430.0,43.461783,2525712.0,391.2843146,IT=15;15 ,ii
18819,UP 2,31.668,96492,99264240.0,43.471355,2452803.8,391.2842356,IT=16;16 ,ii
18825,UP 2,32.043,105924,99425752.0,43.482728,2472678.5,391.284288,IT=16;16 ,ii
18826,UP 2,31.644,100364,96741424.0,43.486689,2496074.8,522.8011781,IT=16;16 ,ii
18830,UP 2,32.159,103300,95715768.0,43.494447,2742936.8,522.8011781,IT=16;16 ,ii
18834,UP 2,33.516,97036,91807456.0,43.502586,2981927.0,522.8011401,IT=17;17 ,ii
18840,UP 2,33.457,103592,94944864.0,43.514043,3289011.2,522.8010649,IT=17;17 ,ii
18842,UP 2,31.756,96628,91940264.0,43.518407,3165929.5,522.8011789,IT=16;16 ,ii
18845,UP 2,32.001,94924,92284984.0,43.524636,2977991.2,522.8009458,IT=16;16 ,ii
18846,UP 2,33.003,101096,95015552.0,43.528793,2967271.8,522.8010407,IT=17;17 ,ii
18850,UP 2,29.547,98840,98951728.0,43.536813,2855323.8,522.8008047,IT=15;15 ,ii
18851,UP 2,31.229,100596,100183100.0,43.540799,2667117.5,522.8008827,IT=16;16 ,ii
18854,UP 2,29.496,94016,100219140.0,43.546655,2520903.0,801.4148666,IT=15;15 ,ii
18862,UP 2,27.517,93640,105363430.0,43.561034,3004998.0,521.7590385,IT=14;14 ,ii
18869,UP 2,27.000,94052,106249760.0,43.574203,3168189.5,521.7589984,IT=13;13 ,ii
18874,UP 2,26.682,91760,108592970.0,43.583696,3095403.0,521.7589696,IT=13;13 ,ii
18878,UP 2,25.902,90120,105931550.0,43.591369,2879500.0,521.7588785,IT=13;13 ,ii
18882,UP 2,27.094,94768,105052840.0,43.600075,2668593.5,521.7589924,IT=14;14 ,ii
18888,UP 2,28.059,93392,103663940.0,43.611415,2414861.0,391.2843785,IT=14;14 ,ii
18894,UP 2,28.928,99976,102829680.0,43.622809,2500597.2,391.2841935,IT=14;14 ,ii
18895,UP 2,32.398,100352,101532940.0,43.626986,2508265.2,391.2844077,IT=16;16 ,ii
18900,UP 2,31.221,102480,99860208.0,43.636598,2392612.5,391.2844314,IT=16;16 ,ii
18908,UP 2,32.130,99800,96902288.0,43.651665,2466256.5,391.2843831,IT=16;16 ,ii
18914,UP 2,30.921,99120,98488232.0,43.663058,2449119.0,391.2844048,IT=15;15 ,ii
18924,UP 2,28.611,100456,105013780.0,43.681816,2445537.8,391.2843544,IT=14;14 ,ii
18929,UP 2,29.760,100792,107201540.0,43.691406,2665018.0,648.8810113,IT=15;15 ,ii
18935,UP 2,27.246,95496,108005420.0,43.70276,3471768.5,648.8808227,IT=14;14 ,ii
18940,UP 2,26.762,95800,110095660.0,43.712296,4008270.2,648.8807136,IT=13;13 ,ii
18941,UP 2,27.410,99256,114184540.0,43.716248,4332239.5,648.880786,IT=14;14 ,ii
18950,UP 2,26.065,97560,117345000.0,43.73306,4628036.5,648.8808226,IT=13;13 ,ii
18953,UP 2,26.377,97580,115934040.0,43.738864,4327793.5,648.8808651,IT=13;13 ,ii
18959,UP 2,24.148,94512,118377580.0,43.750172,3924083.5,648.8807261,IT=12;12 ,ii
18967,UP 2,24.204,101036,124295140.0,43.765135,2949861.0,635.3281526,IT=12;12 ,ii
18976,UP 2,20.737,87884,129992510.0,43.782914,5303283.0,635.3282694,IT=10;10 ,ii
18987,UP 2,19.528,83756,136860300.0,43.803222,7737770.0,635.3281254,IT=9.8;9.8 ,ii
18990,UP 2,19.465,87656,141365260.0,43.808939,8058153.5,600.3415792,IT=9.7;9.7 ,ii
19001,UP 2,18.695,82488,136762700.0,43.829382,9268369.0,600.3416377,IT=9.3;9.3 ,ii
19004,UP 2,18.625,80432,136651600.0,43.83504,9143482.0,600.3415152,IT=9.3;9.3 ,ii
19015,UP 2,20.814,84600,130821630.0,43.855386,7944819.0,600.3414625,IT=10;10 ,ii
19018,UP 2,21.472,84992,126478880.0,43.86114,7395263.0,600.3415115,IT=11;11 ,ii
19029,UP 2,24.004,90140,117041030.0,43.881603,6360625.5,628.8470924,IT=12;12 ,ii
19032,UP 2,23.278,88156,115383300.0,43.887353,6449037.5,628.8469355,IT=12;12 ,ii
19040,UP 2,25.781,90308,103786260.0,43.902373,5993195.5,628.8471713,IT=13;13 ,ii
19047,UP 2,28.088,92368,101011830.0,43.915586,5468171.0,628.8471992,IT=14;14 ,ii
19053,UP 2,29.238,92056,97757112.0,43.926879,4554006.0,628.8469989,IT=15;15 ,ii
19058,UP 2,31.459,97024,96702000.0,43.937486,3605292.2,628.8471196,IT=16;16 ,ii
19059,UP 2,32.437,100028,95804408.0,43.941648,3105190.5,628.8472451,IT=16;16 ,ii
19063,UP 2,31.802,96752,95590400.0,43.9494,2632323.0,628.8471038,IT=16;16 ,ii
19073,UP 2,30.311,95532,97159392.0,43.968165,2262468.2,391.2844304,IT=15;15 ,ii
19080,UP 2,30.015,98288,101374790.0,43.98139,2352864.8,391.2844182,IT=15;15 ,ii
19085,UP 2,28.384,93192,102942630.0,43.990925,2427190.8,391.2844257,IT=14;14 ,ii
19090,UP 2,27.899,95012,107296390.0,44.00031,2383915.5,391.284352,IT=14;14 ,ii
19096,UP 2,25.816,91916,109804010.0,44.011652,2420554.2,627.3125667,IT=13;13 ,ii
19097,UP 2,27.907,96252,112230330.0,44.015664,2686942.2,627.3126123,IT=14;14 ,ii
19098,UP 2,27.898,96116,110119640.0,44.019616,2669467.8,627.3128266,IT=14;14 ,ii
19103,UP 2,25.126,95072,113800180.0,44.029104,3014986.8,627.3123596,IT=13;13 ,ii
19104,UP 2,25.209,89632,111811450.0,44.033218,2971650.5,627.3127315,IT=13;13 ,ii
19107,UP 2,24.778,87412,113202630.0,44.039041,3068800.5,844.4550744,IT=12;12 ,ii
19112,UP 2,25.596,91196,109315930.0,44.04852,2860354.2,844.4549376,IT=13;13 ,ii
19113,UP 2,26.836,90768,111459090.0,44.052474,2938180.0,844.4551784,IT=13;13 ,ii
19119,UP 2,26.944,91764,105256580.0,44.063835,2687390.0,844.4553012,IT=13;13 ,ii
19123,UP 2,29.030,95976,100705400.0,44.071576,2365496.5,844.455173,IT=15;15 ,ii
19124,UP 2,30.380,97500,99584072.0,44.075718,2445659.2,391.2843792,IT=15;15 ,ii
19128,UP 2,29.114,94480,95256288.0,44.083739,2407698.2,391.2842856,IT=15;15 ,ii
19129,UP 2,32.768,99064,92105344.0,44.08792,2219453.0,391.2844299,IT=16;16 ,ii
19134,UP 2,34.148,96284,86570304.0,44.097516,2219311.8,391.2843568,IT=17;17 ,ii
19135,UP 2,36.118,103180,86234320.0,44.101697,2511377.2,391.2843934,IT=18;18 ,ii
19138,UP 2,35.984,100540,83561096.0,44.107653,2287947.5,391.2845521,IT=18;18 ,ii
19143,UP 2,37.023,98564,80646976.0,44.117335,2296641.0,391.2845597,IT=19;19 ,ii
19149,UP 2,40.803,107144,78499880.0,44.128914,2270091.8,391.2845283,IT=20;20 ,ii
19153,UP 2,39.845,104552,76963168.0,44.136816,2246252.0,391.2844694,IT=20;20 ,ii
19154,UP 2,40.937,106936,78242920.0,44.141007,2357104.8,391.2845387,IT=20;20 ,ii
19158,UP 2,43.754,102748,74449656.0,44.148978,2218613.5,391.2845071,IT=22;22 ,ii
19159,UP 2,41.195,99908,73623752.0,44.153115,2164852.0,391.2846413,IT=21;21 ,ii
19165,UP 2,43.039,103324,73963968.0,44.164699,2278269.8,391.2844972,IT=22;22 ,ii
19166,UP 2,42.442,103428,73503040.0,44.168863,2262488.5,391.2845455,IT=21;21 ,ii
19169,UP 2,42.009,104060,75263528.0,44.174961,2315134.2,391.2844318,IT=21;21 ,ii
19174,UP 2,43.077,104656,75087856.0,44.186724,2193229.5,391.2844848,IT=22;22 ,ii
19180,UP 2,42.059,106792,77421504.0,44.19833,2295256.5,391.2843606,IT=21;21 ,ii
19181,UP 2,42.374,107084,78412856.0,44.202517,2346722.2,391.2844496,IT=21;21 ,ii
19186,UP 2,40.414,106716,78653592.0,44.212528,2216734.0,391.2844279,IT=20;20 ,ii
19187,UP 2,41.984,110748,80848272.0,44.216726,2368694.2,391.2845027,IT=21;21 ,ii
19190,UP 2,42.072,107240,79552088.0,44.22279,2135259.8,391.2845268,IT=21;21 ,ii
19196,UP 2,39.064,100940,83595712.0,44.23469,2310267.0,391.2844644,IT=20;20 ,ii
19202,UP 2,34.654,98808,91754336.0,44.246169,3097868.5,895.950456,IT=17;17 ,ii
19203,UP 2,35.455,97836,91700136.0,44.250161,3672678.8,895.9509553,IT=18;18 ,ii
19206,UP 2,33.908,95592,98168248.0,44.256104,4675503.0,895.9503837,IT=17;17 ,ii
19211,UP 2,28.771,94228,108370770.0,44.267613,6513255.5,895.9505915,IT=14;14 ,ii
19217,UP 2,25.954,88680,120107900.0,44.278915,9290161.0,895.9508384,IT=13;13 ,ii
19226,UP 2,20.038,80252,145721410.0,44.295685,14649854.0,895.9505872,IT=10;10 ,ii
19232,UP 2,18.166,77296,159664990.0,44.306825,17866400.0,895.950438,IT=9.1;9.1 ,ii
19233,UP 2,18.496,79972,169638800.0,44.310894,19967098.0,895.9506891,IT=9.2;9.2 ,ii
19236,UP 2,16.667,72384,176136590.0,44.316562,21473770.0,895.9505821,IT=8.3;8.3 ,ii
19242,UP 2,16.031,71812,187158130.0,44.327775,24429752.0,895.9507362,IT=8;8 ,ii
19249,UP 2,14.342,68376,199173890.0,44.341037,28078420.0,895.9506408,IT=7.2;7.2 ,ii
19257,UP 2,14.450,66184,201277890.0,44.355897,28689046.0,895.9502668,IT=7.2;7.2 ,ii
19264,UP 2,14.903,70952,188319180.0,44.368958,26012258.0,895.9504524,IT=7.5;7.5 ,ii
19270,UP 2,16.134,73464,175155980.0,44.380099,24796486.0,895.9504251,IT=8.1;8.1 ,ii
19271,UP 2,18.128,74692,165679810.0,44.384176,22136338.0,895.9508531,IT=9.1;9.1 ,ii
19277,UP 2,19.085,76520,147820160.0,44.395389,19493310.0,895.9506891,IT=9.5;9.5 ,ii
19282,UP 2,19.747,76588,132293670.0,44.404791,15264675.0,895.9507574,IT=9.9;9.9 ,ii
19287,UP 2,23.559,87020,120450880.0,44.414249,12907456.0,895.9507354,IT=12;12 ,ii
19288,UP 2,25.483,87848,115836820.0,44.418368,11613258.0,895.9510132,IT=13;13 ,ii
19292,UP 2,25.826,88080,106469010.0,44.426268,8731699.0,895.9506577,IT=13;13 ,ii
19293,UP 2,29.790,88444,101669830.0,44.43032,8114974.0,895.9510187,IT=15;15 ,ii
19298,UP 2,30.005,91992,95264336.0,44.439847,6279624.0,895.9508155,IT=15;15 ,ii
19302,UP 2,30.371,92172,90715760.0,44.447605,4768430.0,895.9505113,IT=15;15 ,ii
19303,UP 2,31.251,90952,90761288.0,44.451747,4545646.5,895.9507646,IT=16;16 ,ii
19310,UP 2,32.263,91760,88275584.0,44.465045,3158289.2,895.9507999,IT=16;16 ,ii
19316,UP 2,31.775,94320,89574968.0,44.47648,2478255.2,895.9505225,IT=16;16 ,ii
19317,UP 2,32.881,95748,92178896.0,44.480632,2385331.8,391.284409,IT=16;16 ,ii
19323,UP 2,32.082,93004,93597432.0,44.49234,2343495.2,391.2843606,IT=16;16 ,ii
19329,UP 2,30.989,92536,102673470.0,44.503784,2464160.8,391.2844512,IT=15;15 ,ii
19334,UP 2,27.800,86544,104582390.0,44.513628,3210436.5,981.4675579,IT=14;14 ,ii
19339,UP 2,26.461,86852,114374320.0,44.523117,4098690.2,981.467666,IT=13;13 ,ii
19345,UP 2,24.733,85900,120407400.0,44.534434,5260024.0,981.4677719,IT=12;12 ,ii
19350,UP 2,23.787,85260,124201540.0,44.543896,5714120.0,981.4678238,IT=12;12 ,ii
19358,UP 2,22.995,82408,126344950.0,44.558902,6211477.5,981.4677047,IT=11;11 ,ii
19361,UP 2,24.566,80028,121161100.0,44.564692,5613682.0,980.9666298,IT=12;12 ,ii
19368,UP 2,24.622,84204,122012820.0,44.577842,5069875.0,980.9666724,IT=12;12 ,ii
19372,UP 2,24.240,81668,118954770.0,44.585467,4648848.5,981.4678615,IT=12;12 ,ii
19373,UP 2,26.288,86420,115113240.0,44.589592,3840928.8,980.9664245,IT=13;13 ,ii
19377,UP 2,25.013,85044,112568340.0,44.598235,3933738.0,890.4426446,IT=13;13 ,ii
19378,UP 2,26.160,85460,111494250.0,44.602192,4159884.0,890.4425448,IT=13;13 ,ii
19383,UP 2,25.060,86564,109453770.0,44.611633,4801612.0,890.4425907,IT=13;13 ,ii
19388,UP 2,26.854,90808,110966060.0,44.621164,5662500.0,890.4428115,IT=13;13 ,ii
19393,UP 2,25.249,87380,109323670.0,44.630627,6310619.0,890.4424952,IT=13;13 ,ii
19394,UP 2,27.457,90000,107716050.0,44.634754,6312742.5,890.4426806,IT=14;14 ,ii
19402,UP 2,25.903,91268,106849140.0,44.649758,6085352.5,890.4428706,IT=13;13 ,ii
19412,UP 2,25.751,86048,100062100.0,44.668408,4682890.0,890.4425939,IT=13;13 ,ii
19415,UP 2,27.368,89424,101750980.0,44.674239,4436548.0,890.4425005,IT=14;14 ,ii
19425,UP 2,28.073,89500,98088432.0,44.692989,2791342.8,890.4425174,IT=14;14 ,ii
19431,UP 2,27.761,88052,97093120.0,44.704326,2473211.2,391.2842988,IT=14;14 ,ii
19432,UP 2,29.724,91392,95114856.0,44.708291,2440886.8,391.2843733,IT=15;15 ,ii
19436,UP 2,28.257,89472,94319264.0,44.715983,2432725.5,391.2843637,IT=14;14 ,ii
19441,UP 2,27.524,89192,95254744.0,44.725485,2406194.5,391.2843939,IT=14;14 ,ii
19445,UP 2,28.853,89364,92702336.0,44.733187,2363977.0,391.2842347,IT=14;14 ,ii
19446,UP 2,28.897,88276,93381184.0,44.73731,2374695.5,391.2844269,IT=14;14 ,ii
19448,UP 2,28.709,84652,91592216.0,44.741722,2516803.8,391.2842721,IT=14;14 ,ii
19449,UP 2,31.039,93972,92431472.0,44.745722,2338038.5,391.2843253,IT=16;16 ,ii
19454,UP 2,28.922,92892,93118608.0,44.755276,2380972.0,391.2842289,IT=14;14 ,ii
19459,UP 2,28.372,87340,92063480.0,44.765797,2453075.5,391.2842235,IT=14;14 ,ii
19460,UP 2,29.706,90836,93203232.0,44.769932,2528306.2,391.2842876,IT=15;15 ,ii
19463,UP 2,29.399,90384,94102088.0,44.775788,2576427.0,391.2843491,IT=15;15 ,ii
19466,UP 2,28.209,88508,95177168.0,44.781638,2978203.2,634.8835041,IT=14;14 ,ii
19471,UP 2,27.491,86652,95371752.0,44.791467,3474986.8,634.8833935,IT=14;14 ,ii
19472,UP 2,28.605,86756,99119200.0,44.795599,3703106.5,634.8836918,IT=14;14 ,ii
19478,UP 2,26.761,88088,103633540.0,44.806934,4226101.0,634.883497,IT=13;13 ,ii
19483,UP 2,24.835,86244,106475120.0,44.816419,4306585.5,634.8833437,IT=12;12 ,ii
19484,UP 2,24.830,80044,107687770.0,44.820344,4218710.5,634.8836348,IT=12;12 ,ii
19487,UP 2,24.045,83392,111541520.0,44.826415,4137454.2,634.883384,IT=12;12 ,ii
19488,UP 2,23.659,82884,113243510.0,44.830496,3918250.0,640.6968935,IT=12;12 ,ii
19489,UP 2,24.172,82336,114278510.0,44.834594,4153980.2,640.6969138,IT=12;12 ,ii
19495,UP 2,22.503,78752,118051910.0,44.845834,4543401.0,640.6967714,IT=11;11 ,ii
19500,UP 2,22.769,77816,116542590.0,44.857225,4518794.0,640.3626954,IT=11;11 ,ii
19501,UP 2,23.264,81500,118341270.0,44.861325,4454112.0,640.3630019,IT=12;12 ,ii
19505,UP 2,21.689,76404,115139920.0,44.868894,4586030.0,640.6968908,IT=11;11 ,ii
19509,UP 2,23.704,81484,116740970.0,44.876529,4464667.0,640.6967443,IT=12;12 ,ii
19510,UP 2,23.814,82016,109081330.0,44.880625,3925873.0,640.696958,IT=12;12 ,ii
19516,UP 2,25.436,84596,109645920.0,44.891933,3887054.8,640.6967715,IT=13;13 ,ii
19517,UP 2,26.609,84080,104134620.0,44.896058,3546870.2,640.3630085,IT=13;13 ,ii
19523,UP 2,27.409,84624,100533110.0,44.907423,3298940.5,640.6972651,IT=14;14 ,ii
19530,UP 2,28.074,92336,100325980.0,44.920623,2738819.5,640.3630794,IT=14;14 ,ii
19535,UP 2,29.752,91196,99643632.0,44.93016,3415556.5,561.2913553,IT=15;15 ,ii
19539,UP 2,29.641,89172,97154088.0,44.938173,3726151.5,561.2915319,IT=15;15 ,ii
19545,UP 2,29.019,90272,98475120.0,44.949531,4211716.5,561.2912441,IT=15;15 ,ii
19546,UP 2,29.155,90576,101051500.0,44.953481,4365575.0,561.2915804,IT=15;15 ,ii
19551,UP 2,26.518,87040,103885000.0,44.963025,4396896.5,561.2912722,IT=13;13 ,ii
19552,UP 2,27.944,88992,104571790.0,44.967154,4242721.5,561.291503,IT=14;14 ,ii
19555,UP 2,25.372,85492,105664640.0,44.972947,4609417.5,713.3679199,IT=13;13 ,ii
19558,UP 2,23.829,84648,110911650.0,44.978737,5822844.5,713.3678743,IT=12;12 ,ii
19566,UP 2,21.389,75884,120908720.0,44.993645,9133799.0,713.3678059,IT=11;11 ,ii
19569,UP 2,21.528,80544,123252940.0,44.999389,10007495.0,713.3676045,IT=11;11 ,ii
19572,UP 2,19.780,78568,129449620.0,45.005081,11701264.0,713.3676902,IT=9.9;9.9 ,ii
19577,UP 2,18.402,73056,136772750.0,45.016426,14317712.0,713.3677541,IT=9.2;9.2 ,ii
19582,UP 2,18.518,72948,141416540.0,45.025789,16288726.0,713.3676522,IT=9.3;9.3 ,ii
19587,UP 2,17.584,72092,142594100.0,45.035137,17599928.0,713.3678036,IT=8.8;8.8 ,ii
19593,UP 2,17.387,74512,147522260.0,45.04632,18819210.0,713.3677459,IT=8.7;8.7 ,ii
19594,UP 2,17.459,74808,151654240.0,45.050214,19735582.0,713.3677254,IT=8.7;8.7 ,ii
19602,UP 2,17.662,73680,145750020.0,45.065124,18317364.0,713.367646,IT=8.8;8.8 ,ii
19612,UP 2,18.508,75360,136266260.0,45.08367,14466326.0,713.3678501,IT=9.3;9.3 ,ii
19622,UP 2,20.346,79792,130709570.0,45.101901,10676096.0,713.367742,IT=10;10 ,ii
19628,UP 2,20.696,78652,126237320.0,45.113065,7947575.5,713.3676386,IT=10;10 ,ii
19634,UP 2,21.850,82536,126114940.0,45.124317,5830421.0,713.3675503,IT=11;11 ,ii
19635,UP 2,22.194,80744,120786440.0,45.128399,4958050.5,713.3676531,IT=11;11 ,ii
19639,UP 2,22.993,82756,121372540.0,45.136026,4486912.5,466.2845756,IT=11;11 ,ii
19643,UP 2,22.922,84552,118897530.0,45.143911,4636860.5,466.2844616,IT=11;11 ,ii
19644,UP 2,24.694,84304,117776140.0,45.14803,4478922.5,466.2847125,IT=12;12 ,ii
19647,UP 2,23.671,86144,118333570.0,45.153773,4686729.0,466.2845775,IT=12;12 ,ii
19650,UP 2,23.218,86792,117583540.0,45.159552,4772581.5,466.2846506,IT=12;12 ,ii
19660,UP 2,23.038,83972,110070910.0,45.178194,4152214.8,466.2846511,IT=12;12 ,ii
19668,UP 2,24.659,91348,112974080.0,45.194146,3661275.2,727.4232952,IT=12;12 ,ii
19673,UP 2,24.217,85736,108874130.0,45.203623,4285943.0,727.4235443,IT=12;12 ,ii
19679,UP 2,25.501,83464,107056570.0,45.214927,4834993.5,727.4236881,IT=13;13 ,ii
19685,UP 2,25.792,88516,107026020.0,45.22624,5114728.5,727.423699,IT=13;13 ,ii
19690,UP 2,26.844,83204,100810070.0,45.236073,4485510.0,727.423848,IT=13;13 ,ii
19697,UP 2,30.039,91388,95493144.0,45.249329,3689801.8,727.4237635,IT=15;15 ,ii
19702,UP 2,31.227,94936,91619224.0,45.2589,2924961.8,727.4236697,IT=16;16 ,ii
19703,UP 2,33.357,95020,88611528.0,45.262891,2633061.5,727.4237797,IT=17;17 ,ii
19707,UP 2,34.245,96252,85815712.0,45.270945,2443814.2,391.2844027,IT=17;17 ,ii
19708,UP 2,34.939,92668,83227944.0,45.275106,2281961.2,391.284536,IT=17;17 ,ii
19711,UP 2,34.724,97904,82696576.0,45.28106,2343436.2,391.2844152,IT=17;17 ,ii
19712,UP 2,36.518,98960,81129032.0,45.285241,2364975.8,391.2844792,IT=18;18 ,ii
19717,UP 2,35.799,98304,77693952.0,45.294908,3182479.0,543.304098,IT=18;18 ,ii
19718,UP 2,36.924,100576,80068936.0,45.299085,3627519.0,543.3042151,IT=18;18 ,ii
19722,UP 2,35.097,95724,80797048.0,45.307164,4499236.5,543.3044221,IT=18;18 ,ii
19728,UP 2,36.137,96656,80050696.0,45.318645,5467708.0,543.3042412,IT=18;18 ,ii
19733,UP 2,34.623,93988,81520256.0,45.32826,6226744.0,543.3043814,IT=17;17 ,ii
19738,UP 2,32.035,90716,83967488.0,45.337912,6483987.0,543.3041417,IT=16;16 ,ii
19743,UP 2,33.035,88776,84567584.0,45.34853,6454672.0,543.3042175,IT=17;17 ,ii
19750,UP 2,31.522,86664,85823304.0,45.36177,5947588.5,543.3041675,IT=16;16 ,ii
19755,UP 2,32.626,89984,86570664.0,45.37142,5366427.0,543.3041422,IT=16;16 ,ii
19760,UP 2,32.976,92036,85399568.0,45.38102,4641773.0,543.3042419,IT=16;16 ,ii
19764,UP 2,33.666,90064,82645160.0,45.38913,3788631.2,543.3040107,IT=17;17 ,ii
19765,UP 2,34.934,91144,80999064.0,45.393293,3394088.0,543.3042718,IT=17;17 ,ii
19769,UP 2,34.193,87164,78688584.0,45.401053,2802489.5,543.3041407,IT=17;17 ,ii
19770,UP 2,36.435,92284,77289336.0,45.405234,2443692.5,543.3041301,IT=18;18 ,ii
19775,UP 2,37.362,95924,79455128.0,45.415188,2275377.2,553.7965262,IT=19;19 ,ii
19776,UP 2,38.566,93076,77607656.0,45.41937,2390329.0,391.284402,IT=19;19 ,ii
19779,UP 2,36.445,98360,77748736.0,45.427353,2383887.8,391.2843186,IT=18;18 ,ii
19780,UP 2,36.466,94292,78992768.0,45.431515,2339266.5,391.2844965,IT=18;18 ,ii
19783,UP 2,36.124,95288,78899888.0,45.437482,2283440.8,391.284536,IT=18;18 ,ii
19787,UP 2,35.551,91772,77494032.0,45.445257,2361863.8,391.2843549,IT=18;18 ,ii
19792,UP 2,35.208,96992,82825592.0,45.455236,2557018.5,811.9339677,IT=18;18 ,ii
19793,UP 2,33.934,92916,84047064.0,45.459367,2521219.5,811.9339707,IT=17;17 ,ii
19799,UP 2,32.948,92688,85673408.0,45.470807,2601099.5,811.9337871,IT=16;16 ,ii
19800,UP 2,33.513,92240,87073256.0,45.474946,2599165.5,811.9339534,IT=17;17 ,ii
19804,UP 2,30.639,88148,88039200.0,45.481961,2470345.8,391.2843572,IT=15;15 ,ii
19809,UP 2,30.437,86572,89753816.0,45.491592,2864258.5,421.2552354,IT=15;15 ,ii
19815,UP 2,29.281,82612,89834136.0,45.502986,4105467.5,421.2551794,IT=15;15 ,ii
19816,UP 2,31.254,92312,92524224.0,45.50715,4684282.0,421.2551727,IT=16;16 ,ii
19817,UP 2,31.238,87452,91123728.0,45.511279,5111218.5,421.2552961,IT=16;16 ,ii
19819,UP 2,29.659,88368,93452496.0,45.515713,5728354.0,421.2551512,IT=15;15 ,ii
19820,UP 2,31.051,85864,89725192.0,45.51969,6000138.0,421.2552818,IT=16;16 ,ii
19823,UP 2,31.135,85940,89023944.0,45.525575,6524878.0,421.2552674,IT=16;16 ,ii
19826,UP 2,30.672,89272,89113488.0,45.53146,6899644.0,421.2552862,IT=15;15 ,ii
19834,UP 2,32.667,88584,86529920.0,45.546508,7407195.0,421.2553992,IT=16;16 ,ii
19838,UP 2,33.586,91296,86365480.0,45.554266,7667587.5,421.2552366,IT=17;17 ,ii
19839,UP 2,33.483,91344,85222312.0,45.558406,7699179.0,421.2552537,IT=17;17 ,ii
19840,UP 2,33.802,90448,84698336.0,45.562383,7444344.5,421.2553346,IT=17;17 ,ii
19844,UP 2,36.103,88268,79882576.0,45.570527,6896576.0,421.255244,IT=18;18 ,ii
19845,UP 2,35.720,91648,80410296.0,45.574689,6529075.5,421.2552714,IT=18;18 ,ii
19846,UP 2,35.821,88472,77221824.0,45.578673,5995406.5,421.255366,IT=18;18 ,ii
19851,UP 2,37.470,95696,76686168.0,45.588348,5168490.0,421.2553582,IT=19;19 ,ii
19852,UP 2,37.837,96708,75324160.0,45.5926,4675889.0,421.2553054,IT=19;19 ,ii
19855,UP 2,39.387,93884,73368304.0,45.598618,3977818.8,421.2554217,IT=20;20 ,ii
19860,UP 2,42.196,104436,70995232.0,45.608366,3120149.0,421.2553096,IT=21;21 ,ii
19866,UP 2,44.657,96840,66823624.0,45.620041,2257707.0,391.2842964,IT=22;22 ,ii
19867,UP 2,46.669,98724,65464948.0,45.624258,2186085.5,391.2844752,IT=23;23 ,ii
19868,UP 2,45.620,100172,66707016.0,45.62841,2267303.8,391.284404,IT=23;23 ,ii
19869,UP 2,48.379,104740,66193608.0,45.632633,2290570.8,391.2844461,IT=24;24 ,ii
19871,UP 2,50.000,104628,63685196.0,45.637262,2270559.5,391.2844076,IT=25;25 ,ii
19872,UP 2,47.227,103124,62364872.0,45.641391,2250333.8,391.2846187,IT=24;24 ,ii
19876,UP 2,50.000,104816,59339984.0,45.649472,2047712.8,391.2844413,IT=25;25 ,ii
19877,UP 2,50.000,103044,59966240.0,45.653483,2118485.5,391.2844726,IT=25;25 ,ii
19879,UP 2,50.000,109284,60815532.0,45.658109,2253575.5,391.2844776,IT=25;25 ,ii
19880,UP 2,50.000,104784,59416552.0,45.662289,2146822.0,391.2845883,IT=25;25 ,ii
19883,UP 2,50.000,105732,58303200.0,45.66847,2219920.5,391.2845037,IT=25;25 ,ii
19886,UP 2,50.000,108360,57946112.0,45.675043,2089966.9,391.2845801,IT=25;25 ,ii
19887,UP 2,50.000,103556,55264656.0,45.679507,2021737.0,391.2847303,IT=25;25 ,ii
19892,UP 2,50.000,108944,56882476.0,45.689388,2215405.8,391.2844715,IT=25;25 ,ii
19893,UP 2,50.000,102744,55311464.0,45.693559,2126095.5,391.284682,IT=25;25 ,ii
19899,UP 2,50.000,102492,55041024.0,45.705295,2133386.2,391.2846422,IT=25;25 ,ii
19900,UP 2,50.000,102000,55577724.0,45.709476,2110767.8,391.2845846,IT=25;25 ,ii
19906,UP 2,50.000,103056,57624728.0,45.721236,2159790.2,391.2845206,IT=25;25 ,ii
19907,UP 2,50.000,98840,57037508.0,45.725407,2163154.0,391.2846037,IT=25;25 ,ii
19913,UP 2,50.000,104920,62554888.0,45.737074,2351153.0,391.2846358,IT=25;25 ,ii
19919,UP 2,47.766,99504,64896904.0,45.748776,2177694.0,391.2845108,IT=24;24 ,ii
19920,UP 2,48.142,101032,66039148.0,45.752948,2155706.5,391.2844421,IT=24;24 ,ii
19924,UP 2,44.307,96744,71058240.0,45.762861,2306844.5,391.2845933,IT=22;22 ,ii
19929,UP 2,41.622,90508,75026296.0,45.772978,2425066.5,391.2844984,IT=21;21 ,ii
19930,UP 2,40.037,92652,78566992.0,45.777126,2367364.8,391.2844503,IT=20;20 ,ii
19933,UP 2,38.170,92568,80721056.0,45.783171,2431888.8,391.2844091,IT=19;19 ,ii
19938,UP 2,36.832,88048,85423912.0,45.792834,3142575.5,637.8676017,IT=18;18 ,ii
19942,UP 2,33.001,84056,86281232.0,45.800909,3942976.0,637.8674018,IT=17;17 ,ii
19943,UP 2,31.708,83336,87483160.0,45.805023,4419268.0,637.86722,IT=16;16 ,ii
19946,UP 2,31.884,83404,91942296.0,45.810936,5271347.0,637.867452,IT=16;16 ,ii
19950,UP 2,29.293,83964,95915632.0,45.818654,6255520.0,637.8676813,IT=15;15 ,ii
19956,UP 2,27.329,82532,101149060.0,45.830015,8032316.5,637.8674604,IT=14;14 ,ii
19957,UP 2,27.495,74820,100466620.0,45.833961,7831021.5,637.8674901,IT=14;14 ,ii
19960,UP 2,25.368,77424,105662010.0,45.839769,8776737.0,637.8674195,IT=13;13 ,ii
19963,UP 2,24.951,72208,102829300.0,45.847531,9069683.0,637.8675524,IT=12;12 ,ii
19969,UP 2,23.663,73600,108444250.0,45.858856,9527277.0,637.8672943,IT=12;12 ,ii
19970,UP 2,24.339,75260,109786420.0,45.862956,9428576.0,637.8674614,IT=12;12 ,ii
19975,UP 2,23.562,74144,110071380.0,45.872402,9093039.0,637.8673575,IT=12;12 ,ii
19976,UP 2,25.007,75484,102671760.0,45.876358,8343486.5,637.8674615,IT=13;13 ,ii
19979,UP 2,23.420,69168,106204140.0,45.882112,8202190.0,637.867302,IT=12;12 ,ii
19980,UP 2,25.131,75284,106212550.0,45.886231,7759469.5,637.8675382,IT=13;13 ,ii
19986,UP 2,24.794,75508,102160690.0,45.897558,6794948.0,637.8674436,IT=12;12 ,ii
19987,UP 2,26.345,81288,103932780.0,45.901679,6289448.5,637.8675026,IT=13;13 ,ii
19991,UP 2,26.337,78588,97337232.0,45.909375,5245224.0,637.8674245,IT=13;13 ,ii
19995,UP 2,27.340,82872,96236016.0,45.917387,4512493.0,637.8675589,IT=14;14 ,ii
20001,UP 2,30.397,81880,88780280.0,45.928254,3528319.8,637.8674284,IT=15;15 ,ii
20002,UP 2,31.053,87376,88426168.0,45.932391,3222376.0,637.8676371,IT=16;16 ,ii
20006,UP 2,32.365,85676,83145584.0,45.940124,2521876.0,637.8675557,IT=16;16 ,ii
20007,UP 2,33.246,87036,83419080.0,45.944274,2349035.8,637.8677158,IT=17;17 ,ii
20010,UP 2,33.666,85484,78478432.0,45.950493,2373568.2,391.2843337,IT=17;17 ,ii
20011,UP 2,36.314,87804,79152304.0,45.954687,2440491.5,391.2843658,IT=18;18 ,ii
20012,UP 2,36.476,94984,81362272.0,45.958847,2382687.5,391.2845292,IT=18;18 ,ii
20014,UP 2,34.509,90020,77534496.0,45.96337,2352901.5,391.2843418,IT=17;17 ,ii
20015,UP 2,36.327,88556,77098592.0,45.967376,2433203.5,391.2844586,IT=18;18 ,ii
20018,UP 2,40.465,94972,75556312.0,45.973447,2364418.0,391.2843922,IT=20;20 ,ii
20019,UP 2,39.138,90736,75020272.0,45.977426,2368409.2,391.2844148,IT=20;20 ,ii
20021,UP 2,38.607,97492,74407064.0,45.981855,2485652.5,707.899782,IT=19;19 ,ii
20022,UP 2,39.601,95808,73851272.0,45.986049,2761353.2,707.8999725,IT=20;20 ,ii
20025,UP 2,39.576,91056,69874840.0,45.992384,2816333.8,707.8998457,IT=20;20 ,ii
20029,UP 2,41.717,91496,70004616.0,46.000611,3166556.0,707.9000603,IT=21;21 ,ii
20030,UP 2,40.590,94292,70847184.0,46.004595,3390078.2,707.9001077,IT=20;20 ,ii
20035,UP 2,42.067,94820,69288944.0,46.016405,3404058.0,707.8999315,IT=21;21 ,ii
20036,UP 2,43.443,96112,67512920.0,46.020432,3502902.5,707.9000378,IT=22;22 ,ii
20037,UP 2,40.740,94284,68245904.0,46.024561,3340034.0,707.9001303,IT=20;20 ,ii
20041,UP 2,42.092,95068,68288280.0,46.032738,3147087.2,707.8998673,IT=21;21 ,ii
20042,UP 2,41.723,97344,68866408.0,46.036738,3242648.5,707.8999174,IT=21;21 ,ii
20043,UP 2,39.293,90004,68104104.0,46.040869,2854365.0,707.8998144,IT=20;20 ,ii
20044,UP 2,38.662,94084,69137152.0,46.04503,2829944.8,707.9000982,IT=19;19 ,ii
20047,UP 2,39.018,94236,69420296.0,46.051349,3676870.2,499.7475381,IT=20;20 ,ii
20048,UP 2,37.834,92892,72491280.0,46.055488,4375707.0,499.7476432,IT=19;19 ,ii
20053,UP 2,34.575,89072,73672928.0,46.065107,6094453.5,499.7475161,IT=17;17 ,ii
20054,UP 2,36.384,91384,77135952.0,46.069113,7158709.0,499.7476265,IT=18;18 ,ii
20058,UP 2,31.944,87736,81270920.0,46.076878,9074447.0,499.7475202,IT=16;16 ,ii
20059,UP 2,30.482,84000,83093520.0,46.080988,10127290.0,499.7476183,IT=15;15 ,ii
20061,UP 2,30.932,86120,85570592.0,46.085294,11228366.0,499.7476203,IT=15;15 ,ii
20062,UP 2,28.535,85420,89306288.0,46.089384,12445962.0,499.7474842,IT=14;14 ,ii
20065,UP 2,27.050,77556,90365512.0,46.0972,14180512.0,499.7476388,IT=14;14 ,ii
20066,UP 2,26.616,77440,93730760.0,46.101136,15024239.0,499.7474435,IT=13;13 ,ii
20071,UP 2,24.853,78368,96179184.0,46.110615,16642847.0,499.7474974,IT=12;12 ,ii
20076,UP 2,24.779,74240,97608032.0,46.120398,17784228.0,499.7474906,IT=12;12 ,ii
20077,UP 2,24.773,77568,96903576.0,46.12449,17494948.0,499.7475967,IT=12;12 ,ii
20080,UP 2,24.885,74780,95876224.0,46.130281,17598388.0,499.7474602,IT=12;12 ,ii
20083,UP 2,25.287,77912,98406992.0,46.136079,17495180.0,499.7475081,IT=13;13 ,ii
20084,UP 2,24.390,75016,96276952.0,46.140163,17278758.0,499.747569,IT=12;12 ,ii
20089,UP 2,25.995,77668,92091272.0,46.149617,15775922.0,499.747496,IT=13;13 ,ii
20090,UP 2,27.967,78168,89008640.0,46.153588,14830886.0,499.7476316,IT=14;14 ,ii
20094,UP 2,28.225,77136,86659840.0,46.161235,13447101.0,499.7475274,IT=14;14 ,ii
20099,UP 2,30.498,82448,82843080.0,46.170817,11471220.0,499.7475332,IT=15;15 ,ii
20100,UP 2,31.088,80700,81317504.0,46.174777,10713589.0,499.7475773,IT=16;16 ,ii
20103,UP 2,32.136,85212,77055560.0,46.180989,9138071.0,499.747365,IT=16;16 ,ii
20104,UP 2,34.748,86952,76521328.0,46.185164,8343252.0,499.7475006,IT=17;17 ,ii
20105,UP 2,37.142,90028,74318448.0,46.189348,7547456.0,499.7476083,IT=19;19 ,ii
20110,UP 2,38.504,86852,67492384.0,46.19905,5821422.0,499.7476485,IT=19;19 ,ii
20114,UP 2,40.561,91736,67346704.0,46.207291,4875769.0,499.7476586,IT=20;20 ,ii
20117,UP 2,43.500,94340,65288156.0,46.213414,4012226.5,499.7475431,IT=22;22 ,ii
20118,UP 2,41.003,89644,62702804.0,46.217377,3578179.2,499.7475532,IT=21;21 ,ii
20121,UP 2,43.832,94588,62542028.0,46.223787,3135966.2,499.7474482,IT=22;22 ,ii
20122,UP 2,43.929,96272,61874540.0,46.227964,2848083.5,499.747684,IT=22;22 ,ii
20126,UP 2,44.243,91140,60213964.0,46.23621,2387152.8,499.7474402,IT=22;22 ,ii
20127,UP 2,46.178,95780,60562724.0,46.240243,2184240.8,499.7476489,IT=23;23 ,ii
20131,UP 2,46.245,94936,61084304.0,46.248233,2204099.2,391.2845268,IT=23;23 ,ii
20132,UP 2,46.987,98028,60942968.0,46.25242,2147552.2,391.2844199,IT=23;23 ,ii
20133,UP 2,45.907,96288,62675628.0,46.256576,2281944.0,391.2844633,IT=23;23 ,ii
20137,UP 2,41.951,94004,65748304.0,46.266485,2387451.8,391.2843656,IT=21;21 ,ii
20138,UP 2,41.387,92416,66625000.0,46.270651,2882898.0,655.8562603,IT=21;21 ,ii
20141,UP 2,38.575,87020,69234144.0,46.276966,3869903.5,655.8562154,IT=19;19 ,ii
20142,UP 2,38.768,87740,73467448.0,46.281137,4972822.0,655.8565463,IT=19;19 ,ii
20145,UP 2,35.986,87276,77049384.0,46.28738,6529081.0,655.856228,IT=18;18 ,ii
20146,UP 2,32.390,83148,80612360.0,46.291476,7899304.0,655.8563332,IT=16;16 ,ii
20150,UP 2,28.663,77372,87934296.0,46.299414,10484219.0,655.8562699,IT=14;14 ,ii
20156,UP 2,24.166,71400,100928900.0,46.310699,15290963.0,655.8560047,IT=12;12 ,ii
20157,UP 2,23.204,73180,109795770.0,46.314772,17793664.0,655.8561423,IT=12;12 ,ii
20162,UP 2,20.157,69516,122779040.0,46.324159,23058874.0,655.85637,IT=10;10 ,ii
20163,UP 2,19.228,63420,122931520.0,46.328213,23364528.0,655.8563772,IT=9.6;9.6 ,ii
20168,UP 2,17.165,62612,139835520.0,46.337576,28331714.0,655.8560305,IT=8.6;8.6 ,ii
20173,UP 2,14.435,53960,155801380.0,46.348851,34153932.0,655.8561057,IT=7.2;7.2 ,ii
20181,UP 2,13.509,57136,174442530.0,46.363686,39462196.0,655.8561689,IT=6.8;6.8 ,ii
20190,UP 2,13.716,56940,169891440.0,46.38033,36067628.0,655.8561557,IT=6.9;6.9 ,ii
20195,UP 2,13.975,62876,169516180.0,46.389636,35741148.0,655.8560235,IT=7;7 ,ii
20200,UP 2,14.509,59560,160976720.0,46.398984,32353378.0,655.8560562,IT=7.3;7.3 ,ii
20206,UP 2,16.028,64332,149589630.0,46.410157,26651304.0,655.8561551,IT=8;8 ,ii
20207,UP 2,16.829,63504,144723070.0,46.414217,25717566.0,655.8562759,IT=8.4;8.4 ,ii
20213,UP 2,18.324,65672,133061680.0,46.425452,21398714.0,655.8560638,IT=9.2;9.2 ,ii
20214,UP 2,18.938,68692,131422180.0,46.429513,20297044.0,655.8561014,IT=9.5;9.5 ,ii
20218,UP 2,20.247,70376,121188510.0,46.437336,16890986.0,655.8557739,IT=10;10 ,ii
20219,UP 2,21.823,75196,119188280.0,46.441269,15894790.0,655.8560642,IT=11;11 ,ii
20222,UP 2,22.588,72704,112060230.0,46.447031,14208187.0,655.8559495,IT=11;11 ,ii
20227,UP 2,24.727,80616,108117740.0,46.45649,12113479.0,655.8558708,IT=12;12 ,ii
20228,UP 2,26.311,76484,104155580.0,46.460602,11042024.0,655.8561802,IT=13;13 ,ii
20231,UP 2,27.074,79060,98555592.0,46.466713,9723786.0,655.8558687,IT=14;14 ,ii
20232,UP 2,27.671,78424,97723056.0,46.470838,9246057.0,655.8560535,IT=14;14 ,ii
20235,UP 2,28.645,78180,93459952.0,46.476975,8114389.0,655.8558941,IT=14;14 ,ii
20236,UP 2,29.533,83368,94950120.0,46.481104,8122312.5,655.8558856,IT=15;15 ,ii
20237,UP 2,29.728,85636,95310160.0,46.485069,7619747.5,655.8558568,IT=15;15 ,ii
20238,UP 2,30.360,84016,91020296.0,46.489208,6945098.5,655.8560995,IT=15;15 ,ii
20243,UP 2,33.397,87020,90877000.0,46.498798,6324964.0,655.8558445,IT=17;17 ,ii
20244,UP 2,33.637,83720,87174456.0,46.502941,5702547.0,655.8560043,IT=17;17 ,ii
20247,UP 2,33.262,82756,86786088.0,46.509175,5438610.0,655.8559255,IT=17;17 ,ii
20252,UP 2,33.754,87600,86737136.0,46.519112,5216587.5,822.7705386,IT=17;17 ,ii
20253,UP 2,35.926,85652,85050040.0,46.523293,5293521.0,822.7706773,IT=18;18 ,ii
20254,UP 2,34.815,87052,86652040.0,46.527262,5589495.0,822.7710176,IT=17;17 ,ii
20256,UP 2,34.612,89144,84297408.0,46.531639,5244489.0,822.7706425,IT=17;17 ,ii
20257,UP 2,35.384,83192,82256104.0,46.5358,5189217.0,822.7708688,IT=18;18 ,ii
20258,UP 2,34.815,82756,83883280.0,46.539945,5338410.5,822.7707158,IT=17;17 ,ii
20263,UP 2,34.387,88596,84729464.0,46.549862,5288784.0,822.770691,IT=17;17 ,ii
20264,UP 2,35.314,88308,84081048.0,46.553852,4989083.5,822.7707099,IT=18;18 ,ii
20267,UP 2,33.595,85980,82636960.0,46.559789,4653084.0,822.7707787,IT=17;17 ,ii
20270,UP 2,33.652,86652,82319272.0,46.565714,4344216.0,822.7709041,IT=17;17 ,ii
20273,UP 2,33.956,81364,80925656.0,46.571674,3840935.8,822.7707268,IT=17;17 ,ii
20276,UP 2,31.480,79424,80000400.0,46.577581,3455718.8,822.7707873,IT=16;16 ,ii
20281,UP 2,33.217,86112,79838136.0,46.587541,3038500.0,430.7189604,IT=17;17 ,ii
20282,UP 2,33.016,87148,80444456.0,46.59168,3173924.0,430.7189673,IT=17;17 ,ii
20283,UP 2,32.666,84772,81009000.0,46.595812,3059878.0,430.7189262,IT=16;16 ,ii
20288,UP 2,32.868,84036,81549136.0,46.60541,2872044.8,430.7189275,IT=16;16 ,ii
20289,UP 2,31.972,87308,81548024.0,46.609532,2695403.8,430.718973,IT=16;16 ,ii
20293,UP 2,32.669,85416,79952088.0,46.617582,2453876.5,391.2842179,IT=16;16 ,ii
20294,UP 2,33.508,86656,80986624.0,46.621726,2306080.2,391.284354,IT=17;17 ,ii
20299,UP 2,32.715,83388,79594856.0,46.631336,2379373.0,391.2842082,IT=16;16 ,ii
20300,UP 2,34.093,84604,79745424.0,46.635493,2358098.5,391.2843937,IT=17;17 ,ii
20303,UP 2,34.093,85288,78197280.0,46.641726,2285788.2,391.2842874,IT=17;17 ,ii
20304,UP 2,34.542,86548,77999464.0,46.64588,2425460.5,391.284421,IT=17;17 ,ii
20308,UP 2,34.529,89360,79135176.0,46.65367,2281087.5,391.2842431,IT=17;17 ,ii
20309,UP 2,34.496,91400,77671656.0,46.657817,2332778.0,391.2843029,IT=17;17 ,ii
20310,UP 2,35.171,87052,76696824.0,46.661972,2317880.8,391.2843847,IT=18;18 ,ii
20315,UP 2,34.801,93688,77909152.0,46.671917,2509599.8,391.2843358,IT=17;17 ,ii
20316,UP 2,35.926,88944,75141144.0,46.675913,2322006.0,391.2844639,IT=18;18 ,ii
20320,UP 2,35.665,88840,73698312.0,46.683697,2312787.5,391.2843611,IT=18;18 ,ii
20321,UP 2,36.800,96228,75933936.0,46.687699,2429819.5,391.2845145,IT=18;18 ,ii
20325,UP 2,36.793,92364,73635152.0,46.695538,2444332.0,391.2844111,IT=18;18 ,ii
20326,UP 2,38.162,92228,73727136.0,46.699721,2386299.8,391.2844505,IT=19;19 ,ii
20331,UP 2,40.213,99016,72121016.0,46.709761,2240032.5,391.2844195,IT=20;20 ,ii
20332,UP 2,40.152,96652,73470176.0,46.713757,2280032.2,391.2844836,IT=20;20 ,ii
20338,UP 2,39.446,91628,72528240.0,46.725267,3058589.0,709.868874,IT=20;20 ,ii
20343,UP 2,37.904,88996,73018960.0,46.734988,3759348.2,709.8685953,IT=19;19 ,ii
20344,UP 2,36.904,95756,76109880.0,46.739132,4256895.5,709.8686899,IT=18;18 ,ii
20350,UP 2,36.665,91728,79026824.0,46.750717,4858647.5,709.8689722,IT=18;18 ,ii
20354,UP 2,34.597,92924,81785904.0,46.758865,5120192.0,709.8684028,IT=17;17 ,ii
20361,UP 2,33.159,88400,84254736.0,46.773142,4978418.0,709.8687598,IT=17;17 ,ii
20368,UP 2,33.076,83500,85578144.0,46.786421,4412832.5,709.8686344,IT=17;17 ,ii
20371,UP 2,32.579,89476,88212632.0,46.792337,3939873.8,709.8683096,IT=16;16 ,ii
20372,UP 2,32.862,87496,87836912.0,46.796477,3774490.0,709.868516,IT=16;16 ,ii
20374,UP 2,31.769,84620,88076728.0,46.800946,3334617.5,709.8684175,IT=16;16 ,ii
20375,UP 2,33.563,86236,87706664.0,46.804948,2913419.5,709.8686087,IT=17;17 ,ii
20378,UP 2,32.554,85768,87182568.0,46.811156,2534890.0,391.2842704,IT=16;16 ,ii
20379,UP 2,32.929,88332,88051848.0,46.815131,2534702.8,1004.95206,IT=16;16 ,ii
20380,UP 2,33.481,84924,84645840.0,46.819283,2499141.2,1004.952193,IT=17;17 ,ii
20383,UP 2,34.041,86804,84005480.0,46.825487,2570924.5,391.2842482,IT=17;17 ,ii
20384,UP 2,34.263,90652,83327400.0,46.829635,2560968.8,1004.952313,IT=17;17 ,ii
20389,UP 2,34.283,86988,82600696.0,46.839268,2534023.5,391.2842681,IT=17;17 ,ii
20390,UP 2,35.189,88356,80882928.0,46.843445,2455397.2,391.284343,IT=18;18 ,ii
20397,UP 2,35.996,91460,78200232.0,46.856791,2453451.2,391.2843791,IT=18;18 ,ii
20403,UP 2,35.349,89420,75941168.0,46.868291,2283018.5,391.2843442,IT=18;18 ,ii
20408,UP 2,34.727,89756,77960240.0,46.877962,2451336.0,391.2842798,IT=17;17 ,ii
20409,UP 2,34.983,85380,77433240.0,46.882122,2468121.5,391.2843849,IT=17;17 ,ii
20414,UP 2,34.082,91268,80038848.0,46.891724,2453548.2,391.2844173,IT=17;17 ,ii
20419,UP 2,32.823,87476,81098520.0,46.901291,2382103.2,391.2843911,IT=16;16 ,ii
20425,UP 2,31.273,83740,83255440.0,46.912735,2463914.0,391.2842374,IT=16;16 ,ii
20426,UP 2,31.570,87588,85215008.0,46.916697,2423907.2,391.2843309,IT=16;16 ,ii
20431,UP 2,29.192,86828,86312608.0,46.926239,2501201.5,391.2842997,IT=15;15 ,ii
20432,UP 2,31.043,87940,86073384.0,46.930387,2518202.0,848.9208989,IT=16;16 ,ii
20436,UP 2,30.354,85228,86792520.0,46.93838,2787911.8,848.9209531,IT=15;15 ,ii
20437,UP 2,32.212,86268,86903896.0,46.942536,2670616.5,848.9211539,IT=16;16 ,ii
20441,UP 2,31.015,88320,84634992.0,46.950295,2648776.2,848.9210423,IT=16;16 ,ii
20442,UP 2,32.583,87532,83687160.0,46.954284,2505113.5,848.9211199,IT=16;16 ,ii
20446,UP 2,31.894,83160,81246288.0,46.96204,2453406.2,391.2842375,IT=16;16 ,ii
20447,UP 2,33.699,89304,80495816.0,46.966203,2414584.5,391.2843464,IT=17;17 ,ii
20448,UP 2,34.732,89068,79436184.0,46.970193,2389071.2,391.2843985,IT=17;17 ,ii
20452,UP 2,33.611,89816,77569032.0,46.977955,2386690.8,391.2843708,IT=17;17 ,ii
20453,UP 2,34.882,89872,76999744.0,46.982115,2605796.8,391.2844011,IT=17;17 ,ii
20456,UP 2,36.966,95864,75637696.0,46.988115,2444791.8,391.2843072,IT=18;18 ,ii
20457,UP 2,37.304,93996,74343792.0,46.992109,2440844.0,391.2844367,IT=19;19 ,ii
20461,UP 2,39.059,91196,70136008.0,47.000276,2403898.0,391.2842979,IT=20;20 ,ii
20462,UP 2,40.026,96072,70381120.0,47.004455,2270749.5,391.2843469,IT=20;20 ,ii
20463,UP 2,39.322,94096,69982936.0,47.008736,2410152.2,391.2843137,IT=20;20 ,ii
20464,UP 2,40.506,95240,70885296.0,47.01293,2586980.5,697.3785807,IT=20;20 ,ii
20465,UP 2,39.722,91972,69627784.0,47.01709,2721962.2,697.3787848,IT=20;20 ,ii
20468,UP 2,39.647,92844,68209520.0,47.023428,2894938.2,697.3783163,IT=20;20 ,ii
20469,UP 2,40.293,90076,68827288.0,47.027607,2945307.2,697.3784915,IT=20;20 ,ii
20474,UP 2,41.328,93192,66485868.0,47.037357,3246822.2,697.3785587,IT=21;21 ,ii
20475,UP 2,39.943,92364,67725648.0,47.041507,3357706.2,697.3785363,IT=20;20 ,ii
20478,UP 2,41.571,86696,66156480.0,47.047611,3476006.5,697.3786594,IT=21;21 ,ii
20481,UP 2,40.551,87772,65424712.0,47.05365,3480369.5,697.3786914,IT=20;20 ,ii
20484,UP 2,41.642,89792,65122692.0,47.059754,3444140.8,697.3786846,IT=21;21 ,ii
20485,UP 2,41.296,88144,64925008.0,47.063923,3406870.5,697.3785536,IT=21;21 ,ii
20486,UP 2,40.773,90740,65541536.0,47.06809,3431623.5,697.3786408,IT=20;20 ,ii
20492,UP 2,41.641,90072,64066436.0,47.079663,3049515.5,599.3523352,IT=21;21 ,ii
20493,UP 2,41.060,89172,62720052.0,47.08384,3432813.0,599.3523278,IT=21;21 ,ii
20496,UP 2,43.730,93100,63182868.0,47.089956,3833484.5,599.3522757,IT=22;22 ,ii
20497,UP 2,42.748,89000,61719620.0,47.094298,4077726.5,599.3523091,IT=21;21 ,ii
20498,UP 2,43.016,85780,60750876.0,47.098479,4232407.5,599.352325,IT=22;22 ,ii
20499,UP 2,44.197,90012,60964040.0,47.102675,4435840.0,599.3523949,IT=22;22 ,ii
20500,UP 2,45.006,93368,61034252.0,47.106875,4493211.5,599.3524884,IT=23;23 ,ii
20502,UP 2,46.691,87880,57818936.0,47.111612,4506991.0,599.3524572,IT=23;23 ,ii
20503,UP 2,45.185,89856,58421380.0,47.115758,4589911.0,599.3524483,IT=23;23 ,ii
20504,UP 2,46.796,91228,57672636.0,47.11996,4526208.5,599.3524876,IT=23;23 ,ii
20505,UP 2,45.814,89836,58450704.0,47.124119,4719570.0,599.3526505,IT=23;23 ,ii
20508,UP 2,47.821,92216,57079568.0,47.130304,4405937.0,599.3525537,IT=24;24 ,ii
20513,UP 2,49.907,93860,55466584.0,47.14052,4068333.5,599.3523716,IT=25;25 ,ii
20514,UP 2,50.000,95840,55243212.0,47.144693,3827725.8,599.352441,IT=25;25 ,ii
20518,UP 2,50.000,99868,54501376.0,47.152752,3399723.2,599.3524494,IT=25;25 ,ii
20519,UP 2,50.000,97060,54433128.0,47.156754,3070109.0,599.3522762,IT=25;25 ,ii
20522,UP 2,50.000,93784,52037048.0,47.163252,2603217.0,599.3522872,IT=25;25 ,ii
20523,UP 2,50.000,99448,54112248.0,47.167254,2443791.2,599.35253,IT=25;25 ,ii
20527,UP 2,50.000,93788,54232000.0,47.175604,2274828.0,391.2843962,IT=25;25 ,ii
20528,UP 2,50.000,93632,54959928.0,47.180066,2185010.0,391.2843427,IT=25;25 ,ii
20529,UP 2,50.000,94536,55194536.0,47.184247,2230543.5,659.8676735,IT=25;25 ,ii
20534,UP 2,50.000,90760,56019372.0,47.194166,3410990.5,659.867766,IT=25;25 ,ii
20535,UP 2,47.291,89144,58187584.0,47.198291,4049748.2,659.8677681,IT=24;24 ,ii
20538,UP 2,42.401,86000,62364868.0,47.204374,4966948.0,659.867579,IT=21;21 ,ii
20539,UP 2,39.798,87652,64380432.0,47.208508,5716839.5,659.8675047,IT=20;20 ,ii
20542,UP 2,37.856,87172,68920768.0,47.21452,6934608.0,659.8676135,IT=19;19 ,ii
20546,UP 2,34.864,78888,74631424.0,47.22232,8772917.0,659.8674216,IT=17;17 ,ii
20547,UP 2,34.569,79892,77592704.0,47.226291,9170749.0,659.8675198,IT=17;17 ,ii
20551,UP 2,30.798,73896,81046184.0,47.234024,10359388.0,659.8673138,IT=15;15 ,ii
20552,UP 2,31.223,75648,83307528.0,47.238153,11145274.0,659.8674057,IT=16;16 ,ii
20555,UP 2,29.233,71560,87418032.0,47.24427,11676869.0,659.8671093,IT=15;15 ,ii
20556,UP 2,27.530,70152,90706408.0,47.248357,12423924.0,659.8670616,IT=14;14 ,ii
20557,UP 2,27.864,70408,91498272.0,47.252311,12482286.0,659.8671974,IT=14;14 ,ii
20562,UP 2,26.415,71528,93907000.0,47.261772,12120287.0,659.8670989,IT=13;13 ,ii
20563,UP 2,26.889,66484,91542168.0,47.265882,11688447.0,659.8671386,IT=13;13 ,ii
20568,UP 2,26.623,67848,90561520.0,47.275432,10827452.0,659.8671863,IT=13;13 ,ii
20569,UP 2,28.963,70344,87994560.0,47.279411,10048303.0,659.8673253,IT=14;14 ,ii
20573,UP 2,29.137,75896,85197720.0,47.287088,8877487.0,659.8672917,IT=15;15 ,ii
20574,UP 2,30.628,75084,83750648.0,47.291232,8312379.5,659.8674777,IT=15;15 ,ii
20577,UP 2,30.724,77944,81670784.0,47.297111,7247206.0,659.8673593,IT=15;15 ,ii
20578,UP 2,32.512,76264,76956320.0,47.301099,6373169.0,659.8674883,IT=16;16 ,ii
20581,UP 2,35.159,82640,74702368.0,47.307353,5412644.5,659.8673662,IT=18;18 ,ii
20582,UP 2,36.642,83856,72880648.0,47.311357,4738124.0,659.8672927,IT=18;18 ,ii
20583,UP 2,38.799,86288,69014432.0,47.315551,4248653.5,659.8676648000001,IT=19;19 ,ii
20585,UP 2,39.754,85724,66416612.0,47.319986,3615059.8,659.8676079,IT=20;20 ,ii
20586,UP 2,42.005,89032,65212264.0,47.324198,3166947.0,659.8676879,IT=21;21 ,ii
20587,UP 2,44.118,91328,63571716.0,47.328238,2751640.8,659.8676639,IT=22;22 ,ii
20588,UP 2,43.671,90068,62807672.0,47.332413,2614453.5,659.8678577,IT=22;22 ,ii
20591,UP 2,46.311,90656,61534040.0,47.338546,2366886.0,391.2844378,IT=23;23 ,ii
20597,UP 2,50.000,94752,60160556.0,47.350332,2299142.5,391.2844142,IT=25;25 ,ii
20598,UP 2,50.000,93048,59639260.0,47.354332,2129989.0,391.2844359,IT=25;25 ,ii
20602,UP 2,50.000,96488,61541240.0,47.362388,2190924.2,391.2844426,IT=25;25 ,ii
20603,UP 2,50.000,98556,62992168.0,47.366559,2248667.0,391.284438,IT=25;25 ,ii
20604,UP 2,50.000,95092,60605864.0,47.370561,2184568.5,391.2845437,IT=25;25 ,ii
20607,UP 2,50.000,98628,63648992.0,47.376754,2477872.8,803.0328291,IT=25;25 ,ii
20608,UP 2,50.000,94116,64208864.0,47.380759,2718158.0,803.0329931,IT=25;25 ,ii
20610,UP 2,48.236,94040,67159800.0,47.385354,3141585.5,803.0328493,IT=24;24 ,ii
20611,UP 2,46.656,89536,67605240.0,47.3895,3245679.5,803.0330553,IT=23;23 ,ii
20615,UP 2,45.578,91212,73154120.0,47.397473,4212405.0,803.0325366,IT=23;23 ,ii
20616,UP 2,47.170,91016,74662480.0,47.401677,4554424.0,803.0330461,IT=24;24 ,ii
20622,UP 2,42.385,88820,79796560.0,47.413279,5236140.0,803.0327212,IT=21;21 ,ii
20623,UP 2,40.573,87668,83316776.0,47.417423,5464835.0,803.0329002,IT=20;20 ,ii
20624,UP 2,38.854,78780,83505056.0,47.421571,5882078.5,803.0327554,IT=19;19 ,ii
20628,UP 2,35.918,85120,91157592.0,47.431398,6763195.5,803.0324013,IT=18;18 ,ii
20629,UP 2,34.403,79352,90902992.0,47.435531,7022436.5,803.0326555,IT=17;17 ,ii
20634,UP 2,32.034,78140,95563016.0,47.445075,6991146.0,803.0325163,IT=16;16 ,ii
20639,UP 2,29.846,75684,98372920.0,47.454656,7449854.5,803.0323715,IT=15;15 ,ii
20640,UP 2,29.299,76060,98927152.0,47.45877,7043774.0,803.0324592,IT=15;15 ,ii
20645,UP 2,28.739,79412,99762632.0,47.4686,7135572.0,803.0321818,IT=14;14 ,ii
20646,UP 2,26.635,72732,98381992.0,47.472681,6745681.5,803.0320089,IT=13;13 ,ii
20647,UP 2,27.672,73028,96713840.0,47.476641,6538002.0,803.0320707,IT=14;14 ,ii
20648,UP 2,26.582,72916,96841576.0,47.480731,6279214.5,803.0322811,IT=13;13 ,ii
20652,UP 2,27.184,75340,94592880.0,47.488379,5915122.0,803.0321232,IT=14;14 ,ii
20653,UP 2,27.250,73820,92896608.0,47.492337,5506426.5,803.0323038,IT=14;14 ,ii
20657,UP 2,27.905,73800,90691600.0,47.500045,5503946.0,803.0321059,IT=14;14 ,ii
20658,UP 2,28.356,76164,90723120.0,47.503997,5054132.5,803.0323388,IT=14;14 ,ii
20660,UP 2,27.839,72160,87100424.0,47.508233,4561578.5,803.0321304,IT=14;14 ,ii
20661,UP 2,29.844,76336,86398336.0,47.512387,4370426.0,803.031914,IT=15;15 ,ii
20662,UP 2,29.526,77052,85357872.0,47.516516,4037542.2,803.0319321,IT=15;15 ,ii
20665,UP 2,28.767,78836,85312328.0,47.522364,3847168.2,803.0319295,IT=14;14 ,ii
20666,UP 2,29.884,78084,83220920.0,47.526499,3438096.5,803.0319677,IT=15;15 ,ii
20667,UP 2,29.547,76624,81721768.0,47.530447,3321428.0,803.032258,IT=15;15 ,ii
20672,UP 2,29.420,75252,79246264.0,47.539995,2718439.0,803.0322699,IT=15;15 ,ii
20673,UP 2,30.748,78248,79394952.0,47.544139,2739959.0,884.973024,IT=15;15 ,ii
20676,UP 2,31.086,77072,76597432.0,47.550036,2808046.5,884.9727937,IT=16;16 ,ii
20677,UP 2,30.352,78180,79137640.0,47.554151,2953311.5,884.9728335,IT=15;15 ,ii
20681,UP 2,29.915,75576,77944624.0,47.562153,3135705.2,884.9728029,IT=15;15 ,ii
20682,UP 2,31.009,79608,77188720.0,47.566297,3246241.0,884.9730456,IT=16;16 ,ii
20688,UP 2,31.325,79224,77209232.0,47.577695,3234172.8,884.9729684,IT=16;16 ,ii
20689,UP 2,31.419,80856,77359216.0,47.581815,3348167.0,884.9730805,IT=16;16 ,ii
20693,UP 2,31.094,81688,74385616.0,47.589811,3143117.0,884.9727406,IT=16;16 ,ii
20694,UP 2,32.513,84232,75529704.0,47.593972,3176446.2,884.9730243,IT=16;16 ,ii
20698,UP 2,31.592,81044,73297792.0,47.601713,2931336.5,884.9728438,IT=16;16 ,ii
20699,UP 2,34.831,82860,70515840.0,47.60589,2857224.2,884.9728496,IT=17;17 ,ii
20700,UP 2,33.576,78988,69514736.0,47.609851,2587655.2,884.9728643,IT=17;17 ,ii
20701,UP 2,35.212,85836,71335464.0,47.614017,2588117.5,884.9728494,IT=18;18 ,ii
20704,UP 2,34.859,85124,69881632.0,47.619963,2391144.0,884.9729162,IT=17;17 ,ii
20710,UP 2,36.539,86584,65894124.0,47.631426,2204373.8,391.2844201,IT=18;18 ,ii
20714,UP 2,39.039,84740,62531608.0,47.639292,2382868.2,391.2843871,IT=20;20 ,ii
20715,UP 2,38.880,86132,63127056.0,47.643457,2329981.0,391.2845144,IT=19;19 ,ii
20720,UP 2,41.304,92120,61584368.0,47.653198,2296892.2,391.2845358,IT=21;21 ,ii
20722,UP 2,39.024,86688,60610780.0,47.657686,2286077.0,391.284481,IT=20;20 ,ii
20723,UP 2,43.434,89536,59515204.0,47.661925,2325960.0,391.2845457,IT=22;22 ,ii
20726,UP 2,43.812,87384,58372140.0,47.66805,2292080.2,391.2844133,IT=22;22 ,ii
20727,UP 2,44.627,90648,58342696.0,47.672244,2243105.8,391.2844066,IT=22;22 ,ii
20730,UP 2,42.052,85068,57958744.0,47.680329,2159877.2,391.2842704,IT=21;21 ,ii
20731,UP 2,42.463,85184,58533548.0,47.684338,2369444.0,391.2844099,IT=21;21 ,ii
20733,UP 2,41.606,83172,57887388.0,47.688823,2295057.0,391.284484,IT=21;21 ,ii
20736,UP 2,40.967,86224,59066560.0,47.695204,2293302.5,730.9045202,IT=20;20 ,ii
20737,UP 2,43.730,85024,58126104.0,47.699427,2389045.8,730.9046759,IT=22;22 ,ii
20738,UP 2,44.041,81892,56818412.0,47.70361,2570972.2,730.9047896,IT=22;22 ,ii
20741,UP 2,45.491,86468,58134968.0,47.710025,2824175.8,730.9045443,IT=23;23 ,ii
20742,UP 2,45.123,88728,57570572.0,47.714196,2996424.5,730.9044829,IT=23;23 ,ii
20743,UP 2,44.560,85004,57627816.0,47.71836,3143803.8,730.9048913,IT=22;22 ,ii
20745,UP 2,45.903,87496,57162672.0,47.722912,3193492.5,730.9046973,IT=23;23 ,ii
20746,UP 2,46.377,89588,56462868.0,47.727104,3330817.0,730.9048319,IT=23;23 ,ii
20748,UP 2,48.577,89068,55929276.0,47.731706,3272548.8,730.9046363,IT=24;24 ,ii
20749,UP 2,47.025,89136,55460292.0,47.735854,3307840.2,730.9045715,IT=24;24 ,ii
20750,UP 2,50.000,87868,53191412.0,47.740079,3112777.0,730.9046174,IT=25;25 ,ii
20751,UP 2,48.728,88944,53393244.0,47.744058,3088436.5,730.9046698,IT=24;24 ,ii
20754,UP 2,50.000,93712,53712504.0,47.750585,2918864.5,730.9046556,IT=25;25 ,ii
20755,UP 2,50.000,90156,51581928.0,47.754587,2879707.5,730.9049831,IT=25;25 ,ii
20758,UP 2,50.000,87528,49398808.0,47.762781,2530008.2,730.9048826,IT=25;25 ,ii
20759,UP 2,50.000,86608,49653296.0,47.76695,2414847.0,730.9049755,IT=25;25 ,ii
20764,UP 2,50.000,90840,48491808.0,47.7771,2208528.8,391.2844643,IT=25;25 ,ii
20765,UP 2,50.000,86988,47188884.0,47.781102,2185739.5,391.2845524,IT=25;25 ,ii
20768,UP 2,50.000,93448,47493764.0,47.787616,2170351.8,391.2844338,IT=25;25 ,ii
20769,UP 2,50.000,90292,46228228.0,47.791618,2184414.8,391.2845516,IT=25;25 ,ii
20771,UP 2,50.000,94976,46903856.0,47.796237,2130448.2,391.2845062,IT=25;25 ,ii
20772,UP 2,50.000,93604,47084700.0,47.800408,2198986.5,391.2845556,IT=25;25 ,ii
20776,UP 2,50.000,93536,46496620.0,47.808464,2141725.0,391.284491,IT=25;25 ,ii
20777,UP 2,50.000,91976,46559872.0,47.812466,2137644.2,391.284511,IT=25;25 ,ii
20781,UP 2,50.000,94280,46256812.0,47.820522,2228161.0,391.2843948,IT=25;25 ,ii
20782,UP 2,50.000,95960,46693180.0,47.824524,2126064.5,391.2845203,IT=25;25 ,ii
20783,UP 2,50.000,96448,45877688.0,47.828693,2153600.5,391.2844771,IT=25;25 ,ii
20784,UP 2,50.000,91352,45885344.0,47.832864,2159276.0,391.2844495,IT=25;25 ,ii
20785,UP 2,50.000,98620,46815660.0,47.837039,2119116.8,391.2844987,IT=25;25 ,ii
20786,UP 2,50.000,94392,45851168.0,47.841501,2146225.5,391.2845157,IT=25;25 ,ii
20788,UP 2,50.000,94428,45485260.0,47.846287,2077966.1,391.2844489,IT=25;25 ,ii
20789,UP 2,50.000,94336,46334000.0,47.850289,2212994.0,391.2844419,IT=25;25 ,ii
20792,UP 2,50.000,91300,45860696.0,47.856795,2012855.5,391.2843994,IT=25;25 ,ii
20793,UP 2,50.000,96688,46416152.0,47.860797,2173949.8,391.284567,IT=25;25 ,ii
20796,UP 2,50.000,96152,45051312.0,47.867303,2156841.5,391.2844357,IT=25;25 ,ii
20797,UP 2,50.000,96064,46799220.0,47.871305,2161868.2,391.2843635,IT=25;25 ,ii
20798,UP 2,50.000,94508,46239344.0,47.875474,2170337.8,391.2844758,IT=25;25 ,ii
20801,UP 2,50.000,90824,46571220.0,47.88198,2149073.2,391.2844017,IT=25;25 ,ii
20802,UP 2,50.000,97516,48347160.0,47.886149,2147557.2,391.2844586,IT=25;25 ,ii
20807,UP 2,50.000,94664,49765336.0,47.896011,2128495.0,391.2843751,IT=25;25 ,ii
20808,UP 2,50.000,90228,50007712.0,47.900195,2181602.0,391.2845256,IT=25;25 ,ii
20813,UP 2,50.000,97232,55091848.0,47.910103,2418493.5,718.376356,IT=25;25 ,ii
20817,UP 2,48.224,91636,55371040.0,47.918132,2738515.8,718.3763653,IT=24;24 ,ii
20818,UP 2,46.573,90668,57915000.0,47.922276,2984021.5,718.3762306,IT=23;23 ,ii
20821,UP 2,42.997,90776,61010464.0,47.930359,3527109.0,718.3763825,IT=21;21 ,ii
20822,UP 2,39.973,90288,64351924.0,47.934484,3627536.2,718.3764155,IT=20;20 ,ii
20825,UP 2,40.990,90812,66085352.0,47.940565,3907860.2,718.3761872,IT=20;20 ,ii
20826,UP 2,37.685,82492,65710884.0,47.944684,4083434.8,718.3764444,IT=19;19 ,ii
20830,UP 2,37.572,85020,67454176.0,47.952532,4219493.5,718.3761206,IT=19;19 ,ii
20831,UP 2,35.562,81828,67697080.0,47.956488,4294431.5,718.3762897,IT=18;18 ,ii
20836,UP 2,36.887,80048,66215852.0,47.966163,4004641.5,718.3758897,IT=18;18 ,ii
20837,UP 2,35.105,83116,71464336.0,47.970302,4280134.0,718.3762821,IT=18;18 ,ii
20842,UP 2,33.693,79996,70215560.0,47.979902,3660250.8,718.3760074,IT=17;17 ,ii
20843,UP 2,34.496,79016,69464360.0,47.983886,3390765.8,718.3760216,IT=17;17 ,ii
20844,UP 2,34.962,76876,69305176.0,47.988036,3167733.2,718.3761833,IT=17;17 ,ii
20847,UP 2,35.562,77724,68820064.0,47.994025,2951036.8,718.3759858,IT=18;18 ,ii
20850,UP 2,36.205,80292,68320608.0,48.000015,2699535.8,730.84096,IT=18;18 ,ii
20851,UP 2,35.943,76428,68054912.0,48.003992,2667000.8,730.8409937,IT=18;18 ,ii
20854,UP 2,34.832,78324,69814976.0,48.01194,2630136.5,730.8408296,IT=17;17 ,ii
20855,UP 2,34.981,78520,69536544.0,48.015919,2542668.5,730.8410855,IT=17;17 ,ii
20859,UP 2,35.299,79952,70343064.0,48.023698,2443021.2,391.2843376,IT=18;18 ,ii
20862,UP 2,34.710,80256,71064104.0,48.03,2336902.8,391.2841763,IT=17;17 ,ii
20863,UP 2,34.372,78404,71450072.0,48.034158,2527109.2,391.2842532,IT=17;17 ,ii
20865,UP 2,34.768,80292,71358560.0,48.03869,2388649.0,680.8523987,IT=17;17 ,ii
20866,UP 2,35.048,79760,71033952.0,48.042671,2665057.8,543.3143975,IT=18;18 ,ii
20867,UP 2,33.294,78204,72634608.0,48.046787,3148056.0,543.3143602,IT=17;17 ,ii
20868,UP 2,35.243,75792,70620808.0,48.050958,3372228.5,543.3144491,IT=18;18 ,ii
20871,UP 2,34.970,77612,73210768.0,48.056919,4056470.8,543.3143291,IT=17;17 ,ii
20872,UP 2,34.051,79388,72427416.0,48.061052,4329963.5,543.3144444,IT=17;17 ,ii
20876,UP 2,33.170,74384,71198584.0,48.068852,4885016.0,543.3143177,IT=17;17 ,ii
20877,UP 2,33.833,77352,73177904.0,48.073,5418783.5,543.3145395,IT=17;17 ,ii
20880,UP 2,33.213,73476,72519720.0,48.079225,5896408.0,543.314355,IT=17;17 ,ii
20881,UP 2,32.104,74996,73318304.0,48.083346,6184755.5,543.3144469,IT=16;16 ,ii
20885,UP 2,32.482,75196,74035840.0,48.091418,6587393.5,543.3144473,IT=16;16 ,ii
20886,UP 2,32.750,74508,73061520.0,48.095393,6578262.0,543.3144672,IT=16;16 ,ii
20890,UP 2,32.657,72416,71080560.0,48.103131,6707231.0,543.3144277,IT=16;16 ,ii
20891,UP 2,33.620,75936,71190136.0,48.107295,6481554.0,543.3144755,IT=17;17 ,ii
20892,UP 2,34.543,82464,73396936.0,48.111281,6322800.5,543.3144614,IT=17;17 ,ii
20894,UP 2,33.944,77448,71478512.0,48.115633,6222614.5,543.3144208,IT=17;17 ,ii
20895,UP 2,33.186,76104,72417984.0,48.119768,5883619.0,543.3144269,IT=17;17 ,ii
20897,UP 2,34.072,77328,71146832.0,48.124272,5476899.0,543.3142585,IT=17;17 ,ii
20898,UP 2,34.902,81992,72666224.0,48.128262,5415375.0,543.3141616,IT=17;17 ,ii
20899,UP 2,34.842,79104,72847800.0,48.132406,5185963.5,543.3143533,IT=17;17 ,ii
20901,UP 2,34.600,77848,70965320.0,48.136749,4690500.0,543.3142989,IT=17;17 ,ii
20902,UP 2,35.557,77272,69430024.0,48.140914,4407221.0,543.3143347,IT=18;18 ,ii
20905,UP 2,36.656,78516,71016272.0,48.147208,3838885.8,543.3142266,IT=18;18 ,ii
20906,UP 2,34.021,72984,69569208.0,48.151318,3547392.8,543.3143052,IT=17;17 ,ii
20907,UP 2,37.505,83784,70193152.0,48.155518,3485980.0,501.2798706,IT=19;19 ,ii
20911,UP 2,35.479,78796,70491408.0,48.163587,3577393.8,501.2797783,IT=18;18 ,ii
20912,UP 2,37.867,79764,68511656.0,48.167784,3573728.5,501.2799165,IT=19;19 ,ii
20916,UP 2,36.807,82756,67986496.0,48.175668,3486183.2,501.2798515,IT=18;18 ,ii
20917,UP 2,39.006,85736,67644880.0,48.179924,3319999.5,501.2799932,IT=20;20 ,ii
20922,UP 2,41.241,84244,63065312.0,48.189961,2945188.8,501.2798907,IT=21;21 ,ii
20923,UP 2,41.462,86108,63491024.0,48.194141,2759749.0,501.2799358,IT=21;21 ,ii
20926,UP 2,40.111,86928,62129972.0,48.20047,2497129.2,501.2798962,IT=20;20 ,ii
20927,UP 2,43.147,88136,60941892.0,48.20469,2355449.8,501.279965,IT=22;22 ,ii
20932,UP 2,45.595,90360,56554892.0,48.214484,2190327.2,391.2842808,IT=23;23 ,ii
20933,UP 2,47.965,88040,54031464.0,48.218526,2185395.5,391.2843403,IT=24;24 ,ii
20934,UP 2,48.429,92592,54723296.0,48.222709,2126536.5,391.2844796,IT=24;24 ,ii
20938,UP 2,47.234,88880,54552844.0,48.231015,2218024.5,391.2844295,IT=24;24 ,ii
20939,UP 2,47.430,93152,55464232.0,48.235026,2140928.8,391.2845187,IT=24;24 ,ii
20943,UP 2,46.206,88328,56933460.0,48.242994,2248626.5,391.2844155,IT=23;23 ,ii
20944,UP 2,47.187,88768,55243128.0,48.247188,2034584.9,391.2845517,IT=24;24 ,ii
20949,UP 2,44.962,90448,58538528.0,48.256996,2159991.0,391.2844131,IT=22;22 ,ii
20950,UP 2,42.721,89696,59089500.0,48.260965,2179534.8,391.2844653,IT=21;21 ,ii
20954,UP 2,39.866,86844,62571160.0,48.269159,2294120.8,391.284407,IT=20;20 ,ii
20955,UP 2,39.605,91844,65148976.0,48.273323,2354458.2,391.2844236,IT=20;20 ,ii
20961,UP 2,38.776,88084,67141168.0,48.284865,2346558.0,391.2843559,IT=19;19 ,ii
20962,UP 2,35.278,82476,68741608.0,48.288975,2422844.8,391.2842981,IT=18;18 ,ii
20968,UP 2,35.753,80592,70145792.0,48.300444,2328581.0,391.2842272,IT=18;18 ,ii
20969,UP 2,34.907,83040,71784112.0,48.304411,2538437.0,775.9132433,IT=17;17 ,ii
20972,UP 2,34.054,79940,71631384.0,48.310371,2578310.0,775.9133156,IT=17;17 ,ii
20976,UP 2,35.599,83672,71940168.0,48.318509,2678124.8,775.9130696,IT=18;18 ,ii
20977,UP 2,33.906,81776,73939968.0,48.322638,2627216.2,775.9131639,IT=17;17 ,ii
20982,UP 2,33.494,81048,73564072.0,48.332277,2542020.5,775.9130795,IT=17;17 ,ii
20983,UP 2,34.180,86252,74881504.0,48.33626,2627756.0,391.2842712,IT=17;17 ,ii
20986,UP 2,33.063,82468,75088072.0,48.343217,2442183.0,391.2841355,IT=17;17 ,ii
20987,UP 2,33.004,83452,75869880.0,48.347354,2374587.0,391.2842544,IT=17;17 ,ii
20990,UP 2,36.573,82776,75322760.0,48.353656,2303349.2,391.2842727,IT=18;18 ,ii
20991,UP 2,32.618,83220,76674440.0,48.357577,2372290.2,391.2842868,IT=16;16 ,ii
20996,UP 2,33.298,82144,75902992.0,48.367285,2388238.0,622.6790691,IT=17;17 ,ii
20997,UP 2,34.395,84768,77900168.0,48.371444,2415449.5,391.2843031,IT=17;17 ,ii
21003,UP 2,33.462,82904,78801568.0,48.382921,2483905.0,391.2842179,IT=17;17 ,ii
21004,UP 2,31.867,83572,80313744.0,48.387033,2596172.0,622.3448475,IT=16;16 ,ii
21005,UP 2,30.605,80708,81035224.0,48.391143,2584253.8,622.679084,IT=15;15 ,ii
21008,UP 2,32.108,81948,80638160.0,48.397022,2500252.8,391.2841474,IT=16;16 ,ii
21009,UP 2,31.742,83844,82202048.0,48.401152,2492341.8,622.6789372,IT=16;16 ,ii
21014,UP 2,31.767,80136,82991448.0,48.410724,2470153.0,391.2841712,IT=16;16 ,ii
21015,UP 2,32.343,82840,84259544.0,48.414693,2428371.5,391.284241,IT=16;16 ,ii
21020,UP 2,31.038,78752,82257728.0,48.424281,2319605.2,391.2841786,IT=16;16 ,ii
21021,UP 2,31.416,83148,84750048.0,48.428666,2423756.8,391.2841478,IT=16;16 ,ii
21022,UP 2,29.608,79440,84097760.0,48.432764,2380478.8,391.2842453,IT=15;15 ,ii
21025,UP 2,29.307,79896,84626672.0,48.438637,2515301.0,391.2840906,IT=15;15 ,ii
21026,UP 2,30.324,77060,84520360.0,48.442603,2358961.0,391.2841858,IT=15;15 ,ii
21031,UP 2,28.525,73872,84652360.0,48.452399,2411285.8,830.4517411,IT=14;14 ,ii
21032,UP 2,28.371,74540,85720824.0,48.456512,2510738.8,830.4519442,IT=14;14 ,ii
21037,UP 2,27.114,78320,85067896.0,48.466305,2714736.2,830.4518596,IT=14;14 ,ii
21038,UP 2,27.372,73560,85141248.0,48.470424,2801935.8,830.4516683,IT=14;14 ,ii
21039,UP 2,28.414,77384,86835144.0,48.474384,2970921.2,830.4516377,IT=14;14 ,ii
21040,UP 2,27.211,73424,84573472.0,48.478489,2886563.0,830.4519463,IT=14;14 ,ii
21043,UP 2,26.859,74288,85231592.0,48.484301,2963257.5,830.4518303,IT=13;13 ,ii
21044,UP 2,27.248,76312,86745712.0,48.488422,3045460.2,830.4520227,IT=14;14 ,ii
21047,UP 2,26.313,73284,85348120.0,48.494482,3120780.5,830.4519655,IT=13;13 ,ii
21048,UP 2,26.674,73760,86416608.0,48.498593,3132953.8,792.8800712,IT=13;13 ,ii
21051,UP 2,26.941,73104,87924848.0,48.504682,3244428.0,792.8800917,IT=13;13 ,ii
21052,UP 2,26.251,72468,86512352.0,48.508778,3275229.8,792.8804093,IT=13;13 ,ii
21056,UP 2,25.974,70688,84991064.0,48.516732,4041593.0,560.3245899,IT=13;13 ,ii
21057,UP 2,25.477,67288,84835304.0,48.52082,4496116.0,560.324594,IT=13;13 ,ii
21058,UP 2,26.626,70992,85001416.0,48.524936,4987207.0,560.3246456,IT=13;13 ,ii
21062,UP 2,26.600,70204,85231184.0,48.532905,6130794.0,560.3246096,IT=13;13 ,ii
21068,UP 2,24.941,67832,86263176.0,48.544207,7872355.0,560.3244996,IT=12;12 ,ii
21069,UP 2,24.558,66240,85861696.0,48.548132,8403737.0,560.3245123,IT=12;12 ,ii
21072,UP 2,25.630,69204,87668504.0,48.554196,9169851.0,560.3244879,IT=13;13 ,ii
21073,UP 2,25.488,67068,87837232.0,48.558292,9831728.0,560.3245765,IT=13;13 ,ii
21078,UP 2,26.005,63692,83358968.0,48.567769,9838000.0,560.32487,IT=13;13 ,ii
21083,UP 2,26.268,65956,83814424.0,48.577273,10281985.0,560.3247784,IT=13;13 ,ii
21084,UP 2,25.966,64988,81719344.0,48.581207,9840052.0,560.3249246,IT=13;13 ,ii
21090,UP 2,29.494,70088,79542792.0,48.592644,9135377.0,560.3246649,IT=15;15 ,ii
21095,UP 2,31.374,73384,74703968.0,48.604219,7664366.5,560.3247324,IT=16;16 ,ii
21096,UP 2,32.066,76400,74127984.0,48.608196,7361376.0,560.3247003,IT=16;16 ,ii
21097,UP 2,33.560,79068,73688408.0,48.612371,6765334.5,560.3248375,IT=17;17 ,ii
21099,UP 2,33.884,80784,71217792.0,48.616867,6000501.5,560.3246513,IT=17;17 ,ii
21100,UP 2,34.210,78776,69981136.0,48.621013,5719739.0,560.3248027,IT=17;17 ,ii
21103,UP 2,35.024,77480,67720480.0,48.626977,4996930.5,560.3246988,IT=18;18 ,ii
21104,UP 2,37.854,84232,67331616.0,48.631177,4585052.0,560.324927,IT=19;19 ,ii
21106,UP 2,39.220,86256,66264292.0,48.635783,4007996.8,560.3247198,IT=20;20 ,ii
21107,UP 2,37.633,85956,65212864.0,48.639758,3648845.0,560.3247822,IT=19;19 ,ii
21108,UP 2,38.898,84388,63072120.0,48.643944,3280474.0,560.324947,IT=19;19 ,ii
21109,UP 2,40.461,85736,62628160.0,48.648148,3031601.5,560.3250031,IT=20;20 ,ii
21111,UP 2,41.374,89136,63100712.0,48.652775,2688628.0,560.3249145,IT=21;21 ,ii
21112,UP 2,40.577,87932,61202336.0,48.656935,2329064.0,560.3251027,IT=20;20 ,ii
21115,UP 2,42.553,90272,61199060.0,48.663321,2239033.5,391.2842845,IT=21;21 ,ii
21116,UP 2,41.865,89796,61300560.0,48.667496,2370785.5,391.2843309,IT=21;21 ,ii
21119,UP 2,43.303,87744,59582444.0,48.673579,2253360.2,391.2843771,IT=22;22 ,ii
21123,UP 2,42.616,85940,60993044.0,48.681504,2298390.2,391.2842604,IT=21;21 ,ii
21124,UP 2,41.401,90756,62235132.0,48.685675,2285252.2,391.2844253,IT=21;21 ,ii
21130,UP 2,37.951,85888,64389060.0,48.69722,2334965.2,391.2843186,IT=19;19 ,ii
21131,UP 2,35.764,84784,67582896.0,48.701346,2448051.2,391.284319,IT=18;18 ,ii
21137,UP 2,33.960,84940,71768912.0,48.712812,3207200.5,660.840105,IT=17;17 ,ii
21138,UP 2,32.575,77656,72193552.0,48.716933,3595431.2,660.8402996,IT=16;16 ,ii
21143,UP 2,30.526,74556,74377424.0,48.726466,4848716.0,660.8402388,IT=15;15 ,ii
21149,UP 2,27.981,70720,79484560.0,48.737877,6314532.0,660.8400515,IT=14;14 ,ii
21150,UP 2,28.567,72996,80365968.0,48.741997,6466487.5,660.8403095,IT=14;14 ,ii
21152,UP 2,27.923,72068,81823856.0,48.746262,6953184.0,660.8401372,IT=14;14 ,ii
21153,UP 2,27.403,73228,83171232.0,48.750374,7347739.0,660.8403223,IT=14;14 ,ii
21158,UP 2,28.038,72144,82328096.0,48.759908,7547379.0,660.8403947,IT=14;14 ,ii
21162,UP 2,28.453,73588,79477200.0,48.768647,7269616.5,660.8403719,IT=14;14 ,ii
21165,UP 2,29.199,73604,78430352.0,48.774483,7109435.0,660.8403508,IT=15;15 ,ii
21166,UP 2,30.410,75772,79712776.0,48.778449,6985475.5,660.840297,IT=15;15 ,ii
21168,UP 2,30.101,76748,77249320.0,48.782912,6598874.0,660.8402298,IT=15;15 ,ii
21169,UP 2,32.004,75384,75232736.0,48.787074,6266709.0,660.8404065,IT=16;16 ,ii
21171,UP 2,31.980,75136,73307160.0,48.791395,5719944.5,660.8402122,IT=16;16 ,ii
21172,UP 2,34.355,76764,71664512.0,48.795572,5255216.0,660.8403416,IT=17;17 ,ii
21175,UP 2,34.665,80596,68612856.0,48.801791,4412205.5,660.8402224,IT=17;17 ,ii
21176,UP 2,36.935,81524,67904976.0,48.805809,4108645.2,660.8402216,IT=18;18 ,ii
21177,UP 2,36.870,79848,66601076.0,48.80997,3877219.0,660.8404134,IT=18;18 ,ii
21180,UP 2,37.412,82788,64741064.0,48.816257,3083859.5,660.8401843,IT=19;19 ,ii
21181,UP 2,38.867,81924,64825612.0,48.820453,2886603.0,660.8403096,IT=19;19 ,ii
21184,UP 2,37.173,81232,63188932.0,48.82672,2436609.5,660.8404787,IT=19;19 ,ii
21185,UP 2,39.966,82824,61587584.0,48.830928,2321554.0,391.2842745,IT=20;20 ,ii
21190,UP 2,41.197,86176,61701960.0,48.840667,2291038.0,391.2840726,IT=21;21 ,ii
21191,UP 2,39.915,80236,59655416.0,48.844955,2212568.8,391.2842253,IT=20;20 ,ii
21194,UP 2,39.019,82736,62801944.0,48.850967,2433769.5,391.2842751,IT=20;20 ,ii
21198,UP 2,39.539,85144,62412912.0,48.858849,2302081.5,391.2842437,IT=20;20 ,ii
21199,UP 2,39.180,85956,64504620.0,48.863013,2383479.0,391.2842565,IT=20;20 ,ii
21203,UP 2,37.092,79716,67157720.0,48.870844,3045252.2,807.4548808,IT=19;19 ,ii
21204,UP 2,35.769,75096,67500704.0,48.874811,3328936.0,807.4548673,IT=18;18 ,ii
21206,UP 2,35.394,78296,71217504.0,48.879188,3860436.2,807.4546683,IT=18;18 ,ii
21207,UP 2,33.890,76976,72676776.0,48.883315,4459889.0,807.4547963,IT=17;17 ,ii
21209,UP 2,32.350,77092,74681600.0,48.887619,4821753.0,807.4544514,IT=16;16 ,ii
21210,UP 2,31.831,76556,76263128.0,48.891744,5344450.5,807.4545111,IT=16;16 ,ii
21211,UP 2,31.040,76972,79770224.0,48.895692,6018378.5,807.4547951,IT=16;16 ,ii
21215,UP 2,28.403,73512,83500232.0,48.903673,6846448.0,807.4542331,IT=14;14 ,ii
21216,UP 2,28.384,75196,86446608.0,48.907788,7283653.0,807.4545968,IT=14;14 ,ii
21220,UP 2,27.332,69420,87263800.0,48.915434,8049258.0,807.4546547,IT=14;14 ,ii
21224,UP 2,26.504,66304,87413632.0,48.923102,8489377.0,807.4546554,IT=13;13 ,ii
21225,UP 2,26.366,69080,88330648.0,48.927092,8804917.0,807.4548367,IT=13;13 ,ii
21230,UP 2,26.340,69528,89254936.0,48.936575,9059374.0,807.4545645,IT=13;13 ,ii
21231,UP 2,26.486,63636,82987552.0,48.940675,8220438.0,807.4546419,IT=13;13 ,ii
21232,UP 2,28.174,72280,87144120.0,48.944821,8630082.0,807.4549576,IT=14;14 ,ii
21235,UP 2,27.172,70996,84912536.0,48.950958,8217701.0,807.4545744,IT=14;14 ,ii
21236,UP 2,28.950,71964,83831120.0,48.954927,8172584.5,807.4547084,IT=14;14 ,ii
21237,UP 2,30.249,75096,81838824.0,48.959065,7752808.0,807.4550688,IT=15;15 ,ii
21242,UP 2,32.162,77436,76597952.0,48.968656,6341648.5,807.4549568,IT=16;16 ,ii
21245,UP 2,34.337,75356,70459336.0,48.974987,5672898.5,807.4548547,IT=17;17 ,ii
21246,UP 2,35.675,78512,69925864.0,48.979154,5398150.0,807.4547895,IT=18;18 ,ii
21247,UP 2,37.687,79952,65769664.0,48.98336,4767668.5,807.4550486,IT=19;19 ,ii
21250,UP 2,38.118,83052,64835516.0,48.989658,4294779.5,807.4548979,IT=19;19 ,ii
21251,UP 2,40.489,79868,63102708.0,48.99386,3883605.5,807.4548863,IT=20;20 ,ii
21252,UP 2,42.270,84136,61202032.0,48.997891,3515751.2,807.4551171,IT=21;21 ,ii
21253,UP 2,43.742,84512,58741760.0,49.002091,3114299.5,807.4551103,IT=22;22 ,ii
21255,UP 2,46.162,89892,58578820.0,49.00665,2737714.2,807.4548633,IT=23;23 ,ii
21256,UP 2,48.146,91920,55852320.0,49.010858,2355513.0,807.4553138,IT=24;24 ,ii
21259,UP 2,49.553,88300,55030804.0,49.017068,2279703.0,391.2842487,IT=25;25 ,ii
21260,UP 2,50.000,91384,54296208.0,49.021247,2283828.5,391.2842989,IT=25;25 ,ii
21261,UP 2,50.000,91732,53665252.0,49.025418,2257393.2,391.2842584,IT=25;25 ,ii
21264,UP 2,50.000,93612,54116712.0,49.031629,2218230.0,391.2843665,IT=25;25 ,ii
21267,UP 2,50.000,89304,52090132.0,49.038156,2244935.8,391.2842708,IT=25;25 ,ii
21268,UP 2,50.000,84748,52498248.0,49.042329,2245979.2,391.284292,IT=25;25 ,ii
21271,UP 2,50.000,89048,52701332.0,49.048556,2167029.2,391.2841326,IT=25;25 ,ii
21272,UP 2,50.000,89628,53078424.0,49.052737,2128126.0,391.2842193,IT=25;25 ,ii
21276,UP 2,50.000,87968,54158460.0,49.061089,2244197.0,391.2840228,IT=25;25 ,ii
21277,UP 2,50.000,89072,55656636.0,49.065266,2352298.0,391.2840462,IT=25;25 ,ii
21278,UP 2,47.677,85364,55801068.0,49.069397,2360335.8,391.2841647,IT=24;24 ,ii
21282,UP 2,49.021,82172,56095816.0,49.077472,2187681.2,391.2842429,IT=25;25 ,ii
21283,UP 2,47.323,87360,57783684.0,49.081616,2264608.2,391.2841948,IT=24;24 ,ii
21284,UP 2,47.847,83764,56414676.0,49.085805,2227449.5,391.2842803,IT=24;24 ,ii
21287,UP 2,44.284,80028,56792740.0,49.09192,2316377.2,391.2841488,IT=22;22 ,ii
21288,UP 2,41.932,82080,58238600.0,49.096243,2259031.5,391.2841981,IT=21;21 ,ii
21289,UP 2,43.100,76368,57721152.0,49.100441,2385751.0,547.8636115,IT=22;22 ,ii
21293,UP 2,39.669,73640,56936232.0,49.108297,2587390.8,547.8633538,IT=20;20 ,ii
21294,UP 2,40.970,77352,58298288.0,49.112501,2911509.5,547.8634513,IT=20;20 ,ii
21297,UP 2,41.165,75508,57908784.0,49.118828,2888104.0,547.8633582,IT=21;21 ,ii
21298,UP 2,40.347,81768,59528212.0,49.122989,3151373.5,547.8635233,IT=20;20 ,ii
21300,UP 2,40.621,78732,57329760.0,49.127601,3144825.5,547.8633753,IT=20;20 ,ii
21301,UP 2,40.291,76360,57442272.0,49.131778,3092275.2,547.8633625,IT=20;20 ,ii
21302,UP 2,40.689,76436,56093252.0,49.135782,3022444.2,547.8634393,IT=20;20 ,ii
21303,UP 2,40.385,76932,55003072.0,49.139953,2893676.2,547.8634742,IT=20;20 ,ii
21304,UP 2,41.348,74032,54714608.0,49.144153,2947125.8,547.8634631,IT=21;21 ,ii
21305,UP 2,40.881,77348,54932844.0,49.148322,2846721.8,547.8634039,IT=20;20 ,ii
21306,UP 2,41.116,77256,55468644.0,49.15234,2870213.5,547.8633542,IT=21;21 ,ii
21307,UP 2,41.385,79620,54778872.0,49.156536,2558081.5,547.8633614,IT=21;21 ,ii
21308,UP 2,42.273,79548,54790212.0,49.160734,2509070.8,547.8634295,IT=21;21 ,ii
21312,UP 2,45.091,80320,52880272.0,49.16898,2268893.0,391.2842402,IT=23;23 ,ii
21313,UP 2,44.423,84156,52609464.0,49.172986,2312418.5,391.284254,IT=22;22 ,ii
21314,UP 2,44.308,80496,52021844.0,49.177349,2218463.2,391.2842356,IT=22;22 ,ii
21317,UP 2,44.171,75832,51774712.0,49.183494,2246752.2,391.2841519,IT=22;22 ,ii
21318,UP 2,46.212,81104,51325448.0,49.187723,2148731.8,391.2842846,IT=23;23 ,ii
21321,UP 2,46.890,82488,50947204.0,49.194186,2201183.0,391.284204,IT=23;23 ,ii
21322,UP 2,47.736,85340,51677244.0,49.19838,2124775.2,391.2841643,IT=24;24 ,ii
21325,UP 2,45.889,80760,50593428.0,49.204815,2151631.2,391.2842082,IT=23;23 ,ii
21326,UP 2,46.806,84212,50931164.0,49.209005,2296684.0,391.2843465,IT=23;23 ,ii
21330,UP 2,46.438,85456,51415180.0,49.216986,2302443.2,391.2842245,IT=23;23 ,ii
21331,UP 2,46.871,87864,51908100.0,49.220994,2298464.0,391.2842351,IT=23;23 ,ii
21334,UP 2,48.465,87676,49573944.0,49.227465,2170895.2,391.2842573,IT=24;24 ,ii
21335,UP 2,48.744,84508,49307072.0,49.231471,2157664.0,391.2843052,IT=24;24 ,ii
21336,UP 2,50.000,86384,48882556.0,49.235663,2130792.2,391.2843512,IT=25;25 ,ii
21339,UP 2,48.968,86916,50112856.0,49.242123,2200165.8,391.2841816,IT=24;24 ,ii
21340,UP 2,50.000,90392,49717468.0,49.246313,2169142.0,391.2842555,IT=25;25 ,ii
21341,UP 2,48.592,85616,48770316.0,49.250458,2260050.5,391.284347,IT=24;24 ,ii
21346,UP 2,49.716,85732,49311656.0,49.260654,2247261.2,391.2843312,IT=25;25 ,ii
21347,UP 2,47.085,85836,48998960.0,49.265058,2221231.0,391.2843284,IT=24;24 ,ii
21351,UP 2,50.000,88772,49180588.0,49.273456,2319559.8,391.2842185,IT=25;25 ,ii
21352,UP 2,50.000,87740,48326448.0,49.277627,2145371.2,391.2843264,IT=25;25 ,ii
21356,UP 2,50.000,86500,49245336.0,49.285714,2152903.5,391.2842683,IT=25;25 ,ii
21357,UP 2,50.000,90260,49634676.0,49.2899,2156214.5,391.2841879,IT=25;25 ,ii
21359,UP 2,49.560,91568,49856144.0,49.294514,2191138.0,391.2841851,IT=25;25 ,ii
21360,UP 2,50.000,86400,50735856.0,49.298708,2149550.2,391.2842064,IT=25;25 ,ii
21361,UP 2,48.578,86692,50978552.0,49.302852,2282940.8,391.2842737,IT=24;24 ,ii
21364,UP 2,48.359,87436,50409924.0,49.309321,2224383.2,391.2842604,IT=24;24 ,ii
21365,UP 2,49.511,91264,51177980.0,49.313512,2248984.2,391.284196,IT=25;25 ,ii
21366,UP 2,47.696,88544,52203740.0,49.317485,2283163.5,391.2842157,IT=24;24 ,ii
21367,UP 2,47.242,84052,52109380.0,49.321654,2295949.0,391.2842705,IT=24;24 ,ii
21369,UP 2,47.556,84040,51090136.0,49.326229,2237747.0,391.2841566,IT=24;24 ,ii
21370,UP 2,46.751,85048,52172224.0,49.330389,2213295.5,391.2842126,IT=23;23 ,ii
21371,UP 2,47.420,84804,51934668.0,49.334575,2338445.2,391.2841244,IT=24;24 ,ii
21372,UP 2,47.061,81180,51344132.0,49.33857,2230839.8,801.9490207,IT=24;24 ,ii
21375,UP 2,47.842,87536,52187524.0,49.346758,2261216.2,801.9490633,IT=24;24 ,ii
21376,UP 2,46.931,81924,51144352.0,49.350914,2243210.5,801.9491287,IT=23;23 ,ii
21377,UP 2,46.626,78580,50550156.0,49.354914,2300700.8,391.2842453,IT=23;23 ,ii
21380,UP 2,46.889,81064,49452708.0,49.361072,2161857.0,391.2841803,IT=23;23 ,ii
21381,UP 2,47.672,83696,51322480.0,49.365087,2280843.5,391.2841295,IT=24;24 ,ii
21382,UP 2,48.193,84328,50134064.0,49.369274,2336434.5,391.2842881,IT=24;24 ,ii
21383,UP 2,48.394,83012,48010056.0,49.373456,2270151.8,496.2771441,IT=24;24 ,ii
21384,UP 2,50.000,84060,47590080.0,49.37767,2286246.5,391.2842293,IT=25;25 ,ii
21385,UP 2,50.000,86540,48166936.0,49.381672,2222241.0,496.2772034,IT=25;25 ,ii
21388,UP 2,50.000,85704,47845664.0,49.388153,2222666.8,496.2770831,IT=25;25 ,ii
21389,UP 2,50.000,90052,48395588.0,49.392158,2266492.5,496.2770152,IT=25;25 ,ii
21390,UP 2,49.648,84904,49276748.0,49.396326,2272566.5,391.2841608,IT=25;25 ,ii
21391,UP 2,50.000,84040,48510432.0,49.400508,2262463.8,391.2843271,IT=25;25 ,ii
21393,UP 2,50.000,83264,48033924.0,49.405291,2211660.2,391.2841718,IT=25;25 ,ii
21394,UP 2,50.000,83996,48645824.0,49.40946,2195480.5,391.2843109,IT=25;25 ,ii
21396,UP 2,50.000,87560,50101976.0,49.414078,2239646.0,391.2842881,IT=25;25 ,ii
21397,UP 2,49.689,87652,50779880.0,49.418243,2164086.2,391.2842547,IT=25;25 ,ii
21399,UP 2,47.553,82652,51652132.0,49.422807,2284391.2,391.2842623,IT=24;24 ,ii
21400,UP 2,45.884,81152,52277752.0,49.427197,2234018.8,391.2842512,IT=23;23 ,ii
21401,UP 2,43.437,81916,54951684.0,49.431351,2372707.2,391.2842186,IT=22;22 ,ii
21406,UP 2,40.150,78600,57981808.0,49.44103,3494000.2,710.3783919,IT=20;20 ,ii
21407,UP 2,39.627,77884,60744676.0,49.44502,4117840.0,710.3783471,IT=20;20 ,ii
21408,UP 2,39.336,80208,62542464.0,49.449182,4402039.5,710.3784767,IT=20;20 ,ii
21412,UP 2,34.196,71364,66802520.0,49.45727,5514432.5,710.3784228,IT=17;17 ,ii
21413,UP 2,34.289,71384,66394508.0,49.46124,5675248.0,710.3783967,IT=17;17 ,ii
21415,UP 2,32.195,73380,70239736.0,49.465563,6343256.0,710.3782493,IT=16;16 ,ii
21416,UP 2,32.076,71904,72419816.0,49.469692,6776684.0,710.3782033,IT=16;16 ,ii
21417,UP 2,30.849,69668,72270272.0,49.473807,6908279.5,710.3784798,IT=15;15 ,ii
21421,UP 2,28.755,69964,75439776.0,49.481515,7274253.0,710.3781663,IT=14;14 ,ii
21422,UP 2,30.020,70644,76285728.0,49.485651,7509098.0,710.3783521,IT=15;15 ,ii
21426,UP 2,29.450,69440,76283304.0,49.493346,7367403.0,710.3779301,IT=15;15 ,ii
21427,UP 2,28.838,71688,76672760.0,49.497459,7213395.0,710.3782418,IT=14;14 ,ii
21431,UP 2,28.191,68056,76371560.0,49.505398,6790183.0,710.3779966,IT=14;14 ,ii
21432,UP 2,30.648,69152,74326496.0,49.509463,6353356.0,710.3782535,IT=15;15 ,ii
21434,UP 2,29.597,69464,73521712.0,49.513728,5963909.0,710.3777803,IT=15;15 ,ii
21435,UP 2,29.900,71220,73948400.0,49.517871,5595058.0,710.3780775,IT=15;15 ,ii
21436,UP 2,31.292,73808,74039368.0,49.522023,5253151.0,710.3781978,IT=16;16 ,ii
21439,UP 2,31.220,74020,73244592.0,49.528196,4414886.0,710.3782774,IT=16;16 ,ii
21440,UP 2,32.136,72664,71108376.0,49.532342,4221174.5,710.3782706,IT=16;16 ,ii
21444,UP 2,33.238,72132,69286952.0,49.540132,3271804.0,710.3780874,IT=17;17 ,ii
21445,UP 2,33.696,73292,68129000.0,49.544286,2785924.0,710.3782288,IT=17;17 ,ii
21448,UP 2,34.179,73196,67773136.0,49.550507,3045310.0,782.3811382,IT=17;17 ,ii
21449,UP 2,37.344,76824,65032284.0,49.554702,2980400.2,782.3813878,IT=19;19 ,ii
21451,UP 2,36.160,78156,66321244.0,49.559254,3239855.2,782.3812306,IT=18;18 ,ii
21454,UP 2,37.777,77860,62253796.0,49.565575,3249736.2,782.3811759,IT=19;19 ,ii
21455,UP 2,39.023,78588,62325280.0,49.569759,3326046.8,782.3815505,IT=20;20 ,ii
21459,UP 2,40.172,78476,60895856.0,49.57794,3188801.8,782.3813157,IT=20;20 ,ii
21460,UP 2,41.083,82516,60571300.0,49.582127,3089020.0,782.3814056,IT=21;21 ,ii
21462,UP 2,41.861,79844,59297796.0,49.586623,2992374.8,782.3811738,IT=21;21 ,ii
21463,UP 2,42.069,79840,57079248.0,49.590802,2823122.0,782.3815691,IT=21;21 ,ii
21465,UP 2,44.732,85800,55423464.0,49.595323,2658921.8,782.3812806,IT=22;22 ,ii
21466,UP 2,44.900,83888,54552376.0,49.599506,2588974.5,782.3814169,IT=22;22 ,ii
21467,UP 2,45.523,83412,53411640.0,49.603696,2315588.5,391.2842712,IT=23;23 ,ii
21469,UP 2,47.330,85624,51787464.0,49.608281,2205416.0,391.284181,IT=24;24 ,ii
21470,UP 2,50.000,85312,50033272.0,49.6125,2180194.0,391.2842667,IT=25;25 ,ii
21471,UP 2,50.000,89904,50197696.0,49.616669,2250569.2,391.2843314,IT=25;25 ,ii
21474,UP 2,50.000,91752,49245956.0,49.62291,2246656.2,391.2842987,IT=25;25 ,ii
21475,UP 2,50.000,88896,47895136.0,49.626912,2254799.8,391.284184,IT=25;25 ,ii
21476,UP 2,50.000,88440,47089976.0,49.631083,2182972.0,391.2841855,IT=25;25 ,ii
21477,UP 2,50.000,86856,45579396.0,49.635266,2188402.8,391.2844329,IT=25;25 ,ii
21479,UP 2,50.000,88540,46187604.0,49.640039,2215187.8,391.2843113,IT=25;25 ,ii
21480,UP 2,50.000,86872,44734664.0,49.644221,2220356.5,391.2844121,IT=25;25 ,ii
21483,UP 2,50.000,85580,44170792.0,49.650743,2088473.9,391.2842595,IT=25;25 ,ii
21484,UP 2,50.000,89572,45180828.0,49.654912,2241907.5,391.2843055,IT=25;25 ,ii
21485,UP 2,50.000,83132,43770376.0,49.658922,2182021.8,391.2842131,IT=25;25 ,ii
21486,UP 2,50.000,86840,46212840.0,49.663093,2254106.0,391.2843376,IT=25;25 ,ii
21491,UP 2,50.000,88932,45088596.0,49.673297,2315096.2,391.2842948,IT=25;25 ,ii
21492,UP 2,50.000,89412,44667952.0,49.677756,2195594.2,391.2843742,IT=25;25 ,ii
21496,UP 2,50.000,86044,44655632.0,49.685787,2177556.2,391.2842447,IT=25;25 ,ii
21497,UP 2,50.000,83720,44282832.0,49.689958,2166333.2,391.2843448,IT=25;25 ,ii
21499,UP 2,50.000,84940,44958216.0,49.694568,2181802.0,391.2841575,IT=25;25 ,ii
21500,UP 2,50.000,84348,45218428.0,49.698753,2139428.2,391.2842139,IT=25;25 ,ii
21501,UP 2,50.000,87180,45995752.0,49.70292,2155408.2,391.2842957,IT=25;25 ,ii
21504,UP 2,50.000,88360,46600740.0,49.709447,2175370.0,391.2842428,IT=25;25 ,ii
21505,UP 2,50.000,85412,45948364.0,49.713616,2240772.0,391.2842562,IT=25;25 ,ii
21507,UP 2,48.310,84240,46656996.0,49.718382,2245102.0,391.2841249,IT=24;24 ,ii
21508,UP 2,49.997,84772,46494664.0,49.722418,2227120.5,391.2841908,IT=25;25 ,ii
21509,UP 2,50.000,83496,45691488.0,49.726593,2230462.0,582.3743584,IT=25;25 ,ii
21510,UP 2,50.000,87336,46494312.0,49.730768,2192656.2,391.2842397,IT=25;25 ,ii
21512,UP 2,50.000,85756,45047168.0,49.735576,2180796.0,582.3742651,IT=25;25 ,ii
21513,UP 2,50.000,82412,45148268.0,49.739751,2218090.2,391.2842099,IT=25;25 ,ii
21514,UP 2,50.000,81736,45020940.0,49.743766,2195692.5,391.284266,IT=25;25 ,ii
21515,UP 2,50.000,81764,44915412.0,49.747932,2238804.5,391.2842555,IT=25;25 ,ii
21516,UP 2,50.000,88156,44544976.0,49.752105,2234842.0,391.2843369,IT=25;25 ,ii
21518,UP 2,50.000,82808,43891212.0,49.756895,2123717.5,391.2842469,IT=25;25 ,ii
21519,UP 2,50.000,84228,43290092.0,49.761349,2200597.2,391.284363,IT=25;25 ,ii
21521,UP 2,50.000,80084,41274248.0,49.765978,2211544.5,391.2843087,IT=25;25 ,ii
21522,UP 2,50.000,87848,42023680.0,49.770157,2071190.4,391.2843338,IT=25;25 ,ii
21525,UP 2,50.000,82196,39989344.0,49.776645,2055464.0,391.284319,IT=25;25 ,ii
21526,UP 2,50.000,80784,39927044.0,49.780826,2174867.5,391.2842835,IT=25;25 ,ii
21527,UP 2,50.000,83784,39182960.0,49.785001,2216890.2,391.2843538,IT=25;25 ,ii
21528,UP 2,50.000,82220,38247940.0,49.789172,2115808.0,391.2844493,IT=25;25 ,ii
21530,UP 2,50.000,81760,38190004.0,49.793951,2200828.2,391.284323,IT=25;25 ,ii
21531,UP 2,50.000,87984,38049828.0,49.797965,2061838.0,391.284406,IT=25;25 ,ii
21535,UP 2,50.000,82944,36864128.0,49.806326,2092128.0,391.2843084,IT=25;25 ,ii
21536,UP 2,50.000,84576,36608948.0,49.810494,2096422.4,391.2844006,IT=25;25 ,ii
21540,UP 2,50.000,81732,35737816.0,49.81854,2171478.8,391.2843227,IT=25;25 ,ii
21541,UP 2,50.000,78988,33969916.0,49.822711,1980926.2,391.2844018,IT=25;25 ,ii
21542,UP 2,50.000,79512,33935416.0,49.82688,2096270.0,391.2843361,IT=25;25 ,ii
21543,UP 2,50.000,83456,34465128.0,49.831048,2145726.8,391.2843122,IT=25;25 ,ii
21544,UP 2,50.000,83600,34385376.0,49.835048,2159140.0,391.2843798,IT=25;25 ,ii
21545,UP 2,50.000,80428,33335310.0,49.839217,2080303.2,391.2843562,IT=25;25 ,ii
21546,UP 2,50.000,77996,33349036.0,49.843673,2085799.6,391.2843004,IT=25;25 ,ii
21547,UP 2,50.000,82308,32967428.0,49.847842,2084961.9,391.2843315,IT=25;25 ,ii
21548,UP 2,50.000,83072,32814586.0,49.852034,2096590.4,391.2843757,IT=25;25 ,ii
21549,UP 2,50.000,81696,32181932.0,49.856038,2021406.4,391.2842811,IT=25;25 ,ii
21550,UP 2,50.000,78112,31162080.0,49.860209,1992422.5,391.2843001,IT=25;25 ,ii
21551,UP 2,50.000,79952,31570298.0,49.864377,2086325.8,391.2843709,IT=25;25 ,ii
21552,UP 2,50.000,80740,30591412.0,49.868546,1980608.4,391.2843423,IT=25;25 ,ii
21553,UP 2,50.000,77624,30740038.0,49.872546,2140458.8,391.284471,IT=25;25 ,ii
21554,UP 2,50.000,80460,30372064.0,49.876713,2023349.6,391.2843884,IT=25;25 ,ii
21555,UP 2,50.000,80704,30942688.0,49.880884,2097394.5,391.2844451,IT=25;25 ,ii
21558,UP 2,50.000,80408,30380216.0,49.887373,2094293.8,391.2844334,IT=25;25 ,ii
21559,UP 2,50.000,77832,30027276.0,49.891546,2019642.2,391.2844547,IT=25;25 ,ii
21560,UP 2,50.000,79112,29639536.0,49.895715,2125058.0,391.2844129,IT=25;25 ,ii
21561,UP 2,50.000,76352,29533852.0,49.89989,2057906.8,391.2844586,IT=25;25 ,ii
21562,UP 2,50.000,82456,28689726.0,49.903892,2000001.4,391.2845552,IT=25;25 ,ii
21563,UP 2,50.000,82804,29756778.0,49.90806,2022190.5,391.2845069,IT=25;25 ,ii
21564,UP 2,50.000,78880,29761452.0,49.912231,2042848.6,391.2845269,IT=25;25 ,ii
21565,UP 2,50.000,79796,29569876.0,49.916402,2117909.2,391.2845764,IT=25;25 ,ii
21567,UP 2,50.000,80624,29817176.0,49.921181,2102662.8,391.2844538,IT=25;25 ,ii
21568,UP 2,50.000,80492,29279764.0,49.925631,2106170.5,391.2844742,IT=25;25 ,ii
21569,UP 2,50.000,80132,29718244.0,49.9298,2071439.6,391.2845078,IT=25;25 ,ii
21571,UP 2,50.000,76544,28926960.0,49.934425,2019907.0,391.2844441,IT=25;25 ,ii
21572,UP 2,50.000,78752,29623060.0,49.93861,2062317.2,391.2845274,IT=25;25 ,ii
21574,UP 2,50.000,81712,30405176.0,49.943387,2041996.8,391.284506,IT=25;25 ,ii
21575,UP 2,50.000,75892,30226062.0,49.947395,2188247.2,391.2845575,IT=25;25 ,ii
21576,UP 2,50.000,78272,29931750.0,49.951564,2102298.5,391.2845727,IT=25;25 ,ii
21579,UP 2,50.000,80824,31139824.0,49.95805,2131885.0,391.2844713,IT=25;25 ,ii
21580,UP 2,50.000,79564,30591908.0,49.962216,2002735.9,391.2845641,IT=25;25 ,ii
21582,UP 2,50.000,77672,30699268.0,49.966837,2034215.5,391.2844177,IT=25;25 ,ii
21583,UP 2,50.000,78580,30952480.0,49.971006,2045479.6,391.2843731,IT=25;25 ,ii
21584,UP 2,50.000,79416,30300972.0,49.975177,2075914.5,391.2843251,IT=25;25 ,ii
21585,UP 2,50.000,79688,30360244.0,49.979177,2075686.2,391.284525,IT=25;25 ,ii
21587,UP 2,50.000,82496,31108166.0,49.983779,2016011.2,391.284412,IT=25;25 ,ii
21588,UP 2,50.000,77800,30211400.0,49.987952,2020357.9,391.2845123,IT=25;25 ,ii
21591,UP 2,50.000,80028,30810090.0,49.994178,2073695.8,391.2845264,IT=25;25 ,ii
21592,UP 2,50.000,78684,31119132.0,49.998349,2167814.2,391.2844795,IT=25;25 ,ii
21595,UP 2,50.000,83492,31467540.0,50.004581,2022225.2,391.2845159,IT=25;25 ,ii
21596,UP 2,50.000,76596,30399272.0,50.009037,2039496.6,391.2845526,IT=25;25 ,ii
21598,UP 2,50.000,81552,31426242.0,50.013672,2091490.8,391.2844787,IT=25;25 ,ii
21599,UP 2,50.000,82992,31091916.0,50.017841,2032988.2,391.284538,IT=25;25 ,ii
21600,UP 2,50.000,83848,32180284.0,50.021845,2117958.0,391.284566,IT=25;25 ,ii
21602,UP 2,50.000,81844,31656470.0,50.026449,2096199.0,391.2844314,IT=25;25 ,ii
21603,UP 2,50.000,79088,31404940.0,50.030622,2122874.5,391.2844382,IT=25;25 ,ii
21604,UP 2,50.000,79896,31673302.0,50.034797,2138994.5,391.2844092,IT=25;25 ,ii
21605,UP 2,50.000,85112,32497692.0,50.038966,2059392.4,391.2843878,IT=25;25 ,ii
21606,UP 2,50.000,79820,31924766.0,50.042966,2086259.9,391.2843616,IT=25;25 ,ii
21607,UP 2,50.000,79168,32589690.0,50.047134,2018557.0,391.2845285,IT=25;25 ,ii
21611,UP 2,50.000,82564,33138538.0,50.055497,2025566.8,391.2844018,IT=25;25 ,ii
21612,UP 2,50.000,85516,34395684.0,50.059495,2163250.8,391.2843816,IT=25;25 ,ii
21615,UP 2,50.000,82060,33812412.0,50.065705,2134416.0,391.2843929,IT=25;25 ,ii
21616,UP 2,50.000,79444,33930428.0,50.069705,2111708.5,391.2845408,IT=25;25 ,ii
21620,UP 2,50.000,84748,35527156.0,50.077811,2079035.1,391.2843842,IT=25;25 ,ii
21621,UP 2,50.000,81992,35376804.0,50.081991,2010854.0,391.284412,IT=25;25 ,ii
21626,UP 2,50.000,83932,37137272.0,50.091878,1992634.0,391.2843351,IT=25;25 ,ii
21627,UP 2,50.000,89176,39405592.0,50.09634,2156649.8,391.2843971,IT=25;25 ,ii
21629,UP 2,50.000,90440,39970984.0,50.100959,2203301.5,391.2842816,IT=25;25 ,ii
21630,UP 2,50.000,87892,40286100.0,50.10513,2050412.5,391.2843386,IT=25;25 ,ii
21633,UP 2,50.000,85472,41278964.0,50.11159,2173042.5,391.2842819,IT=25;25 ,ii
21634,UP 2,50.000,86032,41997148.0,50.115761,2208569.0,391.2843996,IT=25;25 ,ii
21637,UP 2,50.000,85468,42026412.0,50.121969,2243053.2,391.2842215,IT=25;25 ,ii
21638,UP 2,50.000,84808,43724364.0,50.126146,2201791.2,391.2842295,IT=25;25 ,ii
21640,UP 2,49.943,87940,44755512.0,50.130913,2211972.5,391.2841882,IT=25;25 ,ii
21641,UP 2,49.809,83256,44154904.0,50.135082,2307174.8,391.2843155,IT=25;25 ,ii
21643,UP 2,50.000,85260,45584104.0,50.139859,2271416.5,391.284149,IT=25;25 ,ii
21644,UP 2,50.000,87744,45860056.0,50.143861,2224735.8,391.2842383,IT=25;25 ,ii
21645,UP 2,48.814,87268,45909300.0,50.148011,2157884.8,391.2841899,IT=24;24 ,ii
21646,UP 2,50.000,86020,45545864.0,50.1522,2117815.2,391.2842277,IT=25;25 ,ii
21647,UP 2,48.769,88592,46900740.0,50.156352,2230146.0,391.2842313,IT=24;24 ,ii
21648,UP 2,46.986,84004,45298024.0,50.160325,2107442.2,391.2843379,IT=23;23 ,ii
21651,UP 2,49.432,87276,45703564.0,50.166794,2239228.5,391.2842753,IT=25;25 ,ii
21652,UP 2,50.000,84232,45074996.0,50.170811,2270414.8,391.2842861,IT=25;25 ,ii
21653,UP 2,49.346,84756,44584524.0,50.175252,2164846.5,391.284316,IT=25;25 ,ii
21654,UP 2,50.000,83684,43669716.0,50.17944,2218321.8,391.2843091,IT=25;25 ,ii
21656,UP 2,48.625,81556,42371860.0,50.184202,2138169.0,391.2842735,IT=24;24 ,ii
21657,UP 2,50.000,87172,43964088.0,50.188394,2193609.8,391.2843013,IT=25;25 ,ii
21661,UP 2,50.000,83900,42255260.0,50.196467,2263832.2,391.2842085,IT=25;25 ,ii
21662,UP 2,50.000,86312,42288544.0,50.200644,2110595.2,391.2842368,IT=25;25 ,ii
21663,UP 2,50.000,83172,41204764.0,50.204821,2266574.5,391.2842375,IT=25;25 ,ii
21664,UP 2,50.000,87536,41415336.0,50.208823,2195922.0,391.284368,IT=25;25 ,ii
21666,UP 2,50.000,80384,39552000.0,50.213439,2091101.2,391.2842293,IT=25;25 ,ii
21667,UP 2,50.000,84456,40639708.0,50.217621,2280338.2,391.2843106,IT=25;25 ,ii
21668,UP 2,50.000,83348,39990600.0,50.221792,2084571.1,391.2843564,IT=25;25 ,ii
21669,UP 2,50.000,86532,39730080.0,50.22599,2117228.5,391.2844325,IT=25;25 ,ii
21673,UP 2,50.000,83684,39567964.0,50.234035,2092640.5,391.2843267,IT=25;25 ,ii
21674,UP 2,50.000,80992,39217140.0,50.238216,2200532.2,391.2842843,IT=25;25 ,ii
21675,UP 2,50.000,84540,40393028.0,50.242385,2166853.0,391.2842133,IT=25;25 ,ii
21676,UP 2,50.000,79568,39199468.0,50.246554,2061374.1,391.2843045,IT=25;25 ,ii
21677,UP 2,50.000,81592,39966540.0,50.250723,2202540.2,391.2841905,IT=25;25 ,ii
21678,UP 2,50.000,80928,40370428.0,50.254893,2202173.2,391.28421,IT=25;25 ,ii
21679,UP 2,50.000,78484,39565524.0,50.259352,2099844.8,391.2841575,IT=25;25 ,ii
21680,UP 2,50.000,81256,40041500.0,50.26352,2190745.2,391.2841919,IT=25;25 ,ii
21682,UP 2,50.000,78704,39355604.0,50.268308,2112478.8,391.2841083,IT=25;25 ,ii
21683,UP 2,50.000,79368,39615584.0,50.27231,2264091.0,391.2841432,IT=25;25 ,ii
21685,UP 2,50.000,77212,38644808.0,50.276929,2120232.0,391.2841289,IT=25;25 ,ii
21686,UP 2,50.000,80008,39866708.0,50.2811,2277832.5,391.2841214,IT=25;25 ,ii
21688,UP 2,50.000,80440,38991944.0,50.285716,2159119.5,391.2841483,IT=25;25 ,ii
21689,UP 2,50.000,80660,38024064.0,50.289885,2028390.9,391.2841637,IT=25;25 ,ii
21690,UP 2,50.000,77932,38042368.0,50.293889,2099603.5,391.2843067,IT=25;25 ,ii
21692,UP 2,50.000,82576,39236296.0,50.298506,2159444.8,391.2841742,IT=25;25 ,ii
21693,UP 2,50.000,76520,38012684.0,50.302679,2093490.8,391.2841555,IT=25;25 ,ii
21694,UP 2,50.000,80588,38514940.0,50.306845,2085203.4,391.284124,IT=25;25 ,ii
21695,UP 2,50.000,76956,38568000.0,50.311016,2226845.5,391.2842048,IT=25;25 ,ii
21697,UP 2,50.000,78396,38041136.0,50.315793,2136122.8,391.2841586,IT=25;25 ,ii
21698,UP 2,50.000,82300,38274292.0,50.319795,2128708.5,391.2841363,IT=25;25 ,ii
21699,UP 2,50.000,83424,39942236.0,50.323966,2204268.2,391.2842383,IT=25;25 ,ii
21702,UP 2,50.000,80140,38597640.0,50.33048,2054392.9,391.2842718,IT=25;25 ,ii
21703,UP 2,50.000,76384,39558648.0,50.334653,2220643.8,391.2841294,IT=25;25 ,ii
21704,UP 2,50.000,80700,39412620.0,50.338828,2066610.9,391.2841655,IT=25;25 ,ii
21707,UP 2,50.000,83860,41328264.0,50.347001,2184481.5,391.2841914,IT=25;25 ,ii
21708,UP 2,50.000,80368,41356260.0,50.351172,2216287.5,391.2842349,IT=25;25 ,ii
21712,UP 2,50.000,83100,42360564.0,50.359255,2414334.8,642.3303383,IT=25;25 ,ii
21713,UP 2,50.000,79800,42083612.0,50.363276,2551569.0,642.3304412,IT=25;25 ,ii
21715,UP 2,50.000,85432,43582296.0,50.36788,2851721.8,642.3303754,IT=25;25 ,ii
21716,UP 2,50.000,83460,43704616.0,50.37207,2841374.8,642.3302029,IT=25;25 ,ii
21717,UP 2,50.000,83852,43747388.0,50.376243,2983062.2,642.3303254,IT=25;25 ,ii
21718,UP 2,50.000,86680,44842768.0,50.380411,3075575.5,642.3304184,IT=25;25 ,ii
21720,UP 2,50.000,82544,43061116.0,50.385184,2997333.8,642.3303547,IT=25;25 ,ii
21721,UP 2,50.000,87124,44359248.0,50.389195,3188173.8,642.3302689,IT=25;25 ,ii
21722,UP 2,50.000,83624,42978296.0,50.393374,3064292.8,642.3303928,IT=25;25 ,ii
21723,UP 2,50.000,83932,42875508.0,50.397542,2950883.5,642.33052,IT=25;25 ,ii
21724,UP 2,50.000,85980,42795116.0,50.401722,2832461.8,642.3305084,IT=25;25 ,ii
21725,UP 2,50.000,86716,43610244.0,50.40573,2700120.0,642.3305299,IT=25;25 ,ii
21729,UP 2,50.000,83588,41421392.0,50.414088,2382598.8,642.3304951,IT=25;25 ,ii
21730,UP 2,50.000,80492,40868208.0,50.418259,2265692.2,642.3305248,IT=25;25 ,ii
21731,UP 2,50.000,82192,40674936.0,50.422261,2100920.0,391.2841983,IT=25;25 ,ii
21734,UP 2,50.000,81336,39612504.0,50.430442,2024891.0,391.2842055,IT=25;25 ,ii
21735,UP 2,50.000,84672,40363164.0,50.434615,2213577.5,391.2841841,IT=25;25 ,ii
21739,UP 2,50.000,78484,39644412.0,50.442667,2106019.5,391.2841527,IT=25;25 ,ii
21740,UP 2,50.000,84124,39907232.0,50.44684,2012667.4,391.2840924,IT=25;25 ,ii
21741,UP 2,50.000,79968,39762328.0,50.451017,2162935.0,391.28422,IT=25;25 ,ii
21744,UP 2,50.000,81564,41011632.0,50.457513,2078270.0,391.2841952,IT=25;25 ,ii
21745,UP 2,50.000,83672,39893552.0,50.461682,2041622.8,391.2843119,IT=25;25 ,ii
21747,UP 2,47.846,81336,41405404.0,50.466415,2118458.2,391.2841337,IT=24;24 ,ii
21748,UP 2,47.661,80380,42298892.0,50.470584,2127841.2,391.2842847,IT=24;24 ,ii
21754,UP 2,45.500,79504,44728200.0,50.482277,2180501.2,391.2842242,IT=23;23 ,ii
21759,UP 2,44.276,77084,46611548.0,50.492104,2211989.5,391.2841069,IT=22;22 ,ii
21760,UP 2,44.741,78732,47603348.0,50.496115,2198502.0,391.2842762,IT=22;22 ,ii
21763,UP 2,43.936,81076,49641820.0,50.502223,2288286.8,391.2840947,IT=22;22 ,ii
21764,UP 2,43.589,70752,48593936.0,50.506219,2220204.5,391.2840958,IT=22;22 ,ii
21765,UP 2,42.617,77060,51758120.0,50.510692,2383230.8,391.2841187,IT=21;21 ,ii
21770,UP 2,40.705,71008,52914476.0,50.520442,2431427.5,391.28415,IT=20;20 ,ii
21771,UP 2,40.869,75636,54348020.0,50.524619,2206438.0,391.2841667,IT=20;20 ,ii
21774,UP 2,40.735,71708,54579452.0,50.530717,2302528.2,391.2842215,IT=20;20 ,ii
21779,UP 2,39.580,72872,57122020.0,50.540425,2482042.5,391.2840677,IT=20;20 ,ii
21780,UP 2,37.689,71284,57835056.0,50.54439,2263932.8,391.2840631,IT=19;19 ,ii
21784,UP 2,36.209,69392,60558328.0,50.552214,2349611.0,391.2839739,IT=18;18 ,ii
21785,UP 2,36.406,66148,61057024.0,50.556383,2434006.2,391.284056,IT=18;18 ,ii
21790,UP 2,32.828,63916,61600936.0,50.565981,3026733.8,851.4568357,IT=16;16 ,ii
21791,UP 2,33.577,65604,63895612.0,50.569975,3454628.2,851.45699,IT=17;17 ,ii
21792,UP 2,32.490,64708,65001532.0,50.574106,3780224.0,851.4570114,IT=16;16 ,ii
21796,UP 2,31.870,65652,65157768.0,50.581845,4544268.5,851.4567131,IT=16;16 ,ii
21797,UP 2,30.097,63616,65842616.0,50.585779,4790276.5,851.4568121,IT=15;15 ,ii
21798,UP 2,29.786,61032,65803296.0,50.589904,5413983.0,851.4568673,IT=15;15 ,ii
21799,UP 2,29.299,63084,66824912.0,50.594031,5513757.0,851.4569159,IT=15;15 ,ii
21800,UP 2,29.810,62544,65339284.0,50.598158,5592754.5,851.4569434,IT=15;15 ,ii
21801,UP 2,29.770,61016,65686124.0,50.602114,5813347.0,851.457077,IT=15;15 ,ii
21802,UP 2,29.284,61072,65190012.0,50.606231,5862275.5,851.4571666,IT=15;15 ,ii
21805,UP 2,29.365,58796,63791248.0,50.612114,5822987.5,851.4568636,IT=15;15 ,ii
21806,UP 2,32.671,62380,61275256.0,50.616291,5712802.0,851.4571418,IT=16;16 ,ii
21808,UP 2,31.088,58304,59147588.0,50.620741,5444029.0,851.4569345,IT=16;16 ,ii
21809,UP 2,32.966,62464,59040636.0,50.624906,5199893.5,851.456948,IT=16;16 ,ii
21812,UP 2,35.232,68048,56019484.0,50.630891,4615550.5,851.4572204,IT=18;18 ,ii
21817,UP 2,39.592,69288,52206752.0,50.640612,3882430.5,851.4570641,IT=20;20 ,ii
21818,UP 2,41.079,71108,50530708.0,50.644632,3622950.5,851.4571117,IT=21;21 ,ii
21819,UP 2,42.970,76704,48400624.0,50.648839,3184715.2,851.4573224,IT=21;21 ,ii
21821,UP 2,46.356,76660,46242508.0,50.653401,2775439.5,851.4570675,IT=23;23 ,ii
21822,UP 2,46.869,76136,45327848.0,50.657584,2464684.5,851.4572567,IT=23;23 ,ii
21823,UP 2,50.000,79092,42517228.0,50.661651,2185116.5,851.4572297,IT=25;25 ,ii
21824,UP 2,50.000,81732,42820808.0,50.66582,2176907.0,391.2841659,IT=25;25 ,ii
21825,UP 2,50.000,79428,41197000.0,50.669991,2129265.8,391.284193,IT=25;25 ,ii
21829,UP 2,50.000,78968,41135020.0,50.680047,2229725.0,391.284174,IT=25;25 ,ii
21830,UP 2,50.000,80840,40793432.0,50.684218,2177139.0,391.2842202,IT=25;25 ,ii
21831,UP 2,50.000,79396,40754684.0,50.688218,2175948.8,391.2841918,IT=25;25 ,ii
21832,UP 2,50.000,78228,40236192.0,50.692391,2092785.6,391.2843213,IT=25;25 ,ii
21835,UP 2,50.000,85280,43422332.0,50.698632,2331378.5,391.2841513,IT=25;25 ,ii
21836,UP 2,50.000,82000,42161704.0,50.702807,2075227.8,391.2843864,IT=25;25 ,ii
21839,UP 2,50.000,77904,43859080.0,50.709292,2242454.2,391.2842303,IT=25;25 ,ii
21840,UP 2,50.000,83764,44360432.0,50.713467,2202269.5,391.2843579,IT=25;25 ,ii
21843,UP 2,49.092,82080,45302980.0,50.719928,2180131.8,391.2843046,IT=25;25 ,ii
21844,UP 2,47.025,80404,47364512.0,50.724067,2210084.2,391.2841978,IT=24;24 ,ii
21845,UP 2,45.447,78816,47901356.0,50.728215,2336741.0,391.2843063,IT=23;23 ,ii
21849,UP 2,43.136,77108,49857600.0,50.736111,2749441.8,636.856776,IT=22;22 ,ii
21850,UP 2,42.394,79520,52638776.0,50.740274,3067680.8,636.8568168,IT=21;21 ,ii
21853,UP 2,43.179,79492,49506492.0,50.746363,3179197.2,636.8567575,IT=22;22 ,ii
21854,UP 2,40.209,76196,51823204.0,50.750488,3278844.8,636.8569882,IT=20;20 ,ii
21856,UP 2,39.851,74608,52469528.0,50.754932,3628976.2,636.8567843,IT=20;20 ,ii
21857,UP 2,41.173,77252,52531292.0,50.759236,3578922.8,636.8569859,IT=21;21 ,ii
21860,UP 2,40.639,77768,52888944.0,50.765561,3642772.2,636.856715,IT=20;20 ,ii
21861,UP 2,37.922,73468,52612672.0,50.769688,3667460.8,636.8565923,IT=19;19 ,ii
21862,UP 2,38.578,78328,53445436.0,50.77369,3616575.5,636.8566253,IT=19;19 ,ii
21863,UP 2,38.997,76704,52844048.0,50.777873,3378329.0,636.8567546,IT=19;19 ,ii
21864,UP 2,39.746,75756,53144036.0,50.782057,3500300.0,636.856694,IT=20;20 ,ii
21865,UP 2,41.033,76516,52311840.0,50.78625,3231754.0,636.8566012,IT=21;21 ,ii
21866,UP 2,40.733,82964,53109904.0,50.790421,3023434.8,636.8567703,IT=20;20 ,ii
21870,UP 2,42.189,81104,51194648.0,50.798346,2766780.2,636.8567089,IT=21;21 ,ii
21871,UP 2,42.749,78424,49411452.0,50.80254,2749512.8,670.90638,IT=21;21 ,ii
21872,UP 2,43.167,75312,48990284.0,50.806723,2737474.2,670.9063643,IT=22;22 ,ii
21876,UP 2,46.769,85952,48831856.0,50.814725,2792704.0,670.9061708,IT=23;23 ,ii
21877,UP 2,45.365,78356,47010640.0,50.818877,2489292.2,670.906519,IT=23;23 ,ii
21881,UP 2,47.742,84120,47616000.0,50.826867,2572631.8,670.9063712,IT=24;24 ,ii
21882,UP 2,47.122,80500,47784692.0,50.831027,2470268.2,670.9062143,IT=24;24 ,ii
21883,UP 2,48.110,83228,46246124.0,50.835219,2269989.2,391.2843026,IT=24;24 ,ii
21886,UP 2,47.578,81904,46147860.0,50.841377,2231533.0,391.2841798,IT=24;24 ,ii
21887,UP 2,48.504,84192,45465912.0,50.845571,2207913.8,391.2841991,IT=24;24 ,ii
21888,UP 2,48.543,80708,44742916.0,50.849744,2168404.5,391.2841447,IT=24;24 ,ii
21889,UP 2,46.232,78400,44515176.0,50.853708,2278264.8,391.2842692,IT=23;23 ,ii
21893,UP 2,49.422,80948,45558696.0,50.862054,2211286.2,391.284157,IT=25;25 ,ii
21894,UP 2,48.667,83864,45657956.0,50.866216,2148489.5,391.2842664,IT=24;24 ,ii
21897,UP 2,48.359,81332,45192012.0,50.872402,2180322.2,391.2841891,IT=24;24 ,ii
21898,UP 2,46.669,79912,45989872.0,50.876546,2224292.2,391.2842211,IT=23;23 ,ii
21899,UP 2,47.173,83164,45167876.0,50.880556,2225641.5,391.2842237,IT=24;24 ,ii
21900,UP 2,47.406,82160,45153896.0,50.884735,2062969.2,391.2843014,IT=24;24 ,ii
21903,UP 2,47.870,83852,46300896.0,50.891221,2273265.0,391.2841168,IT=24;24 ,ii
21904,UP 2,48.204,83644,44513756.0,50.8954,2172397.5,391.2841241,IT=24;24 ,ii
21905,UP 2,47.991,81384,45125000.0,50.89957,2223904.8,391.2841188,IT=24;24 ,ii
21906,UP 2,47.993,81192,44021768.0,50.903745,2221986.2,391.2842624,IT=24;24 ,ii
21907,UP 2,50.000,85308,44046868.0,50.907949,2130557.5,391.2841645,IT=25;25 ,ii
21908,UP 2,50.000,86592,44490980.0,50.911954,2293730.5,391.2842647,IT=25;25 ,ii
21909,UP 2,50.000,83612,43825992.0,50.916125,2117407.5,391.2842787,IT=25;25 ,ii
21912,UP 2,50.000,83604,43767312.0,50.922327,2224140.5,391.2842568,IT=25;25 ,ii
21913,UP 2,50.000,84312,42407564.0,50.926789,2203245.2,391.2843307,IT=25;25 ,ii
21915,UP 2,50.000,88296,42469272.0,50.931403,2138511.8,391.2842186,IT=25;25 ,ii
21916,UP 2,50.000,88588,43208692.0,50.935578,2250535.5,391.284304,IT=25;25 ,ii
21919,UP 2,50.000,89092,42499412.0,50.942056,2139155.2,391.2842271,IT=25;25 ,ii
21922,UP 2,50.000,82516,41036692.0,50.94862,2079811.4,391.284218,IT=25;25 ,ii
21923,UP 2,50.000,87928,42318932.0,50.952791,2198658.0,391.2842128,IT=25;25 ,ii
21927,UP 2,50.000,88264,42038076.0,50.960839,2088378.0,391.2841166,IT=25;25 ,ii
21928,UP 2,50.000,85796,42424896.0,50.964841,2232115.8,391.2842383,IT=25;25 ,ii
21930,UP 2,50.000,85340,42979156.0,50.969457,2151562.0,391.284155,IT=25;25 ,ii
21931,UP 2,50.000,90288,44097480.0,50.973628,2235522.2,391.2842864,IT=25;25 ,ii
21935,UP 2,50.000,90828,45029224.0,50.981966,2120903.8,391.2842044,IT=25;25 ,ii
21936,UP 2,49.355,86992,46044456.0,50.986124,2236528.5,391.2842591,IT=25;25 ,ii
21938,UP 2,48.529,87724,46743044.0,50.990703,2128994.5,391.2841369,IT=24;24 ,ii
21939,UP 2,48.561,85436,48102916.0,50.994891,2200313.2,391.2842139,IT=24;24 ,ii
21941,UP 2,45.740,82900,47859476.0,50.999586,2308220.5,391.2840575,IT=23;23 ,ii
21942,UP 2,47.496,87892,48362324.0,51.003622,2121879.2,391.2841396,IT=24;24 ,ii
21943,UP 2,46.452,87408,50552536.0,51.008024,2232410.5,391.2841689,IT=23;23 ,ii
21944,UP 2,43.873,86696,51648164.0,51.012161,2289278.0,391.2841683,IT=22;22 ,ii
21948,UP 2,43.444,83956,51148200.0,51.020403,2182726.0,391.2840255,IT=22;22 ,ii
21949,UP 2,42.275,81780,52738624.0,51.02439,2299248.2,391.2841753,IT=21;21 ,ii
21951,UP 2,44.188,84816,51948216.0,51.028918,2347834.5,391.2841604,IT=22;22 ,ii
21952,UP 2,42.102,83568,52148056.0,51.033061,2200484.0,391.2841769,IT=21;21 ,ii
21954,UP 2,41.462,80360,51917268.0,51.037519,2293545.5,391.2840718,IT=21;21 ,ii
21955,UP 2,43.971,84680,52179624.0,51.041747,2235609.5,391.2841729,IT=22;22 ,ii
21957,UP 2,42.817,84136,51772812.0,51.046415,2388899.8,391.2840879,IT=21;21 ,ii
21958,UP 2,42.862,86768,51781852.0,51.050419,2219315.0,391.28429619999997,IT=21;21 ,ii
21960,UP 2,45.273,83936,49689184.0,51.054955,2274635.5,391.2841525,IT=23;23 ,ii
21961,UP 2,45.111,83780,50073320.0,51.05913,2217511.5,391.2842377,IT=23;23 ,ii
21962,UP 2,44.551,83896,48615344.0,51.063296,2123010.8,391.2840307,IT=22;22 ,ii
21966,UP 2,44.498,88356,50151852.0,51.071565,2186328.2,391.2841801,IT=22;22 ,ii
21967,UP 2,44.702,87788,49173212.0,51.075744,2164190.5,391.2842949,IT=22;22 ,ii
21969,UP 2,45.678,90788,51087456.0,51.080278,2290024.2,391.2840313,IT=23;23 ,ii
21970,UP 2,45.132,89112,50189656.0,51.084444,2192420.2,391.2842054,IT=23;23 ,ii
21974,UP 2,45.876,89948,51695352.0,51.092688,2207881.8,391.2842391,IT=23;23 ,ii
21975,UP 2,43.718,87124,51960232.0,51.096827,2196775.2,391.2843128,IT=22;22 ,ii
21980,UP 2,41.706,83144,53283968.0,51.106613,2155230.0,391.2843026,IT=21;21 ,ii
21984,UP 2,39.679,88296,57650316.0,51.11455,2342055.2,391.2839866,IT=20;20 ,ii
21985,UP 2,38.300,83340,58069476.0,51.118696,2243232.2,391.2842089,IT=19;19 ,ii
21990,UP 2,38.339,81264,60934496.0,51.128467,2285715.0,391.2840558,IT=19;19 ,ii
21991,UP 2,37.698,79976,61579948.0,51.132646,2336780.0,391.2841052,IT=19;19 ,ii
21996,UP 2,37.290,78184,61710932.0,51.142321,2442871.8,391.2839933,IT=19;19 ,ii
21997,UP 2,37.853,77900,63903216.0,51.146319,2321445.2,391.2841905,IT=19;19 ,ii
21999,UP 2,36.625,77592,63656364.0,51.150696,2297233.2,391.2841376,IT=18;18 ,ii
22002,UP 2,36.972,78628,62443016.0,51.15704,2305409.5,391.2840049,IT=18;18 ,ii
22003,UP 2,37.440,83656,62212804.0,51.161212,2310045.8,391.284086,IT=19;19 ,ii
22004,UP 2,37.477,82044,59850156.0,51.165379,2251466.2,391.2841382,IT=19;19 ,ii
22008,UP 2,37.367,84028,56756260.0,51.173219,2306596.2,391.2840234,IT=19;19 ,ii
22009,UP 2,38.403,80504,54775320.0,51.177469,2273294.0,391.2840095,IT=19;19 ,ii
22010,UP 2,41.314,79476,52172900.0,51.181685,2241900.2,391.2842058,IT=21;21 ,ii
22014,UP 2,42.803,81268,49939000.0,51.189627,2205873.8,391.2841438,IT=21;21 ,ii
22015,UP 2,41.679,82156,49364972.0,51.193785,2217959.2,391.2842254,IT=21;21 ,ii
22018,UP 2,44.411,86668,49234732.0,51.199921,2225376.2,391.2841875,IT=22;22 ,ii
22021,UP 2,44.103,87188,49452588.0,51.206368,2175391.8,493.7978148,IT=22;22 ,ii
22022,UP 2,41.602,82644,50024096.0,51.210327,2277688.0,391.2842224,IT=21;21 ,ii
22024,UP 2,41.158,82476,50331644.0,51.214783,2353381.8,493.7978841,IT=21;21 ,ii
22025,UP 2,40.272,82368,52599452.0,51.218943,2339202.8,391.2840329,IT=20;20 ,ii
22026,UP 2,40.199,81872,54789452.0,51.223112,2416961.2,493.7978443,IT=20;20 ,ii
22029,UP 2,36.393,78352,56627736.0,51.229079,2279866.2,391.2841593,IT=18;18 ,ii
22035,UP 2,35.677,77776,61231868.0,51.240539,2225281.5,391.2841974,IT=18;18 ,ii
22040,UP 2,33.773,78164,65852288.0,51.250168,2520208.8,391.2840222,IT=17;17 ,ii
22045,UP 2,32.808,77780,67490904.0,51.25977,2549415.8,978.9848167,IT=16;16 ,ii
22046,UP 2,30.198,75888,66779476.0,51.263697,2685731.8,978.985097,IT=15;15 ,ii
22049,UP 2,33.947,81540,69211936.0,51.269655,2945309.8,978.9850832,IT=17;17 ,ii
22054,UP 2,35.073,81212,66667884.0,51.279318,2675659.8,978.9850649,IT=18;18 ,ii
22058,UP 2,36.571,85392,63002624.0,51.287153,2345899.0,391.2839263,IT=18;18 ,ii
22059,UP 2,38.113,85760,61478428.0,51.291164,2338689.8,978.9849693,IT=19;19 ,ii
22065,UP 2,41.054,84948,56374760.0,51.302749,2292148.8,391.2839803,IT=21;21 ,ii
22066,UP 2,40.482,89024,56448324.0,51.306743,2228582.8,391.2840903,IT=20;20 ,ii
22069,UP 2,41.281,91160,54327832.0,51.312807,2354275.5,391.2841071,IT=21;21 ,ii
22072,UP 2,43.742,91496,52576516.0,51.318947,2240929.8,391.2841558,IT=22;22 ,ii
22076,UP 2,44.429,91784,51727236.0,51.326934,2080845.9,391.2841106,IT=22;22 ,ii
22077,UP 2,45.261,91832,51953116.0,51.331124,2120409.2,391.2841185,IT=23;23 ,ii
22078,UP 2,45.010,89808,51323920.0,51.335295,2174886.0,391.2841203,IT=23;23 ,ii
22081,UP 2,43.671,88288,51328620.0,51.341395,2265818.2,391.2840412,IT=22;22 ,ii
22086,UP 2,45.790,92032,51017464.0,51.352255,2241315.5,391.2840925,IT=23;23 ,ii
22087,UP 2,44.765,89100,50506640.0,51.356411,2104291.5,391.2842026,IT=22;22 ,ii
22092,UP 2,43.844,89604,50573268.0,51.36623,2148614.0,391.2841989,IT=22;22 ,ii
22098,UP 2,44.858,92252,51507552.0,51.377894,2150712.2,391.2841593,IT=22;22 ,ii
22099,UP 2,46.575,94464,51993528.0,51.381926,2223253.2,391.2842183,IT=23;23 ,ii
22104,UP 2,45.574,91212,52747496.0,51.391769,2182813.0,391.284208,IT=23;23 ,ii
22111,UP 2,40.447,88496,53686016.0,51.405211,2266415.8,391.284221,IT=20;20 ,ii
22118,UP 2,40.850,87120,53268888.0,51.418596,2117601.2,391.2842206,IT=20;20 ,ii
22122,UP 2,41.217,88268,52520940.0,51.426506,2088998.5,391.2840703,IT=21;21 ,ii
22123,UP 2,39.100,89796,54963240.0,51.430786,2272231.0,391.2842603,IT=20;20 ,ii
22127,UP 2,37.957,88092,54661188.0,51.43864,2257802.8,391.2841655,IT=19;19 ,ii
22128,UP 2,38.929,88700,54046252.0,51.442817,2152584.0,391.2842431,IT=19;19 ,ii
22130,UP 2,37.634,85820,54180876.0,51.447396,2252405.0,391.2841376,IT=19;19 ,ii
22131,UP 2,38.284,83176,53832492.0,51.451577,2125080.5,391.2842117,IT=19;19 ,ii
22137,UP 2,38.003,85292,54184672.0,51.463127,2200412.8,391.2842885,IT=19;19 ,ii
22140,UP 2,36.639,79276,53593740.0,51.469433,2181296.0,391.2842377,IT=18;18 ,ii
22141,UP 2,36.669,84160,56698640.0,51.4736,2281984.0,391.2841709,IT=18;18 ,ii
22146,UP 2,37.187,83140,55504916.0,51.483277,2247057.5,391.2840767,IT=19;19 ,ii
22147,UP 2,38.000,82464,54868104.0,51.487279,2172339.2,391.2841995,IT=19;19 ,ii
22151,UP 2,38.242,87424,54769380.0,51.49541,2189311.5,391.2842155,IT=19;19 ,ii
22152,UP 2,38.840,84412,53984496.0,51.499408,2177799.2,391.284266,IT=19;19 ,ii
22157,UP 2,42.552,93196,52778076.0,51.50917,2133387.0,391.2841542,IT=21;21 ,ii
22158,UP 2,43.392,90500,52297856.0,51.51352,2194493.0,391.2842239,IT=22;22 ,ii
22164,UP 2,45.348,98944,50133912.0,51.525172,2185695.5,391.2843049,IT=23;23 ,ii
22170,UP 2,46.785,92784,47892212.0,51.536879,2034498.2,391.2842779,IT=23;23 ,ii
22176,UP 2,47.597,97020,49239704.0,51.548583,2029535.5,391.2844262,IT=24;24 ,ii
22181,UP 2,47.264,97008,50266692.0,51.558433,2059066.1,391.2843539,IT=24;24 ,ii
22186,UP 2,46.393,96252,50723172.0,51.568283,2054222.4,391.2841738,IT=23;23 ,ii
22187,UP 2,45.351,98912,52436788.0,51.572439,2129935.2,391.2842218,IT=23;23 ,ii
22192,UP 2,42.716,94236,56318716.0,51.582207,2149681.0,391.2842817,IT=21;21 ,ii
22193,UP 2,40.198,92368,58300328.0,51.586341,2267209.0,391.2842187,IT=20;20 ,ii
22198,UP 2,34.313,88524,64912616.0,51.597974,2295106.2,391.2841537,IT=17;17 ,ii
22199,UP 2,33.162,86028,66740704.0,51.602099,2202516.8,391.2841919,IT=17;17 ,ii
22208,UP 2,24.594,73492,80312440.0,51.618934,3707529.5,738.8761223,IT=12;12 ,ii
22217,UP 2,21.569,68380,90141400.0,51.635797,4368027.0,738.875962,IT=11;11 ,ii
22227,UP 2,22.937,73016,85339816.0,51.654395,2637614.8,738.8764354,IT=11;11 ,ii
22234,UP 2,26.744,79380,74100816.0,51.667584,2459207.5,391.2840227,IT=13;13 ,ii
22240,UP 2,32.418,82800,64108736.0,51.679011,2262406.5,391.2840439,IT=16;16 ,ii
22241,UP 2,36.043,86528,63287764.0,51.683207,2322543.8,391.2841774,IT=18;18 ,ii
22245,UP 2,37.917,86452,56850788.0,51.691332,2135284.5,391.2841107,IT=19;19 ,ii
22246,UP 2,37.882,85952,55138168.0,51.695323,2230723.0,391.2842137,IT=19;19 ,ii
22249,UP 2,39.216,88960,52940788.0,51.701653,2191534.0,391.2842825,IT=20;20 ,ii
22250,UP 2,41.519,86608,50973316.0,51.705859,2155884.8,391.2843474,IT=21;21 ,ii
22252,UP 2,43.532,90672,50282856.0,51.710369,2065513.9,391.2841512,IT=22;22 ,ii
22253,UP 2,44.000,93056,50422920.0,51.714555,2209955.2,391.2842323,IT=22;22 ,ii
22254,UP 2,46.883,93524,49656760.0,51.718788,2157623.8,391.28421,IT=23;23 ,ii
22255,UP 2,46.436,93368,48614632.0,51.722784,2130765.2,391.2843238,IT=23;23 ,ii
22258,UP 2,49.183,96388,48349572.0,51.72929,2223326.0,391.2842369,IT=25;25 ,ii
22259,UP 2,50.000,92172,46779452.0,51.733307,2127417.2,391.2843811,IT=25;25 ,ii
22264,UP 2,50.000,95768,45941132.0,51.743167,2109209.5,391.2844124,IT=25;25 ,ii
22270,UP 2,50.000,94872,45560568.0,51.754919,1979898.9,391.2842213,IT=25;25 ,ii
22276,UP 2,48.771,94660,47785548.0,51.768669,2135359.2,391.2842443,IT=24;24 ,ii
22277,UP 2,49.832,92284,48086504.0,51.772865,2135969.5,391.2843299,IT=25;25 ,ii
22285,UP 2,43.533,86792,53333696.0,51.788158,2249965.8,391.2842207,IT=22;22 ,ii
22291,UP 2,40.575,88452,58606720.0,51.79975,2265116.8,391.2842559,IT=20;20 ,ii
22296,UP 2,37.833,85144,61220780.0,51.809466,2214970.8,391.2842751,IT=19;19 ,ii
22302,UP 2,39.833,89776,59872256.0,51.821043,2296502.0,391.2841799,IT=20;20 ,ii
22307,UP 2,42.496,92388,56284740.0,51.830831,2275329.8,391.2842836,IT=21;21 ,ii
22310,UP 2,45.403,97336,54036760.0,51.836987,2106901.8,391.284183,IT=23;23 ,ii
22311,UP 2,46.953,99124,52009248.0,51.841406,2214343.2,391.2843492,IT=23;23 ,ii
22316,UP 2,50.000,95336,46435624.0,51.851583,2138761.0,391.2842427,IT=25;25 ,ii
22317,UP 2,50.000,97360,44460356.0,51.855585,2224220.2,391.2843149,IT=25;25 ,ii
22320,UP 2,50.000,92328,43368312.0,51.861783,2125713.0,391.2842567,IT=25;25 ,ii
22321,UP 2,50.000,100196,43522668.0,51.865954,2091521.9,391.2843283,IT=25;25 ,ii
22323,UP 2,50.000,98792,42506232.0,51.870576,2064237.5,391.2842932,IT=25;25 ,ii
22324,UP 2,50.000,95496,42573728.0,51.874749,2125320.2,391.2843406,IT=25;25 ,ii
22328,UP 2,50.000,93424,41546880.0,51.883072,2026402.6,391.2843425,IT=25;25 ,ii
22329,UP 2,50.000,93896,42525116.0,51.887241,2041068.4,391.2843459,IT=25;25 ,ii
22335,UP 2,50.000,95856,43791676.0,51.898997,2110059.2,391.284203,IT=25;25 ,ii
22336,UP 2,50.000,94500,43325640.0,51.903174,2086328.1,391.2843213,IT=25;25 ,ii
22339,UP 2,50.000,91780,43223276.0,51.909355,2178663.2,391.2843065,IT=25;25 ,ii
22342,UP 2,50.000,87924,42949172.0,51.915585,2101178.0,391.2842675,IT=25;25 ,ii
22347,UP 2,47.073,92464,45650524.0,51.925422,2135695.2,391.284247,IT=24;24 ,ii
22355,UP 2,50.000,94708,46170332.0,51.941182,2004601.6,391.2843209,IT=25;25 ,ii
22362,UP 2,49.256,94488,46898432.0,51.954734,2188301.5,391.2843278,IT=25;25 ,ii
22368,UP 2,50.000,93400,44650808.0,51.96649,2039876.2,391.2841587,IT=25;25 ,ii
22369,UP 2,50.000,94472,45019892.0,51.970665,2123015.5,391.2841964,IT=25;25 ,ii
22370,UP 2,49.061,91852,44487544.0,51.974832,2127815.5,391.2843091,IT=25;25 ,ii
22374,UP 2,50.000,94912,44379156.0,51.982938,2091405.9,391.2841613,IT=25;25 ,ii
22375,UP 2,50.000,90300,44994784.0,51.987117,2118113.5,391.2842739,IT=25;25 ,ii
22380,UP 2,48.070,100136,48325068.0,51.997003,2145736.2,391.2841245,IT=24;24 ,ii
22385,UP 2,45.151,91936,53077468.0,52.006859,2147635.2,391.2841378,IT=23;23 ,ii
22392,UP 2,33.517,84408,68295416.0,52.022171,3108304.8,644.7292689,IT=17;17 ,ii
22402,UP 2,24.105,69020,96879200.0,52.040792,7943121.5,644.7290012,IT=12;12 ,ii
22409,UP 2,18.689,58164,125484260.0,52.053817,12752531.0,644.7287084,IT=9.3;9.3 ,ii
22415,UP 2,15.907,51864,135768580.0,52.065013,15140815.0,644.7286474,IT=8;8 ,ii
22420,UP 2,15.505,50096,132199640.0,52.074344,14779688.0,644.7287027,IT=7.8;7.8 ,ii
22426,UP 2,17.436,55956,123155380.0,52.085513,13467569.0,644.7287036,IT=8.7;8.7 ,ii
22430,UP 2,19.320,58040,103809550.0,52.093025,10009995.0,644.7285731,IT=9.7;9.7 ,ii
22431,UP 2,22.076,62624,98439072.0,52.097137,8734650.0,644.7289677,IT=11;11 ,ii
22436,UP 2,26.223,68648,81511648.0,52.106646,5363258.0,644.7291967,IT=13;13 ,ii
22441,UP 2,29.800,71868,69069920.0,52.116214,3023958.5,644.7291804,IT=15;15 ,ii
22442,UP 2,32.751,79760,66941988.0,52.120383,2365189.0,391.2841133,IT=16;16 ,ii
22447,UP 2,33.281,79900,63695912.0,52.129989,2238302.5,391.2841653,IT=17;17 ,ii
22452,UP 2,32.652,77052,62732684.0,52.139573,2298088.5,391.2840157,IT=16;16 ,ii
22453,UP 2,34.135,81440,63308540.0,52.143556,2348048.0,391.2840876,IT=17;17 ,ii
22456,UP 2,30.823,76844,65129108.0,52.149462,2415456.5,391.2841372,IT=15;15 ,ii
22464,UP 2,27.087,72584,72159008.0,52.16452,3243571.5,919.4016428,IT=14;14 ,ii
22472,UP 2,25.478,71388,75557968.0,52.179495,4178300.5,919.4012104,IT=13;13 ,ii
22477,UP 2,26.326,69088,74296152.0,52.189997,4606611.0,919.4015438,IT=13;13 ,ii
22478,UP 2,27.929,71536,72717200.0,52.194124,4618440.0,919.4015484,IT=14;14 ,ii
22484,UP 2,31.627,76420,64879508.0,52.205516,3991750.5,919.401367,IT=16;16 ,ii
22485,UP 2,31.699,71428,63173488.0,52.209649,3702537.0,919.4016768,IT=16;16 ,ii
22488,UP 2,38.734,79960,59617844.0,52.21567,3187234.0,919.4016244,IT=19;19 ,ii
22489,UP 2,36.032,75064,56900588.0,52.219791,2950477.5,919.4014723,IT=18;18 ,ii
22492,UP 2,36.672,82404,56786488.0,52.225782,2599565.0,919.4013521,IT=18;18 ,ii
22493,UP 2,36.972,77928,55123784.0,52.229778,2335090.0,391.2842013,IT=18;18 ,ii
22497,UP 2,37.237,80376,57072552.0,52.237616,3397240.8,549.3142024,IT=19;19 ,ii
22498,UP 2,34.456,75504,56586128.0,52.24173,4396781.5,549.3140791,IT=17;17 ,ii
22502,UP 2,30.478,70076,63908200.0,52.249711,7532700.5,549.3142742,IT=15;15 ,ii
22508,UP 2,25.298,62052,69483128.0,52.261013,11646821.0,549.3141672,IT=13;13 ,ii
22509,UP 2,23.524,62360,74270800.0,52.265084,13185968.0,549.3143145,IT=12;12 ,ii
22512,UP 2,23.257,60312,73949176.0,52.270838,13765927.0,549.3142158,IT=12;12 ,ii
22513,UP 2,22.882,58636,73780472.0,52.274922,14401337.0,549.3143863,IT=11;11 ,ii
22515,UP 2,24.582,58184,71932520.0,52.279265,13811728.0,549.3141654,IT=12;12 ,ii
22516,UP 2,24.787,61912,72291544.0,52.283365,13464104.0,549.3143993,IT=12;12 ,ii
22520,UP 2,27.630,63680,66415616.0,52.291051,11368342.0,549.3142151,IT=14;14 ,ii
22521,UP 2,30.828,68532,61594736.0,52.295228,9613093.0,549.3143675,IT=15;15 ,ii
22525,UP 2,34.601,74284,54470616.0,52.303044,6834396.5,549.3143329,IT=17;17 ,ii
22526,UP 2,37.906,74440,51673112.0,52.307251,5641923.5,549.3145889,IT=19;19 ,ii
22531,UP 2,45.435,83872,45110108.0,52.317328,3259822.0,549.314537,IT=23;23 ,ii
22532,UP 2,49.826,85240,42358052.0,52.321596,2478576.0,549.3146636,IT=25;25 ,ii
22535,UP 2,50.000,91120,42793220.0,52.327794,2108303.0,391.2843528,IT=25;25 ,ii
22540,UP 2,50.000,88344,40493208.0,52.337221,2099612.2,391.2843194,IT=25;25 ,ii
22541,UP 2,50.000,92180,40356296.0,52.341223,2035129.2,391.2843829,IT=25;25 ,ii
22546,UP 2,50.000,92824,41560728.0,52.351079,2032869.2,391.2843571,IT=25;25 ,ii
22551,UP 2,50.000,92540,42732488.0,52.360998,2158501.5,391.2842105,IT=25;25 ,ii
22552,UP 2,50.000,98868,43902708.0,52.365177,2128603.2,391.2842741,IT=25;25 ,ii
22555,UP 2,50.000,94300,44067740.0,52.371683,2118644.5,391.2842241,IT=25;25 ,ii
22556,UP 2,50.000,95008,44378836.0,52.375854,2040116.4,391.284307,IT=25;25 ,ii
22560,UP 2,50.000,93220,44079816.0,52.383879,2027155.5,391.2843546,IT=25;25 ,ii
22563,UP 2,49.843,93048,43643240.0,52.390102,2113822.5,391.2842926,IT=25;25 ,ii
22564,UP 2,49.828,96788,44536060.0,52.394273,2170186.8,391.2843604,IT=25;25 ,ii
22567,UP 2,50.000,95168,44733280.0,52.400473,2183025.5,391.2843771,IT=25;25 ,ii
22575,UP 2,49.353,93572,42979192.0,52.415889,1980267.2,391.2843884,IT=25;25 ,ii
22581,UP 2,48.298,91148,45206604.0,52.427606,2074048.6,391.2843086,IT=24;24 ,ii
22582,UP 2,45.648,88464,44742960.0,52.432006,2133726.5,391.2843313,IT=23;23 ,ii
22585,UP 2,46.053,89108,44776208.0,52.438144,2156116.8,391.2843042,IT=23;23 ,ii
22590,UP 2,44.898,85712,46435072.0,52.447918,2191794.2,391.2842555,IT=22;22 ,ii
22594,UP 2,43.842,84728,46110652.0,52.456175,2089932.1,391.2842651,IT=22;22 ,ii
22595,UP 2,43.941,85076,47398232.0,52.460364,2175171.2,391.2841102,IT=22;22 ,ii
22596,UP 2,43.142,79496,46651604.0,52.464358,2237030.0,391.2841676,IT=22;22 ,ii
22597,UP 2,45.293,81440,46474068.0,52.46857,2484968.2,694.3885959,IT=23;23 ,ii
22599,UP 2,46.695,85876,47115356.0,52.473143,2410329.8,694.3884743,IT=23;23 ,ii
22600,UP 2,46.013,87216,46951712.0,52.477312,2608518.2,694.3885907,IT=23;23 ,ii
22605,UP 2,47.668,85956,44698008.0,52.487454,2228529.0,694.3885602,IT=24;24 ,ii
22606,UP 2,47.952,87788,44566556.0,52.491462,2074200.4,391.2843354,IT=24;24 ,ii
22611,UP 2,48.513,89112,43183784.0,52.501339,2060764.6,391.2842884,IT=24;24 ,ii
22612,UP 2,50.000,89512,43544728.0,52.505539,2101476.5,391.2842723,IT=25;25 ,ii
22617,UP 2,50.000,90480,43200844.0,52.517422,2195580.2,391.2841849,IT=25;25 ,ii
22618,UP 2,49.073,86312,44427456.0,52.521583,2241088.0,391.2842323,IT=25;25 ,ii
22624,UP 2,42.290,82684,48961872.0,52.533176,4127363.8,595.3347818,IT=21;21 ,ii
22628,UP 2,36.852,74900,53683228.0,52.540995,6689457.5,595.3347879,IT=18;18 ,ii
22629,UP 2,33.405,69320,57159644.0,52.545089,8732262.0,595.3349873,IT=17;17 ,ii
22632,UP 2,31.993,65116,61107520.0,52.550984,10698565.0,595.3348602,IT=16;16 ,ii
22633,UP 2,28.682,63512,64372704.0,52.554895,12123591.0,595.3348509,IT=14;14 ,ii
22634,UP 2,28.275,61044,64766264.0,52.559011,12758619.0,595.3349893,IT=14;14 ,ii
22638,UP 2,27.967,62852,67278008.0,52.566664,13319089.0,595.3349756,IT=14;14 ,ii
22639,UP 2,28.462,64736,65471764.0,52.570628,12583703.0,595.3347395,IT=14;14 ,ii
22640,UP 2,30.716,67016,61665080.0,52.574778,11518779.0,595.3348127,IT=15;15 ,ii
22641,UP 2,31.527,70768,62068520.0,52.578934,10963288.0,595.3350136,IT=16;16 ,ii
22645,UP 2,35.590,73052,55314452.0,52.587001,7887761.0,595.3348169,IT=18;18 ,ii
22649,UP 2,40.410,82616,51455880.0,52.596901,5143535.0,595.3349148,IT=20;20 ,ii
22650,UP 2,41.768,82216,49603776.0,52.601099,4150039.5,595.3349089,IT=21;21 ,ii
22653,UP 2,43.658,81096,48998940.0,52.607194,3187852.0,595.3348052,IT=22;22 ,ii
22656,UP 2,44.848,90064,49778048.0,52.613334,2539469.8,595.3348071,IT=22;22 ,ii
22660,UP 2,43.229,84316,48432720.0,52.621271,2188195.8,391.2842161,IT=22;22 ,ii
22665,UP 2,42.378,86040,49812560.0,52.63104,2119603.5,391.2840875,IT=21;21 ,ii
22666,UP 2,42.728,88672,49051016.0,52.635053,2242447.8,391.2841894,IT=21;21 ,ii
22671,UP 2,45.172,83556,47354756.0,52.645184,2228581.0,391.2841021,IT=23;23 ,ii
22672,UP 2,45.988,89464,47559088.0,52.64938,2216337.0,391.2841506,IT=23;23 ,ii
22677,UP 2,48.042,88424,44457076.0,52.659234,2157308.5,391.2842478,IT=24;24 ,ii
22682,UP 2,50.000,90440,40552684.0,52.669086,2125049.2,391.2841854,IT=25;25 ,ii
22683,UP 2,50.000,87964,39272140.0,52.673088,2021643.6,391.2843498,IT=25;25 ,ii
22688,UP 2,50.000,88416,37990904.0,52.683042,2051022.5,391.2843317,IT=25;25 ,ii
22691,UP 2,50.000,88448,37414908.0,52.689256,2200759.8,391.2842694,IT=25;25 ,ii
22692,UP 2,50.000,86904,38377120.0,52.69326,2081309.2,391.2842758,IT=25;25 ,ii
22693,UP 2,50.000,88152,38329216.0,52.697429,2151306.2,391.2842896,IT=25;25 ,ii
22694,UP 2,50.000,89812,38924052.0,52.701604,1999400.6,391.2841896,IT=25;25 ,ii
22695,UP 2,50.000,86492,39156524.0,52.705779,2134992.0,391.2842562,IT=25;25 ,ii
22696,UP 2,50.000,87992,39595488.0,52.709779,2062119.1,391.2842728,IT=25;25 ,ii
22699,UP 2,50.000,85248,39726228.0,52.715998,2108716.0,391.2842828,IT=25;25 ,ii
22703,UP 2,50.000,90668,40956292.0,52.724029,2041448.0,391.2842629,IT=25;25 ,ii
22704,UP 2,50.000,90360,40717388.0,52.7282,2075072.6,391.2843081,IT=25;25 ,ii
22708,UP 2,50.000,85776,39270276.0,52.736275,2134248.8,391.2843185,IT=25;25 ,ii
22711,UP 2,50.000,87244,39195776.0,52.742519,2106148.8,391.2842129,IT=25;25 ,ii
22712,UP 2,50.000,82444,38513684.0,52.746521,2086827.9,391.2844189,IT=25;25 ,ii
22716,UP 2,50.000,83376,37152972.0,52.754864,1920568.0,391.2843294,IT=25;25 ,ii
22717,UP 2,50.000,87392,38859140.0,52.759327,2173151.0,391.2842802,IT=25;25 ,ii
22718,UP 2,50.000,87064,37308556.0,52.763498,2125139.2,391.2843034,IT=25;25 ,ii
22719,UP 2,50.000,83936,36374208.0,52.767668,2030783.0,391.2844069,IT=25;25 ,ii
22722,UP 2,50.000,85780,36195064.0,52.773897,2077913.9,391.2843508,IT=25;25 ,ii
22723,UP 2,50.000,81872,35783220.0,52.778066,2120479.5,391.2844299,IT=25;25 ,ii
22727,UP 2,50.000,79804,34979420.0,52.786402,2016441.8,391.2843661,IT=25;25 ,ii
22728,UP 2,50.000,79796,34169164.0,52.790404,2123680.8,391.2844192,IT=25;25 ,ii
22730,UP 2,50.000,84000,33559788.0,52.795018,2001631.1,391.2843713,IT=25;25 ,ii
22731,UP 2,50.000,83292,32717314.0,52.799187,1959273.5,391.2844096,IT=25;25 ,ii
22732,UP 2,50.000,84516,32439324.0,52.803356,2051400.0,391.284414,IT=25;25 ,ii
22734,UP 2,50.000,79200,31054130.0,52.808133,1974679.6,391.2843444,IT=25;25 ,ii
22735,UP 2,50.000,81796,31904660.0,52.812304,2158202.8,391.2844479,IT=25;25 ,ii
22737,UP 2,50.000,84472,31212970.0,52.816912,1925938.8,391.284379,IT=25;25 ,ii
22738,UP 2,50.000,79040,30488290.0,52.821083,2009185.9,391.2843387,IT=25;25 ,ii
22739,UP 2,50.000,83332,31512478.0,52.825251,2042761.9,391.284313,IT=25;25 ,ii
22740,UP 2,50.000,81200,31658154.0,52.82942,2092455.5,391.2843215,IT=25;25 ,ii
22741,UP 2,50.000,80884,32535048.0,52.833593,2041420.1,391.284259,IT=25;25 ,ii
22742,UP 2,50.000,80052,32858684.0,52.837593,2092458.4,391.2842693,IT=25;25 ,ii
22746,UP 2,50.000,80580,34597128.0,52.847641,2035803.0,391.2842331,IT=25;25 ,ii
22747,UP 2,50.000,80572,35823740.0,52.85182,2200100.5,391.2843293,IT=25;25 ,ii
22752,UP 2,50.000,87768,35951444.0,52.861732,2002246.6,391.284202,IT=25;25 ,ii
22753,UP 2,50.000,85072,36041684.0,52.865905,1994462.6,391.2843057,IT=25;25 ,ii
22755,UP 2,50.000,84936,35709976.0,52.870532,2084209.1,391.2842537,IT=25;25 ,ii
22756,UP 2,50.000,83344,34916808.0,52.874703,1969351.8,391.2843154,IT=25;25 ,ii
22760,UP 2,50.000,85372,34352012.0,52.882747,2047511.9,391.2842353,IT=25;25 ,ii
22761,UP 2,50.000,83808,35239636.0,52.886916,2199195.0,391.284334,IT=25;25 ,ii
22764,UP 2,50.000,84512,34487052.0,52.89339,2003982.4,391.2842121,IT=25;25 ,ii
22765,UP 2,50.000,87100,35477484.0,52.897561,2145834.2,391.2842473,IT=25;25 ,ii
22769,UP 2,50.000,87216,37206360.0,52.905934,2119714.5,391.2841989,IT=25;25 ,ii
22770,UP 2,50.000,80404,36782216.0,52.910106999999996,2082384.8,391.2843051,IT=25;25 ,ii
22773,UP 2,50.000,84772,38442964.0,52.916328,2169371.5,391.2841674,IT=25;25 ,ii
22778,UP 2,50.000,82600,38827368.0,52.926201,2123445.5,391.2841149,IT=25;25 ,ii
22779,UP 2,50.000,84784,39325988.0,52.930659,2091375.8,391.2841569,IT=25;25 ,ii
22782,UP 2,50.000,85552,40035068.0,52.937121,2205266.5,391.2840841,IT=25;25 ,ii
22783,UP 2,50.000,83992,38880960.0,52.941294,2094072.4,391.2842423,IT=25;25 ,ii
22787,UP 2,50.000,87448,38830512.0,52.949317,2229040.8,391.284041,IT=25;25 ,ii
22788,UP 2,50.000,84204,37378372.0,52.953492,2151482.5,391.2842137,IT=25;25 ,ii
22791,UP 2,50.000,82172,35799768.0,52.959973,2075887.5,391.2841969,IT=25;25 ,ii
22792,UP 2,50.000,87064,35914452.0,52.964144,2133690.5,391.2842257,IT=25;25 ,ii
22797,UP 2,50.000,82664,33644528.0,52.974302,2153429.8,391.284191,IT=25;25 ,ii
22798,UP 2,50.000,82012,32970212.0,52.97849,1979456.0,391.2842284,IT=25;25 ,ii
22799,UP 2,50.000,86052,33261608.0,52.982492,2072074.1,391.2843253,IT=25;25 ,ii
22802,UP 2,50.000,85336,32020748.0,52.989015,1991485.2,391.2842514,IT=25;25 ,ii
22803,UP 2,50.000,85424,32098074.0,52.993019,2020164.9,391.2842527,IT=25;25 ,ii
22804,UP 2,50.000,82852,31891416.0,52.997194,2007786.5,391.2842976,IT=25;25 ,ii
22807,UP 2,50.000,84692,31366462.0,53.003683,2115922.8,391.2842516,IT=25;25 ,ii
22808,UP 2,50.000,83100,30918666.0,53.008273,1986794.0,391.2842497,IT=25;25 ,ii
22809,UP 2,50.000,82816,30813732.0,53.012452,2038034.8,391.2844257,IT=25;25 ,ii
22813,UP 2,50.000,82596,30719720.0,53.020781,2006071.9,391.2843193,IT=25;25 ,ii
22814,UP 2,50.000,84632,31665452.0,53.024783,2015943.9,391.2843382,IT=25;25 ,ii
22815,UP 2,50.000,84056,32437606.0,53.028954,2008427.9,391.2842866,IT=25;25 ,ii
22816,UP 2,50.000,78196,34067392.0,53.033125,2200210.5,391.2843127,IT=25;25 ,ii
22821,UP 2,49.014,77572,39712380.0,53.042979,2152030.2,911.4038401,IT=25;25 ,ii
22822,UP 2,44.818,77276,44980428.0,53.047077,3016644.2,911.4041527,IT=22;22 ,ii
22826,UP 2,39.062,70768,51080628.0,53.054942,4685851.0,911.4040741,IT=20;20 ,ii
22827,UP 2,35.577,67908,55513308.0,53.059056,5610387.5,911.404489,IT=18;18 ,ii
22829,UP 2,35.545,68320,58354092.0,53.063591,6221178.5,911.4039383,IT=18;18 ,ii
22830,UP 2,33.042,62944,61876640.0,53.067537,7069559.5,911.4040099,IT=17;17 ,ii
22831,UP 2,31.379,63580,61637208.0,53.071658,6911927.0,911.4042654,IT=16;16 ,ii
22834,UP 2,31.142,64148,61737148.0,53.07782,7138398.5,911.4041477,IT=16;16 ,ii
22835,UP 2,31.687,64644,60877816.0,53.081973,6958651.0,911.4045949,IT=16;16 ,ii
22840,UP 2,33.907,64272,54406296.0,53.091656,5207843.5,911.4041763,IT=17;17 ,ii
22841,UP 2,34.416,64728,52542012.0,53.095827,4612911.0,911.4042332,IT=17;17 ,ii
22843,UP 2,37.423,71164,49608772.0,53.100397,3511484.8,911.4042935,IT=19;19 ,ii
22844,UP 2,38.234,69476,47117016.0,53.104408,2936885.2,911.4042365,IT=19;19 ,ii
22848,UP 2,40.112,70960,44414760.0,53.112308,2344167.2,391.2841497,IT=20;20 ,ii
22849,UP 2,40.336,73700,42499304.0,53.116485,2195046.5,391.2841109,IT=20;20 ,ii
22850,UP 2,42.793,73796,40856292.0,53.120526,2075810.2,391.2842645,IT=21;21 ,ii
22856,UP 2,46.969,77204,37907556.0,53.132197,2073039.1,391.2841862,IT=23;23 ,ii
22857,UP 2,46.103,78088,38749696.0,53.136185,2139148.2,391.2842272,IT=23;23 ,ii
22861,UP 2,47.741,79684,38022468.0,53.144468,2032651.2,391.2842261,IT=24;24 ,ii
22865,UP 2,50.000,78916,36749876.0,53.152828,2100402.5,391.2842914,IT=25;25 ,ii
22868,UP 2,50.000,81500,35821792.0,53.159041,2055870.2,391.2840921,IT=25;25 ,ii
22869,UP 2,50.000,77432,34562556.0,53.163045,2211003.8,391.2841422,IT=25;25 ,ii
22870,UP 2,50.000,77872,33327752.0,53.167214,2115616.8,391.284181,IT=25;25 ,ii
22871,UP 2,50.000,77628,32068788.0,53.171395,2014395.1,391.2841808,IT=25;25 ,ii
22872,UP 2,50.000,77844,31953002.0,53.175566,2084109.9,391.2841793,IT=25;25 ,ii
22873,UP 2,50.000,80760,31062168.0,53.17957,2016346.0,391.284231,IT=25;25 ,ii
22874,UP 2,50.000,75792,30133672.0,53.183743,2106331.0,391.2842906,IT=25;25 ,ii
22877,UP 2,50.000,78120,28975922.0,53.190232,2080384.0,391.2842062,IT=25;25 ,ii
22878,UP 2,50.000,77604,29467056.0,53.194401,2085845.1,391.2843379,IT=25;25 ,ii
22880,UP 2,50.000,74732,29197390.0,53.199005,1990228.4,391.2842354,IT=25;25 ,ii
22881,UP 2,50.000,77192,30283710.0,53.203178,1984290.2,391.2842112,IT=25;25 ,ii
22882,UP 2,50.000,77328,31767164.0,53.207345,2208417.5,391.2841173,IT=25;25 ,ii
22883,UP 2,50.000,76668,31839994.0,53.211347,2444412.2,493.8058301,IT=25;25 ,ii
22884,UP 2,50.000,77256,32771300.0,53.215528,2784564.8,493.8058389,IT=25;25 ,ii
22886,UP 2,50.000,77636,33731372.0,53.220144,3241287.5,493.8057179,IT=25;25 ,ii
22887,UP 2,50.000,76508,34010164.0,53.224319,3436624.2,493.8057303,IT=25;25 ,ii
22888,UP 2,50.000,79568,35844200.0,53.228488,3732689.5,493.8056817,IT=25;25 ,ii
22889,UP 2,50.000,73864,36001332.0,53.23249,3675774.2,493.8056585,IT=25;25 ,ii
22890,UP 2,47.975,74748,37498688.0,53.236626,3565014.0,493.8055771,IT=24;24 ,ii
22891,UP 2,47.869,76680,38980928.0,53.240798,3535083.2,493.8056103,IT=24;24 ,ii
22892,UP 2,45.714,76860,40857436.0,53.244942,3237381.5,493.8056487,IT=23;23 ,ii
22894,UP 2,41.367,66224,41891296.0,53.249576,4097615.8,498.8080378,IT=21;21 ,ii
22895,UP 2,39.856,69004,43666688.0,53.253555,4755855.0,498.8081033,IT=20;20 ,ii
22899,UP 2,37.606,66576,47052464.0,53.263367,6087331.5,498.808121,IT=19;19 ,ii
22900,UP 2,37.736,68716,48112336.0,53.267536,6463613.5,498.8083592,IT=19;19 ,ii
22905,UP 2,38.083,68992,47452580.0,53.277229,5968137.5,498.8081034,IT=19;19 ,ii
22906,UP 2,37.576,68056,47170344.0,53.281388,5553603.5,498.808257,IT=19;19 ,ii
22911,UP 2,41.995,72204,44336684.0,53.291159,3804870.5,498.8081982,IT=21;21 ,ii
22912,UP 2,45.281,78392,43210852.0,53.29539,3106980.2,498.8082058,IT=23;23 ,ii
22916,UP 2,46.756,77124,40676576.0,53.303384,2142292.0,391.2841022,IT=23;23 ,ii
22917,UP 2,49.761,77832,39538896.0,53.30744,2216031.5,391.2841981,IT=25;25 ,ii
22921,UP 2,50.000,82836,37552324.0,53.31545,2058619.5,391.2841103,IT=25;25 ,ii
22922,UP 2,50.000,76636,36490448.0,53.319625,2164304.8,391.2841702,IT=25;25 ,ii
22924,UP 2,50.000,78556,35489420.0,53.324398,2119575.0,391.2840908,IT=25;25 ,ii
22925,UP 2,50.000,82620,35147020.0,53.3284,2121653.5,391.2842375,IT=25;25 ,ii
22930,UP 2,50.000,78800,31994136.0,53.338254,2008060.9,391.2842375,IT=25;25 ,ii
22931,UP 2,50.000,76856,31248966.0,53.342425,2112097.2,391.2842661,IT=25;25 ,ii
22934,UP 2,50.000,80908,30701650.0,53.348604,2012494.1,391.2842795,IT=25;25 ,ii
22935,UP 2,50.000,80128,29706376.0,53.352775,2020390.8,391.2843366,IT=25;25 ,ii
22937,UP 2,50.000,79248,29652558.0,53.357556,2059752.2,391.2843125,IT=25;25 ,ii
22938,UP 2,50.000,80708,29060792.0,53.361737,2035524.4,391.2843488,IT=25;25 ,ii
22939,UP 2,50.000,76852,29104820.0,53.365739,2074549.5,391.2843021,IT=25;25 ,ii
22941,UP 2,50.000,74048,27981936.0,53.37036,1945241.6,391.2841944,IT=25;25 ,ii
22942,UP 2,50.000,75632,28102152.0,53.374535,1993643.0,391.2843365,IT=25;25 ,ii
22945,UP 2,50.000,82352,29469032.0,53.38106,2044164.5,391.2842557,IT=25;25 ,ii
22946,UP 2,50.000,80568,30590162.0,53.385233,2088869.1,391.2842806,IT=25;25 ,ii
22950,UP 2,50.000,79044,32056384.0,53.393575,2123457.2,391.2840976,IT=25;25 ,ii
22951,UP 2,50.000,82140,34127432.0,53.397577,2203838.2,391.2842308,IT=25;25 ,ii
22954,UP 2,50.000,80628,34946640.0,53.404093,2117767.2,391.2841304,IT=25;25 ,ii
22955,UP 2,50.000,80108,36251448.0,53.408097,2121706.5,391.2842556,IT=25;25 ,ii
22959,UP 2,50.000,80780,37853480.0,53.416145,2126112.5,391.2840472,IT=25;25 ,ii
22960,UP 2,50.000,82228,38023748.0,53.42032,2055809.6,391.2840687,IT=25;25 ,ii
22962,UP 2,50.000,81300,38979732.0,53.42571,2319695.0,391.2839046,IT=25;25 ,ii
22963,UP 2,50.000,80300,38772044.0,53.429877,2162811.2,391.2840757,IT=25;25 ,ii
22967,UP 2,50.000,78644,37295420.0,53.438178,2177455.8,391.2838619,IT=25;25 ,ii
22968,UP 2,50.000,84092,37897028.0,53.442368,2155546.5,391.2841125,IT=25;25 ,ii
22970,UP 2,50.000,79696,36769960.0,53.447137,2103101.5,391.283986,IT=25;25 ,ii
22971,UP 2,50.000,83360,36890488.0,53.451303,2126961.0,391.283887,IT=25;25 ,ii
22972,UP 2,50.000,81768,36401192.0,53.455472,2112527.5,391.284184,IT=25;25 ,ii
22974,UP 2,50.000,82768,36654080.0,53.460089,2154776.2,391.2839704,IT=25;25 ,ii
22975,UP 2,50.000,76228,35378564.0,53.464259,2154603.8,391.2840635,IT=25;25 ,ii
22976,UP 2,50.000,78252,35475336.0,53.468428,2201690.5,391.2841313,IT=25;25 ,ii
22979,UP 2,50.000,77772,34278388.0,53.474951,2022497.4,391.2841702,IT=25;25 ,ii
22980,UP 2,50.000,76136,34546692.0,53.479124,2109785.8,391.284111,IT=25;25 ,ii
22981,UP 2,50.000,78784,34377784.0,53.483128,2075318.9,391.2842206,IT=25;25 ,ii
22986,UP 2,50.000,80628,34201472.0,53.493324,2139721.0,391.2841868,IT=25;25 ,ii
22987,UP 2,50.000,79640,33883688.0,53.497505,2155894.8,391.2842528,IT=25;25 ,ii
22989,UP 2,50.000,78552,33487848.0,53.502111,2079138.6,391.2841586,IT=25;25 ,ii
22990,UP 2,50.000,83092,34461888.0,53.506282,2119994.0,391.2840869,IT=25;25 ,ii
22991,UP 2,50.000,80980,34220148.0,53.510747,2128290.8,391.2841663,IT=25;25 ,ii
22995,UP 2,50.000,83908,34139308.0,53.518811,2096120.4,391.284034,IT=25;25 ,ii
22996,UP 2,50.000,84248,34069592.0,53.522982,2238978.5,391.2841377,IT=25;25 ,ii
22999,UP 2,50.000,84024,34158716.0,53.529476,2211270.8,391.284097,IT=25;25 ,ii
23000,UP 2,50.000,82532,33225938.0,53.533657,2078178.6,391.284161,IT=25;25 ,ii
23004,UP 2,50.000,80404,31735280.0,53.541699,1966877.4,391.2842035,IT=25;25 ,ii
23005,UP 2,50.000,80012,31697680.0,53.545869,2087147.2,391.2841888,IT=25;25 ,ii
23007,UP 2,50.000,80468,31036160.0,53.550488,2075725.2,391.28413,IT=25;25 ,ii
23008,UP 2,50.000,84120,31164540.0,53.554655,2146108.8,391.2841287,IT=25;25 ,ii
23009,UP 2,50.000,80980,30128620.0,53.55883,2123589.0,391.2841716,IT=25;25 ,ii
23011,UP 2,50.000,80264,29020088.0,53.563446,2026491.2,391.2840798,IT=25;25 ,ii
23012,UP 2,50.000,78004,28635968.0,53.567617,2077053.4,391.2841462,IT=25;25 ,ii
23013,UP 2,50.000,79540,28609480.0,53.571788,2057305.2,391.2841402,IT=25;25 ,ii
23014,UP 2,50.000,79412,28799468.0,53.575957,2017023.5,391.2843365,IT=25;25 ,ii
23018,UP 2,50.000,80324,29849378.0,53.584315,2112324.5,391.2841588,IT=25;25 ,ii
23019,UP 2,50.000,79384,30667338.0,53.58849,2159861.2,391.2841182,IT=25;25 ,ii
23020,UP 2,50.000,85528,32152078.0,53.592946,2071353.6,391.2842363,IT=25;25 ,ii
23023,UP 2,50.000,80880,33222216.0,53.599421,2179618.0,391.2840305,IT=25;25 ,ii
23024,UP 2,50.000,81624,33511506.0,53.603592,2020370.6,391.2841087,IT=25;25 ,ii
23025,UP 2,50.000,82380,34751628.0,53.607763,2243197.2,391.2841079,IT=25;25 ,ii
23027,UP 2,50.000,84520,34667644.0,53.61255,2088405.2,391.284024,IT=25;25 ,ii
23028,UP 2,50.000,83644,35131448.0,53.616719,2171526.5,391.2839929,IT=25;25 ,ii
23029,UP 2,50.000,83628,34347344.0,53.62089,2208465.2,391.2841202,IT=25;25 ,ii
23031,UP 2,50.000,82336,33841332.0,53.62549,2095548.5,391.2840708,IT=25;25 ,ii
23032,UP 2,50.000,83572,33227760.0,53.629656,2130790.5,391.2839574,IT=25;25 ,ii
23033,UP 2,50.000,81488,32288902.0,53.63384,2126190.8,391.2840304,IT=25;25 ,ii
23034,UP 2,50.000,81800,31596252.0,53.63784,2165440.8,391.284031,IT=25;25 ,ii
23035,UP 2,50.000,81888,30355240.0,53.64201,2014616.0,391.2840062,IT=25;25 ,ii
23036,UP 2,50.000,88484,30828404.0,53.646183,2134431.2,391.2841628,IT=25;25 ,ii
23038,UP 2,50.000,83220,29584232.0,53.650954,2074422.6,391.2841077,IT=25;25 ,ii
23039,UP 2,50.000,80260,28535136.0,53.655125,2093876.5,391.2841654,IT=25;25 ,ii
23041,UP 2,50.000,79568,28525804.0,53.659752,2147742.2,391.2840614,IT=25;25 ,ii
23042,UP 2,50.000,79068,27805944.0,53.663919,2029542.8,391.2841697,IT=25;25 ,ii
23043,UP 2,50.000,81592,27917258.0,53.668085,2065488.8,391.2843064,IT=25;25 ,ii
23047,UP 2,50.000,80492,28783214.0,53.676158,2137972.2,391.284106,IT=25;25 ,ii
23048,UP 2,50.000,80584,28525914.0,53.680621,2078869.5,391.2841648,IT=25;25 ,ii
23049,UP 2,50.000,78196,28476186.0,53.684791,2065733.6,391.2841275,IT=25;25 ,ii
23050,UP 2,50.000,80732,29615054.0,53.688962,2182319.8,391.2841138,IT=25;25 ,ii
23051,UP 2,50.000,76792,29057062.0,53.693139,2146846.2,391.2841655,IT=25;25 ,ii
23054,UP 2,50.000,75480,28899606.0,53.699631,2077668.6,391.2841032,IT=25;25 ,ii
23055,UP 2,50.000,77352,29501078.0,53.7038,2235344.8,391.2840511,IT=25;25 ,ii
23056,UP 2,50.000,78368,29224394.0,53.70782,2074544.0,391.284086,IT=25;25 ,ii
23057,UP 2,50.000,79368,29803630.0,53.711995,2111971.2,391.2842691,IT=25;25 ,ii
23061,UP 2,50.000,77140,29484204.0,53.720299,2176627.8,391.2839534,IT=25;25 ,ii
23062,UP 2,50.000,79816,29470120.0,53.724466,2127828.5,391.2840501,IT=25;25 ,ii
23065,UP 2,50.000,76260,29528992.0,53.730974,2260708.8,391.2840434,IT=25;25 ,ii
23066,UP 2,50.000,79768,30183780.0,53.735147,2126813.5,391.2841628,IT=25;25 ,ii
23067,UP 2,50.000,79444,30552752.0,53.739152,2113129.8,391.2841347,IT=25;25 ,ii
23069,UP 2,50.000,76424,30126856.0,53.743783,2154092.2,391.2840724,IT=25;25 ,ii
23070,UP 2,50.000,79248,31049718.0,53.747968,2193408.5,391.2840956,IT=25;25 ,ii
23071,UP 2,50.000,82348,31184210.0,53.752137,2147454.0,391.2841428,IT=25;25 ,ii
23072,UP 2,50.000,78712,30993430.0,53.756306,2099692.5,391.2841108,IT=25;25 ,ii
23073,UP 2,50.000,78544,32146454.0,53.760756,2236880.0,391.2842299,IT=25;25 ,ii
23075,UP 2,50.000,82216,32424462.0,53.765376,2149170.5,391.2841829,IT=25;25 ,ii
23076,UP 2,50.000,81140,31867428.0,53.769545,2146618.5,391.2841508,IT=25;25 ,ii
23078,UP 2,50.000,79908,32653810.0,53.774149,2238728.0,391.2841925,IT=25;25 ,ii
23079,UP 2,50.000,79792,31842922.0,53.778318,2158391.5,391.284258,IT=25;25 ,ii
23083,UP 2,50.000,78888,32330198.0,53.786424,2173581.0,391.2841721,IT=25;25 ,ii
23084,UP 2,50.000,79428,32184470.0,53.790599,2105390.8,391.284322,IT=25;25 ,ii
23088,UP 2,50.000,78256,33062582.0,53.798624,2237302.2,391.2840936,IT=25;25 ,ii
23089,UP 2,50.000,82292,32870414.0,53.802634,2165153.2,391.2841947,IT=25;25 ,ii
23091,UP 2,50.000,82096,32915858.0,53.807249,2304396.8,391.2841039,IT=25;25 ,ii
23092,UP 2,50.000,82424,32100642.0,53.811418,2143501.0,391.2842544,IT=25;25 ,ii
23095,UP 2,50.000,79652,31656546.0,53.817628,2185752.5,391.2840918,IT=25;25 ,ii
23096,UP 2,50.000,80300,30679020.0,53.821805,2088986.1,391.2842622,IT=25;25 ,ii
23097,UP 2,50.000,79040,30053272.0,53.82597,2128329.0,391.284228,IT=25;25 ,ii
23098,UP 2,50.000,80560,29980350.0,53.829972,2090243.1,391.2842157,IT=25;25 ,ii
23099,UP 2,50.000,79792,29215192.0,53.83414,2139898.5,391.2842155,IT=25;25 ,ii
23100,UP 2,50.000,77268,28552536.0,53.838311,2166662.2,391.2842217,IT=25;25 ,ii
23103,UP 2,50.000,78620,27396600.0,53.846515,2132097.0,391.2841831,IT=25;25 ,ii
23104,UP 2,50.000,76528,26949252.0,53.850515,2143167.0,391.2842581,IT=25;25 ,ii
23105,UP 2,50.000,75092,25892064.0,53.854686,2080147.4,391.2841987,IT=25;25 ,ii
23106,UP 2,50.000,75232,25591940.0,53.858855,2029071.4,391.2842645,IT=25;25 ,ii
23107,UP 2,50.000,72528,25194862.0,53.863026,2056213.4,391.2841016,IT=25;25 ,ii
23108,UP 2,50.000,74616,25283038.0,53.867192,2076837.2,391.2840991,IT=25;25 ,ii
23109,UP 2,50.000,76160,25515094.0,53.871361,2128585.2,391.2841807,IT=25;25 ,ii
23110,UP 2,50.000,74352,25295212.0,53.875532,2056331.8,391.2841209,IT=25;25 ,ii
23111,UP 2,50.000,72328,24866442.0,53.879701,2068136.0,391.2841387,IT=25;25 ,ii
23112,UP 2,50.000,76452,25222106.0,53.883705,2048632.9,391.2843499,IT=25;25 ,ii
23114,UP 2,50.000,74224,24945526.0,53.888321,1936386.1,391.2842695,IT=25;25 ,ii
23115,UP 2,50.000,73484,25418402.0,53.892494,2107817.0,391.284252,IT=25;25 ,ii
23116,UP 2,50.000,75320,25387400.0,53.896663,2015260.4,391.2842924,IT=25;25 ,ii
23118,UP 2,50.000,77116,25857306.0,53.901446,2034840.4,391.2843038,IT=25;25 ,ii
23119,UP 2,50.000,76780,26089436.0,53.905619,2065732.0,391.2842959,IT=25;25 ,ii
23120,UP 2,50.000,76820,26537994.0,53.909619,2032868.2,391.2842564,IT=25;25 ,ii
23121,UP 2,50.000,76992,27454738.0,53.913798,2181659.0,391.2842875,IT=25;25 ,ii
23125,UP 2,50.000,78188,28532354.0,53.921856,2048167.5,391.2842725,IT=25;25 ,ii
23126,UP 2,50.000,79304,28653696.0,53.926317,1984462.9,391.2843503,IT=25;25 ,ii
23128,UP 2,50.000,74360,29534388.0,53.930933,2166106.8,391.2841521,IT=25;25 ,ii
23129,UP 2,50.000,75688,31052876.0,53.935104,2159779.8,391.2841515,IT=25;25 ,ii
23130,UP 2,50.000,78584,31300524.0,53.939277,2500472.5,516.7961912,IT=25;25 ,ii
23132,UP 2,50.000,73724,32571752.0,53.944048,3134031.2,516.7960668,IT=25;25 ,ii
23133,UP 2,50.000,75980,34088044.0,53.948217,3748011.5,516.7960531,IT=25;25 ,ii
23134,UP 2,48.888,72860,34025956.0,53.952367,4185417.8,516.7959299,IT=24;24 ,ii
23135,UP 2,49.770,75808,34426400.0,53.95655,4325636.0,516.7959097,IT=25;25 ,ii
23136,UP 2,48.183,73492,34649544.0,53.960696,4523422.5,516.7960295,IT=24;24 ,ii
23137,UP 2,48.862,70252,33676580.0,53.964879,4257150.0,516.7959432,IT=24;24 ,ii
23138,UP 2,50.000,72408,32876752.0,53.9689,3977897.8,516.7958788,IT=25;25 ,ii
23139,UP 2,50.000,72604,31479074.0,53.973069,3473288.2,516.7959291,IT=25;25 ,ii
23140,UP 2,50.000,74832,30151790.0,53.977239,2876964.2,516.7960243,IT=25;25 ,ii
23141,UP 2,50.000,75680,29660034.0,53.981408,2344855.5,516.7961472,IT=25;25 ,ii
23142,UP 2,50.000,75992,28836786.0,53.985581,2163512.2,391.2841554,IT=25;25 ,ii
23143,UP 2,50.000,70740,27243570.0,53.989583,2131978.5,391.2839789,IT=25;25 ,ii
23144,UP 2,50.000,74528,27239920.0,53.993756,2164951.8,391.2842576,IT=25;25 ,ii
23146,UP 2,50.000,73024,27028812.0,53.998356,2140373.2,391.2842143,IT=25;25 ,ii
23147,UP 2,50.000,74892,26849948.0,54.002529,2076929.0,391.2841998,IT=25;25 ,ii
23148,UP 2,50.000,74952,26437186.0,54.006529,2089182.1,391.284122,IT=25;25 ,ii
23149,UP 2,50.000,76580,27206648.0,54.010993,2139749.2,391.2842256,IT=25;25 ,ii
23150,UP 2,50.000,75152,26839702.0,54.015162,2049171.2,391.2843136,IT=25;25 ,ii
23154,UP 2,50.000,78984,28065784.0,54.023487,2024220.0,391.2841389,IT=25;25 ,ii
23155,UP 2,50.000,76276,27732654.0,54.027487,2108701.5,391.2840208,IT=25;25 ,ii
23158,UP 2,50.000,77988,28704214.0,54.033714,2126272.8,391.2841353,IT=25;25 ,ii
23159,UP 2,50.000,78240,28710954.0,54.037716,2010899.5,391.2842625,IT=25;25 ,ii
23161,UP 2,50.000,79168,29424044.0,54.042322,2190269.5,391.2841847,IT=25;25 ,ii
23162,UP 2,50.000,78084,29144134.0,54.046493,2083607.8,391.2841622,IT=25;25 ,ii
23163,UP 2,50.000,78400,29707584.0,54.05067,2191116.8,391.2842429,IT=25;25 ,ii
23166,UP 2,50.000,80360,30158640.0,54.057166,2081729.2,391.284117,IT=25;25 ,ii
23167,UP 2,50.000,79648,30875938.0,54.061343,2080227.5,391.2841322,IT=25;25 ,ii
23168,UP 2,50.000,83260,31744412.0,54.065354,2091468.6,391.2842786,IT=25;25 ,ii
23171,UP 2,50.000,80616,32784536.0,54.071597,2093202.1,391.2840384,IT=25;25 ,ii
23172,UP 2,50.000,77004,34339540.0,54.075601,2184963.5,391.2840649,IT=25;25 ,ii
23176,UP 2,50.000,79236,36733172.0,54.083664,2249827.5,391.2839206,IT=25;25 ,ii
23177,UP 2,50.000,77580,37622712.0,54.087837,2224284.0,391.283909,IT=25;25 ,ii
23178,UP 2,49.470,77940,38459892.0,54.092283,2197592.0,391.28404,IT=25;25 ,ii
23181,UP 2,50.000,76852,39023640.0,54.098512,2388677.5,939.4350301,IT=25;25 ,ii
23182,UP 2,50.000,76056,39051892.0,54.102514,2524858.2,939.4353102,IT=25;25 ,ii
23184,UP 2,50.000,80352,39746484.0,54.107118,2774271.0,939.4351176,IT=25;25 ,ii
23185,UP 2,50.000,79196,38405128.0,54.111289,2537149.8,939.4352054,IT=25;25 ,ii
23188,UP 2,50.000,77556,37075808.0,54.117788,2327168.8,939.4352304,IT=25;25 ,ii
23189,UP 2,50.000,77612,35075080.0,54.121959,2057219.0,391.2840952,IT=25;25 ,ii
23190,UP 2,50.000,79816,34053444.0,54.126126,2111785.2,391.2840695,IT=25;25 ,ii
23191,UP 2,50.000,78208,32538376.0,54.130293,2129317.5,391.284107,IT=25;25 ,ii
23192,UP 2,50.000,77720,31411224.0,54.134295,2111517.8,391.2842403,IT=25;25 ,ii
23195,UP 2,50.000,77452,30379036.0,54.140788,2195526.2,391.2841677,IT=25;25 ,ii
23196,UP 2,50.000,74884,29549344.0,54.144788,2131359.2,391.2842235,IT=25;25 ,ii
23199,UP 2,50.000,74496,28833390.0,54.151007,2189721.0,391.2841504,IT=25;25 ,ii
23200,UP 2,50.000,74912,28698036.0,54.155009,2098225.5,391.284281,IT=25;25 ,ii
23202,UP 2,50.000,74300,28166806.0,54.15963,2080406.9,391.2842211,IT=25;25 ,ii
23203,UP 2,50.000,75560,27567050.0,54.163811,2079544.4,391.2841166,IT=25;25 ,ii
23204,UP 2,50.000,73668,27237948.0,54.167986,2084212.2,391.2840919,IT=25;25 ,ii
23205,UP 2,50.000,77736,27656448.0,54.17199,2089794.9,391.2840922,IT=25;25 ,ii
23206,UP 2,50.000,79536,28208250.0,54.176165,2155102.0,391.2842059,IT=25;25 ,ii
23208,UP 2,50.000,74880,26585424.0,54.180784,2026719.1,391.2840973,IT=25;25 ,ii
23209,UP 2,50.000,77820,26867192.0,54.184955,2158628.8,391.2840911,IT=25;25 ,ii
23210,UP 2,50.000,75868,26367406.0,54.18913,2007474.2,391.2841847,IT=25;25 ,ii
23211,UP 2,50.000,81368,26971818.0,54.193142,2048508.1,391.2841871,IT=25;25 ,ii
23212,UP 2,50.000,77048,26387200.0,54.197315,2129825.5,391.2841725,IT=25;25 ,ii
23213,UP 2,50.000,76128,26236690.0,54.201482,2139435.8,391.2842639,IT=25;25 ,ii
23215,UP 2,50.000,78108,26753904.0,54.20608,2121422.5,391.2841703,IT=25;25 ,ii
23216,UP 2,50.000,81844,26506856.0,54.210246,1955446.4,391.2842434,IT=25;25 ,ii
23217,UP 2,50.000,76924,25487650.0,54.21425,1982790.9,391.2843995,IT=25;25 ,ii
23219,UP 2,50.000,78080,25828626.0,54.218863,2004168.2,391.2842213,IT=25;25 ,ii
23220,UP 2,50.000,79528,26524564.0,54.223032,2021736.5,391.2842428,IT=25;25 ,ii
23221,UP 2,50.000,76304,26777574.0,54.227202,2115644.0,391.2843532,IT=25;25 ,ii
23223,UP 2,50.000,74744,26235668.0,54.231988,2042642.1,391.2841841,IT=25;25 ,ii
23224,UP 2,50.000,80672,27063906.0,54.236002,2075299.4,391.28427,IT=25;25 ,ii
23227,UP 2,50.000,76768,27603656.0,54.242475,2072164.5,391.284041,IT=25;25 ,ii
23228,UP 2,50.000,79116,28454940.0,54.246498,2042852.9,391.2841848,IT=25;25 ,ii
23230,UP 2,50.000,78808,29509878.0,54.251096,2139139.8,391.2840631,IT=25;25 ,ii
23231,UP 2,50.000,76904,30585346.0,54.25529,2151207.2,391.2840808,IT=25;25 ,ii
23233,UP 2,50.000,79616,32665534.0,54.261644,2142545.0,651.3780654,IT=25;25 ,ii
23234,UP 2,50.000,73600,32561240.0,54.265815,2173243.2,651.3782677,IT=25;25 ,ii
23238,UP 2,50.000,75772,34000972.0,54.273871,2286348.0,651.3777312,IT=25;25 ,ii
23239,UP 2,47.892,77852,34680248.0,54.277842,2218594.2,651.377857,IT=24;24 ,ii
23242,UP 2,50.000,76176,34370796.0,54.284052,2188824.0,391.284073,IT=25;25 ,ii
23243,UP 2,50.000,77628,33964612.0,54.288069,2116785.8,391.2841088,IT=25;25 ,ii
23244,UP 2,50.000,69740,32320396.0,54.292254,2154687.8,391.284087,IT=25;25 ,ii
23245,UP 2,50.000,78216,32615758.0,54.296437,2036499.4,391.2841282,IT=25;25 ,ii
23247,UP 2,50.000,76392,31427196.0,54.301223,2172071.0,391.284072,IT=25;25 ,ii
23248,UP 2,50.000,78208,30410974.0,54.305233,2074822.6,391.2842299,IT=25;25 ,ii
23249,UP 2,50.000,80588,29932434.0,54.309419,2054081.4,391.2841977,IT=25;25 ,ii
23250,UP 2,50.000,76872,28514430.0,54.313591,2064537.4,391.2842031,IT=25;25 ,ii
23251,UP 2,50.000,78544,28108220.0,54.317764,1980196.1,391.2841985,IT=25;25 ,ii
23252,UP 2,50.000,76288,27527944.0,54.321941,2022187.8,391.2843304,IT=25;25 ,ii
23255,UP 2,50.000,77864,27452352.0,54.328466,2007567.6,391.284256,IT=25;25 ,ii
23256,UP 2,50.000,75444,26727822.0,54.332643,2063662.8,391.284167,IT=25;25 ,ii
23257,UP 2,50.000,74980,26924278.0,54.33665,2135916.5,391.2841885,IT=25;25 ,ii
23258,UP 2,50.000,76800,26875882.0,54.341097,2071124.6,391.2842641,IT=25;25 ,ii
23259,UP 2,50.000,76160,27044306.0,54.345272,1993114.6,391.2842899,IT=25;25 ,ii
23262,UP 2,50.000,72160,26860546.0,54.351749,2055562.4,391.2841896,IT=25;25 ,ii
23263,UP 2,50.000,74708,27038552.0,54.35592,2021728.8,391.2841724,IT=25;25 ,ii
23264,UP 2,50.000,73380,26653752.0,54.360093,1979050.4,391.2842552,IT=25;25 ,ii
23266,UP 2,50.000,74892,27178792.0,54.364878,2078733.4,391.2842262,IT=25;25 ,ii
23267,UP 2,50.000,73520,26910450.0,54.369051,2011414.5,391.2842434,IT=25;25 ,ii
23268,UP 2,50.000,74132,26304452.0,54.373231,1940769.6,391.2842715,IT=25;25 ,ii
23269,UP 2,50.000,71064,25549628.0,54.377401,1998658.6,391.2842362,IT=25;25 ,ii
23270,UP 2,50.000,75104,26062410.0,54.381574,2081679.4,391.2842726,IT=25;25 ,ii
23273,UP 2,50.000,72592,24946158.0,54.388091,2003920.2,391.2842665,IT=25;25 ,ii
23274,UP 2,50.000,74668,24842302.0,54.392262,1985491.2,391.2842628,IT=25;25 ,ii
23275,UP 2,50.000,75460,24839360.0,54.39646,1946819.9,391.284234,IT=25;25 ,ii
23276,UP 2,50.000,71044,24485742.0,54.400639,2026234.2,391.2842611,IT=25;25 ,ii
23277,UP 2,50.000,72580,24009986.0,54.40482,2035055.2,391.2844419,IT=25;25 ,ii
23279,UP 2,50.000,75372,24310772.0,54.409418,2040942.4,391.2843379,IT=25;25 ,ii
23280,UP 2,50.000,75444,23528474.0,54.413591,1882909.2,391.2843193,IT=25;25 ,ii
23281,UP 2,50.000,71788,23527624.0,54.417766,1982198.9,391.2843246,IT=25;25 ,ii
23282,UP 2,50.000,75348,23802630.0,54.42178,1952636.4,391.2843331,IT=25;25 ,ii
23283,UP 2,50.000,72624,23583834.0,54.426232,1955911.8,391.2843726,IT=25;25 ,ii
23284,UP 2,50.000,74580,23720852.0,54.430403,2042764.4,391.284308,IT=25;25 ,ii
23285,UP 2,50.000,75988,23809810.0,54.434576,2006537.8,391.2842689,IT=25;25 ,ii
23286,UP 2,50.000,73000,23455256.0,54.438584,1974825.6,391.2842954,IT=25;25 ,ii
23287,UP 2,50.000,71528,23375454.0,54.442759,1939516.6,391.2843039,IT=25;25 ,ii
23288,UP 2,50.000,74044,23989262.0,54.446932,2070537.5,391.2843349,IT=25;25 ,ii
23289,UP 2,50.000,76088,23936644.0,54.451109,1971635.6,391.2843629,IT=25;25 ,ii
23290,UP 2,50.000,74960,23776850.0,54.455295,1929522.4,391.2843368,IT=25;25 ,ii
23291,UP 2,50.000,74036,24380452.0,54.459299,2046820.6,391.2842961,IT=25;25 ,ii
23292,UP 2,50.000,76568,24351466.0,54.463474,1907409.1,391.28429619999997,IT=25;25 ,ii
23293,UP 2,50.000,69592,24057434.0,54.467649,2042488.0,391.2843589,IT=25;25 ,ii
23294,UP 2,50.000,74872,24794216.0,54.47183,2029513.1,391.2844438,IT=25;25 ,ii
23296,UP 2,50.000,74464,24472612.0,54.476605,1935788.2,391.2843603,IT=25;25 ,ii
23297,UP 2,50.000,71576,24966506.0,54.480609,2069295.2,391.2843718,IT=25;25 ,ii
23298,UP 2,50.000,72508,24833464.0,54.484782,1971718.1,391.2843744,IT=25;25 ,ii
23299,UP 2,50.000,75044,24913066.0,54.488955,1966708.5,391.2843821,IT=25;25 ,ii
23301,UP 2,50.000,72864,24857476.0,54.493738,1993718.1,391.284311,IT=25;25 ,ii
23302,UP 2,50.000,74344,25338404.0,54.497911,1953419.9,391.2843929,IT=25;25 ,ii
23303,UP 2,50.000,75224,25965276.0,54.501919,2029996.1,391.2844288,IT=25;25 ,ii
23305,UP 2,50.000,69396,25613508.0,54.506538,2097772.0,391.2843041,IT=25;25 ,ii
23306,UP 2,50.000,72016,26194578.0,54.511009,2052950.8,391.2842702,IT=25;25 ,ii
23307,UP 2,50.000,72424,26005488.0,54.515186,1991101.5,391.2842814,IT=25;25 ,ii
23308,UP 2,50.000,73436,25603846.0,54.519361,1993211.5,391.2842905,IT=25;25 ,ii
23309,UP 2,50.000,67684,24817416.0,54.523367,1984195.9,391.2843431,IT=25;25 ,ii
23310,UP 2,50.000,67652,24511462.0,54.52754,1936336.2,391.2843286,IT=25;25 ,ii
23311,UP 2,50.000,71164,24961678.0,54.531715,2087078.5,391.2843314,IT=25;25 ,ii
23312,UP 2,50.000,69384,24279612.0,54.535888,2076176.9,391.2844026,IT=25;25 ,ii
23313,UP 2,50.000,71784,23791430.0,54.539892,1968059.5,391.2842604,IT=25;25 ,ii
23314,UP 2,50.000,68784,23438052.0,54.544065,2082166.8,391.2842985,IT=25;25 ,ii
23315,UP 2,50.000,67292,22710508.0,54.548238,1951299.4,391.2843705,IT=25;25 ,ii
23316,UP 2,50.000,70432,22674078.0,54.552411,1852848.2,391.2845327,IT=25;25 ,ii
23318,UP 2,50.000,68896,22860524.0,54.55719,1915508.6,391.2843328,IT=25;25 ,ii
23319,UP 2,50.000,70760,23072462.0,54.561196,2015165.9,391.284373,IT=25;25 ,ii
23320,UP 2,50.000,70584,23114494.0,54.565373,1976168.4,391.2843593,IT=25;25 ,ii
23321,UP 2,50.000,70472,23420252.0,54.569546,2076701.5,391.2843492,IT=25;25 ,ii
23322,UP 2,50.000,69812,22849158.0,54.573719,1991729.8,391.2842821,IT=25;25 ,ii
23323,UP 2,50.000,70248,22915420.0,54.577892,1959374.2,391.2843516,IT=25;25 ,ii
23325,UP 2,50.000,71384,23215322.0,54.582523,2017024.5,391.2843779,IT=25;25 ,ii
23326,UP 2,50.000,70232,22581868.0,54.586696,1911031.1,391.2843349,IT=25;25 ,ii
23327,UP 2,50.000,72968,23050374.0,54.591156,1924108.5,391.2843722,IT=25;25 ,ii
23328,UP 2,50.000,70084,22921104.0,54.595337,2022555.8,391.2843262,IT=25;25 ,ii
23329,UP 2,50.000,73328,22859192.0,54.599506,2003487.9,391.2843179,IT=25;25 ,ii
23330,UP 2,50.000,70108,22887116.0,54.60351,2015148.5,391.2843368,IT=25;25 ,ii
23331,UP 2,50.000,69788,22525014.0,54.607683,2031464.2,391.2843732,IT=25;25 ,ii
23332,UP 2,50.000,69408,21694120.0,54.611866,1868323.9,391.2843854,IT=25;25 ,ii
23333,UP 2,50.000,71660,22482424.0,54.616039,1914129.1,391.284525,IT=25;25 ,ii
23335,UP 2,50.000,68924,22246352.0,54.620825,1885484.5,391.2843779,IT=25;25 ,ii
23336,UP 2,50.000,69620,22730526.0,54.624831,1984224.8,391.2843247,IT=25;25 ,ii
23337,UP 2,50.000,71272,23007008.0,54.629004,1998946.8,391.2843429,IT=25;25 ,ii
23338,UP 2,50.000,69936,22790524.0,54.633185,1900841.5,391.2843227,IT=25;25 ,ii
23339,UP 2,50.000,70480,22844366.0,54.637366,1935215.5,391.284245,IT=25;25 ,ii
23340,UP 2,50.000,68080,22952866.0,54.641366,1994703.4,391.2842453,IT=25;25 ,ii
23341,UP 2,50.000,72924,22747586.0,54.645537,1878418.1,391.2843866,IT=25;25 ,ii
23343,UP 2,50.000,70872,22877574.0,54.65017,1901063.2,391.284288,IT=25;25 ,ii
23344,UP 2,50.000,71384,22279510.0,54.654343,1890162.6,391.284319,IT=25;25 ,ii
23345,UP 2,50.000,72612,22631170.0,54.658527,1958498.0,391.2842755,IT=25;25 ,ii
23346,UP 2,50.000,71032,21904790.0,54.662539,1845250.6,391.284284,IT=25;25 ,ii
23347,UP 2,50.000,72180,22198296.0,54.666706,1914672.4,391.2841842,IT=25;25 ,ii
23348,UP 2,50.000,70764,22324254.0,54.670881,1901406.2,391.2842547,IT=25;25 ,ii
23349,UP 2,50.000,70412,22709278.0,54.675341,2010942.0,391.2842523,IT=25;25 ,ii
23350,UP 2,50.000,68980,22098036.0,54.679514,1948256.5,391.2842436,IT=25;25 ,ii
23351,UP 2,50.000,68400,21854132.0,54.68352,1908054.5,391.2842718,IT=25;25 ,ii
23352,UP 2,50.000,70328,22478850.0,54.687693,1957402.6,391.2842866,IT=25;25 ,ii
23353,UP 2,50.000,71472,22849900.0,54.691876,1950957.0,391.2843279,IT=25;25 ,ii
23355,UP 2,50.000,73488,23042142.0,54.696662,1957330.9,391.28426,IT=25;25 ,ii
23356,UP 2,50.000,71320,22981644.0,54.700835,1910031.5,391.2843621,IT=25;25 ,ii
23358,UP 2,50.000,72752,23810228.0,54.705445,2028296.5,391.284205,IT=25;25 ,ii
23359,UP 2,50.000,72176,23781184.0,54.709447,1975804.1,391.2842952,IT=25;25 ,ii
23360,UP 2,50.000,73532,23558060.0,54.71362,1906001.5,391.2843201,IT=25;25 ,ii
23361,UP 2,50.000,73716,23706100.0,54.717795,1980736.6,391.2843502,IT=25;25 ,ii
23362,UP 2,50.000,71904,23418254.0,54.72197,2015205.6,391.2843894,IT=25;25 ,ii
23363,UP 2,50.000,73248,23306846.0,54.725974,1851379.9,391.2843718,IT=25;25 ,ii
23364,UP 2,50.000,74276,23248908.0,54.730145,1900174.2,391.2843514,IT=25;25 ,ii
23365,UP 2,50.000,73420,23190124.0,54.734318,1910461.5,391.2842943,IT=25;25 ,ii
23366,UP 2,50.000,72792,23509252.0,54.738491,2000019.2,391.284383,IT=25;25 ,ii
23367,UP 2,50.000,75724,23744942.0,54.742497,1979795.0,391.2842365,IT=25;25 ,ii
23368,UP 2,50.000,72080,22850524.0,54.746672,1955156.9,391.2843682,IT=25;25 ,ii
23369,UP 2,50.000,74304,23640526.0,54.750847,1936191.1,391.2844916,IT=25;25 ,ii
23370,UP 2,50.000,73452,23722264.0,54.755022,2006082.5,391.2843445,IT=25;25 ,ii
23371,UP 2,50.000,75424,23666454.0,54.759486,1953385.1,391.2842937,IT=25;25 ,ii
23372,UP 2,50.000,73256,23907060.0,54.763659,1955925.5,391.2843804,IT=25;25 ,ii
23374,UP 2,50.000,69176,24005342.0,54.768278,1997982.1,391.2843332,IT=25;25 ,ii
23375,UP 2,50.000,71192,24173098.0,54.772451,1983950.1,391.2843402,IT=25;25 ,ii
23377,UP 2,50.000,71940,24687426.0,54.77707,1984985.5,391.2843302,IT=25;25 ,ii
23378,UP 2,50.000,72656,25147756.0,54.78124,1980267.9,391.2842987,IT=25;25 ,ii
23379,UP 2,50.000,75220,25810592.0,54.785428,1991019.6,391.284244,IT=25;25 ,ii
23380,UP 2,50.000,73108,25950620.0,54.789601,2009438.4,391.2843951,IT=25;25 ,ii
23382,UP 2,50.000,68916,26171084.0,54.794201,2008896.9,455.3228844,IT=25;25 ,ii
23383,UP 2,50.000,72212,27466558.0,54.798371,2184005.5,455.3228801,IT=25;25 ,ii
23384,UP 2,50.000,70808,27327284.0,54.802551,2296660.8,455.3230126,IT=25;25 ,ii
23386,UP 2,50.000,75068,28262050.0,54.807336,2282232.8,455.3229777,IT=25;25 ,ii
23387,UP 2,50.000,75868,28152198.0,54.81134,2160203.5,455.3230429,IT=25;25 ,ii
23389,UP 2,50.000,76136,28068008.0,54.815961,1956158.5,455.322852,IT=25;25 ,ii
23390,UP 2,50.000,77276,28454748.0,54.820134,1967991.1,391.2842815,IT=25;25 ,ii
23391,UP 2,50.000,94332,36008932.0,54.824307,1999656.9,391.2843728,IT=25;25 ,ii
23396,UP 2,10.720,125016,165948140.0,54.833905,1917344.9,494.2800691,IT=5.4;5.4 ,ii
23407,UP 2,23.913,117192,88702680.0,54.853923,1862666.8,387.2016626,IT=12;12 ,ii
23411,UP 2,24.188,114056,88670224.0,54.863519,1638272.0,387.2016979,IT=12;12 ,ii
23412,UP 2,26.918,122696,86496856.0,54.867663,1436272.0,391.2842617,IT=13;13 ,ii
23414,UP 2,23.891,114900,87596064.0,54.872021,1458895.6,391.2841015,IT=12;12 ,ii
23415,UP 2,22.486,116544,90793856.0,54.876092,1393745.0,391.2841785,IT=11;11 ,ii
23416,UP 2,22.927,115728,90774536.0,54.880033,1346481.9,425.1967852,IT=11;11 ,ii
23417,UP 2,23.246,116880,92451232.0,54.884142,1561201.9,423.1810099,IT=12;12 ,ii
23418,UP 2,21.493,112856,94757288.0,54.888198,1910081.6,423.1808489,IT=11;11 ,ii
23419,UP 2,21.229,114108,94065184.0,54.892271,2368750.2,423.1807861,IT=11;11 ,ii
23420,UP 2,19.883,109548,96942432.0,54.896162,2678654.2,423.180781,IT=9.9;9.9 ,ii
23421,UP 2,19.264,106068,96186664.0,54.900229,2562343.8,423.1808232,IT=9.6;9.6 ,ii
23422,UP 2,19.095,105336,93661184.0,54.904294,2173554.0,423.1807402,IT=9.5;9.5 ,ii
23423,UP 2,19.832,110964,95413240.0,54.908373,1719128.2,423.18096,IT=9.9;9.9 ,ii
23424,UP 2,19.376,110944,96371752.0,54.912273,1744321.0,419.315442,IT=9.7;9.7 ,ii
23425,UP 2,21.297,107728,90081464.0,54.916375,1676641.8,419.3153463,IT=11;11 ,ii
23426,UP 2,20.800,110048,90246256.0,54.920441,1708979.9,419.3154194,IT=10;10 ,ii
23427,UP 2,20.782,112356,91129272.0,54.924514,1733052.8,419.3153037,IT=10;10 ,ii
23428,UP 2,20.649,110680,89052328.0,54.928421,1778918.5,419.3152919,IT=10;10 ,ii
23429,UP 2,20.953,113752,88706120.0,54.932502,1809761.1,419.3152905,IT=10;10 ,ii
23430,UP 2,21.016,114644,89057232.0,54.936581,1838664.5,419.3152477,IT=11;11 ,ii
23431,UP 2,20.196,115940,90192808.0,54.940643,1832898.1,419.3152622,IT=10;10 ,ii
23432,UP 2,20.469,112444,88843016.0,54.944552,1938133.0,419.3153802,IT=10;10 ,ii
23433,UP 2,20.250,114220,89675016.0,54.948627,1941848.8,419.3152757,IT=10;10 ,ii
23434,UP 2,19.841,114532,89787008.0,54.952691,1921338.5,419.3152801,IT=9.9;9.9 ,ii
23435,UP 2,19.991,112896,89806056.0,54.956762,2062444.0,419.3152991,IT=10;10 ,ii
23436,UP 2,19.125,113632,90900592.0,54.960654,2072570.8,419.3153001,IT=9.6;9.6 ,ii
23437,UP 2,19.959,115408,89847784.0,54.964737,2135429.2,419.3153385,IT=10;10 ,ii
23438,UP 2,19.114,110812,89837696.0,54.968787,2169712.5,419.3153197,IT=9.6;9.6 ,ii
23439,UP 2,19.067,112928,92197776.0,54.972845,2248348.2,419.3153539,IT=9.5;9.5 ,ii
23440,UP 2,18.255,111736,92145432.0,54.976724,2190833.2,419.3153289,IT=9.1;9.1 ,ii
23441,UP 2,18.481,112716,92522552.0,54.980799,2318674.8,419.3152906,IT=9.2;9.2 ,ii
23442,UP 2,17.979,111040,92308008.0,54.984847,2406370.5,419.315231,IT=9;9 ,ii
23443,UP 2,18.957,115752,95003800.0,54.988918,2397058.8,419.3153931,IT=9.5;9.5 ,ii
23444,UP 2,18.332,110880,92879128.0,54.99281,2425716.5,419.3153626,IT=9.2;9.2 ,ii
23445,UP 2,18.620,113160,93966776.0,54.996876,2371849.2,419.3153173,IT=9.3;9.3 ,ii
23446,UP 2,18.653,116528,94596712.0,55.000935,2351996.8,419.3153481,IT=9.3;9.3 ,ii
23447,UP 2,18.123,112268,94938448.0,55.004985,2391394.8,419.3153233,IT=9.1;9.1 ,ii
23448,UP 2,17.692,114604,93910352.0,55.009035,2439995.8,419.3153039,IT=8.8;8.8 ,ii
23449,UP 2,17.463,111844,93842016.0,55.012914,2521678.0,419.3153175,IT=8.7;8.7 ,ii
23450,UP 2,17.623,114980,94464808.0,55.01697,2573062.0,419.3153155,IT=8.8;8.8 ,ii
23451,UP 2,17.807,109100,92757392.0,55.021024,2493311.0,419.3153403,IT=8.9;8.9 ,ii
23452,UP 2,18.145,114668,94966704.0,55.025085,2559295.8,419.3153611,IT=9.1;9.1 ,ii
23453,UP 2,17.422,110940,93669288.0,55.028957,2545331.0,419.3153464,IT=8.7;8.7 ,ii
23454,UP 2,18.142,113760,92887912.0,55.033024,2571580.0,419.3152879,IT=9.1;9.1 ,ii
23455,UP 2,16.917,109300,93408856.0,55.037055,2591436.8,419.315317,IT=8.5;8.5 ,ii
23456,UP 2,18.455,113128,94318688.0,55.041132,2583407.2,419.3153135,IT=9.2;9.2 ,ii
23457,UP 2,17.676,112112,93786456.0,55.045005,2550335.5,419.3153572,IT=8.8;8.8 ,ii
23458,UP 2,17.143,110164,92561184.0,55.049051,2735047.2,419.3153803,IT=8.6;8.6 ,ii
23459,UP 2,17.677,110652,91769936.0,55.053114,2576897.5,419.3154626,IT=8.8;8.8 ,ii
23460,UP 2,17.174,110376,93092752.0,55.057151,2877446.8,419.315396,IT=8.6;8.6 ,ii
23461,UP 2,17.671,109236,91021400.0,55.061043,2625696.8,419.3153776,IT=8.8;8.8 ,ii
23462,UP 2,17.748,112596,93022184.0,55.065099,2583051.8,419.315418,IT=8.9;8.9 ,ii
23463,UP 2,17.554,110968,93762592.0,55.069149,2779000.0,419.3154719,IT=8.8;8.8 ,ii
23464,UP 2,18.416,112404,90573400.0,55.073211,2760598.0,419.3153899,IT=9.2;9.2 ,ii
23465,UP 2,18.312,117064,93293872.0,55.077095,2794463.0,419.3154484,IT=9.2;9.2 ,ii
23466,UP 2,17.201,112488,92211832.0,55.08114,2673648.8,419.3154916,IT=8.6;8.6 ,ii
23467,UP 2,19.696,114808,86697072.0,55.085224,2689734.5,419.3155072,IT=9.8;9.8 ,ii
23468,UP 2,17.905,111324,91334720.0,55.089263,2691830.8,419.3155111,IT=9;9 ,ii
23469,UP 2,18.004,111420,91395608.0,55.093322,2716084.0,419.3154957,IT=9;9 ,ii
23470,UP 2,18.386,114960,90949208.0,55.09738,2676291.8,419.3154806,IT=9.2;9.2 ,ii
23471,UP 2,17.998,113200,91715544.0,55.10143,2812271.5,419.3154804,IT=9;9 ,ii
23472,UP 2,18.970,112608,88373616.0,55.105499,2898446.2,419.3154633,IT=9.5;9.5 ,ii
23473,UP 2,18.927,118008,90968904.0,55.10939,2824442.2,419.3154669,IT=9.5;9.5 ,ii
23474,UP 2,17.801,117088,93772576.0,55.113434,2840217.5,419.3154113,IT=8.9;8.9 ,ii
23475,UP 2,19.056,117860,88545280.0,55.117507,2900789.0,419.3154603,IT=9.5;9.5 ,ii
23476,UP 2,18.904,117672,89117296.0,55.121567,2821167.5,419.3154281,IT=9.5;9.5 ,ii
23477,UP 2,18.083,112592,88917032.0,55.125446,2770489.8,419.3154082,IT=9;9 ,ii
23478,UP 2,19.442,111020,83249136.0,55.129528,2765594.5,419.3154713,IT=9.7;9.7 ,ii
23479,UP 2,20.382,117864,85277712.0,55.133607,2885123.8,419.315498,IT=10;10 ,ii
23480,UP 2,17.833,108032,90166544.0,55.137634,2822077.0,419.3154945,IT=8.9;8.9 ,ii
23481,UP 2,18.238,115676,90923768.0,55.141523,2886176.2,419.3154885,IT=9.1;9.1 ,ii
23482,UP 2,18.093,115484,91965800.0,55.145578,2818722.0,419.3154983,IT=9;9 ,ii
23483,UP 2,18.094,117012,92421912.0,55.149634,2972564.0,419.3155,IT=9;9 ,ii
23484,UP 2,17.878,115676,92142504.0,55.153684,2942261.5,419.3153664,IT=8.9;8.9 ,ii
23485,UP 2,18.971,116640,90061736.0,55.157584,2992684.2,419.3153648,IT=9.5;9.5 ,ii
23486,UP 2,20.621,114116,83569400.0,55.16168,2892806.0,419.3153993,IT=10;10 ,ii
23487,UP 2,18.852,120096,92670768.0,55.165719,2979471.0,419.3153631,IT=9.4;9.4 ,ii
23488,UP 2,19.802,114704,82417560.0,55.169792,2975516.5,419.3154902,IT=9.9;9.9 ,ii
23489,UP 2,20.268,118880,85452568.0,55.173869,3025059.8,419.3154236,IT=10;10 ,ii
23490,UP 2,19.158,116548,88347736.0,55.177915,3107185.0,419.3153949,IT=9.6;9.6 ,ii
23491,UP 2,17.425,117444,96860872.0,55.181948,3380546.8,419.3153654,IT=8.7;8.7 ,ii
23492,UP 2,20.531,112852,85021544.0,55.18605,2983127.5,419.3153894,IT=10;10 ,ii
23493,UP 2,19.689,119396,88602312.0,55.189936,3097498.0,419.3153373,IT=9.8;9.8 ,ii
23494,UP 2,20.677,116580,85818208.0,55.194027,2935831.5,419.3153763,IT=10;10 ,ii
23495,UP 2,18.951,113704,89817536.0,55.198067,3037790.8,419.3152694,IT=9.5;9.5 ,ii
23496,UP 2,18.546,115812,89073680.0,55.202123,3023710.8,419.3152915,IT=9.3;9.3 ,ii
23497,UP 2,17.812,117164,95295168.0,55.206,3225170.0,419.3153795,IT=8.9;8.9 ,ii
23498,UP 2,18.459,120288,94232280.0,55.210065,3116375.0,419.3153494,IT=9.2;9.2 ,ii
23499,UP 2,18.487,116868,91225688.0,55.214123,3211811.5,419.315427,IT=9.2;9.2 ,ii
23500,UP 2,19.311,115976,89137296.0,55.218196,3145682.5,419.3152678,IT=9.7;9.7 ,ii
23501,UP 2,18.757,118528,92280760.0,55.222089,3262987.2,419.3153542,IT=9.4;9.4 ,ii
23502,UP 2,18.797,115488,87955608.0,55.226154,3276196.2,419.3153259,IT=9.4;9.4 ,ii
23503,UP 2,18.197,115576,92331520.0,55.230198,3237570.5,419.3153153,IT=9.1;9.1 ,ii
23504,UP 2,17.386,113380,92811976.0,55.234237,3247639.0,419.3153429,IT=8.7;8.7 ,ii
23505,UP 2,18.510,118440,92444032.0,55.238139,3170779.0,419.315281,IT=9.3;9.3 ,ii
23506,UP 2,18.775,119920,92691960.0,55.242204,3294958.2,419.3153258,IT=9.4;9.4 ,ii
23507,UP 2,20.342,117360,84722880.0,55.246287,3204069.5,419.3153872,IT=10;10 ,ii
23508,UP 2,17.894,116688,91796736.0,55.250312,3306483.8,419.3154509,IT=8.9;8.9 ,ii
23509,UP 2,19.364,115108,85764208.0,55.254223,3233652.2,419.3154316,IT=9.7;9.7 ,ii
23510,UP 2,19.264,113440,86475744.0,55.258289,3249253.5,419.3154269,IT=9.6;9.6 ,ii
23511,UP 2,18.861,118748,91740552.0,55.26235,3493420.8,419.3152797,IT=9.4;9.4 ,ii
23512,UP 2,20.900,115264,81109872.0,55.266441,3130557.2,419.3153752,IT=10;10 ,ii
23513,UP 2,18.242,115624,87954552.0,55.270466,3340598.8,419.3153742,IT=9.1;9.1 ,ii
23514,UP 2,20.066,121424,88459632.0,55.274381,3273102.2,419.3153552,IT=10;10 ,ii
23515,UP 2,20.343,121216,86816896.0,55.278458,3413535.8,419.3152999,IT=10;10 ,ii
23516,UP 2,18.759,111832,87145656.0,55.282508,3264880.2,419.3153686,IT=9.4;9.4 ,ii
23517,UP 2,19.314,119460,91643272.0,55.286566,3314903.2,419.3152997,IT=9.7;9.7 ,ii
23518,UP 2,19.012,114536,90004632.0,55.29046,3196978.2,419.3153305,IT=9.5;9.5 ,ii
23519,UP 2,19.046,116468,88051584.0,55.294524,3412329.2,419.3151465,IT=9.5;9.5 ,ii
23520,UP 2,19.000,116576,88777296.0,55.298585,3423541.2,419.3152428,IT=9.5;9.5 ,ii
23521,UP 2,17.978,114712,92566456.0,55.302629,3415653.8,419.3152862,IT=9;9 ,ii
23522,UP 2,17.494,116728,92883832.0,55.30651,3398538.5,419.3152709,IT=8.7;8.7 ,ii
23523,UP 2,19.301,117956,91097072.0,55.310589,3547454.5,419.315392,IT=9.7;9.7 ,ii
23524,UP 2,16.799,112276,94773920.0,55.314606,3520050.0,419.3153697,IT=8.4;8.4 ,ii
23525,UP 2,18.874,113148,87994992.0,55.318691,3320435.2,419.3153768,IT=9.4;9.4 ,ii
23526,UP 2,18.542,120220,91669616.0,55.322576,3414341.8,419.315336,IT=9.3;9.3 ,ii
23527,UP 2,18.240,114292,88132712.0,55.326633,3358795.8,419.3153331,IT=9.1;9.1 ,ii
23528,UP 2,17.779,116420,93120592.0,55.330678,3488784.5,419.3153719,IT=8.9;8.9 ,ii
23529,UP 2,18.941,116328,89618592.0,55.334749,3605283.2,419.3153613,IT=9.5;9.5 ,ii
23530,UP 2,20.366,120732,89131616.0,55.33867,3669076.0,419.3153522,IT=10;10 ,ii
23531,UP 2,20.528,118852,87624288.0,55.342743,3516199.5,419.3154538,IT=10;10 ,ii
23532,UP 2,19.320,118164,89117456.0,55.346799,3457931.0,419.3153773,IT=9.7;9.7 ,ii
23533,UP 2,18.431,117036,91240488.0,55.350841,3490065.8,419.3152853,IT=9.2;9.2 ,ii
23534,UP 2,19.413,117108,87800088.0,55.354743,3492126.2,419.3152762,IT=9.7;9.7 ,ii
23535,UP 2,18.914,119740,91120584.0,55.358803,3586933.0,419.3153377,IT=9.5;9.5 ,ii
23536,UP 2,18.426,116072,90926680.0,55.362855,3580689.5,419.3153427,IT=9.2;9.2 ,ii
23537,UP 2,18.883,115036,91567864.0,55.36692,3534245.8,419.3152846,IT=9.4;9.4 ,ii
23538,UP 2,19.243,117012,90902272.0,55.370818,3561741.0,419.3152587,IT=9.6;9.6 ,ii
23539,UP 2,18.759,116432,92452864.0,55.374874,3664028.5,419.3152907,IT=9.4;9.4 ,ii
23540,UP 2,19.687,117736,90988752.0,55.378949,3499021.2,419.3152953,IT=9.8;9.8 ,ii
23541,UP 2,19.572,122420,92824368.0,55.383016,3552042.0,419.3152579,IT=9.8;9.8 ,ii
23542,UP 2,19.458,123696,93716952.0,55.386909,3452516.8,419.315341,IT=9.7;9.7 ,ii
23543,UP 2,19.889,124236,93446816.0,55.390984,3531826.8,419.3153085,IT=9.9;9.9 ,ii
23544,UP 2,19.038,120556,93916064.0,55.39504,3596334.5,419.3152757,IT=9.5;9.5 ,ii
23545,UP 2,17.768,117024,95829688.0,55.39908,3684282.5,419.3152966,IT=8.9;8.9 ,ii
23546,UP 2,19.981,124028,96080448.0,55.403003,3762270.5,419.3152449,IT=10;10 ,ii
23547,UP 2,16.506,118656,106959500.0,55.407017,4300127.0,419.3152937,IT=8.3;8.3 ,ii
23548,UP 2,20.412,123628,90872376.0,55.411128,3720903.5,419.3152363,IT=10;10 ,ii
23549,UP 2,15.887,123644,114231700.0,55.415122,4444915.0,419.3153587,IT=7.9;7.9 ,ii
23550,UP 2,21.454,121360,88182456.0,55.419086,3802599.5,419.3152233,IT=11;11 ,ii
23551,UP 2,19.062,118252,95374712.0,55.423119,3821453.5,419.3153487,IT=9.5;9.5 ,ii
23552,UP 2,17.978,113760,93711376.0,55.427167,3844192.0,419.3153364,IT=9;9 ,ii
23553,UP 2,19.523,118352,90857112.0,55.43124,3772922.2,419.3152648,IT=9.8;9.8 ,ii
23554,UP 2,18.555,116672,91492360.0,55.435123,3805677.2,419.3154179,IT=9.3;9.3 ,ii
23555,UP 2,16.307,120716,106353220.0,55.439151,4377154.5,419.3153957,IT=8.2;8.2 ,ii
23556,UP 2,19.271,116636,90937488.0,55.443238,3588452.8,419.3153424,IT=9.6;9.6 ,ii
23557,UP 2,19.312,119312,91154032.0,55.447305,3798449.5,419.3153101,IT=9.7;9.7 ,ii
23558,UP 2,18.778,114920,88830136.0,55.451367,3818637.8,419.3152968,IT=9.4;9.4 ,ii
23559,UP 2,16.882,121572,107453510.0,55.455394,4517933.0,419.3153129,IT=8.4;8.4 ,ii
23560,UP 2,19.765,118212,89367192.0,55.45949,3821578.2,419.3153408,IT=9.9;9.9 ,ii
23561,UP 2,16.193,120216,107936940.0,55.463503,4586467.5,419.3153449,IT=8.1;8.1 ,ii
23562,UP 2,20.891,117208,87783960.0,55.467459,3735933.0,419.3153018,IT=10;10 ,ii
23563,UP 2,20.415,117120,89539680.0,55.471525,3899619.2,419.3153207,IT=10;10 ,ii
23564,UP 2,18.990,119616,87776584.0,55.475569,3736487.5,419.3154067,IT=9.5;9.5 ,ii
23565,UP 2,20.334,119280,87263448.0,55.479652,3578651.2,419.3153461,IT=10;10 ,ii
23566,UP 2,18.255,115792,95135016.0,55.483523,3729317.8,419.3153473,IT=9.1;9.1 ,ii
23567,UP 2,19.005,121468,94395680.0,55.487592,3792671.0,419.3152933,IT=9.5;9.5 ,ii
23568,UP 2,17.391,112788,95201944.0,55.491627,3928572.8,419.3153672,IT=8.7;8.7 ,ii
23569,UP 2,18.407,115356,96594232.0,55.495696,3825582.0,419.3152625,IT=9.2;9.2 ,ii
23570,UP 2,18.467,114824,93878008.0,55.499752,4026079.2,419.3153117,IT=9.2;9.2 ,ii
23571,UP 2,18.445,115772,94345960.0,55.503642,3874227.2,419.3153139,IT=9.2;9.2 ,ii
23572,UP 2,18.797,120740,96649936.0,55.507706,3884474.5,419.3153003,IT=9.4;9.4 ,ii
23573,UP 2,16.417,116136,106194140.0,55.511727,4396325.5,419.3151961,IT=8.2;8.2 ,ii
23574,UP 2,15.827,116428,110700620.0,55.515763,4671695.5,419.3151567,IT=7.9;7.9 ,ii
23575,UP 2,16.704,118008,107255470.0,55.51965,4438837.5,419.3152481,IT=8.4;8.4 ,ii
23576,UP 2,16.219,117196,105331460.0,55.523687,4307395.5,419.315209,IT=8.1;8.1 ,ii
23577,UP 2,18.878,118412,91846480.0,55.527775,3933158.2,419.3152523,IT=9.4;9.4 ,ii
23578,UP 2,17.101,122740,113305220.0,55.531804,4659794.5,419.3153287,IT=8.6;8.6 ,ii
23579,UP 2,16.612,118120,107058800.0,55.53585,4476320.5,419.315274,IT=8.3;8.3 ,ii
23580,UP 2,19.498,118176,94614752.0,55.539937,4080934.0,419.3152498,IT=9.7;9.7 ,ii
23581,UP 2,16.100,118912,106262930.0,55.543946,4561127.0,419.3152277,IT=8.1;8.1 ,ii
23582,UP 2,19.424,125400,103203010.0,55.548048,4293552.0,419.3152359,IT=9.7;9.7 ,ii
23583,UP 2,17.815,118388,95923400.0,55.551921,4139829.8,419.3152644,IT=8.9;8.9 ,ii
23584,UP 2,19.318,124568,105334470.0,55.556004,4394527.5,419.315335,IT=9.7;9.7 ,ii
23585,UP 2,17.535,117160,99494592.0,55.560037,4313176.0,419.3152808,IT=8.8;8.8 ,ii
23586,UP 2,16.843,116968,107531970.0,55.564077,4628202.0,419.315334,IT=8.4;8.4 ,ii
23587,UP 2,16.715,115740,101003130.0,55.568127,4285875.0,419.3152281,IT=8.4;8.4 ,ii
23588,UP 2,18.125,115484,97375128.0,55.572198,4208564.5,419.3152775,IT=9.1;9.1 ,ii
23589,UP 2,17.772,119544,104449190.0,55.576245,4379146.0,419.3153568,IT=8.9;8.9 ,ii
23590,UP 2,18.981,117140,93976776.0,55.580318,4034272.8,419.3153553,IT=9.5;9.5 ,ii
23591,UP 2,17.680,117324,99404784.0,55.584195,4261384.0,419.3154668,IT=8.8;8.8 ,ii
23592,UP 2,17.478,117068,103112240.0,55.588252,4313883.5,419.3154195,IT=8.7;8.7 ,ii
23593,UP 2,17.790,117932,102751340.0,55.592304,4379344.5,419.3153093,IT=8.9;8.9 ,ii
23594,UP 2,18.282,113404,91391064.0,55.596368,3812738.5,419.3153114,IT=9.1;9.1 ,ii
23595,UP 2,18.222,119720,95367032.0,55.600252,3858151.2,419.3152263,IT=9.1;9.1 ,ii
23596,UP 2,18.506,114384,95995008.0,55.604314,4192359.8,419.315243,IT=9.3;9.3 ,ii
23597,UP 2,19.120,116936,92135264.0,55.608383,4152657.8,419.3152831,IT=9.6;9.6 ,ii
23598,UP 2,18.894,114204,94115776.0,55.612443,4295429.0,419.3152044,IT=9.4;9.4 ,ii
23599,UP 2,17.126,120040,104405650.0,55.616472,4583557.0,419.3153328,IT=8.6;8.6 ,ii
23600,UP 2,17.204,124192,108132980.0,55.620526,4615103.0,419.3152586,IT=8.6;8.6 ,ii
23601,UP 2,15.995,111284,101477600.0,55.624551,4733022.0,419.3153629,IT=8;8 ,ii
23602,UP 2,18.746,120952,97847176.0,55.628639,4385886.5,419.3152982,IT=9.4;9.4 ,ii
23603,UP 2,19.827,119228,93321328.0,55.632553,4139982.8,419.3152977,IT=9.9;9.9 ,ii
23604,UP 2,19.043,119368,94843392.0,55.63661,4187516.8,419.3151585,IT=9.5;9.5 ,ii
23605,UP 2,18.696,120448,96301464.0,55.640664,4097387.8,419.3151799,IT=9.3;9.3 ,ii
23606,UP 2,19.419,121692,96734104.0,55.644739,4190956.2,419.3152191,IT=9.7;9.7 ,ii
23607,UP 2,18.057,115044,92752072.0,55.648616,4074469.8,419.3153139,IT=9;9 ,ii
23608,UP 2,18.264,114916,91912328.0,55.652676,4201531.0,419.3153057,IT=9.1;9.1 ,ii
23609,UP 2,18.603,115264,90453112.0,55.656739,4186710.5,419.315251,IT=9.3;9.3 ,ii
23610,UP 2,19.868,121712,92339552.0,55.660822,4085007.8,419.3152617,IT=9.9;9.9 ,ii
23611,UP 2,18.399,115616,94234952.0,55.664691,4259513.0,419.3152372,IT=9.2;9.2 ,ii
23612,UP 2,16.726,118880,107699360.0,55.66872,4887258.5,419.3152184,IT=8.4;8.4 ,ii
23613,UP 2,16.528,110868,96346208.0,55.672768,4496514.0,419.3151901,IT=8.3;8.3 ,ii
23614,UP 2,16.844,114156,98663344.0,55.676814,4296461.5,419.3152818,IT=8.4;8.4 ,ii
23615,UP 2,18.049,114088,95317928.0,55.680722,4268837.0,419.3152695,IT=9;9 ,ii
23616,UP 2,16.802,113960,98329256.0,55.684757,4367856.0,419.3152919,IT=8.4;8.4 ,ii
23617,UP 2,18.538,122552,104744260.0,55.688832,4627773.5,419.3153404,IT=9.3;9.3 ,ii
23618,UP 2,16.322,113152,102483350.0,55.692861,4424635.5,419.315243,IT=8.2;8.2 ,ii
23619,UP 2,16.975,115800,103034550.0,55.696747,4580944.0,419.3152526,IT=8.5;8.5 ,ii
23620,UP 2,18.789,114168,94615544.0,55.700826,4113685.8,419.3152227,IT=9.4;9.4 ,ii
23621,UP 2,18.091,118388,99699664.0,55.704882,4664765.0,419.3151401,IT=9;9 ,ii
23622,UP 2,16.295,116628,109098100.0,55.708909,4728880.5,419.3152227,IT=8.1;8.1 ,ii
23623,UP 2,17.399,110988,95148568.0,55.712803,4395999.0,419.3152556,IT=8.7;8.7 ,ii
23624,UP 2,16.599,117432,111525300.0,55.716855,5027709.0,419.3152307,IT=8.3;8.3 ,ii
23625,UP 2,16.293,118888,108324610.0,55.720892,4942406.5,419.3152609,IT=8.1;8.1 ,ii
23626,UP 2,19.462,123236,99706128.0,55.724988,4531327.5,419.3151574,IT=9.7;9.7 ,ii
23627,UP 2,18.754,119308,99243904.0,55.728876,4439791.0,419.3152148,IT=9.4;9.4 ,ii
23628,UP 2,18.390,116932,95684152.0,55.73293,4213339.5,419.3152033,IT=9.2;9.2 ,ii
23629,UP 2,19.201,121036,99394064.0,55.736996,4544049.5,419.31514,IT=9.6;9.6 ,ii
23630,UP 2,15.720,116268,112028570.0,55.741001,5019015.0,419.3151636,IT=7.9;7.9 ,ii
23631,UP 2,15.919,115720,103068960.0,55.744876,4712990.5,419.3152424,IT=8;8 ,ii
23632,UP 2,20.725,119068,89858072.0,55.748832,4086438.8,419.3151335,IT=10;10 ,ii
23633,UP 2,17.867,116612,96475368.0,55.752859,4158383.5,419.3152365,IT=8.9;8.9 ,ii
23634,UP 2,18.598,117916,98073720.0,55.756923,4294391.5,419.315254,IT=9.3;9.3 ,ii
23635,UP 2,17.814,114796,99205256.0,55.760803,4254893.5,419.3151962,IT=8.9;8.9 ,ii
23636,UP 2,17.782,115324,98812176.0,55.764855,4255719.0,419.3151832,IT=8.9;8.9 ,ii
23637,UP 2,17.329,117740,101510150.0,55.7689,4515547.0,419.3152177,IT=8.7;8.7 ,ii
23638,UP 2,18.422,115928,96821296.0,55.772971,4205386.0,419.3152551,IT=9.2;9.2 ,ii
23639,UP 2,17.882,116904,99742624.0,55.776846,4231117.0,419.315246,IT=8.9;8.9 ,ii
23640,UP 2,18.509,119760,100478200.0,55.780913,4371073.0,419.3152582,IT=9.3;9.3 ,ii
23641,UP 2,16.268,116296,106125660.0,55.784932,4577853.0,419.3153079,IT=8.1;8.1 ,ii
23642,UP 2,15.226,110224,104565260.0,55.788959,4535715.0,419.315343,IT=7.6;7.6 ,ii
23643,UP 2,16.902,109152,95746576.0,55.792871,4391044.0,419.3152675,IT=8.5;8.5 ,ii
23644,UP 2,16.735,110312,98954624.0,55.796917,4278608.0,419.3152725,IT=8.4;8.4 ,ii
23645,UP 2,16.706,114124,100468190.0,55.800959,4359603.0,419.3151176,IT=8.4;8.4 ,ii
23646,UP 2,17.666,113936,99957688.0,55.805023,4232469.5,419.315139,IT=8.8;8.8 ,ii
23647,UP 2,17.293,111968,95681384.0,55.808904,4251058.0,419.3152058,IT=8.6;8.6 ,ii
23648,UP 2,16.567,110128,100732870.0,55.812946,4534136.0,419.3151852,IT=8.3;8.3 ,ii
23649,UP 2,18.024,113972,100846440.0,55.817013,4641582.5,419.3152144,IT=9;9 ,ii
23650,UP 2,17.152,111472,97560992.0,55.82105,4269839.5,419.3152713,IT=8.6;8.6 ,ii
23651,UP 2,17.973,110948,97393064.0,55.825113,4407703.0,419.3153107,IT=9;9 ,ii
23652,UP 2,19.522,121304,97624296.0,55.829023,4355869.0,419.3152745,IT=9.8;9.8 ,ii
23653,UP 2,17.934,114680,101400950.0,55.833065,4655309.0,419.3152539,IT=9;9 ,ii
23654,UP 2,17.720,117380,106748740.0,55.837115,4723680.5,419.3153455,IT=8.9;8.9 ,ii
23655,UP 2,18.838,118264,98886368.0,55.841183,4505412.0,419.3152853,IT=9.4;9.4 ,ii
23656,UP 2,19.665,117032,93984920.0,55.845092,4215426.0,419.3152199,IT=9.8;9.8 ,ii
23657,UP 2,16.219,117700,108217180.0,55.849104,4926885.5,419.3153012,IT=8.1;8.1 ,ii
23658,UP 2,19.793,117380,93544480.0,55.853208,4260038.0,419.3152389,IT=9.9;9.9 ,ii
23659,UP 2,18.563,115212,94325720.0,55.857258,4188047.0,419.3152307,IT=9.3;9.3 ,ii
23660,UP 2,18.974,114640,91624376.0,55.861154,4304313.0,419.315227,IT=9.5;9.5 ,ii
23661,UP 2,18.204,112756,95600360.0,55.865204,4307658.0,419.3152008,IT=9.1;9.1 ,ii
23662,UP 2,15.831,113300,106800740.0,55.869227,4928921.0,419.3151509,IT=7.9;7.9 ,ii
23663,UP 2,19.161,114616,92197568.0,55.873316,4310242.0,419.3152167,IT=9.6;9.6 ,ii
23664,UP 2,17.822,114860,101455770.0,55.877185,4460470.0,419.3151848,IT=8.9;8.9 ,ii
23665,UP 2,19.353,118992,96197328.0,55.881268,3969315.8,419.3152011,IT=9.7;9.7 ,ii
23666,UP 2,18.120,113536,93956832.0,55.885314,4102233.0,419.3152065,IT=9.1;9.1 ,ii
23667,UP 2,21.205,115784,88445816.0,55.889423,4104379.0,419.3152648,IT=11;11 ,ii
23668,UP 2,18.791,115360,94702704.0,55.893287,4151169.0,419.3152456,IT=9.4;9.4 ,ii
23669,UP 2,18.077,117712,96836944.0,55.897335,4427413.0,419.3152304,IT=9;9 ,ii
23670,UP 2,15.787,116004,109702710.0,55.901356,4915764.5,419.3151608,IT=7.9;7.9 ,ii
23671,UP 2,19.211,120144,99689400.0,55.905454,4466364.0,419.3152784,IT=9.6;9.6 ,ii
23672,UP 2,18.887,115860,94699544.0,55.909343,4218411.0,419.3152947,IT=9.4;9.4 ,ii
23673,UP 2,16.787,115004,105112460.0,55.913381,4956779.5,419.3152224,IT=8.4;8.4 ,ii
23674,UP 2,16.252,111856,102938840.0,55.917418,4722720.0,419.3152593,IT=8.1;8.1 ,ii
23675,UP 2,19.421,116632,94487080.0,55.92152,4335724.0,419.3152507,IT=9.7;9.7 ,ii
23676,UP 2,19.267,120512,102104140.0,55.925585,4552576.5,419.3153266,IT=9.6;9.6 ,ii
23677,UP 2,19.745,120004,96840080.0,55.929656,4481283.5,419.3152235,IT=9.9;9.9 ,ii
23678,UP 2,19.319,118916,91421968.0,55.933716,4153359.8,419.3152781,IT=9.7;9.7 ,ii
23679,UP 2,21.313,119640,89146160.0,55.93781,4271455.5,419.3152544,IT=11;11 ,ii
23680,UP 2,20.104,116400,93696272.0,55.941697,4311973.0,419.3152254,IT=10;10 ,ii
23681,UP 2,20.054,122736,92979200.0,55.945768,4149537.2,419.3152656,IT=10;10 ,ii
23682,UP 2,19.551,121876,93351384.0,55.949824,4250027.5,419.3151864,IT=9.8;9.8 ,ii
23683,UP 2,16.690,119224,108444110.0,55.953843,4952024.5,419.3152907,IT=8.3;8.3 ,ii
23684,UP 2,19.254,120248,95384064.0,55.957764,4341601.5,419.3152873,IT=9.6;9.6 ,ii
23685,UP 2,19.151,123236,102144060.0,55.96183,4832313.0,419.3153596,IT=9.6;9.6 ,ii
23686,UP 2,17.301,114776,103505990.0,55.965862,4759528.5,419.3153448,IT=8.7;8.7 ,ii
23687,UP 2,20.699,120720,93111816.0,55.969968,4348635.0,419.3152751,IT=10;10 ,ii
23688,UP 2,19.673,118168,96274232.0,55.973855,4445390.5,419.3153317,IT=9.8;9.8 ,ii
23689,UP 2,22.168,120044,87049024.0,55.977968,4033961.5,419.31525,IT=11;11 ,ii
23690,UP 2,18.589,117976,95578112.0,55.981984,4357036.5,419.315091,IT=9.3;9.3 ,ii
23691,UP 2,19.026,119004,94559312.0,55.986053,4266236.5,419.3151887,IT=9.5;9.5 ,ii
23692,UP 2,20.317,119060,94427872.0,55.989966,4094416.8,419.3153016,IT=10;10 ,ii
23693,UP 2,20.421,118336,92899360.0,55.994036,4304561.5,419.3152581,IT=10;10 ,ii
23694,UP 2,19.114,123892,103671830.0,55.998082,4807402.5,419.3152164,IT=9.6;9.6 ,ii
23695,UP 2,15.970,113140,108807880.0,56.002091,5063918.5,419.3152584,IT=8;8 ,ii
23696,UP 2,20.447,114048,87384344.0,56.006043,4170832.8,419.3152328,IT=10;10 ,ii
23697,UP 2,19.923,121376,97399744.0,56.010107,4441968.5,419.315219,IT=10;10 ,ii
23698,UP 2,16.795,116788,98176200.0,56.01412,4411071.5,419.3152014,IT=8.4;8.4 ,ii
23699,UP 2,19.689,117208,91313864.0,56.018213,4107512.8,419.3152396,IT=9.8;9.8 ,ii
23700,UP 2,20.532,121872,101033470.0,56.022138,4697016.0,419.3153097,IT=10;10 ,ii
23701,UP 2,21.842,115608,86531984.0,56.026236,4109870.0,419.3152499,IT=11;11 ,ii
23702,UP 2,20.188,116516,88336296.0,56.030278,4137437.2,419.3152667,IT=10;10 ,ii
23703,UP 2,19.930,117224,90143128.0,56.03434,4274334.5,419.3152995,IT=10;10 ,ii
23704,UP 2,17.815,116368,103715780.0,56.038207,4953836.5,419.3152847,IT=8.9;8.9 ,ii
23705,UP 2,17.238,109808,93542176.0,56.042255,4443337.0,419.3153122,IT=8.6;8.6 ,ii
23706,UP 2,18.483,114724,98264144.0,56.046328,4588631.0,419.3151945,IT=9.2;9.2 ,ii
23707,UP 2,19.659,116932,92990048.0,56.050403,4321141.5,419.3152978,IT=9.8;9.8 ,ii
23708,UP 2,20.824,117264,91936448.0,56.054332,4371411.0,419.3153598,IT=10;10 ,ii
23709,UP 2,20.163,118216,96030472.0,56.058392,4297693.0,419.3153353,IT=10;10 ,ii
23710,UP 2,21.306,116444,87963984.0,56.06248,4076605.0,419.3153235,IT=11;11 ,ii
23711,UP 2,20.575,116852,90791560.0,56.066538,4291053.0,419.3152892,IT=10;10 ,ii
23712,UP 2,17.296,120160,110014900.0,56.070553,4808488.0,419.315262,IT=8.6;8.6 ,ii
23713,UP 2,17.523,110804,92203896.0,56.074438,4262886.5,419.3152198,IT=8.8;8.8 ,ii
23714,UP 2,19.683,115884,92461592.0,56.078528,4155503.8,419.3152309,IT=9.8;9.8 ,ii
23715,UP 2,20.628,113752,89374624.0,56.082615,4273358.0,419.3152385,IT=10;10 ,ii
23716,UP 2,21.159,117364,89844480.0,56.086688,4057025.0,419.3152772,IT=11;11 ,ii
23717,UP 2,19.754,118264,93721504.0,56.090736,4252072.5,419.3152314,IT=9.9;9.9 ,ii
23718,UP 2,19.739,115324,90252176.0,56.094804,4109618.0,419.3152729,IT=9.9;9.9 ,ii
23719,UP 2,21.603,121984,87515072.0,56.098907,3794052.5,419.3152347,IT=11;11 ,ii
23720,UP 2,20.368,116056,90315992.0,56.102959,4086502.5,419.3153252,IT=10;10 ,ii
23721,UP 2,20.356,115700,91243944.0,56.106854,4367248.0,419.3152896,IT=10;10 ,ii
23722,UP 2,19.729,113008,89846672.0,56.110913,4153058.8,419.3152557,IT=9.9;9.9 ,ii
23723,UP 2,16.787,117108,106806460.0,56.114927,4843449.0,419.3152315,IT=8.4;8.4 ,ii
23724,UP 2,16.496,113040,105379580.0,56.118971,4844756.0,419.3152441,IT=8.2;8.2 ,ii
23725,UP 2,20.143,115712,94820608.0,56.122917,4431881.0,419.3152752,IT=10;10 ,ii
23726,UP 2,17.034,115112,105678390.0,56.126925,4777125.5,419.3152831,IT=8.5;8.5 ,ii
23727,UP 2,17.354,115760,101820330.0,56.130977,4781663.0,419.3153346,IT=8.7;8.7 ,ii
23728,UP 2,17.316,117280,108337190.0,56.135023,4957662.5,419.3153768,IT=8.7;8.7 ,ii
23729,UP 2,16.524,109668,94860288.0,56.138898,4519440.0,419.3152907,IT=8.3;8.3 ,ii
23730,UP 2,18.821,113684,92089720.0,56.142983,4282956.5,419.3153432,IT=9.4;9.4 ,ii
23731,UP 2,16.314,114348,107803150.0,56.147002,4980381.5,419.3152618,IT=8.2;8.2 ,ii
23732,UP 2,18.706,123744,106922400.0,56.151087,4869578.0,419.3152656,IT=9.4;9.4 ,ii
23733,UP 2,15.835,117532,114811960.0,56.154929,5280466.5,419.3152812,IT=7.9;7.9 ,ii
23734,UP 2,16.725,114856,103547260.0,56.158994,4920290.0,419.3152843,IT=8.4;8.4 ,ii
23735,UP 2,19.972,115688,89082512.0,56.163094,4146872.5,419.3152167,IT=10;10 ,ii
23736,UP 2,19.936,114848,92247744.0,56.167154,4169012.0,419.3153064,IT=10;10 ,ii
23737,UP 2,21.428,120172,95506360.0,56.171075,4426825.5,419.3152636,IT=11;11 ,ii
23738,UP 2,16.974,112544,102660590.0,56.175077,4691202.5,419.3151723,IT=8.5;8.5 ,ii
23739,UP 2,19.210,114208,90186728.0,56.179162,4173854.0,419.3153529,IT=9.6;9.6 ,ii
23740,UP 2,19.959,117480,95456264.0,56.183235,4413437.0,419.3152823,IT=10;10 ,ii
23741,UP 2,19.137,114120,94805008.0,56.187118,4453347.0,419.3153017,IT=9.6;9.6 ,ii
23742,UP 2,18.991,114012,94543104.0,56.191181,4443640.0,419.3153849,IT=9.5;9.5 ,ii
23743,UP 2,20.597,118136,90831440.0,56.195273,4181238.5,419.3152928,IT=10;10 ,ii
23744,UP 2,18.357,115576,100028740.0,56.199302,4627220.0,419.3153262,IT=9.2;9.2 ,ii
23745,UP 2,20.862,117104,89351664.0,56.203229,4194554.0,419.3152476,IT=10;10 ,ii
23746,UP 2,19.889,116076,91978512.0,56.207289,4325177.5,419.3152812,IT=9.9;9.9 ,ii
23747,UP 2,18.926,110744,87897224.0,56.211331,4207475.0,419.3152679,IT=9.5;9.5 ,ii
23748,UP 2,20.920,115508,85294952.0,56.215425,3908095.2,419.3152774,IT=10;10 ,ii
23749,UP 2,17.282,118560,105264500.0,56.219272,4701261.5,419.3152658,IT=8.6;8.6 ,ii
23750,UP 2,20.739,119628,93848840.0,56.223381,4217918.0,419.315308,IT=10;10 ,ii
23751,UP 2,18.588,120264,99771784.0,56.22741,4436830.5,419.3153736,IT=9.3;9.3 ,ii
23752,UP 2,17.119,115832,102584870.0,56.231447,4752407.0,419.3153545,IT=8.6;8.6 ,ii
23753,UP 2,17.458,116116,102602270.0,56.235333,4897236.0,419.3153015,IT=8.7;8.7 ,ii
23754,UP 2,21.393,118800,89027384.0,56.239451,4035614.0,419.3154172,IT=11;11 ,ii
23755,UP 2,21.088,117824,91112816.0,56.243522,4442377.5,419.3155269,IT=11;11 ,ii
23756,UP 2,18.297,117996,102260440.0,56.247543,4738385.5,419.3154423,IT=9.1;9.1 ,ii
23757,UP 2,17.822,120324,106802460.0,56.251426,4875503.0,419.3154395,IT=8.9;8.9 ,ii
23758,UP 2,17.894,115340,97372136.0,56.255483,4649663.5,419.3153738,IT=8.9;8.9 ,ii
23759,UP 2,18.036,118944,101003460.0,56.259539,4748596.5,419.3153871,IT=9;9 ,ii
23760,UP 2,18.956,119876,103686990.0,56.263608,5092818.0,419.3153209,IT=9.5;9.5 ,ii
23761,UP 2,18.750,119676,96898104.0,56.267497,4676623.5,419.3154552,IT=9.4;9.4 ,ii
23762,UP 2,19.189,118756,98929200.0,56.271566,4616024.0,419.3154026,IT=9.6;9.6 ,ii
23763,UP 2,19.077,125744,101778960.0,56.275632,4761565.5,419.3153274,IT=9.5;9.5 ,ii
23764,UP 2,23.308,118848,84649096.0,56.279762,4060482.5,419.3152656,IT=12;12 ,ii
23765,UP 2,20.472,119060,90320824.0,56.283795,4252034.0,419.3152838,IT=10;10 ,ii
23766,UP 2,21.274,117696,84625408.0,56.287705,4223210.5,419.3153518,IT=11;11 ,ii
23767,UP 2,19.935,116052,90818432.0,56.291759,4375555.5,419.3153998,IT=10;10 ,ii
23768,UP 2,18.975,120940,103384180.0,56.295809,5109771.5,419.3154293,IT=9.5;9.5 ,ii
23769,UP 2,18.660,122676,102130300.0,56.299866,4756194.5,419.3153969,IT=9.3;9.3 ,ii
23770,UP 2,16.900,118148,104536230.0,56.303724,4986961.0,419.315389,IT=8.4;8.4 ,ii
23771,UP 2,22.578,121676,86308752.0,56.30787,3980434.0,419.3153761,IT=11;11 ,ii
23772,UP 2,20.664,117956,87034464.0,56.311916,4238787.5,419.3154214,IT=10;10 ,ii
23773,UP 2,19.727,120708,93483616.0,56.315978,4623566.0,419.3153212,IT=9.9;9.9 ,ii
23774,UP 2,18.280,115960,97171736.0,56.319843,4682690.5,419.3153598,IT=9.1;9.1 ,ii
23775,UP 2,21.647,115624,82293152.0,56.323957,4042467.5,419.3153637,IT=11;11 ,ii
23776,UP 2,20.961,113492,83704048.0,56.328018,4138286.8,419.3154574,IT=10;10 ,ii
23777,UP 2,18.682,120528,101300150.0,56.332051,5014812.5,419.3154166,IT=9.3;9.3 ,ii
23778,UP 2,23.097,124224,86212344.0,56.336022,4264072.0,419.3155374,IT=12;12 ,ii
23779,UP 2,20.313,118692,88339792.0,56.340053,4486127.5,419.3153062,IT=10;10 ,ii
23780,UP 2,19.870,117628,92967368.0,56.344111,4672377.0,419.3153555,IT=9.9;9.9 ,ii
23781,UP 2,21.462,117044,83425376.0,56.348199,4092620.2,419.3153343,IT=11;11 ,ii
23782,UP 2,21.999,116552,86308000.0,56.352117,4134658.5,419.3154454,IT=11;11 ,ii
23783,UP 2,22.072,117012,84718496.0,56.356199,4172736.0,419.3153002,IT=11;11 ,ii
23784,UP 2,20.570,116388,87590592.0,56.360251,4105400.8,419.3153389,IT=10;10 ,ii
23785,UP 2,21.926,116336,82417600.0,56.364336,4076886.2,419.3154297,IT=11;11 ,ii
23786,UP 2,21.961,118948,85532192.0,56.368409,4231614.5,419.3153701,IT=11;11 ,ii
23787,UP 2,21.573,116664,84895384.0,56.372484,4174367.8,419.315394,IT=11;11 ,ii
23788,UP 2,21.206,115420,83826248.0,56.376548,4150129.0,419.3153954,IT=11;11 ,ii
23789,UP 2,23.047,118636,83570216.0,56.380655,4098549.5,419.315457,IT=12;12 ,ii
23790,UP 2,21.389,115456,88940496.0,56.384536,4330769.0,419.3154422,IT=11;11 ,ii
23791,UP 2,22.297,116284,83583728.0,56.388628,4088347.2,419.3153652,IT=11;11 ,ii
23792,UP 2,21.143,121844,96741208.0,56.39269,4649903.5,419.3154301,IT=11;11 ,ii
23793,UP 2,17.009,114832,101336510.0,56.396692,5025432.5,419.315377,IT=8.5;8.5 ,ii
23794,UP 2,20.523,116552,85053952.0,56.400798,4080394.8,419.3153526,IT=10;10 ,ii
23795,UP 2,19.809,118772,98047496.0,56.404854,4728831.0,419.3154274,IT=9.9;9.9 ,ii
23796,UP 2,20.510,121992,96913912.0,56.408938,4719398.5,419.3154739,IT=10;10 ,ii
23797,UP 2,17.405,116620,100039560.0,56.412963,4740476.0,419.3154302,IT=8.7;8.7 ,ii
23798,UP 2,20.205,112328,84899120.0,56.416896,4158712.2,419.3153035,IT=10;10 ,ii
23799,UP 2,21.114,115036,83950688.0,56.420979,4150549.8,419.3153575,IT=11;11 ,ii
23800,UP 2,18.965,119628,98392648.0,56.425019,4683036.5,419.3154123,IT=9.5;9.5 ,ii
23801,UP 2,19.868,111484,84611024.0,56.429098,4380147.0,419.31537,IT=9.9;9.9 ,ii
23802,UP 2,23.070,118772,82165632.0,56.433069,3930630.5,419.3153527,IT=12;12 ,ii
23803,UP 2,22.230,113760,79851520.0,56.437138,4023442.8,419.315334,IT=11;11 ,ii
23804,UP 2,19.610,121344,97954344.0,56.441175,4647200.0,419.3154105,IT=9.8;9.8 ,ii
23805,UP 2,21.215,119072,83891856.0,56.445269,4206249.5,419.3152712,IT=11;11 ,ii
23806,UP 2,17.560,115360,99876416.0,56.449281,4966669.5,419.3154192,IT=8.8;8.8 ,ii
23807,UP 2,18.489,122056,102038700.0,56.453179,4934892.5,419.3153976,IT=9.2;9.2 ,ii
23808,UP 2,20.007,115576,85500944.0,56.457265,4272690.5,419.3153356,IT=10;10 ,ii
23809,UP 2,22.115,114600,80752040.0,56.461367,4115967.5,419.3153881,IT=11;11 ,ii
23810,UP 2,23.068,117232,79760376.0,56.465458,3925995.5,419.3153903,IT=12;12 ,ii
23811,UP 2,21.050,113896,83589336.0,56.469346,4154187.8,419.3154127,IT=11;11 ,ii
23812,UP 2,23.019,123984,90588336.0,56.473446,4266454.5,419.3154316,IT=12;12 ,ii
23813,UP 2,17.994,118712,102943870.0,56.477442,4830686.5,419.3153889,IT=9;9 ,ii
23814,UP 2,22.259,119444,85513472.0,56.481564,3883507.8,419.3154137,IT=11;11 ,ii
23815,UP 2,23.861,123992,89550104.0,56.485506,4351446.5,419.3155002,IT=12;12 ,ii
23816,UP 2,19.622,121520,98743528.0,56.489523,4643078.0,419.3153942,IT=9.8;9.8 ,ii
23817,UP 2,21.087,113328,80225976.0,56.493616,4006853.0,419.315392,IT=11;11 ,ii
23818,UP 2,22.081,116140,83344952.0,56.4977,3925287.5,419.3153917,IT=11;11 ,ii
23819,UP 2,22.319,113964,82179096.0,56.501612,4108478.0,419.3153122,IT=11;11 ,ii
23820,UP 2,23.109,117256,80720664.0,56.505708,4000868.5,419.3154455,IT=12;12 ,ii
23821,UP 2,21.663,123168,93600496.0,56.509766,4493847.5,419.315426,IT=11;11 ,ii
23822,UP 2,18.826,115348,92695512.0,56.513791,4415295.5,419.3153601,IT=9.4;9.4 ,ii
23823,UP 2,19.522,119300,94546000.0,56.517693,4678267.0,419.3153689,IT=9.8;9.8 ,ii
23824,UP 2,24.095,119432,82542752.0,56.521837,4046678.5,419.3153347,IT=12;12 ,ii
23825,UP 2,19.584,116248,96888720.0,56.525847,4459139.5,419.3153708,IT=9.8;9.8 ,ii
23826,UP 2,20.072,114264,85667392.0,56.529922,4183473.8,419.3153767,IT=10;10 ,ii
23827,UP 2,20.773,115532,86372992.0,56.534002,4110406.2,419.3153096,IT=10;10 ,ii
23828,UP 2,23.066,124052,92779248.0,56.538099,4348901.5,419.3154384,IT=12;12 ,ii
23829,UP 2,17.792,114900,97675832.0,56.542091,4931260.5,419.315362,IT=8.9;8.9 ,ii
23830,UP 2,22.901,112896,81548648.0,56.546235,4071593.0,419.3153322,IT=11;11 ,ii
23831,UP 2,22.601,117748,81859888.0,56.550141,4091646.8,419.3154435,IT=11;11 ,ii
23832,UP 2,18.924,119232,98763048.0,56.554166,4515170.5,419.3154384,IT=9.5;9.5 ,ii
23833,UP 2,21.295,116288,86139320.0,56.558264,4034993.8,419.3153748,IT=11;11 ,ii
23834,UP 2,22.588,119444,87151152.0,56.562358,4314143.5,419.3153971,IT=11;11 ,ii
23835,UP 2,19.415,116484,94783760.0,56.566218,4483217.0,419.3154528,IT=9.7;9.7 ,ii
23836,UP 2,21.198,115908,85978384.0,56.570314,4177660.2,419.3153295,IT=11;11 ,ii
23837,UP 2,18.707,118840,99588176.0,56.574351,4745928.5,419.3153228,IT=9.4;9.4 ,ii
23838,UP 2,17.984,116380,101806040.0,56.578397,4825168.5,419.3154343,IT=9;9 ,ii
23839,UP 2,18.393,118224,102725900.0,56.582289,4806201.0,419.3154196,IT=9.2;9.2 ,ii
23840,UP 2,17.655,110668,91866864.0,56.586334,4430597.5,419.3154345,IT=8.8;8.8 ,ii
23841,UP 2,21.640,114296,77886480.0,56.590453,4119760.8,419.3153733,IT=11;11 ,ii
23842,UP 2,21.452,113508,83326992.0,56.594522,3990979.0,419.3154012,IT=11;11 ,ii
23843,UP 2,20.565,117576,91917520.0,56.598414,4491632.0,419.3153768,IT=10;10 ,ii
23844,UP 2,22.995,115176,84648936.0,56.602359,4131284.0,419.3154164,IT=11;11 ,ii
23845,UP 2,21.663,119780,92903040.0,56.606426,4546603.5,419.3153953,IT=11;11 ,ii
23846,UP 2,19.208,118200,98756560.0,56.610455,4850077.0,419.3154167,IT=9.6;9.6 ,ii
23847,UP 2,20.810,112040,83251712.0,56.614382,4119259.0,419.3153916,IT=10;10 ,ii
23848,UP 2,20.928,111924,83537464.0,56.618457,4065834.2,419.3153873,IT=10;10 ,ii
23849,UP 2,21.498,118092,83555912.0,56.622541,3990992.0,419.3153413,IT=11;11 ,ii
23850,UP 2,21.440,120652,96069256.0,56.626609,4521224.0,419.3153275,IT=11;11 ,ii
23851,UP 2,16.731,110120,92891552.0,56.630603,4549213.5,419.3153614,IT=8.4;8.4 ,ii
23852,UP 2,23.226,117304,84687544.0,56.634588,4246474.0,419.315465,IT=12;12 ,ii
23853,UP 2,19.795,119124,94637576.0,56.638611,4515527.0,419.3153914,IT=9.9;9.9 ,ii
23854,UP 2,22.403,115224,84893080.0,56.642728,4033281.2,419.3154126,IT=11;11 ,ii
23855,UP 2,19.372,118976,101533410.0,56.646753,4783293.0,419.3154095,IT=9.7;9.7 ,ii
23856,UP 2,17.606,108056,96104984.0,56.650622,4707688.5,419.3154248,IT=8.8;8.8 ,ii
23857,UP 2,18.497,116360,101240490.0,56.654692,4817760.0,419.3154418,IT=9.2;9.2 ,ii
23858,UP 2,17.888,114916,100429680.0,56.65874,4649947.0,419.3153754,IT=8.9;8.9 ,ii
23859,UP 2,21.597,111544,80111312.0,56.662855,4133419.0,419.3153669,IT=11;11 ,ii
23860,UP 2,20.331,113876,89259648.0,56.666738,4294394.5,419.315325,IT=10;10 ,ii
23861,UP 2,19.464,117940,97102512.0,56.670799,4538542.5,419.3153118,IT=9.7;9.7 ,ii
23862,UP 2,19.619,115072,89355616.0,56.674867,4231378.5,419.3153238,IT=9.8;9.8 ,ii
23863,UP 2,22.038,109748,81202784.0,56.678978,4001111.5,419.315188,IT=11;11 ,ii
23864,UP 2,20.259,110604,87722760.0,56.682853,4078262.5,419.3152636,IT=10;10 ,ii
23865,UP 2,18.498,112088,92697824.0,56.686898,4372329.5,419.3152453,IT=9.2;9.2 ,ii
23866,UP 2,19.342,108260,88202352.0,56.690971,4122277.2,419.315287,IT=9.7;9.7 ,ii
23867,UP 2,19.887,112748,92287576.0,56.695042,4097685.8,419.3153386,IT=9.9;9.9 ,ii
23868,UP 2,18.154,111536,93648976.0,56.699075,4244927.0,419.3153065,IT=9.1;9.1 ,ii
23869,UP 2,18.415,107612,91031232.0,56.703134,4277031.0,419.3152246,IT=9.2;9.2 ,ii
23870,UP 2,19.034,112200,94239568.0,56.707198,4207595.0,419.3153393,IT=9.5;9.5 ,ii
23871,UP 2,17.789,106392,97550232.0,56.711236,4501614.5,419.3153053,IT=8.9;8.9 ,ii
23872,UP 2,15.022,108488,110321590.0,56.715075,5020096.5,419.315356,IT=7.5;7.5 ,ii
23873,UP 2,17.034,112336,106142100.0,56.71915,4837531.5,419.3152836,IT=8.5;8.5 ,ii
23874,UP 2,18.451,107856,88284384.0,56.723221,4003811.2,419.3152001,IT=9.2;9.2 ,ii
23875,UP 2,18.937,106924,89747440.0,56.727286,4232969.5,419.3152338,IT=9.5;9.5 ,ii
23876,UP 2,15.042,108460,111583480.0,56.731113,5018013.5,419.3152022,IT=7.5;7.5 ,ii
23877,UP 2,16.095,104140,98417488.0,56.735169,4553635.0,419.3151455,IT=8;8 ,ii
23878,UP 2,18.530,117272,109605500.0,56.739254,4795703.0,419.3151915,IT=9.3;9.3 ,ii
23879,UP 2,19.994,108532,86491296.0,56.743338,4057338.0,419.3151828,IT=10;10 ,ii
23880,UP 2,17.372,105560,93624360.0,56.747188,4138895.5,419.3151483,IT=8.7;8.7 ,ii
23881,UP 2,18.431,110220,97498160.0,56.751261,4351531.0,419.315224,IT=9.2;9.2 ,ii
23882,UP 2,19.508,112868,92549128.0,56.755338,4090447.8,419.3153171,IT=9.8;9.8 ,ii
23883,UP 2,18.738,105448,89912936.0,56.759381,4187818.8,419.315213,IT=9.4;9.4 ,ii
23884,UP 2,19.665,109416,94719592.0,56.763288,4123883.2,419.3153084,IT=9.8;9.8 ,ii
23885,UP 2,16.171,107092,107480620.0,56.7673,4768826.0,419.3152657,IT=8.1;8.1 ,ii
23886,UP 2,18.235,106004,94389208.0,56.771375,4152956.0,419.3153147,IT=9.1;9.1 ,ii
23887,UP 2,18.339,110948,96700728.0,56.775433,4261790.0,419.3152155,IT=9.2;9.2 ,ii
23888,UP 2,16.125,107732,99597856.0,56.779283,4544537.5,419.3152752,IT=8.1;8.1 ,ii
23889,UP 2,18.272,107788,94561872.0,56.783365,4391541.5,419.3152136,IT=9.1;9.1 ,ii
23890,UP 2,18.015,108608,95480592.0,56.787417,4397130.0,419.3152581,IT=9;9 ,ii
23891,UP 2,17.139,112340,106529950.0,56.791454,4765684.5,419.3152271,IT=8.6;8.6 ,ii
23892,UP 2,21.531,111804,85671072.0,56.795408,3974529.0,419.3152664,IT=11;11 ,ii
23893,UP 2,19.448,106212,88251512.0,56.799452,4028251.0,419.3152665,IT=9.7;9.7 ,ii
23894,UP 2,15.549,109800,106630030.0,56.803448,4942692.5,419.3152058,IT=7.8;7.8 ,ii
23895,UP 2,17.461,112820,102865660.0,56.807516,4751280.5,419.3152509,IT=8.7;8.7 ,ii
23896,UP 2,17.306,112256,103315810.0,56.811396,4589969.0,419.3153561,IT=8.7;8.7 ,ii
23897,UP 2,18.659,114940,101093830.0,56.815473,4465435.5,419.3153269,IT=9.3;9.3 ,ii
23898,UP 2,21.133,112524,88305120.0,56.819581,4074192.2,419.3153171,IT=11;11 ,ii
23899,UP 2,18.980,109144,89213408.0,56.823616,4128993.0,419.3152143,IT=9.5;9.5 ,ii
23900,UP 2,19.634,116224,96794400.0,56.827518,4439694.0,419.3153181,IT=9.8;9.8 ,ii
23901,UP 2,21.294,110496,81843008.0,56.831614,3947216.8,419.315226,IT=11;11 ,ii
23902,UP 2,20.698,118684,95467368.0,56.835677,4333672.5,419.3153957,IT=10;10 ,ii
23903,UP 2,20.255,106100,83934584.0,56.839741,4131831.2,419.315373,IT=10;10 ,ii
23904,UP 2,20.159,119608,97466120.0,56.843639,4771013.0,419.3154179,IT=10;10 ,ii
23905,UP 2,19.034,113484,95176744.0,56.847687,4579212.0,419.3153872,IT=9.5;9.5 ,ii
23906,UP 2,21.595,111872,83973472.0,56.851785,3856484.8,419.3153818,IT=11;11 ,ii
23907,UP 2,18.089,111156,93263808.0,56.855799,4645767.5,419.3153801,IT=9;9 ,ii
23908,UP 2,22.592,117380,86245176.0,56.85977,4109492.0,419.3154084,IT=11;11 ,ii
23909,UP 2,19.422,113160,97030144.0,56.863806,4714466.5,419.3154513,IT=9.7;9.7 ,ii
23910,UP 2,18.505,114192,98521048.0,56.867858,4906445.5,419.3154598,IT=9.3;9.3 ,ii
23911,UP 2,23.257,116948,81973288.0,56.871993,4063070.5,419.3153619,IT=12;12 ,ii
23912,UP 2,17.838,110968,100404290.0,56.875983,5064326.0,419.3154204,IT=8.9;8.9 ,ii
23913,UP 2,18.374,114188,99685504.0,56.879878,4993424.5,419.3154147,IT=9.2;9.2 ,ii
23914,UP 2,19.049,107892,83305352.0,56.883945,4156256.2,419.3152946,IT=9.5;9.5 ,ii
23915,UP 2,23.398,111068,79078560.0,56.888081,4035582.8,419.3153324,IT=12;12 ,ii
23916,UP 2,17.845,113516,97632952.0,56.892066,4764601.5,419.3154622,IT=8.9;8.9 ,ii
23917,UP 2,21.121,113844,86454704.0,56.896007,4240335.5,419.3153761,IT=11;11 ,ii
23918,UP 2,21.733,120304,94368056.0,56.900093,4582335.0,419.3155597,IT=11;11 ,ii
23919,UP 2,17.593,113200,99834048.0,56.904097,5130594.5,419.3154667,IT=8.8;8.8 ,ii
23920,UP 2,21.943,110308,79150368.0,56.90822,3921253.5,419.3154455,IT=11;11 ,ii
23921,UP 2,20.699,106900,77819624.0,56.912109,4015008.8,419.3153806,IT=10;10 ,ii
23922,UP 2,23.388,109544,75837280.0,56.91623,3708572.2,419.3154446,IT=12;12 ,ii
23923,UP 2,21.877,114708,86094840.0,56.920286,4030630.5,419.3154652,IT=11;11 ,ii
23924,UP 2,20.254,110532,83153496.0,56.924334,4255725.5,419.3154068,IT=10;10 ,ii
23925,UP 2,18.757,114632,94647216.0,56.928209,4474310.5,419.3153993,IT=9.4;9.4 ,ii
23926,UP 2,18.648,113212,95248832.0,56.932272,4483968.0,419.3153726,IT=9.3;9.3 ,ii
23927,UP 2,21.515,115720,90811168.0,56.936376,4438734.5,419.3153996,IT=11;11 ,ii
23928,UP 2,21.188,112488,83267960.0,56.940445,3959556.8,419.3154295,IT=11;11 ,ii
23929,UP 2,24.135,118496,80325696.0,56.944405,3903798.8,419.3154474,IT=12;12 ,ii
23930,UP 2,20.280,110888,84725616.0,56.948426,4025383.0,419.3154227,IT=10;10 ,ii
23931,UP 2,22.808,118240,87638504.0,56.952534,4389912.5,419.31542,IT=11;11 ,ii
23932,UP 2,18.020,110724,97094136.0,56.956536,4997538.5,419.3155127,IT=9;9 ,ii
23933,UP 2,20.777,118308,96414632.0,56.960467,4585755.0,419.3154389,IT=10;10 ,ii
23934,UP 2,21.628,111116,79882800.0,56.964555,4058787.0,419.3153427,IT=11;11 ,ii
23935,UP 2,20.668,119648,94984584.0,56.968609,4577528.0,419.3154353,IT=10;10 ,ii
23936,UP 2,24.460,114792,81093832.0,56.972747,4143180.2,419.3153843,IT=12;12 ,ii
23937,UP 2,19.822,117404,98292192.0,56.976586,4759912.5,419.3154638,IT=9.9;9.9 ,ii
23938,UP 2,22.799,116200,81401240.0,56.980707,4162146.8,419.3154598,IT=11;11 ,ii
23939,UP 2,20.268,113680,88337872.0,56.984742,4380698.0,419.3153789,IT=10;10 ,ii
23940,UP 2,25.981,118352,77519104.0,56.988903,3871567.5,419.3153862,IT=13;13 ,ii
23941,UP 2,18.644,116472,96782296.0,56.992713,4796085.0,419.3153419,IT=9.3;9.3 ,ii
23942,UP 2,18.984,116612,97730880.0,56.99678,4916893.0,419.315365,IT=9.5;9.5 ,ii
23943,UP 2,22.361,120476,91060880.0,57.000898,4711106.0,419.3154212,IT=11;11 ,ii
23944,UP 2,19.566,116552,100175930.0,57.004928,5016371.0,419.3154516,IT=9.8;9.8 ,ii
23945,UP 2,17.936,116052,100530810.0,57.008965,5021963.5,419.315449,IT=9;9 ,ii
23946,UP 2,20.908,116432,93466112.0,57.013071,4507684.0,419.3153224,IT=10;10 ,ii
23947,UP 2,24.473,119200,82247808.0,57.0172,4073622.0,419.3153777,IT=12;12 ,ii
23948,UP 2,19.457,115072,92163984.0,57.021207,4519016.0,419.3153323,IT=9.7;9.7 ,ii
23949,UP 2,23.817,117844,81861728.0,57.02518,3982036.8,419.3153201,IT=12;12 ,ii
23950,UP 2,22.720,115680,82557592.0,57.029082,4006399.2,419.3153311,IT=11;11 ,ii
23951,UP 2,23.704,116368,80258416.0,57.033186,3970737.0,419.3153943,IT=12;12 ,ii
23952,UP 2,23.171,115888,83991616.0,57.037265,4108104.0,419.3153308,IT=12;12 ,ii
23953,UP 2,23.327,115432,79874248.0,57.041182,3982894.8,419.3152991,IT=12;12 ,ii
23954,UP 2,20.482,113188,91412800.0,57.045054,4409651.0,419.3154613,IT=10;10 ,ii
23955,UP 2,18.438,113556,91310440.0,57.04909,4540410.5,419.3154491,IT=9.2;9.2 ,ii
23956,UP 2,23.571,116616,80910744.0,57.053234,4084267.8,419.3153625,IT=12;12 ,ii
23957,UP 2,24.713,117092,77909544.0,57.057169,4040743.0,419.3152622,IT=12;12 ,ii
23958,UP 2,20.501,116524,89080984.0,57.061194,4456618.0,419.3153783,IT=10;10 ,ii
23959,UP 2,22.393,113968,79311208.0,57.065292,4110420.5,419.3153155,IT=11;11 ,ii
23960,UP 2,24.679,119840,77850056.0,57.069413,4063507.8,419.3153744,IT=12;12 ,ii
23961,UP 2,22.308,110884,76061120.0,57.073463,4138777.8,419.3152741,IT=11;11 ,ii
23962,UP 2,25.598,119532,78381072.0,57.077435,4003662.5,419.315411,IT=13;13 ,ii
23963,UP 2,23.715,119376,81359616.0,57.081498,4296844.0,419.3153031,IT=12;12 ,ii
23964,UP 2,20.144,112452,87328080.0,57.085525,4594586.5,419.3153328,IT=10;10 ,ii
23965,UP 2,22.640,113028,76385600.0,57.089637,4014505.0,419.3153832,IT=11;11 ,ii
23966,UP 2,22.094,117924,83366984.0,57.093542,4103908.2,419.3154431,IT=11;11 ,ii
23967,UP 2,22.691,118528,83709984.0,57.097633,4335728.0,419.3153626,IT=11;11 ,ii
23968,UP 2,24.592,119124,79743896.0,57.101746,4174800.5,419.315438,IT=12;12 ,ii
23969,UP 2,22.992,120848,89394216.0,57.105806,4543778.5,419.3155397,IT=11;11 ,ii
23970,UP 2,20.423,117940,92460928.0,57.109689,4745599.0,419.3154673,IT=10;10 ,ii
23971,UP 2,23.951,115884,77181176.0,57.11381,4087654.5,419.3153498,IT=12;12 ,ii
23972,UP 2,24.475,113040,75707272.0,57.117904,3922945.5,419.3153327,IT=12;12 ,ii
23973,UP 2,23.673,112144,79496608.0,57.121979,4310376.5,419.3153974,IT=12;12 ,ii
23974,UP 2,19.120,117900,94517840.0,57.125821,4860056.5,419.3153398,IT=9.6;9.6 ,ii
23975,UP 2,24.775,119088,82740128.0,57.129979,4364078.0,419.3154299,IT=12;12 ,ii
23976,UP 2,19.112,116456,95325992.0,57.133977,4904422.0,419.3153464,IT=9.6;9.6 ,ii
23977,UP 2,20.676,119288,91194384.0,57.138066,4635818.0,419.3154187,IT=10;10 ,ii
23978,UP 2,22.072,120664,92275616.0,57.141985,4723480.0,419.3153762,IT=11;11 ,ii
23979,UP 2,19.115,116704,96216944.0,57.146016,4988130.5,419.3153921,IT=9.6;9.6 ,ii
23980,UP 2,21.771,119756,91293616.0,57.150122,4565866.5,419.3155119,IT=11;11 ,ii
23981,UP 2,19.873,117776,95577144.0,57.154166,4779827.5,419.3154652,IT=9.9;9.9 ,ii
23982,UP 2,23.151,119624,88684240.0,57.158116,4461232.0,419.3153463,IT=12;12 ,ii
23983,UP 2,23.010,115560,79145496.0,57.162197,4016635.8,419.3154318,IT=12;12 ,ii
23984,UP 2,26.457,121324,74007080.0,57.166335,3831299.0,419.3154044,IT=13;13 ,ii
23985,UP 2,25.682,116444,75309656.0,57.17042,4122815.2,419.3154404,IT=13;13 ,ii
23986,UP 2,23.160,117368,82640128.0,57.174479,4243924.5,419.3154179,IT=12;12 ,ii
23987,UP 2,20.974,110272,80468720.0,57.178526,4363763.5,419.3153562,IT=10;10 ,ii
23988,UP 2,25.410,114360,75112408.0,57.18267,4080112.5,419.3153442,IT=13;13 ,ii
23989,UP 2,23.213,120140,85304704.0,57.186733,4501499.0,419.3153328,IT=12;12 ,ii
23990,UP 2,19.784,115396,89111816.0,57.190758,4639184.0,419.3153477,IT=9.9;9.9 ,ii
23991,UP 2,22.511,116688,81943064.0,57.194705,4370006.0,419.3153318,IT=11;11 ,ii
23992,UP 2,19.360,118652,91478352.0,57.198741,4688020.5,419.31542,IT=9.7;9.7 ,ii
23993,UP 2,21.267,120176,90626896.0,57.202835,4624304.5,419.3153809,IT=11;11 ,ii
23994,UP 2,20.853,117924,87002584.0,57.206901,4458380.5,419.3153296,IT=10;10 ,ii
23995,UP 2,25.564,118276,75310440.0,57.210878,4122212.2,419.3153845,IT=13;13 ,ii
23996,UP 2,21.191,116008,84570568.0,57.214903,4434138.5,419.3154142,IT=11;11 ,ii
23997,UP 2,23.166,113140,78399432.0,57.219012,4197613.5,419.3153604,IT=12;12 ,ii
23998,UP 2,24.056,121908,89492968.0,57.223107,4552221.5,419.3154518,IT=12;12 ,ii
23999,UP 2,18.817,114028,91354456.0,57.226937,4803962.5,419.3153279,IT=9.4;9.4 ,ii
24000,UP 2,23.921,116028,81413872.0,57.231093,4321326.5,419.3153649,IT=12;12 ,ii
24001,UP 2,20.609,118076,93947064.0,57.235116,5002374.0,419.3153263,IT=10;10 ,ii
24002,UP 2,19.595,112904,89246432.0,57.239172,4624031.5,419.3152854,IT=9.8;9.8 ,ii
24003,UP 2,23.561,120292,91005272.0,57.24313,4602032.0,419.315313,IT=12;12 ,ii
24004,UP 2,21.972,108892,75526488.0,57.247188,3944524.8,419.3153571,IT=11;11 ,ii
24005,UP 2,24.372,114296,77621952.0,57.251301,4168724.0,419.3152677,IT=12;12 ,ii
24006,UP 2,22.693,116880,85223392.0,57.255359,4283981.0,419.3154495,IT=11;11 ,ii
24007,UP 2,18.842,115280,92222192.0,57.259374,4798840.0,419.3153947,IT=9.4;9.4 ,ii
24008,UP 2,27.407,120264,73236360.0,57.263578,3577807.5,419.3153419,IT=14;14 ,ii
24009,UP 2,24.320,114292,80080896.0,57.267628,4050666.8,419.3153678,IT=12;12 ,ii
24010,UP 2,23.340,115252,79179728.0,57.271701,4027091.2,419.3152605,IT=12;12 ,ii
24011,UP 2,22.580,112912,77112248.0,57.275605,4101709.2,419.3152292,IT=11;11 ,ii
24012,UP 2,18.346,112144,94467704.0,57.279615,4797648.0,419.3152296,IT=9.2;9.2 ,ii
24013,UP 2,23.262,115632,81760040.0,57.283753,4137643.8,419.3151879,IT=12;12 ,ii
24014,UP 2,23.618,109448,76046504.0,57.287842,4073096.5,419.3152253,IT=12;12 ,ii
24015,UP 2,23.178,108424,74505272.0,57.291751,3984503.5,419.3152342,IT=12;12 ,ii
24016,UP 2,22.864,109676,79256064.0,57.295834,4104559.5,419.3152599,IT=11;11 ,ii
24017,UP 2,21.943,111760,82081344.0,57.299894,4268052.5,419.3153147,IT=11;11 ,ii
24018,UP 2,22.282,112720,79457696.0,57.303976,3949272.5,419.3152785,IT=11;11 ,ii
24019,UP 2,21.383,111356,81054304.0,57.308038,4065667.2,419.3152394,IT=11;11 ,ii
24020,UP 2,21.926,114684,85819424.0,57.311955,4313906.5,419.3152483,IT=11;11 ,ii
24021,UP 2,20.661,108788,82893416.0,57.316013,4120631.5,419.3152833,IT=10;10 ,ii
24022,UP 2,20.827,107132,79579472.0,57.320092,4219448.0,419.3152252,IT=10;10 ,ii
24023,UP 2,19.778,111716,95117848.0,57.324136,4731891.0,419.315287,IT=9.9;9.9 ,ii
24024,UP 2,21.901,108784,80068216.0,57.328073,4130244.2,419.3152499,IT=11;11 ,ii
24025,UP 2,21.251,105696,79810800.0,57.332144,4220100.5,419.3152445,IT=11;11 ,ii
24026,UP 2,18.203,110876,94565344.0,57.336167,4667745.0,419.3152965,IT=9.1;9.1 ,ii
24027,UP 2,21.750,111184,82371200.0,57.340282,4245906.0,419.3152863,IT=11;11 ,ii
24028,UP 2,22.036,110524,82867176.0,57.344194,3922193.2,419.3153247,IT=11;11 ,ii
24029,UP 2,22.227,110636,81912424.0,57.348277,4025703.2,419.3152203,IT=11;11 ,ii
24030,UP 2,21.907,108392,81400440.0,57.352348,4053179.8,419.3152001,IT=11;11 ,ii
24031,UP 2,21.227,111176,82980288.0,57.356411,4133932.2,419.3151687,IT=11;11 ,ii
24032,UP 2,21.533,112344,82376912.0,57.360319,4172578.0,419.3151711,IT=11;11 ,ii
24033,UP 2,23.360,110552,75911696.0,57.364438,3932577.5,419.3152156,IT=12;12 ,ii
24034,UP 2,18.795,109936,91015792.0,57.368436,4619676.5,419.3153109,IT=9.4;9.4 ,ii
24035,UP 2,20.294,114004,93109104.0,57.372525,4591540.0,419.3152826,IT=10;10 ,ii
24036,UP 2,17.308,108124,95711504.0,57.376375,4883981.5,419.3152934,IT=8.7;8.7 ,ii
24037,UP 2,20.672,111816,91733488.0,57.380483,4750496.5,419.3152915,IT=10;10 ,ii
24038,UP 2,19.761,113920,94062752.0,57.384538,4703107.5,419.3153527,IT=9.9;9.9 ,ii
24039,UP 2,19.573,107412,82428648.0,57.388598,4233121.0,419.3152737,IT=9.8;9.8 ,ii
24040,UP 2,19.940,114792,92800968.0,57.392504,4774959.5,419.3154436,IT=10;10 ,ii
24041,UP 2,22.304,117904,89853680.0,57.396619,4613147.0,419.3153625,IT=11;11 ,ii
24042,UP 2,20.079,114012,92622272.0,57.400658,4693815.5,419.3153872,IT=10;10 ,ii
24043,UP 2,23.715,110456,75636848.0,57.40479,3978775.5,419.3153124,IT=12;12 ,ii
24044,UP 2,22.542,114688,87719552.0,57.408681,4512298.5,419.315385,IT=11;11 ,ii
24045,UP 2,28.456,117612,70388304.0,57.41286,3587056.5,419.3154006,IT=14;14 ,ii
24046,UP 2,22.425,109832,79309520.0,57.416869,3986966.8,419.315287,IT=11;11 ,ii
24047,UP 2,24.640,119196,80025072.0,57.420985,4227163.0,419.3154166,IT=12;12 ,ii
24048,UP 2,17.948,111932,93873464.0,57.424796,5094620.0,419.3153739,IT=9;9 ,ii
24049,UP 2,22.800,110544,81171136.0,57.428933,4419916.5,419.3152997,IT=11;11 ,ii
24050,UP 2,19.728,109860,91378456.0,57.432966,4920775.5,419.3153202,IT=9.9;9.9 ,ii
24051,UP 2,22.652,110872,82470760.0,57.437087,4508820.5,419.3153229,IT=11;11 ,ii
24052,UP 2,20.263,112144,88418560.0,57.440958,4668243.5,419.3154195,IT=10;10 ,ii
24053,UP 2,21.365,109704,86338728.0,57.445048,4645386.5,419.3153499,IT=11;11 ,ii
24054,UP 2,19.654,110800,84793368.0,57.449091,4469547.0,419.3153124,IT=9.8;9.8 ,ii
24055,UP 2,26.389,116424,73506808.0,57.45327,3922132.5,419.3153113,IT=13;13 ,ii
24056,UP 2,20.963,114064,86093112.0,57.457112,4563848.0,419.315389,IT=10;10 ,ii
24057,UP 2,26.038,112796,72006136.0,57.461274,3826412.5,419.3153506,IT=13;13 ,ii
24058,UP 2,19.248,113940,91745424.0,57.465256,4927569.0,419.3153639,IT=9.6;9.6 ,ii
24059,UP 2,20.771,111552,87293864.0,57.469347,4580694.5,419.3154239,IT=10;10 ,ii
24060,UP 2,21.511,116292,87755936.0,57.473429,4588824.5,419.3152833,IT=11;11 ,ii
24061,UP 2,21.786,114812,82939864.0,57.477341,4244636.0,419.3153846,IT=11;11 ,ii
24062,UP 2,25.898,113396,76000848.0,57.481493,3977745.8,419.3153933,IT=13;13 ,ii
24063,UP 2,25.488,114448,72291952.0,57.485574,3810010.0,419.3153385,IT=13;13 ,ii
24064,UP 2,23.006,111372,72752784.0,57.489631,3906813.8,419.3153685,IT=12;12 ,ii
24065,UP 2,26.414,115120,72018008.0,57.493603,3820327.5,419.3154255,IT=13;13 ,ii
24066,UP 2,22.426,118076,83335880.0,57.497639,4280109.5,419.3153927,IT=11;11 ,ii
24067,UP 2,19.401,107860,80861944.0,57.501668,4408676.5,419.3153474,IT=9.7;9.7 ,ii
24068,UP 2,25.726,114228,74359032.0,57.505837,3902888.5,419.3154445,IT=13;13 ,ii
24069,UP 2,24.020,115016,74933968.0,57.509801,4121894.2,419.3153407,IT=12;12 ,ii
24070,UP 2,23.282,115392,76307592.0,57.51387,3941763.5,419.3153426,IT=12;12 ,ii
24071,UP 2,25.469,111792,72233776.0,57.517989,4059994.8,419.3154422,IT=13;13 ,ii
24072,UP 2,20.148,117572,88834280.0,57.521993,4420435.0,419.3153738,IT=10;10 ,ii
24073,UP 2,27.123,114440,70179480.0,57.526012,3684923.8,419.3153273,IT=14;14 ,ii
24074,UP 2,25.063,114440,74441128.0,57.53008,3967488.8,419.3153826,IT=13;13 ,ii
24075,UP 2,19.038,113588,90539512.0,57.534078,4718278.5,419.3153715,IT=9.5;9.5 ,ii
24076,UP 2,20.725,118384,89816408.0,57.538168,4595612.5,419.3154188,IT=10;10 ,ii
24077,UP 2,19.523,114680,89969760.0,57.542049,4735665.0,419.3154177,IT=9.8;9.8 ,ii
24078,UP 2,21.029,117272,87886280.0,57.546145,4488138.0,419.3153771,IT=11;11 ,ii
24079,UP 2,19.771,112812,85801992.0,57.550195,4540654.0,419.315314,IT=9.9;9.9 ,ii
24080,UP 2,24.697,116332,77245256.0,57.554343,4070712.5,419.3153532,IT=12;12 ,ii
24081,UP 2,20.515,114752,88197768.0,57.558195,4436945.5,419.3154206,IT=10;10 ,ii
24082,UP 2,20.253,116312,90182592.0,57.562261,4782765.0,419.3154148,IT=10;10 ,ii
24083,UP 2,21.431,118740,88136232.0,57.566351,4649084.0,419.3154544,IT=11;11 ,ii
24084,UP 2,19.980,116016,90772664.0,57.570401,4727832.5,419.3153517,IT=10;10 ,ii
24085,UP 2,24.010,115304,78368464.0,57.574372,4218401.5,419.3152366,IT=12;12 ,ii
24086,UP 2,21.314,113464,84852280.0,57.57842,4466155.5,419.3153421,IT=11;11 ,ii
24087,UP 2,22.971,115008,82984064.0,57.58252,4386162.0,419.3153455,IT=11;11 ,ii
24088,UP 2,26.644,113692,72526712.0,57.586663,3834148.8,419.3154111,IT=13;13 ,ii
24089,UP 2,24.941,114308,75599664.0,57.590645,3977027.8,419.3154102,IT=12;12 ,ii
24090,UP 2,23.106,111660,77462296.0,57.594709,3914322.2,419.3154432,IT=12;12 ,ii
24091,UP 2,22.991,113444,79526280.0,57.598786,4244554.0,419.3153518,IT=11;11 ,ii
24092,UP 2,23.735,111932,76600632.0,57.602878,3942144.0,419.3153311,IT=12;12 ,ii
24093,UP 2,23.966,117308,78524920.0,57.606963,4206528.0,419.3152897,IT=12;12 ,ii
24094,UP 2,19.320,111988,89194504.0,57.610811,4643046.0,419.3153423,IT=9.7;9.7 ,ii
24095,UP 2,21.653,111996,83167680.0,57.614909,4440050.0,419.3152954,IT=11;11 ,ii
24096,UP 2,19.447,108404,85439248.0,57.618946,4568638.0,419.3152427,IT=9.7;9.7 ,ii
24097,UP 2,24.068,114100,79098056.0,57.623088,4051362.0,419.3153128,IT=12;12 ,ii
24098,UP 2,25.845,115440,71512576.0,57.627034,3830297.0,419.3153475,IT=13;13 ,ii
24099,UP 2,23.033,111744,78117984.0,57.631084,4076488.8,419.3152799,IT=12;12 ,ii
24100,UP 2,25.205,115120,79845288.0,57.6352,4233023.5,419.3152857,IT=13;13 ,ii
24101,UP 2,23.035,110324,76735456.0,57.639259,4193609.2,419.315258,IT=12;12 ,ii
24102,UP 2,20.855,115060,87284096.0,57.64314,4740546.5,419.3153256,IT=10;10 ,ii
24103,UP 2,18.796,113460,92788472.0,57.647177,4794361.0,419.3152917,IT=9.4;9.4 ,ii
24104,UP 2,19.677,114368,88511736.0,57.65125,4630994.0,419.3153066,IT=9.8;9.8 ,ii
24105,UP 2,25.663,113556,74774256.0,57.655419,4050484.8,419.3152422,IT=13;13 ,ii
24106,UP 2,25.277,121788,85838344.0,57.659342,4429674.0,419.3154169,IT=13;13 ,ii
24107,UP 2,20.320,112784,86932416.0,57.663361,4647542.0,419.3153699,IT=10;10 ,ii
24108,UP 2,26.439,119056,79877848.0,57.667529,4236127.0,419.3155183,IT=13;13 ,ii
24109,UP 2,20.899,116552,84373896.0,57.671536,4548616.0,419.3153987,IT=10;10 ,ii
24110,UP 2,21.492,115172,77299744.0,57.675621,4173120.8,419.3153587,IT=11;11 ,ii
24111,UP 2,21.160,108912,74644256.0,57.679694,4127259.5,419.3153186,IT=11;11 ,ii
24112,UP 2,27.413,121660,76148656.0,57.683869,4140253.2,419.3152679,IT=14;14 ,ii
24113,UP 2,19.803,112968,87978448.0,57.68785,4778591.5,419.3152478,IT=9.9;9.9 ,ii
24114,UP 2,22.832,120456,86233112.0,57.691808,4506752.5,419.3153913,IT=11;11 ,ii
24115,UP 2,20.746,115948,85358680.0,57.695863,4719093.0,419.3153122,IT=10;10 ,ii
24116,UP 2,22.679,109972,76389384.0,57.699965,4167168.2,419.315424,IT=11;11 ,ii
24117,UP 2,25.382,119636,80520736.0,57.704088,4542192.0,419.3154816,IT=13;13 ,ii
24118,UP 2,19.911,114392,87034368.0,57.708088,4582766.0,419.3153315,IT=10;10 ,ii
24119,UP 2,26.165,112396,72120000.0,57.712098,3975484.2,419.315287,IT=13;13 ,ii
24120,UP 2,24.745,118064,75194488.0,57.716181,4005272.2,419.3153773,IT=12;12 ,ii
24121,UP 2,21.388,117928,85575696.0,57.720212,4587195.0,419.3152932,IT=11;11 ,ii
24122,UP 2,21.894,114604,82063784.0,57.724294,4371887.5,419.3152733,IT=11;11 ,ii
24123,UP 2,21.317,115392,85147816.0,57.728196,4556275.0,419.3152237,IT=11;11 ,ii
24124,UP 2,19.249,113336,87402520.0,57.732241,4903849.5,419.315407,IT=9.6;9.6 ,ii
24125,UP 2,21.148,114780,86097280.0,57.736343,4723861.0,419.3153502,IT=11;11 ,ii
24126,UP 2,28.249,114800,68578400.0,57.740533,3854305.8,419.3153523,IT=14;14 ,ii
24127,UP 2,18.948,114100,91546672.0,57.744325,4824196.5,419.3152441,IT=9.5;9.5 ,ii
24128,UP 2,22.252,118476,88542160.0,57.748448,4704601.5,419.3154081,IT=11;11 ,ii
24129,UP 2,22.671,111640,77718912.0,57.752525,4268583.0,419.3153462,IT=11;11 ,ii
24130,UP 2,20.232,104168,73069648.0,57.756564,4036829.8,419.3152414,IT=10;10 ,ii
24131,UP 2,27.814,118744,70642392.0,57.760587,3833897.0,419.3153864,IT=14;14 ,ii
24132,UP 2,24.255,116756,81750592.0,57.764639,4274261.0,419.3153312,IT=12;12 ,ii
24133,UP 2,19.315,113736,89009960.0,57.768647,4896058.0,419.3153014,IT=9.7;9.7 ,ii
24134,UP 2,20.798,111784,83589016.0,57.772737,4410281.5,419.3153373,IT=10;10 ,ii
24135,UP 2,19.058,114524,89643768.0,57.776612,4904303.5,419.3152718,IT=9.5;9.5 ,ii
24136,UP 2,20.017,117244,89543832.0,57.780693,4720446.0,419.3152934,IT=10;10 ,ii
24137,UP 2,23.608,112552,76314072.0,57.784822,4272610.5,419.3153303,IT=12;12 ,ii
24138,UP 2,20.931,110872,81813152.0,57.788854,4430841.0,419.3152925,IT=10;10 ,ii
24139,UP 2,21.355,106336,72033584.0,57.792766,4196807.0,419.3153591,IT=11;11 ,ii
24140,UP 2,18.876,114880,90187424.0,57.796806,5024254.0,419.3153059,IT=9.4;9.4 ,ii
24141,UP 2,21.023,109740,80447104.0,57.800897,4589598.5,419.3153082,IT=11;11 ,ii
24142,UP 2,21.846,115520,86988656.0,57.804983,4896773.0,419.3154266,IT=11;11 ,ii
24143,UP 2,25.805,111632,70008424.0,57.808956,4106819.2,419.3153318,IT=13;13 ,ii
24144,UP 2,22.603,114340,80261336.0,57.813001,4496029.0,419.3151918,IT=11;11 ,ii
24145,UP 2,20.828,113624,87945432.0,57.817049,4800393.5,419.3152991,IT=10;10 ,ii
24146,UP 2,21.703,114524,86266024.0,57.821131,4558811.0,419.3152951,IT=11;11 ,ii
24147,UP 2,23.519,108020,70648064.0,57.825078,4013433.2,419.3153256,IT=12;12 ,ii
24148,UP 2,25.326,114196,73285704.0,57.829195,3804261.0,419.3152824,IT=13;13 ,ii
24149,UP 2,25.044,110760,75151184.0,57.833297,4124575.5,419.3152002,IT=13;13 ,ii
24150,UP 2,22.867,110984,76326448.0,57.837353,4079024.8,419.315298,IT=11;11 ,ii
24151,UP 2,23.875,109184,72835568.0,57.841451,4111291.0,419.3153004,IT=12;12 ,ii
24152,UP 2,22.982,107572,74911792.0,57.845353,4194723.5,419.3152796,IT=11;11 ,ii
24153,UP 2,21.284,112492,86297160.0,57.849409,4699594.0,419.3153014,IT=11;11 ,ii
24154,UP 2,19.730,112284,88170528.0,57.853455,4623731.5,419.3152447,IT=9.9;9.9 ,ii
24155,UP 2,25.742,112828,72796560.0,57.857618,3957397.8,419.315342,IT=13;13 ,ii
24156,UP 2,25.823,114820,77306496.0,57.861549,4213024.5,419.3153482,IT=13;13 ,ii
24157,UP 2,23.055,108540,75033216.0,57.865599,4156962.5,419.3153922,IT=12;12 ,ii
24158,UP 2,23.760,113028,76241984.0,57.869695,3988568.2,419.3153842,IT=12;12 ,ii
24159,UP 2,22.315,114396,84551824.0,57.873753,4361740.5,419.3153553,IT=11;11 ,ii
24160,UP 2,22.372,108980,75605808.0,57.877668,4034531.0,419.315341,IT=11;11 ,ii
24161,UP 2,22.437,109972,76184544.0,57.881745,3973735.0,419.3152717,IT=11;11 ,ii
24162,UP 2,23.470,116324,84081688.0,57.885845,4424408.5,419.3153794,IT=12;12 ,ii
24163,UP 2,24.583,110148,73636808.0,57.889936,3958424.0,419.3153414,IT=12;12 ,ii
24164,UP 2,22.381,112392,78817744.0,57.89383,4198797.5,419.3152781,IT=11;11 ,ii
24165,UP 2,22.057,110800,77933728.0,57.897895,4134852.0,419.3152703,IT=11;11 ,ii
24166,UP 2,19.588,113184,89712936.0,57.901928,4720730.0,419.3153065,IT=9.8;9.8 ,ii
24167,UP 2,22.314,109368,73471080.0,57.906042,3985237.5,419.3153115,IT=11;11 ,ii
24168,UP 2,23.450,107576,73312712.0,57.909974,4055604.8,419.315299,IT=12;12 ,ii
24169,UP 2,17.465,104380,83650128.0,57.913974,4466752.5,419.3153245,IT=8.7;8.7 ,ii
24170,UP 2,23.918,112852,76476304.0,57.918132,4094385.8,419.315291,IT=12;12 ,ii
24171,UP 2,20.272,106360,76344856.0,57.922161,4032087.5,419.3153092,IT=10;10 ,ii
24172,UP 2,23.536,110632,73256232.0,57.926111,4019465.5,419.3152491,IT=12;12 ,ii
24173,UP 2,24.046,111192,74432144.0,57.930205,4074615.5,419.3152829,IT=12;12 ,ii
24174,UP 2,18.181,109524,89888000.0,57.934192,4945813.5,419.3153156,IT=9.1;9.1 ,ii
24175,UP 2,17.543,102328,86862568.0,57.938238,4423315.0,419.3153193,IT=8.8;8.8 ,ii
24176,UP 2,22.424,111104,77991064.0,57.942205,4194844.0,419.31527,IT=11;11 ,ii
24177,UP 2,23.399,113356,79500648.0,57.9463,4242215.0,419.3153769,IT=12;12 ,ii
24178,UP 2,19.642,107956,80426896.0,57.950319,4249134.0,419.3152819,IT=9.8;9.8 ,ii
24179,UP 2,26.270,115284,71386280.0,57.95449,3857121.2,419.3153629,IT=13;13 ,ii
24180,UP 2,21.947,106388,73762072.0,57.958348,4034996.5,419.3152712,IT=11;11 ,ii
24181,UP 2,24.165,110328,74407032.0,57.962463,4165510.0,419.3154153,IT=12;12 ,ii
24182,UP 2,19.625,107076,82034920.0,57.966475,4345332.0,419.3153399,IT=9.8;9.8 ,ii
24183,UP 2,22.736,110464,74959704.0,57.970592,4090821.8,419.3154496,IT=11;11 ,ii
24184,UP 2,25.601,113916,72905280.0,57.97455,4120318.5,419.3153475,IT=13;13 ,ii
24185,UP 2,21.084,112160,80436736.0,57.978584,4460129.5,419.3153136,IT=11;11 ,ii
24186,UP 2,20.451,109776,80878952.0,57.982646,4548123.0,419.3153333,IT=10;10 ,ii
24187,UP 2,18.681,105552,83227664.0,57.986684,4709407.5,419.3153322,IT=9.3;9.3 ,ii
24188,UP 2,19.512,116728,90892096.0,57.990754,4961684.5,419.3153751,IT=9.8;9.8 ,ii
24189,UP 2,19.143,112400,90239616.0,57.99465,5056162.0,419.3153515,IT=9.6;9.6 ,ii
24190,UP 2,20.610,113820,83237512.0,57.998738,4648040.0,419.3153863,IT=10;10 ,ii
24191,UP 2,21.388,115800,86795776.0,58.002819,4616059.0,419.3153823,IT=11;11 ,ii
24192,UP 2,21.986,109784,73868408.0,58.006902,4193445.5,419.3153085,IT=11;11 ,ii
24193,UP 2,24.282,106704,67268136.0,58.010848,3998885.0,419.3153224,IT=12;12 ,ii
24194,UP 2,23.732,112464,72239208.0,58.014933,3969771.8,419.3153327,IT=12;12 ,ii
24195,UP 2,23.932,111624,76066040.0,58.019023,4375712.0,419.315311,IT=12;12 ,ii
24196,UP 2,18.751,108568,86563712.0,58.023027,4901514.0,419.3153103,IT=9.4;9.4 ,ii
24197,UP 2,22.022,112432,81651232.0,58.026971,4586274.5,419.3152488,IT=11;11 ,ii
24198,UP 2,21.166,117368,87148568.0,58.03104,4762891.0,419.3153372,IT=11;11 ,ii
24199,UP 2,22.012,114144,86233128.0,58.035123,4658449.0,419.3152948,IT=11;11 ,ii
24200,UP 2,25.157,108956,70639744.0,58.039248,4141234.0,419.3153793,IT=13;13 ,ii
24201,UP 2,22.521,117092,86917136.0,58.043127,4709609.0,419.3153537,IT=11;11 ,ii
24202,UP 2,22.739,109328,70487520.0,58.04721,3961104.8,419.3152297,IT=11;11 ,ii
24203,UP 2,23.220,108396,71915096.0,58.051291,3938838.2,419.3152064,IT=12;12 ,ii
24204,UP 2,19.155,107136,86888760.0,58.055306,4768746.0,419.3152917,IT=9.6;9.6 ,ii
24205,UP 2,18.692,106880,87478600.0,58.059191,5137852.5,419.3152591,IT=9.3;9.3 ,ii
24206,UP 2,19.658,112092,86606272.0,58.063271,4997851.0,419.3152805,IT=9.8;9.8 ,ii
24207,UP 2,20.337,111924,87513464.0,58.06735,5019172.0,419.3152724,IT=10;10 ,ii
24208,UP 2,19.577,111456,85667216.0,58.071404,4720961.0,419.3153143,IT=9.8;9.8 ,ii
24209,UP 2,24.602,110168,72644264.0,58.075389,3999957.8,419.3153292,IT=12;12 ,ii
24210,UP 2,23.795,109480,75167784.0,58.07947,4055204.8,419.3152487,IT=12;12 ,ii
24211,UP 2,23.705,112328,73979160.0,58.083554,4136789.0,419.3153545,IT=12;12 ,ii
24212,UP 2,25.102,108992,73493560.0,58.087662,4212653.0,419.315349,IT=13;13 ,ii
24213,UP 2,20.438,116196,87626056.0,58.091518,4881117.5,419.3153255,IT=10;10 ,ii
24214,UP 2,21.455,113540,81290784.0,58.095608,4617982.5,419.3152669,IT=11;11 ,ii
24215,UP 2,24.420,110164,73698568.0,58.099735,4226279.0,419.3153085,IT=12;12 ,ii
24216,UP 2,23.884,112020,76718472.0,58.10382,4269813.5,419.3153572,IT=12;12 ,ii
24217,UP 2,18.457,107572,86886688.0,58.107651,4980822.5,419.3153265,IT=9.2;9.2 ,ii
24218,UP 2,20.051,106504,79024088.0,58.111741,4463703.0,419.3154023,IT=10;10 ,ii
24219,UP 2,26.913,116056,70329120.0,58.115931,3929424.2,419.3153445,IT=13;13 ,ii
24220,UP 2,24.575,109628,67894888.0,58.119997,3915120.5,419.3153379,IT=12;12 ,ii
24221,UP 2,25.878,113372,71922680.0,58.123949,4063557.2,419.3154153,IT=13;13 ,ii
24222,UP 2,23.557,109860,73629384.0,58.128014,4032100.0,419.3153636,IT=12;12 ,ii
24223,UP 2,22.500,108760,74284872.0,58.132078,3977364.8,419.3153241,IT=11;11 ,ii
24224,UP 2,23.663,114148,74222208.0,58.136174,4039799.2,419.3153249,IT=12;12 ,ii
24225,UP 2,21.661,112336,80600000.0,58.140224,4364734.5,419.315328,IT=11;11 ,ii
24226,UP 2,21.946,109016,78165336.0,58.144135,4370845.5,419.3153371,IT=11;11 ,ii
24227,UP 2,23.444,113032,76442616.0,58.148237,4149398.0,419.3153463,IT=12;12 ,ii
24228,UP 2,24.211,106408,68514416.0,58.15233,4055326.5,419.3153362,IT=12;12 ,ii
24229,UP 2,21.982,114480,83462768.0,58.15638,4410760.0,419.3153379,IT=11;11 ,ii
24230,UP 2,23.353,108752,71211424.0,58.160314,4161774.2,419.3153267,IT=12;12 ,ii
24231,UP 2,22.563,107268,71260840.0,58.164387,4193601.2,419.3153,IT=11;11 ,ii
24232,UP 2,19.398,109500,85297888.0,58.168414,4814214.0,419.3154498,IT=9.7;9.7 ,ii
24233,UP 2,20.849,109860,81193568.0,58.172503,4459002.0,419.3154258,IT=10;10 ,ii
24234,UP 2,24.759,110932,70640512.0,58.176641,3805011.5,419.3154416,IT=12;12 ,ii
24235,UP 2,23.003,111588,79282192.0,58.180703,4372772.0,419.3154442,IT=12;12 ,ii
24236,UP 2,22.074,107524,74307944.0,58.184768,4002939.5,419.3153941,IT=11;11 ,ii
24237,UP 2,23.125,108528,72077424.0,58.188861,3830556.0,419.3154202,IT=12;12 ,ii
24238,UP 2,23.825,107008,69451848.0,58.192788,4057191.8,419.3154215,IT=12;12 ,ii
24239,UP 2,22.619,107680,71171088.0,58.196857,4069444.2,419.3153702,IT=11;11 ,ii
24240,UP 2,24.048,105188,69110376.0,58.200961,3860376.8,419.3153418,IT=12;12 ,ii
24241,UP 2,24.501,107736,69714496.0,58.205057,3996532.8,419.3153812,IT=12;12 ,ii
24242,UP 2,19.163,107076,82599368.0,58.208888,4278078.5,419.3154421,IT=9.6;9.6 ,ii
24243,UP 2,23.496,114168,79096064.0,58.213026,4138527.0,419.3153309,IT=12;12 ,ii
24244,UP 2,20.190,110264,80393448.0,58.217055,4284512.0,419.3153729,IT=10;10 ,ii
24245,UP 2,25.930,110388,69378088.0,58.221215,3773481.0,419.3154567,IT=13;13 ,ii
24246,UP 2,24.015,110152,70316080.0,58.225111,3643867.2,419.3154751,IT=12;12 ,ii
24247,UP 2,23.399,109604,71906512.0,58.22919,3756106.8,419.3154959,IT=12;12 ,ii
24248,UP 2,24.859,105660,68779064.0,58.233294,3753217.8,419.3155056,IT=12;12 ,ii
24249,UP 2,25.543,116920,71306104.0,58.237396,3771630.0,419.315377,IT=13;13 ,ii
24250,UP 2,24.253,110720,69272256.0,58.241301,3498109.8,419.315478,IT=12;12 ,ii
24251,UP 2,23.551,109480,71931920.0,58.24538,3762799.0,419.3154312,IT=12;12 ,ii
24252,UP 2,24.413,107916,69347776.0,58.249478,3736205.8,419.3153824,IT=12;12 ,ii
24253,UP 2,26.355,112144,68764808.0,58.253603,3628497.8,419.3154344,IT=13;13 ,ii
24254,UP 2,24.163,108888,69556640.0,58.257657,3478579.8,419.3154291,IT=12;12 ,ii
24255,UP 2,23.770,104560,68840680.0,58.26158,3706016.2,419.3154458,IT=12;12 ,ii
24256,UP 2,26.082,110296,68117072.0,58.2657,3552046.5,419.3155101,IT=13;13 ,ii
24257,UP 2,24.562,111760,70331672.0,58.269771,3542333.2,419.315438,IT=12;12 ,ii
24258,UP 2,23.843,108496,71258376.0,58.27385,3596331.0,419.3154311,IT=12;12 ,ii
24259,UP 2,28.489,115432,68297664.0,58.277844,3511093.8,419.3155268,IT=14;14 ,ii
24260,UP 2,22.802,100512,67496416.0,58.281875,3538519.2,419.3153764,IT=11;11 ,ii
24261,UP 2,27.981,112144,64315908.0,58.286038,3436294.0,419.3154072,IT=14;14 ,ii
24262,UP 2,22.107,104712,67785584.0,58.290046,3596816.8,419.3153354,IT=11;11 ,ii
24263,UP 2,28.522,114456,65583964.0,58.294065,3448321.8,419.315456,IT=14;14 ,ii
24264,UP 2,25.099,110496,67228024.0,58.298121,3409463.2,419.3154531,IT=13;13 ,ii
24265,UP 2,21.976,108576,72826712.0,58.302167,3691621.2,419.3154807,IT=11;11 ,ii
24266,UP 2,29.079,107596,58273616.0,58.306359,3118380.5,419.315494,IT=15;15 ,ii
24267,UP 2,25.588,108164,63685264.0,58.310248,3304017.2,419.3154898,IT=13;13 ,ii
24268,UP 2,26.571,107740,60421012.0,58.314356,3084054.0,419.3154812,IT=13;13 ,ii
24269,UP 2,27.703,109720,58882496.0,58.318479,2997116.2,419.3155014,IT=14;14 ,ii
24270,UP 2,25.662,108636,60489528.0,58.322554,3170201.5,419.3154741,IT=13;13 ,ii
24271,UP 2,23.022,103752,62727328.0,58.32644,3244700.0,419.3154526,IT=12;12 ,ii
24272,UP 2,25.354,110972,66061524.0,58.330577,3278499.8,419.3156293,IT=13;13 ,ii
24273,UP 2,24.648,104908,62348236.0,58.334662,3115141.2,419.3155758,IT=12;12 ,ii
24274,UP 2,23.910,108744,68675712.0,58.338742,3408491.2,419.3154565,IT=12;12 ,ii
24275,UP 2,28.497,105228,57349964.0,58.342902,2982857.8,419.3153773,IT=14;14 ,ii
24276,UP 2,27.216,103040,57874312.0,58.346819,2999306.8,419.3154503,IT=14;14 ,ii
24277,UP 2,23.000,105372,67869840.0,58.350856,3416556.8,419.3154448,IT=11;11 ,ii
24278,UP 2,26.239,109796,62462900.0,58.354989,3051601.2,419.3155266,IT=13;13 ,ii
24279,UP 2,23.379,108100,66432884.0,58.359044,3361258.5,419.3156394,IT=12;12 ,ii
24280,UP 2,24.862,105476,65227668.0,58.362985,3340914.5,419.3155115,IT=12;12 ,ii
24281,UP 2,25.714,107320,63652784.0,58.367102,3192107.8,419.3154964,IT=13;13 ,ii
24282,UP 2,28.849,109116,60652528.0,58.371252,3100747.0,419.3155826,IT=14;14 ,ii
24283,UP 2,28.115,108452,59958212.0,58.375356,2967714.2,419.31549,IT=14;14 ,ii
24284,UP 2,25.735,105512,61182936.0,58.379268,3094714.2,419.3155001,IT=13;13 ,ii
24285,UP 2,28.591,109820,59338352.0,58.38341,3089136.8,419.3155397,IT=14;14 ,ii
24286,UP 2,25.266,102644,60901792.0,58.387468,3058956.2,419.3155157,IT=13;13 ,ii
24287,UP 2,26.151,107160,57929364.0,58.391585,3032765.2,419.3154793,IT=13;13 ,ii
24288,UP 2,30.789,108936,53042264.0,58.395591,2538482.2,419.3156222,IT=15;15 ,ii
24289,UP 2,22.367,101716,60603740.0,58.399577,3146595.2,419.3155202,IT=11;11 ,ii
24290,UP 2,30.569,108528,54718648.0,58.403795,2746473.0,419.3155057,IT=15;15 ,ii
24291,UP 2,22.387,101000,65819452.0,58.407779,3240294.8,419.3154511,IT=11;11 ,ii
24292,UP 2,26.202,112928,65024152.0,58.411758,3199494.5,419.3154996,IT=13;13 ,ii
24293,UP 2,28.798,111116,59476796.0,58.415904,2905722.8,419.3155489,IT=14;14 ,ii
24294,UP 2,23.191,106936,69527400.0,58.419924,3236338.5,419.3155786,IT=12;12 ,ii
24295,UP 2,25.726,104744,61170152.0,58.42406,3008355.8,419.3155142,IT=13;13 ,ii
24296,UP 2,21.362,105420,72054952.0,58.427918,3424212.8,419.3156172,IT=11;11 ,ii
24297,UP 2,27.589,111080,60413356.0,58.432099,3027812.0,419.3155524,IT=14;14 ,ii
24298,UP 2,28.668,103992,54357896.0,58.436222,2849089.2,419.3155781,IT=14;14 ,ii
24299,UP 2,27.752,105336,58698188.0,58.440318,2908492.0,419.3156784,IT=14;14 ,ii
24300,UP 2,24.506,103540,57667656.0,58.444376,2974144.8,419.3153242,IT=12;12 ,ii
24301,UP 2,28.308,106724,56372112.0,58.44836,2965803.2,419.3156019,IT=14;14 ,ii
24302,UP 2,27.634,106932,56455244.0,58.452464,2782481.2,419.3157366,IT=14;14 ,ii
24303,UP 2,27.338,107544,57446528.0,58.45657,2721116.8,419.315703,IT=14;14 ,ii
24304,UP 2,28.332,101952,55510296.0,58.460693,2752057.5,419.3156739,IT=14;14 ,ii
24305,UP 2,24.705,97468,56403224.0,58.464593,2899191.5,419.3156944,IT=12;12 ,ii
24306,UP 2,28.040,105960,54858020.0,58.468735,2665432.8,419.3157699,IT=14;14 ,ii
24307,UP 2,26.434,106416,54495084.0,58.472818,2767313.0,419.3157122,IT=13;13 ,ii
24308,UP 2,24.109,98948,56855148.0,58.476878,2976798.0,419.3156043,IT=12;12 ,ii
24309,UP 2,30.763,108596,52009608.0,58.480912,2639446.0,419.3157069,IT=15;15 ,ii
24310,UP 2,21.684,100940,66032532.0,58.484884,3131323.8,419.3156068,IT=11;11 ,ii
24311,UP 2,26.115,109572,60265132.0,58.489036,2912310.5,419.3155694,IT=13;13 ,ii
24312,UP 2,30.831,107808,50212152.0,58.493209,2444159.8,419.3157334,IT=15;15 ,ii
24313,UP 2,28.510,106248,53707860.0,58.497126,2674778.2,419.3157193,IT=14;14 ,ii
24314,UP 2,28.579,104656,53801020.0,58.501249,2713634.2,419.3157181,IT=14;14 ,ii
24315,UP 2,27.417,106552,54580264.0,58.505345,2683664.0,419.3156132,IT=14;14 ,ii
24316,UP 2,26.971,101324,53804840.0,58.509449,2806454.2,419.3155969,IT=13;13 ,ii
24317,UP 2,26.238,103552,58650564.0,58.513376,2966168.0,419.3156216,IT=13;13 ,ii
24318,UP 2,23.176,102784,61340948.0,58.517428,3017528.0,419.3156599,IT=12;12 ,ii
24319,UP 2,23.668,103476,61825836.0,58.521513,3153778.5,419.3157039,IT=12;12 ,ii
24320,UP 2,23.515,104340,62429432.0,58.525597,3155893.0,419.3156432,IT=12;12 ,ii
24321,UP 2,30.175,104532,47799236.0,58.529784,2375858.0,419.3157663,IT=15;15 ,ii
24322,UP 2,27.656,109528,55239792.0,58.533857,2652807.0,419.3156952,IT=14;14 ,ii
24323,UP 2,27.312,100960,52069648.0,58.537974,2735229.0,419.31563,IT=14;14 ,ii
24324,UP 2,29.339,105428,51100128.0,58.542105,2524983.0,419.3157472,IT=15;15 ,ii
24325,UP 2,25.681,99084,51016228.0,58.546165,2642756.2,419.3155991,IT=13;13 ,ii
24326,UP 2,29.761,104140,49643756.0,58.550165,2496909.2,419.3157661,IT=15;15 ,ii
24327,UP 2,29.183,105452,50736240.0,58.55428,2566125.2,419.3156638,IT=15;15 ,ii
24328,UP 2,25.641,104904,57700436.0,58.558338,2923626.8,419.3156839,IT=13;13 ,ii
24329,UP 2,24.467,105960,60856480.0,58.562419,3067930.0,419.3156755,IT=12;12 ,ii
24330,UP 2,29.412,101536,49098520.0,58.566421,2440164.2,419.3156344,IT=15;15 ,ii
24331,UP 2,30.637,101472,46064364.0,58.570563,2455844.5,419.3157027,IT=15;15 ,ii
24332,UP 2,25.986,101592,52465644.0,58.574613,2727618.2,419.3156558,IT=13;13 ,ii
24333,UP 2,29.577,102548,47126004.0,58.578771,2366478.0,419.315533,IT=15;15 ,ii
24334,UP 2,24.682,104148,58621872.0,58.582644,2908512.2,419.3156473,IT=12;12 ,ii
24335,UP 2,26.808,104032,54135344.0,58.586773,2748557.5,419.315751,IT=13;13 ,ii
24336,UP 2,28.972,105244,49290816.0,58.590911,2599959.0,419.3156291,IT=14;14 ,ii
24337,UP 2,29.839,99788,46841476.0,58.595036,2431999.2,419.3156906,IT=15;15 ,ii
24338,UP 2,23.083,98644,59182656.0,58.59905,3016881.2,419.3156459,IT=12;12 ,ii
24339,UP 2,23.692,96928,52511152.0,58.602979,2804083.5,419.3156255,IT=12;12 ,ii
24340,UP 2,29.243,100524,46695448.0,58.607156,2438738.0,419.315513,IT=15;15 ,ii
24341,UP 2,29.841,104876,47747548.0,58.611284,2315731.5,419.3156564,IT=15;15 ,ii
24342,UP 2,28.119,106792,50053432.0,58.615381,2538478.8,419.3155593,IT=14;14 ,ii
24343,UP 2,28.975,99560,48021572.0,58.619506,2461925.5,419.3156129,IT=14;14 ,ii
24344,UP 2,27.496,103528,50912828.0,58.6236,2675775.0,419.3155777,IT=14;14 ,ii
24345,UP 2,25.206,95408,53305012.0,58.627667,2780641.8,419.3156239,IT=13;13 ,ii
24346,UP 2,28.020,107916,49709016.0,58.631811,2575747.2,419.3156257,IT=14;14 ,ii
24347,UP 2,25.161,105344,56752864.0,58.635706,2889471.5,419.315667,IT=13;13 ,ii
24348,UP 2,26.198,97692,49261872.0,58.639821,2588944.8,419.315534,IT=13;13 ,ii
24349,UP 2,29.819,98988,45642788.0,58.643979,2439040.8,419.3155781,IT=15;15 ,ii
24350,UP 2,24.500,97060,50212636.0,58.648017,2641716.8,419.3156009,IT=12;12 ,ii
24351,UP 2,30.620,105320,44636792.0,58.652042,2212096.2,419.3155819,IT=15;15 ,ii
24352,UP 2,29.088,101072,47168604.0,58.656152,2440215.5,419.3156548,IT=15;15 ,ii
24353,UP 2,32.766,102760,40879456.0,58.660329,2059136.0,419.3156802,IT=16;16 ,ii
24354,UP 2,26.960,101852,51369036.0,58.664371,2503655.2,419.3157195,IT=13;13 ,ii
24355,UP 2,30.226,102200,45506812.0,58.668529,2286649.2,419.3157174,IT=15;15 ,ii
24356,UP 2,31.025,98816,41803540.0,58.6725,2167775.5,419.3157573,IT=16;16 ,ii
24357,UP 2,24.991,98780,53592056.0,58.676525,2786332.5,419.3156425,IT=12;12 ,ii
24358,UP 2,29.549,100928,46028400.0,58.680702,2303645.8,419.3157096,IT=15;15 ,ii
24359,UP 2,30.062,103096,45248336.0,58.684827,2339881.0,419.3156063,IT=15;15 ,ii
24360,UP 2,27.844,99116,47523712.0,58.688743,2369477.0,419.3156373,IT=14;14 ,ii
24361,UP 2,25.265,100624,53662840.0,58.692812,2766172.8,419.315672,IT=13;13 ,ii
24362,UP 2,25.106,100288,53708216.0,58.696906,2679237.0,419.3156501,IT=13;13 ,ii
24363,UP 2,24.294,101176,56212400.0,58.700981,2895577.8,419.315647,IT=12;12 ,ii
24364,UP 2,24.502,102860,55560172.0,58.704904,2681301.5,419.3157141,IT=12;12 ,ii
24365,UP 2,25.939,101040,51935588.0,58.709018,2546609.5,419.3157098,IT=13;13 ,ii
24366,UP 2,24.150,99004,53986236.0,58.713087,2707398.0,419.3155777,IT=12;12 ,ii
24367,UP 2,30.282,98276,43574652.0,58.717277,2280044.2,419.3157018,IT=15;15 ,ii
24368,UP 2,25.756,95132,46823692.0,58.721149,2439788.8,419.3156271,IT=13;13 ,ii
24369,UP 2,32.495,96400,36392384.0,58.725358,1843328.2,419.3158273,IT=16;16 ,ii
24370,UP 2,28.931,98492,45544272.0,58.729431,2316445.8,419.3156755,IT=14;14 ,ii
24371,UP 2,27.142,99784,48323076.0,58.733518,2501141.5,419.3157862,IT=14;14 ,ii
24372,UP 2,32.637,97552,34971424.0,58.73756,1746711.6,419.3158716,IT=16;16 ,ii
24373,UP 2,23.402,104232,57027232.0,58.741543,3008141.8,419.3157052,IT=12;12 ,ii
24374,UP 2,27.633,96848,44028524.0,58.745697,2191347.8,419.3157875,IT=14;14 ,ii
24375,UP 2,27.541,100064,47633796.0,58.749799,2461676.0,419.3156874,IT=14;14 ,ii
24376,UP 2,27.014,100296,47876552.0,58.753895,2484499.0,419.3157015,IT=14;14 ,ii
24377,UP 2,31.342,97888,40124876.0,58.757978,2020858.0,419.315756,IT=16;16 ,ii
24378,UP 2,29.368,96624,42072692.0,58.762076,2123266.8,419.3156759,IT=15;15 ,ii
24379,UP 2,30.193,98364,39906172.0,58.766207,2001167.0,419.315847,IT=15;15 ,ii
24380,UP 2,30.094,98220,41403732.0,58.770337,2109190.0,419.3157779,IT=15;15 ,ii
24381,UP 2,29.495,100020,43341916.0,58.774278,2313075.5,419.3157192,IT=15;15 ,ii
24382,UP 2,30.059,99076,42426520.0,58.778407,2089642.6,419.3157949,IT=15;15 ,ii
24384,UP 2,26.254,100892,49508284.0,58.782799,2431985.5,419.3156762,IT=13;13 ,ii
24385,UP 2,32.439,96016,37137420.0,58.787003,2029743.5,419.3158494,IT=16;16 ,ii
24386,UP 2,30.968,97904,41071096.0,58.791118,2160915.8,419.3157737,IT=15;15 ,ii
24387,UP 2,29.802,97068,42211432.0,58.795055,2218470.0,419.315711,IT=15;15 ,ii
24388,UP 2,28.436,98100,45062676.0,58.799157,2363873.0,419.3157079,IT=14;14 ,ii
24389,UP 2,25.720,93196,46136000.0,58.803228,2513551.5,419.3157108,IT=13;13 ,ii
24390,UP 2,30.312,97616,41359840.0,58.807405,2078471.4,419.315683,IT=15;15 ,ii
24391,UP 2,28.666,100360,45559776.0,58.81133,2342856.0,419.315706,IT=14;14 ,ii
24392,UP 2,32.913,93776,36615532.0,58.815511,1953971.4,419.3157464,IT=16;16 ,ii
24393,UP 2,31.047,97032,40457544.0,58.819618,2118823.0,419.3156479,IT=16;16 ,ii
24394,UP 2,34.375,100700,34896368.0,58.823801,1803023.1,419.3157073,IT=17;17 ,ii
24395,UP 2,29.388,100192,43778920.0,58.827693,2298015.8,419.3156869,IT=15;15 ,ii
24396,UP 2,29.104,98056,44127680.0,58.831809,2321218.8,419.3157463,IT=15;15 ,ii
24397,UP 2,31.568,100184,39444624.0,58.835965,2088839.4,419.3158292,IT=16;16 ,ii
24398,UP 2,30.927,99800,40608528.0,58.840205,2159747.8,419.315676,IT=15;15 ,ii
24399,UP 2,25.517,95724,48410676.0,58.84407,2640575.8,419.3157132,IT=13;13 ,ii
24400,UP 2,24.752,97828,50615376.0,58.848155,2651827.2,419.3156427,IT=12;12 ,ii
24401,UP 2,26.379,100404,46681040.0,58.852274,2448931.0,419.3158065,IT=13;13 ,ii
24402,UP 2,26.232,99120,48001664.0,58.856367,2480346.5,419.3155484,IT=13;13 ,ii
24403,UP 2,29.937,100984,43007304.0,58.86053,2338363.8,419.3155805,IT=15;15 ,ii
24404,UP 2,31.518,98788,38010872.0,58.864509,1962513.8,419.3157216,IT=16;16 ,ii
24405,UP 2,25.337,98744,50054900.0,58.868538,2614271.8,419.3157312,IT=13;13 ,ii
24407,UP 2,26.257,101456,47767024.0,58.872763,2505663.0,419.315658,IT=13;13 ,ii
24408,UP 2,31.488,96932,38048144.0,58.876953,2111812.8,419.3156783,IT=16;16 ,ii
24409,UP 2,31.560,103236,40365740.0,58.880913,2106926.5,419.3156502,IT=16;16 ,ii
24410,UP 2,31.735,97764,38927356.0,58.885048,2185225.0,419.3156652,IT=16;16 ,ii
24411,UP 2,29.949,101076,41970472.0,58.889148,2256737.0,419.3155082,IT=15;15 ,ii
24412,UP 2,27.885,97416,43298340.0,58.893242,2230362.5,419.3156299,IT=14;14 ,ii
24413,UP 2,30.793,95476,39987472.0,58.897238,2183577.8,419.3156416,IT=15;15 ,ii
24414,UP 2,28.030,98732,44820800.0,58.901317,2351725.0,419.3155952,IT=14;14 ,ii
24415,UP 2,33.081,98820,34504540.0,58.905511,1834291.9,419.3156652,IT=17;17 ,ii
24416,UP 2,30.425,97240,39144220.0,58.909607,2061077.6,419.3156348,IT=15;15 ,ii
24417,UP 2,32.913,99820,37748336.0,58.913604,1983739.2,419.3155962,IT=16;16 ,ii
24418,UP 2,27.675,98268,45395612.0,58.917659,2355926.2,419.3156042,IT=14;14 ,ii
24419,UP 2,28.789,98920,44260480.0,58.921786,2309117.5,419.3155816,IT=14;14 ,ii
24420,UP 2,30.763,97504,40259308.0,58.925933,2126224.5,419.3156412,IT=15;15 ,ii
24421,UP 2,26.710,100672,48567068.0,58.929996,2536393.2,419.315536,IT=13;13 ,ii
24422,UP 2,24.728,92236,48917096.0,58.933902,2631643.8,419.3155305,IT=12;12 ,ii
24423,UP 2,26.060,97700,50710864.0,58.938019,2436313.8,419.3155716,IT=13;13 ,ii
24424,UP 2,26.266,92912,49547120.0,58.942119,2481087.0,419.3154403,IT=13;13 ,ii
24425,UP 2,23.120,89188,54126740.0,58.946167,2953680.8,376.2592732,IT=12;12 ,ii
24426,UP 2,18.241,95076,68901176.0,58.950167,4314739.5,376.2592224,IT=9.1;9.1 ,ii
24427,UP 2,20.170,84876,61924924.0,58.954252,5052995.0,376.2592009,IT=10;10 ,ii
24428,UP 2,19.754,88692,63597772.0,58.95831,5904587.5,376.2591119,IT=9.9;9.9 ,ii
24429,UP 2,16.823,74396,69121472.0,58.962323,7767748.5,376.2591088,IT=8.4;8.4 ,ii
24430,UP 2,15.434,73728,74131696.0,58.966181,9375739.0,376.2590535,IT=7.7;7.7 ,ii
24431,UP 2,14.566,78356,84010360.0,58.970208,11098492.0,376.2589936,IT=7.3;7.3 ,ii
24432,UP 2,13.005,68984,94568496.0,58.974216,14337973.0,376.2590114,IT=6.5;6.5 ,ii
24433,UP 2,10.704,63192,97093456.0,58.978167,16669968.0,376.2588857,IT=5.4;5.4 ,ii
24434,UP 2,11.381,64316,99192960.0,58.981952,17610294.0,376.2589064,IT=5.7;5.7 ,ii
24435,UP 2,9.013,60452,117406540.0,58.985871,22339184.0,376.2589151,IT=4.5;4.5 ,ii
24436,UP 2,8.813,54724,104451060.0,58.989773,21972746.0,376.2590166,IT=4.4;4.4 ,ii
24437,UP 2,9.693,58468,113510240.0,58.993679,22769412.0,376.2589411,IT=4.8;4.8 ,ii
24440,UP 2,8.817,55408,117114300.0,59.001281,25893444.0,376.2588757,IT=4.4;4.4 ,ii
24442,UP 2,8.119,55804,136243460.0,59.007087,30299034.0,376.2588511,IT=4.1;4.1 ,ii
24443,UP 2,6.901,54368,147008350.0,59.010991,32583580.0,376.2588558,IT=3.5;3.5 ,ii
24445,UP 2,8.863,56252,121951590.0,59.016764,27034792.0,376.2589427,IT=4.4;4.4 ,ii
24446,UP 2,8.297,52668,120238810.0,59.020698,26925516.0,376.2589768,IT=4.1;4.1 ,ii
24447,UP 2,8.662,58024,114740260.0,59.024422,24873310.0,376.2588914,IT=4.3;4.3 ,ii
24448,UP 2,7.866,57640,147519790.0,59.028302,30966152.0,376.2588526,IT=3.9;3.9 ,ii
24450,UP 2,8.171,55592,118230420.0,59.034072,24239238.0,376.2589094,IT=4.1;4.1 ,ii
24452,UP 2,9.389,61564,118035740.0,59.039897,21481278.0,376.2589352,IT=4.7;4.7 ,ii
24453,UP 2,9.256,63316,108520660.0,59.043849,18576110.0,376.258858,IT=4.6;4.6 ,ii
24454,UP 2,11.951,66696,89480456.0,59.047808,14649255.0,376.2589325,IT=6;6 ,ii
24455,UP 2,13.842,77604,99135312.0,59.051639,13945509.0,376.2589569,IT=6.9;6.9 ,ii
24456,UP 2,14.302,73148,78684432.0,59.055658,11120255.0,376.258982,IT=7.2;7.2 ,ii
24457,UP 2,15.010,78060,87670568.0,59.059695,10137815.0,376.2590711,IT=7.5;7.5 ,ii
24458,UP 2,18.559,82812,67773808.0,59.063797,7346112.0,376.2590476,IT=9.3;9.3 ,ii
24459,UP 2,18.418,79796,65289588.0,59.067683,6246405.0,376.2590652,IT=9.2;9.2 ,ii
24460,UP 2,19.725,82996,61787740.0,59.071764,5044200.5,376.259181,IT=9.9;9.9 ,ii
24461,UP 2,20.534,87512,64513432.0,59.075847,4340572.0,376.2592208,IT=10;10 ,ii
24462,UP 2,20.845,89748,59471508.0,59.079924,3405315.0,376.2592731,IT=10;10 ,ii
24463,UP 2,25.517,95836,55094652.0,59.083905,2696476.0,419.3154326,IT=13;13 ,ii
24464,UP 2,24.490,92212,52716820.0,59.087989,2574970.5,419.3154935,IT=12;12 ,ii
24465,UP 2,25.456,93972,51607820.0,59.092097,2603068.5,419.3154836,IT=13;13 ,ii
24466,UP 2,24.296,93240,52923824.0,59.096176,2752612.5,419.3154161,IT=12;12 ,ii
24467,UP 2,24.379,91624,50140268.0,59.100107,2763129.5,419.3155052,IT=12;12 ,ii
24468,UP 2,23.274,93280,51276724.0,59.104178,2829511.8,419.3154253,IT=12;12 ,ii
24469,UP 2,24.048,96312,52081888.0,59.10827,2916621.5,419.3153956,IT=12;12 ,ii
24470,UP 2,25.812,95864,49813788.0,59.112403,2789136.2,419.3154888,IT=13;13 ,ii
24471,UP 2,24.313,91752,51296144.0,59.116474,2797862.8,419.3154553,IT=12;12 ,ii
24472,UP 2,26.055,98668,49199836.0,59.120422,2664233.0,419.3154237,IT=13;13 ,ii
24473,UP 2,28.440,98460,45377004.0,59.124561,2649844.2,419.3154433,IT=14;14 ,ii
24474,UP 2,22.725,96256,53355584.0,59.128576,2985774.0,419.3153785,IT=11;11 ,ii
24475,UP 2,23.908,93088,50234504.0,59.132678,2839356.8,419.3154768,IT=12;12 ,ii
24476,UP 2,27.722,96728,46082836.0,59.136657,2560037.8,419.315401,IT=14;14 ,ii
24477,UP 2,29.111,99180,43909820.0,59.140788,2461549.8,419.3155001,IT=15;15 ,ii
24478,UP 2,28.312,97732,45490368.0,59.144895,2477181.5,419.3155086,IT=14;14 ,ii
24479,UP 2,24.124,97492,52782520.0,59.148938,2918786.8,419.3155355,IT=12;12 ,ii
24480,UP 2,28.680,95636,44368592.0,59.152934,2347510.8,419.3155678,IT=14;14 ,ii
24481,UP 2,29.047,96544,42923956.0,59.157059,2302474.8,419.3156705,IT=15;15 ,ii
24482,UP 2,29.193,93980,43259788.0,59.161178,2481104.2,419.3155276,IT=15;15 ,ii
24483,UP 2,27.196,98868,46543656.0,59.165263,2544399.0,419.3155387,IT=14;14 ,ii
24484,UP 2,28.705,96308,42431776.0,59.16923,2357053.2,419.315668,IT=14;14 ,ii
24485,UP 2,23.013,97908,54437676.0,59.173257,2970861.2,419.315559,IT=12;12 ,ii
24486,UP 2,22.121,90608,52863984.0,59.177326,3105528.5,419.3155163,IT=11;11 ,ii
24487,UP 2,28.647,98148,44236528.0,59.181507,2557235.5,419.31549,IT=14;14 ,ii
24488,UP 2,23.635,91164,48344224.0,59.185363,2809338.2,419.3152499,IT=12;12 ,ii
24489,UP 2,32.070,98620,40028248.0,59.189586,2238116.8,419.3155544,IT=16;16 ,ii
24490,UP 2,26.619,92912,45995860.0,59.193632,2443187.0,419.3155568,IT=13;13 ,ii
24491,UP 2,28.497,96452,44665964.0,59.197763,2474626.5,419.3155391,IT=14;14 ,ii
24492,UP 2,27.594,95380,45310488.0,59.201863,2477697.5,419.3155834,IT=14;14 ,ii
24493,UP 2,27.560,100692,47161752.0,59.2058,2596190.8,419.3155536,IT=14;14 ,ii
24494,UP 2,24.544,90828,46861248.0,59.209859,2581046.8,419.31554619999997,IT=12;12 ,ii
24495,UP 2,28.681,101704,45194400.0,59.214017,2469125.0,419.3155737,IT=14;14 ,ii
24496,UP 2,25.976,97504,47793856.0,59.218084,2703465.8,419.3154723,IT=13;13 ,ii
24497,UP 2,27.346,97776,46794040.0,59.222042,2626862.0,419.3155921,IT=14;14 ,ii
24498,UP 2,29.277,101160,44539164.0,59.226177,2427484.5,419.3155776,IT=15;15 ,ii
24499,UP 2,27.234,97152,46248552.0,59.230263,2552155.2,419.3155822,IT=14;14 ,ii
24500,UP 2,28.990,95732,43624940.0,59.2344,2493188.5,419.3155805,IT=14;14 ,ii
24501,UP 2,26.364,96284,45420600.0,59.2383,2651487.8,419.3155127,IT=13;13 ,ii
24502,UP 2,27.824,95276,44807976.0,59.242425,2583467.8,419.3155152,IT=14;14 ,ii
24503,UP 2,26.612,94884,45063900.0,59.246517,2700850.8,419.3154382,IT=13;13 ,ii
24504,UP 2,29.305,98544,43618820.0,59.250667,2428987.5,419.3155457,IT=15;15 ,ii
24505,UP 2,27.210,99096,47091276.0,59.254579,2592800.2,419.3156237,IT=14;14 ,ii
24506,UP 2,27.115,94232,43902716.0,59.258683,2525426.8,419.3153408,IT=14;14 ,ii
24507,UP 2,21.673,93412,52897780.0,59.262698,3119273.2,419.3155041,IT=11;11 ,ii
24508,UP 2,22.537,99668,52578680.0,59.26679,2961242.8,419.3155082,IT=11;11 ,ii
24509,UP 2,24.345,95048,51010980.0,59.270727,2937250.2,419.3154755,IT=12;12 ,ii
24510,UP 2,25.597,95628,46443896.0,59.274839,2558051.2,419.315431,IT=13;13 ,ii
24511,UP 2,26.375,97896,46952296.0,59.278946,2670846.5,419.3155135,IT=13;13 ,ii
24512,UP 2,28.146,99492,44753088.0,59.283083,2546249.8,419.3155059,IT=14;14 ,ii
24513,UP 2,23.954,90332,47271688.0,59.287117,2819701.5,419.3155065,IT=12;12 ,ii
24514,UP 2,26.490,95564,43815360.0,59.291081,2602673.0,419.3154116,IT=13;13 ,ii
24515,UP 2,31.943,98136,37632728.0,59.295271,2139140.8,419.3156352,IT=16;16 ,ii
24516,UP 2,23.560,95896,49739196.0,59.299268,2868142.0,419.3153932,IT=12;12 ,ii
24517,UP 2,29.450,99792,43884060.0,59.303452,2544513.8,419.3155093,IT=15;15 ,ii
24518,UP 2,25.545,92972,47782756.0,59.307331,2723732.5,419.3155487,IT=13;13 ,ii
24519,UP 2,28.698,100072,44845004.0,59.311479,2683452.2,419.3154995,IT=14;14 ,ii
24520,UP 2,29.454,100800,42796012.0,59.315602,2485025.8,419.3155529,IT=15;15 ,ii
24521,UP 2,26.766,97440,44624564.0,59.319679,2534246.2,419.3154098,IT=13;13 ,ii
24522,UP 2,28.076,99572,43783648.0,59.323639,2605479.8,419.3155218,IT=14;14 ,ii
24523,UP 2,25.834,94560,47180560.0,59.327714,2770719.0,419.3154428,IT=13;13 ,ii
24524,UP 2,30.145,102160,42751200.0,59.331883,2517821.0,419.3154337,IT=15;15 ,ii
24525,UP 2,27.079,93120,45191264.0,59.335958,2683511.8,419.3154883,IT=14;14 ,ii
24526,UP 2,25.301,96068,47376320.0,59.339931,2801618.8,419.3154449,IT=13;13 ,ii
24527,UP 2,26.298,96296,47356340.0,59.344047,2766662.2,419.3153493,IT=13;13 ,ii
24528,UP 2,25.594,97388,47113432.0,59.348133,2737134.5,419.3154269,IT=13;13 ,ii
24529,UP 2,26.560,101524,48286280.0,59.352243,2765573.0,419.3153991,IT=13;13 ,ii
24530,UP 2,26.514,93952,43518592.0,59.356187,2554609.5,419.3153441,IT=13;13 ,ii
24531,UP 2,26.834,99208,47995024.0,59.360293,2765954.2,419.3154787,IT=13;13 ,ii
24532,UP 2,23.998,90392,46171036.0,59.364354,2796223.5,419.3152855,IT=12;12 ,ii
24533,UP 2,26.061,97044,47695436.0,59.368472,2717138.0,419.3153935,IT=13;13 ,ii
24534,UP 2,24.650,98796,48785748.0,59.372551,2791485.0,419.315392,IT=12;12 ,ii
24535,UP 2,27.322,95056,45187820.0,59.376518,2741765.5,419.3153998,IT=14;14 ,ii
24536,UP 2,25.933,95896,47925016.0,59.380601,2887153.5,419.3154225,IT=13;13 ,ii
24537,UP 2,28.850,98656,44037688.0,59.384751,2609845.8,419.3153989,IT=14;14 ,ii
24538,UP 2,24.350,92144,47627420.0,59.388791,2838116.5,419.3153795,IT=12;12 ,ii
24539,UP 2,24.898,97028,49643588.0,59.392724,2912469.0,419.3153365,IT=12;12 ,ii
24540,UP 2,26.800,98164,45826396.0,59.396849,2702054.0,419.3153095,IT=13;13 ,ii
24541,UP 2,22.353,94140,54052668.0,59.400874,3298561.8,419.3154094,IT=11;11 ,ii
24542,UP 2,22.556,93776,51589388.0,59.404959,3033268.5,419.3153913,IT=11;11 ,ii
24543,UP 2,27.662,97832,45936576.0,59.408955,2685783.2,419.3153557,IT=14;14 ,ii
24544,UP 2,26.878,96172,45245448.0,59.413061,2688279.2,419.315259,IT=13;13 ,ii
24545,UP 2,26.645,94320,44976468.0,59.417155,2589898.5,419.3153619,IT=13;13 ,ii
24546,UP 2,24.438,94008,46281584.0,59.42122,2667477.5,419.3152744,IT=12;12 ,ii
24547,UP 2,26.573,94772,45361720.0,59.425203,2762263.8,419.3152441,IT=13;13 ,ii
24548,UP 2,22.448,87264,46640672.0,59.429241,2756583.5,419.3152727,IT=11;11 ,ii
24549,UP 2,23.366,95280,52447800.0,59.433336,3110122.2,419.3153195,IT=12;12 ,ii
24550,UP 2,23.133,93180,48272312.0,59.437413,2781437.5,419.3152044,IT=12;12 ,ii
24551,UP 2,26.052,98412,46932100.0,59.441376,2730886.8,419.3152655,IT=13;13 ,ii
24552,UP 2,26.283,97292,48457572.0,59.445493,2864719.2,419.3153279,IT=13;13 ,ii
24553,UP 2,21.052,91100,51259656.0,59.449509,3031410.5,419.3152252,IT=11;11 ,ii
24554,UP 2,26.949,96704,46971924.0,59.45368,2715026.0,419.3154048,IT=13;13 ,ii
24555,UP 2,23.551,95176,51156244.0,59.457724,2960561.2,419.3153654,IT=12;12 ,ii
24556,UP 2,22.873,100144,53277560.0,59.46163,3129372.2,419.3154543,IT=11;11 ,ii
24557,UP 2,24.934,92368,47923860.0,59.465744,2814286.5,419.3154456,IT=12;12 ,ii
24558,UP 2,21.082,93828,53725216.0,59.469769,3122619.0,419.3153588,IT=11;11 ,ii
24559,UP 2,27.057,97432,47183260.0,59.473942,2774514.0,419.3154194,IT=14;14 ,ii
24560,UP 2,20.833,90904,51171636.0,59.477776,3025553.5,419.3153843,IT=10;10 ,ii
24561,UP 2,26.379,97680,49722828.0,59.48194,2838239.8,419.3154527,IT=13;13 ,ii
24562,UP 2,20.165,88512,53055024.0,59.485934,3131244.2,419.315396,IT=10;10 ,ii
24563,UP 2,30.685,103196,44095116.0,59.490178,2544626.5,419.31554619999997,IT=15;15 ,ii
24565,UP 2,20.185,86824,49977360.0,59.494311,2987585.8,419.3153698,IT=10;10 ,ii
24566,UP 2,27.806,99324,46041772.0,59.498507,2769383.2,419.315425,IT=14;14 ,ii
24567,UP 2,23.257,95468,53714032.0,59.502536,3315477.0,419.3155015,IT=12;12 ,ii
24568,UP 2,24.591,93744,48475724.0,59.506646,2982308.8,419.3153967,IT=12;12 ,ii
24569,UP 2,19.957,92136,57444280.0,59.51049,3319633.5,419.3153687,IT=10;10 ,ii
24570,UP 2,24.448,97332,52166024.0,59.514636,3150151.5,419.3152651,IT=12;12 ,ii
24571,UP 2,21.851,94104,54470848.0,59.51868,3319790.5,419.3154044,IT=11;11 ,ii
24572,UP 2,24.628,91344,45687316.0,59.522807,2748429.8,419.3153542,IT=12;12 ,ii
24573,UP 2,26.349,95508,46305616.0,59.526755,2779038.5,419.3152729,IT=13;13 ,ii
24574,UP 2,26.339,98036,46567368.0,59.530859,2707929.0,419.3153244,IT=13;13 ,ii
24575,UP 2,21.556,88940,51174876.0,59.534877,3134540.5,419.3153515,IT=11;11 ,ii
24576,UP 2,27.534,100924,46243856.0,59.53905,2714380.2,419.3152937,IT=14;14 ,ii
24577,UP 2,24.200,94948,50599888.0,59.5431,3055693.2,419.3152918,IT=12;12 ,ii
24578,UP 2,24.866,91552,46218640.0,59.547034,2695677.5,419.3153033,IT=12;12 ,ii
24579,UP 2,25.560,94376,47994704.0,59.551138,3008253.5,419.3152744,IT=13;13 ,ii
24580,UP 2,26.862,97464,46113312.0,59.555254,2748476.2,419.3153472,IT=13;13 ,ii
24581,UP 2,24.616,92204,47408800.0,59.559319,2930691.5,419.3153158,IT=12;12 ,ii
24582,UP 2,23.661,92372,47307304.0,59.563229,2900321.8,419.3153747,IT=12;12 ,ii
24583,UP 2,21.469,94688,55815992.0,59.567277,3321411.5,419.3154023,IT=11;11 ,ii
24584,UP 2,23.672,96608,51493368.0,59.571392,3083582.8,419.3153925,IT=12;12 ,ii
24585,UP 2,24.220,95448,51994012.0,59.575481,3023753.2,419.3153462,IT=12;12 ,ii
24586,UP 2,25.433,97392,48963920.0,59.579423,2884539.2,419.3153741,IT=13;13 ,ii
24587,UP 2,22.260,90684,49806444.0,59.583469,2918507.0,419.315279,IT=11;11 ,ii
24588,UP 2,27.797,94980,45520228.0,59.587635,2593160.8,419.3153422,IT=14;14 ,ii
24589,UP 2,23.667,91228,49176208.0,59.591673,2856235.0,419.3153089,IT=12;12 ,ii
24590,UP 2,24.409,93900,46904516.0,59.595606,2718528.8,419.3152891,IT=12;12 ,ii
24591,UP 2,23.155,90464,47073856.0,59.599677,2682906.2,419.3152639,IT=12;12 ,ii
24592,UP 2,24.514,90304,45684172.0,59.603779,2529721.5,419.3153137,IT=12;12 ,ii
24593,UP 2,23.472,93640,48226300.0,59.607848,2704286.0,419.3153171,IT=12;12 ,ii
24594,UP 2,25.527,92580,44566908.0,59.611794,2459838.5,419.315374,IT=13;13 ,ii
24595,UP 2,23.836,87716,46405896.0,59.615866,2520245.2,419.315275,IT=12;12 ,ii
24596,UP 2,23.970,94100,47340904.0,59.61996,2518745.5,419.3152377,IT=12;12 ,ii
24597,UP 2,25.065,90188,49120080.0,59.624064,2691604.5,419.3152629,IT=13;13 ,ii
24598,UP 2,23.805,94208,49151500.0,59.627973,2575381.8,419.315306,IT=12;12 ,ii
24599,UP 2,22.042,92624,51707672.0,59.632031,2786672.5,419.315257,IT=11;11 ,ii
24600,UP 2,25.608,93192,45010040.0,59.636175,2356693.2,419.3151688,IT=13;13 ,ii
24601,UP 2,26.869,95000,46517588.0,59.640293,2487108.0,419.3153084,IT=13;13 ,ii
24602,UP 2,21.450,88836,50080156.0,59.644147,2540830.2,419.3152514,IT=11;11 ,ii
24603,UP 2,25.911,94784,47459576.0,59.648297,2334506.2,419.3153772,IT=13;13 ,ii
24605,UP 2,20.462,93284,52301588.0,59.652425,2646728.2,419.3153121,IT=10;10 ,ii
24606,UP 2,28.054,93988,41520444.0,59.656622,2060373.5,419.315302,IT=14;14 ,ii
24607,UP 2,25.409,90124,42244676.0,59.660687,2069619.0,419.3152637,IT=13;13 ,ii
24608,UP 2,26.088,86572,41007524.0,59.664629,2010771.9,419.3152164,IT=13;13 ,ii
24609,UP 2,29.025,95228,41041940.0,59.668787,1967440.8,419.3153459,IT=15;15 ,ii
24610,UP 2,25.850,88644,40088124.0,59.672849,1904092.1,419.315329,IT=13;13 ,ii
24612,UP 2,26.552,91660,40569832.0,59.678791,1871198.1,419.3152295,IT=13;13 ,ii
24613,UP 2,27.632,90368,40010996.0,59.682912,1836837.6,419.3152408,IT=14;14 ,ii
24614,UP 2,27.885,91548,39619088.0,59.686874,1832534.4,419.3152312,IT=14;14 ,ii
24615,UP 2,23.358,82296,36907256.0,59.69092,1777210.4,419.3152413,IT=12;12 ,ii
24616,UP 2,32.050,91812,37270376.0,59.695155,1659229.1,419.3153001,IT=16;16 ,ii
24617,UP 2,28.098,90780,37988028.0,59.699226,1780659.6,419.3153091,IT=14;14 ,ii
24618,UP 2,29.218,87988,36805216.0,59.703357,1679539.6,419.3153139,IT=15;15 ,ii
24619,UP 2,30.814,91752,36876036.0,59.707337,1699163.6,419.3153696,IT=15;15 ,ii
24620,UP 2,29.317,87376,35229716.0,59.711439,1615732.6,419.3152917,IT=15;15 ,ii
24621,UP 2,30.349,91848,36888476.0,59.715576,1572423.6,419.3153406,IT=15;15 ,ii
24622,UP 2,28.846,95488,37969572.0,59.71968,1671297.1,419.3152943,IT=14;14 ,ii
24623,UP 2,32.832,91104,34279432.0,59.723701,1637537.9,419.3152067,IT=16;16 ,ii
24624,UP 2,31.478,95076,35348376.0,59.727818,1638492.4,419.3151854,IT=16;16 ,ii
24625,UP 2,32.873,93000,34628200.0,59.731974,1616498.1,419.3151772,IT=16;16 ,ii
24626,UP 2,31.625,91244,34967636.0,59.736089,1611309.1,419.3150876,IT=16;16 ,ii
24627,UP 2,31.811,92116,35140356.0,59.740053,1642822.9,419.3151762,IT=16;16 ,ii
24628,UP 2,30.692,87628,34386712.0,59.744168,1545804.2,419.3152724,IT=15;15 ,ii
24629,UP 2,31.470,91640,35205872.0,59.748336,1532844.4,419.3152227,IT=16;16 ,ii
24630,UP 2,31.083,89208,35699852.0,59.752465,1521660.0,419.3151469,IT=16;16 ,ii
24631,UP 2,30.875,91600,35018248.0,59.756586,1554366.4,419.315104,IT=15;15 ,ii
24632,UP 2,33.340,92120,34732316.0,59.760715,1496962.0,419.3151627,IT=17;17 ,ii
24633,UP 2,31.488,90764,35126972.0,59.764824,1553907.9,419.3151376,IT=16;16 ,ii
24634,UP 2,32.301,86952,33999520.0,59.768972,1554869.2,419.3150959,IT=16;16 ,ii
24635,UP 2,34.098,91896,34043884.0,59.773134,1533580.4,419.3152838,IT=17;17 ,ii
24636,UP 2,31.671,87568,34000428.0,59.777067,1559328.8,419.3152074,IT=16;16 ,ii
24637,UP 2,32.902,90224,34926908.0,59.781219,1505928.0,419.3151542,IT=16;16 ,ii
24638,UP 2,32.531,89120,33944244.0,59.785355,1521043.2,419.3150897,IT=16;16 ,ii
24639,UP 2,30.896,88128,34473740.0,59.789469,1500777.4,419.3151342,IT=15;15 ,ii
24640,UP 2,32.478,90736,34728876.0,59.793453,1477951.1,419.3151818,IT=16;16 ,ii
24641,UP 2,30.066,87120,35711940.0,59.797548,1564894.1,419.3150644,IT=15;15 ,ii
24642,UP 2,32.067,90208,33992940.0,59.801709,1462753.0,419.3151217,IT=16;16 ,ii
24643,UP 2,31.058,91004,34872864.0,59.80583,1613685.0,419.3149706,IT=16;16 ,ii
24644,UP 2,32.894,89112,32955952.0,59.809988,1482691.4,419.3150594,IT=16;16 ,ii
24645,UP 2,32.650,90016,33983848.0,59.81395,1543784.2,419.3151144,IT=16;16 ,ii
24646,UP 2,31.484,88184,34544348.0,59.818067,1513898.4,419.315062,IT=16;16 ,ii
24647,UP 2,30.666,85604,34464676.0,59.82219,1529836.9,419.3150076,IT=15;15 ,ii
24648,UP 2,30.711,86280,34512400.0,59.826311,1500896.0,419.3150533,IT=15;15 ,ii
24649,UP 2,30.509,82488,33761412.0,59.830263,1483911.5,419.3150775,IT=15;15 ,ii
24650,UP 2,30.519,86636,35026388.0,59.834386,1508692.4,419.315077,IT=15;15 ,ii
24651,UP 2,29.152,86780,35044760.0,59.838484,1534714.0,419.3150772,IT=15;15 ,ii
24652,UP 2,31.867,86376,34299968.0,59.84265,1467732.8,419.315137,IT=16;16 ,ii
24653,UP 2,31.531,86100,33485496.0,59.846602,1463175.6,419.3151541,IT=16;16 ,ii
24654,UP 2,30.225,88836,35106820.0,59.850709,1497210.2,419.3151248,IT=15;15 ,ii
24655,UP 2,31.349,87960,34594656.0,59.854859,1438421.0,419.3150241,IT=16;16 ,ii
24656,UP 2,31.284,87196,33807080.0,59.85899,1419400.5,419.3151184,IT=16;16 ,ii
24657,UP 2,31.121,87688,34715956.0,59.862946,1494666.8,419.3151087,IT=16;16 ,ii
24658,UP 2,30.465,84684,34169592.0,59.867065,1512460.2,419.3151329,IT=15;15 ,ii
24659,UP 2,30.531,86608,34490092.0,59.871198,1448711.6,419.3149858,IT=15;15 ,ii
24660,UP 2,31.241,85748,33777488.0,59.875331,1480908.2,419.3150707,IT=16;16 ,ii
24661,UP 2,29.498,84264,34300128.0,59.879435,1441441.2,419.3150213,IT=15;15 ,ii
24662,UP 2,30.340,85976,34848292.0,59.883402,1438097.2,419.3149544,IT=15;15 ,ii
24663,UP 2,30.511,83132,33862504.0,59.887529,1531541.1,419.3150329,IT=15;15 ,ii
24664,UP 2,30.261,88440,34007808.0,59.891646,1403108.6,419.315044,IT=15;15 ,ii
24665,UP 2,31.187,86780,34177520.0,59.895781,1452893.8,419.3149467,IT=16;16 ,ii
24666,UP 2,29.361,84780,33537520.0,59.899708,1396818.6,419.3150007,IT=15;15 ,ii
24667,UP 2,31.537,88236,33530636.0,59.903864,1404763.2,419.3148987,IT=16;16 ,ii
24668,UP 2,29.805,81780,32493594.0,59.907969,1415200.8,419.3149824,IT=15;15 ,ii
24669,UP 2,31.409,88836,33564812.0,59.912114,1340491.8,419.3149679,IT=16;16 ,ii
24670,UP 2,29.332,83976,32837992.0,59.916035,1382414.2,419.3150082,IT=15;15 ,ii
24671,UP 2,31.808,84312,32315770.0,59.920202,1290066.8,419.315115,IT=16;16 ,ii
24672,UP 2,30.068,85776,33322692.0,59.924306,1364596.9,419.3150299,IT=15;15 ,ii
24673,UP 2,31.767,83768,32628266.0,59.92845,1360858.6,419.3150327,IT=16;16 ,ii
24674,UP 2,30.551,85272,33534536.0,59.932558,1405800.4,419.3149191,IT=15;15 ,ii
24675,UP 2,29.844,82676,32753722.0,59.936502,1366999.1,419.3149882,IT=15;15 ,ii
24676,UP 2,31.224,81912,32540366.0,59.94065,1381334.4,419.314978,IT=16;16 ,ii
24677,UP 2,29.902,82992,32504964.0,59.944754,1299165.2,419.3149906,IT=15;15 ,ii
24678,UP 2,29.032,83420,32543958.0,59.948864,1330880.8,419.3149831,IT=15;15 ,ii
24679,UP 2,30.744,81680,32395728.0,59.953006,1333512.4,419.3149987,IT=15;15 ,ii
24680,UP 2,31.178,87304,32601428.0,59.957139,1288470.9,419.3149987,IT=16;16 ,ii
24681,UP 2,30.559,85228,32855690.0,59.961256,1342854.2,419.3150268,IT=15;15 ,ii
24682,UP 2,29.746,84412,32194436.0,59.965364,1289423.5,419.3150397,IT=15;15 ,ii
24683,UP 2,30.765,82704,31426932.0,59.969331,1246895.4,419.3150049,IT=15;15 ,ii
24684,UP 2,31.004,82888,31710568.0,59.973464,1251331.6,419.3149747,IT=16;16 ,ii
24685,UP 2,30.478,81300,31129732.0,59.977581,1329596.8,419.3149925,IT=15;15 ,ii
24686,UP 2,31.868,82860,30940906.0,59.981724,1219298.8,419.3149612,IT=16;16 ,ii
24687,UP 2,30.970,82524,30942748.0,59.985683,1265163.9,419.3149327,IT=15;15 ,ii
24688,UP 2,30.639,79732,30656902.0,59.989803,1237966.4,419.3148533,IT=15;15 ,ii
24689,UP 2,31.522,83356,30992772.0,59.993941,1214869.6,419.3149607,IT=16;16 ,ii
24690,UP 2,31.853,81456,30273496.0,59.998076,1196037.8,419.3149148,IT=16;16 ,ii
24691,UP 2,31.450,82608,31317904.0,60.002201,1231227.5,419.3150216,IT=16;16 ,ii
24692,UP 2,32.639,82812,30378434.0,60.00618,1217052.0,419.3149449,IT=16;16 ,ii
24693,UP 2,31.877,78964,29848980.0,60.010303,1174437.6,419.3149839,IT=16;16 ,ii
24694,UP 2,31.694,78712,29797364.0,60.014428,1143209.8,419.3150408,IT=16;16 ,ii
24695,UP 2,32.420,80340,29229648.0,60.018572,1112787.8,419.3149485,IT=16;16 ,ii
24696,UP 2,32.998,80452,29209984.0,60.022543,1168185.4,419.3149395,IT=16;16 ,ii
24697,UP 2,32.456,81512,29769108.0,60.026678,1142635.8,419.3150667,IT=16;16 ,ii
24698,UP 2,32.302,80160,29654792.0,60.030809,1048835.4,419.3148884,IT=16;16 ,ii
24699,UP 2,32.427,80712,29028924.0,60.034945,1135207.5,419.3149106,IT=16;16 ,ii
24700,UP 2,32.946,81388,29368036.0,60.038916,1114123.9,419.3148307,IT=16;16 ,ii
24701,UP 2,32.303,80424,28781012.0,60.043055,1037889.7,419.3149055,IT=16;16 ,ii
24702,UP 2,32.567,80416,29435754.0,60.047201,1057256.4,419.3149139,IT=16;16 ,ii
24703,UP 2,32.743,80292,29046962.0,60.051336,1055299.1,419.3149402,IT=16;16 ,ii
24704,UP 2,32.586,77560,28194098.0,60.055468,1049524.5,391.2835345,IT=16;16 ,ii
24705,UP 2,33.124,80504,28599996.0,60.059438,1018526.7,419.3149651,IT=17;17 ,ii
24706,UP 2,35.537,78304,27403246.0,60.063626,1010594.1,391.2835678,IT=18;18 ,ii
24707,UP 2,34.262,82544,27623136.0,60.067749,969756.44,391.2835895,IT=17;17 ,ii
24708,UP 2,35.187,78928,26696382.0,60.071903,965346.5,391.2836282,IT=18;18 ,ii
24709,UP 2,33.348,79088,28252318.0,60.075853,1028110.1,391.2836393,IT=17;17 ,ii
24710,UP 2,31.886,81176,29743850.0,60.079965,1038441.8,419.3148812,IT=16;16 ,ii
24711,UP 2,32.770,80308,27990120.0,60.084111,997971.44,391.2836331,IT=16;16 ,ii
24712,UP 2,33.681,76380,26903068.0,60.088261,1040592.7,391.2836015,IT=17;17 ,ii
24713,UP 2,34.997,81240,27391704.0,60.092455,1004820.8,391.2834435,IT=17;17 ,ii
24714,UP 2,36.317,79396,26435526.0,60.096626,996223.56,391.2835595,IT=18;18 ,ii
24715,UP 2,35.977,78204,26532462.0,60.100772,997378.12,391.283467,IT=18;18 ,ii
24716,UP 2,35.708,78900,26958846.0,60.104919,1017458.8,391.283588,IT=18;18 ,ii
24717,UP 2,34.386,76336,26376248.0,60.109049,1105907.9,391.2835466,IT=17;17 ,ii
24718,UP 2,34.981,77632,26083356.0,60.11304,1065769.5,391.2835155,IT=17;17 ,ii
24719,UP 2,35.630,76108,26308170.0,60.117196,1039724.7,391.2835857,IT=18;18 ,ii
24720,UP 2,36.759,76648,25485976.0,60.121373,1048591.4,391.2834992,IT=18;18 ,ii
24721,UP 2,35.288,76068,26394204.0,60.125513,1035419.6,391.283561,IT=18;18 ,ii
24722,UP 2,35.299,80688,27004900.0,60.129503,979305.06,391.2836019,IT=18;18 ,ii
24723,UP 2,34.378,75616,26435012.0,60.133636,1012135.7,391.2835159,IT=17;17 ,ii
24724,UP 2,37.100,76944,24741264.0,60.137834,997758.0,391.2835624,IT=19;19 ,ii
24725,UP 2,36.518,77924,25410452.0,60.141992,1084415.8,391.2835134,IT=18;18 ,ii
24726,UP 2,37.350,79696,24757706.0,60.146171,993902.19,391.2836325,IT=19;19 ,ii
24727,UP 2,37.064,75096,24152480.0,60.150165,1098872.0,391.2836813,IT=19;19 ,ii
24728,UP 2,37.396,73600,23906496.0,60.15434,990887.44,391.2837367,IT=19;19 ,ii
24729,UP 2,38.632,74924,24431528.0,60.158529,1060282.5,391.283681,IT=19;19 ,ii
24730,UP 2,37.799,73768,24060232.0,60.162692,1052376.6,391.2836432,IT=19;19 ,ii
24731,UP 2,37.707,77312,24909978.0,60.16669,1075666.5,391.2837076,IT=19;19 ,ii
24732,UP 2,36.049,75060,24526366.0,60.170836,1068723.5,391.2837294,IT=18;18 ,ii
24733,UP 2,38.288,80812,25915102.0,60.175077,1034043.9,391.283634,IT=19;19 ,ii
24734,UP 2,35.379,75116,25493440.0,60.179202,1073271.4,391.2837169,IT=18;18 ,ii
24735,UP 2,37.750,83748,26486220.0,60.1834,1038362.2,391.2837093,IT=19;19 ,ii
24736,UP 2,37.015,74912,24268892.0,60.187388,999296.5,391.2836274,IT=19;19 ,ii
24737,UP 2,38.554,75848,23439338.0,60.191581,1089471.9,391.2836077,IT=19;19 ,ii
24738,UP 2,37.982,69836,22751148.0,60.195748,1015880.4,391.2837372,IT=19;19 ,ii
24739,UP 2,40.045,75092,23349632.0,60.199954,1059654.6,391.2835883,IT=20;20 ,ii
24740,UP 2,38.843,72392,22569604.0,60.203942,1031663.6,391.2836233,IT=19;19 ,ii
24741,UP 2,39.125,75348,22824886.0,60.208123,1087511.6,391.283689,IT=20;20 ,ii
24742,UP 2,40.003,70980,22104854.0,60.212317,970904.69,391.2837221,IT=20;20 ,ii
24743,UP 2,39.561,73188,22770840.0,60.216491,1097253.9,391.2837554,IT=20;20 ,ii
24744,UP 2,40.749,72344,22166670.0,60.220521,1034134.2,391.2837874,IT=20;20 ,ii
24745,UP 2,40.284,78036,23829316.0,60.224696,1020419.9,391.2837457,IT=20;20 ,ii
24746,UP 2,39.502,72708,22196010.0,60.228866,1007374.0,391.2837396,IT=20;20 ,ii
24747,UP 2,40.049,71236,22060170.0,60.233062,1063743.6,391.2836862,IT=20;20 ,ii
24748,UP 2,39.681,74044,22764364.0,60.237231,1092174.5,391.2836042,IT=20;20 ,ii
24749,UP 2,39.103,72060,22237494.0,60.241227,1025326.6,391.2836514,IT=20;20 ,ii
24750,UP 2,40.810,70440,21706616.0,60.245435,1086768.0,391.2836606,IT=20;20 ,ii
24751,UP 2,39.139,75220,22495140.0,60.249595,1075943.4,391.2837118,IT=20;20 ,ii
24752,UP 2,40.139,73568,22998770.0,60.253793,1076814.6,391.2837267,IT=20;20 ,ii
24753,UP 2,42.060,72408,21540812.0,60.258116,1059641.9,391.2836729,IT=21;21 ,ii
24754,UP 2,41.714,74280,21821120.0,60.262291,1090786.1,391.2836841,IT=21;21 ,ii
24755,UP 2,42.298,70760,21167738.0,60.266477,1075598.9,391.2836716,IT=21;21 ,ii
24756,UP 2,41.204,75060,22058510.0,60.270635,1099440.9,391.2836634,IT=21;21 ,ii
24757,UP 2,42.281,70832,20688976.0,60.274827,1061276.8,391.2836979,IT=21;21 ,ii
24758,UP 2,42.094,73124,22005692.0,60.278822,1111062.5,391.2836701,IT=21;21 ,ii
24759,UP 2,42.883,75040,20853600.0,60.283012,1048871.4,391.2837112,IT=21;21 ,ii
24760,UP 2,42.357,72936,20841682.0,60.287174,1112798.4,391.2837392,IT=21;21 ,ii
24761,UP 2,42.672,76152,22324590.0,60.291356,1100805.2,391.2837677,IT=21;21 ,ii
24762,UP 2,43.204,75596,21028230.0,60.295535,1075861.2,391.2837139,IT=22;22 ,ii
24763,UP 2,43.832,72580,20866792.0,60.299545,1038783.9,391.2837628,IT=22;22 ,ii
24764,UP 2,42.851,69852,20586502.0,60.303703,1040794.4,391.2838067,IT=21;21 ,ii
24765,UP 2,40.681,74044,22967050.0,60.307841,1068502.0,391.2837325,IT=20;20 ,ii
24766,UP 2,41.872,71492,21105258.0,60.312041,1088339.8,391.2837701,IT=21;21 ,ii
24767,UP 2,43.067,71160,20680942.0,60.316066,1098702.6,391.2837851,IT=22;22 ,ii
24768,UP 2,42.402,71460,20395424.0,60.320237,1072255.9,391.2838051,IT=21;21 ,ii
24769,UP 2,41.745,67172,19675160.0,60.32441,1125543.0,391.2838001,IT=21;21 ,ii
24770,UP 2,44.164,72048,20043464.0,60.328626,1080764.0,391.2837819,IT=22;22 ,ii
24771,UP 2,42.580,70396,20081560.0,60.332607,1034937.3,391.283879,IT=21;21 ,ii
24772,UP 2,43.822,69424,19555470.0,60.33681,1104164.1,391.2839245,IT=22;22 ,ii
24773,UP 2,41.307,68720,20133676.0,60.340945,1114771.6,391.2838209,IT=21;21 ,ii
24774,UP 2,43.778,67960,19447558.0,60.345162,1072350.6,391.2838188,IT=22;22 ,ii
24775,UP 2,44.584,67504,19544420.0,60.349349,1131632.8,391.2838374,IT=22;22 ,ii
24776,UP 2,44.008,71432,19878662.0,60.353347,1071281.5,391.2838553,IT=22;22 ,ii
24777,UP 2,44.803,70768,19423902.0,60.357547,1125628.1,391.2838078,IT=22;22 ,ii
24778,UP 2,43.510,70632,19923562.0,60.361714,1050449.1,391.2838424,IT=22;22 ,ii
24779,UP 2,44.997,74112,20396574.0,60.365926,1108148.6,391.2837977,IT=22;22 ,ii
24780,UP 2,44.906,69976,19220188.0,60.370113,1089545.8,391.2837599,IT=22;22 ,ii
24781,UP 2,44.843,70668,19918036.0,60.374128,1132516.9,391.28377,IT=22;22 ,ii
24782,UP 2,45.336,68924,18994648.0,60.378318,1071744.9,391.2837965,IT=23;23 ,ii
24783,UP 2,46.141,68320,19152124.0,60.382526,1138274.6,391.2838223,IT=23;23 ,ii
24784,UP 2,45.015,65644,18551276.0,60.386686,1042950.0,391.2838212,IT=23;23 ,ii
24785,UP 2,45.839,71368,18919122.0,60.390711,1093332.0,391.2838426,IT=23;23 ,ii
24786,UP 2,45.401,67740,18522690.0,60.394892,1049335.9,391.2838625,IT=23;23 ,ii
24787,UP 2,44.514,67432,18071174.0,60.399065,1084685.4,391.2837803,IT=22;22 ,ii
24788,UP 2,44.866,66772,18258836.0,60.403263,1029499.8,391.2837628,IT=22;22 ,ii
24789,UP 2,46.950,67600,18368904.0,60.407311,1127939.5,391.2837538,IT=23;23 ,ii
24790,UP 2,44.120,65732,17888446.0,60.411453,1050546.4,391.2838575,IT=22;22 ,ii
24791,UP 2,46.601,69860,19288376.0,60.415682,1143630.2,391.2837921,IT=23;23 ,ii
24792,UP 2,44.648,64056,17928094.0,60.419838,1031823.7,391.2838977,IT=22;22 ,ii
24793,UP 2,45.177,67096,18878582.0,60.424217,1111576.0,391.2839332,IT=23;23 ,ii
24794,UP 2,49.948,70644,18068890.0,60.428484,1060322.5,391.2838053,IT=25;25 ,ii
24795,UP 2,47.539,69020,18502452.0,60.432615,1128197.1,391.2838266,IT=24;24 ,ii
24796,UP 2,46.589,66144,17314362.0,60.436778,1016934.5,391.2837191,IT=23;23 ,ii
24797,UP 2,47.420,67960,18220042.0,60.440973,1100467.9,391.2838649,IT=24;24 ,ii
24798,UP 2,47.832,69316,18120838.0,60.445159,1097948.0,391.2839326,IT=24;24 ,ii
24799,UP 2,48.009,68280,17972178.0,60.449169,1049340.0,391.283882,IT=24;24 ,ii
24800,UP 2,47.981,66876,17903174.0,60.453346,1109179.4,391.2838847,IT=24;24 ,ii
24801,UP 2,46.002,63596,17449292.0,60.457488,1084073.5,391.283893,IT=23;23 ,ii
24802,UP 2,48.637,64864,17475780.0,60.461711,1095245.5,391.283891,IT=24;24 ,ii
24803,UP 2,48.700,62440,16954262.0,60.465717,1125668.6,391.2839316,IT=24;24 ,ii
24804,UP 2,49.085,66548,17272884.0,60.469898,1080877.4,391.2838453,IT=25;25 ,ii
24805,UP 2,49.225,65844,17406166.0,60.47409,1095859.4,391.2839252,IT=25;25 ,ii
24806,UP 2,48.860,64140,17194074.0,60.478256,1073341.5,391.2838882,IT=24;24 ,ii
24807,UP 2,48.246,65432,17697010.0,60.482421,1098635.6,391.283851,IT=24;24 ,ii
24808,UP 2,49.164,65452,17266224.0,60.486438,1128871.6,391.2838662,IT=25;25 ,ii
24809,UP 2,48.473,64428,17039232.0,60.490604,1139530.0,391.2838903,IT=24;24 ,ii
24810,UP 2,50.000,64916,16903596.0,60.494804,1084590.9,391.2838661,IT=25;25 ,ii
24811,UP 2,50.000,64868,16625696.0,60.498975,1077442.9,391.2838967,IT=25;25 ,ii
24812,UP 2,50.000,60484,15859368.0,60.502977,1106306.2,391.2839518,IT=25;25 ,ii
24813,UP 2,50.000,61028,16175200.0,60.50715,1089287.5,391.2839662,IT=25;25 ,ii
24814,UP 2,49.177,63316,16785268.0,60.511306,1173445.6,391.2838922,IT=25;25 ,ii
24815,UP 2,50.000,63996,16046420.0,60.515494,1066045.0,391.2839975,IT=25;25 ,ii
24816,UP 2,50.000,64416,16948902.0,60.519667,1087855.4,391.2839507,IT=25;25 ,ii
24817,UP 2,49.564,60188,16015355.0,60.523671,1137842.8,391.2838821,IT=25;25 ,ii
24818,UP 2,48.305,63572,16725409.0,60.527837,1130264.5,391.2839379,IT=24;24 ,ii
24819,UP 2,50.000,59468,15240860.0,60.532056,1080190.1,391.2840032,IT=25;25 ,ii
24820,UP 2,50.000,63136,16114289.0,60.536237,1156572.2,391.2839756,IT=25;25 ,ii
24821,UP 2,50.000,59708,15252608.0,60.54025,1076813.8,391.2840088,IT=25;25 ,ii
24822,UP 2,50.000,60476,15812653.0,60.544433,1104099.4,391.2839634,IT=25;25 ,ii
24823,UP 2,50.000,58088,15430114.0,60.548618,1076778.1,391.2840254,IT=25;25 ,ii
24824,UP 2,50.000,61384,15424308.0,60.552804,1101379.0,391.2839636,IT=25;25 ,ii
24825,UP 2,50.000,60556,15529659.0,60.556816,1142753.0,391.2840386,IT=25;25 ,ii
24826,UP 2,50.000,57196,15363092.0,60.560833,1122790.2,391.2840322,IT=25;25 ,ii
24827,UP 2,50.000,58716,15030613.0,60.565016,1064316.8,391.2841111,IT=25;25 ,ii
24828,UP 2,50.000,60128,15486808.0,60.569206,1146978.6,391.2839781,IT=25;25 ,ii
24829,UP 2,50.000,56556,14825846.0,60.573395,1097361.5,391.2840086,IT=25;25 ,ii
24830,UP 2,50.000,56708,14343705.0,60.577408,1105965.2,391.2840108,IT=25;25 ,ii
24831,UP 2,50.000,59900,16157040.0,60.581591,1158649.2,391.2839052,IT=25;25 ,ii
24832,UP 2,50.000,60568,15758883.0,60.585774,1130559.6,391.2839171,IT=25;25 ,ii
24833,UP 2,50.000,57720,15288971.0,60.589956,1132437.9,391.2840033,IT=25;25 ,ii
24834,UP 2,50.000,57544,15414207.0,60.594141,1137123.9,391.2839817,IT=25;25 ,ii
24835,UP 2,50.000,57784,15529446.0,60.598324,1180271.0,391.2839636,IT=25;25 ,ii
24836,UP 2,50.000,56100,14676986.0,60.602508,1096311.1,391.2840638,IT=25;25 ,ii
24837,UP 2,50.000,57676,15093771.0,60.606689,1138388.6,391.2840164,IT=25;25 ,ii
24838,UP 2,50.000,57856,15490729.0,60.610872,1146707.6,391.2840279,IT=25;25 ,ii
24839,UP 2,50.000,59008,15259504.0,60.614889,1098230.4,391.2840034,IT=25;25 ,ii
24840,UP 2,50.000,58200,15224878.0,60.619074,1144361.6,391.2838971,IT=25;25 ,ii
24841,UP 2,50.000,58444,15005498.0,60.62326,1066014.4,391.2839607,IT=25;25 ,ii
24842,UP 2,50.000,54492,14411067.0,60.627445,1143547.8,391.2839239,IT=25;25 ,ii
24843,UP 2,50.000,55140,14606045.0,60.631472,1140666.5,391.2839381,IT=25;25 ,ii
24844,UP 2,50.000,54820,14031411.0,60.635655,1096262.9,391.2840869,IT=25;25 ,ii
24845,UP 2,50.000,55588,14924356.0,60.639837,1156764.6,391.2839798,IT=25;25 ,ii
24846,UP 2,50.000,56056,14607831.0,60.64402,1113389.8,391.2840134,IT=25;25 ,ii
24847,UP 2,50.000,55636,14426455.0,60.648205,1083920.2,391.2839937,IT=25;25 ,ii
24848,UP 2,50.000,54064,14083585.0,60.65222,1073949.2,391.2839929,IT=25;25 ,ii
24849,UP 2,50.000,53504,14075517.0,60.656393,1162891.1,391.2839833,IT=25;25 ,ii
24850,UP 2,50.000,54980,14082260.0,60.660576,1186345.9,391.2841273,IT=25;25 ,ii
24851,UP 2,50.000,51692,13716887.0,60.664755,1155829.9,391.2840579,IT=25;25 ,ii
24852,UP 2,50.000,50872,13652624.0,60.668755,1150798.8,391.2840178,IT=25;25 ,ii
24853,UP 2,50.000,52924,13934464.0,60.672924,1181990.6,391.2840274,IT=25;25 ,ii
24854,UP 2,50.000,52448,13441732.0,60.677384,1110977.2,391.2840109,IT=25;25 ,ii
24855,UP 2,50.000,55036,14180632.0,60.681555,1156221.5,391.2839346,IT=25;25 ,ii
24856,UP 2,50.000,56420,14212955.0,60.68573,1105996.1,391.2839489,IT=25;25 ,ii
24857,UP 2,50.000,53044,13868262.0,60.689734,1115842.9,391.2839342,IT=25;25 ,ii
24858,UP 2,50.000,51556,13759043.0,60.693918,1155575.1,391.2839748,IT=25;25 ,ii
24859,UP 2,50.000,54568,14399147.0,60.698092,1197448.1,391.2839735,IT=25;25 ,ii
24860,UP 2,50.000,53132,13749307.0,60.702261,1124686.8,391.284054,IT=25;25 ,ii
24861,UP 2,50.000,53016,13636461.0,60.706432,1148090.4,391.284065,IT=25;25 ,ii
24862,UP 2,50.000,53204,14057400.0,60.710436,1138405.0,391.2840375,IT=25;25 ,ii
24863,UP 2,50.000,50268,13319470.0,60.714619,1177479.5,391.2840023,IT=25;25 ,ii
24864,UP 2,50.000,50544,13392678.0,60.718786,1137447.6,391.2840117,IT=25;25 ,ii
24865,UP 2,50.000,51592,13144477.0,60.722957,1106501.5,391.2841041,IT=25;25 ,ii
24866,UP 2,50.000,51076,13297443.0,60.726961,1169250.6,391.2841659,IT=25;25 ,ii
24867,UP 2,50.000,48416,12488364.0,60.731134,1078435.0,391.2841774,IT=25;25 ,ii
24868,UP 2,50.000,50812,13132916.0,60.735305,1143681.8,391.2840867,IT=25;25 ,ii
24869,UP 2,50.000,50360,13215924.0,60.73948,1119155.2,391.2840018,IT=25;25 ,ii
24870,UP 2,50.000,50604,13208026.0,60.743496,1153368.4,391.2840611,IT=25;25 ,ii
24871,UP 2,50.000,52128,13531695.0,60.747682,1137256.0,391.2840468,IT=25;25 ,ii
24872,UP 2,50.000,52216,13590508.0,60.751865,1170185.4,391.2839817,IT=25;25 ,ii
24873,UP 2,50.000,47480,12529691.0,60.756048,1086874.9,391.2840681,IT=25;25 ,ii
24874,UP 2,50.000,46844,12809497.0,60.760509,1116933.4,391.2839907,IT=25;25 ,ii
24875,UP 2,50.000,48716,12692467.0,60.764682,1128624.5,391.2840581,IT=25;25 ,ii
24876,UP 2,50.000,54952,13642270.0,60.768855,1146312.6,391.2840345,IT=25;25 ,ii
24877,UP 2,50.000,51356,13181254.0,60.773025,1143282.4,391.2841269,IT=25;25 ,ii
24878,UP 2,50.000,48448,12802729.0,60.777198,1121991.0,391.2840798,IT=25;25 ,ii
24879,UP 2,50.000,46784,12631804.0,60.781371,1186869.1,391.2842213,IT=25;25 ,ii
24880,UP 2,50.000,48904,12809334.0,60.785542,1176259.5,391.2841953,IT=25;25 ,ii
24881,UP 2,50.000,45372,12336113.0,60.789713,1163267.8,391.2842434,IT=25;25 ,ii
24882,UP 2,50.000,50416,12860946.0,60.793886,1178184.0,391.2842139,IT=25;25 ,ii
24883,UP 2,50.000,49852,12791851.0,60.798056,1137467.1,391.2843061,IT=25;25 ,ii
24884,UP 2,50.000,49912,12745383.0,60.802061,1148884.0,391.2842308,IT=25;25 ,ii
24885,UP 2,50.000,45608,12332400.0,60.806231,1182627.4,391.2842757,IT=25;25 ,ii
24886,UP 2,50.000,46896,12324600.0,60.810406,1173261.5,391.2842227,IT=25;25 ,ii
24887,UP 2,50.000,45364,12186894.0,60.814583,1113323.0,391.2843192,IT=25;25 ,ii
24888,UP 2,50.000,45088,12293377.0,60.818758,1157354.8,391.2842288,IT=25;25 ,ii
24889,UP 2,50.000,46768,12277571.0,60.82276,1160620.0,391.284217,IT=25;25 ,ii
24890,UP 2,50.000,45044,12144692.0,60.826929,1135460.6,391.2841831,IT=25;25 ,ii
24891,UP 2,50.000,46904,12365771.0,60.8311,1208231.4,391.284235,IT=25;25 ,ii
24892,UP 2,50.000,44768,11877001.0,60.835275,1092715.1,391.2840949,IT=25;25 ,ii
24893,UP 2,50.000,44688,12390366.0,60.839279,1214603.4,391.2841096,IT=25;25 ,ii
24894,UP 2,50.000,41280,11743583.0,60.843752,1162529.9,391.2841558,IT=25;25 ,ii
24895,UP 2,50.000,44056,11986767.0,60.847927,1198120.5,391.2841854,IT=25;25 ,ii
24896,UP 2,50.000,43676,11777165.0,60.852098,1135383.5,391.2841493,IT=25;25 ,ii
24897,UP 2,50.000,45212,12209273.0,60.856271,1165055.1,391.284115,IT=25;25 ,ii
24898,UP 2,50.000,45184,12032163.0,60.860273,1152426.6,391.2841207,IT=25;25 ,ii
24899,UP 2,50.000,43124,11980720.0,60.864444,1136138.4,391.2841477,IT=25;25 ,ii
24900,UP 2,50.000,46148,12078355.0,60.868621,1132230.5,391.2840164,IT=25;25 ,ii
24901,UP 2,50.000,46108,12088474.0,60.872791,1159801.0,391.284162,IT=25;25 ,ii
24902,UP 2,50.000,44344,12178909.0,60.876796,1233180.9,391.2840804,IT=25;25 ,ii
24903,UP 2,50.000,41568,11973693.0,60.880972,1233006.9,391.2841181,IT=25;25 ,ii
24904,UP 2,50.000,43652,11913753.0,60.885154,1178109.1,391.284102,IT=25;25 ,ii
24905,UP 2,50.000,41592,11776925.0,60.889335,1172415.5,391.2840126,IT=25;25 ,ii
24906,UP 2,50.000,44980,11978856.0,60.893518,1202438.4,391.2841905,IT=25;25 ,ii
24907,UP 2,50.000,45300,12020175.0,60.897531,1204783.2,391.2842009,IT=25;25 ,ii
24908,UP 2,50.000,46696,12359801.0,60.901702,1206140.9,391.284071,IT=25;25 ,ii
24909,UP 2,50.000,46956,12076807.0,60.905875,1152113.2,391.2841065,IT=25;25 ,ii
24910,UP 2,50.000,43468,11628071.0,60.910047,1183771.2,391.2841989,IT=25;25 ,ii
24911,UP 2,50.000,41696,11622107.0,60.914064,1199045.9,391.2841993,IT=25;25 ,ii
24912,UP 2,50.000,43532,11706362.0,60.918251,1192289.2,391.2841698,IT=25;25 ,ii
24913,UP 2,50.000,40384,11148423.0,60.922424,1163777.9,391.2840748,IT=25;25 ,ii
24914,UP 2,50.000,40100,11759865.0,60.926885,1250878.6,391.2841347,IT=25;25 ,ii
24915,UP 2,50.000,41280,11423282.0,60.931056,1170186.8,391.2841965,IT=25;25 ,ii
24916,UP 2,50.000,43024,11430401.0,60.935058,1213572.6,391.2841348,IT=25;25 ,ii
24917,UP 2,50.000,38880,11410014.0,60.93923,1175352.4,391.2842335,IT=25;25 ,ii
24918,UP 2,50.000,40864,11459478.0,60.943403,1213895.5,391.2841776,IT=25;25 ,ii
24919,UP 2,50.000,41196,11692912.0,60.947576,1267967.5,391.2841252,IT=25;25 ,ii
24920,UP 2,50.000,38744,11519291.0,60.951749,1218733.6,391.2841233,IT=25;25 ,ii
24921,UP 2,50.000,38424,11631850.0,60.955755,1269183.1,391.2842153,IT=25;25 ,ii
24922,UP 2,50.000,39724,11567935.0,60.959935,1284897.2,391.2841079,IT=25;25 ,ii
24923,UP 2,50.000,41096,11755836.0,60.964112,1270966.1,391.2842134,IT=25;25 ,ii
24924,UP 2,50.000,39368,11570617.0,60.968278,1267924.6,391.2841766,IT=25;25 ,ii
24925,UP 2,50.000,39940,11881565.0,60.97228,1250296.1,391.2841038,IT=25;25 ,ii
24926,UP 2,50.000,39824,11632695.0,60.976451,1269248.5,391.2841149,IT=25;25 ,ii
24927,UP 2,50.000,39276,11758451.0,60.980628,1304282.9,391.2841388,IT=25;25 ,ii
24928,UP 2,50.000,39784,11453140.0,60.984805,1219801.8,391.2840845,IT=25;25 ,ii
24929,UP 2,50.000,37884,11580925.0,60.988803,1316557.5,391.284054,IT=25;25 ,ii
24930,UP 2,50.000,37640,11533662.0,60.992986,1305089.2,391.2840455,IT=25;25 ,ii
24931,UP 2,50.000,39284,11575230.0,60.997172,1252791.2,391.2841446,IT=25;25 ,ii
24932,UP 2,50.000,39800,11206743.0,61.001355,1206451.1,391.2841673,IT=25;25 ,ii
24933,UP 2,50.000,38512,11286162.0,61.005526,1228998.5,391.2842135,IT=25;25 ,ii
24934,UP 2,50.000,47192,12871875.0,61.009982,1269129.4,391.2841138,IT=25;25 ,ii
24935,UP 2,50.000,39468,11406395.0,61.014165,1247275.5,391.2841958,IT=25;25 ,ii
24936,UP 2,50.000,38208,11168029.0,61.018338,1205638.2,391.2842413,IT=25;25 ,ii
24937,UP 2,50.000,40292,12103748.0,61.022509,1361352.2,391.2841874,IT=25;25 ,ii
24938,UP 2,50.000,40284,11526765.0,61.02668,1235921.4,391.2842688,IT=25;25 ,ii
24939,UP 2,50.000,37420,11305276.0,61.030686,1270714.6,391.2842328,IT=25;25 ,ii
24940,UP 2,50.000,38584,11568746.0,61.034857,1284480.4,391.2841817,IT=25;25 ,ii
24941,UP 2,50.000,41124,11805930.0,61.03903,1208685.4,391.2842645,IT=25;25 ,ii
24942,UP 2,50.000,34712,11093511.0,61.043201,1270487.4,391.284225,IT=25;25 ,ii
24943,UP 2,50.000,38312,11266594.0,61.047203,1311221.6,391.2842943,IT=25;25 ,ii
24944,UP 2,50.000,38176,11570634.0,61.051376,1298706.5,391.2842862,IT=25;25 ,ii
24945,UP 2,50.000,36384,11395665.0,61.055548,1270811.5,391.2843171,IT=25;25 ,ii
24946,UP 2,50.000,38760,11218124.0,61.059719,1241014.2,391.2842714,IT=25;25 ,ii
24947,UP 2,50.000,37496,11258198.0,61.063892,1305980.0,391.2842846,IT=25;25 ,ii
24948,UP 2,50.000,39744,11468332.0,61.067896,1293683.6,391.2843053,IT=25;25 ,ii
24949,UP 2,50.000,35044,11054959.0,61.072069,1259229.6,391.2844127,IT=25;25 ,ii
24950,UP 2,50.000,36140,11023053.0,61.07624,1287976.1,391.2843276,IT=25;25 ,ii
24951,UP 2,50.000,37504,11442653.0,61.080411,1267461.1,391.2843145,IT=25;25 ,ii
24952,UP 2,50.000,35540,10844474.0,61.084415,1241703.4,391.2844033,IT=25;25 ,ii
24953,UP 2,50.000,37648,11310428.0,61.088586,1262207.0,391.2843947,IT=25;25 ,ii
24954,UP 2,50.000,37184,10869988.0,61.093054,1213427.0,391.2844039,IT=25;25 ,ii
24955,UP 2,50.000,37000,11107354.0,61.097225,1282063.2,391.28437,IT=25;25 ,ii
24956,UP 2,50.000,36892,10939682.0,61.101398,1283938.8,391.2842478,IT=25;25 ,ii
24957,UP 2,50.000,36688,11188315.0,61.105402,1274068.5,391.2843787,IT=25;25 ,ii
24958,UP 2,50.000,35300,11078631.0,61.109575,1312060.1,391.2843458,IT=25;25 ,ii
24959,UP 2,50.000,35004,10993968.0,61.113761,1308792.2,391.2842891,IT=25;25 ,ii
24960,UP 2,50.000,34784,11012433.0,61.11795,1269185.4,391.2843258,IT=25;25 ,ii
24961,UP 2,50.000,36528,11123554.0,61.121969,1262209.5,391.2843673,IT=25;25 ,ii
24962,UP 2,50.000,39108,11265576.0,61.126156,1311857.2,391.2843964,IT=25;25 ,ii
24963,UP 2,50.000,39760,11398509.0,61.130337,1330947.0,391.2843649,IT=25;25 ,ii
24964,UP 2,50.000,33488,10729682.0,61.13451,1271573.6,391.2843205,IT=25;25 ,ii
24965,UP 2,50.000,37200,11034151.0,61.138681,1249149.9,391.2843473,IT=25;25 ,ii
24966,UP 2,50.000,35676,10950783.0,61.14269,1276949.9,391.2843231,IT=25;25 ,ii
24967,UP 2,50.000,37192,11282354.0,61.146858,1336775.5,391.284275,IT=25;25 ,ii
24968,UP 2,50.000,35332,11107158.0,61.151033,1316450.9,391.2842534,IT=25;25 ,ii
24969,UP 2,50.000,36944,11116753.0,61.155206,1283907.1,391.2842335,IT=25;25 ,ii
24970,UP 2,50.000,35220,11007548.0,61.15921,1279322.1,391.2843978,IT=25;25 ,ii
24971,UP 2,50.000,34532,10926621.0,61.163381,1303465.8,391.2842918,IT=25;25 ,ii
24972,UP 2,50.000,36384,11141558.0,61.167554,1291644.9,391.2843865,IT=25;25 ,ii
24973,UP 2,50.000,34256,10711254.0,61.171727,1238596.6,391.2843872,IT=25;25 ,ii
24974,UP 2,50.000,33636,10659790.0,61.176193,1287535.1,391.2842889,IT=25;25 ,ii
24975,UP 2,50.000,32824,10681260.0,61.180364,1270323.6,391.2842243,IT=25;25 ,ii
24976,UP 2,50.000,34868,10918790.0,61.184535,1269284.6,391.2842285,IT=25;25 ,ii
24977,UP 2,50.000,34752,11062990.0,61.188706,1334562.1,391.2842414,IT=25;25 ,ii
24978,UP 2,50.000,34400,10981304.0,61.192877,1316523.2,391.284245,IT=25;25 ,ii
24979,UP 2,50.000,33808,10728598.0,61.196887,1244144.5,391.2842124,IT=25;25 ,ii
24980,UP 2,50.000,34780,11128989.0,61.20106,1325838.6,391.2842434,IT=25;25 ,ii
24981,UP 2,50.000,37268,11171156.0,61.205231,1334710.9,391.2842295,IT=25;25 ,ii
24982,UP 2,50.000,33248,10663578.0,61.209402,1302182.4,391.284332,IT=25;25 ,ii
24983,UP 2,50.000,32388,10779603.0,61.213574,1307636.9,391.2843077,IT=25;25 ,ii
24984,UP 2,50.000,34108,11131876.0,61.217581,1365060.2,391.284277,IT=25;25 ,ii
24985,UP 2,50.000,33596,10882332.0,61.221751,1324886.1,391.284276,IT=25;25 ,ii
24986,UP 2,50.000,34724,10731382.0,61.225922,1277258.4,391.2843611,IT=25;25 ,ii
24987,UP 2,50.000,35648,11073663.0,61.230093,1348643.2,391.2841766,IT=25;25 ,ii
24988,UP 2,50.000,35928,11054134.0,61.234095,1314024.8,391.2842538,IT=25;25 ,ii
24989,UP 2,50.000,34420,10843346.0,61.23827,1338678.6,391.2842952,IT=25;25 ,ii
24990,UP 2,50.000,33528,10930617.0,61.242441,1382640.4,391.2843172,IT=25;25 ,ii
24991,UP 2,50.000,34808,10941015.0,61.246614,1309454.1,391.284385,IT=25;25 ,ii
24992,UP 2,50.000,31244,10747685.0,61.250793,1344977.4,391.2842291,IT=25;25 ,ii
24993,UP 2,50.000,33132,11227469.0,61.254797,1367454.9,391.2842557,IT=25;25 ,ii
24994,UP 2,50.000,32816,10893340.0,61.259253,1306991.6,391.2841403,IT=25;25 ,ii
24995,UP 2,50.000,32868,10902217.0,61.263424,1349283.1,391.2842382,IT=25;25 ,ii
24996,UP 2,50.000,31580,10893985.0,61.267599,1310016.2,391.2842324,IT=25;25 ,ii
24997,UP 2,50.000,32740,11088362.0,61.27177,1361102.2,391.2841751,IT=25;25 ,ii
24998,UP 2,50.000,32552,11012064.0,61.275772,1315122.5,391.2842218,IT=25;25 ,ii
24999,UP 2,50.000,35344,11421142.0,61.279949,1370147.1,391.2841527,IT=25;25 ,ii
25000,UP 2,50.000,33700,11152476.0,61.284139,1407821.5,391.2842187,IT=25;25 ,ii
25001,UP 2,50.000,32220,10595404.0,61.28832,1294021.5,391.2842098,IT=25;25 ,ii
25002,UP 2,50.000,33580,11131965.0,61.292332,1425800.2,391.2842411,IT=25;25 ,ii
25003,UP 2,50.000,32704,10713183.0,61.296503,1326092.0,391.2842266,IT=25;25 ,ii
25004,UP 2,50.000,32008,10823225.0,61.300688,1363301.5,391.2842606,IT=25;25 ,ii
25005,UP 2,50.000,33412,11029416.0,61.304876,1398833.6,391.2841717,IT=25;25 ,ii
25006,UP 2,50.000,35352,11466790.0,61.308893,1453287.9,391.2841987,IT=25;25 ,ii
25007,UP 2,50.000,33496,10984300.0,61.313063,1334429.4,391.2841932,IT=25;25 ,ii
25008,UP 2,50.000,32468,11168702.0,61.317232,1384909.9,391.2841447,IT=25;25 ,ii
25009,UP 2,50.000,33100,11091414.0,61.321405,1352937.8,391.28411,IT=25;25 ,ii
25010,UP 2,50.000,31312,11036211.0,61.325576,1359855.2,391.2841257,IT=25;25 ,ii
25011,UP 2,50.000,30468,10700823.0,61.329578,1383272.6,391.2842292,IT=25;25 ,ii
25012,UP 2,50.000,31252,10990295.0,61.333749,1395414.4,391.2840954,IT=25;25 ,ii
25013,UP 2,50.000,31316,11385382.0,61.337919,1438774.6,391.2840662,IT=25;25 ,ii
25014,UP 2,50.000,34448,11147013.0,61.342378,1398941.4,391.2840972,IT=25;25 ,ii
25015,UP 2,50.000,33156,11297754.0,61.346549,1397838.5,391.2840821,IT=25;25 ,ii
25016,UP 2,50.000,34292,11355811.0,61.350551,1410549.4,391.2841397,IT=25;25 ,ii
25017,UP 2,50.000,30420,11348735.0,61.354721,1440638.4,391.284097,IT=25;25 ,ii
25018,UP 2,50.000,31844,10993053.0,61.358892,1367646.1,391.2841909,IT=25;25 ,ii
25019,UP 2,50.000,32324,11254159.0,61.363071,1420493.9,391.2841565,IT=25;25 ,ii
25020,UP 2,50.000,33680,11078708.0,61.367248,1353708.8,391.2842864,IT=25;25 ,ii
25021,UP 2,50.000,32992,11016360.0,61.371423,1390295.8,391.2842732,IT=25;25 ,ii
25022,UP 2,50.000,32072,11455024.0,61.375592,1431880.4,391.2841959,IT=25;25 ,ii
25023,UP 2,50.000,34060,11299438.0,61.379763,1390420.8,391.2842073,IT=25;25 ,ii
25024,UP 2,50.000,32032,11354345.0,61.383934,1470819.9,391.2841981,IT=25;25 ,ii
25025,UP 2,50.000,31124,11261832.0,61.387936,1418578.5,391.2842001,IT=25;25 ,ii
25026,UP 2,50.000,32532,11478340.0,61.392107,1430537.4,391.2842038,IT=25;25 ,ii
25027,UP 2,50.000,33348,11573552.0,61.396277,1458300.4,391.2841461,IT=25;25 ,ii
25028,UP 2,50.000,31964,11577225.0,61.400448,1477215.9,391.2841308,IT=25;25 ,ii
25029,UP 2,50.000,33316,11460417.0,61.404454,1413863.5,391.2841583,IT=25;25 ,ii
25030,UP 2,50.000,32236,11514058.0,61.408625,1475377.1,391.2841876,IT=25;25 ,ii
25031,UP 2,50.000,32884,11280350.0,61.412796,1384573.5,391.2842224,IT=25;25 ,ii
25032,UP 2,50.000,34188,11467060.0,61.416969,1429555.5,391.2841253,IT=25;25 ,ii
25033,UP 2,50.000,30392,11660031.0,61.421142,1472744.1,391.28411,IT=25;25 ,ii
25034,UP 2,50.000,31700,11765256.0,61.425598,1480518.1,391.2840645,IT=25;25 ,ii
25035,UP 2,50.000,32992,11748649.0,61.429769,1479372.4,391.2841654,IT=25;25 ,ii
25036,UP 2,50.000,31976,11284301.0,61.43394,1390477.6,391.2841741,IT=25;25 ,ii
25037,UP 2,50.000,32104,11625435.0,61.438113,1456259.0,391.2841811,IT=25;25 ,ii
25038,UP 2,50.000,32128,11427168.0,61.442115,1397291.8,391.2841132,IT=25;25 ,ii
25039,UP 2,50.000,36312,11883233.0,61.446288,1451916.6,391.2840596,IT=25;25 ,ii
25040,UP 2,50.000,33744,11795372.0,61.450458,1430780.2,391.2840191,IT=25;25 ,ii
25041,UP 2,50.000,31868,12131837.0,61.454629,1531483.4,391.2840518,IT=25;25 ,ii
25042,UP 2,50.000,32228,11751389.0,61.4588,1423374.4,391.2840602,IT=25;25 ,ii
25043,UP 2,50.000,32472,12002302.0,61.4628,1489783.5,391.2841554,IT=25;25 ,ii
25044,UP 2,50.000,34572,12314514.0,61.466975,1529057.0,391.284059,IT=25;25 ,ii
25045,UP 2,50.000,30904,11731696.0,61.471148,1529737.5,391.2840892,IT=25;25 ,ii
25046,UP 2,50.000,31908,11697805.0,61.475325,1444401.1,391.2841802,IT=25;25 ,ii
25047,UP 2,50.000,31288,11588956.0,61.479331,1458072.6,391.284133,IT=25;25 ,ii
25048,UP 2,50.000,34560,12050037.0,61.483508,1487990.5,391.2841035,IT=25;25 ,ii
25049,UP 2,50.000,31312,11545133.0,61.487675,1462648.5,391.2841999,IT=25;25 ,ii
25050,UP 2,50.000,32968,11908613.0,61.491848,1488500.9,391.2841897,IT=25;25 ,ii
25051,UP 2,50.000,31584,11384593.0,61.496023,1437701.1,391.2841078,IT=25;25 ,ii
25052,UP 2,50.000,31416,11805053.0,61.500023,1481435.6,391.2841787,IT=25;25 ,ii
25053,UP 2,50.000,34524,12053661.0,61.504198,1461401.9,391.2842306,IT=25;25 ,ii
25054,UP 2,50.000,31248,12100628.0,61.508658,1553875.4,391.2841369,IT=25;25 ,ii
25055,UP 2,50.000,30572,11830052.0,61.512837,1467474.0,391.2840848,IT=25;25 ,ii
25056,UP 2,50.000,31980,11832548.0,61.516839,1469591.1,391.2839265,IT=25;25 ,ii
25057,UP 2,50.000,33236,12190598.0,61.521012,1591621.0,391.2840511,IT=25;25 ,ii
25058,UP 2,50.000,32216,11729497.0,61.525195,1458500.9,391.2841897,IT=25;25 ,ii
25059,UP 2,50.000,31984,11743773.0,61.529385,1452831.9,391.2841714,IT=25;25 ,ii
25060,UP 2,50.000,31748,11825795.0,61.53356,1534916.6,391.2840668,IT=25;25 ,ii
25061,UP 2,50.000,34040,11981456.0,61.537574,1477452.4,391.2841661,IT=25;25 ,ii
25062,UP 2,50.000,30936,11815009.0,61.541745,1542091.5,391.2840766,IT=25;25 ,ii
25063,UP 2,50.000,31252,11880145.0,61.545924,1480560.0,391.2841346,IT=25;25 ,ii
25064,UP 2,50.000,32356,12273589.0,61.550106,1533878.4,391.2840914,IT=25;25 ,ii
25065,UP 2,50.000,31304,12199025.0,61.554116,1531827.5,391.2841022,IT=25;25 ,ii
25066,UP 2,50.000,32652,11778267.0,61.558283,1493321.6,391.2842121,IT=25;25 ,ii
25067,UP 2,50.000,31916,11732734.0,61.562449,1483737.4,391.2842185,IT=25;25 ,ii
25068,UP 2,50.000,32508,11975036.0,61.566618,1447355.1,391.2841817,IT=25;25 ,ii
25069,UP 2,50.000,30432,12494243.0,61.570787,1610653.9,391.2840871,IT=25;25 ,ii
25070,UP 2,50.000,32944,12305518.0,61.574797,1508851.2,391.2840255,IT=25;25 ,ii
25071,UP 2,50.000,31344,12466328.0,61.578966,1613957.5,391.2840372,IT=25;25 ,ii
25072,UP 2,50.000,32128,12914271.0,61.583132,1633599.8,391.283963,IT=25;25 ,ii
25073,UP 2,50.000,32924,13050826.0,61.587316,1617386.2,391.2839683,IT=25;25 ,ii
25074,UP 2,50.000,33116,12626858.0,61.591786,1577156.1,391.2839901,IT=25;25 ,ii
25075,UP 2,50.000,34156,12946182.0,61.595966,1567161.6,391.284045,IT=25;25 ,ii
25076,UP 2,50.000,32960,12596917.0,61.600132,1581481.8,391.2840881,IT=25;25 ,ii
25077,UP 2,50.000,30600,12456434.0,61.604301,1607899.0,391.2840527,IT=25;25 ,ii
25078,UP 2,50.000,32828,12878806.0,61.608468,1574486.1,391.2839421,IT=25;25 ,ii
25079,UP 2,50.000,37024,13187752.0,61.612468,1607372.0,391.2840286,IT=25;25 ,ii
25080,UP 2,50.000,32648,12798180.0,61.616636,1559409.5,391.2839981,IT=25;25 ,ii
25081,UP 2,50.000,31768,13030538.0,61.620805,1645296.8,391.2839025,IT=25;25 ,ii
25082,UP 2,50.000,33376,12857423.0,61.624974,1589675.9,391.2840259,IT=25;25 ,ii
25083,UP 2,50.000,32032,12994434.0,61.62914,1638153.2,391.2839545,IT=25;25 ,ii
25084,UP 2,50.000,33356,12861241.0,61.63314,1536001.0,391.2840527,IT=25;25 ,ii
25085,UP 2,50.000,32844,12867328.0,61.637309,1563296.8,391.2840306,IT=25;25 ,ii
25086,UP 2,50.000,32688,12902245.0,61.641478,1588886.2,391.2840084,IT=25;25 ,ii
25087,UP 2,50.000,34172,12804410.0,61.645647,1605674.5,391.2840812,IT=25;25 ,ii
25088,UP 2,50.000,31936,12738448.0,61.649647,1602023.0,391.2841614,IT=25;25 ,ii
25089,UP 2,50.000,32364,12760471.0,61.653813,1644119.4,391.2841284,IT=25;25 ,ii
25090,UP 2,50.000,33052,13182162.0,61.657982,1603875.2,391.2841254,IT=25;25 ,ii
25091,UP 2,50.000,32572,12833765.0,61.662151,1593066.9,391.2841779,IT=25;25 ,ii
25092,UP 2,50.000,32168,12825339.0,61.666151,1583201.2,391.2841404,IT=25;25 ,ii
25093,UP 2,50.000,32952,13442693.0,61.670319,1654213.5,391.2839757,IT=25;25 ,ii
25094,UP 2,50.000,33208,12908397.0,61.674776,1649905.2,391.2840724,IT=25;25 ,ii
25095,UP 2,50.000,32444,13554087.0,61.678942,1707556.2,391.2840138,IT=25;25 ,ii
25096,UP 2,50.000,31968,13096950.0,61.683111,1557357.9,391.2840882,IT=25;25 ,ii
25097,UP 2,50.000,33896,13555591.0,61.687113,1703800.9,391.2839456,IT=25;25 ,ii
25098,UP 2,50.000,32444,13283515.0,61.691282,1646891.2,391.2840347,IT=25;25 ,ii
25099,UP 2,50.000,35644,13264856.0,61.695463,1605359.9,391.2840625,IT=25;25 ,ii
25100,UP 2,50.000,31080,13005193.0,61.699646,1616481.8,391.2840363,IT=25;25 ,ii
25101,UP 2,50.000,32964,13594194.0,61.703825,1709461.4,391.283992,IT=25;25 ,ii
25102,UP 2,50.000,32432,13673831.0,61.707834,1649893.1,391.2838437,IT=25;25 ,ii
25103,UP 2,50.000,33052,13464262.0,61.712004,1685225.4,391.284009,IT=25;25 ,ii
25104,UP 2,50.000,32396,13256384.0,61.716186,1632936.5,391.284002,IT=25;25 ,ii
25105,UP 2,50.000,31624,13026591.0,61.720363,1614256.9,391.2839974,IT=25;25 ,ii
25106,UP 2,50.000,31700,13262179.0,61.724371,1603325.9,391.2839352,IT=25;25 ,ii
25107,UP 2,50.000,34308,13636551.0,61.728554,1694431.6,391.2839255,IT=25;25 ,ii
25108,UP 2,50.000,34536,13088967.0,61.732731,1619754.1,391.2839864,IT=25;25 ,ii
25109,UP 2,50.000,31324,13091568.0,61.736921,1575181.8,391.2839234,IT=25;25 ,ii
25110,UP 2,50.000,33168,13430776.0,61.74094,1660574.9,391.283888,IT=25;25 ,ii
25111,UP 2,50.000,33984,13281103.0,61.745119,1611749.2,391.2839508,IT=25;25 ,ii
25112,UP 2,50.000,33268,13431045.0,61.749288,1670889.2,391.2839346,IT=25;25 ,ii
25113,UP 2,50.000,31192,13586201.0,61.753456,1708615.9,391.2840028,IT=25;25 ,ii
25114,UP 2,50.000,33668,13506840.0,61.757923,1609597.8,391.284016,IT=25;25 ,ii
25115,UP 2,50.000,32256,13880883.0,61.76209,1717720.2,391.2839001,IT=25;25 ,ii
25116,UP 2,50.000,35080,14074122.0,61.766262,1697058.9,391.2839419,IT=25;25 ,ii
25117,UP 2,50.000,33312,13708676.0,61.770429,1695109.2,391.2838814,IT=25;25 ,ii
25118,UP 2,50.000,33240,14425315.0,61.774598,1809825.4,391.2837385,IT=25;25 ,ii
25119,UP 2,50.000,32096,13869527.0,61.778767,1706763.8,391.2838933,IT=25;25 ,ii
25120,UP 2,50.000,30344,13612938.0,61.782775,1696827.6,391.2838846,IT=25;25 ,ii
25121,UP 2,50.000,32596,13737124.0,61.786937,1695699.8,391.2838816,IT=25;25 ,ii
25122,UP 2,50.000,35200,13892338.0,61.791108,1638452.5,391.2839254,IT=25;25 ,ii
25123,UP 2,50.000,34460,13445234.0,61.795277,1599977.1,391.2839689,IT=25;25 ,ii
25124,UP 2,50.000,34496,13811424.0,61.799275,1685876.2,391.2839834,IT=25;25 ,ii
25125,UP 2,50.000,34596,14412523.0,61.803441,1777159.6,391.2838855,IT=25;25 ,ii
25126,UP 2,50.000,34216,13786146.0,61.807614,1629471.4,391.2839547,IT=25;25 ,ii
25127,UP 2,50.000,35500,14176671.0,61.811781,1736477.5,391.2839318,IT=25;25 ,ii
25128,UP 2,50.000,34796,14102313.0,61.81595,1717552.6,391.2838882,IT=25;25 ,ii
25129,UP 2,50.000,30628,13986056.0,61.81995,1753361.5,391.2837659,IT=25;25 ,ii
25130,UP 2,50.000,35800,14712198.0,61.82412,1768211.0,391.2838311,IT=25;25 ,ii
25131,UP 2,50.000,34548,13900319.0,61.828289,1696554.0,391.284088,IT=25;25 ,ii
25132,UP 2,50.000,36568,14180945.0,61.832458,1783766.0,391.2839574,IT=25;25 ,ii
25133,UP 2,50.000,33636,14482005.0,61.836458,1773388.0,391.2839744,IT=25;25 ,ii
25134,UP 2,50.000,33312,13848083.0,61.840916,1656606.9,391.283917,IT=25;25 ,ii
25135,UP 2,50.000,34460,14068422.0,61.845085,1690095.9,391.2840061,IT=25;25 ,ii
25136,UP 2,50.000,32668,14037961.0,61.849256,1713101.4,391.2838995,IT=25;25 ,ii
25137,UP 2,50.000,33300,14313334.0,61.853424,1757591.5,391.2838864,IT=25;25 ,ii
25138,UP 2,50.000,31908,13874390.0,61.857433,1696832.0,391.2839385,IT=25;25 ,ii
25139,UP 2,50.000,30980,13777064.0,61.861597,1701930.6,391.2839719,IT=25;25 ,ii
25140,UP 2,50.000,32860,13924059.0,61.865774,1698625.0,391.283856,IT=25;25 ,ii
25141,UP 2,50.000,35236,14609547.0,61.869953,1788638.5,391.2839032,IT=25;25 ,ii
25142,UP 2,50.000,32828,13820803.0,61.873962,1614581.9,391.2839233,IT=25;25 ,ii
25143,UP 2,50.000,32796,14254261.0,61.878141,1736739.6,391.2839287,IT=25;25 ,ii
25144,UP 2,50.000,33180,14571770.0,61.882318,1799907.5,391.2838873,IT=25;25 ,ii
25145,UP 2,50.000,33028,13968589.0,61.886499,1720995.0,391.2840202,IT=25;25 ,ii
25146,UP 2,50.000,35044,14013114.0,61.89068,1652584.1,391.2837358,IT=25;25 ,ii
25147,UP 2,50.000,35192,13968501.0,61.894689,1668588.9,391.2839209,IT=25;25 ,ii
25148,UP 2,50.000,32224,14635256.0,61.898857,1872487.8,391.2838364,IT=25;25 ,ii
25149,UP 2,50.000,33320,14439736.0,61.903036,1782518.9,391.2839314,IT=25;25 ,ii
25150,UP 2,50.000,36556,14239146.0,61.907218,1679006.6,391.283884,IT=25;25 ,ii
25151,UP 2,50.000,31680,14281656.0,61.911226,1795225.1,391.2838573,IT=25;25 ,ii
25152,UP 2,50.000,33136,14216577.0,61.915409,1673084.9,391.2838016,IT=25;25 ,ii
25153,UP 2,50.000,32676,14798742.0,61.919588,1811704.4,391.2838472,IT=25;25 ,ii
25154,UP 2,50.000,34916,15158729.0,61.924057,1814351.2,391.2837453,IT=25;25 ,ii
25155,UP 2,50.000,32340,14217086.0,61.92823,1721411.6,391.2838697,IT=25;25 ,ii
25156,UP 2,50.000,32872,14194729.0,61.932228,1705756.4,391.2839398,IT=25;25 ,ii
25157,UP 2,50.000,35664,15079279.0,61.93639,1852029.5,391.2838366,IT=25;25 ,ii
25158,UP 2,50.000,32660,14431179.0,61.940557,1760394.6,391.2838764,IT=25;25 ,ii
25159,UP 2,50.000,32756,14478542.0,61.944732,1769638.6,391.2838858,IT=25;25 ,ii
25160,UP 2,50.000,33688,14810472.0,61.948738,1763504.5,391.2839128,IT=25;25 ,ii
25161,UP 2,50.000,33280,14582840.0,61.952911,1825821.8,391.2838739,IT=25;25 ,ii
25162,UP 2,50.000,32004,13978290.0,61.957076,1664837.5,391.2838614,IT=25;25 ,ii
25163,UP 2,50.000,36860,14919760.0,61.961244,1774165.4,391.2838441,IT=25;25 ,ii
25164,UP 2,50.000,36144,15390252.0,61.965422,1867027.1,391.2837558,IT=25;25 ,ii
25165,UP 2,50.000,34740,15154418.0,61.969434,1841476.4,391.2839267,IT=25;25 ,ii
25166,UP 2,50.000,33952,15121370.0,61.973599,1843593.9,391.2838411,IT=25;25 ,ii
25167,UP 2,50.000,33592,15181651.0,61.97778,1850552.9,391.2837799,IT=25;25 ,ii
25168,UP 2,50.000,33688,15078801.0,61.981961,1759915.9,391.2837527,IT=25;25 ,ii
25169,UP 2,50.000,33460,15557372.0,61.985971,1933982.4,391.2837993,IT=25;25 ,ii
25170,UP 2,50.000,35232,15015196.0,61.990148,1801573.0,391.2838711,IT=25;25 ,ii
25171,UP 2,50.000,32444,15301240.0,61.99433,1864704.1,391.2837858,IT=25;25 ,ii
25172,UP 2,50.000,34384,15080257.0,61.998509,1896527.6,391.2838355,IT=25;25 ,ii
25173,UP 2,50.000,32584,15123537.0,62.002688,1850259.8,391.2837261,IT=25;25 ,ii
25174,UP 2,50.000,33072,14705635.0,62.006698,1788354.9,391.283801,IT=25;25 ,ii
25175,UP 2,50.000,35896,15525558.0,62.011163,1912620.5,391.2836798,IT=25;25 ,ii
25176,UP 2,50.000,37400,15314721.0,62.015342,1802674.9,391.2837937,IT=25;25 ,ii
25177,UP 2,49.960,34376,15683991.0,62.019509,1939779.9,391.2836914,IT=25;25 ,ii
25178,UP 2,50.000,34696,15367139.0,62.023519,1872492.8,391.2837695,IT=25;25 ,ii
25179,UP 2,49.293,34168,16188384.0,62.027686,2048011.1,391.2836663,IT=25;25 ,ii
25180,UP 2,50.000,34280,15573255.0,62.031879,1836720.2,391.2837579,IT=25;25 ,ii
25181,UP 2,50.000,32836,15504234.0,62.036065,1843181.0,391.283655,IT=25;25 ,ii
25182,UP 2,50.000,32708,15694998.0,62.040238,1953339.0,391.2837692,IT=25;25 ,ii
25183,UP 2,50.000,31448,15063440.0,62.04424,1876471.8,391.2837404,IT=25;25 ,ii
25184,UP 2,50.000,35056,15666545.0,62.048402,1903903.9,391.2837535,IT=25;25 ,ii
25185,UP 2,49.180,33840,15842586.0,62.052558,1964997.5,391.2837232,IT=25;25 ,ii
25186,UP 2,50.000,33984,15163923.0,62.056746,1834583.0,391.2838752,IT=25;25 ,ii
25187,UP 2,50.000,35400,15519866.0,62.060752,1853190.2,391.2837687,IT=25;25 ,ii
25188,UP 2,48.301,32564,15320901.0,62.064898,1903864.6,391.2837621,IT=24;24 ,ii
25189,UP 2,50.000,32336,14830715.0,62.06909,1806995.4,391.2839761,IT=25;25 ,ii
25190,UP 2,50.000,37432,15992029.0,62.073256,1927761.2,391.2838592,IT=25;25 ,ii
25191,UP 2,49.573,32992,15930683.0,62.077419,1965465.0,391.2837152,IT=25;25 ,ii
25192,UP 2,50.000,34656,15897714.0,62.081427,1912255.2,391.2837595,IT=25;25 ,ii
25193,UP 2,48.703,32448,16004057.0,62.085575,2027882.8,391.283763,IT=24;24 ,ii
25194,UP 2,48.291,33960,15438440.0,62.089754,1862534.6,391.2835646,IT=24;24 ,ii
25195,UP 2,50.000,33572,15774962.0,62.09421,1910828.0,391.2837758,IT=25;25 ,ii
25196,UP 2,48.851,35516,15708235.0,62.098375,1856096.0,391.283742,IT=24;24 ,ii
25197,UP 2,50.000,33984,15887944.0,62.102396,1958193.5,391.2837201,IT=25;25 ,ii
25198,UP 2,49.246,34624,15757747.0,62.106552,1908644.9,391.2836717,IT=25;25 ,ii
25199,UP 2,50.000,33528,15304581.0,62.110745,1819110.0,391.2837765,IT=25;25 ,ii
25200,UP 2,49.244,32380,15154156.0,62.114912,1850947.6,391.2838057,IT=25;25 ,ii
25201,UP 2,50.000,34744,16453890.0,62.119104,2031392.1,391.2836426,IT=25;25 ,ii
25202,UP 2,49.829,37392,16511936.0,62.123268,1949784.9,391.283604,IT=25;25 ,ii
25203,UP 2,49.253,32196,15831505.0,62.127431,1929212.4,391.2837094,IT=25;25 ,ii
25204,UP 2,50.000,33484,15953454.0,62.131614,1949281.1,391.283644,IT=25;25 ,ii
25205,UP 2,49.518,35384,16355736.0,62.135608,1954431.2,391.2836229,IT=25;25 ,ii
25206,UP 2,50.000,35120,16265796.0,62.139787,1981380.9,391.2836295,IT=25;25 ,ii
25207,UP 2,50.000,33936,16054842.0,62.143958,1999051.4,391.2836582,IT=25;25 ,ii
25208,UP 2,50.000,34272,16052384.0,62.148135,1994010.6,391.2837177,IT=25;25 ,ii
25209,UP 2,50.000,33972,15989972.0,62.152297,1934366.6,391.2837138,IT=25;25 ,ii
25210,UP 2,50.000,32976,15680790.0,62.156297,1917059.2,391.2837494,IT=25;25 ,ii
25211,UP 2,50.000,33728,16470511.0,62.160466,2017569.9,391.2836763,IT=25;25 ,ii
25212,UP 2,50.000,34448,16154022.0,62.164635,1966702.0,391.2837399,IT=25;25 ,ii
25213,UP 2,50.000,31808,15724743.0,62.168804,1968408.8,391.2836921,IT=25;25 ,ii
25214,UP 2,50.000,35084,16624663.0,62.172803,1982618.4,391.2836968,IT=25;25 ,ii
25215,UP 2,50.000,32692,15485360.0,62.177256,1945941.0,391.283689,IT=25;25 ,ii
25216,UP 2,50.000,31960,15529932.0,62.181424,1941945.8,391.2836607,IT=25;25 ,ii
25217,UP 2,50.000,34312,16381399.0,62.185595,2030682.9,391.2835989,IT=25;25 ,ii
25218,UP 2,49.042,33444,16151968.0,62.189747,1959176.8,391.2837524,IT=25;25 ,ii
25219,UP 2,50.000,33776,15688013.0,62.193764,1992270.0,391.2837102,IT=25;25 ,ii
25220,UP 2,50.000,33980,16175266.0,62.197935,1953516.5,391.2836516,IT=25;25 ,ii
25221,UP 2,49.779,31912,15884624.0,62.202112,1934087.0,391.2837053,IT=25;25 ,ii
25222,UP 2,50.000,31168,15837096.0,62.206287,1978449.9,391.2836504,IT=25;25 ,ii
25223,UP 2,50.000,34912,15636436.0,62.210287,1962074.0,391.2837471,IT=25;25 ,ii
25224,UP 2,48.756,32296,16115446.0,62.214437,1988922.5,391.2836871,IT=24;24 ,ii
25225,UP 2,49.428,32124,16113296.0,62.218628,2004394.2,391.2836647,IT=25;25 ,ii
25226,UP 2,47.174,32436,16786520.0,62.22277,2088927.9,391.2836272,IT=24;24 ,ii
25227,UP 2,50.000,33836,15900971.0,62.227001,1965639.5,391.2837167,IT=25;25 ,ii
25228,UP 2,49.141,34552,16433486.0,62.230997,1960597.9,391.2836965,IT=25;25 ,ii
25229,UP 2,50.000,31472,16301273.0,62.235178,2081392.6,391.2836586,IT=25;25 ,ii
25230,UP 2,47.301,32560,15977104.0,62.239309,1955245.2,391.2837907,IT=24;24 ,ii
25231,UP 2,46.324,32532,16530858.0,62.24348,2014032.8,391.2836472,IT=23;23 ,ii
25232,UP 2,50.000,34900,16745063.0,62.247551,2066305.1,391.2836654,IT=25;25 ,ii
25233,UP 2,50.000,32284,16439601.0,62.25173,2065650.0,391.2837601,IT=25;25 ,ii
25234,UP 2,50.000,33948,16224936.0,62.255911,1969692.0,391.2837591,IT=25;25 ,ii
25235,UP 2,50.000,32064,16119629.0,62.260372,2032599.9,391.2837372,IT=25;25 ,ii
25236,UP 2,48.724,33552,16398931.0,62.26453,1995478.9,391.2837227,IT=24;24 ,ii
25237,UP 2,50.000,32132,16433425.0,62.268553,2070003.0,391.2836412,IT=25;25 ,ii
25238,UP 2,49.909,32376,16872570.0,62.272717,2029629.4,391.2836302,IT=25;25 ,ii
25239,UP 2,48.494,31936,16883498.0,62.276865,2080161.5,391.2836801,IT=24;24 ,ii
25240,UP 2,48.105,32472,16479353.0,62.28103,1962996.8,391.2837944,IT=24;24 ,ii
25241,UP 2,46.761,29200,16043644.0,62.285192,2039778.9,391.2837888,IT=23;23 ,ii
25242,UP 2,50.000,31432,15953862.0,62.289259,1978228.1,391.2839115,IT=25;25 ,ii
25243,UP 2,46.761,31560,16993318.0,62.293376,2076285.4,391.2838671,IT=23;23 ,ii
25244,UP 2,48.892,33020,16564485.0,62.297592,1992969.1,391.2837849,IT=24;24 ,ii
25245,UP 2,48.000,32060,16908734.0,62.301755,2096135.9,391.2837713,IT=24;24 ,ii
25246,UP 2,47.837,34360,17119496.0,62.305751,2082460.0,391.2837804,IT=24;24 ,ii
25247,UP 2,48.242,34216,17043986.0,62.309927,2045359.4,391.2837671,IT=24;24 ,ii
25248,UP 2,50.000,33204,17085894.0,62.31413,2117621.8,391.2837001,IT=25;25 ,ii
25249,UP 2,49.603,35452,17012788.0,62.318296,2026032.5,391.2837008,IT=25;25 ,ii
25250,UP 2,50.000,35372,16993088.0,62.322305,2068936.2,391.2837828,IT=25;25 ,ii
25251,UP 2,50.000,34664,16692316.0,62.326473,1979121.5,391.2837889,IT=25;25 ,ii
25252,UP 2,47.099,32608,16998458.0,62.330598,2087710.2,391.283745,IT=24;24 ,ii
25253,UP 2,47.251,32436,16883218.0,62.334788,2092191.4,391.2837626,IT=24;24 ,ii
25254,UP 2,50.000,31176,15962443.0,62.339017,1938832.6,391.283811,IT=25;25 ,ii
25255,UP 2,50.000,33968,16803878.0,62.343473,2046255.8,391.2836457,IT=25;25 ,ii
25256,UP 2,50.000,33572,16997568.0,62.347644,2087022.1,391.2836723,IT=25;25 ,ii
25257,UP 2,48.133,30072,15999012.0,62.351784,1975408.1,391.2836766,IT=24;24 ,ii
25258,UP 2,50.000,32792,16798510.0,62.355986,2073404.0,391.2836035,IT=25;25 ,ii
25259,UP 2,48.521,33052,17277874.0,62.360129,2099719.8,391.28362,IT=24;24 ,ii
25260,UP 2,47.885,32180,16063418.0,62.364125,1949462.1,391.2837539,IT=24;24 ,ii
25261,UP 2,50.000,32516,16550207.0,62.368325,1996828.0,391.2836953,IT=25;25 ,ii
25262,UP 2,50.000,32912,16152341.0,62.372494,1982893.8,391.2837693,IT=25;25 ,ii
25263,UP 2,50.000,34376,17236832.0,62.376665,2090687.4,391.2836556,IT=25;25 ,ii
25264,UP 2,48.950,32516,16148448.0,62.380646,1926391.1,391.2836956,IT=24;24 ,ii
25265,UP 2,48.765,32828,16760896.0,62.384817,2081467.4,391.2837033,IT=24;24 ,ii
25266,UP 2,50.000,31360,16369655.0,62.389015,1966161.9,391.2836788,IT=25;25 ,ii
25267,UP 2,50.000,34656,16740617.0,62.393183,2086976.8,391.2837315,IT=25;25 ,ii
25268,UP 2,46.860,31024,16269918.0,62.3973,1984645.8,391.2837903,IT=23;23 ,ii
25269,UP 2,48.695,34308,16903472.0,62.401504,2080064.8,391.2836671,IT=24;24 ,ii
25270,UP 2,45.531,32440,17442010.0,62.405621,2168828.8,391.2836536,IT=23;23 ,ii
25271,UP 2,45.630,30684,16653619.0,62.409798,2105875.2,391.2838054,IT=23;23 ,ii
25272,UP 2,47.873,31332,16873322.0,62.41401,2009518.8,391.2837027,IT=24;24 ,ii
25273,UP 2,50.000,34472,17075570.0,62.418046,2075927.8,391.2836444,IT=25;25 ,ii
25274,UP 2,44.983,31132,17222490.0,62.422133,2120397.8,391.2837732,IT=22;22 ,ii
25275,UP 2,48.110,32388,16719741.0,62.426571,2061264.6,391.2837369,IT=24;24 ,ii
25276,UP 2,48.866,31988,16653656.0,62.430756,2040496.0,391.2837713,IT=24;24 ,ii
25277,UP 2,46.640,30608,16906596.0,62.434887,2051126.0,391.2837608,IT=23;23 ,ii
25278,UP 2,47.235,31452,17054662.0,62.4389,2110866.2,391.2836308,IT=24;24 ,ii
25279,UP 2,45.603,30792,16773986.0,62.443047,2098006.5,391.2836199,IT=23;23 ,ii
25280,UP 2,49.625,34280,17162384.0,62.447302,2004699.5,391.2836062,IT=25;25 ,ii
25281,UP 2,46.571,31760,17026910.0,62.451429,2074397.9,391.2835863,IT=23;23 ,ii
25282,UP 2,46.624,31648,17326664.0,62.455433,2145659.2,391.2835574,IT=23;23 ,ii
25283,UP 2,46.841,32140,17376496.0,62.459624,2129299.2,391.2835737,IT=23;23 ,ii
25284,UP 2,50.000,32156,16693737.0,62.463847,1982404.5,391.2836069,IT=25;25 ,ii
25285,UP 2,46.945,32404,16649615.0,62.467966,2013359.1,391.2836437,IT=23;23 ,ii
25286,UP 2,48.009,32628,17203908.0,62.472158,2091572.4,391.2835515,IT=24;24 ,ii
25287,UP 2,45.885,33732,17584672.0,62.476122,2169697.8,391.2835696,IT=23;23 ,ii
25288,UP 2,47.765,31588,17240950.0,62.480328,2171013.5,391.2835973,IT=24;24 ,ii
25289,UP 2,46.148,31472,17428314.0,62.484474,2195393.2,391.2835975,IT=23;23 ,ii
25290,UP 2,47.276,33248,16990754.0,62.488668,2085010.6,391.2835926,IT=24;24 ,ii
25291,UP 2,50.000,35740,17047636.0,62.492722,2008338.2,391.2834867,IT=25;25 ,ii
25292,UP 2,48.192,30592,16028954.0,62.496862,1984737.5,391.2836654,IT=24;24 ,ii
25293,UP 2,47.260,29092,15854202.0,62.50103,2027050.6,391.2837165,IT=24;24 ,ii
25294,UP 2,44.810,27784,16142521.0,62.505172,2047232.4,391.2835669,IT=22;22 ,ii
25295,UP 2,46.989,31192,16600368.0,62.509593,2012872.8,391.2836242,IT=23;23 ,ii
25296,UP 2,49.327,33280,16853144.0,62.513809,2069005.8,391.283492,IT=25;25 ,ii
25297,UP 2,50.000,32884,17071858.0,62.517993,2029983.1,391.2835347,IT=25;25 ,ii
25298,UP 2,46.575,29872,16877006.0,62.522103,2089923.5,391.2835596,IT=23;23 ,ii
25299,UP 2,47.531,32140,16839364.0,62.526305,2160764.8,391.2835511,IT=24;24 ,ii
25300,UP 2,50.000,32416,16850528.0,62.530353,2070306.4,391.2834702,IT=25;25 ,ii
25301,UP 2,48.242,30296,16329124.0,62.534497,2078179.8,391.283534,IT=24;24 ,ii
25302,UP 2,45.085,32504,16248007.0,62.538616,2043413.9,391.2836697,IT=23;23 ,ii
25303,UP 2,46.802,32620,16606739.0,62.542818,2000763.0,391.2836121,IT=23;23 ,ii
25304,UP 2,45.393,31952,17111314.0,62.54697,2050405.5,391.2835268,IT=23;23 ,ii
25305,UP 2,47.677,29340,15953904.0,62.551007,2059243.1,391.2836511,IT=24;24 ,ii
25306,UP 2,50.000,31548,15732650.0,62.55522,1941444.5,391.2836746,IT=25;25 ,ii
25307,UP 2,50.000,31916,15786308.0,62.559386,1905054.0,391.2837575,IT=25;25 ,ii
25308,UP 2,47.388,29176,16189009.0,62.563511,1993744.0,391.2837245,IT=24;24 ,ii
25309,UP 2,47.675,30172,17432158.0,62.567515,2214271.2,391.2834968,IT=24;24 ,ii
25310,UP 2,50.000,30628,16145832.0,62.571726,2011720.0,391.2837421,IT=25;25 ,ii
25311,UP 2,47.222,31196,16022724.0,62.575849,1941916.2,391.2836987,IT=24;24 ,ii
25312,UP 2,50.000,31368,16247149.0,62.580067,2090159.9,391.2837428,IT=25;25 ,ii
25313,UP 2,46.839,33060,17042124.0,62.584182,2100507.8,391.2835589,IT=23;23 ,ii
25314,UP 2,50.000,31064,16034068.0,62.588234,1978509.4,391.2837421,IT=25;25 ,ii
25315,UP 2,48.933,32872,16463715.0,62.592676,1978568.1,391.2835683,IT=24;24 ,ii
25316,UP 2,49.558,29176,16834164.0,62.596855,2109444.0,391.2835527,IT=25;25 ,ii
25317,UP 2,49.645,32080,17729544.0,62.601026,2187151.5,391.283609,IT=25;25 ,ii
25318,UP 2,50.000,30528,15527991.0,62.605036,1888968.0,391.2837117,IT=25;25 ,ii
25319,UP 2,50.000,30408,15963184.0,62.609209,1989190.6,391.2837078,IT=25;25 ,ii
25320,UP 2,49.513,32788,16525734.0,62.613378,2037539.8,391.2836766,IT=25;25 ,ii
25321,UP 2,46.069,30684,17159632.0,62.617503,2152540.5,391.2835888,IT=23;23 ,ii
25322,UP 2,50.000,31612,16552664.0,62.621753,2113488.8,391.283683,IT=25;25 ,ii
25323,UP 2,46.740,31060,17705516.0,62.625707,2142792.2,391.2835862,IT=23;23 ,ii
25324,UP 2,50.000,29820,16424829.0,62.629934,1977125.5,391.2835446,IT=25;25 ,ii
25325,UP 2,48.332,32992,17475556.0,62.634086,2132347.0,391.2835247,IT=24;24 ,ii
25326,UP 2,48.592,29824,16951710.0,62.638265,2089575.4,391.2835618,IT=24;24 ,ii
25327,UP 2,47.349,29604,16984110.0,62.642259,2126495.8,391.2835654,IT=24;24 ,ii
25328,UP 2,46.433,31408,16815536.0,62.646427,2099684.5,391.2835433,IT=23;23 ,ii
25329,UP 2,46.201,30536,16655619.0,62.650609,2016189.1,391.2836916,IT=23;23 ,ii
25330,UP 2,49.980,34292,17867752.0,62.654859,2115326.2,391.2835646,IT=25;25 ,ii
25331,UP 2,48.705,30708,15883149.0,62.659015,1988487.4,391.2837947,IT=24;24 ,ii
25332,UP 2,50.000,31276,16214063.0,62.663034,2007984.0,391.2837194,IT=25;25 ,ii
25333,UP 2,46.575,34080,18370766.0,62.667142,2271905.2,391.2835803,IT=23;23 ,ii
25334,UP 2,48.934,28048,15986046.0,62.671358,1972177.8,391.2837754,IT=24;24 ,ii
25335,UP 2,49.668,29508,16830366.0,62.67581,2132144.2,391.2835791,IT=25;25 ,ii
25336,UP 2,45.036,32148,17779672.0,62.679913,2240424.5,391.2837546,IT=23;23 ,ii
25337,UP 2,50.000,31908,16500538.0,62.683994,2045521.5,391.2837913,IT=25;25 ,ii
25338,UP 2,47.304,30456,16514979.0,62.688123,2054180.4,391.2836984,IT=24;24 ,ii
25339,UP 2,50.000,31784,16160423.0,62.692337,1998655.0,391.2838037,IT=25;25 ,ii
25340,UP 2,50.000,32044,17262284.0,62.696517,2114070.0,391.2836064,IT=25;25 ,ii
25341,UP 2,49.011,28376,15824161.0,62.700669,1979246.4,391.2838388,IT=25;25 ,ii
25342,UP 2,48.049,29852,16616355.0,62.704823,2080688.4,391.2837525,IT=24;24 ,ii
25343,UP 2,50.000,32868,16968480.0,62.709042,2101832.8,391.283728,IT=25;25 ,ii
25344,UP 2,50.000,30768,15722798.0,62.713208,1905296.5,391.2839581,IT=25;25 ,ii
25345,UP 2,50.000,31072,15638120.0,62.717375,1963922.1,391.283873,IT=25;25 ,ii
25346,UP 2,45.095,29888,16916336.0,62.721291,2086782.9,391.2837443,IT=23;23 ,ii
25347,UP 2,45.964,29372,16596209.0,62.725479,2123103.8,391.2837496,IT=23;23 ,ii
25348,UP 2,50.000,30280,16053856.0,62.729723,1973006.5,391.2837444,IT=25;25 ,ii
25349,UP 2,50.000,33320,16904884.0,62.733889,2069624.9,391.2836818,IT=25;25 ,ii
25350,UP 2,50.000,29592,15829064.0,62.737891,1989572.8,391.2837213,IT=25;25 ,ii
25351,UP 2,45.567,30136,16584591.0,62.741985,1992166.9,391.2837325,IT=23;23 ,ii
25352,UP 2,48.107,31820,17240690.0,62.746204,2150959.2,391.2836353,IT=24;24 ,ii
25353,UP 2,46.550,28700,16645989.0,62.750348,2086154.2,391.2837249,IT=23;23 ,ii
25354,UP 2,45.115,29144,16912612.0,62.754329,2121219.8,391.2836867,IT=23;23 ,ii
25355,UP 2,47.468,29380,16699149.0,62.758739,2113613.8,391.283659,IT=24;24 ,ii
25356,UP 2,45.652,32464,17497960.0,62.762885,2220245.5,391.2836247,IT=23;23 ,ii
25357,UP 2,47.462,31060,16489801.0,62.767095,2037200.4,391.2837799,IT=24;24 ,ii
25358,UP 2,50.000,30304,16412563.0,62.771322,2057264.0,391.2837021,IT=25;25 ,ii
25359,UP 2,46.735,29796,17026862.0,62.775279,2133427.2,391.2837581,IT=23;23 ,ii
25360,UP 2,50.000,30276,16630871.0,62.779512,2095438.6,391.2836848,IT=25;25 ,ii
25361,UP 2,48.871,29632,15537984.0,62.783678,1938092.0,391.2837668,IT=24;24 ,ii
25362,UP 2,46.240,29020,17329050.0,62.787806,2261464.8,391.2835815,IT=23;23 ,ii
25363,UP 2,50.000,30504,17526360.0,62.792043,2189246.0,391.28351,IT=25;25 ,ii
25364,UP 2,46.473,29504,18041168.0,62.795995,2293688.2,391.2835324,IT=23;23 ,ii
25365,UP 2,44.122,28796,16842726.0,62.80013,2145711.8,391.2837895,IT=22;22 ,ii
25366,UP 2,48.710,31300,16330238.0,62.804387,2010834.0,391.2838852,IT=24;24 ,ii
25367,UP 2,48.069,29360,16573264.0,62.80856,2056394.6,391.2839257,IT=24;24 ,ii
25368,UP 2,44.210,29552,18029158.0,62.812503,2200373.2,391.2836011,IT=22;22 ,ii
25369,UP 2,47.129,30272,17910180.0,62.816739,2261532.0,391.2835882,IT=24;24 ,ii
25370,UP 2,48.077,30692,17471924.0,62.820941,2162612.5,391.2837176,IT=24;24 ,ii
25371,UP 2,44.257,28436,17723564.0,62.825062,2240581.5,391.2837228,IT=22;22 ,ii
25372,UP 2,47.438,29520,16814020.0,62.829297,2127149.2,391.2838382,IT=24;24 ,ii
25373,UP 2,46.235,29796,17460744.0,62.833289,2203661.5,391.2837461,IT=23;23 ,ii
25374,UP 2,50.000,32728,17446586.0,62.837537,2063531.9,391.2836685,IT=25;25 ,ii
25375,UP 2,47.964,29916,17154620.0,62.841966,2180541.5,391.283808,IT=24;24 ,ii
25376,UP 2,47.678,29060,16112930.0,62.846145,2009874.2,391.283859,IT=24;24 ,ii
25377,UP 2,50.000,31192,17044878.0,62.850189,2111881.8,391.2837409,IT=25;25 ,ii
25378,UP 2,44.643,31728,17899626.0,62.854274,2167917.0,391.2837441,IT=22;22 ,ii
25379,UP 2,44.840,31392,17993462.0,62.858453,2205330.0,391.2837499,IT=22;22 ,ii
25380,UP 2,48.794,30676,17133328.0,62.862697,2165975.5,391.2837538,IT=24;24 ,ii
25381,UP 2,45.956,29196,16730428.0,62.866824,2122619.8,391.2838458,IT=23;23 ,ii
25382,UP 2,45.890,29484,17761528.0,62.870826,2187966.8,391.2836467,IT=23;23 ,ii
25383,UP 2,43.550,30964,17964534.0,62.874959,2192391.2,391.2836723,IT=22;22 ,ii
25384,UP 2,45.385,29844,17491496.0,62.879168,2142817.2,391.2836417,IT=23;23 ,ii
25385,UP 2,45.941,31220,18007666.0,62.883359,2222766.8,391.2836494,IT=23;23 ,ii
25386,UP 2,46.901,30208,17909038.0,62.887376,2243213.0,391.2835642,IT=23;23 ,ii
25387,UP 2,46.238,30388,17711534.0,62.891536,2251007.0,391.2837226,IT=23;23 ,ii
25388,UP 2,44.191,29288,17478912.0,62.895676,2135889.0,391.2836673,IT=22;22 ,ii
25389,UP 2,46.413,31536,17920708.0,62.899888,2220946.8,391.2836487,IT=23;23 ,ii
25390,UP 2,45.390,28944,16657392.0,62.904055,2093048.4,391.2837318,IT=23;23 ,ii
25391,UP 2,44.451,32904,17922846.0,62.90804,2155629.0,391.2837112,IT=22;22 ,ii
25392,UP 2,47.659,31940,17365544.0,62.912267,2129301.0,391.2836853,IT=24;24 ,ii
25393,UP 2,43.821,30932,17998872.0,62.916373,2220589.0,391.2836101,IT=22;22 ,ii
25394,UP 2,44.338,28512,17403570.0,62.920559,2175346.5,391.2836497,IT=22;22 ,ii
25395,UP 2,42.965,29184,18343030.0,62.924898,2339217.8,391.283633,IT=21;21 ,ii
25396,UP 2,44.345,30504,18051116.0,62.929105,2249949.8,391.2836717,IT=22;22 ,ii
25397,UP 2,46.047,30920,18183220.0,62.933309,2229404.0,391.2836086,IT=23;23 ,ii
25398,UP 2,44.835,29992,18251796.0,62.937465,2356506.0,391.28364,IT=22;22 ,ii
25399,UP 2,41.554,28052,18595756.0,62.941584,2420384.0,391.2835936,IT=21;21 ,ii
25400,UP 2,44.655,29660,18178504.0,62.94564,2189344.0,391.2836334,IT=22;22 ,ii
25401,UP 2,44.900,28292,18190528.0,62.949815,2308734.2,391.2835616,IT=22;22 ,ii
25402,UP 2,45.068,29680,17614128.0,62.95399,2152491.0,391.2837319,IT=23;23 ,ii
25403,UP 2,45.801,33016,18563880.0,62.958182,2218820.0,391.2836658,IT=23;23 ,ii
25404,UP 2,43.357,28524,18140008.0,62.962138,2328013.0,391.2836754,IT=22;22 ,ii
25405,UP 2,44.251,30640,17553778.0,62.966327,2143763.5,391.2836909,IT=22;22 ,ii
25406,UP 2,42.894,30996,18292236.0,62.970479,2302760.5,391.2836196,IT=21;21 ,ii
25407,UP 2,42.794,29104,18605376.0,62.97465,2245480.0,391.2836633,IT=21;21 ,ii
25408,UP 2,43.855,29348,18410752.0,62.978842,2284068.8,391.2836677,IT=22;22 ,ii
25409,UP 2,46.952,30596,18639112.0,62.982902,2345300.0,391.2836259,IT=23;23 ,ii
25410,UP 2,43.324,27900,18066052.0,62.987017,2179740.0,391.2836646,IT=22;22 ,ii
25411,UP 2,44.714,29696,18378048.0,62.991217,2339067.0,391.283628,IT=22;22 ,ii
25412,UP 2,43.386,29996,18199246.0,62.995369,2260574.0,391.2836604,IT=22;22 ,ii
25413,UP 2,46.174,33008,18605750.0,62.999413,2256658.5,391.283606,IT=23;23 ,ii
25414,UP 2,44.828,31840,18551242.0,63.003565,2323517.8,391.2835893,IT=22;22 ,ii
25415,UP 2,44.240,31864,18397528.0,63.007925,2290074.0,391.283594,IT=22;22 ,ii
25416,UP 2,43.845,29128,18107702.0,63.01209,2242107.5,391.2837154,IT=22;22 ,ii
25417,UP 2,42.738,29124,19340060.0,63.016246,2431041.5,391.2835103,IT=21;21 ,ii
25418,UP 2,43.343,29240,18482446.0,63.020256,2269723.2,391.2835906,IT=22;22 ,ii
25419,UP 2,43.137,31352,18807532.0,63.024425,2294116.5,391.2835871,IT=22;22 ,ii
25420,UP 2,43.763,30516,18538214.0,63.028621,2280733.0,391.2836148,IT=22;22 ,ii
25421,UP 2,43.452,29268,17633342.0,63.0328,2185006.5,391.2836504,IT=22;22 ,ii
25422,UP 2,45.237,30484,18777642.0,63.036839,2379921.5,391.2835517,IT=23;23 ,ii
25423,UP 2,43.819,29580,18402112.0,63.041002,2234540.8,391.283616,IT=22;22 ,ii
25424,UP 2,42.890,29728,19081886.0,63.045169,2347210.2,391.2835681,IT=21;21 ,ii
25425,UP 2,44.837,29512,18253188.0,63.049385,2220219.2,391.2835773,IT=22;22 ,ii
25426,UP 2,44.100,29908,18306170.0,63.05356,2323561.5,391.2835847,IT=22;22 ,ii
25427,UP 2,47.621,32784,18309482.0,63.057631,2281354.8,391.2834868,IT=24;24 ,ii
25428,UP 2,43.251,31484,18840594.0,63.061733,2316820.8,391.2835888,IT=22;22 ,ii
25429,UP 2,44.894,31908,18877904.0,63.065935,2338381.2,391.2835538,IT=22;22 ,ii
25430,UP 2,43.120,28916,18708242.0,63.070097,2327895.0,391.2835817,IT=22;22 ,ii
25431,UP 2,42.844,29088,18705688.0,63.074104,2278944.0,391.2835118,IT=21;21 ,ii
25432,UP 2,43.088,29316,18308274.0,63.07832,2279601.2,391.2833585,IT=22;22 ,ii
25433,UP 2,44.436,30120,18645018.0,63.082514,2370438.2,391.2835008,IT=22;22 ,ii
25434,UP 2,44.254,29636,19142570.0,63.086685,2419571.0,391.2835225,IT=22;22 ,ii
25435,UP 2,46.905,28732,18706578.0,63.091097,2332164.0,391.2834486,IT=23;23 ,ii
25436,UP 2,46.224,31088,18818880.0,63.095262,2352961.5,391.2834387,IT=23;23 ,ii
25437,UP 2,42.915,27680,18675878.0,63.099381,2391386.0,391.283498,IT=21;21 ,ii
25438,UP 2,42.692,29256,19243016.0,63.103549,2436557.5,391.2834525,IT=21;21 ,ii
25439,UP 2,42.779,28964,19199844.0,63.107726,2450918.8,391.2834643,IT=21;21 ,ii
25440,UP 2,42.955,29772,18949366.0,63.111903,2355531.5,391.2835222,IT=21;21 ,ii
25441,UP 2,43.366,29600,19321416.0,63.115916,2466999.8,391.2834885,IT=22;22 ,ii
25442,UP 2,43.084,28844,18426932.0,63.120085,2294777.2,391.2835665,IT=22;22 ,ii
25443,UP 2,44.134,31764,18946240.0,63.124276,2374514.5,391.2835053,IT=22;22 ,ii
25444,UP 2,42.923,30572,19291154.0,63.128433,2389277.8,391.283477,IT=21;21 ,ii
25445,UP 2,44.401,29816,19214622.0,63.132455,2452760.5,391.2835744,IT=22;22 ,ii
25446,UP 2,42.407,27764,19000330.0,63.136599,2441731.8,391.2835218,IT=21;21 ,ii
25447,UP 2,42.951,30728,19392092.0,63.14078,2386614.0,391.2835027,IT=21;21 ,ii
25448,UP 2,43.116,28828,18956390.0,63.14497,2391378.2,391.2835334,IT=22;22 ,ii
25449,UP 2,43.100,28616,19015744.0,63.148984,2427405.5,391.2835112,IT=22;22 ,ii
25450,UP 2,43.116,27720,18923580.0,63.153151,2405924.5,391.2833882,IT=22;22 ,ii
25451,UP 2,42.763,30096,18979294.0,63.15732,2450442.2,391.283563,IT=21;21 ,ii
25452,UP 2,42.497,29888,19075212.0,63.161491,2347887.2,391.2835417,IT=21;21 ,ii
25453,UP 2,42.935,30300,19205500.0,63.16567,2451376.0,391.2834584,IT=21;21 ,ii
25454,UP 2,42.537,30008,19281248.0,63.169661,2440995.5,391.2834851,IT=21;21 ,ii
25455,UP 2,43.474,30164,19736924.0,63.174011,2562213.5,391.2834931,IT=22;22 ,ii
25456,UP 2,41.989,29844,18777084.0,63.178163,2356307.0,391.2833407,IT=21;21 ,ii
25457,UP 2,42.459,27992,18845046.0,63.182343,2432877.2,391.2836219,IT=21;21 ,ii
25458,UP 2,43.943,28020,19303868.0,63.186374,2428049.0,391.2834997,IT=22;22 ,ii
25459,UP 2,42.757,29136,19646242.0,63.190368,2484961.5,391.2834878,IT=21;21 ,ii
25460,UP 2,45.377,29364,18815584.0,63.194601,2298951.8,391.2834799,IT=23;23 ,ii
25461,UP 2,43.921,29700,19246636.0,63.19877,2414624.8,391.2834948,IT=22;22 ,ii
25462,UP 2,43.745,28900,19080508.0,63.202953,2416482.0,391.283505,IT=22;22 ,ii
25463,UP 2,41.977,29476,19433248.0,63.20694,2486178.5,391.2834685,IT=21;21 ,ii
25464,UP 2,42.357,28772,19692878.0,63.211134,2616076.2,391.283419,IT=21;21 ,ii
25465,UP 2,41.405,31272,19752174.0,63.215307,2538434.5,391.2834771,IT=21;21 ,ii
25466,UP 2,45.021,31452,19323954.0,63.219555,2426467.5,391.2835694,IT=23;23 ,ii
25467,UP 2,41.842,28072,19738308.0,63.223515,2536543.0,391.283513,IT=21;21 ,ii
25468,UP 2,42.450,30024,19436750.0,63.227711,2485394.5,391.2835621,IT=21;21 ,ii
25469,UP 2,43.304,31292,19152678.0,63.231915,2363723.8,391.2834453,IT=22;22 ,ii
25470,UP 2,42.141,28712,19687422.0,63.236082,2484363.2,391.2834187,IT=21;21 ,ii
25471,UP 2,46.342,29248,19053846.0,63.240344,2354547.8,391.2834403,IT=23;23 ,ii
25472,UP 2,43.569,31888,19119050.0,63.244311,2309566.8,391.2834802,IT=22;22 ,ii
25473,UP 2,44.169,28644,19379192.0,63.248494,2409130.2,391.2833787,IT=22;22 ,ii
25474,UP 2,41.164,27240,18952064.0,63.252632,2464555.2,391.2834434,IT=21;21 ,ii
25475,UP 2,42.116,29548,19281992.0,63.256834,2396939.2,391.2834925,IT=21;21 ,ii
25476,UP 2,43.930,29876,19414750.0,63.26119,2449347.8,391.2835395,IT=22;22 ,ii
25477,UP 2,41.609,29128,19586098.0,63.265338,2467238.5,391.2834849,IT=21;21 ,ii
25478,UP 2,43.305,29348,19006718.0,63.269542,2298792.2,391.2835003,IT=22;22 ,ii
25479,UP 2,41.397,27028,19933500.0,63.273688,2564221.8,391.2834884,IT=21;21 ,ii
25480,UP 2,41.194,28508,19809036.0,63.277863,2530161.5,391.2833969,IT=21;21 ,ii
25481,UP 2,41.990,29388,19128116.0,63.281882,2402851.0,391.2834449,IT=21;21 ,ii
25482,UP 2,40.801,27380,19112720.0,63.286038,2492227.2,391.2834399,IT=20;20 ,ii
25483,UP 2,42.762,31148,19700708.0,63.29025,2469384.2,391.2833995,IT=21;21 ,ii
25484,UP 2,44.534,30096,19265516.0,63.294459,2377521.0,391.2833581,IT=22;22 ,ii
25485,UP 2,41.731,28052,19397080.0,63.29859,2421519.8,391.2833711,IT=21;21 ,ii
25486,UP 2,42.663,30516,19359578.0,63.302606,2399054.5,391.283459,IT=21;21 ,ii
25487,UP 2,42.150,29348,19375002.0,63.306777,2491054.2,391.2834345,IT=21;21 ,ii
25488,UP 2,44.061,29596,18782610.0,63.31099,2374845.8,391.28353,IT=22;22 ,ii
25489,UP 2,42.358,28288,19573166.0,63.315133,2535203.8,391.2834467,IT=21;21 ,ii
25490,UP 2,41.959,29232,19249146.0,63.319129,2413763.5,391.2834257,IT=21;21 ,ii
25491,UP 2,42.674,29844,19534950.0,63.323323,2448110.2,391.2834013,IT=21;21 ,ii
25492,UP 2,42.346,29640,19520916.0,63.327492,2462042.8,391.2834511,IT=21;21 ,ii
25493,UP 2,41.937,30224,19603496.0,63.331669,2481826.2,391.2833492,IT=21;21 ,ii
25494,UP 2,42.115,26692,19223190.0,63.335675,2474733.2,391.2835023,IT=21;21 ,ii
25495,UP 2,41.755,29528,20071260.0,63.339673,2535440.5,391.2834697,IT=21;21 ,ii
25496,UP 2,45.381,28624,19004118.0,63.344048,2348582.8,391.2834858,IT=23;23 ,ii
25497,UP 2,41.206,27284,19868084.0,63.348169,2618988.0,391.2834834,IT=21;21 ,ii
25498,UP 2,42.494,27932,19572662.0,63.352369,2435174.8,391.2834487,IT=21;21 ,ii
25499,UP 2,40.788,27296,19187140.0,63.356346,2443996.0,391.2834972,IT=20;20 ,ii
25500,UP 2,41.138,28700,19570574.0,63.360539,2421206.0,391.2835168,IT=21;21 ,ii
25501,UP 2,42.867,27364,19854730.0,63.364762,2599888.2,391.2834104,IT=21;21 ,ii
25502,UP 2,43.244,28528,19464544.0,63.368954,2506021.2,391.2834228,IT=22;22 ,ii
25503,UP 2,41.354,26076,19464208.0,63.372935,2494903.0,391.2834851,IT=21;21 ,ii
25504,UP 2,42.670,28472,19633124.0,63.377145,2500512.8,391.2834669,IT=21;21 ,ii
25505,UP 2,42.503,28888,19475420.0,63.381327,2460026.0,391.2834657,IT=21;21 ,ii
25506,UP 2,44.418,29492,19456512.0,63.385543,2362997.2,391.2834077,IT=22;22 ,ii
25507,UP 2,40.755,29224,19787128.0,63.389666,2558995.2,391.2834972,IT=20;20 ,ii
25508,UP 2,43.758,29448,19423758.0,63.393725,2391966.5,391.2834596,IT=22;22 ,ii
25509,UP 2,42.664,26316,19624210.0,63.397891,2580055.2,391.2834016,IT=21;21 ,ii
25510,UP 2,40.610,27132,20085598.0,63.402041,2562898.0,391.2834403,IT=20;20 ,ii
25511,UP 2,43.242,28636,19280508.0,63.406272,2395164.5,391.2834484,IT=22;22 ,ii
25512,UP 2,41.073,28108,20119920.0,63.410245,2552222.5,391.2833501,IT=21;21 ,ii
25513,UP 2,41.345,25220,19500142.0,63.414435,2513181.8,391.2834085,IT=21;21 ,ii
25514,UP 2,41.520,27572,19331566.0,63.418626,2467653.8,391.2833168,IT=21;21 ,ii
25515,UP 2,41.288,28968,19904836.0,63.422812,2566215.0,391.2834238,IT=21;21 ,ii
25516,UP 2,42.192,28760,19728168.0,63.427143,2483280.5,391.2834161,IT=21;21 ,ii
25517,UP 2,43.888,25732,19166800.0,63.431358,2453588.8,391.2833737,IT=22;22 ,ii
25518,UP 2,42.129,26208,19349554.0,63.435501,2453308.0,391.2834802,IT=21;21 ,ii
25519,UP 2,40.674,26528,19081646.0,63.439662,2434303.0,391.2835661,IT=20;20 ,ii
25520,UP 2,40.939,26480,19666042.0,63.443832,2558422.8,391.2834193,IT=20;20 ,ii
25521,UP 2,43.074,28736,19058548.0,63.448043,2376275.2,391.2833956,IT=22;22 ,ii
25522,UP 2,43.480,28604,19079258.0,63.452224,2377339.8,391.283456,IT=22;22 ,ii
25523,UP 2,42.601,28704,19617504.0,63.456382,2428264.0,391.2834858,IT=21;21 ,ii
25524,UP 2,41.109,26932,19560446.0,63.46053,2555774.5,391.2835084,IT=21;21 ,ii
25525,UP 2,43.999,29232,19482364.0,63.464755,2485281.0,391.2834921,IT=22;22 ,ii
25526,UP 2,43.027,28228,19302958.0,63.468739,2353266.5,391.2835282,IT=22;22 ,ii
25527,UP 2,43.043,28524,19497532.0,63.472911,2465462.2,391.2835171,IT=22;22 ,ii
25528,UP 2,43.738,29772,19223928.0,63.477097,2403952.8,391.2835192,IT=22;22 ,ii
25529,UP 2,41.979,28792,19387340.0,63.481241,2442860.0,391.2835645,IT=21;21 ,ii
25530,UP 2,43.172,27728,19090874.0,63.485436,2386832.8,391.2834819,IT=22;22 ,ii
25531,UP 2,41.580,27196,20013046.0,63.489411,2638935.2,391.2835447,IT=21;21 ,ii
25532,UP 2,42.331,28672,19820756.0,63.493599,2507507.0,391.2835235,IT=21;21 ,ii
25533,UP 2,42.326,28848,20085268.0,63.497772,2614625.8,391.2834987,IT=21;21 ,ii
25534,UP 2,40.902,27904,19439348.0,63.501924,2495934.0,391.283544,IT=20;20 ,ii
25535,UP 2,41.874,30172,20084450.0,63.50594,2578598.2,391.2833913,IT=21;21 ,ii
25536,UP 2,40.102,27272,19436710.0,63.510238,2451396.0,391.2834874,IT=20;20 ,ii
25537,UP 2,43.003,28492,19633268.0,63.514459,2493013.5,391.2834217,IT=22;22 ,ii
25538,UP 2,41.561,29896,19876952.0,63.518607,2492504.8,391.2834776,IT=21;21 ,ii
25539,UP 2,41.762,27384,20220828.0,63.522784,2703475.5,391.2834328,IT=21;21 ,ii
25540,UP 2,40.613,25852,20281084.0,63.526763,2709636.8,391.2834531,IT=20;20 ,ii
25541,UP 2,41.371,27836,19154168.0,63.530955,2445172.2,391.2834155,IT=21;21 ,ii
25542,UP 2,42.047,27888,19479892.0,63.535149,2440031.8,391.2836198,IT=21;21 ,ii
25543,UP 2,40.930,25724,20227028.0,63.539313,2670503.2,391.2835416,IT=20;20 ,ii
25544,UP 2,41.746,29916,19587446.0,63.543326,2540025.5,391.2835785,IT=21;21 ,ii
25545,UP 2,41.568,28488,19494684.0,63.547509,2487190.0,391.2836342,IT=21;21 ,ii
25546,UP 2,40.915,27020,19502746.0,63.551688,2507247.8,391.2835724,IT=20;20 ,ii
25547,UP 2,42.265,28288,19866916.0,63.555888,2548173.2,391.2835284,IT=21;21 ,ii
25548,UP 2,40.320,27748,19543180.0,63.560038,2555004.8,391.2834895,IT=20;20 ,ii
25549,UP 2,41.552,27712,19584558.0,63.564065,2444928.8,391.2834921,IT=21;21 ,ii
25550,UP 2,40.645,25416,20169300.0,63.568238,2710833.2,391.2834496,IT=20;20 ,ii
25551,UP 2,41.346,27528,19521410.0,63.572436,2474671.0,391.2834256,IT=21;21 ,ii
25552,UP 2,44.421,28956,19816838.0,63.576671,2567286.0,391.2834795,IT=22;22 ,ii
25553,UP 2,42.289,27596,19766536.0,63.580646,2521261.2,391.2834236,IT=21;21 ,ii
25554,UP 2,41.904,28584,19866698.0,63.584827,2586048.2,391.2834431,IT=21;21 ,ii
25555,UP 2,40.525,25828,19746412.0,63.589004,2535685.0,391.2834683,IT=20;20 ,ii
25556,UP 2,40.287,27352,20478920.0,63.593311,2728766.2,391.283393,IT=20;20 ,ii
25557,UP 2,40.811,25572,19793398.0,63.597502,2564647.8,391.2833581,IT=20;20 ,ii
25558,UP 2,40.495,26344,20096576.0,63.601498,2669585.2,391.2834002,IT=20;20 ,ii
25559,UP 2,41.014,27568,20480076.0,63.605683,2759188.5,391.2833881,IT=21;21 ,ii
25560,UP 2,40.862,29184,20025662.0,63.609861,2618220.8,391.2834405,IT=20;20 ,ii
25561,UP 2,40.754,29024,19885812.0,63.614042,2584454.2,391.2834832,IT=20;20 ,ii
25562,UP 2,42.729,28316,19539710.0,63.618263,2522093.8,391.2833959,IT=21;21 ,ii
25563,UP 2,41.470,28612,19533832.0,63.622427,2517867.8,391.2834428,IT=21;21 ,ii
25564,UP 2,42.074,28460,18839264.0,63.626611,2356082.0,391.2834391,IT=21;21 ,ii
25565,UP 2,41.231,25588,20228202.0,63.630777,2709894.5,391.2834246,IT=21;21 ,ii
25566,UP 2,41.478,26928,19904870.0,63.634956,2620801.8,391.2834138,IT=21;21 ,ii
25567,UP 2,41.351,25484,19686622.0,63.638954,2592135.0,391.2833599,IT=21;21 ,ii
25568,UP 2,40.259,24572,19567944.0,63.643112,2612235.5,391.2834005,IT=20;20 ,ii
25569,UP 2,41.016,25660,20043094.0,63.647294,2632037.5,391.2833227,IT=21;21 ,ii
25570,UP 2,41.117,24808,19944528.0,63.651475,2606460.2,391.2833975,IT=21;21 ,ii
25571,UP 2,40.751,27028,19983602.0,63.655471,2644654.0,391.2834895,IT=20;20 ,ii
25572,UP 2,40.916,26776,20345224.0,63.65965,2626074.0,391.2833792,IT=20;20 ,ii
25573,UP 2,41.603,27072,20171296.0,63.663835,2702206.0,391.2834299,IT=21;21 ,ii
25574,UP 2,41.187,25444,19858314.0,63.668006,2603647.2,391.2834624,IT=21;21 ,ii
25575,UP 2,41.460,27512,19648954.0,63.672183,2499096.8,391.2835004,IT=21;21 ,ii
25576,UP 2,41.941,26420,19563138.0,63.676512,2498978.2,391.2834097,IT=21;21 ,ii
25577,UP 2,41.050,25996,19841452.0,63.680668,2609344.0,391.2834057,IT=21;21 ,ii
25578,UP 2,41.318,27100,19524662.0,63.684852,2479951.5,391.2834573,IT=21;21 ,ii
25579,UP 2,41.187,27720,19514864.0,63.689027,2450445.2,391.2834861,IT=21;21 ,ii
25580,UP 2,41.596,26368,19811430.0,63.693043,2586145.2,391.2834663,IT=21;21 ,ii
25581,UP 2,41.379,27776,19871144.0,63.697208,2590031.2,391.2834631,IT=21;21 ,ii
25582,UP 2,41.114,24980,19555068.0,63.701385,2482346.2,391.2834235,IT=21;21 ,ii
25583,UP 2,40.729,27416,20251234.0,63.705556,2651598.5,391.2834313,IT=20;20 ,ii
25584,UP 2,41.704,28360,19678602.0,63.709749,2526634.5,391.2834528,IT=21;21 ,ii
25585,UP 2,42.002,26540,19524106.0,63.71376,2472407.0,391.283437,IT=21;21 ,ii
25586,UP 2,39.818,25432,20457782.0,63.717899,2695285.5,391.2834489,IT=20;20 ,ii
25587,UP 2,42.229,27028,19981056.0,63.72212,2595017.2,391.2833875,IT=21;21 ,ii
25588,UP 2,40.725,27324,19994244.0,63.726281,2564751.0,391.2834188,IT=20;20 ,ii
25589,UP 2,40.501,28228,20566678.0,63.730279,2701868.0,391.2833867,IT=20;20 ,ii
25590,UP 2,41.826,26944,19767596.0,63.734474,2501947.0,391.2833969,IT=21;21 ,ii
25591,UP 2,42.163,27020,19994640.0,63.73866,2543770.8,391.2834874,IT=21;21 ,ii
25592,UP 2,40.730,27036,20426728.0,63.742826,2668517.2,391.2834717,IT=20;20 ,ii
25593,UP 2,41.062,26996,20170178.0,63.746995,2656681.8,391.2834939,IT=21;21 ,ii
25594,UP 2,40.626,27852,20011366.0,63.750995,2652225.0,391.2834876,IT=20;20 ,ii
25595,UP 2,41.386,26208,20141732.0,63.755185,2632533.8,391.2834425,IT=21;21 ,ii
25596,UP 2,39.364,25104,20054590.0,63.75947,2667430.8,391.2835036,IT=20;20 ,ii
25597,UP 2,41.695,28540,19473282.0,63.763693,2517974.2,391.2834976,IT=21;21 ,ii
25598,UP 2,41.418,27260,20005026.0,63.767697,2655642.5,391.2834399,IT=21;21 ,ii
25599,UP 2,41.473,27060,19952512.0,63.771872,2611513.2,391.2834372,IT=21;21 ,ii
25600,UP 2,41.439,25232,19883940.0,63.77606,2560725.5,391.2834122,IT=21;21 ,ii
25601,UP 2,43.686,28308,19716572.0,63.780286,2484920.5,391.2834498,IT=22;22 ,ii
25602,UP 2,40.194,26348,20325162.0,63.784418,2629897.2,391.2833821,IT=20;20 ,ii
25603,UP 2,40.480,26896,20241178.0,63.788434,2612404.5,391.2833687,IT=20;20 ,ii
25604,UP 2,41.301,26920,19710262.0,63.792622,2502814.2,391.2834788,IT=21;21 ,ii
25605,UP 2,41.232,26276,20402956.0,63.796811,2744251.2,391.2834374,IT=21;21 ,ii
25606,UP 2,40.894,27704,19652350.0,63.800988,2484014.5,391.2834106,IT=20;20 ,ii
25607,UP 2,40.752,25376,20048998.0,63.805001,2678779.5,391.2833777,IT=20;20 ,ii
25608,UP 2,40.645,24344,20197966.0,63.809184,2600409.8,391.2833924,IT=20;20 ,ii
25609,UP 2,41.431,25552,19834398.0,63.81338,2582747.0,391.2834298,IT=21;21 ,ii
25610,UP 2,40.743,25568,19986914.0,63.817553,2608456.2,391.2834143,IT=20;20 ,ii
25611,UP 2,40.255,25456,20435158.0,63.821732,2719367.0,391.2834226,IT=20;20 ,ii
25612,UP 2,40.322,25984,20029372.0,63.825738,2624709.2,391.2833986,IT=20;20 ,ii
25613,UP 2,41.741,26784,20193006.0,63.829936,2644316.0,391.2834962,IT=21;21 ,ii
25614,UP 2,40.036,25508,20270436.0,63.83409,2699094.5,391.2835461,IT=20;20 ,ii
25615,UP 2,40.688,26804,20364972.0,63.83829,2656155.5,391.2834109,IT=20;20 ,ii
25616,UP 2,40.851,27120,19922122.0,63.842594,2599205.2,391.2834571,IT=20;20 ,ii
25617,UP 2,41.429,26560,19988518.0,63.84679,2570567.2,391.2834895,IT=21;21 ,ii
25618,UP 2,41.482,27916,20396742.0,63.850967,2681409.5,391.2833549,IT=21;21 ,ii
25619,UP 2,40.613,25348,20026696.0,63.85513,2628498.5,391.2833434,IT=20;20 ,ii
25620,UP 2,42.619,28404,19826466.0,63.859336,2559047.8,391.283375,IT=21;21 ,ii
25621,UP 2,41.537,26928,19936724.0,63.863317,2577873.2,391.2834449,IT=21;21 ,ii
25622,UP 2,41.460,26048,20054180.0,63.867494,2633579.0,391.2833956,IT=21;21 ,ii
25623,UP 2,40.023,25156,20474954.0,63.871642,2672836.8,391.2834381,IT=20;20 ,ii
25624,UP 2,38.304,24768,20589988.0,63.875786,2715120.2,391.2834917,IT=19;19 ,ii
25625,UP 2,40.389,26336,20001012.0,63.879986,2562790.2,391.2835494,IT=20;20 ,ii
25626,UP 2,39.881,26736,20598858.0,63.883973,2690222.8,391.2835072,IT=20;20 ,ii
25627,UP 2,39.778,25140,19980262.0,63.888157,2613149.8,391.2836019,IT=20;20 ,ii
25628,UP 2,40.326,26344,20394764.0,63.892325,2630915.8,391.2834693,IT=20;20 ,ii
25629,UP 2,39.280,25200,20520306.0,63.896484,2670853.2,391.2835209,IT=20;20 ,ii
25630,UP 2,40.990,26444,19535854.0,63.900504,2488279.2,391.2835414,IT=20;20 ,ii
25631,UP 2,40.513,26180,20607312.0,63.904673,2799478.0,391.2834741,IT=20;20 ,ii
25632,UP 2,39.917,26040,20386870.0,63.908834,2656644.2,391.2835151,IT=20;20 ,ii
25633,UP 2,40.583,24988,20630228.0,63.913031,2742491.8,391.2834202,IT=20;20 ,ii
25634,UP 2,40.394,26428,20000846.0,63.917046,2584747.0,391.2835323,IT=20;20 ,ii
25635,UP 2,40.836,27072,20384854.0,63.921221,2722190.8,391.2834578,IT=20;20 ,ii
25636,UP 2,40.007,25716,20257842.0,63.925523,2726229.0,391.2834469,IT=20;20 ,ii
25637,UP 2,40.399,26036,20850070.0,63.929715,2773786.8,391.2833853,IT=20;20 ,ii
25638,UP 2,40.926,25616,20203408.0,63.933894,2690434.5,391.2833602,IT=20;20 ,ii
25639,UP 2,39.979,24968,20103320.0,63.937877,2726641.5,391.2835588,IT=20;20 ,ii
25640,UP 2,40.253,26484,20551168.0,63.942054,2703641.8,391.283482,IT=20;20 ,ii
25641,UP 2,40.324,25744,20438934.0,63.946242,2729978.8,391.2835145,IT=20;20 ,ii
25642,UP 2,40.658,25764,20300842.0,63.950435,2602788.2,391.2834938,IT=20;20 ,ii
25643,UP 2,39.936,24532,20439372.0,63.954614,2706300.8,391.2834998,IT=20;20 ,ii
25644,UP 2,41.472,26992,19795176.0,63.95865,2557547.8,391.2834684,IT=21;21 ,ii
25645,UP 2,40.002,25588,20213856.0,63.9628,2587913.0,391.2834492,IT=20;20 ,ii
25646,UP 2,40.197,25876,20453824.0,63.966987,2722059.8,391.2834489,IT=20;20 ,ii
25647,UP 2,39.697,26700,20302584.0,63.97116,2656719.5,391.2835528,IT=20;20 ,ii
25648,UP 2,40.281,25756,20408224.0,63.975179,2711921.5,391.2835238,IT=20;20 ,ii
25649,UP 2,39.257,25568,20840416.0,63.979346,2842588.0,391.2835424,IT=20;20 ,ii
25650,UP 2,40.740,25768,20369080.0,63.983552,2685641.5,391.2834962,IT=20;20 ,ii
25651,UP 2,40.106,25232,20797856.0,63.987733,2739191.8,391.2835025,IT=20;20 ,ii
25652,UP 2,40.706,23804,20047460.0,63.991921,2658932.8,391.2835332,IT=20;20 ,ii
25653,UP 2,41.864,25456,20215830.0,63.995954,2704096.0,391.2834589,IT=21;21 ,ii
25654,UP 2,40.535,25252,20514236.0,64.000108,2661511.5,391.2834674,IT=20;20 ,ii
25655,UP 2,41.516,26004,20286588.0,64.004316,2685286.0,391.2835036,IT=21;21 ,ii
25656,UP 2,41.113,26584,20599756.0,64.008627,2700639.8,391.2834928,IT=21;21 ,ii
25657,UP 2,39.528,25744,21129228.0,64.012795,2780826.8,391.2833806,IT=20;20 ,ii
25658,UP 2,39.483,25168,20771898.0,64.016968,2686267.8,391.2833987,IT=20;20 ,ii
25659,UP 2,39.622,25968,20563884.0,64.021143,2722705.8,391.2833957,IT=20;20 ,ii
25660,UP 2,39.330,25392,20354324.0,64.025312,2682368.5,391.2834294,IT=20;20 ,ii
25661,UP 2,41.298,25856,20244476.0,64.02952,2610850.2,391.2834736,IT=21;21 ,ii
25662,UP 2,40.255,26572,20706846.0,64.033679,2691173.5,391.2834289,IT=20;20 ,ii
25663,UP 2,40.412,25104,20305008.0,64.037856,2671970.8,391.2834155,IT=20;20 ,ii
25664,UP 2,41.146,25628,20512474.0,64.042043,2624537.2,391.2835037,IT=21;21 ,ii
25665,UP 2,40.480,25264,20493832.0,64.04621,2741571.2,391.2835112,IT=20;20 ,ii
25666,UP 2,40.008,24136,20613060.0,64.050204,2712520.8,391.2834938,IT=20;20 ,ii
25667,UP 2,39.228,24284,20686290.0,64.054364,2743899.2,391.2834369,IT=20;20 ,ii
25668,UP 2,39.493,25844,20299480.0,64.058541,2563069.8,391.2833605,IT=20;20 ,ii
25669,UP 2,38.278,27328,18734976.0,64.062695,2411895.0,391.2837645,IT=19;19 ,ii
25670,UP 2,39.717,25428,20261852.0,64.066887,2734842.2,391.2833902,IT=20;20 ,ii
25671,UP 2,39.615,25600,20885700.0,64.070885,2755859.0,391.2834487,IT=20;20 ,ii
25672,UP 2,39.187,23844,20964804.0,64.075051,2769953.2,391.2834631,IT=20;20 ,ii
25673,UP 2,39.173,25600,20696766.0,64.079216,2835870.0,391.2834627,IT=20;20 ,ii
25674,UP 2,39.979,25704,20724760.0,64.083395,2844800.0,391.2834416,IT=20;20 ,ii
25675,UP 2,39.484,24624,20372840.0,64.087382,2711890.8,391.2835208,IT=20;20 ,ii
25676,UP 2,40.794,25400,20173682.0,64.091678,2689033.8,391.2836588,IT=20;20 ,ii
25677,UP 2,40.689,24332,20358852.0,64.095851,2674021.5,391.2835752,IT=20;20 ,ii
25678,UP 2,39.401,24664,20901268.0,64.100001,2740333.5,391.2834553,IT=20;20 ,ii
25679,UP 2,40.142,22576,20570546.0,64.104193,2683516.8,391.2834525,IT=20;20 ,ii
25680,UP 2,39.265,24504,20777342.0,64.10818,2808551.0,391.2834999,IT=20;20 ,ii
25681,UP 2,39.519,24884,20576960.0,64.112347,2688288.0,391.2834977,IT=20;20 ,ii
25682,UP 2,40.344,24064,20702710.0,64.11654,2747535.5,391.2834922,IT=20;20 ,ii
25683,UP 2,39.587,25276,20976334.0,64.120713,2803207.0,391.2835038,IT=20;20 ,ii
25684,UP 2,39.613,26472,20673102.0,64.12472,2639756.8,391.2834647,IT=20;20 ,ii
25685,UP 2,38.872,23984,20877520.0,64.128893,2859189.0,391.2834155,IT=19;19 ,ii
25686,UP 2,39.762,23868,20155742.0,64.133086,2628669.8,391.2833227,IT=20;20 ,ii
25687,UP 2,40.406,26392,20910152.0,64.137274,2777106.8,391.2833672,IT=20;20 ,ii
25688,UP 2,40.601,24756,20713906.0,64.141459,2684936.0,391.2833596,IT=20;20 ,ii
25689,UP 2,39.485,23896,20394638.0,64.145453,2760602.0,391.2834553,IT=20;20 ,ii
25690,UP 2,40.178,25648,20857450.0,64.149647,2862557.0,391.2833854,IT=20;20 ,ii
25691,UP 2,39.462,23236,20692748.0,64.153817,2760623.0,391.283365,IT=20;20 ,ii
25692,UP 2,39.440,25580,20367486.0,64.158003,2670224.5,391.2834799,IT=20;20 ,ii
25693,UP 2,39.424,25588,21419992.0,64.162007,2831400.0,391.2833283,IT=20;20 ,ii
25694,UP 2,39.684,26268,21039112.0,64.166188,2894497.5,391.2834387,IT=20;20 ,ii
25695,UP 2,40.378,25584,20695844.0,64.170384,2616736.2,391.2833748,IT=20;20 ,ii
25696,UP 2,39.713,25796,20712256.0,64.174671,2722233.5,391.2833984,IT=20;20 ,ii
25697,UP 2,38.042,24932,21364684.0,64.178832,2960398.8,391.2832473,IT=19;19 ,ii
25698,UP 2,38.030,24848,21512170.0,64.182838,2834856.8,391.2833746,IT=19;19 ,ii
25699,UP 2,41.461,26008,20383018.0,64.187053,2711217.2,391.2833964,IT=21;21 ,ii
25700,UP 2,39.428,25516,20713396.0,64.191203,2731024.2,391.2834434,IT=20;20 ,ii
25701,UP 2,40.219,25284,21092346.0,64.1954,2799400.8,391.2834475,IT=20;20 ,ii
25702,UP 2,39.890,24756,20244106.0,64.199575,2674358.2,391.2834592,IT=20;20 ,ii
25703,UP 2,40.416,25408,20591696.0,64.203767,2723177.5,391.2834823,IT=20;20 ,ii
25704,UP 2,39.527,24964,20411528.0,64.207923,2640997.5,391.2833958,IT=20;20 ,ii
25705,UP 2,38.821,24804,21422282.0,64.212082,2863213.2,391.2833479,IT=19;19 ,ii
25706,UP 2,39.170,23708,20746712.0,64.216254,2735498.2,391.2833636,IT=20;20 ,ii
25707,UP 2,39.252,24376,20889010.0,64.220246,2727646.8,391.2833929,IT=20;20 ,ii
25708,UP 2,38.845,23520,20951324.0,64.224411,2852120.2,391.2834644,IT=19;19 ,ii
25709,UP 2,38.240,24988,20847092.0,64.228563,2745433.2,391.2833965,IT=19;19 ,ii
25710,UP 2,39.099,24996,20704458.0,64.232744,2684830.2,391.2833296,IT=20;20 ,ii
25711,UP 2,38.767,25768,20863258.0,64.236742,2808076.5,391.2833301,IT=19;19 ,ii
25712,UP 2,38.990,24464,20713822.0,64.240923,2757142.0,391.2834777,IT=19;19 ,ii
25713,UP 2,39.108,24148,20073340.0,64.245106,2601496.2,391.2835078,IT=20;20 ,ii
25714,UP 2,40.361,27760,20782354.0,64.249306,2664408.5,391.2834902,IT=20;20 ,ii
25715,UP 2,39.688,26000,21062276.0,64.253483,2765866.8,391.2835066,IT=20;20 ,ii
25716,UP 2,39.526,25840,20849078.0,64.257762,2789123.0,391.2835133,IT=20;20 ,ii
25717,UP 2,39.511,24756,20036366.0,64.261933,2605351.8,391.2835207,IT=20;20 ,ii
25718,UP 2,40.462,26056,21033778.0,64.266117,2761945.8,391.2834312,IT=20;20 ,ii
25719,UP 2,38.981,24436,21254838.0,64.270264,2807932.8,391.283442,IT=19;19 ,ii
25720,UP 2,37.893,24412,21216318.0,64.274237,2844738.5,391.2834839,IT=19;19 ,ii
25721,UP 2,37.637,24368,20993182.0,64.278406,2768099.2,391.2834747,IT=19;19 ,ii
25722,UP 2,38.349,24088,20739500.0,64.282575,2758597.5,391.2834915,IT=19;19 ,ii
25723,UP 2,39.205,26412,20447628.0,64.286752,2727743.0,391.2835718,IT=20;20 ,ii
25724,UP 2,38.232,24232,21137376.0,64.290904,2898798.0,391.2834386,IT=19;19 ,ii
25725,UP 2,39.691,25120,21204968.0,64.294919,2814967.2,391.2834124,IT=20;20 ,ii
25726,UP 2,39.062,22388,20764318.0,64.299081,2786174.0,391.2833851,IT=20;20 ,ii
25727,UP 2,39.865,25692,20976650.0,64.303271,2747638.8,391.2834013,IT=20;20 ,ii
25728,UP 2,38.111,25620,21380182.0,64.307423,2846036.5,391.2834691,IT=19;19 ,ii
25729,UP 2,40.565,26028,20802576.0,64.311464,2781821.0,391.2834768,IT=20;20 ,ii
25730,UP 2,39.579,25040,20651386.0,64.315633,2691982.8,391.2834035,IT=20;20 ,ii
25731,UP 2,39.728,24472,20816188.0,64.319823,2747166.0,391.2834757,IT=20;20 ,ii
25732,UP 2,38.367,25008,21568478.0,64.323985,2814516.8,391.2834207,IT=19;19 ,ii
25733,UP 2,38.317,23228,21010024.0,64.328164,2739995.0,391.2834573,IT=19;19 ,ii
25734,UP 2,39.621,27372,20952620.0,64.332189,2744662.5,391.2834177,IT=20;20 ,ii
25735,UP 2,38.804,25264,21090790.0,64.336341,2852103.2,391.2834512,IT=19;19 ,ii
25736,UP 2,39.262,26476,20569352.0,64.340616,2649493.2,391.2834727,IT=20;20 ,ii
25737,UP 2,39.368,24768,20827956.0,64.344797,2739428.5,391.2834066,IT=20;20 ,ii
25738,UP 2,40.602,26036,21204646.0,64.348812,2836582.5,391.2833487,IT=20;20 ,ii
25739,UP 2,40.203,24952,20623988.0,64.352979,2789574.8,391.2834753,IT=20;20 ,ii
25740,UP 2,39.984,25460,20182802.0,64.35716,2572248.5,391.2835153,IT=20;20 ,ii
25741,UP 2,39.843,25316,21069240.0,64.361341,2756930.0,391.283372,IT=20;20 ,ii
25742,UP 2,39.624,24352,20325500.0,64.365518,2656776.0,391.2834219,IT=20;20 ,ii
25743,UP 2,41.924,26204,20679936.0,64.369741,2679301.5,391.2833956,IT=21;21 ,ii
25744,UP 2,39.320,24872,20713124.0,64.37388,2695934.2,391.2834471,IT=20;20 ,ii
25745,UP 2,38.619,25260,21248500.0,64.378041,2781177.5,391.283518,IT=19;19 ,ii
25746,UP 2,38.954,22316,20370328.0,64.382212,2699744.5,391.2834656,IT=19;19 ,ii
25747,UP 2,40.421,26288,20953810.0,64.386239,2746938.2,391.283529,IT=20;20 ,ii
25748,UP 2,38.390,23400,20767640.0,64.39038,2801830.8,391.2835436,IT=19;19 ,ii
25749,UP 2,38.117,24300,21137496.0,64.394539,2846845.2,391.2834736,IT=19;19 ,ii
25750,UP 2,39.749,24916,20806562.0,64.398734,2782950.8,391.2834497,IT=20;20 ,ii
25751,UP 2,39.949,24900,20429252.0,64.40292,2702452.8,391.2834897,IT=20;20 ,ii
25752,UP 2,40.826,25352,20397632.0,64.406934,2679955.5,391.2835194,IT=20;20 ,ii
25753,UP 2,39.507,24736,20412076.0,64.411084,2786639.2,391.2832847,IT=20;20 ,ii
25754,UP 2,39.998,25364,20725672.0,64.415263,2687907.8,391.2834031,IT=20;20 ,ii
25755,UP 2,38.966,24260,21139988.0,64.419432,2771477.8,391.2833699,IT=19;19 ,ii
25756,UP 2,39.370,25436,20772120.0,64.423703,2691964.8,391.283404,IT=20;20 ,ii
25757,UP 2,40.641,26060,20270546.0,64.427905,2656849.8,391.2833695,IT=20;20 ,ii
25758,UP 2,38.653,23156,20050186.0,64.432043,2601763.0,391.2831901,IT=19;19 ,ii
25759,UP 2,38.498,24340,21116852.0,64.436213,2853165.2,391.2833262,IT=19;19 ,ii
25760,UP 2,38.146,24936,21130902.0,64.440367,2869656.2,391.2833294,IT=19;19 ,ii
25761,UP 2,40.093,27160,20780610.0,64.444392,2695875.5,391.283318,IT=20;20 ,ii
25762,UP 2,39.700,27388,20108988.0,64.448557,2699362.0,391.2835615,IT=20;20 ,ii
25763,UP 2,39.752,25028,20281332.0,64.452728,2735116.8,391.2834565,IT=20;20 ,ii
25764,UP 2,40.713,28308,20162618.0,64.456911,2584850.8,391.2834728,IT=20;20 ,ii
25765,UP 2,40.632,25460,20326004.0,64.460909,2746610.0,391.2833321,IT=20;20 ,ii
25766,UP 2,39.302,24044,21192594.0,64.465074,2802112.2,391.2833975,IT=20;20 ,ii
25767,UP 2,39.201,26212,21084708.0,64.469253,2828188.5,391.283414,IT=20;20 ,ii
25768,UP 2,37.493,23424,21004144.0,64.473405,2836316.0,391.2833399,IT=19;19 ,ii
25769,UP 2,37.858,23264,20911076.0,64.47758,2743257.2,391.2833789,IT=19;19 ,ii
25770,UP 2,39.491,24472,20504400.0,64.481607,2697292.5,391.2834217,IT=20;20 ,ii
25771,UP 2,38.789,26048,20824550.0,64.485767,2834328.2,391.2834143,IT=19;19 ,ii
25772,UP 2,38.748,24824,20616942.0,64.48994,2739103.8,391.2833982,IT=19;19 ,ii
25773,UP 2,39.039,24920,19813850.0,64.494121,2638639.2,391.2834634,IT=20;20 ,ii
25774,UP 2,39.299,24516,19873774.0,64.49813,2583685.2,391.2834231,IT=20;20 ,ii
25775,UP 2,40.422,26228,20112712.0,64.502334,2663530.5,391.2832637,IT=20;20 ,ii
25776,UP 2,39.478,25484,20534156.0,64.506505,2699068.2,391.2833076,IT=20;20 ,ii
25777,UP 2,38.640,25572,20852228.0,64.510775,2764037.2,391.2833054,IT=19;19 ,ii
25778,UP 2,40.446,25852,21103536.0,64.514986,2779129.0,391.2832996,IT=20;20 ,ii
25779,UP 2,39.653,25224,20622624.0,64.518971,2787101.5,391.2833835,IT=20;20 ,ii
25780,UP 2,40.077,25984,20280122.0,64.523161,2607898.2,391.2833997,IT=20;20 ,ii
25781,UP 2,38.072,24176,20970870.0,64.527311,2823234.0,391.2834069,IT=19;19 ,ii
25782,UP 2,38.991,24088,20485086.0,64.531509,2736725.2,391.283453,IT=19;19 ,ii
25783,UP 2,39.642,25092,20922218.0,64.535698,2759377.8,391.2833367,IT=20;20 ,ii
25784,UP 2,39.920,26492,20351506.0,64.539884,2643282.8,391.2833898,IT=20;20 ,ii
25785,UP 2,39.697,25436,20407960.0,64.54405,2744436.0,391.2834512,IT=20;20 ,ii
25786,UP 2,40.737,25992,20281342.0,64.548248,2708015.5,391.2833484,IT=20;20 ,ii
25787,UP 2,39.849,25064,20183494.0,64.5524,2661110.2,391.2834466,IT=20;20 ,ii
25788,UP 2,39.134,24476,20006688.0,64.556386,2580342.0,391.2835112,IT=20;20 ,ii
25789,UP 2,38.039,24396,20607916.0,64.560537,2827130.2,391.2834872,IT=19;19 ,ii
25790,UP 2,38.480,25276,20470982.0,64.564712,2721033.8,391.2834866,IT=19;19 ,ii
25791,UP 2,41.434,25968,20295082.0,64.568937,2731067.0,391.283431,IT=21;21 ,ii
25792,UP 2,41.551,25452,20022704.0,64.573133,2628957.5,391.2833811,IT=21;21 ,ii
25793,UP 2,38.745,25812,21079618.0,64.577252,2700668.5,391.2833816,IT=19;19 ,ii
25794,UP 2,38.366,27100,20894242.0,64.581412,2734518.5,391.2833256,IT=19;19 ,ii
25795,UP 2,39.351,25968,20910704.0,64.585594,2756628.5,391.283258,IT=20;20 ,ii
25796,UP 2,39.131,25248,20807088.0,64.58976,2730430.0,391.2834296,IT=20;20 ,ii
25797,UP 2,39.519,26280,20570740.0,64.594029,2741049.5,391.2834386,IT=20;20 ,ii
25798,UP 2,39.204,23960,20175130.0,64.598202,2670896.5,391.2834956,IT=20;20 ,ii
25799,UP 2,38.909,26840,20736864.0,64.602364,2750350.5,391.2834597,IT=19;19 ,ii
25800,UP 2,39.783,25268,20624392.0,64.606543,2674460.0,391.2833763,IT=20;20 ,ii
25801,UP 2,40.130,25864,19477716.0,64.610716,2580999.5,391.2834921,IT=20;20 ,ii
25802,UP 2,40.144,25932,20290000.0,64.614712,2706904.8,391.2834451,IT=20;20 ,ii
25803,UP 2,38.928,26304,21134410.0,64.618862,2818367.2,391.2834362,IT=19;19 ,ii
25804,UP 2,38.328,23912,20701968.0,64.62302,2818891.0,391.2834767,IT=19;19 ,ii
25805,UP 2,38.864,25092,20606896.0,64.627195,2685863.2,391.2834885,IT=19;19 ,ii
25806,UP 2,39.400,24880,20281948.0,64.631193,2665126.0,391.2835013,IT=20;20 ,ii
25807,UP 2,39.980,24204,20533222.0,64.635375,2683854.5,391.283524,IT=20;20 ,ii
25808,UP 2,40.100,25268,20340488.0,64.639554,2663116.0,391.2835476,IT=20;20 ,ii
25809,UP 2,40.135,25996,20525254.0,64.643729,2697009.5,391.28342,IT=20;20 ,ii
25810,UP 2,38.453,25864,20435768.0,64.647693,2644327.5,391.2835627,IT=19;19 ,ii
25811,UP 2,39.190,25124,20961730.0,64.651872,2782937.0,391.2835547,IT=20;20 ,ii
25812,UP 2,38.541,26548,20233436.0,64.656031,2677216.8,391.2836014,IT=19;19 ,ii
25813,UP 2,39.342,25012,20429214.0,64.66021,2688478.2,391.2835182,IT=20;20 ,ii
25814,UP 2,38.852,24688,20232638.0,64.664378,2676840.0,391.2834516,IT=19;19 ,ii
25815,UP 2,39.335,25376,20422532.0,64.668389,2690635.8,391.283459,IT=20;20 ,ii
25816,UP 2,39.611,27072,20276872.0,64.672574,2754147.8,391.2834804,IT=20;20 ,ii
25817,UP 2,38.889,25120,20383372.0,64.676841,2690368.5,391.2834757,IT=19;19 ,ii
25818,UP 2,39.079,25708,20257392.0,64.681022,2692967.2,391.2835601,IT=20;20 ,ii
25819,UP 2,41.178,27400,20248176.0,64.685064,2673269.5,391.2835881,IT=21;21 ,ii
25820,UP 2,41.107,27436,20672236.0,64.689247,2720014.8,391.2834189,IT=21;21 ,ii
25821,UP 2,38.253,25576,20499570.0,64.693387,2703650.8,391.2835664,IT=19;19 ,ii
25822,UP 2,37.470,23156,21076566.0,64.697562,2816932.0,391.2835152,IT=19;19 ,ii
25823,UP 2,38.583,24544,19929570.0,64.701749,2710165.2,391.2836742,IT=19;19 ,ii
25824,UP 2,41.051,28348,20221478.0,64.705801,2605981.5,391.2836257,IT=21;21 ,ii
25825,UP 2,39.496,28056,19469584.0,64.709957,2684574.2,391.2836819,IT=20;20 ,ii
25826,UP 2,39.687,26088,20402990.0,64.714147,2599758.5,391.2834581,IT=20;20 ,ii
25827,UP 2,38.390,25504,20156024.0,64.718314,2671769.2,391.2835463,IT=19;19 ,ii
25828,UP 2,40.184,27288,20333754.0,64.722347,2661257.2,391.283525,IT=20;20 ,ii
25829,UP 2,40.401,25808,20443114.0,64.726539,2676356.8,391.2835296,IT=20;20 ,ii
25830,UP 2,38.531,24540,19812234.0,64.730697,2646706.0,391.2835774,IT=19;19 ,ii
25831,UP 2,40.840,28036,20145252.0,64.734922,2550701.8,391.2835708,IT=20;20 ,ii
25832,UP 2,39.606,25844,19601526.0,64.73909,2601328.0,391.2836725,IT=20;20 ,ii
25833,UP 2,40.564,26512,20351646.0,64.743113,2703462.5,391.2836272,IT=20;20 ,ii
25834,UP 2,40.387,24308,20189548.0,64.747282,2642930.2,391.2835425,IT=20;20 ,ii
25835,UP 2,40.160,26008,20912650.0,64.751463,2736715.0,391.2834096,IT=20;20 ,ii
25836,UP 2,38.860,26348,20271844.0,64.755624,2597189.8,371.1008277,IT=19;19 ,ii
25837,UP 2,39.501,24836,20042386.0,64.759907,2707720.5,391.2835415,IT=20;20 ,ii
25838,UP 2,41.692,25820,19118026.0,64.764126,2524507.8,391.2836019,IT=21;21 ,ii
25839,UP 2,40.326,25632,20057760.0,64.76828,2648271.0,391.2833732,IT=20;20 ,ii
25840,UP 2,39.274,25912,18501544.0,64.772434,2434546.5,391.2836762,IT=20;20 ,ii
25841,UP 2,40.855,26608,19430766.0,64.776626,2523497.5,391.2835927,IT=20;20 ,ii
25842,UP 2,43.382,28824,19505768.0,64.780669,2522929.5,391.2836217,IT=22;22 ,ii
25843,UP 2,41.404,26128,20285140.0,64.784811,2634553.8,391.283497,IT=21;21 ,ii
25844,UP 2,39.948,25876,18282120.0,64.788959,2342365.2,391.2836863,IT=20;20 ,ii
25845,UP 2,44.296,28936,20631146.0,64.793205,2615051.8,391.2833974,IT=22;22 ,ii
25846,UP 2,40.863,28440,19275582.0,64.797159,2526795.0,391.2835978,IT=20;20 ,ii
25847,UP 2,40.501,28828,19988830.0,64.801319,2625815.5,391.2835586,IT=20;20 ,ii
25848,UP 2,40.206,25828,19814252.0,64.805486,2603522.5,391.2835363,IT=20;20 ,ii
25849,UP 2,44.200,26020,19670622.0,64.809723,2551969.2,391.2834122,IT=22;22 ,ii
25850,UP 2,44.968,27860,19358162.0,64.813909,2497536.2,391.283519,IT=22;22 ,ii
25851,UP 2,47.031,28332,20200288.0,64.817942,2612214.2,391.2835744,IT=24;24 ,ii
25852,UP 2,41.718,26716,19617404.0,64.822027,2513628.0,391.2836513,IT=21;21 ,ii
25853,UP 2,40.207,27768,18823116.0,64.826175,2465954.8,391.2836567,IT=20;20 ,ii
25854,UP 2,48.187,31100,18365032.0,64.830484,2345489.5,391.2836617,IT=24;24 ,ii
25855,UP 2,43.836,28704,20309556.0,64.834419,2612858.5,391.2834961,IT=22;22 ,ii
25856,UP 2,42.551,27216,19933570.0,64.838573,2619109.2,391.2835531,IT=21;21 ,ii
25857,UP 2,42.849,29672,17663780.0,64.842909,2207237.8,391.2838599,IT=21;21 ,ii
25858,UP 2,46.351,28052,18676618.0,64.847148,2460815.2,391.2836413,IT=23;23 ,ii
25859,UP 2,43.819,29324,18631990.0,64.851281,2372172.2,391.2837505,IT=22;22 ,ii
25860,UP 2,42.867,33176,18821446.0,64.855271,2270851.8,391.2837065,IT=21;21 ,ii
25861,UP 2,44.440,28544,19731768.0,64.859469,2623140.0,391.2835172,IT=22;22 ,ii
25862,UP 2,37.266,27136,18231506.0,64.863548,2322132.5,391.2838202,IT=19;19 ,ii
25863,UP 2,43.260,28252,18116414.0,64.867821,2348001.0,391.2837001,IT=22;22 ,ii
25864,UP 2,45.741,29660,19370680.0,64.871879,2525320.5,391.2835459,IT=23;23 ,ii
25865,UP 2,42.467,28084,19102838.0,64.876004,2405041.8,391.2836642,IT=21;21 ,ii
25866,UP 2,40.207,28324,18222596.0,64.880148,2341268.0,391.283831,IT=20;20 ,ii
25867,UP 2,44.485,30688,18571950.0,64.884402,2288366.2,391.2836844,IT=22;22 ,ii
25868,UP 2,45.685,27612,19198146.0,64.888606,2460490.8,391.2835302,IT=23;23 ,ii
25869,UP 2,45.482,32088,18229302.0,64.892612,2283581.2,391.2836965,IT=23;23 ,ii
25870,UP 2,45.271,29952,18277476.0,64.896783,2313904.2,391.2837945,IT=23;23 ,ii
25871,UP 2,37.260,26888,18204472.0,64.900833,2337263.5,391.2838705,IT=19;19 ,ii
25872,UP 2,41.616,28468,18518944.0,64.905066,2361886.8,391.2837523,IT=21;21 ,ii
25873,UP 2,44.987,28200,18090764.0,64.909133,2334625.8,391.2837487,IT=22;22 ,ii
25874,UP 2,46.196,31788,18169378.0,64.913339,2263697.0,391.2837072,IT=23;23 ,ii
25875,UP 2,40.882,28732,17213350.0,64.917437,2181036.2,391.2839016,IT=20;20 ,ii
25876,UP 2,48.412,32812,17485526.0,64.921741,2137443.2,391.2838255,IT=24;24 ,ii
25877,UP 2,42.984,29468,19384784.0,64.926089,2506495.5,391.2836522,IT=21;21 ,ii
25878,UP 2,46.246,30504,17757710.0,64.930325,2166568.8,391.2838138,IT=23;23 ,ii
25879,UP 2,42.725,30216,17665944.0,64.934443,2244254.5,391.2838357,IT=21;21 ,ii
25880,UP 2,43.570,32752,18822906.0,64.938633,2367241.5,391.2837381,IT=22;22 ,ii
25881,UP 2,47.829,32588,17162788.0,64.942879,2071412.2,391.2838552,IT=24;24 ,ii
25882,UP 2,45.709,30684,17910834.0,64.947012,2194917.8,391.283818,IT=23;23 ,ii
25883,UP 2,44.810,30616,17481132.0,64.951172,2185968.8,391.2839331,IT=22;22 ,ii
25884,UP 2,42.624,28028,16956422.0,64.955312,2119884.2,391.2840341,IT=21;21 ,ii
25885,UP 2,46.754,30612,17839316.0,64.959556,2215560.0,391.2837878,IT=23;23 ,ii
25886,UP 2,45.615,31484,18184798.0,64.963712,2218188.8,391.2838238,IT=23;23 ,ii
25887,UP 2,46.426,31620,18071208.0,64.967727,2261072.0,391.2838233,IT=23;23 ,ii
25888,UP 2,46.885,31276,17608284.0,64.971924,2214465.0,391.28391,IT=23;23 ,ii
25889,UP 2,46.696,32484,17060088.0,64.976089,2061409.0,391.2838939,IT=23;23 ,ii
25890,UP 2,43.538,30084,17953210.0,64.98021,2160188.2,391.2837924,IT=22;22 ,ii
25891,UP 2,44.926,29292,16824392.0,64.984406,2113668.8,391.2838592,IT=22;22 ,ii
25892,UP 2,47.267,31064,17986078.0,64.988445,2225328.2,391.2836577,IT=24;24 ,ii
25893,UP 2,45.466,29736,17638418.0,64.992589,2290931.8,391.2837761,IT=23;23 ,ii
25894,UP 2,50.000,31712,17201272.0,64.996837,2165732.0,391.2837642,IT=25;25 ,ii
25895,UP 2,48.619,31308,16825624.0,65.00098,2105319.5,391.2838764,IT=24;24 ,ii
25896,UP 2,45.427,31472,17471548.0,65.004926,2171692.5,391.2838614,IT=23;23 ,ii
25897,UP 2,49.190,33712,17637084.0,65.009372,2272122.8,391.2837855,IT=25;25 ,ii
25898,UP 2,44.227,31012,16723365.0,65.013457,2025784.1,391.2839568,IT=22;22 ,ii
25899,UP 2,46.543,31288,16903122.0,65.017672,2073554.0,391.2838217,IT=23;23 ,ii
25900,UP 2,48.779,30604,18262348.0,65.021884,2273687.5,391.283775,IT=24;24 ,ii
25901,UP 2,47.901,30728,17575882.0,65.02587,2178849.5,391.2838801,IT=24;24 ,ii
25902,UP 2,45.303,29576,17099056.0,65.029997,2116692.5,391.2838836,IT=23;23 ,ii
25903,UP 2,45.176,31732,17460020.0,65.034172,2199336.8,391.283843,IT=23;23 ,ii
25904,UP 2,46.177,31312,17643468.0,65.03838,2201685.2,391.2838651,IT=23;23 ,ii
25905,UP 2,47.456,29868,17330824.0,65.042416,2139693.2,391.2838793,IT=24;24 ,ii
25906,UP 2,46.313,29820,17026150.0,65.04658,2126500.2,391.2839721,IT=23;23 ,ii
25907,UP 2,44.195,29256,17203442.0,65.050724,2116235.8,391.2839293,IT=22;22 ,ii
25908,UP 2,47.230,34008,17277642.0,65.054961,2105284.0,391.283913,IT=24;24 ,ii
25909,UP 2,47.201,33492,17349060.0,65.059147,2128899.8,391.2838739,IT=24;24 ,ii
25910,UP 2,48.969,31676,17519150.0,65.063188,2145618.0,391.283846,IT=24;24 ,ii
25911,UP 2,44.040,29456,17495732.0,65.06728,2159337.8,391.2838966,IT=22;22 ,ii
25912,UP 2,46.696,32608,17693248.0,65.071507,2215215.5,391.2839284,IT=23;23 ,ii
25913,UP 2,47.226,31540,16832696.0,65.075707,2015957.5,391.2839577,IT=24;24 ,ii
25914,UP 2,45.413,29936,17064164.0,65.079682,2055690.6,391.2839885,IT=23;23 ,ii
25915,UP 2,46.519,31012,17481472.0,65.083876,2196848.0,391.2839313,IT=23;23 ,ii
25916,UP 2,45.126,29664,18033740.0,65.088036,2249231.0,391.2838212,IT=23;23 ,ii
25917,UP 2,45.294,30724,16922898.0,65.092421,2082380.8,391.283923,IT=23;23 ,ii
25918,UP 2,47.100,31732,17181980.0,65.096634,2109590.5,391.2838397,IT=24;24 ,ii
25919,UP 2,47.691,31576,17170964.0,65.100644,2095493.9,391.2838983,IT=24;24 ,ii
25920,UP 2,48.036,30752,17275834.0,65.104823,2115065.5,391.2838176,IT=24;24 ,ii
25921,UP 2,47.658,30472,17292362.0,65.108999,2155057.8,391.283818,IT=24;24 ,ii
25922,UP 2,47.182,31976,16930966.0,65.113161,2039168.5,391.2839039,IT=24;24 ,ii
25923,UP 2,49.054,34628,17442482.0,65.117369,2187516.5,391.283877,IT=25;25 ,ii
25924,UP 2,43.188,29560,17609118.0,65.121284,2220263.5,391.2838149,IT=22;22 ,ii
25925,UP 2,47.482,30240,16700977.0,65.125534,2099718.8,391.283866,IT=24;24 ,ii
25926,UP 2,47.092,32524,17432896.0,65.129715,2114040.0,391.2838874,IT=24;24 ,ii
25927,UP 2,46.275,31616,17124176.0,65.133882,2096926.8,391.2839969,IT=23;23 ,ii
25928,UP 2,47.072,32736,17912504.0,65.1379,2187194.5,391.2838722,IT=24;24 ,ii
25929,UP 2,44.239,29372,18102282.0,65.142027,2232662.8,371.1010142,IT=22;22 ,ii
25930,UP 2,47.401,31196,17280864.0,65.146259,2114053.8,391.2839601,IT=24;24 ,ii
25931,UP 2,45.612,31392,18182598.0,65.150407,2253460.0,391.2838855,IT=23;23 ,ii
25932,UP 2,44.688,30680,17445180.0,65.1544,2148524.8,391.2838826,IT=22;22 ,ii
25933,UP 2,47.116,31076,17842240.0,65.158629,2190164.2,391.2838345,IT=24;24 ,ii
25934,UP 2,45.891,30536,17258696.0,65.162794,2118156.8,391.2839048,IT=23;23 ,ii
25935,UP 2,47.225,31908,17150744.0,65.166996,2138544.8,391.2839389,IT=24;24 ,ii
25936,UP 2,46.770,32208,18493364.0,65.171177,2373369.8,391.2837977,IT=23;23 ,ii
25937,UP 2,42.305,29436,17938932.0,65.175506,2239068.2,391.2838441,IT=21;21 ,ii
25938,UP 2,45.495,31404,17590790.0,65.179738,2155075.8,391.2838725,IT=23;23 ,ii
25939,UP 2,48.646,33356,17245634.0,65.183981,2113028.8,391.2839334,IT=24;24 ,ii
25940,UP 2,44.515,28768,18328276.0,65.188083,2329739.5,391.2838191,IT=22;22 ,ii
25941,UP 2,46.076,31564,17653162.0,65.192281,2143938.8,391.283899,IT=23;23 ,ii
25942,UP 2,45.938,32992,18075336.0,65.196279,2218381.0,391.2838231,IT=23;23 ,ii
25943,UP 2,47.780,32372,18618604.0,65.200487,2316740.2,391.2837448,IT=24;24 ,ii
25944,UP 2,45.647,30332,17889310.0,65.204631,2227173.5,391.283809,IT=23;23 ,ii
25945,UP 2,44.708,30988,17858578.0,65.208794,2171700.5,391.2837937,IT=22;22 ,ii
25946,UP 2,45.052,32048,17740716.0,65.212804,2215212.8,391.2837564,IT=23;23 ,ii
25947,UP 2,47.322,29480,17017806.0,65.217019,2111911.0,391.2838485,IT=24;24 ,ii
25948,UP 2,45.137,29368,17038468.0,65.22116,2128735.8,391.2839563,IT=23;23 ,ii
25949,UP 2,43.896,30664,18361100.0,65.225319,2281496.5,391.2838897,IT=22;22 ,ii
25950,UP 2,43.940,29356,18210282.0,65.229496,2343999.0,391.2838389,IT=22;22 ,ii
25951,UP 2,45.824,36528,18621134.0,65.233531,2305327.5,391.2838483,IT=23;23 ,ii
25952,UP 2,44.954,30100,17846176.0,65.237698,2260966.2,391.2837883,IT=22;22 ,ii
25953,UP 2,44.895,31144,18283062.0,65.241881,2319497.5,391.2838198,IT=22;22 ,ii
25954,UP 2,44.479,30780,17803458.0,65.24605,2203997.5,391.2837463,IT=22;22 ,ii
25955,UP 2,43.722,29248,17998202.0,65.250216,2264846.8,391.2837018,IT=22;22 ,ii
25956,UP 2,44.120,30468,17525156.0,65.2544,2145756.8,391.2837463,IT=22;22 ,ii
25957,UP 2,44.038,29568,18210196.0,65.258758,2244203.2,391.2837371,IT=22;22 ,ii
25958,UP 2,45.129,31900,18234096.0,65.262954,2262367.8,391.2837572,IT=23;23 ,ii
25959,UP 2,43.038,31380,18533538.0,65.267097,2283928.0,391.2837613,IT=22;22 ,ii
25960,UP 2,42.930,30720,17958352.0,65.271097,2281867.5,391.2838388,IT=21;21 ,ii
25961,UP 2,43.949,31688,18077434.0,65.275291,2233934.8,391.283878,IT=22;22 ,ii
25962,UP 2,47.657,29796,17209786.0,65.279531,2123282.2,391.2838229,IT=24;24 ,ii
25963,UP 2,44.629,31660,18001752.0,65.283656,2208257.2,391.2839327,IT=22;22 ,ii
25964,UP 2,46.187,32104,18070670.0,65.287683,2224258.5,391.283802,IT=23;23 ,ii
25965,UP 2,44.077,31760,17781274.0,65.291826,2169596.0,391.2839279,IT=22;22 ,ii
25966,UP 2,46.349,32592,18127646.0,65.296045,2275506.8,391.283907,IT=23;23 ,ii
25967,UP 2,43.562,27304,17595672.0,65.300176,2218611.8,391.2839001,IT=22;22 ,ii
25968,UP 2,42.725,28024,17472374.0,65.304339,2221612.2,391.2839105,IT=21;21 ,ii
25969,UP 2,45.494,29940,17495342.0,65.308389,2248861.8,391.2838604,IT=23;23 ,ii
25970,UP 2,46.243,32324,18108258.0,65.312585,2228367.8,391.2837845,IT=23;23 ,ii
25971,UP 2,47.395,30688,17720300.0,65.316778,2209273.8,391.2838158,IT=24;24 ,ii
25972,UP 2,46.589,33900,17936918.0,65.320941,2213548.0,391.2838272,IT=23;23 ,ii
25973,UP 2,42.680,28100,17528426.0,65.324878,2179865.0,371.1010387,IT=21;21 ,ii
25974,UP 2,44.076,31064,18536026.0,65.329082,2368024.8,391.283855,IT=22;22 ,ii
25975,UP 2,45.489,29768,17338248.0,65.333289,2152567.5,391.2839136,IT=23;23 ,ii
25976,UP 2,49.777,31784,17641166.0,65.337539,2195797.8,391.2838392,IT=25;25 ,ii
25977,UP 2,45.634,30984,17941522.0,65.341932,2172249.5,391.2837937,IT=23;23 ,ii
25978,UP 2,45.157,30796,17843112.0,65.346097,2235822.2,391.2838719,IT=23;23 ,ii
25979,UP 2,44.568,31496,18793432.0,65.350261,2353201.8,391.2838303,IT=22;22 ,ii
25980,UP 2,43.151,27580,17958438.0,65.354414,2256488.5,391.2839296,IT=22;22 ,ii
25981,UP 2,42.444,29688,18464122.0,65.358584,2400966.2,391.2837182,IT=21;21 ,ii
25982,UP 2,45.998,31304,18159798.0,65.362643,2244013.0,391.2837657,IT=23;23 ,ii
25983,UP 2,45.200,32264,17996186.0,65.366803,2280628.8,391.2838806,IT=23;23 ,ii
25984,UP 2,45.202,31748,18034664.0,65.370976,2232069.0,391.2837839,IT=23;23 ,ii
25985,UP 2,45.511,34012,18806972.0,65.375159,2452074.0,391.2837584,IT=23;23 ,ii
25986,UP 2,41.995,29320,17861328.0,65.379274,2252380.0,391.283842,IT=21;21 ,ii
25987,UP 2,46.051,30192,18108440.0,65.383343,2268628.8,391.2837846,IT=23;23 ,ii
25988,UP 2,46.036,33256,18764346.0,65.387515,2314438.8,391.2837458,IT=23;23 ,ii
25989,UP 2,44.215,33004,18778204.0,65.391657,2420096.5,391.2837985,IT=22;22 ,ii
25990,UP 2,42.768,29660,18252596.0,65.395807,2223895.5,391.2837984,IT=21;21 ,ii
25991,UP 2,43.890,27468,18315232.0,65.400001,2319288.0,391.2836832,IT=22;22 ,ii
25992,UP 2,43.866,29200,18837366.0,65.404005,2378374.8,391.2836326,IT=22;22 ,ii
25993,UP 2,43.453,29964,17908826.0,65.408174,2283316.0,391.2837482,IT=22;22 ,ii
25994,UP 2,45.842,31304,17985012.0,65.412396,2174950.5,391.2837255,IT=23;23 ,ii
25995,UP 2,44.696,29980,18233330.0,65.416555,2258323.5,391.2837142,IT=22;22 ,ii
25996,UP 2,44.946,32184,18436966.0,65.420563,2337775.8,391.2837757,IT=22;22 ,ii
25997,UP 2,46.287,33536,18127456.0,65.424963,2251229.2,391.2837205,IT=23;23 ,ii
25998,UP 2,44.865,30864,17949302.0,65.429117,2268446.5,391.2836645,IT=22;22 ,ii
25999,UP 2,43.242,29104,17936224.0,65.433273,2283472.0,391.2837203,IT=22;22 ,ii
26000,UP 2,43.807,30592,18304908.0,65.437284,2252176.5,391.2837162,IT=22;22 ,ii
26001,UP 2,45.280,32436,18823182.0,65.441488,2393494.5,391.2836703,IT=23;23 ,ii
26002,UP 2,42.078,29648,18472338.0,65.445621,2286892.5,391.283708,IT=21;21 ,ii
26003,UP 2,42.783,31116,19121650.0,65.449821,2430421.8,391.2836966,IT=21;21 ,ii
26004,UP 2,42.385,30568,19041742.0,65.454005,2475379.0,391.283676,IT=21;21 ,ii
26005,UP 2,42.319,30688,18160698.0,65.458015,2316595.2,391.2837998,IT=21;21 ,ii
26006,UP 2,43.898,30744,18720926.0,65.462219,2340643.8,391.2837008,IT=22;22 ,ii
26007,UP 2,42.912,29620,18861458.0,65.466392,2482149.2,391.2836169,IT=21;21 ,ii
26008,UP 2,44.139,32328,18567552.0,65.470615,2240000.2,391.2836219,IT=22;22 ,ii
26009,UP 2,45.972,31560,18428390.0,65.474659,2312954.2,391.283599,IT=23;23 ,ii
26010,UP 2,45.792,34736,18411904.0,65.478836,2164976.2,391.2836829,IT=23;23 ,ii
26011,UP 2,42.916,31472,19178230.0,65.482965,2387552.0,391.2835298,IT=21;21 ,ii
26012,UP 2,43.321,30428,18847660.0,65.487152,2407077.5,391.2835909,IT=22;22 ,ii
26013,UP 2,41.932,30836,19082588.0,65.491304,2415602.8,391.2835643,IT=21;21 ,ii
26014,UP 2,42.815,30400,18980920.0,65.495325,2427567.8,391.283579,IT=21;21 ,ii
26015,UP 2,41.636,30644,18670822.0,65.499481,2292985.8,391.283649,IT=21;21 ,ii
26016,UP 2,42.583,32904,18342468.0,65.503677,2242225.2,391.2837521,IT=21;21 ,ii
26017,UP 2,43.628,32452,18827544.0,65.508031,2309375.8,391.2836212,IT=22;22 ,ii
26018,UP 2,45.368,35984,19636094.0,65.51225,2393312.0,391.2836713,IT=23;23 ,ii
26019,UP 2,43.493,29996,18328538.0,65.516221,2309283.0,391.2837127,IT=22;22 ,ii
26020,UP 2,42.456,30184,19302906.0,65.520392,2395786.0,391.2835715,IT=21;21 ,ii
26021,UP 2,40.895,33064,18914746.0,65.52455,2311743.2,391.2836993,IT=20;20 ,ii
26022,UP 2,40.756,28116,18520590.0,65.528737,2252782.8,391.2837763,IT=20;20 ,ii
26023,UP 2,44.714,33952,18922018.0,65.532994,2328182.8,391.2835189,IT=22;22 ,ii
26024,UP 2,40.955,31156,19140236.0,65.537106,2435083.8,391.2837119,IT=20;20 ,ii
26025,UP 2,42.863,30012,18919252.0,65.541314,2362078.2,391.2837204,IT=21;21 ,ii
26026,UP 2,41.077,31464,20012930.0,65.545462,2575448.5,391.2837165,IT=21;21 ,ii
26027,UP 2,40.686,30124,19571406.0,65.549633,2479354.5,391.2837893,IT=20;20 ,ii
26028,UP 2,42.610,32860,19056762.0,65.553669,2280461.2,371.100915,IT=21;21 ,ii
26029,UP 2,41.371,28744,19413034.0,65.557827,2457893.2,391.283763,IT=21;21 ,ii
26030,UP 2,40.688,30588,19409130.0,65.561993,2450741.8,391.2837751,IT=20;20 ,ii
26031,UP 2,41.627,35300,19756986.0,65.566185,2421154.2,391.2838536,IT=21;21 ,ii
26032,UP 2,41.559,30500,19197002.0,65.570368,2410197.0,391.2837511,IT=21;21 ,ii
26033,UP 2,43.322,31700,19509974.0,65.574573,2382874.8,391.2837562,IT=22;22 ,ii
26034,UP 2,40.910,30792,19465496.0,65.57871,2545636.2,391.2836819,IT=20;20 ,ii
26035,UP 2,41.004,30408,19249944.0,65.582889,2369054.8,391.2836769,IT=21;21 ,ii
26036,UP 2,43.025,32772,19184858.0,65.587104,2427048.2,391.2837071,IT=22;22 ,ii
26037,UP 2,41.837,30588,19457826.0,65.591424,2416087.5,391.2836867,IT=21;21 ,ii
26038,UP 2,43.903,31120,18505458.0,65.595635,2292040.2,391.2837529,IT=22;22 ,ii
26039,UP 2,41.095,29452,19470628.0,65.599764,2523917.8,391.2836972,IT=21;21 ,ii
26040,UP 2,41.304,29240,18902570.0,65.603949,2366060.2,391.2837894,IT=21;21 ,ii
26041,UP 2,39.983,30264,19700220.0,65.608099,2558190.0,391.2837106,IT=20;20 ,ii
26042,UP 2,41.444,29512,19176172.0,65.612122,2458670.5,391.2837467,IT=21;21 ,ii
26043,UP 2,41.651,31416,19824316.0,65.616304,2471367.8,391.2837212,IT=21;21 ,ii
26044,UP 2,41.045,30992,19450990.0,65.62047,2400652.2,391.2837282,IT=21;21 ,ii
26045,UP 2,42.204,31616,20279876.0,65.624666,2566159.2,391.2836654,IT=21;21 ,ii
26046,UP 2,40.287,29508,19241208.0,65.628639,2382068.2,391.2837579,IT=20;20 ,ii
26047,UP 2,41.945,30124,18745332.0,65.632843,2376194.5,391.2837975,IT=21;21 ,ii
26048,UP 2,43.026,31160,19050088.0,65.637045,2318447.2,391.2837139,IT=22;22 ,ii
26049,UP 2,39.378,28968,19896102.0,65.641162,2603844.5,391.2836357,IT=20;20 ,ii
26050,UP 2,40.105,29944,18853656.0,65.64517,2358190.5,391.2837754,IT=20;20 ,ii
26051,UP 2,41.620,36984,19858314.0,65.649368,2508692.5,391.2838877,IT=21;21 ,ii
26052,UP 2,40.100,28588,19985422.0,65.653516,2547210.5,391.2837621,IT=20;20 ,ii
26053,UP 2,42.065,31556,19567716.0,65.657724,2418593.5,371.1009294,IT=21;21 ,ii
26054,UP 2,40.928,29688,19912172.0,65.661878,2529243.5,391.2836062,IT=20;20 ,ii
26055,UP 2,40.340,29556,19835508.0,65.665868,2463469.0,391.2836723,IT=20;20 ,ii
26056,UP 2,40.907,28708,18577482.0,65.670049,2286121.8,391.2838051,IT=20;20 ,ii
26057,UP 2,39.356,34256,19828696.0,65.674334,2497343.8,391.2837451,IT=20;20 ,ii
26058,UP 2,41.704,28548,19454430.0,65.678549,2449972.0,391.2836426,IT=21;21 ,ii
26059,UP 2,40.738,28284,19640114.0,65.68253,2521251.2,391.2836316,IT=20;20 ,ii
26060,UP 2,38.367,28988,20012376.0,65.686668,2562821.2,391.2837284,IT=19;19 ,ii
26061,UP 2,40.269,27960,19668070.0,65.690874,2496535.0,371.100859,IT=20;20 ,ii
26062,UP 2,41.281,30028,19735966.0,65.695084,2482935.2,391.2836426,IT=21;21 ,ii
26063,UP 2,41.693,30116,19954598.0,65.699268,2541257.5,391.2835871,IT=21;21 ,ii
26064,UP 2,41.273,31692,18958880.0,65.703442,2340415.2,391.2837511,IT=21;21 ,ii
26065,UP 2,40.822,30668,19697670.0,65.707617,2528022.0,391.2836167,IT=20;20 ,ii
26066,UP 2,40.027,33544,18913602.0,65.71178,2247913.8,391.2838798,IT=20;20 ,ii
26067,UP 2,39.850,30368,20051778.0,65.715953,2556287.2,391.283692,IT=20;20 ,ii
26068,UP 2,39.988,28716,19122044.0,65.720119,2428307.5,391.2837762,IT=20;20 ,ii
26069,UP 2,43.181,28556,18803604.0,65.724178,2326128.8,391.283703,IT=22;22 ,ii
26070,UP 2,42.021,30696,19562850.0,65.728332,2413704.2,391.2836696,IT=21;21 ,ii
26071,UP 2,41.676,27776,18604240.0,65.732501,2320507.8,391.2837028,IT=21;21 ,ii
26072,UP 2,43.647,31356,19682552.0,65.736717,2517340.5,391.283674,IT=22;22 ,ii
26073,UP 2,41.552,29524,18965772.0,65.740684,2316550.8,371.1008917,IT=21;21 ,ii
26074,UP 2,43.106,29580,19461672.0,65.744886,2487036.5,391.2836872,IT=22;22 ,ii
26075,UP 2,43.583,32104,19390140.0,65.749073,2406819.0,391.2837623,IT=22;22 ,ii
26076,UP 2,44.517,29740,18843714.0,65.753265,2366300.2,391.2836721,IT=22;22 ,ii
26077,UP 2,41.600,30700,19166988.0,65.757594,2352012.8,391.2837496,IT=21;21 ,ii
26078,UP 2,43.979,31308,19784650.0,65.761807,2474093.0,391.2836223,IT=22;22 ,ii
26079,UP 2,44.369,33672,19175528.0,65.765988,2335561.2,371.1008518,IT=22;22 ,ii
26080,UP 2,42.926,29992,19339920.0,65.770136,2391516.5,391.2836027,IT=21;21 ,ii
26081,UP 2,42.016,29192,19434822.0,65.774292,2441375.2,391.2836364,IT=21;21 ,ii
26082,UP 2,39.988,28872,19569750.0,65.778259,2566251.2,391.2836383,IT=20;20 ,ii
26083,UP 2,41.337,29420,19595726.0,65.78245,2443075.0,391.2837484,IT=21;21 ,ii
26084,UP 2,43.652,32324,19738414.0,65.786665,2499718.0,391.2837532,IT=22;22 ,ii
26085,UP 2,40.856,34256,19960224.0,65.79079,2409142.5,391.2837637,IT=20;20 ,ii
26086,UP 2,40.997,29108,19032254.0,65.794965,2423383.0,391.283813,IT=20;20 ,ii
26087,UP 2,40.427,28568,19160068.0,65.798954,2370449.0,391.2838934,IT=20;20 ,ii
26088,UP 2,40.735,27680,20232698.0,65.80314,2609832.8,391.2837532,IT=20;20 ,ii
26089,UP 2,42.857,30284,19500202.0,65.807352,2432657.8,391.2837953,IT=21;21 ,ii
26090,UP 2,42.312,29000,19504512.0,65.811517,2491722.8,391.2837089,IT=21;21 ,ii
26091,UP 2,41.801,30200,20066590.0,65.815513,2553260.8,391.2836783,IT=21;21 ,ii
26092,UP 2,40.716,28896,19143018.0,65.819673,2426610.2,391.2838167,IT=20;20 ,ii
26093,UP 2,40.351,29040,19607334.0,65.823848,2461533.0,391.283757,IT=20;20 ,ii
26094,UP 2,44.708,29416,19106418.0,65.828098,2328784.0,391.2836415,IT=22;22 ,ii
26095,UP 2,41.092,29956,19852450.0,65.832217,2528451.2,391.2837396,IT=21;21 ,ii
26096,UP 2,41.614,31392,19100084.0,65.836229,2363249.0,391.2838432,IT=21;21 ,ii
26097,UP 2,39.769,28488,20059114.0,65.840517,2524278.2,391.2836212,IT=20;20 ,ii
26098,UP 2,39.362,30988,20394154.0,65.844685,2631400.0,391.2837074,IT=20;20 ,ii
26099,UP 2,40.208,28012,18929810.0,65.848875,2500044.0,391.2838181,IT=20;20 ,ii
26100,UP 2,39.695,28440,19433372.0,65.852871,2427322.0,371.1008204,IT=20;20 ,ii
26101,UP 2,42.886,30240,19774732.0,65.857108,2500562.5,391.2835512,IT=21;21 ,ii
26102,UP 2,40.361,35788,19413208.0,65.861258,2304783.5,391.2839063,IT=20;20 ,ii
26103,UP 2,42.088,29464,18791608.0,65.865475,2382730.0,391.283768,IT=21;21 ,ii
26104,UP 2,41.456,29088,19082404.0,65.86965,2405133.5,391.2838305,IT=21;21 ,ii
26105,UP 2,40.403,29452,19732344.0,65.873641,2513682.5,391.2837189,IT=20;20 ,ii
26106,UP 2,39.454,29268,19262272.0,65.877797,2437718.0,391.2838704,IT=20;20 ,ii
26107,UP 2,42.800,34684,19329480.0,65.882037,2397142.0,391.2837375,IT=21;21 ,ii
26108,UP 2,41.334,30116,20047088.0,65.8862,2554603.5,391.2836374,IT=21;21 ,ii
26109,UP 2,39.393,28960,19346794.0,65.890179,2386943.5,371.1009282,IT=20;20 ,ii
26110,UP 2,39.188,28384,20054356.0,65.894358,2504375.8,391.2836539,IT=20;20 ,ii
26111,UP 2,41.527,29064,19570842.0,65.898583,2465627.5,391.2836765,IT=21;21 ,ii
26112,UP 2,42.499,30452,19143702.0,65.902785,2377390.2,391.2837563,IT=21;21 ,ii
26113,UP 2,41.757,29464,20321494.0,65.906954,2676394.2,391.2836643,IT=21;21 ,ii
26114,UP 2,43.100,29480,19663972.0,65.910991,2473921.5,391.2836471,IT=22;22 ,ii
26115,UP 2,40.518,29680,19251138.0,65.915124,2418257.5,391.2836857,IT=20;20 ,ii
26116,UP 2,41.281,27708,18440004.0,65.919318,2370045.0,391.2837514,IT=21;21 ,ii
26117,UP 2,41.857,26860,18838830.0,65.923516,2408886.5,391.2836853,IT=21;21 ,ii
26118,UP 2,40.669,26436,19325592.0,65.927826,2510409.5,391.2837076,IT=20;20 ,ii
26119,UP 2,41.971,29852,19619574.0,65.932026,2497180.2,391.2836522,IT=21;21 ,ii
26120,UP 2,40.575,28556,18785534.0,65.936181,2281691.2,391.283726,IT=20;20 ,ii
26121,UP 2,41.436,30336,19560648.0,65.940374,2500643.5,391.2836217,IT=21;21 ,ii
26122,UP 2,41.623,28276,18997598.0,65.944557,2400810.8,391.2837086,IT=21;21 ,ii
26123,UP 2,41.565,28820,19962580.0,65.948562,2682047.2,391.283705,IT=21;21 ,ii
26124,UP 2,41.865,28592,19929322.0,65.952745,2572621.0,391.2836574,IT=21;21 ,ii
26125,UP 2,41.995,30856,18992800.0,65.956926,2325402.0,391.2838866,IT=21;21 ,ii
26126,UP 2,41.999,29284,18846728.0,65.961101,2390671.2,391.283835,IT=21;21 ,ii
26127,UP 2,41.416,29176,18764104.0,65.965097,2397404.2,391.283791,IT=21;21 ,ii
26128,UP 2,41.971,27392,19171126.0,65.969301,2540657.0,391.2837503,IT=21;21 ,ii
26129,UP 2,41.769,27624,19632310.0,65.97347,2499232.0,391.2837338,IT=21;21 ,ii
26130,UP 2,41.497,29496,19058680.0,65.977643,2316544.0,391.2837118,IT=21;21 ,ii
26131,UP 2,40.560,30360,19547628.0,65.981803,2507552.8,391.2836097,IT=20;20 ,ii
26132,UP 2,43.445,29900,19316258.0,65.985853,2445344.5,391.2836486,IT=22;22 ,ii
26133,UP 2,39.868,29064,19999110.0,65.98997,2566744.0,391.2836944,IT=20;20 ,ii
26134,UP 2,42.958,30736,19353700.0,65.994197,2438748.2,391.2837259,IT=21;21 ,ii
26135,UP 2,40.740,32624,19691698.0,65.998338,2490562.2,391.2838037,IT=20;20 ,ii
26136,UP 2,39.483,27548,19882992.0,66.002495,2572506.8,391.283679,IT=20;20 ,ii
26137,UP 2,43.936,36096,19927680.0,66.006743,2391070.2,391.2837308,IT=22;22 ,ii
26138,UP 2,42.556,33036,19539534.0,66.011082,2380974.5,391.283739,IT=21;21 ,ii
26139,UP 2,41.154,29320,18936400.0,66.015238,2363843.0,391.283771,IT=21;21 ,ii
26140,UP 2,39.500,28020,20092364.0,66.01939,2567357.0,391.2836961,IT=20;20 ,ii
26141,UP 2,39.917,27632,19563948.0,66.023397,2601217.2,391.2836394,IT=20;20 ,ii
26142,UP 2,42.009,26664,18577706.0,66.027605,2312400.8,391.2837344,IT=21;21 ,ii
26143,UP 2,44.041,31020,19397748.0,66.031815,2438967.5,391.2836562,IT=22;22 ,ii
26144,UP 2,41.243,28992,18877774.0,66.035957,2387187.8,391.2836769,IT=21;21 ,ii
26145,UP 2,42.227,25696,19531922.0,66.039982,2577381.8,391.2835989,IT=21;21 ,ii
26146,UP 2,40.565,30824,19180388.0,66.044123,2429436.5,371.1007992,IT=20;20 ,ii
26147,UP 2,40.094,28272,19380318.0,66.048288,2490008.0,391.2836614,IT=20;20 ,ii
26148,UP 2,41.404,29936,19931664.0,66.052484,2536587.0,391.2836491,IT=21;21 ,ii
26149,UP 2,41.238,29552,19837316.0,66.056655,2502021.0,391.2836208,IT=21;21 ,ii
26150,UP 2,42.828,30716,19372392.0,66.060678,2483344.0,391.2836935,IT=21;21 ,ii
26151,UP 2,41.917,28704,20146682.0,66.064836,2638480.8,391.2836553,IT=21;21 ,ii
26152,UP 2,40.008,29252,19922394.0,66.068977,2479093.0,391.2836903,IT=20;20 ,ii
26153,UP 2,43.079,30356,19150742.0,66.073198,2395288.5,391.2837641,IT=22;22 ,ii
26154,UP 2,42.050,30036,18563020.0,66.07718,2273861.0,391.2837558,IT=21;21 ,ii
26155,UP 2,42.398,29244,19077818.0,66.081361,2446150.8,391.2837079,IT=21;21 ,ii
26156,UP 2,40.124,27428,19353302.0,66.085498,2491326.0,391.2836129,IT=20;20 ,ii
26157,UP 2,41.923,28288,18864462.0,66.0897,2382412.5,391.2836046,IT=21;21 ,ii
26158,UP 2,40.996,30068,19317674.0,66.094013,2446465.8,391.2836048,IT=20;20 ,ii
26159,UP 2,42.405,29964,19209086.0,66.098209,2388133.2,391.2836172,IT=21;21 ,ii
26160,UP 2,42.591,28760,19476334.0,66.102386,2536332.5,391.2835369,IT=21;21 ,ii
26161,UP 2,43.266,29948,18612180.0,66.106571,2336380.8,391.283642,IT=22;22 ,ii
26162,UP 2,41.572,31612,19148794.0,66.110713,2430298.5,391.2836522,IT=21;21 ,ii
26163,UP 2,41.621,30716,19720502.0,66.11489,2508927.5,391.283689,IT=21;21 ,ii
26164,UP 2,43.663,28884,19237014.0,66.119102,2395407.2,391.2836061,IT=22;22 ,ii
26165,UP 2,43.440,30636,19229216.0,66.123273,2423920.8,391.2836669,IT=22;22 ,ii
26166,UP 2,41.238,27660,19581038.0,66.127413,2573511.5,391.2836216,IT=21;21 ,ii
26167,UP 2,40.967,30264,19365270.0,66.131581,2402360.8,391.2835764,IT=20;20 ,ii
26168,UP 2,45.072,29532,19365480.0,66.13565,2459141.8,391.2834649,IT=23;23 ,ii
26169,UP 2,41.487,28376,18802880.0,66.139769,2368582.0,391.2836949,IT=21;21 ,ii
26170,UP 2,43.036,30232,19276530.0,66.143964,2399927.0,391.2836018,IT=22;22 ,ii
26171,UP 2,41.774,30356,18634106.0,66.148114,2300386.5,391.2836238,IT=21;21 ,ii
26172,UP 2,43.586,29424,18846860.0,66.152321,2388821.0,391.2836197,IT=22;22 ,ii
26173,UP 2,41.326,30124,19365910.0,66.156281,2398118.0,371.1007466,IT=21;21 ,ii
26174,UP 2,42.837,28896,18834998.0,66.160485,2442902.2,391.2833774,IT=21;21 ,ii
26175,UP 2,43.411,29652,19259286.0,66.164669,2381996.5,391.2835761,IT=22;22 ,ii
26176,UP 2,42.394,28060,19158374.0,66.168825,2430779.5,391.2838286,IT=21;21 ,ii
26177,UP 2,42.337,29864,19094904.0,66.172821,2436919.8,391.2838085,IT=21;21 ,ii
26178,UP 2,44.766,31632,18694366.0,66.177198,2353296.8,391.2837287,IT=22;22 ,ii
26179,UP 2,41.695,29964,19651704.0,66.181335,2481838.8,391.2836555,IT=21;21 ,ii
26180,UP 2,43.202,29632,19765578.0,66.185531,2551717.0,391.2835176,IT=22;22 ,ii
26181,UP 2,42.937,29548,18405966.0,66.1897,2333630.8,371.1008522,IT=21;21 ,ii
26182,UP 2,41.429,28848,19447092.0,66.193677,2538807.8,391.2836564,IT=21;21 ,ii
26183,UP 2,43.483,30964,19894310.0,66.197891,2466113.2,371.1007554,IT=22;22 ,ii
26184,UP 2,42.544,32360,19894142.0,66.202066,2551491.2,391.283617,IT=21;21 ,ii
26185,UP 2,42.496,30828,19440782.0,66.206243,2432216.8,391.2836707,IT=21;21 ,ii
26186,UP 2,41.133,26792,19305082.0,66.210224,2531921.2,391.2836473,IT=21;21 ,ii
26187,UP 2,40.479,27908,19056578.0,66.214391,2517167.2,391.2834715,IT=20;20 ,ii
26188,UP 2,41.319,28768,18625268.0,66.218591,2321664.5,391.2837061,IT=21;21 ,ii
26189,UP 2,41.762,30924,18949588.0,66.222785,2382000.5,391.2836615,IT=21;21 ,ii
26190,UP 2,40.909,27940,18791150.0,66.226956,2353570.0,371.1008688,IT=20;20 ,ii
26191,UP 2,41.578,29672,19336660.0,66.230974,2455674.5,391.2836714,IT=21;21 ,ii
26192,UP 2,41.708,28556,18844304.0,66.235149,2354642.0,371.1008768,IT=21;21 ,ii
26193,UP 2,39.897,26460,19304504.0,66.239303,2581560.2,391.2836877,IT=20;20 ,ii
26194,UP 2,40.697,29824,19363194.0,66.243497,2487418.8,391.283789,IT=20;20 ,ii
26195,UP 2,40.435,26584,19167378.0,66.247501,2499853.2,391.2837504,IT=20;20 ,ii
26196,UP 2,45.282,32672,19325134.0,66.251768,2387193.8,391.2837032,IT=23;23 ,ii
26197,UP 2,40.821,30276,19597506.0,66.255876,2501717.0,391.2836788,IT=20;20 ,ii
26198,UP 2,43.678,28908,18535124.0,66.260241,2324781.5,391.2836805,IT=22;22 ,ii
26199,UP 2,41.585,29200,19438614.0,66.264391,2502182.0,391.2836738,IT=21;21 ,ii
26200,UP 2,45.109,30924,19294424.0,66.268449,2402502.8,391.2835807,IT=23;23 ,ii
26201,UP 2,43.463,28144,19109386.0,66.272597,2457620.8,391.2834638,IT=22;22 ,ii
26202,UP 2,41.658,29544,19349934.0,66.276751,2534446.0,391.2836869,IT=21;21 ,ii
26203,UP 2,42.270,27700,19542246.0,66.280945,2528354.0,391.2837089,IT=21;21 ,ii
26204,UP 2,41.385,27840,19157032.0,66.28512,2450568.2,391.2837244,IT=21;21 ,ii
26205,UP 2,41.901,27056,18871820.0,66.289314,2377426.0,391.283748,IT=21;21 ,ii
26206,UP 2,41.033,29444,18751712.0,66.293472,2378826.8,391.2836729,IT=21;21 ,ii
26207,UP 2,41.590,28908,19513068.0,66.297657,2444026.5,391.2836446,IT=21;21 ,ii
26208,UP 2,40.449,30696,19423884.0,66.301809,2432970.5,391.2837234,IT=20;20 ,ii
26209,UP 2,42.404,29208,19711190.0,66.305845,2495102.2,391.2836732,IT=21;21 ,ii
26210,UP 2,40.769,27836,18704674.0,66.30999,2436743.8,391.2837987,IT=20;20 ,ii
26211,UP 2,43.575,29796,18849494.0,66.314209,2373254.2,391.283661,IT=22;22 ,ii
26212,UP 2,42.655,30912,19435094.0,66.318367,2395479.8,391.2837823,IT=21;21 ,ii
26213,UP 2,40.714,27436,19646404.0,66.322338,2569451.0,391.2836355,IT=20;20 ,ii
26214,UP 2,40.887,28772,19047576.0,66.326513,2369682.2,391.2837256,IT=20;20 ,ii
26215,UP 2,43.318,30468,18562194.0,66.330728,2393787.0,391.2837193,IT=22;22 ,ii
26216,UP 2,43.084,28772,18759576.0,66.334897,2409677.0,371.1007854,IT=22;22 ,ii
26217,UP 2,41.493,28084,19245830.0,66.339044,2572558.8,391.2836827,IT=21;21 ,ii
26218,UP 2,41.274,28716,19472806.0,66.343365,2463848.0,391.2837041,IT=21;21 ,ii
26219,UP 2,41.182,27548,19118950.0,66.347536,2419365.0,391.2836721,IT=21;21 ,ii
26220,UP 2,40.595,30008,20162156.0,66.351696,2568835.0,391.2835777,IT=20;20 ,ii
26221,UP 2,44.737,29964,18202800.0,66.35594,2283743.5,391.2837275,IT=22;22 ,ii
26222,UP 2,42.375,28600,18982116.0,66.359901,2421421.0,391.2835914,IT=21;21 ,ii
26223,UP 2,41.263,30200,18756430.0,66.364057,2331076.8,391.2837719,IT=21;21 ,ii
26224,UP 2,41.156,29264,18766920.0,66.368228,2384847.2,391.2837397,IT=21;21 ,ii
26225,UP 2,39.517,29004,19037986.0,66.372375,2413589.8,391.2837228,IT=20;20 ,ii
26226,UP 2,43.890,28964,19341598.0,66.376617,2420237.0,391.2835605,IT=22;22 ,ii
26227,UP 2,41.987,27620,19072988.0,66.380586,2382829.0,391.283652,IT=21;21 ,ii
26228,UP 2,41.510,29380,19354978.0,66.384752,2506341.8,391.2837213,IT=21;21 ,ii
26229,UP 2,43.168,28624,18899038.0,66.388965,2352679.8,391.2836864,IT=22;22 ,ii
26230,UP 2,41.278,28508,19002122.0,66.393121,2421086.8,391.2837321,IT=21;21 ,ii
26231,UP 2,39.879,29056,20019022.0,66.397107,2608056.8,391.2836359,IT=20;20 ,ii
26232,UP 2,42.647,28860,18482812.0,66.401321,2339127.5,391.2836932,IT=21;21 ,ii
26233,UP 2,41.717,29636,19302132.0,66.40549,2414285.0,371.1008837,IT=21;21 ,ii
26234,UP 2,40.635,28504,19446074.0,66.409648,2460361.8,391.2836542,IT=20;20 ,ii
26235,UP 2,40.497,27372,19241012.0,66.413836,2450026.8,391.2836675,IT=20;20 ,ii
26236,UP 2,44.732,29668,18400120.0,66.417913,2308251.2,391.2836569,IT=22;22 ,ii
26237,UP 2,40.403,32372,19528808.0,66.422019,2404629.0,371.1008698,IT=20;20 ,ii
26238,UP 2,39.140,29004,19603402.0,66.426298,2560463.5,391.283627,IT=20;20 ,ii
26239,UP 2,40.876,26156,18702320.0,66.430506,2392851.8,391.2836467,IT=20;20 ,ii
26240,UP 2,41.885,28660,19101182.0,66.434523,2426268.5,391.2836849,IT=21;21 ,ii
26241,UP 2,42.179,29376,19186526.0,66.438702,2548264.2,391.2836095,IT=21;21 ,ii
26242,UP 2,42.097,28864,18604478.0,66.442879,2281635.2,371.1008252,IT=21;21 ,ii
26243,UP 2,41.955,29752,19934588.0,66.447058,2533842.8,391.2836542,IT=21;21 ,ii
26244,UP 2,41.447,27924,19106866.0,66.451235,2457979.8,391.2837348,IT=21;21 ,ii
26245,UP 2,41.206,28840,18684636.0,66.45524,2389607.5,391.2836646,IT=21;21 ,ii
26246,UP 2,41.279,27608,19126736.0,66.459419,2492693.5,391.2837796,IT=21;21 ,ii
26247,UP 2,41.325,27696,19628590.0,66.463604,2483406.5,371.1007334,IT=21;21 ,ii
26248,UP 2,42.681,29744,19199178.0,66.467819,2436666.0,391.2836924,IT=21;21 ,ii
26249,UP 2,40.597,27872,19867212.0,66.471806,2557952.2,371.1008208,IT=20;20 ,ii
26250,UP 2,39.536,28100,19782950.0,66.475979,2521200.5,391.2836446,IT=20;20 ,ii
26251,UP 2,40.486,29584,19133760.0,66.480177,2490202.8,391.2836496,IT=20;20 ,ii
26252,UP 2,39.029,26244,19390740.0,66.484337,2494884.8,391.2836312,IT=20;20 ,ii
26253,UP 2,41.339,28408,19553550.0,66.488554,2607224.8,391.2836004,IT=21;21 ,ii
26254,UP 2,42.861,30016,19170572.0,66.492589,2370701.2,371.1008403,IT=21;21 ,ii
26255,UP 2,39.327,26904,19631132.0,66.4967,2561081.0,391.2837273,IT=20;20 ,ii
26256,UP 2,39.847,29496,19819958.0,66.500889,2534906.8,391.2836361,IT=20;20 ,ii
26257,UP 2,43.572,29016,19069328.0,66.505133,2425856.8,391.2837798,IT=22;22 ,ii
26258,UP 2,41.913,27776,18395976.0,66.509458,2385815.8,391.2838283,IT=21;21 ,ii
26259,UP 2,40.826,27396,18915824.0,66.513614,2358904.2,391.2836766,IT=20;20 ,ii
26260,UP 2,40.836,27220,19161012.0,66.517789,2441540.0,391.283743,IT=20;20 ,ii
26261,UP 2,43.754,29060,18702828.0,66.522014,2349485.5,391.2837975,IT=22;22 ,ii
26262,UP 2,41.250,28956,19778542.0,66.526147,2549638.8,391.2837664,IT=21;21 ,ii
26263,UP 2,43.325,28084,18890084.0,66.530183,2465125.2,391.2837941,IT=22;22 ,ii
26264,UP 2,44.751,30960,19188298.0,66.534381,2388391.0,371.1008796,IT=22;22 ,ii
26265,UP 2,39.949,28508,19302018.0,66.538474,2496312.0,391.2836815,IT=20;20 ,ii
26266,UP 2,41.394,28540,18802038.0,66.542681,2394869.5,391.2836299,IT=21;21 ,ii
26267,UP 2,42.244,27932,19238670.0,66.54671,2497393.2,391.2836514,IT=21;21 ,ii
26268,UP 2,41.201,28400,18949668.0,66.55086,2401331.0,371.1008102,IT=21;21 ,ii
26269,UP 2,41.187,26524,18914130.0,66.555035,2426384.0,391.2836554,IT=21;21 ,ii
26270,UP 2,40.124,26740,19528492.0,66.559191,2512427.8,391.283677,IT=20;20 ,ii
26271,UP 2,44.497,31576,19320382.0,66.563433,2430237.5,391.2836131,IT=22;22 ,ii
26272,UP 2,39.502,28440,19425736.0,66.567351,2538714.5,391.2836032,IT=20;20 ,ii
26273,UP 2,39.812,26256,19034146.0,66.571524,2406743.5,391.2836614,IT=20;20 ,ii
26274,UP 2,41.835,29924,19440912.0,66.575728,2465647.2,391.2835736,IT=21;21 ,ii
26275,UP 2,40.707,29536,18925712.0,66.579884,2420569.8,391.28373,IT=20;20 ,ii
26276,UP 2,42.443,29104,18797028.0,66.583912,2387654.0,391.2837247,IT=21;21 ,ii
26277,UP 2,41.740,28108,18429896.0,66.588078,2332910.5,391.2837355,IT=21;21 ,ii
26278,UP 2,42.200,28644,18808838.0,66.592407,2454722.0,391.2837058,IT=21;21 ,ii
26279,UP 2,40.955,27492,19001426.0,66.596561,2381021.8,371.1008111,IT=20;20 ,ii
26280,UP 2,42.921,29556,19341744.0,66.600768,2451636.2,391.2837036,IT=21;21 ,ii
26281,UP 2,46.292,32232,18908702.0,66.604824,2354207.5,391.2836658,IT=23;23 ,ii
26282,UP 2,42.395,27412,19204474.0,66.608934,2510666.8,391.2836678,IT=21;21 ,ii
26283,UP 2,42.609,29276,19037010.0,66.613122,2406667.5,391.2836856,IT=21;21 ,ii
26284,UP 2,41.985,30592,19471808.0,66.617297,2444142.8,391.283751,IT=21;21 ,ii
26285,UP 2,39.790,30832,19712398.0,66.621272,2588565.2,391.2836787,IT=20;20 ,ii
26286,UP 2,40.361,28432,19475166.0,66.625465,2507446.0,391.283695,IT=20;20 ,ii
26287,UP 2,39.246,25608,20111896.0,66.629636,2629112.2,371.1008104,IT=20;20 ,ii
26288,UP 2,40.736,27852,20080010.0,66.633842,2643172.2,391.2835985,IT=20;20 ,ii
26289,UP 2,39.306,26952,19307784.0,66.637996,2493742.8,391.283695,IT=20;20 ,ii
26290,UP 2,42.855,29472,18698118.0,66.642065,2415627.2,391.2837609,IT=21;21 ,ii
26291,UP 2,41.271,28416,19083420.0,66.646217,2499242.0,391.2837301,IT=21;21 ,ii
26292,UP 2,40.731,27152,18969880.0,66.650392,2471219.0,391.2837557,IT=20;20 ,ii
26293,UP 2,41.657,30436,18974934.0,66.654592,2426187.8,391.2838451,IT=21;21 ,ii
26294,UP 2,42.813,28988,18873988.0,66.658619,2339413.0,391.2836888,IT=21;21 ,ii
26295,UP 2,41.803,28384,18975500.0,66.662786,2457430.2,391.2837136,IT=21;21 ,ii
26296,UP 2,40.956,26228,18379374.0,66.666957,2387362.2,391.2836574,IT=20;20 ,ii
26297,UP 2,42.500,29660,19397434.0,66.671171,2460350.2,391.2836257,IT=21;21 ,ii
26298,UP 2,41.800,27504,18890496.0,66.675492,2406637.2,391.283634,IT=21;21 ,ii
26299,UP 2,40.975,28904,18935036.0,66.679663,2452380.5,391.2836396,IT=20;20 ,ii
26300,UP 2,43.978,29812,18957224.0,66.68389,2348090.8,391.2835702,IT=22;22 ,ii
26301,UP 2,40.927,28528,19694652.0,66.688017,2493937.0,391.283545,IT=20;20 ,ii
26302,UP 2,40.847,28420,19192914.0,66.692192,2465196.0,391.2836279,IT=20;20 ,ii
26303,UP 2,41.427,28628,19610320.0,66.696378,2539698.2,391.2834828,IT=21;21 ,ii
26304,UP 2,42.310,30008,19476614.0,66.700567,2473199.0,391.2835792,IT=21;21 ,ii
26305,UP 2,40.916,27480,18871388.0,66.704723,2432433.5,391.2835894,IT=20;20 ,ii
26306,UP 2,41.810,29604,18942186.0,66.708909,2397775.8,391.283675,IT=21;21 ,ii
26307,UP 2,41.292,27720,19513102.0,66.713073,2525726.8,391.2836014,IT=21;21 ,ii
26308,UP 2,42.798,29344,19441912.0,66.717096,2451029.8,371.1007204,IT=21;21 ,ii
26309,UP 2,41.517,28080,19167320.0,66.721248,2505439.8,391.2835124,IT=21;21 ,ii
26310,UP 2,40.814,28528,19270886.0,66.725413,2382056.8,391.2836226,IT=20;20 ,ii
26311,UP 2,41.707,28120,19863440.0,66.7296,2598094.5,391.2835273,IT=21;21 ,ii
26312,UP 2,41.737,27216,18704888.0,66.733775,2355200.0,391.2836881,IT=21;21 ,ii
26313,UP 2,40.651,28036,19530078.0,66.737754,2599627.5,391.2836067,IT=20;20 ,ii
26314,UP 2,40.571,28960,19134104.0,66.741927,2416817.2,391.2836347,IT=20;20 ,ii
26315,UP 2,42.993,27304,18214146.0,66.746144,2339309.5,391.2837897,IT=21;21 ,ii
26316,UP 2,41.098,29144,18989564.0,66.750287,2402498.5,371.1007949,IT=21;21 ,ii
26317,UP 2,39.621,26708,19073254.0,66.754265,2493641.0,391.2837112,IT=20;20 ,ii
26318,UP 2,41.999,26832,19357380.0,66.758577,2532889.2,371.1008475,IT=21;21 ,ii
26319,UP 2,40.821,28596,19278030.0,66.762737,2409592.2,391.2835831,IT=20;20 ,ii
26320,UP 2,39.166,28564,19710934.0,66.766875,2516398.2,371.1007509,IT=20;20 ,ii
26321,UP 2,39.742,28760,19091782.0,66.77105,2474408.5,391.2837125,IT=20;20 ,ii
26322,UP 2,42.686,28840,18792206.0,66.77509,2330317.0,371.100759,IT=21;21 ,ii
26323,UP 2,44.298,29012,18731698.0,66.779296,2383045.8,391.2835493,IT=22;22 ,ii
26324,UP 2,39.400,27040,19649792.0,66.783404,2542577.0,371.1006797,IT=20;20 ,ii
26325,UP 2,41.867,27512,19359950.0,66.787631,2530602.8,391.2835035,IT=21;21 ,ii
26326,UP 2,43.187,27828,18974592.0,66.791667,2368859.5,371.1007032,IT=22;22 ,ii
26327,UP 2,39.607,25756,19433572.0,66.795802,2543713.2,391.2835179,IT=20;20 ,ii
26328,UP 2,39.577,27824,19117140.0,66.799991,2418041.5,391.2836102,IT=20;20 ,ii
26329,UP 2,44.431,28048,19131092.0,66.804262,2403285.0,391.2835184,IT=22;22 ,ii
26330,UP 2,42.229,29820,19918064.0,66.808412,2545875.0,391.28355,IT=21;21 ,ii
26331,UP 2,42.300,27796,19668248.0,66.812429,2610498.5,391.2836075,IT=21;21 ,ii
26332,UP 2,42.955,28516,19041002.0,66.816618,2418283.2,391.2836423,IT=21;21 ,ii
26333,UP 2,41.417,28228,19469864.0,66.820783,2530963.5,391.2836698,IT=21;21 ,ii
26334,UP 2,40.869,29136,19229708.0,66.824964,2467839.8,391.2836727,IT=20;20 ,ii
26335,UP 2,41.263,28428,19884102.0,66.828989,2552420.0,391.2834966,IT=21;21 ,ii
26336,UP 2,40.696,26816,18785742.0,66.83317,2489828.2,391.2836473,IT=20;20 ,ii
26337,UP 2,42.150,29048,20078176.0,66.837383,2572721.2,391.2835359,IT=21;21 ,ii
26338,UP 2,40.629,28228,19575612.0,66.841691,2563217.8,391.2835715,IT=20;20 ,ii
26339,UP 2,41.099,29092,18833664.0,66.845891,2373773.5,391.2836473,IT=21;21 ,ii
26340,UP 2,43.720,29436,18762696.0,66.849939,2311267.8,391.2836246,IT=22;22 ,ii
26341,UP 2,42.245,27320,19278654.0,66.854093,2513920.8,371.1007351,IT=21;21 ,ii
26342,UP 2,43.764,29000,19028638.0,66.858295,2464759.5,391.2835711,IT=22;22 ,ii
26343,UP 2,41.469,35848,20124314.0,66.862435,2363335.0,391.2836752,IT=21;21 ,ii
26344,UP 2,42.433,28216,18969126.0,66.866626,2396110.8,391.2835907,IT=21;21 ,ii
26345,UP 2,41.643,27360,19982658.0,66.870787,2584679.2,391.2836444,IT=21;21 ,ii
26346,UP 2,39.656,29504,20286752.0,66.874928,2644631.8,391.283565,IT=20;20 ,ii
26347,UP 2,39.943,28224,19800162.0,66.879105,2546910.5,391.2835888,IT=20;20 ,ii
26348,UP 2,40.447,28528,19822398.0,66.883285,2511582.8,391.2835673,IT=20;20 ,ii
26349,UP 2,39.740,28768,19536050.0,66.887272,2552699.5,391.283731,IT=20;20 ,ii
26350,UP 2,42.401,29812,19516464.0,66.891484,2516468.8,391.283646,IT=21;21 ,ii
26351,UP 2,42.612,28200,19197572.0,66.895666,2459016.2,391.2836904,IT=21;21 ,ii
26352,UP 2,40.267,27144,19275140.0,66.899801,2426896.2,391.2836381,IT=20;20 ,ii
26353,UP 2,38.351,25436,19437832.0,66.903772,2609107.5,391.2837409,IT=19;19 ,ii
26354,UP 2,41.551,27800,19079504.0,66.907991,2387371.8,391.2837046,IT=21;21 ,ii
26355,UP 2,45.487,29504,19604216.0,66.912234,2471885.5,391.2837074,IT=23;23 ,ii
26356,UP 2,38.854,28028,19732010.0,66.916299,2527089.0,391.2837633,IT=19;19 ,ii
26357,UP 2,40.391,26608,18793486.0,66.920493,2515625.2,391.2837787,IT=20;20 ,ii
26358,UP 2,42.672,26756,19123504.0,66.924832,2517429.8,391.2835726,IT=21;21 ,ii
26359,UP 2,41.153,27636,20190182.0,66.928984,2683655.2,391.2834989,IT=21;21 ,ii
26360,UP 2,39.455,25944,18737198.0,66.933132,2420098.0,391.283676,IT=20;20 ,ii
26361,UP 2,39.182,25104,18897664.0,66.937297,2536431.5,391.283672,IT=20;20 ,ii
26362,UP 2,41.773,30420,19238208.0,66.941332,2446365.8,391.2835388,IT=21;21 ,ii
26363,UP 2,41.153,28744,19707846.0,66.945497,2551625.0,391.2836207,IT=21;21 ,ii
26364,UP 2,43.125,28836,19210094.0,66.949705,2436540.0,391.2836266,IT=22;22 ,ii
26365,UP 2,41.618,29576,18989672.0,66.953853,2349096.0,371.1008529,IT=21;21 ,ii
26366,UP 2,40.364,28376,19508464.0,66.958005,2453730.2,391.2837347,IT=20;20 ,ii
26367,UP 2,40.908,29020,19415750.0,66.962009,2527153.8,371.1007694,IT=20;20 ,ii
26368,UP 2,41.255,29480,19384364.0,66.96619,2465868.0,391.2836606,IT=21;21 ,ii
26369,UP 2,41.565,27208,19023554.0,66.970382,2443418.5,391.2836427,IT=21;21 ,ii
26370,UP 2,41.123,30516,18426726.0,66.974559,2250623.2,391.2837424,IT=21;21 ,ii
26371,UP 2,43.880,28364,19158372.0,66.978617,2452574.0,391.2836333,IT=22;22 ,ii
26372,UP 2,41.327,27768,18834068.0,66.982765,2434701.5,391.2837293,IT=21;21 ,ii
26373,UP 2,41.753,26624,18844322.0,66.986942,2437409.0,391.2836496,IT=21;21 ,ii
26374,UP 2,40.329,26244,18865594.0,66.991098,2425033.0,391.2837389,IT=20;20 ,ii
26375,UP 2,40.089,28788,19203572.0,66.995278,2396763.0,391.2836387,IT=20;20 ,ii
26376,UP 2,42.481,28724,19030172.0,66.999313,2495816.2,391.2836721,IT=21;21 ,ii
